source_code,gana,citation_slp1,source_gloss_slp1,source_gloss_devanagari,source_line,status,assignment_count,units_slp1,reason,remaining_meaning_gap,interpretation_review_id,eligibility_note,review_evidence,provisional_word_id,identity_review,candidate_local_codes,source_url,source_sha256,identity_batch_review_id
01.0001,1,BU,sattAyAm,सत्तायाम्,2,single_gloss,1,sattAyAm,One source gloss; no attempt to invent finer senses within it.,,,,[],01.0001,retain_distinct_meanings,01.0001,https://raw.githubusercontent.com/ambuda-org/vidyut/f3ba4167d40eebc4b3023d24e66867aa6a8cdb32/vidyut-prakriya/data/dhatupatha.tsv,bb2013ead0ea536dc7f887164c385c703cb0014ccf6e5af35b87e6d3049ba380,IR01
01.0002,1,eDa~\,vfdDO,वृद्धौ,3,single_gloss,1,vfdDO,One source gloss; no attempt to invent finer senses within it.,,,,[],01.0002,not_flagged_by_exact_citation_check,01.0002,https://raw.githubusercontent.com/ambuda-org/vidyut/f3ba4167d40eebc4b3023d24e66867aa6a8cdb32/vidyut-prakriya/data/dhatupatha.tsv,bb2013ead0ea536dc7f887164c385c703cb0014ccf6e5af35b87e6d3049ba380,
01.0003,1,sparDa~\,saNGarze,सङ्घर्षे,4,single_gloss,1,saNGarze,One source gloss; no attempt to invent finer senses within it.,,,,[],01.0003,not_flagged_by_exact_citation_check,01.0003,https://raw.githubusercontent.com/ambuda-org/vidyut/f3ba4167d40eebc4b3023d24e66867aa6a8cdb32/vidyut-prakriya/data/dhatupatha.tsv,bb2013ead0ea536dc7f887164c385c703cb0014ccf6e5af35b87e6d3049ba380,
01.0004,1,gADf~\,pratizWAlipsayorgranTe ca,प्रतिष्ठालिप्सयोर्ग्रन्थे च,5,enumerated_glosses,3,pratizWAyAm; lipsAyAm; granTe,Explicit analyst segmentation; retain the original compound for review.,,,,[],01.0004,not_flagged_by_exact_citation_check,01.0004,https://raw.githubusercontent.com/ambuda-org/vidyut/f3ba4167d40eebc4b3023d24e66867aa6a8cdb32/vidyut-prakriya/data/dhatupatha.tsv,bb2013ead0ea536dc7f887164c385c703cb0014ccf6e5af35b87e6d3049ba380,
01.0005,1,bADf~\,"loqane, rowane","लोडने, रोटने",6,enumerated_glosses,2,loqane; rowane,Visible enumeration; semantic overlap still belongs to lexical review.,,,,[],01.0005,not_flagged_by_exact_citation_check,01.0005,https://raw.githubusercontent.com/ambuda-org/vidyut/f3ba4167d40eebc4b3023d24e66867aa6a8cdb32/vidyut-prakriya/data/dhatupatha.tsv,bb2013ead0ea536dc7f887164c385c703cb0014ccf6e5af35b87e6d3049ba380,
01.0006,1,nADf~\,yAcYopatApESvaryASIzzu,याच्ञोपतापैश्वर्याशीष्षु,7,enumerated_glosses,4,yAcYAyAm; upatApe; ESvarye; ASizi,"Four meanings: requesting, affliction, lordship, and blessing. The commentary treats both citations together. Do not split the word for blessing further.",,MR01,The commentary distinguishes pada use according to meaning; preserve that condition for generation.,"[{""filename"": ""dhatu-mA6.html"", ""url"": ""https://sanskrit.uohyd.ac.in/scl/dhaatupaatha/files/mA6.html"", ""accessed_utc"": ""2026-09-12T14:06:56.050778+00:00"", ""sha256"": ""85ba870a0ebd4a93ffba1d4e895518d3a39d28317d5a3b392620a3f36400cbf7"", ""bytes"": 19466}]",01.0006,not_flagged_by_exact_citation_check,01.0006,https://raw.githubusercontent.com/ambuda-org/vidyut/f3ba4167d40eebc4b3023d24e66867aa6a8cdb32/vidyut-prakriya/data/dhatupatha.tsv,bb2013ead0ea536dc7f887164c385c703cb0014ccf6e5af35b87e6d3049ba380,
01.0007,1,nATf~\,yAcYopatApESvaryASIzzu,याच्ञोपतापैश्वर्याशीष्षु,8,enumerated_glosses,4,yAcYAyAm; upatApe; ESvarye; ASizi,"Four meanings: requesting, affliction, lordship, and blessing. The commentary treats both citations together. Do not split the word for blessing further.",,MR01,The commentary distinguishes pada use according to meaning; preserve that condition for generation.,"[{""filename"": ""dhatu-mA6.html"", ""url"": ""https://sanskrit.uohyd.ac.in/scl/dhaatupaatha/files/mA6.html"", ""accessed_utc"": ""2026-09-12T14:06:56.050778+00:00"", ""sha256"": ""85ba870a0ebd4a93ffba1d4e895518d3a39d28317d5a3b392620a3f36400cbf7"", ""bytes"": 19466}]",01.0007,not_flagged_by_exact_citation_check,01.0007,https://raw.githubusercontent.com/ambuda-org/vidyut/f3ba4167d40eebc4b3023d24e66867aa6a8cdb32/vidyut-prakriya/data/dhatupatha.tsv,bb2013ead0ea536dc7f887164c385c703cb0014ccf6e5af35b87e6d3049ba380,
01.0008,1,daDa~\,DAraRe,धारणे,9,single_gloss,1,DAraRe,One source gloss; no attempt to invent finer senses within it.,,,,[],01.0008,not_flagged_by_exact_citation_check,01.0008,https://raw.githubusercontent.com/ambuda-org/vidyut/f3ba4167d40eebc4b3023d24e66867aa6a8cdb32/vidyut-prakriya/data/dhatupatha.tsv,bb2013ead0ea536dc7f887164c385c703cb0014ccf6e5af35b87e6d3049ba380,
01.0009,1,skudi~\,ApravaRe,आप्रवणे,10,single_gloss,1,ApravaRe,One source gloss; no attempt to invent finer senses within it.,,,,[],01.0009,not_flagged_by_exact_citation_check,01.0009,https://raw.githubusercontent.com/ambuda-org/vidyut/f3ba4167d40eebc4b3023d24e66867aa6a8cdb32/vidyut-prakriya/data/dhatupatha.tsv,bb2013ead0ea536dc7f887164c385c703cb0014ccf6e5af35b87e6d3049ba380,
01.0010,1,Svidi~\,SvEtye,श्वैत्ये,11,single_gloss,1,SvEtye,One source gloss; no attempt to invent finer senses within it.,,,,[],01.0010,not_flagged_by_exact_citation_check,01.0010,https://raw.githubusercontent.com/ambuda-org/vidyut/f3ba4167d40eebc4b3023d24e66867aa6a8cdb32/vidyut-prakriya/data/dhatupatha.tsv,bb2013ead0ea536dc7f887164c385c703cb0014ccf6e5af35b87e6d3049ba380,
01.0011,1,vadi~\,aBivAdanastutyoH,अभिवादनस्तुत्योः,12,enumerated_glosses,2,aBivAdane; stutO,Explicit analyst segmentation; retain the original compound for review.,,,,[],01.0011,not_flagged_by_exact_citation_check,01.0011,https://raw.githubusercontent.com/ambuda-org/vidyut/f3ba4167d40eebc4b3023d24e66867aa6a8cdb32/vidyut-prakriya/data/dhatupatha.tsv,bb2013ead0ea536dc7f887164c385c703cb0014ccf6e5af35b87e6d3049ba380,
01.0012,1,Badi~\,kalyARe suKe ca,कल्याणे सुखे च,13,enumerated_glosses,2,kalyARe; suKe,Visible enumeration; semantic overlap still belongs to lexical review.,,,,[],01.0012,not_flagged_by_exact_citation_check,01.0012,https://raw.githubusercontent.com/ambuda-org/vidyut/f3ba4167d40eebc4b3023d24e66867aa6a8cdb32/vidyut-prakriya/data/dhatupatha.tsv,bb2013ead0ea536dc7f887164c385c703cb0014ccf6e5af35b87e6d3049ba380,
01.0013,1,madi~\,stutimodamadasvapnakAntigatizu,स्तुतिमोदमदस्वप्नकान्तिगतिषु,14,enumerated_glosses,6,stutO; mode; made; svapne; kAntO; gatO,Explicit analyst segmentation; retain the original compound for review.,,,,[],01.0013,not_flagged_by_exact_citation_check,01.0013,https://raw.githubusercontent.com/ambuda-org/vidyut/f3ba4167d40eebc4b3023d24e66867aa6a8cdb32/vidyut-prakriya/data/dhatupatha.tsv,bb2013ead0ea536dc7f887164c385c703cb0014ccf6e5af35b87e6d3049ba380,
01.0014,1,spadi~\,kiYciccalane,किञ्चिच्चलने,15,single_gloss,1,kiYciccalane,One source gloss; no attempt to invent finer senses within it.,,,,[],01.0014,not_flagged_by_exact_citation_check,01.0014,https://raw.githubusercontent.com/ambuda-org/vidyut/f3ba4167d40eebc4b3023d24e66867aa6a8cdb32/vidyut-prakriya/data/dhatupatha.tsv,bb2013ead0ea536dc7f887164c385c703cb0014ccf6e5af35b87e6d3049ba380,
01.0015,1,klidi~\,paridevane,परिदेवने,16,single_gloss,1,paridevane,One source gloss; no attempt to invent finer senses within it.,,,,[],01.0015,not_flagged_by_exact_citation_check,01.0015,https://raw.githubusercontent.com/ambuda-org/vidyut/f3ba4167d40eebc4b3023d24e66867aa6a8cdb32/vidyut-prakriya/data/dhatupatha.tsv,bb2013ead0ea536dc7f887164c385c703cb0014ccf6e5af35b87e6d3049ba380,
01.0016,1,muda~\,harze,हर्षे,17,single_gloss,1,harze,One source gloss; no attempt to invent finer senses within it.,,,,[],01.0016,not_flagged_by_exact_citation_check,01.0016,https://raw.githubusercontent.com/ambuda-org/vidyut/f3ba4167d40eebc4b3023d24e66867aa6a8cdb32/vidyut-prakriya/data/dhatupatha.tsv,bb2013ead0ea536dc7f887164c385c703cb0014ccf6e5af35b87e6d3049ba380,
01.0017,1,dada~\,dAne,दाने,18,single_gloss,1,dAne,One source gloss; no attempt to invent finer senses within it.,,,,[],01.0017,not_flagged_by_exact_citation_check,01.0017,https://raw.githubusercontent.com/ambuda-org/vidyut/f3ba4167d40eebc4b3023d24e66867aa6a8cdb32/vidyut-prakriya/data/dhatupatha.tsv,bb2013ead0ea536dc7f887164c385c703cb0014ccf6e5af35b87e6d3049ba380,
01.0018,1,zvada~\,AsvAdane,आस्वादने,19,single_gloss,1,AsvAdane,One source gloss; no attempt to invent finer senses within it.,,,,[],01.0018,not_flagged_by_exact_citation_check,01.0018,https://raw.githubusercontent.com/ambuda-org/vidyut/f3ba4167d40eebc4b3023d24e66867aa6a8cdb32/vidyut-prakriya/data/dhatupatha.tsv,bb2013ead0ea536dc7f887164c385c703cb0014ccf6e5af35b87e6d3049ba380,
01.0019,1,svarda~\,AsvAdane,आस्वादने,20,single_gloss,1,AsvAdane,One source gloss; no attempt to invent finer senses within it.,,,,[],01.0019,not_flagged_by_exact_citation_check,01.0019,https://raw.githubusercontent.com/ambuda-org/vidyut/f3ba4167d40eebc4b3023d24e66867aa6a8cdb32/vidyut-prakriya/data/dhatupatha.tsv,bb2013ead0ea536dc7f887164c385c703cb0014ccf6e5af35b87e6d3049ba380,
01.0020,1,urda~\,mAne krIqAyAM AsvAdane ca,माने क्रीडायां आस्वादने च,21,enumerated_glosses,3,mAne; krIqAyAM; AsvAdane,Visible enumeration; semantic overlap still belongs to lexical review.,,,,[],01.0020,not_flagged_by_exact_citation_check,01.0020,https://raw.githubusercontent.com/ambuda-org/vidyut/f3ba4167d40eebc4b3023d24e66867aa6a8cdb32/vidyut-prakriya/data/dhatupatha.tsv,bb2013ead0ea536dc7f887164c385c703cb0014ccf6e5af35b87e6d3049ba380,
01.0021,1,kurda~\,krIqAyAm eva,क्रीडायाम् एव,22,single_gloss,1,krIqAyAm eva,"A qualified phrase, not one meaning per word.",,,,[],01.0021,not_flagged_by_exact_citation_check,,https://raw.githubusercontent.com/ambuda-org/vidyut/f3ba4167d40eebc4b3023d24e66867aa6a8cdb32/vidyut-prakriya/data/dhatupatha.tsv,bb2013ead0ea536dc7f887164c385c703cb0014ccf6e5af35b87e6d3049ba380,
01.0022,1,Kurda~\,krIqAyAm eva,क्रीडायाम् एव,23,single_gloss,1,krIqAyAm eva,"A qualified phrase, not one meaning per word.",,,,[],01.0022,not_flagged_by_exact_citation_check,,https://raw.githubusercontent.com/ambuda-org/vidyut/f3ba4167d40eebc4b3023d24e66867aa6a8cdb32/vidyut-prakriya/data/dhatupatha.tsv,bb2013ead0ea536dc7f887164c385c703cb0014ccf6e5af35b87e6d3049ba380,
01.0023,1,gurda~\,krIqAyAm eva,क्रीडायाम् एव,24,single_gloss,1,krIqAyAm eva,"A qualified phrase, not one meaning per word.",,,,[],01.0023,not_flagged_by_exact_citation_check,,https://raw.githubusercontent.com/ambuda-org/vidyut/f3ba4167d40eebc4b3023d24e66867aa6a8cdb32/vidyut-prakriya/data/dhatupatha.tsv,bb2013ead0ea536dc7f887164c385c703cb0014ccf6e5af35b87e6d3049ba380,
01.0024,1,guda~\,krIqAyAm eva,क्रीडायाम् एव,25,single_gloss,1,krIqAyAm eva,"A qualified phrase, not one meaning per word.",,,,[],01.0024,not_flagged_by_exact_citation_check,01.0024,https://raw.githubusercontent.com/ambuda-org/vidyut/f3ba4167d40eebc4b3023d24e66867aa6a8cdb32/vidyut-prakriya/data/dhatupatha.tsv,bb2013ead0ea536dc7f887164c385c703cb0014ccf6e5af35b87e6d3049ba380,
01.0025,1,zUda~\,kzaraRe,क्षरणे,26,single_gloss,1,kzaraRe,One source gloss; no attempt to invent finer senses within it.,,,,[],01.0025,not_flagged_by_exact_citation_check,01.0025,https://raw.githubusercontent.com/ambuda-org/vidyut/f3ba4167d40eebc4b3023d24e66867aa6a8cdb32/vidyut-prakriya/data/dhatupatha.tsv,bb2013ead0ea536dc7f887164c385c703cb0014ccf6e5af35b87e6d3049ba380,
01.0026,1,hrAda~\,avyakte Sabde,अव्यक्ते शब्दे,27,single_gloss,1,avyakte Sabde,"A qualified phrase, not one meaning per word.",,,,[],01.0026,not_flagged_by_exact_citation_check,01.0026,https://raw.githubusercontent.com/ambuda-org/vidyut/f3ba4167d40eebc4b3023d24e66867aa6a8cdb32/vidyut-prakriya/data/dhatupatha.tsv,bb2013ead0ea536dc7f887164c385c703cb0014ccf6e5af35b87e6d3049ba380,
01.0027,1,hlAdI~\,avyakte Sabde suKe ca,अव्यक्ते शब्दे सुखे च,28,enumerated_glosses,2,avyakte Sabde; suKe,Visible enumeration; semantic overlap still belongs to lexical review.,,,,[],01.0027,not_flagged_by_exact_citation_check,01.0027,https://raw.githubusercontent.com/ambuda-org/vidyut/f3ba4167d40eebc4b3023d24e66867aa6a8cdb32/vidyut-prakriya/data/dhatupatha.tsv,bb2013ead0ea536dc7f887164c385c703cb0014ccf6e5af35b87e6d3049ba380,
01.0028,1,svAda~\,AsvAdane,आस्वादने,29,single_gloss,1,AsvAdane,One source gloss; no attempt to invent finer senses within it.,,,,[],01.0028,not_flagged_by_exact_citation_check,01.0028,https://raw.githubusercontent.com/ambuda-org/vidyut/f3ba4167d40eebc4b3023d24e66867aa6a8cdb32/vidyut-prakriya/data/dhatupatha.tsv,bb2013ead0ea536dc7f887164c385c703cb0014ccf6e5af35b87e6d3049ba380,
01.0029,1,parda~\,kutsite Sabde,कुत्सिते शब्दे,30,single_gloss,1,kutsite Sabde,"A qualified phrase, not one meaning per word.",,,,[],01.0029,not_flagged_by_exact_citation_check,01.0029,https://raw.githubusercontent.com/ambuda-org/vidyut/f3ba4167d40eebc4b3023d24e66867aa6a8cdb32/vidyut-prakriya/data/dhatupatha.tsv,bb2013ead0ea536dc7f887164c385c703cb0014ccf6e5af35b87e6d3049ba380,
01.0030,1,yatI~\,prayatne,प्रयत्ने,31,single_gloss,1,prayatne,One source gloss; no attempt to invent finer senses within it.,,,,[],01.0030,not_flagged_by_exact_citation_check,01.0030,https://raw.githubusercontent.com/ambuda-org/vidyut/f3ba4167d40eebc4b3023d24e66867aa6a8cdb32/vidyut-prakriya/data/dhatupatha.tsv,bb2013ead0ea536dc7f887164c385c703cb0014ccf6e5af35b87e6d3049ba380,
01.0031,1,yutf~\,BAsane,भासने,32,single_gloss,1,BAsane,One source gloss; no attempt to invent finer senses within it.,,,,[],01.0031,not_flagged_by_exact_citation_check,01.0031,https://raw.githubusercontent.com/ambuda-org/vidyut/f3ba4167d40eebc4b3023d24e66867aa6a8cdb32/vidyut-prakriya/data/dhatupatha.tsv,bb2013ead0ea536dc7f887164c385c703cb0014ccf6e5af35b87e6d3049ba380,
01.0032,1,jutf~\,BAsane,भासने,33,single_gloss,1,BAsane,One source gloss; no attempt to invent finer senses within it.,,,,[],01.0032,not_flagged_by_exact_citation_check,01.0032,https://raw.githubusercontent.com/ambuda-org/vidyut/f3ba4167d40eebc4b3023d24e66867aa6a8cdb32/vidyut-prakriya/data/dhatupatha.tsv,bb2013ead0ea536dc7f887164c385c703cb0014ccf6e5af35b87e6d3049ba380,
01.0033,1,viTf~\,yAcane,याचने,34,single_gloss,1,yAcane,One source gloss; no attempt to invent finer senses within it.,,,,[],01.0033,not_flagged_by_exact_citation_check,01.0033,https://raw.githubusercontent.com/ambuda-org/vidyut/f3ba4167d40eebc4b3023d24e66867aa6a8cdb32/vidyut-prakriya/data/dhatupatha.tsv,bb2013ead0ea536dc7f887164c385c703cb0014ccf6e5af35b87e6d3049ba380,
01.0034,1,veTf~\,yAcane,याचने,35,single_gloss,1,yAcane,One source gloss; no attempt to invent finer senses within it.,,,,[],01.0034,not_flagged_by_exact_citation_check,01.0034,https://raw.githubusercontent.com/ambuda-org/vidyut/f3ba4167d40eebc4b3023d24e66867aa6a8cdb32/vidyut-prakriya/data/dhatupatha.tsv,bb2013ead0ea536dc7f887164c385c703cb0014ccf6e5af35b87e6d3049ba380,
01.0035,1,SraTi~\,SETilye,शैथिल्ये,36,single_gloss,1,SETilye,One source gloss; no attempt to invent finer senses within it.,,,,[],01.0035,not_flagged_by_exact_citation_check,01.0035,https://raw.githubusercontent.com/ambuda-org/vidyut/f3ba4167d40eebc4b3023d24e66867aa6a8cdb32/vidyut-prakriya/data/dhatupatha.tsv,bb2013ead0ea536dc7f887164c385c703cb0014ccf6e5af35b87e6d3049ba380,
01.0036,1,graTi~\,kOwilye,कौटिल्ये,37,single_gloss,1,kOwilye,One source gloss; no attempt to invent finer senses within it.,,,,[],01.0036,not_flagged_by_exact_citation_check,01.0036,https://raw.githubusercontent.com/ambuda-org/vidyut/f3ba4167d40eebc4b3023d24e66867aa6a8cdb32/vidyut-prakriya/data/dhatupatha.tsv,bb2013ead0ea536dc7f887164c385c703cb0014ccf6e5af35b87e6d3049ba380,
01.0037,1,katTa~\,SlAGAyAm,श्लाघायाम्,38,single_gloss,1,SlAGAyAm,One source gloss; no attempt to invent finer senses within it.,,,,[],01.0037,not_flagged_by_exact_citation_check,01.0037,https://raw.githubusercontent.com/ambuda-org/vidyut/f3ba4167d40eebc4b3023d24e66867aa6a8cdb32/vidyut-prakriya/data/dhatupatha.tsv,bb2013ead0ea536dc7f887164c385c703cb0014ccf6e5af35b87e6d3049ba380,
01.0038,1,ata~,sAtatyagamane,सातत्यगमने,39,single_gloss,1,sAtatyagamane,One source gloss; no attempt to invent finer senses within it.,,,,[],01.0038,not_flagged_by_exact_citation_check,01.0038,https://raw.githubusercontent.com/ambuda-org/vidyut/f3ba4167d40eebc4b3023d24e66867aa6a8cdb32/vidyut-prakriya/data/dhatupatha.tsv,bb2013ead0ea536dc7f887164c385c703cb0014ccf6e5af35b87e6d3049ba380,
01.0039,1,citI~,saMjYAne,संज्ञाने,40,single_gloss,1,saMjYAne,One source gloss; no attempt to invent finer senses within it.,,,,[],01.0039,not_flagged_by_exact_citation_check,01.0039,https://raw.githubusercontent.com/ambuda-org/vidyut/f3ba4167d40eebc4b3023d24e66867aa6a8cdb32/vidyut-prakriya/data/dhatupatha.tsv,bb2013ead0ea536dc7f887164c385c703cb0014ccf6e5af35b87e6d3049ba380,
01.0040,1,cyuti~r,Asecane,आसेचने,41,single_gloss,1,Asecane,One source gloss; no attempt to invent finer senses within it.,,,,[],01.0040,not_flagged_by_exact_citation_check,01.0040,https://raw.githubusercontent.com/ambuda-org/vidyut/f3ba4167d40eebc4b3023d24e66867aa6a8cdb32/vidyut-prakriya/data/dhatupatha.tsv,bb2013ead0ea536dc7f887164c385c703cb0014ccf6e5af35b87e6d3049ba380,
01.0041,1,Scuti~r,Asecane,आसेचने,42,single_gloss,1,Asecane,One source gloss; no attempt to invent finer senses within it.,,,,[],01.0041,not_flagged_by_exact_citation_check,01.0041,https://raw.githubusercontent.com/ambuda-org/vidyut/f3ba4167d40eebc4b3023d24e66867aa6a8cdb32/vidyut-prakriya/data/dhatupatha.tsv,bb2013ead0ea536dc7f887164c385c703cb0014ccf6e5af35b87e6d3049ba380,
01.0042,1,Scyuti~r,kzaraRe,क्षरणे,43,single_gloss,1,kzaraRe,One source gloss; no attempt to invent finer senses within it.,,,,[],01.0042,not_flagged_by_exact_citation_check,01.0042,https://raw.githubusercontent.com/ambuda-org/vidyut/f3ba4167d40eebc4b3023d24e66867aa6a8cdb32/vidyut-prakriya/data/dhatupatha.tsv,bb2013ead0ea536dc7f887164c385c703cb0014ccf6e5af35b87e6d3049ba380,
01.0043,1,jyutf~,BAsane,भासने,44,single_gloss,1,BAsane,One source gloss; no attempt to invent finer senses within it.,,,,[],01.0043,not_flagged_by_exact_citation_check,,https://raw.githubusercontent.com/ambuda-org/vidyut/f3ba4167d40eebc4b3023d24e66867aa6a8cdb32/vidyut-prakriya/data/dhatupatha.tsv,bb2013ead0ea536dc7f887164c385c703cb0014ccf6e5af35b87e6d3049ba380,
01.0044,1,maTi~,hiMsAsaNkleSanayoH,हिंसासङ्क्लेशनयोः,45,enumerated_glosses,2,hiMsAyAm; saNkleSane,Explicit analyst segmentation; retain the original compound for review.,,,,[],01.0044,not_flagged_by_exact_citation_check,01.0048,https://raw.githubusercontent.com/ambuda-org/vidyut/f3ba4167d40eebc4b3023d24e66867aa6a8cdb32/vidyut-prakriya/data/dhatupatha.tsv,bb2013ead0ea536dc7f887164c385c703cb0014ccf6e5af35b87e6d3049ba380,
01.0045,1,kuTi~,hiMsAsaNkleSanayoH,हिंसासङ्क्लेशनयोः,46,enumerated_glosses,2,hiMsAyAm; saNkleSane,Explicit analyst segmentation; retain the original compound for review.,,,,[],01.0045,not_flagged_by_exact_citation_check,01.0045,https://raw.githubusercontent.com/ambuda-org/vidyut/f3ba4167d40eebc4b3023d24e66867aa6a8cdb32/vidyut-prakriya/data/dhatupatha.tsv,bb2013ead0ea536dc7f887164c385c703cb0014ccf6e5af35b87e6d3049ba380,
01.0046,1,puTi~,hiMsAsaNkleSanayoH,हिंसासङ्क्लेशनयोः,47,enumerated_glosses,2,hiMsAyAm; saNkleSane,Explicit analyst segmentation; retain the original compound for review.,,,,[],01.0046,not_flagged_by_exact_citation_check,01.0046,https://raw.githubusercontent.com/ambuda-org/vidyut/f3ba4167d40eebc4b3023d24e66867aa6a8cdb32/vidyut-prakriya/data/dhatupatha.tsv,bb2013ead0ea536dc7f887164c385c703cb0014ccf6e5af35b87e6d3049ba380,
01.0047,1,luTi~,hiMsAsaNkleSanayoH,हिंसासङ्क्लेशनयोः,48,enumerated_glosses,2,hiMsAyAm; saNkleSane,Explicit analyst segmentation; retain the original compound for review.,,,,[],01.0047,not_flagged_by_exact_citation_check,01.0047,https://raw.githubusercontent.com/ambuda-org/vidyut/f3ba4167d40eebc4b3023d24e66867aa6a8cdb32/vidyut-prakriya/data/dhatupatha.tsv,bb2013ead0ea536dc7f887164c385c703cb0014ccf6e5af35b87e6d3049ba380,
01.0048,1,manTa~,viloqane,विलोडने,49,single_gloss,1,viloqane,One source gloss; no attempt to invent finer senses within it.,,,,[],01.0048,merge_shared_meanings,01.0044,https://raw.githubusercontent.com/ambuda-org/vidyut/f3ba4167d40eebc4b3023d24e66867aa6a8cdb32/vidyut-prakriya/data/dhatupatha.tsv,bb2013ead0ea536dc7f887164c385c703cb0014ccf6e5af35b87e6d3049ba380,IR132
01.0049,1,ziDa~,gatyAm,गत्याम्,50,single_gloss,1,gatyAm,One source gloss; no attempt to invent finer senses within it.,,,,[],01.0049,not_flagged_by_exact_citation_check,01.0049,https://raw.githubusercontent.com/ambuda-org/vidyut/f3ba4167d40eebc4b3023d24e66867aa6a8cdb32/vidyut-prakriya/data/dhatupatha.tsv,bb2013ead0ea536dc7f887164c385c703cb0014ccf6e5af35b87e6d3049ba380,
01.0050,1,ziDU~,SAstre (SAsane) mANgalye ca,शास्त्रे (शासने) माङ्गल्ये च,51,enumerated_glosses,2,SAsane; mANgalye,Two descriptions: instruction and auspicious action. Shasana explains shastra here; the parenthesis is not a third sense.,,MR02,,"[{""filename"": ""dhatu-mA37.html"", ""url"": ""https://sanskrit.uohyd.ac.in/scl/dhaatupaatha/files/mA37.html"", ""accessed_utc"": ""2026-09-12T14:06:56.316103+00:00"", ""sha256"": ""d38a4a90eff00c1474e93419275eee8f4030ac9dc50b4ce0603c82e40e42d2e7"", ""bytes"": 7779}]",01.0050,not_flagged_by_exact_citation_check,01.0050,https://raw.githubusercontent.com/ambuda-org/vidyut/f3ba4167d40eebc4b3023d24e66867aa6a8cdb32/vidyut-prakriya/data/dhatupatha.tsv,bb2013ead0ea536dc7f887164c385c703cb0014ccf6e5af35b87e6d3049ba380,
01.0051,1,KAdf~,BakzaRe,भक्षणे,52,single_gloss,1,BakzaRe,One source gloss; no attempt to invent finer senses within it.,,,,[],01.0051,not_flagged_by_exact_citation_check,01.0051,https://raw.githubusercontent.com/ambuda-org/vidyut/f3ba4167d40eebc4b3023d24e66867aa6a8cdb32/vidyut-prakriya/data/dhatupatha.tsv,bb2013ead0ea536dc7f887164c385c703cb0014ccf6e5af35b87e6d3049ba380,
01.0052,1,Kada~,sTErye hiMsAyAM BakzaRe ca,स्थैर्ये हिंसायां भक्षणे च,53,enumerated_glosses,3,sTErye; hiMsAyAM; BakzaRe,Visible enumeration; semantic overlap still belongs to lexical review.,,,,[],01.0052,not_flagged_by_exact_citation_check,01.0052,https://raw.githubusercontent.com/ambuda-org/vidyut/f3ba4167d40eebc4b3023d24e66867aa6a8cdb32/vidyut-prakriya/data/dhatupatha.tsv,bb2013ead0ea536dc7f887164c385c703cb0014ccf6e5af35b87e6d3049ba380,
01.0053,1,bada~,sTErye,स्थैर्ये,54,single_gloss,1,sTErye,One source gloss; no attempt to invent finer senses within it.,,,,[],01.0053,not_flagged_by_exact_citation_check,01.0053,https://raw.githubusercontent.com/ambuda-org/vidyut/f3ba4167d40eebc4b3023d24e66867aa6a8cdb32/vidyut-prakriya/data/dhatupatha.tsv,bb2013ead0ea536dc7f887164c385c703cb0014ccf6e5af35b87e6d3049ba380,
01.0054,1,gada~,vyaktAyAM vAci,व्यक्तायां वाचि,55,single_gloss,1,vyaktAyAM vAci,"A qualified phrase, not one meaning per word.",,,,[],01.0054,not_flagged_by_exact_citation_check,01.0054,https://raw.githubusercontent.com/ambuda-org/vidyut/f3ba4167d40eebc4b3023d24e66867aa6a8cdb32/vidyut-prakriya/data/dhatupatha.tsv,bb2013ead0ea536dc7f887164c385c703cb0014ccf6e5af35b87e6d3049ba380,
01.0055,1,rada~,vileKane,विलेखने,56,single_gloss,1,vileKane,One source gloss; no attempt to invent finer senses within it.,,,,[],01.0055,not_flagged_by_exact_citation_check,01.0055,https://raw.githubusercontent.com/ambuda-org/vidyut/f3ba4167d40eebc4b3023d24e66867aa6a8cdb32/vidyut-prakriya/data/dhatupatha.tsv,bb2013ead0ea536dc7f887164c385c703cb0014ccf6e5af35b87e6d3049ba380,
01.0056,1,Rada~,avyakte Sabde,अव्यक्ते शब्दे,57,single_gloss,1,avyakte Sabde,"A qualified phrase, not one meaning per word.",,,,[],01.0056,retain_distinct_meanings,01.0056,https://raw.githubusercontent.com/ambuda-org/vidyut/f3ba4167d40eebc4b3023d24e66867aa6a8cdb32/vidyut-prakriya/data/dhatupatha.tsv,bb2013ead0ea536dc7f887164c385c703cb0014ccf6e5af35b87e6d3049ba380,IR18
01.0057,1,arda~,gatO yAcane ca,गतौ याचने च,58,enumerated_glosses,2,gatO; yAcane,Visible enumeration; semantic overlap still belongs to lexical review.,,,,[],01.0057,not_flagged_by_exact_citation_check,01.0057,https://raw.githubusercontent.com/ambuda-org/vidyut/f3ba4167d40eebc4b3023d24e66867aa6a8cdb32/vidyut-prakriya/data/dhatupatha.tsv,bb2013ead0ea536dc7f887164c385c703cb0014ccf6e5af35b87e6d3049ba380,
01.0058,1,narda~,Sabde,शब्दे,59,single_gloss,1,Sabde,One source gloss; no attempt to invent finer senses within it.,,,,[],01.0058,not_flagged_by_exact_citation_check,01.0058,https://raw.githubusercontent.com/ambuda-org/vidyut/f3ba4167d40eebc4b3023d24e66867aa6a8cdb32/vidyut-prakriya/data/dhatupatha.tsv,bb2013ead0ea536dc7f887164c385c703cb0014ccf6e5af35b87e6d3049ba380,
01.0059,1,garda~,Sabde,शब्दे,60,single_gloss,1,Sabde,One source gloss; no attempt to invent finer senses within it.,,,,[],01.0059,merge_shared_meanings,01.0059,https://raw.githubusercontent.com/ambuda-org/vidyut/f3ba4167d40eebc4b3023d24e66867aa6a8cdb32/vidyut-prakriya/data/dhatupatha.tsv,bb2013ead0ea536dc7f887164c385c703cb0014ccf6e5af35b87e6d3049ba380,IR69
01.0060,1,tarda~,hiMsAyAm,हिंसायाम्,61,single_gloss,1,hiMsAyAm,One source gloss; no attempt to invent finer senses within it.,,,,[],01.0060,not_flagged_by_exact_citation_check,01.0060,https://raw.githubusercontent.com/ambuda-org/vidyut/f3ba4167d40eebc4b3023d24e66867aa6a8cdb32/vidyut-prakriya/data/dhatupatha.tsv,bb2013ead0ea536dc7f887164c385c703cb0014ccf6e5af35b87e6d3049ba380,
01.0061,1,karda~,kutsite Sabde,कुत्सिते शब्दे,62,single_gloss,1,kutsite Sabde,"A qualified phrase, not one meaning per word.",,,,[],01.0061,not_flagged_by_exact_citation_check,01.0061,https://raw.githubusercontent.com/ambuda-org/vidyut/f3ba4167d40eebc4b3023d24e66867aa6a8cdb32/vidyut-prakriya/data/dhatupatha.tsv,bb2013ead0ea536dc7f887164c385c703cb0014ccf6e5af35b87e6d3049ba380,
01.0062,1,Karda~,dandaSUke (sarpadaMSe),दन्दशूके (सर्पदंशे),63,single_gloss,1,dandaSUka-kriyAyAm,One qualified action associated with a habitual biter. Preserve the qualification; the snake-biting parenthesis is not an additional independent meaning.,,MR03,,"[{""filename"": ""dhatu-mA48.html"", ""url"": ""https://sanskrit.uohyd.ac.in/scl/dhaatupaatha/files/mA48.html"", ""accessed_utc"": ""2026-09-12T14:06:56.573248+00:00"", ""sha256"": ""fb74a163507a04cb3b847bd5f996888e5f06f1f8732fdef5f468886612241806"", ""bytes"": 2111}]",01.0062,not_flagged_by_exact_citation_check,01.0062,https://raw.githubusercontent.com/ambuda-org/vidyut/f3ba4167d40eebc4b3023d24e66867aa6a8cdb32/vidyut-prakriya/data/dhatupatha.tsv,bb2013ead0ea536dc7f887164c385c703cb0014ccf6e5af35b87e6d3049ba380,
01.0063,1,ati~,banDane,बन्धने,64,single_gloss,1,banDane,One source gloss; no attempt to invent finer senses within it.,,,,[],01.0063,not_flagged_by_exact_citation_check,01.0063,https://raw.githubusercontent.com/ambuda-org/vidyut/f3ba4167d40eebc4b3023d24e66867aa6a8cdb32/vidyut-prakriya/data/dhatupatha.tsv,bb2013ead0ea536dc7f887164c385c703cb0014ccf6e5af35b87e6d3049ba380,
01.0064,1,adi~,banDane,बन्धने,65,single_gloss,1,banDane,One source gloss; no attempt to invent finer senses within it.,,,,[],01.0064,not_flagged_by_exact_citation_check,01.0064,https://raw.githubusercontent.com/ambuda-org/vidyut/f3ba4167d40eebc4b3023d24e66867aa6a8cdb32/vidyut-prakriya/data/dhatupatha.tsv,bb2013ead0ea536dc7f887164c385c703cb0014ccf6e5af35b87e6d3049ba380,
01.0065,1,idi~,paramESvarye,परमैश्वर्ये,66,single_gloss,1,paramESvarye,One source gloss; no attempt to invent finer senses within it.,,,,[],01.0065,not_flagged_by_exact_citation_check,01.0065,https://raw.githubusercontent.com/ambuda-org/vidyut/f3ba4167d40eebc4b3023d24e66867aa6a8cdb32/vidyut-prakriya/data/dhatupatha.tsv,bb2013ead0ea536dc7f887164c385c703cb0014ccf6e5af35b87e6d3049ba380,
01.0066,1,bidi~,avayave,अवयवे,67,single_gloss,1,avayave,One source gloss; no attempt to invent finer senses within it.,,,,[],01.0066,not_flagged_by_exact_citation_check,01.0066,https://raw.githubusercontent.com/ambuda-org/vidyut/f3ba4167d40eebc4b3023d24e66867aa6a8cdb32/vidyut-prakriya/data/dhatupatha.tsv,bb2013ead0ea536dc7f887164c385c703cb0014ccf6e5af35b87e6d3049ba380,
01.0067,1,Bidi~,avayave,अवयवे,68,single_gloss,1,avayave,One source gloss; no attempt to invent finer senses within it.,,,,[],01.0067,not_flagged_by_exact_citation_check,01.0067,https://raw.githubusercontent.com/ambuda-org/vidyut/f3ba4167d40eebc4b3023d24e66867aa6a8cdb32/vidyut-prakriya/data/dhatupatha.tsv,bb2013ead0ea536dc7f887164c385c703cb0014ccf6e5af35b87e6d3049ba380,
01.0068,1,gaqi~,vadanEkadeSe,वदनैकदेशे,69,single_gloss,1,vadanEkadeSe,One source gloss; no attempt to invent finer senses within it.,,,,[],01.0068,documented_same_word_and_meaning,01.0068,https://raw.githubusercontent.com/ambuda-org/vidyut/f3ba4167d40eebc4b3023d24e66867aa6a8cdb32/vidyut-prakriya/data/dhatupatha.tsv,bb2013ead0ea536dc7f887164c385c703cb0014ccf6e5af35b87e6d3049ba380,
01.0069,1,Ridi~,kutsAyAm,कुत्सायाम्,70,single_gloss,1,kutsAyAm,One source gloss; no attempt to invent finer senses within it.,,,,[],01.0069,not_flagged_by_exact_citation_check,01.0069,https://raw.githubusercontent.com/ambuda-org/vidyut/f3ba4167d40eebc4b3023d24e66867aa6a8cdb32/vidyut-prakriya/data/dhatupatha.tsv,bb2013ead0ea536dc7f887164c385c703cb0014ccf6e5af35b87e6d3049ba380,
01.0070,1,wunadi~,samfdDO,समृद्धौ,71,single_gloss,1,samfdDO,One source gloss; no attempt to invent finer senses within it.,,,,[],01.0070,not_flagged_by_exact_citation_check,01.0070,https://raw.githubusercontent.com/ambuda-org/vidyut/f3ba4167d40eebc4b3023d24e66867aa6a8cdb32/vidyut-prakriya/data/dhatupatha.tsv,bb2013ead0ea536dc7f887164c385c703cb0014ccf6e5af35b87e6d3049ba380,
01.0071,1,cadi~,AhlAde dIptO ca,आह्लादे दीप्तौ च,72,enumerated_glosses,2,AhlAde; dIptO,Visible enumeration; semantic overlap still belongs to lexical review.,,,,[],01.0071,not_flagged_by_exact_citation_check,01.0071,https://raw.githubusercontent.com/ambuda-org/vidyut/f3ba4167d40eebc4b3023d24e66867aa6a8cdb32/vidyut-prakriya/data/dhatupatha.tsv,bb2013ead0ea536dc7f887164c385c703cb0014ccf6e5af35b87e6d3049ba380,
01.0072,1,tradi~,cezwAyAm,चेष्टायाम्,73,single_gloss,1,cezwAyAm,One source gloss; no attempt to invent finer senses within it.,,,,[],01.0072,not_flagged_by_exact_citation_check,01.0072,https://raw.githubusercontent.com/ambuda-org/vidyut/f3ba4167d40eebc4b3023d24e66867aa6a8cdb32/vidyut-prakriya/data/dhatupatha.tsv,bb2013ead0ea536dc7f887164c385c703cb0014ccf6e5af35b87e6d3049ba380,
01.0073,1,kadi~,AhvAne rodane ca,आह्वाने रोदने च,74,enumerated_glosses,2,AhvAne; rodane,Visible enumeration; semantic overlap still belongs to lexical review.,,,,[],01.0073,not_flagged_by_exact_citation_check,01.0073,https://raw.githubusercontent.com/ambuda-org/vidyut/f3ba4167d40eebc4b3023d24e66867aa6a8cdb32/vidyut-prakriya/data/dhatupatha.tsv,bb2013ead0ea536dc7f887164c385c703cb0014ccf6e5af35b87e6d3049ba380,
01.0074,1,kradi~,AhvAne rodane ca,आह्वाने रोदने च,75,enumerated_glosses,2,AhvAne; rodane,Visible enumeration; semantic overlap still belongs to lexical review.,,,,[],01.0074,not_flagged_by_exact_citation_check,01.0074,https://raw.githubusercontent.com/ambuda-org/vidyut/f3ba4167d40eebc4b3023d24e66867aa6a8cdb32/vidyut-prakriya/data/dhatupatha.tsv,bb2013ead0ea536dc7f887164c385c703cb0014ccf6e5af35b87e6d3049ba380,
01.0075,1,kladi~,AhvAne rodane ca,आह्वाने रोदने च,76,enumerated_glosses,2,AhvAne; rodane,Visible enumeration; semantic overlap still belongs to lexical review.,,,,[],01.0075,not_flagged_by_exact_citation_check,01.0075,https://raw.githubusercontent.com/ambuda-org/vidyut/f3ba4167d40eebc4b3023d24e66867aa6a8cdb32/vidyut-prakriya/data/dhatupatha.tsv,bb2013ead0ea536dc7f887164c385c703cb0014ccf6e5af35b87e6d3049ba380,
01.0076,1,klidi~,paridevane,परिदेवने,77,single_gloss,1,paridevane,One source gloss; no attempt to invent finer senses within it.,,,,[],01.0076,not_flagged_by_exact_citation_check,01.0076,https://raw.githubusercontent.com/ambuda-org/vidyut/f3ba4167d40eebc4b3023d24e66867aa6a8cdb32/vidyut-prakriya/data/dhatupatha.tsv,bb2013ead0ea536dc7f887164c385c703cb0014ccf6e5af35b87e6d3049ba380,
01.0077,1,SunDa~,SudDO,शुद्धौ,78,single_gloss,1,SudDO,One source gloss; no attempt to invent finer senses within it.,,,,[],01.0077,retain_distinct_meanings,01.0077,https://raw.githubusercontent.com/ambuda-org/vidyut/f3ba4167d40eebc4b3023d24e66867aa6a8cdb32/vidyut-prakriya/data/dhatupatha.tsv,bb2013ead0ea536dc7f887164c385c703cb0014ccf6e5af35b87e6d3049ba380,IR32
01.0078,1,SIkf~\,secane,सेचने,79,single_gloss,1,secane,One source gloss; no attempt to invent finer senses within it.,,,,[],01.0078,not_flagged_by_exact_citation_check,01.0078,https://raw.githubusercontent.com/ambuda-org/vidyut/f3ba4167d40eebc4b3023d24e66867aa6a8cdb32/vidyut-prakriya/data/dhatupatha.tsv,bb2013ead0ea536dc7f887164c385c703cb0014ccf6e5af35b87e6d3049ba380,
01.0079,1,sIkf~\,secane,सेचने,80,single_gloss,1,secane,One source gloss; no attempt to invent finer senses within it.,,,,[],01.0079,not_flagged_by_exact_citation_check,,https://raw.githubusercontent.com/ambuda-org/vidyut/f3ba4167d40eebc4b3023d24e66867aa6a8cdb32/vidyut-prakriya/data/dhatupatha.tsv,bb2013ead0ea536dc7f887164c385c703cb0014ccf6e5af35b87e6d3049ba380,
01.0080,1,lokf~\,darSane,दर्शने,81,single_gloss,1,darSane,One source gloss; no attempt to invent finer senses within it.,,,,[],01.0080,not_flagged_by_exact_citation_check,01.0080,https://raw.githubusercontent.com/ambuda-org/vidyut/f3ba4167d40eebc4b3023d24e66867aa6a8cdb32/vidyut-prakriya/data/dhatupatha.tsv,bb2013ead0ea536dc7f887164c385c703cb0014ccf6e5af35b87e6d3049ba380,
01.0081,1,Slokf~\,saNGAte,सङ्घाते,82,single_gloss,1,saNGAte,One source gloss; no attempt to invent finer senses within it.,,,,[],01.0081,not_flagged_by_exact_citation_check,01.0081,https://raw.githubusercontent.com/ambuda-org/vidyut/f3ba4167d40eebc4b3023d24e66867aa6a8cdb32/vidyut-prakriya/data/dhatupatha.tsv,bb2013ead0ea536dc7f887164c385c703cb0014ccf6e5af35b87e6d3049ba380,
01.0082,1,Srekf~\,gatO,गतौ,83,single_gloss,1,gatO,One source gloss; no attempt to invent finer senses within it.,,,,[],01.0082,not_flagged_by_exact_citation_check,,https://raw.githubusercontent.com/ambuda-org/vidyut/f3ba4167d40eebc4b3023d24e66867aa6a8cdb32/vidyut-prakriya/data/dhatupatha.tsv,bb2013ead0ea536dc7f887164c385c703cb0014ccf6e5af35b87e6d3049ba380,
01.0083,1,drekf~\,SabdotsAhayoH,शब्दोत्साहयोः,84,enumerated_glosses,2,Sabde; utsAhe,Explicit analyst segmentation; retain the original compound for review.,,,,[],01.0083,not_flagged_by_exact_citation_check,01.0083,https://raw.githubusercontent.com/ambuda-org/vidyut/f3ba4167d40eebc4b3023d24e66867aa6a8cdb32/vidyut-prakriya/data/dhatupatha.tsv,bb2013ead0ea536dc7f887164c385c703cb0014ccf6e5af35b87e6d3049ba380,
01.0084,1,Drekf~\,SabdotsAhayoH,शब्दोत्साहयोः,85,enumerated_glosses,2,Sabde; utsAhe,Explicit analyst segmentation; retain the original compound for review.,,,,[],01.0084,not_flagged_by_exact_citation_check,01.0084,https://raw.githubusercontent.com/ambuda-org/vidyut/f3ba4167d40eebc4b3023d24e66867aa6a8cdb32/vidyut-prakriya/data/dhatupatha.tsv,bb2013ead0ea536dc7f887164c385c703cb0014ccf6e5af35b87e6d3049ba380,
01.0085,1,rekf~\,SaNkAyAm,शङ्कायाम्,86,single_gloss,1,SaNkAyAm,One source gloss; no attempt to invent finer senses within it.,,,,[],01.0085,not_flagged_by_exact_citation_check,01.0085,https://raw.githubusercontent.com/ambuda-org/vidyut/f3ba4167d40eebc4b3023d24e66867aa6a8cdb32/vidyut-prakriya/data/dhatupatha.tsv,bb2013ead0ea536dc7f887164c385c703cb0014ccf6e5af35b87e6d3049ba380,
01.0086,1,sekf~\,gatO,गतौ,87,single_gloss,1,gatO,One source gloss; no attempt to invent finer senses within it.,,,,[],01.0086,not_flagged_by_exact_citation_check,01.0086,https://raw.githubusercontent.com/ambuda-org/vidyut/f3ba4167d40eebc4b3023d24e66867aa6a8cdb32/vidyut-prakriya/data/dhatupatha.tsv,bb2013ead0ea536dc7f887164c385c703cb0014ccf6e5af35b87e6d3049ba380,
01.0087,1,srekf~\,gatO,गतौ,88,single_gloss,1,gatO,One source gloss; no attempt to invent finer senses within it.,,,,[],01.0087,not_flagged_by_exact_citation_check,01.0087,https://raw.githubusercontent.com/ambuda-org/vidyut/f3ba4167d40eebc4b3023d24e66867aa6a8cdb32/vidyut-prakriya/data/dhatupatha.tsv,bb2013ead0ea536dc7f887164c385c703cb0014ccf6e5af35b87e6d3049ba380,
01.0088,1,sraki~\,gatO,गतौ,89,single_gloss,1,gatO,One source gloss; no attempt to invent finer senses within it.,,,,[],01.0088,not_flagged_by_exact_citation_check,01.0088,https://raw.githubusercontent.com/ambuda-org/vidyut/f3ba4167d40eebc4b3023d24e66867aa6a8cdb32/vidyut-prakriya/data/dhatupatha.tsv,bb2013ead0ea536dc7f887164c385c703cb0014ccf6e5af35b87e6d3049ba380,
01.0089,1,Sraki~\,gatO,गतौ,90,single_gloss,1,gatO,One source gloss; no attempt to invent finer senses within it.,,,,[],01.0089,not_flagged_by_exact_citation_check,01.0089,https://raw.githubusercontent.com/ambuda-org/vidyut/f3ba4167d40eebc4b3023d24e66867aa6a8cdb32/vidyut-prakriya/data/dhatupatha.tsv,bb2013ead0ea536dc7f887164c385c703cb0014ccf6e5af35b87e6d3049ba380,
01.0090,1,Slaki~\,gatO,गतौ,91,single_gloss,1,gatO,One source gloss; no attempt to invent finer senses within it.,,,,[],01.0090,not_flagged_by_exact_citation_check,01.0090,https://raw.githubusercontent.com/ambuda-org/vidyut/f3ba4167d40eebc4b3023d24e66867aa6a8cdb32/vidyut-prakriya/data/dhatupatha.tsv,bb2013ead0ea536dc7f887164c385c703cb0014ccf6e5af35b87e6d3049ba380,
01.0091,1,Saki~\,SaNkAyAm,शङ्कायाम्,92,single_gloss,1,SaNkAyAm,One source gloss; no attempt to invent finer senses within it.,,,,[],01.0091,not_flagged_by_exact_citation_check,01.0091,https://raw.githubusercontent.com/ambuda-org/vidyut/f3ba4167d40eebc4b3023d24e66867aa6a8cdb32/vidyut-prakriya/data/dhatupatha.tsv,bb2013ead0ea536dc7f887164c385c703cb0014ccf6e5af35b87e6d3049ba380,
01.0092,1,aki~\,lakzaRe,लक्षणे,93,single_gloss,1,lakzaRe,One source gloss; no attempt to invent finer senses within it.,,,,[],01.0092,not_flagged_by_exact_citation_check,01.0092,https://raw.githubusercontent.com/ambuda-org/vidyut/f3ba4167d40eebc4b3023d24e66867aa6a8cdb32/vidyut-prakriya/data/dhatupatha.tsv,bb2013ead0ea536dc7f887164c385c703cb0014ccf6e5af35b87e6d3049ba380,
01.0093,1,vaki~\,kOwilye,कौटिल्ये,94,single_gloss,1,kOwilye,One source gloss; no attempt to invent finer senses within it.,,,,[],01.0093,retain_distinct_meanings,01.0093,https://raw.githubusercontent.com/ambuda-org/vidyut/f3ba4167d40eebc4b3023d24e66867aa6a8cdb32/vidyut-prakriya/data/dhatupatha.tsv,bb2013ead0ea536dc7f887164c385c703cb0014ccf6e5af35b87e6d3049ba380,IR196
01.0094,1,maki~\,maRqane,मण्डने,95,single_gloss,1,maRqane,One source gloss; no attempt to invent finer senses within it.,,,,[],01.0094,not_flagged_by_exact_citation_check,01.0094,https://raw.githubusercontent.com/ambuda-org/vidyut/f3ba4167d40eebc4b3023d24e66867aa6a8cdb32/vidyut-prakriya/data/dhatupatha.tsv,bb2013ead0ea536dc7f887164c385c703cb0014ccf6e5af35b87e6d3049ba380,
01.0095,1,kaka~\,lOlye,लौल्ये,96,single_gloss,1,lOlye,One source gloss; no attempt to invent finer senses within it.,,,,[],01.0095,not_flagged_by_exact_citation_check,01.0095,https://raw.githubusercontent.com/ambuda-org/vidyut/f3ba4167d40eebc4b3023d24e66867aa6a8cdb32/vidyut-prakriya/data/dhatupatha.tsv,bb2013ead0ea536dc7f887164c385c703cb0014ccf6e5af35b87e6d3049ba380,
01.0096,1,kuka~\,AdAne,आदाने,97,single_gloss,1,AdAne,One source gloss; no attempt to invent finer senses within it.,,,,[],01.0096,not_flagged_by_exact_citation_check,01.0096,https://raw.githubusercontent.com/ambuda-org/vidyut/f3ba4167d40eebc4b3023d24e66867aa6a8cdb32/vidyut-prakriya/data/dhatupatha.tsv,bb2013ead0ea536dc7f887164c385c703cb0014ccf6e5af35b87e6d3049ba380,
01.0097,1,vfka~\,AdAne,आदाने,98,single_gloss,1,AdAne,One source gloss; no attempt to invent finer senses within it.,,,,[],01.0097,not_flagged_by_exact_citation_check,01.0097,https://raw.githubusercontent.com/ambuda-org/vidyut/f3ba4167d40eebc4b3023d24e66867aa6a8cdb32/vidyut-prakriya/data/dhatupatha.tsv,bb2013ead0ea536dc7f887164c385c703cb0014ccf6e5af35b87e6d3049ba380,
01.0098,1,caka~\,tfptO pratIGAte ca,तृप्तौ प्रतीघाते च,99,enumerated_glosses,2,tfptO; pratIGAte,Visible enumeration; semantic overlap still belongs to lexical review.,,,,[],01.0098,not_flagged_by_exact_citation_check,01.0098,https://raw.githubusercontent.com/ambuda-org/vidyut/f3ba4167d40eebc4b3023d24e66867aa6a8cdb32/vidyut-prakriya/data/dhatupatha.tsv,bb2013ead0ea536dc7f887164c385c703cb0014ccf6e5af35b87e6d3049ba380,
01.0099,1,kaki~\,gatO,गतौ,100,single_gloss,1,gatO,One source gloss; no attempt to invent finer senses within it.,,,,[],01.0099,not_flagged_by_exact_citation_check,01.0099,https://raw.githubusercontent.com/ambuda-org/vidyut/f3ba4167d40eebc4b3023d24e66867aa6a8cdb32/vidyut-prakriya/data/dhatupatha.tsv,bb2013ead0ea536dc7f887164c385c703cb0014ccf6e5af35b87e6d3049ba380,
01.0100,1,vaki~\,gatO,गतौ,101,single_gloss,1,gatO,One source gloss; no attempt to invent finer senses within it.,,,,[],01.0100,retain_distinct_meanings,01.0100,https://raw.githubusercontent.com/ambuda-org/vidyut/f3ba4167d40eebc4b3023d24e66867aa6a8cdb32/vidyut-prakriya/data/dhatupatha.tsv,bb2013ead0ea536dc7f887164c385c703cb0014ccf6e5af35b87e6d3049ba380,IR196
01.0101,1,Svaki~\,gatO,गतौ,102,single_gloss,1,gatO,One source gloss; no attempt to invent finer senses within it.,,,,[],01.0101,not_flagged_by_exact_citation_check,01.0101,https://raw.githubusercontent.com/ambuda-org/vidyut/f3ba4167d40eebc4b3023d24e66867aa6a8cdb32/vidyut-prakriya/data/dhatupatha.tsv,bb2013ead0ea536dc7f887164c385c703cb0014ccf6e5af35b87e6d3049ba380,
01.0102,1,traki~\,gatO,गतौ,103,single_gloss,1,gatO,One source gloss; no attempt to invent finer senses within it.,,,,[],01.0102,not_flagged_by_exact_citation_check,01.0102,https://raw.githubusercontent.com/ambuda-org/vidyut/f3ba4167d40eebc4b3023d24e66867aa6a8cdb32/vidyut-prakriya/data/dhatupatha.tsv,bb2013ead0ea536dc7f887164c385c703cb0014ccf6e5af35b87e6d3049ba380,
01.0103,1,QOkf~\,gatO,गतौ,104,single_gloss,1,gatO,One source gloss; no attempt to invent finer senses within it.,,,,[],01.0103,not_flagged_by_exact_citation_check,01.0103,https://raw.githubusercontent.com/ambuda-org/vidyut/f3ba4167d40eebc4b3023d24e66867aa6a8cdb32/vidyut-prakriya/data/dhatupatha.tsv,bb2013ead0ea536dc7f887164c385c703cb0014ccf6e5af35b87e6d3049ba380,
01.0104,1,trOkf~\,gatO,गतौ,105,single_gloss,1,gatO,One source gloss; no attempt to invent finer senses within it.,,,,[],01.0104,not_flagged_by_exact_citation_check,01.0104,https://raw.githubusercontent.com/ambuda-org/vidyut/f3ba4167d40eebc4b3023d24e66867aa6a8cdb32/vidyut-prakriya/data/dhatupatha.tsv,bb2013ead0ea536dc7f887164c385c703cb0014ccf6e5af35b87e6d3049ba380,
01.0105,1,zvazka~\,gatO,गतौ,106,single_gloss,1,gatO,One source gloss; no attempt to invent finer senses within it.,,,,[],01.0105,not_flagged_by_exact_citation_check,,https://raw.githubusercontent.com/ambuda-org/vidyut/f3ba4167d40eebc4b3023d24e66867aa6a8cdb32/vidyut-prakriya/data/dhatupatha.tsv,bb2013ead0ea536dc7f887164c385c703cb0014ccf6e5af35b87e6d3049ba380,
01.0106,1,vaska~\,gatO,गतौ,107,single_gloss,1,gatO,One source gloss; no attempt to invent finer senses within it.,,,,[],01.0106,not_flagged_by_exact_citation_check,01.0106,https://raw.githubusercontent.com/ambuda-org/vidyut/f3ba4167d40eebc4b3023d24e66867aa6a8cdb32/vidyut-prakriya/data/dhatupatha.tsv,bb2013ead0ea536dc7f887164c385c703cb0014ccf6e5af35b87e6d3049ba380,
01.0107,1,maska~\,gatO,गतौ,108,single_gloss,1,gatO,One source gloss; no attempt to invent finer senses within it.,,,,[],01.0107,not_flagged_by_exact_citation_check,01.0107,https://raw.githubusercontent.com/ambuda-org/vidyut/f3ba4167d40eebc4b3023d24e66867aa6a8cdb32/vidyut-prakriya/data/dhatupatha.tsv,bb2013ead0ea536dc7f887164c385c703cb0014ccf6e5af35b87e6d3049ba380,
01.0108,1,wikf~\,gatO,गतौ,109,single_gloss,1,gatO,One source gloss; no attempt to invent finer senses within it.,,,,[],01.0108,not_flagged_by_exact_citation_check,01.0108,https://raw.githubusercontent.com/ambuda-org/vidyut/f3ba4167d40eebc4b3023d24e66867aa6a8cdb32/vidyut-prakriya/data/dhatupatha.tsv,bb2013ead0ea536dc7f887164c385c703cb0014ccf6e5af35b87e6d3049ba380,
01.0109,1,wIkf~\,gatO,गतौ,110,single_gloss,1,gatO,One source gloss; no attempt to invent finer senses within it.,,,,[],01.0109,not_flagged_by_exact_citation_check,01.0109,https://raw.githubusercontent.com/ambuda-org/vidyut/f3ba4167d40eebc4b3023d24e66867aa6a8cdb32/vidyut-prakriya/data/dhatupatha.tsv,bb2013ead0ea536dc7f887164c385c703cb0014ccf6e5af35b87e6d3049ba380,
01.0110,1,tikf~\,gatO,गतौ,111,single_gloss,1,gatO,One source gloss; no attempt to invent finer senses within it.,,,,[],01.0110,not_flagged_by_exact_citation_check,01.0110,https://raw.githubusercontent.com/ambuda-org/vidyut/f3ba4167d40eebc4b3023d24e66867aa6a8cdb32/vidyut-prakriya/data/dhatupatha.tsv,bb2013ead0ea536dc7f887164c385c703cb0014ccf6e5af35b87e6d3049ba380,
01.0111,1,tIkf~\,gatO,गतौ,112,single_gloss,1,gatO,One source gloss; no attempt to invent finer senses within it.,,,,[],01.0111,not_flagged_by_exact_citation_check,01.0111,https://raw.githubusercontent.com/ambuda-org/vidyut/f3ba4167d40eebc4b3023d24e66867aa6a8cdb32/vidyut-prakriya/data/dhatupatha.tsv,bb2013ead0ea536dc7f887164c385c703cb0014ccf6e5af35b87e6d3049ba380,
01.0112,1,raGi~\,gatO,गतौ,113,single_gloss,1,gatO,One source gloss; no attempt to invent finer senses within it.,,,,[],01.0112,not_flagged_by_exact_citation_check,01.0112,https://raw.githubusercontent.com/ambuda-org/vidyut/f3ba4167d40eebc4b3023d24e66867aa6a8cdb32/vidyut-prakriya/data/dhatupatha.tsv,bb2013ead0ea536dc7f887164c385c703cb0014ccf6e5af35b87e6d3049ba380,
01.0113,1,laGi~\,gatO BojananivfttO ca,गतौ भोजननिवृत्तौ च,114,enumerated_glosses,2,gatO; BojananivfttO,Visible enumeration; semantic overlap still belongs to lexical review.,,,,[],01.0113,not_flagged_by_exact_citation_check,01.0113,https://raw.githubusercontent.com/ambuda-org/vidyut/f3ba4167d40eebc4b3023d24e66867aa6a8cdb32/vidyut-prakriya/data/dhatupatha.tsv,bb2013ead0ea536dc7f887164c385c703cb0014ccf6e5af35b87e6d3049ba380,
01.0114,1,zvakka~\,gatO,गतौ,115,single_gloss,1,gatO,One source gloss; no attempt to invent finer senses within it.,,,,[],01.0114,not_flagged_by_exact_citation_check,,https://raw.githubusercontent.com/ambuda-org/vidyut/f3ba4167d40eebc4b3023d24e66867aa6a8cdb32/vidyut-prakriya/data/dhatupatha.tsv,bb2013ead0ea536dc7f887164c385c703cb0014ccf6e5af35b87e6d3049ba380,
01.0115,1,aGi~\,gatyAkzepe,गत्याक्षेपे,116,single_gloss,1,gatyAkzepe,One source gloss; no attempt to invent finer senses within it.,,,,[],01.0115,not_flagged_by_exact_citation_check,01.0115,https://raw.githubusercontent.com/ambuda-org/vidyut/f3ba4167d40eebc4b3023d24e66867aa6a8cdb32/vidyut-prakriya/data/dhatupatha.tsv,bb2013ead0ea536dc7f887164c385c703cb0014ccf6e5af35b87e6d3049ba380,
01.0116,1,vaGi~\,gatyAkzepe,गत्याक्षेपे,117,single_gloss,1,gatyAkzepe,One source gloss; no attempt to invent finer senses within it.,,,,[],01.0116,not_flagged_by_exact_citation_check,01.0116,https://raw.githubusercontent.com/ambuda-org/vidyut/f3ba4167d40eebc4b3023d24e66867aa6a8cdb32/vidyut-prakriya/data/dhatupatha.tsv,bb2013ead0ea536dc7f887164c385c703cb0014ccf6e5af35b87e6d3049ba380,
01.0117,1,maGi~\,gatyAkzepe gatyAramBe kEtave ca,गत्याक्षेपे गत्यारम्भे कैतवे च,118,enumerated_glosses,3,gatyAkzepe; gatyAramBe; kEtave,Visible enumeration; semantic overlap still belongs to lexical review.,,,,[],01.0117,not_flagged_by_exact_citation_check,01.0117,https://raw.githubusercontent.com/ambuda-org/vidyut/f3ba4167d40eebc4b3023d24e66867aa6a8cdb32/vidyut-prakriya/data/dhatupatha.tsv,bb2013ead0ea536dc7f887164c385c703cb0014ccf6e5af35b87e6d3049ba380,
01.0118,1,rAGf~\,sAmarTye,सामर्थ्ये,119,single_gloss,1,sAmarTye,One source gloss; no attempt to invent finer senses within it.,,,,[],01.0118,not_flagged_by_exact_citation_check,01.0118,https://raw.githubusercontent.com/ambuda-org/vidyut/f3ba4167d40eebc4b3023d24e66867aa6a8cdb32/vidyut-prakriya/data/dhatupatha.tsv,bb2013ead0ea536dc7f887164c385c703cb0014ccf6e5af35b87e6d3049ba380,
01.0119,1,lAGf~\,sAmarTye,सामर्थ्ये,120,single_gloss,1,sAmarTye,One source gloss; no attempt to invent finer senses within it.,,,,[],01.0119,not_flagged_by_exact_citation_check,01.0119,https://raw.githubusercontent.com/ambuda-org/vidyut/f3ba4167d40eebc4b3023d24e66867aa6a8cdb32/vidyut-prakriya/data/dhatupatha.tsv,bb2013ead0ea536dc7f887164c385c703cb0014ccf6e5af35b87e6d3049ba380,
01.0120,1,drAGf~\,sAmarTye AyAme ca,सामर्थ्ये आयामे च,121,enumerated_glosses,2,sAmarTye; AyAme,Visible enumeration; semantic overlap still belongs to lexical review.,,,,[],01.0120,not_flagged_by_exact_citation_check,01.0120,https://raw.githubusercontent.com/ambuda-org/vidyut/f3ba4167d40eebc4b3023d24e66867aa6a8cdb32/vidyut-prakriya/data/dhatupatha.tsv,bb2013ead0ea536dc7f887164c385c703cb0014ccf6e5af35b87e6d3049ba380,
01.0121,1,DrAGf~\,sAmarTye,सामर्थ्ये,122,single_gloss,1,sAmarTye,One source gloss; no attempt to invent finer senses within it.,,,,[],01.0121,not_flagged_by_exact_citation_check,01.0121,https://raw.githubusercontent.com/ambuda-org/vidyut/f3ba4167d40eebc4b3023d24e66867aa6a8cdb32/vidyut-prakriya/data/dhatupatha.tsv,bb2013ead0ea536dc7f887164c385c703cb0014ccf6e5af35b87e6d3049ba380,
01.0122,1,SlAGf~\,katTane,कत्थने,123,single_gloss,1,katTane,One source gloss; no attempt to invent finer senses within it.,,,,[],01.0122,not_flagged_by_exact_citation_check,01.0122,https://raw.githubusercontent.com/ambuda-org/vidyut/f3ba4167d40eebc4b3023d24e66867aa6a8cdb32/vidyut-prakriya/data/dhatupatha.tsv,bb2013ead0ea536dc7f887164c385c703cb0014ccf6e5af35b87e6d3049ba380,
01.0123,1,Pakka~,nIcErgatO,नीचैर्गतौ,124,single_gloss,1,nIcErgatO,One source gloss; no attempt to invent finer senses within it.,,,,[],01.0123,not_flagged_by_exact_citation_check,01.0123,https://raw.githubusercontent.com/ambuda-org/vidyut/f3ba4167d40eebc4b3023d24e66867aa6a8cdb32/vidyut-prakriya/data/dhatupatha.tsv,bb2013ead0ea536dc7f887164c385c703cb0014ccf6e5af35b87e6d3049ba380,
01.0124,1,taka~,hasane,हसने,125,single_gloss,1,hasane,One source gloss; no attempt to invent finer senses within it.,,,,[],01.0124,not_flagged_by_exact_citation_check,01.0124,https://raw.githubusercontent.com/ambuda-org/vidyut/f3ba4167d40eebc4b3023d24e66867aa6a8cdb32/vidyut-prakriya/data/dhatupatha.tsv,bb2013ead0ea536dc7f887164c385c703cb0014ccf6e5af35b87e6d3049ba380,
01.0125,1,taki~,kfcCrajIvane,कृच्छ्रजीवने,126,single_gloss,1,kfcCrajIvane,One source gloss; no attempt to invent finer senses within it.,,,,[],01.0125,not_flagged_by_exact_citation_check,01.0125,https://raw.githubusercontent.com/ambuda-org/vidyut/f3ba4167d40eebc4b3023d24e66867aa6a8cdb32/vidyut-prakriya/data/dhatupatha.tsv,bb2013ead0ea536dc7f887164c385c703cb0014ccf6e5af35b87e6d3049ba380,
01.0126,1,bukka~,BazaRe,भषणे,127,single_gloss,1,BazaRe,One source gloss; no attempt to invent finer senses within it.,,,,[],01.0126,open,01.0126,https://raw.githubusercontent.com/ambuda-org/vidyut/f3ba4167d40eebc4b3023d24e66867aa6a8cdb32/vidyut-prakriya/data/dhatupatha.tsv,bb2013ead0ea536dc7f887164c385c703cb0014ccf6e5af35b87e6d3049ba380,IR43
01.0127,1,Suka~,gatO,गतौ,128,single_gloss,1,gatO,One source gloss; no attempt to invent finer senses within it.,,,,[],01.0127,not_flagged_by_exact_citation_check,01.0127,https://raw.githubusercontent.com/ambuda-org/vidyut/f3ba4167d40eebc4b3023d24e66867aa6a8cdb32/vidyut-prakriya/data/dhatupatha.tsv,bb2013ead0ea536dc7f887164c385c703cb0014ccf6e5af35b87e6d3049ba380,
01.0128,1,kaKa~,hasane,हसने,129,single_gloss,1,hasane,One source gloss; no attempt to invent finer senses within it.,,,,[],01.0128,not_flagged_by_exact_citation_check,01.0128,https://raw.githubusercontent.com/ambuda-org/vidyut/f3ba4167d40eebc4b3023d24e66867aa6a8cdb32/vidyut-prakriya/data/dhatupatha.tsv,bb2013ead0ea536dc7f887164c385c703cb0014ccf6e5af35b87e6d3049ba380,
01.0129,1,oKf~,SozaRAlamarTayoH,शोषणालमर्थयोः,130,enumerated_glosses,2,SozaRe; alamarTe,Explicit analyst segmentation; retain the original compound for review.,,,,[],01.0129,not_flagged_by_exact_citation_check,01.0129,https://raw.githubusercontent.com/ambuda-org/vidyut/f3ba4167d40eebc4b3023d24e66867aa6a8cdb32/vidyut-prakriya/data/dhatupatha.tsv,bb2013ead0ea536dc7f887164c385c703cb0014ccf6e5af35b87e6d3049ba380,
01.0130,1,rAKf~,SozaRAlamarTayoH,शोषणालमर्थयोः,131,enumerated_glosses,2,SozaRe; alamarTe,Explicit analyst segmentation; retain the original compound for review.,,,,[],01.0130,not_flagged_by_exact_citation_check,01.0130,https://raw.githubusercontent.com/ambuda-org/vidyut/f3ba4167d40eebc4b3023d24e66867aa6a8cdb32/vidyut-prakriya/data/dhatupatha.tsv,bb2013ead0ea536dc7f887164c385c703cb0014ccf6e5af35b87e6d3049ba380,
01.0131,1,lAKf~,SozaRAlamarTayoH,शोषणालमर्थयोः,132,enumerated_glosses,2,SozaRe; alamarTe,Explicit analyst segmentation; retain the original compound for review.,,,,[],01.0131,not_flagged_by_exact_citation_check,01.0131,https://raw.githubusercontent.com/ambuda-org/vidyut/f3ba4167d40eebc4b3023d24e66867aa6a8cdb32/vidyut-prakriya/data/dhatupatha.tsv,bb2013ead0ea536dc7f887164c385c703cb0014ccf6e5af35b87e6d3049ba380,
01.0132,1,drAKf~,SozaRAlamarTayoH,शोषणालमर्थयोः,133,enumerated_glosses,2,SozaRe; alamarTe,Explicit analyst segmentation; retain the original compound for review.,,,,[],01.0132,not_flagged_by_exact_citation_check,01.0132,https://raw.githubusercontent.com/ambuda-org/vidyut/f3ba4167d40eebc4b3023d24e66867aa6a8cdb32/vidyut-prakriya/data/dhatupatha.tsv,bb2013ead0ea536dc7f887164c385c703cb0014ccf6e5af35b87e6d3049ba380,
01.0133,1,DrAKf~,SozaRAlamarTayoH,शोषणालमर्थयोः,134,enumerated_glosses,2,SozaRe; alamarTe,Explicit analyst segmentation; retain the original compound for review.,,,,[],01.0133,not_flagged_by_exact_citation_check,01.0133,https://raw.githubusercontent.com/ambuda-org/vidyut/f3ba4167d40eebc4b3023d24e66867aa6a8cdb32/vidyut-prakriya/data/dhatupatha.tsv,bb2013ead0ea536dc7f887164c385c703cb0014ccf6e5af35b87e6d3049ba380,
01.0134,1,SAKf~,vyAptO,व्याप्तौ,135,single_gloss,1,vyAptO,One source gloss; no attempt to invent finer senses within it.,,,,[],01.0134,not_flagged_by_exact_citation_check,01.0134,https://raw.githubusercontent.com/ambuda-org/vidyut/f3ba4167d40eebc4b3023d24e66867aa6a8cdb32/vidyut-prakriya/data/dhatupatha.tsv,bb2013ead0ea536dc7f887164c385c703cb0014ccf6e5af35b87e6d3049ba380,
01.0135,1,SlAKf~,vyAptO,व्याप्तौ,136,single_gloss,1,vyAptO,One source gloss; no attempt to invent finer senses within it.,,,,[],01.0135,not_flagged_by_exact_citation_check,01.0135,https://raw.githubusercontent.com/ambuda-org/vidyut/f3ba4167d40eebc4b3023d24e66867aa6a8cdb32/vidyut-prakriya/data/dhatupatha.tsv,bb2013ead0ea536dc7f887164c385c703cb0014ccf6e5af35b87e6d3049ba380,
01.0136,1,uKa~,gatO,गतौ,137,single_gloss,1,gatO,One source gloss; no attempt to invent finer senses within it.,,,,[],01.0136,not_flagged_by_exact_citation_check,01.0136,https://raw.githubusercontent.com/ambuda-org/vidyut/f3ba4167d40eebc4b3023d24e66867aa6a8cdb32/vidyut-prakriya/data/dhatupatha.tsv,bb2013ead0ea536dc7f887164c385c703cb0014ccf6e5af35b87e6d3049ba380,
01.0137,1,uKi~,gatO,गतौ,138,single_gloss,1,gatO,One source gloss; no attempt to invent finer senses within it.,,,,[],01.0137,not_flagged_by_exact_citation_check,01.0137,https://raw.githubusercontent.com/ambuda-org/vidyut/f3ba4167d40eebc4b3023d24e66867aa6a8cdb32/vidyut-prakriya/data/dhatupatha.tsv,bb2013ead0ea536dc7f887164c385c703cb0014ccf6e5af35b87e6d3049ba380,
01.0138,1,vaKa~,gatO,गतौ,139,single_gloss,1,gatO,One source gloss; no attempt to invent finer senses within it.,,,,[],01.0138,not_flagged_by_exact_citation_check,01.0138,https://raw.githubusercontent.com/ambuda-org/vidyut/f3ba4167d40eebc4b3023d24e66867aa6a8cdb32/vidyut-prakriya/data/dhatupatha.tsv,bb2013ead0ea536dc7f887164c385c703cb0014ccf6e5af35b87e6d3049ba380,
01.0139,1,vaKi~,gatO,गतौ,140,single_gloss,1,gatO,One source gloss; no attempt to invent finer senses within it.,,,,[],01.0139,not_flagged_by_exact_citation_check,01.0139,https://raw.githubusercontent.com/ambuda-org/vidyut/f3ba4167d40eebc4b3023d24e66867aa6a8cdb32/vidyut-prakriya/data/dhatupatha.tsv,bb2013ead0ea536dc7f887164c385c703cb0014ccf6e5af35b87e6d3049ba380,
01.0140,1,maKa~,gatO,गतौ,141,single_gloss,1,gatO,One source gloss; no attempt to invent finer senses within it.,,,,[],01.0140,not_flagged_by_exact_citation_check,01.0140,https://raw.githubusercontent.com/ambuda-org/vidyut/f3ba4167d40eebc4b3023d24e66867aa6a8cdb32/vidyut-prakriya/data/dhatupatha.tsv,bb2013ead0ea536dc7f887164c385c703cb0014ccf6e5af35b87e6d3049ba380,
01.0141,1,maKi~,gatO,गतौ,142,single_gloss,1,gatO,One source gloss; no attempt to invent finer senses within it.,,,,[],01.0141,not_flagged_by_exact_citation_check,01.0141,https://raw.githubusercontent.com/ambuda-org/vidyut/f3ba4167d40eebc4b3023d24e66867aa6a8cdb32/vidyut-prakriya/data/dhatupatha.tsv,bb2013ead0ea536dc7f887164c385c703cb0014ccf6e5af35b87e6d3049ba380,
01.0142,1,RaKa~,gatO,गतौ,143,single_gloss,1,gatO,One source gloss; no attempt to invent finer senses within it.,,,,[],01.0142,not_flagged_by_exact_citation_check,01.0142,https://raw.githubusercontent.com/ambuda-org/vidyut/f3ba4167d40eebc4b3023d24e66867aa6a8cdb32/vidyut-prakriya/data/dhatupatha.tsv,bb2013ead0ea536dc7f887164c385c703cb0014ccf6e5af35b87e6d3049ba380,
01.0143,1,RaKi~,gatO,गतौ,144,single_gloss,1,gatO,One source gloss; no attempt to invent finer senses within it.,,,,[],01.0143,not_flagged_by_exact_citation_check,01.0143,https://raw.githubusercontent.com/ambuda-org/vidyut/f3ba4167d40eebc4b3023d24e66867aa6a8cdb32/vidyut-prakriya/data/dhatupatha.tsv,bb2013ead0ea536dc7f887164c385c703cb0014ccf6e5af35b87e6d3049ba380,
01.0144,1,raKa~,gatO,गतौ,145,single_gloss,1,gatO,One source gloss; no attempt to invent finer senses within it.,,,,[],01.0144,not_flagged_by_exact_citation_check,01.0144,https://raw.githubusercontent.com/ambuda-org/vidyut/f3ba4167d40eebc4b3023d24e66867aa6a8cdb32/vidyut-prakriya/data/dhatupatha.tsv,bb2013ead0ea536dc7f887164c385c703cb0014ccf6e5af35b87e6d3049ba380,
01.0145,1,raKi~,gatO,गतौ,146,single_gloss,1,gatO,One source gloss; no attempt to invent finer senses within it.,,,,[],01.0145,not_flagged_by_exact_citation_check,01.0145,https://raw.githubusercontent.com/ambuda-org/vidyut/f3ba4167d40eebc4b3023d24e66867aa6a8cdb32/vidyut-prakriya/data/dhatupatha.tsv,bb2013ead0ea536dc7f887164c385c703cb0014ccf6e5af35b87e6d3049ba380,
01.0146,1,laKa~,gatO,गतौ,147,single_gloss,1,gatO,One source gloss; no attempt to invent finer senses within it.,,,,[],01.0146,not_flagged_by_exact_citation_check,01.0146,https://raw.githubusercontent.com/ambuda-org/vidyut/f3ba4167d40eebc4b3023d24e66867aa6a8cdb32/vidyut-prakriya/data/dhatupatha.tsv,bb2013ead0ea536dc7f887164c385c703cb0014ccf6e5af35b87e6d3049ba380,
01.0147,1,laKi~,gatO,गतौ,148,single_gloss,1,gatO,One source gloss; no attempt to invent finer senses within it.,,,,[],01.0147,not_flagged_by_exact_citation_check,01.0147,https://raw.githubusercontent.com/ambuda-org/vidyut/f3ba4167d40eebc4b3023d24e66867aa6a8cdb32/vidyut-prakriya/data/dhatupatha.tsv,bb2013ead0ea536dc7f887164c385c703cb0014ccf6e5af35b87e6d3049ba380,
01.0148,1,iKa~,gatO,गतौ,149,single_gloss,1,gatO,One source gloss; no attempt to invent finer senses within it.,,,,[],01.0148,not_flagged_by_exact_citation_check,01.0148,https://raw.githubusercontent.com/ambuda-org/vidyut/f3ba4167d40eebc4b3023d24e66867aa6a8cdb32/vidyut-prakriya/data/dhatupatha.tsv,bb2013ead0ea536dc7f887164c385c703cb0014ccf6e5af35b87e6d3049ba380,
01.0149,1,iKi~,gatO,गतौ,150,single_gloss,1,gatO,One source gloss; no attempt to invent finer senses within it.,,,,[],01.0149,not_flagged_by_exact_citation_check,01.0149,https://raw.githubusercontent.com/ambuda-org/vidyut/f3ba4167d40eebc4b3023d24e66867aa6a8cdb32/vidyut-prakriya/data/dhatupatha.tsv,bb2013ead0ea536dc7f887164c385c703cb0014ccf6e5af35b87e6d3049ba380,
01.0150,1,jaBa~,gAtravinAme,गात्रविनामे,151,single_gloss,1,gAtravinAme,One source gloss; no attempt to invent finer senses within it.,,,,[],01.0150,not_flagged_by_exact_citation_check,,https://raw.githubusercontent.com/ambuda-org/vidyut/f3ba4167d40eebc4b3023d24e66867aa6a8cdb32/vidyut-prakriya/data/dhatupatha.tsv,bb2013ead0ea536dc7f887164c385c703cb0014ccf6e5af35b87e6d3049ba380,
01.0151,1,IKi~,gatO,गतौ,152,single_gloss,1,gatO,One source gloss; no attempt to invent finer senses within it.,,,,[],01.0151,not_flagged_by_exact_citation_check,01.0151,https://raw.githubusercontent.com/ambuda-org/vidyut/f3ba4167d40eebc4b3023d24e66867aa6a8cdb32/vidyut-prakriya/data/dhatupatha.tsv,bb2013ead0ea536dc7f887164c385c703cb0014ccf6e5af35b87e6d3049ba380,
01.0152,1,valga~,gatO,गतौ,153,single_gloss,1,gatO,One source gloss; no attempt to invent finer senses within it.,,,,[],01.0152,not_flagged_by_exact_citation_check,01.0152,https://raw.githubusercontent.com/ambuda-org/vidyut/f3ba4167d40eebc4b3023d24e66867aa6a8cdb32/vidyut-prakriya/data/dhatupatha.tsv,bb2013ead0ea536dc7f887164c385c703cb0014ccf6e5af35b87e6d3049ba380,
01.0153,1,ragi~,gatO,गतौ,154,single_gloss,1,gatO,One source gloss; no attempt to invent finer senses within it.,,,,[],01.0153,not_flagged_by_exact_citation_check,01.0153,https://raw.githubusercontent.com/ambuda-org/vidyut/f3ba4167d40eebc4b3023d24e66867aa6a8cdb32/vidyut-prakriya/data/dhatupatha.tsv,bb2013ead0ea536dc7f887164c385c703cb0014ccf6e5af35b87e6d3049ba380,
01.0154,1,lagi~,gatO,गतौ,155,single_gloss,1,gatO,One source gloss; no attempt to invent finer senses within it.,,,,[],01.0154,not_flagged_by_exact_citation_check,01.0154,https://raw.githubusercontent.com/ambuda-org/vidyut/f3ba4167d40eebc4b3023d24e66867aa6a8cdb32/vidyut-prakriya/data/dhatupatha.tsv,bb2013ead0ea536dc7f887164c385c703cb0014ccf6e5af35b87e6d3049ba380,
01.0155,1,agi~,gatO,गतौ,156,single_gloss,1,gatO,One source gloss; no attempt to invent finer senses within it.,,,,[],01.0155,not_flagged_by_exact_citation_check,01.0155,https://raw.githubusercontent.com/ambuda-org/vidyut/f3ba4167d40eebc4b3023d24e66867aa6a8cdb32/vidyut-prakriya/data/dhatupatha.tsv,bb2013ead0ea536dc7f887164c385c703cb0014ccf6e5af35b87e6d3049ba380,
01.0156,1,vagi~,gatO,गतौ,157,single_gloss,1,gatO,One source gloss; no attempt to invent finer senses within it.,,,,[],01.0156,not_flagged_by_exact_citation_check,01.0156,https://raw.githubusercontent.com/ambuda-org/vidyut/f3ba4167d40eebc4b3023d24e66867aa6a8cdb32/vidyut-prakriya/data/dhatupatha.tsv,bb2013ead0ea536dc7f887164c385c703cb0014ccf6e5af35b87e6d3049ba380,
01.0157,1,magi~,gatO,गतौ,158,single_gloss,1,gatO,One source gloss; no attempt to invent finer senses within it.,,,,[],01.0157,not_flagged_by_exact_citation_check,01.0157,https://raw.githubusercontent.com/ambuda-org/vidyut/f3ba4167d40eebc4b3023d24e66867aa6a8cdb32/vidyut-prakriya/data/dhatupatha.tsv,bb2013ead0ea536dc7f887164c385c703cb0014ccf6e5af35b87e6d3049ba380,
01.0158,1,tagi~,gatO,गतौ,159,single_gloss,1,gatO,One source gloss; no attempt to invent finer senses within it.,,,,[],01.0158,not_flagged_by_exact_citation_check,01.0158,https://raw.githubusercontent.com/ambuda-org/vidyut/f3ba4167d40eebc4b3023d24e66867aa6a8cdb32/vidyut-prakriya/data/dhatupatha.tsv,bb2013ead0ea536dc7f887164c385c703cb0014ccf6e5af35b87e6d3049ba380,
01.0159,1,tvagi~,gatO,गतौ,160,single_gloss,1,gatO,One source gloss; no attempt to invent finer senses within it.,,,,[],01.0159,not_flagged_by_exact_citation_check,01.0159,https://raw.githubusercontent.com/ambuda-org/vidyut/f3ba4167d40eebc4b3023d24e66867aa6a8cdb32/vidyut-prakriya/data/dhatupatha.tsv,bb2013ead0ea536dc7f887164c385c703cb0014ccf6e5af35b87e6d3049ba380,
01.0160,1,Svelf~,calane,चलने,161,single_gloss,1,calane,One source gloss; no attempt to invent finer senses within it.,,,,[],01.0160,not_flagged_by_exact_citation_check,,https://raw.githubusercontent.com/ambuda-org/vidyut/f3ba4167d40eebc4b3023d24e66867aa6a8cdb32/vidyut-prakriya/data/dhatupatha.tsv,bb2013ead0ea536dc7f887164c385c703cb0014ccf6e5af35b87e6d3049ba380,
01.0161,1,Sragi~,gatO,गतौ,162,single_gloss,1,gatO,One source gloss; no attempt to invent finer senses within it.,,,,[],01.0161,not_flagged_by_exact_citation_check,01.0161,https://raw.githubusercontent.com/ambuda-org/vidyut/f3ba4167d40eebc4b3023d24e66867aa6a8cdb32/vidyut-prakriya/data/dhatupatha.tsv,bb2013ead0ea536dc7f887164c385c703cb0014ccf6e5af35b87e6d3049ba380,
01.0162,1,Slagi~,gatO,गतौ,163,single_gloss,1,gatO,One source gloss; no attempt to invent finer senses within it.,,,,[],01.0162,not_flagged_by_exact_citation_check,01.0162,https://raw.githubusercontent.com/ambuda-org/vidyut/f3ba4167d40eebc4b3023d24e66867aa6a8cdb32/vidyut-prakriya/data/dhatupatha.tsv,bb2013ead0ea536dc7f887164c385c703cb0014ccf6e5af35b87e6d3049ba380,
01.0163,1,igi~,gatO,गतौ,164,single_gloss,1,gatO,One source gloss; no attempt to invent finer senses within it.,,,,[],01.0163,not_flagged_by_exact_citation_check,01.0163,https://raw.githubusercontent.com/ambuda-org/vidyut/f3ba4167d40eebc4b3023d24e66867aa6a8cdb32/vidyut-prakriya/data/dhatupatha.tsv,bb2013ead0ea536dc7f887164c385c703cb0014ccf6e5af35b87e6d3049ba380,
01.0164,1,rigi~,gatO,गतौ,165,single_gloss,1,gatO,One source gloss; no attempt to invent finer senses within it.,,,,[],01.0164,not_flagged_by_exact_citation_check,01.0164,https://raw.githubusercontent.com/ambuda-org/vidyut/f3ba4167d40eebc4b3023d24e66867aa6a8cdb32/vidyut-prakriya/data/dhatupatha.tsv,bb2013ead0ea536dc7f887164c385c703cb0014ccf6e5af35b87e6d3049ba380,
01.0165,1,ligi~,gatO,गतौ,166,single_gloss,1,gatO,One source gloss; no attempt to invent finer senses within it.,,,,[],01.0165,retain_distinct_meanings,01.0165,https://raw.githubusercontent.com/ambuda-org/vidyut/f3ba4167d40eebc4b3023d24e66867aa6a8cdb32/vidyut-prakriya/data/dhatupatha.tsv,bb2013ead0ea536dc7f887164c385c703cb0014ccf6e5af35b87e6d3049ba380,IR121
01.0166,1,KarKa~,hasane,हसने,167,single_gloss,1,hasane,One source gloss; no attempt to invent finer senses within it.,,,,[],01.0166,not_flagged_by_exact_citation_check,,https://raw.githubusercontent.com/ambuda-org/vidyut/f3ba4167d40eebc4b3023d24e66867aa6a8cdb32/vidyut-prakriya/data/dhatupatha.tsv,bb2013ead0ea536dc7f887164c385c703cb0014ccf6e5af35b87e6d3049ba380,
01.0167,1,kakKa,hasane,हसने,168,single_gloss,1,hasane,One source gloss; no attempt to invent finer senses within it.,,,,[],01.0167,not_flagged_by_exact_citation_check,,https://raw.githubusercontent.com/ambuda-org/vidyut/f3ba4167d40eebc4b3023d24e66867aa6a8cdb32/vidyut-prakriya/data/dhatupatha.tsv,bb2013ead0ea536dc7f887164c385c703cb0014ccf6e5af35b87e6d3049ba380,
01.0168,1,riKa~,gatO,गतौ,169,single_gloss,1,gatO,One source gloss; no attempt to invent finer senses within it.,,,,[],01.0168,not_flagged_by_exact_citation_check,01.0168,https://raw.githubusercontent.com/ambuda-org/vidyut/f3ba4167d40eebc4b3023d24e66867aa6a8cdb32/vidyut-prakriya/data/dhatupatha.tsv,bb2013ead0ea536dc7f887164c385c703cb0014ccf6e5af35b87e6d3049ba380,
01.0169,1,Garba~,gatO,गतौ,170,single_gloss,1,gatO,One source gloss; no attempt to invent finer senses within it.,,,,[],01.0169,not_flagged_by_exact_citation_check,,https://raw.githubusercontent.com/ambuda-org/vidyut/f3ba4167d40eebc4b3023d24e66867aa6a8cdb32/vidyut-prakriya/data/dhatupatha.tsv,bb2013ead0ea536dc7f887164c385c703cb0014ccf6e5af35b87e6d3049ba380,
01.0170,1,narba~,gatO,गतौ,171,single_gloss,1,gatO,One source gloss; no attempt to invent finer senses within it.,,,,[],01.0170,not_flagged_by_exact_citation_check,,https://raw.githubusercontent.com/ambuda-org/vidyut/f3ba4167d40eebc4b3023d24e66867aa6a8cdb32/vidyut-prakriya/data/dhatupatha.tsv,bb2013ead0ea536dc7f887164c385c703cb0014ccf6e5af35b87e6d3049ba380,
01.0171,1,Barba~,gatO,गतौ,172,single_gloss,1,gatO,One source gloss; no attempt to invent finer senses within it.,,,,[],01.0171,not_flagged_by_exact_citation_check,,https://raw.githubusercontent.com/ambuda-org/vidyut/f3ba4167d40eebc4b3023d24e66867aa6a8cdb32/vidyut-prakriya/data/dhatupatha.tsv,bb2013ead0ea536dc7f887164c385c703cb0014ccf6e5af35b87e6d3049ba380,
01.0172,1,traKa~,gatO,गतौ,173,single_gloss,1,gatO,One source gloss; no attempt to invent finer senses within it.,,,,[],01.0172,not_flagged_by_exact_citation_check,01.0172,https://raw.githubusercontent.com/ambuda-org/vidyut/f3ba4167d40eebc4b3023d24e66867aa6a8cdb32/vidyut-prakriya/data/dhatupatha.tsv,bb2013ead0ea536dc7f887164c385c703cb0014ccf6e5af35b87e6d3049ba380,
01.0173,1,triKi~,gatO,गतौ,174,single_gloss,1,gatO,One source gloss; no attempt to invent finer senses within it.,,,,[],01.0173,not_flagged_by_exact_citation_check,01.0173,https://raw.githubusercontent.com/ambuda-org/vidyut/f3ba4167d40eebc4b3023d24e66867aa6a8cdb32/vidyut-prakriya/data/dhatupatha.tsv,bb2013ead0ea536dc7f887164c385c703cb0014ccf6e5af35b87e6d3049ba380,
01.0174,1,SiKi~,gatO,गतौ,175,single_gloss,1,gatO,One source gloss; no attempt to invent finer senses within it.,,,,[],01.0174,not_flagged_by_exact_citation_check,01.0174,https://raw.githubusercontent.com/ambuda-org/vidyut/f3ba4167d40eebc4b3023d24e66867aa6a8cdb32/vidyut-prakriya/data/dhatupatha.tsv,bb2013ead0ea536dc7f887164c385c703cb0014ccf6e5af35b87e6d3049ba380,
01.0175,1,yugi~,varjane,वर्जने,176,single_gloss,1,varjane,One source gloss; no attempt to invent finer senses within it.,,,,[],01.0175,not_flagged_by_exact_citation_check,01.0175,https://raw.githubusercontent.com/ambuda-org/vidyut/f3ba4167d40eebc4b3023d24e66867aa6a8cdb32/vidyut-prakriya/data/dhatupatha.tsv,bb2013ead0ea536dc7f887164c385c703cb0014ccf6e5af35b87e6d3049ba380,
01.0176,1,jugi~,varjane,वर्जने,177,single_gloss,1,varjane,One source gloss; no attempt to invent finer senses within it.,,,,[],01.0176,not_flagged_by_exact_citation_check,01.0176,https://raw.githubusercontent.com/ambuda-org/vidyut/f3ba4167d40eebc4b3023d24e66867aa6a8cdb32/vidyut-prakriya/data/dhatupatha.tsv,bb2013ead0ea536dc7f887164c385c703cb0014ccf6e5af35b87e6d3049ba380,
01.0177,1,bugi~,varjane,वर्जने,178,single_gloss,1,varjane,One source gloss; no attempt to invent finer senses within it.,,,,[],01.0177,not_flagged_by_exact_citation_check,01.0177,https://raw.githubusercontent.com/ambuda-org/vidyut/f3ba4167d40eebc4b3023d24e66867aa6a8cdb32/vidyut-prakriya/data/dhatupatha.tsv,bb2013ead0ea536dc7f887164c385c703cb0014ccf6e5af35b87e6d3049ba380,
01.0178,1,vugi~,varjane,वर्जने,179,single_gloss,1,varjane,One source gloss; no attempt to invent finer senses within it.,,,,[],01.0178,not_flagged_by_exact_citation_check,,https://raw.githubusercontent.com/ambuda-org/vidyut/f3ba4167d40eebc4b3023d24e66867aa6a8cdb32/vidyut-prakriya/data/dhatupatha.tsv,bb2013ead0ea536dc7f887164c385c703cb0014ccf6e5af35b87e6d3049ba380,
01.0179,1,GaGa~,hasane,हसने,180,single_gloss,1,hasane,One source gloss; no attempt to invent finer senses within it.,,,,[],01.0179,not_flagged_by_exact_citation_check,01.0179,https://raw.githubusercontent.com/ambuda-org/vidyut/f3ba4167d40eebc4b3023d24e66867aa6a8cdb32/vidyut-prakriya/data/dhatupatha.tsv,bb2013ead0ea536dc7f887164c385c703cb0014ccf6e5af35b87e6d3049ba380,
01.0180,1,GagGa~,hasane,हसने,181,single_gloss,1,hasane,One source gloss; no attempt to invent finer senses within it.,,,,[],01.0180,not_flagged_by_exact_citation_check,,https://raw.githubusercontent.com/ambuda-org/vidyut/f3ba4167d40eebc4b3023d24e66867aa6a8cdb32/vidyut-prakriya/data/dhatupatha.tsv,bb2013ead0ea536dc7f887164c385c703cb0014ccf6e5af35b87e6d3049ba380,
01.0181,1,varba~,gatO,गतौ,182,single_gloss,1,gatO,One source gloss; no attempt to invent finer senses within it.,,,,[],01.0181,not_flagged_by_exact_citation_check,,https://raw.githubusercontent.com/ambuda-org/vidyut/f3ba4167d40eebc4b3023d24e66867aa6a8cdb32/vidyut-prakriya/data/dhatupatha.tsv,bb2013ead0ea536dc7f887164c385c703cb0014ccf6e5af35b87e6d3049ba380,
01.0182,1,baBra~,gatO,गतौ,183,single_gloss,1,gatO,One source gloss; no attempt to invent finer senses within it.,,,,[],01.0182,not_flagged_by_exact_citation_check,,https://raw.githubusercontent.com/ambuda-org/vidyut/f3ba4167d40eebc4b3023d24e66867aa6a8cdb32/vidyut-prakriya/data/dhatupatha.tsv,bb2013ead0ea536dc7f887164c385c703cb0014ccf6e5af35b87e6d3049ba380,
01.0183,1,maGi~,maRqane,मण्डने,184,single_gloss,1,maRqane,One source gloss; no attempt to invent finer senses within it.,,,,[],01.0183,not_flagged_by_exact_citation_check,01.0183,https://raw.githubusercontent.com/ambuda-org/vidyut/f3ba4167d40eebc4b3023d24e66867aa6a8cdb32/vidyut-prakriya/data/dhatupatha.tsv,bb2013ead0ea536dc7f887164c385c703cb0014ccf6e5af35b87e6d3049ba380,
01.0184,1,SiGi~,AGrARe,आघ्राणे,185,single_gloss,1,AGrARe,One source gloss; no attempt to invent finer senses within it.,,,,[],01.0184,not_flagged_by_exact_citation_check,01.0184,https://raw.githubusercontent.com/ambuda-org/vidyut/f3ba4167d40eebc4b3023d24e66867aa6a8cdb32/vidyut-prakriya/data/dhatupatha.tsv,bb2013ead0ea536dc7f887164c385c703cb0014ccf6e5af35b87e6d3049ba380,
01.0185,1,maja~,Sabde,शब्दे,186,single_gloss,1,Sabde,One source gloss; no attempt to invent finer senses within it.,,,,[],01.0185,not_flagged_by_exact_citation_check,,https://raw.githubusercontent.com/ambuda-org/vidyut/f3ba4167d40eebc4b3023d24e66867aa6a8cdb32/vidyut-prakriya/data/dhatupatha.tsv,bb2013ead0ea536dc7f887164c385c703cb0014ccf6e5af35b87e6d3049ba380,
01.0186,1,varca~\,dIptO,दीप्तौ,187,single_gloss,1,dIptO,One source gloss; no attempt to invent finer senses within it.,,,,[],01.0186,not_flagged_by_exact_citation_check,01.0186,https://raw.githubusercontent.com/ambuda-org/vidyut/f3ba4167d40eebc4b3023d24e66867aa6a8cdb32/vidyut-prakriya/data/dhatupatha.tsv,bb2013ead0ea536dc7f887164c385c703cb0014ccf6e5af35b87e6d3049ba380,
01.0187,1,zaca~\,secane sevane ca,सेचने सेवने च,188,enumerated_glosses,2,secane; sevane,Visible enumeration; semantic overlap still belongs to lexical review.,,,,[],01.0187,not_flagged_by_exact_citation_check,01.0187,https://raw.githubusercontent.com/ambuda-org/vidyut/f3ba4167d40eebc4b3023d24e66867aa6a8cdb32/vidyut-prakriya/data/dhatupatha.tsv,bb2013ead0ea536dc7f887164c385c703cb0014ccf6e5af35b87e6d3049ba380,
01.0188,1,locf~\,darSane,दर्शने,189,single_gloss,1,darSane,One source gloss; no attempt to invent finer senses within it.,,,,[],01.0188,not_flagged_by_exact_citation_check,01.0188,https://raw.githubusercontent.com/ambuda-org/vidyut/f3ba4167d40eebc4b3023d24e66867aa6a8cdb32/vidyut-prakriya/data/dhatupatha.tsv,bb2013ead0ea536dc7f887164c385c703cb0014ccf6e5af35b87e6d3049ba380,
01.0189,1,Saca~\,vyaktAyAM vAci,व्यक्तायां वाचि,190,single_gloss,1,vyaktAyAM vAci,"A qualified phrase, not one meaning per word.",,,,[],01.0189,not_flagged_by_exact_citation_check,01.0189,https://raw.githubusercontent.com/ambuda-org/vidyut/f3ba4167d40eebc4b3023d24e66867aa6a8cdb32/vidyut-prakriya/data/dhatupatha.tsv,bb2013ead0ea536dc7f887164c385c703cb0014ccf6e5af35b87e6d3049ba380,
01.0190,1,Svaca~\,gatO,गतौ,191,single_gloss,1,gatO,One source gloss; no attempt to invent finer senses within it.,,,,[],01.0190,not_flagged_by_exact_citation_check,01.0190,https://raw.githubusercontent.com/ambuda-org/vidyut/f3ba4167d40eebc4b3023d24e66867aa6a8cdb32/vidyut-prakriya/data/dhatupatha.tsv,bb2013ead0ea536dc7f887164c385c703cb0014ccf6e5af35b87e6d3049ba380,
01.0191,1,Svaci~\,gatO,गतौ,192,single_gloss,1,gatO,One source gloss; no attempt to invent finer senses within it.,,,,[],01.0191,not_flagged_by_exact_citation_check,01.0191,https://raw.githubusercontent.com/ambuda-org/vidyut/f3ba4167d40eebc4b3023d24e66867aa6a8cdb32/vidyut-prakriya/data/dhatupatha.tsv,bb2013ead0ea536dc7f887164c385c703cb0014ccf6e5af35b87e6d3049ba380,
01.0192,1,kaca~\,banDane,बन्धने,193,single_gloss,1,banDane,One source gloss; no attempt to invent finer senses within it.,,,,[],01.0192,not_flagged_by_exact_citation_check,01.0192,https://raw.githubusercontent.com/ambuda-org/vidyut/f3ba4167d40eebc4b3023d24e66867aa6a8cdb32/vidyut-prakriya/data/dhatupatha.tsv,bb2013ead0ea536dc7f887164c385c703cb0014ccf6e5af35b87e6d3049ba380,
01.0193,1,kaci~\,dIptibanDanayoH,दीप्तिबन्धनयोः,194,enumerated_glosses,2,dIptO; banDane,Explicit analyst segmentation; retain the original compound for review.,,,,[],01.0193,not_flagged_by_exact_citation_check,01.0193,https://raw.githubusercontent.com/ambuda-org/vidyut/f3ba4167d40eebc4b3023d24e66867aa6a8cdb32/vidyut-prakriya/data/dhatupatha.tsv,bb2013ead0ea536dc7f887164c385c703cb0014ccf6e5af35b87e6d3049ba380,
01.0194,1,kAci~\,dIptibanDanayoH,दीप्तिबन्धनयोः,195,enumerated_glosses,2,dIptO; banDane,Explicit analyst segmentation; retain the original compound for review.,,,,[],01.0194,not_flagged_by_exact_citation_check,01.0194,https://raw.githubusercontent.com/ambuda-org/vidyut/f3ba4167d40eebc4b3023d24e66867aa6a8cdb32/vidyut-prakriya/data/dhatupatha.tsv,bb2013ead0ea536dc7f887164c385c703cb0014ccf6e5af35b87e6d3049ba380,
01.0195,1,maca~\,kalkane kaTane ca,कल्कने कथने च,196,enumerated_glosses,2,kalkane; kaTane,Visible enumeration; semantic overlap still belongs to lexical review.,,,,[],01.0195,not_flagged_by_exact_citation_check,01.0195,https://raw.githubusercontent.com/ambuda-org/vidyut/f3ba4167d40eebc4b3023d24e66867aa6a8cdb32/vidyut-prakriya/data/dhatupatha.tsv,bb2013ead0ea536dc7f887164c385c703cb0014ccf6e5af35b87e6d3049ba380,
01.0196,1,muci~\,kalkane kaTane ca,कल्कने कथने च,197,enumerated_glosses,2,kalkane; kaTane,Visible enumeration; semantic overlap still belongs to lexical review.,,,,[],01.0196,not_flagged_by_exact_citation_check,,https://raw.githubusercontent.com/ambuda-org/vidyut/f3ba4167d40eebc4b3023d24e66867aa6a8cdb32/vidyut-prakriya/data/dhatupatha.tsv,bb2013ead0ea536dc7f887164c385c703cb0014ccf6e5af35b87e6d3049ba380,
01.0197,1,maci~\,DAraRocCrAyapUjanezu,धारणोच्छ्रायपूजनेषु,198,enumerated_glosses,3,DAraRe; ucCrAye; pUjane,Explicit analyst segmentation; retain the original compound for review.,,,,[],01.0197,not_flagged_by_exact_citation_check,01.0197,https://raw.githubusercontent.com/ambuda-org/vidyut/f3ba4167d40eebc4b3023d24e66867aa6a8cdb32/vidyut-prakriya/data/dhatupatha.tsv,bb2013ead0ea536dc7f887164c385c703cb0014ccf6e5af35b87e6d3049ba380,
01.0198,1,paci~\,vyaktIkaraRe,व्यक्तीकरणे,199,single_gloss,1,vyaktIkaraRe,One source gloss; no attempt to invent finer senses within it.,,,,[],01.0198,not_flagged_by_exact_citation_check,01.0198,https://raw.githubusercontent.com/ambuda-org/vidyut/f3ba4167d40eebc4b3023d24e66867aa6a8cdb32/vidyut-prakriya/data/dhatupatha.tsv,bb2013ead0ea536dc7f887164c385c703cb0014ccf6e5af35b87e6d3049ba380,
01.0199,1,zwuca~\,prasAde,प्रसादे,200,single_gloss,1,prasAde,One source gloss; no attempt to invent finer senses within it.,,,,[],01.0199,not_flagged_by_exact_citation_check,01.0199,https://raw.githubusercontent.com/ambuda-org/vidyut/f3ba4167d40eebc4b3023d24e66867aa6a8cdb32/vidyut-prakriya/data/dhatupatha.tsv,bb2013ead0ea536dc7f887164c385c703cb0014ccf6e5af35b87e6d3049ba380,
01.0200,1,fja~\,gatisTAnArjanopArjanezu,गतिस्थानार्जनोपार्जनेषु,201,enumerated_glosses,4,gatO; sTAne; arjane; upArjane,Explicit analyst segmentation; retain the original compound for review.,,,,[],01.0200,not_flagged_by_exact_citation_check,01.0200,https://raw.githubusercontent.com/ambuda-org/vidyut/f3ba4167d40eebc4b3023d24e66867aa6a8cdb32/vidyut-prakriya/data/dhatupatha.tsv,bb2013ead0ea536dc7f887164c385c703cb0014ccf6e5af35b87e6d3049ba380,
01.0201,1,fji~\,Barjane,भर्जने,202,single_gloss,1,Barjane,One source gloss; no attempt to invent finer senses within it.,,,,[],01.0201,not_flagged_by_exact_citation_check,01.0201,https://raw.githubusercontent.com/ambuda-org/vidyut/f3ba4167d40eebc4b3023d24e66867aa6a8cdb32/vidyut-prakriya/data/dhatupatha.tsv,bb2013ead0ea536dc7f887164c385c703cb0014ccf6e5af35b87e6d3049ba380,
01.0202,1,BfjI~\,Barjane,भर्जने,203,single_gloss,1,Barjane,One source gloss; no attempt to invent finer senses within it.,,,,[],01.0202,not_flagged_by_exact_citation_check,01.0202,https://raw.githubusercontent.com/ambuda-org/vidyut/f3ba4167d40eebc4b3023d24e66867aa6a8cdb32/vidyut-prakriya/data/dhatupatha.tsv,bb2013ead0ea536dc7f887164c385c703cb0014ccf6e5af35b87e6d3049ba380,
01.0203,1,ejf~\,dIptO,दीप्तौ,204,single_gloss,1,dIptO,One source gloss; no attempt to invent finer senses within it.,,,,[],01.0203,not_flagged_by_exact_citation_check,01.0203,https://raw.githubusercontent.com/ambuda-org/vidyut/f3ba4167d40eebc4b3023d24e66867aa6a8cdb32/vidyut-prakriya/data/dhatupatha.tsv,bb2013ead0ea536dc7f887164c385c703cb0014ccf6e5af35b87e6d3049ba380,
01.0204,1,Brejf~\,dIptO,दीप्तौ,205,single_gloss,1,dIptO,One source gloss; no attempt to invent finer senses within it.,,,,[],01.0204,not_flagged_by_exact_citation_check,01.0204,https://raw.githubusercontent.com/ambuda-org/vidyut/f3ba4167d40eebc4b3023d24e66867aa6a8cdb32/vidyut-prakriya/data/dhatupatha.tsv,bb2013ead0ea536dc7f887164c385c703cb0014ccf6e5af35b87e6d3049ba380,
01.0205,1,BrAjf~\,dIptO,दीप्तौ,206,single_gloss,1,dIptO,One source gloss; no attempt to invent finer senses within it.,,,,[],01.0205,not_flagged_by_exact_citation_check,01.0205,https://raw.githubusercontent.com/ambuda-org/vidyut/f3ba4167d40eebc4b3023d24e66867aa6a8cdb32/vidyut-prakriya/data/dhatupatha.tsv,bb2013ead0ea536dc7f887164c385c703cb0014ccf6e5af35b87e6d3049ba380,
01.0206,1,kAqf~\,anAdare,अनादरे,207,single_gloss,1,anAdare,One source gloss; no attempt to invent finer senses within it.,,,,[],01.0206,not_flagged_by_exact_citation_check,,https://raw.githubusercontent.com/ambuda-org/vidyut/f3ba4167d40eebc4b3023d24e66867aa6a8cdb32/vidyut-prakriya/data/dhatupatha.tsv,bb2013ead0ea536dc7f887164c385c703cb0014ccf6e5af35b87e6d3049ba380,
01.0207,1,Ija~\,gatikutsanayoH,गतिकुत्सनयोः,208,enumerated_glosses,2,gatO; kutsAyAm,Explicit analyst segmentation; retain the original compound for review.,,,,[],01.0207,not_flagged_by_exact_citation_check,,https://raw.githubusercontent.com/ambuda-org/vidyut/f3ba4167d40eebc4b3023d24e66867aa6a8cdb32/vidyut-prakriya/data/dhatupatha.tsv,bb2013ead0ea536dc7f887164c385c703cb0014ccf6e5af35b87e6d3049ba380,
01.0208,1,pebf~\,sevane,सेवने,209,single_gloss,1,sevane,One source gloss; no attempt to invent finer senses within it.,,,,[],01.0208,not_flagged_by_exact_citation_check,,https://raw.githubusercontent.com/ambuda-org/vidyut/f3ba4167d40eebc4b3023d24e66867aa6a8cdb32/vidyut-prakriya/data/dhatupatha.tsv,bb2013ead0ea536dc7f887164c385c703cb0014ccf6e5af35b87e6d3049ba380,
01.0209,1,plebf~\,sevane,सेवने,210,single_gloss,1,sevane,One source gloss; no attempt to invent finer senses within it.,,,,[],01.0209,not_flagged_by_exact_citation_check,,https://raw.githubusercontent.com/ambuda-org/vidyut/f3ba4167d40eebc4b3023d24e66867aa6a8cdb32/vidyut-prakriya/data/dhatupatha.tsv,bb2013ead0ea536dc7f887164c385c703cb0014ccf6e5af35b87e6d3049ba380,
01.0210,1,Suca~,Soke,शोके,211,single_gloss,1,Soke,One source gloss; no attempt to invent finer senses within it.,,,,[],01.0210,not_flagged_by_exact_citation_check,01.0210,https://raw.githubusercontent.com/ambuda-org/vidyut/f3ba4167d40eebc4b3023d24e66867aa6a8cdb32/vidyut-prakriya/data/dhatupatha.tsv,bb2013ead0ea536dc7f887164c385c703cb0014ccf6e5af35b87e6d3049ba380,
01.0211,1,kuca~,Sabde tAre,शब्दे तारे,212,single_gloss,1,Sabde tAre,"A qualified phrase, not one meaning per word.",,,,[],01.0211,retain_distinct_meanings,01.0211,https://raw.githubusercontent.com/ambuda-org/vidyut/f3ba4167d40eebc4b3023d24e66867aa6a8cdb32/vidyut-prakriya/data/dhatupatha.tsv,bb2013ead0ea536dc7f887164c385c703cb0014ccf6e5af35b87e6d3049ba380,IR103
01.0212,1,kunca~,gatikOwilyAlpIBAvayoH,गतिकौटिल्याल्पीभावयोः,213,enumerated_glosses,3,gatO; kOwilye; alpIBAve,"Three meanings in the reading attributed to Kshirasvamin: movement, crookedness, and diminution. The commentary separately records the two-member reading. Retain that provenance rather than inferring the count from the dual ending.",,MR04,,"[{""filename"": ""dhatu-mA105.html"", ""url"": ""https://sanskrit.uohyd.ac.in/scl/dhaatupaatha/files/mA105.html"", ""accessed_utc"": ""2026-09-12T14:06:56.787151+00:00"", ""sha256"": ""a3728b50592edca589906a25644378a33ce91a810f510da7c12dd0891022ac06"", ""bytes"": 7413}]",01.0212,not_flagged_by_exact_citation_check,,https://raw.githubusercontent.com/ambuda-org/vidyut/f3ba4167d40eebc4b3023d24e66867aa6a8cdb32/vidyut-prakriya/data/dhatupatha.tsv,bb2013ead0ea536dc7f887164c385c703cb0014ccf6e5af35b87e6d3049ba380,
01.0213,1,krunca~,gatikOwilyAlpIBAvayoH,गतिकौटिल्याल्पीभावयोः,214,enumerated_glosses,3,gatO; kOwilye; alpIBAve,"Three meanings in the reading attributed to Kshirasvamin: movement, crookedness, and diminution. The commentary separately records the two-member reading. Retain that provenance rather than inferring the count from the dual ending.",,MR04,,"[{""filename"": ""dhatu-mA105.html"", ""url"": ""https://sanskrit.uohyd.ac.in/scl/dhaatupaatha/files/mA105.html"", ""accessed_utc"": ""2026-09-12T14:06:56.787151+00:00"", ""sha256"": ""a3728b50592edca589906a25644378a33ce91a810f510da7c12dd0891022ac06"", ""bytes"": 7413}]",01.0213,not_flagged_by_exact_citation_check,,https://raw.githubusercontent.com/ambuda-org/vidyut/f3ba4167d40eebc4b3023d24e66867aa6a8cdb32/vidyut-prakriya/data/dhatupatha.tsv,bb2013ead0ea536dc7f887164c385c703cb0014ccf6e5af35b87e6d3049ba380,
01.0214,1,lunca~,apanayane,अपनयने,215,single_gloss,1,apanayane,One source gloss; no attempt to invent finer senses within it.,,,,[],01.0214,not_flagged_by_exact_citation_check,,https://raw.githubusercontent.com/ambuda-org/vidyut/f3ba4167d40eebc4b3023d24e66867aa6a8cdb32/vidyut-prakriya/data/dhatupatha.tsv,bb2013ead0ea536dc7f887164c385c703cb0014ccf6e5af35b87e6d3049ba380,
01.0215,1,ancu~,gatipUjanayoH,गतिपूजनयोः,216,enumerated_glosses,2,gatO; pUjane,Explicit analyst segmentation; retain the original compound for review.,,,,[],01.0215,retain_distinct_meanings,,https://raw.githubusercontent.com/ambuda-org/vidyut/f3ba4167d40eebc4b3023d24e66867aa6a8cdb32/vidyut-prakriya/data/dhatupatha.tsv,bb2013ead0ea536dc7f887164c385c703cb0014ccf6e5af35b87e6d3049ba380,IR35
01.0216,1,vancu~,gatO,गतौ,217,single_gloss,1,gatO,One source gloss; no attempt to invent finer senses within it.,,,,[],01.0216,retain_distinct_meanings,,https://raw.githubusercontent.com/ambuda-org/vidyut/f3ba4167d40eebc4b3023d24e66867aa6a8cdb32/vidyut-prakriya/data/dhatupatha.tsv,bb2013ead0ea536dc7f887164c385c703cb0014ccf6e5af35b87e6d3049ba380,IR198
01.0217,1,cancu~,gatO,गतौ,218,single_gloss,1,gatO,One source gloss; no attempt to invent finer senses within it.,,,,[],01.0217,not_flagged_by_exact_citation_check,,https://raw.githubusercontent.com/ambuda-org/vidyut/f3ba4167d40eebc4b3023d24e66867aa6a8cdb32/vidyut-prakriya/data/dhatupatha.tsv,bb2013ead0ea536dc7f887164c385c703cb0014ccf6e5af35b87e6d3049ba380,
01.0218,1,tancu~,gatO,गतौ,219,single_gloss,1,gatO,One source gloss; no attempt to invent finer senses within it.,,,,[],01.0218,not_flagged_by_exact_citation_check,,https://raw.githubusercontent.com/ambuda-org/vidyut/f3ba4167d40eebc4b3023d24e66867aa6a8cdb32/vidyut-prakriya/data/dhatupatha.tsv,bb2013ead0ea536dc7f887164c385c703cb0014ccf6e5af35b87e6d3049ba380,
01.0219,1,tvancu~,gatO,गतौ,220,single_gloss,1,gatO,One source gloss; no attempt to invent finer senses within it.,,,,[],01.0219,not_flagged_by_exact_citation_check,,https://raw.githubusercontent.com/ambuda-org/vidyut/f3ba4167d40eebc4b3023d24e66867aa6a8cdb32/vidyut-prakriya/data/dhatupatha.tsv,bb2013ead0ea536dc7f887164c385c703cb0014ccf6e5af35b87e6d3049ba380,
01.0220,1,mruncu~,gatO,गतौ,221,single_gloss,1,gatO,One source gloss; no attempt to invent finer senses within it.,,,,[],01.0220,not_flagged_by_exact_citation_check,,https://raw.githubusercontent.com/ambuda-org/vidyut/f3ba4167d40eebc4b3023d24e66867aa6a8cdb32/vidyut-prakriya/data/dhatupatha.tsv,bb2013ead0ea536dc7f887164c385c703cb0014ccf6e5af35b87e6d3049ba380,
01.0221,1,mluncu~,gatO,गतौ,222,single_gloss,1,gatO,One source gloss; no attempt to invent finer senses within it.,,,,[],01.0221,not_flagged_by_exact_citation_check,,https://raw.githubusercontent.com/ambuda-org/vidyut/f3ba4167d40eebc4b3023d24e66867aa6a8cdb32/vidyut-prakriya/data/dhatupatha.tsv,bb2013ead0ea536dc7f887164c385c703cb0014ccf6e5af35b87e6d3049ba380,
01.0222,1,mrucu~,gatO,गतौ,223,single_gloss,1,gatO,One source gloss; no attempt to invent finer senses within it.,,,,[],01.0222,not_flagged_by_exact_citation_check,01.0222,https://raw.githubusercontent.com/ambuda-org/vidyut/f3ba4167d40eebc4b3023d24e66867aa6a8cdb32/vidyut-prakriya/data/dhatupatha.tsv,bb2013ead0ea536dc7f887164c385c703cb0014ccf6e5af35b87e6d3049ba380,
01.0223,1,mlucu~,gatO,गतौ,224,single_gloss,1,gatO,One source gloss; no attempt to invent finer senses within it.,,,,[],01.0223,not_flagged_by_exact_citation_check,01.0223,https://raw.githubusercontent.com/ambuda-org/vidyut/f3ba4167d40eebc4b3023d24e66867aa6a8cdb32/vidyut-prakriya/data/dhatupatha.tsv,bb2013ead0ea536dc7f887164c385c703cb0014ccf6e5af35b87e6d3049ba380,
01.0224,1,grucu~,steyakaraRe,स्तेयकरणे,225,single_gloss,1,steyakaraRe,One source gloss; no attempt to invent finer senses within it.,,,,[],01.0224,not_flagged_by_exact_citation_check,01.0224,https://raw.githubusercontent.com/ambuda-org/vidyut/f3ba4167d40eebc4b3023d24e66867aa6a8cdb32/vidyut-prakriya/data/dhatupatha.tsv,bb2013ead0ea536dc7f887164c385c703cb0014ccf6e5af35b87e6d3049ba380,
01.0225,1,glucu~,steyakaraRe,स्तेयकरणे,226,single_gloss,1,steyakaraRe,One source gloss; no attempt to invent finer senses within it.,,,,[],01.0225,not_flagged_by_exact_citation_check,01.0225,https://raw.githubusercontent.com/ambuda-org/vidyut/f3ba4167d40eebc4b3023d24e66867aa6a8cdb32/vidyut-prakriya/data/dhatupatha.tsv,bb2013ead0ea536dc7f887164c385c703cb0014ccf6e5af35b87e6d3049ba380,
01.0226,1,kuju~,steyakaraRe,स्तेयकरणे,227,single_gloss,1,steyakaraRe,One source gloss; no attempt to invent finer senses within it.,,,,[],01.0226,not_flagged_by_exact_citation_check,01.0226,https://raw.githubusercontent.com/ambuda-org/vidyut/f3ba4167d40eebc4b3023d24e66867aa6a8cdb32/vidyut-prakriya/data/dhatupatha.tsv,bb2013ead0ea536dc7f887164c385c703cb0014ccf6e5af35b87e6d3049ba380,
01.0227,1,Kuju~,steyakaraRe,स्तेयकरणे,228,single_gloss,1,steyakaraRe,One source gloss; no attempt to invent finer senses within it.,,,,[],01.0227,not_flagged_by_exact_citation_check,01.0227,https://raw.githubusercontent.com/ambuda-org/vidyut/f3ba4167d40eebc4b3023d24e66867aa6a8cdb32/vidyut-prakriya/data/dhatupatha.tsv,bb2013ead0ea536dc7f887164c385c703cb0014ccf6e5af35b87e6d3049ba380,
01.0228,1,gluncu~,gatO,गतौ,229,single_gloss,1,gatO,One source gloss; no attempt to invent finer senses within it.,,,,[],01.0228,not_flagged_by_exact_citation_check,,https://raw.githubusercontent.com/ambuda-org/vidyut/f3ba4167d40eebc4b3023d24e66867aa6a8cdb32/vidyut-prakriya/data/dhatupatha.tsv,bb2013ead0ea536dc7f887164c385c703cb0014ccf6e5af35b87e6d3049ba380,
01.0229,1,zasja~,gatO,गतौ,230,single_gloss,1,gatO,One source gloss; no attempt to invent finer senses within it.,,,,[],01.0229,not_flagged_by_exact_citation_check,01.0229,https://raw.githubusercontent.com/ambuda-org/vidyut/f3ba4167d40eebc4b3023d24e66867aa6a8cdb32/vidyut-prakriya/data/dhatupatha.tsv,bb2013ead0ea536dc7f887164c385c703cb0014ccf6e5af35b87e6d3049ba380,
01.0230,1,guja~,avyakte Sabde,अव्यक्ते शब्दे,231,single_gloss,1,avyakte Sabde,"A qualified phrase, not one meaning per word.",,,,[],01.0230,merge_shared_meanings,01.0230,https://raw.githubusercontent.com/ambuda-org/vidyut/f3ba4167d40eebc4b3023d24e66867aa6a8cdb32/vidyut-prakriya/data/dhatupatha.tsv,bb2013ead0ea536dc7f887164c385c703cb0014ccf6e5af35b87e6d3049ba380,IR75
01.0231,1,guji~,avyakte Sabde,अव्यक्ते शब्दे,232,single_gloss,1,avyakte Sabde,"A qualified phrase, not one meaning per word.",,,,[],01.0231,not_flagged_by_exact_citation_check,01.0231,https://raw.githubusercontent.com/ambuda-org/vidyut/f3ba4167d40eebc4b3023d24e66867aa6a8cdb32/vidyut-prakriya/data/dhatupatha.tsv,bb2013ead0ea536dc7f887164c385c703cb0014ccf6e5af35b87e6d3049ba380,
01.0232,1,arca~,pUjAyAm,पूजायाम्,233,single_gloss,1,pUjAyAm,One source gloss; no attempt to invent finer senses within it.,,,,[],01.0232,merge_shared_meanings,01.0232,https://raw.githubusercontent.com/ambuda-org/vidyut/f3ba4167d40eebc4b3023d24e66867aa6a8cdb32/vidyut-prakriya/data/dhatupatha.tsv,bb2013ead0ea536dc7f887164c385c703cb0014ccf6e5af35b87e6d3049ba380,IR36
01.0233,1,mleCa~,avyakte Sabde,अव्यक्ते शब्दे,234,single_gloss,1,avyakte Sabde,"A qualified phrase, not one meaning per word.",,,,[],01.0233,merge_shared_meanings,,https://raw.githubusercontent.com/ambuda-org/vidyut/f3ba4167d40eebc4b3023d24e66867aa6a8cdb32/vidyut-prakriya/data/dhatupatha.tsv,bb2013ead0ea536dc7f887164c385c703cb0014ccf6e5af35b87e6d3049ba380,IR137
01.0234,1,laCa~,lakzaRe,लक्षणे,235,single_gloss,1,lakzaRe,One source gloss; no attempt to invent finer senses within it.,,,,[],01.0234,not_flagged_by_exact_citation_check,,https://raw.githubusercontent.com/ambuda-org/vidyut/f3ba4167d40eebc4b3023d24e66867aa6a8cdb32/vidyut-prakriya/data/dhatupatha.tsv,bb2013ead0ea536dc7f887164c385c703cb0014ccf6e5af35b87e6d3049ba380,
01.0235,1,lACi~,lakzaRe,लक्षणे,236,single_gloss,1,lakzaRe,One source gloss; no attempt to invent finer senses within it.,,,,[],01.0235,not_flagged_by_exact_citation_check,,https://raw.githubusercontent.com/ambuda-org/vidyut/f3ba4167d40eebc4b3023d24e66867aa6a8cdb32/vidyut-prakriya/data/dhatupatha.tsv,bb2013ead0ea536dc7f887164c385c703cb0014ccf6e5af35b87e6d3049ba380,
01.0236,1,vACi~,icCAyAm,इच्छायाम्,237,single_gloss,1,icCAyAm,One source gloss; no attempt to invent finer senses within it.,,,,[],01.0236,not_flagged_by_exact_citation_check,,https://raw.githubusercontent.com/ambuda-org/vidyut/f3ba4167d40eebc4b3023d24e66867aa6a8cdb32/vidyut-prakriya/data/dhatupatha.tsv,bb2013ead0ea536dc7f887164c385c703cb0014ccf6e5af35b87e6d3049ba380,
01.0237,1,ACi~,AyAme,आयामे,238,single_gloss,1,AyAme,One source gloss; no attempt to invent finer senses within it.,,,,[],01.0237,not_flagged_by_exact_citation_check,,https://raw.githubusercontent.com/ambuda-org/vidyut/f3ba4167d40eebc4b3023d24e66867aa6a8cdb32/vidyut-prakriya/data/dhatupatha.tsv,bb2013ead0ea536dc7f887164c385c703cb0014ccf6e5af35b87e6d3049ba380,
01.0238,1,hrICa~,lajjAyAm,लज्जायाम्,239,single_gloss,1,lajjAyAm,One source gloss; no attempt to invent finer senses within it.,,,,[],01.0238,not_flagged_by_exact_citation_check,,https://raw.githubusercontent.com/ambuda-org/vidyut/f3ba4167d40eebc4b3023d24e66867aa6a8cdb32/vidyut-prakriya/data/dhatupatha.tsv,bb2013ead0ea536dc7f887164c385c703cb0014ccf6e5af35b87e6d3049ba380,
01.0239,1,hurCA~,kOwilye,कौटिल्ये,240,single_gloss,1,kOwilye,One source gloss; no attempt to invent finer senses within it.,,,,[],01.0239,not_flagged_by_exact_citation_check,,https://raw.githubusercontent.com/ambuda-org/vidyut/f3ba4167d40eebc4b3023d24e66867aa6a8cdb32/vidyut-prakriya/data/dhatupatha.tsv,bb2013ead0ea536dc7f887164c385c703cb0014ccf6e5af35b87e6d3049ba380,
01.0240,1,murCA~,mohasamucCrAyayoH,मोहसमुच्छ्राययोः,241,enumerated_glosses,2,mohe; samucCrAye,Explicit analyst segmentation; retain the original compound for review.,,,,[],01.0240,not_flagged_by_exact_citation_check,,https://raw.githubusercontent.com/ambuda-org/vidyut/f3ba4167d40eebc4b3023d24e66867aa6a8cdb32/vidyut-prakriya/data/dhatupatha.tsv,bb2013ead0ea536dc7f887164c385c703cb0014ccf6e5af35b87e6d3049ba380,
01.0241,1,sPurCA~,vistftO,विस्तृतौ,242,single_gloss,1,vistftO,One source gloss; no attempt to invent finer senses within it.,,,,[],01.0241,not_flagged_by_exact_citation_check,,https://raw.githubusercontent.com/ambuda-org/vidyut/f3ba4167d40eebc4b3023d24e66867aa6a8cdb32/vidyut-prakriya/data/dhatupatha.tsv,bb2013ead0ea536dc7f887164c385c703cb0014ccf6e5af35b87e6d3049ba380,
01.0242,1,yuCa~,pramAde,प्रमादे,243,single_gloss,1,pramAde,One source gloss; no attempt to invent finer senses within it.,,,,[],01.0242,not_flagged_by_exact_citation_check,,https://raw.githubusercontent.com/ambuda-org/vidyut/f3ba4167d40eebc4b3023d24e66867aa6a8cdb32/vidyut-prakriya/data/dhatupatha.tsv,bb2013ead0ea536dc7f887164c385c703cb0014ccf6e5af35b87e6d3049ba380,
01.0243,1,uCi~,uYCe,उञ्छे,244,single_gloss,1,uYCe,One source gloss; no attempt to invent finer senses within it.,,,,[],01.0243,merge_shared_meanings,,https://raw.githubusercontent.com/ambuda-org/vidyut/f3ba4167d40eebc4b3023d24e66867aa6a8cdb32/vidyut-prakriya/data/dhatupatha.tsv,bb2013ead0ea536dc7f887164c385c703cb0014ccf6e5af35b87e6d3049ba380,IR193
01.0244,1,uCI~,vivAse,विवासे,245,single_gloss,1,vivAse,One source gloss; no attempt to invent finer senses within it.,,,,[],01.0244,merge_shared_meanings,,https://raw.githubusercontent.com/ambuda-org/vidyut/f3ba4167d40eebc4b3023d24e66867aa6a8cdb32/vidyut-prakriya/data/dhatupatha.tsv,bb2013ead0ea536dc7f887164c385c703cb0014ccf6e5af35b87e6d3049ba380,IR192
01.0245,1,Draja~,gatO,गतौ,246,single_gloss,1,gatO,One source gloss; no attempt to invent finer senses within it.,,,,[],01.0245,not_flagged_by_exact_citation_check,01.0245,https://raw.githubusercontent.com/ambuda-org/vidyut/f3ba4167d40eebc4b3023d24e66867aa6a8cdb32/vidyut-prakriya/data/dhatupatha.tsv,bb2013ead0ea536dc7f887164c385c703cb0014ccf6e5af35b87e6d3049ba380,
01.0246,1,Draji~,gatO,गतौ,247,single_gloss,1,gatO,One source gloss; no attempt to invent finer senses within it.,,,,[],01.0246,not_flagged_by_exact_citation_check,01.0246,https://raw.githubusercontent.com/ambuda-org/vidyut/f3ba4167d40eebc4b3023d24e66867aa6a8cdb32/vidyut-prakriya/data/dhatupatha.tsv,bb2013ead0ea536dc7f887164c385c703cb0014ccf6e5af35b87e6d3049ba380,
01.0247,1,awi~\,gatO,गतौ,248,single_gloss,1,gatO,One source gloss; no attempt to invent finer senses within it.,,,,[],01.0247,not_flagged_by_exact_citation_check,,https://raw.githubusercontent.com/ambuda-org/vidyut/f3ba4167d40eebc4b3023d24e66867aa6a8cdb32/vidyut-prakriya/data/dhatupatha.tsv,bb2013ead0ea536dc7f887164c385c703cb0014ccf6e5af35b87e6d3049ba380,
01.0248,1,rebf~,plavagatO,प्लवगतौ,249,single_gloss,1,plavagatO,One source gloss; no attempt to invent finer senses within it.,,,,[],01.0248,not_flagged_by_exact_citation_check,,https://raw.githubusercontent.com/ambuda-org/vidyut/f3ba4167d40eebc4b3023d24e66867aa6a8cdb32/vidyut-prakriya/data/dhatupatha.tsv,bb2013ead0ea536dc7f887164c385c703cb0014ccf6e5af35b87e6d3049ba380,
01.0249,1,Dfja~,gatO,गतौ,250,single_gloss,1,gatO,One source gloss; no attempt to invent finer senses within it.,,,,[],01.0249,not_flagged_by_exact_citation_check,01.0249,https://raw.githubusercontent.com/ambuda-org/vidyut/f3ba4167d40eebc4b3023d24e66867aa6a8cdb32/vidyut-prakriya/data/dhatupatha.tsv,bb2013ead0ea536dc7f887164c385c703cb0014ccf6e5af35b87e6d3049ba380,
01.0250,1,Dfji~,gatO,गतौ,251,single_gloss,1,gatO,One source gloss; no attempt to invent finer senses within it.,,,,[],01.0250,not_flagged_by_exact_citation_check,01.0250,https://raw.githubusercontent.com/ambuda-org/vidyut/f3ba4167d40eebc4b3023d24e66867aa6a8cdb32/vidyut-prakriya/data/dhatupatha.tsv,bb2013ead0ea536dc7f887164c385c703cb0014ccf6e5af35b87e6d3049ba380,
01.0251,1,Dvaja~,gatO,गतौ,252,single_gloss,1,gatO,One source gloss; no attempt to invent finer senses within it.,,,,[],01.0251,not_flagged_by_exact_citation_check,01.0251,https://raw.githubusercontent.com/ambuda-org/vidyut/f3ba4167d40eebc4b3023d24e66867aa6a8cdb32/vidyut-prakriya/data/dhatupatha.tsv,bb2013ead0ea536dc7f887164c385c703cb0014ccf6e5af35b87e6d3049ba380,
01.0252,1,Dvaji~,gatO,गतौ,253,single_gloss,1,gatO,One source gloss; no attempt to invent finer senses within it.,,,,[],01.0252,not_flagged_by_exact_citation_check,01.0252,https://raw.githubusercontent.com/ambuda-org/vidyut/f3ba4167d40eebc4b3023d24e66867aa6a8cdb32/vidyut-prakriya/data/dhatupatha.tsv,bb2013ead0ea536dc7f887164c385c703cb0014ccf6e5af35b87e6d3049ba380,
01.0253,1,zalf~,gatO,गतौ,254,single_gloss,1,gatO,One source gloss; no attempt to invent finer senses within it.,,,,[],01.0253,open,,https://raw.githubusercontent.com/ambuda-org/vidyut/f3ba4167d40eebc4b3023d24e66867aa6a8cdb32/vidyut-prakriya/data/dhatupatha.tsv,bb2013ead0ea536dc7f887164c385c703cb0014ccf6e5af35b87e6d3049ba380,IR217
01.0254,1,kUja~,avyakte Sabde,अव्यक्ते शब्दे,255,single_gloss,1,avyakte Sabde,"A qualified phrase, not one meaning per word.",,,,[],01.0254,not_flagged_by_exact_citation_check,01.0254,https://raw.githubusercontent.com/ambuda-org/vidyut/f3ba4167d40eebc4b3023d24e66867aa6a8cdb32/vidyut-prakriya/data/dhatupatha.tsv,bb2013ead0ea536dc7f887164c385c703cb0014ccf6e5af35b87e6d3049ba380,
01.0255,1,Bfzu~,saNGarze,सङ्घर्षे,256,single_gloss,1,saNGarze,One source gloss; no attempt to invent finer senses within it.,,,,[],01.0255,not_flagged_by_exact_citation_check,,https://raw.githubusercontent.com/ambuda-org/vidyut/f3ba4167d40eebc4b3023d24e66867aa6a8cdb32/vidyut-prakriya/data/dhatupatha.tsv,bb2013ead0ea536dc7f887164c385c703cb0014ccf6e5af35b87e6d3049ba380,
01.0256,1,arja~,arjane,अर्जने,257,single_gloss,1,arjane,One source gloss; no attempt to invent finer senses within it.,,,,[],01.0256,open,01.0256,https://raw.githubusercontent.com/ambuda-org/vidyut/f3ba4167d40eebc4b3023d24e66867aa6a8cdb32/vidyut-prakriya/data/dhatupatha.tsv,bb2013ead0ea536dc7f887164c385c703cb0014ccf6e5af35b87e6d3049ba380,IR38
01.0257,1,zarja~,arjane,अर्जने,258,single_gloss,1,arjane,One source gloss; no attempt to invent finer senses within it.,,,,[],01.0257,not_flagged_by_exact_citation_check,01.0257,https://raw.githubusercontent.com/ambuda-org/vidyut/f3ba4167d40eebc4b3023d24e66867aa6a8cdb32/vidyut-prakriya/data/dhatupatha.tsv,bb2013ead0ea536dc7f887164c385c703cb0014ccf6e5af35b87e6d3049ba380,
01.0258,1,garja~,Sabde,शब्दे,259,single_gloss,1,Sabde,One source gloss; no attempt to invent finer senses within it.,,,,[],01.0258,merge_shared_meanings,01.0258,https://raw.githubusercontent.com/ambuda-org/vidyut/f3ba4167d40eebc4b3023d24e66867aa6a8cdb32/vidyut-prakriya/data/dhatupatha.tsv,bb2013ead0ea536dc7f887164c385c703cb0014ccf6e5af35b87e6d3049ba380,IR70
01.0259,1,tarja~,Bartsane,भर्त्सने,260,single_gloss,1,Bartsane,One source gloss; no attempt to invent finer senses within it.,,,,[],01.0259,merge_shared_meanings,01.0259,https://raw.githubusercontent.com/ambuda-org/vidyut/f3ba4167d40eebc4b3023d24e66867aa6a8cdb32/vidyut-prakriya/data/dhatupatha.tsv,bb2013ead0ea536dc7f887164c385c703cb0014ccf6e5af35b87e6d3049ba380,IR179
01.0260,1,karja~,vyaTane,व्यथने,261,single_gloss,1,vyaTane,One source gloss; no attempt to invent finer senses within it.,,,,[],01.0260,not_flagged_by_exact_citation_check,01.0260,https://raw.githubusercontent.com/ambuda-org/vidyut/f3ba4167d40eebc4b3023d24e66867aa6a8cdb32/vidyut-prakriya/data/dhatupatha.tsv,bb2013ead0ea536dc7f887164c385c703cb0014ccf6e5af35b87e6d3049ba380,
01.0261,1,Karja~,vyaTane pUjane mArjane ca,व्यथने पूजने मार्जने च,262,enumerated_glosses,3,vyaTane; pUjane; mArjane,Visible enumeration; semantic overlap still belongs to lexical review.,,,,[],01.0261,not_flagged_by_exact_citation_check,01.0261,https://raw.githubusercontent.com/ambuda-org/vidyut/f3ba4167d40eebc4b3023d24e66867aa6a8cdb32/vidyut-prakriya/data/dhatupatha.tsv,bb2013ead0ea536dc7f887164c385c703cb0014ccf6e5af35b87e6d3049ba380,
01.0262,1,aja~,gatikzepaRayoH,गतिक्षेपणयोः,263,enumerated_glosses,2,gatO; kzepaRe,Explicit analyst segmentation; retain the original compound for review.,,,,[],01.0262,not_flagged_by_exact_citation_check,01.0262,https://raw.githubusercontent.com/ambuda-org/vidyut/f3ba4167d40eebc4b3023d24e66867aa6a8cdb32/vidyut-prakriya/data/dhatupatha.tsv,bb2013ead0ea536dc7f887164c385c703cb0014ccf6e5af35b87e6d3049ba380,
01.0263,1,teja~,pAlane,पालने,264,single_gloss,1,pAlane,One source gloss; no attempt to invent finer senses within it.,,,,[],01.0263,not_flagged_by_exact_citation_check,01.0263,https://raw.githubusercontent.com/ambuda-org/vidyut/f3ba4167d40eebc4b3023d24e66867aa6a8cdb32/vidyut-prakriya/data/dhatupatha.tsv,bb2013ead0ea536dc7f887164c385c703cb0014ccf6e5af35b87e6d3049ba380,
01.0264,1,Kaja~,manTe,मन्थे,265,single_gloss,1,manTe,One source gloss; no attempt to invent finer senses within it.,,,,[],01.0264,not_flagged_by_exact_citation_check,01.0264,https://raw.githubusercontent.com/ambuda-org/vidyut/f3ba4167d40eebc4b3023d24e66867aa6a8cdb32/vidyut-prakriya/data/dhatupatha.tsv,bb2013ead0ea536dc7f887164c385c703cb0014ccf6e5af35b87e6d3049ba380,
01.0265,1,kava~,Sabde,शब्दे,266,single_gloss,1,Sabde,One source gloss; no attempt to invent finer senses within it.,,,,[],01.0265,not_flagged_by_exact_citation_check,,https://raw.githubusercontent.com/ambuda-org/vidyut/f3ba4167d40eebc4b3023d24e66867aa6a8cdb32/vidyut-prakriya/data/dhatupatha.tsv,bb2013ead0ea536dc7f887164c385c703cb0014ccf6e5af35b87e6d3049ba380,
01.0266,1,Kaji~,gativEkalye,गतिवैकल्ये,267,single_gloss,1,gativEkalye,One source gloss; no attempt to invent finer senses within it.,,,,[],01.0266,not_flagged_by_exact_citation_check,01.0266,https://raw.githubusercontent.com/ambuda-org/vidyut/f3ba4167d40eebc4b3023d24e66867aa6a8cdb32/vidyut-prakriya/data/dhatupatha.tsv,bb2013ead0ea536dc7f887164c385c703cb0014ccf6e5af35b87e6d3049ba380,
01.0267,1,ejf~,kampane,कम्पने,268,single_gloss,1,kampane,One source gloss; no attempt to invent finer senses within it.,,,,[],01.0267,not_flagged_by_exact_citation_check,01.0267,https://raw.githubusercontent.com/ambuda-org/vidyut/f3ba4167d40eebc4b3023d24e66867aa6a8cdb32/vidyut-prakriya/data/dhatupatha.tsv,bb2013ead0ea536dc7f887164c385c703cb0014ccf6e5af35b87e6d3049ba380,
01.0268,1,wuo~sPUrjA~,vajranirGoze,वज्रनिर्घोषे,269,single_gloss,1,vajranirGoze,One source gloss; no attempt to invent finer senses within it.,,,,[],01.0268,not_flagged_by_exact_citation_check,,https://raw.githubusercontent.com/ambuda-org/vidyut/f3ba4167d40eebc4b3023d24e66867aa6a8cdb32/vidyut-prakriya/data/dhatupatha.tsv,bb2013ead0ea536dc7f887164c385c703cb0014ccf6e5af35b87e6d3049ba380,
01.0269,1,kzi\,kzaye,क्षये,270,single_gloss,1,kzaye,One source gloss; no attempt to invent finer senses within it.,,,,[],01.0269,retain_distinct_meanings,01.0269,https://raw.githubusercontent.com/ambuda-org/vidyut/f3ba4167d40eebc4b3023d24e66867aa6a8cdb32/vidyut-prakriya/data/dhatupatha.tsv,bb2013ead0ea536dc7f887164c385c703cb0014ccf6e5af35b87e6d3049ba380,IR109
01.0270,1,kzIja~,avyakte Sabde,अव्यक्ते शब्दे,271,single_gloss,1,avyakte Sabde,"A qualified phrase, not one meaning per word.",,,,[],01.0270,not_flagged_by_exact_citation_check,01.0270,https://raw.githubusercontent.com/ambuda-org/vidyut/f3ba4167d40eebc4b3023d24e66867aa6a8cdb32/vidyut-prakriya/data/dhatupatha.tsv,bb2013ead0ea536dc7f887164c385c703cb0014ccf6e5af35b87e6d3049ba380,
01.0271,1,laja~,Barjane,भर्जने,272,single_gloss,1,Barjane,One source gloss; no attempt to invent finer senses within it.,,,,[],01.0271,retain_distinct_meanings,01.0271,https://raw.githubusercontent.com/ambuda-org/vidyut/f3ba4167d40eebc4b3023d24e66867aa6a8cdb32/vidyut-prakriya/data/dhatupatha.tsv,bb2013ead0ea536dc7f887164c385c703cb0014ccf6e5af35b87e6d3049ba380,IR114
01.0272,1,laji~,Barjane,भर्जने,273,single_gloss,1,Barjane,One source gloss; no attempt to invent finer senses within it.,,,,[],01.0272,open,01.0272,https://raw.githubusercontent.com/ambuda-org/vidyut/f3ba4167d40eebc4b3023d24e66867aa6a8cdb32/vidyut-prakriya/data/dhatupatha.tsv,bb2013ead0ea536dc7f887164c385c703cb0014ccf6e5af35b87e6d3049ba380,IR115
01.0273,1,lAja~,Barjane Bartsane ca,भर्जने भर्त्सने च,274,enumerated_glosses,2,Barjane; Bartsane,Visible enumeration; semantic overlap still belongs to lexical review.,,,,[],01.0273,not_flagged_by_exact_citation_check,01.0273,https://raw.githubusercontent.com/ambuda-org/vidyut/f3ba4167d40eebc4b3023d24e66867aa6a8cdb32/vidyut-prakriya/data/dhatupatha.tsv,bb2013ead0ea536dc7f887164c385c703cb0014ccf6e5af35b87e6d3049ba380,
01.0274,1,lAji~,Barjane Bartsane ca,भर्जने भर्त्सने च,275,enumerated_glosses,2,Barjane; Bartsane,Visible enumeration; semantic overlap still belongs to lexical review.,,,,[],01.0274,not_flagged_by_exact_citation_check,01.0274,https://raw.githubusercontent.com/ambuda-org/vidyut/f3ba4167d40eebc4b3023d24e66867aa6a8cdb32/vidyut-prakriya/data/dhatupatha.tsv,bb2013ead0ea536dc7f887164c385c703cb0014ccf6e5af35b87e6d3049ba380,
01.0275,1,jaja~,yudDe,युद्धे,276,single_gloss,1,yudDe,One source gloss; no attempt to invent finer senses within it.,,,,[],01.0275,not_flagged_by_exact_citation_check,01.0275,https://raw.githubusercontent.com/ambuda-org/vidyut/f3ba4167d40eebc4b3023d24e66867aa6a8cdb32/vidyut-prakriya/data/dhatupatha.tsv,bb2013ead0ea536dc7f887164c385c703cb0014ccf6e5af35b87e6d3049ba380,
01.0276,1,jaji~,yudDe,युद्धे,277,single_gloss,1,yudDe,One source gloss; no attempt to invent finer senses within it.,,,,[],01.0276,not_flagged_by_exact_citation_check,01.0276,https://raw.githubusercontent.com/ambuda-org/vidyut/f3ba4167d40eebc4b3023d24e66867aa6a8cdb32/vidyut-prakriya/data/dhatupatha.tsv,bb2013ead0ea536dc7f887164c385c703cb0014ccf6e5af35b87e6d3049ba380,
01.0277,1,tuja~,hiMsAyAm,हिंसायाम्,278,single_gloss,1,hiMsAyAm,One source gloss; no attempt to invent finer senses within it.,,,,[],01.0277,merge_shared_meanings,01.0277,https://raw.githubusercontent.com/ambuda-org/vidyut/f3ba4167d40eebc4b3023d24e66867aa6a8cdb32/vidyut-prakriya/data/dhatupatha.tsv,bb2013ead0ea536dc7f887164c385c703cb0014ccf6e5af35b87e6d3049ba380,IR187
01.0278,1,tuji~,pAlane,पालने,279,single_gloss,1,pAlane,One source gloss; no attempt to invent finer senses within it.,,,,[],01.0278,retain_distinct_meanings,01.0278,https://raw.githubusercontent.com/ambuda-org/vidyut/f3ba4167d40eebc4b3023d24e66867aa6a8cdb32/vidyut-prakriya/data/dhatupatha.tsv,bb2013ead0ea536dc7f887164c385c703cb0014ccf6e5af35b87e6d3049ba380,IR188
01.0279,1,gaja~,Sabde madane ca,शब्दे मदने च,280,enumerated_glosses,2,Sabde; madane,Visible enumeration; semantic overlap still belongs to lexical review.,,,,[],01.0279,merge_shared_meanings,01.0279,https://raw.githubusercontent.com/ambuda-org/vidyut/f3ba4167d40eebc4b3023d24e66867aa6a8cdb32/vidyut-prakriya/data/dhatupatha.tsv,bb2013ead0ea536dc7f887164c385c703cb0014ccf6e5af35b87e6d3049ba380,IR67
01.0280,1,gaji~,Sabde,शब्दे,281,single_gloss,1,Sabde,One source gloss; no attempt to invent finer senses within it.,,,,[],01.0280,not_flagged_by_exact_citation_check,01.0280,https://raw.githubusercontent.com/ambuda-org/vidyut/f3ba4167d40eebc4b3023d24e66867aa6a8cdb32/vidyut-prakriya/data/dhatupatha.tsv,bb2013ead0ea536dc7f887164c385c703cb0014ccf6e5af35b87e6d3049ba380,
01.0281,1,gfja~,Sabde,शब्दे,282,single_gloss,1,Sabde,One source gloss; no attempt to invent finer senses within it.,,,,[],01.0281,not_flagged_by_exact_citation_check,01.0281,https://raw.githubusercontent.com/ambuda-org/vidyut/f3ba4167d40eebc4b3023d24e66867aa6a8cdb32/vidyut-prakriya/data/dhatupatha.tsv,bb2013ead0ea536dc7f887164c385c703cb0014ccf6e5af35b87e6d3049ba380,
01.0282,1,gfji~,garjane,गर्जने,283,single_gloss,1,garjane,One source gloss; no attempt to invent finer senses within it.,,,,[],01.0282,not_flagged_by_exact_citation_check,01.0282,https://raw.githubusercontent.com/ambuda-org/vidyut/f3ba4167d40eebc4b3023d24e66867aa6a8cdb32/vidyut-prakriya/data/dhatupatha.tsv,bb2013ead0ea536dc7f887164c385c703cb0014ccf6e5af35b87e6d3049ba380,
01.0283,1,muja~,Sabde,शब्दे,284,single_gloss,1,Sabde,One source gloss; no attempt to invent finer senses within it.,,,,[],01.0283,not_flagged_by_exact_citation_check,01.0283,https://raw.githubusercontent.com/ambuda-org/vidyut/f3ba4167d40eebc4b3023d24e66867aa6a8cdb32/vidyut-prakriya/data/dhatupatha.tsv,bb2013ead0ea536dc7f887164c385c703cb0014ccf6e5af35b87e6d3049ba380,
01.0284,1,muji~,Sabde,शब्दे,285,single_gloss,1,Sabde,One source gloss; no attempt to invent finer senses within it.,,,,[],01.0284,not_flagged_by_exact_citation_check,01.0284,https://raw.githubusercontent.com/ambuda-org/vidyut/f3ba4167d40eebc4b3023d24e66867aa6a8cdb32/vidyut-prakriya/data/dhatupatha.tsv,bb2013ead0ea536dc7f887164c385c703cb0014ccf6e5af35b87e6d3049ba380,
01.0285,1,vaja~,gatO,गतौ,286,single_gloss,1,gatO,One source gloss; no attempt to invent finer senses within it.,,,,[],01.0285,not_flagged_by_exact_citation_check,01.0285,https://raw.githubusercontent.com/ambuda-org/vidyut/f3ba4167d40eebc4b3023d24e66867aa6a8cdb32/vidyut-prakriya/data/dhatupatha.tsv,bb2013ead0ea536dc7f887164c385c703cb0014ccf6e5af35b87e6d3049ba380,
01.0286,1,vraja~,gatO,गतौ,287,single_gloss,1,gatO,One source gloss; no attempt to invent finer senses within it.,,,,[],01.0286,merge_shared_meanings,01.0286,https://raw.githubusercontent.com/ambuda-org/vidyut/f3ba4167d40eebc4b3023d24e66867aa6a8cdb32/vidyut-prakriya/data/dhatupatha.tsv,bb2013ead0ea536dc7f887164c385c703cb0014ccf6e5af35b87e6d3049ba380,IR208
01.0287,1,awwa~\,atikramahiMsayoH,अतिक्रमहिंसयोः,288,enumerated_glosses,2,atikrame; hiMsAyAm,Explicit analyst segmentation; retain the original compound for review.,,,,[],01.0287,not_flagged_by_exact_citation_check,01.0287,https://raw.githubusercontent.com/ambuda-org/vidyut/f3ba4167d40eebc4b3023d24e66867aa6a8cdb32/vidyut-prakriya/data/dhatupatha.tsv,bb2013ead0ea536dc7f887164c385c703cb0014ccf6e5af35b87e6d3049ba380,
01.0288,1,vezwa~\,vezwane,वेष्टने,289,single_gloss,1,vezwane,One source gloss; no attempt to invent finer senses within it.,,,,[],01.0288,not_flagged_by_exact_citation_check,01.0288,https://raw.githubusercontent.com/ambuda-org/vidyut/f3ba4167d40eebc4b3023d24e66867aa6a8cdb32/vidyut-prakriya/data/dhatupatha.tsv,bb2013ead0ea536dc7f887164c385c703cb0014ccf6e5af35b87e6d3049ba380,
01.0289,1,cezwa~\,cezwAyAm,चेष्टायाम्,290,single_gloss,1,cezwAyAm,One source gloss; no attempt to invent finer senses within it.,,,,[],01.0289,not_flagged_by_exact_citation_check,01.0289,https://raw.githubusercontent.com/ambuda-org/vidyut/f3ba4167d40eebc4b3023d24e66867aa6a8cdb32/vidyut-prakriya/data/dhatupatha.tsv,bb2013ead0ea536dc7f887164c385c703cb0014ccf6e5af35b87e6d3049ba380,
01.0290,1,gozwa~\,saNGAte,सङ्घाते,291,single_gloss,1,saNGAte,One source gloss; no attempt to invent finer senses within it.,,,,[],01.0290,not_flagged_by_exact_citation_check,01.0290,https://raw.githubusercontent.com/ambuda-org/vidyut/f3ba4167d40eebc4b3023d24e66867aa6a8cdb32/vidyut-prakriya/data/dhatupatha.tsv,bb2013ead0ea536dc7f887164c385c703cb0014ccf6e5af35b87e6d3049ba380,
01.0291,1,lozwa~\,saNGAte,सङ्घाते,292,single_gloss,1,saNGAte,One source gloss; no attempt to invent finer senses within it.,,,,[],01.0291,not_flagged_by_exact_citation_check,01.0291,https://raw.githubusercontent.com/ambuda-org/vidyut/f3ba4167d40eebc4b3023d24e66867aa6a8cdb32/vidyut-prakriya/data/dhatupatha.tsv,bb2013ead0ea536dc7f887164c385c703cb0014ccf6e5af35b87e6d3049ba380,
01.0292,1,Gawwa~\,calane,चलने,293,single_gloss,1,calane,One source gloss; no attempt to invent finer senses within it.,,,,[],01.0292,not_flagged_by_exact_citation_check,01.0292,https://raw.githubusercontent.com/ambuda-org/vidyut/f3ba4167d40eebc4b3023d24e66867aa6a8cdb32/vidyut-prakriya/data/dhatupatha.tsv,bb2013ead0ea536dc7f887164c385c703cb0014ccf6e5af35b87e6d3049ba380,
01.0293,1,sPuwa~\,vikasane,विकसने,294,single_gloss,1,vikasane,One source gloss; no attempt to invent finer senses within it.,,,,[],01.0293,not_flagged_by_exact_citation_check,01.0293,https://raw.githubusercontent.com/ambuda-org/vidyut/f3ba4167d40eebc4b3023d24e66867aa6a8cdb32/vidyut-prakriya/data/dhatupatha.tsv,bb2013ead0ea536dc7f887164c385c703cb0014ccf6e5af35b87e6d3049ba380,
01.0294,1,aWi~\,gatO,गतौ,295,single_gloss,1,gatO,One source gloss; no attempt to invent finer senses within it.,,,,[],01.0294,not_flagged_by_exact_citation_check,01.0294,https://raw.githubusercontent.com/ambuda-org/vidyut/f3ba4167d40eebc4b3023d24e66867aa6a8cdb32/vidyut-prakriya/data/dhatupatha.tsv,bb2013ead0ea536dc7f887164c385c703cb0014ccf6e5af35b87e6d3049ba380,
01.0295,1,vaWi~\,ekacaryAyAm,एकचर्यायाम्,296,single_gloss,1,ekacaryAyAm,One source gloss; no attempt to invent finer senses within it.,,,,[],01.0295,not_flagged_by_exact_citation_check,01.0295,https://raw.githubusercontent.com/ambuda-org/vidyut/f3ba4167d40eebc4b3023d24e66867aa6a8cdb32/vidyut-prakriya/data/dhatupatha.tsv,bb2013ead0ea536dc7f887164c385c703cb0014ccf6e5af35b87e6d3049ba380,
01.0296,1,maWi~\,Soke,शोके,297,single_gloss,1,Soke,One source gloss; no attempt to invent finer senses within it.,,,,[],01.0296,not_flagged_by_exact_citation_check,01.0296,https://raw.githubusercontent.com/ambuda-org/vidyut/f3ba4167d40eebc4b3023d24e66867aa6a8cdb32/vidyut-prakriya/data/dhatupatha.tsv,bb2013ead0ea536dc7f887164c385c703cb0014ccf6e5af35b87e6d3049ba380,
01.0297,1,kaWi~\,Soke,शोके,298,single_gloss,1,Soke,One source gloss; no attempt to invent finer senses within it.,,,,[],01.0297,not_flagged_by_exact_citation_check,01.0297,https://raw.githubusercontent.com/ambuda-org/vidyut/f3ba4167d40eebc4b3023d24e66867aa6a8cdb32/vidyut-prakriya/data/dhatupatha.tsv,bb2013ead0ea536dc7f887164c385c703cb0014ccf6e5af35b87e6d3049ba380,
01.0298,1,muWi~\,pAlane,पालने,299,single_gloss,1,pAlane,One source gloss; no attempt to invent finer senses within it.,,,,[],01.0298,not_flagged_by_exact_citation_check,01.0298,https://raw.githubusercontent.com/ambuda-org/vidyut/f3ba4167d40eebc4b3023d24e66867aa6a8cdb32/vidyut-prakriya/data/dhatupatha.tsv,bb2013ead0ea536dc7f887164c385c703cb0014ccf6e5af35b87e6d3049ba380,
01.0299,1,heWa~\,vibADAyAm,विबाधायाम्,300,single_gloss,1,vibADAyAm,One source gloss; no attempt to invent finer senses within it.,,,,[],01.0299,not_flagged_by_exact_citation_check,01.0299,https://raw.githubusercontent.com/ambuda-org/vidyut/f3ba4167d40eebc4b3023d24e66867aa6a8cdb32/vidyut-prakriya/data/dhatupatha.tsv,bb2013ead0ea536dc7f887164c385c703cb0014ccf6e5af35b87e6d3049ba380,
01.0300,1,eWa~\,vibADAyAm,विबाधायाम्,301,single_gloss,1,vibADAyAm,One source gloss; no attempt to invent finer senses within it.,,,,[],01.0300,not_flagged_by_exact_citation_check,01.0300,https://raw.githubusercontent.com/ambuda-org/vidyut/f3ba4167d40eebc4b3023d24e66867aa6a8cdb32/vidyut-prakriya/data/dhatupatha.tsv,bb2013ead0ea536dc7f887164c385c703cb0014ccf6e5af35b87e6d3049ba380,
01.0301,1,hiqi~\,gatyanAdarayoH,गत्यनादरयोः,302,enumerated_glosses,2,gatO; anAdare,Explicit analyst segmentation; retain the original compound for review.,,,,[],01.0301,not_flagged_by_exact_citation_check,01.0301,https://raw.githubusercontent.com/ambuda-org/vidyut/f3ba4167d40eebc4b3023d24e66867aa6a8cdb32/vidyut-prakriya/data/dhatupatha.tsv,bb2013ead0ea536dc7f887164c385c703cb0014ccf6e5af35b87e6d3049ba380,
01.0302,1,huqi~\,saNGAte,सङ्घाते,303,single_gloss,1,saNGAte,One source gloss; no attempt to invent finer senses within it.,,,,[],01.0302,retain_distinct_meanings,01.0302,https://raw.githubusercontent.com/ambuda-org/vidyut/f3ba4167d40eebc4b3023d24e66867aa6a8cdb32/vidyut-prakriya/data/dhatupatha.tsv,bb2013ead0ea536dc7f887164c385c703cb0014ccf6e5af35b87e6d3049ba380,IR78
01.0303,1,kuqi~\,dAhe,दाहे,304,single_gloss,1,dAhe,One source gloss; no attempt to invent finer senses within it.,,,,[],01.0303,not_flagged_by_exact_citation_check,01.0303,https://raw.githubusercontent.com/ambuda-org/vidyut/f3ba4167d40eebc4b3023d24e66867aa6a8cdb32/vidyut-prakriya/data/dhatupatha.tsv,bb2013ead0ea536dc7f887164c385c703cb0014ccf6e5af35b87e6d3049ba380,
01.0304,1,vaqi~\,viBAjane,विभाजने,305,single_gloss,1,viBAjane,One source gloss; no attempt to invent finer senses within it.,,,,[],01.0304,not_flagged_by_exact_citation_check,01.0304,https://raw.githubusercontent.com/ambuda-org/vidyut/f3ba4167d40eebc4b3023d24e66867aa6a8cdb32/vidyut-prakriya/data/dhatupatha.tsv,bb2013ead0ea536dc7f887164c385c703cb0014ccf6e5af35b87e6d3049ba380,
01.0305,1,maqi~\,viBAjane,विभाजने,306,single_gloss,1,viBAjane,One source gloss; no attempt to invent finer senses within it.,,,,[],01.0305,not_flagged_by_exact_citation_check,01.0305,https://raw.githubusercontent.com/ambuda-org/vidyut/f3ba4167d40eebc4b3023d24e66867aa6a8cdb32/vidyut-prakriya/data/dhatupatha.tsv,bb2013ead0ea536dc7f887164c385c703cb0014ccf6e5af35b87e6d3049ba380,
01.0306,1,Baqi~\,pariBAzaRe,परिभाषणे,307,single_gloss,1,pariBAzaRe,One source gloss; no attempt to invent finer senses within it.,,,,[],01.0306,not_flagged_by_exact_citation_check,01.0306,https://raw.githubusercontent.com/ambuda-org/vidyut/f3ba4167d40eebc4b3023d24e66867aa6a8cdb32/vidyut-prakriya/data/dhatupatha.tsv,bb2013ead0ea536dc7f887164c385c703cb0014ccf6e5af35b87e6d3049ba380,
01.0307,1,piqi~\,saNGAte,सङ्घाते,308,single_gloss,1,saNGAte,One source gloss; no attempt to invent finer senses within it.,,,,[],01.0307,not_flagged_by_exact_citation_check,01.0307,https://raw.githubusercontent.com/ambuda-org/vidyut/f3ba4167d40eebc4b3023d24e66867aa6a8cdb32/vidyut-prakriya/data/dhatupatha.tsv,bb2013ead0ea536dc7f887164c385c703cb0014ccf6e5af35b87e6d3049ba380,
01.0308,1,muqi~\,mArjane,मार्जने,309,single_gloss,1,mArjane,One source gloss; no attempt to invent finer senses within it.,,,,[],01.0308,not_flagged_by_exact_citation_check,01.0308,https://raw.githubusercontent.com/ambuda-org/vidyut/f3ba4167d40eebc4b3023d24e66867aa6a8cdb32/vidyut-prakriya/data/dhatupatha.tsv,bb2013ead0ea536dc7f887164c385c703cb0014ccf6e5af35b87e6d3049ba380,
01.0309,1,tuqi~\,toqane,तोडने,310,single_gloss,1,toqane,One source gloss; no attempt to invent finer senses within it.,,,,[],01.0309,not_flagged_by_exact_citation_check,01.0309,https://raw.githubusercontent.com/ambuda-org/vidyut/f3ba4167d40eebc4b3023d24e66867aa6a8cdb32/vidyut-prakriya/data/dhatupatha.tsv,bb2013ead0ea536dc7f887164c385c703cb0014ccf6e5af35b87e6d3049ba380,
01.0310,1,huqi~\,varaRe haraRe ca,वरणे हरणे च,311,enumerated_glosses,2,varaRe; haraRe,Visible enumeration; semantic overlap still belongs to lexical review.,,,,[],01.0310,retain_distinct_meanings,01.0310,https://raw.githubusercontent.com/ambuda-org/vidyut/f3ba4167d40eebc4b3023d24e66867aa6a8cdb32/vidyut-prakriya/data/dhatupatha.tsv,bb2013ead0ea536dc7f887164c385c703cb0014ccf6e5af35b87e6d3049ba380,IR78
01.0311,1,sPuqi~\,vikasane,विकसने,312,single_gloss,1,vikasane,One source gloss; no attempt to invent finer senses within it.,,,,[],01.0311,not_flagged_by_exact_citation_check,,https://raw.githubusercontent.com/ambuda-org/vidyut/f3ba4167d40eebc4b3023d24e66867aa6a8cdb32/vidyut-prakriya/data/dhatupatha.tsv,bb2013ead0ea536dc7f887164c385c703cb0014ccf6e5af35b87e6d3049ba380,
01.0312,1,caqi~\,kope,कोपे,313,single_gloss,1,kope,One source gloss; no attempt to invent finer senses within it.,,,,[],01.0312,not_flagged_by_exact_citation_check,01.0312,https://raw.githubusercontent.com/ambuda-org/vidyut/f3ba4167d40eebc4b3023d24e66867aa6a8cdb32/vidyut-prakriya/data/dhatupatha.tsv,bb2013ead0ea536dc7f887164c385c703cb0014ccf6e5af35b87e6d3049ba380,
01.0313,1,Saqi~\,rujAyAM saNGAte ca,रुजायां सङ्घाते च,314,enumerated_glosses,2,rujAyAM; saNGAte,Visible enumeration; semantic overlap still belongs to lexical review.,,,,[],01.0313,not_flagged_by_exact_citation_check,01.0313,https://raw.githubusercontent.com/ambuda-org/vidyut/f3ba4167d40eebc4b3023d24e66867aa6a8cdb32/vidyut-prakriya/data/dhatupatha.tsv,bb2013ead0ea536dc7f887164c385c703cb0014ccf6e5af35b87e6d3049ba380,
01.0314,1,taqi~\,tAqane,ताडने,315,single_gloss,1,tAqane,One source gloss; no attempt to invent finer senses within it.,,,,[],01.0314,not_flagged_by_exact_citation_check,01.0314,https://raw.githubusercontent.com/ambuda-org/vidyut/f3ba4167d40eebc4b3023d24e66867aa6a8cdb32/vidyut-prakriya/data/dhatupatha.tsv,bb2013ead0ea536dc7f887164c385c703cb0014ccf6e5af35b87e6d3049ba380,
01.0315,1,paqi~\,gatO,गतौ,316,single_gloss,1,gatO,One source gloss; no attempt to invent finer senses within it.,,,,[],01.0315,not_flagged_by_exact_citation_check,01.0315,https://raw.githubusercontent.com/ambuda-org/vidyut/f3ba4167d40eebc4b3023d24e66867aa6a8cdb32/vidyut-prakriya/data/dhatupatha.tsv,bb2013ead0ea536dc7f887164c385c703cb0014ccf6e5af35b87e6d3049ba380,
01.0316,1,kaqi~\,made,मदे,317,single_gloss,1,made,One source gloss; no attempt to invent finer senses within it.,,,,[],01.0316,not_flagged_by_exact_citation_check,01.0316,https://raw.githubusercontent.com/ambuda-org/vidyut/f3ba4167d40eebc4b3023d24e66867aa6a8cdb32/vidyut-prakriya/data/dhatupatha.tsv,bb2013ead0ea536dc7f887164c385c703cb0014ccf6e5af35b87e6d3049ba380,
01.0317,1,Kaqi~\,manTe,मन्थे,318,single_gloss,1,manTe,One source gloss; no attempt to invent finer senses within it.,,,,[],01.0317,not_flagged_by_exact_citation_check,01.0317,https://raw.githubusercontent.com/ambuda-org/vidyut/f3ba4167d40eebc4b3023d24e66867aa6a8cdb32/vidyut-prakriya/data/dhatupatha.tsv,bb2013ead0ea536dc7f887164c385c703cb0014ccf6e5af35b87e6d3049ba380,
01.0318,1,heqf~\,anAdare,अनादरे,319,single_gloss,1,anAdare,One source gloss; no attempt to invent finer senses within it.,,,,[],01.0318,not_flagged_by_exact_citation_check,01.0318,https://raw.githubusercontent.com/ambuda-org/vidyut/f3ba4167d40eebc4b3023d24e66867aa6a8cdb32/vidyut-prakriya/data/dhatupatha.tsv,bb2013ead0ea536dc7f887164c385c703cb0014ccf6e5af35b87e6d3049ba380,
01.0319,1,hoqf~\,anAdare,अनादरे,320,single_gloss,1,anAdare,One source gloss; no attempt to invent finer senses within it.,,,,[],01.0319,not_flagged_by_exact_citation_check,01.0319,https://raw.githubusercontent.com/ambuda-org/vidyut/f3ba4167d40eebc4b3023d24e66867aa6a8cdb32/vidyut-prakriya/data/dhatupatha.tsv,bb2013ead0ea536dc7f887164c385c703cb0014ccf6e5af35b87e6d3049ba380,
01.0320,1,bAqf~\,AplAvye,आप्लाव्ये,321,single_gloss,1,AplAvye,One source gloss; no attempt to invent finer senses within it.,,,,[],01.0320,not_flagged_by_exact_citation_check,,https://raw.githubusercontent.com/ambuda-org/vidyut/f3ba4167d40eebc4b3023d24e66867aa6a8cdb32/vidyut-prakriya/data/dhatupatha.tsv,bb2013ead0ea536dc7f887164c385c703cb0014ccf6e5af35b87e6d3049ba380,
01.0321,1,vAqf~\,AplAvye,आप्लाव्ये,322,single_gloss,1,AplAvye,One source gloss; no attempt to invent finer senses within it.,,,,[],01.0321,not_flagged_by_exact_citation_check,,https://raw.githubusercontent.com/ambuda-org/vidyut/f3ba4167d40eebc4b3023d24e66867aa6a8cdb32/vidyut-prakriya/data/dhatupatha.tsv,bb2013ead0ea536dc7f887164c385c703cb0014ccf6e5af35b87e6d3049ba380,
01.0322,1,drAqf~\,viSaraRe,विशरणे,323,single_gloss,1,viSaraRe,One source gloss; no attempt to invent finer senses within it.,,,,[],01.0322,not_flagged_by_exact_citation_check,01.0322,https://raw.githubusercontent.com/ambuda-org/vidyut/f3ba4167d40eebc4b3023d24e66867aa6a8cdb32/vidyut-prakriya/data/dhatupatha.tsv,bb2013ead0ea536dc7f887164c385c703cb0014ccf6e5af35b87e6d3049ba380,
01.0323,1,DrAqf~\,viSaraRe,विशरणे,324,single_gloss,1,viSaraRe,One source gloss; no attempt to invent finer senses within it.,,,,[],01.0323,not_flagged_by_exact_citation_check,01.0323,https://raw.githubusercontent.com/ambuda-org/vidyut/f3ba4167d40eebc4b3023d24e66867aa6a8cdb32/vidyut-prakriya/data/dhatupatha.tsv,bb2013ead0ea536dc7f887164c385c703cb0014ccf6e5af35b87e6d3049ba380,
01.0324,1,SAqf~\,SlAGAyAm,श्लाघायाम्,325,single_gloss,1,SlAGAyAm,One source gloss; no attempt to invent finer senses within it.,,,,[],01.0324,not_flagged_by_exact_citation_check,01.0324,https://raw.githubusercontent.com/ambuda-org/vidyut/f3ba4167d40eebc4b3023d24e66867aa6a8cdb32/vidyut-prakriya/data/dhatupatha.tsv,bb2013ead0ea536dc7f887164c385c703cb0014ccf6e5af35b87e6d3049ba380,
01.0325,1,SOwf~,garve,गर्वे,326,single_gloss,1,garve,One source gloss; no attempt to invent finer senses within it.,,,,[],01.0325,not_flagged_by_exact_citation_check,01.0325,https://raw.githubusercontent.com/ambuda-org/vidyut/f3ba4167d40eebc4b3023d24e66867aa6a8cdb32/vidyut-prakriya/data/dhatupatha.tsv,bb2013ead0ea536dc7f887164c385c703cb0014ccf6e5af35b87e6d3049ba380,
01.0326,1,yOwf~,banDe,बन्धे,327,single_gloss,1,banDe,One source gloss; no attempt to invent finer senses within it.,,,,[],01.0326,not_flagged_by_exact_citation_check,01.0326,https://raw.githubusercontent.com/ambuda-org/vidyut/f3ba4167d40eebc4b3023d24e66867aa6a8cdb32/vidyut-prakriya/data/dhatupatha.tsv,bb2013ead0ea536dc7f887164c385c703cb0014ccf6e5af35b87e6d3049ba380,
01.0327,1,meqf~,unmAde,उन्मादे,328,single_gloss,1,unmAde,One source gloss; no attempt to invent finer senses within it.,,,,[],01.0327,not_flagged_by_exact_citation_check,,https://raw.githubusercontent.com/ambuda-org/vidyut/f3ba4167d40eebc4b3023d24e66867aa6a8cdb32/vidyut-prakriya/data/dhatupatha.tsv,bb2013ead0ea536dc7f887164c385c703cb0014ccf6e5af35b87e6d3049ba380,
01.0328,1,mreqf~,unmAde,उन्मादे,329,single_gloss,1,unmAde,One source gloss; no attempt to invent finer senses within it.,,,,[],01.0328,not_flagged_by_exact_citation_check,01.0328,https://raw.githubusercontent.com/ambuda-org/vidyut/f3ba4167d40eebc4b3023d24e66867aa6a8cdb32/vidyut-prakriya/data/dhatupatha.tsv,bb2013ead0ea536dc7f887164c385c703cb0014ccf6e5af35b87e6d3049ba380,
01.0329,1,mlewf~,unmAde,उन्मादे,330,single_gloss,1,unmAde,One source gloss; no attempt to invent finer senses within it.,,,,[],01.0329,not_flagged_by_exact_citation_check,,https://raw.githubusercontent.com/ambuda-org/vidyut/f3ba4167d40eebc4b3023d24e66867aa6a8cdb32/vidyut-prakriya/data/dhatupatha.tsv,bb2013ead0ea536dc7f887164c385c703cb0014ccf6e5af35b87e6d3049ba380,
01.0330,1,cawe~,varzAvaraRayoH,वर्षावरणयोः,331,enumerated_glosses,2,varze; AvaraRe,Explicit analyst segmentation; retain the original compound for review.,,,,[],01.0330,not_flagged_by_exact_citation_check,01.0331,https://raw.githubusercontent.com/ambuda-org/vidyut/f3ba4167d40eebc4b3023d24e66867aa6a8cdb32/vidyut-prakriya/data/dhatupatha.tsv,bb2013ead0ea536dc7f887164c385c703cb0014ccf6e5af35b87e6d3049ba380,
01.0331,1,kawe~,varzAvaraRayoH,वर्षावरणयोः,332,enumerated_glosses,2,varze; AvaraRe,Explicit analyst segmentation; retain the original compound for review.,,,,[],01.0331,not_flagged_by_exact_citation_check,01.0330,https://raw.githubusercontent.com/ambuda-org/vidyut/f3ba4167d40eebc4b3023d24e66867aa6a8cdb32/vidyut-prakriya/data/dhatupatha.tsv,bb2013ead0ea536dc7f887164c385c703cb0014ccf6e5af35b87e6d3049ba380,
01.0332,1,awa~,gatO,गतौ,333,single_gloss,1,gatO,One source gloss; no attempt to invent finer senses within it.,,,,[],01.0332,not_flagged_by_exact_citation_check,01.0332,https://raw.githubusercontent.com/ambuda-org/vidyut/f3ba4167d40eebc4b3023d24e66867aa6a8cdb32/vidyut-prakriya/data/dhatupatha.tsv,bb2013ead0ea536dc7f887164c385c703cb0014ccf6e5af35b87e6d3049ba380,
01.0333,1,pawa~,gatO,गतौ,334,single_gloss,1,gatO,One source gloss; no attempt to invent finer senses within it.,,,,[],01.0333,retain_distinct_meanings,01.0333,https://raw.githubusercontent.com/ambuda-org/vidyut/f3ba4167d40eebc4b3023d24e66867aa6a8cdb32/vidyut-prakriya/data/dhatupatha.tsv,bb2013ead0ea536dc7f887164c385c703cb0014ccf6e5af35b87e6d3049ba380,IR147
01.0334,1,rawa~,pariBAzaRe,परिभाषणे,335,single_gloss,1,pariBAzaRe,One source gloss; no attempt to invent finer senses within it.,,,,[],01.0334,open,01.0334,https://raw.githubusercontent.com/ambuda-org/vidyut/f3ba4167d40eebc4b3023d24e66867aa6a8cdb32/vidyut-prakriya/data/dhatupatha.tsv,bb2013ead0ea536dc7f887164c385c703cb0014ccf6e5af35b87e6d3049ba380,IR164
01.0335,1,lawa~,bAlye,बाल्ये,336,single_gloss,1,bAlye,One source gloss; no attempt to invent finer senses within it.,,,,[],01.0335,retain_distinct_meanings,01.0335,https://raw.githubusercontent.com/ambuda-org/vidyut/f3ba4167d40eebc4b3023d24e66867aa6a8cdb32/vidyut-prakriya/data/dhatupatha.tsv,bb2013ead0ea536dc7f887164c385c703cb0014ccf6e5af35b87e6d3049ba380,IR120
01.0336,1,Sawa~,rujAviSaraRagatyavasAdanezu,रुजाविशरणगत्यवसादनेषु,337,enumerated_glosses,4,rujAyAm; viSaraRe; gatO; avasAdane,Explicit analyst segmentation; retain the original compound for review.,,,,[],01.0336,not_flagged_by_exact_citation_check,01.0336,https://raw.githubusercontent.com/ambuda-org/vidyut/f3ba4167d40eebc4b3023d24e66867aa6a8cdb32/vidyut-prakriya/data/dhatupatha.tsv,bb2013ead0ea536dc7f887164c385c703cb0014ccf6e5af35b87e6d3049ba380,
01.0337,1,vawa~,vezwane,वेष्टने,338,single_gloss,1,vezwane,One source gloss; no attempt to invent finer senses within it.,,,,[],01.0337,retain_distinct_meanings,01.0337,https://raw.githubusercontent.com/ambuda-org/vidyut/f3ba4167d40eebc4b3023d24e66867aa6a8cdb32/vidyut-prakriya/data/dhatupatha.tsv,bb2013ead0ea536dc7f887164c385c703cb0014ccf6e5af35b87e6d3049ba380,IR199
01.0338,1,kiwa~,trAse,त्रासे,339,single_gloss,1,trAse,One source gloss; no attempt to invent finer senses within it.,,,,[],01.0338,retain_distinct_meanings,01.0338,https://raw.githubusercontent.com/ambuda-org/vidyut/f3ba4167d40eebc4b3023d24e66867aa6a8cdb32/vidyut-prakriya/data/dhatupatha.tsv,bb2013ead0ea536dc7f887164c385c703cb0014ccf6e5af35b87e6d3049ba380,IR99
01.0339,1,Kiwa~,trAse,त्रासे,340,single_gloss,1,trAse,One source gloss; no attempt to invent finer senses within it.,,,,[],01.0339,not_flagged_by_exact_citation_check,01.0339,https://raw.githubusercontent.com/ambuda-org/vidyut/f3ba4167d40eebc4b3023d24e66867aa6a8cdb32/vidyut-prakriya/data/dhatupatha.tsv,bb2013ead0ea536dc7f887164c385c703cb0014ccf6e5af35b87e6d3049ba380,
01.0340,1,Siwa~,anAdare,अनादरे,341,single_gloss,1,anAdare,One source gloss; no attempt to invent finer senses within it.,,,,[],01.0340,not_flagged_by_exact_citation_check,01.0340,https://raw.githubusercontent.com/ambuda-org/vidyut/f3ba4167d40eebc4b3023d24e66867aa6a8cdb32/vidyut-prakriya/data/dhatupatha.tsv,bb2013ead0ea536dc7f887164c385c703cb0014ccf6e5af35b87e6d3049ba380,
01.0341,1,ziwa~,anAdare,अनादरे,342,single_gloss,1,anAdare,One source gloss; no attempt to invent finer senses within it.,,,,[],01.0341,not_flagged_by_exact_citation_check,01.0341,https://raw.githubusercontent.com/ambuda-org/vidyut/f3ba4167d40eebc4b3023d24e66867aa6a8cdb32/vidyut-prakriya/data/dhatupatha.tsv,bb2013ead0ea536dc7f887164c385c703cb0014ccf6e5af35b87e6d3049ba380,
01.0342,1,jawa~,saNGAte,सङ्घाते,343,single_gloss,1,saNGAte,One source gloss; no attempt to invent finer senses within it.,,,,[],01.0342,not_flagged_by_exact_citation_check,01.0342,https://raw.githubusercontent.com/ambuda-org/vidyut/f3ba4167d40eebc4b3023d24e66867aa6a8cdb32/vidyut-prakriya/data/dhatupatha.tsv,bb2013ead0ea536dc7f887164c385c703cb0014ccf6e5af35b87e6d3049ba380,
01.0343,1,Jawa~,saNGAte,सङ्घाते,344,single_gloss,1,saNGAte,One source gloss; no attempt to invent finer senses within it.,,,,[],01.0343,not_flagged_by_exact_citation_check,01.0343,https://raw.githubusercontent.com/ambuda-org/vidyut/f3ba4167d40eebc4b3023d24e66867aa6a8cdb32/vidyut-prakriya/data/dhatupatha.tsv,bb2013ead0ea536dc7f887164c385c703cb0014ccf6e5af35b87e6d3049ba380,
01.0344,1,Bawa~,BftO,भृतौ,345,single_gloss,1,BftO,One source gloss; no attempt to invent finer senses within it.,,,,[],01.0344,retain_distinct_meanings,01.0344,https://raw.githubusercontent.com/ambuda-org/vidyut/f3ba4167d40eebc4b3023d24e66867aa6a8cdb32/vidyut-prakriya/data/dhatupatha.tsv,bb2013ead0ea536dc7f887164c385c703cb0014ccf6e5af35b87e6d3049ba380,IR03
01.0345,1,tawa~,ucCrAye,उच्छ्राये,346,single_gloss,1,ucCrAye,One source gloss; no attempt to invent finer senses within it.,,,,[],01.0345,not_flagged_by_exact_citation_check,01.0345,https://raw.githubusercontent.com/ambuda-org/vidyut/f3ba4167d40eebc4b3023d24e66867aa6a8cdb32/vidyut-prakriya/data/dhatupatha.tsv,bb2013ead0ea536dc7f887164c385c703cb0014ccf6e5af35b87e6d3049ba380,
01.0346,1,Kawa~,kANkzAyAm,काङ्क्षायाम्,347,single_gloss,1,kANkzAyAm,One source gloss; no attempt to invent finer senses within it.,,,,[],01.0346,not_flagged_by_exact_citation_check,01.0346,https://raw.githubusercontent.com/ambuda-org/vidyut/f3ba4167d40eebc4b3023d24e66867aa6a8cdb32/vidyut-prakriya/data/dhatupatha.tsv,bb2013ead0ea536dc7f887164c385c703cb0014ccf6e5af35b87e6d3049ba380,
01.0347,1,Rawa~,nfttO,नृत्तौ,348,single_gloss,1,nfttO,One source gloss; no attempt to invent finer senses within it.,,,,[],01.0347,open,01.0347,https://raw.githubusercontent.com/ambuda-org/vidyut/f3ba4167d40eebc4b3023d24e66867aa6a8cdb32/vidyut-prakriya/data/dhatupatha.tsv,bb2013ead0ea536dc7f887164c385c703cb0014ccf6e5af35b87e6d3049ba380,IR19
01.0348,1,piwa~,SabdasaNGAtayoH,शब्दसङ्घातयोः,349,enumerated_glosses,2,Sabde; saNGAte,Explicit analyst segmentation; retain the original compound for review.,,,,[],01.0348,not_flagged_by_exact_citation_check,01.0348,https://raw.githubusercontent.com/ambuda-org/vidyut/f3ba4167d40eebc4b3023d24e66867aa6a8cdb32/vidyut-prakriya/data/dhatupatha.tsv,bb2013ead0ea536dc7f887164c385c703cb0014ccf6e5af35b87e6d3049ba380,
01.0349,1,hawa~,dIptO,दीप्तौ,350,single_gloss,1,dIptO,One source gloss; no attempt to invent finer senses within it.,,,,[],01.0349,not_flagged_by_exact_citation_check,01.0349,https://raw.githubusercontent.com/ambuda-org/vidyut/f3ba4167d40eebc4b3023d24e66867aa6a8cdb32/vidyut-prakriya/data/dhatupatha.tsv,bb2013ead0ea536dc7f887164c385c703cb0014ccf6e5af35b87e6d3049ba380,
01.0350,1,zawa~,avayave,अवयवे,351,single_gloss,1,avayave,One source gloss; no attempt to invent finer senses within it.,,,,[],01.0350,not_flagged_by_exact_citation_check,01.0350,https://raw.githubusercontent.com/ambuda-org/vidyut/f3ba4167d40eebc4b3023d24e66867aa6a8cdb32/vidyut-prakriya/data/dhatupatha.tsv,bb2013ead0ea536dc7f887164c385c703cb0014ccf6e5af35b87e6d3049ba380,
01.0351,1,luwa~,viloqane,विलोडने,352,single_gloss,1,viloqane,One source gloss; no attempt to invent finer senses within it.,,,,[],01.0351,merge_shared_meanings,01.0351,https://raw.githubusercontent.com/ambuda-org/vidyut/f3ba4167d40eebc4b3023d24e66867aa6a8cdb32/vidyut-prakriya/data/dhatupatha.tsv,bb2013ead0ea536dc7f887164c385c703cb0014ccf6e5af35b87e6d3049ba380,IR127
01.0352,1,luqa~,viloqane,विलोडने,353,single_gloss,1,viloqane,One source gloss; no attempt to invent finer senses within it.,,,,[],01.0352,not_flagged_by_exact_citation_check,01.0352,https://raw.githubusercontent.com/ambuda-org/vidyut/f3ba4167d40eebc4b3023d24e66867aa6a8cdb32/vidyut-prakriya/data/dhatupatha.tsv,bb2013ead0ea536dc7f887164c385c703cb0014ccf6e5af35b87e6d3049ba380,
01.0353,1,ciwa~,paraprEzye,परप्रैष्ये,354,single_gloss,1,paraprEzye,One source gloss; no attempt to invent finer senses within it.,,,,[],01.0353,not_flagged_by_exact_citation_check,01.0353,https://raw.githubusercontent.com/ambuda-org/vidyut/f3ba4167d40eebc4b3023d24e66867aa6a8cdb32/vidyut-prakriya/data/dhatupatha.tsv,bb2013ead0ea536dc7f887164c385c703cb0014ccf6e5af35b87e6d3049ba380,
01.0354,1,viwa~,Sabde,शब्दे,355,single_gloss,1,Sabde,One source gloss; no attempt to invent finer senses within it.,,,,[],01.0354,not_flagged_by_exact_citation_check,01.0354,https://raw.githubusercontent.com/ambuda-org/vidyut/f3ba4167d40eebc4b3023d24e66867aa6a8cdb32/vidyut-prakriya/data/dhatupatha.tsv,bb2013ead0ea536dc7f887164c385c703cb0014ccf6e5af35b87e6d3049ba380,
01.0355,1,biwa~,AkroSe,आक्रोशे,356,single_gloss,1,AkroSe,One source gloss; no attempt to invent finer senses within it.,,,,[],01.0355,not_flagged_by_exact_citation_check,01.0355,https://raw.githubusercontent.com/ambuda-org/vidyut/f3ba4167d40eebc4b3023d24e66867aa6a8cdb32/vidyut-prakriya/data/dhatupatha.tsv,bb2013ead0ea536dc7f887164c385c703cb0014ccf6e5af35b87e6d3049ba380,
01.0356,1,hiwa~,AkroSe,आक्रोशे,357,single_gloss,1,AkroSe,One source gloss; no attempt to invent finer senses within it.,,,,[],01.0356,not_flagged_by_exact_citation_check,01.0356,https://raw.githubusercontent.com/ambuda-org/vidyut/f3ba4167d40eebc4b3023d24e66867aa6a8cdb32/vidyut-prakriya/data/dhatupatha.tsv,bb2013ead0ea536dc7f887164c385c703cb0014ccf6e5af35b87e6d3049ba380,
01.0357,1,iwa~,gatO,गतौ,358,single_gloss,1,gatO,One source gloss; no attempt to invent finer senses within it.,,,,[],01.0357,not_flagged_by_exact_citation_check,01.0357,https://raw.githubusercontent.com/ambuda-org/vidyut/f3ba4167d40eebc4b3023d24e66867aa6a8cdb32/vidyut-prakriya/data/dhatupatha.tsv,bb2013ead0ea536dc7f887164c385c703cb0014ccf6e5af35b87e6d3049ba380,
01.0358,1,kiwa~,gatO,गतौ,359,single_gloss,1,gatO,One source gloss; no attempt to invent finer senses within it.,,,,[],01.0358,retain_distinct_meanings,01.0358,https://raw.githubusercontent.com/ambuda-org/vidyut/f3ba4167d40eebc4b3023d24e66867aa6a8cdb32/vidyut-prakriya/data/dhatupatha.tsv,bb2013ead0ea536dc7f887164c385c703cb0014ccf6e5af35b87e6d3049ba380,IR99
01.0359,1,kawI~,gatO,गतौ,360,single_gloss,1,gatO,One source gloss; no attempt to invent finer senses within it.,,,,[],01.0359,not_flagged_by_exact_citation_check,01.0359,https://raw.githubusercontent.com/ambuda-org/vidyut/f3ba4167d40eebc4b3023d24e66867aa6a8cdb32/vidyut-prakriya/data/dhatupatha.tsv,bb2013ead0ea536dc7f887164c385c703cb0014ccf6e5af35b87e6d3049ba380,
01.0360,1,cuwi~,alpIBAve,अल्पीभावे,361,single_gloss,1,alpIBAve,One source gloss; no attempt to invent finer senses within it.,,,,[],01.0360,retain_distinct_meanings,,https://raw.githubusercontent.com/ambuda-org/vidyut/f3ba4167d40eebc4b3023d24e66867aa6a8cdb32/vidyut-prakriya/data/dhatupatha.tsv,bb2013ead0ea536dc7f887164c385c703cb0014ccf6e5af35b87e6d3049ba380,IR54
01.0361,1,maqi~,BUzAyAm,भूषायाम्,362,single_gloss,1,BUzAyAm,One source gloss; no attempt to invent finer senses within it.,,,,[],01.0361,merge_shared_meanings,01.0361,https://raw.githubusercontent.com/ambuda-org/vidyut/f3ba4167d40eebc4b3023d24e66867aa6a8cdb32/vidyut-prakriya/data/dhatupatha.tsv,bb2013ead0ea536dc7f887164c385c703cb0014ccf6e5af35b87e6d3049ba380,IR133
01.0362,1,kuqi~,vEkalye,वैकल्ये,363,single_gloss,1,vEkalye,One source gloss; no attempt to invent finer senses within it.,,,,[],01.0362,retain_distinct_meanings,01.0362,https://raw.githubusercontent.com/ambuda-org/vidyut/f3ba4167d40eebc4b3023d24e66867aa6a8cdb32/vidyut-prakriya/data/dhatupatha.tsv,bb2013ead0ea536dc7f887164c385c703cb0014ccf6e5af35b87e6d3049ba380,IR105
01.0363,1,kuWi~,vEkalye,वैकल्ये,364,single_gloss,1,vEkalye,One source gloss; no attempt to invent finer senses within it.,,,,[],01.0363,retain_distinct_meanings,,https://raw.githubusercontent.com/ambuda-org/vidyut/f3ba4167d40eebc4b3023d24e66867aa6a8cdb32/vidyut-prakriya/data/dhatupatha.tsv,bb2013ead0ea536dc7f887164c385c703cb0014ccf6e5af35b87e6d3049ba380,IR100
01.0364,1,muqa~,mardane,मर्दने,365,single_gloss,1,mardane,One source gloss; no attempt to invent finer senses within it.,,,,[],01.0364,not_flagged_by_exact_citation_check,01.0364,https://raw.githubusercontent.com/ambuda-org/vidyut/f3ba4167d40eebc4b3023d24e66867aa6a8cdb32/vidyut-prakriya/data/dhatupatha.tsv,bb2013ead0ea536dc7f887164c385c703cb0014ccf6e5af35b87e6d3049ba380,
01.0365,1,pruqa~,mardane vimardane,मर्दने विमर्दने,366,partial_enumeration,1,mardane,Admit one broad crushing/rubbing meaning from the base-patha entry for prud itself. Do not add a second meaning merely for vimardana/pramardana. The previously inspected mut commentary is not evidence for this citation.,Locate commentary on prud to determine whether the second description adds a distinct meaning. The two transcriptions differ (vimardana versus pramardana); the one admitted assignment does not settle that difference.,MR24,,"[{""filename"": ""dhatupatha-sanskritdocuments.html"", ""url"": ""https://sanskritdocuments.org/doc_z_misc_major_works/dhatupatha.html"", ""accessed_utc"": ""2026-09-12T14:03:44.123248+00:00"", ""sha256"": ""f61d91eb4355f50677b185fe0e89641bddabb6be5211f5bfc2a8166dc8a8751c"", ""bytes"": 147148}]",01.0365,not_flagged_by_exact_citation_check,,https://raw.githubusercontent.com/ambuda-org/vidyut/f3ba4167d40eebc4b3023d24e66867aa6a8cdb32/vidyut-prakriya/data/dhatupatha.tsv,bb2013ead0ea536dc7f887164c385c703cb0014ccf6e5af35b87e6d3049ba380,
01.0366,1,muwa~,mardane,मर्दने,367,single_gloss,1,mardane,One source gloss; no attempt to invent finer senses within it.,,,,[],01.0366,merge_shared_meanings,01.0366,https://raw.githubusercontent.com/ambuda-org/vidyut/f3ba4167d40eebc4b3023d24e66867aa6a8cdb32/vidyut-prakriya/data/dhatupatha.tsv,bb2013ead0ea536dc7f887164c385c703cb0014ccf6e5af35b87e6d3049ba380,IR139
01.0367,1,puqa~,mardane,मर्दने,368,single_gloss,1,mardane,One source gloss; no attempt to invent finer senses within it.,,,,[],01.0367,retain_distinct_meanings,01.0365,https://raw.githubusercontent.com/ambuda-org/vidyut/f3ba4167d40eebc4b3023d24e66867aa6a8cdb32/vidyut-prakriya/data/dhatupatha.tsv,bb2013ead0ea536dc7f887164c385c703cb0014ccf6e5af35b87e6d3049ba380,IR154
01.0368,1,cuqi~,alpIBAve,अल्पीभावे,369,single_gloss,1,alpIBAve,One source gloss; no attempt to invent finer senses within it.,,,,[],01.0368,not_flagged_by_exact_citation_check,01.0368,https://raw.githubusercontent.com/ambuda-org/vidyut/f3ba4167d40eebc4b3023d24e66867aa6a8cdb32/vidyut-prakriya/data/dhatupatha.tsv,bb2013ead0ea536dc7f887164c385c703cb0014ccf6e5af35b87e6d3049ba380,
01.0369,1,muqi~,KaRqane,खण्डने,370,single_gloss,1,KaRqane,One source gloss; no attempt to invent finer senses within it.,,,,[],01.0369,not_flagged_by_exact_citation_check,01.0369,https://raw.githubusercontent.com/ambuda-org/vidyut/f3ba4167d40eebc4b3023d24e66867aa6a8cdb32/vidyut-prakriya/data/dhatupatha.tsv,bb2013ead0ea536dc7f887164c385c703cb0014ccf6e5af35b87e6d3049ba380,
01.0370,1,puqi~,KaRqane,खण्डने,371,single_gloss,1,KaRqane,One source gloss; no attempt to invent finer senses within it.,,,,[],01.0370,not_flagged_by_exact_citation_check,01.0370,https://raw.githubusercontent.com/ambuda-org/vidyut/f3ba4167d40eebc4b3023d24e66867aa6a8cdb32/vidyut-prakriya/data/dhatupatha.tsv,bb2013ead0ea536dc7f887164c385c703cb0014ccf6e5af35b87e6d3049ba380,
01.0371,1,ruwi~,steye,स्तेये,372,single_gloss,1,steye,One source gloss; no attempt to invent finer senses within it.,,,,[],01.0371,not_flagged_by_exact_citation_check,01.0371,https://raw.githubusercontent.com/ambuda-org/vidyut/f3ba4167d40eebc4b3023d24e66867aa6a8cdb32/vidyut-prakriya/data/dhatupatha.tsv,bb2013ead0ea536dc7f887164c385c703cb0014ccf6e5af35b87e6d3049ba380,
01.0372,1,luwi~,steye,स्तेये,373,single_gloss,1,steye,One source gloss; no attempt to invent finer senses within it.,,,,[],01.0372,not_flagged_by_exact_citation_check,01.0372,https://raw.githubusercontent.com/ambuda-org/vidyut/f3ba4167d40eebc4b3023d24e66867aa6a8cdb32/vidyut-prakriya/data/dhatupatha.tsv,bb2013ead0ea536dc7f887164c385c703cb0014ccf6e5af35b87e6d3049ba380,
01.0373,1,ruWi~,steye,स्तेये,374,single_gloss,1,steye,One source gloss; no attempt to invent finer senses within it.,,,,[],01.0373,retain_distinct_meanings,01.0373,https://raw.githubusercontent.com/ambuda-org/vidyut/f3ba4167d40eebc4b3023d24e66867aa6a8cdb32/vidyut-prakriya/data/dhatupatha.tsv,bb2013ead0ea536dc7f887164c385c703cb0014ccf6e5af35b87e6d3049ba380,IR168
01.0374,1,luWi~,steye,स्तेये,375,single_gloss,1,steye,One source gloss; no attempt to invent finer senses within it.,,,,[],01.0374,retain_distinct_meanings,01.0374,https://raw.githubusercontent.com/ambuda-org/vidyut/f3ba4167d40eebc4b3023d24e66867aa6a8cdb32/vidyut-prakriya/data/dhatupatha.tsv,bb2013ead0ea536dc7f887164c385c703cb0014ccf6e5af35b87e6d3049ba380,IR124
01.0375,1,ruqi~,steye,स्तेये,376,single_gloss,1,steye,One source gloss; no attempt to invent finer senses within it.,,,,[],01.0375,not_flagged_by_exact_citation_check,01.0375,https://raw.githubusercontent.com/ambuda-org/vidyut/f3ba4167d40eebc4b3023d24e66867aa6a8cdb32/vidyut-prakriya/data/dhatupatha.tsv,bb2013ead0ea536dc7f887164c385c703cb0014ccf6e5af35b87e6d3049ba380,
01.0376,1,luqi~,steye,स्तेये,377,single_gloss,1,steye,One source gloss; no attempt to invent finer senses within it.,,,,[],01.0376,not_flagged_by_exact_citation_check,01.0376,https://raw.githubusercontent.com/ambuda-org/vidyut/f3ba4167d40eebc4b3023d24e66867aa6a8cdb32/vidyut-prakriya/data/dhatupatha.tsv,bb2013ead0ea536dc7f887164c385c703cb0014ccf6e5af35b87e6d3049ba380,
01.0377,1,vawi~,viBAjane,विभाजने,378,single_gloss,1,viBAjane,One source gloss; no attempt to invent finer senses within it.,,,,[],01.0377,merge_shared_meanings,01.0377,https://raw.githubusercontent.com/ambuda-org/vidyut/f3ba4167d40eebc4b3023d24e66867aa6a8cdb32/vidyut-prakriya/data/dhatupatha.tsv,bb2013ead0ea536dc7f887164c385c703cb0014ccf6e5af35b87e6d3049ba380,IR200
01.0378,1,sPawi~,viSaraRe,विशरणे,379,single_gloss,1,viSaraRe,One source gloss; no attempt to invent finer senses within it.,,,,[],01.0378,not_flagged_by_exact_citation_check,,https://raw.githubusercontent.com/ambuda-org/vidyut/f3ba4167d40eebc4b3023d24e66867aa6a8cdb32/vidyut-prakriya/data/dhatupatha.tsv,bb2013ead0ea536dc7f887164c385c703cb0014ccf6e5af35b87e6d3049ba380,
01.0379,1,sPuwi~r,viSaraRe,विशरणे,380,single_gloss,1,viSaraRe,One source gloss; no attempt to invent finer senses within it.,,,,[],01.0379,not_flagged_by_exact_citation_check,01.0379,https://raw.githubusercontent.com/ambuda-org/vidyut/f3ba4167d40eebc4b3023d24e66867aa6a8cdb32/vidyut-prakriya/data/dhatupatha.tsv,bb2013ead0ea536dc7f887164c385c703cb0014ccf6e5af35b87e6d3049ba380,
01.0380,1,sPuwi~,viSaraRe,विशरणे,381,single_gloss,1,viSaraRe,One source gloss; no attempt to invent finer senses within it.,,,,[],01.0380,retain_distinct_meanings,01.0380,https://raw.githubusercontent.com/ambuda-org/vidyut/f3ba4167d40eebc4b3023d24e66867aa6a8cdb32/vidyut-prakriya/data/dhatupatha.tsv,bb2013ead0ea536dc7f887164c385c703cb0014ccf6e5af35b87e6d3049ba380,IR172
01.0381,1,paWa~,vyaktAyAM vAci,व्यक्तायां वाचि,382,single_gloss,1,vyaktAyAM vAci,"A qualified phrase, not one meaning per word.",,,,[],01.0381,not_flagged_by_exact_citation_check,01.0381,https://raw.githubusercontent.com/ambuda-org/vidyut/f3ba4167d40eebc4b3023d24e66867aa6a8cdb32/vidyut-prakriya/data/dhatupatha.tsv,bb2013ead0ea536dc7f887164c385c703cb0014ccf6e5af35b87e6d3049ba380,
01.0382,1,vaWa~,sTOlye,स्थौल्ये,383,single_gloss,1,sTOlye,One source gloss; no attempt to invent finer senses within it.,,,,[],01.0382,not_flagged_by_exact_citation_check,01.0382,https://raw.githubusercontent.com/ambuda-org/vidyut/f3ba4167d40eebc4b3023d24e66867aa6a8cdb32/vidyut-prakriya/data/dhatupatha.tsv,bb2013ead0ea536dc7f887164c385c703cb0014ccf6e5af35b87e6d3049ba380,
01.0383,1,hOqf~,gatO,गतौ,384,single_gloss,1,gatO,One source gloss; no attempt to invent finer senses within it.,,,,[],01.0383,not_flagged_by_exact_citation_check,,https://raw.githubusercontent.com/ambuda-org/vidyut/f3ba4167d40eebc4b3023d24e66867aa6a8cdb32/vidyut-prakriya/data/dhatupatha.tsv,bb2013ead0ea536dc7f887164c385c703cb0014ccf6e5af35b87e6d3049ba380,
01.0384,1,maWa~,madanivAsayoH,मदनिवासयोः,385,enumerated_glosses,2,made; nivAse,Explicit analyst segmentation; retain the original compound for review.,,,,[],01.0384,not_flagged_by_exact_citation_check,01.0384,https://raw.githubusercontent.com/ambuda-org/vidyut/f3ba4167d40eebc4b3023d24e66867aa6a8cdb32/vidyut-prakriya/data/dhatupatha.tsv,bb2013ead0ea536dc7f887164c385c703cb0014ccf6e5af35b87e6d3049ba380,
01.0385,1,kaWa~,kfcCrajIvane,कृच्छ्रजीवने,386,single_gloss,1,kfcCrajIvane,One source gloss; no attempt to invent finer senses within it.,,,,[],01.0385,not_flagged_by_exact_citation_check,01.0385,https://raw.githubusercontent.com/ambuda-org/vidyut/f3ba4167d40eebc4b3023d24e66867aa6a8cdb32/vidyut-prakriya/data/dhatupatha.tsv,bb2013ead0ea536dc7f887164c385c703cb0014ccf6e5af35b87e6d3049ba380,
01.0386,1,raWa~,pariBAzaRe,परिभाषणे,387,single_gloss,1,pariBAzaRe,One source gloss; no attempt to invent finer senses within it.,,,,[],01.0386,not_flagged_by_exact_citation_check,01.0386,https://raw.githubusercontent.com/ambuda-org/vidyut/f3ba4167d40eebc4b3023d24e66867aa6a8cdb32/vidyut-prakriya/data/dhatupatha.tsv,bb2013ead0ea536dc7f887164c385c703cb0014ccf6e5af35b87e6d3049ba380,
01.0387,1,rawa~,pariBAzaRe,परिभाषणे,388,single_gloss,1,pariBAzaRe,One source gloss; no attempt to invent finer senses within it.,,,,[],01.0387,open,01.0387,https://raw.githubusercontent.com/ambuda-org/vidyut/f3ba4167d40eebc4b3023d24e66867aa6a8cdb32/vidyut-prakriya/data/dhatupatha.tsv,bb2013ead0ea536dc7f887164c385c703cb0014ccf6e5af35b87e6d3049ba380,IR164
01.0388,1,haWa~,plutiSaWatvayoH balAtkAre ca,प्लुतिशठत्वयोः बलात्कारे च,389,enumerated_glosses,3,plutO; SaWatve; balAtkAre,Visible enumeration; semantic overlap still belongs to lexical review.,,,,[],01.0388,not_flagged_by_exact_citation_check,01.0388,https://raw.githubusercontent.com/ambuda-org/vidyut/f3ba4167d40eebc4b3023d24e66867aa6a8cdb32/vidyut-prakriya/data/dhatupatha.tsv,bb2013ead0ea536dc7f887164c385c703cb0014ccf6e5af35b87e6d3049ba380,
01.0389,1,ruWa~,upaGAte,उपघाते,390,single_gloss,1,upaGAte,One source gloss; no attempt to invent finer senses within it.,,,,[],01.0389,retain_distinct_meanings,01.0389,https://raw.githubusercontent.com/ambuda-org/vidyut/f3ba4167d40eebc4b3023d24e66867aa6a8cdb32/vidyut-prakriya/data/dhatupatha.tsv,bb2013ead0ea536dc7f887164c385c703cb0014ccf6e5af35b87e6d3049ba380,IR167
01.0390,1,luWa~,upaGAte,उपघाते,391,single_gloss,1,upaGAte,One source gloss; no attempt to invent finer senses within it.,,,,[],01.0390,retain_distinct_meanings,01.0390,https://raw.githubusercontent.com/ambuda-org/vidyut/f3ba4167d40eebc4b3023d24e66867aa6a8cdb32/vidyut-prakriya/data/dhatupatha.tsv,bb2013ead0ea536dc7f887164c385c703cb0014ccf6e5af35b87e6d3049ba380,IR123
01.0391,1,UWa~,upaGAte,उपघाते,392,single_gloss,1,upaGAte,One source gloss; no attempt to invent finer senses within it.,,,,[],01.0391,not_flagged_by_exact_citation_check,01.0391,https://raw.githubusercontent.com/ambuda-org/vidyut/f3ba4167d40eebc4b3023d24e66867aa6a8cdb32/vidyut-prakriya/data/dhatupatha.tsv,bb2013ead0ea536dc7f887164c385c703cb0014ccf6e5af35b87e6d3049ba380,
01.0392,1,uWa~,upaGAte,उपघाते,393,single_gloss,1,upaGAte,One source gloss; no attempt to invent finer senses within it.,,,,[],01.0392,not_flagged_by_exact_citation_check,01.0392,https://raw.githubusercontent.com/ambuda-org/vidyut/f3ba4167d40eebc4b3023d24e66867aa6a8cdb32/vidyut-prakriya/data/dhatupatha.tsv,bb2013ead0ea536dc7f887164c385c703cb0014ccf6e5af35b87e6d3049ba380,
01.0393,1,piWa~,hiMsAsaNkleSanayoH,हिंसासङ्क्लेशनयोः,394,enumerated_glosses,2,hiMsAyAm; saNkleSane,Explicit analyst segmentation; retain the original compound for review.,,,,[],01.0393,not_flagged_by_exact_citation_check,01.0393,https://raw.githubusercontent.com/ambuda-org/vidyut/f3ba4167d40eebc4b3023d24e66867aa6a8cdb32/vidyut-prakriya/data/dhatupatha.tsv,bb2013ead0ea536dc7f887164c385c703cb0014ccf6e5af35b87e6d3049ba380,
01.0394,1,SaWa~,kEtave hiMsAsaNkleSanayoH dyUte sparDAyAM ca,कैतवे हिंसासङ्क्लेशनयोः द्यूते स्पर्धायां च,395,enumerated_glosses,5,kEtave; hiMsAyAm; saNkleSane; dyUte; sparDAyAM,Visible enumeration; semantic overlap still belongs to lexical review.,,,,[],01.0394,retain_distinct_meanings,01.0394,https://raw.githubusercontent.com/ambuda-org/vidyut/f3ba4167d40eebc4b3023d24e66867aa6a8cdb32/vidyut-prakriya/data/dhatupatha.tsv,bb2013ead0ea536dc7f887164c385c703cb0014ccf6e5af35b87e6d3049ba380,IR21
01.0395,1,SuWa~,pratiGAte gatipratiGAte ca,प्रतिघाते गतिप्रतिघाते च,396,enumerated_glosses,2,pratiGAte; gatipratiGAte,Visible enumeration; semantic overlap still belongs to lexical review.,,,,[],01.0395,retain_distinct_meanings,01.0395,https://raw.githubusercontent.com/ambuda-org/vidyut/f3ba4167d40eebc4b3023d24e66867aa6a8cdb32/vidyut-prakriya/data/dhatupatha.tsv,bb2013ead0ea536dc7f887164c385c703cb0014ccf6e5af35b87e6d3049ba380,IR29
01.0396,1,SUWa~,gatipratiGAte,गतिप्रतिघाते,397,single_gloss,1,gatipratiGAte,One source gloss; no attempt to invent finer senses within it.,,,,[],01.0396,not_flagged_by_exact_citation_check,,https://raw.githubusercontent.com/ambuda-org/vidyut/f3ba4167d40eebc4b3023d24e66867aa6a8cdb32/vidyut-prakriya/data/dhatupatha.tsv,bb2013ead0ea536dc7f887164c385c703cb0014ccf6e5af35b87e6d3049ba380,
01.0397,1,kuWi~,pratiGAte,प्रतिघाते,398,single_gloss,1,pratiGAte,One source gloss; no attempt to invent finer senses within it.,,,,[],01.0397,retain_distinct_meanings,01.0397,https://raw.githubusercontent.com/ambuda-org/vidyut/f3ba4167d40eebc4b3023d24e66867aa6a8cdb32/vidyut-prakriya/data/dhatupatha.tsv,bb2013ead0ea536dc7f887164c385c703cb0014ccf6e5af35b87e6d3049ba380,IR100
01.0398,1,luWi~,Alasye pratiGAte ca,आलस्ये प्रतिघाते च,399,enumerated_glosses,2,Alasye; pratiGAte,Visible enumeration; semantic overlap still belongs to lexical review.,,,,[],01.0398,retain_distinct_meanings,01.0398,https://raw.githubusercontent.com/ambuda-org/vidyut/f3ba4167d40eebc4b3023d24e66867aa6a8cdb32/vidyut-prakriya/data/dhatupatha.tsv,bb2013ead0ea536dc7f887164c385c703cb0014ccf6e5af35b87e6d3049ba380,IR124
01.0399,1,SuWi~,SozaRe,शोषणे,400,single_gloss,1,SozaRe,One source gloss; no attempt to invent finer senses within it.,,,,[],01.0399,merge_shared_meanings,01.0396;01.0399,https://raw.githubusercontent.com/ambuda-org/vidyut/f3ba4167d40eebc4b3023d24e66867aa6a8cdb32/vidyut-prakriya/data/dhatupatha.tsv,bb2013ead0ea536dc7f887164c385c703cb0014ccf6e5af35b87e6d3049ba380,IR30
01.0400,1,ruWi~,gatO,गतौ,401,single_gloss,1,gatO,One source gloss; no attempt to invent finer senses within it.,,,,[],01.0400,retain_distinct_meanings,01.0400,https://raw.githubusercontent.com/ambuda-org/vidyut/f3ba4167d40eebc4b3023d24e66867aa6a8cdb32/vidyut-prakriya/data/dhatupatha.tsv,bb2013ead0ea536dc7f887164c385c703cb0014ccf6e5af35b87e6d3049ba380,IR168
01.0401,1,luWi~,gatO,गतौ,402,single_gloss,1,gatO,One source gloss; no attempt to invent finer senses within it.,,,,[],01.0401,retain_distinct_meanings,01.0401,https://raw.githubusercontent.com/ambuda-org/vidyut/f3ba4167d40eebc4b3023d24e66867aa6a8cdb32/vidyut-prakriya/data/dhatupatha.tsv,bb2013ead0ea536dc7f887164c385c703cb0014ccf6e5af35b87e6d3049ba380,IR124
01.0402,1,cuqqa~,BAvakaraRe,भावकरणे,403,single_gloss,1,BAvakaraRe,One source gloss; no attempt to invent finer senses within it.,,,,[],01.0402,not_flagged_by_exact_citation_check,01.0402,https://raw.githubusercontent.com/ambuda-org/vidyut/f3ba4167d40eebc4b3023d24e66867aa6a8cdb32/vidyut-prakriya/data/dhatupatha.tsv,bb2013ead0ea536dc7f887164c385c703cb0014ccf6e5af35b87e6d3049ba380,
01.0403,1,aqqa~,aBiyoge,अभियोगे,404,single_gloss,1,aBiyoge,One source gloss; no attempt to invent finer senses within it.,,,,[],01.0403,not_flagged_by_exact_citation_check,01.0403,https://raw.githubusercontent.com/ambuda-org/vidyut/f3ba4167d40eebc4b3023d24e66867aa6a8cdb32/vidyut-prakriya/data/dhatupatha.tsv,bb2013ead0ea536dc7f887164c385c703cb0014ccf6e5af35b87e6d3049ba380,
01.0404,1,kaqqa~,kArkaSye,कार्कश्ये,405,single_gloss,1,kArkaSye,One source gloss; no attempt to invent finer senses within it.,,,,[],01.0404,not_flagged_by_exact_citation_check,01.0404,https://raw.githubusercontent.com/ambuda-org/vidyut/f3ba4167d40eebc4b3023d24e66867aa6a8cdb32/vidyut-prakriya/data/dhatupatha.tsv,bb2013ead0ea536dc7f887164c385c703cb0014ccf6e5af35b87e6d3049ba380,
01.0405,1,krIqf~,vihAre,विहारे,406,single_gloss,1,vihAre,One source gloss; no attempt to invent finer senses within it.,,,,[],01.0405,not_flagged_by_exact_citation_check,01.0405,https://raw.githubusercontent.com/ambuda-org/vidyut/f3ba4167d40eebc4b3023d24e66867aa6a8cdb32/vidyut-prakriya/data/dhatupatha.tsv,bb2013ead0ea536dc7f887164c385c703cb0014ccf6e5af35b87e6d3049ba380,
01.0406,1,tuqf~,toqane,तोडने,407,single_gloss,1,toqane,One source gloss; no attempt to invent finer senses within it.,,,,[],01.0406,not_flagged_by_exact_citation_check,01.0406,https://raw.githubusercontent.com/ambuda-org/vidyut/f3ba4167d40eebc4b3023d24e66867aa6a8cdb32/vidyut-prakriya/data/dhatupatha.tsv,bb2013ead0ea536dc7f887164c385c703cb0014ccf6e5af35b87e6d3049ba380,
01.0407,1,tUqf~,toqane,तोडने,408,single_gloss,1,toqane,One source gloss; no attempt to invent finer senses within it.,,,,[],01.0407,not_flagged_by_exact_citation_check,01.0407,https://raw.githubusercontent.com/ambuda-org/vidyut/f3ba4167d40eebc4b3023d24e66867aa6a8cdb32/vidyut-prakriya/data/dhatupatha.tsv,bb2013ead0ea536dc7f887164c385c703cb0014ccf6e5af35b87e6d3049ba380,
01.0408,1,huqf~,gatO,गतौ,409,single_gloss,1,gatO,One source gloss; no attempt to invent finer senses within it.,,,,[],01.0408,not_flagged_by_exact_citation_check,01.0408,https://raw.githubusercontent.com/ambuda-org/vidyut/f3ba4167d40eebc4b3023d24e66867aa6a8cdb32/vidyut-prakriya/data/dhatupatha.tsv,bb2013ead0ea536dc7f887164c385c703cb0014ccf6e5af35b87e6d3049ba380,
01.0409,1,hUqf~,gatO,गतौ,410,single_gloss,1,gatO,One source gloss; no attempt to invent finer senses within it.,,,,[],01.0409,not_flagged_by_exact_citation_check,01.0409,https://raw.githubusercontent.com/ambuda-org/vidyut/f3ba4167d40eebc4b3023d24e66867aa6a8cdb32/vidyut-prakriya/data/dhatupatha.tsv,bb2013ead0ea536dc7f887164c385c703cb0014ccf6e5af35b87e6d3049ba380,
01.0410,1,hoqf~,gatO,गतौ,411,single_gloss,1,gatO,One source gloss; no attempt to invent finer senses within it.,,,,[],01.0410,not_flagged_by_exact_citation_check,01.0410,https://raw.githubusercontent.com/ambuda-org/vidyut/f3ba4167d40eebc4b3023d24e66867aa6a8cdb32/vidyut-prakriya/data/dhatupatha.tsv,bb2013ead0ea536dc7f887164c385c703cb0014ccf6e5af35b87e6d3049ba380,
01.0411,1,rOqf~,anAdare,अनादरे,412,single_gloss,1,anAdare,One source gloss; no attempt to invent finer senses within it.,,,,[],01.0411,not_flagged_by_exact_citation_check,01.0411,https://raw.githubusercontent.com/ambuda-org/vidyut/f3ba4167d40eebc4b3023d24e66867aa6a8cdb32/vidyut-prakriya/data/dhatupatha.tsv,bb2013ead0ea536dc7f887164c385c703cb0014ccf6e5af35b87e6d3049ba380,
01.0412,1,roqf~,unmAde,उन्मादे,413,single_gloss,1,unmAde,One source gloss; no attempt to invent finer senses within it.,,,,[],01.0412,not_flagged_by_exact_citation_check,01.0412,https://raw.githubusercontent.com/ambuda-org/vidyut/f3ba4167d40eebc4b3023d24e66867aa6a8cdb32/vidyut-prakriya/data/dhatupatha.tsv,bb2013ead0ea536dc7f887164c385c703cb0014ccf6e5af35b87e6d3049ba380,
01.0413,1,loqf~,unmAde,उन्मादे,414,single_gloss,1,unmAde,One source gloss; no attempt to invent finer senses within it.,,,,[],01.0413,not_flagged_by_exact_citation_check,01.0413,https://raw.githubusercontent.com/ambuda-org/vidyut/f3ba4167d40eebc4b3023d24e66867aa6a8cdb32/vidyut-prakriya/data/dhatupatha.tsv,bb2013ead0ea536dc7f887164c385c703cb0014ccf6e5af35b87e6d3049ba380,
01.0414,1,aqa~,udyame,उद्यमे,415,single_gloss,1,udyame,One source gloss; no attempt to invent finer senses within it.,,,,[],01.0414,not_flagged_by_exact_citation_check,01.0414,https://raw.githubusercontent.com/ambuda-org/vidyut/f3ba4167d40eebc4b3023d24e66867aa6a8cdb32/vidyut-prakriya/data/dhatupatha.tsv,bb2013ead0ea536dc7f887164c385c703cb0014ccf6e5af35b87e6d3049ba380,
01.0415,1,laqa~,vilAse,विलासे,416,single_gloss,1,vilAse,One source gloss; no attempt to invent finer senses within it.,,,,[],01.0415,open,01.0415,https://raw.githubusercontent.com/ambuda-org/vidyut/f3ba4167d40eebc4b3023d24e66867aa6a8cdb32/vidyut-prakriya/data/dhatupatha.tsv,bb2013ead0ea536dc7f887164c385c703cb0014ccf6e5af35b87e6d3049ba380,IR118
01.0416,1,lala~,vilAse,विलासे,417,single_gloss,1,vilAse,One source gloss; no attempt to invent finer senses within it.,,,,[],01.0416,retain_distinct_meanings,01.0416,https://raw.githubusercontent.com/ambuda-org/vidyut/f3ba4167d40eebc4b3023d24e66867aa6a8cdb32/vidyut-prakriya/data/dhatupatha.tsv,bb2013ead0ea536dc7f887164c385c703cb0014ccf6e5af35b87e6d3049ba380,IR117
01.0417,1,kaqa~,made,मदे,418,single_gloss,1,made,One source gloss; no attempt to invent finer senses within it.,,,,[],01.0417,merge_shared_meanings,01.0417,https://raw.githubusercontent.com/ambuda-org/vidyut/f3ba4167d40eebc4b3023d24e66867aa6a8cdb32/vidyut-prakriya/data/dhatupatha.tsv,bb2013ead0ea536dc7f887164c385c703cb0014ccf6e5af35b87e6d3049ba380,IR94
01.0418,1,kaqi~,made,मदे,419,single_gloss,1,made,One source gloss; no attempt to invent finer senses within it.,,,,[],01.0418,retain_distinct_meanings,01.0418,https://raw.githubusercontent.com/ambuda-org/vidyut/f3ba4167d40eebc4b3023d24e66867aa6a8cdb32/vidyut-prakriya/data/dhatupatha.tsv,bb2013ead0ea536dc7f887164c385c703cb0014ccf6e5af35b87e6d3049ba380,IR95
01.0419,1,gaqi~,vadanEkadeSe,वदनैकदेशे,420,single_gloss,1,vadanEkadeSe,One source gloss; no attempt to invent finer senses within it.,,,,[],01.0068,documented_same_word_and_meaning,01.0419,https://raw.githubusercontent.com/ambuda-org/vidyut/f3ba4167d40eebc4b3023d24e66867aa6a8cdb32/vidyut-prakriya/data/dhatupatha.tsv,bb2013ead0ea536dc7f887164c385c703cb0014ccf6e5af35b87e6d3049ba380,
01.0420,1,ti\pf~\,kzaraRe,क्षरणे,421,single_gloss,1,kzaraRe,One source gloss; no attempt to invent finer senses within it.,,,,[],01.0420,not_flagged_by_exact_citation_check,01.0420,https://raw.githubusercontent.com/ambuda-org/vidyut/f3ba4167d40eebc4b3023d24e66867aa6a8cdb32/vidyut-prakriya/data/dhatupatha.tsv,bb2013ead0ea536dc7f887164c385c703cb0014ccf6e5af35b87e6d3049ba380,
01.0421,1,tepf~\,kzaraRe kampane ca,क्षरणे कम्पने च,422,enumerated_glosses,2,kzaraRe; kampane,Visible enumeration; semantic overlap still belongs to lexical review.,,,,[],01.0421,not_flagged_by_exact_citation_check,01.0421,https://raw.githubusercontent.com/ambuda-org/vidyut/f3ba4167d40eebc4b3023d24e66867aa6a8cdb32/vidyut-prakriya/data/dhatupatha.tsv,bb2013ead0ea536dc7f887164c385c703cb0014ccf6e5af35b87e6d3049ba380,
01.0422,1,zwipf~\,kzaraRe,क्षरणे,423,single_gloss,1,kzaraRe,One source gloss; no attempt to invent finer senses within it.,,,,[],01.0422,not_flagged_by_exact_citation_check,01.0422,https://raw.githubusercontent.com/ambuda-org/vidyut/f3ba4167d40eebc4b3023d24e66867aa6a8cdb32/vidyut-prakriya/data/dhatupatha.tsv,bb2013ead0ea536dc7f887164c385c703cb0014ccf6e5af35b87e6d3049ba380,
01.0423,1,zwepf~\,kzaraRe,क्षरणे,424,single_gloss,1,kzaraRe,One source gloss; no attempt to invent finer senses within it.,,,,[],01.0423,not_flagged_by_exact_citation_check,01.0423,https://raw.githubusercontent.com/ambuda-org/vidyut/f3ba4167d40eebc4b3023d24e66867aa6a8cdb32/vidyut-prakriya/data/dhatupatha.tsv,bb2013ead0ea536dc7f887164c385c703cb0014ccf6e5af35b87e6d3049ba380,
01.0424,1,glepf~\,dEnye,दैन्ये,425,single_gloss,1,dEnye,One source gloss; no attempt to invent finer senses within it.,,,,[],01.0424,retain_distinct_meanings,01.0424,https://raw.githubusercontent.com/ambuda-org/vidyut/f3ba4167d40eebc4b3023d24e66867aa6a8cdb32/vidyut-prakriya/data/dhatupatha.tsv,bb2013ead0ea536dc7f887164c385c703cb0014ccf6e5af35b87e6d3049ba380,IR71
01.0425,1,wuvepf~\,kampane,कम्पने,426,single_gloss,1,kampane,One source gloss; no attempt to invent finer senses within it.,,,,[],01.0425,not_flagged_by_exact_citation_check,,https://raw.githubusercontent.com/ambuda-org/vidyut/f3ba4167d40eebc4b3023d24e66867aa6a8cdb32/vidyut-prakriya/data/dhatupatha.tsv,bb2013ead0ea536dc7f887164c385c703cb0014ccf6e5af35b87e6d3049ba380,
01.0426,1,kepf~\,kampane gatO ca,कम्पने गतौ च,427,enumerated_glosses,2,kampane; gatO,Visible enumeration; semantic overlap still belongs to lexical review.,,,,[],01.0426,not_flagged_by_exact_citation_check,01.0426,https://raw.githubusercontent.com/ambuda-org/vidyut/f3ba4167d40eebc4b3023d24e66867aa6a8cdb32/vidyut-prakriya/data/dhatupatha.tsv,bb2013ead0ea536dc7f887164c385c703cb0014ccf6e5af35b87e6d3049ba380,
01.0427,1,gepf~\,kampane gatO ca,कम्पने गतौ च,428,enumerated_glosses,2,kampane; gatO,Visible enumeration; semantic overlap still belongs to lexical review.,,,,[],01.0427,not_flagged_by_exact_citation_check,01.0427,https://raw.githubusercontent.com/ambuda-org/vidyut/f3ba4167d40eebc4b3023d24e66867aa6a8cdb32/vidyut-prakriya/data/dhatupatha.tsv,bb2013ead0ea536dc7f887164c385c703cb0014ccf6e5af35b87e6d3049ba380,
01.0428,1,glepf~\,kampane gatO ca,कम्पने गतौ च,429,enumerated_glosses,2,kampane; gatO,Visible enumeration; semantic overlap still belongs to lexical review.,,,,[],01.0428,retain_distinct_meanings,01.0428,https://raw.githubusercontent.com/ambuda-org/vidyut/f3ba4167d40eebc4b3023d24e66867aa6a8cdb32/vidyut-prakriya/data/dhatupatha.tsv,bb2013ead0ea536dc7f887164c385c703cb0014ccf6e5af35b87e6d3049ba380,IR71
01.0429,1,mepf~\,gatO,गतौ,430,single_gloss,1,gatO,One source gloss; no attempt to invent finer senses within it.,,,,[],01.0429,not_flagged_by_exact_citation_check,01.0429,https://raw.githubusercontent.com/ambuda-org/vidyut/f3ba4167d40eebc4b3023d24e66867aa6a8cdb32/vidyut-prakriya/data/dhatupatha.tsv,bb2013ead0ea536dc7f887164c385c703cb0014ccf6e5af35b87e6d3049ba380,
01.0430,1,repf~\,gatO,गतौ,431,single_gloss,1,gatO,One source gloss; no attempt to invent finer senses within it.,,,,[],01.0430,not_flagged_by_exact_citation_check,01.0430,https://raw.githubusercontent.com/ambuda-org/vidyut/f3ba4167d40eebc4b3023d24e66867aa6a8cdb32/vidyut-prakriya/data/dhatupatha.tsv,bb2013ead0ea536dc7f887164c385c703cb0014ccf6e5af35b87e6d3049ba380,
01.0431,1,lepf~\,gatO,गतौ,432,single_gloss,1,gatO,One source gloss; no attempt to invent finer senses within it.,,,,[],01.0431,not_flagged_by_exact_citation_check,01.0431,https://raw.githubusercontent.com/ambuda-org/vidyut/f3ba4167d40eebc4b3023d24e66867aa6a8cdb32/vidyut-prakriya/data/dhatupatha.tsv,bb2013ead0ea536dc7f887164c385c703cb0014ccf6e5af35b87e6d3049ba380,
01.0432,1,hepf~\,gatO,गतौ,433,single_gloss,1,gatO,One source gloss; no attempt to invent finer senses within it.,,,,[],01.0432,not_flagged_by_exact_citation_check,01.0432,https://raw.githubusercontent.com/ambuda-org/vidyut/f3ba4167d40eebc4b3023d24e66867aa6a8cdb32/vidyut-prakriya/data/dhatupatha.tsv,bb2013ead0ea536dc7f887164c385c703cb0014ccf6e5af35b87e6d3049ba380,
01.0433,1,Depf~\,gatO,गतौ,434,single_gloss,1,gatO,One source gloss; no attempt to invent finer senses within it.,,,,[],01.0433,not_flagged_by_exact_citation_check,01.0433,https://raw.githubusercontent.com/ambuda-org/vidyut/f3ba4167d40eebc4b3023d24e66867aa6a8cdb32/vidyut-prakriya/data/dhatupatha.tsv,bb2013ead0ea536dc7f887164c385c703cb0014ccf6e5af35b87e6d3049ba380,
01.0434,1,trapU~\z,lajjAyAm,लज्जायाम्,435,single_gloss,1,lajjAyAm,One source gloss; no attempt to invent finer senses within it.,,,,[],01.0434,not_flagged_by_exact_citation_check,01.0434,https://raw.githubusercontent.com/ambuda-org/vidyut/f3ba4167d40eebc4b3023d24e66867aa6a8cdb32/vidyut-prakriya/data/dhatupatha.tsv,bb2013ead0ea536dc7f887164c385c703cb0014ccf6e5af35b87e6d3049ba380,
01.0435,1,kapi~\,calane,चलने,436,single_gloss,1,calane,One source gloss; no attempt to invent finer senses within it.,,,,[],01.0435,not_flagged_by_exact_citation_check,01.0435,https://raw.githubusercontent.com/ambuda-org/vidyut/f3ba4167d40eebc4b3023d24e66867aa6a8cdb32/vidyut-prakriya/data/dhatupatha.tsv,bb2013ead0ea536dc7f887164c385c703cb0014ccf6e5af35b87e6d3049ba380,
01.0436,1,rabi~\,Sabde,शब्दे,437,single_gloss,1,Sabde,One source gloss; no attempt to invent finer senses within it.,,,,[],01.0436,not_flagged_by_exact_citation_check,01.0436,https://raw.githubusercontent.com/ambuda-org/vidyut/f3ba4167d40eebc4b3023d24e66867aa6a8cdb32/vidyut-prakriya/data/dhatupatha.tsv,bb2013ead0ea536dc7f887164c385c703cb0014ccf6e5af35b87e6d3049ba380,
01.0437,1,labi~\,Sabde,शब्दे,438,single_gloss,1,Sabde,One source gloss; no attempt to invent finer senses within it.,,,,[],01.0437,merge_shared_meanings,01.0437,https://raw.githubusercontent.com/ambuda-org/vidyut/f3ba4167d40eebc4b3023d24e66867aa6a8cdb32/vidyut-prakriya/data/dhatupatha.tsv,bb2013ead0ea536dc7f887164c385c703cb0014ccf6e5af35b87e6d3049ba380,IR113
01.0438,1,abi~\,Sabde,शब्दे,439,single_gloss,1,Sabde,One source gloss; no attempt to invent finer senses within it.,,,,[],01.0438,not_flagged_by_exact_citation_check,01.0438,https://raw.githubusercontent.com/ambuda-org/vidyut/f3ba4167d40eebc4b3023d24e66867aa6a8cdb32/vidyut-prakriya/data/dhatupatha.tsv,bb2013ead0ea536dc7f887164c385c703cb0014ccf6e5af35b87e6d3049ba380,
01.0439,1,labi~\,avasraMsane Sabde ca,अवस्रंसने शब्दे च,440,enumerated_glosses,2,avasraMsane; Sabde,Visible enumeration; semantic overlap still belongs to lexical review.,,,,[],01.0439,merge_shared_meanings,01.0439,https://raw.githubusercontent.com/ambuda-org/vidyut/f3ba4167d40eebc4b3023d24e66867aa6a8cdb32/vidyut-prakriya/data/dhatupatha.tsv,bb2013ead0ea536dc7f887164c385c703cb0014ccf6e5af35b87e6d3049ba380,IR113
01.0440,1,kabf~\,varRe,वर्णे,441,single_gloss,1,varRe,One source gloss; no attempt to invent finer senses within it.,,,,[],01.0440,not_flagged_by_exact_citation_check,01.0440,https://raw.githubusercontent.com/ambuda-org/vidyut/f3ba4167d40eebc4b3023d24e66867aa6a8cdb32/vidyut-prakriya/data/dhatupatha.tsv,bb2013ead0ea536dc7f887164c385c703cb0014ccf6e5af35b87e6d3049ba380,
01.0441,1,klIbf~\,aDArzwye,अधार्ष्ट्ये,442,single_gloss,1,aDArzwye,One source gloss; no attempt to invent finer senses within it.,,,,[],01.0441,not_flagged_by_exact_citation_check,01.0441,https://raw.githubusercontent.com/ambuda-org/vidyut/f3ba4167d40eebc4b3023d24e66867aa6a8cdb32/vidyut-prakriya/data/dhatupatha.tsv,bb2013ead0ea536dc7f887164c385c703cb0014ccf6e5af35b87e6d3049ba380,
01.0442,1,kzIbf~\,made,मदे,443,single_gloss,1,made,One source gloss; no attempt to invent finer senses within it.,,,,[],01.0442,not_flagged_by_exact_citation_check,01.0442,https://raw.githubusercontent.com/ambuda-org/vidyut/f3ba4167d40eebc4b3023d24e66867aa6a8cdb32/vidyut-prakriya/data/dhatupatha.tsv,bb2013ead0ea536dc7f887164c385c703cb0014ccf6e5af35b87e6d3049ba380,
01.0443,1,kzIvf~\,made,मदे,444,single_gloss,1,made,One source gloss; no attempt to invent finer senses within it.,,,,[],01.0443,not_flagged_by_exact_citation_check,,https://raw.githubusercontent.com/ambuda-org/vidyut/f3ba4167d40eebc4b3023d24e66867aa6a8cdb32/vidyut-prakriya/data/dhatupatha.tsv,bb2013ead0ea536dc7f887164c385c703cb0014ccf6e5af35b87e6d3049ba380,
01.0444,1,SIBf~\,katTane,कत्थने,445,single_gloss,1,katTane,One source gloss; no attempt to invent finer senses within it.,,,,[],01.0444,not_flagged_by_exact_citation_check,01.0444,https://raw.githubusercontent.com/ambuda-org/vidyut/f3ba4167d40eebc4b3023d24e66867aa6a8cdb32/vidyut-prakriya/data/dhatupatha.tsv,bb2013ead0ea536dc7f887164c385c703cb0014ccf6e5af35b87e6d3049ba380,
01.0445,1,lOqf~,unmAde,उन्मादे,446,single_gloss,1,unmAde,One source gloss; no attempt to invent finer senses within it.,,,,[],01.0445,not_flagged_by_exact_citation_check,,https://raw.githubusercontent.com/ambuda-org/vidyut/f3ba4167d40eebc4b3023d24e66867aa6a8cdb32/vidyut-prakriya/data/dhatupatha.tsv,bb2013ead0ea536dc7f887164c385c703cb0014ccf6e5af35b87e6d3049ba380,
01.0446,1,cIBf~\,katTane,कत्थने,447,single_gloss,1,katTane,One source gloss; no attempt to invent finer senses within it.,,,,[],01.0446,not_flagged_by_exact_citation_check,01.0446,https://raw.githubusercontent.com/ambuda-org/vidyut/f3ba4167d40eebc4b3023d24e66867aa6a8cdb32/vidyut-prakriya/data/dhatupatha.tsv,bb2013ead0ea536dc7f887164c385c703cb0014ccf6e5af35b87e6d3049ba380,
01.0447,1,reBf~\,Sabde,शब्दे,448,single_gloss,1,Sabde,One source gloss; no attempt to invent finer senses within it.,,,,[],01.0447,not_flagged_by_exact_citation_check,01.0447,https://raw.githubusercontent.com/ambuda-org/vidyut/f3ba4167d40eebc4b3023d24e66867aa6a8cdb32/vidyut-prakriya/data/dhatupatha.tsv,bb2013ead0ea536dc7f887164c385c703cb0014ccf6e5af35b87e6d3049ba380,
01.0448,1,aBi~\,Sabde,शब्दे,449,single_gloss,1,Sabde,One source gloss; no attempt to invent finer senses within it.,,,,[],01.0448,not_flagged_by_exact_citation_check,01.0448,https://raw.githubusercontent.com/ambuda-org/vidyut/f3ba4167d40eebc4b3023d24e66867aa6a8cdb32/vidyut-prakriya/data/dhatupatha.tsv,bb2013ead0ea536dc7f887164c385c703cb0014ccf6e5af35b87e6d3049ba380,
01.0449,1,raBi~\,Sabde,शब्दे,450,single_gloss,1,Sabde,One source gloss; no attempt to invent finer senses within it.,,,,[],01.0449,not_flagged_by_exact_citation_check,01.0449,https://raw.githubusercontent.com/ambuda-org/vidyut/f3ba4167d40eebc4b3023d24e66867aa6a8cdb32/vidyut-prakriya/data/dhatupatha.tsv,bb2013ead0ea536dc7f887164c385c703cb0014ccf6e5af35b87e6d3049ba380,
01.0450,1,ziDu~,gatyAm,गत्याम्,451,single_gloss,1,gatyAm,One source gloss; no attempt to invent finer senses within it.,,,,[],01.0450,not_flagged_by_exact_citation_check,,https://raw.githubusercontent.com/ambuda-org/vidyut/f3ba4167d40eebc4b3023d24e66867aa6a8cdb32/vidyut-prakriya/data/dhatupatha.tsv,bb2013ead0ea536dc7f887164c385c703cb0014ccf6e5af35b87e6d3049ba380,
01.0451,1,zwaBi~\,pratibanDe,प्रतिबन्धे,452,single_gloss,1,pratibanDe,One source gloss; no attempt to invent finer senses within it.,,,,[],01.0451,not_flagged_by_exact_citation_check,01.0451,https://raw.githubusercontent.com/ambuda-org/vidyut/f3ba4167d40eebc4b3023d24e66867aa6a8cdb32/vidyut-prakriya/data/dhatupatha.tsv,bb2013ead0ea536dc7f887164c385c703cb0014ccf6e5af35b87e6d3049ba380,
01.0452,1,skaBi~\,pratibanDe,प्रतिबन्धे,453,single_gloss,1,pratibanDe,One source gloss; no attempt to invent finer senses within it.,,,,[],01.0452,not_flagged_by_exact_citation_check,01.0452,https://raw.githubusercontent.com/ambuda-org/vidyut/f3ba4167d40eebc4b3023d24e66867aa6a8cdb32/vidyut-prakriya/data/dhatupatha.tsv,bb2013ead0ea536dc7f887164c385c703cb0014ccf6e5af35b87e6d3049ba380,
01.0453,1,jaBI~\,gAtravinAme,गात्रविनामे,454,single_gloss,1,gAtravinAme,One source gloss; no attempt to invent finer senses within it.,,,,[],01.0453,not_flagged_by_exact_citation_check,01.0453,https://raw.githubusercontent.com/ambuda-org/vidyut/f3ba4167d40eebc4b3023d24e66867aa6a8cdb32/vidyut-prakriya/data/dhatupatha.tsv,bb2013ead0ea536dc7f887164c385c703cb0014ccf6e5af35b87e6d3049ba380,
01.0454,1,jfBi~\,gAtravinAme,गात्रविनामे,455,single_gloss,1,gAtravinAme,One source gloss; no attempt to invent finer senses within it.,,,,[],01.0454,not_flagged_by_exact_citation_check,01.0454,https://raw.githubusercontent.com/ambuda-org/vidyut/f3ba4167d40eebc4b3023d24e66867aa6a8cdb32/vidyut-prakriya/data/dhatupatha.tsv,bb2013ead0ea536dc7f887164c385c703cb0014ccf6e5af35b87e6d3049ba380,
01.0455,1,SalBa~\,katTane,कत्थने,456,single_gloss,1,katTane,One source gloss; no attempt to invent finer senses within it.,,,,[],01.0455,not_flagged_by_exact_citation_check,01.0455,https://raw.githubusercontent.com/ambuda-org/vidyut/f3ba4167d40eebc4b3023d24e66867aa6a8cdb32/vidyut-prakriya/data/dhatupatha.tsv,bb2013ead0ea536dc7f887164c385c703cb0014ccf6e5af35b87e6d3049ba380,
01.0456,1,valBa~\,Bojane,भोजने,457,single_gloss,1,Bojane,One source gloss; no attempt to invent finer senses within it.,,,,[],01.0456,not_flagged_by_exact_citation_check,01.0456,https://raw.githubusercontent.com/ambuda-org/vidyut/f3ba4167d40eebc4b3023d24e66867aa6a8cdb32/vidyut-prakriya/data/dhatupatha.tsv,bb2013ead0ea536dc7f887164c385c703cb0014ccf6e5af35b87e6d3049ba380,
01.0457,1,galBa~\,DArzwye,धार्ष्ट्ये,458,single_gloss,1,DArzwye,One source gloss; no attempt to invent finer senses within it.,,,,[],01.0457,not_flagged_by_exact_citation_check,01.0457,https://raw.githubusercontent.com/ambuda-org/vidyut/f3ba4167d40eebc4b3023d24e66867aa6a8cdb32/vidyut-prakriya/data/dhatupatha.tsv,bb2013ead0ea536dc7f887164c385c703cb0014ccf6e5af35b87e6d3049ba380,
01.0458,1,SranBu~\,pramAde,प्रमादे,459,single_gloss,1,pramAde,One source gloss; no attempt to invent finer senses within it.,,,,[],01.0458,not_flagged_by_exact_citation_check,,https://raw.githubusercontent.com/ambuda-org/vidyut/f3ba4167d40eebc4b3023d24e66867aa6a8cdb32/vidyut-prakriya/data/dhatupatha.tsv,bb2013ead0ea536dc7f887164c385c703cb0014ccf6e5af35b87e6d3049ba380,
01.0459,1,sranBu~\,pramAde,प्रमादे,460,single_gloss,1,pramAde,One source gloss; no attempt to invent finer senses within it.,,,,[],01.0459,retain_distinct_meanings,,https://raw.githubusercontent.com/ambuda-org/vidyut/f3ba4167d40eebc4b3023d24e66867aa6a8cdb32/vidyut-prakriya/data/dhatupatha.tsv,bb2013ead0ea536dc7f887164c385c703cb0014ccf6e5af35b87e6d3049ba380,IR175
01.0460,1,zwuBu~\,stamBe,स्तम्भे,461,single_gloss,1,stamBe,One source gloss; no attempt to invent finer senses within it.,,,,[],01.0460,not_flagged_by_exact_citation_check,01.0460,https://raw.githubusercontent.com/ambuda-org/vidyut/f3ba4167d40eebc4b3023d24e66867aa6a8cdb32/vidyut-prakriya/data/dhatupatha.tsv,bb2013ead0ea536dc7f887164c385c703cb0014ccf6e5af35b87e6d3049ba380,
01.0461,1,gupU~,rakzaRe,रक्षणे,462,single_gloss,1,rakzaRe,One source gloss; no attempt to invent finer senses within it.,,,,[],01.0461,not_flagged_by_exact_citation_check,01.0461,https://raw.githubusercontent.com/ambuda-org/vidyut/f3ba4167d40eebc4b3023d24e66867aa6a8cdb32/vidyut-prakriya/data/dhatupatha.tsv,bb2013ead0ea536dc7f887164c385c703cb0014ccf6e5af35b87e6d3049ba380,
01.0462,1,DUpa~,santApe,सन्तापे,463,single_gloss,1,santApe,One source gloss; no attempt to invent finer senses within it.,,,,[],01.0462,retain_distinct_meanings,01.0462,https://raw.githubusercontent.com/ambuda-org/vidyut/f3ba4167d40eebc4b3023d24e66867aa6a8cdb32/vidyut-prakriya/data/dhatupatha.tsv,bb2013ead0ea536dc7f887164c385c703cb0014ccf6e5af35b87e6d3049ba380,IR07
01.0463,1,japa~,vyaktAyAM vAci mAnase ca,व्यक्तायां वाचि मानसे च,464,enumerated_glosses,2,vyaktAyAM vAci; mAnase,Visible enumeration; semantic overlap still belongs to lexical review.,,,,[],01.0463,not_flagged_by_exact_citation_check,01.0463,https://raw.githubusercontent.com/ambuda-org/vidyut/f3ba4167d40eebc4b3023d24e66867aa6a8cdb32/vidyut-prakriya/data/dhatupatha.tsv,bb2013ead0ea536dc7f887164c385c703cb0014ccf6e5af35b87e6d3049ba380,
01.0464,1,jalpa~,vyaktAyAM vAci,व्यक्तायां वाचि,465,single_gloss,1,vyaktAyAM vAci,"A qualified phrase, not one meaning per word.",,,,[],01.0464,not_flagged_by_exact_citation_check,01.0464,https://raw.githubusercontent.com/ambuda-org/vidyut/f3ba4167d40eebc4b3023d24e66867aa6a8cdb32/vidyut-prakriya/data/dhatupatha.tsv,bb2013ead0ea536dc7f887164c385c703cb0014ccf6e5af35b87e6d3049ba380,
01.0465,1,capa~,sAntvane,सान्त्वने,466,single_gloss,1,sAntvane,One source gloss; no attempt to invent finer senses within it.,,,,[],01.0465,retain_distinct_meanings,01.0465,https://raw.githubusercontent.com/ambuda-org/vidyut/f3ba4167d40eebc4b3023d24e66867aa6a8cdb32/vidyut-prakriya/data/dhatupatha.tsv,bb2013ead0ea536dc7f887164c385c703cb0014ccf6e5af35b87e6d3049ba380,IR49
01.0466,1,zapa~,samavAye,समवाये,467,single_gloss,1,samavAye,One source gloss; no attempt to invent finer senses within it.,,,,[],01.0466,not_flagged_by_exact_citation_check,01.0466,https://raw.githubusercontent.com/ambuda-org/vidyut/f3ba4167d40eebc4b3023d24e66867aa6a8cdb32/vidyut-prakriya/data/dhatupatha.tsv,bb2013ead0ea536dc7f887164c385c703cb0014ccf6e5af35b87e6d3049ba380,
01.0467,1,rapa~,vyaktAyAM vAci,व्यक्तायां वाचि,468,single_gloss,1,vyaktAyAM vAci,"A qualified phrase, not one meaning per word.",,,,[],01.0467,not_flagged_by_exact_citation_check,01.0467,https://raw.githubusercontent.com/ambuda-org/vidyut/f3ba4167d40eebc4b3023d24e66867aa6a8cdb32/vidyut-prakriya/data/dhatupatha.tsv,bb2013ead0ea536dc7f887164c385c703cb0014ccf6e5af35b87e6d3049ba380,
01.0468,1,lapa~,vyaktAyAM vAci,व्यक्तायां वाचि,469,single_gloss,1,vyaktAyAM vAci,"A qualified phrase, not one meaning per word.",,,,[],01.0468,not_flagged_by_exact_citation_check,01.0468,https://raw.githubusercontent.com/ambuda-org/vidyut/f3ba4167d40eebc4b3023d24e66867aa6a8cdb32/vidyut-prakriya/data/dhatupatha.tsv,bb2013ead0ea536dc7f887164c385c703cb0014ccf6e5af35b87e6d3049ba380,
01.0469,1,cupa~,mandAyAM gatO,मन्दायां गतौ,470,single_gloss,1,mandAyAM gatO,"A qualified phrase, not one meaning per word.",,,,[],01.0469,not_flagged_by_exact_citation_check,01.0469,https://raw.githubusercontent.com/ambuda-org/vidyut/f3ba4167d40eebc4b3023d24e66867aa6a8cdb32/vidyut-prakriya/data/dhatupatha.tsv,bb2013ead0ea536dc7f887164c385c703cb0014ccf6e5af35b87e6d3049ba380,
01.0470,1,tupa~,hiMsAyAm,हिंसायाम्,471,single_gloss,1,hiMsAyAm,One source gloss; no attempt to invent finer senses within it.,,,,[],01.0470,merge_shared_meanings,01.0470,https://raw.githubusercontent.com/ambuda-org/vidyut/f3ba4167d40eebc4b3023d24e66867aa6a8cdb32/vidyut-prakriya/data/dhatupatha.tsv,bb2013ead0ea536dc7f887164c385c703cb0014ccf6e5af35b87e6d3049ba380,IR191
01.0471,1,tunpa~,hiMsAyAm,हिंसायाम्,472,single_gloss,1,hiMsAyAm,One source gloss; no attempt to invent finer senses within it.,,,,[],01.0471,merge_shared_meanings,,https://raw.githubusercontent.com/ambuda-org/vidyut/f3ba4167d40eebc4b3023d24e66867aa6a8cdb32/vidyut-prakriya/data/dhatupatha.tsv,bb2013ead0ea536dc7f887164c385c703cb0014ccf6e5af35b87e6d3049ba380,IR190
01.0472,1,trupa~,hiMsAyAm,हिंसायाम्,473,single_gloss,1,hiMsAyAm,One source gloss; no attempt to invent finer senses within it.,,,,[],01.0472,not_flagged_by_exact_citation_check,01.0472,https://raw.githubusercontent.com/ambuda-org/vidyut/f3ba4167d40eebc4b3023d24e66867aa6a8cdb32/vidyut-prakriya/data/dhatupatha.tsv,bb2013ead0ea536dc7f887164c385c703cb0014ccf6e5af35b87e6d3049ba380,
01.0473,1,trunpa~,hiMsAyAm,हिंसायाम्,474,single_gloss,1,hiMsAyAm,One source gloss; no attempt to invent finer senses within it.,,,,[],01.0473,not_flagged_by_exact_citation_check,,https://raw.githubusercontent.com/ambuda-org/vidyut/f3ba4167d40eebc4b3023d24e66867aa6a8cdb32/vidyut-prakriya/data/dhatupatha.tsv,bb2013ead0ea536dc7f887164c385c703cb0014ccf6e5af35b87e6d3049ba380,
01.0474,1,tuPa~,hiMsAyAm,हिंसायाम्,475,single_gloss,1,hiMsAyAm,One source gloss; no attempt to invent finer senses within it.,,,,[],01.0474,merge_shared_meanings,01.0474,https://raw.githubusercontent.com/ambuda-org/vidyut/f3ba4167d40eebc4b3023d24e66867aa6a8cdb32/vidyut-prakriya/data/dhatupatha.tsv,bb2013ead0ea536dc7f887164c385c703cb0014ccf6e5af35b87e6d3049ba380,IR185
01.0475,1,tunPa~,hiMsAyAm,हिंसायाम्,476,single_gloss,1,hiMsAyAm,One source gloss; no attempt to invent finer senses within it.,,,,[],01.0475,merge_shared_meanings,,https://raw.githubusercontent.com/ambuda-org/vidyut/f3ba4167d40eebc4b3023d24e66867aa6a8cdb32/vidyut-prakriya/data/dhatupatha.tsv,bb2013ead0ea536dc7f887164c385c703cb0014ccf6e5af35b87e6d3049ba380,IR189
01.0476,1,truPa~,hiMsAyAm,हिंसायाम्,477,single_gloss,1,hiMsAyAm,One source gloss; no attempt to invent finer senses within it.,,,,[],01.0476,not_flagged_by_exact_citation_check,01.0476,https://raw.githubusercontent.com/ambuda-org/vidyut/f3ba4167d40eebc4b3023d24e66867aa6a8cdb32/vidyut-prakriya/data/dhatupatha.tsv,bb2013ead0ea536dc7f887164c385c703cb0014ccf6e5af35b87e6d3049ba380,
01.0477,1,trunPa~,hiMsAyAm,हिंसायाम्,478,single_gloss,1,hiMsAyAm,One source gloss; no attempt to invent finer senses within it.,,,,[],01.0477,not_flagged_by_exact_citation_check,,https://raw.githubusercontent.com/ambuda-org/vidyut/f3ba4167d40eebc4b3023d24e66867aa6a8cdb32/vidyut-prakriya/data/dhatupatha.tsv,bb2013ead0ea536dc7f887164c385c703cb0014ccf6e5af35b87e6d3049ba380,
01.0478,1,parpa~,gatO,गतौ,479,single_gloss,1,gatO,One source gloss; no attempt to invent finer senses within it.,,,,[],01.0478,not_flagged_by_exact_citation_check,01.0478,https://raw.githubusercontent.com/ambuda-org/vidyut/f3ba4167d40eebc4b3023d24e66867aa6a8cdb32/vidyut-prakriya/data/dhatupatha.tsv,bb2013ead0ea536dc7f887164c385c703cb0014ccf6e5af35b87e6d3049ba380,
01.0479,1,raPa~,gatO,गतौ,480,single_gloss,1,gatO,One source gloss; no attempt to invent finer senses within it.,,,,[],01.0479,not_flagged_by_exact_citation_check,01.0479,https://raw.githubusercontent.com/ambuda-org/vidyut/f3ba4167d40eebc4b3023d24e66867aa6a8cdb32/vidyut-prakriya/data/dhatupatha.tsv,bb2013ead0ea536dc7f887164c385c703cb0014ccf6e5af35b87e6d3049ba380,
01.0480,1,raPi~,gatO,गतौ,481,single_gloss,1,gatO,One source gloss; no attempt to invent finer senses within it.,,,,[],01.0480,not_flagged_by_exact_citation_check,01.0480,https://raw.githubusercontent.com/ambuda-org/vidyut/f3ba4167d40eebc4b3023d24e66867aa6a8cdb32/vidyut-prakriya/data/dhatupatha.tsv,bb2013ead0ea536dc7f887164c385c703cb0014ccf6e5af35b87e6d3049ba380,
01.0481,1,arba~,gatO,गतौ,482,single_gloss,1,gatO,One source gloss; no attempt to invent finer senses within it.,,,,[],01.0481,not_flagged_by_exact_citation_check,01.0481,https://raw.githubusercontent.com/ambuda-org/vidyut/f3ba4167d40eebc4b3023d24e66867aa6a8cdb32/vidyut-prakriya/data/dhatupatha.tsv,bb2013ead0ea536dc7f887164c385c703cb0014ccf6e5af35b87e6d3049ba380,
01.0482,1,parba~,gatO,गतौ,483,single_gloss,1,gatO,One source gloss; no attempt to invent finer senses within it.,,,,[],01.0482,not_flagged_by_exact_citation_check,01.0482,https://raw.githubusercontent.com/ambuda-org/vidyut/f3ba4167d40eebc4b3023d24e66867aa6a8cdb32/vidyut-prakriya/data/dhatupatha.tsv,bb2013ead0ea536dc7f887164c385c703cb0014ccf6e5af35b87e6d3049ba380,
01.0483,1,larba~,gatO,गतौ,484,single_gloss,1,gatO,One source gloss; no attempt to invent finer senses within it.,,,,[],01.0483,not_flagged_by_exact_citation_check,01.0483,https://raw.githubusercontent.com/ambuda-org/vidyut/f3ba4167d40eebc4b3023d24e66867aa6a8cdb32/vidyut-prakriya/data/dhatupatha.tsv,bb2013ead0ea536dc7f887164c385c703cb0014ccf6e5af35b87e6d3049ba380,
01.0484,1,barba~,gatO,गतौ,485,single_gloss,1,gatO,One source gloss; no attempt to invent finer senses within it.,,,,[],01.0484,not_flagged_by_exact_citation_check,01.0484,https://raw.githubusercontent.com/ambuda-org/vidyut/f3ba4167d40eebc4b3023d24e66867aa6a8cdb32/vidyut-prakriya/data/dhatupatha.tsv,bb2013ead0ea536dc7f887164c385c703cb0014ccf6e5af35b87e6d3049ba380,
01.0485,1,marba~,gatO,गतौ,486,single_gloss,1,gatO,One source gloss; no attempt to invent finer senses within it.,,,,[],01.0485,not_flagged_by_exact_citation_check,01.0485,https://raw.githubusercontent.com/ambuda-org/vidyut/f3ba4167d40eebc4b3023d24e66867aa6a8cdb32/vidyut-prakriya/data/dhatupatha.tsv,bb2013ead0ea536dc7f887164c385c703cb0014ccf6e5af35b87e6d3049ba380,
01.0486,1,karba~,gatO,गतौ,487,single_gloss,1,gatO,One source gloss; no attempt to invent finer senses within it.,,,,[],01.0486,not_flagged_by_exact_citation_check,01.0486,https://raw.githubusercontent.com/ambuda-org/vidyut/f3ba4167d40eebc4b3023d24e66867aa6a8cdb32/vidyut-prakriya/data/dhatupatha.tsv,bb2013ead0ea536dc7f887164c385c703cb0014ccf6e5af35b87e6d3049ba380,
01.0487,1,Karba~,gatO,गतौ,488,single_gloss,1,gatO,One source gloss; no attempt to invent finer senses within it.,,,,[],01.0487,not_flagged_by_exact_citation_check,01.0487,https://raw.githubusercontent.com/ambuda-org/vidyut/f3ba4167d40eebc4b3023d24e66867aa6a8cdb32/vidyut-prakriya/data/dhatupatha.tsv,bb2013ead0ea536dc7f887164c385c703cb0014ccf6e5af35b87e6d3049ba380,
01.0488,1,garba~,gatO,गतौ,489,single_gloss,1,gatO,One source gloss; no attempt to invent finer senses within it.,,,,[],01.0488,not_flagged_by_exact_citation_check,01.0488,https://raw.githubusercontent.com/ambuda-org/vidyut/f3ba4167d40eebc4b3023d24e66867aa6a8cdb32/vidyut-prakriya/data/dhatupatha.tsv,bb2013ead0ea536dc7f887164c385c703cb0014ccf6e5af35b87e6d3049ba380,
01.0489,1,Sarba~,gatO,गतौ,490,single_gloss,1,gatO,One source gloss; no attempt to invent finer senses within it.,,,,[],01.0489,not_flagged_by_exact_citation_check,01.0489,https://raw.githubusercontent.com/ambuda-org/vidyut/f3ba4167d40eebc4b3023d24e66867aa6a8cdb32/vidyut-prakriya/data/dhatupatha.tsv,bb2013ead0ea536dc7f887164c385c703cb0014ccf6e5af35b87e6d3049ba380,
01.0490,1,zarba~,gatO,गतौ,491,single_gloss,1,gatO,One source gloss; no attempt to invent finer senses within it.,,,,[],01.0490,not_flagged_by_exact_citation_check,01.0490,https://raw.githubusercontent.com/ambuda-org/vidyut/f3ba4167d40eebc4b3023d24e66867aa6a8cdb32/vidyut-prakriya/data/dhatupatha.tsv,bb2013ead0ea536dc7f887164c385c703cb0014ccf6e5af35b87e6d3049ba380,
01.0491,1,carba~,gatO ardane ca,गतौ अर्दने च,492,enumerated_glosses,2,gatO; ardane,Visible enumeration; semantic overlap still belongs to lexical review.,,,,[],01.0491,not_flagged_by_exact_citation_check,01.0491,https://raw.githubusercontent.com/ambuda-org/vidyut/f3ba4167d40eebc4b3023d24e66867aa6a8cdb32/vidyut-prakriya/data/dhatupatha.tsv,bb2013ead0ea536dc7f887164c385c703cb0014ccf6e5af35b87e6d3049ba380,
01.0492,1,kubi~,CAdane AcCAdane ca,छादने आच्छादने च,493,single_gloss,1,CAdane,Count one covering description. Madhaviya gives chadana; the concordance gives acchadana for the same entry. There is no separate meaning established merely by the added prefix in the gloss.,,MR05,,"[{""filename"": ""dhatu-mA265.html"", ""url"": ""https://sanskrit.uohyd.ac.in/scl/dhaatupaatha/files/mA265.html"", ""accessed_utc"": ""2026-09-12T14:06:57.307103+00:00"", ""sha256"": ""9b19c19b04ed30996400ec6394d0017e5c87f2318d894742229ea441b2e31aca"", ""bytes"": 641}, {""filename"": ""dhatu-concordance-gana.html"", ""url"": ""https://sanskrit.uohyd.ac.in/scl/dhaatupaatha/gaNa.html"", ""accessed_utc"": ""2026-09-12T14:04:28.981942+00:00"", ""sha256"": ""44e7584bf3a78c73edca0e56ecdb5be0d93c864596af546c6c69f7b577ade885"", ""bytes"": 4747444}]",01.0492,merge_shared_meanings,01.0492,https://raw.githubusercontent.com/ambuda-org/vidyut/f3ba4167d40eebc4b3023d24e66867aa6a8cdb32/vidyut-prakriya/data/dhatupatha.tsv,bb2013ead0ea536dc7f887164c385c703cb0014ccf6e5af35b87e6d3049ba380,IR102
01.0493,1,lubi~,ardane,अर्दने,494,single_gloss,1,ardane,One source gloss; no attempt to invent finer senses within it.,,,,[],01.0493,retain_distinct_meanings,01.0493,https://raw.githubusercontent.com/ambuda-org/vidyut/f3ba4167d40eebc4b3023d24e66867aa6a8cdb32/vidyut-prakriya/data/dhatupatha.tsv,bb2013ead0ea536dc7f887164c385c703cb0014ccf6e5af35b87e6d3049ba380,IR125
01.0494,1,tubi~,ardane,अर्दने,495,single_gloss,1,ardane,One source gloss; no attempt to invent finer senses within it.,,,,[],01.0494,retain_distinct_meanings,01.0494,https://raw.githubusercontent.com/ambuda-org/vidyut/f3ba4167d40eebc4b3023d24e66867aa6a8cdb32/vidyut-prakriya/data/dhatupatha.tsv,bb2013ead0ea536dc7f887164c385c703cb0014ccf6e5af35b87e6d3049ba380,IR186
01.0495,1,cubi~,vaktrasaMyoge,वक्त्रसंयोगे,496,single_gloss,1,vaktrasaMyoge,One source gloss; no attempt to invent finer senses within it.,,,,[],01.0495,retain_distinct_meanings,01.0495,https://raw.githubusercontent.com/ambuda-org/vidyut/f3ba4167d40eebc4b3023d24e66867aa6a8cdb32/vidyut-prakriya/data/dhatupatha.tsv,bb2013ead0ea536dc7f887164c385c703cb0014ccf6e5af35b87e6d3049ba380,IR52
01.0496,1,zfBu~,hiMsAyAm,हिंसायाम्,497,single_gloss,1,hiMsAyAm,One source gloss; no attempt to invent finer senses within it.,,,,[],01.0496,not_flagged_by_exact_citation_check,01.0496,https://raw.githubusercontent.com/ambuda-org/vidyut/f3ba4167d40eebc4b3023d24e66867aa6a8cdb32/vidyut-prakriya/data/dhatupatha.tsv,bb2013ead0ea536dc7f887164c385c703cb0014ccf6e5af35b87e6d3049ba380,
01.0497,1,zfnBu~,hiMsAyAm,हिंसायाम्,498,single_gloss,1,hiMsAyAm,One source gloss; no attempt to invent finer senses within it.,,,,[],01.0497,not_flagged_by_exact_citation_check,,https://raw.githubusercontent.com/ambuda-org/vidyut/f3ba4167d40eebc4b3023d24e66867aa6a8cdb32/vidyut-prakriya/data/dhatupatha.tsv,bb2013ead0ea536dc7f887164c385c703cb0014ccf6e5af35b87e6d3049ba380,
01.0498,1,ziBu~,hiMsAyAm,हिंसायाम्,499,single_gloss,1,hiMsAyAm,One source gloss; no attempt to invent finer senses within it.,,,,[],01.0498,not_flagged_by_exact_citation_check,01.0498,https://raw.githubusercontent.com/ambuda-org/vidyut/f3ba4167d40eebc4b3023d24e66867aa6a8cdb32/vidyut-prakriya/data/dhatupatha.tsv,bb2013ead0ea536dc7f887164c385c703cb0014ccf6e5af35b87e6d3049ba380,
01.0499,1,zinBu~,hiMsAyAm,हिंसायाम्,500,single_gloss,1,hiMsAyAm,One source gloss; no attempt to invent finer senses within it.,,,,[],01.0499,not_flagged_by_exact_citation_check,,https://raw.githubusercontent.com/ambuda-org/vidyut/f3ba4167d40eebc4b3023d24e66867aa6a8cdb32/vidyut-prakriya/data/dhatupatha.tsv,bb2013ead0ea536dc7f887164c385c703cb0014ccf6e5af35b87e6d3049ba380,
01.0500,1,SuBa~,BAzaRe BAsane hiMsAyAM ca,भाषणे भासने हिंसायां च,501,enumerated_glosses,3,BAzaRe; BAsane; hiMsAyAM,Visible enumeration; semantic overlap still belongs to lexical review.,,,,[],01.0500,open,01.0500,https://raw.githubusercontent.com/ambuda-org/vidyut/f3ba4167d40eebc4b3023d24e66867aa6a8cdb32/vidyut-prakriya/data/dhatupatha.tsv,bb2013ead0ea536dc7f887164c385c703cb0014ccf6e5af35b87e6d3049ba380,IR28
01.0501,1,SunBa~,BAzaRe BAsane hiMsAyAM dIptO ca,भाषणे भासने हिंसायां दीप्तौ च,502,enumerated_glosses,4,BAzaRe; BAsane; hiMsAyAM; dIptO,Visible enumeration; semantic overlap still belongs to lexical review.,,,,[],01.0501,open,,https://raw.githubusercontent.com/ambuda-org/vidyut/f3ba4167d40eebc4b3023d24e66867aa6a8cdb32/vidyut-prakriya/data/dhatupatha.tsv,bb2013ead0ea536dc7f887164c385c703cb0014ccf6e5af35b87e6d3049ba380,IR31
01.0502,1,GiRi~\,grahaRe,ग्रहणे,503,single_gloss,1,grahaRe,One source gloss; no attempt to invent finer senses within it.,,,,[],01.0502,not_flagged_by_exact_citation_check,01.0502,https://raw.githubusercontent.com/ambuda-org/vidyut/f3ba4167d40eebc4b3023d24e66867aa6a8cdb32/vidyut-prakriya/data/dhatupatha.tsv,bb2013ead0ea536dc7f887164c385c703cb0014ccf6e5af35b87e6d3049ba380,
01.0503,1,GuRi~\,grahaRe,ग्रहणे,504,single_gloss,1,grahaRe,One source gloss; no attempt to invent finer senses within it.,,,,[],01.0503,not_flagged_by_exact_citation_check,01.0503,https://raw.githubusercontent.com/ambuda-org/vidyut/f3ba4167d40eebc4b3023d24e66867aa6a8cdb32/vidyut-prakriya/data/dhatupatha.tsv,bb2013ead0ea536dc7f887164c385c703cb0014ccf6e5af35b87e6d3049ba380,
01.0504,1,GfRi~\,grahaRe,ग्रहणे,505,single_gloss,1,grahaRe,One source gloss; no attempt to invent finer senses within it.,,,,[],01.0504,not_flagged_by_exact_citation_check,01.0504,https://raw.githubusercontent.com/ambuda-org/vidyut/f3ba4167d40eebc4b3023d24e66867aa6a8cdb32/vidyut-prakriya/data/dhatupatha.tsv,bb2013ead0ea536dc7f887164c385c703cb0014ccf6e5af35b87e6d3049ba380,
01.0505,1,GuRa~\,BramaRe,भ्रमणे,506,single_gloss,1,BramaRe,One source gloss; no attempt to invent finer senses within it.,,,,[],01.0505,not_flagged_by_exact_citation_check,01.0505,https://raw.githubusercontent.com/ambuda-org/vidyut/f3ba4167d40eebc4b3023d24e66867aa6a8cdb32/vidyut-prakriya/data/dhatupatha.tsv,bb2013ead0ea536dc7f887164c385c703cb0014ccf6e5af35b87e6d3049ba380,
01.0506,1,GurRa~\,BramaRe,भ्रमणे,507,single_gloss,1,BramaRe,One source gloss; no attempt to invent finer senses within it.,,,,[],01.0506,not_flagged_by_exact_citation_check,,https://raw.githubusercontent.com/ambuda-org/vidyut/f3ba4167d40eebc4b3023d24e66867aa6a8cdb32/vidyut-prakriya/data/dhatupatha.tsv,bb2013ead0ea536dc7f887164c385c703cb0014ccf6e5af35b87e6d3049ba380,
01.0507,1,paRa~\,vyavahAre stutO ca,व्यवहारे स्तुतौ च,508,enumerated_glosses,2,vyavahAre; stutO,Visible enumeration; semantic overlap still belongs to lexical review.,,,,[],01.0507,not_flagged_by_exact_citation_check,01.0507,https://raw.githubusercontent.com/ambuda-org/vidyut/f3ba4167d40eebc4b3023d24e66867aa6a8cdb32/vidyut-prakriya/data/dhatupatha.tsv,bb2013ead0ea536dc7f887164c385c703cb0014ccf6e5af35b87e6d3049ba380,
01.0508,1,pana~\,vyavahAre stutO ca,व्यवहारे स्तुतौ च,509,enumerated_glosses,2,vyavahAre; stutO,Visible enumeration; semantic overlap still belongs to lexical review.,,,,[],01.0508,not_flagged_by_exact_citation_check,01.0508,https://raw.githubusercontent.com/ambuda-org/vidyut/f3ba4167d40eebc4b3023d24e66867aa6a8cdb32/vidyut-prakriya/data/dhatupatha.tsv,bb2013ead0ea536dc7f887164c385c703cb0014ccf6e5af35b87e6d3049ba380,
01.0509,1,BAma~\,kroDe,क्रोधे,510,single_gloss,1,kroDe,One source gloss; no attempt to invent finer senses within it.,,,,[],01.0509,not_flagged_by_exact_citation_check,01.0509,https://raw.githubusercontent.com/ambuda-org/vidyut/f3ba4167d40eebc4b3023d24e66867aa6a8cdb32/vidyut-prakriya/data/dhatupatha.tsv,bb2013ead0ea536dc7f887164c385c703cb0014ccf6e5af35b87e6d3049ba380,
01.0510,1,kzamU~\z,sahane,सहने,511,single_gloss,1,sahane,One source gloss; no attempt to invent finer senses within it.,,,,[],01.0510,not_flagged_by_exact_citation_check,01.0510,https://raw.githubusercontent.com/ambuda-org/vidyut/f3ba4167d40eebc4b3023d24e66867aa6a8cdb32/vidyut-prakriya/data/dhatupatha.tsv,bb2013ead0ea536dc7f887164c385c703cb0014ccf6e5af35b87e6d3049ba380,
01.0511,1,kamu~\,kAntO,कान्तौ,512,single_gloss,1,kAntO,One source gloss; no attempt to invent finer senses within it.,,,,[],01.0511,not_flagged_by_exact_citation_check,01.0511,https://raw.githubusercontent.com/ambuda-org/vidyut/f3ba4167d40eebc4b3023d24e66867aa6a8cdb32/vidyut-prakriya/data/dhatupatha.tsv,bb2013ead0ea536dc7f887164c385c703cb0014ccf6e5af35b87e6d3049ba380,
01.0512,1,aRa~,Sabde,शब्दे,513,single_gloss,1,Sabde,One source gloss; no attempt to invent finer senses within it.,,,,[],01.0512,not_flagged_by_exact_citation_check,01.0512,https://raw.githubusercontent.com/ambuda-org/vidyut/f3ba4167d40eebc4b3023d24e66867aa6a8cdb32/vidyut-prakriya/data/dhatupatha.tsv,bb2013ead0ea536dc7f887164c385c703cb0014ccf6e5af35b87e6d3049ba380,
01.0513,1,raRa~,Sabde,शब्दे,514,single_gloss,1,Sabde,One source gloss; no attempt to invent finer senses within it.,,,,[],01.0513,open,01.0513,https://raw.githubusercontent.com/ambuda-org/vidyut/f3ba4167d40eebc4b3023d24e66867aa6a8cdb32/vidyut-prakriya/data/dhatupatha.tsv,bb2013ead0ea536dc7f887164c385c703cb0014ccf6e5af35b87e6d3049ba380,IR160
01.0514,1,vaRa~,Sabde,शब्दे,515,single_gloss,1,Sabde,One source gloss; no attempt to invent finer senses within it.,,,,[],01.0514,not_flagged_by_exact_citation_check,01.0514,https://raw.githubusercontent.com/ambuda-org/vidyut/f3ba4167d40eebc4b3023d24e66867aa6a8cdb32/vidyut-prakriya/data/dhatupatha.tsv,bb2013ead0ea536dc7f887164c385c703cb0014ccf6e5af35b87e6d3049ba380,
01.0515,1,BaRa~,Sabde,शब्दे,516,single_gloss,1,Sabde,One source gloss; no attempt to invent finer senses within it.,,,,[],01.0515,not_flagged_by_exact_citation_check,01.0515,https://raw.githubusercontent.com/ambuda-org/vidyut/f3ba4167d40eebc4b3023d24e66867aa6a8cdb32/vidyut-prakriya/data/dhatupatha.tsv,bb2013ead0ea536dc7f887164c385c703cb0014ccf6e5af35b87e6d3049ba380,
01.0516,1,maRa~,Sabde,शब्दे,517,single_gloss,1,Sabde,One source gloss; no attempt to invent finer senses within it.,,,,[],01.0516,not_flagged_by_exact_citation_check,01.0516,https://raw.githubusercontent.com/ambuda-org/vidyut/f3ba4167d40eebc4b3023d24e66867aa6a8cdb32/vidyut-prakriya/data/dhatupatha.tsv,bb2013ead0ea536dc7f887164c385c703cb0014ccf6e5af35b87e6d3049ba380,
01.0517,1,kaRa~,Sabde,शब्दे,518,single_gloss,1,Sabde,One source gloss; no attempt to invent finer senses within it.,,,,[],01.0517,merge_shared_meanings,01.0517,https://raw.githubusercontent.com/ambuda-org/vidyut/f3ba4167d40eebc4b3023d24e66867aa6a8cdb32/vidyut-prakriya/data/dhatupatha.tsv,bb2013ead0ea536dc7f887164c385c703cb0014ccf6e5af35b87e6d3049ba380,IR93
01.0518,1,kvaRa~,Sabde,शब्दे,519,single_gloss,1,Sabde,One source gloss; no attempt to invent finer senses within it.,,,,[],01.0518,not_flagged_by_exact_citation_check,01.0518,https://raw.githubusercontent.com/ambuda-org/vidyut/f3ba4167d40eebc4b3023d24e66867aa6a8cdb32/vidyut-prakriya/data/dhatupatha.tsv,bb2013ead0ea536dc7f887164c385c703cb0014ccf6e5af35b87e6d3049ba380,
01.0519,1,vraRa~,Sabde,शब्दे,520,single_gloss,1,Sabde,One source gloss; no attempt to invent finer senses within it.,,,,[],01.0519,not_flagged_by_exact_citation_check,01.0519,https://raw.githubusercontent.com/ambuda-org/vidyut/f3ba4167d40eebc4b3023d24e66867aa6a8cdb32/vidyut-prakriya/data/dhatupatha.tsv,bb2013ead0ea536dc7f887164c385c703cb0014ccf6e5af35b87e6d3049ba380,
01.0520,1,BraRa~,Sabde,शब्दे,521,single_gloss,1,Sabde,One source gloss; no attempt to invent finer senses within it.,,,,[],01.0520,not_flagged_by_exact_citation_check,01.0520,https://raw.githubusercontent.com/ambuda-org/vidyut/f3ba4167d40eebc4b3023d24e66867aa6a8cdb32/vidyut-prakriya/data/dhatupatha.tsv,bb2013ead0ea536dc7f887164c385c703cb0014ccf6e5af35b87e6d3049ba380,
01.0521,1,DvaRa~,Sabde,शब्दे,522,single_gloss,1,Sabde,One source gloss; no attempt to invent finer senses within it.,,,,[],01.0521,not_flagged_by_exact_citation_check,01.0521,https://raw.githubusercontent.com/ambuda-org/vidyut/f3ba4167d40eebc4b3023d24e66867aa6a8cdb32/vidyut-prakriya/data/dhatupatha.tsv,bb2013ead0ea536dc7f887164c385c703cb0014ccf6e5af35b87e6d3049ba380,
01.0522,1,DaRa~,Sabde,शब्दे,523,single_gloss,1,Sabde,One source gloss; no attempt to invent finer senses within it.,,,,[],01.0522,not_flagged_by_exact_citation_check,01.0522,https://raw.githubusercontent.com/ambuda-org/vidyut/f3ba4167d40eebc4b3023d24e66867aa6a8cdb32/vidyut-prakriya/data/dhatupatha.tsv,bb2013ead0ea536dc7f887164c385c703cb0014ccf6e5af35b87e6d3049ba380,
01.0523,1,oRf~,apanayane,अपनयने,524,single_gloss,1,apanayane,One source gloss; no attempt to invent finer senses within it.,,,,[],01.0523,not_flagged_by_exact_citation_check,01.0523,https://raw.githubusercontent.com/ambuda-org/vidyut/f3ba4167d40eebc4b3023d24e66867aa6a8cdb32/vidyut-prakriya/data/dhatupatha.tsv,bb2013ead0ea536dc7f887164c385c703cb0014ccf6e5af35b87e6d3049ba380,
01.0524,1,SoRf~,varRagatyoH,वर्णगत्योः,525,enumerated_glosses,2,varRe; gatO,Explicit analyst segmentation; retain the original compound for review.,,,,[],01.0524,not_flagged_by_exact_citation_check,01.0524,https://raw.githubusercontent.com/ambuda-org/vidyut/f3ba4167d40eebc4b3023d24e66867aa6a8cdb32/vidyut-prakriya/data/dhatupatha.tsv,bb2013ead0ea536dc7f887164c385c703cb0014ccf6e5af35b87e6d3049ba380,
01.0525,1,SroRf~,saNGAte,सङ्घाते,526,single_gloss,1,saNGAte,One source gloss; no attempt to invent finer senses within it.,,,,[],01.0525,not_flagged_by_exact_citation_check,01.0525,https://raw.githubusercontent.com/ambuda-org/vidyut/f3ba4167d40eebc4b3023d24e66867aa6a8cdb32/vidyut-prakriya/data/dhatupatha.tsv,bb2013ead0ea536dc7f887164c385c703cb0014ccf6e5af35b87e6d3049ba380,
01.0526,1,SloRf~,saNGAte,सङ्घाते,527,single_gloss,1,saNGAte,One source gloss; no attempt to invent finer senses within it.,,,,[],01.0526,not_flagged_by_exact_citation_check,01.0526,https://raw.githubusercontent.com/ambuda-org/vidyut/f3ba4167d40eebc4b3023d24e66867aa6a8cdb32/vidyut-prakriya/data/dhatupatha.tsv,bb2013ead0ea536dc7f887164c385c703cb0014ccf6e5af35b87e6d3049ba380,
01.0527,1,pERf~,gatipreraRaSlezaRezu,गतिप्रेरणश्लेषणेषु,528,enumerated_glosses,3,gatO; preraRe; SlezaRe,Explicit analyst segmentation; retain the original compound for review.,,,,[],01.0527,not_flagged_by_exact_citation_check,01.0527,https://raw.githubusercontent.com/ambuda-org/vidyut/f3ba4167d40eebc4b3023d24e66867aa6a8cdb32/vidyut-prakriya/data/dhatupatha.tsv,bb2013ead0ea536dc7f887164c385c703cb0014ccf6e5af35b87e6d3049ba380,
01.0528,1,prERf~,gatipreraRaSlezaRezu,गतिप्रेरणश्लेषणेषु,529,enumerated_glosses,3,gatO; preraRe; SlezaRe,Explicit analyst segmentation; retain the original compound for review.,,,,[],01.0528,not_flagged_by_exact_citation_check,01.0528,https://raw.githubusercontent.com/ambuda-org/vidyut/f3ba4167d40eebc4b3023d24e66867aa6a8cdb32/vidyut-prakriya/data/dhatupatha.tsv,bb2013ead0ea536dc7f887164c385c703cb0014ccf6e5af35b87e6d3049ba380,
01.0529,1,DraRa~,Sabde,शब्दे,530,single_gloss,1,Sabde,One source gloss; no attempt to invent finer senses within it.,,,,[],01.0529,not_flagged_by_exact_citation_check,01.0529,https://raw.githubusercontent.com/ambuda-org/vidyut/f3ba4167d40eebc4b3023d24e66867aa6a8cdb32/vidyut-prakriya/data/dhatupatha.tsv,bb2013ead0ea536dc7f887164c385c703cb0014ccf6e5af35b87e6d3049ba380,
01.0530,1,baRa~,Sabde,शब्दे,531,single_gloss,1,Sabde,One source gloss; no attempt to invent finer senses within it.,,,,[],01.0530,not_flagged_by_exact_citation_check,01.0530,https://raw.githubusercontent.com/ambuda-org/vidyut/f3ba4167d40eebc4b3023d24e66867aa6a8cdb32/vidyut-prakriya/data/dhatupatha.tsv,bb2013ead0ea536dc7f887164c385c703cb0014ccf6e5af35b87e6d3049ba380,
01.0531,1,kanI~,dIptikAntigatizu,दीप्तिकान्तिगतिषु,532,enumerated_glosses,3,dIptO; kAntO; gatO,Explicit analyst segmentation; retain the original compound for review.,,,,[],01.0531,not_flagged_by_exact_citation_check,01.0531,https://raw.githubusercontent.com/ambuda-org/vidyut/f3ba4167d40eebc4b3023d24e66867aa6a8cdb32/vidyut-prakriya/data/dhatupatha.tsv,bb2013ead0ea536dc7f887164c385c703cb0014ccf6e5af35b87e6d3049ba380,
01.0532,1,zwana~,Sabde,शब्दे,533,single_gloss,1,Sabde,One source gloss; no attempt to invent finer senses within it.,,,,[],01.0532,not_flagged_by_exact_citation_check,01.0532,https://raw.githubusercontent.com/ambuda-org/vidyut/f3ba4167d40eebc4b3023d24e66867aa6a8cdb32/vidyut-prakriya/data/dhatupatha.tsv,bb2013ead0ea536dc7f887164c385c703cb0014ccf6e5af35b87e6d3049ba380,
01.0533,1,vana~,Sabde,शब्दे,534,single_gloss,1,Sabde,One source gloss; no attempt to invent finer senses within it.,,,,[],01.0533,retain_distinct_meanings,01.0533,https://raw.githubusercontent.com/ambuda-org/vidyut/f3ba4167d40eebc4b3023d24e66867aa6a8cdb32/vidyut-prakriya/data/dhatupatha.tsv,bb2013ead0ea536dc7f887164c385c703cb0014ccf6e5af35b87e6d3049ba380,IR197
01.0534,1,vana~,samBaktO,सम्भक्तौ,535,single_gloss,1,samBaktO,One source gloss; no attempt to invent finer senses within it.,,,,[],01.0534,retain_distinct_meanings,01.0534,https://raw.githubusercontent.com/ambuda-org/vidyut/f3ba4167d40eebc4b3023d24e66867aa6a8cdb32/vidyut-prakriya/data/dhatupatha.tsv,bb2013ead0ea536dc7f887164c385c703cb0014ccf6e5af35b87e6d3049ba380,IR197
01.0535,1,zaRa~,samBaktO,सम्भक्तौ,536,single_gloss,1,samBaktO,One source gloss; no attempt to invent finer senses within it.,,,,[],01.0535,not_flagged_by_exact_citation_check,,https://raw.githubusercontent.com/ambuda-org/vidyut/f3ba4167d40eebc4b3023d24e66867aa6a8cdb32/vidyut-prakriya/data/dhatupatha.tsv,bb2013ead0ea536dc7f887164c385c703cb0014ccf6e5af35b87e6d3049ba380,
01.0536,1,ama~,gatO Sabde samBaktO ca,गतौ शब्दे सम्भक्तौ च,537,enumerated_glosses,3,gatO; Sabde; samBaktO,Visible enumeration; semantic overlap still belongs to lexical review.,,,,[],01.0536,retain_distinct_meanings,01.0536,https://raw.githubusercontent.com/ambuda-org/vidyut/f3ba4167d40eebc4b3023d24e66867aa6a8cdb32/vidyut-prakriya/data/dhatupatha.tsv,bb2013ead0ea536dc7f887164c385c703cb0014ccf6e5af35b87e6d3049ba380,IR34
01.0537,1,drama~,gatO,गतौ,538,single_gloss,1,gatO,One source gloss; no attempt to invent finer senses within it.,,,,[],01.0537,not_flagged_by_exact_citation_check,01.0537,https://raw.githubusercontent.com/ambuda-org/vidyut/f3ba4167d40eebc4b3023d24e66867aa6a8cdb32/vidyut-prakriya/data/dhatupatha.tsv,bb2013ead0ea536dc7f887164c385c703cb0014ccf6e5af35b87e6d3049ba380,
01.0538,1,hamma~,gatO,गतौ,539,single_gloss,1,gatO,One source gloss; no attempt to invent finer senses within it.,,,,[],01.0538,not_flagged_by_exact_citation_check,01.0538,https://raw.githubusercontent.com/ambuda-org/vidyut/f3ba4167d40eebc4b3023d24e66867aa6a8cdb32/vidyut-prakriya/data/dhatupatha.tsv,bb2013ead0ea536dc7f887164c385c703cb0014ccf6e5af35b87e6d3049ba380,
01.0539,1,mImf~,gatO Sabde ca,गतौ शब्दे च,540,enumerated_glosses,2,gatO; Sabde,Visible enumeration; semantic overlap still belongs to lexical review.,,,,[],01.0539,not_flagged_by_exact_citation_check,01.0539,https://raw.githubusercontent.com/ambuda-org/vidyut/f3ba4167d40eebc4b3023d24e66867aa6a8cdb32/vidyut-prakriya/data/dhatupatha.tsv,bb2013ead0ea536dc7f887164c385c703cb0014ccf6e5af35b87e6d3049ba380,
01.0540,1,camu~,adane,अदने,541,single_gloss,1,adane,One source gloss; no attempt to invent finer senses within it.,,,,[],01.0540,merge_shared_meanings,01.0540;01.0541,https://raw.githubusercontent.com/ambuda-org/vidyut/f3ba4167d40eebc4b3023d24e66867aa6a8cdb32/vidyut-prakriya/data/dhatupatha.tsv,bb2013ead0ea536dc7f887164c385c703cb0014ccf6e5af35b87e6d3049ba380,IR47
01.0541,1,Camu~,adane,अदने,542,single_gloss,1,adane,One source gloss; no attempt to invent finer senses within it.,,,,[],01.0541,not_flagged_by_exact_citation_check,,https://raw.githubusercontent.com/ambuda-org/vidyut/f3ba4167d40eebc4b3023d24e66867aa6a8cdb32/vidyut-prakriya/data/dhatupatha.tsv,bb2013ead0ea536dc7f887164c385c703cb0014ccf6e5af35b87e6d3049ba380,
01.0542,1,jamu~,adane,अदने,543,single_gloss,1,adane,One source gloss; no attempt to invent finer senses within it.,,,,[],01.0542,not_flagged_by_exact_citation_check,01.0542,https://raw.githubusercontent.com/ambuda-org/vidyut/f3ba4167d40eebc4b3023d24e66867aa6a8cdb32/vidyut-prakriya/data/dhatupatha.tsv,bb2013ead0ea536dc7f887164c385c703cb0014ccf6e5af35b87e6d3049ba380,
01.0543,1,Jamu~,adane,अदने,544,single_gloss,1,adane,One source gloss; no attempt to invent finer senses within it.,,,,[],01.0543,not_flagged_by_exact_citation_check,01.0543,https://raw.githubusercontent.com/ambuda-org/vidyut/f3ba4167d40eebc4b3023d24e66867aa6a8cdb32/vidyut-prakriya/data/dhatupatha.tsv,bb2013ead0ea536dc7f887164c385c703cb0014ccf6e5af35b87e6d3049ba380,
01.0544,1,jimu~,adane,अदने,545,single_gloss,1,adane,One source gloss; no attempt to invent finer senses within it.,,,,[],01.0544,not_flagged_by_exact_citation_check,01.0544,https://raw.githubusercontent.com/ambuda-org/vidyut/f3ba4167d40eebc4b3023d24e66867aa6a8cdb32/vidyut-prakriya/data/dhatupatha.tsv,bb2013ead0ea536dc7f887164c385c703cb0014ccf6e5af35b87e6d3049ba380,
01.0545,1,kramu~,pAdavikzepe,पादविक्षेपे,546,single_gloss,1,pAdavikzepe,One source gloss; no attempt to invent finer senses within it.,,,,[],01.0545,not_flagged_by_exact_citation_check,01.0545,https://raw.githubusercontent.com/ambuda-org/vidyut/f3ba4167d40eebc4b3023d24e66867aa6a8cdb32/vidyut-prakriya/data/dhatupatha.tsv,bb2013ead0ea536dc7f887164c385c703cb0014ccf6e5af35b87e6d3049ba380,
01.0546,1,aya~\,gatO,गतौ,547,single_gloss,1,gatO,One source gloss; no attempt to invent finer senses within it.,,,,[],01.0546,not_flagged_by_exact_citation_check,01.0546,https://raw.githubusercontent.com/ambuda-org/vidyut/f3ba4167d40eebc4b3023d24e66867aa6a8cdb32/vidyut-prakriya/data/dhatupatha.tsv,bb2013ead0ea536dc7f887164c385c703cb0014ccf6e5af35b87e6d3049ba380,
01.0547,1,vaya~\,gatO,गतौ,548,single_gloss,1,gatO,One source gloss; no attempt to invent finer senses within it.,,,,[],01.0547,not_flagged_by_exact_citation_check,01.0547,https://raw.githubusercontent.com/ambuda-org/vidyut/f3ba4167d40eebc4b3023d24e66867aa6a8cdb32/vidyut-prakriya/data/dhatupatha.tsv,bb2013ead0ea536dc7f887164c385c703cb0014ccf6e5af35b87e6d3049ba380,
01.0548,1,paya~\,gatO,गतौ,549,single_gloss,1,gatO,One source gloss; no attempt to invent finer senses within it.,,,,[],01.0548,not_flagged_by_exact_citation_check,01.0548,https://raw.githubusercontent.com/ambuda-org/vidyut/f3ba4167d40eebc4b3023d24e66867aa6a8cdb32/vidyut-prakriya/data/dhatupatha.tsv,bb2013ead0ea536dc7f887164c385c703cb0014ccf6e5af35b87e6d3049ba380,
01.0549,1,maya~\,gatO,गतौ,550,single_gloss,1,gatO,One source gloss; no attempt to invent finer senses within it.,,,,[],01.0549,not_flagged_by_exact_citation_check,01.0549,https://raw.githubusercontent.com/ambuda-org/vidyut/f3ba4167d40eebc4b3023d24e66867aa6a8cdb32/vidyut-prakriya/data/dhatupatha.tsv,bb2013ead0ea536dc7f887164c385c703cb0014ccf6e5af35b87e6d3049ba380,
01.0550,1,caya~\,gatO,गतौ,551,single_gloss,1,gatO,One source gloss; no attempt to invent finer senses within it.,,,,[],01.0550,not_flagged_by_exact_citation_check,01.0550,https://raw.githubusercontent.com/ambuda-org/vidyut/f3ba4167d40eebc4b3023d24e66867aa6a8cdb32/vidyut-prakriya/data/dhatupatha.tsv,bb2013ead0ea536dc7f887164c385c703cb0014ccf6e5af35b87e6d3049ba380,
01.0551,1,taya~\,gatO,गतौ,552,single_gloss,1,gatO,One source gloss; no attempt to invent finer senses within it.,,,,[],01.0551,not_flagged_by_exact_citation_check,01.0551,https://raw.githubusercontent.com/ambuda-org/vidyut/f3ba4167d40eebc4b3023d24e66867aa6a8cdb32/vidyut-prakriya/data/dhatupatha.tsv,bb2013ead0ea536dc7f887164c385c703cb0014ccf6e5af35b87e6d3049ba380,
01.0552,1,Raya~\,gatO rakzaRe ca,गतौ रक्षणे च,553,enumerated_glosses,2,gatO; rakzaRe,Visible enumeration; semantic overlap still belongs to lexical review.,,,,[],01.0552,not_flagged_by_exact_citation_check,01.0552,https://raw.githubusercontent.com/ambuda-org/vidyut/f3ba4167d40eebc4b3023d24e66867aa6a8cdb32/vidyut-prakriya/data/dhatupatha.tsv,bb2013ead0ea536dc7f887164c385c703cb0014ccf6e5af35b87e6d3049ba380,
01.0553,1,daya~\,dAnagatirakzaRahiMsA'dAnezu,दानगतिरक्षणहिंसाऽदानेषु,554,enumerated_glosses,5,dAne; gatO; rakzaRe; hiMsAyAm; AdAne,"Five meanings are separately enumerated, including giving and taking. The final adana is not another occurrence of dana.",,MR06,,"[{""filename"": ""dhatu-mA292.html"", ""url"": ""https://sanskrit.uohyd.ac.in/scl/dhaatupaatha/files/mA292.html"", ""accessed_utc"": ""2026-09-12T14:06:57.511365+00:00"", ""sha256"": ""357bf6673ee88bc5e188714cec7545de1654a499f1d1489ef46e42e7bce0cc95"", ""bytes"": 1088}]",01.0553,not_flagged_by_exact_citation_check,01.0553,https://raw.githubusercontent.com/ambuda-org/vidyut/f3ba4167d40eebc4b3023d24e66867aa6a8cdb32/vidyut-prakriya/data/dhatupatha.tsv,bb2013ead0ea536dc7f887164c385c703cb0014ccf6e5af35b87e6d3049ba380,
01.0554,1,raya~\,gatO,गतौ,555,single_gloss,1,gatO,One source gloss; no attempt to invent finer senses within it.,,,,[],01.0554,not_flagged_by_exact_citation_check,01.0554,https://raw.githubusercontent.com/ambuda-org/vidyut/f3ba4167d40eebc4b3023d24e66867aa6a8cdb32/vidyut-prakriya/data/dhatupatha.tsv,bb2013ead0ea536dc7f887164c385c703cb0014ccf6e5af35b87e6d3049ba380,
01.0555,1,yaya~\,gatO,गतौ,556,single_gloss,1,gatO,One source gloss; no attempt to invent finer senses within it.,,,,[],01.0555,not_flagged_by_exact_citation_check,,https://raw.githubusercontent.com/ambuda-org/vidyut/f3ba4167d40eebc4b3023d24e66867aa6a8cdb32/vidyut-prakriya/data/dhatupatha.tsv,bb2013ead0ea536dc7f887164c385c703cb0014ccf6e5af35b87e6d3049ba380,
01.0556,1,UyI~\,tantusantAne,तन्तुसन्ताने,557,single_gloss,1,tantusantAne,One source gloss; no attempt to invent finer senses within it.,,,,[],01.0556,not_flagged_by_exact_citation_check,01.0556,https://raw.githubusercontent.com/ambuda-org/vidyut/f3ba4167d40eebc4b3023d24e66867aa6a8cdb32/vidyut-prakriya/data/dhatupatha.tsv,bb2013ead0ea536dc7f887164c385c703cb0014ccf6e5af35b87e6d3049ba380,
01.0557,1,pUyI~\,viSaraRe durganDe ca,विशरणे दुर्गन्धे च,558,enumerated_glosses,2,viSaraRe; durganDe,Visible enumeration; semantic overlap still belongs to lexical review.,,,,[],01.0557,not_flagged_by_exact_citation_check,01.0557,https://raw.githubusercontent.com/ambuda-org/vidyut/f3ba4167d40eebc4b3023d24e66867aa6a8cdb32/vidyut-prakriya/data/dhatupatha.tsv,bb2013ead0ea536dc7f887164c385c703cb0014ccf6e5af35b87e6d3049ba380,
01.0558,1,knUyI~\,Sabde undane ca,शब्दे उन्दने च,559,enumerated_glosses,2,Sabde; undane,Visible enumeration; semantic overlap still belongs to lexical review.,,,,[],01.0558,not_flagged_by_exact_citation_check,01.0558,https://raw.githubusercontent.com/ambuda-org/vidyut/f3ba4167d40eebc4b3023d24e66867aa6a8cdb32/vidyut-prakriya/data/dhatupatha.tsv,bb2013ead0ea536dc7f887164c385c703cb0014ccf6e5af35b87e6d3049ba380,
01.0559,1,kzmAyI~\,viDUnane,विधूनने,560,single_gloss,1,viDUnane,One source gloss; no attempt to invent finer senses within it.,,,,[],01.0559,not_flagged_by_exact_citation_check,01.0559,https://raw.githubusercontent.com/ambuda-org/vidyut/f3ba4167d40eebc4b3023d24e66867aa6a8cdb32/vidyut-prakriya/data/dhatupatha.tsv,bb2013ead0ea536dc7f887164c385c703cb0014ccf6e5af35b87e6d3049ba380,
01.0560,1,sPAyI~\,vfdDO,वृद्धौ,561,single_gloss,1,vfdDO,One source gloss; no attempt to invent finer senses within it.,,,,[],01.0560,not_flagged_by_exact_citation_check,01.0560,https://raw.githubusercontent.com/ambuda-org/vidyut/f3ba4167d40eebc4b3023d24e66867aa6a8cdb32/vidyut-prakriya/data/dhatupatha.tsv,bb2013ead0ea536dc7f887164c385c703cb0014ccf6e5af35b87e6d3049ba380,
01.0561,1,o~pyAyI~\,vfdDO,वृद्धौ,562,single_gloss,1,vfdDO,One source gloss; no attempt to invent finer senses within it.,,,,[],01.0561,not_flagged_by_exact_citation_check,01.0561,https://raw.githubusercontent.com/ambuda-org/vidyut/f3ba4167d40eebc4b3023d24e66867aa6a8cdb32/vidyut-prakriya/data/dhatupatha.tsv,bb2013ead0ea536dc7f887164c385c703cb0014ccf6e5af35b87e6d3049ba380,
01.0562,1,tAyf~\,santAnapAlanayoH,सन्तानपालनयोः,563,enumerated_glosses,2,santAne; pAlane,Explicit analyst segmentation; retain the original compound for review.,,,,[],01.0562,not_flagged_by_exact_citation_check,01.0562,https://raw.githubusercontent.com/ambuda-org/vidyut/f3ba4167d40eebc4b3023d24e66867aa6a8cdb32/vidyut-prakriya/data/dhatupatha.tsv,bb2013ead0ea536dc7f887164c385c703cb0014ccf6e5af35b87e6d3049ba380,
01.0563,1,Sala~\,calanasaMvaraRayoH,चलनसंवरणयोः,564,enumerated_glosses,2,calane; saMvaraRe,Explicit analyst segmentation; retain the original compound for review.,,,,[],01.0563,not_flagged_by_exact_citation_check,01.0563,https://raw.githubusercontent.com/ambuda-org/vidyut/f3ba4167d40eebc4b3023d24e66867aa6a8cdb32/vidyut-prakriya/data/dhatupatha.tsv,bb2013ead0ea536dc7f887164c385c703cb0014ccf6e5af35b87e6d3049ba380,
01.0564,1,vala~\,saMvaraRe saYcaraRe ca,संवरणे सञ्चरणे च,565,enumerated_glosses,2,saMvaraRe; saYcaraRe,Visible enumeration; semantic overlap still belongs to lexical review.,,,,[],01.0564,not_flagged_by_exact_citation_check,,https://raw.githubusercontent.com/ambuda-org/vidyut/f3ba4167d40eebc4b3023d24e66867aa6a8cdb32/vidyut-prakriya/data/dhatupatha.tsv,bb2013ead0ea536dc7f887164c385c703cb0014ccf6e5af35b87e6d3049ba380,
01.0565,1,valla~\,saMvaraRe saYcaraRe ca,संवरणे सञ्चरणे च,566,enumerated_glosses,2,saMvaraRe; saYcaraRe,Visible enumeration; semantic overlap still belongs to lexical review.,,,,[],01.0565,not_flagged_by_exact_citation_check,01.0565,https://raw.githubusercontent.com/ambuda-org/vidyut/f3ba4167d40eebc4b3023d24e66867aa6a8cdb32/vidyut-prakriya/data/dhatupatha.tsv,bb2013ead0ea536dc7f887164c385c703cb0014ccf6e5af35b87e6d3049ba380,
01.0566,1,mala~\,DAraRe,धारणे,567,single_gloss,1,DAraRe,One source gloss; no attempt to invent finer senses within it.,,,,[],01.0566,not_flagged_by_exact_citation_check,01.0566,https://raw.githubusercontent.com/ambuda-org/vidyut/f3ba4167d40eebc4b3023d24e66867aa6a8cdb32/vidyut-prakriya/data/dhatupatha.tsv,bb2013ead0ea536dc7f887164c385c703cb0014ccf6e5af35b87e6d3049ba380,
01.0567,1,malla~\,DAraRe,धारणे,568,single_gloss,1,DAraRe,One source gloss; no attempt to invent finer senses within it.,,,,[],01.0567,not_flagged_by_exact_citation_check,01.0567,https://raw.githubusercontent.com/ambuda-org/vidyut/f3ba4167d40eebc4b3023d24e66867aa6a8cdb32/vidyut-prakriya/data/dhatupatha.tsv,bb2013ead0ea536dc7f887164c385c703cb0014ccf6e5af35b87e6d3049ba380,
01.0568,1,Bala~\,pariBAzaRahiMsAdAnezu,परिभाषणहिंसादानेषु,569,enumerated_glosses,3,pariBAzaRe; hiMsAyAm; dAne,Explicit analyst segmentation; retain the original compound for review.,,,,[],01.0568,not_flagged_by_exact_citation_check,01.0568,https://raw.githubusercontent.com/ambuda-org/vidyut/f3ba4167d40eebc4b3023d24e66867aa6a8cdb32/vidyut-prakriya/data/dhatupatha.tsv,bb2013ead0ea536dc7f887164c385c703cb0014ccf6e5af35b87e6d3049ba380,
01.0569,1,Balla~\,pariBAzaRahiMsAdAnezu,परिभाषणहिंसादानेषु,570,enumerated_glosses,3,pariBAzaRe; hiMsAyAm; dAne,Explicit analyst segmentation; retain the original compound for review.,,,,[],01.0569,not_flagged_by_exact_citation_check,01.0569,https://raw.githubusercontent.com/ambuda-org/vidyut/f3ba4167d40eebc4b3023d24e66867aa6a8cdb32/vidyut-prakriya/data/dhatupatha.tsv,bb2013ead0ea536dc7f887164c385c703cb0014ccf6e5af35b87e6d3049ba380,
01.0570,1,kala~\,SabdasaNKyAnayoH,शब्दसङ्ख्यानयोः,571,enumerated_glosses,2,Sabde; saNKyAne,Explicit analyst segmentation; retain the original compound for review.,,,,[],01.0570,not_flagged_by_exact_citation_check,01.0570,https://raw.githubusercontent.com/ambuda-org/vidyut/f3ba4167d40eebc4b3023d24e66867aa6a8cdb32/vidyut-prakriya/data/dhatupatha.tsv,bb2013ead0ea536dc7f887164c385c703cb0014ccf6e5af35b87e6d3049ba380,
01.0571,1,kalla~\,avyakte Sabde aSabde ca,अव्यक्ते शब्दे अशब्दे च,572,enumerated_glosses,2,avyakte Sabde; aSabde,Visible enumeration; semantic overlap still belongs to lexical review.,,,,[],01.0571,not_flagged_by_exact_citation_check,01.0571,https://raw.githubusercontent.com/ambuda-org/vidyut/f3ba4167d40eebc4b3023d24e66867aa6a8cdb32/vidyut-prakriya/data/dhatupatha.tsv,bb2013ead0ea536dc7f887164c385c703cb0014ccf6e5af35b87e6d3049ba380,
01.0572,1,tevf~\,devane,देवने,573,single_gloss,1,devane,One source gloss; no attempt to invent finer senses within it.,,,,[],01.0572,not_flagged_by_exact_citation_check,01.0572,https://raw.githubusercontent.com/ambuda-org/vidyut/f3ba4167d40eebc4b3023d24e66867aa6a8cdb32/vidyut-prakriya/data/dhatupatha.tsv,bb2013ead0ea536dc7f887164c385c703cb0014ccf6e5af35b87e6d3049ba380,
01.0573,1,devf~\,devane,देवने,574,single_gloss,1,devane,One source gloss; no attempt to invent finer senses within it.,,,,[],01.0573,not_flagged_by_exact_citation_check,01.0573,https://raw.githubusercontent.com/ambuda-org/vidyut/f3ba4167d40eebc4b3023d24e66867aa6a8cdb32/vidyut-prakriya/data/dhatupatha.tsv,bb2013ead0ea536dc7f887164c385c703cb0014ccf6e5af35b87e6d3049ba380,
01.0574,1,zevf~\,sevane,सेवने,575,single_gloss,1,sevane,One source gloss; no attempt to invent finer senses within it.,,,,[],01.0574,not_flagged_by_exact_citation_check,01.0574,https://raw.githubusercontent.com/ambuda-org/vidyut/f3ba4167d40eebc4b3023d24e66867aa6a8cdb32/vidyut-prakriya/data/dhatupatha.tsv,bb2013ead0ea536dc7f887164c385c703cb0014ccf6e5af35b87e6d3049ba380,
01.0575,1,gevf~\,sevane,सेवने,576,single_gloss,1,sevane,One source gloss; no attempt to invent finer senses within it.,,,,[],01.0575,not_flagged_by_exact_citation_check,01.0575,https://raw.githubusercontent.com/ambuda-org/vidyut/f3ba4167d40eebc4b3023d24e66867aa6a8cdb32/vidyut-prakriya/data/dhatupatha.tsv,bb2013ead0ea536dc7f887164c385c703cb0014ccf6e5af35b87e6d3049ba380,
01.0576,1,glevf~\,sevane,सेवने,577,single_gloss,1,sevane,One source gloss; no attempt to invent finer senses within it.,,,,[],01.0576,not_flagged_by_exact_citation_check,01.0576,https://raw.githubusercontent.com/ambuda-org/vidyut/f3ba4167d40eebc4b3023d24e66867aa6a8cdb32/vidyut-prakriya/data/dhatupatha.tsv,bb2013ead0ea536dc7f887164c385c703cb0014ccf6e5af35b87e6d3049ba380,
01.0577,1,pevf~\,sevane,सेवने,578,single_gloss,1,sevane,One source gloss; no attempt to invent finer senses within it.,,,,[],01.0577,not_flagged_by_exact_citation_check,01.0577,https://raw.githubusercontent.com/ambuda-org/vidyut/f3ba4167d40eebc4b3023d24e66867aa6a8cdb32/vidyut-prakriya/data/dhatupatha.tsv,bb2013ead0ea536dc7f887164c385c703cb0014ccf6e5af35b87e6d3049ba380,
01.0578,1,mevf~\,sevane,सेवने,579,single_gloss,1,sevane,One source gloss; no attempt to invent finer senses within it.,,,,[],01.0578,not_flagged_by_exact_citation_check,01.0578,https://raw.githubusercontent.com/ambuda-org/vidyut/f3ba4167d40eebc4b3023d24e66867aa6a8cdb32/vidyut-prakriya/data/dhatupatha.tsv,bb2013ead0ea536dc7f887164c385c703cb0014ccf6e5af35b87e6d3049ba380,
01.0579,1,mlevf~\,sevane,सेवने,580,single_gloss,1,sevane,One source gloss; no attempt to invent finer senses within it.,,,,[],01.0579,not_flagged_by_exact_citation_check,01.0579,https://raw.githubusercontent.com/ambuda-org/vidyut/f3ba4167d40eebc4b3023d24e66867aa6a8cdb32/vidyut-prakriya/data/dhatupatha.tsv,bb2013ead0ea536dc7f887164c385c703cb0014ccf6e5af35b87e6d3049ba380,
01.0580,1,Sevf~\,sevane,सेवने,581,single_gloss,1,sevane,One source gloss; no attempt to invent finer senses within it.,,,,[],01.0580,not_flagged_by_exact_citation_check,01.0580,https://raw.githubusercontent.com/ambuda-org/vidyut/f3ba4167d40eebc4b3023d24e66867aa6a8cdb32/vidyut-prakriya/data/dhatupatha.tsv,bb2013ead0ea536dc7f887164c385c703cb0014ccf6e5af35b87e6d3049ba380,
01.0581,1,Kevf~\,sevane,सेवने,582,single_gloss,1,sevane,One source gloss; no attempt to invent finer senses within it.,,,,[],01.0581,not_flagged_by_exact_citation_check,01.0581,https://raw.githubusercontent.com/ambuda-org/vidyut/f3ba4167d40eebc4b3023d24e66867aa6a8cdb32/vidyut-prakriya/data/dhatupatha.tsv,bb2013ead0ea536dc7f887164c385c703cb0014ccf6e5af35b87e6d3049ba380,
01.0582,1,plevf~\,sevane,सेवने,583,single_gloss,1,sevane,One source gloss; no attempt to invent finer senses within it.,,,,[],01.0582,not_flagged_by_exact_citation_check,01.0582,https://raw.githubusercontent.com/ambuda-org/vidyut/f3ba4167d40eebc4b3023d24e66867aa6a8cdb32/vidyut-prakriya/data/dhatupatha.tsv,bb2013ead0ea536dc7f887164c385c703cb0014ccf6e5af35b87e6d3049ba380,
01.0583,1,kevf~\,sevane,सेवने,584,single_gloss,1,sevane,One source gloss; no attempt to invent finer senses within it.,,,,[],01.0583,not_flagged_by_exact_citation_check,01.0583,https://raw.githubusercontent.com/ambuda-org/vidyut/f3ba4167d40eebc4b3023d24e66867aa6a8cdb32/vidyut-prakriya/data/dhatupatha.tsv,bb2013ead0ea536dc7f887164c385c703cb0014ccf6e5af35b87e6d3049ba380,
01.0584,1,revf~\,plavagatO,प्लवगतौ,585,single_gloss,1,plavagatO,One source gloss; no attempt to invent finer senses within it.,,,,[],01.0584,not_flagged_by_exact_citation_check,01.0584,https://raw.githubusercontent.com/ambuda-org/vidyut/f3ba4167d40eebc4b3023d24e66867aa6a8cdb32/vidyut-prakriya/data/dhatupatha.tsv,bb2013ead0ea536dc7f887164c385c703cb0014ccf6e5af35b87e6d3049ba380,
01.0585,1,mavya~,banDane,बन्धने,586,single_gloss,1,banDane,One source gloss; no attempt to invent finer senses within it.,,,,[],01.0585,not_flagged_by_exact_citation_check,01.0585,https://raw.githubusercontent.com/ambuda-org/vidyut/f3ba4167d40eebc4b3023d24e66867aa6a8cdb32/vidyut-prakriya/data/dhatupatha.tsv,bb2013ead0ea536dc7f887164c385c703cb0014ccf6e5af35b87e6d3049ba380,
01.0586,1,sUrkzya~,IrzyAyAm,ईर्ष्यायाम्,587,single_gloss,1,IrzyAyAm,One source gloss; no attempt to invent finer senses within it.,,,,[],01.0586,not_flagged_by_exact_citation_check,,https://raw.githubusercontent.com/ambuda-org/vidyut/f3ba4167d40eebc4b3023d24e66867aa6a8cdb32/vidyut-prakriya/data/dhatupatha.tsv,bb2013ead0ea536dc7f887164c385c703cb0014ccf6e5af35b87e6d3049ba380,
01.0587,1,Irkzya~,IrzyAyAm,ईर्ष्यायाम्,588,single_gloss,1,IrzyAyAm,One source gloss; no attempt to invent finer senses within it.,,,,[],01.0587,not_flagged_by_exact_citation_check,01.0587,https://raw.githubusercontent.com/ambuda-org/vidyut/f3ba4167d40eebc4b3023d24e66867aa6a8cdb32/vidyut-prakriya/data/dhatupatha.tsv,bb2013ead0ea536dc7f887164c385c703cb0014ccf6e5af35b87e6d3049ba380,
01.0588,1,Irzya~,IrzyAyAm,ईर्ष्यायाम्,589,single_gloss,1,IrzyAyAm,One source gloss; no attempt to invent finer senses within it.,,,,[],01.0588,not_flagged_by_exact_citation_check,01.0588,https://raw.githubusercontent.com/ambuda-org/vidyut/f3ba4167d40eebc4b3023d24e66867aa6a8cdb32/vidyut-prakriya/data/dhatupatha.tsv,bb2013ead0ea536dc7f887164c385c703cb0014ccf6e5af35b87e6d3049ba380,
01.0589,1,haya~,gatO,गतौ,590,single_gloss,1,gatO,One source gloss; no attempt to invent finer senses within it.,,,,[],01.0589,not_flagged_by_exact_citation_check,01.0589,https://raw.githubusercontent.com/ambuda-org/vidyut/f3ba4167d40eebc4b3023d24e66867aa6a8cdb32/vidyut-prakriya/data/dhatupatha.tsv,bb2013ead0ea536dc7f887164c385c703cb0014ccf6e5af35b87e6d3049ba380,
01.0590,1,Sucya~,aBizave,अभिषवे,591,single_gloss,1,aBizave,One source gloss; no attempt to invent finer senses within it.,,,,[],01.0590,not_flagged_by_exact_citation_check,01.0590,https://raw.githubusercontent.com/ambuda-org/vidyut/f3ba4167d40eebc4b3023d24e66867aa6a8cdb32/vidyut-prakriya/data/dhatupatha.tsv,bb2013ead0ea536dc7f887164c385c703cb0014ccf6e5af35b87e6d3049ba380,
01.0591,1,cucya~,aBizave,अभिषवे,592,single_gloss,1,aBizave,One source gloss; no attempt to invent finer senses within it.,,,,[],01.0591,not_flagged_by_exact_citation_check,01.0591,https://raw.githubusercontent.com/ambuda-org/vidyut/f3ba4167d40eebc4b3023d24e66867aa6a8cdb32/vidyut-prakriya/data/dhatupatha.tsv,bb2013ead0ea536dc7f887164c385c703cb0014ccf6e5af35b87e6d3049ba380,
01.0592,1,harya~,gatikAntyoH,गतिकान्त्योः,593,enumerated_glosses,2,gatO; kAntO,Explicit analyst segmentation; retain the original compound for review.,,,,[],01.0592,not_flagged_by_exact_citation_check,01.0592,https://raw.githubusercontent.com/ambuda-org/vidyut/f3ba4167d40eebc4b3023d24e66867aa6a8cdb32/vidyut-prakriya/data/dhatupatha.tsv,bb2013ead0ea536dc7f887164c385c703cb0014ccf6e5af35b87e6d3049ba380,
01.0593,1,ala~,BUzaRaparyAptivAraRezu,भूषणपर्याप्तिवारणेषु,594,enumerated_glosses,3,BUzaRe; paryAptO; vAraRe,Explicit analyst segmentation; retain the original compound for review.,,,,[],01.0593,not_flagged_by_exact_citation_check,01.0593,https://raw.githubusercontent.com/ambuda-org/vidyut/f3ba4167d40eebc4b3023d24e66867aa6a8cdb32/vidyut-prakriya/data/dhatupatha.tsv,bb2013ead0ea536dc7f887164c385c703cb0014ccf6e5af35b87e6d3049ba380,
01.0594,1,YiPalA~,viSaraRe,विशरणे,595,single_gloss,1,viSaraRe,One source gloss; no attempt to invent finer senses within it.,,,,[],01.0594,not_flagged_by_exact_citation_check,01.0594,https://raw.githubusercontent.com/ambuda-org/vidyut/f3ba4167d40eebc4b3023d24e66867aa6a8cdb32/vidyut-prakriya/data/dhatupatha.tsv,bb2013ead0ea536dc7f887164c385c703cb0014ccf6e5af35b87e6d3049ba380,
01.0595,1,mIla~,nimezaRe,निमेषणे,596,single_gloss,1,nimezaRe,One source gloss; no attempt to invent finer senses within it.,,,,[],01.0595,not_flagged_by_exact_citation_check,01.0595,https://raw.githubusercontent.com/ambuda-org/vidyut/f3ba4167d40eebc4b3023d24e66867aa6a8cdb32/vidyut-prakriya/data/dhatupatha.tsv,bb2013ead0ea536dc7f887164c385c703cb0014ccf6e5af35b87e6d3049ba380,
01.0596,1,SmIla~,nimezaRe,निमेषणे,597,single_gloss,1,nimezaRe,One source gloss; no attempt to invent finer senses within it.,,,,[],01.0596,not_flagged_by_exact_citation_check,01.0596,https://raw.githubusercontent.com/ambuda-org/vidyut/f3ba4167d40eebc4b3023d24e66867aa6a8cdb32/vidyut-prakriya/data/dhatupatha.tsv,bb2013ead0ea536dc7f887164c385c703cb0014ccf6e5af35b87e6d3049ba380,
01.0597,1,smIla~,nimezaRe,निमेषणे,598,single_gloss,1,nimezaRe,One source gloss; no attempt to invent finer senses within it.,,,,[],01.0597,not_flagged_by_exact_citation_check,01.0597,https://raw.githubusercontent.com/ambuda-org/vidyut/f3ba4167d40eebc4b3023d24e66867aa6a8cdb32/vidyut-prakriya/data/dhatupatha.tsv,bb2013ead0ea536dc7f887164c385c703cb0014ccf6e5af35b87e6d3049ba380,
01.0598,1,kzmIla~,nimezaRe,निमेषणे,599,single_gloss,1,nimezaRe,One source gloss; no attempt to invent finer senses within it.,,,,[],01.0598,not_flagged_by_exact_citation_check,01.0598,https://raw.githubusercontent.com/ambuda-org/vidyut/f3ba4167d40eebc4b3023d24e66867aa6a8cdb32/vidyut-prakriya/data/dhatupatha.tsv,bb2013ead0ea536dc7f887164c385c703cb0014ccf6e5af35b87e6d3049ba380,
01.0599,1,pIla~,pratizwamBe,प्रतिष्टम्भे,600,single_gloss,1,pratizwamBe,One source gloss; no attempt to invent finer senses within it.,,,,[],01.0599,not_flagged_by_exact_citation_check,01.0599,https://raw.githubusercontent.com/ambuda-org/vidyut/f3ba4167d40eebc4b3023d24e66867aa6a8cdb32/vidyut-prakriya/data/dhatupatha.tsv,bb2013ead0ea536dc7f887164c385c703cb0014ccf6e5af35b87e6d3049ba380,
01.0600,1,RIla~,varRe,वर्णे,601,single_gloss,1,varRe,One source gloss; no attempt to invent finer senses within it.,,,,[],01.0600,not_flagged_by_exact_citation_check,01.0600,https://raw.githubusercontent.com/ambuda-org/vidyut/f3ba4167d40eebc4b3023d24e66867aa6a8cdb32/vidyut-prakriya/data/dhatupatha.tsv,bb2013ead0ea536dc7f887164c385c703cb0014ccf6e5af35b87e6d3049ba380,
01.0601,1,SIla~,samADO,समाधौ,602,single_gloss,1,samADO,One source gloss; no attempt to invent finer senses within it.,,,,[],01.0601,not_flagged_by_exact_citation_check,01.0601,https://raw.githubusercontent.com/ambuda-org/vidyut/f3ba4167d40eebc4b3023d24e66867aa6a8cdb32/vidyut-prakriya/data/dhatupatha.tsv,bb2013ead0ea536dc7f887164c385c703cb0014ccf6e5af35b87e6d3049ba380,
01.0602,1,kIla~,banDane,बन्धने,603,single_gloss,1,banDane,One source gloss; no attempt to invent finer senses within it.,,,,[],01.0602,not_flagged_by_exact_citation_check,01.0602,https://raw.githubusercontent.com/ambuda-org/vidyut/f3ba4167d40eebc4b3023d24e66867aa6a8cdb32/vidyut-prakriya/data/dhatupatha.tsv,bb2013ead0ea536dc7f887164c385c703cb0014ccf6e5af35b87e6d3049ba380,
01.0603,1,kUla~,AvaraRe,आवरणे,604,single_gloss,1,AvaraRe,One source gloss; no attempt to invent finer senses within it.,,,,[],01.0603,not_flagged_by_exact_citation_check,01.0603,https://raw.githubusercontent.com/ambuda-org/vidyut/f3ba4167d40eebc4b3023d24e66867aa6a8cdb32/vidyut-prakriya/data/dhatupatha.tsv,bb2013ead0ea536dc7f887164c385c703cb0014ccf6e5af35b87e6d3049ba380,
01.0604,1,SUla~,rujAyAM saNGAte saNkoze ca,रुजायां सङ्घाते सङ्कोषे च,605,enumerated_glosses,3,rujAyAM; saNGAte; saNkoze,Visible enumeration; semantic overlap still belongs to lexical review.,,,,[],01.0604,not_flagged_by_exact_citation_check,01.0604,https://raw.githubusercontent.com/ambuda-org/vidyut/f3ba4167d40eebc4b3023d24e66867aa6a8cdb32/vidyut-prakriya/data/dhatupatha.tsv,bb2013ead0ea536dc7f887164c385c703cb0014ccf6e5af35b87e6d3049ba380,
01.0605,1,tUla~,nizkarze,निष्कर्षे,606,single_gloss,1,nizkarze,One source gloss; no attempt to invent finer senses within it.,,,,[],01.0605,not_flagged_by_exact_citation_check,01.0605,https://raw.githubusercontent.com/ambuda-org/vidyut/f3ba4167d40eebc4b3023d24e66867aa6a8cdb32/vidyut-prakriya/data/dhatupatha.tsv,bb2013ead0ea536dc7f887164c385c703cb0014ccf6e5af35b87e6d3049ba380,
01.0606,1,pUla~,saNGAte,सङ्घाते,607,single_gloss,1,saNGAte,One source gloss; no attempt to invent finer senses within it.,,,,[],01.0606,merge_shared_meanings,01.0606,https://raw.githubusercontent.com/ambuda-org/vidyut/f3ba4167d40eebc4b3023d24e66867aa6a8cdb32/vidyut-prakriya/data/dhatupatha.tsv,bb2013ead0ea536dc7f887164c385c703cb0014ccf6e5af35b87e6d3049ba380,IR144
01.0607,1,mUla~,pratizWAyAm,प्रतिष्ठायाम्,608,single_gloss,1,pratizWAyAm,One source gloss; no attempt to invent finer senses within it.,,,,[],01.0607,retain_distinct_meanings,01.0607,https://raw.githubusercontent.com/ambuda-org/vidyut/f3ba4167d40eebc4b3023d24e66867aa6a8cdb32/vidyut-prakriya/data/dhatupatha.tsv,bb2013ead0ea536dc7f887164c385c703cb0014ccf6e5af35b87e6d3049ba380,IR130
01.0608,1,Pala~,nizpattO,निष्पत्तौ,609,single_gloss,1,nizpattO,One source gloss; no attempt to invent finer senses within it.,,,,[],01.0608,not_flagged_by_exact_citation_check,01.0608,https://raw.githubusercontent.com/ambuda-org/vidyut/f3ba4167d40eebc4b3023d24e66867aa6a8cdb32/vidyut-prakriya/data/dhatupatha.tsv,bb2013ead0ea536dc7f887164c385c703cb0014ccf6e5af35b87e6d3049ba380,
01.0609,1,culla~,BAvakaraRe,भावकरणे,610,single_gloss,1,BAvakaraRe,One source gloss; no attempt to invent finer senses within it.,,,,[],01.0609,not_flagged_by_exact_citation_check,01.0609,https://raw.githubusercontent.com/ambuda-org/vidyut/f3ba4167d40eebc4b3023d24e66867aa6a8cdb32/vidyut-prakriya/data/dhatupatha.tsv,bb2013ead0ea536dc7f887164c385c703cb0014ccf6e5af35b87e6d3049ba380,
01.0610,1,Pulla~,vikasane,विकसने,611,single_gloss,1,vikasane,One source gloss; no attempt to invent finer senses within it.,,,,[],01.0610,not_flagged_by_exact_citation_check,01.0610,https://raw.githubusercontent.com/ambuda-org/vidyut/f3ba4167d40eebc4b3023d24e66867aa6a8cdb32/vidyut-prakriya/data/dhatupatha.tsv,bb2013ead0ea536dc7f887164c385c703cb0014ccf6e5af35b87e6d3049ba380,
01.0611,1,cilla~,SETilye BAvakaraRe ca,शैथिल्ये भावकरणे च,612,enumerated_glosses,2,SETilye; BAvakaraRe,Visible enumeration; semantic overlap still belongs to lexical review.,,,,[],01.0611,not_flagged_by_exact_citation_check,01.0611,https://raw.githubusercontent.com/ambuda-org/vidyut/f3ba4167d40eebc4b3023d24e66867aa6a8cdb32/vidyut-prakriya/data/dhatupatha.tsv,bb2013ead0ea536dc7f887164c385c703cb0014ccf6e5af35b87e6d3049ba380,
01.0612,1,tila~,gatO,गतौ,613,single_gloss,1,gatO,One source gloss; no attempt to invent finer senses within it.,,,,[],01.0612,merge_shared_meanings,01.0612,https://raw.githubusercontent.com/ambuda-org/vidyut/f3ba4167d40eebc4b3023d24e66867aa6a8cdb32/vidyut-prakriya/data/dhatupatha.tsv,bb2013ead0ea536dc7f887164c385c703cb0014ccf6e5af35b87e6d3049ba380,IR182
01.0613,1,tilla~,gatO,गतौ,614,single_gloss,1,gatO,One source gloss; no attempt to invent finer senses within it.,,,,[],01.0613,not_flagged_by_exact_citation_check,01.0613,https://raw.githubusercontent.com/ambuda-org/vidyut/f3ba4167d40eebc4b3023d24e66867aa6a8cdb32/vidyut-prakriya/data/dhatupatha.tsv,bb2013ead0ea536dc7f887164c385c703cb0014ccf6e5af35b87e6d3049ba380,
01.0614,1,velf~,calane,चलने,615,single_gloss,1,calane,One source gloss; no attempt to invent finer senses within it.,,,,[],01.0614,not_flagged_by_exact_citation_check,01.0614,https://raw.githubusercontent.com/ambuda-org/vidyut/f3ba4167d40eebc4b3023d24e66867aa6a8cdb32/vidyut-prakriya/data/dhatupatha.tsv,bb2013ead0ea536dc7f887164c385c703cb0014ccf6e5af35b87e6d3049ba380,
01.0615,1,celf~,calane,चलने,616,single_gloss,1,calane,One source gloss; no attempt to invent finer senses within it.,,,,[],01.0615,not_flagged_by_exact_citation_check,01.0615,https://raw.githubusercontent.com/ambuda-org/vidyut/f3ba4167d40eebc4b3023d24e66867aa6a8cdb32/vidyut-prakriya/data/dhatupatha.tsv,bb2013ead0ea536dc7f887164c385c703cb0014ccf6e5af35b87e6d3049ba380,
01.0616,1,kelf~,calane,चलने,617,single_gloss,1,calane,One source gloss; no attempt to invent finer senses within it.,,,,[],01.0616,not_flagged_by_exact_citation_check,01.0616,https://raw.githubusercontent.com/ambuda-org/vidyut/f3ba4167d40eebc4b3023d24e66867aa6a8cdb32/vidyut-prakriya/data/dhatupatha.tsv,bb2013ead0ea536dc7f887164c385c703cb0014ccf6e5af35b87e6d3049ba380,
01.0617,1,Kelf~,calane,चलने,618,single_gloss,1,calane,One source gloss; no attempt to invent finer senses within it.,,,,[],01.0617,not_flagged_by_exact_citation_check,01.0617,https://raw.githubusercontent.com/ambuda-org/vidyut/f3ba4167d40eebc4b3023d24e66867aa6a8cdb32/vidyut-prakriya/data/dhatupatha.tsv,bb2013ead0ea536dc7f887164c385c703cb0014ccf6e5af35b87e6d3049ba380,
01.0618,1,kzvelf~,calane,चलने,619,single_gloss,1,calane,One source gloss; no attempt to invent finer senses within it.,,,,[],01.0618,not_flagged_by_exact_citation_check,01.0618,https://raw.githubusercontent.com/ambuda-org/vidyut/f3ba4167d40eebc4b3023d24e66867aa6a8cdb32/vidyut-prakriya/data/dhatupatha.tsv,bb2013ead0ea536dc7f887164c385c703cb0014ccf6e5af35b87e6d3049ba380,
01.0619,1,vella~,calane,चलने,620,single_gloss,1,calane,One source gloss; no attempt to invent finer senses within it.,,,,[],01.0619,not_flagged_by_exact_citation_check,01.0619,https://raw.githubusercontent.com/ambuda-org/vidyut/f3ba4167d40eebc4b3023d24e66867aa6a8cdb32/vidyut-prakriya/data/dhatupatha.tsv,bb2013ead0ea536dc7f887164c385c703cb0014ccf6e5af35b87e6d3049ba380,
01.0620,1,cella~,calane,चलने,621,single_gloss,1,calane,One source gloss; no attempt to invent finer senses within it.,,,,[],01.0620,not_flagged_by_exact_citation_check,,https://raw.githubusercontent.com/ambuda-org/vidyut/f3ba4167d40eebc4b3023d24e66867aa6a8cdb32/vidyut-prakriya/data/dhatupatha.tsv,bb2013ead0ea536dc7f887164c385c703cb0014ccf6e5af35b87e6d3049ba380,
01.0621,1,pelf~,gatO,गतौ,622,single_gloss,1,gatO,One source gloss; no attempt to invent finer senses within it.,,,,[],01.0621,not_flagged_by_exact_citation_check,01.0621,https://raw.githubusercontent.com/ambuda-org/vidyut/f3ba4167d40eebc4b3023d24e66867aa6a8cdb32/vidyut-prakriya/data/dhatupatha.tsv,bb2013ead0ea536dc7f887164c385c703cb0014ccf6e5af35b87e6d3049ba380,
01.0622,1,Pelf~,gatO,गतौ,623,single_gloss,1,gatO,One source gloss; no attempt to invent finer senses within it.,,,,[],01.0622,not_flagged_by_exact_citation_check,01.0622,https://raw.githubusercontent.com/ambuda-org/vidyut/f3ba4167d40eebc4b3023d24e66867aa6a8cdb32/vidyut-prakriya/data/dhatupatha.tsv,bb2013ead0ea536dc7f887164c385c703cb0014ccf6e5af35b87e6d3049ba380,
01.0623,1,Self~,gatO,गतौ,624,single_gloss,1,gatO,One source gloss; no attempt to invent finer senses within it.,,,,[],01.0623,not_flagged_by_exact_citation_check,01.0623,https://raw.githubusercontent.com/ambuda-org/vidyut/f3ba4167d40eebc4b3023d24e66867aa6a8cdb32/vidyut-prakriya/data/dhatupatha.tsv,bb2013ead0ea536dc7f887164c385c703cb0014ccf6e5af35b87e6d3049ba380,
01.0624,1,zelf~,gatO,गतौ,625,single_gloss,1,gatO,One source gloss; no attempt to invent finer senses within it.,,,,[],01.0624,not_flagged_by_exact_citation_check,01.0624,https://raw.githubusercontent.com/ambuda-org/vidyut/f3ba4167d40eebc4b3023d24e66867aa6a8cdb32/vidyut-prakriya/data/dhatupatha.tsv,bb2013ead0ea536dc7f887164c385c703cb0014ccf6e5af35b87e6d3049ba380,
01.0625,1,sKala~,saYcalane,सञ्चलने,626,single_gloss,1,saYcalane,One source gloss; no attempt to invent finer senses within it.,,,,[],01.0625,not_flagged_by_exact_citation_check,01.0625,https://raw.githubusercontent.com/ambuda-org/vidyut/f3ba4167d40eebc4b3023d24e66867aa6a8cdb32/vidyut-prakriya/data/dhatupatha.tsv,bb2013ead0ea536dc7f887164c385c703cb0014ccf6e5af35b87e6d3049ba380,
01.0626,1,Kala~,saYcaye calane ca,सञ्चये चलने च,627,enumerated_glosses,2,saYcaye; calane,Visible enumeration; semantic overlap still belongs to lexical review.,,,,[],01.0626,not_flagged_by_exact_citation_check,01.0626,https://raw.githubusercontent.com/ambuda-org/vidyut/f3ba4167d40eebc4b3023d24e66867aa6a8cdb32/vidyut-prakriya/data/dhatupatha.tsv,bb2013ead0ea536dc7f887164c385c703cb0014ccf6e5af35b87e6d3049ba380,
01.0627,1,gala~,adane sravaRe ca,अदने स्रवणे च,628,enumerated_glosses,2,adane; sravaRe,Visible enumeration; semantic overlap still belongs to lexical review.,,,,[],01.0627,open,01.0627,https://raw.githubusercontent.com/ambuda-org/vidyut/f3ba4167d40eebc4b3023d24e66867aa6a8cdb32/vidyut-prakriya/data/dhatupatha.tsv,bb2013ead0ea536dc7f887164c385c703cb0014ccf6e5af35b87e6d3049ba380,IR68
01.0628,1,zala~,gatO,गतौ,629,single_gloss,1,gatO,One source gloss; no attempt to invent finer senses within it.,,,,[],01.0628,not_flagged_by_exact_citation_check,01.0628,https://raw.githubusercontent.com/ambuda-org/vidyut/f3ba4167d40eebc4b3023d24e66867aa6a8cdb32/vidyut-prakriya/data/dhatupatha.tsv,bb2013ead0ea536dc7f887164c385c703cb0014ccf6e5af35b87e6d3049ba380,
01.0629,1,dala~,viSaraRe vidAraRe ca,विशरणे विदारणे च,630,enumerated_glosses,2,viSaraRe; vidAraRe,Visible enumeration; semantic overlap still belongs to lexical review.,,,,[],01.0629,open,01.0629,https://raw.githubusercontent.com/ambuda-org/vidyut/f3ba4167d40eebc4b3023d24e66867aa6a8cdb32/vidyut-prakriya/data/dhatupatha.tsv,bb2013ead0ea536dc7f887164c385c703cb0014ccf6e5af35b87e6d3049ba380,IR58
01.0630,1,Svala~,ASugamane,आशुगमने,631,single_gloss,1,ASugamane,One source gloss; no attempt to invent finer senses within it.,,,,[],01.0630,not_flagged_by_exact_citation_check,01.0630,https://raw.githubusercontent.com/ambuda-org/vidyut/f3ba4167d40eebc4b3023d24e66867aa6a8cdb32/vidyut-prakriya/data/dhatupatha.tsv,bb2013ead0ea536dc7f887164c385c703cb0014ccf6e5af35b87e6d3049ba380,
01.0631,1,Svalla~,ASugamane,आशुगमने,632,single_gloss,1,ASugamane,One source gloss; no attempt to invent finer senses within it.,,,,[],01.0631,not_flagged_by_exact_citation_check,01.0631,https://raw.githubusercontent.com/ambuda-org/vidyut/f3ba4167d40eebc4b3023d24e66867aa6a8cdb32/vidyut-prakriya/data/dhatupatha.tsv,bb2013ead0ea536dc7f887164c385c703cb0014ccf6e5af35b87e6d3049ba380,
01.0632,1,Kolf~,gatipratiGAte,गतिप्रतिघाते,633,single_gloss,1,gatipratiGAte,One source gloss; no attempt to invent finer senses within it.,,,,[],01.0632,not_flagged_by_exact_citation_check,01.0632,https://raw.githubusercontent.com/ambuda-org/vidyut/f3ba4167d40eebc4b3023d24e66867aa6a8cdb32/vidyut-prakriya/data/dhatupatha.tsv,bb2013ead0ea536dc7f887164c385c703cb0014ccf6e5af35b87e6d3049ba380,
01.0633,1,Korf~,gatipratiGAte,गतिप्रतिघाते,634,single_gloss,1,gatipratiGAte,One source gloss; no attempt to invent finer senses within it.,,,,[],01.0633,not_flagged_by_exact_citation_check,01.0633,https://raw.githubusercontent.com/ambuda-org/vidyut/f3ba4167d40eebc4b3023d24e66867aa6a8cdb32/vidyut-prakriya/data/dhatupatha.tsv,bb2013ead0ea536dc7f887164c385c703cb0014ccf6e5af35b87e6d3049ba380,
01.0634,1,Dorf~,gaticAturye,गतिचातुर्ये,635,single_gloss,1,gaticAturye,One source gloss; no attempt to invent finer senses within it.,,,,[],01.0634,not_flagged_by_exact_citation_check,01.0634,https://raw.githubusercontent.com/ambuda-org/vidyut/f3ba4167d40eebc4b3023d24e66867aa6a8cdb32/vidyut-prakriya/data/dhatupatha.tsv,bb2013ead0ea536dc7f887164c385c703cb0014ccf6e5af35b87e6d3049ba380,
01.0635,1,tsara~,CadmagatO,छद्मगतौ,636,single_gloss,1,CadmagatO,One source gloss; no attempt to invent finer senses within it.,,,,[],01.0635,not_flagged_by_exact_citation_check,01.0635,https://raw.githubusercontent.com/ambuda-org/vidyut/f3ba4167d40eebc4b3023d24e66867aa6a8cdb32/vidyut-prakriya/data/dhatupatha.tsv,bb2013ead0ea536dc7f887164c385c703cb0014ccf6e5af35b87e6d3049ba380,
01.0636,1,kmara~,hUrCane,हूर्छने,637,single_gloss,1,hUrCane,One source gloss; no attempt to invent finer senses within it.,,,,[],01.0636,not_flagged_by_exact_citation_check,01.0636,https://raw.githubusercontent.com/ambuda-org/vidyut/f3ba4167d40eebc4b3023d24e66867aa6a8cdb32/vidyut-prakriya/data/dhatupatha.tsv,bb2013ead0ea536dc7f887164c385c703cb0014ccf6e5af35b87e6d3049ba380,
01.0637,1,aBra~,gatO,गतौ,638,single_gloss,1,gatO,One source gloss; no attempt to invent finer senses within it.,,,,[],01.0637,not_flagged_by_exact_citation_check,01.0637,https://raw.githubusercontent.com/ambuda-org/vidyut/f3ba4167d40eebc4b3023d24e66867aa6a8cdb32/vidyut-prakriya/data/dhatupatha.tsv,bb2013ead0ea536dc7f887164c385c703cb0014ccf6e5af35b87e6d3049ba380,
01.0638,1,vaBra~,gatO,गतौ,639,single_gloss,1,gatO,One source gloss; no attempt to invent finer senses within it.,,,,[],01.0638,not_flagged_by_exact_citation_check,01.0638,https://raw.githubusercontent.com/ambuda-org/vidyut/f3ba4167d40eebc4b3023d24e66867aa6a8cdb32/vidyut-prakriya/data/dhatupatha.tsv,bb2013ead0ea536dc7f887164c385c703cb0014ccf6e5af35b87e6d3049ba380,
01.0639,1,maBra~,gatO,गतौ,640,single_gloss,1,gatO,One source gloss; no attempt to invent finer senses within it.,,,,[],01.0639,not_flagged_by_exact_citation_check,01.0639,https://raw.githubusercontent.com/ambuda-org/vidyut/f3ba4167d40eebc4b3023d24e66867aa6a8cdb32/vidyut-prakriya/data/dhatupatha.tsv,bb2013ead0ea536dc7f887164c385c703cb0014ccf6e5af35b87e6d3049ba380,
01.0640,1,cara~,gatO BakzaRe ca,गतौ भक्षणे च,641,enumerated_glosses,2,gatO; BakzaRe,Visible enumeration; semantic overlap still belongs to lexical review.,,,,[],01.0640,retain_distinct_meanings,01.0640,https://raw.githubusercontent.com/ambuda-org/vidyut/f3ba4167d40eebc4b3023d24e66867aa6a8cdb32/vidyut-prakriya/data/dhatupatha.tsv,bb2013ead0ea536dc7f887164c385c703cb0014ccf6e5af35b87e6d3049ba380,IR50
01.0641,1,zWivu~,nirasane,निरसने,642,single_gloss,1,nirasane,One source gloss; no attempt to invent finer senses within it.,,,,[],01.0641,merge_shared_meanings,01.0641,https://raw.githubusercontent.com/ambuda-org/vidyut/f3ba4167d40eebc4b3023d24e66867aa6a8cdb32/vidyut-prakriya/data/dhatupatha.tsv,bb2013ead0ea536dc7f887164c385c703cb0014ccf6e5af35b87e6d3049ba380,IR214
01.0642,1,ji\,jaye,जये,643,single_gloss,1,jaye,One source gloss; no attempt to invent finer senses within it.,,,,[],01.0642,retain_distinct_meanings,,https://raw.githubusercontent.com/ambuda-org/vidyut/f3ba4167d40eebc4b3023d24e66867aa6a8cdb32/vidyut-prakriya/data/dhatupatha.tsv,bb2013ead0ea536dc7f887164c385c703cb0014ccf6e5af35b87e6d3049ba380,IR87
01.0643,1,jIva~,prARaDAraRe,प्राणधारणे,644,single_gloss,1,prARaDAraRe,One source gloss; no attempt to invent finer senses within it.,,,,[],01.0643,not_flagged_by_exact_citation_check,01.0643,https://raw.githubusercontent.com/ambuda-org/vidyut/f3ba4167d40eebc4b3023d24e66867aa6a8cdb32/vidyut-prakriya/data/dhatupatha.tsv,bb2013ead0ea536dc7f887164c385c703cb0014ccf6e5af35b87e6d3049ba380,
01.0644,1,pIva~,sTOlye,स्थौल्ये,645,single_gloss,1,sTOlye,One source gloss; no attempt to invent finer senses within it.,,,,[],01.0644,not_flagged_by_exact_citation_check,01.0644,https://raw.githubusercontent.com/ambuda-org/vidyut/f3ba4167d40eebc4b3023d24e66867aa6a8cdb32/vidyut-prakriya/data/dhatupatha.tsv,bb2013ead0ea536dc7f887164c385c703cb0014ccf6e5af35b87e6d3049ba380,
01.0645,1,mIva~,sTOlye,स्थौल्ये,646,single_gloss,1,sTOlye,One source gloss; no attempt to invent finer senses within it.,,,,[],01.0645,not_flagged_by_exact_citation_check,01.0645,https://raw.githubusercontent.com/ambuda-org/vidyut/f3ba4167d40eebc4b3023d24e66867aa6a8cdb32/vidyut-prakriya/data/dhatupatha.tsv,bb2013ead0ea536dc7f887164c385c703cb0014ccf6e5af35b87e6d3049ba380,
01.0646,1,tIva~,sTOlye,स्थौल्ये,647,single_gloss,1,sTOlye,One source gloss; no attempt to invent finer senses within it.,,,,[],01.0646,not_flagged_by_exact_citation_check,01.0646,https://raw.githubusercontent.com/ambuda-org/vidyut/f3ba4167d40eebc4b3023d24e66867aa6a8cdb32/vidyut-prakriya/data/dhatupatha.tsv,bb2013ead0ea536dc7f887164c385c703cb0014ccf6e5af35b87e6d3049ba380,
01.0647,1,RIva~,sTOlye,स्थौल्ये,648,single_gloss,1,sTOlye,One source gloss; no attempt to invent finer senses within it.,,,,[],01.0647,not_flagged_by_exact_citation_check,01.0647,https://raw.githubusercontent.com/ambuda-org/vidyut/f3ba4167d40eebc4b3023d24e66867aa6a8cdb32/vidyut-prakriya/data/dhatupatha.tsv,bb2013ead0ea536dc7f887164c385c703cb0014ccf6e5af35b87e6d3049ba380,
01.0648,1,kzivu~,nirasane,निरसने,649,single_gloss,1,nirasane,One source gloss; no attempt to invent finer senses within it.,,,,[],01.0648,not_flagged_by_exact_citation_check,01.0648,https://raw.githubusercontent.com/ambuda-org/vidyut/f3ba4167d40eebc4b3023d24e66867aa6a8cdb32/vidyut-prakriya/data/dhatupatha.tsv,bb2013ead0ea536dc7f887164c385c703cb0014ccf6e5af35b87e6d3049ba380,
01.0649,1,kzevu~,nirasane,निरसने,650,single_gloss,1,nirasane,One source gloss; no attempt to invent finer senses within it.,,,,[],01.0649,not_flagged_by_exact_citation_check,01.0649,https://raw.githubusercontent.com/ambuda-org/vidyut/f3ba4167d40eebc4b3023d24e66867aa6a8cdb32/vidyut-prakriya/data/dhatupatha.tsv,bb2013ead0ea536dc7f887164c385c703cb0014ccf6e5af35b87e6d3049ba380,
01.0650,1,urvI~,hiMsAyAm,हिंसायाम्,651,single_gloss,1,hiMsAyAm,One source gloss; no attempt to invent finer senses within it.,,,,[],01.0650,not_flagged_by_exact_citation_check,01.0650,https://raw.githubusercontent.com/ambuda-org/vidyut/f3ba4167d40eebc4b3023d24e66867aa6a8cdb32/vidyut-prakriya/data/dhatupatha.tsv,bb2013ead0ea536dc7f887164c385c703cb0014ccf6e5af35b87e6d3049ba380,
01.0651,1,turvI~,hiMsAyAm,हिंसायाम्,652,single_gloss,1,hiMsAyAm,One source gloss; no attempt to invent finer senses within it.,,,,[],01.0651,not_flagged_by_exact_citation_check,,https://raw.githubusercontent.com/ambuda-org/vidyut/f3ba4167d40eebc4b3023d24e66867aa6a8cdb32/vidyut-prakriya/data/dhatupatha.tsv,bb2013ead0ea536dc7f887164c385c703cb0014ccf6e5af35b87e6d3049ba380,
01.0652,1,TurvI~,hiMsAyAm,हिंसायाम्,653,single_gloss,1,hiMsAyAm,One source gloss; no attempt to invent finer senses within it.,,,,[],01.0652,not_flagged_by_exact_citation_check,,https://raw.githubusercontent.com/ambuda-org/vidyut/f3ba4167d40eebc4b3023d24e66867aa6a8cdb32/vidyut-prakriya/data/dhatupatha.tsv,bb2013ead0ea536dc7f887164c385c703cb0014ccf6e5af35b87e6d3049ba380,
01.0653,1,durvI~,hiMsAyAm,हिंसायाम्,654,single_gloss,1,hiMsAyAm,One source gloss; no attempt to invent finer senses within it.,,,,[],01.0653,not_flagged_by_exact_citation_check,01.0653,https://raw.githubusercontent.com/ambuda-org/vidyut/f3ba4167d40eebc4b3023d24e66867aa6a8cdb32/vidyut-prakriya/data/dhatupatha.tsv,bb2013ead0ea536dc7f887164c385c703cb0014ccf6e5af35b87e6d3049ba380,
01.0654,1,DurvI~,hiMsAyAm,हिंसायाम्,655,single_gloss,1,hiMsAyAm,One source gloss; no attempt to invent finer senses within it.,,,,[],01.0654,not_flagged_by_exact_citation_check,01.0654,https://raw.githubusercontent.com/ambuda-org/vidyut/f3ba4167d40eebc4b3023d24e66867aa6a8cdb32/vidyut-prakriya/data/dhatupatha.tsv,bb2013ead0ea536dc7f887164c385c703cb0014ccf6e5af35b87e6d3049ba380,
01.0655,1,gurvI~,udyamane,उद्यमने,656,single_gloss,1,udyamane,One source gloss; no attempt to invent finer senses within it.,,,,[],01.0655,not_flagged_by_exact_citation_check,01.0655,https://raw.githubusercontent.com/ambuda-org/vidyut/f3ba4167d40eebc4b3023d24e66867aa6a8cdb32/vidyut-prakriya/data/dhatupatha.tsv,bb2013ead0ea536dc7f887164c385c703cb0014ccf6e5af35b87e6d3049ba380,
01.0656,1,murvI~,banDane,बन्धने,657,single_gloss,1,banDane,One source gloss; no attempt to invent finer senses within it.,,,,[],01.0656,not_flagged_by_exact_citation_check,01.0656,https://raw.githubusercontent.com/ambuda-org/vidyut/f3ba4167d40eebc4b3023d24e66867aa6a8cdb32/vidyut-prakriya/data/dhatupatha.tsv,bb2013ead0ea536dc7f887164c385c703cb0014ccf6e5af35b87e6d3049ba380,
01.0657,1,purva~,pUraRe,पूरणे,658,single_gloss,1,pUraRe,One source gloss; no attempt to invent finer senses within it.,,,,[],01.0657,not_flagged_by_exact_citation_check,01.0657,https://raw.githubusercontent.com/ambuda-org/vidyut/f3ba4167d40eebc4b3023d24e66867aa6a8cdb32/vidyut-prakriya/data/dhatupatha.tsv,bb2013ead0ea536dc7f887164c385c703cb0014ccf6e5af35b87e6d3049ba380,
01.0658,1,parva~,pUraRe,पूरणे,659,single_gloss,1,pUraRe,One source gloss; no attempt to invent finer senses within it.,,,,[],01.0658,not_flagged_by_exact_citation_check,01.0658,https://raw.githubusercontent.com/ambuda-org/vidyut/f3ba4167d40eebc4b3023d24e66867aa6a8cdb32/vidyut-prakriya/data/dhatupatha.tsv,bb2013ead0ea536dc7f887164c385c703cb0014ccf6e5af35b87e6d3049ba380,
01.0659,1,marva~,pUraRe,पूरणे,660,single_gloss,1,pUraRe,One source gloss; no attempt to invent finer senses within it.,,,,[],01.0659,not_flagged_by_exact_citation_check,01.0659,https://raw.githubusercontent.com/ambuda-org/vidyut/f3ba4167d40eebc4b3023d24e66867aa6a8cdb32/vidyut-prakriya/data/dhatupatha.tsv,bb2013ead0ea536dc7f887164c385c703cb0014ccf6e5af35b87e6d3049ba380,
01.0660,1,carva~,adane,अदने,661,single_gloss,1,adane,One source gloss; no attempt to invent finer senses within it.,,,,[],01.0660,not_flagged_by_exact_citation_check,01.0660,https://raw.githubusercontent.com/ambuda-org/vidyut/f3ba4167d40eebc4b3023d24e66867aa6a8cdb32/vidyut-prakriya/data/dhatupatha.tsv,bb2013ead0ea536dc7f887164c385c703cb0014ccf6e5af35b87e6d3049ba380,
01.0661,1,Barva~,hiMsAyAm,हिंसायाम्,662,single_gloss,1,hiMsAyAm,One source gloss; no attempt to invent finer senses within it.,,,,[],01.0661,not_flagged_by_exact_citation_check,01.0661,https://raw.githubusercontent.com/ambuda-org/vidyut/f3ba4167d40eebc4b3023d24e66867aa6a8cdb32/vidyut-prakriya/data/dhatupatha.tsv,bb2013ead0ea536dc7f887164c385c703cb0014ccf6e5af35b87e6d3049ba380,
01.0662,1,parza~\,snehane,स्नेहने,663,single_gloss,1,snehane,One source gloss; no attempt to invent finer senses within it.,,,,[],01.0662,not_flagged_by_exact_citation_check,,https://raw.githubusercontent.com/ambuda-org/vidyut/f3ba4167d40eebc4b3023d24e66867aa6a8cdb32/vidyut-prakriya/data/dhatupatha.tsv,bb2013ead0ea536dc7f887164c385c703cb0014ccf6e5af35b87e6d3049ba380,
01.0663,1,bahi~\,vfdDO,वृद्धौ,664,single_gloss,1,vfdDO,One source gloss; no attempt to invent finer senses within it.,,,,[],01.0663,not_flagged_by_exact_citation_check,01.0720,https://raw.githubusercontent.com/ambuda-org/vidyut/f3ba4167d40eebc4b3023d24e66867aa6a8cdb32/vidyut-prakriya/data/dhatupatha.tsv,bb2013ead0ea536dc7f887164c385c703cb0014ccf6e5af35b87e6d3049ba380,
01.0664,1,karva~,darpe,दर्पे,665,single_gloss,1,darpe,One source gloss; no attempt to invent finer senses within it.,,,,[],01.0664,not_flagged_by_exact_citation_check,01.0664,https://raw.githubusercontent.com/ambuda-org/vidyut/f3ba4167d40eebc4b3023d24e66867aa6a8cdb32/vidyut-prakriya/data/dhatupatha.tsv,bb2013ead0ea536dc7f887164c385c703cb0014ccf6e5af35b87e6d3049ba380,
01.0665,1,Karva~,darpe,दर्पे,666,single_gloss,1,darpe,One source gloss; no attempt to invent finer senses within it.,,,,[],01.0665,not_flagged_by_exact_citation_check,01.0665,https://raw.githubusercontent.com/ambuda-org/vidyut/f3ba4167d40eebc4b3023d24e66867aa6a8cdb32/vidyut-prakriya/data/dhatupatha.tsv,bb2013ead0ea536dc7f887164c385c703cb0014ccf6e5af35b87e6d3049ba380,
01.0666,1,garva~,darpe,दर्पे,667,single_gloss,1,darpe,One source gloss; no attempt to invent finer senses within it.,,,,[],01.0666,not_flagged_by_exact_citation_check,01.0666,https://raw.githubusercontent.com/ambuda-org/vidyut/f3ba4167d40eebc4b3023d24e66867aa6a8cdb32/vidyut-prakriya/data/dhatupatha.tsv,bb2013ead0ea536dc7f887164c385c703cb0014ccf6e5af35b87e6d3049ba380,
01.0667,1,arva~,hiMsAyAm,हिंसायाम्,668,single_gloss,1,hiMsAyAm,One source gloss; no attempt to invent finer senses within it.,,,,[],01.0667,not_flagged_by_exact_citation_check,01.0667,https://raw.githubusercontent.com/ambuda-org/vidyut/f3ba4167d40eebc4b3023d24e66867aa6a8cdb32/vidyut-prakriya/data/dhatupatha.tsv,bb2013ead0ea536dc7f887164c385c703cb0014ccf6e5af35b87e6d3049ba380,
01.0668,1,Sarva~,hiMsAyAm,हिंसायाम्,669,single_gloss,1,hiMsAyAm,One source gloss; no attempt to invent finer senses within it.,,,,[],01.0668,not_flagged_by_exact_citation_check,01.0668,https://raw.githubusercontent.com/ambuda-org/vidyut/f3ba4167d40eebc4b3023d24e66867aa6a8cdb32/vidyut-prakriya/data/dhatupatha.tsv,bb2013ead0ea536dc7f887164c385c703cb0014ccf6e5af35b87e6d3049ba380,
01.0669,1,zarva~,hiMsAyAm,हिंसायाम्,670,single_gloss,1,hiMsAyAm,One source gloss; no attempt to invent finer senses within it.,,,,[],01.0669,not_flagged_by_exact_citation_check,01.0669,https://raw.githubusercontent.com/ambuda-org/vidyut/f3ba4167d40eebc4b3023d24e66867aa6a8cdb32/vidyut-prakriya/data/dhatupatha.tsv,bb2013ead0ea536dc7f887164c385c703cb0014ccf6e5af35b87e6d3049ba380,
01.0670,1,ivi~,vyAptO,व्याप्तौ,671,single_gloss,1,vyAptO,One source gloss; no attempt to invent finer senses within it.,,,,[],01.0670,not_flagged_by_exact_citation_check,01.0670,https://raw.githubusercontent.com/ambuda-org/vidyut/f3ba4167d40eebc4b3023d24e66867aa6a8cdb32/vidyut-prakriya/data/dhatupatha.tsv,bb2013ead0ea536dc7f887164c385c703cb0014ccf6e5af35b87e6d3049ba380,
01.0671,1,pivi~,sevane secane ca,सेवने सेचने च,672,enumerated_glosses,2,sevane; secane,Visible enumeration; semantic overlap still belongs to lexical review.,,,,[],01.0671,not_flagged_by_exact_citation_check,01.0671,https://raw.githubusercontent.com/ambuda-org/vidyut/f3ba4167d40eebc4b3023d24e66867aa6a8cdb32/vidyut-prakriya/data/dhatupatha.tsv,bb2013ead0ea536dc7f887164c385c703cb0014ccf6e5af35b87e6d3049ba380,
01.0672,1,mivi~,sevane secane saMsrane ca,सेवने सेचने संस्रने च,673,enumerated_glosses,3,sevane; secane; saMsrane,Visible enumeration; semantic overlap still belongs to lexical review.,,,,[],01.0672,not_flagged_by_exact_citation_check,01.0672,https://raw.githubusercontent.com/ambuda-org/vidyut/f3ba4167d40eebc4b3023d24e66867aa6a8cdb32/vidyut-prakriya/data/dhatupatha.tsv,bb2013ead0ea536dc7f887164c385c703cb0014ccf6e5af35b87e6d3049ba380,
01.0673,1,Rivi~,sevane secane saMsrane ca,सेवने सेचने संस्रने च,674,enumerated_glosses,3,sevane; secane; saMsrane,Visible enumeration; semantic overlap still belongs to lexical review.,,,,[],01.0673,not_flagged_by_exact_citation_check,01.0673,https://raw.githubusercontent.com/ambuda-org/vidyut/f3ba4167d40eebc4b3023d24e66867aa6a8cdb32/vidyut-prakriya/data/dhatupatha.tsv,bb2013ead0ea536dc7f887164c385c703cb0014ccf6e5af35b87e6d3049ba380,
01.0674,1,zivi~,sevane secane ca,सेवने सेचने च,675,enumerated_glosses,2,sevane; secane,Visible enumeration; semantic overlap still belongs to lexical review.,,,,[],01.0674,not_flagged_by_exact_citation_check,01.0674,https://raw.githubusercontent.com/ambuda-org/vidyut/f3ba4167d40eebc4b3023d24e66867aa6a8cdb32/vidyut-prakriya/data/dhatupatha.tsv,bb2013ead0ea536dc7f887164c385c703cb0014ccf6e5af35b87e6d3049ba380,
01.0675,1,hivi~,prIRane,प्रीणने,676,single_gloss,1,prIRane,One source gloss; no attempt to invent finer senses within it.,,,,[],01.0675,not_flagged_by_exact_citation_check,01.0675,https://raw.githubusercontent.com/ambuda-org/vidyut/f3ba4167d40eebc4b3023d24e66867aa6a8cdb32/vidyut-prakriya/data/dhatupatha.tsv,bb2013ead0ea536dc7f887164c385c703cb0014ccf6e5af35b87e6d3049ba380,
01.0676,1,divi~,prIRane,प्रीणने,677,single_gloss,1,prIRane,One source gloss; no attempt to invent finer senses within it.,,,,[],01.0676,not_flagged_by_exact_citation_check,01.0676,https://raw.githubusercontent.com/ambuda-org/vidyut/f3ba4167d40eebc4b3023d24e66867aa6a8cdb32/vidyut-prakriya/data/dhatupatha.tsv,bb2013ead0ea536dc7f887164c385c703cb0014ccf6e5af35b87e6d3049ba380,
01.0677,1,Divi~,prIRane,प्रीणने,678,single_gloss,1,prIRane,One source gloss; no attempt to invent finer senses within it.,,,,[],01.0677,not_flagged_by_exact_citation_check,01.0677,https://raw.githubusercontent.com/ambuda-org/vidyut/f3ba4167d40eebc4b3023d24e66867aa6a8cdb32/vidyut-prakriya/data/dhatupatha.tsv,bb2013ead0ea536dc7f887164c385c703cb0014ccf6e5af35b87e6d3049ba380,
01.0678,1,jivi~,prIRane,प्रीणने,679,single_gloss,1,prIRane,One source gloss; no attempt to invent finer senses within it.,,,,[],01.0678,not_flagged_by_exact_citation_check,01.0678,https://raw.githubusercontent.com/ambuda-org/vidyut/f3ba4167d40eebc4b3023d24e66867aa6a8cdb32/vidyut-prakriya/data/dhatupatha.tsv,bb2013ead0ea536dc7f887164c385c703cb0014ccf6e5af35b87e6d3049ba380,
01.0679,1,rivi~,gatO,गतौ,680,single_gloss,1,gatO,One source gloss; no attempt to invent finer senses within it.,,,,[],01.0679,not_flagged_by_exact_citation_check,01.0679,https://raw.githubusercontent.com/ambuda-org/vidyut/f3ba4167d40eebc4b3023d24e66867aa6a8cdb32/vidyut-prakriya/data/dhatupatha.tsv,bb2013ead0ea536dc7f887164c385c703cb0014ccf6e5af35b87e6d3049ba380,
01.0680,1,ravi~,gatO,गतौ,681,single_gloss,1,gatO,One source gloss; no attempt to invent finer senses within it.,,,,[],01.0680,not_flagged_by_exact_citation_check,01.0680,https://raw.githubusercontent.com/ambuda-org/vidyut/f3ba4167d40eebc4b3023d24e66867aa6a8cdb32/vidyut-prakriya/data/dhatupatha.tsv,bb2013ead0ea536dc7f887164c385c703cb0014ccf6e5af35b87e6d3049ba380,
01.0681,1,Davi~,gatO,गतौ,682,single_gloss,1,gatO,One source gloss; no attempt to invent finer senses within it.,,,,[],01.0681,not_flagged_by_exact_citation_check,01.0681,https://raw.githubusercontent.com/ambuda-org/vidyut/f3ba4167d40eebc4b3023d24e66867aa6a8cdb32/vidyut-prakriya/data/dhatupatha.tsv,bb2013ead0ea536dc7f887164c385c703cb0014ccf6e5af35b87e6d3049ba380,
01.0682,1,kfvi~,gatO hiMsAkaraRayoSca,गतौ हिंसाकरणयोश्च,683,enumerated_glosses,3,gatO; hiMsAyAm; karaRe,Explicit analyst segmentation; retain the original compound for review.,,,,[],01.0682,not_flagged_by_exact_citation_check,01.0682,https://raw.githubusercontent.com/ambuda-org/vidyut/f3ba4167d40eebc4b3023d24e66867aa6a8cdb32/vidyut-prakriya/data/dhatupatha.tsv,bb2013ead0ea536dc7f887164c385c703cb0014ccf6e5af35b87e6d3049ba380,
01.0683,1,mava~,banDane,बन्धने,684,single_gloss,1,banDane,One source gloss; no attempt to invent finer senses within it.,,,,[],01.0683,not_flagged_by_exact_citation_check,01.0683,https://raw.githubusercontent.com/ambuda-org/vidyut/f3ba4167d40eebc4b3023d24e66867aa6a8cdb32/vidyut-prakriya/data/dhatupatha.tsv,bb2013ead0ea536dc7f887164c385c703cb0014ccf6e5af35b87e6d3049ba380,
01.0684,1,ava~,rakzaRagatikAntiprItitfptyavagamapraveSaSravaRasvAmyarTayAcanakriyecCAdIptyavAptyAliNganahiMsAdAnaBAgavfdDizu,रक्षणगतिकान्तिप्रीतितृप्त्यवगमप्रवेशश्रवणस्वाम्यर्थयाचनक्रियेच्छादीप्त्यवाप्त्यालिङ्गनहिंसादानभागवृद्धिषु,685,enumerated_glosses,19,rakzaRe; gatO; kAntO; prItO; tfptO; avagame; praveSe; SravaRe; svAmyarTe; yAcane; kriyAyAm; icCAyAm; dIptO; avAptO; AliNgane; hiMsAyAm; dAne; BAge; vfdDO,"Nineteen source-listed meanings. Svamyartha is one member, not svamya plus artha. This resolves segmentation; relationships among the broad senses still belong to lexical review.",,MR07,,"[{""filename"": ""dhatu-mA360.html"", ""url"": ""https://sanskrit.uohyd.ac.in/scl/dhaatupaatha/files/mA360.html"", ""accessed_utc"": ""2026-09-12T14:06:57.719193+00:00"", ""sha256"": ""15aaf9b3826aa135f6cfd7a86df9a840139d328636f735393617922cbefc82da"", ""bytes"": 2530}]",01.0684,not_flagged_by_exact_citation_check,01.0684,https://raw.githubusercontent.com/ambuda-org/vidyut/f3ba4167d40eebc4b3023d24e66867aa6a8cdb32/vidyut-prakriya/data/dhatupatha.tsv,bb2013ead0ea536dc7f887164c385c703cb0014ccf6e5af35b87e6d3049ba380,
01.0685,1,DAvu~^,gatiSudDyoH,गतिशुद्ध्योः,686,enumerated_glosses,2,gatO; SudDO,Explicit analyst segmentation; retain the original compound for review.,,,,[],01.0685,not_flagged_by_exact_citation_check,01.0685,https://raw.githubusercontent.com/ambuda-org/vidyut/f3ba4167d40eebc4b3023d24e66867aa6a8cdb32/vidyut-prakriya/data/dhatupatha.tsv,bb2013ead0ea536dc7f887164c385c703cb0014ccf6e5af35b87e6d3049ba380,
01.0686,1,Dukza~\,sandIpanakleSanajIvanezu,सन्दीपनक्लेशनजीवनेषु,687,enumerated_glosses,3,sandIpane; kleSane; jIvane,Explicit analyst segmentation; retain the original compound for review.,,,,[],01.0686,not_flagged_by_exact_citation_check,01.0686,https://raw.githubusercontent.com/ambuda-org/vidyut/f3ba4167d40eebc4b3023d24e66867aa6a8cdb32/vidyut-prakriya/data/dhatupatha.tsv,bb2013ead0ea536dc7f887164c385c703cb0014ccf6e5af35b87e6d3049ba380,
01.0687,1,Dikza~\,sandIpanakleSanajIvanezu,सन्दीपनक्लेशनजीवनेषु,688,enumerated_glosses,3,sandIpane; kleSane; jIvane,Explicit analyst segmentation; retain the original compound for review.,,,,[],01.0687,not_flagged_by_exact_citation_check,01.0687,https://raw.githubusercontent.com/ambuda-org/vidyut/f3ba4167d40eebc4b3023d24e66867aa6a8cdb32/vidyut-prakriya/data/dhatupatha.tsv,bb2013ead0ea536dc7f887164c385c703cb0014ccf6e5af35b87e6d3049ba380,
01.0688,1,vfkza~\,varaRe,वरणे,689,single_gloss,1,varaRe,One source gloss; no attempt to invent finer senses within it.,,,,[],01.0688,not_flagged_by_exact_citation_check,01.0688,https://raw.githubusercontent.com/ambuda-org/vidyut/f3ba4167d40eebc4b3023d24e66867aa6a8cdb32/vidyut-prakriya/data/dhatupatha.tsv,bb2013ead0ea536dc7f887164c385c703cb0014ccf6e5af35b87e6d3049ba380,
01.0689,1,Sikza~\,vidyopAdAne,विद्योपादाने,690,single_gloss,1,vidyopAdAne,One source gloss; no attempt to invent finer senses within it.,,,,[],01.0689,not_flagged_by_exact_citation_check,01.0689,https://raw.githubusercontent.com/ambuda-org/vidyut/f3ba4167d40eebc4b3023d24e66867aa6a8cdb32/vidyut-prakriya/data/dhatupatha.tsv,bb2013ead0ea536dc7f887164c385c703cb0014ccf6e5af35b87e6d3049ba380,
01.0690,1,Bikza~\,BikzAyAmalABe lABe ca,भिक्षायामलाभे लाभे च,691,enumerated_glosses,3,BikzAyAm; alABe; lABe,"The commentary separates begging, non-attainment, and attainment. The source does not treat the whole phrase as a single qualification of begging.",,MR08,,"[{""filename"": ""dhatu-mA365.html"", ""url"": ""https://sanskrit.uohyd.ac.in/scl/dhaatupaatha/files/mA365.html"", ""accessed_utc"": ""2026-09-12T14:06:57.926897+00:00"", ""sha256"": ""4aec06d7ce4ac6c02842cdaeef2b9f07c76c83324e9e33a9825a14115e4c3970"", ""bytes"": 2032}]",01.0690,not_flagged_by_exact_citation_check,01.0690,https://raw.githubusercontent.com/ambuda-org/vidyut/f3ba4167d40eebc4b3023d24e66867aa6a8cdb32/vidyut-prakriya/data/dhatupatha.tsv,bb2013ead0ea536dc7f887164c385c703cb0014ccf6e5af35b87e6d3049ba380,
01.0691,1,kleSa~\,avyaktAyAM vAci,अव्यक्तायां वाचि,692,single_gloss,1,avyaktAyAM vAci,"A qualified phrase, not one meaning per word.",,,,[],01.0691,not_flagged_by_exact_citation_check,01.0691,https://raw.githubusercontent.com/ambuda-org/vidyut/f3ba4167d40eebc4b3023d24e66867aa6a8cdb32/vidyut-prakriya/data/dhatupatha.tsv,bb2013ead0ea536dc7f887164c385c703cb0014ccf6e5af35b87e6d3049ba380,
01.0692,1,dakza~\,vfdDO SIGrArTe ca,वृद्धौ शीघ्रार्थे च,693,enumerated_glosses,2,vfdDO; SIGrArTe,Visible enumeration; semantic overlap still belongs to lexical review.,,,,[],01.0692,merge_shared_meanings,01.0692,https://raw.githubusercontent.com/ambuda-org/vidyut/f3ba4167d40eebc4b3023d24e66867aa6a8cdb32/vidyut-prakriya/data/dhatupatha.tsv,bb2013ead0ea536dc7f887164c385c703cb0014ccf6e5af35b87e6d3049ba380,IR57
01.0693,1,dIkza~\,mORqyejyopanayananiyamavratAdeSezu,मौण्ड्येज्योपनयननियमव्रतादेशेषु,694,enumerated_glosses,5,mORqye; ijyAyAm; upanayane; niyame; vratAdeSe,Five members. Vratadesha remains one member; do not split every noun inside the compound.,,MR09,,"[{""filename"": ""dhatu-mA368.html"", ""url"": ""https://sanskrit.uohyd.ac.in/scl/dhaatupaatha/files/mA368.html"", ""accessed_utc"": ""2026-09-12T14:06:58.128247+00:00"", ""sha256"": ""349a58641eb876587817af7abc29169d4d8399bb32650a416167d17bec077b56"", ""bytes"": 734}]",01.0693,not_flagged_by_exact_citation_check,01.0693,https://raw.githubusercontent.com/ambuda-org/vidyut/f3ba4167d40eebc4b3023d24e66867aa6a8cdb32/vidyut-prakriya/data/dhatupatha.tsv,bb2013ead0ea536dc7f887164c385c703cb0014ccf6e5af35b87e6d3049ba380,
01.0694,1,Ikza~\,darSane,दर्शने,695,single_gloss,1,darSane,One source gloss; no attempt to invent finer senses within it.,,,,[],01.0694,not_flagged_by_exact_citation_check,01.0694,https://raw.githubusercontent.com/ambuda-org/vidyut/f3ba4167d40eebc4b3023d24e66867aa6a8cdb32/vidyut-prakriya/data/dhatupatha.tsv,bb2013ead0ea536dc7f887164c385c703cb0014ccf6e5af35b87e6d3049ba380,
01.0695,1,Iza~\,gatihiMsAdarSanezu,गतिहिंसादर्शनेषु,696,enumerated_glosses,3,gatO; hiMsAyAm; darSane,Explicit analyst segmentation; retain the original compound for review.,,,,[],01.0695,not_flagged_by_exact_citation_check,01.0695,https://raw.githubusercontent.com/ambuda-org/vidyut/f3ba4167d40eebc4b3023d24e66867aa6a8cdb32/vidyut-prakriya/data/dhatupatha.tsv,bb2013ead0ea536dc7f887164c385c703cb0014ccf6e5af35b87e6d3049ba380,
01.0696,1,BAza~\,vyaktAyAM vAci,व्यक्तायां वाचि,697,single_gloss,1,vyaktAyAM vAci,"A qualified phrase, not one meaning per word.",,,,[],01.0696,not_flagged_by_exact_citation_check,01.0696,https://raw.githubusercontent.com/ambuda-org/vidyut/f3ba4167d40eebc4b3023d24e66867aa6a8cdb32/vidyut-prakriya/data/dhatupatha.tsv,bb2013ead0ea536dc7f887164c385c703cb0014ccf6e5af35b87e6d3049ba380,
01.0697,1,varza~\,snehane,स्नेहने,698,single_gloss,1,snehane,One source gloss; no attempt to invent finer senses within it.,,,,[],01.0697,not_flagged_by_exact_citation_check,01.0697,https://raw.githubusercontent.com/ambuda-org/vidyut/f3ba4167d40eebc4b3023d24e66867aa6a8cdb32/vidyut-prakriya/data/dhatupatha.tsv,bb2013ead0ea536dc7f887164c385c703cb0014ccf6e5af35b87e6d3049ba380,
01.0698,1,gezf~\,anvicCAyAm,अन्विच्छायाम्,699,single_gloss,1,anvicCAyAm,One source gloss; no attempt to invent finer senses within it.,,,,[],01.0698,not_flagged_by_exact_citation_check,01.0698,https://raw.githubusercontent.com/ambuda-org/vidyut/f3ba4167d40eebc4b3023d24e66867aa6a8cdb32/vidyut-prakriya/data/dhatupatha.tsv,bb2013ead0ea536dc7f887164c385c703cb0014ccf6e5af35b87e6d3049ba380,
01.0699,1,glezf~\,anvicCAyAm,अन्विच्छायाम्,700,single_gloss,1,anvicCAyAm,One source gloss; no attempt to invent finer senses within it.,,,,[],01.0699,not_flagged_by_exact_citation_check,,https://raw.githubusercontent.com/ambuda-org/vidyut/f3ba4167d40eebc4b3023d24e66867aa6a8cdb32/vidyut-prakriya/data/dhatupatha.tsv,bb2013ead0ea536dc7f887164c385c703cb0014ccf6e5af35b87e6d3049ba380,
01.0700,1,pezf~\,prayatne,प्रयत्ने,701,single_gloss,1,prayatne,One source gloss; no attempt to invent finer senses within it.,,,,[],01.0700,not_flagged_by_exact_citation_check,01.0700,https://raw.githubusercontent.com/ambuda-org/vidyut/f3ba4167d40eebc4b3023d24e66867aa6a8cdb32/vidyut-prakriya/data/dhatupatha.tsv,bb2013ead0ea536dc7f887164c385c703cb0014ccf6e5af35b87e6d3049ba380,
01.0701,1,ezf~\,prayatne,प्रयत्ने,702,single_gloss,1,prayatne,One source gloss; no attempt to invent finer senses within it.,,,,[],01.0701,retain_distinct_meanings,01.0701,https://raw.githubusercontent.com/ambuda-org/vidyut/f3ba4167d40eebc4b3023d24e66867aa6a8cdb32/vidyut-prakriya/data/dhatupatha.tsv,bb2013ead0ea536dc7f887164c385c703cb0014ccf6e5af35b87e6d3049ba380,IR63
01.0702,1,yezf~\,prayatne,प्रयत्ने,703,single_gloss,1,prayatne,One source gloss; no attempt to invent finer senses within it.,,,,[],01.0702,not_flagged_by_exact_citation_check,01.0702,https://raw.githubusercontent.com/ambuda-org/vidyut/f3ba4167d40eebc4b3023d24e66867aa6a8cdb32/vidyut-prakriya/data/dhatupatha.tsv,bb2013ead0ea536dc7f887164c385c703cb0014ccf6e5af35b87e6d3049ba380,
01.0703,1,jezf~\,gatO,गतौ,704,single_gloss,1,gatO,One source gloss; no attempt to invent finer senses within it.,,,,[],01.0703,not_flagged_by_exact_citation_check,01.0703,https://raw.githubusercontent.com/ambuda-org/vidyut/f3ba4167d40eebc4b3023d24e66867aa6a8cdb32/vidyut-prakriya/data/dhatupatha.tsv,bb2013ead0ea536dc7f887164c385c703cb0014ccf6e5af35b87e6d3049ba380,
01.0704,1,Rezf~\,gatO,गतौ,705,single_gloss,1,gatO,One source gloss; no attempt to invent finer senses within it.,,,,[],01.0704,not_flagged_by_exact_citation_check,01.0704,https://raw.githubusercontent.com/ambuda-org/vidyut/f3ba4167d40eebc4b3023d24e66867aa6a8cdb32/vidyut-prakriya/data/dhatupatha.tsv,bb2013ead0ea536dc7f887164c385c703cb0014ccf6e5af35b87e6d3049ba380,
01.0705,1,ezf~\,gatO,गतौ,706,single_gloss,1,gatO,One source gloss; no attempt to invent finer senses within it.,,,,[],01.0705,retain_distinct_meanings,01.0705,https://raw.githubusercontent.com/ambuda-org/vidyut/f3ba4167d40eebc4b3023d24e66867aa6a8cdb32/vidyut-prakriya/data/dhatupatha.tsv,bb2013ead0ea536dc7f887164c385c703cb0014ccf6e5af35b87e6d3049ba380,IR63
01.0706,1,prezf~\,gatO,गतौ,707,single_gloss,1,gatO,One source gloss; no attempt to invent finer senses within it.,,,,[],01.0706,not_flagged_by_exact_citation_check,01.0706,https://raw.githubusercontent.com/ambuda-org/vidyut/f3ba4167d40eebc4b3023d24e66867aa6a8cdb32/vidyut-prakriya/data/dhatupatha.tsv,bb2013ead0ea536dc7f887164c385c703cb0014ccf6e5af35b87e6d3049ba380,
01.0707,1,rezf~\,avyakte Sabde,अव्यक्ते शब्दे,708,single_gloss,1,avyakte Sabde,"A qualified phrase, not one meaning per word.",,,,[],01.0707,not_flagged_by_exact_citation_check,01.0707,https://raw.githubusercontent.com/ambuda-org/vidyut/f3ba4167d40eebc4b3023d24e66867aa6a8cdb32/vidyut-prakriya/data/dhatupatha.tsv,bb2013ead0ea536dc7f887164c385c703cb0014ccf6e5af35b87e6d3049ba380,
01.0708,1,hezf~\,avyakte Sabde,अव्यक्ते शब्दे,709,single_gloss,1,avyakte Sabde,"A qualified phrase, not one meaning per word.",,,,[],01.0708,not_flagged_by_exact_citation_check,01.0708,https://raw.githubusercontent.com/ambuda-org/vidyut/f3ba4167d40eebc4b3023d24e66867aa6a8cdb32/vidyut-prakriya/data/dhatupatha.tsv,bb2013ead0ea536dc7f887164c385c703cb0014ccf6e5af35b87e6d3049ba380,
01.0709,1,hrezf~\,avyakte Sabde,अव्यक्ते शब्दे,710,single_gloss,1,avyakte Sabde,"A qualified phrase, not one meaning per word.",,,,[],01.0709,not_flagged_by_exact_citation_check,01.0709,https://raw.githubusercontent.com/ambuda-org/vidyut/f3ba4167d40eebc4b3023d24e66867aa6a8cdb32/vidyut-prakriya/data/dhatupatha.tsv,bb2013ead0ea536dc7f887164c385c703cb0014ccf6e5af35b87e6d3049ba380,
01.0710,1,kAsf~\,SabdakutsAyAm,शब्दकुत्सायाम्,711,single_gloss,1,SabdakutsAyAm,One source gloss; no attempt to invent finer senses within it.,,,,[],01.0710,not_flagged_by_exact_citation_check,01.0710,https://raw.githubusercontent.com/ambuda-org/vidyut/f3ba4167d40eebc4b3023d24e66867aa6a8cdb32/vidyut-prakriya/data/dhatupatha.tsv,bb2013ead0ea536dc7f887164c385c703cb0014ccf6e5af35b87e6d3049ba380,
01.0711,1,BAsf~\,dIptO,दीप्तौ,712,single_gloss,1,dIptO,One source gloss; no attempt to invent finer senses within it.,,,,[],01.0711,not_flagged_by_exact_citation_check,01.0711,https://raw.githubusercontent.com/ambuda-org/vidyut/f3ba4167d40eebc4b3023d24e66867aa6a8cdb32/vidyut-prakriya/data/dhatupatha.tsv,bb2013ead0ea536dc7f887164c385c703cb0014ccf6e5af35b87e6d3049ba380,
01.0712,1,RAsf~\,Sabde,शब्दे,713,single_gloss,1,Sabde,One source gloss; no attempt to invent finer senses within it.,,,,[],01.0712,not_flagged_by_exact_citation_check,01.0712,https://raw.githubusercontent.com/ambuda-org/vidyut/f3ba4167d40eebc4b3023d24e66867aa6a8cdb32/vidyut-prakriya/data/dhatupatha.tsv,bb2013ead0ea536dc7f887164c385c703cb0014ccf6e5af35b87e6d3049ba380,
01.0713,1,rAsf~\,Sabde,शब्दे,714,single_gloss,1,Sabde,One source gloss; no attempt to invent finer senses within it.,,,,[],01.0713,not_flagged_by_exact_citation_check,01.0713,https://raw.githubusercontent.com/ambuda-org/vidyut/f3ba4167d40eebc4b3023d24e66867aa6a8cdb32/vidyut-prakriya/data/dhatupatha.tsv,bb2013ead0ea536dc7f887164c385c703cb0014ccf6e5af35b87e6d3049ba380,
01.0714,1,Rasa~\,kOwilye,कौटिल्ये,715,single_gloss,1,kOwilye,One source gloss; no attempt to invent finer senses within it.,,,,[],01.0714,not_flagged_by_exact_citation_check,01.0714,https://raw.githubusercontent.com/ambuda-org/vidyut/f3ba4167d40eebc4b3023d24e66867aa6a8cdb32/vidyut-prakriya/data/dhatupatha.tsv,bb2013ead0ea536dc7f887164c385c703cb0014ccf6e5af35b87e6d3049ba380,
01.0715,1,Byasa~\,Baye,भये,716,single_gloss,1,Baye,One source gloss; no attempt to invent finer senses within it.,,,,[],01.0715,not_flagged_by_exact_citation_check,01.0715,https://raw.githubusercontent.com/ambuda-org/vidyut/f3ba4167d40eebc4b3023d24e66867aa6a8cdb32/vidyut-prakriya/data/dhatupatha.tsv,bb2013ead0ea536dc7f887164c385c703cb0014ccf6e5af35b87e6d3049ba380,
01.0716,1,Sasi~\,icCAyAm,इच्छायाम्,717,single_gloss,1,icCAyAm,One source gloss; no attempt to invent finer senses within it.,,,,[],01.0716,not_flagged_by_exact_citation_check,,https://raw.githubusercontent.com/ambuda-org/vidyut/f3ba4167d40eebc4b3023d24e66867aa6a8cdb32/vidyut-prakriya/data/dhatupatha.tsv,bb2013ead0ea536dc7f887164c385c703cb0014ccf6e5af35b87e6d3049ba380,
01.0717,1,grasu~\,adane,अदने,718,single_gloss,1,adane,One source gloss; no attempt to invent finer senses within it.,,,,[],01.0717,not_flagged_by_exact_citation_check,01.0717,https://raw.githubusercontent.com/ambuda-org/vidyut/f3ba4167d40eebc4b3023d24e66867aa6a8cdb32/vidyut-prakriya/data/dhatupatha.tsv,bb2013ead0ea536dc7f887164c385c703cb0014ccf6e5af35b87e6d3049ba380,
01.0718,1,glasu~\,adane,अदने,719,single_gloss,1,adane,One source gloss; no attempt to invent finer senses within it.,,,,[],01.0718,not_flagged_by_exact_citation_check,01.0718,https://raw.githubusercontent.com/ambuda-org/vidyut/f3ba4167d40eebc4b3023d24e66867aa6a8cdb32/vidyut-prakriya/data/dhatupatha.tsv,bb2013ead0ea536dc7f887164c385c703cb0014ccf6e5af35b87e6d3049ba380,
01.0719,1,Iha~\,cezwAyAm,चेष्टायाम्,720,single_gloss,1,cezwAyAm,One source gloss; no attempt to invent finer senses within it.,,,,[],01.0719,not_flagged_by_exact_citation_check,01.0719,https://raw.githubusercontent.com/ambuda-org/vidyut/f3ba4167d40eebc4b3023d24e66867aa6a8cdb32/vidyut-prakriya/data/dhatupatha.tsv,bb2013ead0ea536dc7f887164c385c703cb0014ccf6e5af35b87e6d3049ba380,
01.0720,1,vahi~\,vfdDO,वृद्धौ,721,single_gloss,1,vfdDO,One source gloss; no attempt to invent finer senses within it.,,,,[],01.0720,not_flagged_by_exact_citation_check,,https://raw.githubusercontent.com/ambuda-org/vidyut/f3ba4167d40eebc4b3023d24e66867aa6a8cdb32/vidyut-prakriya/data/dhatupatha.tsv,bb2013ead0ea536dc7f887164c385c703cb0014ccf6e5af35b87e6d3049ba380,
01.0721,1,mahi~\,vfdDO,वृद्धौ,722,single_gloss,1,vfdDO,One source gloss; no attempt to invent finer senses within it.,,,,[],01.0721,not_flagged_by_exact_citation_check,01.0721,https://raw.githubusercontent.com/ambuda-org/vidyut/f3ba4167d40eebc4b3023d24e66867aa6a8cdb32/vidyut-prakriya/data/dhatupatha.tsv,bb2013ead0ea536dc7f887164c385c703cb0014ccf6e5af35b87e6d3049ba380,
01.0722,1,ahi~\,gatO,गतौ,723,single_gloss,1,gatO,One source gloss; no attempt to invent finer senses within it.,,,,[],01.0722,not_flagged_by_exact_citation_check,01.0722,https://raw.githubusercontent.com/ambuda-org/vidyut/f3ba4167d40eebc4b3023d24e66867aa6a8cdb32/vidyut-prakriya/data/dhatupatha.tsv,bb2013ead0ea536dc7f887164c385c703cb0014ccf6e5af35b87e6d3049ba380,
01.0723,1,garha~\,kutsAyAm,कुत्सायाम्,724,single_gloss,1,kutsAyAm,One source gloss; no attempt to invent finer senses within it.,,,,[],01.0723,not_flagged_by_exact_citation_check,01.0723,https://raw.githubusercontent.com/ambuda-org/vidyut/f3ba4167d40eebc4b3023d24e66867aa6a8cdb32/vidyut-prakriya/data/dhatupatha.tsv,bb2013ead0ea536dc7f887164c385c703cb0014ccf6e5af35b87e6d3049ba380,
01.0724,1,galha~\,kutsAyAm,कुत्सायाम्,725,single_gloss,1,kutsAyAm,One source gloss; no attempt to invent finer senses within it.,,,,[],01.0724,not_flagged_by_exact_citation_check,01.0724,https://raw.githubusercontent.com/ambuda-org/vidyut/f3ba4167d40eebc4b3023d24e66867aa6a8cdb32/vidyut-prakriya/data/dhatupatha.tsv,bb2013ead0ea536dc7f887164c385c703cb0014ccf6e5af35b87e6d3049ba380,
01.0725,1,barha~\,prADAnye,प्राधान्ये,726,single_gloss,1,prADAnye,One source gloss; no attempt to invent finer senses within it.,,,,[],01.0725,not_flagged_by_exact_citation_check,01.0725,https://raw.githubusercontent.com/ambuda-org/vidyut/f3ba4167d40eebc4b3023d24e66867aa6a8cdb32/vidyut-prakriya/data/dhatupatha.tsv,bb2013ead0ea536dc7f887164c385c703cb0014ccf6e5af35b87e6d3049ba380,
01.0726,1,balha~\,prADAnye,प्राधान्ये,727,single_gloss,1,prADAnye,One source gloss; no attempt to invent finer senses within it.,,,,[],01.0726,not_flagged_by_exact_citation_check,01.0726,https://raw.githubusercontent.com/ambuda-org/vidyut/f3ba4167d40eebc4b3023d24e66867aa6a8cdb32/vidyut-prakriya/data/dhatupatha.tsv,bb2013ead0ea536dc7f887164c385c703cb0014ccf6e5af35b87e6d3049ba380,
01.0727,1,varha~\,pariBAzaRahiMsAcCAdanezu,परिभाषणहिंसाच्छादनेषु,728,enumerated_glosses,3,pariBAzaRe; hiMsAyAm; AcCAdane,Explicit analyst segmentation; retain the original compound for review.,,,,[],01.0727,not_flagged_by_exact_citation_check,01.0727,https://raw.githubusercontent.com/ambuda-org/vidyut/f3ba4167d40eebc4b3023d24e66867aa6a8cdb32/vidyut-prakriya/data/dhatupatha.tsv,bb2013ead0ea536dc7f887164c385c703cb0014ccf6e5af35b87e6d3049ba380,
01.0728,1,valha~\,pariBAzaRahiMsAcCAdanezu,परिभाषणहिंसाच्छादनेषु,729,enumerated_glosses,3,pariBAzaRe; hiMsAyAm; AcCAdane,Explicit analyst segmentation; retain the original compound for review.,,,,[],01.0728,not_flagged_by_exact_citation_check,01.0728,https://raw.githubusercontent.com/ambuda-org/vidyut/f3ba4167d40eebc4b3023d24e66867aa6a8cdb32/vidyut-prakriya/data/dhatupatha.tsv,bb2013ead0ea536dc7f887164c385c703cb0014ccf6e5af35b87e6d3049ba380,
01.0729,1,pliha~\,gatO,गतौ,730,single_gloss,1,gatO,One source gloss; no attempt to invent finer senses within it.,,,,[],01.0729,not_flagged_by_exact_citation_check,01.0729,https://raw.githubusercontent.com/ambuda-org/vidyut/f3ba4167d40eebc4b3023d24e66867aa6a8cdb32/vidyut-prakriya/data/dhatupatha.tsv,bb2013ead0ea536dc7f887164c385c703cb0014ccf6e5af35b87e6d3049ba380,
01.0730,1,vehf~\,prayatne,प्रयत्ने,731,single_gloss,1,prayatne,One source gloss; no attempt to invent finer senses within it.,,,,[],01.0730,not_flagged_by_exact_citation_check,01.0730,https://raw.githubusercontent.com/ambuda-org/vidyut/f3ba4167d40eebc4b3023d24e66867aa6a8cdb32/vidyut-prakriya/data/dhatupatha.tsv,bb2013ead0ea536dc7f887164c385c703cb0014ccf6e5af35b87e6d3049ba380,
01.0731,1,jehf~\,prayatne gatO ca,प्रयत्ने गतौ च,732,enumerated_glosses,2,prayatne; gatO,Visible enumeration; semantic overlap still belongs to lexical review.,,,,[],01.0731,not_flagged_by_exact_citation_check,01.0731,https://raw.githubusercontent.com/ambuda-org/vidyut/f3ba4167d40eebc4b3023d24e66867aa6a8cdb32/vidyut-prakriya/data/dhatupatha.tsv,bb2013ead0ea536dc7f887164c385c703cb0014ccf6e5af35b87e6d3049ba380,
01.0732,1,bAhf~\,prayatne,प्रयत्ने,733,single_gloss,1,prayatne,One source gloss; no attempt to invent finer senses within it.,,,,[],01.0732,not_flagged_by_exact_citation_check,01.0732,https://raw.githubusercontent.com/ambuda-org/vidyut/f3ba4167d40eebc4b3023d24e66867aa6a8cdb32/vidyut-prakriya/data/dhatupatha.tsv,bb2013ead0ea536dc7f887164c385c703cb0014ccf6e5af35b87e6d3049ba380,
01.0733,1,drAhf~\,nidrAkzaye nikzepe ca,निद्राक्षये निक्षेपे च,734,enumerated_glosses,2,nidrAkzaye; nikzepe,Visible enumeration; semantic overlap still belongs to lexical review.,,,,[],01.0733,not_flagged_by_exact_citation_check,01.0733,https://raw.githubusercontent.com/ambuda-org/vidyut/f3ba4167d40eebc4b3023d24e66867aa6a8cdb32/vidyut-prakriya/data/dhatupatha.tsv,bb2013ead0ea536dc7f887164c385c703cb0014ccf6e5af35b87e6d3049ba380,
01.0734,1,kASf~\,dIptO,दीप्तौ,735,single_gloss,1,dIptO,One source gloss; no attempt to invent finer senses within it.,,,,[],01.0734,merge_shared_meanings,01.0734,https://raw.githubusercontent.com/ambuda-org/vidyut/f3ba4167d40eebc4b3023d24e66867aa6a8cdb32/vidyut-prakriya/data/dhatupatha.tsv,bb2013ead0ea536dc7f887164c385c703cb0014ccf6e5af35b87e6d3049ba380,IR90
01.0735,1,Uha~\,vitarke,वितर्के,736,single_gloss,1,vitarke,One source gloss; no attempt to invent finer senses within it.,,,,[],01.0735,not_flagged_by_exact_citation_check,01.0735,https://raw.githubusercontent.com/ambuda-org/vidyut/f3ba4167d40eebc4b3023d24e66867aa6a8cdb32/vidyut-prakriya/data/dhatupatha.tsv,bb2013ead0ea536dc7f887164c385c703cb0014ccf6e5af35b87e6d3049ba380,
01.0736,1,gAhU~\,viloqane,विलोडने,737,single_gloss,1,viloqane,One source gloss; no attempt to invent finer senses within it.,,,,[],01.0736,not_flagged_by_exact_citation_check,01.0736,https://raw.githubusercontent.com/ambuda-org/vidyut/f3ba4167d40eebc4b3023d24e66867aa6a8cdb32/vidyut-prakriya/data/dhatupatha.tsv,bb2013ead0ea536dc7f887164c385c703cb0014ccf6e5af35b87e6d3049ba380,
01.0737,1,gfhU~\,grahaRe,ग्रहणे,738,single_gloss,1,grahaRe,One source gloss; no attempt to invent finer senses within it.,,,,[],01.0737,not_flagged_by_exact_citation_check,01.0737,https://raw.githubusercontent.com/ambuda-org/vidyut/f3ba4167d40eebc4b3023d24e66867aa6a8cdb32/vidyut-prakriya/data/dhatupatha.tsv,bb2013ead0ea536dc7f887164c385c703cb0014ccf6e5af35b87e6d3049ba380,
01.0738,1,glaha~\,grahaRe apAdAne ca,ग्रहणे अपादाने च,739,enumerated_glosses,2,grahaRe; apAdAne,Visible enumeration; semantic overlap still belongs to lexical review.,,,,[],01.0738,not_flagged_by_exact_citation_check,01.0738,https://raw.githubusercontent.com/ambuda-org/vidyut/f3ba4167d40eebc4b3023d24e66867aa6a8cdb32/vidyut-prakriya/data/dhatupatha.tsv,bb2013ead0ea536dc7f887164c385c703cb0014ccf6e5af35b87e6d3049ba380,
01.0739,1,Gaza~\,kAntikaraRe,कान्तिकरणे,740,single_gloss,1,kAntikaraRe,One source gloss; no attempt to invent finer senses within it.,,,,[],01.0739,not_flagged_by_exact_citation_check,01.0740,https://raw.githubusercontent.com/ambuda-org/vidyut/f3ba4167d40eebc4b3023d24e66867aa6a8cdb32/vidyut-prakriya/data/dhatupatha.tsv,bb2013ead0ea536dc7f887164c385c703cb0014ccf6e5af35b87e6d3049ba380,
01.0740,1,Guzi~\,kAntikaraRe,कान्तिकरणे,741,single_gloss,1,kAntikaraRe,One source gloss; no attempt to invent finer senses within it.,,,,[],01.0740,not_flagged_by_exact_citation_check,01.0739,https://raw.githubusercontent.com/ambuda-org/vidyut/f3ba4167d40eebc4b3023d24e66867aa6a8cdb32/vidyut-prakriya/data/dhatupatha.tsv,bb2013ead0ea536dc7f887164c385c703cb0014ccf6e5af35b87e6d3049ba380,
01.0741,1,Guzi~r,aviSabdane,अविशब्दने,742,single_gloss,1,aviSabdane,One source gloss; no attempt to invent finer senses within it.,,,,[],01.0741,retain_distinct_meanings,01.0741,https://raw.githubusercontent.com/ambuda-org/vidyut/f3ba4167d40eebc4b3023d24e66867aa6a8cdb32/vidyut-prakriya/data/dhatupatha.tsv,bb2013ead0ea536dc7f887164c385c703cb0014ccf6e5af35b87e6d3049ba380,IR13
01.0742,1,akzU~,vyAptO,व्याप्तौ,743,single_gloss,1,vyAptO,One source gloss; no attempt to invent finer senses within it.,,,,[],01.0742,not_flagged_by_exact_citation_check,01.0742,https://raw.githubusercontent.com/ambuda-org/vidyut/f3ba4167d40eebc4b3023d24e66867aa6a8cdb32/vidyut-prakriya/data/dhatupatha.tsv,bb2013ead0ea536dc7f887164c385c703cb0014ccf6e5af35b87e6d3049ba380,
01.0743,1,takzU~,tanUkaraRe,तनूकरणे,744,single_gloss,1,tanUkaraRe,One source gloss; no attempt to invent finer senses within it.,,,,[],01.0743,not_flagged_by_exact_citation_check,01.0743,https://raw.githubusercontent.com/ambuda-org/vidyut/f3ba4167d40eebc4b3023d24e66867aa6a8cdb32/vidyut-prakriya/data/dhatupatha.tsv,bb2013ead0ea536dc7f887164c385c703cb0014ccf6e5af35b87e6d3049ba380,
01.0744,1,tvakzU~,tanUkaraRe,तनूकरणे,745,single_gloss,1,tanUkaraRe,One source gloss; no attempt to invent finer senses within it.,,,,[],01.0744,not_flagged_by_exact_citation_check,01.0744,https://raw.githubusercontent.com/ambuda-org/vidyut/f3ba4167d40eebc4b3023d24e66867aa6a8cdb32/vidyut-prakriya/data/dhatupatha.tsv,bb2013ead0ea536dc7f887164c385c703cb0014ccf6e5af35b87e6d3049ba380,
01.0745,1,ukza~,secane,सेचने,746,single_gloss,1,secane,One source gloss; no attempt to invent finer senses within it.,,,,[],01.0745,not_flagged_by_exact_citation_check,01.0745,https://raw.githubusercontent.com/ambuda-org/vidyut/f3ba4167d40eebc4b3023d24e66867aa6a8cdb32/vidyut-prakriya/data/dhatupatha.tsv,bb2013ead0ea536dc7f887164c385c703cb0014ccf6e5af35b87e6d3049ba380,
01.0746,1,rakza~,pAlane,पालने,747,single_gloss,1,pAlane,One source gloss; no attempt to invent finer senses within it.,,,,[],01.0746,not_flagged_by_exact_citation_check,01.0746,https://raw.githubusercontent.com/ambuda-org/vidyut/f3ba4167d40eebc4b3023d24e66867aa6a8cdb32/vidyut-prakriya/data/dhatupatha.tsv,bb2013ead0ea536dc7f887164c385c703cb0014ccf6e5af35b87e6d3049ba380,
01.0747,1,Rikza~,cumbane,चुम्बने,748,single_gloss,1,cumbane,One source gloss; no attempt to invent finer senses within it.,,,,[],01.0747,not_flagged_by_exact_citation_check,01.0747,https://raw.githubusercontent.com/ambuda-org/vidyut/f3ba4167d40eebc4b3023d24e66867aa6a8cdb32/vidyut-prakriya/data/dhatupatha.tsv,bb2013ead0ea536dc7f887164c385c703cb0014ccf6e5af35b87e6d3049ba380,
01.0748,1,trakza~,gatO,गतौ,749,single_gloss,1,gatO,One source gloss; no attempt to invent finer senses within it.,,,,[],01.0748,not_flagged_by_exact_citation_check,01.0748,https://raw.githubusercontent.com/ambuda-org/vidyut/f3ba4167d40eebc4b3023d24e66867aa6a8cdb32/vidyut-prakriya/data/dhatupatha.tsv,bb2013ead0ea536dc7f887164c385c703cb0014ccf6e5af35b87e6d3049ba380,
01.0749,1,zwrakza~,gatO,गतौ,750,single_gloss,1,gatO,One source gloss; no attempt to invent finer senses within it.,,,,[],01.0749,not_flagged_by_exact_citation_check,01.0749,https://raw.githubusercontent.com/ambuda-org/vidyut/f3ba4167d40eebc4b3023d24e66867aa6a8cdb32/vidyut-prakriya/data/dhatupatha.tsv,bb2013ead0ea536dc7f887164c385c703cb0014ccf6e5af35b87e6d3049ba380,
01.0750,1,tfkza~,gatO,गतौ,751,single_gloss,1,gatO,One source gloss; no attempt to invent finer senses within it.,,,,[],01.0750,not_flagged_by_exact_citation_check,01.0750,https://raw.githubusercontent.com/ambuda-org/vidyut/f3ba4167d40eebc4b3023d24e66867aa6a8cdb32/vidyut-prakriya/data/dhatupatha.tsv,bb2013ead0ea536dc7f887164c385c703cb0014ccf6e5af35b87e6d3049ba380,
01.0751,1,zwfkza~,gatO,गतौ,752,single_gloss,1,gatO,One source gloss; no attempt to invent finer senses within it.,,,,[],01.0751,not_flagged_by_exact_citation_check,01.0751,https://raw.githubusercontent.com/ambuda-org/vidyut/f3ba4167d40eebc4b3023d24e66867aa6a8cdb32/vidyut-prakriya/data/dhatupatha.tsv,bb2013ead0ea536dc7f887164c385c703cb0014ccf6e5af35b87e6d3049ba380,
01.0752,1,Rakza~,gatO,गतौ,753,single_gloss,1,gatO,One source gloss; no attempt to invent finer senses within it.,,,,[],01.0752,not_flagged_by_exact_citation_check,01.0752,https://raw.githubusercontent.com/ambuda-org/vidyut/f3ba4167d40eebc4b3023d24e66867aa6a8cdb32/vidyut-prakriya/data/dhatupatha.tsv,bb2013ead0ea536dc7f887164c385c703cb0014ccf6e5af35b87e6d3049ba380,
01.0753,1,vakza~,roze saNGAte ca,रोषे सङ्घाते च,754,enumerated_glosses,2,roze; saNGAte,Visible enumeration; semantic overlap still belongs to lexical review.,,,,[],01.0753,not_flagged_by_exact_citation_check,01.0753,https://raw.githubusercontent.com/ambuda-org/vidyut/f3ba4167d40eebc4b3023d24e66867aa6a8cdb32/vidyut-prakriya/data/dhatupatha.tsv,bb2013ead0ea536dc7f887164c385c703cb0014ccf6e5af35b87e6d3049ba380,
01.0754,1,mfkza~,saNGAte,सङ्घाते,755,single_gloss,1,saNGAte,One source gloss; no attempt to invent finer senses within it.,,,,[],01.0754,not_flagged_by_exact_citation_check,01.0754,https://raw.githubusercontent.com/ambuda-org/vidyut/f3ba4167d40eebc4b3023d24e66867aa6a8cdb32/vidyut-prakriya/data/dhatupatha.tsv,bb2013ead0ea536dc7f887164c385c703cb0014ccf6e5af35b87e6d3049ba380,
01.0755,1,mrakza~,saNGAte,सङ्घाते,756,single_gloss,1,saNGAte,One source gloss; no attempt to invent finer senses within it.,,,,[],01.0755,retain_distinct_meanings,01.0755,https://raw.githubusercontent.com/ambuda-org/vidyut/f3ba4167d40eebc4b3023d24e66867aa6a8cdb32/vidyut-prakriya/data/dhatupatha.tsv,bb2013ead0ea536dc7f887164c385c703cb0014ccf6e5af35b87e6d3049ba380,IR138
01.0756,1,takza~,tvacane,त्वचने,757,single_gloss,1,tvacane,One source gloss; no attempt to invent finer senses within it.,,,,[],01.0756,not_flagged_by_exact_citation_check,01.0756,https://raw.githubusercontent.com/ambuda-org/vidyut/f3ba4167d40eebc4b3023d24e66867aa6a8cdb32/vidyut-prakriya/data/dhatupatha.tsv,bb2013ead0ea536dc7f887164c385c703cb0014ccf6e5af35b87e6d3049ba380,
01.0757,1,pakza~,parigrahe,परिग्रहे,758,single_gloss,1,parigrahe,One source gloss; no attempt to invent finer senses within it.,,,,[],01.0757,open,01.0757,https://raw.githubusercontent.com/ambuda-org/vidyut/f3ba4167d40eebc4b3023d24e66867aa6a8cdb32/vidyut-prakriya/data/dhatupatha.tsv,bb2013ead0ea536dc7f887164c385c703cb0014ccf6e5af35b87e6d3049ba380,IR145
01.0758,1,sUrkza~,Adare,आदरे,759,single_gloss,1,Adare,One source gloss; no attempt to invent finer senses within it.,,,,[],01.0758,not_flagged_by_exact_citation_check,01.0758,https://raw.githubusercontent.com/ambuda-org/vidyut/f3ba4167d40eebc4b3023d24e66867aa6a8cdb32/vidyut-prakriya/data/dhatupatha.tsv,bb2013ead0ea536dc7f887164c385c703cb0014ccf6e5af35b87e6d3049ba380,
01.0759,1,zalf~,gatO,गतौ,760,single_gloss,1,gatO,One source gloss; no attempt to invent finer senses within it.,,,,[],01.0759,open,,https://raw.githubusercontent.com/ambuda-org/vidyut/f3ba4167d40eebc4b3023d24e66867aa6a8cdb32/vidyut-prakriya/data/dhatupatha.tsv,bb2013ead0ea536dc7f887164c385c703cb0014ccf6e5af35b87e6d3049ba380,IR217
01.0760,1,kAkzi~,kANkzAyAm,काङ्क्षायाम्,761,single_gloss,1,kANkzAyAm,One source gloss; no attempt to invent finer senses within it.,,,,[],01.0760,not_flagged_by_exact_citation_check,01.0760,https://raw.githubusercontent.com/ambuda-org/vidyut/f3ba4167d40eebc4b3023d24e66867aa6a8cdb32/vidyut-prakriya/data/dhatupatha.tsv,bb2013ead0ea536dc7f887164c385c703cb0014ccf6e5af35b87e6d3049ba380,
01.0761,1,vAkzi~,kANkzAyAm,काङ्क्षायाम्,762,single_gloss,1,kANkzAyAm,One source gloss; no attempt to invent finer senses within it.,,,,[],01.0761,not_flagged_by_exact_citation_check,01.0761,https://raw.githubusercontent.com/ambuda-org/vidyut/f3ba4167d40eebc4b3023d24e66867aa6a8cdb32/vidyut-prakriya/data/dhatupatha.tsv,bb2013ead0ea536dc7f887164c385c703cb0014ccf6e5af35b87e6d3049ba380,
01.0762,1,mAkzi~,kANkzAyAm,काङ्क्षायाम्,763,single_gloss,1,kANkzAyAm,One source gloss; no attempt to invent finer senses within it.,,,,[],01.0762,not_flagged_by_exact_citation_check,01.0762,https://raw.githubusercontent.com/ambuda-org/vidyut/f3ba4167d40eebc4b3023d24e66867aa6a8cdb32/vidyut-prakriya/data/dhatupatha.tsv,bb2013ead0ea536dc7f887164c385c703cb0014ccf6e5af35b87e6d3049ba380,
01.0763,1,drAkzi~,kANkzAyAm GoravASite ca,काङ्क्षायाम् घोरवाशिते च,764,enumerated_glosses,2,kANkzAyAm; GoravASite,Visible enumeration; semantic overlap still belongs to lexical review.,,,,[],01.0763,not_flagged_by_exact_citation_check,01.0763,https://raw.githubusercontent.com/ambuda-org/vidyut/f3ba4167d40eebc4b3023d24e66867aa6a8cdb32/vidyut-prakriya/data/dhatupatha.tsv,bb2013ead0ea536dc7f887164c385c703cb0014ccf6e5af35b87e6d3049ba380,
01.0764,1,DrAkzi~,kANkzAyAm GoravASite ca,काङ्क्षायाम् घोरवाशिते च,765,enumerated_glosses,2,kANkzAyAm; GoravASite,Visible enumeration; semantic overlap still belongs to lexical review.,,,,[],01.0764,not_flagged_by_exact_citation_check,01.0764,https://raw.githubusercontent.com/ambuda-org/vidyut/f3ba4167d40eebc4b3023d24e66867aa6a8cdb32/vidyut-prakriya/data/dhatupatha.tsv,bb2013ead0ea536dc7f887164c385c703cb0014ccf6e5af35b87e6d3049ba380,
01.0765,1,DvAkzi~,kANkzAyAm GoravASite ca,काङ्क्षायाम् घोरवाशिते च,766,enumerated_glosses,2,kANkzAyAm; GoravASite,Visible enumeration; semantic overlap still belongs to lexical review.,,,,[],01.0765,not_flagged_by_exact_citation_check,01.0765,https://raw.githubusercontent.com/ambuda-org/vidyut/f3ba4167d40eebc4b3023d24e66867aa6a8cdb32/vidyut-prakriya/data/dhatupatha.tsv,bb2013ead0ea536dc7f887164c385c703cb0014ccf6e5af35b87e6d3049ba380,
01.0766,1,SucyI~,aBizave,अभिषवे,767,single_gloss,1,aBizave,One source gloss; no attempt to invent finer senses within it.,,,,[],01.0766,not_flagged_by_exact_citation_check,,https://raw.githubusercontent.com/ambuda-org/vidyut/f3ba4167d40eebc4b3023d24e66867aa6a8cdb32/vidyut-prakriya/data/dhatupatha.tsv,bb2013ead0ea536dc7f887164c385c703cb0014ccf6e5af35b87e6d3049ba380,
01.0767,1,cUza~,pAne,पाने,768,single_gloss,1,pAne,One source gloss; no attempt to invent finer senses within it.,,,,[],01.0767,not_flagged_by_exact_citation_check,01.0767,https://raw.githubusercontent.com/ambuda-org/vidyut/f3ba4167d40eebc4b3023d24e66867aa6a8cdb32/vidyut-prakriya/data/dhatupatha.tsv,bb2013ead0ea536dc7f887164c385c703cb0014ccf6e5af35b87e6d3049ba380,
01.0768,1,tUza~,tuzwO,तुष्टौ,769,single_gloss,1,tuzwO,One source gloss; no attempt to invent finer senses within it.,,,,[],01.0768,not_flagged_by_exact_citation_check,01.0768,https://raw.githubusercontent.com/ambuda-org/vidyut/f3ba4167d40eebc4b3023d24e66867aa6a8cdb32/vidyut-prakriya/data/dhatupatha.tsv,bb2013ead0ea536dc7f887164c385c703cb0014ccf6e5af35b87e6d3049ba380,
01.0769,1,pUza~,vfdDO,वृद्धौ,770,single_gloss,1,vfdDO,One source gloss; no attempt to invent finer senses within it.,,,,[],01.0769,not_flagged_by_exact_citation_check,01.0769,https://raw.githubusercontent.com/ambuda-org/vidyut/f3ba4167d40eebc4b3023d24e66867aa6a8cdb32/vidyut-prakriya/data/dhatupatha.tsv,bb2013ead0ea536dc7f887164c385c703cb0014ccf6e5af35b87e6d3049ba380,
01.0770,1,mUza~,steye,स्तेये,771,single_gloss,1,steye,One source gloss; no attempt to invent finer senses within it.,,,,[],01.0770,not_flagged_by_exact_citation_check,01.0770,https://raw.githubusercontent.com/ambuda-org/vidyut/f3ba4167d40eebc4b3023d24e66867aa6a8cdb32/vidyut-prakriya/data/dhatupatha.tsv,bb2013ead0ea536dc7f887164c385c703cb0014ccf6e5af35b87e6d3049ba380,
01.0771,1,lUza~,BUzAyAm,भूषायाम्,772,single_gloss,1,BUzAyAm,One source gloss; no attempt to invent finer senses within it.,,,,[],01.0771,retain_distinct_meanings,01.0771,https://raw.githubusercontent.com/ambuda-org/vidyut/f3ba4167d40eebc4b3023d24e66867aa6a8cdb32/vidyut-prakriya/data/dhatupatha.tsv,bb2013ead0ea536dc7f887164c385c703cb0014ccf6e5af35b87e6d3049ba380,IR111
01.0772,1,rUza~,BUzAyAm,भूषायाम्,773,single_gloss,1,BUzAyAm,One source gloss; no attempt to invent finer senses within it.,,,,[],01.0772,not_flagged_by_exact_citation_check,01.0772,https://raw.githubusercontent.com/ambuda-org/vidyut/f3ba4167d40eebc4b3023d24e66867aa6a8cdb32/vidyut-prakriya/data/dhatupatha.tsv,bb2013ead0ea536dc7f887164c385c703cb0014ccf6e5af35b87e6d3049ba380,
01.0773,1,SUza~,prasave,प्रसवे,774,single_gloss,1,prasave,One source gloss; no attempt to invent finer senses within it.,,,,[],01.0773,not_flagged_by_exact_citation_check,01.0773,https://raw.githubusercontent.com/ambuda-org/vidyut/f3ba4167d40eebc4b3023d24e66867aa6a8cdb32/vidyut-prakriya/data/dhatupatha.tsv,bb2013ead0ea536dc7f887164c385c703cb0014ccf6e5af35b87e6d3049ba380,
01.0774,1,zUza~,prasave,प्रसवे,775,single_gloss,1,prasave,One source gloss; no attempt to invent finer senses within it.,,,,[],01.0774,not_flagged_by_exact_citation_check,,https://raw.githubusercontent.com/ambuda-org/vidyut/f3ba4167d40eebc4b3023d24e66867aa6a8cdb32/vidyut-prakriya/data/dhatupatha.tsv,bb2013ead0ea536dc7f887164c385c703cb0014ccf6e5af35b87e6d3049ba380,
01.0775,1,yUza~,hiMsAyAm,हिंसायाम्,776,single_gloss,1,hiMsAyAm,One source gloss; no attempt to invent finer senses within it.,,,,[],01.0775,not_flagged_by_exact_citation_check,01.0775,https://raw.githubusercontent.com/ambuda-org/vidyut/f3ba4167d40eebc4b3023d24e66867aa6a8cdb32/vidyut-prakriya/data/dhatupatha.tsv,bb2013ead0ea536dc7f887164c385c703cb0014ccf6e5af35b87e6d3049ba380,
01.0776,1,jUza~,hiMsAyAm,हिंसायाम्,777,single_gloss,1,hiMsAyAm,One source gloss; no attempt to invent finer senses within it.,,,,[],01.0776,not_flagged_by_exact_citation_check,01.0776,https://raw.githubusercontent.com/ambuda-org/vidyut/f3ba4167d40eebc4b3023d24e66867aa6a8cdb32/vidyut-prakriya/data/dhatupatha.tsv,bb2013ead0ea536dc7f887164c385c703cb0014ccf6e5af35b87e6d3049ba380,
01.0777,1,BUza~,alaNkAre,अलङ्कारे,778,single_gloss,1,alaNkAre,One source gloss; no attempt to invent finer senses within it.,,,,[],01.0777,merge_shared_meanings,01.0777,https://raw.githubusercontent.com/ambuda-org/vidyut/f3ba4167d40eebc4b3023d24e66867aa6a8cdb32/vidyut-prakriya/data/dhatupatha.tsv,bb2013ead0ea536dc7f887164c385c703cb0014ccf6e5af35b87e6d3049ba380,IR02
01.0778,1,gluhU~^,grahaRe,ग्रहणे,779,single_gloss,1,grahaRe,One source gloss; no attempt to invent finer senses within it.,,,,[],01.0778,not_flagged_by_exact_citation_check,,https://raw.githubusercontent.com/ambuda-org/vidyut/f3ba4167d40eebc4b3023d24e66867aa6a8cdb32/vidyut-prakriya/data/dhatupatha.tsv,bb2013ead0ea536dc7f887164c385c703cb0014ccf6e5af35b87e6d3049ba380,
01.0779,1,Uza~,rujAyAm,रुजायाम्,780,single_gloss,1,rujAyAm,One source gloss; no attempt to invent finer senses within it.,,,,[],01.0779,not_flagged_by_exact_citation_check,01.0779,https://raw.githubusercontent.com/ambuda-org/vidyut/f3ba4167d40eebc4b3023d24e66867aa6a8cdb32/vidyut-prakriya/data/dhatupatha.tsv,bb2013ead0ea536dc7f887164c385c703cb0014ccf6e5af35b87e6d3049ba380,
01.0780,1,Iza~,uYCe,उञ्छे,781,single_gloss,1,uYCe,One source gloss; no attempt to invent finer senses within it.,,,,[],01.0780,not_flagged_by_exact_citation_check,01.0780,https://raw.githubusercontent.com/ambuda-org/vidyut/f3ba4167d40eebc4b3023d24e66867aa6a8cdb32/vidyut-prakriya/data/dhatupatha.tsv,bb2013ead0ea536dc7f887164c385c703cb0014ccf6e5af35b87e6d3049ba380,
01.0781,1,kaza~,hiMsAyAm,हिंसायाम्,782,single_gloss,1,hiMsAyAm,One source gloss; no attempt to invent finer senses within it.,,,,[],01.0781,not_flagged_by_exact_citation_check,01.0781,https://raw.githubusercontent.com/ambuda-org/vidyut/f3ba4167d40eebc4b3023d24e66867aa6a8cdb32/vidyut-prakriya/data/dhatupatha.tsv,bb2013ead0ea536dc7f887164c385c703cb0014ccf6e5af35b87e6d3049ba380,
01.0782,1,Kaza~,hiMsAyAm,हिंसायाम्,783,single_gloss,1,hiMsAyAm,One source gloss; no attempt to invent finer senses within it.,,,,[],01.0782,not_flagged_by_exact_citation_check,01.0782,https://raw.githubusercontent.com/ambuda-org/vidyut/f3ba4167d40eebc4b3023d24e66867aa6a8cdb32/vidyut-prakriya/data/dhatupatha.tsv,bb2013ead0ea536dc7f887164c385c703cb0014ccf6e5af35b87e6d3049ba380,
01.0783,1,Si\za~,hiMsAyAm,हिंसायाम्,784,single_gloss,1,hiMsAyAm,One source gloss; no attempt to invent finer senses within it.,,,,[],01.0783,retain_distinct_meanings,,https://raw.githubusercontent.com/ambuda-org/vidyut/f3ba4167d40eebc4b3023d24e66867aa6a8cdb32/vidyut-prakriya/data/dhatupatha.tsv,bb2013ead0ea536dc7f887164c385c703cb0014ccf6e5af35b87e6d3049ba380,IR24
01.0784,1,jaza~,hiMsAyAm,हिंसायाम्,785,single_gloss,1,hiMsAyAm,One source gloss; no attempt to invent finer senses within it.,,,,[],01.0784,not_flagged_by_exact_citation_check,01.0784,https://raw.githubusercontent.com/ambuda-org/vidyut/f3ba4167d40eebc4b3023d24e66867aa6a8cdb32/vidyut-prakriya/data/dhatupatha.tsv,bb2013ead0ea536dc7f887164c385c703cb0014ccf6e5af35b87e6d3049ba380,
01.0785,1,Jaza~,hiMsAyAm,हिंसायाम्,786,single_gloss,1,hiMsAyAm,One source gloss; no attempt to invent finer senses within it.,,,,[],01.0785,not_flagged_by_exact_citation_check,01.0785,https://raw.githubusercontent.com/ambuda-org/vidyut/f3ba4167d40eebc4b3023d24e66867aa6a8cdb32/vidyut-prakriya/data/dhatupatha.tsv,bb2013ead0ea536dc7f887164c385c703cb0014ccf6e5af35b87e6d3049ba380,
01.0786,1,Saza~,hiMsAyAm,हिंसायाम्,787,single_gloss,1,hiMsAyAm,One source gloss; no attempt to invent finer senses within it.,,,,[],01.0786,not_flagged_by_exact_citation_check,01.0786,https://raw.githubusercontent.com/ambuda-org/vidyut/f3ba4167d40eebc4b3023d24e66867aa6a8cdb32/vidyut-prakriya/data/dhatupatha.tsv,bb2013ead0ea536dc7f887164c385c703cb0014ccf6e5af35b87e6d3049ba380,
01.0787,1,vaza~,hiMsAyAm,हिंसायाम्,788,single_gloss,1,hiMsAyAm,One source gloss; no attempt to invent finer senses within it.,,,,[],01.0787,not_flagged_by_exact_citation_check,01.0787,https://raw.githubusercontent.com/ambuda-org/vidyut/f3ba4167d40eebc4b3023d24e66867aa6a8cdb32/vidyut-prakriya/data/dhatupatha.tsv,bb2013ead0ea536dc7f887164c385c703cb0014ccf6e5af35b87e6d3049ba380,
01.0788,1,maza~,hiMsAyAm,हिंसायाम्,789,single_gloss,1,hiMsAyAm,One source gloss; no attempt to invent finer senses within it.,,,,[],01.0788,not_flagged_by_exact_citation_check,01.0788,https://raw.githubusercontent.com/ambuda-org/vidyut/f3ba4167d40eebc4b3023d24e66867aa6a8cdb32/vidyut-prakriya/data/dhatupatha.tsv,bb2013ead0ea536dc7f887164c385c703cb0014ccf6e5af35b87e6d3049ba380,
01.0789,1,ruza~,hiMsAyAm,हिंसायाम्,790,single_gloss,1,hiMsAyAm,One source gloss; no attempt to invent finer senses within it.,,,,[],01.0789,open,01.0789,https://raw.githubusercontent.com/ambuda-org/vidyut/f3ba4167d40eebc4b3023d24e66867aa6a8cdb32/vidyut-prakriya/data/dhatupatha.tsv,bb2013ead0ea536dc7f887164c385c703cb0014ccf6e5af35b87e6d3049ba380,IR170
01.0790,1,riza~,hiMsAyAm,हिंसायाम्,791,single_gloss,1,hiMsAyAm,One source gloss; no attempt to invent finer senses within it.,,,,[],01.0790,open,01.0790,https://raw.githubusercontent.com/ambuda-org/vidyut/f3ba4167d40eebc4b3023d24e66867aa6a8cdb32/vidyut-prakriya/data/dhatupatha.tsv,bb2013ead0ea536dc7f887164c385c703cb0014ccf6e5af35b87e6d3049ba380,IR166
01.0791,1,Baza~,Bartsane,भर्त्सने,792,single_gloss,1,Bartsane,One source gloss; no attempt to invent finer senses within it.,,,,[],01.0791,not_flagged_by_exact_citation_check,01.0791,https://raw.githubusercontent.com/ambuda-org/vidyut/f3ba4167d40eebc4b3023d24e66867aa6a8cdb32/vidyut-prakriya/data/dhatupatha.tsv,bb2013ead0ea536dc7f887164c385c703cb0014ccf6e5af35b87e6d3049ba380,
01.0792,1,uza~,dAhe,दाहे,793,single_gloss,1,dAhe,One source gloss; no attempt to invent finer senses within it.,,,,[],01.0792,not_flagged_by_exact_citation_check,01.0792,https://raw.githubusercontent.com/ambuda-org/vidyut/f3ba4167d40eebc4b3023d24e66867aa6a8cdb32/vidyut-prakriya/data/dhatupatha.tsv,bb2013ead0ea536dc7f887164c385c703cb0014ccf6e5af35b87e6d3049ba380,
01.0793,1,jizu~,secane,सेचने,794,single_gloss,1,secane,One source gloss; no attempt to invent finer senses within it.,,,,[],01.0793,not_flagged_by_exact_citation_check,01.0793,https://raw.githubusercontent.com/ambuda-org/vidyut/f3ba4167d40eebc4b3023d24e66867aa6a8cdb32/vidyut-prakriya/data/dhatupatha.tsv,bb2013ead0ea536dc7f887164c385c703cb0014ccf6e5af35b87e6d3049ba380,
01.0794,1,vi\zu~,secane,सेचने,795,single_gloss,1,secane,One source gloss; no attempt to invent finer senses within it.,,,,[],01.0794,not_flagged_by_exact_citation_check,,https://raw.githubusercontent.com/ambuda-org/vidyut/f3ba4167d40eebc4b3023d24e66867aa6a8cdb32/vidyut-prakriya/data/dhatupatha.tsv,bb2013ead0ea536dc7f887164c385c703cb0014ccf6e5af35b87e6d3049ba380,
01.0795,1,mizu~,secane,सेचने,796,single_gloss,1,secane,One source gloss; no attempt to invent finer senses within it.,,,,[],01.0795,not_flagged_by_exact_citation_check,01.0795,https://raw.githubusercontent.com/ambuda-org/vidyut/f3ba4167d40eebc4b3023d24e66867aa6a8cdb32/vidyut-prakriya/data/dhatupatha.tsv,bb2013ead0ea536dc7f887164c385c703cb0014ccf6e5af35b87e6d3049ba380,
01.0796,1,muza~,hiMsAyAm,हिंसायाम्,797,single_gloss,1,hiMsAyAm,One source gloss; no attempt to invent finer senses within it.,,,,[],01.0796,retain_distinct_meanings,,https://raw.githubusercontent.com/ambuda-org/vidyut/f3ba4167d40eebc4b3023d24e66867aa6a8cdb32/vidyut-prakriya/data/dhatupatha.tsv,bb2013ead0ea536dc7f887164c385c703cb0014ccf6e5af35b87e6d3049ba380,IR140
01.0797,1,puza~,puzwO,पुष्टौ,798,single_gloss,1,puzwO,One source gloss; no attempt to invent finer senses within it.,,,,[],01.0797,merge_shared_meanings,01.0797,https://raw.githubusercontent.com/ambuda-org/vidyut/f3ba4167d40eebc4b3023d24e66867aa6a8cdb32/vidyut-prakriya/data/dhatupatha.tsv,bb2013ead0ea536dc7f887164c385c703cb0014ccf6e5af35b87e6d3049ba380,IR156
01.0798,1,Srizu~,dAhe,दाहे,799,single_gloss,1,dAhe,One source gloss; no attempt to invent finer senses within it.,,,,[],01.0798,not_flagged_by_exact_citation_check,01.0798,https://raw.githubusercontent.com/ambuda-org/vidyut/f3ba4167d40eebc4b3023d24e66867aa6a8cdb32/vidyut-prakriya/data/dhatupatha.tsv,bb2013ead0ea536dc7f887164c385c703cb0014ccf6e5af35b87e6d3049ba380,
01.0799,1,Slizu~,dAhe,दाहे,800,single_gloss,1,dAhe,One source gloss; no attempt to invent finer senses within it.,,,,[],01.0799,not_flagged_by_exact_citation_check,01.0799,https://raw.githubusercontent.com/ambuda-org/vidyut/f3ba4167d40eebc4b3023d24e66867aa6a8cdb32/vidyut-prakriya/data/dhatupatha.tsv,bb2013ead0ea536dc7f887164c385c703cb0014ccf6e5af35b87e6d3049ba380,
01.0800,1,pruzu~,dAhe,दाहे,801,single_gloss,1,dAhe,One source gloss; no attempt to invent finer senses within it.,,,,[],01.0800,not_flagged_by_exact_citation_check,01.0800,https://raw.githubusercontent.com/ambuda-org/vidyut/f3ba4167d40eebc4b3023d24e66867aa6a8cdb32/vidyut-prakriya/data/dhatupatha.tsv,bb2013ead0ea536dc7f887164c385c703cb0014ccf6e5af35b87e6d3049ba380,
01.0801,1,pluzu~,dAhe,दाहे,802,single_gloss,1,dAhe,One source gloss; no attempt to invent finer senses within it.,,,,[],01.0801,not_flagged_by_exact_citation_check,01.0801,https://raw.githubusercontent.com/ambuda-org/vidyut/f3ba4167d40eebc4b3023d24e66867aa6a8cdb32/vidyut-prakriya/data/dhatupatha.tsv,bb2013ead0ea536dc7f887164c385c703cb0014ccf6e5af35b87e6d3049ba380,
01.0802,1,pfzu~,secanahiMsAsaNkleSanezu,सेचनहिंसासङ्क्लेशनेषु,803,enumerated_glosses,3,secane; hiMsAyAm; saNkleSane,Explicit analyst segmentation; retain the original compound for review.,,,,[],01.0802,not_flagged_by_exact_citation_check,01.0802,https://raw.githubusercontent.com/ambuda-org/vidyut/f3ba4167d40eebc4b3023d24e66867aa6a8cdb32/vidyut-prakriya/data/dhatupatha.tsv,bb2013ead0ea536dc7f887164c385c703cb0014ccf6e5af35b87e6d3049ba380,
01.0803,1,vfzu~,secanahiMsAsaNkleSanezu,सेचनहिंसासङ्क्लेशनेषु,804,enumerated_glosses,3,secane; hiMsAyAm; saNkleSane,Explicit analyst segmentation; retain the original compound for review.,,,,[],01.0803,not_flagged_by_exact_citation_check,01.0803,https://raw.githubusercontent.com/ambuda-org/vidyut/f3ba4167d40eebc4b3023d24e66867aa6a8cdb32/vidyut-prakriya/data/dhatupatha.tsv,bb2013ead0ea536dc7f887164c385c703cb0014ccf6e5af35b87e6d3049ba380,
01.0804,1,mfzu~,secane sahane ca,सेचने सहने च,805,enumerated_glosses,2,secane; sahane,Visible enumeration; semantic overlap still belongs to lexical review.,,,,[],01.0804,not_flagged_by_exact_citation_check,01.0804,https://raw.githubusercontent.com/ambuda-org/vidyut/f3ba4167d40eebc4b3023d24e66867aa6a8cdb32/vidyut-prakriya/data/dhatupatha.tsv,bb2013ead0ea536dc7f887164c385c703cb0014ccf6e5af35b87e6d3049ba380,
01.0805,1,Gfzu~,saNGarze,सङ्घर्षे,806,single_gloss,1,saNGarze,One source gloss; no attempt to invent finer senses within it.,,,,[],01.0805,not_flagged_by_exact_citation_check,01.0805,https://raw.githubusercontent.com/ambuda-org/vidyut/f3ba4167d40eebc4b3023d24e66867aa6a8cdb32/vidyut-prakriya/data/dhatupatha.tsv,bb2013ead0ea536dc7f887164c385c703cb0014ccf6e5af35b87e6d3049ba380,
01.0806,1,hfzu~,alIke,अलीके,807,single_gloss,1,alIke,One source gloss; no attempt to invent finer senses within it.,,,,[],01.0806,not_flagged_by_exact_citation_check,01.0806,https://raw.githubusercontent.com/ambuda-org/vidyut/f3ba4167d40eebc4b3023d24e66867aa6a8cdb32/vidyut-prakriya/data/dhatupatha.tsv,bb2013ead0ea536dc7f887164c385c703cb0014ccf6e5af35b87e6d3049ba380,
01.0807,1,tusa~,Sabde,शब्दे,808,single_gloss,1,Sabde,One source gloss; no attempt to invent finer senses within it.,,,,[],01.0807,not_flagged_by_exact_citation_check,01.0807,https://raw.githubusercontent.com/ambuda-org/vidyut/f3ba4167d40eebc4b3023d24e66867aa6a8cdb32/vidyut-prakriya/data/dhatupatha.tsv,bb2013ead0ea536dc7f887164c385c703cb0014ccf6e5af35b87e6d3049ba380,
01.0808,1,hrasa~,Sabde,शब्दे,809,single_gloss,1,Sabde,One source gloss; no attempt to invent finer senses within it.,,,,[],01.0808,not_flagged_by_exact_citation_check,01.0808,https://raw.githubusercontent.com/ambuda-org/vidyut/f3ba4167d40eebc4b3023d24e66867aa6a8cdb32/vidyut-prakriya/data/dhatupatha.tsv,bb2013ead0ea536dc7f887164c385c703cb0014ccf6e5af35b87e6d3049ba380,
01.0809,1,hlasa~,Sabde,शब्दे,810,single_gloss,1,Sabde,One source gloss; no attempt to invent finer senses within it.,,,,[],01.0809,not_flagged_by_exact_citation_check,01.0809,https://raw.githubusercontent.com/ambuda-org/vidyut/f3ba4167d40eebc4b3023d24e66867aa6a8cdb32/vidyut-prakriya/data/dhatupatha.tsv,bb2013ead0ea536dc7f887164c385c703cb0014ccf6e5af35b87e6d3049ba380,
01.0810,1,rasa~,Sabde,शब्दे,811,single_gloss,1,Sabde,One source gloss; no attempt to invent finer senses within it.,,,,[],01.0810,not_flagged_by_exact_citation_check,01.0810,https://raw.githubusercontent.com/ambuda-org/vidyut/f3ba4167d40eebc4b3023d24e66867aa6a8cdb32/vidyut-prakriya/data/dhatupatha.tsv,bb2013ead0ea536dc7f887164c385c703cb0014ccf6e5af35b87e6d3049ba380,
01.0811,1,lasa~,SlezaRakrIqanayoH,श्लेषणक्रीडनयोः,812,enumerated_glosses,2,SlezaRe; krIqane,Explicit analyst segmentation; retain the original compound for review.,,,,[],01.0811,retain_distinct_meanings,01.0811,https://raw.githubusercontent.com/ambuda-org/vidyut/f3ba4167d40eebc4b3023d24e66867aa6a8cdb32/vidyut-prakriya/data/dhatupatha.tsv,bb2013ead0ea536dc7f887164c385c703cb0014ccf6e5af35b87e6d3049ba380,IR119
01.0812,1,Ga\sx~,adane,अदने,813,single_gloss,1,adane,One source gloss; no attempt to invent finer senses within it.,,,,[],01.0812,not_flagged_by_exact_citation_check,,https://raw.githubusercontent.com/ambuda-org/vidyut/f3ba4167d40eebc4b3023d24e66867aa6a8cdb32/vidyut-prakriya/data/dhatupatha.tsv,bb2013ead0ea536dc7f887164c385c703cb0014ccf6e5af35b87e6d3049ba380,
01.0813,1,jarja~,pariBAzaRahiMsAtarjanezu,परिभाषणहिंसातर्जनेषु,814,enumerated_glosses,3,pariBAzaRe; hiMsAyAm; tarjane,Explicit analyst segmentation; retain the original compound for review.,,,,[],01.0813,open,,https://raw.githubusercontent.com/ambuda-org/vidyut/f3ba4167d40eebc4b3023d24e66867aa6a8cdb32/vidyut-prakriya/data/dhatupatha.tsv,bb2013ead0ea536dc7f887164c385c703cb0014ccf6e5af35b87e6d3049ba380,IR85
01.0814,1,carca~,pariBAzaRahiMsAtarjanezu,परिभाषणहिंसातर्जनेषु,815,enumerated_glosses,3,pariBAzaRe; hiMsAyAm; tarjane,Explicit analyst segmentation; retain the original compound for review.,,,,[],01.0814,merge_shared_meanings,01.0814,https://raw.githubusercontent.com/ambuda-org/vidyut/f3ba4167d40eebc4b3023d24e66867aa6a8cdb32/vidyut-prakriya/data/dhatupatha.tsv,bb2013ead0ea536dc7f887164c385c703cb0014ccf6e5af35b87e6d3049ba380,IR51
01.0815,1,JarJa~,pariBAzaRahiMsAtarjanezu,परिभाषणहिंसातर्जनेषु,816,enumerated_glosses,3,pariBAzaRe; hiMsAyAm; tarjane,Explicit analyst segmentation; retain the original compound for review.,,,,[],01.0815,merge_shared_meanings,,https://raw.githubusercontent.com/ambuda-org/vidyut/f3ba4167d40eebc4b3023d24e66867aa6a8cdb32/vidyut-prakriya/data/dhatupatha.tsv,bb2013ead0ea536dc7f887164c385c703cb0014ccf6e5af35b87e6d3049ba380,IR14
01.0816,1,pisf~,gatO,गतौ,817,single_gloss,1,gatO,One source gloss; no attempt to invent finer senses within it.,,,,[],01.0816,not_flagged_by_exact_citation_check,01.0816,https://raw.githubusercontent.com/ambuda-org/vidyut/f3ba4167d40eebc4b3023d24e66867aa6a8cdb32/vidyut-prakriya/data/dhatupatha.tsv,bb2013ead0ea536dc7f887164c385c703cb0014ccf6e5af35b87e6d3049ba380,
01.0817,1,pesf~,gatO,गतौ,818,single_gloss,1,gatO,One source gloss; no attempt to invent finer senses within it.,,,,[],01.0817,not_flagged_by_exact_citation_check,01.0817,https://raw.githubusercontent.com/ambuda-org/vidyut/f3ba4167d40eebc4b3023d24e66867aa6a8cdb32/vidyut-prakriya/data/dhatupatha.tsv,bb2013ead0ea536dc7f887164c385c703cb0014ccf6e5af35b87e6d3049ba380,
01.0818,1,visf~,gatO,गतौ,819,single_gloss,1,gatO,One source gloss; no attempt to invent finer senses within it.,,,,[],01.0818,not_flagged_by_exact_citation_check,,https://raw.githubusercontent.com/ambuda-org/vidyut/f3ba4167d40eebc4b3023d24e66867aa6a8cdb32/vidyut-prakriya/data/dhatupatha.tsv,bb2013ead0ea536dc7f887164c385c703cb0014ccf6e5af35b87e6d3049ba380,
01.0819,1,vesf~,gatO,गतौ,820,single_gloss,1,gatO,One source gloss; no attempt to invent finer senses within it.,,,,[],01.0819,not_flagged_by_exact_citation_check,,https://raw.githubusercontent.com/ambuda-org/vidyut/f3ba4167d40eebc4b3023d24e66867aa6a8cdb32/vidyut-prakriya/data/dhatupatha.tsv,bb2013ead0ea536dc7f887164c385c703cb0014ccf6e5af35b87e6d3049ba380,
01.0820,1,piSf~,gatO,गतौ,821,single_gloss,1,gatO,One source gloss; no attempt to invent finer senses within it.,,,,[],01.0820,not_flagged_by_exact_citation_check,,https://raw.githubusercontent.com/ambuda-org/vidyut/f3ba4167d40eebc4b3023d24e66867aa6a8cdb32/vidyut-prakriya/data/dhatupatha.tsv,bb2013ead0ea536dc7f887164c385c703cb0014ccf6e5af35b87e6d3049ba380,
01.0821,1,peSf~,gatO,गतौ,822,single_gloss,1,gatO,One source gloss; no attempt to invent finer senses within it.,,,,[],01.0821,not_flagged_by_exact_citation_check,,https://raw.githubusercontent.com/ambuda-org/vidyut/f3ba4167d40eebc4b3023d24e66867aa6a8cdb32/vidyut-prakriya/data/dhatupatha.tsv,bb2013ead0ea536dc7f887164c385c703cb0014ccf6e5af35b87e6d3049ba380,
01.0822,1,hase~,hasane,हसने,823,single_gloss,1,hasane,One source gloss; no attempt to invent finer senses within it.,,,,[],01.0822,not_flagged_by_exact_citation_check,01.0822,https://raw.githubusercontent.com/ambuda-org/vidyut/f3ba4167d40eebc4b3023d24e66867aa6a8cdb32/vidyut-prakriya/data/dhatupatha.tsv,bb2013ead0ea536dc7f887164c385c703cb0014ccf6e5af35b87e6d3049ba380,
01.0823,1,RiSa~,samADO,समाधौ,824,single_gloss,1,samADO,One source gloss; no attempt to invent finer senses within it.,,,,[],01.0823,not_flagged_by_exact_citation_check,01.0823,https://raw.githubusercontent.com/ambuda-org/vidyut/f3ba4167d40eebc4b3023d24e66867aa6a8cdb32/vidyut-prakriya/data/dhatupatha.tsv,bb2013ead0ea536dc7f887164c385c703cb0014ccf6e5af35b87e6d3049ba380,
01.0824,1,miSa~,Sabde rozakfte gatO ca,शब्दे रोषकृते गतौ च,825,enumerated_glosses,2,Sabde rozakfte; gatO,Visible enumeration; semantic overlap still belongs to lexical review.,,,,[],01.0824,not_flagged_by_exact_citation_check,01.0824,https://raw.githubusercontent.com/ambuda-org/vidyut/f3ba4167d40eebc4b3023d24e66867aa6a8cdb32/vidyut-prakriya/data/dhatupatha.tsv,bb2013ead0ea536dc7f887164c385c703cb0014ccf6e5af35b87e6d3049ba380,
01.0825,1,maSa~,Sabde rozakfte gatO ca,शब्दे रोषकृते गतौ च,826,enumerated_glosses,2,Sabde rozakfte; gatO,Visible enumeration; semantic overlap still belongs to lexical review.,,,,[],01.0825,not_flagged_by_exact_citation_check,01.0825,https://raw.githubusercontent.com/ambuda-org/vidyut/f3ba4167d40eebc4b3023d24e66867aa6a8cdb32/vidyut-prakriya/data/dhatupatha.tsv,bb2013ead0ea536dc7f887164c385c703cb0014ccf6e5af35b87e6d3049ba380,
01.0826,1,Sava~,gatO,गतौ,827,single_gloss,1,gatO,One source gloss; no attempt to invent finer senses within it.,,,,[],01.0826,not_flagged_by_exact_citation_check,01.0826,https://raw.githubusercontent.com/ambuda-org/vidyut/f3ba4167d40eebc4b3023d24e66867aa6a8cdb32/vidyut-prakriya/data/dhatupatha.tsv,bb2013ead0ea536dc7f887164c385c703cb0014ccf6e5af35b87e6d3049ba380,
01.0827,1,SaSa~,plutagatO,प्लुतगतौ,828,single_gloss,1,plutagatO,One source gloss; no attempt to invent finer senses within it.,,,,[],01.0827,not_flagged_by_exact_citation_check,01.0827,https://raw.githubusercontent.com/ambuda-org/vidyut/f3ba4167d40eebc4b3023d24e66867aa6a8cdb32/vidyut-prakriya/data/dhatupatha.tsv,bb2013ead0ea536dc7f887164c385c703cb0014ccf6e5af35b87e6d3049ba380,
01.0828,1,Sasu~,hiMsAyAm,हिंसायाम्,829,single_gloss,1,hiMsAyAm,One source gloss; no attempt to invent finer senses within it.,,,,[],01.0828,not_flagged_by_exact_citation_check,01.0828,https://raw.githubusercontent.com/ambuda-org/vidyut/f3ba4167d40eebc4b3023d24e66867aa6a8cdb32/vidyut-prakriya/data/dhatupatha.tsv,bb2013ead0ea536dc7f887164c385c703cb0014ccf6e5af35b87e6d3049ba380,
01.0829,1,Sansu~,stutO,स्तुतौ,830,single_gloss,1,stutO,One source gloss; no attempt to invent finer senses within it.,,,,[],01.0829,not_flagged_by_exact_citation_check,,https://raw.githubusercontent.com/ambuda-org/vidyut/f3ba4167d40eebc4b3023d24e66867aa6a8cdb32/vidyut-prakriya/data/dhatupatha.tsv,bb2013ead0ea536dc7f887164c385c703cb0014ccf6e5af35b87e6d3049ba380,
01.0830,1,caha~,parikalkane,परिकल्कने,831,single_gloss,1,parikalkane,One source gloss; no attempt to invent finer senses within it.,,,,[],01.0830,merge_shared_meanings,01.0830,https://raw.githubusercontent.com/ambuda-org/vidyut/f3ba4167d40eebc4b3023d24e66867aa6a8cdb32/vidyut-prakriya/data/dhatupatha.tsv,bb2013ead0ea536dc7f887164c385c703cb0014ccf6e5af35b87e6d3049ba380,IR45
01.0831,1,maha~,pUjAyAm,पूजायाम्,832,single_gloss,1,pUjAyAm,One source gloss; no attempt to invent finer senses within it.,,,,[],01.0831,not_flagged_by_exact_citation_check,01.0831,https://raw.githubusercontent.com/ambuda-org/vidyut/f3ba4167d40eebc4b3023d24e66867aa6a8cdb32/vidyut-prakriya/data/dhatupatha.tsv,bb2013ead0ea536dc7f887164c385c703cb0014ccf6e5af35b87e6d3049ba380,
01.0832,1,raha~,tyAge,त्यागे,833,single_gloss,1,tyAge,One source gloss; no attempt to invent finer senses within it.,,,,[],01.0832,merge_shared_meanings,01.0832,https://raw.githubusercontent.com/ambuda-org/vidyut/f3ba4167d40eebc4b3023d24e66867aa6a8cdb32/vidyut-prakriya/data/dhatupatha.tsv,bb2013ead0ea536dc7f887164c385c703cb0014ccf6e5af35b87e6d3049ba380,IR162
01.0833,1,rahi~,gatO,गतौ,834,single_gloss,1,gatO,One source gloss; no attempt to invent finer senses within it.,,,,[],01.0833,retain_distinct_meanings,01.0833,https://raw.githubusercontent.com/ambuda-org/vidyut/f3ba4167d40eebc4b3023d24e66867aa6a8cdb32/vidyut-prakriya/data/dhatupatha.tsv,bb2013ead0ea536dc7f887164c385c703cb0014ccf6e5af35b87e6d3049ba380,IR163
01.0834,1,dfha~,vfdDO,वृद्धौ,835,single_gloss,1,vfdDO,One source gloss; no attempt to invent finer senses within it.,,,,[],01.0834,not_flagged_by_exact_citation_check,01.0834,https://raw.githubusercontent.com/ambuda-org/vidyut/f3ba4167d40eebc4b3023d24e66867aa6a8cdb32/vidyut-prakriya/data/dhatupatha.tsv,bb2013ead0ea536dc7f887164c385c703cb0014ccf6e5af35b87e6d3049ba380,
01.0835,1,dfhi~,vfdDO,वृद्धौ,836,single_gloss,1,vfdDO,One source gloss; no attempt to invent finer senses within it.,,,,[],01.0835,not_flagged_by_exact_citation_check,01.0835,https://raw.githubusercontent.com/ambuda-org/vidyut/f3ba4167d40eebc4b3023d24e66867aa6a8cdb32/vidyut-prakriya/data/dhatupatha.tsv,bb2013ead0ea536dc7f887164c385c703cb0014ccf6e5af35b87e6d3049ba380,
01.0836,1,bfha~,vfdDO,वृद्धौ,837,single_gloss,1,vfdDO,One source gloss; no attempt to invent finer senses within it.,,,,[],01.0836,not_flagged_by_exact_citation_check,01.0836,https://raw.githubusercontent.com/ambuda-org/vidyut/f3ba4167d40eebc4b3023d24e66867aa6a8cdb32/vidyut-prakriya/data/dhatupatha.tsv,bb2013ead0ea536dc7f887164c385c703cb0014ccf6e5af35b87e6d3049ba380,
01.0837,1,bfhi~,vfdDO Sabde ca,वृद्धौ शब्दे च,838,enumerated_glosses,2,vfdDO; Sabde,Visible enumeration; semantic overlap still belongs to lexical review.,,,,[],01.0837,open,01.0837,https://raw.githubusercontent.com/ambuda-org/vidyut/f3ba4167d40eebc4b3023d24e66867aa6a8cdb32/vidyut-prakriya/data/dhatupatha.tsv,bb2013ead0ea536dc7f887164c385c703cb0014ccf6e5af35b87e6d3049ba380,IR41
01.0838,1,tuhi~r,ardane,अर्दने,839,single_gloss,1,ardane,One source gloss; no attempt to invent finer senses within it.,,,,[],01.0838,not_flagged_by_exact_citation_check,01.0838,https://raw.githubusercontent.com/ambuda-org/vidyut/f3ba4167d40eebc4b3023d24e66867aa6a8cdb32/vidyut-prakriya/data/dhatupatha.tsv,bb2013ead0ea536dc7f887164c385c703cb0014ccf6e5af35b87e6d3049ba380,
01.0839,1,duhi~r,ardane,अर्दने,840,single_gloss,1,ardane,One source gloss; no attempt to invent finer senses within it.,,,,[],01.0839,not_flagged_by_exact_citation_check,01.0839,https://raw.githubusercontent.com/ambuda-org/vidyut/f3ba4167d40eebc4b3023d24e66867aa6a8cdb32/vidyut-prakriya/data/dhatupatha.tsv,bb2013ead0ea536dc7f887164c385c703cb0014ccf6e5af35b87e6d3049ba380,
01.0840,1,uhi~r,ardane,अर्दने,841,single_gloss,1,ardane,One source gloss; no attempt to invent finer senses within it.,,,,[],01.0840,not_flagged_by_exact_citation_check,01.0840,https://raw.githubusercontent.com/ambuda-org/vidyut/f3ba4167d40eebc4b3023d24e66867aa6a8cdb32/vidyut-prakriya/data/dhatupatha.tsv,bb2013ead0ea536dc7f887164c385c703cb0014ccf6e5af35b87e6d3049ba380,
01.0841,1,arha~,pUjAyAm,पूजायाम्,842,single_gloss,1,pUjAyAm,One source gloss; no attempt to invent finer senses within it.,,,,[],01.0841,merge_shared_meanings,01.0841,https://raw.githubusercontent.com/ambuda-org/vidyut/f3ba4167d40eebc4b3023d24e66867aa6a8cdb32/vidyut-prakriya/data/dhatupatha.tsv,bb2013ead0ea536dc7f887164c385c703cb0014ccf6e5af35b87e6d3049ba380,IR37
01.0842,1,dyuta~\,dIptO,दीप्तौ,843,single_gloss,1,dIptO,One source gloss; no attempt to invent finer senses within it.,,,,[],01.0842,not_flagged_by_exact_citation_check,01.0842,https://raw.githubusercontent.com/ambuda-org/vidyut/f3ba4167d40eebc4b3023d24e66867aa6a8cdb32/vidyut-prakriya/data/dhatupatha.tsv,bb2013ead0ea536dc7f887164c385c703cb0014ccf6e5af35b87e6d3049ba380,
01.0843,1,SvitA~\,varRe,वर्णे,844,single_gloss,1,varRe,One source gloss; no attempt to invent finer senses within it.,,,,[],01.0843,not_flagged_by_exact_citation_check,,https://raw.githubusercontent.com/ambuda-org/vidyut/f3ba4167d40eebc4b3023d24e66867aa6a8cdb32/vidyut-prakriya/data/dhatupatha.tsv,bb2013ead0ea536dc7f887164c385c703cb0014ccf6e5af35b87e6d3049ba380,
01.0844,1,YimidA~\,snehane,स्नेहने,845,single_gloss,1,snehane,One source gloss; no attempt to invent finer senses within it.,,,,[],01.0844,not_flagged_by_exact_citation_check,01.0844,https://raw.githubusercontent.com/ambuda-org/vidyut/f3ba4167d40eebc4b3023d24e66867aa6a8cdb32/vidyut-prakriya/data/dhatupatha.tsv,bb2013ead0ea536dc7f887164c385c703cb0014ccf6e5af35b87e6d3049ba380,
01.0845,1,YizvidA~\,snehanamocanayoH gAtraprasravaRe ca,स्नेहनमोचनयोः गात्रप्रस्रवणे च,846,enumerated_glosses,3,snehane; mocane; gAtraprasravaRe,Visible enumeration; semantic overlap still belongs to lexical review.,,,,[],01.0845,not_flagged_by_exact_citation_check,01.0845,https://raw.githubusercontent.com/ambuda-org/vidyut/f3ba4167d40eebc4b3023d24e66867aa6a8cdb32/vidyut-prakriya/data/dhatupatha.tsv,bb2013ead0ea536dc7f887164c385c703cb0014ccf6e5af35b87e6d3049ba380,
01.0846,1,YikzvidA~\,snehanamocanayoH,स्नेहनमोचनयोः,847,enumerated_glosses,2,snehane; mocane,Explicit analyst segmentation; retain the original compound for review.,,,,[],01.0846,not_flagged_by_exact_citation_check,,https://raw.githubusercontent.com/ambuda-org/vidyut/f3ba4167d40eebc4b3023d24e66867aa6a8cdb32/vidyut-prakriya/data/dhatupatha.tsv,bb2013ead0ea536dc7f887164c385c703cb0014ccf6e5af35b87e6d3049ba380,
01.0847,1,ruca~\,dIptAvaBiprItO ca,दीप्तावभिप्रीतौ च,848,enumerated_glosses,2,dIptO; aBiprItO,Explicit analyst segmentation; retain the original compound for review.,,,,[],01.0847,not_flagged_by_exact_citation_check,01.0847,https://raw.githubusercontent.com/ambuda-org/vidyut/f3ba4167d40eebc4b3023d24e66867aa6a8cdb32/vidyut-prakriya/data/dhatupatha.tsv,bb2013ead0ea536dc7f887164c385c703cb0014ccf6e5af35b87e6d3049ba380,
01.0848,1,Guwa~\,parivartane,परिवर्तने,849,single_gloss,1,parivartane,One source gloss; no attempt to invent finer senses within it.,,,,[],01.0848,not_flagged_by_exact_citation_check,01.0848,https://raw.githubusercontent.com/ambuda-org/vidyut/f3ba4167d40eebc4b3023d24e66867aa6a8cdb32/vidyut-prakriya/data/dhatupatha.tsv,bb2013ead0ea536dc7f887164c385c703cb0014ccf6e5af35b87e6d3049ba380,
01.0849,1,ruwa~\,pratiGAte,प्रतिघाते,850,single_gloss,1,pratiGAte,One source gloss; no attempt to invent finer senses within it.,,,,[],01.0849,not_flagged_by_exact_citation_check,01.0849,https://raw.githubusercontent.com/ambuda-org/vidyut/f3ba4167d40eebc4b3023d24e66867aa6a8cdb32/vidyut-prakriya/data/dhatupatha.tsv,bb2013ead0ea536dc7f887164c385c703cb0014ccf6e5af35b87e6d3049ba380,
01.0850,1,luwa~\,pratiGAte,प्रतिघाते,851,single_gloss,1,pratiGAte,One source gloss; no attempt to invent finer senses within it.,,,,[],01.0850,not_flagged_by_exact_citation_check,01.0850,https://raw.githubusercontent.com/ambuda-org/vidyut/f3ba4167d40eebc4b3023d24e66867aa6a8cdb32/vidyut-prakriya/data/dhatupatha.tsv,bb2013ead0ea536dc7f887164c385c703cb0014ccf6e5af35b87e6d3049ba380,
01.0851,1,luWa~\,pratiGAte,प्रतिघाते,852,single_gloss,1,pratiGAte,One source gloss; no attempt to invent finer senses within it.,,,,[],01.0851,not_flagged_by_exact_citation_check,01.0851,https://raw.githubusercontent.com/ambuda-org/vidyut/f3ba4167d40eebc4b3023d24e66867aa6a8cdb32/vidyut-prakriya/data/dhatupatha.tsv,bb2013ead0ea536dc7f887164c385c703cb0014ccf6e5af35b87e6d3049ba380,
01.0852,1,vfha~,vfdDO,वृद्धौ,853,single_gloss,1,vfdDO,One source gloss; no attempt to invent finer senses within it.,,,,[],01.0852,not_flagged_by_exact_citation_check,,https://raw.githubusercontent.com/ambuda-org/vidyut/f3ba4167d40eebc4b3023d24e66867aa6a8cdb32/vidyut-prakriya/data/dhatupatha.tsv,bb2013ead0ea536dc7f887164c385c703cb0014ccf6e5af35b87e6d3049ba380,
01.0853,1,SuBa~\,dIptO,दीप्तौ,854,single_gloss,1,dIptO,One source gloss; no attempt to invent finer senses within it.,,,,[],01.0853,not_flagged_by_exact_citation_check,01.0853,https://raw.githubusercontent.com/ambuda-org/vidyut/f3ba4167d40eebc4b3023d24e66867aa6a8cdb32/vidyut-prakriya/data/dhatupatha.tsv,bb2013ead0ea536dc7f887164c385c703cb0014ccf6e5af35b87e6d3049ba380,
01.0854,1,kzuBa~\,saYcalane,सञ्चलने,855,single_gloss,1,saYcalane,One source gloss; no attempt to invent finer senses within it.,,,,[],01.0854,not_flagged_by_exact_citation_check,01.0854,https://raw.githubusercontent.com/ambuda-org/vidyut/f3ba4167d40eebc4b3023d24e66867aa6a8cdb32/vidyut-prakriya/data/dhatupatha.tsv,bb2013ead0ea536dc7f887164c385c703cb0014ccf6e5af35b87e6d3049ba380,
01.0855,1,RaBa~\,hiMsAyAm aBAve ca,हिंसायाम् अभावे च,856,enumerated_glosses,2,hiMsAyAm; aBAve,Visible enumeration; semantic overlap still belongs to lexical review.,,,,[],01.0855,not_flagged_by_exact_citation_check,01.0855,https://raw.githubusercontent.com/ambuda-org/vidyut/f3ba4167d40eebc4b3023d24e66867aa6a8cdb32/vidyut-prakriya/data/dhatupatha.tsv,bb2013ead0ea536dc7f887164c385c703cb0014ccf6e5af35b87e6d3049ba380,
01.0856,1,tuBa~\,hiMsAyAm,हिंसायाम्,857,single_gloss,1,hiMsAyAm,One source gloss; no attempt to invent finer senses within it.,,,,[],01.0856,not_flagged_by_exact_citation_check,01.0856,https://raw.githubusercontent.com/ambuda-org/vidyut/f3ba4167d40eebc4b3023d24e66867aa6a8cdb32/vidyut-prakriya/data/dhatupatha.tsv,bb2013ead0ea536dc7f887164c385c703cb0014ccf6e5af35b87e6d3049ba380,
01.0857,1,sransu~\,avasraMsane,अवस्रंसने,858,single_gloss,1,avasraMsane,One source gloss; no attempt to invent finer senses within it.,,,,[],01.0857,not_flagged_by_exact_citation_check,,https://raw.githubusercontent.com/ambuda-org/vidyut/f3ba4167d40eebc4b3023d24e66867aa6a8cdb32/vidyut-prakriya/data/dhatupatha.tsv,bb2013ead0ea536dc7f887164c385c703cb0014ccf6e5af35b87e6d3049ba380,
01.0858,1,Dvansu~\,avasraMsane gatO ca,अवस्रंसने गतौ च,859,enumerated_glosses,2,avasraMsane; gatO,Visible enumeration; semantic overlap still belongs to lexical review.,,,,[],01.0858,not_flagged_by_exact_citation_check,,https://raw.githubusercontent.com/ambuda-org/vidyut/f3ba4167d40eebc4b3023d24e66867aa6a8cdb32/vidyut-prakriya/data/dhatupatha.tsv,bb2013ead0ea536dc7f887164c385c703cb0014ccf6e5af35b87e6d3049ba380,
01.0859,1,Bransu~\,avasraMsane,अवस्रंसने,860,single_gloss,1,avasraMsane,One source gloss; no attempt to invent finer senses within it.,,,,[],01.0859,not_flagged_by_exact_citation_check,,https://raw.githubusercontent.com/ambuda-org/vidyut/f3ba4167d40eebc4b3023d24e66867aa6a8cdb32/vidyut-prakriya/data/dhatupatha.tsv,bb2013ead0ea536dc7f887164c385c703cb0014ccf6e5af35b87e6d3049ba380,
01.0860,1,BranSu~\,avasraMsane,अवस्रंसने,861,single_gloss,1,avasraMsane,One source gloss; no attempt to invent finer senses within it.,,,,[],01.0860,not_flagged_by_exact_citation_check,,https://raw.githubusercontent.com/ambuda-org/vidyut/f3ba4167d40eebc4b3023d24e66867aa6a8cdb32/vidyut-prakriya/data/dhatupatha.tsv,bb2013ead0ea536dc7f887164c385c703cb0014ccf6e5af35b87e6d3049ba380,
01.0861,1,sranBu~\,viSvAse,विश्वासे,862,single_gloss,1,viSvAse,One source gloss; no attempt to invent finer senses within it.,,,,[],01.0861,retain_distinct_meanings,,https://raw.githubusercontent.com/ambuda-org/vidyut/f3ba4167d40eebc4b3023d24e66867aa6a8cdb32/vidyut-prakriya/data/dhatupatha.tsv,bb2013ead0ea536dc7f887164c385c703cb0014ccf6e5af35b87e6d3049ba380,IR175
01.0862,1,vftu~\,vartane,वर्तने,863,single_gloss,1,vartane,One source gloss; no attempt to invent finer senses within it.,,,,[],01.0862,retain_distinct_meanings,01.0862,https://raw.githubusercontent.com/ambuda-org/vidyut/f3ba4167d40eebc4b3023d24e66867aa6a8cdb32/vidyut-prakriya/data/dhatupatha.tsv,bb2013ead0ea536dc7f887164c385c703cb0014ccf6e5af35b87e6d3049ba380,IR203
01.0863,1,vfDu~\,vfdDO,वृद्धौ,864,single_gloss,1,vfdDO,One source gloss; no attempt to invent finer senses within it.,,,,[],01.0863,not_flagged_by_exact_citation_check,01.0863,https://raw.githubusercontent.com/ambuda-org/vidyut/f3ba4167d40eebc4b3023d24e66867aa6a8cdb32/vidyut-prakriya/data/dhatupatha.tsv,bb2013ead0ea536dc7f887164c385c703cb0014ccf6e5af35b87e6d3049ba380,
01.0864,1,SfDu~\,undane SabdakutsAyAm ca,उन्दने शब्दकुत्सायाम् च,865,enumerated_glosses,2,undane; SabdakutsAyAm,Visible enumeration; semantic overlap still belongs to lexical review.,,,,[],01.0864,not_flagged_by_exact_citation_check,01.0864,https://raw.githubusercontent.com/ambuda-org/vidyut/f3ba4167d40eebc4b3023d24e66867aa6a8cdb32/vidyut-prakriya/data/dhatupatha.tsv,bb2013ead0ea536dc7f887164c385c703cb0014ccf6e5af35b87e6d3049ba380,
01.0865,1,syandU~\,prasravaRe,प्रस्रवणे,866,single_gloss,1,prasravaRe,One source gloss; no attempt to invent finer senses within it.,,,,[],01.0865,not_flagged_by_exact_citation_check,01.0865,https://raw.githubusercontent.com/ambuda-org/vidyut/f3ba4167d40eebc4b3023d24e66867aa6a8cdb32/vidyut-prakriya/data/dhatupatha.tsv,bb2013ead0ea536dc7f887164c385c703cb0014ccf6e5af35b87e6d3049ba380,
01.0866,1,kfpU~\,sAmarTye,सामर्थ्ये,867,single_gloss,1,sAmarTye,One source gloss; no attempt to invent finer senses within it.,,,,[],01.0866,not_flagged_by_exact_citation_check,01.0866,https://raw.githubusercontent.com/ambuda-org/vidyut/f3ba4167d40eebc4b3023d24e66867aa6a8cdb32/vidyut-prakriya/data/dhatupatha.tsv,bb2013ead0ea536dc7f887164c385c703cb0014ccf6e5af35b87e6d3049ba380,
01.0867,1,Gawa~\,cezwAyAm,चेष्टायाम्,868,single_gloss,1,cezwAyAm,One source gloss; no attempt to invent finer senses within it.,,,,[],01.0867,not_flagged_by_exact_citation_check,01.0867,https://raw.githubusercontent.com/ambuda-org/vidyut/f3ba4167d40eebc4b3023d24e66867aa6a8cdb32/vidyut-prakriya/data/dhatupatha.tsv,bb2013ead0ea536dc7f887164c385c703cb0014ccf6e5af35b87e6d3049ba380,
01.0868,1,vyaTa~\,BayasaYcalanayoH,भयसञ्चलनयोः,869,enumerated_glosses,2,Baye; saYcalane,Explicit analyst segmentation; retain the original compound for review.,,,,[],01.0868,not_flagged_by_exact_citation_check,01.0868,https://raw.githubusercontent.com/ambuda-org/vidyut/f3ba4167d40eebc4b3023d24e66867aa6a8cdb32/vidyut-prakriya/data/dhatupatha.tsv,bb2013ead0ea536dc7f887164c385c703cb0014ccf6e5af35b87e6d3049ba380,
01.0869,1,praTa~\,praKyAne,प्रख्याने,870,single_gloss,1,praKyAne,One source gloss; no attempt to invent finer senses within it.,,,,[],01.0869,not_flagged_by_exact_citation_check,01.0869,https://raw.githubusercontent.com/ambuda-org/vidyut/f3ba4167d40eebc4b3023d24e66867aa6a8cdb32/vidyut-prakriya/data/dhatupatha.tsv,bb2013ead0ea536dc7f887164c385c703cb0014ccf6e5af35b87e6d3049ba380,
01.0870,1,prasa~\,vistAre,विस्तारे,871,single_gloss,1,vistAre,One source gloss; no attempt to invent finer senses within it.,,,,[],01.0870,not_flagged_by_exact_citation_check,01.0870,https://raw.githubusercontent.com/ambuda-org/vidyut/f3ba4167d40eebc4b3023d24e66867aa6a8cdb32/vidyut-prakriya/data/dhatupatha.tsv,bb2013ead0ea536dc7f887164c385c703cb0014ccf6e5af35b87e6d3049ba380,
01.0871,1,mrada~\,mardane,मर्दने,872,single_gloss,1,mardane,One source gloss; no attempt to invent finer senses within it.,,,,[],01.0871,not_flagged_by_exact_citation_check,01.0871,https://raw.githubusercontent.com/ambuda-org/vidyut/f3ba4167d40eebc4b3023d24e66867aa6a8cdb32/vidyut-prakriya/data/dhatupatha.tsv,bb2013ead0ea536dc7f887164c385c703cb0014ccf6e5af35b87e6d3049ba380,
01.0872,1,sKada~\,sKadane,स्खदने,873,single_gloss,1,sKadane,One source gloss; no attempt to invent finer senses within it.,,,,[],01.0872,not_flagged_by_exact_citation_check,01.0872,https://raw.githubusercontent.com/ambuda-org/vidyut/f3ba4167d40eebc4b3023d24e66867aa6a8cdb32/vidyut-prakriya/data/dhatupatha.tsv,bb2013ead0ea536dc7f887164c385c703cb0014ccf6e5af35b87e6d3049ba380,
01.0873,1,kzaji~\,gatidAnayoH,गतिदानयोः,874,enumerated_glosses,2,gatO; dAne,Explicit analyst segmentation; retain the original compound for review.,,,,[],01.0873,not_flagged_by_exact_citation_check,01.0873,https://raw.githubusercontent.com/ambuda-org/vidyut/f3ba4167d40eebc4b3023d24e66867aa6a8cdb32/vidyut-prakriya/data/dhatupatha.tsv,bb2013ead0ea536dc7f887164c385c703cb0014ccf6e5af35b87e6d3049ba380,
01.0874,1,dakza~\,gatihiMsanaSAsanavfdDiSIGrArTezu,गतिहिंसनशासनवृद्धिशीघ्रार्थेषु,875,enumerated_glosses,5,gatO; hiMsane; SAsane; vfdDO; SIGrArTe,Explicit analyst segmentation; retain the original compound for review.,,,,[],01.0874,merge_shared_meanings,01.0874,https://raw.githubusercontent.com/ambuda-org/vidyut/f3ba4167d40eebc4b3023d24e66867aa6a8cdb32/vidyut-prakriya/data/dhatupatha.tsv,bb2013ead0ea536dc7f887164c385c703cb0014ccf6e5af35b87e6d3049ba380,IR57
01.0875,1,kfpa~\,kfpAyAM gatO ca,कृपायां गतौ च,876,enumerated_glosses,2,kfpAyAM; gatO,Visible enumeration; semantic overlap still belongs to lexical review.,,,,[],01.0875,not_flagged_by_exact_citation_check,01.0875,https://raw.githubusercontent.com/ambuda-org/vidyut/f3ba4167d40eebc4b3023d24e66867aa6a8cdb32/vidyut-prakriya/data/dhatupatha.tsv,bb2013ead0ea536dc7f887164c385c703cb0014ccf6e5af35b87e6d3049ba380,
01.0876,1,krapa~\,kfpAyAM gatO ca,कृपायां गतौ च,877,enumerated_glosses,2,kfpAyAM; gatO,Visible enumeration; semantic overlap still belongs to lexical review.,,,,[],01.0876,not_flagged_by_exact_citation_check,01.0876,https://raw.githubusercontent.com/ambuda-org/vidyut/f3ba4167d40eebc4b3023d24e66867aa6a8cdb32/vidyut-prakriya/data/dhatupatha.tsv,bb2013ead0ea536dc7f887164c385c703cb0014ccf6e5af35b87e6d3049ba380,
01.0877,1,vfhi~,vfdDO Sabde ca,वृद्धौ शब्दे च,878,enumerated_glosses,2,vfdDO; Sabde,Visible enumeration; semantic overlap still belongs to lexical review.,,,,[],01.0877,not_flagged_by_exact_citation_check,,https://raw.githubusercontent.com/ambuda-org/vidyut/f3ba4167d40eebc4b3023d24e66867aa6a8cdb32/vidyut-prakriya/data/dhatupatha.tsv,bb2013ead0ea536dc7f887164c385c703cb0014ccf6e5af35b87e6d3049ba380,
01.0878,1,kadi~\,vEklavye,वैक्लव्ये,879,single_gloss,1,vEklavye,One source gloss; no attempt to invent finer senses within it.,,,,[],01.0878,not_flagged_by_exact_citation_check,01.0878,https://raw.githubusercontent.com/ambuda-org/vidyut/f3ba4167d40eebc4b3023d24e66867aa6a8cdb32/vidyut-prakriya/data/dhatupatha.tsv,bb2013ead0ea536dc7f887164c385c703cb0014ccf6e5af35b87e6d3049ba380,
01.0879,1,kradi~\,vEklavye,वैक्लव्ये,880,single_gloss,1,vEklavye,One source gloss; no attempt to invent finer senses within it.,,,,[],01.0879,not_flagged_by_exact_citation_check,01.0879,https://raw.githubusercontent.com/ambuda-org/vidyut/f3ba4167d40eebc4b3023d24e66867aa6a8cdb32/vidyut-prakriya/data/dhatupatha.tsv,bb2013ead0ea536dc7f887164c385c703cb0014ccf6e5af35b87e6d3049ba380,
01.0880,1,kladi~\,vEklavye,वैक्लव्ये,881,single_gloss,1,vEklavye,One source gloss; no attempt to invent finer senses within it.,,,,[],01.0880,not_flagged_by_exact_citation_check,01.0880,https://raw.githubusercontent.com/ambuda-org/vidyut/f3ba4167d40eebc4b3023d24e66867aa6a8cdb32/vidyut-prakriya/data/dhatupatha.tsv,bb2013ead0ea536dc7f887164c385c703cb0014ccf6e5af35b87e6d3049ba380,
01.0881,1,kada~\,vEklavye,वैक्लव्ये,882,single_gloss,1,vEklavye,One source gloss; no attempt to invent finer senses within it.,,,,[],01.0881,not_flagged_by_exact_citation_check,01.0881,https://raw.githubusercontent.com/ambuda-org/vidyut/f3ba4167d40eebc4b3023d24e66867aa6a8cdb32/vidyut-prakriya/data/dhatupatha.tsv,bb2013ead0ea536dc7f887164c385c703cb0014ccf6e5af35b87e6d3049ba380,
01.0882,1,krada~\,vEklavye,वैक्लव्ये,883,single_gloss,1,vEklavye,One source gloss; no attempt to invent finer senses within it.,,,,[],01.0882,not_flagged_by_exact_citation_check,01.0882,https://raw.githubusercontent.com/ambuda-org/vidyut/f3ba4167d40eebc4b3023d24e66867aa6a8cdb32/vidyut-prakriya/data/dhatupatha.tsv,bb2013ead0ea536dc7f887164c385c703cb0014ccf6e5af35b87e6d3049ba380,
01.0883,1,klada~\,vEklavye,वैक्लव्ये,884,single_gloss,1,vEklavye,One source gloss; no attempt to invent finer senses within it.,,,,[],01.0883,not_flagged_by_exact_citation_check,01.0883,https://raw.githubusercontent.com/ambuda-org/vidyut/f3ba4167d40eebc4b3023d24e66867aa6a8cdb32/vidyut-prakriya/data/dhatupatha.tsv,bb2013ead0ea536dc7f887164c385c703cb0014ccf6e5af35b87e6d3049ba380,
01.0884,1,YitvarA~\,samBrame,सम्भ्रमे,885,single_gloss,1,samBrame,One source gloss; no attempt to invent finer senses within it.,,,,[],01.0884,not_flagged_by_exact_citation_check,01.0884,https://raw.githubusercontent.com/ambuda-org/vidyut/f3ba4167d40eebc4b3023d24e66867aa6a8cdb32/vidyut-prakriya/data/dhatupatha.tsv,bb2013ead0ea536dc7f887164c385c703cb0014ccf6e5af35b87e6d3049ba380,
01.0885,1,jvara~,roge,रोगे,886,single_gloss,1,roge,One source gloss; no attempt to invent finer senses within it.,,,,[],01.0885,not_flagged_by_exact_citation_check,01.0885,https://raw.githubusercontent.com/ambuda-org/vidyut/f3ba4167d40eebc4b3023d24e66867aa6a8cdb32/vidyut-prakriya/data/dhatupatha.tsv,bb2013ead0ea536dc7f887164c385c703cb0014ccf6e5af35b87e6d3049ba380,
01.0886,1,gaqa~,secane,सेचने,887,single_gloss,1,secane,One source gloss; no attempt to invent finer senses within it.,,,,[],01.0886,not_flagged_by_exact_citation_check,01.0886,https://raw.githubusercontent.com/ambuda-org/vidyut/f3ba4167d40eebc4b3023d24e66867aa6a8cdb32/vidyut-prakriya/data/dhatupatha.tsv,bb2013ead0ea536dc7f887164c385c703cb0014ccf6e5af35b87e6d3049ba380,
01.0887,1,heqa~,vezwane,वेष्टने,888,single_gloss,1,vezwane,One source gloss; no attempt to invent finer senses within it.,,,,[],01.0887,not_flagged_by_exact_citation_check,01.0887,https://raw.githubusercontent.com/ambuda-org/vidyut/f3ba4167d40eebc4b3023d24e66867aa6a8cdb32/vidyut-prakriya/data/dhatupatha.tsv,bb2013ead0ea536dc7f887164c385c703cb0014ccf6e5af35b87e6d3049ba380,
01.0888,1,vawa~,pariBAzaRe,परिभाषणे,889,single_gloss,1,pariBAzaRe,One source gloss; no attempt to invent finer senses within it.,,,,[],01.0888,retain_distinct_meanings,01.0888,https://raw.githubusercontent.com/ambuda-org/vidyut/f3ba4167d40eebc4b3023d24e66867aa6a8cdb32/vidyut-prakriya/data/dhatupatha.tsv,bb2013ead0ea536dc7f887164c385c703cb0014ccf6e5af35b87e6d3049ba380,IR199
01.0889,1,Bawa~,pariBAzaRe,परिभाषणे,890,single_gloss,1,pariBAzaRe,One source gloss; no attempt to invent finer senses within it.,,,,[],01.0889,retain_distinct_meanings,01.0889,https://raw.githubusercontent.com/ambuda-org/vidyut/f3ba4167d40eebc4b3023d24e66867aa6a8cdb32/vidyut-prakriya/data/dhatupatha.tsv,bb2013ead0ea536dc7f887164c385c703cb0014ccf6e5af35b87e6d3049ba380,IR03
01.0890,1,Rawa~,nfttO gatO ca,नृत्तौ गतौ च,891,enumerated_glosses,2,nfttO; gatO,Visible enumeration; semantic overlap still belongs to lexical review.,,,,[],01.0890,open,01.0890,https://raw.githubusercontent.com/ambuda-org/vidyut/f3ba4167d40eebc4b3023d24e66867aa6a8cdb32/vidyut-prakriya/data/dhatupatha.tsv,bb2013ead0ea536dc7f887164c385c703cb0014ccf6e5af35b87e6d3049ba380,IR19
01.0891,1,zwaka~,pratiGAte,प्रतिघाते,892,single_gloss,1,pratiGAte,One source gloss; no attempt to invent finer senses within it.,,,,[],01.0891,not_flagged_by_exact_citation_check,01.0891,https://raw.githubusercontent.com/ambuda-org/vidyut/f3ba4167d40eebc4b3023d24e66867aa6a8cdb32/vidyut-prakriya/data/dhatupatha.tsv,bb2013ead0ea536dc7f887164c385c703cb0014ccf6e5af35b87e6d3049ba380,
01.0892,1,caka~,tfptO,तृप्तौ,893,single_gloss,1,tfptO,One source gloss; no attempt to invent finer senses within it.,,,,[],01.0892,not_flagged_by_exact_citation_check,01.0892,https://raw.githubusercontent.com/ambuda-org/vidyut/f3ba4167d40eebc4b3023d24e66867aa6a8cdb32/vidyut-prakriya/data/dhatupatha.tsv,bb2013ead0ea536dc7f887164c385c703cb0014ccf6e5af35b87e6d3049ba380,
01.0893,1,kaKe~,hasane,हसने,894,single_gloss,1,hasane,One source gloss; no attempt to invent finer senses within it.,,,,[],01.0893,not_flagged_by_exact_citation_check,01.0893,https://raw.githubusercontent.com/ambuda-org/vidyut/f3ba4167d40eebc4b3023d24e66867aa6a8cdb32/vidyut-prakriya/data/dhatupatha.tsv,bb2013ead0ea536dc7f887164c385c703cb0014ccf6e5af35b87e6d3049ba380,
01.0894,1,rage~,SaNkAyAm,शङ्कायाम्,895,single_gloss,1,SaNkAyAm,One source gloss; no attempt to invent finer senses within it.,,,,[],01.0894,not_flagged_by_exact_citation_check,01.0894,https://raw.githubusercontent.com/ambuda-org/vidyut/f3ba4167d40eebc4b3023d24e66867aa6a8cdb32/vidyut-prakriya/data/dhatupatha.tsv,bb2013ead0ea536dc7f887164c385c703cb0014ccf6e5af35b87e6d3049ba380,
01.0895,1,lage~,saNge,सङ्गे,896,single_gloss,1,saNge,One source gloss; no attempt to invent finer senses within it.,,,,[],01.0895,not_flagged_by_exact_citation_check,01.0895,https://raw.githubusercontent.com/ambuda-org/vidyut/f3ba4167d40eebc4b3023d24e66867aa6a8cdb32/vidyut-prakriya/data/dhatupatha.tsv,bb2013ead0ea536dc7f887164c385c703cb0014ccf6e5af35b87e6d3049ba380,
01.0896,1,hrage~,saMvaraRe,संवरणे,897,single_gloss,1,saMvaraRe,One source gloss; no attempt to invent finer senses within it.,,,,[],01.0896,not_flagged_by_exact_citation_check,01.0896,https://raw.githubusercontent.com/ambuda-org/vidyut/f3ba4167d40eebc4b3023d24e66867aa6a8cdb32/vidyut-prakriya/data/dhatupatha.tsv,bb2013ead0ea536dc7f887164c385c703cb0014ccf6e5af35b87e6d3049ba380,
01.0897,1,hlage~,saMvaraRe,संवरणे,898,single_gloss,1,saMvaraRe,One source gloss; no attempt to invent finer senses within it.,,,,[],01.0897,not_flagged_by_exact_citation_check,01.0897,https://raw.githubusercontent.com/ambuda-org/vidyut/f3ba4167d40eebc4b3023d24e66867aa6a8cdb32/vidyut-prakriya/data/dhatupatha.tsv,bb2013ead0ea536dc7f887164c385c703cb0014ccf6e5af35b87e6d3049ba380,
01.0898,1,zage~,saMvaraRe,संवरणे,899,single_gloss,1,saMvaraRe,One source gloss; no attempt to invent finer senses within it.,,,,[],01.0898,not_flagged_by_exact_citation_check,01.0898,https://raw.githubusercontent.com/ambuda-org/vidyut/f3ba4167d40eebc4b3023d24e66867aa6a8cdb32/vidyut-prakriya/data/dhatupatha.tsv,bb2013ead0ea536dc7f887164c385c703cb0014ccf6e5af35b87e6d3049ba380,
01.0899,1,zwage~,saMvaraRe,संवरणे,900,single_gloss,1,saMvaraRe,One source gloss; no attempt to invent finer senses within it.,,,,[],01.0899,not_flagged_by_exact_citation_check,,https://raw.githubusercontent.com/ambuda-org/vidyut/f3ba4167d40eebc4b3023d24e66867aa6a8cdb32/vidyut-prakriya/data/dhatupatha.tsv,bb2013ead0ea536dc7f887164c385c703cb0014ccf6e5af35b87e6d3049ba380,
01.0900,1,kage~,anekArTAH,अनेकार्थाः,901,unenumerated,,,"The commentary records general action and many meanings as explanations of the unspecified entry. Neither supplies a list of distinct lexical meanings. Keep the entry outside the numerical subtotal, with a blank count rather than zero.",,MR31,,"[{""filename"": ""dhatu-mA487.html"", ""url"": ""https://sanskrit.uohyd.ac.in/scl/dhaatupaatha/files/mA487.html"", ""accessed_utc"": ""2026-09-12T15:12:36.673967+00:00"", ""sha256"": ""a676b22899f5a5a3ff70e9f6b50ed19d542353d9a7f3f6c424582c12ca702c15"", ""bytes"": 1112}]",01.0900,not_flagged_by_exact_citation_check,01.0900,https://raw.githubusercontent.com/ambuda-org/vidyut/f3ba4167d40eebc4b3023d24e66867aa6a8cdb32/vidyut-prakriya/data/dhatupatha.tsv,bb2013ead0ea536dc7f887164c385c703cb0014ccf6e5af35b87e6d3049ba380,
01.0901,1,aka~,kuwilAyAM gatO,कुटिलायां गतौ,902,single_gloss,1,kuwilAyAM gatO,"A qualified phrase, not one meaning per word.",,,,[],01.0901,not_flagged_by_exact_citation_check,01.0901,https://raw.githubusercontent.com/ambuda-org/vidyut/f3ba4167d40eebc4b3023d24e66867aa6a8cdb32/vidyut-prakriya/data/dhatupatha.tsv,bb2013ead0ea536dc7f887164c385c703cb0014ccf6e5af35b87e6d3049ba380,
01.0902,1,aga~,kuwilAyAM gatO,कुटिलायां गतौ,903,single_gloss,1,kuwilAyAM gatO,"A qualified phrase, not one meaning per word.",,,,[],01.0902,not_flagged_by_exact_citation_check,01.0902,https://raw.githubusercontent.com/ambuda-org/vidyut/f3ba4167d40eebc4b3023d24e66867aa6a8cdb32/vidyut-prakriya/data/dhatupatha.tsv,bb2013ead0ea536dc7f887164c385c703cb0014ccf6e5af35b87e6d3049ba380,
01.0903,1,kaRa~,gatO Sabde ca,गतौ शब्दे च,904,enumerated_glosses,2,gatO; Sabde,Visible enumeration; semantic overlap still belongs to lexical review.,,,,[],01.0903,merge_shared_meanings,01.0903,https://raw.githubusercontent.com/ambuda-org/vidyut/f3ba4167d40eebc4b3023d24e66867aa6a8cdb32/vidyut-prakriya/data/dhatupatha.tsv,bb2013ead0ea536dc7f887164c385c703cb0014ccf6e5af35b87e6d3049ba380,IR93
01.0904,1,raRa~,gatO Sabde ca,गतौ शब्दे च,905,enumerated_glosses,2,gatO; Sabde,Visible enumeration; semantic overlap still belongs to lexical review.,,,,[],01.0904,open,01.0904,https://raw.githubusercontent.com/ambuda-org/vidyut/f3ba4167d40eebc4b3023d24e66867aa6a8cdb32/vidyut-prakriya/data/dhatupatha.tsv,bb2013ead0ea536dc7f887164c385c703cb0014ccf6e5af35b87e6d3049ba380,IR160
01.0905,1,caRa~,dAne gatO ca,दाने गतौ च,906,enumerated_glosses,2,dAne; gatO,Visible enumeration; semantic overlap still belongs to lexical review.,,,,[],01.0905,not_flagged_by_exact_citation_check,01.0905,https://raw.githubusercontent.com/ambuda-org/vidyut/f3ba4167d40eebc4b3023d24e66867aa6a8cdb32/vidyut-prakriya/data/dhatupatha.tsv,bb2013ead0ea536dc7f887164c385c703cb0014ccf6e5af35b87e6d3049ba380,
01.0906,1,SaRa~,dAne gatO ca,दाने गतौ च,907,enumerated_glosses,2,dAne; gatO,Visible enumeration; semantic overlap still belongs to lexical review.,,,,[],01.0906,not_flagged_by_exact_citation_check,01.0906,https://raw.githubusercontent.com/ambuda-org/vidyut/f3ba4167d40eebc4b3023d24e66867aa6a8cdb32/vidyut-prakriya/data/dhatupatha.tsv,bb2013ead0ea536dc7f887164c385c703cb0014ccf6e5af35b87e6d3049ba380,
01.0907,1,SraRa~,dAne gatO ca,दाने गतौ च,908,enumerated_glosses,2,dAne; gatO,Visible enumeration; semantic overlap still belongs to lexical review.,,,,[],01.0907,retain_distinct_meanings,01.0907,https://raw.githubusercontent.com/ambuda-org/vidyut/f3ba4167d40eebc4b3023d24e66867aa6a8cdb32/vidyut-prakriya/data/dhatupatha.tsv,bb2013ead0ea536dc7f887164c385c703cb0014ccf6e5af35b87e6d3049ba380,IR25
01.0908,1,SraTa~,hiMsAyAm,हिंसायाम्,909,single_gloss,1,hiMsAyAm,One source gloss; no attempt to invent finer senses within it.,,,,[],01.0908,open,01.0908,https://raw.githubusercontent.com/ambuda-org/vidyut/f3ba4167d40eebc4b3023d24e66867aa6a8cdb32/vidyut-prakriya/data/dhatupatha.tsv,bb2013ead0ea536dc7f887164c385c703cb0014ccf6e5af35b87e6d3049ba380,IR26
01.0909,1,zWage~,saMvaraRe,संवरणे,910,single_gloss,1,saMvaraRe,One source gloss; no attempt to invent finer senses within it.,,,,[],01.0909,not_flagged_by_exact_citation_check,01.0899,https://raw.githubusercontent.com/ambuda-org/vidyut/f3ba4167d40eebc4b3023d24e66867aa6a8cdb32/vidyut-prakriya/data/dhatupatha.tsv,bb2013ead0ea536dc7f887164c385c703cb0014ccf6e5af35b87e6d3049ba380,
01.0910,1,SlaTa~,hiMsAyAm,हिंसायाम्,911,single_gloss,1,hiMsAyAm,One source gloss; no attempt to invent finer senses within it.,,,,[],01.0910,not_flagged_by_exact_citation_check,01.0910,https://raw.githubusercontent.com/ambuda-org/vidyut/f3ba4167d40eebc4b3023d24e66867aa6a8cdb32/vidyut-prakriya/data/dhatupatha.tsv,bb2013ead0ea536dc7f887164c385c703cb0014ccf6e5af35b87e6d3049ba380,
01.0911,1,knaTa~,hiMsAyAm,हिंसायाम्,912,single_gloss,1,hiMsAyAm,One source gloss; no attempt to invent finer senses within it.,,,,[],01.0911,not_flagged_by_exact_citation_check,01.0911,https://raw.githubusercontent.com/ambuda-org/vidyut/f3ba4167d40eebc4b3023d24e66867aa6a8cdb32/vidyut-prakriya/data/dhatupatha.tsv,bb2013ead0ea536dc7f887164c385c703cb0014ccf6e5af35b87e6d3049ba380,
01.0912,1,kraTa~,hiMsAyAm,हिंसायाम्,913,single_gloss,1,hiMsAyAm,One source gloss; no attempt to invent finer senses within it.,,,,[],01.0912,not_flagged_by_exact_citation_check,01.0912,https://raw.githubusercontent.com/ambuda-org/vidyut/f3ba4167d40eebc4b3023d24e66867aa6a8cdb32/vidyut-prakriya/data/dhatupatha.tsv,bb2013ead0ea536dc7f887164c385c703cb0014ccf6e5af35b87e6d3049ba380,
01.0913,1,klaTa~,hiMsAyAm,हिंसायाम्,914,single_gloss,1,hiMsAyAm,One source gloss; no attempt to invent finer senses within it.,,,,[],01.0913,not_flagged_by_exact_citation_check,01.0913,https://raw.githubusercontent.com/ambuda-org/vidyut/f3ba4167d40eebc4b3023d24e66867aa6a8cdb32/vidyut-prakriya/data/dhatupatha.tsv,bb2013ead0ea536dc7f887164c385c703cb0014ccf6e5af35b87e6d3049ba380,
01.0914,1,cana~,hiMsAyAm,हिंसायाम्,915,single_gloss,1,hiMsAyAm,One source gloss; no attempt to invent finer senses within it.,,,,[],01.0914,open,01.0914,https://raw.githubusercontent.com/ambuda-org/vidyut/f3ba4167d40eebc4b3023d24e66867aa6a8cdb32/vidyut-prakriya/data/dhatupatha.tsv,bb2013ead0ea536dc7f887164c385c703cb0014ccf6e5af35b87e6d3049ba380,IR48
01.0915,1,vana~,hiMsAyAm,हिंसायाम्,916,single_gloss,1,hiMsAyAm,One source gloss; no attempt to invent finer senses within it.,,,,[],01.0915,retain_distinct_meanings,,https://raw.githubusercontent.com/ambuda-org/vidyut/f3ba4167d40eebc4b3023d24e66867aa6a8cdb32/vidyut-prakriya/data/dhatupatha.tsv,bb2013ead0ea536dc7f887164c385c703cb0014ccf6e5af35b87e6d3049ba380,IR197
01.0916,1,jvala~,dIptO,दीप्तौ,917,single_gloss,1,dIptO,One source gloss; no attempt to invent finer senses within it.,,,,[],01.0965,documented_same_word_and_meaning,01.0916,https://raw.githubusercontent.com/ambuda-org/vidyut/f3ba4167d40eebc4b3023d24e66867aa6a8cdb32/vidyut-prakriya/data/dhatupatha.tsv,bb2013ead0ea536dc7f887164c385c703cb0014ccf6e5af35b87e6d3049ba380,
01.0917,1,hvala~,calane,चलने,918,single_gloss,1,calane,One source gloss; no attempt to invent finer senses within it.,,,,[],01.0917,not_flagged_by_exact_citation_check,01.0917;01.0942,https://raw.githubusercontent.com/ambuda-org/vidyut/f3ba4167d40eebc4b3023d24e66867aa6a8cdb32/vidyut-prakriya/data/dhatupatha.tsv,bb2013ead0ea536dc7f887164c385c703cb0014ccf6e5af35b87e6d3049ba380,
01.0918,1,hmala~,calane,चलने,919,single_gloss,1,calane,One source gloss; no attempt to invent finer senses within it.,,,,[],01.0918,not_flagged_by_exact_citation_check,01.0918;01.0943,https://raw.githubusercontent.com/ambuda-org/vidyut/f3ba4167d40eebc4b3023d24e66867aa6a8cdb32/vidyut-prakriya/data/dhatupatha.tsv,bb2013ead0ea536dc7f887164c385c703cb0014ccf6e5af35b87e6d3049ba380,
01.0919,1,smf\,ADyAne,आध्याने,920,single_gloss,1,ADyAne,One source gloss; no attempt to invent finer senses within it.,,,,[],01.0919,retain_distinct_meanings,,https://raw.githubusercontent.com/ambuda-org/vidyut/f3ba4167d40eebc4b3023d24e66867aa6a8cdb32/vidyut-prakriya/data/dhatupatha.tsv,bb2013ead0ea536dc7f887164c385c703cb0014ccf6e5af35b87e6d3049ba380,IR174
01.0920,1,dF,Baye,भये,921,single_gloss,1,Baye,One source gloss; no attempt to invent finer senses within it.,,,,[],01.0920,retain_distinct_meanings,01.0920,https://raw.githubusercontent.com/ambuda-org/vidyut/f3ba4167d40eebc4b3023d24e66867aa6a8cdb32/vidyut-prakriya/data/dhatupatha.tsv,bb2013ead0ea536dc7f887164c385c703cb0014ccf6e5af35b87e6d3049ba380,IR55
01.0921,1,nF,naye,नये,922,single_gloss,1,naye,One source gloss; no attempt to invent finer senses within it.,,,,[],01.0921,open,01.0921,https://raw.githubusercontent.com/ambuda-org/vidyut/f3ba4167d40eebc4b3023d24e66867aa6a8cdb32/vidyut-prakriya/data/dhatupatha.tsv,bb2013ead0ea536dc7f887164c385c703cb0014ccf6e5af35b87e6d3049ba380,IR141
01.0922,1,SrA,pAke,पाके,923,single_gloss,1,pAke,One source gloss; no attempt to invent finer senses within it.,,,,[],01.0922,not_flagged_by_exact_citation_check,01.0922,https://raw.githubusercontent.com/ambuda-org/vidyut/f3ba4167d40eebc4b3023d24e66867aa6a8cdb32/vidyut-prakriya/data/dhatupatha.tsv,bb2013ead0ea536dc7f887164c385c703cb0014ccf6e5af35b87e6d3049ba380,
01.0923,1,jYA,mAraRatozaRaniSAmanezu,मारणतोषणनिशामनेषु,924,enumerated_glosses,3,mAraRe; tozaRe; niSAmane,Explicit analyst segmentation; retain the original compound for review.,,,,[],01.0923,retain_distinct_meanings,,https://raw.githubusercontent.com/ambuda-org/vidyut/f3ba4167d40eebc4b3023d24e66867aa6a8cdb32/vidyut-prakriya/data/dhatupatha.tsv,bb2013ead0ea536dc7f887164c385c703cb0014ccf6e5af35b87e6d3049ba380,IR83
01.0924,1,cala~,kampane,कम्पने,925,single_gloss,1,kampane,One source gloss; no attempt to invent finer senses within it.,,,,[],01.0924,merge_shared_meanings,,https://raw.githubusercontent.com/ambuda-org/vidyut/f3ba4167d40eebc4b3023d24e66867aa6a8cdb32/vidyut-prakriya/data/dhatupatha.tsv,bb2013ead0ea536dc7f887164c385c703cb0014ccf6e5af35b87e6d3049ba380,IR46
01.0925,1,CadiH,Urjane,ऊर्जने,926,single_gloss,1,Urjane,One source gloss; no attempt to invent finer senses within it.,,,,[],01.0925,not_flagged_by_exact_citation_check,,https://raw.githubusercontent.com/ambuda-org/vidyut/f3ba4167d40eebc4b3023d24e66867aa6a8cdb32/vidyut-prakriya/data/dhatupatha.tsv,bb2013ead0ea536dc7f887164c385c703cb0014ccf6e5af35b87e6d3049ba380,
01.0926,1,laqa~,vilAse jihvonmaTane ca,विलासे जिह्वोन्मथने च,927,enumerated_glosses,2,vilAse; jihvonmaTane,Visible enumeration; semantic overlap still belongs to lexical review.,,,,[],01.0926,open,,https://raw.githubusercontent.com/ambuda-org/vidyut/f3ba4167d40eebc4b3023d24e66867aa6a8cdb32/vidyut-prakriya/data/dhatupatha.tsv,bb2013ead0ea536dc7f887164c385c703cb0014ccf6e5af35b87e6d3049ba380,IR118
01.0927,1,madI~,harzaglepanayoH,हर्षग्लेपनयोः,928,enumerated_glosses,2,harze; glepane,Explicit analyst segmentation; retain the original compound for review.,,,,[],01.0927,merge_shared_meanings,01.0927,https://raw.githubusercontent.com/ambuda-org/vidyut/f3ba4167d40eebc4b3023d24e66867aa6a8cdb32/vidyut-prakriya/data/dhatupatha.tsv,bb2013ead0ea536dc7f887164c385c703cb0014ccf6e5af35b87e6d3049ba380,IR131
01.0928,1,Dvana~,Sabde,शब्दे,929,single_gloss,1,Sabde,One source gloss; no attempt to invent finer senses within it.,,,,[],01.0928,open,01.0928,https://raw.githubusercontent.com/ambuda-org/vidyut/f3ba4167d40eebc4b3023d24e66867aa6a8cdb32/vidyut-prakriya/data/dhatupatha.tsv,bb2013ead0ea536dc7f887164c385c703cb0014ccf6e5af35b87e6d3049ba380,IR10
01.0929,1,Samo~,darSane,दर्शने,930,single_gloss,1,darSane,One source gloss; no attempt to invent finer senses within it.,,,,[],01.0929,not_flagged_by_exact_citation_check,,https://raw.githubusercontent.com/ambuda-org/vidyut/f3ba4167d40eebc4b3023d24e66867aa6a8cdb32/vidyut-prakriya/data/dhatupatha.tsv,bb2013ead0ea536dc7f887164c385c703cb0014ccf6e5af35b87e6d3049ba380,
01.0930,1,yama~,aparivezaRe,अपरिवेषणे,931,single_gloss,1,aparivezaRe,One source gloss; no attempt to invent finer senses within it.,,,,[],01.0930,open,,https://raw.githubusercontent.com/ambuda-org/vidyut/f3ba4167d40eebc4b3023d24e66867aa6a8cdb32/vidyut-prakriya/data/dhatupatha.tsv,bb2013ead0ea536dc7f887164c385c703cb0014ccf6e5af35b87e6d3049ba380,IR211
01.0931,1,sKadi~\r,vidrAvaRe vidAraRe ca,विद्रावणे विदारणे च,932,enumerated_glosses,2,vidrAvaRe; vidAraRe,Visible enumeration; semantic overlap still belongs to lexical review.,,,,[],01.0931,not_flagged_by_exact_citation_check,,https://raw.githubusercontent.com/ambuda-org/vidyut/f3ba4167d40eebc4b3023d24e66867aa6a8cdb32/vidyut-prakriya/data/dhatupatha.tsv,bb2013ead0ea536dc7f887164c385c703cb0014ccf6e5af35b87e6d3049ba380,
01.0932,1,svana~,avataMsane,अवतंसने,933,single_gloss,1,avataMsane,One source gloss; no attempt to invent finer senses within it.,,,,[],01.0932,retain_distinct_meanings,,https://raw.githubusercontent.com/ambuda-org/vidyut/f3ba4167d40eebc4b3023d24e66867aa6a8cdb32/vidyut-prakriya/data/dhatupatha.tsv,bb2013ead0ea536dc7f887164c385c703cb0014ccf6e5af35b87e6d3049ba380,IR176
01.0942,1,tfha~,vfdDO,वृद्धौ,943,single_gloss,1,vfdDO,One source gloss; no attempt to invent finer senses within it.,,,,[],01.0942,retain_distinct_meanings,,https://raw.githubusercontent.com/ambuda-org/vidyut/f3ba4167d40eebc4b3023d24e66867aa6a8cdb32/vidyut-prakriya/data/dhatupatha.tsv,bb2013ead0ea536dc7f887164c385c703cb0014ccf6e5af35b87e6d3049ba380,IR180
01.0943,1,tfhi~,vfdDO,वृद्धौ,944,single_gloss,1,vfdDO,One source gloss; no attempt to invent finer senses within it.,,,,[],01.0943,not_flagged_by_exact_citation_check,,https://raw.githubusercontent.com/ambuda-org/vidyut/f3ba4167d40eebc4b3023d24e66867aa6a8cdb32/vidyut-prakriya/data/dhatupatha.tsv,bb2013ead0ea536dc7f887164c385c703cb0014ccf6e5af35b87e6d3049ba380,
01.0945,1,rugi~,varjane,वर्जने,946,single_gloss,1,varjane,One source gloss; no attempt to invent finer senses within it.,,,,[],01.0945,not_flagged_by_exact_citation_check,,https://raw.githubusercontent.com/ambuda-org/vidyut/f3ba4167d40eebc4b3023d24e66867aa6a8cdb32/vidyut-prakriya/data/dhatupatha.tsv,bb2013ead0ea536dc7f887164c385c703cb0014ccf6e5af35b87e6d3049ba380,
01.0946,1,Kuqi~,gativEkalye,गतिवैकल्ये,947,single_gloss,1,gativEkalye,One source gloss; no attempt to invent finer senses within it.,,,,[],01.0946,retain_distinct_meanings,,https://raw.githubusercontent.com/ambuda-org/vidyut/f3ba4167d40eebc4b3023d24e66867aa6a8cdb32/vidyut-prakriya/data/dhatupatha.tsv,bb2013ead0ea536dc7f887164c385c703cb0014ccf6e5af35b87e6d3049ba380,IR16
01.0947,1,mleqf~,unmAde,उन्मादे,948,single_gloss,1,unmAde,One source gloss; no attempt to invent finer senses within it.,,,,[],01.0947,not_flagged_by_exact_citation_check,,https://raw.githubusercontent.com/ambuda-org/vidyut/f3ba4167d40eebc4b3023d24e66867aa6a8cdb32/vidyut-prakriya/data/dhatupatha.tsv,bb2013ead0ea536dc7f887164c385c703cb0014ccf6e5af35b87e6d3049ba380,
01.0948,1,mewf~,unmAde,उन्मादे,949,single_gloss,1,unmAde,One source gloss; no attempt to invent finer senses within it.,,,,[],01.0948,not_flagged_by_exact_citation_check,,https://raw.githubusercontent.com/ambuda-org/vidyut/f3ba4167d40eebc4b3023d24e66867aa6a8cdb32/vidyut-prakriya/data/dhatupatha.tsv,bb2013ead0ea536dc7f887164c385c703cb0014ccf6e5af35b87e6d3049ba380,
01.0949,1,biqa~,AkroSe,आक्रोशे,950,single_gloss,1,AkroSe,One source gloss; no attempt to invent finer senses within it.,,,,[],01.0949,not_flagged_by_exact_citation_check,,https://raw.githubusercontent.com/ambuda-org/vidyut/f3ba4167d40eebc4b3023d24e66867aa6a8cdb32/vidyut-prakriya/data/dhatupatha.tsv,bb2013ead0ea536dc7f887164c385c703cb0014ccf6e5af35b87e6d3049ba380,
01.0950,1,makza~,roze saNGAte ca,रोषे सङ्घाते च,951,enumerated_glosses,2,roze; saNGAte,Visible enumeration; semantic overlap still belongs to lexical review.,,,,[],01.0950,not_flagged_by_exact_citation_check,,https://raw.githubusercontent.com/ambuda-org/vidyut/f3ba4167d40eebc4b3023d24e66867aa6a8cdb32/vidyut-prakriya/data/dhatupatha.tsv,bb2013ead0ea536dc7f887164c385c703cb0014ccf6e5af35b87e6d3049ba380,
01.0951,1,vanu~,anekArTatve,अनेकार्थत्वे,952,unenumerated,,,The commentary refers back to kage and distinguishes this van entry from other same-looking entries. It supplies no finite list of meanings. Keep this entry outside the numerical subtotal; do not import the meanings of another van merely from shared spelling.,,MR32,,"[{""filename"": ""dhatu-mA493.html"", ""url"": ""https://sanskrit.uohyd.ac.in/scl/dhaatupaatha/files/mA493.html"", ""accessed_utc"": ""2026-09-12T14:06:58.381561+00:00"", ""sha256"": ""01b84a79579b3a248ff0ad7019fcf446c45cbc8249ebe81a3cd50b20b44896a3"", ""bytes"": 1443}]",01.0951,not_flagged_by_exact_citation_check,01.0915;01.0947,https://raw.githubusercontent.com/ambuda-org/vidyut/f3ba4167d40eebc4b3023d24e66867aa6a8cdb32/vidyut-prakriya/data/dhatupatha.tsv,bb2013ead0ea536dc7f887164c385c703cb0014ccf6e5af35b87e6d3049ba380,
01.0952,1,vAhf~\,prayatne,प्रयत्ने,953,single_gloss,1,prayatne,One source gloss; no attempt to invent finer senses within it.,,,,[],01.0952,not_flagged_by_exact_citation_check,,https://raw.githubusercontent.com/ambuda-org/vidyut/f3ba4167d40eebc4b3023d24e66867aa6a8cdb32/vidyut-prakriya/data/dhatupatha.tsv,bb2013ead0ea536dc7f887164c385c703cb0014ccf6e5af35b87e6d3049ba380,
01.0953,1,ra\ma~\,krIqAyAm,क्रीडायाम्,954,single_gloss,1,krIqAyAm,One source gloss; no attempt to invent finer senses within it.,,,,[],01.0953,not_flagged_by_exact_citation_check,,https://raw.githubusercontent.com/ambuda-org/vidyut/f3ba4167d40eebc4b3023d24e66867aa6a8cdb32/vidyut-prakriya/data/dhatupatha.tsv,bb2013ead0ea536dc7f887164c385c703cb0014ccf6e5af35b87e6d3049ba380,
01.0954,1,quyAcf~^,yAcYAyAm,याच्ञायाम्,955,single_gloss,1,yAcYAyAm,One source gloss; no attempt to invent finer senses within it.,,,,[],01.0954,not_flagged_by_exact_citation_check,,https://raw.githubusercontent.com/ambuda-org/vidyut/f3ba4167d40eebc4b3023d24e66867aa6a8cdb32/vidyut-prakriya/data/dhatupatha.tsv,bb2013ead0ea536dc7f887164c385c703cb0014ccf6e5af35b87e6d3049ba380,
01.0955,1,PaRa~,gatidIptyoH,गतिदीप्त्योः,956,enumerated_glosses,2,gatO; dIptO,Explicit analyst segmentation; retain the original compound for review.,,,,[],01.0955,not_flagged_by_exact_citation_check,01.0955,https://raw.githubusercontent.com/ambuda-org/vidyut/f3ba4167d40eebc4b3023d24e66867aa6a8cdb32/vidyut-prakriya/data/dhatupatha.tsv,bb2013ead0ea536dc7f887164c385c703cb0014ccf6e5af35b87e6d3049ba380,
01.0956,1,rAjf~^,dIptO,दीप्तौ,957,single_gloss,1,dIptO,One source gloss; no attempt to invent finer senses within it.,,,,[],01.0956,not_flagged_by_exact_citation_check,01.0956,https://raw.githubusercontent.com/ambuda-org/vidyut/f3ba4167d40eebc4b3023d24e66867aa6a8cdb32/vidyut-prakriya/data/dhatupatha.tsv,bb2013ead0ea536dc7f887164c385c703cb0014ccf6e5af35b87e6d3049ba380,
01.0957,1,wuBrAjf~\,dIptO,दीप्तौ,958,single_gloss,1,dIptO,One source gloss; no attempt to invent finer senses within it.,,,,[],01.0957,not_flagged_by_exact_citation_check,01.0957,https://raw.githubusercontent.com/ambuda-org/vidyut/f3ba4167d40eebc4b3023d24e66867aa6a8cdb32/vidyut-prakriya/data/dhatupatha.tsv,bb2013ead0ea536dc7f887164c385c703cb0014ccf6e5af35b87e6d3049ba380,
01.0958,1,wuBrASf~\,dIptO,दीप्तौ,959,single_gloss,1,dIptO,One source gloss; no attempt to invent finer senses within it.,,,,[],01.0958,not_flagged_by_exact_citation_check,01.0958,https://raw.githubusercontent.com/ambuda-org/vidyut/f3ba4167d40eebc4b3023d24e66867aa6a8cdb32/vidyut-prakriya/data/dhatupatha.tsv,bb2013ead0ea536dc7f887164c385c703cb0014ccf6e5af35b87e6d3049ba380,
01.0959,1,wuBlASf~\,dIptO,दीप्तौ,960,single_gloss,1,dIptO,One source gloss; no attempt to invent finer senses within it.,,,,[],01.0959,not_flagged_by_exact_citation_check,01.0959,https://raw.githubusercontent.com/ambuda-org/vidyut/f3ba4167d40eebc4b3023d24e66867aa6a8cdb32/vidyut-prakriya/data/dhatupatha.tsv,bb2013ead0ea536dc7f887164c385c703cb0014ccf6e5af35b87e6d3049ba380,
01.0960,1,syamu~,Sabde,शब्दे,961,single_gloss,1,Sabde,One source gloss; no attempt to invent finer senses within it.,,,,[],01.0960,not_flagged_by_exact_citation_check,01.0960,https://raw.githubusercontent.com/ambuda-org/vidyut/f3ba4167d40eebc4b3023d24e66867aa6a8cdb32/vidyut-prakriya/data/dhatupatha.tsv,bb2013ead0ea536dc7f887164c385c703cb0014ccf6e5af35b87e6d3049ba380,
01.0961,1,svana~,Sabde,शब्दे,962,single_gloss,1,Sabde,One source gloss; no attempt to invent finer senses within it.,,,,[],01.0961,retain_distinct_meanings,01.0961,https://raw.githubusercontent.com/ambuda-org/vidyut/f3ba4167d40eebc4b3023d24e66867aa6a8cdb32/vidyut-prakriya/data/dhatupatha.tsv,bb2013ead0ea536dc7f887164c385c703cb0014ccf6e5af35b87e6d3049ba380,IR176
01.0962,1,Dvana~,Sabde,शब्दे,963,single_gloss,1,Sabde,One source gloss; no attempt to invent finer senses within it.,,,,[],01.0962,open,01.0962,https://raw.githubusercontent.com/ambuda-org/vidyut/f3ba4167d40eebc4b3023d24e66867aa6a8cdb32/vidyut-prakriya/data/dhatupatha.tsv,bb2013ead0ea536dc7f887164c385c703cb0014ccf6e5af35b87e6d3049ba380,IR10
01.0963,1,zama~,avEkalye,अवैकल्ये,964,single_gloss,1,avEkalye,One source gloss; no attempt to invent finer senses within it.,,,,[],01.0963,not_flagged_by_exact_citation_check,01.0963,https://raw.githubusercontent.com/ambuda-org/vidyut/f3ba4167d40eebc4b3023d24e66867aa6a8cdb32/vidyut-prakriya/data/dhatupatha.tsv,bb2013ead0ea536dc7f887164c385c703cb0014ccf6e5af35b87e6d3049ba380,
01.0964,1,zwama~,avEkalye,अवैकल्ये,965,single_gloss,1,avEkalye,One source gloss; no attempt to invent finer senses within it.,,,,[],01.0964,not_flagged_by_exact_citation_check,01.0964,https://raw.githubusercontent.com/ambuda-org/vidyut/f3ba4167d40eebc4b3023d24e66867aa6a8cdb32/vidyut-prakriya/data/dhatupatha.tsv,bb2013ead0ea536dc7f887164c385c703cb0014ccf6e5af35b87e6d3049ba380,
01.0965,1,jvala~,dIptO,दीप्तौ,966,single_gloss,1,dIptO,One source gloss; no attempt to invent finer senses within it.,,,,[],01.0965,documented_same_word_and_meaning,01.0965,https://raw.githubusercontent.com/ambuda-org/vidyut/f3ba4167d40eebc4b3023d24e66867aa6a8cdb32/vidyut-prakriya/data/dhatupatha.tsv,bb2013ead0ea536dc7f887164c385c703cb0014ccf6e5af35b87e6d3049ba380,
01.0966,1,cala~,kampane,कम्पने,967,single_gloss,1,kampane,One source gloss; no attempt to invent finer senses within it.,,,,[],01.0966,merge_shared_meanings,01.0966,https://raw.githubusercontent.com/ambuda-org/vidyut/f3ba4167d40eebc4b3023d24e66867aa6a8cdb32/vidyut-prakriya/data/dhatupatha.tsv,bb2013ead0ea536dc7f887164c385c703cb0014ccf6e5af35b87e6d3049ba380,IR46
01.0967,1,jala~,GAtane,घातने,968,single_gloss,1,GAtane,One source gloss; no attempt to invent finer senses within it.,,,,[],01.0967,retain_distinct_meanings,01.0967,https://raw.githubusercontent.com/ambuda-org/vidyut/f3ba4167d40eebc4b3023d24e66867aa6a8cdb32/vidyut-prakriya/data/dhatupatha.tsv,bb2013ead0ea536dc7f887164c385c703cb0014ccf6e5af35b87e6d3049ba380,IR84
01.0968,1,wala~,vEklavye,वैक्लव्ये,969,single_gloss,1,vEklavye,One source gloss; no attempt to invent finer senses within it.,,,,[],01.0968,not_flagged_by_exact_citation_check,01.0968,https://raw.githubusercontent.com/ambuda-org/vidyut/f3ba4167d40eebc4b3023d24e66867aa6a8cdb32/vidyut-prakriya/data/dhatupatha.tsv,bb2013ead0ea536dc7f887164c385c703cb0014ccf6e5af35b87e6d3049ba380,
01.0969,1,wvala~,vEkalye,वैकल्ये,970,single_gloss,1,vEkalye,One source gloss; no attempt to invent finer senses within it.,,,,[],01.0969,not_flagged_by_exact_citation_check,01.0969,https://raw.githubusercontent.com/ambuda-org/vidyut/f3ba4167d40eebc4b3023d24e66867aa6a8cdb32/vidyut-prakriya/data/dhatupatha.tsv,bb2013ead0ea536dc7f887164c385c703cb0014ccf6e5af35b87e6d3049ba380,
01.0970,1,zWala~,sTAne,स्थाने,971,single_gloss,1,sTAne,One source gloss; no attempt to invent finer senses within it.,,,,[],01.0970,not_flagged_by_exact_citation_check,01.0970,https://raw.githubusercontent.com/ambuda-org/vidyut/f3ba4167d40eebc4b3023d24e66867aa6a8cdb32/vidyut-prakriya/data/dhatupatha.tsv,bb2013ead0ea536dc7f887164c385c703cb0014ccf6e5af35b87e6d3049ba380,
01.0971,1,hala~,vileKane,विलेखने,972,single_gloss,1,vileKane,One source gloss; no attempt to invent finer senses within it.,,,,[],01.0971,not_flagged_by_exact_citation_check,01.0971,https://raw.githubusercontent.com/ambuda-org/vidyut/f3ba4167d40eebc4b3023d24e66867aa6a8cdb32/vidyut-prakriya/data/dhatupatha.tsv,bb2013ead0ea536dc7f887164c385c703cb0014ccf6e5af35b87e6d3049ba380,
01.0972,1,Rala~,ganDe banDane ca,गन्धे बन्धने च,973,enumerated_glosses,2,ganDe; banDane,Visible enumeration; semantic overlap still belongs to lexical review.,,,,[],01.0972,not_flagged_by_exact_citation_check,01.0972,https://raw.githubusercontent.com/ambuda-org/vidyut/f3ba4167d40eebc4b3023d24e66867aa6a8cdb32/vidyut-prakriya/data/dhatupatha.tsv,bb2013ead0ea536dc7f887164c385c703cb0014ccf6e5af35b87e6d3049ba380,
01.0973,1,pala~,gatO,गतौ,974,single_gloss,1,gatO,One source gloss; no attempt to invent finer senses within it.,,,,[],01.0973,retain_distinct_meanings,01.0973,https://raw.githubusercontent.com/ambuda-org/vidyut/f3ba4167d40eebc4b3023d24e66867aa6a8cdb32/vidyut-prakriya/data/dhatupatha.tsv,bb2013ead0ea536dc7f887164c385c703cb0014ccf6e5af35b87e6d3049ba380,IR146
01.0974,1,bala~,prARane DAnyAvaroDane ca,प्राणने धान्यावरोधने च,975,enumerated_glosses,2,prARane; DAnyAvaroDane,Visible enumeration; semantic overlap still belongs to lexical review.,,,,[],01.0974,merge_shared_meanings,01.0974,https://raw.githubusercontent.com/ambuda-org/vidyut/f3ba4167d40eebc4b3023d24e66867aa6a8cdb32/vidyut-prakriya/data/dhatupatha.tsv,bb2013ead0ea536dc7f887164c385c703cb0014ccf6e5af35b87e6d3049ba380,IR39
01.0975,1,pula~,mahattve,महत्त्वे,976,single_gloss,1,mahattve,One source gloss; no attempt to invent finer senses within it.,,,,[],01.0975,merge_shared_meanings,01.0975,https://raw.githubusercontent.com/ambuda-org/vidyut/f3ba4167d40eebc4b3023d24e66867aa6a8cdb32/vidyut-prakriya/data/dhatupatha.tsv,bb2013ead0ea536dc7f887164c385c703cb0014ccf6e5af35b87e6d3049ba380,IR153
01.0976,1,kula~,saMstyAne banDuzu ca,संस्त्याने बन्धुषु च,977,enumerated_glosses,2,saMstyAne; banDuzu,Visible enumeration; semantic overlap still belongs to lexical review.,,,,[],01.0976,not_flagged_by_exact_citation_check,01.0976,https://raw.githubusercontent.com/ambuda-org/vidyut/f3ba4167d40eebc4b3023d24e66867aa6a8cdb32/vidyut-prakriya/data/dhatupatha.tsv,bb2013ead0ea536dc7f887164c385c703cb0014ccf6e5af35b87e6d3049ba380,
01.0977,1,Sala~,gatO,गतौ,978,single_gloss,1,gatO,One source gloss; no attempt to invent finer senses within it.,,,,[],01.0977,not_flagged_by_exact_citation_check,01.0977,https://raw.githubusercontent.com/ambuda-org/vidyut/f3ba4167d40eebc4b3023d24e66867aa6a8cdb32/vidyut-prakriya/data/dhatupatha.tsv,bb2013ead0ea536dc7f887164c385c703cb0014ccf6e5af35b87e6d3049ba380,
01.0978,1,hula~,gatO hiMsAyAM saMvaraRe ca,गतौ हिंसायां संवरणे च,979,enumerated_glosses,3,gatO; hiMsAyAM; saMvaraRe,Visible enumeration; semantic overlap still belongs to lexical review.,,,,[],01.0978,not_flagged_by_exact_citation_check,01.0978;01.0980,https://raw.githubusercontent.com/ambuda-org/vidyut/f3ba4167d40eebc4b3023d24e66867aa6a8cdb32/vidyut-prakriya/data/dhatupatha.tsv,bb2013ead0ea536dc7f887164c385c703cb0014ccf6e5af35b87e6d3049ba380,
01.0979,1,patx~,gatO,गतौ,980,single_gloss,1,gatO,One source gloss; no attempt to invent finer senses within it.,,,,[],01.0979,not_flagged_by_exact_citation_check,01.0979,https://raw.githubusercontent.com/ambuda-org/vidyut/f3ba4167d40eebc4b3023d24e66867aa6a8cdb32/vidyut-prakriya/data/dhatupatha.tsv,bb2013ead0ea536dc7f887164c385c703cb0014ccf6e5af35b87e6d3049ba380,
01.0980,1,kzala~,saYcalane,सञ्चलने,981,single_gloss,1,saYcalane,One source gloss; no attempt to invent finer senses within it.,,,,[],01.0980,retain_distinct_meanings,,https://raw.githubusercontent.com/ambuda-org/vidyut/f3ba4167d40eebc4b3023d24e66867aa6a8cdb32/vidyut-prakriya/data/dhatupatha.tsv,bb2013ead0ea536dc7f887164c385c703cb0014ccf6e5af35b87e6d3049ba380,IR108
01.0981,1,kvaTe~,nizpAke,निष्पाके,982,single_gloss,1,nizpAke,One source gloss; no attempt to invent finer senses within it.,,,,[],01.0981,not_flagged_by_exact_citation_check,01.0981,https://raw.githubusercontent.com/ambuda-org/vidyut/f3ba4167d40eebc4b3023d24e66867aa6a8cdb32/vidyut-prakriya/data/dhatupatha.tsv,bb2013ead0ea536dc7f887164c385c703cb0014ccf6e5af35b87e6d3049ba380,
01.0982,1,paTe~,gatO,गतौ,983,single_gloss,1,gatO,One source gloss; no attempt to invent finer senses within it.,,,,[],01.0982,not_flagged_by_exact_citation_check,01.0982,https://raw.githubusercontent.com/ambuda-org/vidyut/f3ba4167d40eebc4b3023d24e66867aa6a8cdb32/vidyut-prakriya/data/dhatupatha.tsv,bb2013ead0ea536dc7f887164c385c703cb0014ccf6e5af35b87e6d3049ba380,
01.0983,1,maTe~,viloqane,विलोडने,984,single_gloss,1,viloqane,One source gloss; no attempt to invent finer senses within it.,,,,[],01.0983,not_flagged_by_exact_citation_check,01.0983,https://raw.githubusercontent.com/ambuda-org/vidyut/f3ba4167d40eebc4b3023d24e66867aa6a8cdb32/vidyut-prakriya/data/dhatupatha.tsv,bb2013ead0ea536dc7f887164c385c703cb0014ccf6e5af35b87e6d3049ba380,
01.0984,1,wuvama~,udgiraRe,उद्गिरणे,985,single_gloss,1,udgiraRe,One source gloss; no attempt to invent finer senses within it.,,,,[],01.0984,not_flagged_by_exact_citation_check,01.0984,https://raw.githubusercontent.com/ambuda-org/vidyut/f3ba4167d40eebc4b3023d24e66867aa6a8cdb32/vidyut-prakriya/data/dhatupatha.tsv,bb2013ead0ea536dc7f887164c385c703cb0014ccf6e5af35b87e6d3049ba380,
01.0985,1,Bramu~,calane,चलने,986,single_gloss,1,calane,One source gloss; no attempt to invent finer senses within it.,,,,[],01.0985,open,01.0985,https://raw.githubusercontent.com/ambuda-org/vidyut/f3ba4167d40eebc4b3023d24e66867aa6a8cdb32/vidyut-prakriya/data/dhatupatha.tsv,bb2013ead0ea536dc7f887164c385c703cb0014ccf6e5af35b87e6d3049ba380,IR04
01.0986,1,kzara~,saYcalane,सञ्चलने,987,single_gloss,1,saYcalane,One source gloss; no attempt to invent finer senses within it.,,,,[],01.0986,not_flagged_by_exact_citation_check,01.0986,https://raw.githubusercontent.com/ambuda-org/vidyut/f3ba4167d40eebc4b3023d24e66867aa6a8cdb32/vidyut-prakriya/data/dhatupatha.tsv,bb2013ead0ea536dc7f887164c385c703cb0014ccf6e5af35b87e6d3049ba380,
01.0987,1,dvf\,sTagane,स्थगने,988,single_gloss,1,sTagane,One source gloss; no attempt to invent finer senses within it.,,,,[],01.0987,not_flagged_by_exact_citation_check,01.1083,https://raw.githubusercontent.com/ambuda-org/vidyut/f3ba4167d40eebc4b3023d24e66867aa6a8cdb32/vidyut-prakriya/data/dhatupatha.tsv,bb2013ead0ea536dc7f887164c385c703cb0014ccf6e5af35b87e6d3049ba380,
01.0988,1,zaha~\,marzaRe,मर्षणे,989,single_gloss,1,marzaRe,One source gloss; no attempt to invent finer senses within it.,,,,[],01.0988,not_flagged_by_exact_citation_check,01.0988,https://raw.githubusercontent.com/ambuda-org/vidyut/f3ba4167d40eebc4b3023d24e66867aa6a8cdb32/vidyut-prakriya/data/dhatupatha.tsv,bb2013ead0ea536dc7f887164c385c703cb0014ccf6e5af35b87e6d3049ba380,
01.0989,1,ra\mu~\,krIqAyAm,क्रीडायाम्,990,single_gloss,1,krIqAyAm,One source gloss; no attempt to invent finer senses within it.,,,,[],01.0989,not_flagged_by_exact_citation_check,01.0989,https://raw.githubusercontent.com/ambuda-org/vidyut/f3ba4167d40eebc4b3023d24e66867aa6a8cdb32/vidyut-prakriya/data/dhatupatha.tsv,bb2013ead0ea536dc7f887164c385c703cb0014ccf6e5af35b87e6d3049ba380,
01.0990,1,za\dx~,viSaraRagatyavasAdanezu,विशरणगत्यवसादनेषु,991,enumerated_glosses,3,viSaraRe; gatO; avasAdane,Explicit analyst segmentation; retain the original compound for review.,,,,[],01.0990,merge_shared_meanings,01.0990,https://raw.githubusercontent.com/ambuda-org/vidyut/f3ba4167d40eebc4b3023d24e66867aa6a8cdb32/vidyut-prakriya/data/dhatupatha.tsv,bb2013ead0ea536dc7f887164c385c703cb0014ccf6e5af35b87e6d3049ba380,IR215
01.0991,1,Sa\dx~,SAtane,शातने,992,single_gloss,1,SAtane,One source gloss; no attempt to invent finer senses within it.,,,,[],01.0991,merge_shared_meanings,01.0991,https://raw.githubusercontent.com/ambuda-org/vidyut/f3ba4167d40eebc4b3023d24e66867aa6a8cdb32/vidyut-prakriya/data/dhatupatha.tsv,bb2013ead0ea536dc7f887164c385c703cb0014ccf6e5af35b87e6d3049ba380,IR22
01.0992,1,kru\Sa~,AhvAne rodane ca,आह्वाने रोदने च,993,enumerated_glosses,2,AhvAne; rodane,Visible enumeration; semantic overlap still belongs to lexical review.,,,,[],01.0992,not_flagged_by_exact_citation_check,01.0992,https://raw.githubusercontent.com/ambuda-org/vidyut/f3ba4167d40eebc4b3023d24e66867aa6a8cdb32/vidyut-prakriya/data/dhatupatha.tsv,bb2013ead0ea536dc7f887164c385c703cb0014ccf6e5af35b87e6d3049ba380,
01.0993,1,kuca~,samparcanakOwilyapratizwamBavileKanezu,सम्पर्चनकौटिल्यप्रतिष्टम्भविलेखनेषु,994,enumerated_glosses,4,samparcane; kOwilye; pratizwamBe; vileKane,Explicit analyst segmentation; retain the original compound for review.,,,,[],01.0993,retain_distinct_meanings,01.0993,https://raw.githubusercontent.com/ambuda-org/vidyut/f3ba4167d40eebc4b3023d24e66867aa6a8cdb32/vidyut-prakriya/data/dhatupatha.tsv,bb2013ead0ea536dc7f887164c385c703cb0014ccf6e5af35b87e6d3049ba380,IR103
01.0994,1,buDa~,avagamane,अवगमने,995,single_gloss,1,avagamane,One source gloss; no attempt to invent finer senses within it.,,,,[],01.0994,not_flagged_by_exact_citation_check,01.0994,https://raw.githubusercontent.com/ambuda-org/vidyut/f3ba4167d40eebc4b3023d24e66867aa6a8cdb32/vidyut-prakriya/data/dhatupatha.tsv,bb2013ead0ea536dc7f887164c385c703cb0014ccf6e5af35b87e6d3049ba380,
01.0995,1,ru\ha~,bIjajanmani prAdurBAve ca,बीजजन्मनि प्रादुर्भावे च,996,enumerated_glosses,2,bIjajanmani; prAdurBAve,Visible enumeration; semantic overlap still belongs to lexical review.,,,,[],01.0995,not_flagged_by_exact_citation_check,,https://raw.githubusercontent.com/ambuda-org/vidyut/f3ba4167d40eebc4b3023d24e66867aa6a8cdb32/vidyut-prakriya/data/dhatupatha.tsv,bb2013ead0ea536dc7f887164c385c703cb0014ccf6e5af35b87e6d3049ba380,
01.0996,1,kasa~,gatO,गतौ,997,single_gloss,1,gatO,One source gloss; no attempt to invent finer senses within it.,,,,[],01.0996,not_flagged_by_exact_citation_check,01.0996,https://raw.githubusercontent.com/ambuda-org/vidyut/f3ba4167d40eebc4b3023d24e66867aa6a8cdb32/vidyut-prakriya/data/dhatupatha.tsv,bb2013ead0ea536dc7f887164c385c703cb0014ccf6e5af35b87e6d3049ba380,
01.0997,1,hikka~^,avyakte Sabde,अव्यक्ते शब्दे,998,single_gloss,1,avyakte Sabde,"A qualified phrase, not one meaning per word.",,,,[],01.0997,not_flagged_by_exact_citation_check,01.0997,https://raw.githubusercontent.com/ambuda-org/vidyut/f3ba4167d40eebc4b3023d24e66867aa6a8cdb32/vidyut-prakriya/data/dhatupatha.tsv,bb2013ead0ea536dc7f887164c385c703cb0014ccf6e5af35b87e6d3049ba380,
01.0998,1,ancu~^,gatO yAcane ca,गतौ याचने च,999,enumerated_glosses,2,gatO; yAcane,Visible enumeration; semantic overlap still belongs to lexical review.,,,,[],01.0998,not_flagged_by_exact_citation_check,,https://raw.githubusercontent.com/ambuda-org/vidyut/f3ba4167d40eebc4b3023d24e66867aa6a8cdb32/vidyut-prakriya/data/dhatupatha.tsv,bb2013ead0ea536dc7f887164c385c703cb0014ccf6e5af35b87e6d3049ba380,
01.0999,1,acu~^,gatO yAcane ca,गतौ याचने च,1000,enumerated_glosses,2,gatO; yAcane,Visible enumeration; semantic overlap still belongs to lexical review.,,,,[],01.0999,not_flagged_by_exact_citation_check,01.0999,https://raw.githubusercontent.com/ambuda-org/vidyut/f3ba4167d40eebc4b3023d24e66867aa6a8cdb32/vidyut-prakriya/data/dhatupatha.tsv,bb2013ead0ea536dc7f887164c385c703cb0014ccf6e5af35b87e6d3049ba380,
01.1000,1,aci~^,gatO yAcane ca,गतौ याचने च,1001,enumerated_glosses,2,gatO; yAcane,Visible enumeration; semantic overlap still belongs to lexical review.,,,,[],01.1000,not_flagged_by_exact_citation_check,,https://raw.githubusercontent.com/ambuda-org/vidyut/f3ba4167d40eebc4b3023d24e66867aa6a8cdb32/vidyut-prakriya/data/dhatupatha.tsv,bb2013ead0ea536dc7f887164c385c703cb0014ccf6e5af35b87e6d3049ba380,
01.1001,1,wuyAcf~^,yAcYAyAm,याच्ञायाम्,1002,single_gloss,1,yAcYAyAm,One source gloss; no attempt to invent finer senses within it.,,,,[],01.1001,not_flagged_by_exact_citation_check,01.1001,https://raw.githubusercontent.com/ambuda-org/vidyut/f3ba4167d40eebc4b3023d24e66867aa6a8cdb32/vidyut-prakriya/data/dhatupatha.tsv,bb2013ead0ea536dc7f887164c385c703cb0014ccf6e5af35b87e6d3049ba380,
01.1002,1,rewf~^,pariBAzaRe,परिभाषणे,1003,single_gloss,1,pariBAzaRe,One source gloss; no attempt to invent finer senses within it.,,,,[],01.1002,not_flagged_by_exact_citation_check,01.1002,https://raw.githubusercontent.com/ambuda-org/vidyut/f3ba4167d40eebc4b3023d24e66867aa6a8cdb32/vidyut-prakriya/data/dhatupatha.tsv,bb2013ead0ea536dc7f887164c385c703cb0014ccf6e5af35b87e6d3049ba380,
01.1003,1,cate~^,yAcane,याचने,1004,single_gloss,1,yAcane,One source gloss; no attempt to invent finer senses within it.,,,,[],01.1003,not_flagged_by_exact_citation_check,01.1003,https://raw.githubusercontent.com/ambuda-org/vidyut/f3ba4167d40eebc4b3023d24e66867aa6a8cdb32/vidyut-prakriya/data/dhatupatha.tsv,bb2013ead0ea536dc7f887164c385c703cb0014ccf6e5af35b87e6d3049ba380,
01.1004,1,cade~^,yAcane,याचने,1005,single_gloss,1,yAcane,One source gloss; no attempt to invent finer senses within it.,,,,[],01.1004,not_flagged_by_exact_citation_check,01.1004,https://raw.githubusercontent.com/ambuda-org/vidyut/f3ba4167d40eebc4b3023d24e66867aa6a8cdb32/vidyut-prakriya/data/dhatupatha.tsv,bb2013ead0ea536dc7f887164c385c703cb0014ccf6e5af35b87e6d3049ba380,
01.1005,1,proTf~^,paryAptO,पर्याप्तौ,1006,single_gloss,1,paryAptO,One source gloss; no attempt to invent finer senses within it.,,,,[],01.1005,not_flagged_by_exact_citation_check,01.1005,https://raw.githubusercontent.com/ambuda-org/vidyut/f3ba4167d40eebc4b3023d24e66867aa6a8cdb32/vidyut-prakriya/data/dhatupatha.tsv,bb2013ead0ea536dc7f887164c385c703cb0014ccf6e5af35b87e6d3049ba380,
01.1006,1,midf~^,meDAhiMsanayoH,मेधाहिंसनयोः,1007,enumerated_glosses,2,meDAyAm; hiMsAyAm,Explicit analyst segmentation; retain the original compound for review.,,,,[],01.1006,not_flagged_by_exact_citation_check,01.1006,https://raw.githubusercontent.com/ambuda-org/vidyut/f3ba4167d40eebc4b3023d24e66867aa6a8cdb32/vidyut-prakriya/data/dhatupatha.tsv,bb2013ead0ea536dc7f887164c385c703cb0014ccf6e5af35b87e6d3049ba380,
01.1007,1,medf~^,meDAhiMsanayoH saNgame ca,मेधाहिंसनयोः सङ्गमे च,1008,enumerated_glosses,3,meDAyAm; hiMsAyAm; saNgame,Visible enumeration; semantic overlap still belongs to lexical review.,,,,[],01.1007,not_flagged_by_exact_citation_check,01.1007,https://raw.githubusercontent.com/ambuda-org/vidyut/f3ba4167d40eebc4b3023d24e66867aa6a8cdb32/vidyut-prakriya/data/dhatupatha.tsv,bb2013ead0ea536dc7f887164c385c703cb0014ccf6e5af35b87e6d3049ba380,
01.1008,1,miTf~^,meDAhiMsanayoH,मेधाहिंसनयोः,1009,enumerated_glosses,2,meDAyAm; hiMsAyAm,Explicit analyst segmentation; retain the original compound for review.,,,,[],01.1008,not_flagged_by_exact_citation_check,01.1008,https://raw.githubusercontent.com/ambuda-org/vidyut/f3ba4167d40eebc4b3023d24e66867aa6a8cdb32/vidyut-prakriya/data/dhatupatha.tsv,bb2013ead0ea536dc7f887164c385c703cb0014ccf6e5af35b87e6d3049ba380,
01.1009,1,meTf~^,meDAhiMsanayoH,मेधाहिंसनयोः,1010,enumerated_glosses,2,meDAyAm; hiMsAyAm,Explicit analyst segmentation; retain the original compound for review.,,,,[],01.1009,not_flagged_by_exact_citation_check,01.1009,https://raw.githubusercontent.com/ambuda-org/vidyut/f3ba4167d40eebc4b3023d24e66867aa6a8cdb32/vidyut-prakriya/data/dhatupatha.tsv,bb2013ead0ea536dc7f887164c385c703cb0014ccf6e5af35b87e6d3049ba380,
01.1010,1,miDf~^,meDAhiMsanayoH,मेधाहिंसनयोः,1011,enumerated_glosses,2,meDAyAm; hiMsAyAm,Explicit analyst segmentation; retain the original compound for review.,,,,[],01.1010,not_flagged_by_exact_citation_check,01.1010,https://raw.githubusercontent.com/ambuda-org/vidyut/f3ba4167d40eebc4b3023d24e66867aa6a8cdb32/vidyut-prakriya/data/dhatupatha.tsv,bb2013ead0ea536dc7f887164c385c703cb0014ccf6e5af35b87e6d3049ba380,
01.1011,1,meDf~^,meDAhiMsanayoH saNgame ca,मेधाहिंसनयोः सङ्गमे च,1012,enumerated_glosses,3,meDAyAm; hiMsAyAm; saNgame,Visible enumeration; semantic overlap still belongs to lexical review.,,,,[],01.1011,not_flagged_by_exact_citation_check,01.1011,https://raw.githubusercontent.com/ambuda-org/vidyut/f3ba4167d40eebc4b3023d24e66867aa6a8cdb32/vidyut-prakriya/data/dhatupatha.tsv,bb2013ead0ea536dc7f887164c385c703cb0014ccf6e5af35b87e6d3049ba380,
01.1012,1,Ridf~^,kutsAsannikarzayoH,कुत्सासन्निकर्षयोः,1013,enumerated_glosses,2,kutsAyAm; sannikarze,Explicit analyst segmentation; retain the original compound for review.,,,,[],01.1012,not_flagged_by_exact_citation_check,01.1012,https://raw.githubusercontent.com/ambuda-org/vidyut/f3ba4167d40eebc4b3023d24e66867aa6a8cdb32/vidyut-prakriya/data/dhatupatha.tsv,bb2013ead0ea536dc7f887164c385c703cb0014ccf6e5af35b87e6d3049ba380,
01.1013,1,Redf~^,kutsAsannikarzayoH,कुत्सासन्निकर्षयोः,1014,enumerated_glosses,2,kutsAyAm; sannikarze,Explicit analyst segmentation; retain the original compound for review.,,,,[],01.1013,not_flagged_by_exact_citation_check,01.1013,https://raw.githubusercontent.com/ambuda-org/vidyut/f3ba4167d40eebc4b3023d24e66867aa6a8cdb32/vidyut-prakriya/data/dhatupatha.tsv,bb2013ead0ea536dc7f887164c385c703cb0014ccf6e5af35b87e6d3049ba380,
01.1014,1,SfDu~^,undane,उन्दने,1015,single_gloss,1,undane,One source gloss; no attempt to invent finer senses within it.,,,,[],01.1014,not_flagged_by_exact_citation_check,01.1014,https://raw.githubusercontent.com/ambuda-org/vidyut/f3ba4167d40eebc4b3023d24e66867aa6a8cdb32/vidyut-prakriya/data/dhatupatha.tsv,bb2013ead0ea536dc7f887164c385c703cb0014ccf6e5af35b87e6d3049ba380,
01.1015,1,mfDu~^,undane,उन्दने,1016,single_gloss,1,undane,One source gloss; no attempt to invent finer senses within it.,,,,[],01.1015,not_flagged_by_exact_citation_check,01.1015,https://raw.githubusercontent.com/ambuda-org/vidyut/f3ba4167d40eebc4b3023d24e66867aa6a8cdb32/vidyut-prakriya/data/dhatupatha.tsv,bb2013ead0ea536dc7f887164c385c703cb0014ccf6e5af35b87e6d3049ba380,
01.1016,1,buDi~^r,boDane,बोधने,1017,single_gloss,1,boDane,One source gloss; no attempt to invent finer senses within it.,,,,[],01.1016,not_flagged_by_exact_citation_check,01.1016,https://raw.githubusercontent.com/ambuda-org/vidyut/f3ba4167d40eebc4b3023d24e66867aa6a8cdb32/vidyut-prakriya/data/dhatupatha.tsv,bb2013ead0ea536dc7f887164c385c703cb0014ccf6e5af35b87e6d3049ba380,
01.1017,1,u~bundi~^r,niSAmane,निशामने,1018,single_gloss,1,niSAmane,One source gloss; no attempt to invent finer senses within it.,,,,[],01.1017,not_flagged_by_exact_citation_check,01.1017,https://raw.githubusercontent.com/ambuda-org/vidyut/f3ba4167d40eebc4b3023d24e66867aa6a8cdb32/vidyut-prakriya/data/dhatupatha.tsv,bb2013ead0ea536dc7f887164c385c703cb0014ccf6e5af35b87e6d3049ba380,
01.1018,1,veRf~^,gatijYAnacintAniSAmanavAditragrahaRezu,गतिज्ञानचिन्तानिशामनवादित्रग्रहणेषु,1019,enumerated_glosses,5,gatO; jYAne; cintAyAm; niSAmane; vAditragrahaRe,"Five meanings, not six. The commentary explicitly joins vaditra and grahana: taking up a musical instrument to play it. It also records the dental-n citation as a reading; the identity relationship between the two citations remains open.",,MR10,,"[{""filename"": ""dhatu-mA549.html"", ""url"": ""https://sanskrit.uohyd.ac.in/scl/dhaatupaatha/files/mA549.html"", ""accessed_utc"": ""2026-09-12T14:06:59.102078+00:00"", ""sha256"": ""285d7ddcb387c45f98ba999e817f99aa399e573fa591a7f6bb43cbae456c0a97"", ""bytes"": 1241}]",01.1018,not_flagged_by_exact_citation_check,01.1018,https://raw.githubusercontent.com/ambuda-org/vidyut/f3ba4167d40eebc4b3023d24e66867aa6a8cdb32/vidyut-prakriya/data/dhatupatha.tsv,bb2013ead0ea536dc7f887164c385c703cb0014ccf6e5af35b87e6d3049ba380,
01.1019,1,venf~^,gatijYAnacintAniSAmanavAditragrahaRezu,गतिज्ञानचिन्तानिशामनवादित्रग्रहणेषु,1020,enumerated_glosses,5,gatO; jYAne; cintAyAm; niSAmane; vAditragrahaRe,"Five meanings, not six. The commentary explicitly joins vaditra and grahana: taking up a musical instrument to play it. It also records the dental-n citation as a reading; the identity relationship between the two citations remains open.",,MR10,,"[{""filename"": ""dhatu-mA549.html"", ""url"": ""https://sanskrit.uohyd.ac.in/scl/dhaatupaatha/files/mA549.html"", ""accessed_utc"": ""2026-09-12T14:06:59.102078+00:00"", ""sha256"": ""285d7ddcb387c45f98ba999e817f99aa399e573fa591a7f6bb43cbae456c0a97"", ""bytes"": 1241}]",01.1019,not_flagged_by_exact_citation_check,01.1019,https://raw.githubusercontent.com/ambuda-org/vidyut/f3ba4167d40eebc4b3023d24e66867aa6a8cdb32/vidyut-prakriya/data/dhatupatha.tsv,bb2013ead0ea536dc7f887164c385c703cb0014ccf6e5af35b87e6d3049ba380,
01.1020,1,Kanu~^,avadAraRe,अवदारणे,1021,single_gloss,1,avadAraRe,One source gloss; no attempt to invent finer senses within it.,,,,[],01.1020,not_flagged_by_exact_citation_check,01.1020,https://raw.githubusercontent.com/ambuda-org/vidyut/f3ba4167d40eebc4b3023d24e66867aa6a8cdb32/vidyut-prakriya/data/dhatupatha.tsv,bb2013ead0ea536dc7f887164c385c703cb0014ccf6e5af35b87e6d3049ba380,
01.1021,1,cIvf~^,AdAnasaMvaraRayoH,आदानसंवरणयोः,1022,enumerated_glosses,2,AdAne; saMvaraRe,Explicit analyst segmentation; retain the original compound for review.,,,,[],01.1021,not_flagged_by_exact_citation_check,01.1021,https://raw.githubusercontent.com/ambuda-org/vidyut/f3ba4167d40eebc4b3023d24e66867aa6a8cdb32/vidyut-prakriya/data/dhatupatha.tsv,bb2013ead0ea536dc7f887164c385c703cb0014ccf6e5af35b87e6d3049ba380,
01.1022,1,cIpf~^,AdAnasaMvaraRayoH,आदानसंवरणयोः,1023,enumerated_glosses,2,AdAne; saMvaraRe,Explicit analyst segmentation; retain the original compound for review.,,,,[],01.1022,not_flagged_by_exact_citation_check,,https://raw.githubusercontent.com/ambuda-org/vidyut/f3ba4167d40eebc4b3023d24e66867aa6a8cdb32/vidyut-prakriya/data/dhatupatha.tsv,bb2013ead0ea536dc7f887164c385c703cb0014ccf6e5af35b87e6d3049ba380,
01.1023,1,cAyf~^,pUjAniSAmanayoH,पूजानिशामनयोः,1024,enumerated_glosses,2,pUjAyAm; niSAmane,Explicit analyst segmentation; retain the original compound for review.,,,,[],01.1023,not_flagged_by_exact_citation_check,01.1023,https://raw.githubusercontent.com/ambuda-org/vidyut/f3ba4167d40eebc4b3023d24e66867aa6a8cdb32/vidyut-prakriya/data/dhatupatha.tsv,bb2013ead0ea536dc7f887164c385c703cb0014ccf6e5af35b87e6d3049ba380,
01.1024,1,vyaya~^,vittatyAge gatO ca,वित्तत्यागे गतौ च,1025,enumerated_glosses,2,vittatyAge; gatO,Visible enumeration; semantic overlap still belongs to lexical review.,,,,[],01.1024,not_flagged_by_exact_citation_check,01.1024,https://raw.githubusercontent.com/ambuda-org/vidyut/f3ba4167d40eebc4b3023d24e66867aa6a8cdb32/vidyut-prakriya/data/dhatupatha.tsv,bb2013ead0ea536dc7f887164c385c703cb0014ccf6e5af35b87e6d3049ba380,
01.1025,1,dASf~^,dAne,दाने,1026,single_gloss,1,dAne,One source gloss; no attempt to invent finer senses within it.,,,,[],01.1025,not_flagged_by_exact_citation_check,01.1025,https://raw.githubusercontent.com/ambuda-org/vidyut/f3ba4167d40eebc4b3023d24e66867aa6a8cdb32/vidyut-prakriya/data/dhatupatha.tsv,bb2013ead0ea536dc7f887164c385c703cb0014ccf6e5af35b87e6d3049ba380,
01.1026,1,Bezf~^,Baye,भये,1027,single_gloss,1,Baye,One source gloss; no attempt to invent finer senses within it.,,,,[],01.1026,not_flagged_by_exact_citation_check,01.1026,https://raw.githubusercontent.com/ambuda-org/vidyut/f3ba4167d40eebc4b3023d24e66867aa6a8cdb32/vidyut-prakriya/data/dhatupatha.tsv,bb2013ead0ea536dc7f887164c385c703cb0014ccf6e5af35b87e6d3049ba380,
01.1027,1,Brezf~^,gatO,गतौ,1028,single_gloss,1,gatO,One source gloss; no attempt to invent finer senses within it.,,,,[],01.1027,not_flagged_by_exact_citation_check,01.1027,https://raw.githubusercontent.com/ambuda-org/vidyut/f3ba4167d40eebc4b3023d24e66867aa6a8cdb32/vidyut-prakriya/data/dhatupatha.tsv,bb2013ead0ea536dc7f887164c385c703cb0014ccf6e5af35b87e6d3049ba380,
01.1028,1,Blezf~^,gatO,गतौ,1029,single_gloss,1,gatO,One source gloss; no attempt to invent finer senses within it.,,,,[],01.1028,not_flagged_by_exact_citation_check,01.1028,https://raw.githubusercontent.com/ambuda-org/vidyut/f3ba4167d40eebc4b3023d24e66867aa6a8cdb32/vidyut-prakriya/data/dhatupatha.tsv,bb2013ead0ea536dc7f887164c385c703cb0014ccf6e5af35b87e6d3049ba380,
01.1029,1,asa~^,gatidIptyAdAnezu,गतिदीप्त्यादानेषु,1030,enumerated_glosses,3,gatO; dIptO; AdAne,Explicit analyst segmentation; retain the original compound for review.,,,,[],01.1029,not_flagged_by_exact_citation_check,01.1029,https://raw.githubusercontent.com/ambuda-org/vidyut/f3ba4167d40eebc4b3023d24e66867aa6a8cdb32/vidyut-prakriya/data/dhatupatha.tsv,bb2013ead0ea536dc7f887164c385c703cb0014ccf6e5af35b87e6d3049ba380,
01.1030,1,aza~^,gatidIptyAdAnezu,गतिदीप्त्यादानेषु,1031,enumerated_glosses,3,gatO; dIptO; AdAne,Explicit analyst segmentation; retain the original compound for review.,,,,[],01.1030,not_flagged_by_exact_citation_check,01.1030,https://raw.githubusercontent.com/ambuda-org/vidyut/f3ba4167d40eebc4b3023d24e66867aa6a8cdb32/vidyut-prakriya/data/dhatupatha.tsv,bb2013ead0ea536dc7f887164c385c703cb0014ccf6e5af35b87e6d3049ba380,
01.1031,1,ya\ma~,uparame,उपरमे,1032,single_gloss,1,uparame,One source gloss; no attempt to invent finer senses within it.,,,,[],01.1031,open,,https://raw.githubusercontent.com/ambuda-org/vidyut/f3ba4167d40eebc4b3023d24e66867aa6a8cdb32/vidyut-prakriya/data/dhatupatha.tsv,bb2013ead0ea536dc7f887164c385c703cb0014ccf6e5af35b87e6d3049ba380,IR210
01.1032,1,spaSa~^,bADanasparSanayoH,बाधनस्पर्शनयोः,1033,enumerated_glosses,2,bADane; sparSane,Explicit analyst segmentation; retain the original compound for review.,,,,[],01.1032,not_flagged_by_exact_citation_check,01.1032,https://raw.githubusercontent.com/ambuda-org/vidyut/f3ba4167d40eebc4b3023d24e66867aa6a8cdb32/vidyut-prakriya/data/dhatupatha.tsv,bb2013ead0ea536dc7f887164c385c703cb0014ccf6e5af35b87e6d3049ba380,
01.1033,1,laza~^,kAntO,कान्तौ,1034,single_gloss,1,kAntO,One source gloss; no attempt to invent finer senses within it.,,,,[],01.1033,not_flagged_by_exact_citation_check,01.1033,https://raw.githubusercontent.com/ambuda-org/vidyut/f3ba4167d40eebc4b3023d24e66867aa6a8cdb32/vidyut-prakriya/data/dhatupatha.tsv,bb2013ead0ea536dc7f887164c385c703cb0014ccf6e5af35b87e6d3049ba380,
01.1034,1,caza~^,BakzaRe,भक्षणे,1035,single_gloss,1,BakzaRe,One source gloss; no attempt to invent finer senses within it.,,,,[],01.1034,not_flagged_by_exact_citation_check,01.1034;01.1035,https://raw.githubusercontent.com/ambuda-org/vidyut/f3ba4167d40eebc4b3023d24e66867aa6a8cdb32/vidyut-prakriya/data/dhatupatha.tsv,bb2013ead0ea536dc7f887164c385c703cb0014ccf6e5af35b87e6d3049ba380,
01.1035,1,Caza~^,hiMsAyAm,हिंसायाम्,1036,single_gloss,1,hiMsAyAm,One source gloss; no attempt to invent finer senses within it.,,,,[],01.1035,not_flagged_by_exact_citation_check,,https://raw.githubusercontent.com/ambuda-org/vidyut/f3ba4167d40eebc4b3023d24e66867aa6a8cdb32/vidyut-prakriya/data/dhatupatha.tsv,bb2013ead0ea536dc7f887164c385c703cb0014ccf6e5af35b87e6d3049ba380,
01.1036,1,Jaza~^,AdAnasaMvaraRayoH,आदानसंवरणयोः,1037,enumerated_glosses,2,AdAne; saMvaraRe,Explicit analyst segmentation; retain the original compound for review.,,,,[],01.1036,not_flagged_by_exact_citation_check,01.1036,https://raw.githubusercontent.com/ambuda-org/vidyut/f3ba4167d40eebc4b3023d24e66867aa6a8cdb32/vidyut-prakriya/data/dhatupatha.tsv,bb2013ead0ea536dc7f887164c385c703cb0014ccf6e5af35b87e6d3049ba380,
01.1037,1,Brakza~^,adane,अदने,1038,single_gloss,1,adane,One source gloss; no attempt to invent finer senses within it.,,,,[],01.1037,not_flagged_by_exact_citation_check,01.1037,https://raw.githubusercontent.com/ambuda-org/vidyut/f3ba4167d40eebc4b3023d24e66867aa6a8cdb32/vidyut-prakriya/data/dhatupatha.tsv,bb2013ead0ea536dc7f887164c385c703cb0014ccf6e5af35b87e6d3049ba380,
01.1038,1,Blakza~^,AdAnasaMvaraRayoH,आदानसंवरणयोः,1039,enumerated_glosses,2,AdAne; saMvaraRe,Explicit analyst segmentation; retain the original compound for review.,,,,[],01.1038,not_flagged_by_exact_citation_check,01.1038,https://raw.githubusercontent.com/ambuda-org/vidyut/f3ba4167d40eebc4b3023d24e66867aa6a8cdb32/vidyut-prakriya/data/dhatupatha.tsv,bb2013ead0ea536dc7f887164c385c703cb0014ccf6e5af35b87e6d3049ba380,
01.1039,1,Bakza~^,adane,अदने,1040,single_gloss,1,adane,One source gloss; no attempt to invent finer senses within it.,,,,[],01.1039,not_flagged_by_exact_citation_check,01.1039,https://raw.githubusercontent.com/ambuda-org/vidyut/f3ba4167d40eebc4b3023d24e66867aa6a8cdb32/vidyut-prakriya/data/dhatupatha.tsv,bb2013ead0ea536dc7f887164c385c703cb0014ccf6e5af35b87e6d3049ba380,
01.1040,1,plakza~^,adane,अदने,1041,single_gloss,1,adane,One source gloss; no attempt to invent finer senses within it.,,,,[],01.1040,not_flagged_by_exact_citation_check,01.1040,https://raw.githubusercontent.com/ambuda-org/vidyut/f3ba4167d40eebc4b3023d24e66867aa6a8cdb32/vidyut-prakriya/data/dhatupatha.tsv,bb2013ead0ea536dc7f887164c385c703cb0014ccf6e5af35b87e6d3049ba380,
01.1041,1,dAsf~^,dAne,दाने,1042,single_gloss,1,dAne,One source gloss; no attempt to invent finer senses within it.,,,,[],01.1041,not_flagged_by_exact_citation_check,01.1041,https://raw.githubusercontent.com/ambuda-org/vidyut/f3ba4167d40eebc4b3023d24e66867aa6a8cdb32/vidyut-prakriya/data/dhatupatha.tsv,bb2013ead0ea536dc7f887164c385c703cb0014ccf6e5af35b87e6d3049ba380,
01.1042,1,mAhf~^,mAne,माने,1043,single_gloss,1,mAne,One source gloss; no attempt to invent finer senses within it.,,,,[],01.1042,not_flagged_by_exact_citation_check,01.1042,https://raw.githubusercontent.com/ambuda-org/vidyut/f3ba4167d40eebc4b3023d24e66867aa6a8cdb32/vidyut-prakriya/data/dhatupatha.tsv,bb2013ead0ea536dc7f887164c385c703cb0014ccf6e5af35b87e6d3049ba380,
01.1043,1,guhU~^,saMvaraRe,संवरणे,1044,single_gloss,1,saMvaraRe,One source gloss; no attempt to invent finer senses within it.,,,,[],01.1043,not_flagged_by_exact_citation_check,01.1043,https://raw.githubusercontent.com/ambuda-org/vidyut/f3ba4167d40eebc4b3023d24e66867aa6a8cdb32/vidyut-prakriya/data/dhatupatha.tsv,bb2013ead0ea536dc7f887164c385c703cb0014ccf6e5af35b87e6d3049ba380,
01.1044,1,SriY,sevAyAm,सेवायाम्,1045,single_gloss,1,sevAyAm,One source gloss; no attempt to invent finer senses within it.,,,,[],01.1044,not_flagged_by_exact_citation_check,01.1044,https://raw.githubusercontent.com/ambuda-org/vidyut/f3ba4167d40eebc4b3023d24e66867aa6a8cdb32/vidyut-prakriya/data/dhatupatha.tsv,bb2013ead0ea536dc7f887164c385c703cb0014ccf6e5af35b87e6d3049ba380,
01.1045,1,Bf\Y,BaraRe,भरणे,1046,single_gloss,1,BaraRe,One source gloss; no attempt to invent finer senses within it.,,,,[],01.1045,not_flagged_by_exact_citation_check,01.1045,https://raw.githubusercontent.com/ambuda-org/vidyut/f3ba4167d40eebc4b3023d24e66867aa6a8cdb32/vidyut-prakriya/data/dhatupatha.tsv,bb2013ead0ea536dc7f887164c385c703cb0014ccf6e5af35b87e6d3049ba380,
01.1046,1,hf\Y,haraRe,हरणे,1047,single_gloss,1,haraRe,One source gloss; no attempt to invent finer senses within it.,,,,[],01.1046,not_flagged_by_exact_citation_check,01.1046,https://raw.githubusercontent.com/ambuda-org/vidyut/f3ba4167d40eebc4b3023d24e66867aa6a8cdb32/vidyut-prakriya/data/dhatupatha.tsv,bb2013ead0ea536dc7f887164c385c703cb0014ccf6e5af35b87e6d3049ba380,
01.1047,1,Df\Y,DAraRe,धारणे,1048,single_gloss,1,DAraRe,One source gloss; no attempt to invent finer senses within it.,,,,[],01.1047,not_flagged_by_exact_citation_check,01.1047,https://raw.githubusercontent.com/ambuda-org/vidyut/f3ba4167d40eebc4b3023d24e66867aa6a8cdb32/vidyut-prakriya/data/dhatupatha.tsv,bb2013ead0ea536dc7f887164c385c703cb0014ccf6e5af35b87e6d3049ba380,
01.1048,1,zUkzya~,IrzyAyAm,ईर्ष्यायाम्,1049,single_gloss,1,IrzyAyAm,One source gloss; no attempt to invent finer senses within it.,,,,[],01.1048,not_flagged_by_exact_citation_check,,https://raw.githubusercontent.com/ambuda-org/vidyut/f3ba4167d40eebc4b3023d24e66867aa6a8cdb32/vidyut-prakriya/data/dhatupatha.tsv,bb2013ead0ea536dc7f887164c385c703cb0014ccf6e5af35b87e6d3049ba380,
01.1049,1,RI\Y,prApaRe,प्रापणे,1050,single_gloss,1,prApaRe,One source gloss; no attempt to invent finer senses within it.,,,,[],01.1049,not_flagged_by_exact_citation_check,01.1049,https://raw.githubusercontent.com/ambuda-org/vidyut/f3ba4167d40eebc4b3023d24e66867aa6a8cdb32/vidyut-prakriya/data/dhatupatha.tsv,bb2013ead0ea536dc7f887164c385c703cb0014ccf6e5af35b87e6d3049ba380,
01.1050,1,De\w,pAne,पाने,1051,single_gloss,1,pAne,One source gloss; no attempt to invent finer senses within it.,,,,[],01.1050,not_flagged_by_exact_citation_check,01.1050,https://raw.githubusercontent.com/ambuda-org/vidyut/f3ba4167d40eebc4b3023d24e66867aa6a8cdb32/vidyut-prakriya/data/dhatupatha.tsv,bb2013ead0ea536dc7f887164c385c703cb0014ccf6e5af35b87e6d3049ba380,
01.1051,1,glE\,harzakzaye,हर्षक्षये,1052,single_gloss,1,harzakzaye,One source gloss; no attempt to invent finer senses within it.,,,,[],01.1051,not_flagged_by_exact_citation_check,01.1051,https://raw.githubusercontent.com/ambuda-org/vidyut/f3ba4167d40eebc4b3023d24e66867aa6a8cdb32/vidyut-prakriya/data/dhatupatha.tsv,bb2013ead0ea536dc7f887164c385c703cb0014ccf6e5af35b87e6d3049ba380,
01.1052,1,mlE\,harzakzaye,हर्षक्षये,1053,single_gloss,1,harzakzaye,One source gloss; no attempt to invent finer senses within it.,,,,[],01.1052,not_flagged_by_exact_citation_check,01.1052,https://raw.githubusercontent.com/ambuda-org/vidyut/f3ba4167d40eebc4b3023d24e66867aa6a8cdb32/vidyut-prakriya/data/dhatupatha.tsv,bb2013ead0ea536dc7f887164c385c703cb0014ccf6e5af35b87e6d3049ba380,
01.1053,1,dyE\,nyakkaraRe,न्यक्करणे,1054,single_gloss,1,nyakkaraRe,One source gloss; no attempt to invent finer senses within it.,,,,[],01.1053,not_flagged_by_exact_citation_check,01.1053,https://raw.githubusercontent.com/ambuda-org/vidyut/f3ba4167d40eebc4b3023d24e66867aa6a8cdb32/vidyut-prakriya/data/dhatupatha.tsv,bb2013ead0ea536dc7f887164c385c703cb0014ccf6e5af35b87e6d3049ba380,
01.1054,1,drE\,svapne,स्वप्ने,1055,single_gloss,1,svapne,One source gloss; no attempt to invent finer senses within it.,,,,[],01.1054,not_flagged_by_exact_citation_check,01.1054,https://raw.githubusercontent.com/ambuda-org/vidyut/f3ba4167d40eebc4b3023d24e66867aa6a8cdb32/vidyut-prakriya/data/dhatupatha.tsv,bb2013ead0ea536dc7f887164c385c703cb0014ccf6e5af35b87e6d3049ba380,
01.1055,1,DrE\,tfptO,तृप्तौ,1056,single_gloss,1,tfptO,One source gloss; no attempt to invent finer senses within it.,,,,[],01.1055,not_flagged_by_exact_citation_check,01.1055,https://raw.githubusercontent.com/ambuda-org/vidyut/f3ba4167d40eebc4b3023d24e66867aa6a8cdb32/vidyut-prakriya/data/dhatupatha.tsv,bb2013ead0ea536dc7f887164c385c703cb0014ccf6e5af35b87e6d3049ba380,
01.1056,1,DyE\,cintAyAm,चिन्तायाम्,1057,single_gloss,1,cintAyAm,One source gloss; no attempt to invent finer senses within it.,,,,[],01.1056,not_flagged_by_exact_citation_check,01.1056,https://raw.githubusercontent.com/ambuda-org/vidyut/f3ba4167d40eebc4b3023d24e66867aa6a8cdb32/vidyut-prakriya/data/dhatupatha.tsv,bb2013ead0ea536dc7f887164c385c703cb0014ccf6e5af35b87e6d3049ba380,
01.1057,1,rE\,Sabde,शब्दे,1058,single_gloss,1,Sabde,One source gloss; no attempt to invent finer senses within it.,,,,[],01.1057,not_flagged_by_exact_citation_check,01.1057,https://raw.githubusercontent.com/ambuda-org/vidyut/f3ba4167d40eebc4b3023d24e66867aa6a8cdb32/vidyut-prakriya/data/dhatupatha.tsv,bb2013ead0ea536dc7f887164c385c703cb0014ccf6e5af35b87e6d3049ba380,
01.1058,1,styE\,SabdasaNGAtayoH,शब्दसङ्घातयोः,1059,enumerated_glosses,2,Sabde; saNGAte,Explicit analyst segmentation; retain the original compound for review.,,,,[],01.1058,not_flagged_by_exact_citation_check,01.1058,https://raw.githubusercontent.com/ambuda-org/vidyut/f3ba4167d40eebc4b3023d24e66867aa6a8cdb32/vidyut-prakriya/data/dhatupatha.tsv,bb2013ead0ea536dc7f887164c385c703cb0014ccf6e5af35b87e6d3049ba380,
01.1059,1,zwyE\,SabdasaNGAtayoH,शब्दसङ्घातयोः,1060,enumerated_glosses,2,Sabde; saNGAte,Explicit analyst segmentation; retain the original compound for review.,,,,[],01.1059,not_flagged_by_exact_citation_check,01.1059,https://raw.githubusercontent.com/ambuda-org/vidyut/f3ba4167d40eebc4b3023d24e66867aa6a8cdb32/vidyut-prakriya/data/dhatupatha.tsv,bb2013ead0ea536dc7f887164c385c703cb0014ccf6e5af35b87e6d3049ba380,
01.1060,1,KE\,Kadane,खदने,1061,single_gloss,1,Kadane,One source gloss; no attempt to invent finer senses within it.,,,,[],01.1060,not_flagged_by_exact_citation_check,01.1060,https://raw.githubusercontent.com/ambuda-org/vidyut/f3ba4167d40eebc4b3023d24e66867aa6a8cdb32/vidyut-prakriya/data/dhatupatha.tsv,bb2013ead0ea536dc7f887164c385c703cb0014ccf6e5af35b87e6d3049ba380,
01.1061,1,kzE\,kzaye,क्षये,1062,single_gloss,1,kzaye,One source gloss; no attempt to invent finer senses within it.,,,,[],01.1061,not_flagged_by_exact_citation_check,01.1061,https://raw.githubusercontent.com/ambuda-org/vidyut/f3ba4167d40eebc4b3023d24e66867aa6a8cdb32/vidyut-prakriya/data/dhatupatha.tsv,bb2013ead0ea536dc7f887164c385c703cb0014ccf6e5af35b87e6d3049ba380,
01.1062,1,jE\,kzaye,क्षये,1063,single_gloss,1,kzaye,One source gloss; no attempt to invent finer senses within it.,,,,[],01.1062,not_flagged_by_exact_citation_check,01.1062,https://raw.githubusercontent.com/ambuda-org/vidyut/f3ba4167d40eebc4b3023d24e66867aa6a8cdb32/vidyut-prakriya/data/dhatupatha.tsv,bb2013ead0ea536dc7f887164c385c703cb0014ccf6e5af35b87e6d3049ba380,
01.1063,1,zE\,kzaye,क्षये,1064,single_gloss,1,kzaye,One source gloss; no attempt to invent finer senses within it.,,,,[],01.1063,not_flagged_by_exact_citation_check,01.1063,https://raw.githubusercontent.com/ambuda-org/vidyut/f3ba4167d40eebc4b3023d24e66867aa6a8cdb32/vidyut-prakriya/data/dhatupatha.tsv,bb2013ead0ea536dc7f887164c385c703cb0014ccf6e5af35b87e6d3049ba380,
01.1064,1,kE\,Sabde,शब्दे,1065,single_gloss,1,Sabde,One source gloss; no attempt to invent finer senses within it.,,,,[],01.1064,not_flagged_by_exact_citation_check,01.1064,https://raw.githubusercontent.com/ambuda-org/vidyut/f3ba4167d40eebc4b3023d24e66867aa6a8cdb32/vidyut-prakriya/data/dhatupatha.tsv,bb2013ead0ea536dc7f887164c385c703cb0014ccf6e5af35b87e6d3049ba380,
01.1065,1,gE\,Sabde,शब्दे,1066,single_gloss,1,Sabde,One source gloss; no attempt to invent finer senses within it.,,,,[],01.1065,not_flagged_by_exact_citation_check,01.1065,https://raw.githubusercontent.com/ambuda-org/vidyut/f3ba4167d40eebc4b3023d24e66867aa6a8cdb32/vidyut-prakriya/data/dhatupatha.tsv,bb2013ead0ea536dc7f887164c385c703cb0014ccf6e5af35b87e6d3049ba380,
01.1066,1,SE\,pAke,पाके,1067,single_gloss,1,pAke,One source gloss; no attempt to invent finer senses within it.,,,,[],01.1066,not_flagged_by_exact_citation_check,01.1066,https://raw.githubusercontent.com/ambuda-org/vidyut/f3ba4167d40eebc4b3023d24e66867aa6a8cdb32/vidyut-prakriya/data/dhatupatha.tsv,bb2013ead0ea536dc7f887164c385c703cb0014ccf6e5af35b87e6d3049ba380,
01.1067,1,SrE\,pAke,पाके,1068,single_gloss,1,pAke,One source gloss; no attempt to invent finer senses within it.,,,,[],01.1067,not_flagged_by_exact_citation_check,01.1067,https://raw.githubusercontent.com/ambuda-org/vidyut/f3ba4167d40eebc4b3023d24e66867aa6a8cdb32/vidyut-prakriya/data/dhatupatha.tsv,bb2013ead0ea536dc7f887164c385c703cb0014ccf6e5af35b87e6d3049ba380,
01.1068,1,srE\,pAke,पाके,1069,single_gloss,1,pAke,One source gloss; no attempt to invent finer senses within it.,,,,[],01.1068,not_flagged_by_exact_citation_check,01.1068,https://raw.githubusercontent.com/ambuda-org/vidyut/f3ba4167d40eebc4b3023d24e66867aa6a8cdb32/vidyut-prakriya/data/dhatupatha.tsv,bb2013ead0ea536dc7f887164c385c703cb0014ccf6e5af35b87e6d3049ba380,
01.1069,1,pE\,SozaRe,शोषणे,1070,single_gloss,1,SozaRe,One source gloss; no attempt to invent finer senses within it.,,,,[],01.1069,not_flagged_by_exact_citation_check,01.1069,https://raw.githubusercontent.com/ambuda-org/vidyut/f3ba4167d40eebc4b3023d24e66867aa6a8cdb32/vidyut-prakriya/data/dhatupatha.tsv,bb2013ead0ea536dc7f887164c385c703cb0014ccf6e5af35b87e6d3049ba380,
01.1070,1,o~vE\,SozaRe,शोषणे,1071,single_gloss,1,SozaRe,One source gloss; no attempt to invent finer senses within it.,,,,[],01.1070,not_flagged_by_exact_citation_check,,https://raw.githubusercontent.com/ambuda-org/vidyut/f3ba4167d40eebc4b3023d24e66867aa6a8cdb32/vidyut-prakriya/data/dhatupatha.tsv,bb2013ead0ea536dc7f887164c385c703cb0014ccf6e5af35b87e6d3049ba380,
01.1071,1,zwE\,vezwane SoBAyAM ca,वेष्टने शोभायां च,1072,enumerated_glosses,2,vezwane; SoBAyAM,Visible enumeration; semantic overlap still belongs to lexical review.,,,,[],01.1071,not_flagged_by_exact_citation_check,01.1071,https://raw.githubusercontent.com/ambuda-org/vidyut/f3ba4167d40eebc4b3023d24e66867aa6a8cdb32/vidyut-prakriya/data/dhatupatha.tsv,bb2013ead0ea536dc7f887164c385c703cb0014ccf6e5af35b87e6d3049ba380,
01.1072,1,zRE\,vezwane SoBAyAM ca,वेष्टने शोभायां च,1073,enumerated_glosses,2,vezwane; SoBAyAM,Visible enumeration; semantic overlap still belongs to lexical review.,,,,[],01.1072,not_flagged_by_exact_citation_check,01.1072,https://raw.githubusercontent.com/ambuda-org/vidyut/f3ba4167d40eebc4b3023d24e66867aa6a8cdb32/vidyut-prakriya/data/dhatupatha.tsv,bb2013ead0ea536dc7f887164c385c703cb0014ccf6e5af35b87e6d3049ba380,
01.1073,1,dE\p,SoDane,शोधने,1074,single_gloss,1,SoDane,One source gloss; no attempt to invent finer senses within it.,,,,[],01.1073,not_flagged_by_exact_citation_check,01.1073,https://raw.githubusercontent.com/ambuda-org/vidyut/f3ba4167d40eebc4b3023d24e66867aa6a8cdb32/vidyut-prakriya/data/dhatupatha.tsv,bb2013ead0ea536dc7f887164c385c703cb0014ccf6e5af35b87e6d3049ba380,
01.1074,1,pA\,pAne,पाने,1075,single_gloss,1,pAne,One source gloss; no attempt to invent finer senses within it.,,,,[],01.1074,retain_distinct_meanings,01.1074,https://raw.githubusercontent.com/ambuda-org/vidyut/f3ba4167d40eebc4b3023d24e66867aa6a8cdb32/vidyut-prakriya/data/dhatupatha.tsv,bb2013ead0ea536dc7f887164c385c703cb0014ccf6e5af35b87e6d3049ba380,IR142
01.1075,1,GrA\,ganDopAdAne GrARe ca,गन्धोपादाने घ्राणे च,1076,single_gloss,1,ganDopAdAne,One smelling description. Ghrana explains the same action rather than establishing an additional sense.,,MR11,,"[{""filename"": ""dhatu-mA586.html"", ""url"": ""https://sanskrit.uohyd.ac.in/scl/dhaatupaatha/files/mA586.html"", ""accessed_utc"": ""2026-09-12T14:06:59.363772+00:00"", ""sha256"": ""72d1cfa4227ae929a48ef59882349e4f0b84c5ea65e087c6d54ac07f6e1fc2ae"", ""bytes"": 4212}]",01.1075,not_flagged_by_exact_citation_check,01.1075,https://raw.githubusercontent.com/ambuda-org/vidyut/f3ba4167d40eebc4b3023d24e66867aa6a8cdb32/vidyut-prakriya/data/dhatupatha.tsv,bb2013ead0ea536dc7f887164c385c703cb0014ccf6e5af35b87e6d3049ba380,
01.1076,1,DmA\,SabdAgnisaMyogayoH,शब्दाग्निसंयोगयोः,1077,enumerated_glosses,2,Sabde; agnisaMyoge,Explicit analyst segmentation; retain the original compound for review.,,,,[],01.1076,not_flagged_by_exact_citation_check,01.1076,https://raw.githubusercontent.com/ambuda-org/vidyut/f3ba4167d40eebc4b3023d24e66867aa6a8cdb32/vidyut-prakriya/data/dhatupatha.tsv,bb2013ead0ea536dc7f887164c385c703cb0014ccf6e5af35b87e6d3049ba380,
01.1077,1,zWA\,gatinivfttO,गतिनिवृत्तौ,1078,single_gloss,1,gatinivfttO,One source gloss; no attempt to invent finer senses within it.,,,,[],01.1077,not_flagged_by_exact_citation_check,01.1077,https://raw.githubusercontent.com/ambuda-org/vidyut/f3ba4167d40eebc4b3023d24e66867aa6a8cdb32/vidyut-prakriya/data/dhatupatha.tsv,bb2013ead0ea536dc7f887164c385c703cb0014ccf6e5af35b87e6d3049ba380,
01.1078,1,mnA\,aByAse,अभ्यासे,1079,single_gloss,1,aByAse,One source gloss; no attempt to invent finer senses within it.,,,,[],01.1078,not_flagged_by_exact_citation_check,01.1078,https://raw.githubusercontent.com/ambuda-org/vidyut/f3ba4167d40eebc4b3023d24e66867aa6a8cdb32/vidyut-prakriya/data/dhatupatha.tsv,bb2013ead0ea536dc7f887164c385c703cb0014ccf6e5af35b87e6d3049ba380,
01.1079,1,dA\R,dAne,दाने,1080,single_gloss,1,dAne,One source gloss; no attempt to invent finer senses within it.,,,,[],01.1079,not_flagged_by_exact_citation_check,01.1079,https://raw.githubusercontent.com/ambuda-org/vidyut/f3ba4167d40eebc4b3023d24e66867aa6a8cdb32/vidyut-prakriya/data/dhatupatha.tsv,bb2013ead0ea536dc7f887164c385c703cb0014ccf6e5af35b87e6d3049ba380,
01.1080,1,hvf\,kOwilye,कौटिल्ये,1081,single_gloss,1,kOwilye,One source gloss; no attempt to invent finer senses within it.,,,,[],01.1080,retain_distinct_meanings,01.1080,https://raw.githubusercontent.com/ambuda-org/vidyut/f3ba4167d40eebc4b3023d24e66867aa6a8cdb32/vidyut-prakriya/data/dhatupatha.tsv,bb2013ead0ea536dc7f887164c385c703cb0014ccf6e5af35b87e6d3049ba380,IR79
01.1081,1,svf,SabdopatApayoH,शब्दोपतापयोः,1082,enumerated_glosses,2,Sabde; upatApe,Explicit analyst segmentation; retain the original compound for review.,,,,[],01.1081,not_flagged_by_exact_citation_check,,https://raw.githubusercontent.com/ambuda-org/vidyut/f3ba4167d40eebc4b3023d24e66867aa6a8cdb32/vidyut-prakriya/data/dhatupatha.tsv,bb2013ead0ea536dc7f887164c385c703cb0014ccf6e5af35b87e6d3049ba380,
01.1082,1,smf\,cintAyAm,चिन्तायाम्,1083,single_gloss,1,cintAyAm,One source gloss; no attempt to invent finer senses within it.,,,,[],01.1082,retain_distinct_meanings,01.1082,https://raw.githubusercontent.com/ambuda-org/vidyut/f3ba4167d40eebc4b3023d24e66867aa6a8cdb32/vidyut-prakriya/data/dhatupatha.tsv,bb2013ead0ea536dc7f887164c385c703cb0014ccf6e5af35b87e6d3049ba380,IR174
01.1083,1,vf\,saMvaraRe,संवरणे,1084,single_gloss,1,saMvaraRe,One source gloss; no attempt to invent finer senses within it.,,,,[],01.1083,not_flagged_by_exact_citation_check,,https://raw.githubusercontent.com/ambuda-org/vidyut/f3ba4167d40eebc4b3023d24e66867aa6a8cdb32/vidyut-prakriya/data/dhatupatha.tsv,bb2013ead0ea536dc7f887164c385c703cb0014ccf6e5af35b87e6d3049ba380,
01.1084,1,hvf\,saMvaraRe,संवरणे,1085,single_gloss,1,saMvaraRe,One source gloss; no attempt to invent finer senses within it.,,,,[],01.1084,retain_distinct_meanings,01.1084,https://raw.githubusercontent.com/ambuda-org/vidyut/f3ba4167d40eebc4b3023d24e66867aa6a8cdb32/vidyut-prakriya/data/dhatupatha.tsv,bb2013ead0ea536dc7f887164c385c703cb0014ccf6e5af35b87e6d3049ba380,IR79
01.1085,1,sf\,gatO,गतौ,1086,single_gloss,1,gatO,One source gloss; no attempt to invent finer senses within it.,,,,[],01.1085,merge_shared_meanings,01.1085,https://raw.githubusercontent.com/ambuda-org/vidyut/f3ba4167d40eebc4b3023d24e66867aa6a8cdb32/vidyut-prakriya/data/dhatupatha.tsv,bb2013ead0ea536dc7f887164c385c703cb0014ccf6e5af35b87e6d3049ba380,IR173
01.1086,1,f\,gatiprApaRayoH,गतिप्रापणयोः,1087,enumerated_glosses,2,gatO; prApaRe,Explicit analyst segmentation; retain the original compound for review.,,,,[],01.1086,merge_shared_meanings,01.1086,https://raw.githubusercontent.com/ambuda-org/vidyut/f3ba4167d40eebc4b3023d24e66867aa6a8cdb32/vidyut-prakriya/data/dhatupatha.tsv,bb2013ead0ea536dc7f887164c385c703cb0014ccf6e5af35b87e6d3049ba380,IR65
01.1087,1,gf\,secane,सेचने,1088,single_gloss,1,secane,One source gloss; no attempt to invent finer senses within it.,,,,[],01.1087,not_flagged_by_exact_citation_check,01.1087,https://raw.githubusercontent.com/ambuda-org/vidyut/f3ba4167d40eebc4b3023d24e66867aa6a8cdb32/vidyut-prakriya/data/dhatupatha.tsv,bb2013ead0ea536dc7f887164c385c703cb0014ccf6e5af35b87e6d3049ba380,
01.1088,1,Gf\,secane,सेचने,1089,single_gloss,1,secane,One source gloss; no attempt to invent finer senses within it.,,,,[],01.1088,open,01.1088,https://raw.githubusercontent.com/ambuda-org/vidyut/f3ba4167d40eebc4b3023d24e66867aa6a8cdb32/vidyut-prakriya/data/dhatupatha.tsv,bb2013ead0ea536dc7f887164c385c703cb0014ccf6e5af35b87e6d3049ba380,IR12
01.1089,1,Dvf\,hUrCane,हूर्छने,1090,single_gloss,1,hUrCane,One source gloss; no attempt to invent finer senses within it.,,,,[],01.1089,not_flagged_by_exact_citation_check,01.1089,https://raw.githubusercontent.com/ambuda-org/vidyut/f3ba4167d40eebc4b3023d24e66867aa6a8cdb32/vidyut-prakriya/data/dhatupatha.tsv,bb2013ead0ea536dc7f887164c385c703cb0014ccf6e5af35b87e6d3049ba380,
01.1090,1,sru\,gatO,गतौ,1091,single_gloss,1,gatO,One source gloss; no attempt to invent finer senses within it.,,,,[],01.1090,not_flagged_by_exact_citation_check,01.1090,https://raw.githubusercontent.com/ambuda-org/vidyut/f3ba4167d40eebc4b3023d24e66867aa6a8cdb32/vidyut-prakriya/data/dhatupatha.tsv,bb2013ead0ea536dc7f887164c385c703cb0014ccf6e5af35b87e6d3049ba380,
01.1091,1,zu\,prasavESvaryayoH,प्रसवैश्वर्ययोः,1092,enumerated_glosses,2,prasave; ESvarye,Explicit analyst segmentation; retain the original compound for review.,,,,[],01.1091,open,01.1091,https://raw.githubusercontent.com/ambuda-org/vidyut/f3ba4167d40eebc4b3023d24e66867aa6a8cdb32/vidyut-prakriya/data/dhatupatha.tsv,bb2013ead0ea536dc7f887164c385c703cb0014ccf6e5af35b87e6d3049ba380,IR219
01.1092,1,Sru\,SravaRe,श्रवणे,1093,single_gloss,1,SravaRe,One source gloss; no attempt to invent finer senses within it.,,,,[],01.1092,not_flagged_by_exact_citation_check,01.1092,https://raw.githubusercontent.com/ambuda-org/vidyut/f3ba4167d40eebc4b3023d24e66867aa6a8cdb32/vidyut-prakriya/data/dhatupatha.tsv,bb2013ead0ea536dc7f887164c385c703cb0014ccf6e5af35b87e6d3049ba380,
01.1093,1,Dru\,sTErye,स्थैर्ये,1094,single_gloss,1,sTErye,One source gloss; no attempt to invent finer senses within it.,,,,[],01.1093,merge_shared_meanings,01.1093,https://raw.githubusercontent.com/ambuda-org/vidyut/f3ba4167d40eebc4b3023d24e66867aa6a8cdb32/vidyut-prakriya/data/dhatupatha.tsv,bb2013ead0ea536dc7f887164c385c703cb0014ccf6e5af35b87e6d3049ba380,IR09
01.1094,1,du\,gatO,गतौ,1095,single_gloss,1,gatO,One source gloss; no attempt to invent finer senses within it.,,,,[],01.1094,not_flagged_by_exact_citation_check,01.1094,https://raw.githubusercontent.com/ambuda-org/vidyut/f3ba4167d40eebc4b3023d24e66867aa6a8cdb32/vidyut-prakriya/data/dhatupatha.tsv,bb2013ead0ea536dc7f887164c385c703cb0014ccf6e5af35b87e6d3049ba380,
01.1095,1,dru\,gatO,गतौ,1096,single_gloss,1,gatO,One source gloss; no attempt to invent finer senses within it.,,,,[],01.1095,not_flagged_by_exact_citation_check,01.1095,https://raw.githubusercontent.com/ambuda-org/vidyut/f3ba4167d40eebc4b3023d24e66867aa6a8cdb32/vidyut-prakriya/data/dhatupatha.tsv,bb2013ead0ea536dc7f887164c385c703cb0014ccf6e5af35b87e6d3049ba380,
01.1096,1,ji\,aBiBave (nyUnIBavane nyUnIkaraRe ca),अभिभवे (न्यूनीभवने न्यूनीकरणे च),1097,single_gloss,1,aBiBave,Keep the unprefixed abhibhava description as one assignment. The commentary illustrates nyunibhava with para-jayate; do not add that prefixed reading as a second unprefixed-base meaning.,,MR12,Review para-jayate under prefix-conditioned meanings.,"[{""filename"": ""dhatu-mA603.html"", ""url"": ""https://sanskrit.uohyd.ac.in/scl/dhaatupaatha/files/mA603.html"", ""accessed_utc"": ""2026-09-12T14:06:59.598036+00:00"", ""sha256"": ""e9238670f0cf43e09f0e10374d5340a393794a0022d7b0ad3ebc6a6f053da4d3"", ""bytes"": 3726}]",01.1096,retain_distinct_meanings,01.1096,https://raw.githubusercontent.com/ambuda-org/vidyut/f3ba4167d40eebc4b3023d24e66867aa6a8cdb32/vidyut-prakriya/data/dhatupatha.tsv,bb2013ead0ea536dc7f887164c385c703cb0014ccf6e5af35b87e6d3049ba380,IR87
01.1097,1,jri\,aBiBave (nyUnIBavane nyUnIkaraRe ca),अभिभवे (न्यूनीभवने न्यूनीकरणे च),1098,single_gloss,1,aBiBave,Keep the unprefixed abhibhava description as one assignment. The commentary illustrates nyunibhava with para-jayate; do not add that prefixed reading as a second unprefixed-base meaning.,,MR12,Review para-jayate under prefix-conditioned meanings.,"[{""filename"": ""dhatu-mA603.html"", ""url"": ""https://sanskrit.uohyd.ac.in/scl/dhaatupaatha/files/mA603.html"", ""accessed_utc"": ""2026-09-12T14:06:59.598036+00:00"", ""sha256"": ""e9238670f0cf43e09f0e10374d5340a393794a0022d7b0ad3ebc6a6f053da4d3"", ""bytes"": 3726}]",01.1097,retain_distinct_meanings,01.1097,https://raw.githubusercontent.com/ambuda-org/vidyut/f3ba4167d40eebc4b3023d24e66867aa6a8cdb32/vidyut-prakriya/data/dhatupatha.tsv,bb2013ead0ea536dc7f887164c385c703cb0014ccf6e5af35b87e6d3049ba380,IR88
01.1098,1,jf\,gatO,गतौ,1099,single_gloss,1,gatO,One source gloss; no attempt to invent finer senses within it.,,,,[],01.1098,not_flagged_by_exact_citation_check,,https://raw.githubusercontent.com/ambuda-org/vidyut/f3ba4167d40eebc4b3023d24e66867aa6a8cdb32/vidyut-prakriya/data/dhatupatha.tsv,bb2013ead0ea536dc7f887164c385c703cb0014ccf6e5af35b87e6d3049ba380,
01.1099,1,zmi\N,IzadDasane,ईषद्धसने,1100,single_gloss,1,IzadDasane,One source gloss; no attempt to invent finer senses within it.,,,,[],01.1099,not_flagged_by_exact_citation_check,01.1099,https://raw.githubusercontent.com/ambuda-org/vidyut/f3ba4167d40eebc4b3023d24e66867aa6a8cdb32/vidyut-prakriya/data/dhatupatha.tsv,bb2013ead0ea536dc7f887164c385c703cb0014ccf6e5af35b87e6d3049ba380,
01.1100,1,gu\N,avyakte Sabde,अव्यक्ते शब्दे,1101,single_gloss,1,avyakte Sabde,"A qualified phrase, not one meaning per word.",,,,[],01.1100,open,01.1100,https://raw.githubusercontent.com/ambuda-org/vidyut/f3ba4167d40eebc4b3023d24e66867aa6a8cdb32/vidyut-prakriya/data/dhatupatha.tsv,bb2013ead0ea536dc7f887164c385c703cb0014ccf6e5af35b87e6d3049ba380,IR74
01.1101,1,gA\N,gatO,गतौ,1102,single_gloss,1,gatO,One source gloss; no attempt to invent finer senses within it.,,,,[],01.1101,not_flagged_by_exact_citation_check,01.1101,https://raw.githubusercontent.com/ambuda-org/vidyut/f3ba4167d40eebc4b3023d24e66867aa6a8cdb32/vidyut-prakriya/data/dhatupatha.tsv,bb2013ead0ea536dc7f887164c385c703cb0014ccf6e5af35b87e6d3049ba380,
01.1102,1,u\N,Sabde,शब्दे,1103,single_gloss,1,Sabde,One source gloss; no attempt to invent finer senses within it.,,,,[],01.1102,not_flagged_by_exact_citation_check,01.1102,https://raw.githubusercontent.com/ambuda-org/vidyut/f3ba4167d40eebc4b3023d24e66867aa6a8cdb32/vidyut-prakriya/data/dhatupatha.tsv,bb2013ead0ea536dc7f887164c385c703cb0014ccf6e5af35b87e6d3049ba380,
01.1103,1,ku\N,Sabde,शब्दे,1104,single_gloss,1,Sabde,One source gloss; no attempt to invent finer senses within it.,,,,[],01.1103,open,01.1103,https://raw.githubusercontent.com/ambuda-org/vidyut/f3ba4167d40eebc4b3023d24e66867aa6a8cdb32/vidyut-prakriya/data/dhatupatha.tsv,bb2013ead0ea536dc7f887164c385c703cb0014ccf6e5af35b87e6d3049ba380,IR101
01.1104,1,Ku\N,Sabde,शब्दे,1105,single_gloss,1,Sabde,One source gloss; no attempt to invent finer senses within it.,,,,[],01.1104,not_flagged_by_exact_citation_check,01.1104,https://raw.githubusercontent.com/ambuda-org/vidyut/f3ba4167d40eebc4b3023d24e66867aa6a8cdb32/vidyut-prakriya/data/dhatupatha.tsv,bb2013ead0ea536dc7f887164c385c703cb0014ccf6e5af35b87e6d3049ba380,
01.1105,1,gu\N,Sabde,शब्दे,1106,single_gloss,1,Sabde,One source gloss; no attempt to invent finer senses within it.,,,,[],01.1105,open,01.1105,https://raw.githubusercontent.com/ambuda-org/vidyut/f3ba4167d40eebc4b3023d24e66867aa6a8cdb32/vidyut-prakriya/data/dhatupatha.tsv,bb2013ead0ea536dc7f887164c385c703cb0014ccf6e5af35b87e6d3049ba380,IR74
01.1106,1,Gu\N,Sabde,शब्दे,1107,single_gloss,1,Sabde,One source gloss; no attempt to invent finer senses within it.,,,,[],01.1106,not_flagged_by_exact_citation_check,01.1106,https://raw.githubusercontent.com/ambuda-org/vidyut/f3ba4167d40eebc4b3023d24e66867aa6a8cdb32/vidyut-prakriya/data/dhatupatha.tsv,bb2013ead0ea536dc7f887164c385c703cb0014ccf6e5af35b87e6d3049ba380,
01.1107,1,Nu\N,Sabde,शब्दे,1108,single_gloss,1,Sabde,One source gloss; no attempt to invent finer senses within it.,,,,[],01.1107,not_flagged_by_exact_citation_check,,https://raw.githubusercontent.com/ambuda-org/vidyut/f3ba4167d40eebc4b3023d24e66867aa6a8cdb32/vidyut-prakriya/data/dhatupatha.tsv,bb2013ead0ea536dc7f887164c385c703cb0014ccf6e5af35b87e6d3049ba380,
01.1108,1,cyu\N,gatO,गतौ,1109,single_gloss,1,gatO,One source gloss; no attempt to invent finer senses within it.,,,,[],01.1108,not_flagged_by_exact_citation_check,01.1108,https://raw.githubusercontent.com/ambuda-org/vidyut/f3ba4167d40eebc4b3023d24e66867aa6a8cdb32/vidyut-prakriya/data/dhatupatha.tsv,bb2013ead0ea536dc7f887164c385c703cb0014ccf6e5af35b87e6d3049ba380,
01.1109,1,jyu\N,gatO,गतौ,1110,single_gloss,1,gatO,One source gloss; no attempt to invent finer senses within it.,,,,[],01.1109,not_flagged_by_exact_citation_check,01.1109,https://raw.githubusercontent.com/ambuda-org/vidyut/f3ba4167d40eebc4b3023d24e66867aa6a8cdb32/vidyut-prakriya/data/dhatupatha.tsv,bb2013ead0ea536dc7f887164c385c703cb0014ccf6e5af35b87e6d3049ba380,
01.1110,1,Cyu\N,gatO,गतौ,1111,single_gloss,1,gatO,One source gloss; no attempt to invent finer senses within it.,,,,[],01.1110,not_flagged_by_exact_citation_check,,https://raw.githubusercontent.com/ambuda-org/vidyut/f3ba4167d40eebc4b3023d24e66867aa6a8cdb32/vidyut-prakriya/data/dhatupatha.tsv,bb2013ead0ea536dc7f887164c385c703cb0014ccf6e5af35b87e6d3049ba380,
01.1111,1,pru\N,gatO,गतौ,1112,single_gloss,1,gatO,One source gloss; no attempt to invent finer senses within it.,,,,[],01.1111,not_flagged_by_exact_citation_check,01.1111,https://raw.githubusercontent.com/ambuda-org/vidyut/f3ba4167d40eebc4b3023d24e66867aa6a8cdb32/vidyut-prakriya/data/dhatupatha.tsv,bb2013ead0ea536dc7f887164c385c703cb0014ccf6e5af35b87e6d3049ba380,
01.1112,1,plu\N,gatO,गतौ,1113,single_gloss,1,gatO,One source gloss; no attempt to invent finer senses within it.,,,,[],01.1112,not_flagged_by_exact_citation_check,01.1112,https://raw.githubusercontent.com/ambuda-org/vidyut/f3ba4167d40eebc4b3023d24e66867aa6a8cdb32/vidyut-prakriya/data/dhatupatha.tsv,bb2013ead0ea536dc7f887164c385c703cb0014ccf6e5af35b87e6d3049ba380,
01.1113,1,klu\N,gatO,गतौ,1114,single_gloss,1,gatO,One source gloss; no attempt to invent finer senses within it.,,,,[],01.1113,not_flagged_by_exact_citation_check,01.1113,https://raw.githubusercontent.com/ambuda-org/vidyut/f3ba4167d40eebc4b3023d24e66867aa6a8cdb32/vidyut-prakriya/data/dhatupatha.tsv,bb2013ead0ea536dc7f887164c385c703cb0014ccf6e5af35b87e6d3049ba380,
01.1114,1,ru\N,gatirozaRayoH,गतिरोषणयोः,1115,enumerated_glosses,2,gatO; rozaRe,Explicit analyst segmentation; retain the original compound for review.,,,,[],01.1114,not_flagged_by_exact_citation_check,01.1114,https://raw.githubusercontent.com/ambuda-org/vidyut/f3ba4167d40eebc4b3023d24e66867aa6a8cdb32/vidyut-prakriya/data/dhatupatha.tsv,bb2013ead0ea536dc7f887164c385c703cb0014ccf6e5af35b87e6d3049ba380,
01.1115,1,Df\N,avabanDane viDvaMsane ca,अवबन्धने विध्वंसने च,1116,enumerated_glosses,2,avabanDane; viDvaMsane,Visible enumeration; semantic overlap still belongs to lexical review.,,,,[],01.1115,open,01.1115,https://raw.githubusercontent.com/ambuda-org/vidyut/f3ba4167d40eebc4b3023d24e66867aa6a8cdb32/vidyut-prakriya/data/dhatupatha.tsv,bb2013ead0ea536dc7f887164c385c703cb0014ccf6e5af35b87e6d3049ba380,IR08
01.1116,1,me\N,praRidAne,प्रणिदाने,1117,single_gloss,1,praRidAne,One source gloss; no attempt to invent finer senses within it.,,,,[],01.1116,not_flagged_by_exact_citation_check,01.1116,https://raw.githubusercontent.com/ambuda-org/vidyut/f3ba4167d40eebc4b3023d24e66867aa6a8cdb32/vidyut-prakriya/data/dhatupatha.tsv,bb2013ead0ea536dc7f887164c385c703cb0014ccf6e5af35b87e6d3049ba380,
01.1117,1,de\N,rakzaRe,रक्षणे,1118,single_gloss,1,rakzaRe,One source gloss; no attempt to invent finer senses within it.,,,,[],01.1117,not_flagged_by_exact_citation_check,01.1117,https://raw.githubusercontent.com/ambuda-org/vidyut/f3ba4167d40eebc4b3023d24e66867aa6a8cdb32/vidyut-prakriya/data/dhatupatha.tsv,bb2013ead0ea536dc7f887164c385c703cb0014ccf6e5af35b87e6d3049ba380,
01.1118,1,SyE\N,gatO,गतौ,1119,single_gloss,1,gatO,One source gloss; no attempt to invent finer senses within it.,,,,[],01.1118,not_flagged_by_exact_citation_check,01.1118,https://raw.githubusercontent.com/ambuda-org/vidyut/f3ba4167d40eebc4b3023d24e66867aa6a8cdb32/vidyut-prakriya/data/dhatupatha.tsv,bb2013ead0ea536dc7f887164c385c703cb0014ccf6e5af35b87e6d3049ba380,
01.1119,1,pyE\N,vfdDO,वृद्धौ,1120,single_gloss,1,vfdDO,One source gloss; no attempt to invent finer senses within it.,,,,[],01.1119,not_flagged_by_exact_citation_check,01.1119,https://raw.githubusercontent.com/ambuda-org/vidyut/f3ba4167d40eebc4b3023d24e66867aa6a8cdb32/vidyut-prakriya/data/dhatupatha.tsv,bb2013ead0ea536dc7f887164c385c703cb0014ccf6e5af35b87e6d3049ba380,
01.1120,1,trE\N,pAlane,पालने,1121,single_gloss,1,pAlane,One source gloss; no attempt to invent finer senses within it.,,,,[],01.1120,not_flagged_by_exact_citation_check,01.1120,https://raw.githubusercontent.com/ambuda-org/vidyut/f3ba4167d40eebc4b3023d24e66867aa6a8cdb32/vidyut-prakriya/data/dhatupatha.tsv,bb2013ead0ea536dc7f887164c385c703cb0014ccf6e5af35b87e6d3049ba380,
01.1121,1,pUN,pavane,पवने,1122,single_gloss,1,pavane,One source gloss; no attempt to invent finer senses within it.,,,,[],01.1121,not_flagged_by_exact_citation_check,01.1121,https://raw.githubusercontent.com/ambuda-org/vidyut/f3ba4167d40eebc4b3023d24e66867aa6a8cdb32/vidyut-prakriya/data/dhatupatha.tsv,bb2013ead0ea536dc7f887164c385c703cb0014ccf6e5af35b87e6d3049ba380,
01.1122,1,mUN,banDane,बन्धने,1123,single_gloss,1,banDane,One source gloss; no attempt to invent finer senses within it.,,,,[],01.1122,not_flagged_by_exact_citation_check,01.1122,https://raw.githubusercontent.com/ambuda-org/vidyut/f3ba4167d40eebc4b3023d24e66867aa6a8cdb32/vidyut-prakriya/data/dhatupatha.tsv,bb2013ead0ea536dc7f887164c385c703cb0014ccf6e5af35b87e6d3049ba380,
01.1123,1,qIN,vihAyasA gatO,विहायसा गतौ,1124,single_gloss,1,vihAyasA gatO,"A qualified phrase, not one meaning per word.",,,,[],01.1123,merge_shared_meanings,01.1123,https://raw.githubusercontent.com/ambuda-org/vidyut/f3ba4167d40eebc4b3023d24e66867aa6a8cdb32/vidyut-prakriya/data/dhatupatha.tsv,bb2013ead0ea536dc7f887164c385c703cb0014ccf6e5af35b87e6d3049ba380,IR157
01.1124,1,tF,plavanataraRayoH,प्लवनतरणयोः,1125,enumerated_glosses,2,plavane; taraRe,Explicit analyst segmentation; retain the original compound for review.,,,,[],01.1124,not_flagged_by_exact_citation_check,01.1124,https://raw.githubusercontent.com/ambuda-org/vidyut/f3ba4167d40eebc4b3023d24e66867aa6a8cdb32/vidyut-prakriya/data/dhatupatha.tsv,bb2013ead0ea536dc7f887164c385c703cb0014ccf6e5af35b87e6d3049ba380,
01.1125,1,gupa~\,gopane nindAyAM ca,गोपने निन्दायां च,1126,enumerated_glosses,2,gopane; nindAyAM,Visible enumeration; semantic overlap still belongs to lexical review.,,,,[],01.1125,not_flagged_by_exact_citation_check,01.1125,https://raw.githubusercontent.com/ambuda-org/vidyut/f3ba4167d40eebc4b3023d24e66867aa6a8cdb32/vidyut-prakriya/data/dhatupatha.tsv,bb2013ead0ea536dc7f887164c385c703cb0014ccf6e5af35b87e6d3049ba380,
01.1126,1,tija~\,niSAne kzamAyAm ca,निशाने क्षमायाम् च,1127,enumerated_glosses,2,niSAne; kzamAyAm,Visible enumeration; semantic overlap still belongs to lexical review.,,,,[],01.1126,not_flagged_by_exact_citation_check,01.1126,https://raw.githubusercontent.com/ambuda-org/vidyut/f3ba4167d40eebc4b3023d24e66867aa6a8cdb32/vidyut-prakriya/data/dhatupatha.tsv,bb2013ead0ea536dc7f887164c385c703cb0014ccf6e5af35b87e6d3049ba380,
01.1127,1,mAna~\,pUjAyAm jijYAsAyAM ca,पूजायाम् जिज्ञासायां च,1128,enumerated_glosses,2,pUjAyAm; jijYAsAyAM,Visible enumeration; semantic overlap still belongs to lexical review.,,,,[],01.1127,not_flagged_by_exact_citation_check,01.1127,https://raw.githubusercontent.com/ambuda-org/vidyut/f3ba4167d40eebc4b3023d24e66867aa6a8cdb32/vidyut-prakriya/data/dhatupatha.tsv,bb2013ead0ea536dc7f887164c385c703cb0014ccf6e5af35b87e6d3049ba380,
01.1128,1,baDa~\,banDane cittavikAre ca,बन्धने चित्तविकारे च,1129,enumerated_glosses,2,banDane; cittavikAre,Visible enumeration; semantic overlap still belongs to lexical review.,,,,[],01.1128,not_flagged_by_exact_citation_check,01.1128,https://raw.githubusercontent.com/ambuda-org/vidyut/f3ba4167d40eebc4b3023d24e66867aa6a8cdb32/vidyut-prakriya/data/dhatupatha.tsv,bb2013ead0ea536dc7f887164c385c703cb0014ccf6e5af35b87e6d3049ba380,
01.1129,1,ra\Ba~\,rABasye,राभस्ये,1130,single_gloss,1,rABasye,One source gloss; no attempt to invent finer senses within it.,,,,[],01.1129,not_flagged_by_exact_citation_check,01.1129,https://raw.githubusercontent.com/ambuda-org/vidyut/f3ba4167d40eebc4b3023d24e66867aa6a8cdb32/vidyut-prakriya/data/dhatupatha.tsv,bb2013ead0ea536dc7f887164c385c703cb0014ccf6e5af35b87e6d3049ba380,
01.1130,1,qula\Ba~\z,prAptO,प्राप्तौ,1131,single_gloss,1,prAptO,One source gloss; no attempt to invent finer senses within it.,,,,[],01.1130,not_flagged_by_exact_citation_check,01.1130,https://raw.githubusercontent.com/ambuda-org/vidyut/f3ba4167d40eebc4b3023d24e66867aa6a8cdb32/vidyut-prakriya/data/dhatupatha.tsv,bb2013ead0ea536dc7f887164c385c703cb0014ccf6e5af35b87e6d3049ba380,
01.1131,1,zva\nja~\,parizvaNge,परिष्वङ्गे,1132,single_gloss,1,parizvaNge,One source gloss; no attempt to invent finer senses within it.,,,,[],01.1131,not_flagged_by_exact_citation_check,,https://raw.githubusercontent.com/ambuda-org/vidyut/f3ba4167d40eebc4b3023d24e66867aa6a8cdb32/vidyut-prakriya/data/dhatupatha.tsv,bb2013ead0ea536dc7f887164c385c703cb0014ccf6e5af35b87e6d3049ba380,
01.1132,1,ha\da~\,purIzotsarge,पुरीषोत्सर्गे,1133,single_gloss,1,purIzotsarge,One source gloss; no attempt to invent finer senses within it.,,,,[],01.1132,not_flagged_by_exact_citation_check,01.1132,https://raw.githubusercontent.com/ambuda-org/vidyut/f3ba4167d40eebc4b3023d24e66867aa6a8cdb32/vidyut-prakriya/data/dhatupatha.tsv,bb2013ead0ea536dc7f887164c385c703cb0014ccf6e5af35b87e6d3049ba380,
01.1133,1,YizvidA~,avyakte Sabde,अव्यक्ते शब्दे,1134,single_gloss,1,avyakte Sabde,"A qualified phrase, not one meaning per word.",,,,[],01.1133,open,,https://raw.githubusercontent.com/ambuda-org/vidyut/f3ba4167d40eebc4b3023d24e66867aa6a8cdb32/vidyut-prakriya/data/dhatupatha.tsv,bb2013ead0ea536dc7f887164c385c703cb0014ccf6e5af35b87e6d3049ba380,IR33
01.1134,1,ska\ndi~r,gatiSozaRayoH,गतिशोषणयोः,1135,enumerated_glosses,2,gatO; SozaRe,Explicit analyst segmentation; retain the original compound for review.,,,,[],01.1134,not_flagged_by_exact_citation_check,01.1134,https://raw.githubusercontent.com/ambuda-org/vidyut/f3ba4167d40eebc4b3023d24e66867aa6a8cdb32/vidyut-prakriya/data/dhatupatha.tsv,bb2013ead0ea536dc7f887164c385c703cb0014ccf6e5af35b87e6d3049ba380,
01.1135,1,ya\Ba~,mETune,मैथुने,1136,single_gloss,1,mETune,One source gloss; no attempt to invent finer senses within it.,,,,[],01.1135,not_flagged_by_exact_citation_check,01.1135,https://raw.githubusercontent.com/ambuda-org/vidyut/f3ba4167d40eebc4b3023d24e66867aa6a8cdb32/vidyut-prakriya/data/dhatupatha.tsv,bb2013ead0ea536dc7f887164c385c703cb0014ccf6e5af35b87e6d3049ba380,
01.1136,1,Ra\ma~,prahvatve Sabde ca,प्रह्वत्वे शब्दे च,1137,enumerated_glosses,2,prahvatve; Sabde,Visible enumeration; semantic overlap still belongs to lexical review.,,,,[],01.1136,not_flagged_by_exact_citation_check,01.1136,https://raw.githubusercontent.com/ambuda-org/vidyut/f3ba4167d40eebc4b3023d24e66867aa6a8cdb32/vidyut-prakriya/data/dhatupatha.tsv,bb2013ead0ea536dc7f887164c385c703cb0014ccf6e5af35b87e6d3049ba380,
01.1137,1,ga\mx~,gatO,गतौ,1138,single_gloss,1,gatO,One source gloss; no attempt to invent finer senses within it.,,,,[],01.1137,not_flagged_by_exact_citation_check,01.1137,https://raw.githubusercontent.com/ambuda-org/vidyut/f3ba4167d40eebc4b3023d24e66867aa6a8cdb32/vidyut-prakriya/data/dhatupatha.tsv,bb2013ead0ea536dc7f887164c385c703cb0014ccf6e5af35b87e6d3049ba380,
01.1138,1,sf\px~,gatO,गतौ,1139,single_gloss,1,gatO,One source gloss; no attempt to invent finer senses within it.,,,,[],01.1138,not_flagged_by_exact_citation_check,01.1138,https://raw.githubusercontent.com/ambuda-org/vidyut/f3ba4167d40eebc4b3023d24e66867aa6a8cdb32/vidyut-prakriya/data/dhatupatha.tsv,bb2013ead0ea536dc7f887164c385c703cb0014ccf6e5af35b87e6d3049ba380,
01.1139,1,ya\ma~,uparame,उपरमे,1140,single_gloss,1,uparame,One source gloss; no attempt to invent finer senses within it.,,,,[],01.1139,open,01.1139,https://raw.githubusercontent.com/ambuda-org/vidyut/f3ba4167d40eebc4b3023d24e66867aa6a8cdb32/vidyut-prakriya/data/dhatupatha.tsv,bb2013ead0ea536dc7f887164c385c703cb0014ccf6e5af35b87e6d3049ba380,IR210
01.1140,1,ta\pa~,santApe,सन्तापे,1141,single_gloss,1,santApe,One source gloss; no attempt to invent finer senses within it.,,,,[],01.1140,retain_distinct_meanings,01.1140,https://raw.githubusercontent.com/ambuda-org/vidyut/f3ba4167d40eebc4b3023d24e66867aa6a8cdb32/vidyut-prakriya/data/dhatupatha.tsv,bb2013ead0ea536dc7f887164c385c703cb0014ccf6e5af35b87e6d3049ba380,IR177
01.1141,1,tya\ja~,hAnO,हानौ,1142,single_gloss,1,hAnO,One source gloss; no attempt to invent finer senses within it.,,,,[],01.1141,not_flagged_by_exact_citation_check,01.1141,https://raw.githubusercontent.com/ambuda-org/vidyut/f3ba4167d40eebc4b3023d24e66867aa6a8cdb32/vidyut-prakriya/data/dhatupatha.tsv,bb2013ead0ea536dc7f887164c385c703cb0014ccf6e5af35b87e6d3049ba380,
01.1142,1,za\nja~,saNge,सङ्गे,1143,single_gloss,1,saNge,One source gloss; no attempt to invent finer senses within it.,,,,[],01.1142,not_flagged_by_exact_citation_check,,https://raw.githubusercontent.com/ambuda-org/vidyut/f3ba4167d40eebc4b3023d24e66867aa6a8cdb32/vidyut-prakriya/data/dhatupatha.tsv,bb2013ead0ea536dc7f887164c385c703cb0014ccf6e5af35b87e6d3049ba380,
01.1143,1,df\Si~r,prekzaRe,प्रेक्षणे,1144,single_gloss,1,prekzaRe,One source gloss; no attempt to invent finer senses within it.,,,,[],01.1143,not_flagged_by_exact_citation_check,01.1143,https://raw.githubusercontent.com/ambuda-org/vidyut/f3ba4167d40eebc4b3023d24e66867aa6a8cdb32/vidyut-prakriya/data/dhatupatha.tsv,bb2013ead0ea536dc7f887164c385c703cb0014ccf6e5af35b87e6d3049ba380,
01.1144,1,da\nSa~,daSane,दशने,1145,single_gloss,1,daSane,One source gloss; no attempt to invent finer senses within it.,,,,[],01.1144,not_flagged_by_exact_citation_check,,https://raw.githubusercontent.com/ambuda-org/vidyut/f3ba4167d40eebc4b3023d24e66867aa6a8cdb32/vidyut-prakriya/data/dhatupatha.tsv,bb2013ead0ea536dc7f887164c385c703cb0014ccf6e5af35b87e6d3049ba380,
01.1145,1,kf\za~,vileKane,विलेखने,1146,single_gloss,1,vileKane,One source gloss; no attempt to invent finer senses within it.,,,,[],01.1145,not_flagged_by_exact_citation_check,01.1145,https://raw.githubusercontent.com/ambuda-org/vidyut/f3ba4167d40eebc4b3023d24e66867aa6a8cdb32/vidyut-prakriya/data/dhatupatha.tsv,bb2013ead0ea536dc7f887164c385c703cb0014ccf6e5af35b87e6d3049ba380,
01.1146,1,da\ha~,BasmIkaraRe,भस्मीकरणे,1147,single_gloss,1,BasmIkaraRe,One source gloss; no attempt to invent finer senses within it.,,,,[],01.1146,not_flagged_by_exact_citation_check,01.1146,https://raw.githubusercontent.com/ambuda-org/vidyut/f3ba4167d40eebc4b3023d24e66867aa6a8cdb32/vidyut-prakriya/data/dhatupatha.tsv,bb2013ead0ea536dc7f887164c385c703cb0014ccf6e5af35b87e6d3049ba380,
01.1147,1,mi\ha~,secane,सेचने,1148,single_gloss,1,secane,One source gloss; no attempt to invent finer senses within it.,,,,[],01.1147,not_flagged_by_exact_citation_check,,https://raw.githubusercontent.com/ambuda-org/vidyut/f3ba4167d40eebc4b3023d24e66867aa6a8cdb32/vidyut-prakriya/data/dhatupatha.tsv,bb2013ead0ea536dc7f887164c385c703cb0014ccf6e5af35b87e6d3049ba380,
01.1148,1,kita~,nivAse rogApanayane vyADipratIkAre nigrahe apanayane nASane saMSaye ca,निवासे रोगापनयने व्याधिप्रतीकारे निग्रहे अपनयने नाशने संशये च,1149,enumerated_glosses,7,nivAse; rogApanayane; vyADipratIkAre; nigrahe; apanayane; nASane; saMSaye,Visible enumeration; semantic overlap still belongs to lexical review.,,,,[],01.1148,retain_distinct_meanings,01.1148,https://raw.githubusercontent.com/ambuda-org/vidyut/f3ba4167d40eebc4b3023d24e66867aa6a8cdb32/vidyut-prakriya/data/dhatupatha.tsv,bb2013ead0ea536dc7f887164c385c703cb0014ccf6e5af35b87e6d3049ba380,IR98
01.1149,1,dAna~^,KaRqane Arjave ca,खण्डने आर्जवे च,1150,enumerated_glosses,2,KaRqane; Arjave,Visible enumeration; semantic overlap still belongs to lexical review.,,,,[],01.1149,not_flagged_by_exact_citation_check,01.1149,https://raw.githubusercontent.com/ambuda-org/vidyut/f3ba4167d40eebc4b3023d24e66867aa6a8cdb32/vidyut-prakriya/data/dhatupatha.tsv,bb2013ead0ea536dc7f887164c385c703cb0014ccf6e5af35b87e6d3049ba380,
01.1150,1,SAna~^,tejane niSAne ca,तेजने निशाने च,1151,single_gloss,1,tejane,"One sharpening description, with nishana explaining the relevant action rather than adding a second count.",,MR13,The commentary calls this entry nitya-sananta. Do not automatically treat a san derivation as creating another base from a simple productive input.,"[{""filename"": ""dhatu-mA645.html"", ""url"": ""https://sanskrit.uohyd.ac.in/scl/dhaatupaatha/files/mA645.html"", ""accessed_utc"": ""2026-09-12T14:06:59.789609+00:00"", ""sha256"": ""80dd1ddf485738adae1901ddfff04c8b143ae69e2f661fe34138aacbf1bdffd9"", ""bytes"": 1050}]",01.1150,not_flagged_by_exact_citation_check,01.1150,https://raw.githubusercontent.com/ambuda-org/vidyut/f3ba4167d40eebc4b3023d24e66867aa6a8cdb32/vidyut-prakriya/data/dhatupatha.tsv,bb2013ead0ea536dc7f887164c385c703cb0014ccf6e5af35b87e6d3049ba380,
01.1151,1,qupa\ca~^z,pAke,पाके,1152,single_gloss,1,pAke,One source gloss; no attempt to invent finer senses within it.,,,,[],01.1151,not_flagged_by_exact_citation_check,01.1151,https://raw.githubusercontent.com/ambuda-org/vidyut/f3ba4167d40eebc4b3023d24e66867aa6a8cdb32/vidyut-prakriya/data/dhatupatha.tsv,bb2013ead0ea536dc7f887164c385c703cb0014ccf6e5af35b87e6d3049ba380,
01.1152,1,zaca~^,samavAye,समवाये,1153,single_gloss,1,samavAye,One source gloss; no attempt to invent finer senses within it.,,,,[],01.1152,not_flagged_by_exact_citation_check,01.1152,https://raw.githubusercontent.com/ambuda-org/vidyut/f3ba4167d40eebc4b3023d24e66867aa6a8cdb32/vidyut-prakriya/data/dhatupatha.tsv,bb2013ead0ea536dc7f887164c385c703cb0014ccf6e5af35b87e6d3049ba380,
01.1153,1,Ba\ja~^,sevAyAm,सेवायाम्,1154,single_gloss,1,sevAyAm,One source gloss; no attempt to invent finer senses within it.,,,,[],01.1153,not_flagged_by_exact_citation_check,01.1153,https://raw.githubusercontent.com/ambuda-org/vidyut/f3ba4167d40eebc4b3023d24e66867aa6a8cdb32/vidyut-prakriya/data/dhatupatha.tsv,bb2013ead0ea536dc7f887164c385c703cb0014ccf6e5af35b87e6d3049ba380,
01.1154,1,ra\nja~^,rAge,रागे,1155,single_gloss,1,rAge,One source gloss; no attempt to invent finer senses within it.,,,,[],01.1154,merge_shared_meanings,,https://raw.githubusercontent.com/ambuda-org/vidyut/f3ba4167d40eebc4b3023d24e66867aa6a8cdb32/vidyut-prakriya/data/dhatupatha.tsv,bb2013ead0ea536dc7f887164c385c703cb0014ccf6e5af35b87e6d3049ba380,IR161
01.1155,1,Sa\pa~^,AkroSe,आक्रोशे,1156,single_gloss,1,AkroSe,One source gloss; no attempt to invent finer senses within it.,,,,[],01.1155,merge_shared_meanings,01.1155,https://raw.githubusercontent.com/ambuda-org/vidyut/f3ba4167d40eebc4b3023d24e66867aa6a8cdb32/vidyut-prakriya/data/dhatupatha.tsv,bb2013ead0ea536dc7f887164c385c703cb0014ccf6e5af35b87e6d3049ba380,IR23
01.1156,1,tvi\za~^,dIptO,दीप्तौ,1157,single_gloss,1,dIptO,One source gloss; no attempt to invent finer senses within it.,,,,[],01.1156,not_flagged_by_exact_citation_check,01.1156,https://raw.githubusercontent.com/ambuda-org/vidyut/f3ba4167d40eebc4b3023d24e66867aa6a8cdb32/vidyut-prakriya/data/dhatupatha.tsv,bb2013ead0ea536dc7f887164c385c703cb0014ccf6e5af35b87e6d3049ba380,
01.1157,1,ya\ja~^,devapUjAsaNgatikaraRadAnezu,देवपूजासङ्गतिकरणदानेषु,1158,enumerated_glosses,3,devapUjAyAm; saNgatikaraRe; dAne,Explicit analyst segmentation; retain the original compound for review.,,,,[],01.1157,not_flagged_by_exact_citation_check,01.1157,https://raw.githubusercontent.com/ambuda-org/vidyut/f3ba4167d40eebc4b3023d24e66867aa6a8cdb32/vidyut-prakriya/data/dhatupatha.tsv,bb2013ead0ea536dc7f887164c385c703cb0014ccf6e5af35b87e6d3049ba380,
01.1158,1,quva\pa~^,bIjasantAne garBADAne Cedane bIjatantusantAne muRqabIjoptyoH vapane GarzaRe tantunirmARe ca,बीजसन्ताने गर्भाधाने छेदने बीजतन्तुसन्ताने मुण्डबीजोप्त्योः वपने घर्षणे तन्तुनिर्माणे च,1159,partial_enumeration,3,bIjasantAne; garBADAne; Cedane,"Admit sowing, impregnation, and cutting. The commentary explains bija-santana as scattering seed in a field and gives separate pregnancy and hair-cutting examples. Shaving is included in the cutting assignment, not added as another word-meaning here.",The pinned inventory also names rubbing and thread-making and combines bija/tantu descriptions. The three inspected commentaries do not locate those additions. Keep them in the original gloss and seek their source; do not claim that this three-meaning subtotal exhausts vap.,MR25,,"[{""filename"": ""dhatu-mA653.html"", ""url"": ""https://sanskrit.uohyd.ac.in/scl/dhaatupaatha/files/mA653.html"", ""accessed_utc"": ""2026-09-12T15:12:36.874275+00:00"", ""sha256"": ""48683758e84f1fecac5c077e98ec8f0b972762e5d47d599bbe664fad7133768a"", ""bytes"": 1934}, {""filename"": ""dhatu-kRi677.html"", ""url"": ""https://sanskrit.uohyd.ac.in/scl/dhaatupaatha/files/kRi677.html"", ""accessed_utc"": ""2026-09-12T15:12:37.078217+00:00"", ""sha256"": ""7b9a94292f7aed3cb45be9214ce3ca6d539d2b22d105466f43b156b282908f37"", ""bytes"": 1144}, {""filename"": ""dhatu-XA691.html"", ""url"": ""https://sanskrit.uohyd.ac.in/scl/dhaatupaatha/files/XA691.html"", ""accessed_utc"": ""2026-09-12T15:12:37.336605+00:00"", ""sha256"": ""053edd732250954f4a921861df529edfd5a83c8bb6652848d1168b42be85915a"", ""bytes"": 599}]",01.1158,not_flagged_by_exact_citation_check,01.1158,https://raw.githubusercontent.com/ambuda-org/vidyut/f3ba4167d40eebc4b3023d24e66867aa6a8cdb32/vidyut-prakriya/data/dhatupatha.tsv,bb2013ead0ea536dc7f887164c385c703cb0014ccf6e5af35b87e6d3049ba380,
01.1159,1,va\ha~^,prApaRe,प्रापणे,1160,single_gloss,1,prApaRe,One source gloss; no attempt to invent finer senses within it.,,,,[],01.1159,not_flagged_by_exact_citation_check,,https://raw.githubusercontent.com/ambuda-org/vidyut/f3ba4167d40eebc4b3023d24e66867aa6a8cdb32/vidyut-prakriya/data/dhatupatha.tsv,bb2013ead0ea536dc7f887164c385c703cb0014ccf6e5af35b87e6d3049ba380,
01.1160,1,va\sa~,nivAse,निवासे,1161,single_gloss,1,nivAse,One source gloss; no attempt to invent finer senses within it.,,,,[],01.1160,not_flagged_by_exact_citation_check,01.1160,https://raw.githubusercontent.com/ambuda-org/vidyut/f3ba4167d40eebc4b3023d24e66867aa6a8cdb32/vidyut-prakriya/data/dhatupatha.tsv,bb2013ead0ea536dc7f887164c385c703cb0014ccf6e5af35b87e6d3049ba380,
01.1161,1,ve\Y,tantusantAne,तन्तुसन्ताने,1162,single_gloss,1,tantusantAne,One source gloss; no attempt to invent finer senses within it.,,,,[],01.1161,not_flagged_by_exact_citation_check,01.1161,https://raw.githubusercontent.com/ambuda-org/vidyut/f3ba4167d40eebc4b3023d24e66867aa6a8cdb32/vidyut-prakriya/data/dhatupatha.tsv,bb2013ead0ea536dc7f887164c385c703cb0014ccf6e5af35b87e6d3049ba380,
01.1162,1,vye\Y,saMvaraRe,संवरणे,1163,single_gloss,1,saMvaraRe,One source gloss; no attempt to invent finer senses within it.,,,,[],01.1162,not_flagged_by_exact_citation_check,01.1162,https://raw.githubusercontent.com/ambuda-org/vidyut/f3ba4167d40eebc4b3023d24e66867aa6a8cdb32/vidyut-prakriya/data/dhatupatha.tsv,bb2013ead0ea536dc7f887164c385c703cb0014ccf6e5af35b87e6d3049ba380,
01.1163,1,hve\Y,sparDAyAM Sabde ca,स्पर्धायां शब्दे च,1164,enumerated_glosses,2,sparDAyAM; Sabde,Visible enumeration; semantic overlap still belongs to lexical review.,,,,[],01.1163,not_flagged_by_exact_citation_check,01.1163,https://raw.githubusercontent.com/ambuda-org/vidyut/f3ba4167d40eebc4b3023d24e66867aa6a8cdb32/vidyut-prakriya/data/dhatupatha.tsv,bb2013ead0ea536dc7f887164c385c703cb0014ccf6e5af35b87e6d3049ba380,
01.1164,1,vada~,vyaktAyAM vAci,व्यक्तायां वाचि,1165,single_gloss,1,vyaktAyAM vAci,"A qualified phrase, not one meaning per word.",,,,[],01.1164,not_flagged_by_exact_citation_check,01.1164,https://raw.githubusercontent.com/ambuda-org/vidyut/f3ba4167d40eebc4b3023d24e66867aa6a8cdb32/vidyut-prakriya/data/dhatupatha.tsv,bb2013ead0ea536dc7f887164c385c703cb0014ccf6e5af35b87e6d3049ba380,
01.1165,1,wuo~Svi,gativfdDyoH,गतिवृद्ध्योः,1166,enumerated_glosses,2,gatO; vfdDO,Explicit analyst segmentation; retain the original compound for review.,,,,[],01.1165,not_flagged_by_exact_citation_check,,https://raw.githubusercontent.com/ambuda-org/vidyut/f3ba4167d40eebc4b3023d24e66867aa6a8cdb32/vidyut-prakriya/data/dhatupatha.tsv,bb2013ead0ea536dc7f887164c385c703cb0014ccf6e5af35b87e6d3049ba380,
01.1166,1,fti,jugupsAyAM kfpAyAM ca,जुगुप्सायां कृपायां च,1167,enumerated_glosses,2,jugupsAyAM; kfpAyAM,Visible enumeration; semantic overlap still belongs to lexical review.,,,,[],01.1166,not_flagged_by_exact_citation_check,,https://raw.githubusercontent.com/ambuda-org/vidyut/f3ba4167d40eebc4b3023d24e66867aa6a8cdb32/vidyut-prakriya/data/dhatupatha.tsv,bb2013ead0ea536dc7f887164c385c703cb0014ccf6e5af35b87e6d3049ba380,
02.0001,2,a\da~,BakzaRe,भक्षणे,1168,single_gloss,1,BakzaRe,One source gloss; no attempt to invent finer senses within it.,,,,[],02.0001,not_flagged_by_exact_citation_check,02.0001,https://raw.githubusercontent.com/ambuda-org/vidyut/f3ba4167d40eebc4b3023d24e66867aa6a8cdb32/vidyut-prakriya/data/dhatupatha.tsv,bb2013ead0ea536dc7f887164c385c703cb0014ccf6e5af35b87e6d3049ba380,
02.0002,2,ha\na~,hiMsAgatyoH,हिंसागत्योः,1169,enumerated_glosses,2,hiMsAyAm; gatO,Explicit analyst segmentation; retain the original compound for review.,,,,[],02.0002,not_flagged_by_exact_citation_check,02.0002,https://raw.githubusercontent.com/ambuda-org/vidyut/f3ba4167d40eebc4b3023d24e66867aa6a8cdb32/vidyut-prakriya/data/dhatupatha.tsv,bb2013ead0ea536dc7f887164c385c703cb0014ccf6e5af35b87e6d3049ba380,
02.0003,2,dvi\za~^,aprItO,अप्रीतौ,1170,single_gloss,1,aprItO,One source gloss; no attempt to invent finer senses within it.,,,,[],02.0003,not_flagged_by_exact_citation_check,02.0003,https://raw.githubusercontent.com/ambuda-org/vidyut/f3ba4167d40eebc4b3023d24e66867aa6a8cdb32/vidyut-prakriya/data/dhatupatha.tsv,bb2013ead0ea536dc7f887164c385c703cb0014ccf6e5af35b87e6d3049ba380,
02.0004,2,du\ha~^,prapUraRe,प्रपूरणे,1171,single_gloss,1,prapUraRe,One source gloss; no attempt to invent finer senses within it.,,,,[],02.0004,not_flagged_by_exact_citation_check,,https://raw.githubusercontent.com/ambuda-org/vidyut/f3ba4167d40eebc4b3023d24e66867aa6a8cdb32/vidyut-prakriya/data/dhatupatha.tsv,bb2013ead0ea536dc7f887164c385c703cb0014ccf6e5af35b87e6d3049ba380,
02.0005,2,di\ha~^,upacaye,उपचये,1172,single_gloss,1,upacaye,One source gloss; no attempt to invent finer senses within it.,,,,[],02.0005,not_flagged_by_exact_citation_check,,https://raw.githubusercontent.com/ambuda-org/vidyut/f3ba4167d40eebc4b3023d24e66867aa6a8cdb32/vidyut-prakriya/data/dhatupatha.tsv,bb2013ead0ea536dc7f887164c385c703cb0014ccf6e5af35b87e6d3049ba380,
02.0006,2,li\ha~^,AsvAdane,आस्वादने,1173,single_gloss,1,AsvAdane,One source gloss; no attempt to invent finer senses within it.,,,,[],02.0006,not_flagged_by_exact_citation_check,,https://raw.githubusercontent.com/ambuda-org/vidyut/f3ba4167d40eebc4b3023d24e66867aa6a8cdb32/vidyut-prakriya/data/dhatupatha.tsv,bb2013ead0ea536dc7f887164c385c703cb0014ccf6e5af35b87e6d3049ba380,
02.0007,2,ca\kzi~\N,vyaktAyAM vAci,व्यक्तायां वाचि,1174,single_gloss,1,vyaktAyAM vAci,"A qualified phrase, not one meaning per word.",,,,[],02.0007,not_flagged_by_exact_citation_check,02.0007,https://raw.githubusercontent.com/ambuda-org/vidyut/f3ba4167d40eebc4b3023d24e66867aa6a8cdb32/vidyut-prakriya/data/dhatupatha.tsv,bb2013ead0ea536dc7f887164c385c703cb0014ccf6e5af35b87e6d3049ba380,
02.0008,2,Ira~\,gatO kampane ca,गतौ कम्पने च,1175,enumerated_glosses,2,gatO; kampane,Visible enumeration; semantic overlap still belongs to lexical review.,,,,[],02.0008,not_flagged_by_exact_citation_check,02.0008,https://raw.githubusercontent.com/ambuda-org/vidyut/f3ba4167d40eebc4b3023d24e66867aa6a8cdb32/vidyut-prakriya/data/dhatupatha.tsv,bb2013ead0ea536dc7f887164c385c703cb0014ccf6e5af35b87e6d3049ba380,
02.0009,2,Iqa~\,stutO,स्तुतौ,1176,single_gloss,1,stutO,One source gloss; no attempt to invent finer senses within it.,,,,[],02.0009,not_flagged_by_exact_citation_check,02.0009,https://raw.githubusercontent.com/ambuda-org/vidyut/f3ba4167d40eebc4b3023d24e66867aa6a8cdb32/vidyut-prakriya/data/dhatupatha.tsv,bb2013ead0ea536dc7f887164c385c703cb0014ccf6e5af35b87e6d3049ba380,
02.0010,2,ISa~\,ESvarye,ऐश्वर्ये,1177,single_gloss,1,ESvarye,One source gloss; no attempt to invent finer senses within it.,,,,[],02.0010,not_flagged_by_exact_citation_check,02.0010,https://raw.githubusercontent.com/ambuda-org/vidyut/f3ba4167d40eebc4b3023d24e66867aa6a8cdb32/vidyut-prakriya/data/dhatupatha.tsv,bb2013ead0ea536dc7f887164c385c703cb0014ccf6e5af35b87e6d3049ba380,
02.0011,2,Asa~\,upaveSane,उपवेशने,1178,single_gloss,1,upaveSane,One source gloss; no attempt to invent finer senses within it.,,,,[],02.0011,not_flagged_by_exact_citation_check,02.0011,https://raw.githubusercontent.com/ambuda-org/vidyut/f3ba4167d40eebc4b3023d24e66867aa6a8cdb32/vidyut-prakriya/data/dhatupatha.tsv,bb2013ead0ea536dc7f887164c385c703cb0014ccf6e5af35b87e6d3049ba380,
02.0012,2,SAsu~\,icCAyAm,इच्छायाम्,1179,single_gloss,1,icCAyAm,One source gloss; no attempt to invent finer senses within it.,,,,[],02.0012,not_flagged_by_exact_citation_check,,https://raw.githubusercontent.com/ambuda-org/vidyut/f3ba4167d40eebc4b3023d24e66867aa6a8cdb32/vidyut-prakriya/data/dhatupatha.tsv,bb2013ead0ea536dc7f887164c385c703cb0014ccf6e5af35b87e6d3049ba380,
02.0013,2,vasa~\,AcCAdane,आच्छादने,1180,single_gloss,1,AcCAdane,One source gloss; no attempt to invent finer senses within it.,,,,[],02.0013,not_flagged_by_exact_citation_check,02.0013,https://raw.githubusercontent.com/ambuda-org/vidyut/f3ba4167d40eebc4b3023d24e66867aa6a8cdb32/vidyut-prakriya/data/dhatupatha.tsv,bb2013ead0ea536dc7f887164c385c703cb0014ccf6e5af35b87e6d3049ba380,
02.0014,2,kasi~\,gatiSAsanayoH,गतिशासनयोः,1181,enumerated_glosses,2,gatO; SAsane,Explicit analyst segmentation; retain the original compound for review.,,,,[],02.0014,not_flagged_by_exact_citation_check,02.0014,https://raw.githubusercontent.com/ambuda-org/vidyut/f3ba4167d40eebc4b3023d24e66867aa6a8cdb32/vidyut-prakriya/data/dhatupatha.tsv,bb2013ead0ea536dc7f887164c385c703cb0014ccf6e5af35b87e6d3049ba380,
02.0015,2,kasa~\,gatiSAsanayoH,गतिशासनयोः,1182,enumerated_glosses,2,gatO; SAsane,Explicit analyst segmentation; retain the original compound for review.,,,,[],02.0015,not_flagged_by_exact_citation_check,02.0015,https://raw.githubusercontent.com/ambuda-org/vidyut/f3ba4167d40eebc4b3023d24e66867aa6a8cdb32/vidyut-prakriya/data/dhatupatha.tsv,bb2013ead0ea536dc7f887164c385c703cb0014ccf6e5af35b87e6d3049ba380,
02.0016,2,kaSa~\,gatiSAsanayoH,गतिशासनयोः,1183,enumerated_glosses,2,gatO; SAsane,Explicit analyst segmentation; retain the original compound for review.,,,,[],02.0016,not_flagged_by_exact_citation_check,02.0016,https://raw.githubusercontent.com/ambuda-org/vidyut/f3ba4167d40eebc4b3023d24e66867aa6a8cdb32/vidyut-prakriya/data/dhatupatha.tsv,bb2013ead0ea536dc7f887164c385c703cb0014ccf6e5af35b87e6d3049ba380,
02.0017,2,Risi~\,cumbane,चुम्बने,1184,single_gloss,1,cumbane,One source gloss; no attempt to invent finer senses within it.,,,,[],02.0017,not_flagged_by_exact_citation_check,02.0017,https://raw.githubusercontent.com/ambuda-org/vidyut/f3ba4167d40eebc4b3023d24e66867aa6a8cdb32/vidyut-prakriya/data/dhatupatha.tsv,bb2013ead0ea536dc7f887164c385c703cb0014ccf6e5af35b87e6d3049ba380,
02.0018,2,Riji~\,SudDO,शुद्धौ,1185,single_gloss,1,SudDO,One source gloss; no attempt to invent finer senses within it.,,,,[],02.0018,not_flagged_by_exact_citation_check,02.0018,https://raw.githubusercontent.com/ambuda-org/vidyut/f3ba4167d40eebc4b3023d24e66867aa6a8cdb32/vidyut-prakriya/data/dhatupatha.tsv,bb2013ead0ea536dc7f887164c385c703cb0014ccf6e5af35b87e6d3049ba380,
02.0019,2,Siji~\,avyakte Sabde,अव्यक्ते शब्दे,1186,single_gloss,1,avyakte Sabde,"A qualified phrase, not one meaning per word.",,,,[],02.0019,not_flagged_by_exact_citation_check,02.0019,https://raw.githubusercontent.com/ambuda-org/vidyut/f3ba4167d40eebc4b3023d24e66867aa6a8cdb32/vidyut-prakriya/data/dhatupatha.tsv,bb2013ead0ea536dc7f887164c385c703cb0014ccf6e5af35b87e6d3049ba380,
02.0020,2,piji~\,varRe samparcane avayave avyakte Sabde ca,वर्णे सम्पर्चने अवयवे अव्यक्ते शब्दे च,1187,enumerated_glosses,4,varRe; samparcane; avayave; avyakte Sabde,Visible enumeration; semantic overlap still belongs to lexical review.,,,,[],02.0020,not_flagged_by_exact_citation_check,02.0020,https://raw.githubusercontent.com/ambuda-org/vidyut/f3ba4167d40eebc4b3023d24e66867aa6a8cdb32/vidyut-prakriya/data/dhatupatha.tsv,bb2013ead0ea536dc7f887164c385c703cb0014ccf6e5af35b87e6d3049ba380,
02.0021,2,pfji~\,varRe,वर्णे,1188,single_gloss,1,varRe,One source gloss; no attempt to invent finer senses within it.,,,,[],02.0021,not_flagged_by_exact_citation_check,02.0021,https://raw.githubusercontent.com/ambuda-org/vidyut/f3ba4167d40eebc4b3023d24e66867aa6a8cdb32/vidyut-prakriya/data/dhatupatha.tsv,bb2013ead0ea536dc7f887164c385c703cb0014ccf6e5af35b87e6d3049ba380,
02.0022,2,vfjI~\,varjane,वर्जने,1189,single_gloss,1,varjane,One source gloss; no attempt to invent finer senses within it.,,,,[],02.0022,not_flagged_by_exact_citation_check,02.0022,https://raw.githubusercontent.com/ambuda-org/vidyut/f3ba4167d40eebc4b3023d24e66867aa6a8cdb32/vidyut-prakriya/data/dhatupatha.tsv,bb2013ead0ea536dc7f887164c385c703cb0014ccf6e5af35b87e6d3049ba380,
02.0023,2,vfji~\,varjane,वर्जने,1190,single_gloss,1,varjane,One source gloss; no attempt to invent finer senses within it.,,,,[],02.0023,not_flagged_by_exact_citation_check,02.0023,https://raw.githubusercontent.com/ambuda-org/vidyut/f3ba4167d40eebc4b3023d24e66867aa6a8cdb32/vidyut-prakriya/data/dhatupatha.tsv,bb2013ead0ea536dc7f887164c385c703cb0014ccf6e5af35b87e6d3049ba380,
02.0024,2,pfcI~\,samparcane,सम्पर्चने,1191,single_gloss,1,samparcane,One source gloss; no attempt to invent finer senses within it.,,,,[],02.0024,not_flagged_by_exact_citation_check,02.0024,https://raw.githubusercontent.com/ambuda-org/vidyut/f3ba4167d40eebc4b3023d24e66867aa6a8cdb32/vidyut-prakriya/data/dhatupatha.tsv,bb2013ead0ea536dc7f887164c385c703cb0014ccf6e5af35b87e6d3049ba380,
02.0025,2,zUN,prARigarBavimocane,प्राणिगर्भविमोचने,1192,single_gloss,1,prARigarBavimocane,One source gloss; no attempt to invent finer senses within it.,,,,[],02.0025,merge_shared_meanings,02.0025,https://raw.githubusercontent.com/ambuda-org/vidyut/f3ba4167d40eebc4b3023d24e66867aa6a8cdb32/vidyut-prakriya/data/dhatupatha.tsv,bb2013ead0ea536dc7f887164c385c703cb0014ccf6e5af35b87e6d3049ba380,IR213
02.0026,2,SIN,svapne,स्वप्ने,1193,single_gloss,1,svapne,One source gloss; no attempt to invent finer senses within it.,,,,[],02.0026,not_flagged_by_exact_citation_check,02.0026,https://raw.githubusercontent.com/ambuda-org/vidyut/f3ba4167d40eebc4b3023d24e66867aa6a8cdb32/vidyut-prakriya/data/dhatupatha.tsv,bb2013ead0ea536dc7f887164c385c703cb0014ccf6e5af35b87e6d3049ba380,
02.0027,2,yu,miSraRe'miSraRe ca,मिश्रणेऽमिश्रणे च,1194,enumerated_glosses,2,miSraRe; amiSraRe,Explicit analyst segmentation; retain the original compound for review.,,,,[],02.0027,retain_distinct_meanings,02.0027,https://raw.githubusercontent.com/ambuda-org/vidyut/f3ba4167d40eebc4b3023d24e66867aa6a8cdb32/vidyut-prakriya/data/dhatupatha.tsv,bb2013ead0ea536dc7f887164c385c703cb0014ccf6e5af35b87e6d3049ba380,IR212
02.0028,2,ru,Sabde,शब्दे,1195,single_gloss,1,Sabde,One source gloss; no attempt to invent finer senses within it.,,,,[],02.0028,not_flagged_by_exact_citation_check,02.0028,https://raw.githubusercontent.com/ambuda-org/vidyut/f3ba4167d40eebc4b3023d24e66867aa6a8cdb32/vidyut-prakriya/data/dhatupatha.tsv,bb2013ead0ea536dc7f887164c385c703cb0014ccf6e5af35b87e6d3049ba380,
02.0029,2,tu\,gativfdDihiMsAsu,गतिवृद्धिहिंसासु,1196,enumerated_glosses,3,gatO; vfdDO; hiMsAyAm,Explicit analyst segmentation; retain the original compound for review.,,,,[],02.0029,not_flagged_by_exact_citation_check,,https://raw.githubusercontent.com/ambuda-org/vidyut/f3ba4167d40eebc4b3023d24e66867aa6a8cdb32/vidyut-prakriya/data/dhatupatha.tsv,bb2013ead0ea536dc7f887164c385c703cb0014ccf6e5af35b87e6d3049ba380,
02.0030,2,Ru,stutO,स्तुतौ,1197,single_gloss,1,stutO,One source gloss; no attempt to invent finer senses within it.,,,,[],02.0030,not_flagged_by_exact_citation_check,02.0030,https://raw.githubusercontent.com/ambuda-org/vidyut/f3ba4167d40eebc4b3023d24e66867aa6a8cdb32/vidyut-prakriya/data/dhatupatha.tsv,bb2013ead0ea536dc7f887164c385c703cb0014ccf6e5af35b87e6d3049ba380,
02.0031,2,wukzu,Sabde,शब्दे,1198,single_gloss,1,Sabde,One source gloss; no attempt to invent finer senses within it.,,,,[],02.0031,not_flagged_by_exact_citation_check,02.0031,https://raw.githubusercontent.com/ambuda-org/vidyut/f3ba4167d40eebc4b3023d24e66867aa6a8cdb32/vidyut-prakriya/data/dhatupatha.tsv,bb2013ead0ea536dc7f887164c385c703cb0014ccf6e5af35b87e6d3049ba380,
02.0032,2,kzRu,tejane,तेजने,1199,single_gloss,1,tejane,One source gloss; no attempt to invent finer senses within it.,,,,[],02.0032,not_flagged_by_exact_citation_check,02.0032,https://raw.githubusercontent.com/ambuda-org/vidyut/f3ba4167d40eebc4b3023d24e66867aa6a8cdb32/vidyut-prakriya/data/dhatupatha.tsv,bb2013ead0ea536dc7f887164c385c703cb0014ccf6e5af35b87e6d3049ba380,
02.0033,2,zRu,prasravaRe,प्रस्रवणे,1200,single_gloss,1,prasravaRe,One source gloss; no attempt to invent finer senses within it.,,,,[],02.0033,not_flagged_by_exact_citation_check,02.0033,https://raw.githubusercontent.com/ambuda-org/vidyut/f3ba4167d40eebc4b3023d24e66867aa6a8cdb32/vidyut-prakriya/data/dhatupatha.tsv,bb2013ead0ea536dc7f887164c385c703cb0014ccf6e5af35b87e6d3049ba380,
02.0034,2,UrRuY,AcCAdane,आच्छादने,1201,single_gloss,1,AcCAdane,One source gloss; no attempt to invent finer senses within it.,,,,[],02.0034,not_flagged_by_exact_citation_check,02.0034,https://raw.githubusercontent.com/ambuda-org/vidyut/f3ba4167d40eebc4b3023d24e66867aa6a8cdb32/vidyut-prakriya/data/dhatupatha.tsv,bb2013ead0ea536dc7f887164c385c703cb0014ccf6e5af35b87e6d3049ba380,
02.0035,2,dyu\,aBigamane,अभिगमने,1202,single_gloss,1,aBigamane,One source gloss; no attempt to invent finer senses within it.,,,,[],02.0035,not_flagged_by_exact_citation_check,02.0035,https://raw.githubusercontent.com/ambuda-org/vidyut/f3ba4167d40eebc4b3023d24e66867aa6a8cdb32/vidyut-prakriya/data/dhatupatha.tsv,bb2013ead0ea536dc7f887164c385c703cb0014ccf6e5af35b87e6d3049ba380,
02.0036,2,zu\,prasavESvaryayoH,प्रसवैश्वर्ययोः,1203,enumerated_glosses,2,prasave; ESvarye,Explicit analyst segmentation; retain the original compound for review.,,,,[],02.0036,open,02.0036,https://raw.githubusercontent.com/ambuda-org/vidyut/f3ba4167d40eebc4b3023d24e66867aa6a8cdb32/vidyut-prakriya/data/dhatupatha.tsv,bb2013ead0ea536dc7f887164c385c703cb0014ccf6e5af35b87e6d3049ba380,IR219
02.0037,2,ku\,Sabde,शब्दे,1204,single_gloss,1,Sabde,One source gloss; no attempt to invent finer senses within it.,,,,[],02.0037,not_flagged_by_exact_citation_check,02.0037,https://raw.githubusercontent.com/ambuda-org/vidyut/f3ba4167d40eebc4b3023d24e66867aa6a8cdb32/vidyut-prakriya/data/dhatupatha.tsv,bb2013ead0ea536dc7f887164c385c703cb0014ccf6e5af35b87e6d3049ba380,
02.0038,2,zwu\Y,stutO,स्तुतौ,1205,single_gloss,1,stutO,One source gloss; no attempt to invent finer senses within it.,,,,[],02.0038,not_flagged_by_exact_citation_check,02.0038,https://raw.githubusercontent.com/ambuda-org/vidyut/f3ba4167d40eebc4b3023d24e66867aa6a8cdb32/vidyut-prakriya/data/dhatupatha.tsv,bb2013ead0ea536dc7f887164c385c703cb0014ccf6e5af35b87e6d3049ba380,
02.0039,2,brUY,vyaktAyAM vAci,व्यक्तायां वाचि,1206,single_gloss,1,vyaktAyAM vAci,"A qualified phrase, not one meaning per word.",,,,[],02.0039,not_flagged_by_exact_citation_check,02.0039,https://raw.githubusercontent.com/ambuda-org/vidyut/f3ba4167d40eebc4b3023d24e66867aa6a8cdb32/vidyut-prakriya/data/dhatupatha.tsv,bb2013ead0ea536dc7f887164c385c703cb0014ccf6e5af35b87e6d3049ba380,
02.0040,2,i\R,gatO,गतौ,1207,single_gloss,1,gatO,One source gloss; no attempt to invent finer senses within it.,,,,[],02.0040,not_flagged_by_exact_citation_check,02.0040,https://raw.githubusercontent.com/ambuda-org/vidyut/f3ba4167d40eebc4b3023d24e66867aa6a8cdb32/vidyut-prakriya/data/dhatupatha.tsv,bb2013ead0ea536dc7f887164c385c703cb0014ccf6e5af35b87e6d3049ba380,
02.0041,2,i\N,aDyayane,अध्ययने,1208,single_gloss,1,aDyayane,One source gloss; no attempt to invent finer senses within it.,,,,[],02.0041,not_flagged_by_exact_citation_check,02.0041,https://raw.githubusercontent.com/ambuda-org/vidyut/f3ba4167d40eebc4b3023d24e66867aa6a8cdb32/vidyut-prakriya/data/dhatupatha.tsv,bb2013ead0ea536dc7f887164c385c703cb0014ccf6e5af35b87e6d3049ba380,
02.0042,2,i\k,smaraRe,स्मरणे,1209,single_gloss,1,smaraRe,One source gloss; no attempt to invent finer senses within it.,,,,[],02.0042,not_flagged_by_exact_citation_check,02.0042,https://raw.githubusercontent.com/ambuda-org/vidyut/f3ba4167d40eebc4b3023d24e66867aa6a8cdb32/vidyut-prakriya/data/dhatupatha.tsv,bb2013ead0ea536dc7f887164c385c703cb0014ccf6e5af35b87e6d3049ba380,
02.0043,2,vI\,gativyAptiprajanakAntyasanaKAdanezu,गतिव्याप्तिप्रजनकान्त्यसनखादनेषु,1210,enumerated_glosses,6,gatO; prajanane; kAntO; asane; KAdane; vyAptO,"Five meanings occur in the main vi heading: movement, conception, desire, throwing, and eating. Kshiratarangini explicitly records an alternative ashana reading as pervasion, supplying the sixth meaning. Vevi explicitly refers to vi's meanings; retain the two lexical inputs separately pending identity review. Their shared list does not make them one word.",,MR26,The vevi entry 02.0072 is described as Vedic-only. The shared review does not apply that restriction to vi 02.0043. The pervasion assignment retains its alternative-reading attribution; do not imply agreement across all witnesses.,"[{""filename"": ""dhatu-kRi720.html"", ""url"": ""https://sanskrit.uohyd.ac.in/scl/dhaatupaatha/files/kRi720.html"", ""accessed_utc"": ""2026-09-12T15:12:38.030821+00:00"", ""sha256"": ""ce4b34e1da564800fe2ac1d906ea0dc2dcc9faec9a379960aee984881938ee2d"", ""bytes"": 1486}, {""filename"": ""dhatu-mA698.html"", ""url"": ""https://sanskrit.uohyd.ac.in/scl/dhaatupaatha/files/mA698.html"", ""accessed_utc"": ""2026-09-12T14:07:00.068699+00:00"", ""sha256"": ""35b60f9f9b8ee2bdaa35430fb1479adfa56fe57facc4f980ccaa43ab397a25e9"", ""bytes"": 4417}, {""filename"": ""dhatu-XA737.html"", ""url"": ""https://sanskrit.uohyd.ac.in/scl/dhaatupaatha/files/XA737.html"", ""accessed_utc"": ""2026-09-12T15:12:38.350517+00:00"", ""sha256"": ""fa4056d50e08994a3c695e068bd82aa2eb709e3a1cc891c70401644d989d4272"", ""bytes"": 572}, {""filename"": ""dhatu-kRi749.html"", ""url"": ""https://sanskrit.uohyd.ac.in/scl/dhaatupaatha/files/kRi749.html"", ""accessed_utc"": ""2026-09-12T15:12:38.619888+00:00"", ""sha256"": ""6826f302f21b6ed4837f39ac062857be9385849103ce8346ffd779389be24676"", ""bytes"": 604}, {""filename"": ""dhatu-mA727.html"", ""url"": ""https://sanskrit.uohyd.ac.in/scl/dhaatupaatha/files/mA727.html"", ""accessed_utc"": ""2026-09-12T14:07:00.483872+00:00"", ""sha256"": ""cd46f8d67b303da449b16e18694d201d42a8de59033d594766535a7821eb278d"", ""bytes"": 969}, {""filename"": ""dhatu-XA766.html"", ""url"": ""https://sanskrit.uohyd.ac.in/scl/dhaatupaatha/files/XA766.html"", ""accessed_utc"": ""2026-09-12T15:12:38.899466+00:00"", ""sha256"": ""f7c7f2e9247f30959de99f500f1db0783432edceecf7ad0ad69b36fb3445e5ee"", ""bytes"": 542}]",02.0043,not_flagged_by_exact_citation_check,02.0043,https://raw.githubusercontent.com/ambuda-org/vidyut/f3ba4167d40eebc4b3023d24e66867aa6a8cdb32/vidyut-prakriya/data/dhatupatha.tsv,bb2013ead0ea536dc7f887164c385c703cb0014ccf6e5af35b87e6d3049ba380,
02.0044,2,yA\,prApaRe,प्रापणे,1211,single_gloss,1,prApaRe,One source gloss; no attempt to invent finer senses within it.,,,,[],02.0044,not_flagged_by_exact_citation_check,02.0044,https://raw.githubusercontent.com/ambuda-org/vidyut/f3ba4167d40eebc4b3023d24e66867aa6a8cdb32/vidyut-prakriya/data/dhatupatha.tsv,bb2013ead0ea536dc7f887164c385c703cb0014ccf6e5af35b87e6d3049ba380,
02.0045,2,vA\,gatiganDanayoH,गतिगन्धनयोः,1212,enumerated_glosses,2,gatO; ganDane,Explicit analyst segmentation; retain the original compound for review.,,,,[],02.0045,not_flagged_by_exact_citation_check,02.0045,https://raw.githubusercontent.com/ambuda-org/vidyut/f3ba4167d40eebc4b3023d24e66867aa6a8cdb32/vidyut-prakriya/data/dhatupatha.tsv,bb2013ead0ea536dc7f887164c385c703cb0014ccf6e5af35b87e6d3049ba380,
02.0046,2,BA\,dIptO,दीप्तौ,1213,single_gloss,1,dIptO,One source gloss; no attempt to invent finer senses within it.,,,,[],02.0046,not_flagged_by_exact_citation_check,02.0046,https://raw.githubusercontent.com/ambuda-org/vidyut/f3ba4167d40eebc4b3023d24e66867aa6a8cdb32/vidyut-prakriya/data/dhatupatha.tsv,bb2013ead0ea536dc7f887164c385c703cb0014ccf6e5af35b87e6d3049ba380,
02.0047,2,zRA\,SOce,शौचे,1214,single_gloss,1,SOce,One source gloss; no attempt to invent finer senses within it.,,,,[],02.0047,not_flagged_by_exact_citation_check,02.0047,https://raw.githubusercontent.com/ambuda-org/vidyut/f3ba4167d40eebc4b3023d24e66867aa6a8cdb32/vidyut-prakriya/data/dhatupatha.tsv,bb2013ead0ea536dc7f887164c385c703cb0014ccf6e5af35b87e6d3049ba380,
02.0048,2,SrA\,pAke,पाके,1215,single_gloss,1,pAke,One source gloss; no attempt to invent finer senses within it.,,,,[],02.0048,not_flagged_by_exact_citation_check,02.0048,https://raw.githubusercontent.com/ambuda-org/vidyut/f3ba4167d40eebc4b3023d24e66867aa6a8cdb32/vidyut-prakriya/data/dhatupatha.tsv,bb2013ead0ea536dc7f887164c385c703cb0014ccf6e5af35b87e6d3049ba380,
02.0049,2,drA\,kutsAyAM gatO,कुत्सायां गतौ,1216,single_gloss,1,kutsite gamane,"The heading is a qualified movement description, not censure plus movement. Retain one broad assignment here; the commentary discusses flight and sleep and says sleep is generally ni-prefixed. Separate those readings in prefix-aware lexical work.",,MR14,Sleep reading is generally ni-prefixed; no automatic new unprefixed sense.,"[{""filename"": ""dhatu-mA704.html"", ""url"": ""https://sanskrit.uohyd.ac.in/scl/dhaatupaatha/files/mA704.html"", ""accessed_utc"": ""2026-09-12T14:07:00.277618+00:00"", ""sha256"": ""0c2748aa6eb8d3d43959c9f1d8cd8da2c3ffdaffba744040fdca83bfb44c5d01"", ""bytes"": 2257}]",02.0049,not_flagged_by_exact_citation_check,02.0049,https://raw.githubusercontent.com/ambuda-org/vidyut/f3ba4167d40eebc4b3023d24e66867aa6a8cdb32/vidyut-prakriya/data/dhatupatha.tsv,bb2013ead0ea536dc7f887164c385c703cb0014ccf6e5af35b87e6d3049ba380,
02.0050,2,psA\,BakzaRe,भक्षणे,1217,single_gloss,1,BakzaRe,One source gloss; no attempt to invent finer senses within it.,,,,[],02.0050,not_flagged_by_exact_citation_check,02.0050,https://raw.githubusercontent.com/ambuda-org/vidyut/f3ba4167d40eebc4b3023d24e66867aa6a8cdb32/vidyut-prakriya/data/dhatupatha.tsv,bb2013ead0ea536dc7f887164c385c703cb0014ccf6e5af35b87e6d3049ba380,
02.0051,2,pA\,rakzaRe,रक्षणे,1218,single_gloss,1,rakzaRe,One source gloss; no attempt to invent finer senses within it.,,,,[],02.0051,retain_distinct_meanings,02.0051,https://raw.githubusercontent.com/ambuda-org/vidyut/f3ba4167d40eebc4b3023d24e66867aa6a8cdb32/vidyut-prakriya/data/dhatupatha.tsv,bb2013ead0ea536dc7f887164c385c703cb0014ccf6e5af35b87e6d3049ba380,IR142
02.0052,2,rA\,dAne,दाने,1219,single_gloss,1,dAne,One source gloss; no attempt to invent finer senses within it.,,,,[],02.0052,not_flagged_by_exact_citation_check,02.0052,https://raw.githubusercontent.com/ambuda-org/vidyut/f3ba4167d40eebc4b3023d24e66867aa6a8cdb32/vidyut-prakriya/data/dhatupatha.tsv,bb2013ead0ea536dc7f887164c385c703cb0014ccf6e5af35b87e6d3049ba380,
02.0053,2,lA\,AdAne,आदाने,1220,single_gloss,1,AdAne,One source gloss; no attempt to invent finer senses within it.,,,,[],02.0053,not_flagged_by_exact_citation_check,02.0053,https://raw.githubusercontent.com/ambuda-org/vidyut/f3ba4167d40eebc4b3023d24e66867aa6a8cdb32/vidyut-prakriya/data/dhatupatha.tsv,bb2013ead0ea536dc7f887164c385c703cb0014ccf6e5af35b87e6d3049ba380,
02.0054,2,dA\p,lavane,लवने,1221,single_gloss,1,lavane,One source gloss; no attempt to invent finer senses within it.,,,,[],02.0054,not_flagged_by_exact_citation_check,02.0054,https://raw.githubusercontent.com/ambuda-org/vidyut/f3ba4167d40eebc4b3023d24e66867aa6a8cdb32/vidyut-prakriya/data/dhatupatha.tsv,bb2013ead0ea536dc7f887164c385c703cb0014ccf6e5af35b87e6d3049ba380,
02.0055,2,KyA\,prakaTane,प्रकथने,1222,single_gloss,1,prakaTane,One source gloss; no attempt to invent finer senses within it.,,,,[],02.0055,not_flagged_by_exact_citation_check,02.0055,https://raw.githubusercontent.com/ambuda-org/vidyut/f3ba4167d40eebc4b3023d24e66867aa6a8cdb32/vidyut-prakriya/data/dhatupatha.tsv,bb2013ead0ea536dc7f887164c385c703cb0014ccf6e5af35b87e6d3049ba380,
02.0056,2,prA\,pUraRe,पूरणे,1223,single_gloss,1,pUraRe,One source gloss; no attempt to invent finer senses within it.,,,,[],02.0056,not_flagged_by_exact_citation_check,02.0056,https://raw.githubusercontent.com/ambuda-org/vidyut/f3ba4167d40eebc4b3023d24e66867aa6a8cdb32/vidyut-prakriya/data/dhatupatha.tsv,bb2013ead0ea536dc7f887164c385c703cb0014ccf6e5af35b87e6d3049ba380,
02.0057,2,mA\,mAne,माने,1224,single_gloss,1,mAne,One source gloss; no attempt to invent finer senses within it.,,,,[],02.0057,not_flagged_by_exact_citation_check,02.0057,https://raw.githubusercontent.com/ambuda-org/vidyut/f3ba4167d40eebc4b3023d24e66867aa6a8cdb32/vidyut-prakriya/data/dhatupatha.tsv,bb2013ead0ea536dc7f887164c385c703cb0014ccf6e5af35b87e6d3049ba380,
02.0058,2,va\ca~,pariBAzaRe,परिभाषणे,1225,single_gloss,1,pariBAzaRe,One source gloss; no attempt to invent finer senses within it.,,,,[],02.0058,merge_shared_meanings,02.0058,https://raw.githubusercontent.com/ambuda-org/vidyut/f3ba4167d40eebc4b3023d24e66867aa6a8cdb32/vidyut-prakriya/data/dhatupatha.tsv,bb2013ead0ea536dc7f887164c385c703cb0014ccf6e5af35b87e6d3049ba380,IR195
02.0059,2,vida~,jYAne,ज्ञाने,1226,single_gloss,1,jYAne,One source gloss; no attempt to invent finer senses within it.,,,,[],02.0059,open,02.0059,https://raw.githubusercontent.com/ambuda-org/vidyut/f3ba4167d40eebc4b3023d24e66867aa6a8cdb32/vidyut-prakriya/data/dhatupatha.tsv,bb2013ead0ea536dc7f887164c385c703cb0014ccf6e5af35b87e6d3049ba380,IR206
02.0060,2,asa~,Buvi,भुवि,1227,single_gloss,1,Buvi,One source gloss; no attempt to invent finer senses within it.,,,,[],02.0060,not_flagged_by_exact_citation_check,02.0060,https://raw.githubusercontent.com/ambuda-org/vidyut/f3ba4167d40eebc4b3023d24e66867aa6a8cdb32/vidyut-prakriya/data/dhatupatha.tsv,bb2013ead0ea536dc7f887164c385c703cb0014ccf6e5af35b87e6d3049ba380,
02.0061,2,mfjU~,SudDO,शुद्धौ,1228,single_gloss,1,SudDO,One source gloss; no attempt to invent finer senses within it.,,,,[],02.0061,merge_shared_meanings,02.0061,https://raw.githubusercontent.com/ambuda-org/vidyut/f3ba4167d40eebc4b3023d24e66867aa6a8cdb32/vidyut-prakriya/data/dhatupatha.tsv,bb2013ead0ea536dc7f887164c385c703cb0014ccf6e5af35b87e6d3049ba380,IR134
02.0062,2,rudi~r,aSruvimocane,अश्रुविमोचने,1229,single_gloss,1,aSruvimocane,One source gloss; no attempt to invent finer senses within it.,,,,[],02.0062,not_flagged_by_exact_citation_check,02.0062,https://raw.githubusercontent.com/ambuda-org/vidyut/f3ba4167d40eebc4b3023d24e66867aa6a8cdb32/vidyut-prakriya/data/dhatupatha.tsv,bb2013ead0ea536dc7f887164c385c703cb0014ccf6e5af35b87e6d3049ba380,
02.0063,2,Yizva\pa~,Saye,शये,1230,single_gloss,1,Saye,One source gloss; no attempt to invent finer senses within it.,,,,[],02.0063,not_flagged_by_exact_citation_check,02.0063,https://raw.githubusercontent.com/ambuda-org/vidyut/f3ba4167d40eebc4b3023d24e66867aa6a8cdb32/vidyut-prakriya/data/dhatupatha.tsv,bb2013ead0ea536dc7f887164c385c703cb0014ccf6e5af35b87e6d3049ba380,
02.0064,2,Svasa~,prARane,प्राणने,1231,single_gloss,1,prARane,One source gloss; no attempt to invent finer senses within it.,,,,[],02.0064,not_flagged_by_exact_citation_check,02.0064,https://raw.githubusercontent.com/ambuda-org/vidyut/f3ba4167d40eebc4b3023d24e66867aa6a8cdb32/vidyut-prakriya/data/dhatupatha.tsv,bb2013ead0ea536dc7f887164c385c703cb0014ccf6e5af35b87e6d3049ba380,
02.0065,2,ana~,prARane,प्राणने,1232,single_gloss,1,prARane,One source gloss; no attempt to invent finer senses within it.,,,,[],02.0065,not_flagged_by_exact_citation_check,02.0065,https://raw.githubusercontent.com/ambuda-org/vidyut/f3ba4167d40eebc4b3023d24e66867aa6a8cdb32/vidyut-prakriya/data/dhatupatha.tsv,bb2013ead0ea536dc7f887164c385c703cb0014ccf6e5af35b87e6d3049ba380,
02.0066,2,jakza~,BakzahasanayoH,भक्षहसनयोः,1233,enumerated_glosses,2,Bakze; hasane,Explicit analyst segmentation; retain the original compound for review.,,,,[],02.0066,not_flagged_by_exact_citation_check,02.0066,https://raw.githubusercontent.com/ambuda-org/vidyut/f3ba4167d40eebc4b3023d24e66867aa6a8cdb32/vidyut-prakriya/data/dhatupatha.tsv,bb2013ead0ea536dc7f887164c385c703cb0014ccf6e5af35b87e6d3049ba380,
02.0067,2,jAgf,nidrAkzaye,निद्राक्षये,1234,single_gloss,1,nidrAkzaye,One source gloss; no attempt to invent finer senses within it.,,,,[],02.0067,not_flagged_by_exact_citation_check,02.0067,https://raw.githubusercontent.com/ambuda-org/vidyut/f3ba4167d40eebc4b3023d24e66867aa6a8cdb32/vidyut-prakriya/data/dhatupatha.tsv,bb2013ead0ea536dc7f887164c385c703cb0014ccf6e5af35b87e6d3049ba380,
02.0068,2,daridrA,durgatO,दुर्गतौ,1235,single_gloss,1,durgatO,One source gloss; no attempt to invent finer senses within it.,,,,[],02.0068,not_flagged_by_exact_citation_check,02.0068,https://raw.githubusercontent.com/ambuda-org/vidyut/f3ba4167d40eebc4b3023d24e66867aa6a8cdb32/vidyut-prakriya/data/dhatupatha.tsv,bb2013ead0ea536dc7f887164c385c703cb0014ccf6e5af35b87e6d3049ba380,
02.0069,2,cakAsf~,dIptO,दीप्तौ,1236,single_gloss,1,dIptO,One source gloss; no attempt to invent finer senses within it.,,,,[],02.0069,not_flagged_by_exact_citation_check,02.0069,https://raw.githubusercontent.com/ambuda-org/vidyut/f3ba4167d40eebc4b3023d24e66867aa6a8cdb32/vidyut-prakriya/data/dhatupatha.tsv,bb2013ead0ea536dc7f887164c385c703cb0014ccf6e5af35b87e6d3049ba380,
02.0070,2,SAsu~,anuSizwO,अनुशिष्टौ,1237,single_gloss,1,anuSizwO,One source gloss; no attempt to invent finer senses within it.,,,,[],02.0070,not_flagged_by_exact_citation_check,02.0070,https://raw.githubusercontent.com/ambuda-org/vidyut/f3ba4167d40eebc4b3023d24e66867aa6a8cdb32/vidyut-prakriya/data/dhatupatha.tsv,bb2013ead0ea536dc7f887164c385c703cb0014ccf6e5af35b87e6d3049ba380,
02.0071,2,dIDIN,dIptidevanayoH,दीप्तिदेवनयोः,1238,enumerated_glosses,2,dIptO; devane,Explicit analyst segmentation; retain the original compound for review.,,,,[],02.0071,not_flagged_by_exact_citation_check,02.0071,https://raw.githubusercontent.com/ambuda-org/vidyut/f3ba4167d40eebc4b3023d24e66867aa6a8cdb32/vidyut-prakriya/data/dhatupatha.tsv,bb2013ead0ea536dc7f887164c385c703cb0014ccf6e5af35b87e6d3049ba380,
02.0072,2,vevIN,gativyAptiprajanakAntyasanasvAdanezu,गतिव्याप्तिप्रजनकान्त्यसनस्वादनेषु,1239,enumerated_glosses,6,gatO; prajanane; kAntO; asane; KAdane; vyAptO,"Five meanings occur in the main vi heading: movement, conception, desire, throwing, and eating. Kshiratarangini explicitly records an alternative ashana reading as pervasion, supplying the sixth meaning. Vevi explicitly refers to vi's meanings; retain the two lexical inputs separately pending identity review. Their shared list does not make them one word.",,MR26,The vevi entry 02.0072 is described as Vedic-only. The shared review does not apply that restriction to vi 02.0043. The pervasion assignment retains its alternative-reading attribution; do not imply agreement across all witnesses.,"[{""filename"": ""dhatu-kRi720.html"", ""url"": ""https://sanskrit.uohyd.ac.in/scl/dhaatupaatha/files/kRi720.html"", ""accessed_utc"": ""2026-09-12T15:12:38.030821+00:00"", ""sha256"": ""ce4b34e1da564800fe2ac1d906ea0dc2dcc9faec9a379960aee984881938ee2d"", ""bytes"": 1486}, {""filename"": ""dhatu-mA698.html"", ""url"": ""https://sanskrit.uohyd.ac.in/scl/dhaatupaatha/files/mA698.html"", ""accessed_utc"": ""2026-09-12T14:07:00.068699+00:00"", ""sha256"": ""35b60f9f9b8ee2bdaa35430fb1479adfa56fe57facc4f980ccaa43ab397a25e9"", ""bytes"": 4417}, {""filename"": ""dhatu-XA737.html"", ""url"": ""https://sanskrit.uohyd.ac.in/scl/dhaatupaatha/files/XA737.html"", ""accessed_utc"": ""2026-09-12T15:12:38.350517+00:00"", ""sha256"": ""fa4056d50e08994a3c695e068bd82aa2eb709e3a1cc891c70401644d989d4272"", ""bytes"": 572}, {""filename"": ""dhatu-kRi749.html"", ""url"": ""https://sanskrit.uohyd.ac.in/scl/dhaatupaatha/files/kRi749.html"", ""accessed_utc"": ""2026-09-12T15:12:38.619888+00:00"", ""sha256"": ""6826f302f21b6ed4837f39ac062857be9385849103ce8346ffd779389be24676"", ""bytes"": 604}, {""filename"": ""dhatu-mA727.html"", ""url"": ""https://sanskrit.uohyd.ac.in/scl/dhaatupaatha/files/mA727.html"", ""accessed_utc"": ""2026-09-12T14:07:00.483872+00:00"", ""sha256"": ""cd46f8d67b303da449b16e18694d201d42a8de59033d594766535a7821eb278d"", ""bytes"": 969}, {""filename"": ""dhatu-XA766.html"", ""url"": ""https://sanskrit.uohyd.ac.in/scl/dhaatupaatha/files/XA766.html"", ""accessed_utc"": ""2026-09-12T15:12:38.899466+00:00"", ""sha256"": ""f7c7f2e9247f30959de99f500f1db0783432edceecf7ad0ad69b36fb3445e5ee"", ""bytes"": 542}]",02.0072,not_flagged_by_exact_citation_check,02.0072,https://raw.githubusercontent.com/ambuda-org/vidyut/f3ba4167d40eebc4b3023d24e66867aa6a8cdb32/vidyut-prakriya/data/dhatupatha.tsv,bb2013ead0ea536dc7f887164c385c703cb0014ccf6e5af35b87e6d3049ba380,
02.0073,2,zasa~,svapne,स्वप्ने,1240,single_gloss,1,svapne,One source gloss; no attempt to invent finer senses within it.,,,,[],02.0073,not_flagged_by_exact_citation_check,02.0073,https://raw.githubusercontent.com/ambuda-org/vidyut/f3ba4167d40eebc4b3023d24e66867aa6a8cdb32/vidyut-prakriya/data/dhatupatha.tsv,bb2013ead0ea536dc7f887164c385c703cb0014ccf6e5af35b87e6d3049ba380,
02.0074,2,zasti~,svapne,स्वप्ने,1241,single_gloss,1,svapne,One source gloss; no attempt to invent finer senses within it.,,,,[],02.0074,not_flagged_by_exact_citation_check,02.0074,https://raw.githubusercontent.com/ambuda-org/vidyut/f3ba4167d40eebc4b3023d24e66867aa6a8cdb32/vidyut-prakriya/data/dhatupatha.tsv,bb2013ead0ea536dc7f887164c385c703cb0014ccf6e5af35b87e6d3049ba380,
02.0075,2,vaSa~,kAntO,कान्तौ,1242,single_gloss,1,kAntO,One source gloss; no attempt to invent finer senses within it.,,,,[],02.0075,not_flagged_by_exact_citation_check,02.0075,https://raw.githubusercontent.com/ambuda-org/vidyut/f3ba4167d40eebc4b3023d24e66867aa6a8cdb32/vidyut-prakriya/data/dhatupatha.tsv,bb2013ead0ea536dc7f887164c385c703cb0014ccf6e5af35b87e6d3049ba380,
02.0077,2,hnu\N,apanayane,अपनयने,1244,single_gloss,1,apanayane,One source gloss; no attempt to invent finer senses within it.,,,,[],02.0077,not_flagged_by_exact_citation_check,02.0076,https://raw.githubusercontent.com/ambuda-org/vidyut/f3ba4167d40eebc4b3023d24e66867aa6a8cdb32/vidyut-prakriya/data/dhatupatha.tsv,bb2013ead0ea536dc7f887164c385c703cb0014ccf6e5af35b87e6d3049ba380,
03.0001,3,hu\,dAnAdAnayoH AdAne prIRane ca,दानादानयोः आदाने प्रीणने च,1245,enumerated_glosses,4,dAne; adane; AdAne; prIRane,"Four recorded meanings: offering/giving, eating, taking, and satisfying. Adana (taking) appears in alternative readings and is counted once. Adana with short initial a is eating, a different meaning. Prinana is explicitly discussed at the end of the commentary; it is not an unsupported addition. Offering and its explanation as depositing an oblation are one assignment here.",,MR27,,"[{""filename"": ""dhatu-mA732.html"", ""url"": ""https://sanskrit.uohyd.ac.in/scl/dhaatupaatha/files/mA732.html"", ""accessed_utc"": ""2026-09-12T14:07:00.726971+00:00"", ""sha256"": ""1a4367434f90a40b7bb7bddab6aaf30be5bf8cc0e7d970dab2980bb00c4c9157"", ""bytes"": 8190}, {""filename"": ""dhatu-kRi754.html"", ""url"": ""https://sanskrit.uohyd.ac.in/scl/dhaatupaatha/files/kRi754.html"", ""accessed_utc"": ""2026-09-12T15:12:39.158309+00:00"", ""sha256"": ""0f868e720ef490422205b98a30b04f0292560ec958e7f783d493d17a2e6189eb"", ""bytes"": 2292}, {""filename"": ""dhatu-XA770.html"", ""url"": ""https://sanskrit.uohyd.ac.in/scl/dhaatupaatha/files/XA770.html"", ""accessed_utc"": ""2026-09-12T15:12:39.409263+00:00"", ""sha256"": ""c782b96ad9eb13d244c62a04f6ac30c35c46529c267d6974b5f469714e7c6e18"", ""bytes"": 2364}]",03.0001,not_flagged_by_exact_citation_check,03.0001,https://raw.githubusercontent.com/ambuda-org/vidyut/f3ba4167d40eebc4b3023d24e66867aa6a8cdb32/vidyut-prakriya/data/dhatupatha.tsv,bb2013ead0ea536dc7f887164c385c703cb0014ccf6e5af35b87e6d3049ba380,
03.0002,3,YiBI\,Baye,भये,1246,single_gloss,1,Baye,One source gloss; no attempt to invent finer senses within it.,,,,[],03.0002,not_flagged_by_exact_citation_check,03.0002,https://raw.githubusercontent.com/ambuda-org/vidyut/f3ba4167d40eebc4b3023d24e66867aa6a8cdb32/vidyut-prakriya/data/dhatupatha.tsv,bb2013ead0ea536dc7f887164c385c703cb0014ccf6e5af35b87e6d3049ba380,
03.0003,3,hrI\,lajjAyAm,लज्जायाम्,1247,single_gloss,1,lajjAyAm,One source gloss; no attempt to invent finer senses within it.,,,,[],03.0003,not_flagged_by_exact_citation_check,03.0003,https://raw.githubusercontent.com/ambuda-org/vidyut/f3ba4167d40eebc4b3023d24e66867aa6a8cdb32/vidyut-prakriya/data/dhatupatha.tsv,bb2013ead0ea536dc7f887164c385c703cb0014ccf6e5af35b87e6d3049ba380,
03.0004,3,pF,pAlanapUraRayoH,पालनपूरणयोः,1248,enumerated_glosses,2,pAlane; pUraRe,Explicit analyst segmentation; retain the original compound for review.,,,,[],03.0004,merge_shared_meanings,,https://raw.githubusercontent.com/ambuda-org/vidyut/f3ba4167d40eebc4b3023d24e66867aa6a8cdb32/vidyut-prakriya/data/dhatupatha.tsv,bb2013ead0ea536dc7f887164c385c703cb0014ccf6e5af35b87e6d3049ba380,IR143
03.0005,3,pf\,pAlanapUraRayoH,पालनपूरणयोः,1249,enumerated_glosses,2,pAlane; pUraRe,Explicit analyst segmentation; retain the original compound for review.,,,,[],03.0005,retain_distinct_meanings,03.0005,https://raw.githubusercontent.com/ambuda-org/vidyut/f3ba4167d40eebc4b3023d24e66867aa6a8cdb32/vidyut-prakriya/data/dhatupatha.tsv,bb2013ead0ea536dc7f887164c385c703cb0014ccf6e5af35b87e6d3049ba380,IR148
03.0006,3,quBf\Y,DAraRapozaRayoH,धारणपोषणयोः,1250,enumerated_glosses,2,DAraRe; pozaRe,Explicit analyst segmentation; retain the original compound for review.,,,,[],03.0006,not_flagged_by_exact_citation_check,03.0006,https://raw.githubusercontent.com/ambuda-org/vidyut/f3ba4167d40eebc4b3023d24e66867aa6a8cdb32/vidyut-prakriya/data/dhatupatha.tsv,bb2013ead0ea536dc7f887164c385c703cb0014ccf6e5af35b87e6d3049ba380,
03.0007,3,mA\N,mAne Sabde ca,माने शब्दे च,1251,enumerated_glosses,2,mAne; Sabde,Visible enumeration; semantic overlap still belongs to lexical review.,,,,[],03.0007,open,03.0007,https://raw.githubusercontent.com/ambuda-org/vidyut/f3ba4167d40eebc4b3023d24e66867aa6a8cdb32/vidyut-prakriya/data/dhatupatha.tsv,bb2013ead0ea536dc7f887164c385c703cb0014ccf6e5af35b87e6d3049ba380,IR128
03.0008,3,o~hA\N,gatO,गतौ,1252,single_gloss,1,gatO,One source gloss; no attempt to invent finer senses within it.,,,,[],03.0008,not_flagged_by_exact_citation_check,03.0008,https://raw.githubusercontent.com/ambuda-org/vidyut/f3ba4167d40eebc4b3023d24e66867aa6a8cdb32/vidyut-prakriya/data/dhatupatha.tsv,bb2013ead0ea536dc7f887164c385c703cb0014ccf6e5af35b87e6d3049ba380,
03.0009,3,o~hA\k,tyAge,त्यागे,1253,single_gloss,1,tyAge,One source gloss; no attempt to invent finer senses within it.,,,,[],03.0009,not_flagged_by_exact_citation_check,03.0009,https://raw.githubusercontent.com/ambuda-org/vidyut/f3ba4167d40eebc4b3023d24e66867aa6a8cdb32/vidyut-prakriya/data/dhatupatha.tsv,bb2013ead0ea536dc7f887164c385c703cb0014ccf6e5af35b87e6d3049ba380,
03.0010,3,qudA\Y,dAne,दाने,1254,single_gloss,1,dAne,One source gloss; no attempt to invent finer senses within it.,,,,[],03.0010,not_flagged_by_exact_citation_check,03.0010,https://raw.githubusercontent.com/ambuda-org/vidyut/f3ba4167d40eebc4b3023d24e66867aa6a8cdb32/vidyut-prakriya/data/dhatupatha.tsv,bb2013ead0ea536dc7f887164c385c703cb0014ccf6e5af35b87e6d3049ba380,
03.0011,3,quDA\Y,DAraRapozaRayoH,धारणपोषणयोः,1255,enumerated_glosses,2,DAraRe; pozaRe,Explicit analyst segmentation; retain the original compound for review.,,,,[],03.0011,not_flagged_by_exact_citation_check,03.0011,https://raw.githubusercontent.com/ambuda-org/vidyut/f3ba4167d40eebc4b3023d24e66867aa6a8cdb32/vidyut-prakriya/data/dhatupatha.tsv,bb2013ead0ea536dc7f887164c385c703cb0014ccf6e5af35b87e6d3049ba380,
03.0012,3,Ri\ji~^r,SOcapozaRayoH,शौचपोषणयोः,1256,enumerated_glosses,2,SOce; pozaRe,Explicit analyst segmentation; retain the original compound for review.,,,,[],03.0012,not_flagged_by_exact_citation_check,03.0012,https://raw.githubusercontent.com/ambuda-org/vidyut/f3ba4167d40eebc4b3023d24e66867aa6a8cdb32/vidyut-prakriya/data/dhatupatha.tsv,bb2013ead0ea536dc7f887164c385c703cb0014ccf6e5af35b87e6d3049ba380,
03.0013,3,vi\ji~^r,pfTagBAve,पृथग्भावे,1257,single_gloss,1,pfTagBAve,One source gloss; no attempt to invent finer senses within it.,,,,[],03.0013,not_flagged_by_exact_citation_check,03.0013,https://raw.githubusercontent.com/ambuda-org/vidyut/f3ba4167d40eebc4b3023d24e66867aa6a8cdb32/vidyut-prakriya/data/dhatupatha.tsv,bb2013ead0ea536dc7f887164c385c703cb0014ccf6e5af35b87e6d3049ba380,
03.0014,3,vi\zx~^,vyAptO,व्याप्तौ,1258,single_gloss,1,vyAptO,One source gloss; no attempt to invent finer senses within it.,,,,[],03.0014,not_flagged_by_exact_citation_check,03.0014,https://raw.githubusercontent.com/ambuda-org/vidyut/f3ba4167d40eebc4b3023d24e66867aa6a8cdb32/vidyut-prakriya/data/dhatupatha.tsv,bb2013ead0ea536dc7f887164c385c703cb0014ccf6e5af35b87e6d3049ba380,
03.0015,3,Gf\,kzaraRadIptyoH,क्षरणदीप्त्योः,1259,enumerated_glosses,2,kzaraRe; dIptO,Explicit analyst segmentation; retain the original compound for review.,,,,[],03.0015,open,03.0015,https://raw.githubusercontent.com/ambuda-org/vidyut/f3ba4167d40eebc4b3023d24e66867aa6a8cdb32/vidyut-prakriya/data/dhatupatha.tsv,bb2013ead0ea536dc7f887164c385c703cb0014ccf6e5af35b87e6d3049ba380,IR12
03.0016,3,hf\,prasahyakaraRe,प्रसह्यकरणे,1260,single_gloss,1,prasahyakaraRe,One source gloss; no attempt to invent finer senses within it.,,,,[],03.0016,not_flagged_by_exact_citation_check,03.0016,https://raw.githubusercontent.com/ambuda-org/vidyut/f3ba4167d40eebc4b3023d24e66867aa6a8cdb32/vidyut-prakriya/data/dhatupatha.tsv,bb2013ead0ea536dc7f887164c385c703cb0014ccf6e5af35b87e6d3049ba380,
03.0017,3,f\,gatO,गतौ,1261,single_gloss,1,gatO,One source gloss; no attempt to invent finer senses within it.,,,,[],03.0017,merge_shared_meanings,03.0017,https://raw.githubusercontent.com/ambuda-org/vidyut/f3ba4167d40eebc4b3023d24e66867aa6a8cdb32/vidyut-prakriya/data/dhatupatha.tsv,bb2013ead0ea536dc7f887164c385c703cb0014ccf6e5af35b87e6d3049ba380,IR65
03.0018,3,sf\,gatO,गतौ,1262,single_gloss,1,gatO,One source gloss; no attempt to invent finer senses within it.,,,,[],03.0018,merge_shared_meanings,03.0018,https://raw.githubusercontent.com/ambuda-org/vidyut/f3ba4167d40eebc4b3023d24e66867aa6a8cdb32/vidyut-prakriya/data/dhatupatha.tsv,bb2013ead0ea536dc7f887164c385c703cb0014ccf6e5af35b87e6d3049ba380,IR173
03.0019,3,Basa~,BartsanadIptyoH,भर्त्सनदीप्त्योः,1263,enumerated_glosses,2,Bartsane; dIptO,Explicit analyst segmentation; retain the original compound for review.,,,,[],03.0019,not_flagged_by_exact_citation_check,03.0019,https://raw.githubusercontent.com/ambuda-org/vidyut/f3ba4167d40eebc4b3023d24e66867aa6a8cdb32/vidyut-prakriya/data/dhatupatha.tsv,bb2013ead0ea536dc7f887164c385c703cb0014ccf6e5af35b87e6d3049ba380,
03.0020,3,ki\,jYAne,ज्ञाने,1264,single_gloss,1,jYAne,One source gloss; no attempt to invent finer senses within it.,,,,[],03.0020,not_flagged_by_exact_citation_check,03.0020,https://raw.githubusercontent.com/ambuda-org/vidyut/f3ba4167d40eebc4b3023d24e66867aa6a8cdb32/vidyut-prakriya/data/dhatupatha.tsv,bb2013ead0ea536dc7f887164c385c703cb0014ccf6e5af35b87e6d3049ba380,
03.0021,3,kita~,jYAne,ज्ञाने,1265,single_gloss,1,jYAne,One source gloss; no attempt to invent finer senses within it.,,,,[],03.0021,retain_distinct_meanings,,https://raw.githubusercontent.com/ambuda-org/vidyut/f3ba4167d40eebc4b3023d24e66867aa6a8cdb32/vidyut-prakriya/data/dhatupatha.tsv,bb2013ead0ea536dc7f887164c385c703cb0014ccf6e5af35b87e6d3049ba380,IR98
03.0022,3,tura~,tvaraRe,त्वरणे,1266,single_gloss,1,tvaraRe,One source gloss; no attempt to invent finer senses within it.,,,,[],03.0022,not_flagged_by_exact_citation_check,03.0022,https://raw.githubusercontent.com/ambuda-org/vidyut/f3ba4167d40eebc4b3023d24e66867aa6a8cdb32/vidyut-prakriya/data/dhatupatha.tsv,bb2013ead0ea536dc7f887164c385c703cb0014ccf6e5af35b87e6d3049ba380,
03.0023,3,Diza~,Sabde,शब्दे,1267,single_gloss,1,Sabde,One source gloss; no attempt to invent finer senses within it.,,,,[],03.0023,not_flagged_by_exact_citation_check,03.0023,https://raw.githubusercontent.com/ambuda-org/vidyut/f3ba4167d40eebc4b3023d24e66867aa6a8cdb32/vidyut-prakriya/data/dhatupatha.tsv,bb2013ead0ea536dc7f887164c385c703cb0014ccf6e5af35b87e6d3049ba380,
03.0024,3,Dana~,DAnye,धान्ये,1268,single_gloss,1,DAnye,One source gloss; no attempt to invent finer senses within it.,,,,[],03.0024,not_flagged_by_exact_citation_check,03.0024,https://raw.githubusercontent.com/ambuda-org/vidyut/f3ba4167d40eebc4b3023d24e66867aa6a8cdb32/vidyut-prakriya/data/dhatupatha.tsv,bb2013ead0ea536dc7f887164c385c703cb0014ccf6e5af35b87e6d3049ba380,
03.0025,3,jana~,janane,जनने,1269,single_gloss,1,janane,One source gloss; no attempt to invent finer senses within it.,,,,[],03.0025,not_flagged_by_exact_citation_check,03.0025,https://raw.githubusercontent.com/ambuda-org/vidyut/f3ba4167d40eebc4b3023d24e66867aa6a8cdb32/vidyut-prakriya/data/dhatupatha.tsv,bb2013ead0ea536dc7f887164c385c703cb0014ccf6e5af35b87e6d3049ba380,
03.0026,3,gA\,stutO,स्तुतौ,1270,single_gloss,1,stutO,One source gloss; no attempt to invent finer senses within it.,,,,[],03.0026,not_flagged_by_exact_citation_check,03.0026,https://raw.githubusercontent.com/ambuda-org/vidyut/f3ba4167d40eebc4b3023d24e66867aa6a8cdb32/vidyut-prakriya/data/dhatupatha.tsv,bb2013ead0ea536dc7f887164c385c703cb0014ccf6e5af35b87e6d3049ba380,
04.0001,4,divu~,krIqAvijigIzAvyavahAradyutistutimodamadasvapnakAntigatizu,क्रीडाविजिगीषाव्यवहारद्युतिस्तुतिमोदमदस्वप्नकान्तिगतिषु,1271,enumerated_glosses,10,krIqAyAm; vijigIzAyAm; vyavahAre; dyutO; stutO; mode; made; svapne; kAntO; gatO,Explicit analyst segmentation; retain the original compound for review.,,,,[],04.0001,retain_distinct_meanings,04.0001,https://raw.githubusercontent.com/ambuda-org/vidyut/f3ba4167d40eebc4b3023d24e66867aa6a8cdb32/vidyut-prakriya/data/dhatupatha.tsv,bb2013ead0ea536dc7f887164c385c703cb0014ccf6e5af35b87e6d3049ba380,IR62
04.0002,4,zivu~,tantusantAne,तन्तुसन्ताने,1272,single_gloss,1,tantusantAne,One source gloss; no attempt to invent finer senses within it.,,,,[],04.0002,not_flagged_by_exact_citation_check,04.0002,https://raw.githubusercontent.com/ambuda-org/vidyut/f3ba4167d40eebc4b3023d24e66867aa6a8cdb32/vidyut-prakriya/data/dhatupatha.tsv,bb2013ead0ea536dc7f887164c385c703cb0014ccf6e5af35b87e6d3049ba380,
04.0003,4,srivu~,gatiSozaRayoH,गतिशोषणयोः,1273,enumerated_glosses,2,gatO; SozaRe,Explicit analyst segmentation; retain the original compound for review.,,,,[],04.0003,not_flagged_by_exact_citation_check,04.0003,https://raw.githubusercontent.com/ambuda-org/vidyut/f3ba4167d40eebc4b3023d24e66867aa6a8cdb32/vidyut-prakriya/data/dhatupatha.tsv,bb2013ead0ea536dc7f887164c385c703cb0014ccf6e5af35b87e6d3049ba380,
04.0004,4,zWivu~,nirasane,निरसने,1274,single_gloss,1,nirasane,One source gloss; no attempt to invent finer senses within it.,,,,[],04.0004,merge_shared_meanings,04.0004,https://raw.githubusercontent.com/ambuda-org/vidyut/f3ba4167d40eebc4b3023d24e66867aa6a8cdb32/vidyut-prakriya/data/dhatupatha.tsv,bb2013ead0ea536dc7f887164c385c703cb0014ccf6e5af35b87e6d3049ba380,IR214
04.0005,4,zRusu~,adane AdAne adarSane ca,अदने आदाने अदर्शने च,1275,enumerated_glosses,3,adane; AdAne; adarSane,Visible enumeration; semantic overlap still belongs to lexical review.,,,,[],04.0005,not_flagged_by_exact_citation_check,04.0005,https://raw.githubusercontent.com/ambuda-org/vidyut/f3ba4167d40eebc4b3023d24e66867aa6a8cdb32/vidyut-prakriya/data/dhatupatha.tsv,bb2013ead0ea536dc7f887164c385c703cb0014ccf6e5af35b87e6d3049ba380,
04.0006,4,zRasu~,adane nirasane ca,अदने निरसने च,1276,enumerated_glosses,2,adane; nirasane,Visible enumeration; semantic overlap still belongs to lexical review.,,,,[],04.0006,not_flagged_by_exact_citation_check,04.0006,https://raw.githubusercontent.com/ambuda-org/vidyut/f3ba4167d40eebc4b3023d24e66867aa6a8cdb32/vidyut-prakriya/data/dhatupatha.tsv,bb2013ead0ea536dc7f887164c385c703cb0014ccf6e5af35b87e6d3049ba380,
04.0007,4,knasu~,hvaraRadIptyoH,ह्वरणदीप्त्योः,1277,enumerated_glosses,2,hvaraRe; dIptO,Explicit analyst segmentation; retain the original compound for review.,,,,[],04.0007,not_flagged_by_exact_citation_check,04.0007,https://raw.githubusercontent.com/ambuda-org/vidyut/f3ba4167d40eebc4b3023d24e66867aa6a8cdb32/vidyut-prakriya/data/dhatupatha.tsv,bb2013ead0ea536dc7f887164c385c703cb0014ccf6e5af35b87e6d3049ba380,
04.0008,4,vyuza~,dAhe,दाहे,1278,single_gloss,1,dAhe,One source gloss; no attempt to invent finer senses within it.,,,,[],04.0008,retain_distinct_meanings,04.0008,https://raw.githubusercontent.com/ambuda-org/vidyut/f3ba4167d40eebc4b3023d24e66867aa6a8cdb32/vidyut-prakriya/data/dhatupatha.tsv,bb2013ead0ea536dc7f887164c385c703cb0014ccf6e5af35b87e6d3049ba380,IR209
04.0009,4,pluza~,dAhe,दाहे,1279,single_gloss,1,dAhe,One source gloss; no attempt to invent finer senses within it.,,,,[],04.0009,merge_shared_meanings,04.0009,https://raw.githubusercontent.com/ambuda-org/vidyut/f3ba4167d40eebc4b3023d24e66867aa6a8cdb32/vidyut-prakriya/data/dhatupatha.tsv,bb2013ead0ea536dc7f887164c385c703cb0014ccf6e5af35b87e6d3049ba380,IR150
04.0010,4,nftI~,gAtravikzepe,गात्रविक्षेपे,1280,single_gloss,1,gAtravikzepe,One source gloss; no attempt to invent finer senses within it.,,,,[],04.0010,not_flagged_by_exact_citation_check,04.0010,https://raw.githubusercontent.com/ambuda-org/vidyut/f3ba4167d40eebc4b3023d24e66867aa6a8cdb32/vidyut-prakriya/data/dhatupatha.tsv,bb2013ead0ea536dc7f887164c385c703cb0014ccf6e5af35b87e6d3049ba380,
04.0011,4,trasI~,udvege,उद्वेगे,1281,single_gloss,1,udvege,One source gloss; no attempt to invent finer senses within it.,,,,[],04.0011,not_flagged_by_exact_citation_check,04.0011,https://raw.githubusercontent.com/ambuda-org/vidyut/f3ba4167d40eebc4b3023d24e66867aa6a8cdb32/vidyut-prakriya/data/dhatupatha.tsv,bb2013ead0ea536dc7f887164c385c703cb0014ccf6e5af35b87e6d3049ba380,
04.0012,4,kuTa~,pUtIBAve,पूतीभावे,1282,single_gloss,1,pUtIBAve,One source gloss; no attempt to invent finer senses within it.,,,,[],04.0012,not_flagged_by_exact_citation_check,04.0012,https://raw.githubusercontent.com/ambuda-org/vidyut/f3ba4167d40eebc4b3023d24e66867aa6a8cdb32/vidyut-prakriya/data/dhatupatha.tsv,bb2013ead0ea536dc7f887164c385c703cb0014ccf6e5af35b87e6d3049ba380,
04.0013,4,puTa~,hiMsAyAm,हिंसायाम्,1283,single_gloss,1,hiMsAyAm,One source gloss; no attempt to invent finer senses within it.,,,,[],04.0013,retain_distinct_meanings,04.0013,https://raw.githubusercontent.com/ambuda-org/vidyut/f3ba4167d40eebc4b3023d24e66867aa6a8cdb32/vidyut-prakriya/data/dhatupatha.tsv,bb2013ead0ea536dc7f887164c385c703cb0014ccf6e5af35b87e6d3049ba380,IR152
04.0014,4,guDa~,parivezwane,परिवेष्टने,1284,single_gloss,1,parivezwane,One source gloss; no attempt to invent finer senses within it.,,,,[],04.0014,retain_distinct_meanings,04.0014,https://raw.githubusercontent.com/ambuda-org/vidyut/f3ba4167d40eebc4b3023d24e66867aa6a8cdb32/vidyut-prakriya/data/dhatupatha.tsv,bb2013ead0ea536dc7f887164c385c703cb0014ccf6e5af35b87e6d3049ba380,IR73
04.0015,4,kzi\pa~,preraRe,प्रेरणे,1285,single_gloss,1,preraRe,One source gloss; no attempt to invent finer senses within it.,,,,[],04.0015,not_flagged_by_exact_citation_check,04.0015,https://raw.githubusercontent.com/ambuda-org/vidyut/f3ba4167d40eebc4b3023d24e66867aa6a8cdb32/vidyut-prakriya/data/dhatupatha.tsv,bb2013ead0ea536dc7f887164c385c703cb0014ccf6e5af35b87e6d3049ba380,
04.0016,4,puzpa~,vikasane,विकसने,1286,single_gloss,1,vikasane,One source gloss; no attempt to invent finer senses within it.,,,,[],04.0016,not_flagged_by_exact_citation_check,04.0016,https://raw.githubusercontent.com/ambuda-org/vidyut/f3ba4167d40eebc4b3023d24e66867aa6a8cdb32/vidyut-prakriya/data/dhatupatha.tsv,bb2013ead0ea536dc7f887164c385c703cb0014ccf6e5af35b87e6d3049ba380,
04.0017,4,tima~,ArdrIBAve,आर्द्रीभावे,1287,single_gloss,1,ArdrIBAve,One source gloss; no attempt to invent finer senses within it.,,,,[],04.0017,not_flagged_by_exact_citation_check,04.0017,https://raw.githubusercontent.com/ambuda-org/vidyut/f3ba4167d40eebc4b3023d24e66867aa6a8cdb32/vidyut-prakriya/data/dhatupatha.tsv,bb2013ead0ea536dc7f887164c385c703cb0014ccf6e5af35b87e6d3049ba380,
04.0018,4,tIma~,ArdrIBAve,आर्द्रीभावे,1288,single_gloss,1,ArdrIBAve,One source gloss; no attempt to invent finer senses within it.,,,,[],04.0018,not_flagged_by_exact_citation_check,04.0018,https://raw.githubusercontent.com/ambuda-org/vidyut/f3ba4167d40eebc4b3023d24e66867aa6a8cdb32/vidyut-prakriya/data/dhatupatha.tsv,bb2013ead0ea536dc7f887164c385c703cb0014ccf6e5af35b87e6d3049ba380,
04.0019,4,zwima~,ArdrIBAve,आर्द्रीभावे,1289,single_gloss,1,ArdrIBAve,One source gloss; no attempt to invent finer senses within it.,,,,[],04.0019,not_flagged_by_exact_citation_check,04.0019,https://raw.githubusercontent.com/ambuda-org/vidyut/f3ba4167d40eebc4b3023d24e66867aa6a8cdb32/vidyut-prakriya/data/dhatupatha.tsv,bb2013ead0ea536dc7f887164c385c703cb0014ccf6e5af35b87e6d3049ba380,
04.0020,4,zwIma~,ArdrIBAve,आर्द्रीभावे,1290,single_gloss,1,ArdrIBAve,One source gloss; no attempt to invent finer senses within it.,,,,[],04.0020,not_flagged_by_exact_citation_check,04.0020,https://raw.githubusercontent.com/ambuda-org/vidyut/f3ba4167d40eebc4b3023d24e66867aa6a8cdb32/vidyut-prakriya/data/dhatupatha.tsv,bb2013ead0ea536dc7f887164c385c703cb0014ccf6e5af35b87e6d3049ba380,
04.0021,4,vrIqa~,codane lajjAyAM ca,चोदने लज्जायां च,1291,enumerated_glosses,2,codane; lajjAyAM,Visible enumeration; semantic overlap still belongs to lexical review.,,,,[],04.0021,not_flagged_by_exact_citation_check,04.0021,https://raw.githubusercontent.com/ambuda-org/vidyut/f3ba4167d40eebc4b3023d24e66867aa6a8cdb32/vidyut-prakriya/data/dhatupatha.tsv,bb2013ead0ea536dc7f887164c385c703cb0014ccf6e5af35b87e6d3049ba380,
04.0022,4,iza~,gatO,गतौ,1292,single_gloss,1,gatO,One source gloss; no attempt to invent finer senses within it.,,,,[],04.0022,retain_distinct_meanings,,https://raw.githubusercontent.com/ambuda-org/vidyut/f3ba4167d40eebc4b3023d24e66867aa6a8cdb32/vidyut-prakriya/data/dhatupatha.tsv,bb2013ead0ea536dc7f887164c385c703cb0014ccf6e5af35b87e6d3049ba380,IR81
04.0023,4,zaha~,cakyarTe,चक्यर्थे,1293,single_gloss,1,tfptO,"The cross-reference is explicitly explained as satisfaction. The commentary records the two-entry reading, while disputing the inclusion of sah in this class; preserve the entry and its provenance flag.",,MR15,The sah entry is disputed among the cited grammatical traditions; select scope before full generation.,"[{""filename"": ""dhatu-mA773.html"", ""url"": ""https://sanskrit.uohyd.ac.in/scl/dhaatupaatha/files/mA773.html"", ""accessed_utc"": ""2026-09-12T14:07:00.916783+00:00"", ""sha256"": ""b39656f6ebb50944168b3aa3ce584519348bbaab59b85451bec18e4aefa9024a"", ""bytes"": 3586}]",04.0023,retain_distinct_meanings,04.0023,https://raw.githubusercontent.com/ambuda-org/vidyut/f3ba4167d40eebc4b3023d24e66867aa6a8cdb32/vidyut-prakriya/data/dhatupatha.tsv,bb2013ead0ea536dc7f887164c385c703cb0014ccf6e5af35b87e6d3049ba380,IR216
04.0024,4,zuha~,cakyarTe,चक्यर्थे,1294,single_gloss,1,tfptO,"The cross-reference is explicitly explained as satisfaction. The commentary records the two-entry reading, while disputing the inclusion of sah in this class; preserve the entry and its provenance flag.",,MR15,The sah entry is disputed among the cited grammatical traditions; select scope before full generation.,"[{""filename"": ""dhatu-mA773.html"", ""url"": ""https://sanskrit.uohyd.ac.in/scl/dhaatupaatha/files/mA773.html"", ""accessed_utc"": ""2026-09-12T14:07:00.916783+00:00"", ""sha256"": ""b39656f6ebb50944168b3aa3ce584519348bbaab59b85451bec18e4aefa9024a"", ""bytes"": 3586}]",04.0024,not_flagged_by_exact_citation_check,04.0024,https://raw.githubusercontent.com/ambuda-org/vidyut/f3ba4167d40eebc4b3023d24e66867aa6a8cdb32/vidyut-prakriya/data/dhatupatha.tsv,bb2013ead0ea536dc7f887164c385c703cb0014ccf6e5af35b87e6d3049ba380,
04.0025,4,jFz,vayohAnO,वयोहानौ,1295,single_gloss,1,vayohAnO,One source gloss; no attempt to invent finer senses within it.,,,,[],04.0025,not_flagged_by_exact_citation_check,04.0025,https://raw.githubusercontent.com/ambuda-org/vidyut/f3ba4167d40eebc4b3023d24e66867aa6a8cdb32/vidyut-prakriya/data/dhatupatha.tsv,bb2013ead0ea536dc7f887164c385c703cb0014ccf6e5af35b87e6d3049ba380,
04.0026,4,JFz,vayohAnO,वयोहानौ,1296,single_gloss,1,vayohAnO,One source gloss; no attempt to invent finer senses within it.,,,,[],04.0026,not_flagged_by_exact_citation_check,04.0026,https://raw.githubusercontent.com/ambuda-org/vidyut/f3ba4167d40eebc4b3023d24e66867aa6a8cdb32/vidyut-prakriya/data/dhatupatha.tsv,bb2013ead0ea536dc7f887164c385c703cb0014ccf6e5af35b87e6d3049ba380,
04.0027,4,zUN,prARiprasave,प्राणिप्रसवे,1297,single_gloss,1,prARiprasave,One source gloss; no attempt to invent finer senses within it.,,,,[],04.0027,merge_shared_meanings,04.0027,https://raw.githubusercontent.com/ambuda-org/vidyut/f3ba4167d40eebc4b3023d24e66867aa6a8cdb32/vidyut-prakriya/data/dhatupatha.tsv,bb2013ead0ea536dc7f887164c385c703cb0014ccf6e5af35b87e6d3049ba380,IR213
04.0028,4,dUN,paritApe,परितापे,1298,single_gloss,1,paritApe,One source gloss; no attempt to invent finer senses within it.,,,,[],04.0028,not_flagged_by_exact_citation_check,04.0028,https://raw.githubusercontent.com/ambuda-org/vidyut/f3ba4167d40eebc4b3023d24e66867aa6a8cdb32/vidyut-prakriya/data/dhatupatha.tsv,bb2013ead0ea536dc7f887164c385c703cb0014ccf6e5af35b87e6d3049ba380,
04.0029,4,dI\N,kzaye,क्षये,1299,single_gloss,1,kzaye,One source gloss; no attempt to invent finer senses within it.,,,,[],04.0029,not_flagged_by_exact_citation_check,,https://raw.githubusercontent.com/ambuda-org/vidyut/f3ba4167d40eebc4b3023d24e66867aa6a8cdb32/vidyut-prakriya/data/dhatupatha.tsv,bb2013ead0ea536dc7f887164c385c703cb0014ccf6e5af35b87e6d3049ba380,
04.0030,4,qIN,vihAyasA gatO,विहायसा गतौ,1300,single_gloss,1,vihAyasA gatO,"A qualified phrase, not one meaning per word.",,,,[],04.0030,merge_shared_meanings,,https://raw.githubusercontent.com/ambuda-org/vidyut/f3ba4167d40eebc4b3023d24e66867aa6a8cdb32/vidyut-prakriya/data/dhatupatha.tsv,bb2013ead0ea536dc7f887164c385c703cb0014ccf6e5af35b87e6d3049ba380,IR157
04.0031,4,DI\N,ADAre AdAne anAdare ca,आधारे आदाने अनादरे च,1301,enumerated_glosses,3,ADAre; AdAne; anAdare,Visible enumeration; semantic overlap still belongs to lexical review.,,,,[],04.0031,not_flagged_by_exact_citation_check,04.0031,https://raw.githubusercontent.com/ambuda-org/vidyut/f3ba4167d40eebc4b3023d24e66867aa6a8cdb32/vidyut-prakriya/data/dhatupatha.tsv,bb2013ead0ea536dc7f887164c385c703cb0014ccf6e5af35b87e6d3049ba380,
04.0032,4,mI\N,hiMsAyAm,हिंसायाम्,1302,single_gloss,1,hiMsAyAm,One source gloss; no attempt to invent finer senses within it.,,,,[],04.0032,not_flagged_by_exact_citation_check,04.0032,https://raw.githubusercontent.com/ambuda-org/vidyut/f3ba4167d40eebc4b3023d24e66867aa6a8cdb32/vidyut-prakriya/data/dhatupatha.tsv,bb2013ead0ea536dc7f887164c385c703cb0014ccf6e5af35b87e6d3049ba380,
04.0033,4,rI\N,sravaRe,स्रवणे,1303,single_gloss,1,sravaRe,One source gloss; no attempt to invent finer senses within it.,,,,[],04.0033,not_flagged_by_exact_citation_check,04.0033,https://raw.githubusercontent.com/ambuda-org/vidyut/f3ba4167d40eebc4b3023d24e66867aa6a8cdb32/vidyut-prakriya/data/dhatupatha.tsv,bb2013ead0ea536dc7f887164c385c703cb0014ccf6e5af35b87e6d3049ba380,
04.0034,4,lI\N,SlezaRe,श्लेषणे,1304,single_gloss,1,SlezaRe,One source gloss; no attempt to invent finer senses within it.,,,,[],04.0034,not_flagged_by_exact_citation_check,04.0034,https://raw.githubusercontent.com/ambuda-org/vidyut/f3ba4167d40eebc4b3023d24e66867aa6a8cdb32/vidyut-prakriya/data/dhatupatha.tsv,bb2013ead0ea536dc7f887164c385c703cb0014ccf6e5af35b87e6d3049ba380,
04.0035,4,vrI\N,vfRotyarTe,वृणोत्यर्थे,1305,single_gloss,1,varaRe,"Resolve the reference to vrnoti as varana, choosing. Do not treat the cross-reference phrase as an additional meaning.",,MR16,,"[{""filename"": ""dhatu-mA783.html"", ""url"": ""https://sanskrit.uohyd.ac.in/scl/dhaatupaatha/files/mA783.html"", ""accessed_utc"": ""2026-09-12T14:07:01.134155+00:00"", ""sha256"": ""cf8bec474af11bca4dd5326048fe991365f572e6b56eb522ec683310d28a7d49"", ""bytes"": 931}]",04.0035,not_flagged_by_exact_citation_check,04.0035,https://raw.githubusercontent.com/ambuda-org/vidyut/f3ba4167d40eebc4b3023d24e66867aa6a8cdb32/vidyut-prakriya/data/dhatupatha.tsv,bb2013ead0ea536dc7f887164c385c703cb0014ccf6e5af35b87e6d3049ba380,
04.0036,4,pI\N,pAne,पाने,1306,single_gloss,1,pAne,One source gloss; no attempt to invent finer senses within it.,,,,[],04.0036,not_flagged_by_exact_citation_check,04.0036,https://raw.githubusercontent.com/ambuda-org/vidyut/f3ba4167d40eebc4b3023d24e66867aa6a8cdb32/vidyut-prakriya/data/dhatupatha.tsv,bb2013ead0ea536dc7f887164c385c703cb0014ccf6e5af35b87e6d3049ba380,
04.0037,4,mA\N,mAne,माने,1307,single_gloss,1,mAne,One source gloss; no attempt to invent finer senses within it.,,,,[],04.0037,open,04.0037,https://raw.githubusercontent.com/ambuda-org/vidyut/f3ba4167d40eebc4b3023d24e66867aa6a8cdb32/vidyut-prakriya/data/dhatupatha.tsv,bb2013ead0ea536dc7f887164c385c703cb0014ccf6e5af35b87e6d3049ba380,IR128
04.0038,4,I\N,gatO,गतौ,1308,single_gloss,1,gatO,One source gloss; no attempt to invent finer senses within it.,,,,[],04.0038,not_flagged_by_exact_citation_check,04.0038,https://raw.githubusercontent.com/ambuda-org/vidyut/f3ba4167d40eebc4b3023d24e66867aa6a8cdb32/vidyut-prakriya/data/dhatupatha.tsv,bb2013ead0ea536dc7f887164c385c703cb0014ccf6e5af35b87e6d3049ba380,
04.0039,4,prI\N,prItO,प्रीतौ,1309,single_gloss,1,prItO,One source gloss; no attempt to invent finer senses within it.,,,,[],04.0039,not_flagged_by_exact_citation_check,04.0039,https://raw.githubusercontent.com/ambuda-org/vidyut/f3ba4167d40eebc4b3023d24e66867aa6a8cdb32/vidyut-prakriya/data/dhatupatha.tsv,bb2013ead0ea536dc7f887164c385c703cb0014ccf6e5af35b87e6d3049ba380,
04.0040,4,So\,tanUkaraRe,तनूकरणे,1310,single_gloss,1,tanUkaraRe,One source gloss; no attempt to invent finer senses within it.,,,,[],04.0040,not_flagged_by_exact_citation_check,04.0040,https://raw.githubusercontent.com/ambuda-org/vidyut/f3ba4167d40eebc4b3023d24e66867aa6a8cdb32/vidyut-prakriya/data/dhatupatha.tsv,bb2013ead0ea536dc7f887164c385c703cb0014ccf6e5af35b87e6d3049ba380,
04.0041,4,Co\,Cedane,छेदने,1311,single_gloss,1,Cedane,One source gloss; no attempt to invent finer senses within it.,,,,[],04.0041,not_flagged_by_exact_citation_check,,https://raw.githubusercontent.com/ambuda-org/vidyut/f3ba4167d40eebc4b3023d24e66867aa6a8cdb32/vidyut-prakriya/data/dhatupatha.tsv,bb2013ead0ea536dc7f887164c385c703cb0014ccf6e5af35b87e6d3049ba380,
04.0042,4,zo\,antakarmaRi,अन्तकर्मणि,1312,single_gloss,1,antakarmaRi,One source gloss; no attempt to invent finer senses within it.,,,,[],04.0042,not_flagged_by_exact_citation_check,04.0042,https://raw.githubusercontent.com/ambuda-org/vidyut/f3ba4167d40eebc4b3023d24e66867aa6a8cdb32/vidyut-prakriya/data/dhatupatha.tsv,bb2013ead0ea536dc7f887164c385c703cb0014ccf6e5af35b87e6d3049ba380,
04.0043,4,do\,avaKaRqane,अवखण्डने,1313,single_gloss,1,avaKaRqane,One source gloss; no attempt to invent finer senses within it.,,,,[],04.0043,not_flagged_by_exact_citation_check,04.0043,https://raw.githubusercontent.com/ambuda-org/vidyut/f3ba4167d40eebc4b3023d24e66867aa6a8cdb32/vidyut-prakriya/data/dhatupatha.tsv,bb2013ead0ea536dc7f887164c385c703cb0014ccf6e5af35b87e6d3049ba380,
04.0044,4,janI~\,prAdurBAve,प्रादुर्भावे,1314,single_gloss,1,prAdurBAve,One source gloss; no attempt to invent finer senses within it.,,,,[],04.0044,not_flagged_by_exact_citation_check,04.0044,https://raw.githubusercontent.com/ambuda-org/vidyut/f3ba4167d40eebc4b3023d24e66867aa6a8cdb32/vidyut-prakriya/data/dhatupatha.tsv,bb2013ead0ea536dc7f887164c385c703cb0014ccf6e5af35b87e6d3049ba380,
04.0045,4,dIpI~\,dIptO,दीप्तौ,1315,single_gloss,1,dIptO,One source gloss; no attempt to invent finer senses within it.,,,,[],04.0045,not_flagged_by_exact_citation_check,04.0045,https://raw.githubusercontent.com/ambuda-org/vidyut/f3ba4167d40eebc4b3023d24e66867aa6a8cdb32/vidyut-prakriya/data/dhatupatha.tsv,bb2013ead0ea536dc7f887164c385c703cb0014ccf6e5af35b87e6d3049ba380,
04.0046,4,pUrI~\,ApyAyane,आप्यायने,1316,single_gloss,1,ApyAyane,One source gloss; no attempt to invent finer senses within it.,,,,[],04.0046,not_flagged_by_exact_citation_check,04.0046,https://raw.githubusercontent.com/ambuda-org/vidyut/f3ba4167d40eebc4b3023d24e66867aa6a8cdb32/vidyut-prakriya/data/dhatupatha.tsv,bb2013ead0ea536dc7f887164c385c703cb0014ccf6e5af35b87e6d3049ba380,
04.0047,4,tUrI~\,gatitvaraRahiMsanayoH,गतित्वरणहिंसनयोः,1317,enumerated_glosses,2,gatitvaraRe; hiMsane,"Two meanings: hastening movement and harming. Gati-tvarana is a single qualified action here, which explains the dual ending.",,MR17,,"[{""filename"": ""dhatu-mA795.html"", ""url"": ""https://sanskrit.uohyd.ac.in/scl/dhaatupaatha/files/mA795.html"", ""accessed_utc"": ""2026-09-12T14:07:01.346042+00:00"", ""sha256"": ""c703db3f603992278a0ad006452b06d7251096446561449fec1da1e962edff40"", ""bytes"": 888}]",04.0047,not_flagged_by_exact_citation_check,04.0047,https://raw.githubusercontent.com/ambuda-org/vidyut/f3ba4167d40eebc4b3023d24e66867aa6a8cdb32/vidyut-prakriya/data/dhatupatha.tsv,bb2013ead0ea536dc7f887164c385c703cb0014ccf6e5af35b87e6d3049ba380,
04.0048,4,DUrI~\,hiMsAgatyoH,हिंसागत्योः,1318,enumerated_glosses,2,hiMsAyAm; gatO,Explicit analyst segmentation; retain the original compound for review.,,,,[],04.0048,not_flagged_by_exact_citation_check,,https://raw.githubusercontent.com/ambuda-org/vidyut/f3ba4167d40eebc4b3023d24e66867aa6a8cdb32/vidyut-prakriya/data/dhatupatha.tsv,bb2013ead0ea536dc7f887164c385c703cb0014ccf6e5af35b87e6d3049ba380,
04.0049,4,gUrI~\,hiMsAgatyoH,हिंसागत्योः,1319,enumerated_glosses,2,hiMsAyAm; gatO,Explicit analyst segmentation; retain the original compound for review.,,,,[],04.0049,not_flagged_by_exact_citation_check,04.0049,https://raw.githubusercontent.com/ambuda-org/vidyut/f3ba4167d40eebc4b3023d24e66867aa6a8cdb32/vidyut-prakriya/data/dhatupatha.tsv,bb2013ead0ea536dc7f887164c385c703cb0014ccf6e5af35b87e6d3049ba380,
04.0050,4,GUrI~\,hiMsAvayohAnyoH,हिंसावयोहान्योः,1320,enumerated_glosses,2,hiMsAyAm; vayohAnO,Explicit analyst segmentation; retain the original compound for review.,,,,[],04.0050,not_flagged_by_exact_citation_check,,https://raw.githubusercontent.com/ambuda-org/vidyut/f3ba4167d40eebc4b3023d24e66867aa6a8cdb32/vidyut-prakriya/data/dhatupatha.tsv,bb2013ead0ea536dc7f887164c385c703cb0014ccf6e5af35b87e6d3049ba380,
04.0051,4,jUrI~\,hiMsAvayohAnyoH,हिंसावयोहान्योः,1321,enumerated_glosses,2,hiMsAyAm; vayohAnO,Explicit analyst segmentation; retain the original compound for review.,,,,[],04.0051,not_flagged_by_exact_citation_check,04.0051,https://raw.githubusercontent.com/ambuda-org/vidyut/f3ba4167d40eebc4b3023d24e66867aa6a8cdb32/vidyut-prakriya/data/dhatupatha.tsv,bb2013ead0ea536dc7f887164c385c703cb0014ccf6e5af35b87e6d3049ba380,
04.0052,4,SUrI~\,hiMsAstamBanayoH,हिंसास्तम्भनयोः,1322,enumerated_glosses,2,hiMsAyAm; stamBane,Explicit analyst segmentation; retain the original compound for review.,,,,[],04.0052,not_flagged_by_exact_citation_check,04.0052,https://raw.githubusercontent.com/ambuda-org/vidyut/f3ba4167d40eebc4b3023d24e66867aa6a8cdb32/vidyut-prakriya/data/dhatupatha.tsv,bb2013ead0ea536dc7f887164c385c703cb0014ccf6e5af35b87e6d3049ba380,
04.0053,4,cUrI~\,dAhe,दाहे,1323,single_gloss,1,dAhe,One source gloss; no attempt to invent finer senses within it.,,,,[],04.0053,not_flagged_by_exact_citation_check,04.0053,https://raw.githubusercontent.com/ambuda-org/vidyut/f3ba4167d40eebc4b3023d24e66867aa6a8cdb32/vidyut-prakriya/data/dhatupatha.tsv,bb2013ead0ea536dc7f887164c385c703cb0014ccf6e5af35b87e6d3049ba380,
04.0054,4,ta\pa~\,ESvarye,ऐश्वर्ये,1324,single_gloss,1,ESvarye,One source gloss; no attempt to invent finer senses within it.,,,,[],04.0054,not_flagged_by_exact_citation_check,04.0054,https://raw.githubusercontent.com/ambuda-org/vidyut/f3ba4167d40eebc4b3023d24e66867aa6a8cdb32/vidyut-prakriya/data/dhatupatha.tsv,bb2013ead0ea536dc7f887164c385c703cb0014ccf6e5af35b87e6d3049ba380,
04.0055,4,vftu~\,varaRe,वरणे,1325,single_gloss,1,varaRe,One source gloss; no attempt to invent finer senses within it.,,,,[],04.0055,retain_distinct_meanings,04.0055,https://raw.githubusercontent.com/ambuda-org/vidyut/f3ba4167d40eebc4b3023d24e66867aa6a8cdb32/vidyut-prakriya/data/dhatupatha.tsv,bb2013ead0ea536dc7f887164c385c703cb0014ccf6e5af35b87e6d3049ba380,IR203
04.0056,4,vAvftu~\,varaRe,वरणे,1326,single_gloss,1,varaRe,One source gloss; no attempt to invent finer senses within it.,,,,[],04.0056,not_flagged_by_exact_citation_check,04.0056,https://raw.githubusercontent.com/ambuda-org/vidyut/f3ba4167d40eebc4b3023d24e66867aa6a8cdb32/vidyut-prakriya/data/dhatupatha.tsv,bb2013ead0ea536dc7f887164c385c703cb0014ccf6e5af35b87e6d3049ba380,
04.0057,4,kliSa~\,upatApe,उपतापे,1327,single_gloss,1,upatApe,One source gloss; no attempt to invent finer senses within it.,,,,[],04.0057,not_flagged_by_exact_citation_check,04.0057,https://raw.githubusercontent.com/ambuda-org/vidyut/f3ba4167d40eebc4b3023d24e66867aa6a8cdb32/vidyut-prakriya/data/dhatupatha.tsv,bb2013ead0ea536dc7f887164c385c703cb0014ccf6e5af35b87e6d3049ba380,
04.0058,4,kASf~\,dIptO,दीप्तौ,1328,single_gloss,1,dIptO,One source gloss; no attempt to invent finer senses within it.,,,,[],04.0058,merge_shared_meanings,04.0058,https://raw.githubusercontent.com/ambuda-org/vidyut/f3ba4167d40eebc4b3023d24e66867aa6a8cdb32/vidyut-prakriya/data/dhatupatha.tsv,bb2013ead0ea536dc7f887164c385c703cb0014ccf6e5af35b87e6d3049ba380,IR90
04.0059,4,vASf~\,Sabde,शब्दे,1329,single_gloss,1,Sabde,One source gloss; no attempt to invent finer senses within it.,,,,[],04.0059,not_flagged_by_exact_citation_check,04.0059,https://raw.githubusercontent.com/ambuda-org/vidyut/f3ba4167d40eebc4b3023d24e66867aa6a8cdb32/vidyut-prakriya/data/dhatupatha.tsv,bb2013ead0ea536dc7f887164c385c703cb0014ccf6e5af35b87e6d3049ba380,
04.0060,4,mfza~^,titikzAyAm,तितिक्षायाम्,1330,single_gloss,1,titikzAyAm,One source gloss; no attempt to invent finer senses within it.,,,,[],04.0060,merge_shared_meanings,04.0060,https://raw.githubusercontent.com/ambuda-org/vidyut/f3ba4167d40eebc4b3023d24e66867aa6a8cdb32/vidyut-prakriya/data/dhatupatha.tsv,bb2013ead0ea536dc7f887164c385c703cb0014ccf6e5af35b87e6d3049ba380,IR136
04.0061,4,I~Suci~^r,pUtIBAve,पूतीभावे,1331,single_gloss,1,pUtIBAve,One source gloss; no attempt to invent finer senses within it.,,,,[],04.0061,not_flagged_by_exact_citation_check,04.0061,https://raw.githubusercontent.com/ambuda-org/vidyut/f3ba4167d40eebc4b3023d24e66867aa6a8cdb32/vidyut-prakriya/data/dhatupatha.tsv,bb2013ead0ea536dc7f887164c385c703cb0014ccf6e5af35b87e6d3049ba380,
04.0062,4,Ra\ha~^,banDane,बन्धने,1332,single_gloss,1,banDane,One source gloss; no attempt to invent finer senses within it.,,,,[],04.0062,not_flagged_by_exact_citation_check,,https://raw.githubusercontent.com/ambuda-org/vidyut/f3ba4167d40eebc4b3023d24e66867aa6a8cdb32/vidyut-prakriya/data/dhatupatha.tsv,bb2013ead0ea536dc7f887164c385c703cb0014ccf6e5af35b87e6d3049ba380,
04.0063,4,ra\nja~^,rAge,रागे,1333,single_gloss,1,rAge,One source gloss; no attempt to invent finer senses within it.,,,,[],04.0063,merge_shared_meanings,,https://raw.githubusercontent.com/ambuda-org/vidyut/f3ba4167d40eebc4b3023d24e66867aa6a8cdb32/vidyut-prakriya/data/dhatupatha.tsv,bb2013ead0ea536dc7f887164c385c703cb0014ccf6e5af35b87e6d3049ba380,IR161
04.0064,4,Sa\pa~^,AkroSe,आक्रोशे,1334,single_gloss,1,AkroSe,One source gloss; no attempt to invent finer senses within it.,,,,[],04.0064,merge_shared_meanings,04.0064,https://raw.githubusercontent.com/ambuda-org/vidyut/f3ba4167d40eebc4b3023d24e66867aa6a8cdb32/vidyut-prakriya/data/dhatupatha.tsv,bb2013ead0ea536dc7f887164c385c703cb0014ccf6e5af35b87e6d3049ba380,IR23
04.0065,4,pa\da~\,gatO,गतौ,1335,single_gloss,1,gatO,One source gloss; no attempt to invent finer senses within it.,,,,[],04.0065,not_flagged_by_exact_citation_check,04.0065,https://raw.githubusercontent.com/ambuda-org/vidyut/f3ba4167d40eebc4b3023d24e66867aa6a8cdb32/vidyut-prakriya/data/dhatupatha.tsv,bb2013ead0ea536dc7f887164c385c703cb0014ccf6e5af35b87e6d3049ba380,
04.0066,4,Ki\da~\,dEnye,दैन्ये,1336,single_gloss,1,dEnye,One source gloss; no attempt to invent finer senses within it.,,,,[],04.0066,merge_shared_meanings,04.0066,https://raw.githubusercontent.com/ambuda-org/vidyut/f3ba4167d40eebc4b3023d24e66867aa6a8cdb32/vidyut-prakriya/data/dhatupatha.tsv,bb2013ead0ea536dc7f887164c385c703cb0014ccf6e5af35b87e6d3049ba380,IR15
04.0067,4,vi\da~\,sattAyAm,सत्तायाम्,1337,single_gloss,1,sattAyAm,One source gloss; no attempt to invent finer senses within it.,,,,[],04.0067,retain_distinct_meanings,04.0067,https://raw.githubusercontent.com/ambuda-org/vidyut/f3ba4167d40eebc4b3023d24e66867aa6a8cdb32/vidyut-prakriya/data/dhatupatha.tsv,bb2013ead0ea536dc7f887164c385c703cb0014ccf6e5af35b87e6d3049ba380,IR205
04.0068,4,bu\Da~\,avagamane,अवगमने,1338,single_gloss,1,avagamane,One source gloss; no attempt to invent finer senses within it.,,,,[],04.0068,not_flagged_by_exact_citation_check,04.0068,https://raw.githubusercontent.com/ambuda-org/vidyut/f3ba4167d40eebc4b3023d24e66867aa6a8cdb32/vidyut-prakriya/data/dhatupatha.tsv,bb2013ead0ea536dc7f887164c385c703cb0014ccf6e5af35b87e6d3049ba380,
04.0069,4,yu\Da~\,samprahAre,सम्प्रहारे,1339,single_gloss,1,samprahAre,One source gloss; no attempt to invent finer senses within it.,,,,[],04.0069,not_flagged_by_exact_citation_check,04.0069,https://raw.githubusercontent.com/ambuda-org/vidyut/f3ba4167d40eebc4b3023d24e66867aa6a8cdb32/vidyut-prakriya/data/dhatupatha.tsv,bb2013ead0ea536dc7f887164c385c703cb0014ccf6e5af35b87e6d3049ba380,
04.0070,4,ru\Da~\,kAme,कामे,1340,single_gloss,1,kAme,One source gloss; no attempt to invent finer senses within it.,,,,[],04.0070,not_flagged_by_exact_citation_check,,https://raw.githubusercontent.com/ambuda-org/vidyut/f3ba4167d40eebc4b3023d24e66867aa6a8cdb32/vidyut-prakriya/data/dhatupatha.tsv,bb2013ead0ea536dc7f887164c385c703cb0014ccf6e5af35b87e6d3049ba380,
04.0071,4,aRa~\,prARane,प्राणने,1341,single_gloss,1,prARane,One source gloss; no attempt to invent finer senses within it.,,,,[],04.0071,not_flagged_by_exact_citation_check,04.0071,https://raw.githubusercontent.com/ambuda-org/vidyut/f3ba4167d40eebc4b3023d24e66867aa6a8cdb32/vidyut-prakriya/data/dhatupatha.tsv,bb2013ead0ea536dc7f887164c385c703cb0014ccf6e5af35b87e6d3049ba380,
04.0072,4,ana~\,prARane,प्राणने,1342,single_gloss,1,prARane,One source gloss; no attempt to invent finer senses within it.,,,,[],04.0072,not_flagged_by_exact_citation_check,04.0072,https://raw.githubusercontent.com/ambuda-org/vidyut/f3ba4167d40eebc4b3023d24e66867aa6a8cdb32/vidyut-prakriya/data/dhatupatha.tsv,bb2013ead0ea536dc7f887164c385c703cb0014ccf6e5af35b87e6d3049ba380,
04.0073,4,ma\na~\,jYAne,ज्ञाने,1343,single_gloss,1,jYAne,One source gloss; no attempt to invent finer senses within it.,,,,[],04.0073,not_flagged_by_exact_citation_check,04.0073,https://raw.githubusercontent.com/ambuda-org/vidyut/f3ba4167d40eebc4b3023d24e66867aa6a8cdb32/vidyut-prakriya/data/dhatupatha.tsv,bb2013ead0ea536dc7f887164c385c703cb0014ccf6e5af35b87e6d3049ba380,
04.0074,4,yu\ja~\,samADO,समाधौ,1344,single_gloss,1,samADO,One source gloss; no attempt to invent finer senses within it.,,,,[],04.0074,not_flagged_by_exact_citation_check,04.0074,https://raw.githubusercontent.com/ambuda-org/vidyut/f3ba4167d40eebc4b3023d24e66867aa6a8cdb32/vidyut-prakriya/data/dhatupatha.tsv,bb2013ead0ea536dc7f887164c385c703cb0014ccf6e5af35b87e6d3049ba380,
04.0075,4,sf\ja~\,visarge,विसर्गे,1345,single_gloss,1,visarge,One source gloss; no attempt to invent finer senses within it.,,,,[],04.0075,not_flagged_by_exact_citation_check,04.0075,https://raw.githubusercontent.com/ambuda-org/vidyut/f3ba4167d40eebc4b3023d24e66867aa6a8cdb32/vidyut-prakriya/data/dhatupatha.tsv,bb2013ead0ea536dc7f887164c385c703cb0014ccf6e5af35b87e6d3049ba380,
04.0076,4,li\Sa~\,alpIBAve,अल्पीभावे,1346,single_gloss,1,alpIBAve,One source gloss; no attempt to invent finer senses within it.,,,,[],04.0076,not_flagged_by_exact_citation_check,04.0076,https://raw.githubusercontent.com/ambuda-org/vidyut/f3ba4167d40eebc4b3023d24e66867aa6a8cdb32/vidyut-prakriya/data/dhatupatha.tsv,bb2013ead0ea536dc7f887164c385c703cb0014ccf6e5af35b87e6d3049ba380,
04.0077,4,rA\Da~,vfdDisidDidrohadEvaparyAlocanAdizu ca,वृद्धिसिद्धिद्रोहदैवपर्यालोचनादिषु च,1347,partial_enumeration,3,vfdDO; sidDO; dEvaparyAlocane,"Admit growth, accomplishment, and consideration of someone's fortune. Madhaviya explicitly discusses the latter two beyond the heading's growth meaning. Its droha example uses apa-radh and vi-radh, so that meaning is reserved for the prefix stage rather than counted as another bare-base meaning.",The pinned gloss ends in adi and does not enumerate the rest. Further meanings are not assigned a number. Retain the disagreement with Kshiratarangini about the fourth-class use beyond growth for the eligibility stage.,MR28,Droha is evidenced through apa-/vi-prefixed uses here. Madhaviya and Kshiratarangini differ on class restrictions; a union of documented meanings is not unrestricted permission to generate every class form.,"[{""filename"": ""dhatu-mA821.html"", ""url"": ""https://sanskrit.uohyd.ac.in/scl/dhaatupaatha/files/mA821.html"", ""accessed_utc"": ""2026-09-12T15:12:37.557856+00:00"", ""sha256"": ""412eb9ce03cb143cb69cb2a91d109afce35c38792c656531242c8370bb545ea7"", ""bytes"": 3065}, {""filename"": ""dhatu-kRi840.html"", ""url"": ""https://sanskrit.uohyd.ac.in/scl/dhaatupaatha/files/kRi840.html"", ""accessed_utc"": ""2026-09-12T15:12:37.813375+00:00"", ""sha256"": ""632cfaf38038a5070cfa0d5d7a0a7bed3f02fa7cf6a22a64386cbc775846d9df"", ""bytes"": 1052}]",04.0077,merge_shared_meanings,,https://raw.githubusercontent.com/ambuda-org/vidyut/f3ba4167d40eebc4b3023d24e66867aa6a8cdb32/vidyut-prakriya/data/dhatupatha.tsv,bb2013ead0ea536dc7f887164c385c703cb0014ccf6e5af35b87e6d3049ba380,IR159
04.0078,4,vya\Da~,tAqane,ताडने,1348,single_gloss,1,tAqane,One source gloss; no attempt to invent finer senses within it.,,,,[],04.0078,not_flagged_by_exact_citation_check,04.0078,https://raw.githubusercontent.com/ambuda-org/vidyut/f3ba4167d40eebc4b3023d24e66867aa6a8cdb32/vidyut-prakriya/data/dhatupatha.tsv,bb2013ead0ea536dc7f887164c385c703cb0014ccf6e5af35b87e6d3049ba380,
04.0079,4,pu\za~,puzwO,पुष्टौ,1349,single_gloss,1,puzwO,One source gloss; no attempt to invent finer senses within it.,,,,[],04.0079,not_flagged_by_exact_citation_check,04.0079,https://raw.githubusercontent.com/ambuda-org/vidyut/f3ba4167d40eebc4b3023d24e66867aa6a8cdb32/vidyut-prakriya/data/dhatupatha.tsv,bb2013ead0ea536dc7f887164c385c703cb0014ccf6e5af35b87e6d3049ba380,
04.0080,4,Su\za~,SozaRe,शोषणे,1350,single_gloss,1,SozaRe,One source gloss; no attempt to invent finer senses within it.,,,,[],04.0080,not_flagged_by_exact_citation_check,04.0080,https://raw.githubusercontent.com/ambuda-org/vidyut/f3ba4167d40eebc4b3023d24e66867aa6a8cdb32/vidyut-prakriya/data/dhatupatha.tsv,bb2013ead0ea536dc7f887164c385c703cb0014ccf6e5af35b87e6d3049ba380,
04.0081,4,tu\za~,prItO,प्रीतौ,1351,single_gloss,1,prItO,One source gloss; no attempt to invent finer senses within it.,,,,[],04.0081,not_flagged_by_exact_citation_check,04.0081,https://raw.githubusercontent.com/ambuda-org/vidyut/f3ba4167d40eebc4b3023d24e66867aa6a8cdb32/vidyut-prakriya/data/dhatupatha.tsv,bb2013ead0ea536dc7f887164c385c703cb0014ccf6e5af35b87e6d3049ba380,
04.0082,4,du\za~,vEkftye,वैकृत्ये,1352,single_gloss,1,vEkftye,One source gloss; no attempt to invent finer senses within it.,,,,[],04.0082,not_flagged_by_exact_citation_check,04.0082,https://raw.githubusercontent.com/ambuda-org/vidyut/f3ba4167d40eebc4b3023d24e66867aa6a8cdb32/vidyut-prakriya/data/dhatupatha.tsv,bb2013ead0ea536dc7f887164c385c703cb0014ccf6e5af35b87e6d3049ba380,
04.0083,4,Sli\za~,AliNgane,आलिङ्गने,1353,single_gloss,1,AliNgane,One source gloss; no attempt to invent finer senses within it.,,,,[],04.0083,not_flagged_by_exact_citation_check,04.0083,https://raw.githubusercontent.com/ambuda-org/vidyut/f3ba4167d40eebc4b3023d24e66867aa6a8cdb32/vidyut-prakriya/data/dhatupatha.tsv,bb2013ead0ea536dc7f887164c385c703cb0014ccf6e5af35b87e6d3049ba380,
04.0084,4,Sa\ka~^,marzaRe,मर्षणे,1354,single_gloss,1,marzaRe,One source gloss; no attempt to invent finer senses within it.,,,,[],04.0084,not_flagged_by_exact_citation_check,04.0084,https://raw.githubusercontent.com/ambuda-org/vidyut/f3ba4167d40eebc4b3023d24e66867aa6a8cdb32/vidyut-prakriya/data/dhatupatha.tsv,bb2013ead0ea536dc7f887164c385c703cb0014ccf6e5af35b87e6d3049ba380,
04.0085,4,zvi\dA~,gAtraprakzaraRe,गात्रप्रक्षरणे,1355,single_gloss,1,gAtraprakzaraRe,One source gloss; no attempt to invent finer senses within it.,,,,[],04.0085,not_flagged_by_exact_citation_check,04.0085,https://raw.githubusercontent.com/ambuda-org/vidyut/f3ba4167d40eebc4b3023d24e66867aa6a8cdb32/vidyut-prakriya/data/dhatupatha.tsv,bb2013ead0ea536dc7f887164c385c703cb0014ccf6e5af35b87e6d3049ba380,
04.0086,4,kru\Da~,kroDe,क्रोधे,1356,single_gloss,1,kroDe,One source gloss; no attempt to invent finer senses within it.,,,,[],04.0086,not_flagged_by_exact_citation_check,04.0086,https://raw.githubusercontent.com/ambuda-org/vidyut/f3ba4167d40eebc4b3023d24e66867aa6a8cdb32/vidyut-prakriya/data/dhatupatha.tsv,bb2013ead0ea536dc7f887164c385c703cb0014ccf6e5af35b87e6d3049ba380,
04.0087,4,kzu\Da~,buBukzAyAm,बुभुक्षायाम्,1357,single_gloss,1,buBukzAyAm,One source gloss; no attempt to invent finer senses within it.,,,,[],04.0087,not_flagged_by_exact_citation_check,04.0087,https://raw.githubusercontent.com/ambuda-org/vidyut/f3ba4167d40eebc4b3023d24e66867aa6a8cdb32/vidyut-prakriya/data/dhatupatha.tsv,bb2013ead0ea536dc7f887164c385c703cb0014ccf6e5af35b87e6d3049ba380,
04.0088,4,Su\Da~,SOce,शौचे,1358,single_gloss,1,SOce,One source gloss; no attempt to invent finer senses within it.,,,,[],04.0088,not_flagged_by_exact_citation_check,04.0088,https://raw.githubusercontent.com/ambuda-org/vidyut/f3ba4167d40eebc4b3023d24e66867aa6a8cdb32/vidyut-prakriya/data/dhatupatha.tsv,bb2013ead0ea536dc7f887164c385c703cb0014ccf6e5af35b87e6d3049ba380,
04.0089,4,zi\Du~,saMrAdDO,संराद्धौ,1359,single_gloss,1,saMrAdDO,One source gloss; no attempt to invent finer senses within it.,,,,[],04.0089,not_flagged_by_exact_citation_check,04.0089,https://raw.githubusercontent.com/ambuda-org/vidyut/f3ba4167d40eebc4b3023d24e66867aa6a8cdb32/vidyut-prakriya/data/dhatupatha.tsv,bb2013ead0ea536dc7f887164c385c703cb0014ccf6e5af35b87e6d3049ba380,
04.0090,4,ra\Da~,hiMsAsaMrAdDyoH,हिंसासंराद्ध्योः,1360,enumerated_glosses,2,hiMsAyAm; saMrAdDO,Explicit analyst segmentation; retain the original compound for review.,,,,[],04.0090,not_flagged_by_exact_citation_check,04.0090,https://raw.githubusercontent.com/ambuda-org/vidyut/f3ba4167d40eebc4b3023d24e66867aa6a8cdb32/vidyut-prakriya/data/dhatupatha.tsv,bb2013ead0ea536dc7f887164c385c703cb0014ccf6e5af35b87e6d3049ba380,
04.0091,4,Ra\Sa~,adarSane,अदर्शने,1361,single_gloss,1,adarSane,One source gloss; no attempt to invent finer senses within it.,,,,[],04.0091,not_flagged_by_exact_citation_check,04.0091,https://raw.githubusercontent.com/ambuda-org/vidyut/f3ba4167d40eebc4b3023d24e66867aa6a8cdb32/vidyut-prakriya/data/dhatupatha.tsv,bb2013ead0ea536dc7f887164c385c703cb0014ccf6e5af35b87e6d3049ba380,
04.0092,4,tf\pa~,prIRane,प्रीणने,1362,single_gloss,1,prIRane,One source gloss; no attempt to invent finer senses within it.,,,,[],04.0092,not_flagged_by_exact_citation_check,04.0092,https://raw.githubusercontent.com/ambuda-org/vidyut/f3ba4167d40eebc4b3023d24e66867aa6a8cdb32/vidyut-prakriya/data/dhatupatha.tsv,bb2013ead0ea536dc7f887164c385c703cb0014ccf6e5af35b87e6d3049ba380,
04.0093,4,df\pa~,harzamohanayoH,हर्षमोहनयोः,1363,enumerated_glosses,2,harze; mohane,Explicit analyst segmentation; retain the original compound for review.,,,,[],04.0093,not_flagged_by_exact_citation_check,04.0093,https://raw.githubusercontent.com/ambuda-org/vidyut/f3ba4167d40eebc4b3023d24e66867aa6a8cdb32/vidyut-prakriya/data/dhatupatha.tsv,bb2013ead0ea536dc7f887164c385c703cb0014ccf6e5af35b87e6d3049ba380,
04.0094,4,dru\ha~,jiGAMsAyAm,जिघांसायाम्,1364,single_gloss,1,jiGAMsAyAm,One source gloss; no attempt to invent finer senses within it.,,,,[],04.0094,not_flagged_by_exact_citation_check,,https://raw.githubusercontent.com/ambuda-org/vidyut/f3ba4167d40eebc4b3023d24e66867aa6a8cdb32/vidyut-prakriya/data/dhatupatha.tsv,bb2013ead0ea536dc7f887164c385c703cb0014ccf6e5af35b87e6d3049ba380,
04.0095,4,mu\ha~,vEcittye,वैचित्त्ये,1365,single_gloss,1,vEcittye,One source gloss; no attempt to invent finer senses within it.,,,,[],04.0095,not_flagged_by_exact_citation_check,,https://raw.githubusercontent.com/ambuda-org/vidyut/f3ba4167d40eebc4b3023d24e66867aa6a8cdb32/vidyut-prakriya/data/dhatupatha.tsv,bb2013ead0ea536dc7f887164c385c703cb0014ccf6e5af35b87e6d3049ba380,
04.0096,4,zRu\ha~,udgiraRe,उद्गिरणे,1366,single_gloss,1,udgiraRe,One source gloss; no attempt to invent finer senses within it.,,,,[],04.0096,not_flagged_by_exact_citation_check,,https://raw.githubusercontent.com/ambuda-org/vidyut/f3ba4167d40eebc4b3023d24e66867aa6a8cdb32/vidyut-prakriya/data/dhatupatha.tsv,bb2013ead0ea536dc7f887164c385c703cb0014ccf6e5af35b87e6d3049ba380,
04.0097,4,zRi\ha~,prItO,प्रीतौ,1367,single_gloss,1,prItO,One source gloss; no attempt to invent finer senses within it.,,,,[],04.0097,not_flagged_by_exact_citation_check,,https://raw.githubusercontent.com/ambuda-org/vidyut/f3ba4167d40eebc4b3023d24e66867aa6a8cdb32/vidyut-prakriya/data/dhatupatha.tsv,bb2013ead0ea536dc7f887164c385c703cb0014ccf6e5af35b87e6d3049ba380,
04.0098,4,Samu~,upaSame,उपशमे,1368,single_gloss,1,upaSame,One source gloss; no attempt to invent finer senses within it.,,,,[],04.0098,not_flagged_by_exact_citation_check,04.0098,https://raw.githubusercontent.com/ambuda-org/vidyut/f3ba4167d40eebc4b3023d24e66867aa6a8cdb32/vidyut-prakriya/data/dhatupatha.tsv,bb2013ead0ea536dc7f887164c385c703cb0014ccf6e5af35b87e6d3049ba380,
04.0099,4,tamu~,kANkzAyAm,काङ्क्षायाम्,1369,single_gloss,1,kANkzAyAm,One source gloss; no attempt to invent finer senses within it.,,,,[],04.0099,not_flagged_by_exact_citation_check,04.0099,https://raw.githubusercontent.com/ambuda-org/vidyut/f3ba4167d40eebc4b3023d24e66867aa6a8cdb32/vidyut-prakriya/data/dhatupatha.tsv,bb2013ead0ea536dc7f887164c385c703cb0014ccf6e5af35b87e6d3049ba380,
04.0100,4,damu~,upaSame,उपशमे,1370,single_gloss,1,upaSame,One source gloss; no attempt to invent finer senses within it.,,,,[],04.0100,not_flagged_by_exact_citation_check,04.0100,https://raw.githubusercontent.com/ambuda-org/vidyut/f3ba4167d40eebc4b3023d24e66867aa6a8cdb32/vidyut-prakriya/data/dhatupatha.tsv,bb2013ead0ea536dc7f887164c385c703cb0014ccf6e5af35b87e6d3049ba380,
04.0101,4,Sramu~,tapasi Kede ca,तपसि खेदे च,1371,enumerated_glosses,2,tapasi; Kede,Visible enumeration; semantic overlap still belongs to lexical review.,,,,[],04.0101,not_flagged_by_exact_citation_check,04.0101,https://raw.githubusercontent.com/ambuda-org/vidyut/f3ba4167d40eebc4b3023d24e66867aa6a8cdb32/vidyut-prakriya/data/dhatupatha.tsv,bb2013ead0ea536dc7f887164c385c703cb0014ccf6e5af35b87e6d3049ba380,
04.0102,4,Bramu~,anavasTAne,अनवस्थाने,1372,single_gloss,1,anavasTAne,One source gloss; no attempt to invent finer senses within it.,,,,[],04.0102,open,04.0102,https://raw.githubusercontent.com/ambuda-org/vidyut/f3ba4167d40eebc4b3023d24e66867aa6a8cdb32/vidyut-prakriya/data/dhatupatha.tsv,bb2013ead0ea536dc7f887164c385c703cb0014ccf6e5af35b87e6d3049ba380,IR04
04.0103,4,kzamU~,sahane,सहने,1373,single_gloss,1,sahane,One source gloss; no attempt to invent finer senses within it.,,,,[],04.0103,not_flagged_by_exact_citation_check,04.0103,https://raw.githubusercontent.com/ambuda-org/vidyut/f3ba4167d40eebc4b3023d24e66867aa6a8cdb32/vidyut-prakriya/data/dhatupatha.tsv,bb2013ead0ea536dc7f887164c385c703cb0014ccf6e5af35b87e6d3049ba380,
04.0104,4,klamu~,glAnO,ग्लानौ,1374,single_gloss,1,glAnO,One source gloss; no attempt to invent finer senses within it.,,,,[],04.0104,not_flagged_by_exact_citation_check,04.0104,https://raw.githubusercontent.com/ambuda-org/vidyut/f3ba4167d40eebc4b3023d24e66867aa6a8cdb32/vidyut-prakriya/data/dhatupatha.tsv,bb2013ead0ea536dc7f887164c385c703cb0014ccf6e5af35b87e6d3049ba380,
04.0105,4,madI~,harze glepane ca,हर्षे ग्लेपने च,1375,enumerated_glosses,2,harze; glepane,Visible enumeration; semantic overlap still belongs to lexical review.,,,,[],04.0105,merge_shared_meanings,04.0105,https://raw.githubusercontent.com/ambuda-org/vidyut/f3ba4167d40eebc4b3023d24e66867aa6a8cdb32/vidyut-prakriya/data/dhatupatha.tsv,bb2013ead0ea536dc7f887164c385c703cb0014ccf6e5af35b87e6d3049ba380,IR131
04.0106,4,asu~,kzepaRe,क्षेपणे,1376,single_gloss,1,kzepaRe,One source gloss; no attempt to invent finer senses within it.,,,,[],04.0106,not_flagged_by_exact_citation_check,04.0106,https://raw.githubusercontent.com/ambuda-org/vidyut/f3ba4167d40eebc4b3023d24e66867aa6a8cdb32/vidyut-prakriya/data/dhatupatha.tsv,bb2013ead0ea536dc7f887164c385c703cb0014ccf6e5af35b87e6d3049ba380,
04.0107,4,yasu~,prayatne,प्रयत्ने,1377,single_gloss,1,prayatne,One source gloss; no attempt to invent finer senses within it.,,,,[],04.0107,not_flagged_by_exact_citation_check,04.0107,https://raw.githubusercontent.com/ambuda-org/vidyut/f3ba4167d40eebc4b3023d24e66867aa6a8cdb32/vidyut-prakriya/data/dhatupatha.tsv,bb2013ead0ea536dc7f887164c385c703cb0014ccf6e5af35b87e6d3049ba380,
04.0108,4,jasu~,mokzaRe,मोक्षणे,1378,single_gloss,1,mokzaRe,One source gloss; no attempt to invent finer senses within it.,,,,[],04.0108,retain_distinct_meanings,04.0108,https://raw.githubusercontent.com/ambuda-org/vidyut/f3ba4167d40eebc4b3023d24e66867aa6a8cdb32/vidyut-prakriya/data/dhatupatha.tsv,bb2013ead0ea536dc7f887164c385c703cb0014ccf6e5af35b87e6d3049ba380,IR86
04.0109,4,tasu~,upakzaye,उपक्षये,1379,single_gloss,1,upakzaye,One source gloss; no attempt to invent finer senses within it.,,,,[],04.0109,not_flagged_by_exact_citation_check,04.0109,https://raw.githubusercontent.com/ambuda-org/vidyut/f3ba4167d40eebc4b3023d24e66867aa6a8cdb32/vidyut-prakriya/data/dhatupatha.tsv,bb2013ead0ea536dc7f887164c385c703cb0014ccf6e5af35b87e6d3049ba380,
04.0110,4,dasu~,upakzaye,उपक्षये,1380,single_gloss,1,upakzaye,One source gloss; no attempt to invent finer senses within it.,,,,[],04.0110,not_flagged_by_exact_citation_check,04.0110,https://raw.githubusercontent.com/ambuda-org/vidyut/f3ba4167d40eebc4b3023d24e66867aa6a8cdb32/vidyut-prakriya/data/dhatupatha.tsv,bb2013ead0ea536dc7f887164c385c703cb0014ccf6e5af35b87e6d3049ba380,
04.0111,4,vasu~,stamBe,स्तम्भे,1381,single_gloss,1,stamBe,One source gloss; no attempt to invent finer senses within it.,,,,[],04.0111,not_flagged_by_exact_citation_check,04.0111,https://raw.githubusercontent.com/ambuda-org/vidyut/f3ba4167d40eebc4b3023d24e66867aa6a8cdb32/vidyut-prakriya/data/dhatupatha.tsv,bb2013ead0ea536dc7f887164c385c703cb0014ccf6e5af35b87e6d3049ba380,
04.0112,4,basu~,stamBe,स्तम्भे,1382,single_gloss,1,stamBe,One source gloss; no attempt to invent finer senses within it.,,,,[],04.0112,not_flagged_by_exact_citation_check,04.0112,https://raw.githubusercontent.com/ambuda-org/vidyut/f3ba4167d40eebc4b3023d24e66867aa6a8cdb32/vidyut-prakriya/data/dhatupatha.tsv,bb2013ead0ea536dc7f887164c385c703cb0014ccf6e5af35b87e6d3049ba380,
04.0113,4,yusa~,viBAge,विभागे,1383,single_gloss,1,viBAge,One source gloss; no attempt to invent finer senses within it.,,,,[],04.0113,not_flagged_by_exact_citation_check,,https://raw.githubusercontent.com/ambuda-org/vidyut/f3ba4167d40eebc4b3023d24e66867aa6a8cdb32/vidyut-prakriya/data/dhatupatha.tsv,bb2013ead0ea536dc7f887164c385c703cb0014ccf6e5af35b87e6d3049ba380,
04.0114,4,vyuza~,viBAge,विभागे,1384,single_gloss,1,viBAge,One source gloss; no attempt to invent finer senses within it.,,,,[],04.0114,retain_distinct_meanings,04.0114,https://raw.githubusercontent.com/ambuda-org/vidyut/f3ba4167d40eebc4b3023d24e66867aa6a8cdb32/vidyut-prakriya/data/dhatupatha.tsv,bb2013ead0ea536dc7f887164c385c703cb0014ccf6e5af35b87e6d3049ba380,IR209
04.0115,4,vyusa~,viBAge,विभागे,1385,single_gloss,1,viBAge,One source gloss; no attempt to invent finer senses within it.,,,,[],04.0115,not_flagged_by_exact_citation_check,04.0115,https://raw.githubusercontent.com/ambuda-org/vidyut/f3ba4167d40eebc4b3023d24e66867aa6a8cdb32/vidyut-prakriya/data/dhatupatha.tsv,bb2013ead0ea536dc7f887164c385c703cb0014ccf6e5af35b87e6d3049ba380,
04.0116,4,byusa~,viBAge,विभागे,1386,single_gloss,1,viBAge,One source gloss; no attempt to invent finer senses within it.,,,,[],04.0116,not_flagged_by_exact_citation_check,04.0116,https://raw.githubusercontent.com/ambuda-org/vidyut/f3ba4167d40eebc4b3023d24e66867aa6a8cdb32/vidyut-prakriya/data/dhatupatha.tsv,bb2013ead0ea536dc7f887164c385c703cb0014ccf6e5af35b87e6d3049ba380,
04.0117,4,busa~,viBAge,विभागे,1387,single_gloss,1,viBAge,One source gloss; no attempt to invent finer senses within it.,,,,[],04.0117,retain_distinct_meanings,04.0117,https://raw.githubusercontent.com/ambuda-org/vidyut/f3ba4167d40eebc4b3023d24e66867aa6a8cdb32/vidyut-prakriya/data/dhatupatha.tsv,bb2013ead0ea536dc7f887164c385c703cb0014ccf6e5af35b87e6d3049ba380,IR44
04.0118,4,vusa~,viBAge,विभागे,1388,single_gloss,1,viBAge,One source gloss; no attempt to invent finer senses within it.,,,,[],04.0118,not_flagged_by_exact_citation_check,04.0118,https://raw.githubusercontent.com/ambuda-org/vidyut/f3ba4167d40eebc4b3023d24e66867aa6a8cdb32/vidyut-prakriya/data/dhatupatha.tsv,bb2013ead0ea536dc7f887164c385c703cb0014ccf6e5af35b87e6d3049ba380,
04.0119,4,pyuza~,viBAge,विभागे,1389,single_gloss,1,viBAge,One source gloss; no attempt to invent finer senses within it.,,,,[],04.0119,not_flagged_by_exact_citation_check,,https://raw.githubusercontent.com/ambuda-org/vidyut/f3ba4167d40eebc4b3023d24e66867aa6a8cdb32/vidyut-prakriya/data/dhatupatha.tsv,bb2013ead0ea536dc7f887164c385c703cb0014ccf6e5af35b87e6d3049ba380,
04.0120,4,pyusa~,viBAge,विभागे,1390,single_gloss,1,viBAge,One source gloss; no attempt to invent finer senses within it.,,,,[],04.0120,not_flagged_by_exact_citation_check,,https://raw.githubusercontent.com/ambuda-org/vidyut/f3ba4167d40eebc4b3023d24e66867aa6a8cdb32/vidyut-prakriya/data/dhatupatha.tsv,bb2013ead0ea536dc7f887164c385c703cb0014ccf6e5af35b87e6d3049ba380,
04.0121,4,puza~,viBAge,विभागे,1391,single_gloss,1,viBAge,One source gloss; no attempt to invent finer senses within it.,,,,[],04.0121,merge_shared_meanings,,https://raw.githubusercontent.com/ambuda-org/vidyut/f3ba4167d40eebc4b3023d24e66867aa6a8cdb32/vidyut-prakriya/data/dhatupatha.tsv,bb2013ead0ea536dc7f887164c385c703cb0014ccf6e5af35b87e6d3049ba380,IR156
04.0122,4,pluza~,dAhe,दाहे,1392,single_gloss,1,dAhe,One source gloss; no attempt to invent finer senses within it.,,,,[],04.0122,merge_shared_meanings,04.0122,https://raw.githubusercontent.com/ambuda-org/vidyut/f3ba4167d40eebc4b3023d24e66867aa6a8cdb32/vidyut-prakriya/data/dhatupatha.tsv,bb2013ead0ea536dc7f887164c385c703cb0014ccf6e5af35b87e6d3049ba380,IR150
04.0123,4,visa~,preraRe,प्रेरणे,1393,single_gloss,1,preraRe,One source gloss; no attempt to invent finer senses within it.,,,,[],04.0123,not_flagged_by_exact_citation_check,04.0123,https://raw.githubusercontent.com/ambuda-org/vidyut/f3ba4167d40eebc4b3023d24e66867aa6a8cdb32/vidyut-prakriya/data/dhatupatha.tsv,bb2013ead0ea536dc7f887164c385c703cb0014ccf6e5af35b87e6d3049ba380,
04.0124,4,bisa~,preraRe,प्रेरणे,1394,single_gloss,1,preraRe,One source gloss; no attempt to invent finer senses within it.,,,,[],04.0124,not_flagged_by_exact_citation_check,,https://raw.githubusercontent.com/ambuda-org/vidyut/f3ba4167d40eebc4b3023d24e66867aa6a8cdb32/vidyut-prakriya/data/dhatupatha.tsv,bb2013ead0ea536dc7f887164c385c703cb0014ccf6e5af35b87e6d3049ba380,
04.0125,4,kusa~,saMSlezaRe,संश्लेषणे,1395,single_gloss,1,saMSlezaRe,One source gloss; no attempt to invent finer senses within it.,,,,[],04.0125,not_flagged_by_exact_citation_check,04.0125,https://raw.githubusercontent.com/ambuda-org/vidyut/f3ba4167d40eebc4b3023d24e66867aa6a8cdb32/vidyut-prakriya/data/dhatupatha.tsv,bb2013ead0ea536dc7f887164c385c703cb0014ccf6e5af35b87e6d3049ba380,
04.0126,4,kuSa~,saMSlezaRe,संश्लेषणे,1396,single_gloss,1,saMSlezaRe,One source gloss; no attempt to invent finer senses within it.,,,,[],04.0126,not_flagged_by_exact_citation_check,,https://raw.githubusercontent.com/ambuda-org/vidyut/f3ba4167d40eebc4b3023d24e66867aa6a8cdb32/vidyut-prakriya/data/dhatupatha.tsv,bb2013ead0ea536dc7f887164c385c703cb0014ccf6e5af35b87e6d3049ba380,
04.0127,4,YizvidA~,gAtraprakzaraRe,गात्रप्रक्षरणे,1397,single_gloss,1,gAtraprakzaraRe,One source gloss; no attempt to invent finer senses within it.,,,,[],04.0127,open,,https://raw.githubusercontent.com/ambuda-org/vidyut/f3ba4167d40eebc4b3023d24e66867aa6a8cdb32/vidyut-prakriya/data/dhatupatha.tsv,bb2013ead0ea536dc7f887164c385c703cb0014ccf6e5af35b87e6d3049ba380,IR33
04.0128,4,kzamU~z,sahane,सहने,1398,single_gloss,1,sahane,One source gloss; no attempt to invent finer senses within it.,,,,[],04.0128,not_flagged_by_exact_citation_check,,https://raw.githubusercontent.com/ambuda-org/vidyut/f3ba4167d40eebc4b3023d24e66867aa6a8cdb32/vidyut-prakriya/data/dhatupatha.tsv,bb2013ead0ea536dc7f887164c385c703cb0014ccf6e5af35b87e6d3049ba380,
04.0129,4,busa~,utsarge,उत्सर्गे,1399,single_gloss,1,utsarge,One source gloss; no attempt to invent finer senses within it.,,,,[],04.0129,retain_distinct_meanings,04.0129,https://raw.githubusercontent.com/ambuda-org/vidyut/f3ba4167d40eebc4b3023d24e66867aa6a8cdb32/vidyut-prakriya/data/dhatupatha.tsv,bb2013ead0ea536dc7f887164c385c703cb0014ccf6e5af35b87e6d3049ba380,IR44
04.0130,4,musa~,KaRqane,खण्डने,1400,single_gloss,1,KaRqane,One source gloss; no attempt to invent finer senses within it.,,,,[],04.0130,not_flagged_by_exact_citation_check,04.0130,https://raw.githubusercontent.com/ambuda-org/vidyut/f3ba4167d40eebc4b3023d24e66867aa6a8cdb32/vidyut-prakriya/data/dhatupatha.tsv,bb2013ead0ea536dc7f887164c385c703cb0014ccf6e5af35b87e6d3049ba380,
04.0131,4,masI~,pariRAme,परिणामे,1401,single_gloss,1,pariRAme,One source gloss; no attempt to invent finer senses within it.,,,,[],04.0131,not_flagged_by_exact_citation_check,04.0131,https://raw.githubusercontent.com/ambuda-org/vidyut/f3ba4167d40eebc4b3023d24e66867aa6a8cdb32/vidyut-prakriya/data/dhatupatha.tsv,bb2013ead0ea536dc7f887164c385c703cb0014ccf6e5af35b87e6d3049ba380,
04.0132,4,samI~,pariRAme,परिणामे,1402,single_gloss,1,pariRAme,One source gloss; no attempt to invent finer senses within it.,,,,[],04.0132,not_flagged_by_exact_citation_check,04.0132,https://raw.githubusercontent.com/ambuda-org/vidyut/f3ba4167d40eebc4b3023d24e66867aa6a8cdb32/vidyut-prakriya/data/dhatupatha.tsv,bb2013ead0ea536dc7f887164c385c703cb0014ccf6e5af35b87e6d3049ba380,
04.0133,4,luwa~,viloqane,विलोडने,1403,single_gloss,1,viloqane,One source gloss; no attempt to invent finer senses within it.,,,,[],04.0133,merge_shared_meanings,04.0133,https://raw.githubusercontent.com/ambuda-org/vidyut/f3ba4167d40eebc4b3023d24e66867aa6a8cdb32/vidyut-prakriya/data/dhatupatha.tsv,bb2013ead0ea536dc7f887164c385c703cb0014ccf6e5af35b87e6d3049ba380,IR127
04.0134,4,luWa~,viloqane,विलोडने,1404,single_gloss,1,viloqane,One source gloss; no attempt to invent finer senses within it.,,,,[],04.0134,retain_distinct_meanings,,https://raw.githubusercontent.com/ambuda-org/vidyut/f3ba4167d40eebc4b3023d24e66867aa6a8cdb32/vidyut-prakriya/data/dhatupatha.tsv,bb2013ead0ea536dc7f887164c385c703cb0014ccf6e5af35b87e6d3049ba380,IR123
04.0135,4,uca~,samavAye,समवाये,1405,single_gloss,1,samavAye,One source gloss; no attempt to invent finer senses within it.,,,,[],04.0135,not_flagged_by_exact_citation_check,04.0135,https://raw.githubusercontent.com/ambuda-org/vidyut/f3ba4167d40eebc4b3023d24e66867aa6a8cdb32/vidyut-prakriya/data/dhatupatha.tsv,bb2013ead0ea536dc7f887164c385c703cb0014ccf6e5af35b87e6d3049ba380,
04.0136,4,BfSu~,aDaHpatane,अधःपतने,1406,single_gloss,1,aDaHpatane,One source gloss; no attempt to invent finer senses within it.,,,,[],04.0136,not_flagged_by_exact_citation_check,04.0136,https://raw.githubusercontent.com/ambuda-org/vidyut/f3ba4167d40eebc4b3023d24e66867aa6a8cdb32/vidyut-prakriya/data/dhatupatha.tsv,bb2013ead0ea536dc7f887164c385c703cb0014ccf6e5af35b87e6d3049ba380,
04.0137,4,stima~,ArdrIBAve,आर्द्रीभावे,1407,single_gloss,1,ArdrIBAve,One source gloss; no attempt to invent finer senses within it.,,,,[],04.0137,not_flagged_by_exact_citation_check,,https://raw.githubusercontent.com/ambuda-org/vidyut/f3ba4167d40eebc4b3023d24e66867aa6a8cdb32/vidyut-prakriya/data/dhatupatha.tsv,bb2013ead0ea536dc7f887164c385c703cb0014ccf6e5af35b87e6d3049ba380,
04.0138,4,BranSu~,aDaHpatane,अधःपतने,1408,single_gloss,1,aDaHpatane,One source gloss; no attempt to invent finer senses within it.,,,,[],04.0138,not_flagged_by_exact_citation_check,,https://raw.githubusercontent.com/ambuda-org/vidyut/f3ba4167d40eebc4b3023d24e66867aa6a8cdb32/vidyut-prakriya/data/dhatupatha.tsv,bb2013ead0ea536dc7f887164c385c703cb0014ccf6e5af35b87e6d3049ba380,
04.0139,4,vfSa~,AvaraRe,आवरणे,1409,single_gloss,1,AvaraRe,One source gloss; no attempt to invent finer senses within it.,,,,[],04.0139,not_flagged_by_exact_citation_check,04.0139,https://raw.githubusercontent.com/ambuda-org/vidyut/f3ba4167d40eebc4b3023d24e66867aa6a8cdb32/vidyut-prakriya/data/dhatupatha.tsv,bb2013ead0ea536dc7f887164c385c703cb0014ccf6e5af35b87e6d3049ba380,
04.0140,4,kfSa~,tanUkaraRe,तनूकरणे,1410,single_gloss,1,tanUkaraRe,One source gloss; no attempt to invent finer senses within it.,,,,[],04.0140,not_flagged_by_exact_citation_check,04.0140,https://raw.githubusercontent.com/ambuda-org/vidyut/f3ba4167d40eebc4b3023d24e66867aa6a8cdb32/vidyut-prakriya/data/dhatupatha.tsv,bb2013ead0ea536dc7f887164c385c703cb0014ccf6e5af35b87e6d3049ba380,
04.0141,4,YitfzA~,pipAsAyAm,पिपासायाम्,1411,single_gloss,1,pipAsAyAm,One source gloss; no attempt to invent finer senses within it.,,,,[],04.0141,not_flagged_by_exact_citation_check,,https://raw.githubusercontent.com/ambuda-org/vidyut/f3ba4167d40eebc4b3023d24e66867aa6a8cdb32/vidyut-prakriya/data/dhatupatha.tsv,bb2013ead0ea536dc7f887164c385c703cb0014ccf6e5af35b87e6d3049ba380,
04.0142,4,hfza~,tuzwO,तुष्टौ,1412,single_gloss,1,tuzwO,One source gloss; no attempt to invent finer senses within it.,,,,[],04.0142,not_flagged_by_exact_citation_check,04.0142,https://raw.githubusercontent.com/ambuda-org/vidyut/f3ba4167d40eebc4b3023d24e66867aa6a8cdb32/vidyut-prakriya/data/dhatupatha.tsv,bb2013ead0ea536dc7f887164c385c703cb0014ccf6e5af35b87e6d3049ba380,
04.0143,4,ruza~,hiMsAyAm,हिंसायाम्,1413,single_gloss,1,hiMsAyAm,One source gloss; no attempt to invent finer senses within it.,,,,[],04.0143,open,04.0143,https://raw.githubusercontent.com/ambuda-org/vidyut/f3ba4167d40eebc4b3023d24e66867aa6a8cdb32/vidyut-prakriya/data/dhatupatha.tsv,bb2013ead0ea536dc7f887164c385c703cb0014ccf6e5af35b87e6d3049ba380,IR170
04.0144,4,riza~,hiMsAyAm,हिंसायाम्,1414,single_gloss,1,hiMsAyAm,One source gloss; no attempt to invent finer senses within it.,,,,[],04.0144,open,04.0144,https://raw.githubusercontent.com/ambuda-org/vidyut/f3ba4167d40eebc4b3023d24e66867aa6a8cdb32/vidyut-prakriya/data/dhatupatha.tsv,bb2013ead0ea536dc7f887164c385c703cb0014ccf6e5af35b87e6d3049ba380,IR166
04.0145,4,qipa~,kzepe,क्षेपे,1415,single_gloss,1,kzepe,One source gloss; no attempt to invent finer senses within it.,,,,[],04.0145,merge_shared_meanings,04.0145,https://raw.githubusercontent.com/ambuda-org/vidyut/f3ba4167d40eebc4b3023d24e66867aa6a8cdb32/vidyut-prakriya/data/dhatupatha.tsv,bb2013ead0ea536dc7f887164c385c703cb0014ccf6e5af35b87e6d3049ba380,IR158
04.0146,4,kupa~,kroDe,क्रोधे,1416,single_gloss,1,kroDe,One source gloss; no attempt to invent finer senses within it.,,,,[],04.0146,retain_distinct_meanings,04.0146,https://raw.githubusercontent.com/ambuda-org/vidyut/f3ba4167d40eebc4b3023d24e66867aa6a8cdb32/vidyut-prakriya/data/dhatupatha.tsv,bb2013ead0ea536dc7f887164c385c703cb0014ccf6e5af35b87e6d3049ba380,IR104
04.0147,4,gupa~,vyAkulatve,व्याकुलत्वे,1417,single_gloss,1,vyAkulatve,One source gloss; no attempt to invent finer senses within it.,,,,[],04.0147,retain_distinct_meanings,04.0147,https://raw.githubusercontent.com/ambuda-org/vidyut/f3ba4167d40eebc4b3023d24e66867aa6a8cdb32/vidyut-prakriya/data/dhatupatha.tsv,bb2013ead0ea536dc7f887164c385c703cb0014ccf6e5af35b87e6d3049ba380,IR76
04.0148,4,yupa~,vimohane,विमोहने,1418,single_gloss,1,vimohane,One source gloss; no attempt to invent finer senses within it.,,,,[],04.0148,not_flagged_by_exact_citation_check,04.0148,https://raw.githubusercontent.com/ambuda-org/vidyut/f3ba4167d40eebc4b3023d24e66867aa6a8cdb32/vidyut-prakriya/data/dhatupatha.tsv,bb2013ead0ea536dc7f887164c385c703cb0014ccf6e5af35b87e6d3049ba380,
04.0149,4,rupa~,vimohane,विमोहने,1419,single_gloss,1,vimohane,One source gloss; no attempt to invent finer senses within it.,,,,[],04.0149,not_flagged_by_exact_citation_check,04.0149,https://raw.githubusercontent.com/ambuda-org/vidyut/f3ba4167d40eebc4b3023d24e66867aa6a8cdb32/vidyut-prakriya/data/dhatupatha.tsv,bb2013ead0ea536dc7f887164c385c703cb0014ccf6e5af35b87e6d3049ba380,
04.0150,4,lupa~,vimohane,विमोहने,1420,single_gloss,1,vimohane,One source gloss; no attempt to invent finer senses within it.,,,,[],04.0150,not_flagged_by_exact_citation_check,04.0150,https://raw.githubusercontent.com/ambuda-org/vidyut/f3ba4167d40eebc4b3023d24e66867aa6a8cdb32/vidyut-prakriya/data/dhatupatha.tsv,bb2013ead0ea536dc7f887164c385c703cb0014ccf6e5af35b87e6d3049ba380,
04.0151,4,zwupa~,samucCrAye,समुच्छ्राये,1421,single_gloss,1,samucCrAye,One source gloss; no attempt to invent finer senses within it.,,,,[],04.0151,merge_shared_meanings,04.0151,https://raw.githubusercontent.com/ambuda-org/vidyut/f3ba4167d40eebc4b3023d24e66867aa6a8cdb32/vidyut-prakriya/data/dhatupatha.tsv,bb2013ead0ea536dc7f887164c385c703cb0014ccf6e5af35b87e6d3049ba380,IR221
04.0152,4,zwUpa~,samucCrAye,समुच्छ्राये,1422,single_gloss,1,samucCrAye,One source gloss; no attempt to invent finer senses within it.,,,,[],04.0152,merge_shared_meanings,,https://raw.githubusercontent.com/ambuda-org/vidyut/f3ba4167d40eebc4b3023d24e66867aa6a8cdb32/vidyut-prakriya/data/dhatupatha.tsv,bb2013ead0ea536dc7f887164c385c703cb0014ccf6e5af35b87e6d3049ba380,IR220
04.0153,4,luBa~,gArdDye,गार्द्ध्ये,1423,single_gloss,1,gArdDye,One source gloss; no attempt to invent finer senses within it.,,,,[],04.0153,retain_distinct_meanings,04.0153,https://raw.githubusercontent.com/ambuda-org/vidyut/f3ba4167d40eebc4b3023d24e66867aa6a8cdb32/vidyut-prakriya/data/dhatupatha.tsv,bb2013ead0ea536dc7f887164c385c703cb0014ccf6e5af35b87e6d3049ba380,IR122
04.0154,4,kzuBa~,saYcalane,सञ्चलने,1424,single_gloss,1,saYcalane,One source gloss; no attempt to invent finer senses within it.,,,,[],04.0154,merge_shared_meanings,04.0154,https://raw.githubusercontent.com/ambuda-org/vidyut/f3ba4167d40eebc4b3023d24e66867aa6a8cdb32/vidyut-prakriya/data/dhatupatha.tsv,bb2013ead0ea536dc7f887164c385c703cb0014ccf6e5af35b87e6d3049ba380,IR110
04.0155,4,RaBa~,hiMsAyAm,हिंसायाम्,1425,single_gloss,1,hiMsAyAm,One source gloss; no attempt to invent finer senses within it.,,,,[],04.0155,merge_shared_meanings,04.0155,https://raw.githubusercontent.com/ambuda-org/vidyut/f3ba4167d40eebc4b3023d24e66867aa6a8cdb32/vidyut-prakriya/data/dhatupatha.tsv,bb2013ead0ea536dc7f887164c385c703cb0014ccf6e5af35b87e6d3049ba380,IR17
04.0156,4,tuBa~,hiMsAyAm,हिंसायाम्,1426,single_gloss,1,hiMsAyAm,One source gloss; no attempt to invent finer senses within it.,,,,[],04.0156,merge_shared_meanings,04.0156,https://raw.githubusercontent.com/ambuda-org/vidyut/f3ba4167d40eebc4b3023d24e66867aa6a8cdb32/vidyut-prakriya/data/dhatupatha.tsv,bb2013ead0ea536dc7f887164c385c703cb0014ccf6e5af35b87e6d3049ba380,IR184
04.0157,4,klidU~,ArdrIBAve,आर्द्रीभावे,1427,single_gloss,1,ArdrIBAve,One source gloss; no attempt to invent finer senses within it.,,,,[],04.0157,not_flagged_by_exact_citation_check,04.0157,https://raw.githubusercontent.com/ambuda-org/vidyut/f3ba4167d40eebc4b3023d24e66867aa6a8cdb32/vidyut-prakriya/data/dhatupatha.tsv,bb2013ead0ea536dc7f887164c385c703cb0014ccf6e5af35b87e6d3049ba380,
04.0158,4,YimidA~,snehane,स्नेहने,1428,single_gloss,1,snehane,One source gloss; no attempt to invent finer senses within it.,,,,[],04.0158,not_flagged_by_exact_citation_check,04.0158,https://raw.githubusercontent.com/ambuda-org/vidyut/f3ba4167d40eebc4b3023d24e66867aa6a8cdb32/vidyut-prakriya/data/dhatupatha.tsv,bb2013ead0ea536dc7f887164c385c703cb0014ccf6e5af35b87e6d3049ba380,
04.0159,4,YikzvidA~,snehanamocanayoH,स्नेहनमोचनयोः,1429,enumerated_glosses,2,snehane; mocane,Explicit analyst segmentation; retain the original compound for review.,,,,[],04.0159,not_flagged_by_exact_citation_check,04.0159,https://raw.githubusercontent.com/ambuda-org/vidyut/f3ba4167d40eebc4b3023d24e66867aa6a8cdb32/vidyut-prakriya/data/dhatupatha.tsv,bb2013ead0ea536dc7f887164c385c703cb0014ccf6e5af35b87e6d3049ba380,
04.0160,4,fDu~,vfdDO,वृद्धौ,1430,single_gloss,1,vfdDO,One source gloss; no attempt to invent finer senses within it.,,,,[],04.0160,merge_shared_meanings,04.0160,https://raw.githubusercontent.com/ambuda-org/vidyut/f3ba4167d40eebc4b3023d24e66867aa6a8cdb32/vidyut-prakriya/data/dhatupatha.tsv,bb2013ead0ea536dc7f887164c385c703cb0014ccf6e5af35b87e6d3049ba380,IR64
04.0161,4,gfDu~,aBikANkzAyAm,अभिकाङ्क्षायाम्,1431,single_gloss,1,aBikANkzAyAm,One source gloss; no attempt to invent finer senses within it.,,,,[],04.0161,not_flagged_by_exact_citation_check,04.0161,https://raw.githubusercontent.com/ambuda-org/vidyut/f3ba4167d40eebc4b3023d24e66867aa6a8cdb32/vidyut-prakriya/data/dhatupatha.tsv,bb2013ead0ea536dc7f887164c385c703cb0014ccf6e5af35b87e6d3049ba380,
05.0001,5,zu\Y,aBizave,अभिषवे,1434,single_gloss,1,aBizave,One source gloss; no attempt to invent finer senses within it.,,,,[],05.0001,not_flagged_by_exact_citation_check,05.0001,https://raw.githubusercontent.com/ambuda-org/vidyut/f3ba4167d40eebc4b3023d24e66867aa6a8cdb32/vidyut-prakriya/data/dhatupatha.tsv,bb2013ead0ea536dc7f887164c385c703cb0014ccf6e5af35b87e6d3049ba380,
05.0002,5,zi\Y,banDane,बन्धने,1435,single_gloss,1,banDane,One source gloss; no attempt to invent finer senses within it.,,,,[],05.0002,merge_shared_meanings,05.0002,https://raw.githubusercontent.com/ambuda-org/vidyut/f3ba4167d40eebc4b3023d24e66867aa6a8cdb32/vidyut-prakriya/data/dhatupatha.tsv,bb2013ead0ea536dc7f887164c385c703cb0014ccf6e5af35b87e6d3049ba380,IR218
05.0003,5,Si\Y,niSAne,निशाने,1436,single_gloss,1,niSAne,One source gloss; no attempt to invent finer senses within it.,,,,[],05.0003,not_flagged_by_exact_citation_check,05.0003,https://raw.githubusercontent.com/ambuda-org/vidyut/f3ba4167d40eebc4b3023d24e66867aa6a8cdb32/vidyut-prakriya/data/dhatupatha.tsv,bb2013ead0ea536dc7f887164c385c703cb0014ccf6e5af35b87e6d3049ba380,
05.0004,5,qumi\Y,prakzepaRe,प्रक्षेपणे,1437,single_gloss,1,prakzepaRe,One source gloss; no attempt to invent finer senses within it.,,,,[],05.0004,not_flagged_by_exact_citation_check,,https://raw.githubusercontent.com/ambuda-org/vidyut/f3ba4167d40eebc4b3023d24e66867aa6a8cdb32/vidyut-prakriya/data/dhatupatha.tsv,bb2013ead0ea536dc7f887164c385c703cb0014ccf6e5af35b87e6d3049ba380,
05.0005,5,ci\Y,cayane,चयने,1438,single_gloss,1,cayane,One source gloss; no attempt to invent finer senses within it.,,,,[],05.0005,not_flagged_by_exact_citation_check,05.0005,https://raw.githubusercontent.com/ambuda-org/vidyut/f3ba4167d40eebc4b3023d24e66867aa6a8cdb32/vidyut-prakriya/data/dhatupatha.tsv,bb2013ead0ea536dc7f887164c385c703cb0014ccf6e5af35b87e6d3049ba380,
05.0006,5,stf\Y,AcCAdane,आच्छादने,1439,single_gloss,1,AcCAdane,One source gloss; no attempt to invent finer senses within it.,,,,[],05.0006,not_flagged_by_exact_citation_check,05.0006,https://raw.githubusercontent.com/ambuda-org/vidyut/f3ba4167d40eebc4b3023d24e66867aa6a8cdb32/vidyut-prakriya/data/dhatupatha.tsv,bb2013ead0ea536dc7f887164c385c703cb0014ccf6e5af35b87e6d3049ba380,
05.0007,5,kf\Y,hiMsAyAm,हिंसायाम्,1440,single_gloss,1,hiMsAyAm,One source gloss; no attempt to invent finer senses within it.,,,,[],05.0007,not_flagged_by_exact_citation_check,05.0007,https://raw.githubusercontent.com/ambuda-org/vidyut/f3ba4167d40eebc4b3023d24e66867aa6a8cdb32/vidyut-prakriya/data/dhatupatha.tsv,bb2013ead0ea536dc7f887164c385c703cb0014ccf6e5af35b87e6d3049ba380,
05.0008,5,vfY,varaRe,वरणे,1441,single_gloss,1,varaRe,One source gloss; no attempt to invent finer senses within it.,,,,[],05.0008,open,05.0008,https://raw.githubusercontent.com/ambuda-org/vidyut/f3ba4167d40eebc4b3023d24e66867aa6a8cdb32/vidyut-prakriya/data/dhatupatha.tsv,bb2013ead0ea536dc7f887164c385c703cb0014ccf6e5af35b87e6d3049ba380,IR201
05.0009,5,Du\Y,kampane,कम्पने,1442,single_gloss,1,kampane,One source gloss; no attempt to invent finer senses within it.,,,,[],05.0009,not_flagged_by_exact_citation_check,05.0009,https://raw.githubusercontent.com/ambuda-org/vidyut/f3ba4167d40eebc4b3023d24e66867aa6a8cdb32/vidyut-prakriya/data/dhatupatha.tsv,bb2013ead0ea536dc7f887164c385c703cb0014ccf6e5af35b87e6d3049ba380,
05.0010,5,DUY,kampane,कम्पने,1443,single_gloss,1,kampane,One source gloss; no attempt to invent finer senses within it.,,,,[],05.0010,merge_shared_meanings,05.0010,https://raw.githubusercontent.com/ambuda-org/vidyut/f3ba4167d40eebc4b3023d24e66867aa6a8cdb32/vidyut-prakriya/data/dhatupatha.tsv,bb2013ead0ea536dc7f887164c385c703cb0014ccf6e5af35b87e6d3049ba380,IR06
05.0011,5,wudu\,upatApe,उपतापे,1444,single_gloss,1,upatApe,One source gloss; no attempt to invent finer senses within it.,,,,[],05.0011,not_flagged_by_exact_citation_check,05.0011,https://raw.githubusercontent.com/ambuda-org/vidyut/f3ba4167d40eebc4b3023d24e66867aa6a8cdb32/vidyut-prakriya/data/dhatupatha.tsv,bb2013ead0ea536dc7f887164c385c703cb0014ccf6e5af35b87e6d3049ba380,
05.0012,5,hi\,gatO vfdDO ca,गतौ वृद्धौ च,1445,enumerated_glosses,2,gatO; vfdDO,Visible enumeration; semantic overlap still belongs to lexical review.,,,,[],05.0012,not_flagged_by_exact_citation_check,05.0012,https://raw.githubusercontent.com/ambuda-org/vidyut/f3ba4167d40eebc4b3023d24e66867aa6a8cdb32/vidyut-prakriya/data/dhatupatha.tsv,bb2013ead0ea536dc7f887164c385c703cb0014ccf6e5af35b87e6d3049ba380,
05.0013,5,pf\,prItO,प्रीतौ,1446,single_gloss,1,prItO,One source gloss; no attempt to invent finer senses within it.,,,,[],05.0013,retain_distinct_meanings,05.0013,https://raw.githubusercontent.com/ambuda-org/vidyut/f3ba4167d40eebc4b3023d24e66867aa6a8cdb32/vidyut-prakriya/data/dhatupatha.tsv,bb2013ead0ea536dc7f887164c385c703cb0014ccf6e5af35b87e6d3049ba380,IR148
05.0014,5,spf\,prItipAlanayoH prIticalanayoSca,प्रीतिपालनयोः प्रीतिचलनयोश्च,1447,enumerated_glosses,3,prItO; pAlane; jIvane,"Three documented candidate meanings, not four: affection, protection, and living. Priti is shared by the two readings and counts once. The alternative calana is explicitly explained as jivana; those two descriptions count once, not as movement plus living. The two readings retain their attribution.",,MR29,The commentary records Vedic-only treatment of sprnoti; retain that restriction for the initial laukika run.,"[{""filename"": ""dhatu-mA894.html"", ""url"": ""https://sanskrit.uohyd.ac.in/scl/dhaatupaatha/files/mA894.html"", ""accessed_utc"": ""2026-09-12T14:07:01.639365+00:00"", ""sha256"": ""49fe12d6c96841256cb2a973918126b21633aecd3bfbfd5df919e953123c2ec8"", ""bytes"": 1373}]",05.0014,not_flagged_by_exact_citation_check,05.0014,https://raw.githubusercontent.com/ambuda-org/vidyut/f3ba4167d40eebc4b3023d24e66867aa6a8cdb32/vidyut-prakriya/data/dhatupatha.tsv,bb2013ead0ea536dc7f887164c385c703cb0014ccf6e5af35b87e6d3049ba380,
05.0015,5,smf\,prItibalanayoH,प्रीतिबलनयोः,1448,enumerated_glosses,2,prItO; balane,Explicit analyst segmentation; retain the original compound for review.,,,,[],05.0015,retain_distinct_meanings,05.0015,https://raw.githubusercontent.com/ambuda-org/vidyut/f3ba4167d40eebc4b3023d24e66867aa6a8cdb32/vidyut-prakriya/data/dhatupatha.tsv,bb2013ead0ea536dc7f887164c385c703cb0014ccf6e5af35b87e6d3049ba380,IR174
05.0016,5,A\px~,vyAptO,व्याप्तौ,1449,single_gloss,1,vyAptO,One source gloss; no attempt to invent finer senses within it.,,,,[],05.0016,not_flagged_by_exact_citation_check,05.0016,https://raw.githubusercontent.com/ambuda-org/vidyut/f3ba4167d40eebc4b3023d24e66867aa6a8cdb32/vidyut-prakriya/data/dhatupatha.tsv,bb2013ead0ea536dc7f887164c385c703cb0014ccf6e5af35b87e6d3049ba380,
05.0017,5,Sa\kx~,SaktO,शक्तौ,1450,single_gloss,1,SaktO,One source gloss; no attempt to invent finer senses within it.,,,,[],05.0017,not_flagged_by_exact_citation_check,05.0017,https://raw.githubusercontent.com/ambuda-org/vidyut/f3ba4167d40eebc4b3023d24e66867aa6a8cdb32/vidyut-prakriya/data/dhatupatha.tsv,bb2013ead0ea536dc7f887164c385c703cb0014ccf6e5af35b87e6d3049ba380,
05.0018,5,rA\Da~,saMsidDO,संसिद्धौ,1451,single_gloss,1,saMsidDO,One source gloss; no attempt to invent finer senses within it.,,,,[],05.0018,merge_shared_meanings,05.0018,https://raw.githubusercontent.com/ambuda-org/vidyut/f3ba4167d40eebc4b3023d24e66867aa6a8cdb32/vidyut-prakriya/data/dhatupatha.tsv,bb2013ead0ea536dc7f887164c385c703cb0014ccf6e5af35b87e6d3049ba380,IR159
05.0019,5,sA\Da~,saMsidDO,संसिद्धौ,1452,single_gloss,1,saMsidDO,One source gloss; no attempt to invent finer senses within it.,,,,[],05.0019,not_flagged_by_exact_citation_check,05.0019,https://raw.githubusercontent.com/ambuda-org/vidyut/f3ba4167d40eebc4b3023d24e66867aa6a8cdb32/vidyut-prakriya/data/dhatupatha.tsv,bb2013ead0ea536dc7f887164c385c703cb0014ccf6e5af35b87e6d3049ba380,
05.0020,5,aSU~\,vyAptO saNGAte ca,व्याप्तौ सङ्घाते च,1453,enumerated_glosses,2,vyAptO; saNGAte,Visible enumeration; semantic overlap still belongs to lexical review.,,,,[],05.0020,not_flagged_by_exact_citation_check,05.0020,https://raw.githubusercontent.com/ambuda-org/vidyut/f3ba4167d40eebc4b3023d24e66867aa6a8cdb32/vidyut-prakriya/data/dhatupatha.tsv,bb2013ead0ea536dc7f887164c385c703cb0014ccf6e5af35b87e6d3049ba380,
05.0021,5,zwiGa~\,Askandane,आस्कन्दने,1454,single_gloss,1,Askandane,One source gloss; no attempt to invent finer senses within it.,,,,[],05.0021,not_flagged_by_exact_citation_check,05.0021,https://raw.githubusercontent.com/ambuda-org/vidyut/f3ba4167d40eebc4b3023d24e66867aa6a8cdb32/vidyut-prakriya/data/dhatupatha.tsv,bb2013ead0ea536dc7f887164c385c703cb0014ccf6e5af35b87e6d3049ba380,
05.0022,5,tika~,Askandane gatO ca,आस्कन्दने गतौ च,1455,enumerated_glosses,2,Askandane; gatO,Visible enumeration; semantic overlap still belongs to lexical review.,,,,[],05.0022,not_flagged_by_exact_citation_check,05.0022,https://raw.githubusercontent.com/ambuda-org/vidyut/f3ba4167d40eebc4b3023d24e66867aa6a8cdb32/vidyut-prakriya/data/dhatupatha.tsv,bb2013ead0ea536dc7f887164c385c703cb0014ccf6e5af35b87e6d3049ba380,
05.0023,5,tiga~,Askandane gatO ca,आस्कन्दने गतौ च,1456,enumerated_glosses,2,Askandane; gatO,Visible enumeration; semantic overlap still belongs to lexical review.,,,,[],05.0023,not_flagged_by_exact_citation_check,05.0023,https://raw.githubusercontent.com/ambuda-org/vidyut/f3ba4167d40eebc4b3023d24e66867aa6a8cdb32/vidyut-prakriya/data/dhatupatha.tsv,bb2013ead0ea536dc7f887164c385c703cb0014ccf6e5af35b87e6d3049ba380,
05.0024,5,zaGa~,hiMsAyAm,हिंसायाम्,1457,single_gloss,1,hiMsAyAm,One source gloss; no attempt to invent finer senses within it.,,,,[],05.0024,not_flagged_by_exact_citation_check,05.0024,https://raw.githubusercontent.com/ambuda-org/vidyut/f3ba4167d40eebc4b3023d24e66867aa6a8cdb32/vidyut-prakriya/data/dhatupatha.tsv,bb2013ead0ea536dc7f887164c385c703cb0014ccf6e5af35b87e6d3049ba380,
05.0025,5,YiDfzA~,prAgalBye,प्रागल्भ्ये,1458,single_gloss,1,prAgalBye,One source gloss; no attempt to invent finer senses within it.,,,,[],05.0025,not_flagged_by_exact_citation_check,05.0025,https://raw.githubusercontent.com/ambuda-org/vidyut/f3ba4167d40eebc4b3023d24e66867aa6a8cdb32/vidyut-prakriya/data/dhatupatha.tsv,bb2013ead0ea536dc7f887164c385c703cb0014ccf6e5af35b87e6d3049ba380,
05.0026,5,danBu~,damBane,दम्भने,1459,single_gloss,1,damBane,One source gloss; no attempt to invent finer senses within it.,,,,[],05.0026,not_flagged_by_exact_citation_check,,https://raw.githubusercontent.com/ambuda-org/vidyut/f3ba4167d40eebc4b3023d24e66867aa6a8cdb32/vidyut-prakriya/data/dhatupatha.tsv,bb2013ead0ea536dc7f887164c385c703cb0014ccf6e5af35b87e6d3049ba380,
05.0027,5,fDu~,vfdDO,वृद्धौ,1460,single_gloss,1,vfdDO,One source gloss; no attempt to invent finer senses within it.,,,,[],05.0027,merge_shared_meanings,05.0027,https://raw.githubusercontent.com/ambuda-org/vidyut/f3ba4167d40eebc4b3023d24e66867aa6a8cdb32/vidyut-prakriya/data/dhatupatha.tsv,bb2013ead0ea536dc7f887164c385c703cb0014ccf6e5af35b87e6d3049ba380,IR64
05.0028,5,tfpa~,prIRane,प्रीणने,1461,single_gloss,1,prIRane,One source gloss; no attempt to invent finer senses within it.,,,,[],05.0028,merge_shared_meanings,05.0028,https://raw.githubusercontent.com/ambuda-org/vidyut/f3ba4167d40eebc4b3023d24e66867aa6a8cdb32/vidyut-prakriya/data/dhatupatha.tsv,bb2013ead0ea536dc7f887164c385c703cb0014ccf6e5af35b87e6d3049ba380,IR181
05.0029,5,aha~,vyAptO,व्याप्तौ,1462,single_gloss,1,vyAptO,One source gloss; no attempt to invent finer senses within it.,,,,[],05.0029,not_flagged_by_exact_citation_check,05.0029,https://raw.githubusercontent.com/ambuda-org/vidyut/f3ba4167d40eebc4b3023d24e66867aa6a8cdb32/vidyut-prakriya/data/dhatupatha.tsv,bb2013ead0ea536dc7f887164c385c703cb0014ccf6e5af35b87e6d3049ba380,
05.0030,5,daGa~,GAtane pAlane ca,घातने पालने च,1463,enumerated_glosses,2,GAtane; pAlane,Visible enumeration; semantic overlap still belongs to lexical review.,,,,[],05.0030,not_flagged_by_exact_citation_check,05.0030,https://raw.githubusercontent.com/ambuda-org/vidyut/f3ba4167d40eebc4b3023d24e66867aa6a8cdb32/vidyut-prakriya/data/dhatupatha.tsv,bb2013ead0ea536dc7f887164c385c703cb0014ccf6e5af35b87e6d3049ba380,
05.0031,5,camu~,BakzaRe,भक्षणे,1464,single_gloss,1,BakzaRe,One source gloss; no attempt to invent finer senses within it.,,,,[],05.0031,merge_shared_meanings,05.0031,https://raw.githubusercontent.com/ambuda-org/vidyut/f3ba4167d40eebc4b3023d24e66867aa6a8cdb32/vidyut-prakriya/data/dhatupatha.tsv,bb2013ead0ea536dc7f887164c385c703cb0014ccf6e5af35b87e6d3049ba380,IR47
05.0032,5,ri\,hiMsAyAm,हिंसायाम्,1465,single_gloss,1,hiMsAyAm,One source gloss; no attempt to invent finer senses within it.,,,,[],05.0032,retain_distinct_meanings,,https://raw.githubusercontent.com/ambuda-org/vidyut/f3ba4167d40eebc4b3023d24e66867aa6a8cdb32/vidyut-prakriya/data/dhatupatha.tsv,bb2013ead0ea536dc7f887164c385c703cb0014ccf6e5af35b87e6d3049ba380,IR165
05.0033,5,kzi\,hiMsAyAm,हिंसायाम्,1466,single_gloss,1,hiMsAyAm,One source gloss; no attempt to invent finer senses within it.,,,,[],05.0033,retain_distinct_meanings,,https://raw.githubusercontent.com/ambuda-org/vidyut/f3ba4167d40eebc4b3023d24e66867aa6a8cdb32/vidyut-prakriya/data/dhatupatha.tsv,bb2013ead0ea536dc7f887164c385c703cb0014ccf6e5af35b87e6d3049ba380,IR109
05.0034,5,ciri,hiMsAyAm,हिंसायाम्,1467,single_gloss,1,hiMsAyAm,One source gloss; no attempt to invent finer senses within it.,,,,[],05.0034,not_flagged_by_exact_citation_check,05.0034,https://raw.githubusercontent.com/ambuda-org/vidyut/f3ba4167d40eebc4b3023d24e66867aa6a8cdb32/vidyut-prakriya/data/dhatupatha.tsv,bb2013ead0ea536dc7f887164c385c703cb0014ccf6e5af35b87e6d3049ba380,
05.0035,5,jiri,hiMsAyAm,हिंसायाम्,1468,single_gloss,1,hiMsAyAm,One source gloss; no attempt to invent finer senses within it.,,,,[],05.0035,not_flagged_by_exact_citation_check,05.0035,https://raw.githubusercontent.com/ambuda-org/vidyut/f3ba4167d40eebc4b3023d24e66867aa6a8cdb32/vidyut-prakriya/data/dhatupatha.tsv,bb2013ead0ea536dc7f887164c385c703cb0014ccf6e5af35b87e6d3049ba380,
05.0036,5,dASa~,hiMsAyAm,हिंसायाम्,1469,single_gloss,1,hiMsAyAm,One source gloss; no attempt to invent finer senses within it.,,,,[],05.0036,not_flagged_by_exact_citation_check,05.0036,https://raw.githubusercontent.com/ambuda-org/vidyut/f3ba4167d40eebc4b3023d24e66867aa6a8cdb32/vidyut-prakriya/data/dhatupatha.tsv,bb2013ead0ea536dc7f887164c385c703cb0014ccf6e5af35b87e6d3049ba380,
05.0037,5,df\,hiMsAyAm,हिंसायाम्,1470,single_gloss,1,hiMsAyAm,One source gloss; no attempt to invent finer senses within it.,,,,[],05.0037,not_flagged_by_exact_citation_check,,https://raw.githubusercontent.com/ambuda-org/vidyut/f3ba4167d40eebc4b3023d24e66867aa6a8cdb32/vidyut-prakriya/data/dhatupatha.tsv,bb2013ead0ea536dc7f887164c385c703cb0014ccf6e5af35b87e6d3049ba380,
05.0038,5,f\kzi,hiMsAyAm,हिंसायाम्,1471,single_gloss,1,hiMsAyAm,One source gloss; no attempt to invent finer senses within it.,,,,[],05.0038,not_flagged_by_exact_citation_check,,https://raw.githubusercontent.com/ambuda-org/vidyut/f3ba4167d40eebc4b3023d24e66867aa6a8cdb32/vidyut-prakriya/data/dhatupatha.tsv,bb2013ead0ea536dc7f887164c385c703cb0014ccf6e5af35b87e6d3049ba380,
06.0001,6,tu\da~^,vyaTane,व्यथने,1472,single_gloss,1,vyaTane,One source gloss; no attempt to invent finer senses within it.,,,,[],06.0001,not_flagged_by_exact_citation_check,06.0001,https://raw.githubusercontent.com/ambuda-org/vidyut/f3ba4167d40eebc4b3023d24e66867aa6a8cdb32/vidyut-prakriya/data/dhatupatha.tsv,bb2013ead0ea536dc7f887164c385c703cb0014ccf6e5af35b87e6d3049ba380,
06.0002,6,Ru\da~^,preraRe,प्रेरणे,1473,single_gloss,1,preraRe,One source gloss; no attempt to invent finer senses within it.,,,,[],06.0002,not_flagged_by_exact_citation_check,06.0002,https://raw.githubusercontent.com/ambuda-org/vidyut/f3ba4167d40eebc4b3023d24e66867aa6a8cdb32/vidyut-prakriya/data/dhatupatha.tsv,bb2013ead0ea536dc7f887164c385c703cb0014ccf6e5af35b87e6d3049ba380,
06.0003,6,di\Sa~^,atisarjane,अतिसर्जने,1474,single_gloss,1,atisarjane,One source gloss; no attempt to invent finer senses within it.,,,,[],06.0003,not_flagged_by_exact_citation_check,06.0003,https://raw.githubusercontent.com/ambuda-org/vidyut/f3ba4167d40eebc4b3023d24e66867aa6a8cdb32/vidyut-prakriya/data/dhatupatha.tsv,bb2013ead0ea536dc7f887164c385c703cb0014ccf6e5af35b87e6d3049ba380,
06.0004,6,Bra\sja~^,pAke,पाके,1475,single_gloss,1,pAke,One source gloss; no attempt to invent finer senses within it.,,,,[],06.0004,not_flagged_by_exact_citation_check,06.0004,https://raw.githubusercontent.com/ambuda-org/vidyut/f3ba4167d40eebc4b3023d24e66867aa6a8cdb32/vidyut-prakriya/data/dhatupatha.tsv,bb2013ead0ea536dc7f887164c385c703cb0014ccf6e5af35b87e6d3049ba380,
06.0005,6,kzi\pa~^,preraRe,प्रेरणे,1476,single_gloss,1,preraRe,One source gloss; no attempt to invent finer senses within it.,,,,[],06.0005,not_flagged_by_exact_citation_check,06.0005,https://raw.githubusercontent.com/ambuda-org/vidyut/f3ba4167d40eebc4b3023d24e66867aa6a8cdb32/vidyut-prakriya/data/dhatupatha.tsv,bb2013ead0ea536dc7f887164c385c703cb0014ccf6e5af35b87e6d3049ba380,
06.0006,6,kf\za~^,vileKane,विलेखने,1477,single_gloss,1,vileKane,One source gloss; no attempt to invent finer senses within it.,,,,[],06.0006,not_flagged_by_exact_citation_check,06.0006,https://raw.githubusercontent.com/ambuda-org/vidyut/f3ba4167d40eebc4b3023d24e66867aa6a8cdb32/vidyut-prakriya/data/dhatupatha.tsv,bb2013ead0ea536dc7f887164c385c703cb0014ccf6e5af35b87e6d3049ba380,
06.0007,6,fzI~,gatO,गतौ,1478,single_gloss,1,gatO,One source gloss; no attempt to invent finer senses within it.,,,,[],06.0007,not_flagged_by_exact_citation_check,06.0007,https://raw.githubusercontent.com/ambuda-org/vidyut/f3ba4167d40eebc4b3023d24e66867aa6a8cdb32/vidyut-prakriya/data/dhatupatha.tsv,bb2013ead0ea536dc7f887164c385c703cb0014ccf6e5af35b87e6d3049ba380,
06.0008,6,juzI~\,prItisevanayoH,प्रीतिसेवनयोः,1479,enumerated_glosses,2,prItO; sevane,Explicit analyst segmentation; retain the original compound for review.,,,,[],06.0008,not_flagged_by_exact_citation_check,06.0008,https://raw.githubusercontent.com/ambuda-org/vidyut/f3ba4167d40eebc4b3023d24e66867aa6a8cdb32/vidyut-prakriya/data/dhatupatha.tsv,bb2013ead0ea536dc7f887164c385c703cb0014ccf6e5af35b87e6d3049ba380,
06.0009,6,o~vijI~\,BayacalanayoH,भयचलनयोः,1480,enumerated_glosses,2,Baye; calane,Explicit analyst segmentation; retain the original compound for review.,,,,[],06.0009,not_flagged_by_exact_citation_check,06.0009,https://raw.githubusercontent.com/ambuda-org/vidyut/f3ba4167d40eebc4b3023d24e66867aa6a8cdb32/vidyut-prakriya/data/dhatupatha.tsv,bb2013ead0ea536dc7f887164c385c703cb0014ccf6e5af35b87e6d3049ba380,
06.0010,6,o~lajI~\,vrIqAyAm,व्रीडायाम्,1481,single_gloss,1,vrIqAyAm,One source gloss; no attempt to invent finer senses within it.,,,,[],06.0010,not_flagged_by_exact_citation_check,06.0010,https://raw.githubusercontent.com/ambuda-org/vidyut/f3ba4167d40eebc4b3023d24e66867aa6a8cdb32/vidyut-prakriya/data/dhatupatha.tsv,bb2013ead0ea536dc7f887164c385c703cb0014ccf6e5af35b87e6d3049ba380,
06.0011,6,o~lasjI~\,vrIqAyAm,व्रीडायाम्,1482,single_gloss,1,vrIqAyAm,One source gloss; no attempt to invent finer senses within it.,,,,[],06.0011,not_flagged_by_exact_citation_check,06.0011,https://raw.githubusercontent.com/ambuda-org/vidyut/f3ba4167d40eebc4b3023d24e66867aa6a8cdb32/vidyut-prakriya/data/dhatupatha.tsv,bb2013ead0ea536dc7f887164c385c703cb0014ccf6e5af35b87e6d3049ba380,
06.0012,6,o~vrascU~,Cedane,छेदने,1483,single_gloss,1,Cedane,One source gloss; no attempt to invent finer senses within it.,,,,[],06.0012,not_flagged_by_exact_citation_check,,https://raw.githubusercontent.com/ambuda-org/vidyut/f3ba4167d40eebc4b3023d24e66867aa6a8cdb32/vidyut-prakriya/data/dhatupatha.tsv,bb2013ead0ea536dc7f887164c385c703cb0014ccf6e5af35b87e6d3049ba380,
06.0013,6,vyaca~,vyAjIkaraRe,व्याजीकरणे,1484,single_gloss,1,vyAjIkaraRe,One source gloss; no attempt to invent finer senses within it.,,,,[],06.0013,not_flagged_by_exact_citation_check,06.0013,https://raw.githubusercontent.com/ambuda-org/vidyut/f3ba4167d40eebc4b3023d24e66867aa6a8cdb32/vidyut-prakriya/data/dhatupatha.tsv,bb2013ead0ea536dc7f887164c385c703cb0014ccf6e5af35b87e6d3049ba380,
06.0014,6,uCi~,uYCe,उञ्छे,1485,single_gloss,1,uYCe,One source gloss; no attempt to invent finer senses within it.,,,,[],06.0014,merge_shared_meanings,,https://raw.githubusercontent.com/ambuda-org/vidyut/f3ba4167d40eebc4b3023d24e66867aa6a8cdb32/vidyut-prakriya/data/dhatupatha.tsv,bb2013ead0ea536dc7f887164c385c703cb0014ccf6e5af35b87e6d3049ba380,IR193
06.0015,6,uCI~,vivAse,विवासे,1486,single_gloss,1,vivAse,One source gloss; no attempt to invent finer senses within it.,,,,[],06.0015,merge_shared_meanings,,https://raw.githubusercontent.com/ambuda-org/vidyut/f3ba4167d40eebc4b3023d24e66867aa6a8cdb32/vidyut-prakriya/data/dhatupatha.tsv,bb2013ead0ea536dc7f887164c385c703cb0014ccf6e5af35b87e6d3049ba380,IR192
06.0016,6,fCa~,gatIndriyapralayamUrtiBAvezu,गतीन्द्रियप्रलयमूर्तिभावेषु,1487,enumerated_glosses,3,gatO; indriyapralaye; mUrtiBAve,Explicit analyst segmentation; retain the original compound for review.,,,,[],06.0016,not_flagged_by_exact_citation_check,,https://raw.githubusercontent.com/ambuda-org/vidyut/f3ba4167d40eebc4b3023d24e66867aa6a8cdb32/vidyut-prakriya/data/dhatupatha.tsv,bb2013ead0ea536dc7f887164c385c703cb0014ccf6e5af35b87e6d3049ba380,
06.0017,6,miCa~,utkleSe,उत्क्लेशे,1488,single_gloss,1,utkleSe,One source gloss; no attempt to invent finer senses within it.,,,,[],06.0017,not_flagged_by_exact_citation_check,,https://raw.githubusercontent.com/ambuda-org/vidyut/f3ba4167d40eebc4b3023d24e66867aa6a8cdb32/vidyut-prakriya/data/dhatupatha.tsv,bb2013ead0ea536dc7f887164c385c703cb0014ccf6e5af35b87e6d3049ba380,
06.0018,6,jarja~,pariBAzaRaBartsanayoH,परिभाषणभर्त्सनयोः,1489,enumerated_glosses,2,pariBAzaRe; Bartsane,Explicit analyst segmentation; retain the original compound for review.,,,,[],06.0018,open,06.0018,https://raw.githubusercontent.com/ambuda-org/vidyut/f3ba4167d40eebc4b3023d24e66867aa6a8cdb32/vidyut-prakriya/data/dhatupatha.tsv,bb2013ead0ea536dc7f887164c385c703cb0014ccf6e5af35b87e6d3049ba380,IR85
06.0019,6,carca~,pariBAzaRaBartsanayoH,परिभाषणभर्त्सनयोः,1490,enumerated_glosses,2,pariBAzaRe; Bartsane,Explicit analyst segmentation; retain the original compound for review.,,,,[],06.0019,merge_shared_meanings,06.0019,https://raw.githubusercontent.com/ambuda-org/vidyut/f3ba4167d40eebc4b3023d24e66867aa6a8cdb32/vidyut-prakriya/data/dhatupatha.tsv,bb2013ead0ea536dc7f887164c385c703cb0014ccf6e5af35b87e6d3049ba380,IR51
06.0020,6,JarJa~,pariBAzaRaBartsanayoH,परिभाषणभर्त्सनयोः,1491,enumerated_glosses,2,pariBAzaRe; Bartsane,Explicit analyst segmentation; retain the original compound for review.,,,,[],06.0020,merge_shared_meanings,06.0020,https://raw.githubusercontent.com/ambuda-org/vidyut/f3ba4167d40eebc4b3023d24e66867aa6a8cdb32/vidyut-prakriya/data/dhatupatha.tsv,bb2013ead0ea536dc7f887164c385c703cb0014ccf6e5af35b87e6d3049ba380,IR14
06.0021,6,tvaca~,saMvaraRe,संवरणे,1492,single_gloss,1,saMvaraRe,One source gloss; no attempt to invent finer senses within it.,,,,[],06.0021,not_flagged_by_exact_citation_check,06.0021,https://raw.githubusercontent.com/ambuda-org/vidyut/f3ba4167d40eebc4b3023d24e66867aa6a8cdb32/vidyut-prakriya/data/dhatupatha.tsv,bb2013ead0ea536dc7f887164c385c703cb0014ccf6e5af35b87e6d3049ba380,
06.0022,6,fca~,stutO dIptO ca,स्तुतौ दीप्तौ च,1493,enumerated_glosses,2,stutO; dIptO,Visible enumeration; semantic overlap still belongs to lexical review.,,,,[],06.0022,not_flagged_by_exact_citation_check,06.0016;06.0022,https://raw.githubusercontent.com/ambuda-org/vidyut/f3ba4167d40eebc4b3023d24e66867aa6a8cdb32/vidyut-prakriya/data/dhatupatha.tsv,bb2013ead0ea536dc7f887164c385c703cb0014ccf6e5af35b87e6d3049ba380,
06.0023,6,ubja~,Arjave,आर्जवे,1494,single_gloss,1,Arjave,One source gloss; no attempt to invent finer senses within it.,,,,[],06.0023,not_flagged_by_exact_citation_check,06.0023,https://raw.githubusercontent.com/ambuda-org/vidyut/f3ba4167d40eebc4b3023d24e66867aa6a8cdb32/vidyut-prakriya/data/dhatupatha.tsv,bb2013ead0ea536dc7f887164c385c703cb0014ccf6e5af35b87e6d3049ba380,
06.0024,6,ujJa~,utsarge,उत्सर्गे,1495,single_gloss,1,utsarge,One source gloss; no attempt to invent finer senses within it.,,,,[],06.0024,not_flagged_by_exact_citation_check,06.0024,https://raw.githubusercontent.com/ambuda-org/vidyut/f3ba4167d40eebc4b3023d24e66867aa6a8cdb32/vidyut-prakriya/data/dhatupatha.tsv,bb2013ead0ea536dc7f887164c385c703cb0014ccf6e5af35b87e6d3049ba380,
06.0025,6,luBa~,vimohane,विमोहने,1496,single_gloss,1,vimohane,One source gloss; no attempt to invent finer senses within it.,,,,[],06.0025,retain_distinct_meanings,06.0025,https://raw.githubusercontent.com/ambuda-org/vidyut/f3ba4167d40eebc4b3023d24e66867aa6a8cdb32/vidyut-prakriya/data/dhatupatha.tsv,bb2013ead0ea536dc7f887164c385c703cb0014ccf6e5af35b87e6d3049ba380,IR122
06.0026,6,riPa~,katTanayudDanindAhiMsAdAnezu,कत्थनयुद्धनिन्दाहिंसादानेषु,1497,enumerated_glosses,5,katTane; yudDe; nindAyAm; hiMsAyAm; dAne,Explicit analyst segmentation; retain the original compound for review.,,,,[],06.0026,not_flagged_by_exact_citation_check,06.0026,https://raw.githubusercontent.com/ambuda-org/vidyut/f3ba4167d40eebc4b3023d24e66867aa6a8cdb32/vidyut-prakriya/data/dhatupatha.tsv,bb2013ead0ea536dc7f887164c385c703cb0014ccf6e5af35b87e6d3049ba380,
06.0027,6,riha~,katTanayudDanindAhiMsAdAnezu,कत्थनयुद्धनिन्दाहिंसादानेषु,1498,enumerated_glosses,5,katTane; yudDe; nindAyAm; hiMsAyAm; dAne,Explicit analyst segmentation; retain the original compound for review.,,,,[],06.0027,not_flagged_by_exact_citation_check,06.0027,https://raw.githubusercontent.com/ambuda-org/vidyut/f3ba4167d40eebc4b3023d24e66867aa6a8cdb32/vidyut-prakriya/data/dhatupatha.tsv,bb2013ead0ea536dc7f887164c385c703cb0014ccf6e5af35b87e6d3049ba380,
06.0028,6,tfpa~,tfptO,तृप्तौ,1499,single_gloss,1,tfptO,One source gloss; no attempt to invent finer senses within it.,,,,[],06.0028,merge_shared_meanings,06.0028,https://raw.githubusercontent.com/ambuda-org/vidyut/f3ba4167d40eebc4b3023d24e66867aa6a8cdb32/vidyut-prakriya/data/dhatupatha.tsv,bb2013ead0ea536dc7f887164c385c703cb0014ccf6e5af35b87e6d3049ba380,IR181
06.0029,6,fha~,katTanayudDanindAhiMsAdAnezu,कत्थनयुद्धनिन्दाहिंसादानेषु,1500,enumerated_glosses,5,katTane; yudDe; nindAyAm; hiMsAyAm; dAne,Explicit analyst segmentation; retain the original compound for review.,,,,[],06.0029,not_flagged_by_exact_citation_check,,https://raw.githubusercontent.com/ambuda-org/vidyut/f3ba4167d40eebc4b3023d24e66867aa6a8cdb32/vidyut-prakriya/data/dhatupatha.tsv,bb2013ead0ea536dc7f887164c385c703cb0014ccf6e5af35b87e6d3049ba380,
06.0030,6,tfPa~,tfptO,तृप्तौ,1501,single_gloss,1,tfptO,One source gloss; no attempt to invent finer senses within it.,,,,[],06.0030,not_flagged_by_exact_citation_check,06.0030,https://raw.githubusercontent.com/ambuda-org/vidyut/f3ba4167d40eebc4b3023d24e66867aa6a8cdb32/vidyut-prakriya/data/dhatupatha.tsv,bb2013ead0ea536dc7f887164c385c703cb0014ccf6e5af35b87e6d3049ba380,
06.0031,6,tfnPa~,tfptO,तृप्तौ,1502,single_gloss,1,tfptO,One source gloss; no attempt to invent finer senses within it.,,,,[],06.0031,not_flagged_by_exact_citation_check,,https://raw.githubusercontent.com/ambuda-org/vidyut/f3ba4167d40eebc4b3023d24e66867aa6a8cdb32/vidyut-prakriya/data/dhatupatha.tsv,bb2013ead0ea536dc7f887164c385c703cb0014ccf6e5af35b87e6d3049ba380,
06.0032,6,tupa~,hiMsAyAm,हिंसायाम्,1503,single_gloss,1,hiMsAyAm,One source gloss; no attempt to invent finer senses within it.,,,,[],06.0032,merge_shared_meanings,06.0032,https://raw.githubusercontent.com/ambuda-org/vidyut/f3ba4167d40eebc4b3023d24e66867aa6a8cdb32/vidyut-prakriya/data/dhatupatha.tsv,bb2013ead0ea536dc7f887164c385c703cb0014ccf6e5af35b87e6d3049ba380,IR191
06.0033,6,tunpa~,hiMsAyAm,हिंसायाम्,1504,single_gloss,1,hiMsAyAm,One source gloss; no attempt to invent finer senses within it.,,,,[],06.0033,merge_shared_meanings,,https://raw.githubusercontent.com/ambuda-org/vidyut/f3ba4167d40eebc4b3023d24e66867aa6a8cdb32/vidyut-prakriya/data/dhatupatha.tsv,bb2013ead0ea536dc7f887164c385c703cb0014ccf6e5af35b87e6d3049ba380,IR190
06.0034,6,tuPa~,hiMsAyAm,हिंसायाम्,1505,single_gloss,1,hiMsAyAm,One source gloss; no attempt to invent finer senses within it.,,,,[],06.0034,merge_shared_meanings,06.0034,https://raw.githubusercontent.com/ambuda-org/vidyut/f3ba4167d40eebc4b3023d24e66867aa6a8cdb32/vidyut-prakriya/data/dhatupatha.tsv,bb2013ead0ea536dc7f887164c385c703cb0014ccf6e5af35b87e6d3049ba380,IR185
06.0035,6,tunPa~,hiMsAyAm,हिंसायाम्,1506,single_gloss,1,hiMsAyAm,One source gloss; no attempt to invent finer senses within it.,,,,[],06.0035,merge_shared_meanings,,https://raw.githubusercontent.com/ambuda-org/vidyut/f3ba4167d40eebc4b3023d24e66867aa6a8cdb32/vidyut-prakriya/data/dhatupatha.tsv,bb2013ead0ea536dc7f887164c385c703cb0014ccf6e5af35b87e6d3049ba380,IR189
06.0036,6,dfpa~,utkleSe,उत्क्लेशे,1507,single_gloss,1,utkleSe,One source gloss; no attempt to invent finer senses within it.,,,,[],06.0036,retain_distinct_meanings,06.0036,https://raw.githubusercontent.com/ambuda-org/vidyut/f3ba4167d40eebc4b3023d24e66867aa6a8cdb32/vidyut-prakriya/data/dhatupatha.tsv,bb2013ead0ea536dc7f887164c385c703cb0014ccf6e5af35b87e6d3049ba380,IR61
06.0037,6,stfnhU~,hiMsAyAm,हिंसायाम्,1508,single_gloss,1,hiMsAyAm,One source gloss; no attempt to invent finer senses within it.,,,,[],06.0037,not_flagged_by_exact_citation_check,,https://raw.githubusercontent.com/ambuda-org/vidyut/f3ba4167d40eebc4b3023d24e66867aa6a8cdb32/vidyut-prakriya/data/dhatupatha.tsv,bb2013ead0ea536dc7f887164c385c703cb0014ccf6e5af35b87e6d3049ba380,
06.0038,6,dfPa~,utkleSe,उत्क्लेशे,1509,single_gloss,1,utkleSe,One source gloss; no attempt to invent finer senses within it.,,,,[],06.0038,not_flagged_by_exact_citation_check,06.0038,https://raw.githubusercontent.com/ambuda-org/vidyut/f3ba4167d40eebc4b3023d24e66867aa6a8cdb32/vidyut-prakriya/data/dhatupatha.tsv,bb2013ead0ea536dc7f887164c385c703cb0014ccf6e5af35b87e6d3049ba380,
06.0039,6,dfnPa~,utkleSe,उत्क्लेशे,1510,single_gloss,1,utkleSe,One source gloss; no attempt to invent finer senses within it.,,,,[],06.0039,not_flagged_by_exact_citation_check,,https://raw.githubusercontent.com/ambuda-org/vidyut/f3ba4167d40eebc4b3023d24e66867aa6a8cdb32/vidyut-prakriya/data/dhatupatha.tsv,bb2013ead0ea536dc7f887164c385c703cb0014ccf6e5af35b87e6d3049ba380,
06.0040,6,fPa~,hiMsAyAm,हिंसायाम्,1511,single_gloss,1,hiMsAyAm,One source gloss; no attempt to invent finer senses within it.,,,,[],06.0040,not_flagged_by_exact_citation_check,06.0040,https://raw.githubusercontent.com/ambuda-org/vidyut/f3ba4167d40eebc4b3023d24e66867aa6a8cdb32/vidyut-prakriya/data/dhatupatha.tsv,bb2013ead0ea536dc7f887164c385c703cb0014ccf6e5af35b87e6d3049ba380,
06.0041,6,fnPa~,hiMsAyAm,हिंसायाम्,1512,single_gloss,1,hiMsAyAm,One source gloss; no attempt to invent finer senses within it.,,,,[],06.0041,not_flagged_by_exact_citation_check,,https://raw.githubusercontent.com/ambuda-org/vidyut/f3ba4167d40eebc4b3023d24e66867aa6a8cdb32/vidyut-prakriya/data/dhatupatha.tsv,bb2013ead0ea536dc7f887164c385c703cb0014ccf6e5af35b87e6d3049ba380,
06.0042,6,guPa~,granTe,ग्रन्थे,1513,single_gloss,1,granTe,One source gloss; no attempt to invent finer senses within it.,,,,[],06.0042,not_flagged_by_exact_citation_check,06.0042,https://raw.githubusercontent.com/ambuda-org/vidyut/f3ba4167d40eebc4b3023d24e66867aa6a8cdb32/vidyut-prakriya/data/dhatupatha.tsv,bb2013ead0ea536dc7f887164c385c703cb0014ccf6e5af35b87e6d3049ba380,
06.0043,6,gunPa~,granTe,ग्रन्थे,1514,single_gloss,1,granTe,One source gloss; no attempt to invent finer senses within it.,,,,[],06.0043,not_flagged_by_exact_citation_check,,https://raw.githubusercontent.com/ambuda-org/vidyut/f3ba4167d40eebc4b3023d24e66867aa6a8cdb32/vidyut-prakriya/data/dhatupatha.tsv,bb2013ead0ea536dc7f887164c385c703cb0014ccf6e5af35b87e6d3049ba380,
06.0044,6,uBa~,pUraRe,पूरणे,1515,single_gloss,1,pUraRe,One source gloss; no attempt to invent finer senses within it.,,,,[],06.0044,not_flagged_by_exact_citation_check,06.0044,https://raw.githubusercontent.com/ambuda-org/vidyut/f3ba4167d40eebc4b3023d24e66867aa6a8cdb32/vidyut-prakriya/data/dhatupatha.tsv,bb2013ead0ea536dc7f887164c385c703cb0014ccf6e5af35b87e6d3049ba380,
06.0045,6,unBa~,pUraRe,पूरणे,1516,single_gloss,1,pUraRe,One source gloss; no attempt to invent finer senses within it.,,,,[],06.0045,not_flagged_by_exact_citation_check,,https://raw.githubusercontent.com/ambuda-org/vidyut/f3ba4167d40eebc4b3023d24e66867aa6a8cdb32/vidyut-prakriya/data/dhatupatha.tsv,bb2013ead0ea536dc7f887164c385c703cb0014ccf6e5af35b87e6d3049ba380,
06.0046,6,SuBa~,SoBAyAm,शोभायाम्,1517,single_gloss,1,SoBAyAm,One source gloss; no attempt to invent finer senses within it.,,,,[],06.0046,open,06.0046,https://raw.githubusercontent.com/ambuda-org/vidyut/f3ba4167d40eebc4b3023d24e66867aa6a8cdb32/vidyut-prakriya/data/dhatupatha.tsv,bb2013ead0ea536dc7f887164c385c703cb0014ccf6e5af35b87e6d3049ba380,IR28
06.0047,6,SunBa~,SoBAyAm,शोभायाम्,1518,single_gloss,1,SoBAyAm,One source gloss; no attempt to invent finer senses within it.,,,,[],06.0047,open,,https://raw.githubusercontent.com/ambuda-org/vidyut/f3ba4167d40eebc4b3023d24e66867aa6a8cdb32/vidyut-prakriya/data/dhatupatha.tsv,bb2013ead0ea536dc7f887164c385c703cb0014ccf6e5af35b87e6d3049ba380,IR31
06.0048,6,dfBI~,granTe,ग्रन्थे,1519,single_gloss,1,granTe,One source gloss; no attempt to invent finer senses within it.,,,,[],06.0048,retain_distinct_meanings,06.0048,https://raw.githubusercontent.com/ambuda-org/vidyut/f3ba4167d40eebc4b3023d24e66867aa6a8cdb32/vidyut-prakriya/data/dhatupatha.tsv,bb2013ead0ea536dc7f887164c385c703cb0014ccf6e5af35b87e6d3049ba380,IR60
06.0049,6,cftI~,hiMsAgranTanayoH,हिंसाग्रन्थनयोः,1520,enumerated_glosses,2,hiMsAyAm; granTane,Explicit analyst segmentation; retain the original compound for review.,,,,[],06.0049,not_flagged_by_exact_citation_check,06.0049,https://raw.githubusercontent.com/ambuda-org/vidyut/f3ba4167d40eebc4b3023d24e66867aa6a8cdb32/vidyut-prakriya/data/dhatupatha.tsv,bb2013ead0ea536dc7f887164c385c703cb0014ccf6e5af35b87e6d3049ba380,
06.0050,6,viDa~,viDAne,विधाने,1521,single_gloss,1,viDAne,One source gloss; no attempt to invent finer senses within it.,,,,[],06.0050,not_flagged_by_exact_citation_check,06.0050,https://raw.githubusercontent.com/ambuda-org/vidyut/f3ba4167d40eebc4b3023d24e66867aa6a8cdb32/vidyut-prakriya/data/dhatupatha.tsv,bb2013ead0ea536dc7f887164c385c703cb0014ccf6e5af35b87e6d3049ba380,
06.0051,6,juqa~,gatO banDane ca,गतौ बन्धने च,1522,enumerated_glosses,2,gatO; banDane,Visible enumeration; semantic overlap still belongs to lexical review.,,,,[],06.0051,merge_shared_meanings,06.0051,https://raw.githubusercontent.com/ambuda-org/vidyut/f3ba4167d40eebc4b3023d24e66867aa6a8cdb32/vidyut-prakriya/data/dhatupatha.tsv,bb2013ead0ea536dc7f887164c385c703cb0014ccf6e5af35b87e6d3049ba380,IR89
06.0052,6,juna~,gatO banDane ca,गतौ बन्धने च,1523,enumerated_glosses,2,gatO; banDane,Visible enumeration; semantic overlap still belongs to lexical review.,,,,[],06.0052,not_flagged_by_exact_citation_check,06.0052,https://raw.githubusercontent.com/ambuda-org/vidyut/f3ba4167d40eebc4b3023d24e66867aa6a8cdb32/vidyut-prakriya/data/dhatupatha.tsv,bb2013ead0ea536dc7f887164c385c703cb0014ccf6e5af35b87e6d3049ba380,
06.0053,6,mfqa~,suKane,सुखने,1524,single_gloss,1,suKane,One source gloss; no attempt to invent finer senses within it.,,,,[],06.0053,merge_shared_meanings,06.0053,https://raw.githubusercontent.com/ambuda-org/vidyut/f3ba4167d40eebc4b3023d24e66867aa6a8cdb32/vidyut-prakriya/data/dhatupatha.tsv,bb2013ead0ea536dc7f887164c385c703cb0014ccf6e5af35b87e6d3049ba380,IR135
06.0054,6,pfqa~,suKane,सुखने,1525,single_gloss,1,suKane,One source gloss; no attempt to invent finer senses within it.,,,,[],06.0054,not_flagged_by_exact_citation_check,06.0054,https://raw.githubusercontent.com/ambuda-org/vidyut/f3ba4167d40eebc4b3023d24e66867aa6a8cdb32/vidyut-prakriya/data/dhatupatha.tsv,bb2013ead0ea536dc7f887164c385c703cb0014ccf6e5af35b87e6d3049ba380,
06.0055,6,pfRa~,prIRane,प्रीणने,1526,single_gloss,1,prIRane,One source gloss; no attempt to invent finer senses within it.,,,,[],06.0055,not_flagged_by_exact_citation_check,06.0055,https://raw.githubusercontent.com/ambuda-org/vidyut/f3ba4167d40eebc4b3023d24e66867aa6a8cdb32/vidyut-prakriya/data/dhatupatha.tsv,bb2013ead0ea536dc7f887164c385c703cb0014ccf6e5af35b87e6d3049ba380,
06.0056,6,vfRa~,prIRane,प्रीणने,1527,single_gloss,1,prIRane,One source gloss; no attempt to invent finer senses within it.,,,,[],06.0056,not_flagged_by_exact_citation_check,06.0056,https://raw.githubusercontent.com/ambuda-org/vidyut/f3ba4167d40eebc4b3023d24e66867aa6a8cdb32/vidyut-prakriya/data/dhatupatha.tsv,bb2013ead0ea536dc7f887164c385c703cb0014ccf6e5af35b87e6d3049ba380,
06.0057,6,mfRa~,hiMsAyAm,हिंसायाम्,1528,single_gloss,1,hiMsAyAm,One source gloss; no attempt to invent finer senses within it.,,,,[],06.0057,not_flagged_by_exact_citation_check,06.0057,https://raw.githubusercontent.com/ambuda-org/vidyut/f3ba4167d40eebc4b3023d24e66867aa6a8cdb32/vidyut-prakriya/data/dhatupatha.tsv,bb2013ead0ea536dc7f887164c385c703cb0014ccf6e5af35b87e6d3049ba380,
06.0058,6,tuRa~,kOwilye,कौटिल्ये,1529,single_gloss,1,kOwilye,One source gloss; no attempt to invent finer senses within it.,,,,[],06.0058,not_flagged_by_exact_citation_check,06.0058,https://raw.githubusercontent.com/ambuda-org/vidyut/f3ba4167d40eebc4b3023d24e66867aa6a8cdb32/vidyut-prakriya/data/dhatupatha.tsv,bb2013ead0ea536dc7f887164c385c703cb0014ccf6e5af35b87e6d3049ba380,
06.0059,6,puRa~,karmaRi SuBe,कर्मणि शुभे,1530,single_gloss,1,karmaRi SuBe,"A qualified phrase, not one meaning per word.",,,,[],06.0059,retain_distinct_meanings,06.0059,https://raw.githubusercontent.com/ambuda-org/vidyut/f3ba4167d40eebc4b3023d24e66867aa6a8cdb32/vidyut-prakriya/data/dhatupatha.tsv,bb2013ead0ea536dc7f887164c385c703cb0014ccf6e5af35b87e6d3049ba380,IR151
06.0060,6,muRa~,pratijYAne,प्रतिज्ञाने,1531,single_gloss,1,pratijYAne,One source gloss; no attempt to invent finer senses within it.,,,,[],06.0060,not_flagged_by_exact_citation_check,06.0060,https://raw.githubusercontent.com/ambuda-org/vidyut/f3ba4167d40eebc4b3023d24e66867aa6a8cdb32/vidyut-prakriya/data/dhatupatha.tsv,bb2013ead0ea536dc7f887164c385c703cb0014ccf6e5af35b87e6d3049ba380,
06.0061,6,kuRa~,SabdopakaraRayoH,शब्दोपकरणयोः,1532,enumerated_glosses,2,Sabde; upakaraRe,Explicit analyst segmentation; retain the original compound for review.,,,,[],06.0061,not_flagged_by_exact_citation_check,06.0061,https://raw.githubusercontent.com/ambuda-org/vidyut/f3ba4167d40eebc4b3023d24e66867aa6a8cdb32/vidyut-prakriya/data/dhatupatha.tsv,bb2013ead0ea536dc7f887164c385c703cb0014ccf6e5af35b87e6d3049ba380,
06.0062,6,Suna~,gatO,गतौ,1533,single_gloss,1,gatO,One source gloss; no attempt to invent finer senses within it.,,,,[],06.0062,not_flagged_by_exact_citation_check,06.0062,https://raw.githubusercontent.com/ambuda-org/vidyut/f3ba4167d40eebc4b3023d24e66867aa6a8cdb32/vidyut-prakriya/data/dhatupatha.tsv,bb2013ead0ea536dc7f887164c385c703cb0014ccf6e5af35b87e6d3049ba380,
06.0063,6,druRa~,hiMsAgatikOwilyezu,हिंसागतिकौटिल्येषु,1534,enumerated_glosses,3,hiMsAyAm; gatO; kOwilye,Explicit analyst segmentation; retain the original compound for review.,,,,[],06.0063,not_flagged_by_exact_citation_check,06.0063,https://raw.githubusercontent.com/ambuda-org/vidyut/f3ba4167d40eebc4b3023d24e66867aa6a8cdb32/vidyut-prakriya/data/dhatupatha.tsv,bb2013ead0ea536dc7f887164c385c703cb0014ccf6e5af35b87e6d3049ba380,
06.0064,6,GuRa~,BramaRe,भ्रमणे,1535,single_gloss,1,BramaRe,One source gloss; no attempt to invent finer senses within it.,,,,[],06.0064,not_flagged_by_exact_citation_check,06.0064,https://raw.githubusercontent.com/ambuda-org/vidyut/f3ba4167d40eebc4b3023d24e66867aa6a8cdb32/vidyut-prakriya/data/dhatupatha.tsv,bb2013ead0ea536dc7f887164c385c703cb0014ccf6e5af35b87e6d3049ba380,
06.0065,6,GUrRa~,BramaRe,भ्रमणे,1536,single_gloss,1,BramaRe,One source gloss; no attempt to invent finer senses within it.,,,,[],06.0065,not_flagged_by_exact_citation_check,06.0065,https://raw.githubusercontent.com/ambuda-org/vidyut/f3ba4167d40eebc4b3023d24e66867aa6a8cdb32/vidyut-prakriya/data/dhatupatha.tsv,bb2013ead0ea536dc7f887164c385c703cb0014ccf6e5af35b87e6d3049ba380,
06.0066,6,zura~,ESvaryadIptyoH,ऐश्वर्यदीप्त्योः,1537,enumerated_glosses,2,ESvarye; dIptO,Explicit analyst segmentation; retain the original compound for review.,,,,[],06.0066,not_flagged_by_exact_citation_check,06.0066,https://raw.githubusercontent.com/ambuda-org/vidyut/f3ba4167d40eebc4b3023d24e66867aa6a8cdb32/vidyut-prakriya/data/dhatupatha.tsv,bb2013ead0ea536dc7f887164c385c703cb0014ccf6e5af35b87e6d3049ba380,
06.0067,6,kura~,Sabde,शब्दे,1538,single_gloss,1,Sabde,One source gloss; no attempt to invent finer senses within it.,,,,[],06.0067,not_flagged_by_exact_citation_check,06.0067,https://raw.githubusercontent.com/ambuda-org/vidyut/f3ba4167d40eebc4b3023d24e66867aa6a8cdb32/vidyut-prakriya/data/dhatupatha.tsv,bb2013ead0ea536dc7f887164c385c703cb0014ccf6e5af35b87e6d3049ba380,
06.0068,6,Kura~,Cedane KaRqane ca,छेदने खण्डने च,1539,enumerated_glosses,2,Cedane; KaRqane,Visible enumeration; semantic overlap still belongs to lexical review.,,,,[],06.0068,not_flagged_by_exact_citation_check,06.0068,https://raw.githubusercontent.com/ambuda-org/vidyut/f3ba4167d40eebc4b3023d24e66867aa6a8cdb32/vidyut-prakriya/data/dhatupatha.tsv,bb2013ead0ea536dc7f887164c385c703cb0014ccf6e5af35b87e6d3049ba380,
06.0069,6,mura~,saMvezwane parivezwane ca,संवेष्टने परिवेष्टने च,1540,enumerated_glosses,2,saMvezwane; parivezwane,Visible enumeration; semantic overlap still belongs to lexical review.,,,,[],06.0069,not_flagged_by_exact_citation_check,06.0069,https://raw.githubusercontent.com/ambuda-org/vidyut/f3ba4167d40eebc4b3023d24e66867aa6a8cdb32/vidyut-prakriya/data/dhatupatha.tsv,bb2013ead0ea536dc7f887164c385c703cb0014ccf6e5af35b87e6d3049ba380,
06.0070,6,kzura~,vileKane,विलेखने,1541,single_gloss,1,vileKane,One source gloss; no attempt to invent finer senses within it.,,,,[],06.0070,not_flagged_by_exact_citation_check,06.0070,https://raw.githubusercontent.com/ambuda-org/vidyut/f3ba4167d40eebc4b3023d24e66867aa6a8cdb32/vidyut-prakriya/data/dhatupatha.tsv,bb2013ead0ea536dc7f887164c385c703cb0014ccf6e5af35b87e6d3049ba380,
06.0071,6,Gura~,BImArTaSabdayoH,भीमार्थशब्दयोः,1542,enumerated_glosses,2,BImArTe; Sabde,Explicit analyst segmentation; retain the original compound for review.,,,,[],06.0071,not_flagged_by_exact_citation_check,06.0071,https://raw.githubusercontent.com/ambuda-org/vidyut/f3ba4167d40eebc4b3023d24e66867aa6a8cdb32/vidyut-prakriya/data/dhatupatha.tsv,bb2013ead0ea536dc7f887164c385c703cb0014ccf6e5af35b87e6d3049ba380,
06.0072,6,pura~,agragamane,अग्रगमने,1543,single_gloss,1,agragamane,One source gloss; no attempt to invent finer senses within it.,,,,[],06.0072,not_flagged_by_exact_citation_check,06.0072,https://raw.githubusercontent.com/ambuda-org/vidyut/f3ba4167d40eebc4b3023d24e66867aa6a8cdb32/vidyut-prakriya/data/dhatupatha.tsv,bb2013ead0ea536dc7f887164c385c703cb0014ccf6e5af35b87e6d3049ba380,
06.0073,6,vfhU~,udyamane,उद्यमने,1544,single_gloss,1,udyamane,One source gloss; no attempt to invent finer senses within it.,,,,[],06.0073,not_flagged_by_exact_citation_check,06.0073,https://raw.githubusercontent.com/ambuda-org/vidyut/f3ba4167d40eebc4b3023d24e66867aa6a8cdb32/vidyut-prakriya/data/dhatupatha.tsv,bb2013ead0ea536dc7f887164c385c703cb0014ccf6e5af35b87e6d3049ba380,
06.0074,6,bfhU~,udyamane,उद्यमने,1545,single_gloss,1,udyamane,One source gloss; no attempt to invent finer senses within it.,,,,[],06.0074,not_flagged_by_exact_citation_check,06.0074,https://raw.githubusercontent.com/ambuda-org/vidyut/f3ba4167d40eebc4b3023d24e66867aa6a8cdb32/vidyut-prakriya/data/dhatupatha.tsv,bb2013ead0ea536dc7f887164c385c703cb0014ccf6e5af35b87e6d3049ba380,
06.0075,6,tfhU~,hiMsAyAm,हिंसायाम्,1546,single_gloss,1,hiMsAyAm,One source gloss; no attempt to invent finer senses within it.,,,,[],06.0075,not_flagged_by_exact_citation_check,06.0075,https://raw.githubusercontent.com/ambuda-org/vidyut/f3ba4167d40eebc4b3023d24e66867aa6a8cdb32/vidyut-prakriya/data/dhatupatha.tsv,bb2013ead0ea536dc7f887164c385c703cb0014ccf6e5af35b87e6d3049ba380,
06.0076,6,stfhU~,hiMsAyAm,हिंसायाम्,1547,single_gloss,1,hiMsAyAm,One source gloss; no attempt to invent finer senses within it.,,,,[],06.0076,not_flagged_by_exact_citation_check,06.0076,https://raw.githubusercontent.com/ambuda-org/vidyut/f3ba4167d40eebc4b3023d24e66867aa6a8cdb32/vidyut-prakriya/data/dhatupatha.tsv,bb2013ead0ea536dc7f887164c385c703cb0014ccf6e5af35b87e6d3049ba380,
06.0077,6,tfnhU~,hiMsAyAm,हिंसायाम्,1548,single_gloss,1,hiMsAyAm,One source gloss; no attempt to invent finer senses within it.,,,,[],06.0077,not_flagged_by_exact_citation_check,,https://raw.githubusercontent.com/ambuda-org/vidyut/f3ba4167d40eebc4b3023d24e66867aa6a8cdb32/vidyut-prakriya/data/dhatupatha.tsv,bb2013ead0ea536dc7f887164c385c703cb0014ccf6e5af35b87e6d3049ba380,
06.0078,6,izu~,icCAyAm,इच्छायाम्,1549,single_gloss,1,icCAyAm,One source gloss; no attempt to invent finer senses within it.,,,,[],06.0078,not_flagged_by_exact_citation_check,06.0078,https://raw.githubusercontent.com/ambuda-org/vidyut/f3ba4167d40eebc4b3023d24e66867aa6a8cdb32/vidyut-prakriya/data/dhatupatha.tsv,bb2013ead0ea536dc7f887164c385c703cb0014ccf6e5af35b87e6d3049ba380,
06.0079,6,miza~,sparDAyAm,स्पर्धायाम्,1550,single_gloss,1,sparDAyAm,One source gloss; no attempt to invent finer senses within it.,,,,[],06.0079,not_flagged_by_exact_citation_check,06.0079,https://raw.githubusercontent.com/ambuda-org/vidyut/f3ba4167d40eebc4b3023d24e66867aa6a8cdb32/vidyut-prakriya/data/dhatupatha.tsv,bb2013ead0ea536dc7f887164c385c703cb0014ccf6e5af35b87e6d3049ba380,
06.0080,6,kila~,SvEtyakrIqanayoH,श्वैत्यक्रीडनयोः,1551,enumerated_glosses,2,SvEtye; krIqane,Explicit analyst segmentation; retain the original compound for review.,,,,[],06.0080,retain_distinct_meanings,06.0080,https://raw.githubusercontent.com/ambuda-org/vidyut/f3ba4167d40eebc4b3023d24e66867aa6a8cdb32/vidyut-prakriya/data/dhatupatha.tsv,bb2013ead0ea536dc7f887164c385c703cb0014ccf6e5af35b87e6d3049ba380,IR97
06.0081,6,tila~,snehane,स्नेहने,1552,single_gloss,1,snehane,One source gloss; no attempt to invent finer senses within it.,,,,[],06.0081,merge_shared_meanings,06.0081,https://raw.githubusercontent.com/ambuda-org/vidyut/f3ba4167d40eebc4b3023d24e66867aa6a8cdb32/vidyut-prakriya/data/dhatupatha.tsv,bb2013ead0ea536dc7f887164c385c703cb0014ccf6e5af35b87e6d3049ba380,IR182
06.0082,6,cila~,vasane,वसने,1553,single_gloss,1,vasane,One source gloss; no attempt to invent finer senses within it.,,,,[],06.0082,not_flagged_by_exact_citation_check,06.0082,https://raw.githubusercontent.com/ambuda-org/vidyut/f3ba4167d40eebc4b3023d24e66867aa6a8cdb32/vidyut-prakriya/data/dhatupatha.tsv,bb2013ead0ea536dc7f887164c385c703cb0014ccf6e5af35b87e6d3049ba380,
06.0083,6,cala~,vilasane vikasane ca,विलसने विकसने च,1554,enumerated_glosses,2,vilasane; vikasane,Visible enumeration; semantic overlap still belongs to lexical review.,,,,[],06.0083,merge_shared_meanings,06.0083,https://raw.githubusercontent.com/ambuda-org/vidyut/f3ba4167d40eebc4b3023d24e66867aa6a8cdb32/vidyut-prakriya/data/dhatupatha.tsv,bb2013ead0ea536dc7f887164c385c703cb0014ccf6e5af35b87e6d3049ba380,IR46
06.0084,6,ila~,svapnakzepaRayoH,स्वप्नक्षेपणयोः,1555,enumerated_glosses,2,svapne; kzepaRe,Explicit analyst segmentation; retain the original compound for review.,,,,[],06.0084,retain_distinct_meanings,06.0084,https://raw.githubusercontent.com/ambuda-org/vidyut/f3ba4167d40eebc4b3023d24e66867aa6a8cdb32/vidyut-prakriya/data/dhatupatha.tsv,bb2013ead0ea536dc7f887164c385c703cb0014ccf6e5af35b87e6d3049ba380,IR80
06.0085,6,vila~,saMvaraRe,संवरणे,1556,single_gloss,1,saMvaraRe,One source gloss; no attempt to invent finer senses within it.,,,,[],06.0085,retain_distinct_meanings,06.0085,https://raw.githubusercontent.com/ambuda-org/vidyut/f3ba4167d40eebc4b3023d24e66867aa6a8cdb32/vidyut-prakriya/data/dhatupatha.tsv,bb2013ead0ea536dc7f887164c385c703cb0014ccf6e5af35b87e6d3049ba380,IR207
06.0086,6,bila~,Bedane,भेदने,1557,single_gloss,1,Bedane,One source gloss; no attempt to invent finer senses within it.,,,,[],06.0086,merge_shared_meanings,06.0086,https://raw.githubusercontent.com/ambuda-org/vidyut/f3ba4167d40eebc4b3023d24e66867aa6a8cdb32/vidyut-prakriya/data/dhatupatha.tsv,bb2013ead0ea536dc7f887164c385c703cb0014ccf6e5af35b87e6d3049ba380,IR42
06.0087,6,Rila~,gahane,गहने,1558,single_gloss,1,gahane,One source gloss; no attempt to invent finer senses within it.,,,,[],06.0087,not_flagged_by_exact_citation_check,06.0087,https://raw.githubusercontent.com/ambuda-org/vidyut/f3ba4167d40eebc4b3023d24e66867aa6a8cdb32/vidyut-prakriya/data/dhatupatha.tsv,bb2013ead0ea536dc7f887164c385c703cb0014ccf6e5af35b87e6d3049ba380,
06.0088,6,hila~,BAvakaraRe,भावकरणे,1559,single_gloss,1,BAvakaraRe,One source gloss; no attempt to invent finer senses within it.,,,,[],06.0088,not_flagged_by_exact_citation_check,06.0088,https://raw.githubusercontent.com/ambuda-org/vidyut/f3ba4167d40eebc4b3023d24e66867aa6a8cdb32/vidyut-prakriya/data/dhatupatha.tsv,bb2013ead0ea536dc7f887164c385c703cb0014ccf6e5af35b87e6d3049ba380,
06.0089,6,Sila~,uYCe,उञ्छे,1560,single_gloss,1,uYCe,One source gloss; no attempt to invent finer senses within it.,,,,[],06.0089,not_flagged_by_exact_citation_check,06.0089,https://raw.githubusercontent.com/ambuda-org/vidyut/f3ba4167d40eebc4b3023d24e66867aa6a8cdb32/vidyut-prakriya/data/dhatupatha.tsv,bb2013ead0ea536dc7f887164c385c703cb0014ccf6e5af35b87e6d3049ba380,
06.0090,6,zila~,uYCe,उञ्छे,1561,single_gloss,1,uYCe,One source gloss; no attempt to invent finer senses within it.,,,,[],06.0090,not_flagged_by_exact_citation_check,06.0090,https://raw.githubusercontent.com/ambuda-org/vidyut/f3ba4167d40eebc4b3023d24e66867aa6a8cdb32/vidyut-prakriya/data/dhatupatha.tsv,bb2013ead0ea536dc7f887164c385c703cb0014ccf6e5af35b87e6d3049ba380,
06.0091,6,mila~,SlezaRe,श्लेषणे,1562,single_gloss,1,SlezaRe,One source gloss; no attempt to invent finer senses within it.,,,,[],06.0091,not_flagged_by_exact_citation_check,06.0091,https://raw.githubusercontent.com/ambuda-org/vidyut/f3ba4167d40eebc4b3023d24e66867aa6a8cdb32/vidyut-prakriya/data/dhatupatha.tsv,bb2013ead0ea536dc7f887164c385c703cb0014ccf6e5af35b87e6d3049ba380,
06.0092,6,liKa~,akzaravinyAse,अक्षरविन्यासे,1563,single_gloss,1,akzaravinyAse,One source gloss; no attempt to invent finer senses within it.,,,,[],06.0092,not_flagged_by_exact_citation_check,06.0092,https://raw.githubusercontent.com/ambuda-org/vidyut/f3ba4167d40eebc4b3023d24e66867aa6a8cdb32/vidyut-prakriya/data/dhatupatha.tsv,bb2013ead0ea536dc7f887164c385c703cb0014ccf6e5af35b87e6d3049ba380,
06.0093,6,kuwa~,kOwilye,कौटिल्ये,1564,single_gloss,1,kOwilye,One source gloss; no attempt to invent finer senses within it.,,,,[],06.0093,retain_distinct_meanings,06.0093,https://raw.githubusercontent.com/ambuda-org/vidyut/f3ba4167d40eebc4b3023d24e66867aa6a8cdb32/vidyut-prakriya/data/dhatupatha.tsv,bb2013ead0ea536dc7f887164c385c703cb0014ccf6e5af35b87e6d3049ba380,IR106
06.0094,6,puwa~,saMSlezaRe,संश्लेषणे,1565,single_gloss,1,saMSlezaRe,One source gloss; no attempt to invent finer senses within it.,,,,[],06.0094,retain_distinct_meanings,06.0094,https://raw.githubusercontent.com/ambuda-org/vidyut/f3ba4167d40eebc4b3023d24e66867aa6a8cdb32/vidyut-prakriya/data/dhatupatha.tsv,bb2013ead0ea536dc7f887164c385c703cb0014ccf6e5af35b87e6d3049ba380,IR155
06.0095,6,kuca~,saNkocane,सङ्कोचने,1566,single_gloss,1,saNkocane,One source gloss; no attempt to invent finer senses within it.,,,,[],06.0095,retain_distinct_meanings,06.0095,https://raw.githubusercontent.com/ambuda-org/vidyut/f3ba4167d40eebc4b3023d24e66867aa6a8cdb32/vidyut-prakriya/data/dhatupatha.tsv,bb2013ead0ea536dc7f887164c385c703cb0014ccf6e5af35b87e6d3049ba380,IR103
06.0096,6,guja~,Sabde,शब्दे,1567,single_gloss,1,Sabde,One source gloss; no attempt to invent finer senses within it.,,,,[],06.0096,merge_shared_meanings,06.0096,https://raw.githubusercontent.com/ambuda-org/vidyut/f3ba4167d40eebc4b3023d24e66867aa6a8cdb32/vidyut-prakriya/data/dhatupatha.tsv,bb2013ead0ea536dc7f887164c385c703cb0014ccf6e5af35b87e6d3049ba380,IR75
06.0097,6,guqa~,rakzAyAm,रक्षायाम्,1568,single_gloss,1,rakzAyAm,One source gloss; no attempt to invent finer senses within it.,,,,[],06.0097,not_flagged_by_exact_citation_check,06.0097,https://raw.githubusercontent.com/ambuda-org/vidyut/f3ba4167d40eebc4b3023d24e66867aa6a8cdb32/vidyut-prakriya/data/dhatupatha.tsv,bb2013ead0ea536dc7f887164c385c703cb0014ccf6e5af35b87e6d3049ba380,
06.0098,6,qipa~,kzepe,क्षेपे,1569,single_gloss,1,kzepe,One source gloss; no attempt to invent finer senses within it.,,,,[],06.0098,merge_shared_meanings,06.0098,https://raw.githubusercontent.com/ambuda-org/vidyut/f3ba4167d40eebc4b3023d24e66867aa6a8cdb32/vidyut-prakriya/data/dhatupatha.tsv,bb2013ead0ea536dc7f887164c385c703cb0014ccf6e5af35b87e6d3049ba380,IR158
06.0099,6,Cura~,Cedane,छेदने,1570,single_gloss,1,Cedane,One source gloss; no attempt to invent finer senses within it.,,,,[],06.0099,not_flagged_by_exact_citation_check,,https://raw.githubusercontent.com/ambuda-org/vidyut/f3ba4167d40eebc4b3023d24e66867aa6a8cdb32/vidyut-prakriya/data/dhatupatha.tsv,bb2013ead0ea536dc7f887164c385c703cb0014ccf6e5af35b87e6d3049ba380,
06.0100,6,sPuwa~,vikasane,विकसने,1571,single_gloss,1,vikasane,One source gloss; no attempt to invent finer senses within it.,,,,[],06.0100,retain_distinct_meanings,06.0100,https://raw.githubusercontent.com/ambuda-org/vidyut/f3ba4167d40eebc4b3023d24e66867aa6a8cdb32/vidyut-prakriya/data/dhatupatha.tsv,bb2013ead0ea536dc7f887164c385c703cb0014ccf6e5af35b87e6d3049ba380,IR171
06.0101,6,muwa~,AkzepamardanayoH,आक्षेपमर्दनयोः,1572,enumerated_glosses,2,Akzepe; mardane,Explicit analyst segmentation; retain the original compound for review.,,,,[],06.0101,merge_shared_meanings,06.0101,https://raw.githubusercontent.com/ambuda-org/vidyut/f3ba4167d40eebc4b3023d24e66867aa6a8cdb32/vidyut-prakriya/data/dhatupatha.tsv,bb2013ead0ea536dc7f887164c385c703cb0014ccf6e5af35b87e6d3049ba380,IR139
06.0102,6,truwa~,Cedane,छेदने,1573,single_gloss,1,Cedane,One source gloss; no attempt to invent finer senses within it.,,,,[],06.0102,merge_shared_meanings,06.0102,https://raw.githubusercontent.com/ambuda-org/vidyut/f3ba4167d40eebc4b3023d24e66867aa6a8cdb32/vidyut-prakriya/data/dhatupatha.tsv,bb2013ead0ea536dc7f887164c385c703cb0014ccf6e5af35b87e6d3049ba380,IR183
06.0103,6,tuwa~,kalahakarmaRi,कलहकर्मणि,1574,single_gloss,1,kalahakarmaRi,One source gloss; no attempt to invent finer senses within it.,,,,[],06.0103,not_flagged_by_exact_citation_check,06.0103,https://raw.githubusercontent.com/ambuda-org/vidyut/f3ba4167d40eebc4b3023d24e66867aa6a8cdb32/vidyut-prakriya/data/dhatupatha.tsv,bb2013ead0ea536dc7f887164c385c703cb0014ccf6e5af35b87e6d3049ba380,
06.0104,6,cuwa~,Cedane,छेदने,1575,single_gloss,1,Cedane,One source gloss; no attempt to invent finer senses within it.,,,,[],06.0104,merge_shared_meanings,06.0104;06.0105,https://raw.githubusercontent.com/ambuda-org/vidyut/f3ba4167d40eebc4b3023d24e66867aa6a8cdb32/vidyut-prakriya/data/dhatupatha.tsv,bb2013ead0ea536dc7f887164c385c703cb0014ccf6e5af35b87e6d3049ba380,IR53
06.0105,6,Cuwa~,Cedane,छेदने,1576,single_gloss,1,Cedane,One source gloss; no attempt to invent finer senses within it.,,,,[],06.0105,merge_shared_meanings,,https://raw.githubusercontent.com/ambuda-org/vidyut/f3ba4167d40eebc4b3023d24e66867aa6a8cdb32/vidyut-prakriya/data/dhatupatha.tsv,bb2013ead0ea536dc7f887164c385c703cb0014ccf6e5af35b87e6d3049ba380,IR05
06.0106,6,juqa~,banDane,बन्धने,1577,single_gloss,1,banDane,One source gloss; no attempt to invent finer senses within it.,,,,[],06.0106,merge_shared_meanings,06.0106,https://raw.githubusercontent.com/ambuda-org/vidyut/f3ba4167d40eebc4b3023d24e66867aa6a8cdb32/vidyut-prakriya/data/dhatupatha.tsv,bb2013ead0ea536dc7f887164c385c703cb0014ccf6e5af35b87e6d3049ba380,IR89
06.0107,6,juwa~,banDane,बन्धने,1578,single_gloss,1,banDane,One source gloss; no attempt to invent finer senses within it.,,,,[],06.0107,not_flagged_by_exact_citation_check,06.0107,https://raw.githubusercontent.com/ambuda-org/vidyut/f3ba4167d40eebc4b3023d24e66867aa6a8cdb32/vidyut-prakriya/data/dhatupatha.tsv,bb2013ead0ea536dc7f887164c385c703cb0014ccf6e5af35b87e6d3049ba380,
06.0108,6,kaqa~,made,मदे,1579,single_gloss,1,made,One source gloss; no attempt to invent finer senses within it.,,,,[],06.0108,merge_shared_meanings,06.0108,https://raw.githubusercontent.com/ambuda-org/vidyut/f3ba4167d40eebc4b3023d24e66867aa6a8cdb32/vidyut-prakriya/data/dhatupatha.tsv,bb2013ead0ea536dc7f887164c385c703cb0014ccf6e5af35b87e6d3049ba380,IR94
06.0109,6,luwa~,saMSlezaRe,संश्लेषणे,1580,single_gloss,1,saMSlezaRe,One source gloss; no attempt to invent finer senses within it.,,,,[],06.0109,merge_shared_meanings,06.0109,https://raw.githubusercontent.com/ambuda-org/vidyut/f3ba4167d40eebc4b3023d24e66867aa6a8cdb32/vidyut-prakriya/data/dhatupatha.tsv,bb2013ead0ea536dc7f887164c385c703cb0014ccf6e5af35b87e6d3049ba380,IR127
06.0110,6,luWa~,saMSlezaRe,संश्लेषणे,1581,single_gloss,1,saMSlezaRe,One source gloss; no attempt to invent finer senses within it.,,,,[],06.0110,retain_distinct_meanings,06.0110,https://raw.githubusercontent.com/ambuda-org/vidyut/f3ba4167d40eebc4b3023d24e66867aa6a8cdb32/vidyut-prakriya/data/dhatupatha.tsv,bb2013ead0ea536dc7f887164c385c703cb0014ccf6e5af35b87e6d3049ba380,IR123
06.0111,6,kaqa~,Gasane,घसने,1582,single_gloss,1,Gasane,One source gloss; no attempt to invent finer senses within it.,,,,[],06.0111,merge_shared_meanings,,https://raw.githubusercontent.com/ambuda-org/vidyut/f3ba4167d40eebc4b3023d24e66867aa6a8cdb32/vidyut-prakriya/data/dhatupatha.tsv,bb2013ead0ea536dc7f887164c385c703cb0014ccf6e5af35b87e6d3049ba380,IR94
06.0112,6,kfqa~,Ganatve,घनत्वे,1583,single_gloss,1,Ganatve,One source gloss; no attempt to invent finer senses within it.,,,,[],06.0112,not_flagged_by_exact_citation_check,06.0112,https://raw.githubusercontent.com/ambuda-org/vidyut/f3ba4167d40eebc4b3023d24e66867aa6a8cdb32/vidyut-prakriya/data/dhatupatha.tsv,bb2013ead0ea536dc7f887164c385c703cb0014ccf6e5af35b87e6d3049ba380,
06.0113,6,kuqa~,bAlye,बाल्ये,1584,single_gloss,1,bAlye,One source gloss; no attempt to invent finer senses within it.,,,,[],06.0113,not_flagged_by_exact_citation_check,06.0113,https://raw.githubusercontent.com/ambuda-org/vidyut/f3ba4167d40eebc4b3023d24e66867aa6a8cdb32/vidyut-prakriya/data/dhatupatha.tsv,bb2013ead0ea536dc7f887164c385c703cb0014ccf6e5af35b87e6d3049ba380,
06.0114,6,puqa~,utsarge,उत्सर्गे,1585,single_gloss,1,utsarge,One source gloss; no attempt to invent finer senses within it.,,,,[],06.0114,retain_distinct_meanings,06.0114,https://raw.githubusercontent.com/ambuda-org/vidyut/f3ba4167d40eebc4b3023d24e66867aa6a8cdb32/vidyut-prakriya/data/dhatupatha.tsv,bb2013ead0ea536dc7f887164c385c703cb0014ccf6e5af35b87e6d3049ba380,IR154
06.0115,6,Guwa~,pratiGAte,प्रतिघाते,1586,single_gloss,1,pratiGAte,One source gloss; no attempt to invent finer senses within it.,,,,[],06.0115,not_flagged_by_exact_citation_check,06.0115,https://raw.githubusercontent.com/ambuda-org/vidyut/f3ba4167d40eebc4b3023d24e66867aa6a8cdb32/vidyut-prakriya/data/dhatupatha.tsv,bb2013ead0ea536dc7f887164c385c703cb0014ccf6e5af35b87e6d3049ba380,
06.0116,6,tuqa~,toqane,तोडने,1587,single_gloss,1,toqane,One source gloss; no attempt to invent finer senses within it.,,,,[],06.0116,not_flagged_by_exact_citation_check,06.0116,https://raw.githubusercontent.com/ambuda-org/vidyut/f3ba4167d40eebc4b3023d24e66867aa6a8cdb32/vidyut-prakriya/data/dhatupatha.tsv,bb2013ead0ea536dc7f887164c385c703cb0014ccf6e5af35b87e6d3049ba380,
06.0117,6,Tuqa~,saMvaraRe,संवरणे,1588,single_gloss,1,saMvaraRe,One source gloss; no attempt to invent finer senses within it.,,,,[],06.0117,not_flagged_by_exact_citation_check,06.0117,https://raw.githubusercontent.com/ambuda-org/vidyut/f3ba4167d40eebc4b3023d24e66867aa6a8cdb32/vidyut-prakriya/data/dhatupatha.tsv,bb2013ead0ea536dc7f887164c385c703cb0014ccf6e5af35b87e6d3049ba380,
06.0118,6,sTuqa~,saMvaraRe,संवरणे,1589,single_gloss,1,saMvaraRe,One source gloss; no attempt to invent finer senses within it.,,,,[],06.0118,not_flagged_by_exact_citation_check,06.0118,https://raw.githubusercontent.com/ambuda-org/vidyut/f3ba4167d40eebc4b3023d24e66867aa6a8cdb32/vidyut-prakriya/data/dhatupatha.tsv,bb2013ead0ea536dc7f887164c385c703cb0014ccf6e5af35b87e6d3049ba380,
06.0119,6,Kuqa~,saMvaraRe,संवरणे,1590,single_gloss,1,saMvaraRe,One source gloss; no attempt to invent finer senses within it.,,,,[],06.0119,not_flagged_by_exact_citation_check,06.0119,https://raw.githubusercontent.com/ambuda-org/vidyut/f3ba4167d40eebc4b3023d24e66867aa6a8cdb32/vidyut-prakriya/data/dhatupatha.tsv,bb2013ead0ea536dc7f887164c385c703cb0014ccf6e5af35b87e6d3049ba380,
06.0120,6,Cuqa~,saMvaraRe,संवरणे,1591,single_gloss,1,saMvaraRe,One source gloss; no attempt to invent finer senses within it.,,,,[],06.0120,not_flagged_by_exact_citation_check,,https://raw.githubusercontent.com/ambuda-org/vidyut/f3ba4167d40eebc4b3023d24e66867aa6a8cdb32/vidyut-prakriya/data/dhatupatha.tsv,bb2013ead0ea536dc7f887164c385c703cb0014ccf6e5af35b87e6d3049ba380,
06.0121,6,sPura~,saYcalane,सञ्चलने,1592,single_gloss,1,saYcalane,One source gloss; no attempt to invent finer senses within it.,,,,[],06.0121,not_flagged_by_exact_citation_check,06.0121,https://raw.githubusercontent.com/ambuda-org/vidyut/f3ba4167d40eebc4b3023d24e66867aa6a8cdb32/vidyut-prakriya/data/dhatupatha.tsv,bb2013ead0ea536dc7f887164c385c703cb0014ccf6e5af35b87e6d3049ba380,
06.0122,6,sPula~,saYcalane,सञ्चलने,1593,single_gloss,1,saYcalane,One source gloss; no attempt to invent finer senses within it.,,,,[],06.0122,not_flagged_by_exact_citation_check,06.0122,https://raw.githubusercontent.com/ambuda-org/vidyut/f3ba4167d40eebc4b3023d24e66867aa6a8cdb32/vidyut-prakriya/data/dhatupatha.tsv,bb2013ead0ea536dc7f887164c385c703cb0014ccf6e5af35b87e6d3049ba380,
06.0123,6,sPara~,saYcalane,सञ्चलने,1594,single_gloss,1,saYcalane,One source gloss; no attempt to invent finer senses within it.,,,,[],06.0123,not_flagged_by_exact_citation_check,06.0123,https://raw.githubusercontent.com/ambuda-org/vidyut/f3ba4167d40eebc4b3023d24e66867aa6a8cdb32/vidyut-prakriya/data/dhatupatha.tsv,bb2013ead0ea536dc7f887164c385c703cb0014ccf6e5af35b87e6d3049ba380,
06.0124,6,sPala~,saYcalane,सञ्चलने,1595,single_gloss,1,saYcalane,One source gloss; no attempt to invent finer senses within it.,,,,[],06.0124,not_flagged_by_exact_citation_check,06.0124,https://raw.githubusercontent.com/ambuda-org/vidyut/f3ba4167d40eebc4b3023d24e66867aa6a8cdb32/vidyut-prakriya/data/dhatupatha.tsv,bb2013ead0ea536dc7f887164c385c703cb0014ccf6e5af35b87e6d3049ba380,
06.0125,6,sPuqa~,saMvaraRe,संवरणे,1596,single_gloss,1,saMvaraRe,One source gloss; no attempt to invent finer senses within it.,,,,[],06.0125,not_flagged_by_exact_citation_check,06.0125,https://raw.githubusercontent.com/ambuda-org/vidyut/f3ba4167d40eebc4b3023d24e66867aa6a8cdb32/vidyut-prakriya/data/dhatupatha.tsv,bb2013ead0ea536dc7f887164c385c703cb0014ccf6e5af35b87e6d3049ba380,
06.0126,6,cuqa~,saMvaraRe,संवरणे,1597,single_gloss,1,saMvaraRe,One source gloss; no attempt to invent finer senses within it.,,,,[],06.0126,not_flagged_by_exact_citation_check,06.0120;06.0126,https://raw.githubusercontent.com/ambuda-org/vidyut/f3ba4167d40eebc4b3023d24e66867aa6a8cdb32/vidyut-prakriya/data/dhatupatha.tsv,bb2013ead0ea536dc7f887164c385c703cb0014ccf6e5af35b87e6d3049ba380,
06.0127,6,vruqa~,saMvaraRe,संवरणे,1598,single_gloss,1,saMvaraRe,One source gloss; no attempt to invent finer senses within it.,,,,[],06.0127,not_flagged_by_exact_citation_check,06.0127,https://raw.githubusercontent.com/ambuda-org/vidyut/f3ba4167d40eebc4b3023d24e66867aa6a8cdb32/vidyut-prakriya/data/dhatupatha.tsv,bb2013ead0ea536dc7f887164c385c703cb0014ccf6e5af35b87e6d3049ba380,
06.0128,6,kruqa~,nimajjane,निमज्जने,1599,single_gloss,1,nimajjane,One source gloss; no attempt to invent finer senses within it.,,,,[],06.0128,not_flagged_by_exact_citation_check,06.0128,https://raw.githubusercontent.com/ambuda-org/vidyut/f3ba4167d40eebc4b3023d24e66867aa6a8cdb32/vidyut-prakriya/data/dhatupatha.tsv,bb2013ead0ea536dc7f887164c385c703cb0014ccf6e5af35b87e6d3049ba380,
06.0129,6,Bfqa~,nimajjane,निमज्जने,1600,single_gloss,1,nimajjane,One source gloss; no attempt to invent finer senses within it.,,,,[],06.0129,not_flagged_by_exact_citation_check,06.0129,https://raw.githubusercontent.com/ambuda-org/vidyut/f3ba4167d40eebc4b3023d24e66867aa6a8cdb32/vidyut-prakriya/data/dhatupatha.tsv,bb2013ead0ea536dc7f887164c385c703cb0014ccf6e5af35b87e6d3049ba380,
06.0130,6,huqa~,saNGAte,सङ्घाते,1601,single_gloss,1,saNGAte,One source gloss; no attempt to invent finer senses within it.,,,,[],06.0130,not_flagged_by_exact_citation_check,,https://raw.githubusercontent.com/ambuda-org/vidyut/f3ba4167d40eebc4b3023d24e66867aa6a8cdb32/vidyut-prakriya/data/dhatupatha.tsv,bb2013ead0ea536dc7f887164c385c703cb0014ccf6e5af35b87e6d3049ba380,
06.0131,6,gurI~\,udyamane,उद्यमने,1602,single_gloss,1,udyamane,One source gloss; no attempt to invent finer senses within it.,,,,[],06.0131,not_flagged_by_exact_citation_check,06.0131,https://raw.githubusercontent.com/ambuda-org/vidyut/f3ba4167d40eebc4b3023d24e66867aa6a8cdb32/vidyut-prakriya/data/dhatupatha.tsv,bb2013ead0ea536dc7f887164c385c703cb0014ccf6e5af35b87e6d3049ba380,
06.0132,6,RU,stavane,स्तवने,1603,single_gloss,1,stavane,One source gloss; no attempt to invent finer senses within it.,,,,[],06.0132,not_flagged_by_exact_citation_check,06.0132,https://raw.githubusercontent.com/ambuda-org/vidyut/f3ba4167d40eebc4b3023d24e66867aa6a8cdb32/vidyut-prakriya/data/dhatupatha.tsv,bb2013ead0ea536dc7f887164c385c703cb0014ccf6e5af35b87e6d3049ba380,
06.0133,6,DU,viDUnane,विधूनने,1604,single_gloss,1,viDUnane,One source gloss; no attempt to invent finer senses within it.,,,,[],06.0133,not_flagged_by_exact_citation_check,06.0133,https://raw.githubusercontent.com/ambuda-org/vidyut/f3ba4167d40eebc4b3023d24e66867aa6a8cdb32/vidyut-prakriya/data/dhatupatha.tsv,bb2013ead0ea536dc7f887164c385c703cb0014ccf6e5af35b87e6d3049ba380,
06.0134,6,gu\,purIzotsarge,पुरीषोत्सर्गे,1605,single_gloss,1,purIzotsarge,One source gloss; no attempt to invent finer senses within it.,,,,[],06.0134,not_flagged_by_exact_citation_check,06.0134,https://raw.githubusercontent.com/ambuda-org/vidyut/f3ba4167d40eebc4b3023d24e66867aa6a8cdb32/vidyut-prakriya/data/dhatupatha.tsv,bb2013ead0ea536dc7f887164c385c703cb0014ccf6e5af35b87e6d3049ba380,
06.0135,6,Dru\,gatisTEryayoH,गतिस्थैर्ययोः,1606,enumerated_glosses,2,gatO; sTErye,Explicit analyst segmentation; retain the original compound for review.,,,,[],06.0135,merge_shared_meanings,06.0135,https://raw.githubusercontent.com/ambuda-org/vidyut/f3ba4167d40eebc4b3023d24e66867aa6a8cdb32/vidyut-prakriya/data/dhatupatha.tsv,bb2013ead0ea536dc7f887164c385c703cb0014ccf6e5af35b87e6d3049ba380,IR09
06.0136,6,ku\N,Sabde,शब्दे,1607,single_gloss,1,Sabde,One source gloss; no attempt to invent finer senses within it.,,,,[],06.0136,open,,https://raw.githubusercontent.com/ambuda-org/vidyut/f3ba4167d40eebc4b3023d24e66867aa6a8cdb32/vidyut-prakriya/data/dhatupatha.tsv,bb2013ead0ea536dc7f887164c385c703cb0014ccf6e5af35b87e6d3049ba380,IR101
06.0137,6,kUN,Sabde,शब्दे,1608,single_gloss,1,Sabde,One source gloss; no attempt to invent finer senses within it.,,,,[],06.0137,not_flagged_by_exact_citation_check,06.0137,https://raw.githubusercontent.com/ambuda-org/vidyut/f3ba4167d40eebc4b3023d24e66867aa6a8cdb32/vidyut-prakriya/data/dhatupatha.tsv,bb2013ead0ea536dc7f887164c385c703cb0014ccf6e5af35b87e6d3049ba380,
06.0138,6,pf\N,vyAyAme,व्यायामे,1609,single_gloss,1,vyAyAme,One source gloss; no attempt to invent finer senses within it.,,,,[],06.0138,not_flagged_by_exact_citation_check,06.0138,https://raw.githubusercontent.com/ambuda-org/vidyut/f3ba4167d40eebc4b3023d24e66867aa6a8cdb32/vidyut-prakriya/data/dhatupatha.tsv,bb2013ead0ea536dc7f887164c385c703cb0014ccf6e5af35b87e6d3049ba380,
06.0139,6,mf\N,prARatyAge,प्राणत्यागे,1610,single_gloss,1,prARatyAge,One source gloss; no attempt to invent finer senses within it.,,,,[],06.0139,not_flagged_by_exact_citation_check,06.0139,https://raw.githubusercontent.com/ambuda-org/vidyut/f3ba4167d40eebc4b3023d24e66867aa6a8cdb32/vidyut-prakriya/data/dhatupatha.tsv,bb2013ead0ea536dc7f887164c385c703cb0014ccf6e5af35b87e6d3049ba380,
06.0140,6,ri\,gatO,गतौ,1611,single_gloss,1,gatO,One source gloss; no attempt to invent finer senses within it.,,,,[],06.0140,retain_distinct_meanings,06.0140,https://raw.githubusercontent.com/ambuda-org/vidyut/f3ba4167d40eebc4b3023d24e66867aa6a8cdb32/vidyut-prakriya/data/dhatupatha.tsv,bb2013ead0ea536dc7f887164c385c703cb0014ccf6e5af35b87e6d3049ba380,IR165
06.0141,6,pi\,gatO,गतौ,1612,single_gloss,1,gatO,One source gloss; no attempt to invent finer senses within it.,,,,[],06.0141,not_flagged_by_exact_citation_check,06.0141,https://raw.githubusercontent.com/ambuda-org/vidyut/f3ba4167d40eebc4b3023d24e66867aa6a8cdb32/vidyut-prakriya/data/dhatupatha.tsv,bb2013ead0ea536dc7f887164c385c703cb0014ccf6e5af35b87e6d3049ba380,
06.0142,6,Di\,DAraRe,धारणे,1613,single_gloss,1,DAraRe,One source gloss; no attempt to invent finer senses within it.,,,,[],06.0142,not_flagged_by_exact_citation_check,06.0142,https://raw.githubusercontent.com/ambuda-org/vidyut/f3ba4167d40eebc4b3023d24e66867aa6a8cdb32/vidyut-prakriya/data/dhatupatha.tsv,bb2013ead0ea536dc7f887164c385c703cb0014ccf6e5af35b87e6d3049ba380,
06.0143,6,kzi\,nivAsagatyoH,निवासगत्योः,1614,enumerated_glosses,2,nivAse; gatO,Explicit analyst segmentation; retain the original compound for review.,,,,[],06.0143,retain_distinct_meanings,06.0143,https://raw.githubusercontent.com/ambuda-org/vidyut/f3ba4167d40eebc4b3023d24e66867aa6a8cdb32/vidyut-prakriya/data/dhatupatha.tsv,bb2013ead0ea536dc7f887164c385c703cb0014ccf6e5af35b87e6d3049ba380,IR109
06.0144,6,zU,preraRe,प्रेरणे,1615,single_gloss,1,preraRe,One source gloss; no attempt to invent finer senses within it.,,,,[],06.0144,not_flagged_by_exact_citation_check,06.0144,https://raw.githubusercontent.com/ambuda-org/vidyut/f3ba4167d40eebc4b3023d24e66867aa6a8cdb32/vidyut-prakriya/data/dhatupatha.tsv,bb2013ead0ea536dc7f887164c385c703cb0014ccf6e5af35b87e6d3049ba380,
06.0145,6,kF,vikzepe,विक्षेपे,1616,single_gloss,1,vikzepe,One source gloss; no attempt to invent finer senses within it.,,,,[],06.0145,retain_distinct_meanings,06.0145,https://raw.githubusercontent.com/ambuda-org/vidyut/f3ba4167d40eebc4b3023d24e66867aa6a8cdb32/vidyut-prakriya/data/dhatupatha.tsv,bb2013ead0ea536dc7f887164c385c703cb0014ccf6e5af35b87e6d3049ba380,IR91
06.0146,6,gF,nigaraRe,निगरणे,1617,single_gloss,1,nigaraRe,One source gloss; no attempt to invent finer senses within it.,,,,[],06.0146,retain_distinct_meanings,06.0146,https://raw.githubusercontent.com/ambuda-org/vidyut/f3ba4167d40eebc4b3023d24e66867aa6a8cdb32/vidyut-prakriya/data/dhatupatha.tsv,bb2013ead0ea536dc7f887164c385c703cb0014ccf6e5af35b87e6d3049ba380,IR66
06.0147,6,df\N,Adare,आदरे,1618,single_gloss,1,Adare,One source gloss; no attempt to invent finer senses within it.,,,,[],06.0147,not_flagged_by_exact_citation_check,06.0147,https://raw.githubusercontent.com/ambuda-org/vidyut/f3ba4167d40eebc4b3023d24e66867aa6a8cdb32/vidyut-prakriya/data/dhatupatha.tsv,bb2013ead0ea536dc7f887164c385c703cb0014ccf6e5af35b87e6d3049ba380,
06.0148,6,Df\N,avasTAne,अवस्थाने,1619,single_gloss,1,avasTAne,One source gloss; no attempt to invent finer senses within it.,,,,[],06.0148,open,06.0148,https://raw.githubusercontent.com/ambuda-org/vidyut/f3ba4167d40eebc4b3023d24e66867aa6a8cdb32/vidyut-prakriya/data/dhatupatha.tsv,bb2013ead0ea536dc7f887164c385c703cb0014ccf6e5af35b87e6d3049ba380,IR08
06.0149,6,pra\Ca~,jYIpsAyAm,ज्ञीप्सायाम्,1620,single_gloss,1,jYIpsAyAm,One source gloss; no attempt to invent finer senses within it.,,,,[],06.0149,not_flagged_by_exact_citation_check,,https://raw.githubusercontent.com/ambuda-org/vidyut/f3ba4167d40eebc4b3023d24e66867aa6a8cdb32/vidyut-prakriya/data/dhatupatha.tsv,bb2013ead0ea536dc7f887164c385c703cb0014ccf6e5af35b87e6d3049ba380,
06.0150,6,sf\ja~,visarge,विसर्गे,1621,single_gloss,1,visarge,One source gloss; no attempt to invent finer senses within it.,,,,[],06.0150,not_flagged_by_exact_citation_check,06.0150,https://raw.githubusercontent.com/ambuda-org/vidyut/f3ba4167d40eebc4b3023d24e66867aa6a8cdb32/vidyut-prakriya/data/dhatupatha.tsv,bb2013ead0ea536dc7f887164c385c703cb0014ccf6e5af35b87e6d3049ba380,
06.0151,6,wuma\sjo~,SudDO,शुद्धौ,1622,single_gloss,1,SudDO,One source gloss; no attempt to invent finer senses within it.,,,,[],06.0151,not_flagged_by_exact_citation_check,06.0151,https://raw.githubusercontent.com/ambuda-org/vidyut/f3ba4167d40eebc4b3023d24e66867aa6a8cdb32/vidyut-prakriya/data/dhatupatha.tsv,bb2013ead0ea536dc7f887164c385c703cb0014ccf6e5af35b87e6d3049ba380,
06.0152,6,ru\jo~,BaNge,भङ्गे,1623,single_gloss,1,BaNge,One source gloss; no attempt to invent finer senses within it.,,,,[],06.0152,not_flagged_by_exact_citation_check,06.0152,https://raw.githubusercontent.com/ambuda-org/vidyut/f3ba4167d40eebc4b3023d24e66867aa6a8cdb32/vidyut-prakriya/data/dhatupatha.tsv,bb2013ead0ea536dc7f887164c385c703cb0014ccf6e5af35b87e6d3049ba380,
06.0153,6,Bu\jo~,kOwilye,कौटिल्ये,1624,single_gloss,1,kOwilye,One source gloss; no attempt to invent finer senses within it.,,,,[],06.0153,not_flagged_by_exact_citation_check,06.0153,https://raw.githubusercontent.com/ambuda-org/vidyut/f3ba4167d40eebc4b3023d24e66867aa6a8cdb32/vidyut-prakriya/data/dhatupatha.tsv,bb2013ead0ea536dc7f887164c385c703cb0014ccf6e5af35b87e6d3049ba380,
06.0154,6,Cu\pa~,sparSe,स्पर्शे,1625,single_gloss,1,sparSe,One source gloss; no attempt to invent finer senses within it.,,,,[],06.0154,not_flagged_by_exact_citation_check,,https://raw.githubusercontent.com/ambuda-org/vidyut/f3ba4167d40eebc4b3023d24e66867aa6a8cdb32/vidyut-prakriya/data/dhatupatha.tsv,bb2013ead0ea536dc7f887164c385c703cb0014ccf6e5af35b87e6d3049ba380,
06.0155,6,ru\Sa~,hiMsAyAm,हिंसायाम्,1626,single_gloss,1,hiMsAyAm,One source gloss; no attempt to invent finer senses within it.,,,,[],06.0155,not_flagged_by_exact_citation_check,06.0155,https://raw.githubusercontent.com/ambuda-org/vidyut/f3ba4167d40eebc4b3023d24e66867aa6a8cdb32/vidyut-prakriya/data/dhatupatha.tsv,bb2013ead0ea536dc7f887164c385c703cb0014ccf6e5af35b87e6d3049ba380,
06.0156,6,ri\Sa~,hiMsAyAm,हिंसायाम्,1627,single_gloss,1,hiMsAyAm,One source gloss; no attempt to invent finer senses within it.,,,,[],06.0156,not_flagged_by_exact_citation_check,06.0156,https://raw.githubusercontent.com/ambuda-org/vidyut/f3ba4167d40eebc4b3023d24e66867aa6a8cdb32/vidyut-prakriya/data/dhatupatha.tsv,bb2013ead0ea536dc7f887164c385c703cb0014ccf6e5af35b87e6d3049ba380,
06.0157,6,li\Sa~,gatO,गतौ,1628,single_gloss,1,gatO,One source gloss; no attempt to invent finer senses within it.,,,,[],06.0157,not_flagged_by_exact_citation_check,06.0157,https://raw.githubusercontent.com/ambuda-org/vidyut/f3ba4167d40eebc4b3023d24e66867aa6a8cdb32/vidyut-prakriya/data/dhatupatha.tsv,bb2013ead0ea536dc7f887164c385c703cb0014ccf6e5af35b87e6d3049ba380,
06.0158,6,spf\Sa~,saMsparSane,संस्पर्शने,1629,single_gloss,1,saMsparSane,One source gloss; no attempt to invent finer senses within it.,,,,[],06.0158,not_flagged_by_exact_citation_check,06.0158,https://raw.githubusercontent.com/ambuda-org/vidyut/f3ba4167d40eebc4b3023d24e66867aa6a8cdb32/vidyut-prakriya/data/dhatupatha.tsv,bb2013ead0ea536dc7f887164c385c703cb0014ccf6e5af35b87e6d3049ba380,
06.0159,6,viCa~,gatO,गतौ,1630,single_gloss,1,gatO,One source gloss; no attempt to invent finer senses within it.,,,,[],06.0159,retain_distinct_meanings,,https://raw.githubusercontent.com/ambuda-org/vidyut/f3ba4167d40eebc4b3023d24e66867aa6a8cdb32/vidyut-prakriya/data/dhatupatha.tsv,bb2013ead0ea536dc7f887164c385c703cb0014ccf6e5af35b87e6d3049ba380,IR204
06.0160,6,vi\Sa~,praveSane,प्रवेशने,1631,single_gloss,1,praveSane,One source gloss; no attempt to invent finer senses within it.,,,,[],06.0160,not_flagged_by_exact_citation_check,06.0160,https://raw.githubusercontent.com/ambuda-org/vidyut/f3ba4167d40eebc4b3023d24e66867aa6a8cdb32/vidyut-prakriya/data/dhatupatha.tsv,bb2013ead0ea536dc7f887164c385c703cb0014ccf6e5af35b87e6d3049ba380,
06.0161,6,mf\Sa~,AmarSane,आमर्शने,1632,single_gloss,1,AmarSane,One source gloss; no attempt to invent finer senses within it.,,,,[],06.0161,not_flagged_by_exact_citation_check,06.0161,https://raw.githubusercontent.com/ambuda-org/vidyut/f3ba4167d40eebc4b3023d24e66867aa6a8cdb32/vidyut-prakriya/data/dhatupatha.tsv,bb2013ead0ea536dc7f887164c385c703cb0014ccf6e5af35b87e6d3049ba380,
06.0162,6,Ru\da~,preraRe,प्रेरणे,1633,single_gloss,1,preraRe,One source gloss; no attempt to invent finer senses within it.,,,,[],06.0162,not_flagged_by_exact_citation_check,06.0162,https://raw.githubusercontent.com/ambuda-org/vidyut/f3ba4167d40eebc4b3023d24e66867aa6a8cdb32/vidyut-prakriya/data/dhatupatha.tsv,bb2013ead0ea536dc7f887164c385c703cb0014ccf6e5af35b87e6d3049ba380,
06.0163,6,za\dx~,viSaraRagatyavasAdanezu,विशरणगत्यवसादनेषु,1634,enumerated_glosses,3,viSaraRe; gatO; avasAdane,Explicit analyst segmentation; retain the original compound for review.,,,,[],06.0163,merge_shared_meanings,06.0163,https://raw.githubusercontent.com/ambuda-org/vidyut/f3ba4167d40eebc4b3023d24e66867aa6a8cdb32/vidyut-prakriya/data/dhatupatha.tsv,bb2013ead0ea536dc7f887164c385c703cb0014ccf6e5af35b87e6d3049ba380,IR215
06.0164,6,Sa\dx~,SAtane,शातने,1635,single_gloss,1,SAtane,One source gloss; no attempt to invent finer senses within it.,,,,[],06.0164,merge_shared_meanings,06.0164,https://raw.githubusercontent.com/ambuda-org/vidyut/f3ba4167d40eebc4b3023d24e66867aa6a8cdb32/vidyut-prakriya/data/dhatupatha.tsv,bb2013ead0ea536dc7f887164c385c703cb0014ccf6e5af35b87e6d3049ba380,IR22
06.0165,6,mila~^,saNgame,सङ्गमे,1636,single_gloss,1,saNgame,One source gloss; no attempt to invent finer senses within it.,,,,[],06.0165,not_flagged_by_exact_citation_check,06.0165,https://raw.githubusercontent.com/ambuda-org/vidyut/f3ba4167d40eebc4b3023d24e66867aa6a8cdb32/vidyut-prakriya/data/dhatupatha.tsv,bb2013ead0ea536dc7f887164c385c703cb0014ccf6e5af35b87e6d3049ba380,
06.0166,6,mu\cx~^,mokzaRe,मोक्षणे,1637,single_gloss,1,mokzaRe,One source gloss; no attempt to invent finer senses within it.,,,,[],06.0166,not_flagged_by_exact_citation_check,06.0166,https://raw.githubusercontent.com/ambuda-org/vidyut/f3ba4167d40eebc4b3023d24e66867aa6a8cdb32/vidyut-prakriya/data/dhatupatha.tsv,bb2013ead0ea536dc7f887164c385c703cb0014ccf6e5af35b87e6d3049ba380,
06.0167,6,lu\px~^,Cedane,छेदने,1638,single_gloss,1,Cedane,One source gloss; no attempt to invent finer senses within it.,,,,[],06.0167,not_flagged_by_exact_citation_check,06.0167,https://raw.githubusercontent.com/ambuda-org/vidyut/f3ba4167d40eebc4b3023d24e66867aa6a8cdb32/vidyut-prakriya/data/dhatupatha.tsv,bb2013ead0ea536dc7f887164c385c703cb0014ccf6e5af35b87e6d3049ba380,
06.0168,6,vi\dx~^,lABe,लाभे,1639,single_gloss,1,lABe,One source gloss; no attempt to invent finer senses within it.,,,,[],06.0168,not_flagged_by_exact_citation_check,,https://raw.githubusercontent.com/ambuda-org/vidyut/f3ba4167d40eebc4b3023d24e66867aa6a8cdb32/vidyut-prakriya/data/dhatupatha.tsv,bb2013ead0ea536dc7f887164c385c703cb0014ccf6e5af35b87e6d3049ba380,
06.0169,6,li\pa~^,upadehe,उपदेहे,1640,single_gloss,1,upadehe,One source gloss; no attempt to invent finer senses within it.,,,,[],06.0169,not_flagged_by_exact_citation_check,06.0169,https://raw.githubusercontent.com/ambuda-org/vidyut/f3ba4167d40eebc4b3023d24e66867aa6a8cdb32/vidyut-prakriya/data/dhatupatha.tsv,bb2013ead0ea536dc7f887164c385c703cb0014ccf6e5af35b87e6d3049ba380,
06.0170,6,zi\ca~^,kzaraRe,क्षरणे,1641,single_gloss,1,kzaraRe,One source gloss; no attempt to invent finer senses within it.,,,,[],06.0170,not_flagged_by_exact_citation_check,06.0170,https://raw.githubusercontent.com/ambuda-org/vidyut/f3ba4167d40eebc4b3023d24e66867aa6a8cdb32/vidyut-prakriya/data/dhatupatha.tsv,bb2013ead0ea536dc7f887164c385c703cb0014ccf6e5af35b87e6d3049ba380,
06.0171,6,kftI~,Cedane,छेदने,1642,single_gloss,1,Cedane,One source gloss; no attempt to invent finer senses within it.,,,,[],06.0171,retain_distinct_meanings,06.0171,https://raw.githubusercontent.com/ambuda-org/vidyut/f3ba4167d40eebc4b3023d24e66867aa6a8cdb32/vidyut-prakriya/data/dhatupatha.tsv,bb2013ead0ea536dc7f887164c385c703cb0014ccf6e5af35b87e6d3049ba380,IR96
06.0172,6,Ki\da~,pariGAte,परिघाते,1643,single_gloss,1,pariGAte,One source gloss; no attempt to invent finer senses within it.,,,,[],06.0172,not_flagged_by_exact_citation_check,06.0172,https://raw.githubusercontent.com/ambuda-org/vidyut/f3ba4167d40eebc4b3023d24e66867aa6a8cdb32/vidyut-prakriya/data/dhatupatha.tsv,bb2013ead0ea536dc7f887164c385c703cb0014ccf6e5af35b87e6d3049ba380,
06.0173,6,piSa~,avayave,अवयवे,1644,single_gloss,1,avayave,One source gloss; no attempt to invent finer senses within it.,,,,[],06.0173,not_flagged_by_exact_citation_check,06.0173,https://raw.githubusercontent.com/ambuda-org/vidyut/f3ba4167d40eebc4b3023d24e66867aa6a8cdb32/vidyut-prakriya/data/dhatupatha.tsv,bb2013ead0ea536dc7f887164c385c703cb0014ccf6e5af35b87e6d3049ba380,
06.0174,6,Pula~,saYcalane,सञ्चलने,1645,single_gloss,1,saYcalane,One source gloss; no attempt to invent finer senses within it.,,,,[],06.0174,not_flagged_by_exact_citation_check,,https://raw.githubusercontent.com/ambuda-org/vidyut/f3ba4167d40eebc4b3023d24e66867aa6a8cdb32/vidyut-prakriya/data/dhatupatha.tsv,bb2013ead0ea536dc7f887164c385c703cb0014ccf6e5af35b87e6d3049ba380,
07.0001,7,ru\Di~^r,AvaraRe,आवरणे,1646,single_gloss,1,AvaraRe,One source gloss; no attempt to invent finer senses within it.,,,,[],07.0001,not_flagged_by_exact_citation_check,07.0001,https://raw.githubusercontent.com/ambuda-org/vidyut/f3ba4167d40eebc4b3023d24e66867aa6a8cdb32/vidyut-prakriya/data/dhatupatha.tsv,bb2013ead0ea536dc7f887164c385c703cb0014ccf6e5af35b87e6d3049ba380,
07.0002,7,Bi\di~^r,vidAraRe,विदारणे,1647,single_gloss,1,vidAraRe,One source gloss; no attempt to invent finer senses within it.,,,,[],07.0002,not_flagged_by_exact_citation_check,07.0002,https://raw.githubusercontent.com/ambuda-org/vidyut/f3ba4167d40eebc4b3023d24e66867aa6a8cdb32/vidyut-prakriya/data/dhatupatha.tsv,bb2013ead0ea536dc7f887164c385c703cb0014ccf6e5af35b87e6d3049ba380,
07.0003,7,Ci\di~^r,dvEDIkaraRe,द्वैधीकरणे,1648,single_gloss,1,dvEDIkaraRe,One source gloss; no attempt to invent finer senses within it.,,,,[],07.0003,not_flagged_by_exact_citation_check,,https://raw.githubusercontent.com/ambuda-org/vidyut/f3ba4167d40eebc4b3023d24e66867aa6a8cdb32/vidyut-prakriya/data/dhatupatha.tsv,bb2013ead0ea536dc7f887164c385c703cb0014ccf6e5af35b87e6d3049ba380,
07.0004,7,ri\ci~^r,virecane,विरेचने,1649,single_gloss,1,virecane,One source gloss; no attempt to invent finer senses within it.,,,,[],07.0004,not_flagged_by_exact_citation_check,07.0004,https://raw.githubusercontent.com/ambuda-org/vidyut/f3ba4167d40eebc4b3023d24e66867aa6a8cdb32/vidyut-prakriya/data/dhatupatha.tsv,bb2013ead0ea536dc7f887164c385c703cb0014ccf6e5af35b87e6d3049ba380,
07.0005,7,vi\ci~^r,pfTagBAve,पृथग्भावे,1650,single_gloss,1,pfTagBAve,One source gloss; no attempt to invent finer senses within it.,,,,[],07.0005,not_flagged_by_exact_citation_check,07.0005,https://raw.githubusercontent.com/ambuda-org/vidyut/f3ba4167d40eebc4b3023d24e66867aa6a8cdb32/vidyut-prakriya/data/dhatupatha.tsv,bb2013ead0ea536dc7f887164c385c703cb0014ccf6e5af35b87e6d3049ba380,
07.0006,7,kzu\di~^r,sampezaRe,सम्पेषणे,1651,single_gloss,1,sampezaRe,One source gloss; no attempt to invent finer senses within it.,,,,[],07.0006,not_flagged_by_exact_citation_check,07.0006,https://raw.githubusercontent.com/ambuda-org/vidyut/f3ba4167d40eebc4b3023d24e66867aa6a8cdb32/vidyut-prakriya/data/dhatupatha.tsv,bb2013ead0ea536dc7f887164c385c703cb0014ccf6e5af35b87e6d3049ba380,
07.0007,7,yu\ji~^r,yoge,योगे,1652,single_gloss,1,yoge,One source gloss; no attempt to invent finer senses within it.,,,,[],07.0007,not_flagged_by_exact_citation_check,07.0007,https://raw.githubusercontent.com/ambuda-org/vidyut/f3ba4167d40eebc4b3023d24e66867aa6a8cdb32/vidyut-prakriya/data/dhatupatha.tsv,bb2013ead0ea536dc7f887164c385c703cb0014ccf6e5af35b87e6d3049ba380,
07.0008,7,u~Cfdi~^r,dIptidevanayoH,दीप्तिदेवनयोः,1653,enumerated_glosses,2,dIptO; devane,Explicit analyst segmentation; retain the original compound for review.,,,,[],07.0008,not_flagged_by_exact_citation_check,,https://raw.githubusercontent.com/ambuda-org/vidyut/f3ba4167d40eebc4b3023d24e66867aa6a8cdb32/vidyut-prakriya/data/dhatupatha.tsv,bb2013ead0ea536dc7f887164c385c703cb0014ccf6e5af35b87e6d3049ba380,
07.0009,7,u~tfdi~^r,hiMsAnAdarayoH,हिंसानादरयोः,1654,enumerated_glosses,2,hiMsAyAm; anAdare,Explicit analyst segmentation; retain the original compound for review.,,,,[],07.0009,not_flagged_by_exact_citation_check,07.0009,https://raw.githubusercontent.com/ambuda-org/vidyut/f3ba4167d40eebc4b3023d24e66867aa6a8cdb32/vidyut-prakriya/data/dhatupatha.tsv,bb2013ead0ea536dc7f887164c385c703cb0014ccf6e5af35b87e6d3049ba380,
07.0010,7,kftI~,vezwane,वेष्टने,1655,single_gloss,1,vezwane,One source gloss; no attempt to invent finer senses within it.,,,,[],07.0010,retain_distinct_meanings,07.0010,https://raw.githubusercontent.com/ambuda-org/vidyut/f3ba4167d40eebc4b3023d24e66867aa6a8cdb32/vidyut-prakriya/data/dhatupatha.tsv,bb2013ead0ea536dc7f887164c385c703cb0014ccf6e5af35b87e6d3049ba380,IR96
07.0011,7,YiinDI~\,dIptO,दीप्तौ,1656,single_gloss,1,dIptO,One source gloss; no attempt to invent finer senses within it.,,,,[],07.0011,not_flagged_by_exact_citation_check,07.0011,https://raw.githubusercontent.com/ambuda-org/vidyut/f3ba4167d40eebc4b3023d24e66867aa6a8cdb32/vidyut-prakriya/data/dhatupatha.tsv,bb2013ead0ea536dc7f887164c385c703cb0014ccf6e5af35b87e6d3049ba380,
07.0012,7,Ki\da~\,dEnye,दैन्ये,1657,single_gloss,1,dEnye,One source gloss; no attempt to invent finer senses within it.,,,,[],07.0012,merge_shared_meanings,07.0012,https://raw.githubusercontent.com/ambuda-org/vidyut/f3ba4167d40eebc4b3023d24e66867aa6a8cdb32/vidyut-prakriya/data/dhatupatha.tsv,bb2013ead0ea536dc7f887164c385c703cb0014ccf6e5af35b87e6d3049ba380,IR15
07.0013,7,vi\da~\,vicAraRe,विचारणे,1658,single_gloss,1,vicAraRe,One source gloss; no attempt to invent finer senses within it.,,,,[],07.0013,retain_distinct_meanings,07.0013,https://raw.githubusercontent.com/ambuda-org/vidyut/f3ba4167d40eebc4b3023d24e66867aa6a8cdb32/vidyut-prakriya/data/dhatupatha.tsv,bb2013ead0ea536dc7f887164c385c703cb0014ccf6e5af35b87e6d3049ba380,IR205
07.0014,7,Si\zx~,viSezaRe,विशेषणे,1659,single_gloss,1,viSezaRe,One source gloss; no attempt to invent finer senses within it.,,,,[],07.0014,not_flagged_by_exact_citation_check,07.0014,https://raw.githubusercontent.com/ambuda-org/vidyut/f3ba4167d40eebc4b3023d24e66867aa6a8cdb32/vidyut-prakriya/data/dhatupatha.tsv,bb2013ead0ea536dc7f887164c385c703cb0014ccf6e5af35b87e6d3049ba380,
07.0015,7,pi\zx~,saYcUrRane hiMsAyAm ca,सञ्चूर्णने हिंसायाम् च,1660,enumerated_glosses,2,saYcUrRane; hiMsAyAm,Visible enumeration; semantic overlap still belongs to lexical review.,,,,[],07.0015,not_flagged_by_exact_citation_check,07.0015,https://raw.githubusercontent.com/ambuda-org/vidyut/f3ba4167d40eebc4b3023d24e66867aa6a8cdb32/vidyut-prakriya/data/dhatupatha.tsv,bb2013ead0ea536dc7f887164c385c703cb0014ccf6e5af35b87e6d3049ba380,
07.0016,7,Ba\njo~,Amardane,आमर्दने,1661,single_gloss,1,Amardane,One source gloss; no attempt to invent finer senses within it.,,,,[],07.0016,not_flagged_by_exact_citation_check,,https://raw.githubusercontent.com/ambuda-org/vidyut/f3ba4167d40eebc4b3023d24e66867aa6a8cdb32/vidyut-prakriya/data/dhatupatha.tsv,bb2013ead0ea536dc7f887164c385c703cb0014ccf6e5af35b87e6d3049ba380,
07.0017,7,Bu\ja~,pAlanAByavahArayoH,पालनाभ्यवहारयोः,1662,enumerated_glosses,2,pAlane; aByavahAre,Explicit analyst segmentation; retain the original compound for review.,,,,[],07.0017,not_flagged_by_exact_citation_check,07.0017,https://raw.githubusercontent.com/ambuda-org/vidyut/f3ba4167d40eebc4b3023d24e66867aa6a8cdb32/vidyut-prakriya/data/dhatupatha.tsv,bb2013ead0ea536dc7f887164c385c703cb0014ccf6e5af35b87e6d3049ba380,
07.0018,7,tfha~,hiMsAyAm,हिंसायाम्,1663,single_gloss,1,hiMsAyAm,One source gloss; no attempt to invent finer senses within it.,,,,[],07.0018,retain_distinct_meanings,07.0018,https://raw.githubusercontent.com/ambuda-org/vidyut/f3ba4167d40eebc4b3023d24e66867aa6a8cdb32/vidyut-prakriya/data/dhatupatha.tsv,bb2013ead0ea536dc7f887164c385c703cb0014ccf6e5af35b87e6d3049ba380,IR180
07.0019,7,hisi~,hiMsAyAm,हिंसायाम्,1664,single_gloss,1,hiMsAyAm,One source gloss; no attempt to invent finer senses within it.,,,,[],07.0019,merge_shared_meanings,07.0019,https://raw.githubusercontent.com/ambuda-org/vidyut/f3ba4167d40eebc4b3023d24e66867aa6a8cdb32/vidyut-prakriya/data/dhatupatha.tsv,bb2013ead0ea536dc7f887164c385c703cb0014ccf6e5af35b87e6d3049ba380,IR77
07.0020,7,undI~,kledane,क्लेदने,1665,single_gloss,1,kledane,One source gloss; no attempt to invent finer senses within it.,,,,[],07.0020,not_flagged_by_exact_citation_check,07.0020,https://raw.githubusercontent.com/ambuda-org/vidyut/f3ba4167d40eebc4b3023d24e66867aa6a8cdb32/vidyut-prakriya/data/dhatupatha.tsv,bb2013ead0ea536dc7f887164c385c703cb0014ccf6e5af35b87e6d3049ba380,
07.0021,7,anjU~,vyaktimrakzaRakAntigatizu,व्यक्तिम्रक्षणकान्तिगतिषु,1666,enumerated_glosses,4,vyaktO; mrakzaRe; kAntO; gatO,Explicit analyst segmentation; retain the original compound for review.,,,,[],07.0021,not_flagged_by_exact_citation_check,,https://raw.githubusercontent.com/ambuda-org/vidyut/f3ba4167d40eebc4b3023d24e66867aa6a8cdb32/vidyut-prakriya/data/dhatupatha.tsv,bb2013ead0ea536dc7f887164c385c703cb0014ccf6e5af35b87e6d3049ba380,
07.0022,7,tancU~,saNkocane,सङ्कोचने,1667,single_gloss,1,saNkocane,One source gloss; no attempt to invent finer senses within it.,,,,[],07.0022,not_flagged_by_exact_citation_check,,https://raw.githubusercontent.com/ambuda-org/vidyut/f3ba4167d40eebc4b3023d24e66867aa6a8cdb32/vidyut-prakriya/data/dhatupatha.tsv,bb2013ead0ea536dc7f887164c385c703cb0014ccf6e5af35b87e6d3049ba380,
07.0023,7,o~vijI~,BayacalanayoH,भयचलनयोः,1668,enumerated_glosses,2,Baye; calane,Explicit analyst segmentation; retain the original compound for review.,,,,[],07.0023,not_flagged_by_exact_citation_check,07.0023,https://raw.githubusercontent.com/ambuda-org/vidyut/f3ba4167d40eebc4b3023d24e66867aa6a8cdb32/vidyut-prakriya/data/dhatupatha.tsv,bb2013ead0ea536dc7f887164c385c703cb0014ccf6e5af35b87e6d3049ba380,
07.0024,7,vfjI~,varjane,वर्जने,1669,single_gloss,1,varjane,One source gloss; no attempt to invent finer senses within it.,,,,[],07.0024,merge_shared_meanings,07.0024,https://raw.githubusercontent.com/ambuda-org/vidyut/f3ba4167d40eebc4b3023d24e66867aa6a8cdb32/vidyut-prakriya/data/dhatupatha.tsv,bb2013ead0ea536dc7f887164c385c703cb0014ccf6e5af35b87e6d3049ba380,IR202
07.0025,7,pfcI~,samparke,सम्पर्के,1670,single_gloss,1,samparke,One source gloss; no attempt to invent finer senses within it.,,,,[],07.0025,not_flagged_by_exact_citation_check,07.0025,https://raw.githubusercontent.com/ambuda-org/vidyut/f3ba4167d40eebc4b3023d24e66867aa6a8cdb32/vidyut-prakriya/data/dhatupatha.tsv,bb2013ead0ea536dc7f887164c385c703cb0014ccf6e5af35b87e6d3049ba380,
08.0001,8,tanu~^,vistAre,विस्तारे,1671,single_gloss,1,vistAre,One source gloss; no attempt to invent finer senses within it.,,,,[],08.0001,not_flagged_by_exact_citation_check,08.0001,https://raw.githubusercontent.com/ambuda-org/vidyut/f3ba4167d40eebc4b3023d24e66867aa6a8cdb32/vidyut-prakriya/data/dhatupatha.tsv,bb2013ead0ea536dc7f887164c385c703cb0014ccf6e5af35b87e6d3049ba380,
08.0002,8,zaRu~^,dAne,दाने,1672,single_gloss,1,dAne,One source gloss; no attempt to invent finer senses within it.,,,,[],08.0002,not_flagged_by_exact_citation_check,,https://raw.githubusercontent.com/ambuda-org/vidyut/f3ba4167d40eebc4b3023d24e66867aa6a8cdb32/vidyut-prakriya/data/dhatupatha.tsv,bb2013ead0ea536dc7f887164c385c703cb0014ccf6e5af35b87e6d3049ba380,
08.0003,8,kzaRu~^,hiMsAyAm,हिंसायाम्,1673,single_gloss,1,hiMsAyAm,One source gloss; no attempt to invent finer senses within it.,,,,[],08.0003,not_flagged_by_exact_citation_check,08.0003,https://raw.githubusercontent.com/ambuda-org/vidyut/f3ba4167d40eebc4b3023d24e66867aa6a8cdb32/vidyut-prakriya/data/dhatupatha.tsv,bb2013ead0ea536dc7f887164c385c703cb0014ccf6e5af35b87e6d3049ba380,
08.0004,8,kziRu~^,hiMsAyAm,हिंसायाम्,1674,single_gloss,1,hiMsAyAm,One source gloss; no attempt to invent finer senses within it.,,,,[],08.0004,not_flagged_by_exact_citation_check,08.0004,https://raw.githubusercontent.com/ambuda-org/vidyut/f3ba4167d40eebc4b3023d24e66867aa6a8cdb32/vidyut-prakriya/data/dhatupatha.tsv,bb2013ead0ea536dc7f887164c385c703cb0014ccf6e5af35b87e6d3049ba380,
08.0005,8,fRu~^,gatO,गतौ,1675,single_gloss,1,gatO,One source gloss; no attempt to invent finer senses within it.,,,,[],08.0005,not_flagged_by_exact_citation_check,08.0005,https://raw.githubusercontent.com/ambuda-org/vidyut/f3ba4167d40eebc4b3023d24e66867aa6a8cdb32/vidyut-prakriya/data/dhatupatha.tsv,bb2013ead0ea536dc7f887164c385c703cb0014ccf6e5af35b87e6d3049ba380,
08.0006,8,tfRu~^,adane,अदने,1676,single_gloss,1,adane,One source gloss; no attempt to invent finer senses within it.,,,,[],08.0006,not_flagged_by_exact_citation_check,08.0006,https://raw.githubusercontent.com/ambuda-org/vidyut/f3ba4167d40eebc4b3023d24e66867aa6a8cdb32/vidyut-prakriya/data/dhatupatha.tsv,bb2013ead0ea536dc7f887164c385c703cb0014ccf6e5af35b87e6d3049ba380,
08.0007,8,GfRu~^,dIptO,दीप्तौ,1677,single_gloss,1,dIptO,One source gloss; no attempt to invent finer senses within it.,,,,[],08.0007,not_flagged_by_exact_citation_check,08.0007,https://raw.githubusercontent.com/ambuda-org/vidyut/f3ba4167d40eebc4b3023d24e66867aa6a8cdb32/vidyut-prakriya/data/dhatupatha.tsv,bb2013ead0ea536dc7f887164c385c703cb0014ccf6e5af35b87e6d3049ba380,
08.0008,8,vanu~\,yAcane,याचने,1678,single_gloss,1,yAcane,One source gloss; no attempt to invent finer senses within it.,,,,[],08.0008,not_flagged_by_exact_citation_check,08.0008,https://raw.githubusercontent.com/ambuda-org/vidyut/f3ba4167d40eebc4b3023d24e66867aa6a8cdb32/vidyut-prakriya/data/dhatupatha.tsv,bb2013ead0ea536dc7f887164c385c703cb0014ccf6e5af35b87e6d3049ba380,
08.0009,8,manu~\,avaboDane,अवबोधने,1679,single_gloss,1,avaboDane,One source gloss; no attempt to invent finer senses within it.,,,,[],08.0009,not_flagged_by_exact_citation_check,08.0009,https://raw.githubusercontent.com/ambuda-org/vidyut/f3ba4167d40eebc4b3023d24e66867aa6a8cdb32/vidyut-prakriya/data/dhatupatha.tsv,bb2013ead0ea536dc7f887164c385c703cb0014ccf6e5af35b87e6d3049ba380,
08.0010,8,qukf\Y,karaRe,करणे,1680,single_gloss,1,karaRe,One source gloss; no attempt to invent finer senses within it.,,,,[],08.0010,not_flagged_by_exact_citation_check,08.0010,https://raw.githubusercontent.com/ambuda-org/vidyut/f3ba4167d40eebc4b3023d24e66867aa6a8cdb32/vidyut-prakriya/data/dhatupatha.tsv,bb2013ead0ea536dc7f887164c385c703cb0014ccf6e5af35b87e6d3049ba380,
09.0001,9,qukrI\Y,dravyavinimaye,द्रव्यविनिमये,1681,single_gloss,1,dravyavinimaye,One source gloss; no attempt to invent finer senses within it.,,,,[],09.0001,not_flagged_by_exact_citation_check,09.0001,https://raw.githubusercontent.com/ambuda-org/vidyut/f3ba4167d40eebc4b3023d24e66867aa6a8cdb32/vidyut-prakriya/data/dhatupatha.tsv,bb2013ead0ea536dc7f887164c385c703cb0014ccf6e5af35b87e6d3049ba380,
09.0002,9,prI\Y,tarpaRe kAntO ca,तर्पणे कान्तौ च,1682,enumerated_glosses,2,tarpaRe; kAntO,Visible enumeration; semantic overlap still belongs to lexical review.,,,,[],09.0002,not_flagged_by_exact_citation_check,09.0002,https://raw.githubusercontent.com/ambuda-org/vidyut/f3ba4167d40eebc4b3023d24e66867aa6a8cdb32/vidyut-prakriya/data/dhatupatha.tsv,bb2013ead0ea536dc7f887164c385c703cb0014ccf6e5af35b87e6d3049ba380,
09.0003,9,SrI\Y,pAke,पाके,1683,single_gloss,1,pAke,One source gloss; no attempt to invent finer senses within it.,,,,[],09.0003,not_flagged_by_exact_citation_check,09.0003,https://raw.githubusercontent.com/ambuda-org/vidyut/f3ba4167d40eebc4b3023d24e66867aa6a8cdb32/vidyut-prakriya/data/dhatupatha.tsv,bb2013ead0ea536dc7f887164c385c703cb0014ccf6e5af35b87e6d3049ba380,
09.0004,9,mI\Y,hiMsAyAm,हिंसायाम्,1684,single_gloss,1,hiMsAyAm,One source gloss; no attempt to invent finer senses within it.,,,,[],09.0004,not_flagged_by_exact_citation_check,09.0004,https://raw.githubusercontent.com/ambuda-org/vidyut/f3ba4167d40eebc4b3023d24e66867aa6a8cdb32/vidyut-prakriya/data/dhatupatha.tsv,bb2013ead0ea536dc7f887164c385c703cb0014ccf6e5af35b87e6d3049ba380,
09.0005,9,zi\Y,banDane,बन्धने,1685,single_gloss,1,banDane,One source gloss; no attempt to invent finer senses within it.,,,,[],09.0005,merge_shared_meanings,09.0005,https://raw.githubusercontent.com/ambuda-org/vidyut/f3ba4167d40eebc4b3023d24e66867aa6a8cdb32/vidyut-prakriya/data/dhatupatha.tsv,bb2013ead0ea536dc7f887164c385c703cb0014ccf6e5af35b87e6d3049ba380,IR218
09.0006,9,sku\Y,ApravaRe,आप्रवणे,1686,single_gloss,1,ApravaRe,One source gloss; no attempt to invent finer senses within it.,,,,[],09.0006,not_flagged_by_exact_citation_check,09.0006,https://raw.githubusercontent.com/ambuda-org/vidyut/f3ba4167d40eebc4b3023d24e66867aa6a8cdb32/vidyut-prakriya/data/dhatupatha.tsv,bb2013ead0ea536dc7f887164c385c703cb0014ccf6e5af35b87e6d3049ba380,
09.0007,9,stanBu~,roDane stamBane ca,रोधने स्तम्भने च,1687,enumerated_glosses,2,roDane; stamBane,Visible enumeration; semantic overlap still belongs to lexical review.,,,,[],09.0007,not_flagged_by_exact_citation_check,,https://raw.githubusercontent.com/ambuda-org/vidyut/f3ba4167d40eebc4b3023d24e66867aa6a8cdb32/vidyut-prakriya/data/dhatupatha.tsv,bb2013ead0ea536dc7f887164c385c703cb0014ccf6e5af35b87e6d3049ba380,
09.0008,9,stunBu~,roDane nizkozaRe ca,रोधने निष्कोषणे च,1688,enumerated_glosses,2,roDane; nizkozaRe,Visible enumeration; semantic overlap still belongs to lexical review.,,,,[],09.0008,not_flagged_by_exact_citation_check,,https://raw.githubusercontent.com/ambuda-org/vidyut/f3ba4167d40eebc4b3023d24e66867aa6a8cdb32/vidyut-prakriya/data/dhatupatha.tsv,bb2013ead0ea536dc7f887164c385c703cb0014ccf6e5af35b87e6d3049ba380,
09.0009,9,skanBu~,roDane stamBane ca,रोधने स्तम्भने च,1689,enumerated_glosses,2,roDane; stamBane,Visible enumeration; semantic overlap still belongs to lexical review.,,,,[],09.0009,not_flagged_by_exact_citation_check,,https://raw.githubusercontent.com/ambuda-org/vidyut/f3ba4167d40eebc4b3023d24e66867aa6a8cdb32/vidyut-prakriya/data/dhatupatha.tsv,bb2013ead0ea536dc7f887164c385c703cb0014ccf6e5af35b87e6d3049ba380,
09.0010,9,skunBu~,roDane DAraRe ca,रोधने धारणे च,1690,enumerated_glosses,2,roDane; DAraRe,Visible enumeration; semantic overlap still belongs to lexical review.,,,,[],09.0010,not_flagged_by_exact_citation_check,,https://raw.githubusercontent.com/ambuda-org/vidyut/f3ba4167d40eebc4b3023d24e66867aa6a8cdb32/vidyut-prakriya/data/dhatupatha.tsv,bb2013ead0ea536dc7f887164c385c703cb0014ccf6e5af35b87e6d3049ba380,
09.0011,9,yu\Y,banDane,बन्धने,1691,single_gloss,1,banDane,One source gloss; no attempt to invent finer senses within it.,,,,[],09.0011,not_flagged_by_exact_citation_check,09.0011,https://raw.githubusercontent.com/ambuda-org/vidyut/f3ba4167d40eebc4b3023d24e66867aa6a8cdb32/vidyut-prakriya/data/dhatupatha.tsv,bb2013ead0ea536dc7f887164c385c703cb0014ccf6e5af35b87e6d3049ba380,
09.0012,9,knUY,Sabde,शब्दे,1692,single_gloss,1,Sabde,One source gloss; no attempt to invent finer senses within it.,,,,[],09.0012,not_flagged_by_exact_citation_check,09.0012,https://raw.githubusercontent.com/ambuda-org/vidyut/f3ba4167d40eebc4b3023d24e66867aa6a8cdb32/vidyut-prakriya/data/dhatupatha.tsv,bb2013ead0ea536dc7f887164c385c703cb0014ccf6e5af35b87e6d3049ba380,
09.0013,9,drUY,hiMsAyAm,हिंसायाम्,1693,single_gloss,1,hiMsAyAm,One source gloss; no attempt to invent finer senses within it.,,,,[],09.0013,not_flagged_by_exact_citation_check,09.0013,https://raw.githubusercontent.com/ambuda-org/vidyut/f3ba4167d40eebc4b3023d24e66867aa6a8cdb32/vidyut-prakriya/data/dhatupatha.tsv,bb2013ead0ea536dc7f887164c385c703cb0014ccf6e5af35b87e6d3049ba380,
09.0014,9,pUY,pavane,पवने,1694,single_gloss,1,pavane,One source gloss; no attempt to invent finer senses within it.,,,,[],09.0014,not_flagged_by_exact_citation_check,09.0014,https://raw.githubusercontent.com/ambuda-org/vidyut/f3ba4167d40eebc4b3023d24e66867aa6a8cdb32/vidyut-prakriya/data/dhatupatha.tsv,bb2013ead0ea536dc7f887164c385c703cb0014ccf6e5af35b87e6d3049ba380,
09.0015,9,SFY,hiMsAyAm,हिंसायाम्,1695,single_gloss,1,hiMsAyAm,One source gloss; no attempt to invent finer senses within it.,,,,[],09.0015,not_flagged_by_exact_citation_check,,https://raw.githubusercontent.com/ambuda-org/vidyut/f3ba4167d40eebc4b3023d24e66867aa6a8cdb32/vidyut-prakriya/data/dhatupatha.tsv,bb2013ead0ea536dc7f887164c385c703cb0014ccf6e5af35b87e6d3049ba380,
09.0016,9,lUY,Cedane,छेदने,1696,single_gloss,1,Cedane,One source gloss; no attempt to invent finer senses within it.,,,,[],09.0016,not_flagged_by_exact_citation_check,09.0016,https://raw.githubusercontent.com/ambuda-org/vidyut/f3ba4167d40eebc4b3023d24e66867aa6a8cdb32/vidyut-prakriya/data/dhatupatha.tsv,bb2013ead0ea536dc7f887164c385c703cb0014ccf6e5af35b87e6d3049ba380,
09.0017,9,stFY,AcCAdane,आच्छादने,1697,single_gloss,1,AcCAdane,One source gloss; no attempt to invent finer senses within it.,,,,[],09.0017,not_flagged_by_exact_citation_check,09.0017,https://raw.githubusercontent.com/ambuda-org/vidyut/f3ba4167d40eebc4b3023d24e66867aa6a8cdb32/vidyut-prakriya/data/dhatupatha.tsv,bb2013ead0ea536dc7f887164c385c703cb0014ccf6e5af35b87e6d3049ba380,
09.0018,9,kFY,hiMsAyAm,हिंसायाम्,1698,single_gloss,1,hiMsAyAm,One source gloss; no attempt to invent finer senses within it.,,,,[],09.0018,not_flagged_by_exact_citation_check,09.0018,https://raw.githubusercontent.com/ambuda-org/vidyut/f3ba4167d40eebc4b3023d24e66867aa6a8cdb32/vidyut-prakriya/data/dhatupatha.tsv,bb2013ead0ea536dc7f887164c385c703cb0014ccf6e5af35b87e6d3049ba380,
09.0019,9,vFY,varaRe,वरणे,1699,single_gloss,1,varaRe,One source gloss; no attempt to invent finer senses within it.,,,,[],09.0019,not_flagged_by_exact_citation_check,09.0019,https://raw.githubusercontent.com/ambuda-org/vidyut/f3ba4167d40eebc4b3023d24e66867aa6a8cdb32/vidyut-prakriya/data/dhatupatha.tsv,bb2013ead0ea536dc7f887164c385c703cb0014ccf6e5af35b87e6d3049ba380,
09.0020,9,DUY,kampane,कम्पने,1700,single_gloss,1,kampane,One source gloss; no attempt to invent finer senses within it.,,,,[],09.0020,merge_shared_meanings,09.0020,https://raw.githubusercontent.com/ambuda-org/vidyut/f3ba4167d40eebc4b3023d24e66867aa6a8cdb32/vidyut-prakriya/data/dhatupatha.tsv,bb2013ead0ea536dc7f887164c385c703cb0014ccf6e5af35b87e6d3049ba380,IR06
09.0021,9,SF,hiMsAyAm,हिंसायाम्,1701,single_gloss,1,hiMsAyAm,One source gloss; no attempt to invent finer senses within it.,,,,[],09.0021,not_flagged_by_exact_citation_check,09.0021,https://raw.githubusercontent.com/ambuda-org/vidyut/f3ba4167d40eebc4b3023d24e66867aa6a8cdb32/vidyut-prakriya/data/dhatupatha.tsv,bb2013ead0ea536dc7f887164c385c703cb0014ccf6e5af35b87e6d3049ba380,
09.0022,9,pF,pAlanapUraRayoH,पालनपूरणयोः,1702,enumerated_glosses,2,pAlane; pUraRe,Explicit analyst segmentation; retain the original compound for review.,,,,[],09.0022,merge_shared_meanings,09.0022,https://raw.githubusercontent.com/ambuda-org/vidyut/f3ba4167d40eebc4b3023d24e66867aa6a8cdb32/vidyut-prakriya/data/dhatupatha.tsv,bb2013ead0ea536dc7f887164c385c703cb0014ccf6e5af35b87e6d3049ba380,IR143
09.0023,9,vF,varaRe,वरणे,1703,single_gloss,1,varaRe,One source gloss; no attempt to invent finer senses within it.,,,,[],09.0023,not_flagged_by_exact_citation_check,09.0023,https://raw.githubusercontent.com/ambuda-org/vidyut/f3ba4167d40eebc4b3023d24e66867aa6a8cdb32/vidyut-prakriya/data/dhatupatha.tsv,bb2013ead0ea536dc7f887164c385c703cb0014ccf6e5af35b87e6d3049ba380,
09.0024,9,BF,Bartsane,भर्त्सने,1704,single_gloss,1,Bartsane,One source gloss; no attempt to invent finer senses within it.,,,,[],09.0024,not_flagged_by_exact_citation_check,09.0024,https://raw.githubusercontent.com/ambuda-org/vidyut/f3ba4167d40eebc4b3023d24e66867aa6a8cdb32/vidyut-prakriya/data/dhatupatha.tsv,bb2013ead0ea536dc7f887164c385c703cb0014ccf6e5af35b87e6d3049ba380,
09.0025,9,mF,hiMsAyAm,हिंसायाम्,1705,single_gloss,1,hiMsAyAm,One source gloss; no attempt to invent finer senses within it.,,,,[],09.0025,not_flagged_by_exact_citation_check,09.0025,https://raw.githubusercontent.com/ambuda-org/vidyut/f3ba4167d40eebc4b3023d24e66867aa6a8cdb32/vidyut-prakriya/data/dhatupatha.tsv,bb2013ead0ea536dc7f887164c385c703cb0014ccf6e5af35b87e6d3049ba380,
09.0026,9,dF,vidAraRe,विदारणे,1706,single_gloss,1,vidAraRe,One source gloss; no attempt to invent finer senses within it.,,,,[],09.0026,retain_distinct_meanings,09.0026,https://raw.githubusercontent.com/ambuda-org/vidyut/f3ba4167d40eebc4b3023d24e66867aa6a8cdb32/vidyut-prakriya/data/dhatupatha.tsv,bb2013ead0ea536dc7f887164c385c703cb0014ccf6e5af35b87e6d3049ba380,IR55
09.0027,9,jF,vayohAnO,वयोहानौ,1707,single_gloss,1,vayohAnO,One source gloss; no attempt to invent finer senses within it.,,,,[],09.0027,merge_shared_meanings,09.0027,https://raw.githubusercontent.com/ambuda-org/vidyut/f3ba4167d40eebc4b3023d24e66867aa6a8cdb32/vidyut-prakriya/data/dhatupatha.tsv,bb2013ead0ea536dc7f887164c385c703cb0014ccf6e5af35b87e6d3049ba380,IR82
09.0028,9,JF,vayohAnO,वयोहानौ,1708,single_gloss,1,vayohAnO,One source gloss; no attempt to invent finer senses within it.,,,,[],09.0028,not_flagged_by_exact_citation_check,09.0028,https://raw.githubusercontent.com/ambuda-org/vidyut/f3ba4167d40eebc4b3023d24e66867aa6a8cdb32/vidyut-prakriya/data/dhatupatha.tsv,bb2013ead0ea536dc7f887164c385c703cb0014ccf6e5af35b87e6d3049ba380,
09.0029,9,DF,vayohAnO,वयोहानौ,1709,single_gloss,1,vayohAnO,One source gloss; no attempt to invent finer senses within it.,,,,[],09.0029,not_flagged_by_exact_citation_check,09.0029,https://raw.githubusercontent.com/ambuda-org/vidyut/f3ba4167d40eebc4b3023d24e66867aa6a8cdb32/vidyut-prakriya/data/dhatupatha.tsv,bb2013ead0ea536dc7f887164c385c703cb0014ccf6e5af35b87e6d3049ba380,
09.0030,9,nF,naye,नये,1710,single_gloss,1,naye,One source gloss; no attempt to invent finer senses within it.,,,,[],09.0030,open,09.0030,https://raw.githubusercontent.com/ambuda-org/vidyut/f3ba4167d40eebc4b3023d24e66867aa6a8cdb32/vidyut-prakriya/data/dhatupatha.tsv,bb2013ead0ea536dc7f887164c385c703cb0014ccf6e5af35b87e6d3049ba380,IR141
09.0031,9,kF,hiMsAyAm,हिंसायाम्,1711,single_gloss,1,hiMsAyAm,One source gloss; no attempt to invent finer senses within it.,,,,[],09.0031,retain_distinct_meanings,09.0031,https://raw.githubusercontent.com/ambuda-org/vidyut/f3ba4167d40eebc4b3023d24e66867aa6a8cdb32/vidyut-prakriya/data/dhatupatha.tsv,bb2013ead0ea536dc7f887164c385c703cb0014ccf6e5af35b87e6d3049ba380,IR91
09.0032,9,F,gatO,गतौ,1712,single_gloss,1,gatO,One source gloss; no attempt to invent finer senses within it.,,,,[],09.0032,not_flagged_by_exact_citation_check,09.0032,https://raw.githubusercontent.com/ambuda-org/vidyut/f3ba4167d40eebc4b3023d24e66867aa6a8cdb32/vidyut-prakriya/data/dhatupatha.tsv,bb2013ead0ea536dc7f887164c385c703cb0014ccf6e5af35b87e6d3049ba380,
09.0033,9,gF,Sabde,शब्दे,1713,single_gloss,1,Sabde,One source gloss; no attempt to invent finer senses within it.,,,,[],09.0033,retain_distinct_meanings,09.0033,https://raw.githubusercontent.com/ambuda-org/vidyut/f3ba4167d40eebc4b3023d24e66867aa6a8cdb32/vidyut-prakriya/data/dhatupatha.tsv,bb2013ead0ea536dc7f887164c385c703cb0014ccf6e5af35b87e6d3049ba380,IR66
09.0034,9,jyA\,vayohAnO,वयोहानौ,1714,single_gloss,1,vayohAnO,One source gloss; no attempt to invent finer senses within it.,,,,[],09.0034,not_flagged_by_exact_citation_check,09.0034,https://raw.githubusercontent.com/ambuda-org/vidyut/f3ba4167d40eebc4b3023d24e66867aa6a8cdb32/vidyut-prakriya/data/dhatupatha.tsv,bb2013ead0ea536dc7f887164c385c703cb0014ccf6e5af35b87e6d3049ba380,
09.0035,9,rI\,gatirezaRayoH,गतिरेषणयोः,1715,enumerated_glosses,2,gatO; rezaRe,Explicit analyst segmentation; retain the original compound for review.,,,,[],09.0035,not_flagged_by_exact_citation_check,09.0035,https://raw.githubusercontent.com/ambuda-org/vidyut/f3ba4167d40eebc4b3023d24e66867aa6a8cdb32/vidyut-prakriya/data/dhatupatha.tsv,bb2013ead0ea536dc7f887164c385c703cb0014ccf6e5af35b87e6d3049ba380,
09.0036,9,lI\,SlezaRe,श्लेषणे,1716,single_gloss,1,SlezaRe,One source gloss; no attempt to invent finer senses within it.,,,,[],09.0036,not_flagged_by_exact_citation_check,09.0036,https://raw.githubusercontent.com/ambuda-org/vidyut/f3ba4167d40eebc4b3023d24e66867aa6a8cdb32/vidyut-prakriya/data/dhatupatha.tsv,bb2013ead0ea536dc7f887164c385c703cb0014ccf6e5af35b87e6d3049ba380,
09.0037,9,vlI\,varaRe,वरणे,1717,single_gloss,1,varaRe,One source gloss; no attempt to invent finer senses within it.,,,,[],09.0037,not_flagged_by_exact_citation_check,09.0037,https://raw.githubusercontent.com/ambuda-org/vidyut/f3ba4167d40eebc4b3023d24e66867aa6a8cdb32/vidyut-prakriya/data/dhatupatha.tsv,bb2013ead0ea536dc7f887164c385c703cb0014ccf6e5af35b87e6d3049ba380,
09.0038,9,blI\,varaRe,वरणे,1718,single_gloss,1,varaRe,One source gloss; no attempt to invent finer senses within it.,,,,[],09.0038,not_flagged_by_exact_citation_check,,https://raw.githubusercontent.com/ambuda-org/vidyut/f3ba4167d40eebc4b3023d24e66867aa6a8cdb32/vidyut-prakriya/data/dhatupatha.tsv,bb2013ead0ea536dc7f887164c385c703cb0014ccf6e5af35b87e6d3049ba380,
09.0039,9,plI\,gatO,गतौ,1719,single_gloss,1,gatO,One source gloss; no attempt to invent finer senses within it.,,,,[],09.0039,not_flagged_by_exact_citation_check,09.0039,https://raw.githubusercontent.com/ambuda-org/vidyut/f3ba4167d40eebc4b3023d24e66867aa6a8cdb32/vidyut-prakriya/data/dhatupatha.tsv,bb2013ead0ea536dc7f887164c385c703cb0014ccf6e5af35b87e6d3049ba380,
09.0040,9,vrI\,varaRe,वरणे,1720,single_gloss,1,varaRe,One source gloss; no attempt to invent finer senses within it.,,,,[],09.0040,not_flagged_by_exact_citation_check,09.0040,https://raw.githubusercontent.com/ambuda-org/vidyut/f3ba4167d40eebc4b3023d24e66867aa6a8cdb32/vidyut-prakriya/data/dhatupatha.tsv,bb2013ead0ea536dc7f887164c385c703cb0014ccf6e5af35b87e6d3049ba380,
09.0041,9,BrI\,Baye,भये,1721,single_gloss,1,Baye,One source gloss; no attempt to invent finer senses within it.,,,,[],09.0041,not_flagged_by_exact_citation_check,09.0041,https://raw.githubusercontent.com/ambuda-org/vidyut/f3ba4167d40eebc4b3023d24e66867aa6a8cdb32/vidyut-prakriya/data/dhatupatha.tsv,bb2013ead0ea536dc7f887164c385c703cb0014ccf6e5af35b87e6d3049ba380,
09.0042,9,kzI\z,hiMsAyAm,हिंसायाम्,1722,single_gloss,1,hiMsAyAm,One source gloss; no attempt to invent finer senses within it.,,,,[],09.0042,not_flagged_by_exact_citation_check,09.0042,https://raw.githubusercontent.com/ambuda-org/vidyut/f3ba4167d40eebc4b3023d24e66867aa6a8cdb32/vidyut-prakriya/data/dhatupatha.tsv,bb2013ead0ea536dc7f887164c385c703cb0014ccf6e5af35b87e6d3049ba380,
09.0043,9,jYA\,avaboDane,अवबोधने,1723,single_gloss,1,avaboDane,One source gloss; no attempt to invent finer senses within it.,,,,[],09.0043,not_flagged_by_exact_citation_check,09.0043,https://raw.githubusercontent.com/ambuda-org/vidyut/f3ba4167d40eebc4b3023d24e66867aa6a8cdb32/vidyut-prakriya/data/dhatupatha.tsv,bb2013ead0ea536dc7f887164c385c703cb0014ccf6e5af35b87e6d3049ba380,
09.0044,9,ba\nDa~,banDane,बन्धने,1724,single_gloss,1,banDane,One source gloss; no attempt to invent finer senses within it.,,,,[],09.0044,not_flagged_by_exact_citation_check,09.0044,https://raw.githubusercontent.com/ambuda-org/vidyut/f3ba4167d40eebc4b3023d24e66867aa6a8cdb32/vidyut-prakriya/data/dhatupatha.tsv,bb2013ead0ea536dc7f887164c385c703cb0014ccf6e5af35b87e6d3049ba380,
09.0045,9,vfN,samBaktO,सम्भक्तौ,1725,single_gloss,1,samBaktO,One source gloss; no attempt to invent finer senses within it.,,,,[],09.0045,not_flagged_by_exact_citation_check,09.0045,https://raw.githubusercontent.com/ambuda-org/vidyut/f3ba4167d40eebc4b3023d24e66867aa6a8cdb32/vidyut-prakriya/data/dhatupatha.tsv,bb2013ead0ea536dc7f887164c385c703cb0014ccf6e5af35b87e6d3049ba380,
09.0046,9,SranTa~,vimocanapratiharzayoH,विमोचनप्रतिहर्षयोः,1726,enumerated_glosses,2,vimocane; pratiharze,Explicit analyst segmentation; retain the original compound for review.,,,,[],09.0046,merge_shared_meanings,09.0046,https://raw.githubusercontent.com/ambuda-org/vidyut/f3ba4167d40eebc4b3023d24e66867aa6a8cdb32/vidyut-prakriya/data/dhatupatha.tsv,bb2013ead0ea536dc7f887164c385c703cb0014ccf6e5af35b87e6d3049ba380,IR27
09.0047,9,manTa~,viloqane,विलोडने,1727,single_gloss,1,viloqane,One source gloss; no attempt to invent finer senses within it.,,,,[],09.0047,merge_shared_meanings,09.0047,https://raw.githubusercontent.com/ambuda-org/vidyut/f3ba4167d40eebc4b3023d24e66867aa6a8cdb32/vidyut-prakriya/data/dhatupatha.tsv,bb2013ead0ea536dc7f887164c385c703cb0014ccf6e5af35b87e6d3049ba380,IR132
09.0048,9,SranTa~,sandarBe,सन्दर्भे,1728,single_gloss,1,sandarBe,One source gloss; no attempt to invent finer senses within it.,,,,[],09.0048,merge_shared_meanings,09.0048,https://raw.githubusercontent.com/ambuda-org/vidyut/f3ba4167d40eebc4b3023d24e66867aa6a8cdb32/vidyut-prakriya/data/dhatupatha.tsv,bb2013ead0ea536dc7f887164c385c703cb0014ccf6e5af35b87e6d3049ba380,IR27
09.0049,9,granTa~,sandarBe,सन्दर्भे,1729,single_gloss,1,sandarBe,One source gloss; no attempt to invent finer senses within it.,,,,[],09.0049,merge_shared_meanings,09.0049,https://raw.githubusercontent.com/ambuda-org/vidyut/f3ba4167d40eebc4b3023d24e66867aa6a8cdb32/vidyut-prakriya/data/dhatupatha.tsv,bb2013ead0ea536dc7f887164c385c703cb0014ccf6e5af35b87e6d3049ba380,IR72
09.0050,9,kunTa~,saMSlezaRe,संश्लेषणे,1730,single_gloss,1,saMSlezaRe,One source gloss; no attempt to invent finer senses within it.,,,,[],09.0050,not_flagged_by_exact_citation_check,09.0050,https://raw.githubusercontent.com/ambuda-org/vidyut/f3ba4167d40eebc4b3023d24e66867aa6a8cdb32/vidyut-prakriya/data/dhatupatha.tsv,bb2013ead0ea536dc7f887164c385c703cb0014ccf6e5af35b87e6d3049ba380,
09.0051,9,mfda~,kzode,क्षोदे,1731,single_gloss,1,kzode,One source gloss; no attempt to invent finer senses within it.,,,,[],09.0051,not_flagged_by_exact_citation_check,09.0051,https://raw.githubusercontent.com/ambuda-org/vidyut/f3ba4167d40eebc4b3023d24e66867aa6a8cdb32/vidyut-prakriya/data/dhatupatha.tsv,bb2013ead0ea536dc7f887164c385c703cb0014ccf6e5af35b87e6d3049ba380,
09.0052,9,mfqa~,kzode suKe ca,क्षोदे सुखे च,1732,enumerated_glosses,2,kzode; suKe,Visible enumeration; semantic overlap still belongs to lexical review.,,,,[],09.0052,merge_shared_meanings,09.0052,https://raw.githubusercontent.com/ambuda-org/vidyut/f3ba4167d40eebc4b3023d24e66867aa6a8cdb32/vidyut-prakriya/data/dhatupatha.tsv,bb2013ead0ea536dc7f887164c385c703cb0014ccf6e5af35b87e6d3049ba380,IR135
09.0053,9,guDa~,roze,रोषे,1733,single_gloss,1,roze,One source gloss; no attempt to invent finer senses within it.,,,,[],09.0053,retain_distinct_meanings,09.0053,https://raw.githubusercontent.com/ambuda-org/vidyut/f3ba4167d40eebc4b3023d24e66867aa6a8cdb32/vidyut-prakriya/data/dhatupatha.tsv,bb2013ead0ea536dc7f887164c385c703cb0014ccf6e5af35b87e6d3049ba380,IR73
09.0054,9,kuza~,nizkarze,निष्कर्षे,1734,single_gloss,1,nizkarze,One source gloss; no attempt to invent finer senses within it.,,,,[],09.0054,not_flagged_by_exact_citation_check,09.0054,https://raw.githubusercontent.com/ambuda-org/vidyut/f3ba4167d40eebc4b3023d24e66867aa6a8cdb32/vidyut-prakriya/data/dhatupatha.tsv,bb2013ead0ea536dc7f887164c385c703cb0014ccf6e5af35b87e6d3049ba380,
09.0055,9,kzuBa~,saYcalane,सञ्चलने,1735,single_gloss,1,saYcalane,One source gloss; no attempt to invent finer senses within it.,,,,[],09.0055,merge_shared_meanings,09.0055,https://raw.githubusercontent.com/ambuda-org/vidyut/f3ba4167d40eebc4b3023d24e66867aa6a8cdb32/vidyut-prakriya/data/dhatupatha.tsv,bb2013ead0ea536dc7f887164c385c703cb0014ccf6e5af35b87e6d3049ba380,IR110
09.0056,9,RaBa~,hiMsAyAm,हिंसायाम्,1736,single_gloss,1,hiMsAyAm,One source gloss; no attempt to invent finer senses within it.,,,,[],09.0056,merge_shared_meanings,09.0056,https://raw.githubusercontent.com/ambuda-org/vidyut/f3ba4167d40eebc4b3023d24e66867aa6a8cdb32/vidyut-prakriya/data/dhatupatha.tsv,bb2013ead0ea536dc7f887164c385c703cb0014ccf6e5af35b87e6d3049ba380,IR17
09.0057,9,tuBa~,hiMsAyAm,हिंसायाम्,1737,single_gloss,1,hiMsAyAm,One source gloss; no attempt to invent finer senses within it.,,,,[],09.0057,merge_shared_meanings,09.0057,https://raw.githubusercontent.com/ambuda-org/vidyut/f3ba4167d40eebc4b3023d24e66867aa6a8cdb32/vidyut-prakriya/data/dhatupatha.tsv,bb2013ead0ea536dc7f887164c385c703cb0014ccf6e5af35b87e6d3049ba380,IR184
09.0058,9,kliSU~,vibADane,विबाधने,1738,single_gloss,1,vibADane,One source gloss; no attempt to invent finer senses within it.,,,,[],09.0058,not_flagged_by_exact_citation_check,09.0058,https://raw.githubusercontent.com/ambuda-org/vidyut/f3ba4167d40eebc4b3023d24e66867aa6a8cdb32/vidyut-prakriya/data/dhatupatha.tsv,bb2013ead0ea536dc7f887164c385c703cb0014ccf6e5af35b87e6d3049ba380,
09.0059,9,aSa~,Bojane,भोजने,1739,single_gloss,1,Bojane,One source gloss; no attempt to invent finer senses within it.,,,,[],09.0059,not_flagged_by_exact_citation_check,09.0059,https://raw.githubusercontent.com/ambuda-org/vidyut/f3ba4167d40eebc4b3023d24e66867aa6a8cdb32/vidyut-prakriya/data/dhatupatha.tsv,bb2013ead0ea536dc7f887164c385c703cb0014ccf6e5af35b87e6d3049ba380,
09.0060,9,u~Drasa~,uYCe,उञ्छे,1740,single_gloss,1,uYCe,One source gloss; no attempt to invent finer senses within it.,,,,[],09.0060,open,,https://raw.githubusercontent.com/ambuda-org/vidyut/f3ba4167d40eebc4b3023d24e66867aa6a8cdb32/vidyut-prakriya/data/dhatupatha.tsv,bb2013ead0ea536dc7f887164c385c703cb0014ccf6e5af35b87e6d3049ba380,IR194
09.0061,9,iza~,ABIkzRye,आभीक्ष्ण्ये,1741,single_gloss,1,ABIkzRye,One source gloss; no attempt to invent finer senses within it.,,,,[],09.0061,retain_distinct_meanings,09.0061,https://raw.githubusercontent.com/ambuda-org/vidyut/f3ba4167d40eebc4b3023d24e66867aa6a8cdb32/vidyut-prakriya/data/dhatupatha.tsv,bb2013ead0ea536dc7f887164c385c703cb0014ccf6e5af35b87e6d3049ba380,IR81
09.0062,9,vi\za~,viprayoge,विप्रयोगे,1742,single_gloss,1,viprayoge,One source gloss; no attempt to invent finer senses within it.,,,,[],09.0062,not_flagged_by_exact_citation_check,09.0062,https://raw.githubusercontent.com/ambuda-org/vidyut/f3ba4167d40eebc4b3023d24e66867aa6a8cdb32/vidyut-prakriya/data/dhatupatha.tsv,bb2013ead0ea536dc7f887164c385c703cb0014ccf6e5af35b87e6d3049ba380,
09.0063,9,pruza~,snehanasevanapUraRezu,स्नेहनसेवनपूरणेषु,1743,enumerated_glosses,3,snehane; sevane; pUraRe,Explicit analyst segmentation; retain the original compound for review.,,,,[],09.0063,not_flagged_by_exact_citation_check,09.0063,https://raw.githubusercontent.com/ambuda-org/vidyut/f3ba4167d40eebc4b3023d24e66867aa6a8cdb32/vidyut-prakriya/data/dhatupatha.tsv,bb2013ead0ea536dc7f887164c385c703cb0014ccf6e5af35b87e6d3049ba380,
09.0064,9,pluza~,snehanasevanapUraRezu,स्नेहनसेवनपूरणेषु,1744,enumerated_glosses,3,snehane; sevane; pUraRe,Explicit analyst segmentation; retain the original compound for review.,,,,[],09.0064,merge_shared_meanings,09.0064,https://raw.githubusercontent.com/ambuda-org/vidyut/f3ba4167d40eebc4b3023d24e66867aa6a8cdb32/vidyut-prakriya/data/dhatupatha.tsv,bb2013ead0ea536dc7f887164c385c703cb0014ccf6e5af35b87e6d3049ba380,IR150
09.0065,9,puza~,puzwO,पुष्टौ,1745,single_gloss,1,puzwO,One source gloss; no attempt to invent finer senses within it.,,,,[],09.0065,merge_shared_meanings,09.0065,https://raw.githubusercontent.com/ambuda-org/vidyut/f3ba4167d40eebc4b3023d24e66867aa6a8cdb32/vidyut-prakriya/data/dhatupatha.tsv,bb2013ead0ea536dc7f887164c385c703cb0014ccf6e5af35b87e6d3049ba380,IR156
09.0066,9,muza~,steye,स्तेये,1746,single_gloss,1,steye,One source gloss; no attempt to invent finer senses within it.,,,,[],09.0066,retain_distinct_meanings,09.0066,https://raw.githubusercontent.com/ambuda-org/vidyut/f3ba4167d40eebc4b3023d24e66867aa6a8cdb32/vidyut-prakriya/data/dhatupatha.tsv,bb2013ead0ea536dc7f887164c385c703cb0014ccf6e5af35b87e6d3049ba380,IR140
09.0067,9,Kaca~,BUtaprAdurBAve,भूतप्रादुर्भावे,1747,single_gloss,1,BUtaprAdurBAve,One source gloss; no attempt to invent finer senses within it.,,,,[],09.0067,not_flagged_by_exact_citation_check,09.0067,https://raw.githubusercontent.com/ambuda-org/vidyut/f3ba4167d40eebc4b3023d24e66867aa6a8cdb32/vidyut-prakriya/data/dhatupatha.tsv,bb2013ead0ea536dc7f887164c385c703cb0014ccf6e5af35b87e6d3049ba380,
09.0068,9,Kava~,BUtaprAdurBAve,भूतप्रादुर्भावे,1748,single_gloss,1,BUtaprAdurBAve,One source gloss; no attempt to invent finer senses within it.,,,,[],09.0068,not_flagged_by_exact_citation_check,09.0068,https://raw.githubusercontent.com/ambuda-org/vidyut/f3ba4167d40eebc4b3023d24e66867aa6a8cdb32/vidyut-prakriya/data/dhatupatha.tsv,bb2013ead0ea536dc7f887164c385c703cb0014ccf6e5af35b87e6d3049ba380,
09.0069,9,heWa~,BUtaprAdurBAve,भूतप्रादुर्भावे,1749,single_gloss,1,BUtaprAdurBAve,One source gloss; no attempt to invent finer senses within it.,,,,[],09.0069,not_flagged_by_exact_citation_check,09.0069,https://raw.githubusercontent.com/ambuda-org/vidyut/f3ba4167d40eebc4b3023d24e66867aa6a8cdb32/vidyut-prakriya/data/dhatupatha.tsv,bb2013ead0ea536dc7f887164c385c703cb0014ccf6e5af35b87e6d3049ba380,
09.0070,9,svF,varaRe,वरणे,1750,single_gloss,1,varaRe,One source gloss; no attempt to invent finer senses within it.,,,,[],09.0070,not_flagged_by_exact_citation_check,,https://raw.githubusercontent.com/ambuda-org/vidyut/f3ba4167d40eebc4b3023d24e66867aa6a8cdb32/vidyut-prakriya/data/dhatupatha.tsv,bb2013ead0ea536dc7f887164c385c703cb0014ccf6e5af35b87e6d3049ba380,
09.0071,9,graha~^,upAdAne,उपादाने,1751,single_gloss,1,upAdAne,One source gloss; no attempt to invent finer senses within it.,,,,[],09.0071,not_flagged_by_exact_citation_check,09.0071,https://raw.githubusercontent.com/ambuda-org/vidyut/f3ba4167d40eebc4b3023d24e66867aa6a8cdb32/vidyut-prakriya/data/dhatupatha.tsv,bb2013ead0ea536dc7f887164c385c703cb0014ccf6e5af35b87e6d3049ba380,
10.0001,10,cura~,steye,स्तेये,1752,single_gloss,1,steye,One source gloss; no attempt to invent finer senses within it.,,,,[],10.0001,not_flagged_by_exact_citation_check,10.0001,https://raw.githubusercontent.com/ambuda-org/vidyut/f3ba4167d40eebc4b3023d24e66867aa6a8cdb32/vidyut-prakriya/data/dhatupatha.tsv,bb2013ead0ea536dc7f887164c385c703cb0014ccf6e5af35b87e6d3049ba380,
10.0002,10,citi~,smftyAm,स्मृत्याम्,1753,single_gloss,1,smftyAm,One source gloss; no attempt to invent finer senses within it.,,,,[],10.0002,not_flagged_by_exact_citation_check,10.0002,https://raw.githubusercontent.com/ambuda-org/vidyut/f3ba4167d40eebc4b3023d24e66867aa6a8cdb32/vidyut-prakriya/data/dhatupatha.tsv,bb2013ead0ea536dc7f887164c385c703cb0014ccf6e5af35b87e6d3049ba380,
10.0003,10,yatri~,saNkoce,सङ्कोचे,1754,single_gloss,1,saNkoce,One source gloss; no attempt to invent finer senses within it.,,,,[],10.0003,not_flagged_by_exact_citation_check,10.0003,https://raw.githubusercontent.com/ambuda-org/vidyut/f3ba4167d40eebc4b3023d24e66867aa6a8cdb32/vidyut-prakriya/data/dhatupatha.tsv,bb2013ead0ea536dc7f887164c385c703cb0014ccf6e5af35b87e6d3049ba380,
10.0004,10,sPuqi~,parihAse,परिहासे,1755,single_gloss,1,parihAse,One source gloss; no attempt to invent finer senses within it.,,,,[],10.0004,not_flagged_by_exact_citation_check,10.0004,https://raw.githubusercontent.com/ambuda-org/vidyut/f3ba4167d40eebc4b3023d24e66867aa6a8cdb32/vidyut-prakriya/data/dhatupatha.tsv,bb2013ead0ea536dc7f887164c385c703cb0014ccf6e5af35b87e6d3049ba380,
10.0005,10,sPuwi~,parihAse,परिहासे,1756,single_gloss,1,parihAse,One source gloss; no attempt to invent finer senses within it.,,,,[],10.0005,retain_distinct_meanings,10.0005,https://raw.githubusercontent.com/ambuda-org/vidyut/f3ba4167d40eebc4b3023d24e66867aa6a8cdb32/vidyut-prakriya/data/dhatupatha.tsv,bb2013ead0ea536dc7f887164c385c703cb0014ccf6e5af35b87e6d3049ba380,IR172
10.0006,10,lakza~,darSanANkanayoH,दर्शनाङ्कनयोः,1757,enumerated_glosses,2,darSane; aNkane,Explicit analyst segmentation; retain the original compound for review.,,,,[],10.0006,open,10.0006,https://raw.githubusercontent.com/ambuda-org/vidyut/f3ba4167d40eebc4b3023d24e66867aa6a8cdb32/vidyut-prakriya/data/dhatupatha.tsv,bb2013ead0ea536dc7f887164c385c703cb0014ccf6e5af35b87e6d3049ba380,IR116
10.0007,10,kudri~,anftaBAzaRe,अनृतभाषणे,1758,single_gloss,1,anftaBAzaRe,One source gloss; no attempt to invent finer senses within it.,,,,[],10.0007,not_flagged_by_exact_citation_check,10.0007,https://raw.githubusercontent.com/ambuda-org/vidyut/f3ba4167d40eebc4b3023d24e66867aa6a8cdb32/vidyut-prakriya/data/dhatupatha.tsv,bb2013ead0ea536dc7f887164c385c703cb0014ccf6e5af35b87e6d3049ba380,
10.0008,10,kudf~,anftaBAzaRe,अनृतभाषणे,1759,single_gloss,1,anftaBAzaRe,One source gloss; no attempt to invent finer senses within it.,,,,[],10.0008,not_flagged_by_exact_citation_check,10.0008,https://raw.githubusercontent.com/ambuda-org/vidyut/f3ba4167d40eebc4b3023d24e66867aa6a8cdb32/vidyut-prakriya/data/dhatupatha.tsv,bb2013ead0ea536dc7f887164c385c703cb0014ccf6e5af35b87e6d3049ba380,
10.0009,10,spuqi~,parihAse,परिहासे,1760,single_gloss,1,parihAse,One source gloss; no attempt to invent finer senses within it.,,,,[],10.0009,not_flagged_by_exact_citation_check,,https://raw.githubusercontent.com/ambuda-org/vidyut/f3ba4167d40eebc4b3023d24e66867aa6a8cdb32/vidyut-prakriya/data/dhatupatha.tsv,bb2013ead0ea536dc7f887164c385c703cb0014ccf6e5af35b87e6d3049ba380,
10.0010,10,laqa~,upasevAyAm,उपसेवायाम्,1761,single_gloss,1,upasevAyAm,One source gloss; no attempt to invent finer senses within it.,,,,[],10.0010,open,10.0010,https://raw.githubusercontent.com/ambuda-org/vidyut/f3ba4167d40eebc4b3023d24e66867aa6a8cdb32/vidyut-prakriya/data/dhatupatha.tsv,bb2013ead0ea536dc7f887164c385c703cb0014ccf6e5af35b87e6d3049ba380,IR118
10.0011,10,midi~,snehane,स्नेहने,1762,single_gloss,1,snehane,One source gloss; no attempt to invent finer senses within it.,,,,[],10.0011,not_flagged_by_exact_citation_check,10.0011,https://raw.githubusercontent.com/ambuda-org/vidyut/f3ba4167d40eebc4b3023d24e66867aa6a8cdb32/vidyut-prakriya/data/dhatupatha.tsv,bb2013ead0ea536dc7f887164c385c703cb0014ccf6e5af35b87e6d3049ba380,
10.0012,10,mida~,snehane,स्नेहने,1763,single_gloss,1,snehane,One source gloss; no attempt to invent finer senses within it.,,,,[],10.0012,not_flagged_by_exact_citation_check,10.0012,https://raw.githubusercontent.com/ambuda-org/vidyut/f3ba4167d40eebc4b3023d24e66867aa6a8cdb32/vidyut-prakriya/data/dhatupatha.tsv,bb2013ead0ea536dc7f887164c385c703cb0014ccf6e5af35b87e6d3049ba380,
10.0013,10,o~laqi~,utkzepaRe,उत्क्षेपणे,1764,single_gloss,1,utkzepaRe,One source gloss; no attempt to invent finer senses within it.,,,,[],10.0013,not_flagged_by_exact_citation_check,10.0013,https://raw.githubusercontent.com/ambuda-org/vidyut/f3ba4167d40eebc4b3023d24e66867aa6a8cdb32/vidyut-prakriya/data/dhatupatha.tsv,bb2013ead0ea536dc7f887164c385c703cb0014ccf6e5af35b87e6d3049ba380,
10.0014,10,olaqi~,utkzepaRe,उत्क्षेपणे,1765,single_gloss,1,utkzepaRe,One source gloss; no attempt to invent finer senses within it.,,,,[],10.0014,not_flagged_by_exact_citation_check,10.0014,https://raw.githubusercontent.com/ambuda-org/vidyut/f3ba4167d40eebc4b3023d24e66867aa6a8cdb32/vidyut-prakriya/data/dhatupatha.tsv,bb2013ead0ea536dc7f887164c385c703cb0014ccf6e5af35b87e6d3049ba380,
10.0015,10,jala~,apavAraRe,अपवारणे,1766,single_gloss,1,apavAraRe,One source gloss; no attempt to invent finer senses within it.,,,,[],10.0015,retain_distinct_meanings,10.0015,https://raw.githubusercontent.com/ambuda-org/vidyut/f3ba4167d40eebc4b3023d24e66867aa6a8cdb32/vidyut-prakriya/data/dhatupatha.tsv,bb2013ead0ea536dc7f887164c385c703cb0014ccf6e5af35b87e6d3049ba380,IR84
10.0016,10,laja~,apavAraRe,अपवारणे,1767,single_gloss,1,apavAraRe,One source gloss; no attempt to invent finer senses within it.,,,,[],10.0016,retain_distinct_meanings,10.0016;10.0463,https://raw.githubusercontent.com/ambuda-org/vidyut/f3ba4167d40eebc4b3023d24e66867aa6a8cdb32/vidyut-prakriya/data/dhatupatha.tsv,bb2013ead0ea536dc7f887164c385c703cb0014ccf6e5af35b87e6d3049ba380,IR114
10.0017,10,pIqa~,avagAhane,अवगाहने,1768,single_gloss,1,avagAhane,One source gloss; no attempt to invent finer senses within it.,,,,[],10.0017,not_flagged_by_exact_citation_check,10.0017,https://raw.githubusercontent.com/ambuda-org/vidyut/f3ba4167d40eebc4b3023d24e66867aa6a8cdb32/vidyut-prakriya/data/dhatupatha.tsv,bb2013ead0ea536dc7f887164c385c703cb0014ccf6e5af35b87e6d3049ba380,
10.0018,10,nawa~,avaspandane,अवस्पन्दने,1769,single_gloss,1,avaspandane,One source gloss; no attempt to invent finer senses within it.,,,,[],10.0018,not_flagged_by_exact_citation_check,10.0018;10.0322,https://raw.githubusercontent.com/ambuda-org/vidyut/f3ba4167d40eebc4b3023d24e66867aa6a8cdb32/vidyut-prakriya/data/dhatupatha.tsv,bb2013ead0ea536dc7f887164c385c703cb0014ccf6e5af35b87e6d3049ba380,
10.0019,10,SraTa~,prayatne,प्रयत्ने,1770,single_gloss,1,prayatne,One source gloss; no attempt to invent finer senses within it.,,,,[],10.0019,open,10.0019,https://raw.githubusercontent.com/ambuda-org/vidyut/f3ba4167d40eebc4b3023d24e66867aa6a8cdb32/vidyut-prakriya/data/dhatupatha.tsv,bb2013ead0ea536dc7f887164c385c703cb0014ccf6e5af35b87e6d3049ba380,IR26
10.0020,10,baDa~,saMyamane,संयमने,1771,single_gloss,1,saMyamane,One source gloss; no attempt to invent finer senses within it.,,,,[],10.0020,not_flagged_by_exact_citation_check,10.0020,https://raw.githubusercontent.com/ambuda-org/vidyut/f3ba4167d40eebc4b3023d24e66867aa6a8cdb32/vidyut-prakriya/data/dhatupatha.tsv,bb2013ead0ea536dc7f887164c385c703cb0014ccf6e5af35b87e6d3049ba380,
10.0021,10,banDa~,saMyamane,संयमने,1772,single_gloss,1,saMyamane,One source gloss; no attempt to invent finer senses within it.,,,,[],10.0021,not_flagged_by_exact_citation_check,10.0021,https://raw.githubusercontent.com/ambuda-org/vidyut/f3ba4167d40eebc4b3023d24e66867aa6a8cdb32/vidyut-prakriya/data/dhatupatha.tsv,bb2013ead0ea536dc7f887164c385c703cb0014ccf6e5af35b87e6d3049ba380,
10.0022,10,pF,pUraRe,पूरणे,1773,single_gloss,1,pUraRe,One source gloss; no attempt to invent finer senses within it.,,,,[],10.0022,merge_shared_meanings,,https://raw.githubusercontent.com/ambuda-org/vidyut/f3ba4167d40eebc4b3023d24e66867aa6a8cdb32/vidyut-prakriya/data/dhatupatha.tsv,bb2013ead0ea536dc7f887164c385c703cb0014ccf6e5af35b87e6d3049ba380,IR143
10.0023,10,urja~,balaprARanayoH,बलप्राणनयोः,1774,enumerated_glosses,2,bale; prARane,Explicit analyst segmentation; retain the original compound for review.,,,,[],10.0023,not_flagged_by_exact_citation_check,,https://raw.githubusercontent.com/ambuda-org/vidyut/f3ba4167d40eebc4b3023d24e66867aa6a8cdb32/vidyut-prakriya/data/dhatupatha.tsv,bb2013ead0ea536dc7f887164c385c703cb0014ccf6e5af35b87e6d3049ba380,
10.0024,10,pakza~,parigrahe,परिग्रहे,1775,single_gloss,1,parigrahe,One source gloss; no attempt to invent finer senses within it.,,,,[],10.0024,open,10.0024,https://raw.githubusercontent.com/ambuda-org/vidyut/f3ba4167d40eebc4b3023d24e66867aa6a8cdb32/vidyut-prakriya/data/dhatupatha.tsv,bb2013ead0ea536dc7f887164c385c703cb0014ccf6e5af35b87e6d3049ba380,IR145
10.0025,10,varRa~,preraRe,प्रेरणे,1776,single_gloss,1,preraRe,One source gloss; no attempt to invent finer senses within it.,,,,[],10.0025,not_flagged_by_exact_citation_check,10.0025;10.0484,https://raw.githubusercontent.com/ambuda-org/vidyut/f3ba4167d40eebc4b3023d24e66867aa6a8cdb32/vidyut-prakriya/data/dhatupatha.tsv,bb2013ead0ea536dc7f887164c385c703cb0014ccf6e5af35b87e6d3049ba380,
10.0026,10,curRa~,preraRe ,प्रेरणे ,1777,single_gloss,1,preraRe,One source gloss; no attempt to invent finer senses within it.,,,,[],10.0026,not_flagged_by_exact_citation_check,,https://raw.githubusercontent.com/ambuda-org/vidyut/f3ba4167d40eebc4b3023d24e66867aa6a8cdb32/vidyut-prakriya/data/dhatupatha.tsv,bb2013ead0ea536dc7f887164c385c703cb0014ccf6e5af35b87e6d3049ba380,
10.0027,10,praTa~,praKyAne,प्रख्याने,1778,single_gloss,1,praKyAne,One source gloss; no attempt to invent finer senses within it.,,,,[],10.0027,not_flagged_by_exact_citation_check,10.0027,https://raw.githubusercontent.com/ambuda-org/vidyut/f3ba4167d40eebc4b3023d24e66867aa6a8cdb32/vidyut-prakriya/data/dhatupatha.tsv,bb2013ead0ea536dc7f887164c385c703cb0014ccf6e5af35b87e6d3049ba380,
10.0028,10,pfTa~,prakzepe,प्रक्षेपे,1779,single_gloss,1,prakzepe,One source gloss; no attempt to invent finer senses within it.,,,,[],10.0028,not_flagged_by_exact_citation_check,10.0028,https://raw.githubusercontent.com/ambuda-org/vidyut/f3ba4167d40eebc4b3023d24e66867aa6a8cdb32/vidyut-prakriya/data/dhatupatha.tsv,bb2013ead0ea536dc7f887164c385c703cb0014ccf6e5af35b87e6d3049ba380,
10.0029,10,paTa~,prakzepe,प्रक्षेपे,1780,single_gloss,1,prakzepe,One source gloss; no attempt to invent finer senses within it.,,,,[],10.0029,not_flagged_by_exact_citation_check,10.0029,https://raw.githubusercontent.com/ambuda-org/vidyut/f3ba4167d40eebc4b3023d24e66867aa6a8cdb32/vidyut-prakriya/data/dhatupatha.tsv,bb2013ead0ea536dc7f887164c385c703cb0014ccf6e5af35b87e6d3049ba380,
10.0030,10,zanba~,sambanDane,सम्बन्धने,1781,single_gloss,1,sambanDane,One source gloss; no attempt to invent finer senses within it.,,,,[],10.0030,not_flagged_by_exact_citation_check,,https://raw.githubusercontent.com/ambuda-org/vidyut/f3ba4167d40eebc4b3023d24e66867aa6a8cdb32/vidyut-prakriya/data/dhatupatha.tsv,bb2013ead0ea536dc7f887164c385c703cb0014ccf6e5af35b87e6d3049ba380,
10.0031,10,Sanba~,sambanDane,सम्बन्धने,1782,single_gloss,1,sambanDane,One source gloss; no attempt to invent finer senses within it.,,,,[],10.0031,not_flagged_by_exact_citation_check,,https://raw.githubusercontent.com/ambuda-org/vidyut/f3ba4167d40eebc4b3023d24e66867aa6a8cdb32/vidyut-prakriya/data/dhatupatha.tsv,bb2013ead0ea536dc7f887164c385c703cb0014ccf6e5af35b87e6d3049ba380,
10.0032,10,sAnba~,sambanDane,सम्बन्धने,1783,single_gloss,1,sambanDane,One source gloss; no attempt to invent finer senses within it.,,,,[],10.0032,not_flagged_by_exact_citation_check,,https://raw.githubusercontent.com/ambuda-org/vidyut/f3ba4167d40eebc4b3023d24e66867aa6a8cdb32/vidyut-prakriya/data/dhatupatha.tsv,bb2013ead0ea536dc7f887164c385c703cb0014ccf6e5af35b87e6d3049ba380,
10.0033,10,Bakza~,adane,अदने,1784,single_gloss,1,adane,One source gloss; no attempt to invent finer senses within it.,,,,[],10.0033,not_flagged_by_exact_citation_check,10.0033,https://raw.githubusercontent.com/ambuda-org/vidyut/f3ba4167d40eebc4b3023d24e66867aa6a8cdb32/vidyut-prakriya/data/dhatupatha.tsv,bb2013ead0ea536dc7f887164c385c703cb0014ccf6e5af35b87e6d3049ba380,
10.0034,10,kuwwa~,CedanaBartsanayoH,छेदनभर्त्सनयोः,1785,enumerated_glosses,2,Cedane; Bartsane,Explicit analyst segmentation; retain the original compound for review.,,,,[],10.0034,retain_distinct_meanings,10.0034,https://raw.githubusercontent.com/ambuda-org/vidyut/f3ba4167d40eebc4b3023d24e66867aa6a8cdb32/vidyut-prakriya/data/dhatupatha.tsv,bb2013ead0ea536dc7f887164c385c703cb0014ccf6e5af35b87e6d3049ba380,IR107
10.0035,10,puwwa~,alpIBAve,अल्पीभावे,1786,single_gloss,1,alpIBAve,One source gloss; no attempt to invent finer senses within it.,,,,[],10.0035,not_flagged_by_exact_citation_check,10.0035,https://raw.githubusercontent.com/ambuda-org/vidyut/f3ba4167d40eebc4b3023d24e66867aa6a8cdb32/vidyut-prakriya/data/dhatupatha.tsv,bb2013ead0ea536dc7f887164c385c703cb0014ccf6e5af35b87e6d3049ba380,
10.0036,10,cuwwa~,alpIBAve,अल्पीभावे,1787,single_gloss,1,alpIBAve,One source gloss; no attempt to invent finer senses within it.,,,,[],10.0036,not_flagged_by_exact_citation_check,10.0036,https://raw.githubusercontent.com/ambuda-org/vidyut/f3ba4167d40eebc4b3023d24e66867aa6a8cdb32/vidyut-prakriya/data/dhatupatha.tsv,bb2013ead0ea536dc7f887164c385c703cb0014ccf6e5af35b87e6d3049ba380,
10.0037,10,adwa~,anAdare,अनादरे,1788,single_gloss,1,anAdare,One source gloss; no attempt to invent finer senses within it.,,,,[],10.0037,not_flagged_by_exact_citation_check,,https://raw.githubusercontent.com/ambuda-org/vidyut/f3ba4167d40eebc4b3023d24e66867aa6a8cdb32/vidyut-prakriya/data/dhatupatha.tsv,bb2013ead0ea536dc7f887164c385c703cb0014ccf6e5af35b87e6d3049ba380,
10.0038,10,zuwwa~,anAdare,अनादरे,1789,single_gloss,1,anAdare,One source gloss; no attempt to invent finer senses within it.,,,,[],10.0038,not_flagged_by_exact_citation_check,10.0038,https://raw.githubusercontent.com/ambuda-org/vidyut/f3ba4167d40eebc4b3023d24e66867aa6a8cdb32/vidyut-prakriya/data/dhatupatha.tsv,bb2013ead0ea536dc7f887164c385c703cb0014ccf6e5af35b87e6d3049ba380,
10.0039,10,lunwa~,steye,स्तेये,1790,single_gloss,1,steye,One source gloss; no attempt to invent finer senses within it.,,,,[],10.0039,not_flagged_by_exact_citation_check,,https://raw.githubusercontent.com/ambuda-org/vidyut/f3ba4167d40eebc4b3023d24e66867aa6a8cdb32/vidyut-prakriya/data/dhatupatha.tsv,bb2013ead0ea536dc7f887164c385c703cb0014ccf6e5af35b87e6d3049ba380,
10.0040,10,lunWa~,steye,स्तेये,1791,single_gloss,1,steye,One source gloss; no attempt to invent finer senses within it.,,,,[],10.0040,not_flagged_by_exact_citation_check,,https://raw.githubusercontent.com/ambuda-org/vidyut/f3ba4167d40eebc4b3023d24e66867aa6a8cdb32/vidyut-prakriya/data/dhatupatha.tsv,bb2013ead0ea536dc7f887164c385c703cb0014ccf6e5af35b87e6d3049ba380,
10.0041,10,SaWa~,asaMskAragatyoH,असंस्कारगत्योः,1792,enumerated_glosses,2,asaMskAre; gatO,Explicit analyst segmentation; retain the original compound for review.,,,,[],10.0041,retain_distinct_meanings,10.0041,https://raw.githubusercontent.com/ambuda-org/vidyut/f3ba4167d40eebc4b3023d24e66867aa6a8cdb32/vidyut-prakriya/data/dhatupatha.tsv,bb2013ead0ea536dc7f887164c385c703cb0014ccf6e5af35b87e6d3049ba380,IR21
10.0042,10,SvaWa~,asaMskAragatyoH,असंस्कारगत्योः,1793,enumerated_glosses,2,asaMskAre; gatO,Explicit analyst segmentation; retain the original compound for review.,,,,[],10.0042,not_flagged_by_exact_citation_check,10.0042;10.0393,https://raw.githubusercontent.com/ambuda-org/vidyut/f3ba4167d40eebc4b3023d24e66867aa6a8cdb32/vidyut-prakriya/data/dhatupatha.tsv,bb2013ead0ea536dc7f887164c385c703cb0014ccf6e5af35b87e6d3049ba380,
10.0043,10,SvaWi~,asaMskAragatyoH,असंस्कारगत्योः,1794,enumerated_glosses,2,asaMskAre; gatO,Explicit analyst segmentation; retain the original compound for review.,,,,[],10.0043,not_flagged_by_exact_citation_check,10.0043,https://raw.githubusercontent.com/ambuda-org/vidyut/f3ba4167d40eebc4b3023d24e66867aa6a8cdb32/vidyut-prakriya/data/dhatupatha.tsv,bb2013ead0ea536dc7f887164c385c703cb0014ccf6e5af35b87e6d3049ba380,
10.0044,10,tuja~,hiMsAbalAdAnaniketanezu,हिंसाबलादाननिकेतनेषु,1795,enumerated_glosses,3,hiMsAyAm; balAdAne; niketane,Explicit analyst segmentation; retain the original compound for review.,,,,[],10.0044,merge_shared_meanings,10.0044,https://raw.githubusercontent.com/ambuda-org/vidyut/f3ba4167d40eebc4b3023d24e66867aa6a8cdb32/vidyut-prakriya/data/dhatupatha.tsv,bb2013ead0ea536dc7f887164c385c703cb0014ccf6e5af35b87e6d3049ba380,IR187
10.0045,10,tuji~,hiMsAbalAdAnaniketanezu,हिंसाबलादाननिकेतनेषु,1796,enumerated_glosses,3,hiMsAyAm; balAdAne; niketane,Explicit analyst segmentation; retain the original compound for review.,,,,[],10.0045,retain_distinct_meanings,10.0045,https://raw.githubusercontent.com/ambuda-org/vidyut/f3ba4167d40eebc4b3023d24e66867aa6a8cdb32/vidyut-prakriya/data/dhatupatha.tsv,bb2013ead0ea536dc7f887164c385c703cb0014ccf6e5af35b87e6d3049ba380,IR188
10.0046,10,pija~,hiMsAbalAdAnaniketanezu,हिंसाबलादाननिकेतनेषु,1797,enumerated_glosses,3,hiMsAyAm; balAdAne; niketane,Explicit analyst segmentation; retain the original compound for review.,,,,[],10.0046,not_flagged_by_exact_citation_check,10.0046,https://raw.githubusercontent.com/ambuda-org/vidyut/f3ba4167d40eebc4b3023d24e66867aa6a8cdb32/vidyut-prakriya/data/dhatupatha.tsv,bb2013ead0ea536dc7f887164c385c703cb0014ccf6e5af35b87e6d3049ba380,
10.0047,10,piji~,hiMsAbalAdAnaniketanezu,हिंसाबलादाननिकेतनेषु,1798,enumerated_glosses,3,hiMsAyAm; balAdAne; niketane,Explicit analyst segmentation; retain the original compound for review.,,,,[],10.0047,retain_distinct_meanings,10.0047,https://raw.githubusercontent.com/ambuda-org/vidyut/f3ba4167d40eebc4b3023d24e66867aa6a8cdb32/vidyut-prakriya/data/dhatupatha.tsv,bb2013ead0ea536dc7f887164c385c703cb0014ccf6e5af35b87e6d3049ba380,IR149
10.0048,10,laji~,hiMsAbalAdAnaniketanezu,हिंसाबलादाननिकेतनेषु,1799,enumerated_glosses,3,hiMsAyAm; balAdAne; niketane,Explicit analyst segmentation; retain the original compound for review.,,,,[],10.0048,open,10.0048,https://raw.githubusercontent.com/ambuda-org/vidyut/f3ba4167d40eebc4b3023d24e66867aa6a8cdb32/vidyut-prakriya/data/dhatupatha.tsv,bb2013ead0ea536dc7f887164c385c703cb0014ccf6e5af35b87e6d3049ba380,IR115
10.0049,10,luji~,hiMsAbalAdAnaniketanezu,हिंसाबलादाननिकेतनेषु,1800,enumerated_glosses,3,hiMsAyAm; balAdAne; niketane,Explicit analyst segmentation; retain the original compound for review.,,,,[],10.0049,retain_distinct_meanings,10.0049,https://raw.githubusercontent.com/ambuda-org/vidyut/f3ba4167d40eebc4b3023d24e66867aa6a8cdb32/vidyut-prakriya/data/dhatupatha.tsv,bb2013ead0ea536dc7f887164c385c703cb0014ccf6e5af35b87e6d3049ba380,IR126
10.0050,10,pisa~,gatO,गतौ,1801,single_gloss,1,gatO,One source gloss; no attempt to invent finer senses within it.,,,,[],10.0050,not_flagged_by_exact_citation_check,10.0050,https://raw.githubusercontent.com/ambuda-org/vidyut/f3ba4167d40eebc4b3023d24e66867aa6a8cdb32/vidyut-prakriya/data/dhatupatha.tsv,bb2013ead0ea536dc7f887164c385c703cb0014ccf6e5af35b87e6d3049ba380,
10.0051,10,zAntva~,sAmaprayoge,सामप्रयोगे,1802,single_gloss,1,sAmaprayoge,One source gloss; no attempt to invent finer senses within it.,,,,[],10.0051,not_flagged_by_exact_citation_check,10.0051,https://raw.githubusercontent.com/ambuda-org/vidyut/f3ba4167d40eebc4b3023d24e66867aa6a8cdb32/vidyut-prakriya/data/dhatupatha.tsv,bb2013ead0ea536dc7f887164c385c703cb0014ccf6e5af35b87e6d3049ba380,
10.0052,10,sAntva~,sAmaprayoge,सामप्रयोगे,1803,single_gloss,1,sAmaprayoge,One source gloss; no attempt to invent finer senses within it.,,,,[],10.0052,not_flagged_by_exact_citation_check,,https://raw.githubusercontent.com/ambuda-org/vidyut/f3ba4167d40eebc4b3023d24e66867aa6a8cdb32/vidyut-prakriya/data/dhatupatha.tsv,bb2013ead0ea536dc7f887164c385c703cb0014ccf6e5af35b87e6d3049ba380,
10.0053,10,Svalka~,pariBAzaRe,परिभाषणे,1804,single_gloss,1,pariBAzaRe,One source gloss; no attempt to invent finer senses within it.,,,,[],10.0053,not_flagged_by_exact_citation_check,10.0053,https://raw.githubusercontent.com/ambuda-org/vidyut/f3ba4167d40eebc4b3023d24e66867aa6a8cdb32/vidyut-prakriya/data/dhatupatha.tsv,bb2013ead0ea536dc7f887164c385c703cb0014ccf6e5af35b87e6d3049ba380,
10.0054,10,valka~,pariBAzaRe,परिभाषणे,1805,single_gloss,1,pariBAzaRe,One source gloss; no attempt to invent finer senses within it.,,,,[],10.0054,not_flagged_by_exact_citation_check,10.0054,https://raw.githubusercontent.com/ambuda-org/vidyut/f3ba4167d40eebc4b3023d24e66867aa6a8cdb32/vidyut-prakriya/data/dhatupatha.tsv,bb2013ead0ea536dc7f887164c385c703cb0014ccf6e5af35b87e6d3049ba380,
10.0055,10,zRiha~,snehane,स्नेहने,1806,single_gloss,1,snehane,One source gloss; no attempt to invent finer senses within it.,,,,[],10.0055,not_flagged_by_exact_citation_check,,https://raw.githubusercontent.com/ambuda-org/vidyut/f3ba4167d40eebc4b3023d24e66867aa6a8cdb32/vidyut-prakriya/data/dhatupatha.tsv,bb2013ead0ea536dc7f887164c385c703cb0014ccf6e5af35b87e6d3049ba380,
10.0056,10,sPiwa~,hiMsAyAm,हिंसायाम्,1807,single_gloss,1,hiMsAyAm,One source gloss; no attempt to invent finer senses within it.,,,,[],10.0056,not_flagged_by_exact_citation_check,10.0056,https://raw.githubusercontent.com/ambuda-org/vidyut/f3ba4167d40eebc4b3023d24e66867aa6a8cdb32/vidyut-prakriya/data/dhatupatha.tsv,bb2013ead0ea536dc7f887164c385c703cb0014ccf6e5af35b87e6d3049ba380,
10.0057,10,smiwa~,anAdare,अनादरे,1808,single_gloss,1,anAdare,One source gloss; no attempt to invent finer senses within it.,,,,[],10.0057,not_flagged_by_exact_citation_check,10.0057,https://raw.githubusercontent.com/ambuda-org/vidyut/f3ba4167d40eebc4b3023d24e66867aa6a8cdb32/vidyut-prakriya/data/dhatupatha.tsv,bb2013ead0ea536dc7f887164c385c703cb0014ccf6e5af35b87e6d3049ba380,
10.0058,10,zmiN,anAdare,अनादरे,1809,single_gloss,1,anAdare,One source gloss; no attempt to invent finer senses within it.,,,,[],10.0058,not_flagged_by_exact_citation_check,10.0058,https://raw.githubusercontent.com/ambuda-org/vidyut/f3ba4167d40eebc4b3023d24e66867aa6a8cdb32/vidyut-prakriya/data/dhatupatha.tsv,bb2013ead0ea536dc7f887164c385c703cb0014ccf6e5af35b87e6d3049ba380,
10.0059,10,Sliza~,SlezaRe,श्लेषणे,1810,single_gloss,1,SlezaRe,One source gloss; no attempt to invent finer senses within it.,,,,[],10.0059,not_flagged_by_exact_citation_check,10.0059,https://raw.githubusercontent.com/ambuda-org/vidyut/f3ba4167d40eebc4b3023d24e66867aa6a8cdb32/vidyut-prakriya/data/dhatupatha.tsv,bb2013ead0ea536dc7f887164c385c703cb0014ccf6e5af35b87e6d3049ba380,
10.0060,10,paTi~,gatO,गतौ,1811,single_gloss,1,gatO,One source gloss; no attempt to invent finer senses within it.,,,,[],10.0060,not_flagged_by_exact_citation_check,10.0060,https://raw.githubusercontent.com/ambuda-org/vidyut/f3ba4167d40eebc4b3023d24e66867aa6a8cdb32/vidyut-prakriya/data/dhatupatha.tsv,bb2013ead0ea536dc7f887164c385c703cb0014ccf6e5af35b87e6d3049ba380,
10.0061,10,piCa~,kuwwane,कुट्टने,1812,single_gloss,1,kuwwane,One source gloss; no attempt to invent finer senses within it.,,,,[],10.0061,not_flagged_by_exact_citation_check,,https://raw.githubusercontent.com/ambuda-org/vidyut/f3ba4167d40eebc4b3023d24e66867aa6a8cdb32/vidyut-prakriya/data/dhatupatha.tsv,bb2013ead0ea536dc7f887164c385c703cb0014ccf6e5af35b87e6d3049ba380,
10.0062,10,Cadi~,saMvaraRe,संवरणे,1813,single_gloss,1,saMvaraRe,One source gloss; no attempt to invent finer senses within it.,,,,[],10.0062,not_flagged_by_exact_citation_check,,https://raw.githubusercontent.com/ambuda-org/vidyut/f3ba4167d40eebc4b3023d24e66867aa6a8cdb32/vidyut-prakriya/data/dhatupatha.tsv,bb2013ead0ea536dc7f887164c385c703cb0014ccf6e5af35b87e6d3049ba380,
10.0063,10,SraRa~,dAne,दाने,1814,single_gloss,1,dAne,One source gloss; no attempt to invent finer senses within it.,,,,[],10.0063,retain_distinct_meanings,10.0063,https://raw.githubusercontent.com/ambuda-org/vidyut/f3ba4167d40eebc4b3023d24e66867aa6a8cdb32/vidyut-prakriya/data/dhatupatha.tsv,bb2013ead0ea536dc7f887164c385c703cb0014ccf6e5af35b87e6d3049ba380,IR25
10.0064,10,taqa~,AGAte,आघाते,1815,single_gloss,1,AGAte,One source gloss; no attempt to invent finer senses within it.,,,,[],10.0064,retain_distinct_meanings,10.0064,https://raw.githubusercontent.com/ambuda-org/vidyut/f3ba4167d40eebc4b3023d24e66867aa6a8cdb32/vidyut-prakriya/data/dhatupatha.tsv,bb2013ead0ea536dc7f887164c385c703cb0014ccf6e5af35b87e6d3049ba380,IR178
10.0065,10,Kaqa~,Bedane,भेदने,1816,single_gloss,1,Bedane,One source gloss; no attempt to invent finer senses within it.,,,,[],10.0065,not_flagged_by_exact_citation_check,10.0065,https://raw.githubusercontent.com/ambuda-org/vidyut/f3ba4167d40eebc4b3023d24e66867aa6a8cdb32/vidyut-prakriya/data/dhatupatha.tsv,bb2013ead0ea536dc7f887164c385c703cb0014ccf6e5af35b87e6d3049ba380,
10.0066,10,Kaqi~,Bedane,भेदने,1817,single_gloss,1,Bedane,One source gloss; no attempt to invent finer senses within it.,,,,[],10.0066,not_flagged_by_exact_citation_check,10.0066,https://raw.githubusercontent.com/ambuda-org/vidyut/f3ba4167d40eebc4b3023d24e66867aa6a8cdb32/vidyut-prakriya/data/dhatupatha.tsv,bb2013ead0ea536dc7f887164c385c703cb0014ccf6e5af35b87e6d3049ba380,
10.0067,10,kaqi~,Bedane,भेदने,1818,single_gloss,1,Bedane,One source gloss; no attempt to invent finer senses within it.,,,,[],10.0067,retain_distinct_meanings,10.0067,https://raw.githubusercontent.com/ambuda-org/vidyut/f3ba4167d40eebc4b3023d24e66867aa6a8cdb32/vidyut-prakriya/data/dhatupatha.tsv,bb2013ead0ea536dc7f887164c385c703cb0014ccf6e5af35b87e6d3049ba380,IR95
10.0068,10,kuqi~,rakzaRe,रक्षणे,1819,single_gloss,1,rakzaRe,One source gloss; no attempt to invent finer senses within it.,,,,[],10.0068,retain_distinct_meanings,10.0009;10.0068,https://raw.githubusercontent.com/ambuda-org/vidyut/f3ba4167d40eebc4b3023d24e66867aa6a8cdb32/vidyut-prakriya/data/dhatupatha.tsv,bb2013ead0ea536dc7f887164c385c703cb0014ccf6e5af35b87e6d3049ba380,IR105
10.0069,10,guqi~,vezwane,वेष्टने,1820,single_gloss,1,vezwane,One source gloss; no attempt to invent finer senses within it.,,,,[],10.0069,not_flagged_by_exact_citation_check,10.0069,https://raw.githubusercontent.com/ambuda-org/vidyut/f3ba4167d40eebc4b3023d24e66867aa6a8cdb32/vidyut-prakriya/data/dhatupatha.tsv,bb2013ead0ea536dc7f887164c385c703cb0014ccf6e5af35b87e6d3049ba380,
10.0070,10,kuWi~,rakzaRe,रक्षणे,1821,single_gloss,1,rakzaRe,One source gloss; no attempt to invent finer senses within it.,,,,[],10.0070,retain_distinct_meanings,10.0070,https://raw.githubusercontent.com/ambuda-org/vidyut/f3ba4167d40eebc4b3023d24e66867aa6a8cdb32/vidyut-prakriya/data/dhatupatha.tsv,bb2013ead0ea536dc7f887164c385c703cb0014ccf6e5af35b87e6d3049ba380,IR100
10.0071,10,guWi~,rakzaRe,रक्षणे,1822,single_gloss,1,rakzaRe,One source gloss; no attempt to invent finer senses within it.,,,,[],10.0071,not_flagged_by_exact_citation_check,10.0071,https://raw.githubusercontent.com/ambuda-org/vidyut/f3ba4167d40eebc4b3023d24e66867aa6a8cdb32/vidyut-prakriya/data/dhatupatha.tsv,bb2013ead0ea536dc7f887164c385c703cb0014ccf6e5af35b87e6d3049ba380,
10.0072,10,Kuqi~,KaRqane,खण्डने,1823,single_gloss,1,KaRqane,One source gloss; no attempt to invent finer senses within it.,,,,[],10.0072,retain_distinct_meanings,10.0072,https://raw.githubusercontent.com/ambuda-org/vidyut/f3ba4167d40eebc4b3023d24e66867aa6a8cdb32/vidyut-prakriya/data/dhatupatha.tsv,bb2013ead0ea536dc7f887164c385c703cb0014ccf6e5af35b87e6d3049ba380,IR16
10.0073,10,vawi~,viBAjane,विभाजने,1824,single_gloss,1,viBAjane,One source gloss; no attempt to invent finer senses within it.,,,,[],10.0073,merge_shared_meanings,10.0073,https://raw.githubusercontent.com/ambuda-org/vidyut/f3ba4167d40eebc4b3023d24e66867aa6a8cdb32/vidyut-prakriya/data/dhatupatha.tsv,bb2013ead0ea536dc7f887164c385c703cb0014ccf6e5af35b87e6d3049ba380,IR200
10.0074,10,vaqi~,viBAjane,विभाजने,1825,single_gloss,1,viBAjane,One source gloss; no attempt to invent finer senses within it.,,,,[],10.0074,not_flagged_by_exact_citation_check,10.0074,https://raw.githubusercontent.com/ambuda-org/vidyut/f3ba4167d40eebc4b3023d24e66867aa6a8cdb32/vidyut-prakriya/data/dhatupatha.tsv,bb2013ead0ea536dc7f887164c385c703cb0014ccf6e5af35b87e6d3049ba380,
10.0075,10,caqi~,kope,कोपे,1826,single_gloss,1,kope,One source gloss; no attempt to invent finer senses within it.,,,,[],10.0075,not_flagged_by_exact_citation_check,10.0075,https://raw.githubusercontent.com/ambuda-org/vidyut/f3ba4167d40eebc4b3023d24e66867aa6a8cdb32/vidyut-prakriya/data/dhatupatha.tsv,bb2013ead0ea536dc7f887164c385c703cb0014ccf6e5af35b87e6d3049ba380,
10.0076,10,maqi~,BUzAyAM harze ca,भूषायां हर्षे च,1827,enumerated_glosses,2,BUzAyAM; harze,Visible enumeration; semantic overlap still belongs to lexical review.,,,,[],10.0076,merge_shared_meanings,10.0076,https://raw.githubusercontent.com/ambuda-org/vidyut/f3ba4167d40eebc4b3023d24e66867aa6a8cdb32/vidyut-prakriya/data/dhatupatha.tsv,bb2013ead0ea536dc7f887164c385c703cb0014ccf6e5af35b87e6d3049ba380,IR133
10.0077,10,Baqi~,kalyARe,कल्याणे,1828,single_gloss,1,kalyARe,One source gloss; no attempt to invent finer senses within it.,,,,[],10.0077,not_flagged_by_exact_citation_check,10.0077,https://raw.githubusercontent.com/ambuda-org/vidyut/f3ba4167d40eebc4b3023d24e66867aa6a8cdb32/vidyut-prakriya/data/dhatupatha.tsv,bb2013ead0ea536dc7f887164c385c703cb0014ccf6e5af35b87e6d3049ba380,
10.0078,10,Carda~,vamane,वमने,1829,single_gloss,1,vamane,One source gloss; no attempt to invent finer senses within it.,,,,[],10.0078,not_flagged_by_exact_citation_check,,https://raw.githubusercontent.com/ambuda-org/vidyut/f3ba4167d40eebc4b3023d24e66867aa6a8cdb32/vidyut-prakriya/data/dhatupatha.tsv,bb2013ead0ea536dc7f887164c385c703cb0014ccf6e5af35b87e6d3049ba380,
10.0079,10,pusta~,AdarAnAdarayoH,आदरानादरयोः,1830,enumerated_glosses,2,Adare; anAdare,Explicit analyst segmentation; retain the original compound for review.,,,,[],10.0079,not_flagged_by_exact_citation_check,10.0079,https://raw.githubusercontent.com/ambuda-org/vidyut/f3ba4167d40eebc4b3023d24e66867aa6a8cdb32/vidyut-prakriya/data/dhatupatha.tsv,bb2013ead0ea536dc7f887164c385c703cb0014ccf6e5af35b87e6d3049ba380,
10.0080,10,busta~,AdarAnAdarayoH,आदरानादरयोः,1831,enumerated_glosses,2,Adare; anAdare,Explicit analyst segmentation; retain the original compound for review.,,,,[],10.0080,not_flagged_by_exact_citation_check,10.0080,https://raw.githubusercontent.com/ambuda-org/vidyut/f3ba4167d40eebc4b3023d24e66867aa6a8cdb32/vidyut-prakriya/data/dhatupatha.tsv,bb2013ead0ea536dc7f887164c385c703cb0014ccf6e5af35b87e6d3049ba380,
10.0081,10,cuda~,saYcodane,सञ्चोदने,1832,single_gloss,1,saYcodane,One source gloss; no attempt to invent finer senses within it.,,,,[],10.0081,not_flagged_by_exact_citation_check,10.0081,https://raw.githubusercontent.com/ambuda-org/vidyut/f3ba4167d40eebc4b3023d24e66867aa6a8cdb32/vidyut-prakriya/data/dhatupatha.tsv,bb2013ead0ea536dc7f887164c385c703cb0014ccf6e5af35b87e6d3049ba380,
10.0082,10,nakka~,nASane,नाशने,1833,single_gloss,1,nASane,One source gloss; no attempt to invent finer senses within it.,,,,[],10.0082,not_flagged_by_exact_citation_check,10.0082,https://raw.githubusercontent.com/ambuda-org/vidyut/f3ba4167d40eebc4b3023d24e66867aa6a8cdb32/vidyut-prakriya/data/dhatupatha.tsv,bb2013ead0ea536dc7f887164c385c703cb0014ccf6e5af35b87e6d3049ba380,
10.0083,10,Dakka~,nASane,नाशने,1834,single_gloss,1,nASane,One source gloss; no attempt to invent finer senses within it.,,,,[],10.0083,not_flagged_by_exact_citation_check,10.0083,https://raw.githubusercontent.com/ambuda-org/vidyut/f3ba4167d40eebc4b3023d24e66867aa6a8cdb32/vidyut-prakriya/data/dhatupatha.tsv,bb2013ead0ea536dc7f887164c385c703cb0014ccf6e5af35b87e6d3049ba380,
10.0084,10,cakka~,vyaTane,व्यथने,1835,single_gloss,1,vyaTane,One source gloss; no attempt to invent finer senses within it.,,,,[],10.0084,not_flagged_by_exact_citation_check,10.0084,https://raw.githubusercontent.com/ambuda-org/vidyut/f3ba4167d40eebc4b3023d24e66867aa6a8cdb32/vidyut-prakriya/data/dhatupatha.tsv,bb2013ead0ea536dc7f887164c385c703cb0014ccf6e5af35b87e6d3049ba380,
10.0085,10,cukka~,vyaTane,व्यथने,1836,single_gloss,1,vyaTane,One source gloss; no attempt to invent finer senses within it.,,,,[],10.0085,not_flagged_by_exact_citation_check,10.0085,https://raw.githubusercontent.com/ambuda-org/vidyut/f3ba4167d40eebc4b3023d24e66867aa6a8cdb32/vidyut-prakriya/data/dhatupatha.tsv,bb2013ead0ea536dc7f887164c385c703cb0014ccf6e5af35b87e6d3049ba380,
10.0086,10,kzala~,SOcakarmaRi,शौचकर्मणि,1837,single_gloss,1,SOcakarmaRi,One source gloss; no attempt to invent finer senses within it.,,,,[],10.0086,retain_distinct_meanings,10.0086,https://raw.githubusercontent.com/ambuda-org/vidyut/f3ba4167d40eebc4b3023d24e66867aa6a8cdb32/vidyut-prakriya/data/dhatupatha.tsv,bb2013ead0ea536dc7f887164c385c703cb0014ccf6e5af35b87e6d3049ba380,IR108
10.0087,10,tala~,pratizWAyAm,प्रतिष्ठायाम्,1838,single_gloss,1,pratizWAyAm,One source gloss; no attempt to invent finer senses within it.,,,,[],10.0087,not_flagged_by_exact_citation_check,10.0087,https://raw.githubusercontent.com/ambuda-org/vidyut/f3ba4167d40eebc4b3023d24e66867aa6a8cdb32/vidyut-prakriya/data/dhatupatha.tsv,bb2013ead0ea536dc7f887164c385c703cb0014ccf6e5af35b87e6d3049ba380,
10.0088,10,tula~,unmAne,उन्माने,1839,single_gloss,1,unmAne,One source gloss; no attempt to invent finer senses within it.,,,,[],10.0088,not_flagged_by_exact_citation_check,10.0088,https://raw.githubusercontent.com/ambuda-org/vidyut/f3ba4167d40eebc4b3023d24e66867aa6a8cdb32/vidyut-prakriya/data/dhatupatha.tsv,bb2013ead0ea536dc7f887164c385c703cb0014ccf6e5af35b87e6d3049ba380,
10.0089,10,dula~,utkzepe,उत्क्षेपे,1840,single_gloss,1,utkzepe,One source gloss; no attempt to invent finer senses within it.,,,,[],10.0089,not_flagged_by_exact_citation_check,10.0089,https://raw.githubusercontent.com/ambuda-org/vidyut/f3ba4167d40eebc4b3023d24e66867aa6a8cdb32/vidyut-prakriya/data/dhatupatha.tsv,bb2013ead0ea536dc7f887164c385c703cb0014ccf6e5af35b87e6d3049ba380,
10.0090,10,pula~,mahattve,महत्त्वे,1841,single_gloss,1,mahattve,One source gloss; no attempt to invent finer senses within it.,,,,[],10.0090,merge_shared_meanings,10.0090,https://raw.githubusercontent.com/ambuda-org/vidyut/f3ba4167d40eebc4b3023d24e66867aa6a8cdb32/vidyut-prakriya/data/dhatupatha.tsv,bb2013ead0ea536dc7f887164c385c703cb0014ccf6e5af35b87e6d3049ba380,IR153
10.0091,10,cula~,samucCrAye,समुच्छ्राये,1842,single_gloss,1,samucCrAye,One source gloss; no attempt to invent finer senses within it.,,,,[],10.0091,not_flagged_by_exact_citation_check,10.0091,https://raw.githubusercontent.com/ambuda-org/vidyut/f3ba4167d40eebc4b3023d24e66867aa6a8cdb32/vidyut-prakriya/data/dhatupatha.tsv,bb2013ead0ea536dc7f887164c385c703cb0014ccf6e5af35b87e6d3049ba380,
10.0092,10,mUla~,rohaRe,रोहणे,1843,single_gloss,1,rohaRe,One source gloss; no attempt to invent finer senses within it.,,,,[],10.0092,retain_distinct_meanings,10.0092,https://raw.githubusercontent.com/ambuda-org/vidyut/f3ba4167d40eebc4b3023d24e66867aa6a8cdb32/vidyut-prakriya/data/dhatupatha.tsv,bb2013ead0ea536dc7f887164c385c703cb0014ccf6e5af35b87e6d3049ba380,IR130
10.0093,10,kala~,kzepe,क्षेपे,1844,single_gloss,1,kzepe,One source gloss; no attempt to invent finer senses within it.,,,,[],10.0093,not_flagged_by_exact_citation_check,10.0093;10.0404,https://raw.githubusercontent.com/ambuda-org/vidyut/f3ba4167d40eebc4b3023d24e66867aa6a8cdb32/vidyut-prakriya/data/dhatupatha.tsv,bb2013ead0ea536dc7f887164c385c703cb0014ccf6e5af35b87e6d3049ba380,
10.0094,10,vila~,kzepe,क्षेपे,1845,single_gloss,1,kzepe,One source gloss; no attempt to invent finer senses within it.,,,,[],10.0094,retain_distinct_meanings,10.0094,https://raw.githubusercontent.com/ambuda-org/vidyut/f3ba4167d40eebc4b3023d24e66867aa6a8cdb32/vidyut-prakriya/data/dhatupatha.tsv,bb2013ead0ea536dc7f887164c385c703cb0014ccf6e5af35b87e6d3049ba380,IR207
10.0095,10,bila~,Bedane,भेदने,1846,single_gloss,1,Bedane,One source gloss; no attempt to invent finer senses within it.,,,,[],10.0095,merge_shared_meanings,10.0095,https://raw.githubusercontent.com/ambuda-org/vidyut/f3ba4167d40eebc4b3023d24e66867aa6a8cdb32/vidyut-prakriya/data/dhatupatha.tsv,bb2013ead0ea536dc7f887164c385c703cb0014ccf6e5af35b87e6d3049ba380,IR42
10.0096,10,tila~,snehane,स्नेहने,1847,single_gloss,1,snehane,One source gloss; no attempt to invent finer senses within it.,,,,[],10.0096,merge_shared_meanings,10.0096,https://raw.githubusercontent.com/ambuda-org/vidyut/f3ba4167d40eebc4b3023d24e66867aa6a8cdb32/vidyut-prakriya/data/dhatupatha.tsv,bb2013ead0ea536dc7f887164c385c703cb0014ccf6e5af35b87e6d3049ba380,IR182
10.0097,10,cala~,BftO,भृतौ,1848,single_gloss,1,BftO,One source gloss; no attempt to invent finer senses within it.,,,,[],10.0097,merge_shared_meanings,10.0097,https://raw.githubusercontent.com/ambuda-org/vidyut/f3ba4167d40eebc4b3023d24e66867aa6a8cdb32/vidyut-prakriya/data/dhatupatha.tsv,bb2013ead0ea536dc7f887164c385c703cb0014ccf6e5af35b87e6d3049ba380,IR46
10.0098,10,pAla~,rakzaRe,रक्षणे,1849,single_gloss,1,rakzaRe,One source gloss; no attempt to invent finer senses within it.,,,,[],10.0098,not_flagged_by_exact_citation_check,10.0098,https://raw.githubusercontent.com/ambuda-org/vidyut/f3ba4167d40eebc4b3023d24e66867aa6a8cdb32/vidyut-prakriya/data/dhatupatha.tsv,bb2013ead0ea536dc7f887164c385c703cb0014ccf6e5af35b87e6d3049ba380,
10.0099,10,pala~,rakzaRe,रक्षणे,1850,single_gloss,1,rakzaRe,One source gloss; no attempt to invent finer senses within it.,,,,[],10.0099,retain_distinct_meanings,10.0099,https://raw.githubusercontent.com/ambuda-org/vidyut/f3ba4167d40eebc4b3023d24e66867aa6a8cdb32/vidyut-prakriya/data/dhatupatha.tsv,bb2013ead0ea536dc7f887164c385c703cb0014ccf6e5af35b87e6d3049ba380,IR146
10.0100,10,lUza~,hiMsAyAm,हिंसायाम्,1851,single_gloss,1,hiMsAyAm,One source gloss; no attempt to invent finer senses within it.,,,,[],10.0100,retain_distinct_meanings,10.0100,https://raw.githubusercontent.com/ambuda-org/vidyut/f3ba4167d40eebc4b3023d24e66867aa6a8cdb32/vidyut-prakriya/data/dhatupatha.tsv,bb2013ead0ea536dc7f887164c385c703cb0014ccf6e5af35b87e6d3049ba380,IR111
10.0101,10,Sulba~,mAne,माने,1852,single_gloss,1,mAne,One source gloss; no attempt to invent finer senses within it.,,,,[],10.0101,not_flagged_by_exact_citation_check,10.0101,https://raw.githubusercontent.com/ambuda-org/vidyut/f3ba4167d40eebc4b3023d24e66867aa6a8cdb32/vidyut-prakriya/data/dhatupatha.tsv,bb2013ead0ea536dc7f887164c385c703cb0014ccf6e5af35b87e6d3049ba380,
10.0102,10,SUrpa~,mAne,माने,1853,single_gloss,1,mAne,One source gloss; no attempt to invent finer senses within it.,,,,[],10.0102,not_flagged_by_exact_citation_check,10.0102,https://raw.githubusercontent.com/ambuda-org/vidyut/f3ba4167d40eebc4b3023d24e66867aa6a8cdb32/vidyut-prakriya/data/dhatupatha.tsv,bb2013ead0ea536dc7f887164c385c703cb0014ccf6e5af35b87e6d3049ba380,
10.0103,10,cuwa~,Cedane,छेदने,1854,single_gloss,1,Cedane,One source gloss; no attempt to invent finer senses within it.,,,,[],10.0103,merge_shared_meanings,10.0103,https://raw.githubusercontent.com/ambuda-org/vidyut/f3ba4167d40eebc4b3023d24e66867aa6a8cdb32/vidyut-prakriya/data/dhatupatha.tsv,bb2013ead0ea536dc7f887164c385c703cb0014ccf6e5af35b87e6d3049ba380,IR53
10.0104,10,muwa~,saYcUrRane,सञ्चूर्णने,1855,single_gloss,1,saYcUrRane,One source gloss; no attempt to invent finer senses within it.,,,,[],10.0104,merge_shared_meanings,10.0104,https://raw.githubusercontent.com/ambuda-org/vidyut/f3ba4167d40eebc4b3023d24e66867aa6a8cdb32/vidyut-prakriya/data/dhatupatha.tsv,bb2013ead0ea536dc7f887164c385c703cb0014ccf6e5af35b87e6d3049ba380,IR139
10.0105,10,ulaqi~,utkzepaRe,उत्क्षेपणे,1856,single_gloss,1,utkzepaRe,One source gloss; no attempt to invent finer senses within it.,,,,[],10.0105,not_flagged_by_exact_citation_check,,https://raw.githubusercontent.com/ambuda-org/vidyut/f3ba4167d40eebc4b3023d24e66867aa6a8cdb32/vidyut-prakriya/data/dhatupatha.tsv,bb2013ead0ea536dc7f887164c385c703cb0014ccf6e5af35b87e6d3049ba380,
10.0106,10,paqi~,nASane,नाशने,1857,single_gloss,1,nASane,One source gloss; no attempt to invent finer senses within it.,,,,[],10.0106,not_flagged_by_exact_citation_check,10.0106,https://raw.githubusercontent.com/ambuda-org/vidyut/f3ba4167d40eebc4b3023d24e66867aa6a8cdb32/vidyut-prakriya/data/dhatupatha.tsv,bb2013ead0ea536dc7f887164c385c703cb0014ccf6e5af35b87e6d3049ba380,
10.0107,10,pasi~,nASane,नाशने,1858,single_gloss,1,nASane,One source gloss; no attempt to invent finer senses within it.,,,,[],10.0107,not_flagged_by_exact_citation_check,10.0107,https://raw.githubusercontent.com/ambuda-org/vidyut/f3ba4167d40eebc4b3023d24e66867aa6a8cdb32/vidyut-prakriya/data/dhatupatha.tsv,bb2013ead0ea536dc7f887164c385c703cb0014ccf6e5af35b87e6d3049ba380,
10.0108,10,mArga,saMskAragatyoH,संस्कारगत्योः,1859,enumerated_glosses,2,saMskAre; gatO,Explicit analyst segmentation; retain the original compound for review.,,,,[],10.0108,not_flagged_by_exact_citation_check,,https://raw.githubusercontent.com/ambuda-org/vidyut/f3ba4167d40eebc4b3023d24e66867aa6a8cdb32/vidyut-prakriya/data/dhatupatha.tsv,bb2013ead0ea536dc7f887164c385c703cb0014ccf6e5af35b87e6d3049ba380,
10.0109,10,vraja~,saMskAragatyoH,संस्कारगत्योः,1860,enumerated_glosses,2,saMskAre; gatO,Explicit analyst segmentation; retain the original compound for review.,,,,[],10.0109,merge_shared_meanings,10.0109,https://raw.githubusercontent.com/ambuda-org/vidyut/f3ba4167d40eebc4b3023d24e66867aa6a8cdb32/vidyut-prakriya/data/dhatupatha.tsv,bb2013ead0ea536dc7f887164c385c703cb0014ccf6e5af35b87e6d3049ba380,IR208
10.0110,10,Sulka~,atisparSane,अतिस्पर्शने,1861,single_gloss,1,atisparSane,One source gloss; no attempt to invent finer senses within it.,,,,[],10.0110,not_flagged_by_exact_citation_check,10.0110,https://raw.githubusercontent.com/ambuda-org/vidyut/f3ba4167d40eebc4b3023d24e66867aa6a8cdb32/vidyut-prakriya/data/dhatupatha.tsv,bb2013ead0ea536dc7f887164c385c703cb0014ccf6e5af35b87e6d3049ba380,
10.0111,10,capi~,gatyAm,गत्याम्,1862,single_gloss,1,gatyAm,One source gloss; no attempt to invent finer senses within it.,,,,[],10.0111,not_flagged_by_exact_citation_check,10.0111,https://raw.githubusercontent.com/ambuda-org/vidyut/f3ba4167d40eebc4b3023d24e66867aa6a8cdb32/vidyut-prakriya/data/dhatupatha.tsv,bb2013ead0ea536dc7f887164c385c703cb0014ccf6e5af35b87e6d3049ba380,
10.0112,10,kzapi~,kzAntyAm,क्षान्त्याम्,1863,single_gloss,1,kzAntyAm,One source gloss; no attempt to invent finer senses within it.,,,,[],10.0112,not_flagged_by_exact_citation_check,10.0112,https://raw.githubusercontent.com/ambuda-org/vidyut/f3ba4167d40eebc4b3023d24e66867aa6a8cdb32/vidyut-prakriya/data/dhatupatha.tsv,bb2013ead0ea536dc7f887164c385c703cb0014ccf6e5af35b87e6d3049ba380,
10.0113,10,kzaji~,kfcCrajIvane,कृच्छ्रजीवने,1864,single_gloss,1,kfcCrajIvane,One source gloss; no attempt to invent finer senses within it.,,,,[],10.0113,not_flagged_by_exact_citation_check,10.0113,https://raw.githubusercontent.com/ambuda-org/vidyut/f3ba4167d40eebc4b3023d24e66867aa6a8cdb32/vidyut-prakriya/data/dhatupatha.tsv,bb2013ead0ea536dc7f887164c385c703cb0014ccf6e5af35b87e6d3049ba380,
10.0114,10,Caji~,kfcCrajIvane,कृच्छ्रजीवने,1865,single_gloss,1,kfcCrajIvane,One source gloss; no attempt to invent finer senses within it.,,,,[],10.0114,not_flagged_by_exact_citation_check,,https://raw.githubusercontent.com/ambuda-org/vidyut/f3ba4167d40eebc4b3023d24e66867aa6a8cdb32/vidyut-prakriya/data/dhatupatha.tsv,bb2013ead0ea536dc7f887164c385c703cb0014ccf6e5af35b87e6d3049ba380,
10.0115,10,Svarta~,gatyAm,गत्याम्,1866,single_gloss,1,gatyAm,One source gloss; no attempt to invent finer senses within it.,,,,[],10.0115,not_flagged_by_exact_citation_check,10.0115,https://raw.githubusercontent.com/ambuda-org/vidyut/f3ba4167d40eebc4b3023d24e66867aa6a8cdb32/vidyut-prakriya/data/dhatupatha.tsv,bb2013ead0ea536dc7f887164c385c703cb0014ccf6e5af35b87e6d3049ba380,
10.0116,10,svarta~,"kfcCrajIvane, gatyAm","कृच्छ्रजीवने, गत्याम्",1867,enumerated_glosses,2,kfcCrajIvane; gatyAm,Visible enumeration; semantic overlap still belongs to lexical review.,,,,[],10.0116,not_flagged_by_exact_citation_check,,https://raw.githubusercontent.com/ambuda-org/vidyut/f3ba4167d40eebc4b3023d24e66867aa6a8cdb32/vidyut-prakriya/data/dhatupatha.tsv,bb2013ead0ea536dc7f887164c385c703cb0014ccf6e5af35b87e6d3049ba380,
10.0117,10,SvaBra~,gatyAm,गत्याम्,1868,single_gloss,1,gatyAm,One source gloss; no attempt to invent finer senses within it.,,,,[],10.0117,not_flagged_by_exact_citation_check,10.0117,https://raw.githubusercontent.com/ambuda-org/vidyut/f3ba4167d40eebc4b3023d24e66867aa6a8cdb32/vidyut-prakriya/data/dhatupatha.tsv,bb2013ead0ea536dc7f887164c385c703cb0014ccf6e5af35b87e6d3049ba380,
10.0118,10,jYapa~,jYAne jYApane ca,ज्ञाने ज्ञापने च,1869,enumerated_glosses,2,jYAne; jYApane,Visible enumeration; semantic overlap still belongs to lexical review.,,,,[],10.0118,not_flagged_by_exact_citation_check,10.0118,https://raw.githubusercontent.com/ambuda-org/vidyut/f3ba4167d40eebc4b3023d24e66867aa6a8cdb32/vidyut-prakriya/data/dhatupatha.tsv,bb2013ead0ea536dc7f887164c385c703cb0014ccf6e5af35b87e6d3049ba380,
10.0119,10,yama~,parivezaRe,परिवेषणे,1870,single_gloss,1,parivezaRe,One source gloss; no attempt to invent finer senses within it.,,,,[],10.0119,open,10.0119,https://raw.githubusercontent.com/ambuda-org/vidyut/f3ba4167d40eebc4b3023d24e66867aa6a8cdb32/vidyut-prakriya/data/dhatupatha.tsv,bb2013ead0ea536dc7f887164c385c703cb0014ccf6e5af35b87e6d3049ba380,IR211
10.0120,10,caha~,parikalkane,परिकल्कने,1871,single_gloss,1,parikalkane,One source gloss; no attempt to invent finer senses within it.,,,,[],10.0120,merge_shared_meanings,10.0120;10.0405,https://raw.githubusercontent.com/ambuda-org/vidyut/f3ba4167d40eebc4b3023d24e66867aa6a8cdb32/vidyut-prakriya/data/dhatupatha.tsv,bb2013ead0ea536dc7f887164c385c703cb0014ccf6e5af35b87e6d3049ba380,IR45
10.0121,10,capa~,parikalpane,परिकल्पने,1872,single_gloss,1,parikalpane,One source gloss; no attempt to invent finer senses within it.,,,,[],10.0121,retain_distinct_meanings,10.0121,https://raw.githubusercontent.com/ambuda-org/vidyut/f3ba4167d40eebc4b3023d24e66867aa6a8cdb32/vidyut-prakriya/data/dhatupatha.tsv,bb2013ead0ea536dc7f887164c385c703cb0014ccf6e5af35b87e6d3049ba380,IR49
10.0122,10,raha~,tyAge,त्यागे,1873,single_gloss,1,tyAge,One source gloss; no attempt to invent finer senses within it.,,,,[],10.0122,merge_shared_meanings,10.0122;10.0396,https://raw.githubusercontent.com/ambuda-org/vidyut/f3ba4167d40eebc4b3023d24e66867aa6a8cdb32/vidyut-prakriya/data/dhatupatha.tsv,bb2013ead0ea536dc7f887164c385c703cb0014ccf6e5af35b87e6d3049ba380,IR162
10.0123,10,bala~,prARane,प्राणने,1874,single_gloss,1,prARane,One source gloss; no attempt to invent finer senses within it.,,,,[],10.0123,merge_shared_meanings,10.0123,https://raw.githubusercontent.com/ambuda-org/vidyut/f3ba4167d40eebc4b3023d24e66867aa6a8cdb32/vidyut-prakriya/data/dhatupatha.tsv,bb2013ead0ea536dc7f887164c385c703cb0014ccf6e5af35b87e6d3049ba380,IR39
10.0124,10,ciY,cayane,चयने,1875,single_gloss,1,cayane,One source gloss; no attempt to invent finer senses within it.,,,,[],10.0124,not_flagged_by_exact_citation_check,10.0124,https://raw.githubusercontent.com/ambuda-org/vidyut/f3ba4167d40eebc4b3023d24e66867aa6a8cdb32/vidyut-prakriya/data/dhatupatha.tsv,bb2013ead0ea536dc7f887164c385c703cb0014ccf6e5af35b87e6d3049ba380,
10.0125,10,Gawwa~,calane,चलने,1876,single_gloss,1,calane,One source gloss; no attempt to invent finer senses within it.,,,,[],10.0125,not_flagged_by_exact_citation_check,10.0125,https://raw.githubusercontent.com/ambuda-org/vidyut/f3ba4167d40eebc4b3023d24e66867aa6a8cdb32/vidyut-prakriya/data/dhatupatha.tsv,bb2013ead0ea536dc7f887164c385c703cb0014ccf6e5af35b87e6d3049ba380,
10.0126,10,musta~,saNGAte,सङ्घाते,1877,single_gloss,1,saNGAte,One source gloss; no attempt to invent finer senses within it.,,,,[],10.0126,not_flagged_by_exact_citation_check,10.0126,https://raw.githubusercontent.com/ambuda-org/vidyut/f3ba4167d40eebc4b3023d24e66867aa6a8cdb32/vidyut-prakriya/data/dhatupatha.tsv,bb2013ead0ea536dc7f887164c385c703cb0014ccf6e5af35b87e6d3049ba380,
10.0127,10,Kawwa~,saMvaraRe,संवरणे,1878,single_gloss,1,saMvaraRe,One source gloss; no attempt to invent finer senses within it.,,,,[],10.0127,not_flagged_by_exact_citation_check,10.0127,https://raw.githubusercontent.com/ambuda-org/vidyut/f3ba4167d40eebc4b3023d24e66867aa6a8cdb32/vidyut-prakriya/data/dhatupatha.tsv,bb2013ead0ea536dc7f887164c385c703cb0014ccf6e5af35b87e6d3049ba380,
10.0128,10,zawwa~,hiMsAyAm,हिंसायाम्,1879,single_gloss,1,hiMsAyAm,One source gloss; no attempt to invent finer senses within it.,,,,[],10.0128,not_flagged_by_exact_citation_check,10.0128,https://raw.githubusercontent.com/ambuda-org/vidyut/f3ba4167d40eebc4b3023d24e66867aa6a8cdb32/vidyut-prakriya/data/dhatupatha.tsv,bb2013ead0ea536dc7f887164c385c703cb0014ccf6e5af35b87e6d3049ba380,
10.0129,10,sPiwwa~,hiMsAyAm,हिंसायाम्,1880,single_gloss,1,hiMsAyAm,One source gloss; no attempt to invent finer senses within it.,,,,[],10.0129,not_flagged_by_exact_citation_check,10.0129,https://raw.githubusercontent.com/ambuda-org/vidyut/f3ba4167d40eebc4b3023d24e66867aa6a8cdb32/vidyut-prakriya/data/dhatupatha.tsv,bb2013ead0ea536dc7f887164c385c703cb0014ccf6e5af35b87e6d3049ba380,
10.0130,10,cubi~,hiMsAyAm,हिंसायाम्,1881,single_gloss,1,hiMsAyAm,One source gloss; no attempt to invent finer senses within it.,,,,[],10.0130,retain_distinct_meanings,10.0130,https://raw.githubusercontent.com/ambuda-org/vidyut/f3ba4167d40eebc4b3023d24e66867aa6a8cdb32/vidyut-prakriya/data/dhatupatha.tsv,bb2013ead0ea536dc7f887164c385c703cb0014ccf6e5af35b87e6d3049ba380,IR52
10.0131,10,pula~,saNGAte,सङ्घाते,1882,single_gloss,1,saNGAte,One source gloss; no attempt to invent finer senses within it.,,,,[],10.0131,merge_shared_meanings,,https://raw.githubusercontent.com/ambuda-org/vidyut/f3ba4167d40eebc4b3023d24e66867aa6a8cdb32/vidyut-prakriya/data/dhatupatha.tsv,bb2013ead0ea536dc7f887164c385c703cb0014ccf6e5af35b87e6d3049ba380,IR153
10.0132,10,pUrRa~,saNGAte,सङ्घाते,1883,single_gloss,1,saNGAte,One source gloss; no attempt to invent finer senses within it.,,,,[],10.0132,not_flagged_by_exact_citation_check,10.0132,https://raw.githubusercontent.com/ambuda-org/vidyut/f3ba4167d40eebc4b3023d24e66867aa6a8cdb32/vidyut-prakriya/data/dhatupatha.tsv,bb2013ead0ea536dc7f887164c385c703cb0014ccf6e5af35b87e6d3049ba380,
10.0133,10,puRa~,saNGAte,सङ्घाते,1884,single_gloss,1,saNGAte,One source gloss; no attempt to invent finer senses within it.,,,,[],10.0133,retain_distinct_meanings,10.0133,https://raw.githubusercontent.com/ambuda-org/vidyut/f3ba4167d40eebc4b3023d24e66867aa6a8cdb32/vidyut-prakriya/data/dhatupatha.tsv,bb2013ead0ea536dc7f887164c385c703cb0014ccf6e5af35b87e6d3049ba380,IR151
10.0134,10,punsa~,aBivarDane,अभिवर्धने,1885,single_gloss,1,aBivarDane,One source gloss; no attempt to invent finer senses within it.,,,,[],10.0134,not_flagged_by_exact_citation_check,,https://raw.githubusercontent.com/ambuda-org/vidyut/f3ba4167d40eebc4b3023d24e66867aa6a8cdb32/vidyut-prakriya/data/dhatupatha.tsv,bb2013ead0ea536dc7f887164c385c703cb0014ccf6e5af35b87e6d3049ba380,
10.0135,10,waki~,banDane,बन्धने,1886,single_gloss,1,banDane,One source gloss; no attempt to invent finer senses within it.,,,,[],10.0135,not_flagged_by_exact_citation_check,10.0135,https://raw.githubusercontent.com/ambuda-org/vidyut/f3ba4167d40eebc4b3023d24e66867aa6a8cdb32/vidyut-prakriya/data/dhatupatha.tsv,bb2013ead0ea536dc7f887164c385c703cb0014ccf6e5af35b87e6d3049ba380,
10.0136,10,vyapa~,kzaye,क्षये,1887,single_gloss,1,kzaye,One source gloss; no attempt to invent finer senses within it.,,,,[],10.0136,not_flagged_by_exact_citation_check,10.0136,https://raw.githubusercontent.com/ambuda-org/vidyut/f3ba4167d40eebc4b3023d24e66867aa6a8cdb32/vidyut-prakriya/data/dhatupatha.tsv,bb2013ead0ea536dc7f887164c385c703cb0014ccf6e5af35b87e6d3049ba380,
10.0137,10,vyaya~,kzaye,क्षये,1888,single_gloss,1,kzaye,One source gloss; no attempt to invent finer senses within it.,,,,[],10.0137,not_flagged_by_exact_citation_check,10.0137;10.0478,https://raw.githubusercontent.com/ambuda-org/vidyut/f3ba4167d40eebc4b3023d24e66867aa6a8cdb32/vidyut-prakriya/data/dhatupatha.tsv,bb2013ead0ea536dc7f887164c385c703cb0014ccf6e5af35b87e6d3049ba380,
10.0138,10,pUla~,saNGAte,सङ्घाते,1889,single_gloss,1,saNGAte,One source gloss; no attempt to invent finer senses within it.,,,,[],10.0138,merge_shared_meanings,10.0131,https://raw.githubusercontent.com/ambuda-org/vidyut/f3ba4167d40eebc4b3023d24e66867aa6a8cdb32/vidyut-prakriya/data/dhatupatha.tsv,bb2013ead0ea536dc7f887164c385c703cb0014ccf6e5af35b87e6d3049ba380,IR144
10.0139,10,DUsa~,kAntikaraRe,कान्तिकरणे,1890,single_gloss,1,kAntikaraRe,One source gloss; no attempt to invent finer senses within it.,,,,[],10.0139,not_flagged_by_exact_citation_check,10.0139,https://raw.githubusercontent.com/ambuda-org/vidyut/f3ba4167d40eebc4b3023d24e66867aa6a8cdb32/vidyut-prakriya/data/dhatupatha.tsv,bb2013ead0ea536dc7f887164c385c703cb0014ccf6e5af35b87e6d3049ba380,
10.0140,10,DUza~,kAntikaraRe,कान्तिकरणे,1891,single_gloss,1,kAntikaraRe,One source gloss; no attempt to invent finer senses within it.,,,,[],10.0140,not_flagged_by_exact_citation_check,10.0140,https://raw.githubusercontent.com/ambuda-org/vidyut/f3ba4167d40eebc4b3023d24e66867aa6a8cdb32/vidyut-prakriya/data/dhatupatha.tsv,bb2013ead0ea536dc7f887164c385c703cb0014ccf6e5af35b87e6d3049ba380,
10.0141,10,DUSa~,kAntikaraRe,कान्तिकरणे,1892,single_gloss,1,kAntikaraRe,One source gloss; no attempt to invent finer senses within it.,,,,[],10.0141,not_flagged_by_exact_citation_check,10.0141,https://raw.githubusercontent.com/ambuda-org/vidyut/f3ba4167d40eebc4b3023d24e66867aa6a8cdb32/vidyut-prakriya/data/dhatupatha.tsv,bb2013ead0ea536dc7f887164c385c703cb0014ccf6e5af35b87e6d3049ba380,
10.0142,10,kIwa~,varRe,वर्णे,1893,single_gloss,1,varRe,One source gloss; no attempt to invent finer senses within it.,,,,[],10.0142,not_flagged_by_exact_citation_check,10.0142,https://raw.githubusercontent.com/ambuda-org/vidyut/f3ba4167d40eebc4b3023d24e66867aa6a8cdb32/vidyut-prakriya/data/dhatupatha.tsv,bb2013ead0ea536dc7f887164c385c703cb0014ccf6e5af35b87e6d3049ba380,
10.0143,10,cUrRa~,saNkocane,सङ्कोचने,1894,single_gloss,1,saNkocane,One source gloss; no attempt to invent finer senses within it.,,,,[],10.0143,not_flagged_by_exact_citation_check,10.0026;10.0143,https://raw.githubusercontent.com/ambuda-org/vidyut/f3ba4167d40eebc4b3023d24e66867aa6a8cdb32/vidyut-prakriya/data/dhatupatha.tsv,bb2013ead0ea536dc7f887164c385c703cb0014ccf6e5af35b87e6d3049ba380,
10.0144,10,pUja~,pUjAyAm,पूजायाम्,1895,single_gloss,1,pUjAyAm,One source gloss; no attempt to invent finer senses within it.,,,,[],10.0144,not_flagged_by_exact_citation_check,10.0144,https://raw.githubusercontent.com/ambuda-org/vidyut/f3ba4167d40eebc4b3023d24e66867aa6a8cdb32/vidyut-prakriya/data/dhatupatha.tsv,bb2013ead0ea536dc7f887164c385c703cb0014ccf6e5af35b87e6d3049ba380,
10.0145,10,arka~,stavane,स्तवने,1896,single_gloss,1,stavane,One source gloss; no attempt to invent finer senses within it.,,,,[],10.0145,not_flagged_by_exact_citation_check,10.0145,https://raw.githubusercontent.com/ambuda-org/vidyut/f3ba4167d40eebc4b3023d24e66867aa6a8cdb32/vidyut-prakriya/data/dhatupatha.tsv,bb2013ead0ea536dc7f887164c385c703cb0014ccf6e5af35b87e6d3049ba380,
10.0146,10,SuWa~,Alasye,आलस्ये,1897,single_gloss,1,Alasye,One source gloss; no attempt to invent finer senses within it.,,,,[],10.0146,retain_distinct_meanings,10.0146,https://raw.githubusercontent.com/ambuda-org/vidyut/f3ba4167d40eebc4b3023d24e66867aa6a8cdb32/vidyut-prakriya/data/dhatupatha.tsv,bb2013ead0ea536dc7f887164c385c703cb0014ccf6e5af35b87e6d3049ba380,IR29
10.0147,10,SuWi~,SozaRe,शोषणे,1898,single_gloss,1,SozaRe,One source gloss; no attempt to invent finer senses within it.,,,,[],10.0147,merge_shared_meanings,10.0147,https://raw.githubusercontent.com/ambuda-org/vidyut/f3ba4167d40eebc4b3023d24e66867aa6a8cdb32/vidyut-prakriya/data/dhatupatha.tsv,bb2013ead0ea536dc7f887164c385c703cb0014ccf6e5af35b87e6d3049ba380,IR30
10.0148,10,juqa~,preraRe,प्रेरणे,1899,single_gloss,1,preraRe,One source gloss; no attempt to invent finer senses within it.,,,,[],10.0148,merge_shared_meanings,10.0148,https://raw.githubusercontent.com/ambuda-org/vidyut/f3ba4167d40eebc4b3023d24e66867aa6a8cdb32/vidyut-prakriya/data/dhatupatha.tsv,bb2013ead0ea536dc7f887164c385c703cb0014ccf6e5af35b87e6d3049ba380,IR89
10.0149,10,gaja~,SabdArTe,शब्दार्थे,1900,single_gloss,1,SabdArTe,One source gloss; no attempt to invent finer senses within it.,,,,[],10.0149,merge_shared_meanings,10.0149,https://raw.githubusercontent.com/ambuda-org/vidyut/f3ba4167d40eebc4b3023d24e66867aa6a8cdb32/vidyut-prakriya/data/dhatupatha.tsv,bb2013ead0ea536dc7f887164c385c703cb0014ccf6e5af35b87e6d3049ba380,IR67
10.0150,10,mArja~,SabdArTe,शब्दार्थे,1901,single_gloss,1,SabdArTe,One source gloss; no attempt to invent finer senses within it.,,,,[],10.0150,not_flagged_by_exact_citation_check,10.0150,https://raw.githubusercontent.com/ambuda-org/vidyut/f3ba4167d40eebc4b3023d24e66867aa6a8cdb32/vidyut-prakriya/data/dhatupatha.tsv,bb2013ead0ea536dc7f887164c385c703cb0014ccf6e5af35b87e6d3049ba380,
10.0151,10,marca~,SabdArTe,शब्दार्थे,1902,single_gloss,1,SabdArTe,One source gloss; no attempt to invent finer senses within it.,,,,[],10.0151,not_flagged_by_exact_citation_check,10.0151,https://raw.githubusercontent.com/ambuda-org/vidyut/f3ba4167d40eebc4b3023d24e66867aa6a8cdb32/vidyut-prakriya/data/dhatupatha.tsv,bb2013ead0ea536dc7f887164c385c703cb0014ccf6e5af35b87e6d3049ba380,
10.0152,10,Gf,prasravaRe,प्रस्रवणे,1903,single_gloss,1,prasravaRe,One source gloss; no attempt to invent finer senses within it.,,,,[],10.0152,not_flagged_by_exact_citation_check,10.0152,https://raw.githubusercontent.com/ambuda-org/vidyut/f3ba4167d40eebc4b3023d24e66867aa6a8cdb32/vidyut-prakriya/data/dhatupatha.tsv,bb2013ead0ea536dc7f887164c385c703cb0014ccf6e5af35b87e6d3049ba380,
10.0153,10,paci~,vistAravacane,विस्तारवचने,1904,single_gloss,1,vistAravacane,One source gloss; no attempt to invent finer senses within it.,,,,[],10.0153,not_flagged_by_exact_citation_check,10.0153,https://raw.githubusercontent.com/ambuda-org/vidyut/f3ba4167d40eebc4b3023d24e66867aa6a8cdb32/vidyut-prakriya/data/dhatupatha.tsv,bb2013ead0ea536dc7f887164c385c703cb0014ccf6e5af35b87e6d3049ba380,
10.0154,10,tija~,niSAne,निशाने,1905,single_gloss,1,niSAne,One source gloss; no attempt to invent finer senses within it.,,,,[],10.0154,not_flagged_by_exact_citation_check,10.0154,https://raw.githubusercontent.com/ambuda-org/vidyut/f3ba4167d40eebc4b3023d24e66867aa6a8cdb32/vidyut-prakriya/data/dhatupatha.tsv,bb2013ead0ea536dc7f887164c385c703cb0014ccf6e5af35b87e6d3049ba380,
10.0155,10,kFta~,saMSabdane,संशब्दने,1906,single_gloss,1,saMSabdane,One source gloss; no attempt to invent finer senses within it.,,,,[],10.0155,not_flagged_by_exact_citation_check,10.0155,https://raw.githubusercontent.com/ambuda-org/vidyut/f3ba4167d40eebc4b3023d24e66867aa6a8cdb32/vidyut-prakriya/data/dhatupatha.tsv,bb2013ead0ea536dc7f887164c385c703cb0014ccf6e5af35b87e6d3049ba380,
10.0156,10,varDa~,CedanapUraRayoH,छेदनपूरणयोः,1907,enumerated_glosses,2,Cedane; pUraRe,Explicit analyst segmentation; retain the original compound for review.,,,,[],10.0156,not_flagged_by_exact_citation_check,10.0156,https://raw.githubusercontent.com/ambuda-org/vidyut/f3ba4167d40eebc4b3023d24e66867aa6a8cdb32/vidyut-prakriya/data/dhatupatha.tsv,bb2013ead0ea536dc7f887164c385c703cb0014ccf6e5af35b87e6d3049ba380,
10.0157,10,kubi~,AcCAdane,आच्छादने,1908,single_gloss,1,AcCAdane,One source gloss; no attempt to invent finer senses within it.,,,,[],10.0157,merge_shared_meanings,10.0157,https://raw.githubusercontent.com/ambuda-org/vidyut/f3ba4167d40eebc4b3023d24e66867aa6a8cdb32/vidyut-prakriya/data/dhatupatha.tsv,bb2013ead0ea536dc7f887164c385c703cb0014ccf6e5af35b87e6d3049ba380,IR102
10.0158,10,kuBi~,AcCAdane,आच्छादने,1909,single_gloss,1,AcCAdane,One source gloss; no attempt to invent finer senses within it.,,,,[],10.0158,not_flagged_by_exact_citation_check,10.0158,https://raw.githubusercontent.com/ambuda-org/vidyut/f3ba4167d40eebc4b3023d24e66867aa6a8cdb32/vidyut-prakriya/data/dhatupatha.tsv,bb2013ead0ea536dc7f887164c385c703cb0014ccf6e5af35b87e6d3049ba380,
10.0159,10,lubi~,adarSane,अदर्शने,1910,single_gloss,1,adarSane,One source gloss; no attempt to invent finer senses within it.,,,,[],10.0159,retain_distinct_meanings,10.0159,https://raw.githubusercontent.com/ambuda-org/vidyut/f3ba4167d40eebc4b3023d24e66867aa6a8cdb32/vidyut-prakriya/data/dhatupatha.tsv,bb2013ead0ea536dc7f887164c385c703cb0014ccf6e5af35b87e6d3049ba380,IR125
10.0160,10,tubi~,adarSane,अदर्शने,1911,single_gloss,1,adarSane,One source gloss; no attempt to invent finer senses within it.,,,,[],10.0160,retain_distinct_meanings,10.0160,https://raw.githubusercontent.com/ambuda-org/vidyut/f3ba4167d40eebc4b3023d24e66867aa6a8cdb32/vidyut-prakriya/data/dhatupatha.tsv,bb2013ead0ea536dc7f887164c385c703cb0014ccf6e5af35b87e6d3049ba380,IR186
10.0161,10,hlapa~,vyaktAyAM vAci,व्यक्तायां वाचि,1912,single_gloss,1,vyaktAyAM vAci,"A qualified phrase, not one meaning per word.",,,,[],10.0161,not_flagged_by_exact_citation_check,10.0161,https://raw.githubusercontent.com/ambuda-org/vidyut/f3ba4167d40eebc4b3023d24e66867aa6a8cdb32/vidyut-prakriya/data/dhatupatha.tsv,bb2013ead0ea536dc7f887164c385c703cb0014ccf6e5af35b87e6d3049ba380,
10.0162,10,klapa~,vyaktAyAM vAci,व्यक्तायां वाचि,1913,single_gloss,1,vyaktAyAM vAci,"A qualified phrase, not one meaning per word.",,,,[],10.0162,not_flagged_by_exact_citation_check,10.0162,https://raw.githubusercontent.com/ambuda-org/vidyut/f3ba4167d40eebc4b3023d24e66867aa6a8cdb32/vidyut-prakriya/data/dhatupatha.tsv,bb2013ead0ea536dc7f887164c385c703cb0014ccf6e5af35b87e6d3049ba380,
10.0163,10,hrapa~,vyaktAyAM vAci,व्यक्तायां वाचि,1914,single_gloss,1,vyaktAyAM vAci,"A qualified phrase, not one meaning per word.",,,,[],10.0163,not_flagged_by_exact_citation_check,10.0163,https://raw.githubusercontent.com/ambuda-org/vidyut/f3ba4167d40eebc4b3023d24e66867aa6a8cdb32/vidyut-prakriya/data/dhatupatha.tsv,bb2013ead0ea536dc7f887164c385c703cb0014ccf6e5af35b87e6d3049ba380,
10.0164,10,cuwi~,Cedane,छेदने,1915,single_gloss,1,Cedane,One source gloss; no attempt to invent finer senses within it.,,,,[],10.0164,retain_distinct_meanings,10.0164,https://raw.githubusercontent.com/ambuda-org/vidyut/f3ba4167d40eebc4b3023d24e66867aa6a8cdb32/vidyut-prakriya/data/dhatupatha.tsv,bb2013ead0ea536dc7f887164c385c703cb0014ccf6e5af35b87e6d3049ba380,IR54
10.0165,10,brIsa~,hiMsAyAm,हिंसायाम्,1916,single_gloss,1,hiMsAyAm,One source gloss; no attempt to invent finer senses within it.,,,,[],10.0165,not_flagged_by_exact_citation_check,,https://raw.githubusercontent.com/ambuda-org/vidyut/f3ba4167d40eebc4b3023d24e66867aa6a8cdb32/vidyut-prakriya/data/dhatupatha.tsv,bb2013ead0ea536dc7f887164c385c703cb0014ccf6e5af35b87e6d3049ba380,
10.0166,10,dahi~,rakzaRe mokzaRe ca,रक्षणे मोक्षणे च,1917,enumerated_glosses,2,rakzaRe; mokzaRe,Visible enumeration; semantic overlap still belongs to lexical review.,,,,[],10.0166,not_flagged_by_exact_citation_check,,https://raw.githubusercontent.com/ambuda-org/vidyut/f3ba4167d40eebc4b3023d24e66867aa6a8cdb32/vidyut-prakriya/data/dhatupatha.tsv,bb2013ead0ea536dc7f887164c385c703cb0014ccf6e5af35b87e6d3049ba380,
10.0167,10,ila~,preraRe,प्रेरणे,1918,single_gloss,1,preraRe,One source gloss; no attempt to invent finer senses within it.,,,,[],10.0167,retain_distinct_meanings,10.0167,https://raw.githubusercontent.com/ambuda-org/vidyut/f3ba4167d40eebc4b3023d24e66867aa6a8cdb32/vidyut-prakriya/data/dhatupatha.tsv,bb2013ead0ea536dc7f887164c385c703cb0014ccf6e5af35b87e6d3049ba380,IR80
10.0168,10,mrakza~,mlecCane,म्लेच्छने,1919,single_gloss,1,mlecCane,One source gloss; no attempt to invent finer senses within it.,,,,[],10.0168,retain_distinct_meanings,10.0168;10.0171,https://raw.githubusercontent.com/ambuda-org/vidyut/f3ba4167d40eebc4b3023d24e66867aa6a8cdb32/vidyut-prakriya/data/dhatupatha.tsv,bb2013ead0ea536dc7f887164c385c703cb0014ccf6e5af35b87e6d3049ba380,IR138
10.0169,10,asta~,saNGAte,सङ्घाते,1920,single_gloss,1,saNGAte,One source gloss; no attempt to invent finer senses within it.,,,,[],10.0169,not_flagged_by_exact_citation_check,,https://raw.githubusercontent.com/ambuda-org/vidyut/f3ba4167d40eebc4b3023d24e66867aa6a8cdb32/vidyut-prakriya/data/dhatupatha.tsv,bb2013ead0ea536dc7f887164c385c703cb0014ccf6e5af35b87e6d3049ba380,
10.0170,10,mleCa~,avyaktAyAM vAci,अव्यक्तायां वाचि,1921,single_gloss,1,avyaktAyAM vAci,"A qualified phrase, not one meaning per word.",,,,[],10.0170,merge_shared_meanings,,https://raw.githubusercontent.com/ambuda-org/vidyut/f3ba4167d40eebc4b3023d24e66867aa6a8cdb32/vidyut-prakriya/data/dhatupatha.tsv,bb2013ead0ea536dc7f887164c385c703cb0014ccf6e5af35b87e6d3049ba380,IR137
10.0171,10,Capi~,gatyAm,गत्याम्,1922,single_gloss,1,gatyAm,One source gloss; no attempt to invent finer senses within it.,,,,[],10.0171,not_flagged_by_exact_citation_check,,https://raw.githubusercontent.com/ambuda-org/vidyut/f3ba4167d40eebc4b3023d24e66867aa6a8cdb32/vidyut-prakriya/data/dhatupatha.tsv,bb2013ead0ea536dc7f887164c385c703cb0014ccf6e5af35b87e6d3049ba380,
10.0172,10,brUsa~,hiMsAyAm,हिंसायाम्,1923,single_gloss,1,hiMsAyAm,One source gloss; no attempt to invent finer senses within it.,,,,[],10.0172,not_flagged_by_exact_citation_check,10.0172,https://raw.githubusercontent.com/ambuda-org/vidyut/f3ba4167d40eebc4b3023d24e66867aa6a8cdb32/vidyut-prakriya/data/dhatupatha.tsv,bb2013ead0ea536dc7f887164c385c703cb0014ccf6e5af35b87e6d3049ba380,
10.0173,10,barha~,hiMsAyAm,हिंसायाम्,1924,single_gloss,1,hiMsAyAm,One source gloss; no attempt to invent finer senses within it.,,,,[],10.0173,retain_distinct_meanings,10.0173,https://raw.githubusercontent.com/ambuda-org/vidyut/f3ba4167d40eebc4b3023d24e66867aa6a8cdb32/vidyut-prakriya/data/dhatupatha.tsv,bb2013ead0ea536dc7f887164c385c703cb0014ccf6e5af35b87e6d3049ba380,IR40
10.0174,10,SraRu~,dAne,दाने,1925,single_gloss,1,dAne,One source gloss; no attempt to invent finer senses within it.,,,,[],10.0174,not_flagged_by_exact_citation_check,,https://raw.githubusercontent.com/ambuda-org/vidyut/f3ba4167d40eebc4b3023d24e66867aa6a8cdb32/vidyut-prakriya/data/dhatupatha.tsv,bb2013ead0ea536dc7f887164c385c703cb0014ccf6e5af35b87e6d3049ba380,
10.0175,10,picca~,kuwwane,कुट्टने,1926,single_gloss,1,kuwwane,One source gloss; no attempt to invent finer senses within it.,,,,[],10.0175,not_flagged_by_exact_citation_check,,https://raw.githubusercontent.com/ambuda-org/vidyut/f3ba4167d40eebc4b3023d24e66867aa6a8cdb32/vidyut-prakriya/data/dhatupatha.tsv,bb2013ead0ea536dc7f887164c385c703cb0014ccf6e5af35b87e6d3049ba380,
10.0176,10,bula~,nimajjane,निमज्जने,1927,single_gloss,1,nimajjane,One source gloss; no attempt to invent finer senses within it.,,,,[],10.0176,not_flagged_by_exact_citation_check,,https://raw.githubusercontent.com/ambuda-org/vidyut/f3ba4167d40eebc4b3023d24e66867aa6a8cdb32/vidyut-prakriya/data/dhatupatha.tsv,bb2013ead0ea536dc7f887164c385c703cb0014ccf6e5af35b87e6d3049ba380,
10.0177,10,garja~,Sabde,शब्दे,1928,single_gloss,1,Sabde,One source gloss; no attempt to invent finer senses within it.,,,,[],10.0177,merge_shared_meanings,10.0177,https://raw.githubusercontent.com/ambuda-org/vidyut/f3ba4167d40eebc4b3023d24e66867aa6a8cdb32/vidyut-prakriya/data/dhatupatha.tsv,bb2013ead0ea536dc7f887164c385c703cb0014ccf6e5af35b87e6d3049ba380,IR70
10.0178,10,garda~,Sabde,शब्दे,1929,single_gloss,1,Sabde,One source gloss; no attempt to invent finer senses within it.,,,,[],10.0178,merge_shared_meanings,10.0178,https://raw.githubusercontent.com/ambuda-org/vidyut/f3ba4167d40eebc4b3023d24e66867aa6a8cdb32/vidyut-prakriya/data/dhatupatha.tsv,bb2013ead0ea536dc7f887164c385c703cb0014ccf6e5af35b87e6d3049ba380,IR69
10.0179,10,garDa~,aBikANkzAyAm,अभिकाङ्क्षायाम्,1930,single_gloss,1,aBikANkzAyAm,One source gloss; no attempt to invent finer senses within it.,,,,[],10.0179,not_flagged_by_exact_citation_check,10.0179,https://raw.githubusercontent.com/ambuda-org/vidyut/f3ba4167d40eebc4b3023d24e66867aa6a8cdb32/vidyut-prakriya/data/dhatupatha.tsv,bb2013ead0ea536dc7f887164c385c703cb0014ccf6e5af35b87e6d3049ba380,
10.0180,10,gurda~,pUrvaniketane,पूर्वनिकेतने,1931,single_gloss,1,pUrvaniketane,One source gloss; no attempt to invent finer senses within it.,,,,[],10.0180,not_flagged_by_exact_citation_check,10.0180,https://raw.githubusercontent.com/ambuda-org/vidyut/f3ba4167d40eebc4b3023d24e66867aa6a8cdb32/vidyut-prakriya/data/dhatupatha.tsv,bb2013ead0ea536dc7f887164c385c703cb0014ccf6e5af35b87e6d3049ba380,
10.0181,10,pUrva~,niketane,निकेतने,1932,single_gloss,1,niketane,One source gloss; no attempt to invent finer senses within it.,,,,[],10.0181,not_flagged_by_exact_citation_check,10.0181,https://raw.githubusercontent.com/ambuda-org/vidyut/f3ba4167d40eebc4b3023d24e66867aa6a8cdb32/vidyut-prakriya/data/dhatupatha.tsv,bb2013ead0ea536dc7f887164c385c703cb0014ccf6e5af35b87e6d3049ba380,
10.0182,10,jasi~,rakzaRe mokzaRe ca,रक्षणे मोक्षणे च,1933,enumerated_glosses,2,rakzaRe; mokzaRe,Visible enumeration; semantic overlap still belongs to lexical review.,,,,[],10.0182,not_flagged_by_exact_citation_check,10.0182,https://raw.githubusercontent.com/ambuda-org/vidyut/f3ba4167d40eebc4b3023d24e66867aa6a8cdb32/vidyut-prakriya/data/dhatupatha.tsv,bb2013ead0ea536dc7f887164c385c703cb0014ccf6e5af35b87e6d3049ba380,
10.0183,10,Iqa~,stutO,स्तुतौ,1934,single_gloss,1,stutO,One source gloss; no attempt to invent finer senses within it.,,,,[],10.0183,not_flagged_by_exact_citation_check,10.0183,https://raw.githubusercontent.com/ambuda-org/vidyut/f3ba4167d40eebc4b3023d24e66867aa6a8cdb32/vidyut-prakriya/data/dhatupatha.tsv,bb2013ead0ea536dc7f887164c385c703cb0014ccf6e5af35b87e6d3049ba380,
10.0184,10,jasu~,hiMsAyAm,हिंसायाम्,1935,single_gloss,1,hiMsAyAm,One source gloss; no attempt to invent finer senses within it.,,,,[],10.0184,retain_distinct_meanings,10.0184,https://raw.githubusercontent.com/ambuda-org/vidyut/f3ba4167d40eebc4b3023d24e66867aa6a8cdb32/vidyut-prakriya/data/dhatupatha.tsv,bb2013ead0ea536dc7f887164c385c703cb0014ccf6e5af35b87e6d3049ba380,IR86
10.0185,10,piqi~,saNGAte,सङ्घाते,1936,single_gloss,1,saNGAte,One source gloss; no attempt to invent finer senses within it.,,,,[],10.0185,not_flagged_by_exact_citation_check,10.0185,https://raw.githubusercontent.com/ambuda-org/vidyut/f3ba4167d40eebc4b3023d24e66867aa6a8cdb32/vidyut-prakriya/data/dhatupatha.tsv,bb2013ead0ea536dc7f887164c385c703cb0014ccf6e5af35b87e6d3049ba380,
10.0186,10,parTa~,prakzepe,प्रक्षेपे,1937,single_gloss,1,prakzepe,One source gloss; no attempt to invent finer senses within it.,,,,[],10.0186,not_flagged_by_exact_citation_check,,https://raw.githubusercontent.com/ambuda-org/vidyut/f3ba4167d40eebc4b3023d24e66867aa6a8cdb32/vidyut-prakriya/data/dhatupatha.tsv,bb2013ead0ea536dc7f887164c385c703cb0014ccf6e5af35b87e6d3049ba380,
10.0187,10,ruza~,roze,रोषे,1938,single_gloss,1,roze,One source gloss; no attempt to invent finer senses within it.,,,,[],10.0187,open,10.0187,https://raw.githubusercontent.com/ambuda-org/vidyut/f3ba4167d40eebc4b3023d24e66867aa6a8cdb32/vidyut-prakriya/data/dhatupatha.tsv,bb2013ead0ea536dc7f887164c385c703cb0014ccf6e5af35b87e6d3049ba380,IR170
10.0188,10,ruwa~,roze,रोषे,1939,single_gloss,1,roze,One source gloss; no attempt to invent finer senses within it.,,,,[],10.0188,retain_distinct_meanings,10.0188,https://raw.githubusercontent.com/ambuda-org/vidyut/f3ba4167d40eebc4b3023d24e66867aa6a8cdb32/vidyut-prakriya/data/dhatupatha.tsv,bb2013ead0ea536dc7f887164c385c703cb0014ccf6e5af35b87e6d3049ba380,IR169
10.0189,10,qipa~,kzepe,क्षेपे,1940,single_gloss,1,kzepe,One source gloss; no attempt to invent finer senses within it.,,,,[],10.0189,merge_shared_meanings,10.0189,https://raw.githubusercontent.com/ambuda-org/vidyut/f3ba4167d40eebc4b3023d24e66867aa6a8cdb32/vidyut-prakriya/data/dhatupatha.tsv,bb2013ead0ea536dc7f887164c385c703cb0014ccf6e5af35b87e6d3049ba380,IR158
10.0190,10,zwupa~,samucCrAye,समुच्छ्राये,1941,single_gloss,1,samucCrAye,One source gloss; no attempt to invent finer senses within it.,,,,[],10.0190,merge_shared_meanings,10.0190,https://raw.githubusercontent.com/ambuda-org/vidyut/f3ba4167d40eebc4b3023d24e66867aa6a8cdb32/vidyut-prakriya/data/dhatupatha.tsv,bb2013ead0ea536dc7f887164c385c703cb0014ccf6e5af35b87e6d3049ba380,IR221
10.0191,10,zwUpa~,samucCrAye,समुच्छ्राये,1942,single_gloss,1,samucCrAye,One source gloss; no attempt to invent finer senses within it.,,,,[],10.0191,merge_shared_meanings,,https://raw.githubusercontent.com/ambuda-org/vidyut/f3ba4167d40eebc4b3023d24e66867aa6a8cdb32/vidyut-prakriya/data/dhatupatha.tsv,bb2013ead0ea536dc7f887164c385c703cb0014ccf6e5af35b87e6d3049ba380,IR220
10.0192,10,cita~,saYcetane,सञ्चेतने,1943,single_gloss,1,saYcetane,One source gloss; no attempt to invent finer senses within it.,,,,[],10.0192,not_flagged_by_exact_citation_check,,https://raw.githubusercontent.com/ambuda-org/vidyut/f3ba4167d40eebc4b3023d24e66867aa6a8cdb32/vidyut-prakriya/data/dhatupatha.tsv,bb2013ead0ea536dc7f887164c385c703cb0014ccf6e5af35b87e6d3049ba380,
10.0193,10,daSi~,daMSane,दंशने,1944,single_gloss,1,daMSane,One source gloss; no attempt to invent finer senses within it.,,,,[],10.0193,retain_distinct_meanings,,https://raw.githubusercontent.com/ambuda-org/vidyut/f3ba4167d40eebc4b3023d24e66867aa6a8cdb32/vidyut-prakriya/data/dhatupatha.tsv,bb2013ead0ea536dc7f887164c385c703cb0014ccf6e5af35b87e6d3049ba380,IR56
10.0194,10,dasi~,darSanadaMSanayoH,दर्शनदंशनयोः,1945,enumerated_glosses,2,darSane; daMSane,Explicit analyst segmentation; retain the original compound for review.,,,,[],10.0194,retain_distinct_meanings,,https://raw.githubusercontent.com/ambuda-org/vidyut/f3ba4167d40eebc4b3023d24e66867aa6a8cdb32/vidyut-prakriya/data/dhatupatha.tsv,bb2013ead0ea536dc7f887164c385c703cb0014ccf6e5af35b87e6d3049ba380,IR59
10.0195,10,dasa~,darSanadaMSanayoH,दर्शनदंशनयोः,1946,enumerated_glosses,2,darSane; daMSane,Explicit analyst segmentation; retain the original compound for review.,,,,[],10.0195,not_flagged_by_exact_citation_check,,https://raw.githubusercontent.com/ambuda-org/vidyut/f3ba4167d40eebc4b3023d24e66867aa6a8cdb32/vidyut-prakriya/data/dhatupatha.tsv,bb2013ead0ea536dc7f887164c385c703cb0014ccf6e5af35b87e6d3049ba380,
10.0196,10,qapa~,saNGAte,सङ्घाते,1947,single_gloss,1,saNGAte,One source gloss; no attempt to invent finer senses within it.,,,,[],10.0196,not_flagged_by_exact_citation_check,,https://raw.githubusercontent.com/ambuda-org/vidyut/f3ba4167d40eebc4b3023d24e66867aa6a8cdb32/vidyut-prakriya/data/dhatupatha.tsv,bb2013ead0ea536dc7f887164c385c703cb0014ccf6e5af35b87e6d3049ba380,
10.0197,10,qipa~,saNGAte,सङ्घाते,1948,single_gloss,1,saNGAte,One source gloss; no attempt to invent finer senses within it.,,,,[],10.0197,merge_shared_meanings,,https://raw.githubusercontent.com/ambuda-org/vidyut/f3ba4167d40eebc4b3023d24e66867aa6a8cdb32/vidyut-prakriya/data/dhatupatha.tsv,bb2013ead0ea536dc7f887164c385c703cb0014ccf6e5af35b87e6d3049ba380,IR158
10.0198,10,tatri~,kuwumbaDAraRe,कुटुम्बधारणे,1949,single_gloss,1,kuwumbaDAraRe,One source gloss; no attempt to invent finer senses within it.,,,,[],10.0198,not_flagged_by_exact_citation_check,,https://raw.githubusercontent.com/ambuda-org/vidyut/f3ba4167d40eebc4b3023d24e66867aa6a8cdb32/vidyut-prakriya/data/dhatupatha.tsv,bb2013ead0ea536dc7f887164c385c703cb0014ccf6e5af35b87e6d3049ba380,
10.0199,10,matri~,guptapariBAzaRe,गुप्तपरिभाषणे,1950,single_gloss,1,guptapariBAzaRe,One source gloss; no attempt to invent finer senses within it.,,,,[],10.0199,not_flagged_by_exact_citation_check,,https://raw.githubusercontent.com/ambuda-org/vidyut/f3ba4167d40eebc4b3023d24e66867aa6a8cdb32/vidyut-prakriya/data/dhatupatha.tsv,bb2013ead0ea536dc7f887164c385c703cb0014ccf6e5af35b87e6d3049ba380,
10.0200,10,spaSa~,grahaRasaMSlezaRayoH,ग्रहणसंश्लेषणयोः,1951,enumerated_glosses,2,grahaRe; saMSlezaRe,Explicit analyst segmentation; retain the original compound for review.,,,,[],10.0200,not_flagged_by_exact_citation_check,,https://raw.githubusercontent.com/ambuda-org/vidyut/f3ba4167d40eebc4b3023d24e66867aa6a8cdb32/vidyut-prakriya/data/dhatupatha.tsv,bb2013ead0ea536dc7f887164c385c703cb0014ccf6e5af35b87e6d3049ba380,
10.0201,10,tarja~,tarjane,तर्जने,1952,single_gloss,1,tarjane,One source gloss; no attempt to invent finer senses within it.,,,,[],10.0201,merge_shared_meanings,,https://raw.githubusercontent.com/ambuda-org/vidyut/f3ba4167d40eebc4b3023d24e66867aa6a8cdb32/vidyut-prakriya/data/dhatupatha.tsv,bb2013ead0ea536dc7f887164c385c703cb0014ccf6e5af35b87e6d3049ba380,IR179
10.0202,10,Bartsa~,tarjane,तर्जने,1953,single_gloss,1,tarjane,One source gloss; no attempt to invent finer senses within it.,,,,[],10.0202,not_flagged_by_exact_citation_check,,https://raw.githubusercontent.com/ambuda-org/vidyut/f3ba4167d40eebc4b3023d24e66867aa6a8cdb32/vidyut-prakriya/data/dhatupatha.tsv,bb2013ead0ea536dc7f887164c385c703cb0014ccf6e5af35b87e6d3049ba380,
10.0203,10,basta~,ardane,अर्दने,1954,single_gloss,1,ardane,One source gloss; no attempt to invent finer senses within it.,,,,[],10.0203,not_flagged_by_exact_citation_check,,https://raw.githubusercontent.com/ambuda-org/vidyut/f3ba4167d40eebc4b3023d24e66867aa6a8cdb32/vidyut-prakriya/data/dhatupatha.tsv,bb2013ead0ea536dc7f887164c385c703cb0014ccf6e5af35b87e6d3049ba380,
10.0204,10,ganDa~,ardane,अर्दने,1955,single_gloss,1,ardane,One source gloss; no attempt to invent finer senses within it.,,,,[],10.0204,not_flagged_by_exact_citation_check,,https://raw.githubusercontent.com/ambuda-org/vidyut/f3ba4167d40eebc4b3023d24e66867aa6a8cdb32/vidyut-prakriya/data/dhatupatha.tsv,bb2013ead0ea536dc7f887164c385c703cb0014ccf6e5af35b87e6d3049ba380,
10.0205,10,kila~,kzepe,क्षेपे,1956,single_gloss,1,kzepe,One source gloss; no attempt to invent finer senses within it.,,,,[],10.0205,retain_distinct_meanings,,https://raw.githubusercontent.com/ambuda-org/vidyut/f3ba4167d40eebc4b3023d24e66867aa6a8cdb32/vidyut-prakriya/data/dhatupatha.tsv,bb2013ead0ea536dc7f887164c385c703cb0014ccf6e5af35b87e6d3049ba380,IR97
10.0206,10,pila~,kzepe,क्षेपे,1957,single_gloss,1,kzepe,One source gloss; no attempt to invent finer senses within it.,,,,[],10.0206,not_flagged_by_exact_citation_check,,https://raw.githubusercontent.com/ambuda-org/vidyut/f3ba4167d40eebc4b3023d24e66867aa6a8cdb32/vidyut-prakriya/data/dhatupatha.tsv,bb2013ead0ea536dc7f887164c385c703cb0014ccf6e5af35b87e6d3049ba380,
10.0207,10,vizka~,hiMsAyAm,हिंसायाम्,1958,single_gloss,1,hiMsAyAm,One source gloss; no attempt to invent finer senses within it.,,,,[],10.0207,not_flagged_by_exact_citation_check,10.0486,https://raw.githubusercontent.com/ambuda-org/vidyut/f3ba4167d40eebc4b3023d24e66867aa6a8cdb32/vidyut-prakriya/data/dhatupatha.tsv,bb2013ead0ea536dc7f887164c385c703cb0014ccf6e5af35b87e6d3049ba380,
10.0208,10,hizka~,hiMsAyAm,हिंसायाम्,1959,single_gloss,1,hiMsAyAm,One source gloss; no attempt to invent finer senses within it.,,,,[],10.0208,not_flagged_by_exact_citation_check,,https://raw.githubusercontent.com/ambuda-org/vidyut/f3ba4167d40eebc4b3023d24e66867aa6a8cdb32/vidyut-prakriya/data/dhatupatha.tsv,bb2013ead0ea536dc7f887164c385c703cb0014ccf6e5af35b87e6d3049ba380,
10.0209,10,nizka~,parimARe,परिमाणे,1960,single_gloss,1,parimARe,One source gloss; no attempt to invent finer senses within it.,,,,[],10.0209,not_flagged_by_exact_citation_check,,https://raw.githubusercontent.com/ambuda-org/vidyut/f3ba4167d40eebc4b3023d24e66867aa6a8cdb32/vidyut-prakriya/data/dhatupatha.tsv,bb2013ead0ea536dc7f887164c385c703cb0014ccf6e5af35b87e6d3049ba380,
10.0210,10,lala~,IpsAyAm,ईप्सायाम्,1961,single_gloss,1,IpsAyAm,One source gloss; no attempt to invent finer senses within it.,,,,[],10.0210,retain_distinct_meanings,,https://raw.githubusercontent.com/ambuda-org/vidyut/f3ba4167d40eebc4b3023d24e66867aa6a8cdb32/vidyut-prakriya/data/dhatupatha.tsv,bb2013ead0ea536dc7f887164c385c703cb0014ccf6e5af35b87e6d3049ba380,IR117
10.0211,10,kURa~,saNkoce,सङ्कोचे,1962,single_gloss,1,saNkoce,One source gloss; no attempt to invent finer senses within it.,,,,[],10.0211,open,,https://raw.githubusercontent.com/ambuda-org/vidyut/f3ba4167d40eebc4b3023d24e66867aa6a8cdb32/vidyut-prakriya/data/dhatupatha.tsv,bb2013ead0ea536dc7f887164c385c703cb0014ccf6e5af35b87e6d3049ba380,IR92
10.0212,10,tURa~,pUraRe,पूरणे,1963,single_gloss,1,pUraRe,One source gloss; no attempt to invent finer senses within it.,,,,[],10.0212,not_flagged_by_exact_citation_check,,https://raw.githubusercontent.com/ambuda-org/vidyut/f3ba4167d40eebc4b3023d24e66867aa6a8cdb32/vidyut-prakriya/data/dhatupatha.tsv,bb2013ead0ea536dc7f887164c385c703cb0014ccf6e5af35b87e6d3049ba380,
10.0213,10,BrURa~,ASAviSaNkayoH,आशाविशङ्कयोः,1964,enumerated_glosses,2,ASAyAm; viSaNkAyAm,Explicit analyst segmentation; retain the original compound for review.,,,,[],10.0213,not_flagged_by_exact_citation_check,,https://raw.githubusercontent.com/ambuda-org/vidyut/f3ba4167d40eebc4b3023d24e66867aa6a8cdb32/vidyut-prakriya/data/dhatupatha.tsv,bb2013ead0ea536dc7f887164c385c703cb0014ccf6e5af35b87e6d3049ba380,
10.0214,10,SaWa~,SlAGAyAm,श्लाघायाम्,1965,single_gloss,1,SlAGAyAm,One source gloss; no attempt to invent finer senses within it.,,,,[],10.0214,retain_distinct_meanings,,https://raw.githubusercontent.com/ambuda-org/vidyut/f3ba4167d40eebc4b3023d24e66867aa6a8cdb32/vidyut-prakriya/data/dhatupatha.tsv,bb2013ead0ea536dc7f887164c385c703cb0014ccf6e5af35b87e6d3049ba380,IR21
10.0215,10,yakza~,pUjAyAm,पूजायाम्,1966,single_gloss,1,pUjAyAm,One source gloss; no attempt to invent finer senses within it.,,,,[],10.0215,not_flagged_by_exact_citation_check,,https://raw.githubusercontent.com/ambuda-org/vidyut/f3ba4167d40eebc4b3023d24e66867aa6a8cdb32/vidyut-prakriya/data/dhatupatha.tsv,bb2013ead0ea536dc7f887164c385c703cb0014ccf6e5af35b87e6d3049ba380,
10.0216,10,syama~,vitarke,वितर्के,1967,single_gloss,1,vitarke,One source gloss; no attempt to invent finer senses within it.,,,,[],10.0216,not_flagged_by_exact_citation_check,,https://raw.githubusercontent.com/ambuda-org/vidyut/f3ba4167d40eebc4b3023d24e66867aa6a8cdb32/vidyut-prakriya/data/dhatupatha.tsv,bb2013ead0ea536dc7f887164c385c703cb0014ccf6e5af35b87e6d3049ba380,
10.0217,10,gUra~,udyamane,उद्यमने,1968,single_gloss,1,udyamane,One source gloss; no attempt to invent finer senses within it.,,,,[],10.0217,not_flagged_by_exact_citation_check,,https://raw.githubusercontent.com/ambuda-org/vidyut/f3ba4167d40eebc4b3023d24e66867aa6a8cdb32/vidyut-prakriya/data/dhatupatha.tsv,bb2013ead0ea536dc7f887164c385c703cb0014ccf6e5af35b87e6d3049ba380,
10.0218,10,Sama~,Alocane,आलोचने,1969,single_gloss,1,Alocane,One source gloss; no attempt to invent finer senses within it.,,,,[],10.0218,not_flagged_by_exact_citation_check,,https://raw.githubusercontent.com/ambuda-org/vidyut/f3ba4167d40eebc4b3023d24e66867aa6a8cdb32/vidyut-prakriya/data/dhatupatha.tsv,bb2013ead0ea536dc7f887164c385c703cb0014ccf6e5af35b87e6d3049ba380,
10.0219,10,lakza~,Alocane,आलोचने,1970,single_gloss,1,Alocane,One source gloss; no attempt to invent finer senses within it.,,,,[],10.0219,open,,https://raw.githubusercontent.com/ambuda-org/vidyut/f3ba4167d40eebc4b3023d24e66867aa6a8cdb32/vidyut-prakriya/data/dhatupatha.tsv,bb2013ead0ea536dc7f887164c385c703cb0014ccf6e5af35b87e6d3049ba380,IR116
10.0220,10,kutsa~,avakzepaRe nindane ca,अवक्षेपणे निन्दने च,1971,enumerated_glosses,2,avakzepaRe; nindane,Visible enumeration; semantic overlap still belongs to lexical review.,,,,[],10.0220,not_flagged_by_exact_citation_check,,https://raw.githubusercontent.com/ambuda-org/vidyut/f3ba4167d40eebc4b3023d24e66867aa6a8cdb32/vidyut-prakriya/data/dhatupatha.tsv,bb2013ead0ea536dc7f887164c385c703cb0014ccf6e5af35b87e6d3049ba380,
10.0221,10,truwa~,Cedane,छेदने,1972,single_gloss,1,Cedane,One source gloss; no attempt to invent finer senses within it.,,,,[],10.0221,merge_shared_meanings,,https://raw.githubusercontent.com/ambuda-org/vidyut/f3ba4167d40eebc4b3023d24e66867aa6a8cdb32/vidyut-prakriya/data/dhatupatha.tsv,bb2013ead0ea536dc7f887164c385c703cb0014ccf6e5af35b87e6d3049ba380,IR183
10.0222,10,kuwa~,Cedane,छेदने,1973,single_gloss,1,Cedane,One source gloss; no attempt to invent finer senses within it.,,,,[],10.0222,retain_distinct_meanings,,https://raw.githubusercontent.com/ambuda-org/vidyut/f3ba4167d40eebc4b3023d24e66867aa6a8cdb32/vidyut-prakriya/data/dhatupatha.tsv,bb2013ead0ea536dc7f887164c385c703cb0014ccf6e5af35b87e6d3049ba380,IR106
10.0223,10,gala~,sravaRe,स्रवणे,1974,single_gloss,1,sravaRe,One source gloss; no attempt to invent finer senses within it.,,,,[],10.0223,open,,https://raw.githubusercontent.com/ambuda-org/vidyut/f3ba4167d40eebc4b3023d24e66867aa6a8cdb32/vidyut-prakriya/data/dhatupatha.tsv,bb2013ead0ea536dc7f887164c385c703cb0014ccf6e5af35b87e6d3049ba380,IR68
10.0224,10,Bala~,ABaRqane,आभण्डने,1975,single_gloss,1,ABaRqane,One source gloss; no attempt to invent finer senses within it.,,,,[],10.0224,not_flagged_by_exact_citation_check,,https://raw.githubusercontent.com/ambuda-org/vidyut/f3ba4167d40eebc4b3023d24e66867aa6a8cdb32/vidyut-prakriya/data/dhatupatha.tsv,bb2013ead0ea536dc7f887164c385c703cb0014ccf6e5af35b87e6d3049ba380,
10.0225,10,kUwa~,ApradAne avasAdane ca,आप्रदाने अवसादने च,1976,enumerated_glosses,2,ApradAne; avasAdane,Visible enumeration; semantic overlap still belongs to lexical review.,,,,[],10.0225,not_flagged_by_exact_citation_check,10.0432,https://raw.githubusercontent.com/ambuda-org/vidyut/f3ba4167d40eebc4b3023d24e66867aa6a8cdb32/vidyut-prakriya/data/dhatupatha.tsv,bb2013ead0ea536dc7f887164c385c703cb0014ccf6e5af35b87e6d3049ba380,
10.0226,10,kuwwa~,pratApane,प्रतापने,1977,single_gloss,1,pratApane,One source gloss; no attempt to invent finer senses within it.,,,,[],10.0226,retain_distinct_meanings,,https://raw.githubusercontent.com/ambuda-org/vidyut/f3ba4167d40eebc4b3023d24e66867aa6a8cdb32/vidyut-prakriya/data/dhatupatha.tsv,bb2013ead0ea536dc7f887164c385c703cb0014ccf6e5af35b87e6d3049ba380,IR107
10.0227,10,vancu~,pralamBane,प्रलम्भने,1978,single_gloss,1,pralamBane,One source gloss; no attempt to invent finer senses within it.,,,,[],10.0227,retain_distinct_meanings,,https://raw.githubusercontent.com/ambuda-org/vidyut/f3ba4167d40eebc4b3023d24e66867aa6a8cdb32/vidyut-prakriya/data/dhatupatha.tsv,bb2013ead0ea536dc7f887164c385c703cb0014ccf6e5af35b87e6d3049ba380,IR198
10.0228,10,vfza~,SaktibanDane,शक्तिबन्धने,1979,single_gloss,1,SaktibanDane,One source gloss; no attempt to invent finer senses within it.,,,,[],10.0228,not_flagged_by_exact_citation_check,,https://raw.githubusercontent.com/ambuda-org/vidyut/f3ba4167d40eebc4b3023d24e66867aa6a8cdb32/vidyut-prakriya/data/dhatupatha.tsv,bb2013ead0ea536dc7f887164c385c703cb0014ccf6e5af35b87e6d3049ba380,
10.0229,10,mada~,tfptiyoge,तृप्तियोगे,1980,single_gloss,1,tfptiyoge,One source gloss; no attempt to invent finer senses within it.,,,,[],10.0229,not_flagged_by_exact_citation_check,,https://raw.githubusercontent.com/ambuda-org/vidyut/f3ba4167d40eebc4b3023d24e66867aa6a8cdb32/vidyut-prakriya/data/dhatupatha.tsv,bb2013ead0ea536dc7f887164c385c703cb0014ccf6e5af35b87e6d3049ba380,
10.0230,10,divu~,parikUjane,परिकूजने,1981,single_gloss,1,parikUjane,One source gloss; no attempt to invent finer senses within it.,,,,[],10.0230,retain_distinct_meanings,,https://raw.githubusercontent.com/ambuda-org/vidyut/f3ba4167d40eebc4b3023d24e66867aa6a8cdb32/vidyut-prakriya/data/dhatupatha.tsv,bb2013ead0ea536dc7f887164c385c703cb0014ccf6e5af35b87e6d3049ba380,IR62
10.0231,10,gf,vijYAne,विज्ञाने,1982,single_gloss,1,vijYAne,One source gloss; no attempt to invent finer senses within it.,,,,[],10.0231,not_flagged_by_exact_citation_check,,https://raw.githubusercontent.com/ambuda-org/vidyut/f3ba4167d40eebc4b3023d24e66867aa6a8cdb32/vidyut-prakriya/data/dhatupatha.tsv,bb2013ead0ea536dc7f887164c385c703cb0014ccf6e5af35b87e6d3049ba380,
10.0232,10,vida~,cetanAKyAnanivAsezu,चेतनाख्याननिवासेषु,1983,enumerated_glosses,3,cetane; AKyAne; nivAse,Explicit analyst segmentation; retain the original compound for review.,,,,[],10.0232,open,,https://raw.githubusercontent.com/ambuda-org/vidyut/f3ba4167d40eebc4b3023d24e66867aa6a8cdb32/vidyut-prakriya/data/dhatupatha.tsv,bb2013ead0ea536dc7f887164c385c703cb0014ccf6e5af35b87e6d3049ba380,IR206
10.0233,10,mAna~,stamBe,स्तम्भे,1984,single_gloss,1,stamBe,One source gloss; no attempt to invent finer senses within it.,,,,[],10.0233,retain_distinct_meanings,,https://raw.githubusercontent.com/ambuda-org/vidyut/f3ba4167d40eebc4b3023d24e66867aa6a8cdb32/vidyut-prakriya/data/dhatupatha.tsv,bb2013ead0ea536dc7f887164c385c703cb0014ccf6e5af35b87e6d3049ba380,IR129
10.0234,10,mana~,stamBe,स्तम्भे,1985,single_gloss,1,stamBe,One source gloss; no attempt to invent finer senses within it.,,,,[],10.0234,not_flagged_by_exact_citation_check,,https://raw.githubusercontent.com/ambuda-org/vidyut/f3ba4167d40eebc4b3023d24e66867aa6a8cdb32/vidyut-prakriya/data/dhatupatha.tsv,bb2013ead0ea536dc7f887164c385c703cb0014ccf6e5af35b87e6d3049ba380,
10.0235,10,yu,jugupsAyAm,जुगुप्सायाम्,1986,single_gloss,1,jugupsAyAm,One source gloss; no attempt to invent finer senses within it.,,,,[],10.0235,retain_distinct_meanings,10.0235,https://raw.githubusercontent.com/ambuda-org/vidyut/f3ba4167d40eebc4b3023d24e66867aa6a8cdb32/vidyut-prakriya/data/dhatupatha.tsv,bb2013ead0ea536dc7f887164c385c703cb0014ccf6e5af35b87e6d3049ba380,IR212
10.0236,10,kusma~,kutsitasmaye,कुत्सितस्मये,1987,single_gloss,1,kutsitasmaye,One source gloss; no attempt to invent finer senses within it.,,,,[],10.0236,not_flagged_by_exact_citation_check,,https://raw.githubusercontent.com/ambuda-org/vidyut/f3ba4167d40eebc4b3023d24e66867aa6a8cdb32/vidyut-prakriya/data/dhatupatha.tsv,bb2013ead0ea536dc7f887164c385c703cb0014ccf6e5af35b87e6d3049ba380,
10.0237,10,carca~,aDyayane,अध्ययने,1988,single_gloss,1,aDyayane,One source gloss; no attempt to invent finer senses within it.,,,,[],10.0237,merge_shared_meanings,10.0237,https://raw.githubusercontent.com/ambuda-org/vidyut/f3ba4167d40eebc4b3023d24e66867aa6a8cdb32/vidyut-prakriya/data/dhatupatha.tsv,bb2013ead0ea536dc7f887164c385c703cb0014ccf6e5af35b87e6d3049ba380,IR51
10.0238,10,bukka~,BazaRe,भषणे,1989,single_gloss,1,BazaRe,One source gloss; no attempt to invent finer senses within it.,,,,[],10.0238,open,10.0238,https://raw.githubusercontent.com/ambuda-org/vidyut/f3ba4167d40eebc4b3023d24e66867aa6a8cdb32/vidyut-prakriya/data/dhatupatha.tsv,bb2013ead0ea536dc7f887164c385c703cb0014ccf6e5af35b87e6d3049ba380,IR43
10.0239,10,Sabda~,"AvizkAre, BazaRe","आविष्कारे, भषणे",1990,enumerated_glosses,2,AvizkAre; BazaRe,Visible enumeration; semantic overlap still belongs to lexical review.,,,,[],10.0239,not_flagged_by_exact_citation_check,10.0239,https://raw.githubusercontent.com/ambuda-org/vidyut/f3ba4167d40eebc4b3023d24e66867aa6a8cdb32/vidyut-prakriya/data/dhatupatha.tsv,bb2013ead0ea536dc7f887164c385c703cb0014ccf6e5af35b87e6d3049ba380,
10.0240,10,kaRa~,nimIlane,निमीलने,1991,single_gloss,1,nimIlane,One source gloss; no attempt to invent finer senses within it.,,,,[],10.0240,merge_shared_meanings,10.0240,https://raw.githubusercontent.com/ambuda-org/vidyut/f3ba4167d40eebc4b3023d24e66867aa6a8cdb32/vidyut-prakriya/data/dhatupatha.tsv,bb2013ead0ea536dc7f887164c385c703cb0014ccf6e5af35b87e6d3049ba380,IR93
10.0241,10,jaBi~,nASane,नाशने,1992,single_gloss,1,nASane,One source gloss; no attempt to invent finer senses within it.,,,,[],10.0241,not_flagged_by_exact_citation_check,10.0241,https://raw.githubusercontent.com/ambuda-org/vidyut/f3ba4167d40eebc4b3023d24e66867aa6a8cdb32/vidyut-prakriya/data/dhatupatha.tsv,bb2013ead0ea536dc7f887164c385c703cb0014ccf6e5af35b87e6d3049ba380,
10.0242,10,zUda~,kzaraRe AsravaRe ApravaRe GAte ca,क्षरणे आस्रवणे आप्रवणे घाते च,1993,enumerated_glosses,4,kzaraRe; AsravaRe; ApravaRe; GAte,Visible enumeration; semantic overlap still belongs to lexical review.,,,,[],10.0242,not_flagged_by_exact_citation_check,10.0242,https://raw.githubusercontent.com/ambuda-org/vidyut/f3ba4167d40eebc4b3023d24e66867aa6a8cdb32/vidyut-prakriya/data/dhatupatha.tsv,bb2013ead0ea536dc7f887164c385c703cb0014ccf6e5af35b87e6d3049ba380,
10.0243,10,jasu~,tAqane,ताडने,1994,single_gloss,1,tAqane,One source gloss; no attempt to invent finer senses within it.,,,,[],10.0243,retain_distinct_meanings,10.0243,https://raw.githubusercontent.com/ambuda-org/vidyut/f3ba4167d40eebc4b3023d24e66867aa6a8cdb32/vidyut-prakriya/data/dhatupatha.tsv,bb2013ead0ea536dc7f887164c385c703cb0014ccf6e5af35b87e6d3049ba380,IR86
10.0244,10,paSa~,banDane,बन्धने,1995,single_gloss,1,banDane,One source gloss; no attempt to invent finer senses within it.,,,,[],10.0244,not_flagged_by_exact_citation_check,10.0244,https://raw.githubusercontent.com/ambuda-org/vidyut/f3ba4167d40eebc4b3023d24e66867aa6a8cdb32/vidyut-prakriya/data/dhatupatha.tsv,bb2013ead0ea536dc7f887164c385c703cb0014ccf6e5af35b87e6d3049ba380,
10.0245,10,ama~,roge,रोगे,1996,single_gloss,1,roge,One source gloss; no attempt to invent finer senses within it.,,,,[],10.0245,retain_distinct_meanings,10.0245,https://raw.githubusercontent.com/ambuda-org/vidyut/f3ba4167d40eebc4b3023d24e66867aa6a8cdb32/vidyut-prakriya/data/dhatupatha.tsv,bb2013ead0ea536dc7f887164c385c703cb0014ccf6e5af35b87e6d3049ba380,IR34
10.0246,10,cawa~,Bedane,भेदने,1997,single_gloss,1,Bedane,One source gloss; no attempt to invent finer senses within it.,,,,[],10.0246,not_flagged_by_exact_citation_check,10.0246,https://raw.githubusercontent.com/ambuda-org/vidyut/f3ba4167d40eebc4b3023d24e66867aa6a8cdb32/vidyut-prakriya/data/dhatupatha.tsv,bb2013ead0ea536dc7f887164c385c703cb0014ccf6e5af35b87e6d3049ba380,
10.0247,10,sPuwa~,Bedane,भेदने,1998,single_gloss,1,Bedane,One source gloss; no attempt to invent finer senses within it.,,,,[],10.0247,retain_distinct_meanings,10.0247,https://raw.githubusercontent.com/ambuda-org/vidyut/f3ba4167d40eebc4b3023d24e66867aa6a8cdb32/vidyut-prakriya/data/dhatupatha.tsv,bb2013ead0ea536dc7f887164c385c703cb0014ccf6e5af35b87e6d3049ba380,IR171
10.0248,10,Gawa~,saNGAte,सङ्घाते,1999,single_gloss,1,saNGAte,One source gloss; no attempt to invent finer senses within it.,,,,[],10.0248,retain_distinct_meanings,10.0248,https://raw.githubusercontent.com/ambuda-org/vidyut/f3ba4167d40eebc4b3023d24e66867aa6a8cdb32/vidyut-prakriya/data/dhatupatha.tsv,bb2013ead0ea536dc7f887164c385c703cb0014ccf6e5af35b87e6d3049ba380,IR11
10.0249,10,divu~,mardane,मर्दने,2000,single_gloss,1,mardane,One source gloss; no attempt to invent finer senses within it.,,,,[],10.0249,retain_distinct_meanings,,https://raw.githubusercontent.com/ambuda-org/vidyut/f3ba4167d40eebc4b3023d24e66867aa6a8cdb32/vidyut-prakriya/data/dhatupatha.tsv,bb2013ead0ea536dc7f887164c385c703cb0014ccf6e5af35b87e6d3049ba380,IR62
10.0250,10,arja~,pratiyatne,प्रतियत्ने,2001,single_gloss,1,pratiyatne,One source gloss; no attempt to invent finer senses within it.,,,,[],10.0250,open,10.0250,https://raw.githubusercontent.com/ambuda-org/vidyut/f3ba4167d40eebc4b3023d24e66867aa6a8cdb32/vidyut-prakriya/data/dhatupatha.tsv,bb2013ead0ea536dc7f887164c385c703cb0014ccf6e5af35b87e6d3049ba380,IR38
10.0251,10,Guzi~r,viSabdane,विशब्दने,2002,single_gloss,1,viSabdane,One source gloss; no attempt to invent finer senses within it.,,,,[],10.0251,retain_distinct_meanings,10.0251,https://raw.githubusercontent.com/ambuda-org/vidyut/f3ba4167d40eebc4b3023d24e66867aa6a8cdb32/vidyut-prakriya/data/dhatupatha.tsv,bb2013ead0ea536dc7f887164c385c703cb0014ccf6e5af35b87e6d3049ba380,IR13
10.0252,10,kranda~,sAtatye,सातत्ये,2003,single_gloss,1,sAtatye,One source gloss; no attempt to invent finer senses within it.,,,,[],10.0252,not_flagged_by_exact_citation_check,,https://raw.githubusercontent.com/ambuda-org/vidyut/f3ba4167d40eebc4b3023d24e66867aa6a8cdb32/vidyut-prakriya/data/dhatupatha.tsv,bb2013ead0ea536dc7f887164c385c703cb0014ccf6e5af35b87e6d3049ba380,
10.0253,10,lasa~,Silpayoge,शिल्पयोगे,2004,single_gloss,1,Silpayoge,One source gloss; no attempt to invent finer senses within it.,,,,[],10.0253,retain_distinct_meanings,10.0253,https://raw.githubusercontent.com/ambuda-org/vidyut/f3ba4167d40eebc4b3023d24e66867aa6a8cdb32/vidyut-prakriya/data/dhatupatha.tsv,bb2013ead0ea536dc7f887164c385c703cb0014ccf6e5af35b87e6d3049ba380,IR119
10.0254,10,tasi~,alaNkaraRe,अलङ्करणे,2005,single_gloss,1,alaNkaraRe,One source gloss; no attempt to invent finer senses within it.,,,,[],10.0254,not_flagged_by_exact_citation_check,10.0254,https://raw.githubusercontent.com/ambuda-org/vidyut/f3ba4167d40eebc4b3023d24e66867aa6a8cdb32/vidyut-prakriya/data/dhatupatha.tsv,bb2013ead0ea536dc7f887164c385c703cb0014ccf6e5af35b87e6d3049ba380,
10.0255,10,BUza~,alaNkaraRe,अलङ्करणे,2006,single_gloss,1,alaNkaraRe,One source gloss; no attempt to invent finer senses within it.,,,,[],10.0255,merge_shared_meanings,10.0255,https://raw.githubusercontent.com/ambuda-org/vidyut/f3ba4167d40eebc4b3023d24e66867aa6a8cdb32/vidyut-prakriya/data/dhatupatha.tsv,bb2013ead0ea536dc7f887164c385c703cb0014ccf6e5af35b87e6d3049ba380,IR02
10.0256,10,mokza~,mocane,मोचने,2007,single_gloss,1,mocane,One source gloss; no attempt to invent finer senses within it.,,,,[],10.0256,not_flagged_by_exact_citation_check,10.0256,https://raw.githubusercontent.com/ambuda-org/vidyut/f3ba4167d40eebc4b3023d24e66867aa6a8cdb32/vidyut-prakriya/data/dhatupatha.tsv,bb2013ead0ea536dc7f887164c385c703cb0014ccf6e5af35b87e6d3049ba380,
10.0257,10,arha~,pUjAyAm,पूजायाम्,2008,single_gloss,1,pUjAyAm,One source gloss; no attempt to invent finer senses within it.,,,,[],10.0257,merge_shared_meanings,10.0257,https://raw.githubusercontent.com/ambuda-org/vidyut/f3ba4167d40eebc4b3023d24e66867aa6a8cdb32/vidyut-prakriya/data/dhatupatha.tsv,bb2013ead0ea536dc7f887164c385c703cb0014ccf6e5af35b87e6d3049ba380,IR37
10.0258,10,jYA,niyoge,नियोगे,2009,single_gloss,1,niyoge,One source gloss; no attempt to invent finer senses within it.,,,,[],10.0258,retain_distinct_meanings,10.0258,https://raw.githubusercontent.com/ambuda-org/vidyut/f3ba4167d40eebc4b3023d24e66867aa6a8cdb32/vidyut-prakriya/data/dhatupatha.tsv,bb2013ead0ea536dc7f887164c385c703cb0014ccf6e5af35b87e6d3049ba380,IR83
10.0259,10,Baja~,viSrARane,विश्राणने,2010,single_gloss,1,viSrARane,One source gloss; no attempt to invent finer senses within it.,,,,[],10.0259,not_flagged_by_exact_citation_check,10.0259,https://raw.githubusercontent.com/ambuda-org/vidyut/f3ba4167d40eebc4b3023d24e66867aa6a8cdb32/vidyut-prakriya/data/dhatupatha.tsv,bb2013ead0ea536dc7f887164c385c703cb0014ccf6e5af35b87e6d3049ba380,
10.0260,10,SfDu~,prahasane prasahane ca,प्रहसने प्रसहने च,2011,enumerated_glosses,2,prahasane; prasahane,Visible enumeration; semantic overlap still belongs to lexical review.,,,,[],10.0260,not_flagged_by_exact_citation_check,10.0260,https://raw.githubusercontent.com/ambuda-org/vidyut/f3ba4167d40eebc4b3023d24e66867aa6a8cdb32/vidyut-prakriya/data/dhatupatha.tsv,bb2013ead0ea536dc7f887164c385c703cb0014ccf6e5af35b87e6d3049ba380,
10.0261,10,yata~,nikAropaskArayoH,निकारोपस्कारयोः,2012,enumerated_glosses,2,nikAre; upaskAre,Explicit analyst segmentation; retain the original compound for review.,,,,[],10.0261,not_flagged_by_exact_citation_check,10.0261,https://raw.githubusercontent.com/ambuda-org/vidyut/f3ba4167d40eebc4b3023d24e66867aa6a8cdb32/vidyut-prakriya/data/dhatupatha.tsv,bb2013ead0ea536dc7f887164c385c703cb0014ccf6e5af35b87e6d3049ba380,
10.0262,10,raka~,AsvAdane,आस्वादने,2013,single_gloss,1,AsvAdane,One source gloss; no attempt to invent finer senses within it.,,,,[],10.0262,not_flagged_by_exact_citation_check,10.0262,https://raw.githubusercontent.com/ambuda-org/vidyut/f3ba4167d40eebc4b3023d24e66867aa6a8cdb32/vidyut-prakriya/data/dhatupatha.tsv,bb2013ead0ea536dc7f887164c385c703cb0014ccf6e5af35b87e6d3049ba380,
10.0263,10,laga~,AsvAdane,आस्वादने,2014,single_gloss,1,AsvAdane,One source gloss; no attempt to invent finer senses within it.,,,,[],10.0263,not_flagged_by_exact_citation_check,10.0263,https://raw.githubusercontent.com/ambuda-org/vidyut/f3ba4167d40eebc4b3023d24e66867aa6a8cdb32/vidyut-prakriya/data/dhatupatha.tsv,bb2013ead0ea536dc7f887164c385c703cb0014ccf6e5af35b87e6d3049ba380,
10.0264,10,raGa~,AsvAdane,आस्वादने,2015,single_gloss,1,AsvAdane,One source gloss; no attempt to invent finer senses within it.,,,,[],10.0264,not_flagged_by_exact_citation_check,10.0264,https://raw.githubusercontent.com/ambuda-org/vidyut/f3ba4167d40eebc4b3023d24e66867aa6a8cdb32/vidyut-prakriya/data/dhatupatha.tsv,bb2013ead0ea536dc7f887164c385c703cb0014ccf6e5af35b87e6d3049ba380,
10.0265,10,raga~,AsvAdane,आस्वादने,2016,single_gloss,1,AsvAdane,One source gloss; no attempt to invent finer senses within it.,,,,[],10.0265,not_flagged_by_exact_citation_check,10.0265,https://raw.githubusercontent.com/ambuda-org/vidyut/f3ba4167d40eebc4b3023d24e66867aa6a8cdb32/vidyut-prakriya/data/dhatupatha.tsv,bb2013ead0ea536dc7f887164c385c703cb0014ccf6e5af35b87e6d3049ba380,
10.0266,10,ancu~,viSezaRe,विशेषणे,2017,single_gloss,1,viSezaRe,One source gloss; no attempt to invent finer senses within it.,,,,[],10.0266,retain_distinct_meanings,,https://raw.githubusercontent.com/ambuda-org/vidyut/f3ba4167d40eebc4b3023d24e66867aa6a8cdb32/vidyut-prakriya/data/dhatupatha.tsv,bb2013ead0ea536dc7f887164c385c703cb0014ccf6e5af35b87e6d3049ba380,IR35
10.0267,10,ligi~,citrIkaraRe,चित्रीकरणे,2018,single_gloss,1,citrIkaraRe,One source gloss; no attempt to invent finer senses within it.,,,,[],10.0267,retain_distinct_meanings,10.0267,https://raw.githubusercontent.com/ambuda-org/vidyut/f3ba4167d40eebc4b3023d24e66867aa6a8cdb32/vidyut-prakriya/data/dhatupatha.tsv,bb2013ead0ea536dc7f887164c385c703cb0014ccf6e5af35b87e6d3049ba380,IR121
10.0268,10,muda~,saMsarge,संसर्गे,2019,single_gloss,1,saMsarge,One source gloss; no attempt to invent finer senses within it.,,,,[],10.0268,not_flagged_by_exact_citation_check,10.0268,https://raw.githubusercontent.com/ambuda-org/vidyut/f3ba4167d40eebc4b3023d24e66867aa6a8cdb32/vidyut-prakriya/data/dhatupatha.tsv,bb2013ead0ea536dc7f887164c385c703cb0014ccf6e5af35b87e6d3049ba380,
10.0269,10,trasa~,DAraRe grahaRe vAraRe ca,धारणे ग्रहणे वारणे च,2020,enumerated_glosses,3,DAraRe; grahaRe; vAraRe,Visible enumeration; semantic overlap still belongs to lexical review.,,,,[],10.0269,not_flagged_by_exact_citation_check,10.0269,https://raw.githubusercontent.com/ambuda-org/vidyut/f3ba4167d40eebc4b3023d24e66867aa6a8cdb32/vidyut-prakriya/data/dhatupatha.tsv,bb2013ead0ea536dc7f887164c385c703cb0014ccf6e5af35b87e6d3049ba380,
10.0270,10,u~Drasa~,uYCe,उञ्छे,2021,single_gloss,1,uYCe,One source gloss; no attempt to invent finer senses within it.,,,,[],10.0270,open,10.0270,https://raw.githubusercontent.com/ambuda-org/vidyut/f3ba4167d40eebc4b3023d24e66867aa6a8cdb32/vidyut-prakriya/data/dhatupatha.tsv,bb2013ead0ea536dc7f887164c385c703cb0014ccf6e5af35b87e6d3049ba380,IR194
10.0271,10,uDrasa~,uYCe,उञ्छे,2022,single_gloss,1,uYCe,One source gloss; no attempt to invent finer senses within it.,,,,[],10.0271,not_flagged_by_exact_citation_check,,https://raw.githubusercontent.com/ambuda-org/vidyut/f3ba4167d40eebc4b3023d24e66867aa6a8cdb32/vidyut-prakriya/data/dhatupatha.tsv,bb2013ead0ea536dc7f887164c385c703cb0014ccf6e5af35b87e6d3049ba380,
10.0272,10,muca~,pramocane modane ca,प्रमोचने मोदने च,2023,enumerated_glosses,2,pramocane; modane,Visible enumeration; semantic overlap still belongs to lexical review.,,,,[],10.0272,not_flagged_by_exact_citation_check,10.0272,https://raw.githubusercontent.com/ambuda-org/vidyut/f3ba4167d40eebc4b3023d24e66867aa6a8cdb32/vidyut-prakriya/data/dhatupatha.tsv,bb2013ead0ea536dc7f887164c385c703cb0014ccf6e5af35b87e6d3049ba380,
10.0273,10,vasa~,snehacCedApaharaRezu,स्नेहच्छेदापहरणेषु,2024,enumerated_glosses,3,snehane; Cedane; apaharaRe,"Three members in the main reading: affection, cutting, and removal. The commentary also records a shorter alternative reading; do not add that list to this one.",,MR18,,"[{""filename"": ""dhatu-mA1313.html"", ""url"": ""https://sanskrit.uohyd.ac.in/scl/dhaatupaatha/files/mA1313.html"", ""accessed_utc"": ""2026-09-12T14:07:01.860231+00:00"", ""sha256"": ""ad07d3d81dc081e64081d45fcf7737fbc821e9bd46f7b73b8b703e2c0b2d1471"", ""bytes"": 754}]",10.0273,not_flagged_by_exact_citation_check,10.0273;10.0488,https://raw.githubusercontent.com/ambuda-org/vidyut/f3ba4167d40eebc4b3023d24e66867aa6a8cdb32/vidyut-prakriya/data/dhatupatha.tsv,bb2013ead0ea536dc7f887164c385c703cb0014ccf6e5af35b87e6d3049ba380,
10.0274,10,cara~,saMSaye,संशये,2025,single_gloss,1,saMSaye,One source gloss; no attempt to invent finer senses within it.,,,,[],10.0274,retain_distinct_meanings,,https://raw.githubusercontent.com/ambuda-org/vidyut/f3ba4167d40eebc4b3023d24e66867aa6a8cdb32/vidyut-prakriya/data/dhatupatha.tsv,bb2013ead0ea536dc7f887164c385c703cb0014ccf6e5af35b87e6d3049ba380,IR50
10.0275,10,cyu,sahane hasane ca,सहने हसने च,2026,enumerated_glosses,2,sahane; hasane,Visible enumeration; semantic overlap still belongs to lexical review.,,,,[],10.0275,not_flagged_by_exact_citation_check,10.0275,https://raw.githubusercontent.com/ambuda-org/vidyut/f3ba4167d40eebc4b3023d24e66867aa6a8cdb32/vidyut-prakriya/data/dhatupatha.tsv,bb2013ead0ea536dc7f887164c385c703cb0014ccf6e5af35b87e6d3049ba380,
10.0276,10,cyusa~,sahane hasane ca,सहने हसने च,2027,enumerated_glosses,2,sahane; hasane,Visible enumeration; semantic overlap still belongs to lexical review.,,,,[],10.0276,not_flagged_by_exact_citation_check,,https://raw.githubusercontent.com/ambuda-org/vidyut/f3ba4167d40eebc4b3023d24e66867aa6a8cdb32/vidyut-prakriya/data/dhatupatha.tsv,bb2013ead0ea536dc7f887164c385c703cb0014ccf6e5af35b87e6d3049ba380,
10.0277,10,BU,avakalkane,अवकल्कने,2028,single_gloss,1,avakalkane,One source gloss; no attempt to invent finer senses within it.,,,,[],10.0277,retain_distinct_meanings,,https://raw.githubusercontent.com/ambuda-org/vidyut/f3ba4167d40eebc4b3023d24e66867aa6a8cdb32/vidyut-prakriya/data/dhatupatha.tsv,bb2013ead0ea536dc7f887164c385c703cb0014ccf6e5af35b87e6d3049ba380,IR01
10.0278,10,kfpa~,avakalkane,अवकल्कने,2029,single_gloss,1,avakalkane,One source gloss; no attempt to invent finer senses within it.,,,,[],10.0278,not_flagged_by_exact_citation_check,10.0408,https://raw.githubusercontent.com/ambuda-org/vidyut/f3ba4167d40eebc4b3023d24e66867aa6a8cdb32/vidyut-prakriya/data/dhatupatha.tsv,bb2013ead0ea536dc7f887164c385c703cb0014ccf6e5af35b87e6d3049ba380,
10.0279,10,grasa~,grahaRe,ग्रहणे,2030,single_gloss,1,grahaRe,One source gloss; no attempt to invent finer senses within it.,,,,[],10.0279,not_flagged_by_exact_citation_check,10.0279,https://raw.githubusercontent.com/ambuda-org/vidyut/f3ba4167d40eebc4b3023d24e66867aa6a8cdb32/vidyut-prakriya/data/dhatupatha.tsv,bb2013ead0ea536dc7f887164c385c703cb0014ccf6e5af35b87e6d3049ba380,
10.0280,10,puza~,DAraRe,धारणे,2031,single_gloss,1,DAraRe,One source gloss; no attempt to invent finer senses within it.,,,,[],10.0280,merge_shared_meanings,10.0280,https://raw.githubusercontent.com/ambuda-org/vidyut/f3ba4167d40eebc4b3023d24e66867aa6a8cdb32/vidyut-prakriya/data/dhatupatha.tsv,bb2013ead0ea536dc7f887164c385c703cb0014ccf6e5af35b87e6d3049ba380,IR156
10.0281,10,dala~,vidAraRe,विदारणे,2032,single_gloss,1,vidAraRe,One source gloss; no attempt to invent finer senses within it.,,,,[],10.0281,open,10.0281,https://raw.githubusercontent.com/ambuda-org/vidyut/f3ba4167d40eebc4b3023d24e66867aa6a8cdb32/vidyut-prakriya/data/dhatupatha.tsv,bb2013ead0ea536dc7f887164c385c703cb0014ccf6e5af35b87e6d3049ba380,IR58
10.0282,10,pawa~,BAzAyAm,भाषायाम्,2033,single_gloss,1,BAzAyAm,One source gloss; no attempt to invent finer senses within it.,,,,[],10.0282,retain_distinct_meanings,10.0282;10.0394,https://raw.githubusercontent.com/ambuda-org/vidyut/f3ba4167d40eebc4b3023d24e66867aa6a8cdb32/vidyut-prakriya/data/dhatupatha.tsv,bb2013ead0ea536dc7f887164c385c703cb0014ccf6e5af35b87e6d3049ba380,IR147
10.0283,10,puwa~,BAzAyAm,भाषायाम्,2034,single_gloss,1,BAzAyAm,One source gloss; no attempt to invent finer senses within it.,,,,[],10.0283,retain_distinct_meanings,10.0283;10.0455,https://raw.githubusercontent.com/ambuda-org/vidyut/f3ba4167d40eebc4b3023d24e66867aa6a8cdb32/vidyut-prakriya/data/dhatupatha.tsv,bb2013ead0ea536dc7f887164c385c703cb0014ccf6e5af35b87e6d3049ba380,IR155
10.0284,10,luwa~,BAzAyAm,भाषायाम्,2035,single_gloss,1,BAzAyAm,One source gloss; no attempt to invent finer senses within it.,,,,[],10.0284,merge_shared_meanings,10.0284,https://raw.githubusercontent.com/ambuda-org/vidyut/f3ba4167d40eebc4b3023d24e66867aa6a8cdb32/vidyut-prakriya/data/dhatupatha.tsv,bb2013ead0ea536dc7f887164c385c703cb0014ccf6e5af35b87e6d3049ba380,IR127
10.0285,10,tuji~,BAzAyAm,भाषायाम्,2036,single_gloss,1,BAzAyAm,One source gloss; no attempt to invent finer senses within it.,,,,[],10.0285,retain_distinct_meanings,10.0285,https://raw.githubusercontent.com/ambuda-org/vidyut/f3ba4167d40eebc4b3023d24e66867aa6a8cdb32/vidyut-prakriya/data/dhatupatha.tsv,bb2013ead0ea536dc7f887164c385c703cb0014ccf6e5af35b87e6d3049ba380,IR188
10.0286,10,miji~,BAzAyAm,भाषायाम्,2037,single_gloss,1,BAzAyAm,One source gloss; no attempt to invent finer senses within it.,,,,[],10.0286,not_flagged_by_exact_citation_check,10.0286,https://raw.githubusercontent.com/ambuda-org/vidyut/f3ba4167d40eebc4b3023d24e66867aa6a8cdb32/vidyut-prakriya/data/dhatupatha.tsv,bb2013ead0ea536dc7f887164c385c703cb0014ccf6e5af35b87e6d3049ba380,
10.0287,10,piji~,BAzAyAm,भाषायाम्,2038,single_gloss,1,BAzAyAm,One source gloss; no attempt to invent finer senses within it.,,,,[],10.0287,retain_distinct_meanings,10.0287,https://raw.githubusercontent.com/ambuda-org/vidyut/f3ba4167d40eebc4b3023d24e66867aa6a8cdb32/vidyut-prakriya/data/dhatupatha.tsv,bb2013ead0ea536dc7f887164c385c703cb0014ccf6e5af35b87e6d3049ba380,IR149
10.0288,10,laka~,AsvAdane,आस्वादने,2039,single_gloss,1,AsvAdane,One source gloss; no attempt to invent finer senses within it.,,,,[],10.0288,not_flagged_by_exact_citation_check,,https://raw.githubusercontent.com/ambuda-org/vidyut/f3ba4167d40eebc4b3023d24e66867aa6a8cdb32/vidyut-prakriya/data/dhatupatha.tsv,bb2013ead0ea536dc7f887164c385c703cb0014ccf6e5af35b87e6d3049ba380,
10.0289,10,luji~,BAzAyAm,भाषायाम्,2040,single_gloss,1,BAzAyAm,One source gloss; no attempt to invent finer senses within it.,,,,[],10.0289,retain_distinct_meanings,10.0289,https://raw.githubusercontent.com/ambuda-org/vidyut/f3ba4167d40eebc4b3023d24e66867aa6a8cdb32/vidyut-prakriya/data/dhatupatha.tsv,bb2013ead0ea536dc7f887164c385c703cb0014ccf6e5af35b87e6d3049ba380,IR126
10.0290,10,Baji~,BAzAyAm,भाषायाम्,2041,single_gloss,1,BAzAyAm,One source gloss; no attempt to invent finer senses within it.,,,,[],10.0290,not_flagged_by_exact_citation_check,10.0290,https://raw.githubusercontent.com/ambuda-org/vidyut/f3ba4167d40eebc4b3023d24e66867aa6a8cdb32/vidyut-prakriya/data/dhatupatha.tsv,bb2013ead0ea536dc7f887164c385c703cb0014ccf6e5af35b87e6d3049ba380,
10.0291,10,laGi~,BAzAyAm,भाषायाम्,2042,single_gloss,1,BAzAyAm,One source gloss; no attempt to invent finer senses within it.,,,,[],10.0291,open,10.0291,https://raw.githubusercontent.com/ambuda-org/vidyut/f3ba4167d40eebc4b3023d24e66867aa6a8cdb32/vidyut-prakriya/data/dhatupatha.tsv,bb2013ead0ea536dc7f887164c385c703cb0014ccf6e5af35b87e6d3049ba380,IR112
10.0292,10,trasi~,BAzAyAm,भाषायाम्,2043,single_gloss,1,BAzAyAm,One source gloss; no attempt to invent finer senses within it.,,,,[],10.0292,not_flagged_by_exact_citation_check,10.0292,https://raw.githubusercontent.com/ambuda-org/vidyut/f3ba4167d40eebc4b3023d24e66867aa6a8cdb32/vidyut-prakriya/data/dhatupatha.tsv,bb2013ead0ea536dc7f887164c385c703cb0014ccf6e5af35b87e6d3049ba380,
10.0293,10,pisi~,BAzAyAm,भाषायाम्,2044,single_gloss,1,BAzAyAm,One source gloss; no attempt to invent finer senses within it.,,,,[],10.0293,not_flagged_by_exact_citation_check,10.0293,https://raw.githubusercontent.com/ambuda-org/vidyut/f3ba4167d40eebc4b3023d24e66867aa6a8cdb32/vidyut-prakriya/data/dhatupatha.tsv,bb2013ead0ea536dc7f887164c385c703cb0014ccf6e5af35b87e6d3049ba380,
10.0294,10,kusi~,BAzAyAm,भाषायाम्,2045,single_gloss,1,BAzAyAm,One source gloss; no attempt to invent finer senses within it.,,,,[],10.0294,not_flagged_by_exact_citation_check,10.0294,https://raw.githubusercontent.com/ambuda-org/vidyut/f3ba4167d40eebc4b3023d24e66867aa6a8cdb32/vidyut-prakriya/data/dhatupatha.tsv,bb2013ead0ea536dc7f887164c385c703cb0014ccf6e5af35b87e6d3049ba380,
10.0295,10,daSi~,BAzAyAm,भाषायाम्,2046,single_gloss,1,BAzAyAm,One source gloss; no attempt to invent finer senses within it.,,,,[],10.0295,retain_distinct_meanings,10.0295,https://raw.githubusercontent.com/ambuda-org/vidyut/f3ba4167d40eebc4b3023d24e66867aa6a8cdb32/vidyut-prakriya/data/dhatupatha.tsv,bb2013ead0ea536dc7f887164c385c703cb0014ccf6e5af35b87e6d3049ba380,IR56
10.0296,10,kuSi~,BAzAyAm,भाषायाम्,2047,single_gloss,1,BAzAyAm,One source gloss; no attempt to invent finer senses within it.,,,,[],10.0296,not_flagged_by_exact_citation_check,10.0296,https://raw.githubusercontent.com/ambuda-org/vidyut/f3ba4167d40eebc4b3023d24e66867aa6a8cdb32/vidyut-prakriya/data/dhatupatha.tsv,bb2013ead0ea536dc7f887164c385c703cb0014ccf6e5af35b87e6d3049ba380,
10.0297,10,Gawa~,BAzAyAm,भाषायाम्,2048,single_gloss,1,BAzAyAm,One source gloss; no attempt to invent finer senses within it.,,,,[],10.0297,retain_distinct_meanings,10.0297,https://raw.githubusercontent.com/ambuda-org/vidyut/f3ba4167d40eebc4b3023d24e66867aa6a8cdb32/vidyut-prakriya/data/dhatupatha.tsv,bb2013ead0ea536dc7f887164c385c703cb0014ccf6e5af35b87e6d3049ba380,IR11
10.0298,10,Gawi~,BAzAyAm,भाषायाम्,2049,single_gloss,1,BAzAyAm,One source gloss; no attempt to invent finer senses within it.,,,,[],10.0298,not_flagged_by_exact_citation_check,10.0298,https://raw.githubusercontent.com/ambuda-org/vidyut/f3ba4167d40eebc4b3023d24e66867aa6a8cdb32/vidyut-prakriya/data/dhatupatha.tsv,bb2013ead0ea536dc7f887164c385c703cb0014ccf6e5af35b87e6d3049ba380,
10.0299,10,bfhi~,BAzAyAm,भाषायाम्,2050,single_gloss,1,BAzAyAm,One source gloss; no attempt to invent finer senses within it.,,,,[],10.0299,open,10.0299,https://raw.githubusercontent.com/ambuda-org/vidyut/f3ba4167d40eebc4b3023d24e66867aa6a8cdb32/vidyut-prakriya/data/dhatupatha.tsv,bb2013ead0ea536dc7f887164c385c703cb0014ccf6e5af35b87e6d3049ba380,IR41
10.0300,10,barha~,BAzAyAm,भाषायाम्,2051,single_gloss,1,BAzAyAm,One source gloss; no attempt to invent finer senses within it.,,,,[],10.0300,retain_distinct_meanings,10.0300,https://raw.githubusercontent.com/ambuda-org/vidyut/f3ba4167d40eebc4b3023d24e66867aa6a8cdb32/vidyut-prakriya/data/dhatupatha.tsv,bb2013ead0ea536dc7f887164c385c703cb0014ccf6e5af35b87e6d3049ba380,IR40
10.0301,10,balha~,BAzAyAm,भाषायाम्,2052,single_gloss,1,BAzAyAm,One source gloss; no attempt to invent finer senses within it.,,,,[],10.0301,not_flagged_by_exact_citation_check,10.0301,https://raw.githubusercontent.com/ambuda-org/vidyut/f3ba4167d40eebc4b3023d24e66867aa6a8cdb32/vidyut-prakriya/data/dhatupatha.tsv,bb2013ead0ea536dc7f887164c385c703cb0014ccf6e5af35b87e6d3049ba380,
10.0302,10,gupa~,BAzAyAm,भाषायाम्,2053,single_gloss,1,BAzAyAm,One source gloss; no attempt to invent finer senses within it.,,,,[],10.0302,retain_distinct_meanings,10.0302,https://raw.githubusercontent.com/ambuda-org/vidyut/f3ba4167d40eebc4b3023d24e66867aa6a8cdb32/vidyut-prakriya/data/dhatupatha.tsv,bb2013ead0ea536dc7f887164c385c703cb0014ccf6e5af35b87e6d3049ba380,IR76
10.0303,10,DUpa~,BAzAyAm,भाषायाम्,2054,single_gloss,1,BAzAyAm,One source gloss; no attempt to invent finer senses within it.,,,,[],10.0303,retain_distinct_meanings,10.0303,https://raw.githubusercontent.com/ambuda-org/vidyut/f3ba4167d40eebc4b3023d24e66867aa6a8cdb32/vidyut-prakriya/data/dhatupatha.tsv,bb2013ead0ea536dc7f887164c385c703cb0014ccf6e5af35b87e6d3049ba380,IR07
10.0304,10,viCa~,BAzAyAm,भाषायाम्,2055,single_gloss,1,BAzAyAm,One source gloss; no attempt to invent finer senses within it.,,,,[],10.0304,retain_distinct_meanings,,https://raw.githubusercontent.com/ambuda-org/vidyut/f3ba4167d40eebc4b3023d24e66867aa6a8cdb32/vidyut-prakriya/data/dhatupatha.tsv,bb2013ead0ea536dc7f887164c385c703cb0014ccf6e5af35b87e6d3049ba380,IR204
10.0305,10,cIva~,BAzAyAm,भाषायाम्,2056,single_gloss,1,BAzAyAm,One source gloss; no attempt to invent finer senses within it.,,,,[],10.0305,not_flagged_by_exact_citation_check,10.0305,https://raw.githubusercontent.com/ambuda-org/vidyut/f3ba4167d40eebc4b3023d24e66867aa6a8cdb32/vidyut-prakriya/data/dhatupatha.tsv,bb2013ead0ea536dc7f887164c385c703cb0014ccf6e5af35b87e6d3049ba380,
10.0306,10,puTa~,BAzAyAm,भाषायाम्,2057,single_gloss,1,BAzAyAm,One source gloss; no attempt to invent finer senses within it.,,,,[],10.0306,retain_distinct_meanings,10.0306,https://raw.githubusercontent.com/ambuda-org/vidyut/f3ba4167d40eebc4b3023d24e66867aa6a8cdb32/vidyut-prakriya/data/dhatupatha.tsv,bb2013ead0ea536dc7f887164c385c703cb0014ccf6e5af35b87e6d3049ba380,IR152
10.0307,10,lokf~,BAzAyAm,भाषायाम्,2058,single_gloss,1,BAzAyAm,One source gloss; no attempt to invent finer senses within it.,,,,[],10.0307,not_flagged_by_exact_citation_check,10.0307,https://raw.githubusercontent.com/ambuda-org/vidyut/f3ba4167d40eebc4b3023d24e66867aa6a8cdb32/vidyut-prakriya/data/dhatupatha.tsv,bb2013ead0ea536dc7f887164c385c703cb0014ccf6e5af35b87e6d3049ba380,
10.0308,10,locf~,BAzAyAm,भाषायाम्,2059,single_gloss,1,BAzAyAm,One source gloss; no attempt to invent finer senses within it.,,,,[],10.0308,not_flagged_by_exact_citation_check,10.0308,https://raw.githubusercontent.com/ambuda-org/vidyut/f3ba4167d40eebc4b3023d24e66867aa6a8cdb32/vidyut-prakriya/data/dhatupatha.tsv,bb2013ead0ea536dc7f887164c385c703cb0014ccf6e5af35b87e6d3049ba380,
10.0309,10,Rada~,BAzAyAm,भाषायाम्,2060,single_gloss,1,BAzAyAm,One source gloss; no attempt to invent finer senses within it.,,,,[],10.0309,retain_distinct_meanings,,https://raw.githubusercontent.com/ambuda-org/vidyut/f3ba4167d40eebc4b3023d24e66867aa6a8cdb32/vidyut-prakriya/data/dhatupatha.tsv,bb2013ead0ea536dc7f887164c385c703cb0014ccf6e5af35b87e6d3049ba380,IR18
10.0310,10,kupa~,BAzAyAm,भाषायाम्,2061,single_gloss,1,BAzAyAm,One source gloss; no attempt to invent finer senses within it.,,,,[],10.0310,retain_distinct_meanings,10.0310,https://raw.githubusercontent.com/ambuda-org/vidyut/f3ba4167d40eebc4b3023d24e66867aa6a8cdb32/vidyut-prakriya/data/dhatupatha.tsv,bb2013ead0ea536dc7f887164c385c703cb0014ccf6e5af35b87e6d3049ba380,IR104
10.0311,10,tarka~,BAzAyAm,भाषायाम्,2062,single_gloss,1,BAzAyAm,One source gloss; no attempt to invent finer senses within it.,,,,[],10.0311,not_flagged_by_exact_citation_check,10.0311,https://raw.githubusercontent.com/ambuda-org/vidyut/f3ba4167d40eebc4b3023d24e66867aa6a8cdb32/vidyut-prakriya/data/dhatupatha.tsv,bb2013ead0ea536dc7f887164c385c703cb0014ccf6e5af35b87e6d3049ba380,
10.0312,10,vftu~,BAzAyAm,भाषायाम्,2063,single_gloss,1,BAzAyAm,One source gloss; no attempt to invent finer senses within it.,,,,[],10.0312,not_flagged_by_exact_citation_check,10.0312,https://raw.githubusercontent.com/ambuda-org/vidyut/f3ba4167d40eebc4b3023d24e66867aa6a8cdb32/vidyut-prakriya/data/dhatupatha.tsv,bb2013ead0ea536dc7f887164c385c703cb0014ccf6e5af35b87e6d3049ba380,
10.0313,10,vfDu~,BAzAyAm,भाषायाम्,2064,single_gloss,1,BAzAyAm,One source gloss; no attempt to invent finer senses within it.,,,,[],10.0313,not_flagged_by_exact_citation_check,10.0313,https://raw.githubusercontent.com/ambuda-org/vidyut/f3ba4167d40eebc4b3023d24e66867aa6a8cdb32/vidyut-prakriya/data/dhatupatha.tsv,bb2013ead0ea536dc7f887164c385c703cb0014ccf6e5af35b87e6d3049ba380,
10.0314,10,ruwa~,BAzAyAm,भाषायाम्,2065,single_gloss,1,BAzAyAm,One source gloss; no attempt to invent finer senses within it.,,,,[],10.0314,retain_distinct_meanings,10.0314,https://raw.githubusercontent.com/ambuda-org/vidyut/f3ba4167d40eebc4b3023d24e66867aa6a8cdb32/vidyut-prakriya/data/dhatupatha.tsv,bb2013ead0ea536dc7f887164c385c703cb0014ccf6e5af35b87e6d3049ba380,IR169
10.0315,10,laji~,BAzAyAm,भाषायाम्,2066,single_gloss,1,BAzAyAm,One source gloss; no attempt to invent finer senses within it.,,,,[],10.0315,open,10.0315,https://raw.githubusercontent.com/ambuda-org/vidyut/f3ba4167d40eebc4b3023d24e66867aa6a8cdb32/vidyut-prakriya/data/dhatupatha.tsv,bb2013ead0ea536dc7f887164c385c703cb0014ccf6e5af35b87e6d3049ba380,IR115
10.0316,10,aji~,BAzAyAm,भाषायाम्,2067,single_gloss,1,BAzAyAm,One source gloss; no attempt to invent finer senses within it.,,,,[],10.0316,not_flagged_by_exact_citation_check,10.0316,https://raw.githubusercontent.com/ambuda-org/vidyut/f3ba4167d40eebc4b3023d24e66867aa6a8cdb32/vidyut-prakriya/data/dhatupatha.tsv,bb2013ead0ea536dc7f887164c385c703cb0014ccf6e5af35b87e6d3049ba380,
10.0317,10,dasi~,BAzAyAm,भाषायाम्,2068,single_gloss,1,BAzAyAm,One source gloss; no attempt to invent finer senses within it.,,,,[],10.0317,retain_distinct_meanings,10.0317,https://raw.githubusercontent.com/ambuda-org/vidyut/f3ba4167d40eebc4b3023d24e66867aa6a8cdb32/vidyut-prakriya/data/dhatupatha.tsv,bb2013ead0ea536dc7f887164c385c703cb0014ccf6e5af35b87e6d3049ba380,IR59
10.0318,10,BfSi~,BAzAyAm,भाषायाम्,2069,single_gloss,1,BAzAyAm,One source gloss; no attempt to invent finer senses within it.,,,,[],10.0318,not_flagged_by_exact_citation_check,10.0318,https://raw.githubusercontent.com/ambuda-org/vidyut/f3ba4167d40eebc4b3023d24e66867aa6a8cdb32/vidyut-prakriya/data/dhatupatha.tsv,bb2013ead0ea536dc7f887164c385c703cb0014ccf6e5af35b87e6d3049ba380,
10.0319,10,ruSi~,BAzAyAm,भाषायाम्,2070,single_gloss,1,BAzAyAm,One source gloss; no attempt to invent finer senses within it.,,,,[],10.0319,not_flagged_by_exact_citation_check,10.0319,https://raw.githubusercontent.com/ambuda-org/vidyut/f3ba4167d40eebc4b3023d24e66867aa6a8cdb32/vidyut-prakriya/data/dhatupatha.tsv,bb2013ead0ea536dc7f887164c385c703cb0014ccf6e5af35b87e6d3049ba380,
10.0320,10,SIka~,BAzAyAm,भाषायाम्,2071,single_gloss,1,BAzAyAm,One source gloss; no attempt to invent finer senses within it.,,,,[],10.0320,retain_distinct_meanings,10.0320,https://raw.githubusercontent.com/ambuda-org/vidyut/f3ba4167d40eebc4b3023d24e66867aa6a8cdb32/vidyut-prakriya/data/dhatupatha.tsv,bb2013ead0ea536dc7f887164c385c703cb0014ccf6e5af35b87e6d3049ba380,IR20
10.0321,10,rusi~,BAzAyAm,भाषायाम्,2072,single_gloss,1,BAzAyAm,One source gloss; no attempt to invent finer senses within it.,,,,[],10.0321,not_flagged_by_exact_citation_check,10.0321,https://raw.githubusercontent.com/ambuda-org/vidyut/f3ba4167d40eebc4b3023d24e66867aa6a8cdb32/vidyut-prakriya/data/dhatupatha.tsv,bb2013ead0ea536dc7f887164c385c703cb0014ccf6e5af35b87e6d3049ba380,
10.0322,10,nawi~,BAzAyAm,भाषायाम्,2073,single_gloss,1,BAzAyAm,One source gloss; no attempt to invent finer senses within it.,,,,[],10.0322,not_flagged_by_exact_citation_check,,https://raw.githubusercontent.com/ambuda-org/vidyut/f3ba4167d40eebc4b3023d24e66867aa6a8cdb32/vidyut-prakriya/data/dhatupatha.tsv,bb2013ead0ea536dc7f887164c385c703cb0014ccf6e5af35b87e6d3049ba380,
10.0323,10,puwi~,BAzAyAm,भाषायाम्,2074,single_gloss,1,BAzAyAm,One source gloss; no attempt to invent finer senses within it.,,,,[],10.0323,not_flagged_by_exact_citation_check,10.0323,https://raw.githubusercontent.com/ambuda-org/vidyut/f3ba4167d40eebc4b3023d24e66867aa6a8cdb32/vidyut-prakriya/data/dhatupatha.tsv,bb2013ead0ea536dc7f887164c385c703cb0014ccf6e5af35b87e6d3049ba380,
10.0324,10,ji,BAzAyAm,भाषायाम्,2075,single_gloss,1,BAzAyAm,One source gloss; no attempt to invent finer senses within it.,,,,[],10.0324,not_flagged_by_exact_citation_check,10.0324,https://raw.githubusercontent.com/ambuda-org/vidyut/f3ba4167d40eebc4b3023d24e66867aa6a8cdb32/vidyut-prakriya/data/dhatupatha.tsv,bb2013ead0ea536dc7f887164c385c703cb0014ccf6e5af35b87e6d3049ba380,
10.0325,10,ci,BAzAyAm,भाषायाम्,2076,single_gloss,1,BAzAyAm,One source gloss; no attempt to invent finer senses within it.,,,,[],10.0325,not_flagged_by_exact_citation_check,10.0325,https://raw.githubusercontent.com/ambuda-org/vidyut/f3ba4167d40eebc4b3023d24e66867aa6a8cdb32/vidyut-prakriya/data/dhatupatha.tsv,bb2013ead0ea536dc7f887164c385c703cb0014ccf6e5af35b87e6d3049ba380,
10.0326,10,raDi~,BAzAyAm,भाषायाम्,2077,single_gloss,1,BAzAyAm,One source gloss; no attempt to invent finer senses within it.,,,,[],10.0326,not_flagged_by_exact_citation_check,,https://raw.githubusercontent.com/ambuda-org/vidyut/f3ba4167d40eebc4b3023d24e66867aa6a8cdb32/vidyut-prakriya/data/dhatupatha.tsv,bb2013ead0ea536dc7f887164c385c703cb0014ccf6e5af35b87e6d3049ba380,
10.0327,10,laGi~,BAzAyAm,भाषायाम्,2078,single_gloss,1,BAzAyAm,One source gloss; no attempt to invent finer senses within it.,,,,[],10.0327,open,10.0327,https://raw.githubusercontent.com/ambuda-org/vidyut/f3ba4167d40eebc4b3023d24e66867aa6a8cdb32/vidyut-prakriya/data/dhatupatha.tsv,bb2013ead0ea536dc7f887164c385c703cb0014ccf6e5af35b87e6d3049ba380,IR112
10.0328,10,ahi~,BAzAyAm,भाषायाम्,2079,single_gloss,1,BAzAyAm,One source gloss; no attempt to invent finer senses within it.,,,,[],10.0328,not_flagged_by_exact_citation_check,10.0328,https://raw.githubusercontent.com/ambuda-org/vidyut/f3ba4167d40eebc4b3023d24e66867aa6a8cdb32/vidyut-prakriya/data/dhatupatha.tsv,bb2013ead0ea536dc7f887164c385c703cb0014ccf6e5af35b87e6d3049ba380,
10.0329,10,rahi~,BAzAyAm,भाषायाम्,2080,single_gloss,1,BAzAyAm,One source gloss; no attempt to invent finer senses within it.,,,,[],10.0329,retain_distinct_meanings,10.0329,https://raw.githubusercontent.com/ambuda-org/vidyut/f3ba4167d40eebc4b3023d24e66867aa6a8cdb32/vidyut-prakriya/data/dhatupatha.tsv,bb2013ead0ea536dc7f887164c385c703cb0014ccf6e5af35b87e6d3049ba380,IR163
10.0330,10,mahi~,BAzAyAm,भाषायाम्,2081,single_gloss,1,BAzAyAm,One source gloss; no attempt to invent finer senses within it.,,,,[],10.0330,not_flagged_by_exact_citation_check,10.0330,https://raw.githubusercontent.com/ambuda-org/vidyut/f3ba4167d40eebc4b3023d24e66867aa6a8cdb32/vidyut-prakriya/data/dhatupatha.tsv,bb2013ead0ea536dc7f887164c385c703cb0014ccf6e5af35b87e6d3049ba380,
10.0331,10,laqi~,BAzAyAm,भाषायाम्,2082,single_gloss,1,BAzAyAm,One source gloss; no attempt to invent finer senses within it.,,,,[],10.0331,not_flagged_by_exact_citation_check,10.0331,https://raw.githubusercontent.com/ambuda-org/vidyut/f3ba4167d40eebc4b3023d24e66867aa6a8cdb32/vidyut-prakriya/data/dhatupatha.tsv,bb2013ead0ea536dc7f887164c385c703cb0014ccf6e5af35b87e6d3049ba380,
10.0332,10,taqa~,BAzAyAm,भाषायाम्,2083,single_gloss,1,BAzAyAm,One source gloss; no attempt to invent finer senses within it.,,,,[],10.0332,retain_distinct_meanings,10.0332,https://raw.githubusercontent.com/ambuda-org/vidyut/f3ba4167d40eebc4b3023d24e66867aa6a8cdb32/vidyut-prakriya/data/dhatupatha.tsv,bb2013ead0ea536dc7f887164c385c703cb0014ccf6e5af35b87e6d3049ba380,IR178
10.0333,10,nala~,BAzAyAm,भाषायाम्,2084,single_gloss,1,BAzAyAm,One source gloss; no attempt to invent finer senses within it.,,,,[],10.0333,not_flagged_by_exact_citation_check,10.0333,https://raw.githubusercontent.com/ambuda-org/vidyut/f3ba4167d40eebc4b3023d24e66867aa6a8cdb32/vidyut-prakriya/data/dhatupatha.tsv,bb2013ead0ea536dc7f887164c385c703cb0014ccf6e5af35b87e6d3049ba380,
10.0334,10,pUrI~,ApyAyane,आप्यायने,2085,single_gloss,1,ApyAyane,One source gloss; no attempt to invent finer senses within it.,,,,[],10.0334,not_flagged_by_exact_citation_check,10.0334,https://raw.githubusercontent.com/ambuda-org/vidyut/f3ba4167d40eebc4b3023d24e66867aa6a8cdb32/vidyut-prakriya/data/dhatupatha.tsv,bb2013ead0ea536dc7f887164c385c703cb0014ccf6e5af35b87e6d3049ba380,
10.0335,10,ruja~,hiMsAyAm,हिंसायाम्,2086,single_gloss,1,hiMsAyAm,One source gloss; no attempt to invent finer senses within it.,,,,[],10.0335,not_flagged_by_exact_citation_check,10.0335,https://raw.githubusercontent.com/ambuda-org/vidyut/f3ba4167d40eebc4b3023d24e66867aa6a8cdb32/vidyut-prakriya/data/dhatupatha.tsv,bb2013ead0ea536dc7f887164c385c703cb0014ccf6e5af35b87e6d3049ba380,
10.0336,10,zvada~,AsvAdane,आस्वादने,2087,single_gloss,1,AsvAdane,One source gloss; no attempt to invent finer senses within it.,,,,[],10.0336,not_flagged_by_exact_citation_check,10.0336,https://raw.githubusercontent.com/ambuda-org/vidyut/f3ba4167d40eebc4b3023d24e66867aa6a8cdb32/vidyut-prakriya/data/dhatupatha.tsv,bb2013ead0ea536dc7f887164c385c703cb0014ccf6e5af35b87e6d3049ba380,
10.0337,10,svAda~,AsvAdane,आस्वादने,2088,single_gloss,1,AsvAdane,One source gloss; no attempt to invent finer senses within it.,,,,[],10.0337,not_flagged_by_exact_citation_check,10.0337,https://raw.githubusercontent.com/ambuda-org/vidyut/f3ba4167d40eebc4b3023d24e66867aa6a8cdb32/vidyut-prakriya/data/dhatupatha.tsv,bb2013ead0ea536dc7f887164c385c703cb0014ccf6e5af35b87e6d3049ba380,
10.0338,10,yu\ja~,saMyamane,संयमने,2089,single_gloss,1,saMyamane,One source gloss; no attempt to invent finer senses within it.,,,,[],10.0338,not_flagged_by_exact_citation_check,,https://raw.githubusercontent.com/ambuda-org/vidyut/f3ba4167d40eebc4b3023d24e66867aa6a8cdb32/vidyut-prakriya/data/dhatupatha.tsv,bb2013ead0ea536dc7f887164c385c703cb0014ccf6e5af35b87e6d3049ba380,
10.0339,10,pfca~,saMyamane,संयमने,2090,single_gloss,1,saMyamane,One source gloss; no attempt to invent finer senses within it.,,,,[],10.0339,not_flagged_by_exact_citation_check,10.0339,https://raw.githubusercontent.com/ambuda-org/vidyut/f3ba4167d40eebc4b3023d24e66867aa6a8cdb32/vidyut-prakriya/data/dhatupatha.tsv,bb2013ead0ea536dc7f887164c385c703cb0014ccf6e5af35b87e6d3049ba380,
10.0340,10,arca~,pUjAyAm,पूजायाम्,2091,single_gloss,1,pUjAyAm,One source gloss; no attempt to invent finer senses within it.,,,,[],10.0340,merge_shared_meanings,10.0340,https://raw.githubusercontent.com/ambuda-org/vidyut/f3ba4167d40eebc4b3023d24e66867aa6a8cdb32/vidyut-prakriya/data/dhatupatha.tsv,bb2013ead0ea536dc7f887164c385c703cb0014ccf6e5af35b87e6d3049ba380,IR36
10.0341,10,zaha~,marzaRe,मर्षणे,2092,single_gloss,1,marzaRe,One source gloss; no attempt to invent finer senses within it.,,,,[],10.0341,retain_distinct_meanings,10.0341,https://raw.githubusercontent.com/ambuda-org/vidyut/f3ba4167d40eebc4b3023d24e66867aa6a8cdb32/vidyut-prakriya/data/dhatupatha.tsv,bb2013ead0ea536dc7f887164c385c703cb0014ccf6e5af35b87e6d3049ba380,IR216
10.0342,10,Ira~,kzepe,क्षेपे,2093,single_gloss,1,kzepe,One source gloss; no attempt to invent finer senses within it.,,,,[],10.0342,not_flagged_by_exact_citation_check,10.0342,https://raw.githubusercontent.com/ambuda-org/vidyut/f3ba4167d40eebc4b3023d24e66867aa6a8cdb32/vidyut-prakriya/data/dhatupatha.tsv,bb2013ead0ea536dc7f887164c385c703cb0014ccf6e5af35b87e6d3049ba380,
10.0343,10,lI,dravIkaraRe,द्रवीकरणे,2094,single_gloss,1,dravIkaraRe,One source gloss; no attempt to invent finer senses within it.,,,,[],10.0343,not_flagged_by_exact_citation_check,10.0343,https://raw.githubusercontent.com/ambuda-org/vidyut/f3ba4167d40eebc4b3023d24e66867aa6a8cdb32/vidyut-prakriya/data/dhatupatha.tsv,bb2013ead0ea536dc7f887164c385c703cb0014ccf6e5af35b87e6d3049ba380,
10.0344,10,vfjI~,varjane,वर्जने,2095,single_gloss,1,varjane,One source gloss; no attempt to invent finer senses within it.,,,,[],10.0344,merge_shared_meanings,10.0344,https://raw.githubusercontent.com/ambuda-org/vidyut/f3ba4167d40eebc4b3023d24e66867aa6a8cdb32/vidyut-prakriya/data/dhatupatha.tsv,bb2013ead0ea536dc7f887164c385c703cb0014ccf6e5af35b87e6d3049ba380,IR202
10.0345,10,vfY,AvaraRe,आवरणे,2096,single_gloss,1,AvaraRe,One source gloss; no attempt to invent finer senses within it.,,,,[],10.0345,open,10.0345,https://raw.githubusercontent.com/ambuda-org/vidyut/f3ba4167d40eebc4b3023d24e66867aa6a8cdb32/vidyut-prakriya/data/dhatupatha.tsv,bb2013ead0ea536dc7f887164c385c703cb0014ccf6e5af35b87e6d3049ba380,IR201
10.0346,10,jF,vayohAnO,वयोहानौ,2097,single_gloss,1,vayohAnO,One source gloss; no attempt to invent finer senses within it.,,,,[],10.0346,merge_shared_meanings,,https://raw.githubusercontent.com/ambuda-org/vidyut/f3ba4167d40eebc4b3023d24e66867aa6a8cdb32/vidyut-prakriya/data/dhatupatha.tsv,bb2013ead0ea536dc7f887164c385c703cb0014ccf6e5af35b87e6d3049ba380,IR82
10.0347,10,jri\,vayohAnO,वयोहानौ,2098,single_gloss,1,vayohAnO,One source gloss; no attempt to invent finer senses within it.,,,,[],10.0347,retain_distinct_meanings,,https://raw.githubusercontent.com/ambuda-org/vidyut/f3ba4167d40eebc4b3023d24e66867aa6a8cdb32/vidyut-prakriya/data/dhatupatha.tsv,bb2013ead0ea536dc7f887164c385c703cb0014ccf6e5af35b87e6d3049ba380,IR88
10.0348,10,ri\ca~,viyojanasamparcanayoH,वियोजनसम्पर्चनयोः,2099,enumerated_glosses,2,viyojane; samparcane,Explicit analyst segmentation; retain the original compound for review.,,,,[],10.0348,not_flagged_by_exact_citation_check,,https://raw.githubusercontent.com/ambuda-org/vidyut/f3ba4167d40eebc4b3023d24e66867aa6a8cdb32/vidyut-prakriya/data/dhatupatha.tsv,bb2013ead0ea536dc7f887164c385c703cb0014ccf6e5af35b87e6d3049ba380,
10.0349,10,Si\za~,asarvopayoge,असर्वोपयोगे,2100,single_gloss,1,asarvopayoge,One source gloss; no attempt to invent finer senses within it.,,,,[],10.0349,retain_distinct_meanings,,https://raw.githubusercontent.com/ambuda-org/vidyut/f3ba4167d40eebc4b3023d24e66867aa6a8cdb32/vidyut-prakriya/data/dhatupatha.tsv,bb2013ead0ea536dc7f887164c385c703cb0014ccf6e5af35b87e6d3049ba380,IR24
10.0350,10,ta\pa~,dAhe,दाहे,2101,single_gloss,1,dAhe,One source gloss; no attempt to invent finer senses within it.,,,,[],10.0350,retain_distinct_meanings,,https://raw.githubusercontent.com/ambuda-org/vidyut/f3ba4167d40eebc4b3023d24e66867aa6a8cdb32/vidyut-prakriya/data/dhatupatha.tsv,bb2013ead0ea536dc7f887164c385c703cb0014ccf6e5af35b87e6d3049ba380,IR177
10.0351,10,tfpa~,tfptO sandIpane prIRane ca,तृप्तौ सन्दीपने प्रीणने च,2102,enumerated_glosses,3,tfptO; sandIpane; prIRane,Visible enumeration; semantic overlap still belongs to lexical review.,,,,[],10.0351,merge_shared_meanings,10.0351,https://raw.githubusercontent.com/ambuda-org/vidyut/f3ba4167d40eebc4b3023d24e66867aa6a8cdb32/vidyut-prakriya/data/dhatupatha.tsv,bb2013ead0ea536dc7f887164c385c703cb0014ccf6e5af35b87e6d3049ba380,IR181
10.0352,10,CfdI~,sandIpane,सन्दीपने,2103,single_gloss,1,sandIpane,One source gloss; no attempt to invent finer senses within it.,,,,[],10.0352,not_flagged_by_exact_citation_check,,https://raw.githubusercontent.com/ambuda-org/vidyut/f3ba4167d40eebc4b3023d24e66867aa6a8cdb32/vidyut-prakriya/data/dhatupatha.tsv,bb2013ead0ea536dc7f887164c385c703cb0014ccf6e5af35b87e6d3049ba380,
10.0353,10,cfpa~,sandIpane,सन्दीपने,2104,single_gloss,1,sandIpane,One source gloss; no attempt to invent finer senses within it.,,,,[],10.0353,not_flagged_by_exact_citation_check,10.0353;10.0354,https://raw.githubusercontent.com/ambuda-org/vidyut/f3ba4167d40eebc4b3023d24e66867aa6a8cdb32/vidyut-prakriya/data/dhatupatha.tsv,bb2013ead0ea536dc7f887164c385c703cb0014ccf6e5af35b87e6d3049ba380,
10.0354,10,Cfpa~,sandIpane,सन्दीपने,2105,single_gloss,1,sandIpane,One source gloss; no attempt to invent finer senses within it.,,,,[],10.0354,not_flagged_by_exact_citation_check,,https://raw.githubusercontent.com/ambuda-org/vidyut/f3ba4167d40eebc4b3023d24e66867aa6a8cdb32/vidyut-prakriya/data/dhatupatha.tsv,bb2013ead0ea536dc7f887164c385c703cb0014ccf6e5af35b87e6d3049ba380,
10.0355,10,tfpa~,dIpane sandIpane,दीपने सन्दीपने,2106,single_gloss,1,sandIpane,One kindling or intensifying description. Dipana and sandipana do not establish two independent meanings for this entry.,,MR19,,"[{""filename"": ""dhatu-kRi1355.html"", ""url"": ""https://sanskrit.uohyd.ac.in/scl/dhaatupaatha/files/kRi1355.html"", ""accessed_utc"": ""2026-09-12T14:07:02.099742+00:00"", ""sha256"": ""31f9de07fc1067f00569b3724e7ae19ece705ac09e8e1b219fcc2416e1557140"", ""bytes"": 828}]",10.0355,merge_shared_meanings,10.0355,https://raw.githubusercontent.com/ambuda-org/vidyut/f3ba4167d40eebc4b3023d24e66867aa6a8cdb32/vidyut-prakriya/data/dhatupatha.tsv,bb2013ead0ea536dc7f887164c385c703cb0014ccf6e5af35b87e6d3049ba380,IR181
10.0356,10,dfpa~,sandIpane,सन्दीपने,2107,single_gloss,1,sandIpane,One source gloss; no attempt to invent finer senses within it.,,,,[],10.0356,retain_distinct_meanings,10.0356,https://raw.githubusercontent.com/ambuda-org/vidyut/f3ba4167d40eebc4b3023d24e66867aa6a8cdb32/vidyut-prakriya/data/dhatupatha.tsv,bb2013ead0ea536dc7f887164c385c703cb0014ccf6e5af35b87e6d3049ba380,IR61
10.0357,10,dfBI~,Baye,भये,2108,single_gloss,1,Baye,One source gloss; no attempt to invent finer senses within it.,,,,[],10.0357,retain_distinct_meanings,10.0357,https://raw.githubusercontent.com/ambuda-org/vidyut/f3ba4167d40eebc4b3023d24e66867aa6a8cdb32/vidyut-prakriya/data/dhatupatha.tsv,bb2013ead0ea536dc7f887164c385c703cb0014ccf6e5af35b87e6d3049ba380,IR60
10.0358,10,dfBa~,sandarBe,सन्दर्भे,2109,single_gloss,1,sandarBe,One source gloss; no attempt to invent finer senses within it.,,,,[],10.0358,not_flagged_by_exact_citation_check,10.0358,https://raw.githubusercontent.com/ambuda-org/vidyut/f3ba4167d40eebc4b3023d24e66867aa6a8cdb32/vidyut-prakriya/data/dhatupatha.tsv,bb2013ead0ea536dc7f887164c385c703cb0014ccf6e5af35b87e6d3049ba380,
10.0359,10,lawa~,BAzAyAm,भाषायाम्,2110,single_gloss,1,BAzAyAm,One source gloss; no attempt to invent finer senses within it.,,,,[],10.0359,retain_distinct_meanings,,https://raw.githubusercontent.com/ambuda-org/vidyut/f3ba4167d40eebc4b3023d24e66867aa6a8cdb32/vidyut-prakriya/data/dhatupatha.tsv,bb2013ead0ea536dc7f887164c385c703cb0014ccf6e5af35b87e6d3049ba380,IR120
10.0360,10,SraTa~,mokzaRe hiMsAyAM ca,मोक्षणे हिंसायां च,2111,enumerated_glosses,2,mokzaRe; hiMsAyAM,Visible enumeration; semantic overlap still belongs to lexical review.,,,,[],10.0360,open,10.0360,https://raw.githubusercontent.com/ambuda-org/vidyut/f3ba4167d40eebc4b3023d24e66867aa6a8cdb32/vidyut-prakriya/data/dhatupatha.tsv,bb2013ead0ea536dc7f887164c385c703cb0014ccf6e5af35b87e6d3049ba380,IR26
10.0361,10,mI\,gatO,गतौ,2112,single_gloss,1,gatO,One source gloss; no attempt to invent finer senses within it.,,,,[],10.0361,not_flagged_by_exact_citation_check,,https://raw.githubusercontent.com/ambuda-org/vidyut/f3ba4167d40eebc4b3023d24e66867aa6a8cdb32/vidyut-prakriya/data/dhatupatha.tsv,bb2013ead0ea536dc7f887164c385c703cb0014ccf6e5af35b87e6d3049ba380,
10.0362,10,granTa~,banDane,बन्धने,2113,single_gloss,1,banDane,One source gloss; no attempt to invent finer senses within it.,,,,[],10.0362,merge_shared_meanings,10.0362,https://raw.githubusercontent.com/ambuda-org/vidyut/f3ba4167d40eebc4b3023d24e66867aa6a8cdb32/vidyut-prakriya/data/dhatupatha.tsv,bb2013ead0ea536dc7f887164c385c703cb0014ccf6e5af35b87e6d3049ba380,IR72
10.0363,10,SIka~,AmarzaRe,आमर्षणे,2114,single_gloss,1,AmarzaRe,One source gloss; no attempt to invent finer senses within it.,,,,[],10.0363,retain_distinct_meanings,10.0363,https://raw.githubusercontent.com/ambuda-org/vidyut/f3ba4167d40eebc4b3023d24e66867aa6a8cdb32/vidyut-prakriya/data/dhatupatha.tsv,bb2013ead0ea536dc7f887164c385c703cb0014ccf6e5af35b87e6d3049ba380,IR20
10.0364,10,cIka~,AmarzaRe,आमर्षणे,2115,single_gloss,1,AmarzaRe,One source gloss; no attempt to invent finer senses within it.,,,,[],10.0364,not_flagged_by_exact_citation_check,10.0364,https://raw.githubusercontent.com/ambuda-org/vidyut/f3ba4167d40eebc4b3023d24e66867aa6a8cdb32/vidyut-prakriya/data/dhatupatha.tsv,bb2013ead0ea536dc7f887164c385c703cb0014ccf6e5af35b87e6d3049ba380,
10.0365,10,arda~^,hiMsAyAm,हिंसायाम्,2116,single_gloss,1,hiMsAyAm,One source gloss; no attempt to invent finer senses within it.,,,,[],10.0365,not_flagged_by_exact_citation_check,,https://raw.githubusercontent.com/ambuda-org/vidyut/f3ba4167d40eebc4b3023d24e66867aa6a8cdb32/vidyut-prakriya/data/dhatupatha.tsv,bb2013ead0ea536dc7f887164c385c703cb0014ccf6e5af35b87e6d3049ba380,
10.0366,10,hisi~,hiMsAyAm,हिंसायाम्,2117,single_gloss,1,hiMsAyAm,One source gloss; no attempt to invent finer senses within it.,,,,[],10.0366,merge_shared_meanings,,https://raw.githubusercontent.com/ambuda-org/vidyut/f3ba4167d40eebc4b3023d24e66867aa6a8cdb32/vidyut-prakriya/data/dhatupatha.tsv,bb2013ead0ea536dc7f887164c385c703cb0014ccf6e5af35b87e6d3049ba380,IR77
10.0367,10,arha~,pUjAyAm,पूजायाम्,2118,single_gloss,1,pUjAyAm,One source gloss; no attempt to invent finer senses within it.,,,,[],10.0367,merge_shared_meanings,10.0367,https://raw.githubusercontent.com/ambuda-org/vidyut/f3ba4167d40eebc4b3023d24e66867aa6a8cdb32/vidyut-prakriya/data/dhatupatha.tsv,bb2013ead0ea536dc7f887164c385c703cb0014ccf6e5af35b87e6d3049ba380,IR37
10.0368,10,za\da~,padyarTe,पद्यर्थे,2119,single_gloss,1,gatO,"Pad's meaning is explicitly glossed as movement. The entry is headed anga-sad, so the meaning belongs to the specified a-prefixed use.",,MR20,Requires AN prefix in this source entry; not an unrestricted bare-base input.,"[{""filename"": ""dhatu-mA1347.html"", ""url"": ""https://sanskrit.uohyd.ac.in/scl/dhaatupaatha/files/mA1347.html"", ""accessed_utc"": ""2026-09-12T14:07:02.351888+00:00"", ""sha256"": ""608ad89e22c5892ec3fdeb425bd216dadf63d82a3297aeba2ea3e2652c1d2522"", ""bytes"": 931}]",10.0368,not_flagged_by_exact_citation_check,,https://raw.githubusercontent.com/ambuda-org/vidyut/f3ba4167d40eebc4b3023d24e66867aa6a8cdb32/vidyut-prakriya/data/dhatupatha.tsv,bb2013ead0ea536dc7f887164c385c703cb0014ccf6e5af35b87e6d3049ba380,
10.0369,10,SunDa~,SOcakarmaRi,शौचकर्मणि,2120,single_gloss,1,SOcakarmaRi,One source gloss; no attempt to invent finer senses within it.,,,,[],10.0369,retain_distinct_meanings,10.0369,https://raw.githubusercontent.com/ambuda-org/vidyut/f3ba4167d40eebc4b3023d24e66867aa6a8cdb32/vidyut-prakriya/data/dhatupatha.tsv,bb2013ead0ea536dc7f887164c385c703cb0014ccf6e5af35b87e6d3049ba380,IR32
10.0370,10,Cada~,apavAraRe,अपवारणे,2121,single_gloss,1,apavAraRe,One source gloss; no attempt to invent finer senses within it.,,,,[],10.0370,not_flagged_by_exact_citation_check,,https://raw.githubusercontent.com/ambuda-org/vidyut/f3ba4167d40eebc4b3023d24e66867aa6a8cdb32/vidyut-prakriya/data/dhatupatha.tsv,bb2013ead0ea536dc7f887164c385c703cb0014ccf6e5af35b87e6d3049ba380,
10.0371,10,juza~,paritarkaRe paritarpaRe ca,परितर्कणे परितर्पणे च,2122,enumerated_glosses,2,paritarkaRe; paritarpaRe,Visible enumeration; semantic overlap still belongs to lexical review.,,,,[],10.0371,not_flagged_by_exact_citation_check,10.0371,https://raw.githubusercontent.com/ambuda-org/vidyut/f3ba4167d40eebc4b3023d24e66867aa6a8cdb32/vidyut-prakriya/data/dhatupatha.tsv,bb2013ead0ea536dc7f887164c385c703cb0014ccf6e5af35b87e6d3049ba380,
10.0372,10,DUY,kampane,कम्पने,2123,single_gloss,1,kampane,One source gloss; no attempt to invent finer senses within it.,,,,[],10.0372,merge_shared_meanings,,https://raw.githubusercontent.com/ambuda-org/vidyut/f3ba4167d40eebc4b3023d24e66867aa6a8cdb32/vidyut-prakriya/data/dhatupatha.tsv,bb2013ead0ea536dc7f887164c385c703cb0014ccf6e5af35b87e6d3049ba380,IR06
10.0373,10,prIY,tarpaRe kAntO ca,तर्पणे कान्तौ च,2124,enumerated_glosses,2,tarpaRe; kAntO,Visible enumeration; semantic overlap still belongs to lexical review.,,,,[],10.0373,not_flagged_by_exact_citation_check,10.0373,https://raw.githubusercontent.com/ambuda-org/vidyut/f3ba4167d40eebc4b3023d24e66867aa6a8cdb32/vidyut-prakriya/data/dhatupatha.tsv,bb2013ead0ea536dc7f887164c385c703cb0014ccf6e5af35b87e6d3049ba380,
10.0374,10,SranTa~,sandarBe,सन्दर्भे,2125,single_gloss,1,sandarBe,One source gloss; no attempt to invent finer senses within it.,,,,[],10.0374,merge_shared_meanings,10.0374,https://raw.githubusercontent.com/ambuda-org/vidyut/f3ba4167d40eebc4b3023d24e66867aa6a8cdb32/vidyut-prakriya/data/dhatupatha.tsv,bb2013ead0ea536dc7f887164c385c703cb0014ccf6e5af35b87e6d3049ba380,IR27
10.0375,10,granTa~,sandarBe,सन्दर्भे,2126,single_gloss,1,sandarBe,One source gloss; no attempt to invent finer senses within it.,,,,[],10.0375,merge_shared_meanings,10.0375,https://raw.githubusercontent.com/ambuda-org/vidyut/f3ba4167d40eebc4b3023d24e66867aa6a8cdb32/vidyut-prakriya/data/dhatupatha.tsv,bb2013ead0ea536dc7f887164c385c703cb0014ccf6e5af35b87e6d3049ba380,IR72
10.0376,10,Apx~,lamBane,लम्भने,2127,single_gloss,1,lamBane,One source gloss; no attempt to invent finer senses within it.,,,,[],10.0376,not_flagged_by_exact_citation_check,10.0376,https://raw.githubusercontent.com/ambuda-org/vidyut/f3ba4167d40eebc4b3023d24e66867aa6a8cdb32/vidyut-prakriya/data/dhatupatha.tsv,bb2013ead0ea536dc7f887164c385c703cb0014ccf6e5af35b87e6d3049ba380,
10.0377,10,tanu~,SradDopakaraRayoH,श्रद्धोपकरणयोः,2128,enumerated_glosses,2,SradDAyAm; upakaraRe,Explicit analyst segmentation; retain the original compound for review.,,,,[],10.0377,not_flagged_by_exact_citation_check,10.0377,https://raw.githubusercontent.com/ambuda-org/vidyut/f3ba4167d40eebc4b3023d24e66867aa6a8cdb32/vidyut-prakriya/data/dhatupatha.tsv,bb2013ead0ea536dc7f887164c385c703cb0014ccf6e5af35b87e6d3049ba380,
10.0378,10,cana~,SradDopahananayoH,श्रद्धोपहननयोः,2129,enumerated_glosses,2,SradDAyAm; upahanane,Explicit analyst segmentation; retain the original compound for review.,,,,[],10.0378,open,10.0378,https://raw.githubusercontent.com/ambuda-org/vidyut/f3ba4167d40eebc4b3023d24e66867aa6a8cdb32/vidyut-prakriya/data/dhatupatha.tsv,bb2013ead0ea536dc7f887164c385c703cb0014ccf6e5af35b87e6d3049ba380,IR48
10.0379,10,vada~^,sandeSavacane,सन्देशवचने,2130,single_gloss,1,sandeSavacane,One source gloss; no attempt to invent finer senses within it.,,,,[],10.0379,not_flagged_by_exact_citation_check,10.0379,https://raw.githubusercontent.com/ambuda-org/vidyut/f3ba4167d40eebc4b3023d24e66867aa6a8cdb32/vidyut-prakriya/data/dhatupatha.tsv,bb2013ead0ea536dc7f887164c385c703cb0014ccf6e5af35b87e6d3049ba380,
10.0380,10,va\ca~,pariBAzaRe,परिभाषणे,2131,single_gloss,1,pariBAzaRe,One source gloss; no attempt to invent finer senses within it.,,,,[],10.0380,merge_shared_meanings,,https://raw.githubusercontent.com/ambuda-org/vidyut/f3ba4167d40eebc4b3023d24e66867aa6a8cdb32/vidyut-prakriya/data/dhatupatha.tsv,bb2013ead0ea536dc7f887164c385c703cb0014ccf6e5af35b87e6d3049ba380,IR195
10.0381,10,mAna~,pUjAyAm,पूजायाम्,2132,single_gloss,1,pUjAyAm,One source gloss; no attempt to invent finer senses within it.,,,,[],10.0381,retain_distinct_meanings,10.0381,https://raw.githubusercontent.com/ambuda-org/vidyut/f3ba4167d40eebc4b3023d24e66867aa6a8cdb32/vidyut-prakriya/data/dhatupatha.tsv,bb2013ead0ea536dc7f887164c385c703cb0014ccf6e5af35b87e6d3049ba380,IR129
10.0382,10,BU,prAptO,प्राप्तौ,2133,single_gloss,1,prAptO,One source gloss; no attempt to invent finer senses within it.,,,,[],10.0382,retain_distinct_meanings,,https://raw.githubusercontent.com/ambuda-org/vidyut/f3ba4167d40eebc4b3023d24e66867aa6a8cdb32/vidyut-prakriya/data/dhatupatha.tsv,bb2013ead0ea536dc7f887164c385c703cb0014ccf6e5af35b87e6d3049ba380,IR01
10.0383,10,garha~,vinindane,विनिन्दने,2134,single_gloss,1,vinindane,One source gloss; no attempt to invent finer senses within it.,,,,[],10.0383,not_flagged_by_exact_citation_check,10.0383,https://raw.githubusercontent.com/ambuda-org/vidyut/f3ba4167d40eebc4b3023d24e66867aa6a8cdb32/vidyut-prakriya/data/dhatupatha.tsv,bb2013ead0ea536dc7f887164c385c703cb0014ccf6e5af35b87e6d3049ba380,
10.0384,10,mArga~,anvezaRe,अन्वेषणे,2135,single_gloss,1,anvezaRe,One source gloss; no attempt to invent finer senses within it.,,,,[],10.0384,not_flagged_by_exact_citation_check,10.0384,https://raw.githubusercontent.com/ambuda-org/vidyut/f3ba4167d40eebc4b3023d24e66867aa6a8cdb32/vidyut-prakriya/data/dhatupatha.tsv,bb2013ead0ea536dc7f887164c385c703cb0014ccf6e5af35b87e6d3049ba380,
10.0385,10,kaWi~,Soke,शोके,2136,single_gloss,1,Soke,One source gloss; no attempt to invent finer senses within it.,,,,[],10.0385,not_flagged_by_exact_citation_check,10.0385,https://raw.githubusercontent.com/ambuda-org/vidyut/f3ba4167d40eebc4b3023d24e66867aa6a8cdb32/vidyut-prakriya/data/dhatupatha.tsv,bb2013ead0ea536dc7f887164c385c703cb0014ccf6e5af35b87e6d3049ba380,
10.0386,10,mfjU~,SOcAlaNkArayoH,शौचालङ्कारयोः,2137,enumerated_glosses,2,SOce; alaNkAre,Explicit analyst segmentation; retain the original compound for review.,,,,[],10.0386,merge_shared_meanings,10.0386,https://raw.githubusercontent.com/ambuda-org/vidyut/f3ba4167d40eebc4b3023d24e66867aa6a8cdb32/vidyut-prakriya/data/dhatupatha.tsv,bb2013ead0ea536dc7f887164c385c703cb0014ccf6e5af35b87e6d3049ba380,IR134
10.0387,10,mfza~^,titikzAyAm,तितिक्षायाम्,2138,single_gloss,1,titikzAyAm,One source gloss; no attempt to invent finer senses within it.,,,,[],10.0387,merge_shared_meanings,10.0387,https://raw.githubusercontent.com/ambuda-org/vidyut/f3ba4167d40eebc4b3023d24e66867aa6a8cdb32/vidyut-prakriya/data/dhatupatha.tsv,bb2013ead0ea536dc7f887164c385c703cb0014ccf6e5af35b87e6d3049ba380,IR136
10.0388,10,Dfza~,prasahane,प्रसहने,2139,single_gloss,1,prasahane,One source gloss; no attempt to invent finer senses within it.,,,,[],10.0388,not_flagged_by_exact_citation_check,10.0388,https://raw.githubusercontent.com/ambuda-org/vidyut/f3ba4167d40eebc4b3023d24e66867aa6a8cdb32/vidyut-prakriya/data/dhatupatha.tsv,bb2013ead0ea536dc7f887164c385c703cb0014ccf6e5af35b87e6d3049ba380,
10.0389,10,kaTa,vAkyaprabanDe,वाक्यप्रबन्धे,2140,single_gloss,1,vAkyaprabanDe,One source gloss; no attempt to invent finer senses within it.,,,,[],10.0389,not_flagged_by_exact_citation_check,,https://raw.githubusercontent.com/ambuda-org/vidyut/f3ba4167d40eebc4b3023d24e66867aa6a8cdb32/vidyut-prakriya/data/dhatupatha.tsv,bb2013ead0ea536dc7f887164c385c703cb0014ccf6e5af35b87e6d3049ba380,
10.0390,10,vara,IpsAyAm,ईप्सायाम्,2141,single_gloss,1,IpsAyAm,One source gloss; no attempt to invent finer senses within it.,,,,[],10.0390,not_flagged_by_exact_citation_check,,https://raw.githubusercontent.com/ambuda-org/vidyut/f3ba4167d40eebc4b3023d24e66867aa6a8cdb32/vidyut-prakriya/data/dhatupatha.tsv,bb2013ead0ea536dc7f887164c385c703cb0014ccf6e5af35b87e6d3049ba380,
10.0391,10,gaRa,saNKyAne,सङ्ख्याने,2142,single_gloss,1,saNKyAne,One source gloss; no attempt to invent finer senses within it.,,,,[],10.0391,not_flagged_by_exact_citation_check,,https://raw.githubusercontent.com/ambuda-org/vidyut/f3ba4167d40eebc4b3023d24e66867aa6a8cdb32/vidyut-prakriya/data/dhatupatha.tsv,bb2013ead0ea536dc7f887164c385c703cb0014ccf6e5af35b87e6d3049ba380,
10.0392,10,SaWa,samyagavaBAzaRe,सम्यगवभाषणे,2143,single_gloss,1,samyagavaBAzaRe,One source gloss; no attempt to invent finer senses within it.,,,,[],10.0392,not_flagged_by_exact_citation_check,,https://raw.githubusercontent.com/ambuda-org/vidyut/f3ba4167d40eebc4b3023d24e66867aa6a8cdb32/vidyut-prakriya/data/dhatupatha.tsv,bb2013ead0ea536dc7f887164c385c703cb0014ccf6e5af35b87e6d3049ba380,
10.0393,10,SvaWa,samyagavaBAzaRe,सम्यगवभाषणे,2144,single_gloss,1,samyagavaBAzaRe,One source gloss; no attempt to invent finer senses within it.,,,,[],10.0393,not_flagged_by_exact_citation_check,,https://raw.githubusercontent.com/ambuda-org/vidyut/f3ba4167d40eebc4b3023d24e66867aa6a8cdb32/vidyut-prakriya/data/dhatupatha.tsv,bb2013ead0ea536dc7f887164c385c703cb0014ccf6e5af35b87e6d3049ba380,
10.0394,10,paWa,granTe vezwane ca,ग्रन्थे वेष्टने च,2145,enumerated_glosses,2,granTe; vezwane,Visible enumeration; semantic overlap still belongs to lexical review.,,,,[],10.0394,not_flagged_by_exact_citation_check,,https://raw.githubusercontent.com/ambuda-org/vidyut/f3ba4167d40eebc4b3023d24e66867aa6a8cdb32/vidyut-prakriya/data/dhatupatha.tsv,bb2013ead0ea536dc7f887164c385c703cb0014ccf6e5af35b87e6d3049ba380,
10.0395,10,vaWa,granTe,ग्रन्थे,2146,single_gloss,1,granTe,One source gloss; no attempt to invent finer senses within it.,,,,[],10.0395,not_flagged_by_exact_citation_check,,https://raw.githubusercontent.com/ambuda-org/vidyut/f3ba4167d40eebc4b3023d24e66867aa6a8cdb32/vidyut-prakriya/data/dhatupatha.tsv,bb2013ead0ea536dc7f887164c385c703cb0014ccf6e5af35b87e6d3049ba380,
10.0396,10,raha,tyAge,त्यागे,2147,single_gloss,1,tyAge,One source gloss; no attempt to invent finer senses within it.,,,,[],10.0396,not_flagged_by_exact_citation_check,,https://raw.githubusercontent.com/ambuda-org/vidyut/f3ba4167d40eebc4b3023d24e66867aa6a8cdb32/vidyut-prakriya/data/dhatupatha.tsv,bb2013ead0ea536dc7f887164c385c703cb0014ccf6e5af35b87e6d3049ba380,
10.0397,10,raNga~,gatO,गतौ,2148,single_gloss,1,gatO,One source gloss; no attempt to invent finer senses within it.,,,,[],10.0397,not_flagged_by_exact_citation_check,10.0397,https://raw.githubusercontent.com/ambuda-org/vidyut/f3ba4167d40eebc4b3023d24e66867aa6a8cdb32/vidyut-prakriya/data/dhatupatha.tsv,bb2013ead0ea536dc7f887164c385c703cb0014ccf6e5af35b87e6d3049ba380,
10.0398,10,stana,devaSabde,देवशब्दे,2149,single_gloss,1,devaSabde,One source gloss; no attempt to invent finer senses within it.,,,,[],10.0398,not_flagged_by_exact_citation_check,,https://raw.githubusercontent.com/ambuda-org/vidyut/f3ba4167d40eebc4b3023d24e66867aa6a8cdb32/vidyut-prakriya/data/dhatupatha.tsv,bb2013ead0ea536dc7f887164c385c703cb0014ccf6e5af35b87e6d3049ba380,
10.0399,10,gada,devaSabde,देवशब्दे,2150,single_gloss,1,devaSabde,One source gloss; no attempt to invent finer senses within it.,,,,[],10.0399,not_flagged_by_exact_citation_check,,https://raw.githubusercontent.com/ambuda-org/vidyut/f3ba4167d40eebc4b3023d24e66867aa6a8cdb32/vidyut-prakriya/data/dhatupatha.tsv,bb2013ead0ea536dc7f887164c385c703cb0014ccf6e5af35b87e6d3049ba380,
10.0400,10,pata,gatO,गतौ,2151,single_gloss,1,gatO,One source gloss; no attempt to invent finer senses within it.,,,,[],10.0400,not_flagged_by_exact_citation_check,,https://raw.githubusercontent.com/ambuda-org/vidyut/f3ba4167d40eebc4b3023d24e66867aa6a8cdb32/vidyut-prakriya/data/dhatupatha.tsv,bb2013ead0ea536dc7f887164c385c703cb0014ccf6e5af35b87e6d3049ba380,
10.0401,10,paza,gatO,गतौ,2152,single_gloss,1,gatO,One source gloss; no attempt to invent finer senses within it.,,,,[],10.0401,not_flagged_by_exact_citation_check,,https://raw.githubusercontent.com/ambuda-org/vidyut/f3ba4167d40eebc4b3023d24e66867aa6a8cdb32/vidyut-prakriya/data/dhatupatha.tsv,bb2013ead0ea536dc7f887164c385c703cb0014ccf6e5af35b87e6d3049ba380,
10.0402,10,svara,Akzepe,आक्षेपे,2153,single_gloss,1,Akzepe,One source gloss; no attempt to invent finer senses within it.,,,,[],10.0402,not_flagged_by_exact_citation_check,,https://raw.githubusercontent.com/ambuda-org/vidyut/f3ba4167d40eebc4b3023d24e66867aa6a8cdb32/vidyut-prakriya/data/dhatupatha.tsv,bb2013ead0ea536dc7f887164c385c703cb0014ccf6e5af35b87e6d3049ba380,
10.0403,10,raca,pratiyatne,प्रतियत्ने,2154,single_gloss,1,pratiyatne,One source gloss; no attempt to invent finer senses within it.,,,,[],10.0403,not_flagged_by_exact_citation_check,,https://raw.githubusercontent.com/ambuda-org/vidyut/f3ba4167d40eebc4b3023d24e66867aa6a8cdb32/vidyut-prakriya/data/dhatupatha.tsv,bb2013ead0ea536dc7f887164c385c703cb0014ccf6e5af35b87e6d3049ba380,
10.0404,10,kala,gatO saNKyAne ca,गतौ सङ्ख्याने च,2155,enumerated_glosses,2,gatO; saNKyAne,Visible enumeration; semantic overlap still belongs to lexical review.,,,,[],10.0404,not_flagged_by_exact_citation_check,,https://raw.githubusercontent.com/ambuda-org/vidyut/f3ba4167d40eebc4b3023d24e66867aa6a8cdb32/vidyut-prakriya/data/dhatupatha.tsv,bb2013ead0ea536dc7f887164c385c703cb0014ccf6e5af35b87e6d3049ba380,
10.0405,10,caha,parikalkane,परिकल्कने,2156,single_gloss,1,parikalkane,One source gloss; no attempt to invent finer senses within it.,,,,[],10.0405,not_flagged_by_exact_citation_check,,https://raw.githubusercontent.com/ambuda-org/vidyut/f3ba4167d40eebc4b3023d24e66867aa6a8cdb32/vidyut-prakriya/data/dhatupatha.tsv,bb2013ead0ea536dc7f887164c385c703cb0014ccf6e5af35b87e6d3049ba380,
10.0406,10,maha,pUjAyAm,पूजायाम्,2157,single_gloss,1,pUjAyAm,One source gloss; no attempt to invent finer senses within it.,,,,[],10.0406,not_flagged_by_exact_citation_check,,https://raw.githubusercontent.com/ambuda-org/vidyut/f3ba4167d40eebc4b3023d24e66867aa6a8cdb32/vidyut-prakriya/data/dhatupatha.tsv,bb2013ead0ea536dc7f887164c385c703cb0014ccf6e5af35b87e6d3049ba380,
10.0407,10,sAra,dOrbalye,दौर्बल्ये,2158,single_gloss,1,dOrbalye,One source gloss; no attempt to invent finer senses within it.,,,,[],10.0407,not_flagged_by_exact_citation_check,10.0407,https://raw.githubusercontent.com/ambuda-org/vidyut/f3ba4167d40eebc4b3023d24e66867aa6a8cdb32/vidyut-prakriya/data/dhatupatha.tsv,bb2013ead0ea536dc7f887164c385c703cb0014ccf6e5af35b87e6d3049ba380,
10.0408,10,kfpa,dOrbalye,दौर्बल्ये,2159,single_gloss,1,dOrbalye,One source gloss; no attempt to invent finer senses within it.,,,,[],10.0408,not_flagged_by_exact_citation_check,,https://raw.githubusercontent.com/ambuda-org/vidyut/f3ba4167d40eebc4b3023d24e66867aa6a8cdb32/vidyut-prakriya/data/dhatupatha.tsv,bb2013ead0ea536dc7f887164c385c703cb0014ccf6e5af35b87e6d3049ba380,
10.0409,10,SraTa,dOrbalye,दौर्बल्ये,2160,single_gloss,1,dOrbalye,One source gloss; no attempt to invent finer senses within it.,,,,[],10.0409,not_flagged_by_exact_citation_check,,https://raw.githubusercontent.com/ambuda-org/vidyut/f3ba4167d40eebc4b3023d24e66867aa6a8cdb32/vidyut-prakriya/data/dhatupatha.tsv,bb2013ead0ea536dc7f887164c385c703cb0014ccf6e5af35b87e6d3049ba380,
10.0410,10,spfha,IpsAyAm,ईप्सायाम्,2161,single_gloss,1,IpsAyAm,One source gloss; no attempt to invent finer senses within it.,,,,[],10.0410,not_flagged_by_exact_citation_check,,https://raw.githubusercontent.com/ambuda-org/vidyut/f3ba4167d40eebc4b3023d24e66867aa6a8cdb32/vidyut-prakriya/data/dhatupatha.tsv,bb2013ead0ea536dc7f887164c385c703cb0014ccf6e5af35b87e6d3049ba380,
10.0411,10,BAma,kroDe,क्रोधे,2162,single_gloss,1,kroDe,One source gloss; no attempt to invent finer senses within it.,,,,[],10.0411,not_flagged_by_exact_citation_check,,https://raw.githubusercontent.com/ambuda-org/vidyut/f3ba4167d40eebc4b3023d24e66867aa6a8cdb32/vidyut-prakriya/data/dhatupatha.tsv,bb2013ead0ea536dc7f887164c385c703cb0014ccf6e5af35b87e6d3049ba380,
10.0412,10,sUca,pESunye,पैशुन्ये,2163,single_gloss,1,pESunye,One source gloss; no attempt to invent finer senses within it.,,,,[],10.0412,not_flagged_by_exact_citation_check,,https://raw.githubusercontent.com/ambuda-org/vidyut/f3ba4167d40eebc4b3023d24e66867aa6a8cdb32/vidyut-prakriya/data/dhatupatha.tsv,bb2013ead0ea536dc7f887164c385c703cb0014ccf6e5af35b87e6d3049ba380,
10.0413,10,Kewa,BakzaRe,भक्षणे,2164,single_gloss,1,BakzaRe,One source gloss; no attempt to invent finer senses within it.,,,,[],10.0413,not_flagged_by_exact_citation_check,,https://raw.githubusercontent.com/ambuda-org/vidyut/f3ba4167d40eebc4b3023d24e66867aa6a8cdb32/vidyut-prakriya/data/dhatupatha.tsv,bb2013ead0ea536dc7f887164c385c703cb0014ccf6e5af35b87e6d3049ba380,
10.0414,10,Keqa~,BakzaRe,भक्षणे,2165,single_gloss,1,BakzaRe,One source gloss; no attempt to invent finer senses within it.,,,,[],10.0414,not_flagged_by_exact_citation_check,10.0414,https://raw.githubusercontent.com/ambuda-org/vidyut/f3ba4167d40eebc4b3023d24e66867aa6a8cdb32/vidyut-prakriya/data/dhatupatha.tsv,bb2013ead0ea536dc7f887164c385c703cb0014ccf6e5af35b87e6d3049ba380,
10.0415,10,Kowa,BakzaRe,भक्षणे,2166,single_gloss,1,BakzaRe,One source gloss; no attempt to invent finer senses within it.,,,,[],10.0415,not_flagged_by_exact_citation_check,,https://raw.githubusercontent.com/ambuda-org/vidyut/f3ba4167d40eebc4b3023d24e66867aa6a8cdb32/vidyut-prakriya/data/dhatupatha.tsv,bb2013ead0ea536dc7f887164c385c703cb0014ccf6e5af35b87e6d3049ba380,
10.0416,10,kzowa,kzepe,क्षेपे,2167,single_gloss,1,kzepe,One source gloss; no attempt to invent finer senses within it.,,,,[],10.0416,not_flagged_by_exact_citation_check,,https://raw.githubusercontent.com/ambuda-org/vidyut/f3ba4167d40eebc4b3023d24e66867aa6a8cdb32/vidyut-prakriya/data/dhatupatha.tsv,bb2013ead0ea536dc7f887164c385c703cb0014ccf6e5af35b87e6d3049ba380,
10.0417,10,goma,upalepane,उपलेपने,2168,single_gloss,1,upalepane,One source gloss; no attempt to invent finer senses within it.,,,,[],10.0417,not_flagged_by_exact_citation_check,,https://raw.githubusercontent.com/ambuda-org/vidyut/f3ba4167d40eebc4b3023d24e66867aa6a8cdb32/vidyut-prakriya/data/dhatupatha.tsv,bb2013ead0ea536dc7f887164c385c703cb0014ccf6e5af35b87e6d3049ba380,
10.0418,10,kumAra,krIqAyAm,क्रीडायाम्,2169,single_gloss,1,krIqAyAm,One source gloss; no attempt to invent finer senses within it.,,,,[],10.0418,not_flagged_by_exact_citation_check,,https://raw.githubusercontent.com/ambuda-org/vidyut/f3ba4167d40eebc4b3023d24e66867aa6a8cdb32/vidyut-prakriya/data/dhatupatha.tsv,bb2013ead0ea536dc7f887164c385c703cb0014ccf6e5af35b87e6d3049ba380,
10.0419,10,SIla,upaDAraRe,उपधारणे,2170,single_gloss,1,upaDAraRe,One source gloss; no attempt to invent finer senses within it.,,,,[],10.0419,not_flagged_by_exact_citation_check,,https://raw.githubusercontent.com/ambuda-org/vidyut/f3ba4167d40eebc4b3023d24e66867aa6a8cdb32/vidyut-prakriya/data/dhatupatha.tsv,bb2013ead0ea536dc7f887164c385c703cb0014ccf6e5af35b87e6d3049ba380,
10.0420,10,sAma,sAntvaprayoge,सान्त्वप्रयोगे,2171,single_gloss,1,sAntvaprayoge,One source gloss; no attempt to invent finer senses within it.,,,,[],10.0420,not_flagged_by_exact_citation_check,,https://raw.githubusercontent.com/ambuda-org/vidyut/f3ba4167d40eebc4b3023d24e66867aa6a8cdb32/vidyut-prakriya/data/dhatupatha.tsv,bb2013ead0ea536dc7f887164c385c703cb0014ccf6e5af35b87e6d3049ba380,
10.0421,10,vela,kAlopadeSe,कालोपदेशे,2172,single_gloss,1,kAlopadeSe,One source gloss; no attempt to invent finer senses within it.,,,,[],10.0421,not_flagged_by_exact_citation_check,,https://raw.githubusercontent.com/ambuda-org/vidyut/f3ba4167d40eebc4b3023d24e66867aa6a8cdb32/vidyut-prakriya/data/dhatupatha.tsv,bb2013ead0ea536dc7f887164c385c703cb0014ccf6e5af35b87e6d3049ba380,
10.0422,10,kAla,kAlopadeSe,कालोपदेशे,2173,single_gloss,1,kAlopadeSe,One source gloss; no attempt to invent finer senses within it.,,,,[],10.0422,not_flagged_by_exact_citation_check,,https://raw.githubusercontent.com/ambuda-org/vidyut/f3ba4167d40eebc4b3023d24e66867aa6a8cdb32/vidyut-prakriya/data/dhatupatha.tsv,bb2013ead0ea536dc7f887164c385c703cb0014ccf6e5af35b87e6d3049ba380,
10.0423,10,palpUla,lavanavapanayoH,लवनवपनयोः,2174,enumerated_glosses,2,lavane; vapane,Explicit analyst segmentation; retain the original compound for review.,,,,[],10.0423,not_flagged_by_exact_citation_check,,https://raw.githubusercontent.com/ambuda-org/vidyut/f3ba4167d40eebc4b3023d24e66867aa6a8cdb32/vidyut-prakriya/data/dhatupatha.tsv,bb2013ead0ea536dc7f887164c385c703cb0014ccf6e5af35b87e6d3049ba380,
10.0424,10,vAta,suKasevanayoH,सुखसेवनयोः,2175,enumerated_glosses,2,suKe; sevane,Explicit analyst segmentation; retain the original compound for review.,,,,[],10.0424,not_flagged_by_exact_citation_check,,https://raw.githubusercontent.com/ambuda-org/vidyut/f3ba4167d40eebc4b3023d24e66867aa6a8cdb32/vidyut-prakriya/data/dhatupatha.tsv,bb2013ead0ea536dc7f887164c385c703cb0014ccf6e5af35b87e6d3049ba380,
10.0425,10,gaveza,mArgaRe,मार्गणे,2176,single_gloss,1,mArgaRe,One source gloss; no attempt to invent finer senses within it.,,,,[],10.0425,not_flagged_by_exact_citation_check,,https://raw.githubusercontent.com/ambuda-org/vidyut/f3ba4167d40eebc4b3023d24e66867aa6a8cdb32/vidyut-prakriya/data/dhatupatha.tsv,bb2013ead0ea536dc7f887164c385c703cb0014ccf6e5af35b87e6d3049ba380,
10.0426,10,vAsa,upasevAyAm,उपसेवायाम्,2177,single_gloss,1,upasevAyAm,One source gloss; no attempt to invent finer senses within it.,,,,[],10.0426,not_flagged_by_exact_citation_check,,https://raw.githubusercontent.com/ambuda-org/vidyut/f3ba4167d40eebc4b3023d24e66867aa6a8cdb32/vidyut-prakriya/data/dhatupatha.tsv,bb2013ead0ea536dc7f887164c385c703cb0014ccf6e5af35b87e6d3049ba380,
10.0427,10,nivAsa,AcCAdane,आच्छादने,2178,single_gloss,1,AcCAdane,One source gloss; no attempt to invent finer senses within it.,,,,[],10.0427,not_flagged_by_exact_citation_check,,https://raw.githubusercontent.com/ambuda-org/vidyut/f3ba4167d40eebc4b3023d24e66867aa6a8cdb32/vidyut-prakriya/data/dhatupatha.tsv,bb2013ead0ea536dc7f887164c385c703cb0014ccf6e5af35b87e6d3049ba380,
10.0428,10,BAja,pfTakkarmaRi,पृथक्कर्मणि,2179,single_gloss,1,pfTakkarmaRi,One source gloss; no attempt to invent finer senses within it.,,,,[],10.0428,not_flagged_by_exact_citation_check,,https://raw.githubusercontent.com/ambuda-org/vidyut/f3ba4167d40eebc4b3023d24e66867aa6a8cdb32/vidyut-prakriya/data/dhatupatha.tsv,bb2013ead0ea536dc7f887164c385c703cb0014ccf6e5af35b87e6d3049ba380,
10.0429,10,saBAja,prItidarSanayoH prItisevanayoH ca,प्रीतिदर्शनयोः प्रीतिसेवनयोः च,2180,enumerated_glosses,3,prItO; darSane; sevane,"Three documented candidate meanings: affection, seeing, and attending/serving. The shared priti contributes once; darshana and sevana retain their separate main/alternative-reading provenance. The source presents them as different descriptions and does not equate them. Finer contextual sense review remains separate from this list-level count.",,MR30,,"[{""filename"": ""dhatu-mA1397.html"", ""url"": ""https://sanskrit.uohyd.ac.in/scl/dhaatupaatha/files/mA1397.html"", ""accessed_utc"": ""2026-09-12T14:07:02.553779+00:00"", ""sha256"": ""7fc6fe7adab571db7417a48ce4c74d3cafd017cb63981ecef9d2d731a09e3bb5"", ""bytes"": 479}]",10.0429,not_flagged_by_exact_citation_check,,https://raw.githubusercontent.com/ambuda-org/vidyut/f3ba4167d40eebc4b3023d24e66867aa6a8cdb32/vidyut-prakriya/data/dhatupatha.tsv,bb2013ead0ea536dc7f887164c385c703cb0014ccf6e5af35b87e6d3049ba380,
10.0430,10,Una,parihARe,परिहाणे,2181,single_gloss,1,parihARe,One source gloss; no attempt to invent finer senses within it.,,,,[],10.0430,not_flagged_by_exact_citation_check,,https://raw.githubusercontent.com/ambuda-org/vidyut/f3ba4167d40eebc4b3023d24e66867aa6a8cdb32/vidyut-prakriya/data/dhatupatha.tsv,bb2013ead0ea536dc7f887164c385c703cb0014ccf6e5af35b87e6d3049ba380,
10.0431,10,Dvana,Sabde,शब्दे,2182,single_gloss,1,Sabde,One source gloss; no attempt to invent finer senses within it.,,,,[],10.0431,not_flagged_by_exact_citation_check,,https://raw.githubusercontent.com/ambuda-org/vidyut/f3ba4167d40eebc4b3023d24e66867aa6a8cdb32/vidyut-prakriya/data/dhatupatha.tsv,bb2013ead0ea536dc7f887164c385c703cb0014ccf6e5af35b87e6d3049ba380,
10.0432,10,kUwa,paritApe paridAhe ca,परितापे परिदाहे च,2183,enumerated_glosses,2,paritApe; paridAhe,Visible enumeration; semantic overlap still belongs to lexical review.,,,,[],10.0432,not_flagged_by_exact_citation_check,,https://raw.githubusercontent.com/ambuda-org/vidyut/f3ba4167d40eebc4b3023d24e66867aa6a8cdb32/vidyut-prakriya/data/dhatupatha.tsv,bb2013ead0ea536dc7f887164c385c703cb0014ccf6e5af35b87e6d3049ba380,
10.0433,10,sanketa,AmantraRe,आमन्त्रणे,2184,single_gloss,1,AmantraRe,One source gloss; no attempt to invent finer senses within it.,,,,[],10.0433,not_flagged_by_exact_citation_check,,https://raw.githubusercontent.com/ambuda-org/vidyut/f3ba4167d40eebc4b3023d24e66867aa6a8cdb32/vidyut-prakriya/data/dhatupatha.tsv,bb2013ead0ea536dc7f887164c385c703cb0014ccf6e5af35b87e6d3049ba380,
10.0434,10,grAma,AmantraRe,आमन्त्रणे,2185,single_gloss,1,AmantraRe,One source gloss; no attempt to invent finer senses within it.,,,,[],10.0434,not_flagged_by_exact_citation_check,,https://raw.githubusercontent.com/ambuda-org/vidyut/f3ba4167d40eebc4b3023d24e66867aa6a8cdb32/vidyut-prakriya/data/dhatupatha.tsv,bb2013ead0ea536dc7f887164c385c703cb0014ccf6e5af35b87e6d3049ba380,
10.0435,10,kuRa,AmantraRe,आमन्त्रणे,2186,single_gloss,1,AmantraRe,One source gloss; no attempt to invent finer senses within it.,,,,[],10.0435,not_flagged_by_exact_citation_check,,https://raw.githubusercontent.com/ambuda-org/vidyut/f3ba4167d40eebc4b3023d24e66867aa6a8cdb32/vidyut-prakriya/data/dhatupatha.tsv,bb2013ead0ea536dc7f887164c385c703cb0014ccf6e5af35b87e6d3049ba380,
10.0436,10,guRa,AmantraRe,आमन्त्रणे,2187,single_gloss,1,AmantraRe,One source gloss; no attempt to invent finer senses within it.,,,,[],10.0436,not_flagged_by_exact_citation_check,,https://raw.githubusercontent.com/ambuda-org/vidyut/f3ba4167d40eebc4b3023d24e66867aa6a8cdb32/vidyut-prakriya/data/dhatupatha.tsv,bb2013ead0ea536dc7f887164c385c703cb0014ccf6e5af35b87e6d3049ba380,
10.0437,10,keta,SrAvaRe AmantraRe ca,श्रावणे आमन्त्रणे च,2188,enumerated_glosses,2,SrAvaRe; AmantraRe,Visible enumeration; semantic overlap still belongs to lexical review.,,,,[],10.0437,not_flagged_by_exact_citation_check,,https://raw.githubusercontent.com/ambuda-org/vidyut/f3ba4167d40eebc4b3023d24e66867aa6a8cdb32/vidyut-prakriya/data/dhatupatha.tsv,bb2013ead0ea536dc7f887164c385c703cb0014ccf6e5af35b87e6d3049ba380,
10.0438,10,kURa~,saNkocane,सङ्कोचने,2189,single_gloss,1,saNkocane,One source gloss; no attempt to invent finer senses within it.,,,,[],10.0438,open,10.0438,https://raw.githubusercontent.com/ambuda-org/vidyut/f3ba4167d40eebc4b3023d24e66867aa6a8cdb32/vidyut-prakriya/data/dhatupatha.tsv,bb2013ead0ea536dc7f887164c385c703cb0014ccf6e5af35b87e6d3049ba380,IR92
10.0439,10,stena,cOrye,चौर्ये,2190,single_gloss,1,cOrye,One source gloss; no attempt to invent finer senses within it.,,,,[],10.0439,not_flagged_by_exact_citation_check,,https://raw.githubusercontent.com/ambuda-org/vidyut/f3ba4167d40eebc4b3023d24e66867aa6a8cdb32/vidyut-prakriya/data/dhatupatha.tsv,bb2013ead0ea536dc7f887164c385c703cb0014ccf6e5af35b87e6d3049ba380,
10.0440,10,pada,gatO,गतौ,2191,single_gloss,1,gatO,One source gloss; no attempt to invent finer senses within it.,,,,[],10.0440,not_flagged_by_exact_citation_check,,https://raw.githubusercontent.com/ambuda-org/vidyut/f3ba4167d40eebc4b3023d24e66867aa6a8cdb32/vidyut-prakriya/data/dhatupatha.tsv,bb2013ead0ea536dc7f887164c385c703cb0014ccf6e5af35b87e6d3049ba380,
10.0441,10,gfha,grahaRe,ग्रहणे,2192,single_gloss,1,grahaRe,One source gloss; no attempt to invent finer senses within it.,,,,[],10.0441,not_flagged_by_exact_citation_check,,https://raw.githubusercontent.com/ambuda-org/vidyut/f3ba4167d40eebc4b3023d24e66867aa6a8cdb32/vidyut-prakriya/data/dhatupatha.tsv,bb2013ead0ea536dc7f887164c385c703cb0014ccf6e5af35b87e6d3049ba380,
10.0442,10,mfga,anvezaRe,अन्वेषणे,2193,single_gloss,1,anvezaRe,One source gloss; no attempt to invent finer senses within it.,,,,[],10.0442,not_flagged_by_exact_citation_check,,https://raw.githubusercontent.com/ambuda-org/vidyut/f3ba4167d40eebc4b3023d24e66867aa6a8cdb32/vidyut-prakriya/data/dhatupatha.tsv,bb2013ead0ea536dc7f887164c385c703cb0014ccf6e5af35b87e6d3049ba380,
10.0443,10,kuha,vismApane,विस्मापने,2194,single_gloss,1,vismApane,One source gloss; no attempt to invent finer senses within it.,,,,[],10.0443,not_flagged_by_exact_citation_check,,https://raw.githubusercontent.com/ambuda-org/vidyut/f3ba4167d40eebc4b3023d24e66867aa6a8cdb32/vidyut-prakriya/data/dhatupatha.tsv,bb2013ead0ea536dc7f887164c385c703cb0014ccf6e5af35b87e6d3049ba380,
10.0444,10,SUra,vikrAntO,विक्रान्तौ,2195,single_gloss,1,vikrAntO,One source gloss; no attempt to invent finer senses within it.,,,,[],10.0444,not_flagged_by_exact_citation_check,,https://raw.githubusercontent.com/ambuda-org/vidyut/f3ba4167d40eebc4b3023d24e66867aa6a8cdb32/vidyut-prakriya/data/dhatupatha.tsv,bb2013ead0ea536dc7f887164c385c703cb0014ccf6e5af35b87e6d3049ba380,
10.0445,10,vIra,vikrAntO,विक्रान्तौ,2196,single_gloss,1,vikrAntO,One source gloss; no attempt to invent finer senses within it.,,,,[],10.0445,not_flagged_by_exact_citation_check,,https://raw.githubusercontent.com/ambuda-org/vidyut/f3ba4167d40eebc4b3023d24e66867aa6a8cdb32/vidyut-prakriya/data/dhatupatha.tsv,bb2013ead0ea536dc7f887164c385c703cb0014ccf6e5af35b87e6d3049ba380,
10.0446,10,sTUla,paribfhaRe,परिबृहणे,2197,single_gloss,1,paribfhaRe,One source gloss; no attempt to invent finer senses within it.,,,,[],10.0446,not_flagged_by_exact_citation_check,,https://raw.githubusercontent.com/ambuda-org/vidyut/f3ba4167d40eebc4b3023d24e66867aa6a8cdb32/vidyut-prakriya/data/dhatupatha.tsv,bb2013ead0ea536dc7f887164c385c703cb0014ccf6e5af35b87e6d3049ba380,
10.0447,10,arTa,upayAcYAyAm,उपयाच्ञायाम्,2198,single_gloss,1,upayAcYAyAm,One source gloss; no attempt to invent finer senses within it.,,,,[],10.0447,not_flagged_by_exact_citation_check,,https://raw.githubusercontent.com/ambuda-org/vidyut/f3ba4167d40eebc4b3023d24e66867aa6a8cdb32/vidyut-prakriya/data/dhatupatha.tsv,bb2013ead0ea536dc7f887164c385c703cb0014ccf6e5af35b87e6d3049ba380,
10.0448,10,satra,santAnakriyAyAm,सन्तानक्रियायाम्,2199,single_gloss,1,santAnakriyAyAm,One source gloss; no attempt to invent finer senses within it.,,,,[],10.0448,not_flagged_by_exact_citation_check,,https://raw.githubusercontent.com/ambuda-org/vidyut/f3ba4167d40eebc4b3023d24e66867aa6a8cdb32/vidyut-prakriya/data/dhatupatha.tsv,bb2013ead0ea536dc7f887164c385c703cb0014ccf6e5af35b87e6d3049ba380,
10.0449,10,garva,mAne,माने,2200,single_gloss,1,mAne,One source gloss; no attempt to invent finer senses within it.,,,,[],10.0449,not_flagged_by_exact_citation_check,,https://raw.githubusercontent.com/ambuda-org/vidyut/f3ba4167d40eebc4b3023d24e66867aa6a8cdb32/vidyut-prakriya/data/dhatupatha.tsv,bb2013ead0ea536dc7f887164c385c703cb0014ccf6e5af35b87e6d3049ba380,
10.0450,10,sUtra,vezwane vimocane granTane ca,वेष्टने विमोचने ग्रन्थने च,2201,enumerated_glosses,3,vezwane; vimocane; granTane,Visible enumeration; semantic overlap still belongs to lexical review.,,,,[],10.0450,not_flagged_by_exact_citation_check,,https://raw.githubusercontent.com/ambuda-org/vidyut/f3ba4167d40eebc4b3023d24e66867aa6a8cdb32/vidyut-prakriya/data/dhatupatha.tsv,bb2013ead0ea536dc7f887164c385c703cb0014ccf6e5af35b87e6d3049ba380,
10.0451,10,mUtra,prasravaRe,प्रस्रवणे,2202,single_gloss,1,prasravaRe,One source gloss; no attempt to invent finer senses within it.,,,,[],10.0451,not_flagged_by_exact_citation_check,,https://raw.githubusercontent.com/ambuda-org/vidyut/f3ba4167d40eebc4b3023d24e66867aa6a8cdb32/vidyut-prakriya/data/dhatupatha.tsv,bb2013ead0ea536dc7f887164c385c703cb0014ccf6e5af35b87e6d3049ba380,
10.0452,10,rUkza,pAruzye,पारुष्ये,2203,single_gloss,1,pAruzye,One source gloss; no attempt to invent finer senses within it.,,,,[],10.0452,not_flagged_by_exact_citation_check,,https://raw.githubusercontent.com/ambuda-org/vidyut/f3ba4167d40eebc4b3023d24e66867aa6a8cdb32/vidyut-prakriya/data/dhatupatha.tsv,bb2013ead0ea536dc7f887164c385c703cb0014ccf6e5af35b87e6d3049ba380,
10.0453,10,pAra,karmasamAptO,कर्मसमाप्तौ,2204,single_gloss,1,karmasamAptO,One source gloss; no attempt to invent finer senses within it.,,,,[],10.0453,not_flagged_by_exact_citation_check,,https://raw.githubusercontent.com/ambuda-org/vidyut/f3ba4167d40eebc4b3023d24e66867aa6a8cdb32/vidyut-prakriya/data/dhatupatha.tsv,bb2013ead0ea536dc7f887164c385c703cb0014ccf6e5af35b87e6d3049ba380,
10.0454,10,tIra,karmasamAptO,कर्मसमाप्तौ,2205,single_gloss,1,karmasamAptO,One source gloss; no attempt to invent finer senses within it.,,,,[],10.0454,not_flagged_by_exact_citation_check,,https://raw.githubusercontent.com/ambuda-org/vidyut/f3ba4167d40eebc4b3023d24e66867aa6a8cdb32/vidyut-prakriya/data/dhatupatha.tsv,bb2013ead0ea536dc7f887164c385c703cb0014ccf6e5af35b87e6d3049ba380,
10.0455,10,puwa,saMsarge,संसर्गे,2206,single_gloss,1,saMsarge,One source gloss; no attempt to invent finer senses within it.,,,,[],10.0455,not_flagged_by_exact_citation_check,,https://raw.githubusercontent.com/ambuda-org/vidyut/f3ba4167d40eebc4b3023d24e66867aa6a8cdb32/vidyut-prakriya/data/dhatupatha.tsv,bb2013ead0ea536dc7f887164c385c703cb0014ccf6e5af35b87e6d3049ba380,
10.0456,10,katra,SETilye,शैथिल्ये,2207,single_gloss,1,SETilye,One source gloss; no attempt to invent finer senses within it.,,,,[],10.0456,not_flagged_by_exact_citation_check,,https://raw.githubusercontent.com/ambuda-org/vidyut/f3ba4167d40eebc4b3023d24e66867aa6a8cdb32/vidyut-prakriya/data/dhatupatha.tsv,bb2013ead0ea536dc7f887164c385c703cb0014ccf6e5af35b87e6d3049ba380,
10.0457,10,karta~,SETilye,शैथिल्ये,2208,single_gloss,1,SETilye,One source gloss; no attempt to invent finer senses within it.,,,,[],10.0457,not_flagged_by_exact_citation_check,10.0457,https://raw.githubusercontent.com/ambuda-org/vidyut/f3ba4167d40eebc4b3023d24e66867aa6a8cdb32/vidyut-prakriya/data/dhatupatha.tsv,bb2013ead0ea536dc7f887164c385c703cb0014ccf6e5af35b87e6d3049ba380,
10.0458,10,valka,darSane,दर्शने,2209,single_gloss,1,darSane,One source gloss; no attempt to invent finer senses within it.,,,,[],10.0458,not_flagged_by_exact_citation_check,,https://raw.githubusercontent.com/ambuda-org/vidyut/f3ba4167d40eebc4b3023d24e66867aa6a8cdb32/vidyut-prakriya/data/dhatupatha.tsv,bb2013ead0ea536dc7f887164c385c703cb0014ccf6e5af35b87e6d3049ba380,
10.0459,10,citra,citrIkaraRe,चित्रीकरणे,2210,single_gloss,1,citrIkaraRe,One source gloss; no attempt to invent finer senses within it.,,,,[],10.0459,not_flagged_by_exact_citation_check,,https://raw.githubusercontent.com/ambuda-org/vidyut/f3ba4167d40eebc4b3023d24e66867aa6a8cdb32/vidyut-prakriya/data/dhatupatha.tsv,bb2013ead0ea536dc7f887164c385c703cb0014ccf6e5af35b87e6d3049ba380,
10.0460,10,ansa,samAGAte,समाघाते,2211,single_gloss,1,samAGAte,One source gloss; no attempt to invent finer senses within it.,,,,[],10.0460,not_flagged_by_exact_citation_check,,https://raw.githubusercontent.com/ambuda-org/vidyut/f3ba4167d40eebc4b3023d24e66867aa6a8cdb32/vidyut-prakriya/data/dhatupatha.tsv,bb2013ead0ea536dc7f887164c385c703cb0014ccf6e5af35b87e6d3049ba380,
10.0461,10,vawa,viBAjane,विभाजने,2212,single_gloss,1,viBAjane,One source gloss; no attempt to invent finer senses within it.,,,,[],10.0461,not_flagged_by_exact_citation_check,,https://raw.githubusercontent.com/ambuda-org/vidyut/f3ba4167d40eebc4b3023d24e66867aa6a8cdb32/vidyut-prakriya/data/dhatupatha.tsv,bb2013ead0ea536dc7f887164c385c703cb0014ccf6e5af35b87e6d3049ba380,
10.0462,10,Cuwa~,Cedane,छेदने,2213,single_gloss,1,Cedane,One source gloss; no attempt to invent finer senses within it.,,,,[],10.0462,merge_shared_meanings,,https://raw.githubusercontent.com/ambuda-org/vidyut/f3ba4167d40eebc4b3023d24e66867aa6a8cdb32/vidyut-prakriya/data/dhatupatha.tsv,bb2013ead0ea536dc7f887164c385c703cb0014ccf6e5af35b87e6d3049ba380,IR05
10.0463,10,laja,prakASane,प्रकाशने,2214,single_gloss,1,prakASane,One source gloss; no attempt to invent finer senses within it.,,,,[],10.0463,not_flagged_by_exact_citation_check,,https://raw.githubusercontent.com/ambuda-org/vidyut/f3ba4167d40eebc4b3023d24e66867aa6a8cdb32/vidyut-prakriya/data/dhatupatha.tsv,bb2013ead0ea536dc7f887164c385c703cb0014ccf6e5af35b87e6d3049ba380,
10.0464,10,vawi~,prakASane,प्रकाशने,2215,single_gloss,1,prakASane,One source gloss; no attempt to invent finer senses within it.,,,,[],10.0464,merge_shared_meanings,10.0464,https://raw.githubusercontent.com/ambuda-org/vidyut/f3ba4167d40eebc4b3023d24e66867aa6a8cdb32/vidyut-prakriya/data/dhatupatha.tsv,bb2013ead0ea536dc7f887164c385c703cb0014ccf6e5af35b87e6d3049ba380,IR200
10.0465,10,laji~,prakASane,प्रकाशने,2216,single_gloss,1,prakASane,One source gloss; no attempt to invent finer senses within it.,,,,[],10.0465,open,10.0465,https://raw.githubusercontent.com/ambuda-org/vidyut/f3ba4167d40eebc4b3023d24e66867aa6a8cdb32/vidyut-prakriya/data/dhatupatha.tsv,bb2013ead0ea536dc7f887164c385c703cb0014ccf6e5af35b87e6d3049ba380,IR115
10.0466,10,miSra,samparke,सम्पर्के,2217,single_gloss,1,samparke,One source gloss; no attempt to invent finer senses within it.,,,,[],10.0466,not_flagged_by_exact_citation_check,,https://raw.githubusercontent.com/ambuda-org/vidyut/f3ba4167d40eebc4b3023d24e66867aa6a8cdb32/vidyut-prakriya/data/dhatupatha.tsv,bb2013ead0ea536dc7f887164c385c703cb0014ccf6e5af35b87e6d3049ba380,
10.0467,10,sangrAma,yudDe,युद्धे,2218,single_gloss,1,yudDe,One source gloss; no attempt to invent finer senses within it.,,,,[],10.0467,not_flagged_by_exact_citation_check,,https://raw.githubusercontent.com/ambuda-org/vidyut/f3ba4167d40eebc4b3023d24e66867aa6a8cdb32/vidyut-prakriya/data/dhatupatha.tsv,bb2013ead0ea536dc7f887164c385c703cb0014ccf6e5af35b87e6d3049ba380,
10.0468,10,stoma,SlAGAyAm,श्लाघायाम्,2219,single_gloss,1,SlAGAyAm,One source gloss; no attempt to invent finer senses within it.,,,,[],10.0468,not_flagged_by_exact_citation_check,,https://raw.githubusercontent.com/ambuda-org/vidyut/f3ba4167d40eebc4b3023d24e66867aa6a8cdb32/vidyut-prakriya/data/dhatupatha.tsv,bb2013ead0ea536dc7f887164c385c703cb0014ccf6e5af35b87e6d3049ba380,
10.0469,10,Cidra,karRaBedane,कर्णभेदने,2220,single_gloss,1,karRaBedane,One source gloss; no attempt to invent finer senses within it.,,,,[],10.0469,not_flagged_by_exact_citation_check,,https://raw.githubusercontent.com/ambuda-org/vidyut/f3ba4167d40eebc4b3023d24e66867aa6a8cdb32/vidyut-prakriya/data/dhatupatha.tsv,bb2013ead0ea536dc7f887164c385c703cb0014ccf6e5af35b87e6d3049ba380,
10.0470,10,karRa~,Bedane,भेदने,2221,single_gloss,1,Bedane,One source gloss; no attempt to invent finer senses within it.,,,,[],10.0470,not_flagged_by_exact_citation_check,10.0470,https://raw.githubusercontent.com/ambuda-org/vidyut/f3ba4167d40eebc4b3023d24e66867aa6a8cdb32/vidyut-prakriya/data/dhatupatha.tsv,bb2013ead0ea536dc7f887164c385c703cb0014ccf6e5af35b87e6d3049ba380,
10.0471,10,anDa,dfzwyupaGAte,दृष्ट्युपघाते,2222,single_gloss,1,dfzwyupaGAte,One source gloss; no attempt to invent finer senses within it.,,,,[],10.0471,not_flagged_by_exact_citation_check,,https://raw.githubusercontent.com/ambuda-org/vidyut/f3ba4167d40eebc4b3023d24e66867aa6a8cdb32/vidyut-prakriya/data/dhatupatha.tsv,bb2013ead0ea536dc7f887164c385c703cb0014ccf6e5af35b87e6d3049ba380,
10.0472,10,danqa,daRqanipAte,दण्डनिपाते,2223,single_gloss,1,daRqanipAte,One source gloss; no attempt to invent finer senses within it.,,,,[],10.0472,not_flagged_by_exact_citation_check,,https://raw.githubusercontent.com/ambuda-org/vidyut/f3ba4167d40eebc4b3023d24e66867aa6a8cdb32/vidyut-prakriya/data/dhatupatha.tsv,bb2013ead0ea536dc7f887164c385c703cb0014ccf6e5af35b87e6d3049ba380,
10.0473,10,anka,pade lakzaRe ca,पदे लक्षणे च,2224,enumerated_glosses,2,pade; lakzaRe,Visible enumeration; semantic overlap still belongs to lexical review.,,,,[],10.0473,not_flagged_by_exact_citation_check,,https://raw.githubusercontent.com/ambuda-org/vidyut/f3ba4167d40eebc4b3023d24e66867aa6a8cdb32/vidyut-prakriya/data/dhatupatha.tsv,bb2013ead0ea536dc7f887164c385c703cb0014ccf6e5af35b87e6d3049ba380,
10.0474,10,anga,pade lakzaRe ca,पदे लक्षणे च,2225,enumerated_glosses,2,pade; lakzaRe,Visible enumeration; semantic overlap still belongs to lexical review.,,,,[],10.0474,not_flagged_by_exact_citation_check,,https://raw.githubusercontent.com/ambuda-org/vidyut/f3ba4167d40eebc4b3023d24e66867aa6a8cdb32/vidyut-prakriya/data/dhatupatha.tsv,bb2013ead0ea536dc7f887164c385c703cb0014ccf6e5af35b87e6d3049ba380,
10.0475,10,suKa,tatkriyAyAm,तत्क्रियायाम्,2226,single_gloss,1,suKakriyAyAm,That action points to the nominal meaning sukha: making happy. This is not the same meaning as the adjacent duhkha entry.,,MR21,Nominal-derived input; avoid recounting the same formation in the noun-to-verb stage.,"[{""filename"": ""dhatu-mA1431.html"", ""url"": ""https://sanskrit.uohyd.ac.in/scl/dhaatupaatha/files/mA1431.html"", ""accessed_utc"": ""2026-09-12T14:07:02.843565+00:00"", ""sha256"": ""52d5e85874fa91bcb376fc5dee6ea9af60b4e987274f76ff7cd0fb8e988e0af3"", ""bytes"": 1767}]",10.0475,not_flagged_by_exact_citation_check,,https://raw.githubusercontent.com/ambuda-org/vidyut/f3ba4167d40eebc4b3023d24e66867aa6a8cdb32/vidyut-prakriya/data/dhatupatha.tsv,bb2013ead0ea536dc7f887164c385c703cb0014ccf6e5af35b87e6d3049ba380,
10.0476,10,duHKa,tatkriyAyAm,तत्क्रियायाम्,2227,single_gloss,1,duHKakriyAyAm,That action points to the nominal meaning duhkha: causing distress. The shared shorthand does not make sukha and duhkha the same meaning.,,MR22,Nominal-derived input; avoid recounting the same formation in the noun-to-verb stage.,"[{""filename"": ""dhatu-mA1431.html"", ""url"": ""https://sanskrit.uohyd.ac.in/scl/dhaatupaatha/files/mA1431.html"", ""accessed_utc"": ""2026-09-12T14:07:02.843565+00:00"", ""sha256"": ""52d5e85874fa91bcb376fc5dee6ea9af60b4e987274f76ff7cd0fb8e988e0af3"", ""bytes"": 1767}]",10.0476,not_flagged_by_exact_citation_check,,https://raw.githubusercontent.com/ambuda-org/vidyut/f3ba4167d40eebc4b3023d24e66867aa6a8cdb32/vidyut-prakriya/data/dhatupatha.tsv,bb2013ead0ea536dc7f887164c385c703cb0014ccf6e5af35b87e6d3049ba380,
10.0477,10,rasa,AsvAdanasnehanayoH,आस्वादनस्नेहनयोः,2228,enumerated_glosses,2,AsvAdane; snehane,Explicit analyst segmentation; retain the original compound for review.,,,,[],10.0477,not_flagged_by_exact_citation_check,,https://raw.githubusercontent.com/ambuda-org/vidyut/f3ba4167d40eebc4b3023d24e66867aa6a8cdb32/vidyut-prakriya/data/dhatupatha.tsv,bb2013ead0ea536dc7f887164c385c703cb0014ccf6e5af35b87e6d3049ba380,
10.0478,10,vyaya,vittasamutsarge,वित्तसमुत्सर्गे,2229,single_gloss,1,vittasamutsarge,One source gloss; no attempt to invent finer senses within it.,,,,[],10.0478,not_flagged_by_exact_citation_check,,https://raw.githubusercontent.com/ambuda-org/vidyut/f3ba4167d40eebc4b3023d24e66867aa6a8cdb32/vidyut-prakriya/data/dhatupatha.tsv,bb2013ead0ea536dc7f887164c385c703cb0014ccf6e5af35b87e6d3049ba380,
10.0479,10,rUpa,rUpakriyAyAm,रूपक्रियायाम्,2230,single_gloss,1,rUpakriyAyAm,One source gloss; no attempt to invent finer senses within it.,,,,[],10.0479,not_flagged_by_exact_citation_check,,https://raw.githubusercontent.com/ambuda-org/vidyut/f3ba4167d40eebc4b3023d24e66867aa6a8cdb32/vidyut-prakriya/data/dhatupatha.tsv,bb2013ead0ea536dc7f887164c385c703cb0014ccf6e5af35b87e6d3049ba380,
10.0480,10,Ceda,dvEDIkaraRe,द्वैधीकरणे,2231,single_gloss,1,dvEDIkaraRe,One source gloss; no attempt to invent finer senses within it.,,,,[],10.0480,not_flagged_by_exact_citation_check,,https://raw.githubusercontent.com/ambuda-org/vidyut/f3ba4167d40eebc4b3023d24e66867aa6a8cdb32/vidyut-prakriya/data/dhatupatha.tsv,bb2013ead0ea536dc7f887164c385c703cb0014ccf6e5af35b87e6d3049ba380,
10.0481,10,Cada,apavAraRe,अपवारणे,2232,single_gloss,1,apavAraRe,One source gloss; no attempt to invent finer senses within it.,,,,[],10.0481,not_flagged_by_exact_citation_check,,https://raw.githubusercontent.com/ambuda-org/vidyut/f3ba4167d40eebc4b3023d24e66867aa6a8cdb32/vidyut-prakriya/data/dhatupatha.tsv,bb2013ead0ea536dc7f887164c385c703cb0014ccf6e5af35b87e6d3049ba380,
10.0482,10,lABa,preraRe,प्रेरणे,2233,single_gloss,1,preraRe,One source gloss; no attempt to invent finer senses within it.,,,,[],10.0482,not_flagged_by_exact_citation_check,,https://raw.githubusercontent.com/ambuda-org/vidyut/f3ba4167d40eebc4b3023d24e66867aa6a8cdb32/vidyut-prakriya/data/dhatupatha.tsv,bb2013ead0ea536dc7f887164c385c703cb0014ccf6e5af35b87e6d3049ba380,
10.0483,10,vraRa,gAtravicUrRane,गात्रविचूर्णने,2234,single_gloss,1,gAtravicUrRane,One source gloss; no attempt to invent finer senses within it.,,,,[],10.0483,not_flagged_by_exact_citation_check,,https://raw.githubusercontent.com/ambuda-org/vidyut/f3ba4167d40eebc4b3023d24e66867aa6a8cdb32/vidyut-prakriya/data/dhatupatha.tsv,bb2013ead0ea536dc7f887164c385c703cb0014ccf6e5af35b87e6d3049ba380,
10.0484,10,varRa,varRakriyAvistAraguRavacanezu,वर्णक्रियाविस्तारगुणवचनेषु,2235,enumerated_glosses,3,varRakriyAyAm; vistAre; guRavacane,"Three meanings: applying colour, elaborating, and describing qualities or praising. The commentary supplies separate examples for the three uses.",,MR23,Nominal-derived input; coordinate with the noun-to-verb inventory.,"[{""filename"": ""dhatu-mA1438.html"", ""url"": ""https://sanskrit.uohyd.ac.in/scl/dhaatupaatha/files/mA1438.html"", ""accessed_utc"": ""2026-09-12T14:07:03.104521+00:00"", ""sha256"": ""ae7234609e7b1f37600b4e602488264b19395d73aee4fd99d3c99ccef05069bb"", ""bytes"": 897}]",10.0484,not_flagged_by_exact_citation_check,,https://raw.githubusercontent.com/ambuda-org/vidyut/f3ba4167d40eebc4b3023d24e66867aa6a8cdb32/vidyut-prakriya/data/dhatupatha.tsv,bb2013ead0ea536dc7f887164c385c703cb0014ccf6e5af35b87e6d3049ba380,
10.0485,10,parRa,haritaBAve,हरितभावे,2236,single_gloss,1,haritaBAve,One source gloss; no attempt to invent finer senses within it.,,,,[],10.0485,not_flagged_by_exact_citation_check,,https://raw.githubusercontent.com/ambuda-org/vidyut/f3ba4167d40eebc4b3023d24e66867aa6a8cdb32/vidyut-prakriya/data/dhatupatha.tsv,bb2013ead0ea536dc7f887164c385c703cb0014ccf6e5af35b87e6d3049ba380,
10.0486,10,vizka,darSane,दर्शने,2237,single_gloss,1,darSane,One source gloss; no attempt to invent finer senses within it.,,,,[],10.0486,not_flagged_by_exact_citation_check,,https://raw.githubusercontent.com/ambuda-org/vidyut/f3ba4167d40eebc4b3023d24e66867aa6a8cdb32/vidyut-prakriya/data/dhatupatha.tsv,bb2013ead0ea536dc7f887164c385c703cb0014ccf6e5af35b87e6d3049ba380,
10.0487,10,kzipa,preraRe,प्रेरणे,2238,single_gloss,1,preraRe,One source gloss; no attempt to invent finer senses within it.,,,,[],10.0487,not_flagged_by_exact_citation_check,,https://raw.githubusercontent.com/ambuda-org/vidyut/f3ba4167d40eebc4b3023d24e66867aa6a8cdb32/vidyut-prakriya/data/dhatupatha.tsv,bb2013ead0ea536dc7f887164c385c703cb0014ccf6e5af35b87e6d3049ba380,
10.0488,10,vasa,nivAse,निवासे,2239,single_gloss,1,nivAse,One source gloss; no attempt to invent finer senses within it.,,,,[],10.0488,not_flagged_by_exact_citation_check,,https://raw.githubusercontent.com/ambuda-org/vidyut/f3ba4167d40eebc4b3023d24e66867aa6a8cdb32/vidyut-prakriya/data/dhatupatha.tsv,bb2013ead0ea536dc7f887164c385c703cb0014ccf6e5af35b87e6d3049ba380,
10.0489,10,tutTa,AvaraRe,आवरणे,2240,single_gloss,1,AvaraRe,One source gloss; no attempt to invent finer senses within it.,,,,[],10.0489,not_flagged_by_exact_citation_check,,https://raw.githubusercontent.com/ambuda-org/vidyut/f3ba4167d40eebc4b3023d24e66867aa6a8cdb32/vidyut-prakriya/data/dhatupatha.tsv,bb2013ead0ea536dc7f887164c385c703cb0014ccf6e5af35b87e6d3049ba380,
10.0490,10,palyUla,lavanavapanayoH,लवनवपनयोः,2241,enumerated_glosses,2,lavane; vapane,Explicit analyst segmentation; retain the original compound for review.,,,,[],10.0490,not_flagged_by_exact_citation_check,,https://raw.githubusercontent.com/ambuda-org/vidyut/f3ba4167d40eebc4b3023d24e66867aa6a8cdb32/vidyut-prakriya/data/dhatupatha.tsv,bb2013ead0ea536dc7f887164c385c703cb0014ccf6e5af35b87e6d3049ba380,
10.0491,10,ruWa~,BAzAyAm,भाषायाम्,2242,single_gloss,1,BAzAyAm,One source gloss; no attempt to invent finer senses within it.,,,,[],10.0491,retain_distinct_meanings,,https://raw.githubusercontent.com/ambuda-org/vidyut/f3ba4167d40eebc4b3023d24e66867aa6a8cdb32/vidyut-prakriya/data/dhatupatha.tsv,bb2013ead0ea536dc7f887164c385c703cb0014ccf6e5af35b87e6d3049ba380,IR167
10.0492,10,Deka,darSane,दर्शने,2243,single_gloss,1,darSane,One source gloss; no attempt to invent finer senses within it.,,,,[],10.0492,not_flagged_by_exact_citation_check,,https://raw.githubusercontent.com/ambuda-org/vidyut/f3ba4167d40eebc4b3023d24e66867aa6a8cdb32/vidyut-prakriya/data/dhatupatha.tsv,bb2013ead0ea536dc7f887164c385c703cb0014ccf6e5af35b87e6d3049ba380,
