example_id,source_file,source_function,source_line,rule_ref,input_form_slp1,semantic_context,taddhita_source_variant,expected_output_forms_slp1,expected_output_variant_count,source_assertion_status,semantic_description,semantic_description_status,semantic_disposition
5df8ec1ed5e8ebbf0638,kashika_4_1.rs,sutra_4_1_83,421,4.1.83,upagu,TasyaApatyam,aR,Opagava,1,positive,Descendant. (4.1.92),documented_english_gloss,source_conditioned_candidate
8c4ddc557df56a1ebe80,kashika_4_1.rs,sutra_4_1_83,422,4.1.83,kapawu,TasyaApatyam,aR,kApawava,1,positive,Descendant. (4.1.92),documented_english_gloss,source_conditioned_candidate
c43ab6d73dd1c556a560,kashika_4_1.rs,sutra_4_1_84,427,4.1.84,aSvapati,TasyaApatyam,aR,ASvapata,1,positive,Descendant. (4.1.92),documented_english_gloss,source_conditioned_candidate
8d7888fe8438f8908e10,kashika_4_1.rs,sutra_4_1_84,428,4.1.84,Satapati,TasyaApatyam,aR,SAtapata,1,positive,Descendant. (4.1.92),documented_english_gloss,source_conditioned_candidate
db094fca3fb21c3fec8f,kashika_4_1.rs,sutra_4_1_85,433,4.1.85,diti,TasyaApatyam,Rya,dEtya,1,positive,Descendant. (4.1.92),documented_english_gloss,source_conditioned_candidate
b72ee42ed71a578e75c4,kashika_4_1.rs,sutra_4_1_85,434,4.1.85,aditi,TasyaApatyam,Rya,Aditya,1,positive,Descendant. (4.1.92),documented_english_gloss,source_conditioned_candidate
06ff86d8d4a823114815,kashika_4_1.rs,sutra_4_1_85,435,4.1.85,senApati,TasyaApatyam,Rya,sEnApatya,1,positive,Descendant. (4.1.92),documented_english_gloss,source_conditioned_candidate
a6cf77253be7facf3439,kashika_4_1.rs,sutra_4_1_86,440,4.1.86,utsa,TasyaApatyam,aY,Otsa,1,positive,Descendant. (4.1.92),documented_english_gloss,source_conditioned_candidate
3a57f6b0ee415f5c8a34,kashika_4_1.rs,sutra_4_1_86,441,4.1.86,udapAna,TasyaApatyam,aY,OdapAna,1,positive,Descendant. (4.1.92),documented_english_gloss,source_conditioned_candidate
3c353254705d0f002ef4,kashika_4_1.rs,sutra_4_1_87,446,4.1.87,strI,TasyaApatyam,naY,strERa,1,positive,Descendant. (4.1.92),documented_english_gloss,source_conditioned_candidate
1b3de3f79109027a4010,kashika_4_1.rs,sutra_4_1_87,447,4.1.87,pums,TasyaApatyam,snaY,pOMsna,1,positive,Descendant. (4.1.92),documented_english_gloss,source_conditioned_candidate
a736f486619411bd036f,kashika_4_1.rs,sutra_4_1_92,452,4.1.92,upagu,TasyaApatyam,aR,Opagava,1,positive,Descendant. (4.1.92),documented_english_gloss,source_conditioned_candidate
c37493f41ce578601d28,kashika_4_1.rs,sutra_4_1_92,453,4.1.92,aSvapati,TasyaApatyam,aR,ASvapata,1,positive,Descendant. (4.1.92),documented_english_gloss,source_conditioned_candidate
29a3099f4ec84995779d,kashika_4_1.rs,sutra_4_1_92,454,4.1.92,diti,TasyaApatyam,Rya,dEtya,1,positive,Descendant. (4.1.92),documented_english_gloss,source_conditioned_candidate
6cc2bf6a752a5eb11bff,kashika_4_1.rs,sutra_4_1_92,455,4.1.92,utsa,TasyaApatyam,aY,Otsa,1,positive,Descendant. (4.1.92),documented_english_gloss,source_conditioned_candidate
fd1eff7e6273c2c34988,kashika_4_1.rs,sutra_4_1_92,456,4.1.92,strI,TasyaApatyam,naY,strERa,1,positive,Descendant. (4.1.92),documented_english_gloss,source_conditioned_candidate
8ed69e5b02a1dd2b9a2f,kashika_4_1.rs,sutra_4_1_92,457,4.1.92,pums,TasyaApatyam,snaY,pOMsna,1,positive,Descendant. (4.1.92),documented_english_gloss,source_conditioned_candidate
ca16407251e85c0f2f5f,kashika_4_1.rs,sutra_4_1_92,459,4.1.92,BAnu,TasyaApatyam,aR,BAnava,1,positive,Descendant. (4.1.92),documented_english_gloss,source_conditioned_candidate
89d3f3b6dd75134dc38d,kashika_4_1.rs,sutra_4_1_92,460,4.1.92,SyAmagu,TasyaApatyam,aR,SyAmagava,1,positive,Descendant. (4.1.92),documented_english_gloss,source_conditioned_candidate
c793f1a4933f53398a68,kashika_4_1.rs,sutra_4_1_95,465,4.1.95,dakza,TasyaApatyam,iY,dAkzi,1,positive,Descendant. (4.1.92),documented_english_gloss,source_conditioned_candidate
939779041f342c2660f5,kashika_4_1.rs,sutra_4_1_95,468,4.1.95,SuBamyA,TasyaApatyam,iY,,0,negative,Descendant. (4.1.92),documented_english_gloss,source_negative_not_admitted
00a05403b3363350f0bf,kashika_4_1.rs,sutra_4_1_95,469,4.1.95,kIlAlapA,TasyaApatyam,iY,,0,negative,Descendant. (4.1.92),documented_english_gloss,source_negative_not_admitted
4c076f4edb0cf76fd4f6,kashika_4_1.rs,sutra_4_1_96,474,4.1.96,bAhu,TasyaApatyam,iY,bAhavi,1,positive,Descendant. (4.1.92),documented_english_gloss,source_conditioned_candidate
501655ede0174b0c320a,kashika_4_1.rs,sutra_4_1_96,475,4.1.96,upabAhu,TasyaApatyam,iY,OpabAhavi,1,positive,Descendant. (4.1.92),documented_english_gloss,source_conditioned_candidate
51ce36389212429431c2,kashika_4_1.rs,sutra_4_1_97,481,4.1.97,suDAtf,TasyaApatyam,iY,sODAtaki,1,positive,Descendant. (4.1.92),documented_english_gloss,source_conditioned_candidate
3f3a55fb7df9c432d798,kashika_4_1.rs,sutra_4_1_97_v1,486,4.1.97,vyAsa,TasyaApatyam,iY,vEyAsaki,1,positive,Descendant. (4.1.92),documented_english_gloss,source_conditioned_candidate
8f66ced13d1dd387b020,kashika_4_1.rs,sutra_4_1_97_v1,487,4.1.97,varuqa,TasyaApatyam,iY,vAruqaki,1,positive,Descendant. (4.1.92),documented_english_gloss,source_conditioned_candidate
c478542962736eb2ee57,kashika_4_1.rs,sutra_4_1_97_v1,488,4.1.97,nizAda,TasyaApatyam,iY,nEzAdaki,1,positive,Descendant. (4.1.92),documented_english_gloss,source_conditioned_candidate
c90b922ee34e483145ce,kashika_4_1.rs,sutra_4_1_97_v1,489,4.1.97,caRqAla,TasyaApatyam,iY,cARqAlaki,1,positive,Descendant. (4.1.92),documented_english_gloss,source_conditioned_candidate
d3dc61dffbab19b03497,kashika_4_1.rs,sutra_4_1_97_v1,490,4.1.97,bimba,TasyaApatyam,iY,bEmbaki,1,positive,Descendant. (4.1.92),documented_english_gloss,source_conditioned_candidate
7b507550faf5e318227a,kashika_4_1.rs,sutra_4_1_98,495,4.1.98,kuYja,Gotra,cPaY,kOYjAyana,1,positive,Patronymic lineage. (4.1.98),documented_english_gloss,source_conditioned_candidate
677618a942cc67695336,kashika_4_1.rs,sutra_4_1_98,496,4.1.98,braDna,Gotra,cPaY,brADnAyana,1,positive,Patronymic lineage. (4.1.98),documented_english_gloss,source_conditioned_candidate
a3ec3ae4f7bfbb55238f,kashika_4_1.rs,sutra_4_1_98,498,4.1.98,kuYja,TasyaApatyam,iY,kOYji,1,positive,Descendant. (4.1.92),documented_english_gloss,source_conditioned_candidate
713ef42b388af80300ec,kashika_4_1.rs,sutra_4_1_99,503,4.1.99,naqa,Gotra,Pak,nAqAyana,1,positive,Patronymic lineage. (4.1.98),documented_english_gloss,source_conditioned_candidate
5b6299b996b3ca8a2564,kashika_4_1.rs,sutra_4_1_99,504,4.1.99,cara,Gotra,Pak,cArAyaRa,1,positive,Patronymic lineage. (4.1.98),documented_english_gloss,source_conditioned_candidate
c21f4fb1d87b5551b229,kashika_4_1.rs,sutra_4_1_99,506,4.1.99,naqa,TasyaApatyam,iY,nAqi,1,positive,Descendant. (4.1.92),documented_english_gloss,source_conditioned_candidate
ea86f8b2ebea81209421,kashika_4_1.rs,sutra_4_1_102,512,4.1.102,Saradvat,Gotra,Pak,SAradvatAyana,1,positive,Patronymic lineage. (4.1.98),documented_english_gloss,source_conditioned_candidate
a6613009137e741223c1,kashika_4_1.rs,sutra_4_1_102,513,4.1.102,Saradvat,Gotra,aY,SAradvata,1,positive,Patronymic lineage. (4.1.98),documented_english_gloss,source_conditioned_candidate
94a81a107fac14365d26,kashika_4_1.rs,sutra_4_1_102,514,4.1.102,Sunaka,Gotra,Pak,SOnakAyana,1,positive,Patronymic lineage. (4.1.98),documented_english_gloss,source_conditioned_candidate
8043b6ee5caa4eb69143,kashika_4_1.rs,sutra_4_1_102,515,4.1.102,Sunaka,Gotra,aY,SOnaka,1,positive,Patronymic lineage. (4.1.98),documented_english_gloss,source_conditioned_candidate
7dfca6393021e8d946aa,kashika_4_1.rs,sutra_4_1_102,516,4.1.102,darBa,Gotra,Pak,dArBAyaRa,1,positive,Patronymic lineage. (4.1.98),documented_english_gloss,source_conditioned_candidate
d1664e19d75e02cf6845,kashika_4_1.rs,sutra_4_1_102,517,4.1.102,darBa,TasyaApatyam,iY,dArBi,1,positive,Descendant. (4.1.92),documented_english_gloss,source_conditioned_candidate
338b9840f1b80bdc07d6,kashika_4_1.rs,sutra_4_1_103,522,4.1.103,droRa,Gotra,Pak,drORAyana,1,positive,Patronymic lineage. (4.1.98),documented_english_gloss,source_conditioned_candidate
50c530f2545e6a256f5e,kashika_4_1.rs,sutra_4_1_103,523,4.1.103,droRa,Gotra,iY,drORi,1,positive,Patronymic lineage. (4.1.98),documented_english_gloss,source_conditioned_candidate
2318966d0b271999d13c,kashika_4_1.rs,sutra_4_1_103,524,4.1.103,parvata,Gotra,Pak,pArvatAyana,1,positive,Patronymic lineage. (4.1.98),documented_english_gloss,source_conditioned_candidate
ee4970a7001df362ef20,kashika_4_1.rs,sutra_4_1_103,525,4.1.103,parvata,Gotra,iY,pArvati,1,positive,Patronymic lineage. (4.1.98),documented_english_gloss,source_conditioned_candidate
ac290c9c8e244917dffe,kashika_4_1.rs,sutra_4_1_103,526,4.1.103,jIvanta,Gotra,Pak,jEvantAyana,1,positive,Patronymic lineage. (4.1.98),documented_english_gloss,source_conditioned_candidate
a9ea05442c0d51041b58,kashika_4_1.rs,sutra_4_1_103,527,4.1.103,jIvanta,Gotra,iY,jEvanti,1,positive,Patronymic lineage. (4.1.98),documented_english_gloss,source_conditioned_candidate
976ede826f3b51a4e1f9,kashika_4_1.rs,sutra_4_1_104,532,4.1.104,bida,Gotra,aY,bEda,1,positive,Patronymic lineage. (4.1.98),documented_english_gloss,source_conditioned_candidate
96b4a4a4e50343d547ce,kashika_4_1.rs,sutra_4_1_104,533,4.1.104,urva,Gotra,aY,Orva,1,positive,Patronymic lineage. (4.1.98),documented_english_gloss,source_conditioned_candidate
c8f08ddf877d6e6f0893,kashika_4_1.rs,sutra_4_1_105,538,4.1.105,garga,Gotra,yaY,gArgya,1,positive,Patronymic lineage. (4.1.98),documented_english_gloss,source_conditioned_candidate
145d760e2dbc67498cf4,kashika_4_1.rs,sutra_4_1_105,539,4.1.105,vatsa,Gotra,yaY,vAtsya,1,positive,Patronymic lineage. (4.1.98),documented_english_gloss,source_conditioned_candidate
933e8f43d61ace7a8fa5,kashika_4_1.rs,sutra_4_1_106,544,4.1.106,maDu,Gotra,yaY,mADavya,1,positive,Patronymic lineage. (4.1.98),documented_english_gloss,source_conditioned_candidate
cd16e11f155ec7a624fb,kashika_4_1.rs,sutra_4_1_106,545,4.1.106,maDu,Gotra,aR,mADava,1,positive,Patronymic lineage. (4.1.98),documented_english_gloss,source_conditioned_candidate
701787723c6904e187e4,kashika_4_1.rs,sutra_4_1_106,546,4.1.106,baBru,Gotra,yaY,bABravya,1,positive,Patronymic lineage. (4.1.98),documented_english_gloss,source_conditioned_candidate
cc22ba24fe407c3e9fe8,kashika_4_1.rs,sutra_4_1_106,547,4.1.106,baBru,Gotra,aR,bABrava,1,positive,Patronymic lineage. (4.1.98),documented_english_gloss,source_conditioned_candidate
9a727f878fafed66d120,kashika_4_1.rs,sutra_4_1_107,553,4.1.107,kapi,Gotra,yaY,kApya,1,positive,Patronymic lineage. (4.1.98),documented_english_gloss,source_conditioned_candidate
6776145f2440ed9e314f,kashika_4_1.rs,sutra_4_1_107,554,4.1.107,boDa,Gotra,yaY,bODya,1,positive,Patronymic lineage. (4.1.98),documented_english_gloss,source_conditioned_candidate
e22e62432feaf3c98db4,kashika_4_1.rs,sutra_4_1_107,556,4.1.107,kapi,Gotra,Qak,kApeya,1,positive,Patronymic lineage. (4.1.98),documented_english_gloss,source_conditioned_candidate
b2588d720d658c14ec7b,kashika_4_1.rs,sutra_4_1_107,557,4.1.107,boDa,Gotra,iY,bODi,1,positive,Patronymic lineage. (4.1.98),documented_english_gloss,source_conditioned_candidate
8443bfe1d08ef21bd095,kashika_4_1.rs,sutra_4_1_108,563,4.1.108,vataRqa,Gotra,yaY,vAtaRqya,1,positive,Patronymic lineage. (4.1.98),documented_english_gloss,source_conditioned_candidate
4bab1b772b9c430b712a,kashika_4_1.rs,sutra_4_1_108,564,4.1.108,vataRqa,Gotra,aR,vAtaRqa,1,positive,Patronymic lineage. (4.1.98),documented_english_gloss,source_conditioned_candidate
84b65f84a6b3a4882460,kashika_4_1.rs,sutra_4_1_110,569,4.1.110,aSva,Gotra,PaY,ASvAyana,1,positive,Patronymic lineage. (4.1.98),documented_english_gloss,source_conditioned_candidate
8c1f3466dc681a85b328,kashika_4_1.rs,sutra_4_1_110,570,4.1.110,aSman,Gotra,PaY,ASmAyana,1,positive,Patronymic lineage. (4.1.98),documented_english_gloss,source_conditioned_candidate
82594404b4a8037a3e3c,kashika_4_1.rs,sutra_4_1_111,575,4.1.111,Barga,Gotra,PaY,BArgAyaRa,1,positive,Patronymic lineage. (4.1.98),documented_english_gloss,source_conditioned_candidate
bd6636637fc1c1c2b3ef,kashika_4_1.rs,sutra_4_1_111,576,4.1.111,Barga,Gotra,iY,BArgi,1,positive,Patronymic lineage. (4.1.98),documented_english_gloss,source_conditioned_candidate
78883cd3d959615f0a6c,kashika_4_1.rs,sutra_4_1_117,596,4.1.117,vikarRa,TasyaApatyam,aR,vEkarRa,1,positive,Descendant. (4.1.92),documented_english_gloss,source_conditioned_candidate
fd71754141b9effd14b8,kashika_4_1.rs,sutra_4_1_117,597,4.1.117,vikarRa,TasyaApatyam,iY,vEkarRi,1,positive,Descendant. (4.1.92),documented_english_gloss,source_conditioned_candidate
ee02b1c77ed78e27419e,kashika_4_1.rs,sutra_4_1_117,598,4.1.117,SuNga,TasyaApatyam,aR,SONga,1,positive,Descendant. (4.1.92),documented_english_gloss,source_conditioned_candidate
586a5479aa902ed0b1b4,kashika_4_1.rs,sutra_4_1_117,599,4.1.117,SuNga,TasyaApatyam,iY,SONgi,1,positive,Descendant. (4.1.92),documented_english_gloss,source_conditioned_candidate
838a3f0e3d5ee392876d,kashika_4_1.rs,sutra_4_1_117,600,4.1.117,Cagala,TasyaApatyam,aR,CAgala,1,positive,Descendant. (4.1.92),documented_english_gloss,source_conditioned_candidate
1fbecdf18fbcafe738c2,kashika_4_1.rs,sutra_4_1_117,601,4.1.117,Cagala,TasyaApatyam,iY,CAgali,1,positive,Descendant. (4.1.92),documented_english_gloss,source_conditioned_candidate
2b9ee9a9f6d914270854,kashika_4_1.rs,sutra_4_1_119,612,4.1.119,maRqUka,TasyaApatyam,aR,mARqUka,1,positive,Descendant. (4.1.92),documented_english_gloss,source_conditioned_candidate
29b3bdc95140346acc8f,kashika_4_1.rs,sutra_4_1_119,613,4.1.119,maRqUka,TasyaApatyam,iY,mARqUki,1,positive,Descendant. (4.1.92),documented_english_gloss,source_conditioned_candidate
96c1fc3220b7ea40fb13,kashika_4_1.rs,sutra_4_1_119,614,4.1.119,maRqUka,TasyaApatyam,Qak,mARqUkeya,1,positive,Descendant. (4.1.92),documented_english_gloss,source_conditioned_candidate
17f795d1df11c61f43ad,kashika_4_1.rs,sutra_4_1_122,636,4.1.122,atri,TasyaApatyam,Qak,Atreya,1,positive,Descendant. (4.1.92),documented_english_gloss,source_conditioned_candidate
80fe61b01dc57fd546ab,kashika_4_1.rs,sutra_4_1_122,637,4.1.122,niDi,TasyaApatyam,Qak,nEDeya,1,positive,Descendant. (4.1.92),documented_english_gloss,source_conditioned_candidate
bfa27ff56e5f03bf78c4,kashika_4_1.rs,sutra_4_1_122,639,4.1.122,dakza,TasyaApatyam,Qak,,0,negative,Descendant. (4.1.92),documented_english_gloss,source_negative_not_admitted
744274a28a560082f1f6,kashika_4_1.rs,sutra_4_1_122,640,4.1.122,dakza,TasyaApatyam,iY,dAkzi,1,positive,Descendant. (4.1.92),documented_english_gloss,source_conditioned_candidate
2b56dbe23c4e429c0689,kashika_4_1.rs,sutra_4_1_122,641,4.1.122,plakza,TasyaApatyam,Qak,,0,negative,Descendant. (4.1.92),documented_english_gloss,source_negative_not_admitted
548db0aa39381c7bf35e,kashika_4_1.rs,sutra_4_1_122,642,4.1.122,plakza,TasyaApatyam,iY,plAkzi,1,positive,Descendant. (4.1.92),documented_english_gloss,source_conditioned_candidate
79141387417b3036428a,kashika_4_1.rs,sutra_4_1_122,645,4.1.122,marIci,TasyaApatyam,Qak,,0,negative,Descendant. (4.1.92),documented_english_gloss,source_negative_not_admitted
08f6217bc15f6b38a9a3,kashika_4_1.rs,sutra_4_1_122,646,4.1.122,marIci,TasyaApatyam,aR,mArIca,1,positive,Descendant. (4.1.92),documented_english_gloss,source_conditioned_candidate
6784c15d63cbd23b52d2,kashika_4_1.rs,sutra_4_1_123,651,4.1.123,SuBra,TasyaApatyam,Qak,SOBreya,1,positive,Descendant. (4.1.92),documented_english_gloss,source_conditioned_candidate
637a2718a38fc1bca7e7,kashika_4_1.rs,sutra_4_1_123,652,4.1.123,vizwapura,TasyaApatyam,Qak,vEzwapureya,1,positive,Descendant. (4.1.92),documented_english_gloss,source_conditioned_candidate
9a760be0808b713433fb,kashika_4_1.rs,sutra_4_1_124,657,4.1.124,vikarRa,TasyaApatyam,Qak,vEkarReya,1,positive,Descendant. (4.1.92),documented_english_gloss,source_conditioned_candidate
ffba28e4bb83b3f65039,kashika_4_1.rs,sutra_4_1_124,658,4.1.124,kuzItaka,TasyaApatyam,Qak,kOzItakeya,1,positive,Descendant. (4.1.92),documented_english_gloss,source_conditioned_candidate
b03f0af1a572b5034cea,kashika_4_1.rs,sutra_4_1_124,659,4.1.124,vikarRa,TasyaApatyam,iY,vEkarRi,1,positive,Descendant. (4.1.92),documented_english_gloss,source_conditioned_candidate
e67fd4a6453d293e4396,kashika_4_1.rs,sutra_4_1_124,660,4.1.124,kuzItaka,TasyaApatyam,iY,kOzItaki,1,positive,Descendant. (4.1.92),documented_english_gloss,source_conditioned_candidate
2425e103c64badd750de,kashika_4_1.rs,sutra_4_1_125,666,4.1.125,BrU,TasyaApatyam,Qak,BrOveya,1,positive,Descendant. (4.1.92),documented_english_gloss,source_conditioned_candidate
b8e2bfdb21e9205c6103,kashika_4_1.rs,sutra_4_1_126,672,4.1.126,kalyARI,TasyaApatyam,Qak,kalyARineya,1,positive,Descendant. (4.1.92),documented_english_gloss,source_conditioned_candidate
e069b7b748dc33bb47eb,kashika_4_1.rs,sutra_4_1_126,673,4.1.126,suBagA,TasyaApatyam,Qak,sOBAgineya,1,positive,Descendant. (4.1.92),documented_english_gloss,source_conditioned_candidate
1642de69323808759815,kashika_4_1.rs,sutra_4_1_126,674,4.1.126,durBagA,TasyaApatyam,Qak,dOrBAgineya,1,positive,Descendant. (4.1.92),documented_english_gloss,source_conditioned_candidate
fb05c7235dc4ed9ba20e,kashika_4_1.rs,sutra_4_1_128,686,4.1.128,cawakA,TasyaApatyam,Erak,cAwakEra,1,positive,Descendant. (4.1.92),documented_english_gloss,source_conditioned_candidate
b7d3a139c6a37433fefd,kashika_4_1.rs,sutra_4_1_128_v1,691,4.1.128,cawaka,TasyaApatyam,Erak,cAwakEra,1,positive,Descendant. (4.1.92),documented_english_gloss,source_conditioned_candidate
1d001ef607daa00f5c08,kashika_4_1.rs,sutra_4_1_129,696,4.1.129,goDA,TasyaApatyam,Qrak,gODera,1,positive,Descendant. (4.1.92),documented_english_gloss,source_conditioned_candidate
4c103182b013ce5649b1,kashika_4_1.rs,sutra_4_1_129,697,4.1.129,goDA,TasyaApatyam,Qak,gODeya,1,positive,Descendant. (4.1.92),documented_english_gloss,source_conditioned_candidate
0ccfea71369b451c98a7,kashika_4_1.rs,sutra_4_1_130,702,4.1.130,goDA,TasyaApatyam,Arak,gODAra,1,positive,Descendant. (4.1.92),documented_english_gloss,source_conditioned_candidate
764895acc65bf969aaf0,kashika_4_1.rs,sutra_4_1_132,707,4.1.132,pitfzvasf,TasyaApatyam,CaR,pEtfzvasrIya,1,positive,Descendant. (4.1.92),documented_english_gloss,source_conditioned_candidate
f13fc79774da8b96ff61,kashika_4_1.rs,sutra_4_1_133,712,4.1.133,pitfzvasf,TasyaApatyam,Qak,pEtfzvaseya,1,positive,Descendant. (4.1.92),documented_english_gloss,source_conditioned_candidate
633aa182aaa5f12f672a,kashika_4_1.rs,sutra_4_1_134,717,4.1.134,mAtfzvasf,TasyaApatyam,CaR,mAtfzvasrIya,1,positive,Descendant. (4.1.92),documented_english_gloss,source_conditioned_candidate
da18314125f1285061b8,kashika_4_1.rs,sutra_4_1_134,718,4.1.134,mAtfzvasf,TasyaApatyam,Qak,mAtfzvaseya,1,positive,Descendant. (4.1.92),documented_english_gloss,source_conditioned_candidate
eec621782967c1881789,kashika_4_1.rs,sutra_4_1_136,723,4.1.136,gfzwi,TasyaApatyam,QaY,gArzweya,1,positive,Descendant. (4.1.92),documented_english_gloss,source_conditioned_candidate
5d50d773a8f92dbc57be,kashika_4_1.rs,sutra_4_1_136,724,4.1.136,hfzwi,TasyaApatyam,QaY,hArzweya,1,positive,Descendant. (4.1.92),documented_english_gloss,source_conditioned_candidate
0abf3c63fd406fdf3289,kashika_4_1.rs,sutra_4_1_137,730,4.1.137,rAjan,TasyaApatyam,yat,rAjanya,1,positive,Descendant. (4.1.92),documented_english_gloss,source_conditioned_candidate
234e5f4a3e363cf1eaf9,kashika_4_1.rs,sutra_4_1_137,731,4.1.137,SvaSura,TasyaApatyam,yat,SvaSurya,1,positive,Descendant. (4.1.92),documented_english_gloss,source_conditioned_candidate
4bf48527a8476afa1376,kashika_4_1.rs,sutra_4_1_138,736,4.1.138,kzatra,TasyaApatyam,Ga,kzatriya,1,positive,Descendant. (4.1.92),documented_english_gloss,source_conditioned_candidate
5f08955796624a1798ca,kashika_4_1.rs,sutra_4_1_139,741,4.1.139,kula,TasyaApatyam,Ka,kulIna,1,positive,Descendant. (4.1.92),documented_english_gloss,source_conditioned_candidate
6796f1c6685be18a2e52,kashika_4_1.rs,sutra_4_1_140,746,4.1.140,kula,TasyaApatyam,yat,kulya,1,positive,Descendant. (4.1.92),documented_english_gloss,source_conditioned_candidate
ea0ba1414b7d0bbab308,kashika_4_1.rs,sutra_4_1_140,747,4.1.140,kula,TasyaApatyam,QakaY,kOleyaka,1,positive,Descendant. (4.1.92),documented_english_gloss,source_conditioned_candidate
f33aa59b37781ea94d48,kashika_4_1.rs,sutra_4_1_140,748,4.1.140,kula,TasyaApatyam,Ka,kulIna,1,positive,Descendant. (4.1.92),documented_english_gloss,source_conditioned_candidate
ebad7ece67a67676cee0,kashika_4_1.rs,sutra_4_1_141,753,4.1.141,mahAkula,TasyaApatyam,aY,mAhAkula,1,positive,Descendant. (4.1.92),documented_english_gloss,source_conditioned_candidate
f8fb5e46c6603fbe7d1e,kashika_4_1.rs,sutra_4_1_141,754,4.1.141,mahAkula,TasyaApatyam,KaY,mAhAkulIna,1,positive,Descendant. (4.1.92),documented_english_gloss,source_conditioned_candidate
7516ef670b859ba355dd,kashika_4_1.rs,sutra_4_1_141,755,4.1.141,mahAkula,TasyaApatyam,Ka,mahAkulIna,1,positive,Descendant. (4.1.92),documented_english_gloss,source_conditioned_candidate
ebe539630666deadcf34,kashika_4_1.rs,sutra_4_1_142,760,4.1.142,duzkula,TasyaApatyam,Qak,dOzkuleya,1,positive,Descendant. (4.1.92),documented_english_gloss,source_conditioned_candidate
e028522cc12e71ab79ba,kashika_4_1.rs,sutra_4_1_142,761,4.1.142,duzkula,TasyaApatyam,Ka,duzkulIna,1,positive,Descendant. (4.1.92),documented_english_gloss,source_conditioned_candidate
41f07586a59e796c7073,kashika_4_1.rs,sutra_4_1_143,766,4.1.143,svasf,TasyaApatyam,Ca,svasrIya,1,positive,Descendant. (4.1.92),documented_english_gloss,source_conditioned_candidate
bed84ebb7a23bd785b61,kashika_4_1.rs,sutra_4_1_144,771,4.1.144,BrAtf,TasyaApatyam,Ca,BrAtrIya,1,positive,Descendant. (4.1.92),documented_english_gloss,source_conditioned_candidate
3e42d0fc750c92637305,kashika_4_1.rs,sutra_4_1_144,772,4.1.144,BrAtf,TasyaApatyam,vyat,BrAtfvya,1,positive,Descendant. (4.1.92),documented_english_gloss,source_conditioned_candidate
942e731ce468186affd9,kashika_4_1.rs,sutra_4_1_145,777,4.1.145,BrAtf,TasyaApatyam,vyan,BrAtfvya,1,positive,Descendant. (4.1.92),documented_english_gloss,source_conditioned_candidate
3efd9835909a74a9d17e,kashika_4_1.rs,sutra_4_1_146,782,4.1.146,revatI,TasyaApatyam,Wak,rEvatika,1,positive,Descendant. (4.1.92),documented_english_gloss,source_conditioned_candidate
8656d2ff42459b49c673,kashika_4_1.rs,sutra_4_1_146,783,4.1.146,aSvapAlI,TasyaApatyam,Wak,ASvapAlika,1,positive,Descendant. (4.1.92),documented_english_gloss,source_conditioned_candidate
6f5c5d7967da9f66faa6,kashika_4_1.rs,sutra_4_1_157,788,4.1.157,Amragupta,TasyaApatyam,PiY,AmraguptAyani,1,positive,Descendant. (4.1.92),documented_english_gloss,source_conditioned_candidate
aa9fdcccbd429a26bb85,kashika_4_1.rs,sutra_4_1_157,789,4.1.157,grAmarakza,TasyaApatyam,PiY,grAmarakzAyaRi,1,positive,Descendant. (4.1.92),documented_english_gloss,source_conditioned_candidate
c656639030f59f39e610,kashika_4_1.rs,sutra_4_1_158,794,4.1.158,vAkina,TasyaApatyam,PiY,vAkinakAyani,1,positive,Descendant. (4.1.92),documented_english_gloss,source_conditioned_candidate
d5c9fb7927ea828d74e3,kashika_4_1.rs,sutra_4_1_158,795,4.1.158,vAkina,TasyaApatyam,iY,vAkini,1,positive,Descendant. (4.1.92),documented_english_gloss,source_conditioned_candidate
5dbdf023630cbb06bd66,kashika_4_1.rs,sutra_4_1_158,796,4.1.158,gAreDa,TasyaApatyam,PiY,gAreDakAyani,1,positive,Descendant. (4.1.92),documented_english_gloss,source_conditioned_candidate
00135e6929dc23be8e3c,kashika_4_1.rs,sutra_4_1_158,797,4.1.158,gAreDa,TasyaApatyam,iY,gAreDi,1,positive,Descendant. (4.1.92),documented_english_gloss,source_conditioned_candidate
10382bb894a7bd382b63,kashika_4_1.rs,sutra_4_1_159,808,4.1.159,gArgIputra,TasyaApatyam,iY,gArgIputri,1,positive,Descendant. (4.1.92),documented_english_gloss,source_conditioned_candidate
fd5aef6ab4dd20480e42,kashika_4_1.rs,sutra_4_1_159,815,4.1.159,vAtsIputra,TasyaApatyam,iY,vAtsIputri,1,positive,Descendant. (4.1.92),documented_english_gloss,source_conditioned_candidate
818a5f631aaf64a1c360,kashika_4_1.rs,sutra_4_1_161,820,4.1.161,manu,Jatau,aY,mAnuza,1,positive,A class. (4.1.161),documented_english_gloss,source_conditioned_candidate
b25ed607d5c7adfa15e3,kashika_4_1.rs,sutra_4_1_161,821,4.1.161,manu,Jatau,yat,manuzya,1,positive,A class. (4.1.161),documented_english_gloss,source_conditioned_candidate
d1bb55dc330132f4c807,kashika_4_1.rs,sutra_4_1_161,823,4.1.161,manu,TasyaApatyam,aR,mAnava,1,positive,Descendant. (4.1.92),documented_english_gloss,source_conditioned_candidate
07228b9b34804f60061c,kashika_4_1.rs,sutra_4_1_162,829,4.1.162,garga,Gotra,yaY,gArgya,1,positive,Patronymic lineage. (4.1.98),documented_english_gloss,source_conditioned_candidate
b5e5356042022cee5fa4,kashika_4_1.rs,sutra_4_1_162,830,4.1.162,vatsa,Gotra,yaY,vAtsya,1,positive,Patronymic lineage. (4.1.98),documented_english_gloss,source_conditioned_candidate
de2c527cba4229604a82,kashika_4_1.rs,sutra_4_1_162,832,4.1.162,kuYja,TasyaApatyam,iY,kOYji,1,positive,Descendant. (4.1.92),documented_english_gloss,source_conditioned_candidate
da549aac567934be7136,kashika_4_1.rs,sutra_4_1_162,833,4.1.162,garga,TasyaApatyam,iY,gArgi,1,positive,Descendant. (4.1.92),documented_english_gloss,source_conditioned_candidate
64d57d9831aa100c7ec5,kashika_4_1.rs,sutra_4_1_168,838,4.1.168,paYcAla,Janapada,aY,pAYcAla,1,positive,Country. (4.1.168),documented_english_gloss,source_conditioned_candidate
1c13dcabcb908038e8ab,kashika_4_1.rs,sutra_4_1_168,839,4.1.168,ikzvAku,Janapada,aY,EkzvAka,1,positive,Country. (4.1.168),documented_english_gloss,source_conditioned_candidate
8bafa7a5eafc58f8c711,kashika_4_1.rs,sutra_4_1_168,840,4.1.168,videha,Janapada,aY,vEdeha,1,positive,Country. (4.1.168),documented_english_gloss,source_conditioned_candidate
1baaa13a3d6dd7eb8735,kashika_4_1.rs,sutra_4_1_168,842,4.1.168,druhyu,TasyaApatyam,aR,drOhyava,1,positive,Descendant. (4.1.92),documented_english_gloss,source_conditioned_candidate
72e241451be078811289,kashika_4_1.rs,sutra_4_1_168,843,4.1.168,puru,TasyaApatyam,aR,pOrava,1,positive,Descendant. (4.1.92),documented_english_gloss,source_conditioned_candidate
ff3cf1b028e08b0b3572,kashika_4_1.rs,sutra_4_1_168,847,4.1.168,videha,TasyaApatyam,iY,vEdehi,1,positive,Descendant. (4.1.92),documented_english_gloss,source_conditioned_candidate
ea4294b205cff40ad9f5,kashika_4_1.rs,sutra_4_1_169,852,4.1.169,sAlveya,Janapada,aY,sAlveya,1,positive,Country. (4.1.168),documented_english_gloss,source_conditioned_candidate
c97ff3318d55d29c4ded,kashika_4_1.rs,sutra_4_1_169,853,4.1.169,gAnDAri,Janapada,aY,gAnDAra,1,positive,Country. (4.1.168),documented_english_gloss,source_conditioned_candidate
22c8f24d2710d8c73d7c,kashika_4_1.rs,sutra_4_1_170,858,4.1.170,aNga,Janapada,aR,ANga,1,positive,Country. (4.1.168),documented_english_gloss,source_conditioned_candidate
a1e5e5e7f9fdadc9c231,kashika_4_1.rs,sutra_4_1_170,859,4.1.170,vaNga,Janapada,aR,vANga,1,positive,Country. (4.1.168),documented_english_gloss,source_conditioned_candidate
18c4469b9797760830f6,kashika_4_1.rs,sutra_4_1_170,860,4.1.170,magaDa,Janapada,aR,mAgaDa,1,positive,Country. (4.1.168),documented_english_gloss,source_conditioned_candidate
4c2e5b1d8170c9b75254,kashika_4_1.rs,sutra_4_1_170,861,4.1.170,kaliNga,Janapada,aR,kAliNga,1,positive,Country. (4.1.168),documented_english_gloss,source_conditioned_candidate
2cfa2c7014271eaf016d,kashika_4_1.rs,sutra_4_1_170,862,4.1.170,sUramasa,Janapada,aR,sOramasa,1,positive,Country. (4.1.168),documented_english_gloss,source_conditioned_candidate
2df69d98ffbccc06b30d,kashika_4_1.rs,sutra_4_1_171,872,4.1.171,AmbazWa,Janapada,YyaN,AmbazWya,1,positive,Country. (4.1.168),documented_english_gloss,source_conditioned_candidate
1bbe952eaa47dcdff83c,kashika_4_1.rs,sutra_4_1_171,873,4.1.171,sOvIra,Janapada,YyaN,sOvIrya,1,positive,Country. (4.1.168),documented_english_gloss,source_conditioned_candidate
4b26b2a613cf0ad6b223,kashika_4_1.rs,sutra_4_1_171,874,4.1.171,avanti,Janapada,YyaN,Avantya,1,positive,Country. (4.1.168),documented_english_gloss,source_conditioned_candidate
faa2c31f697fc0bd9459,kashika_4_1.rs,sutra_4_1_171,875,4.1.171,kunti,Janapada,YyaN,kOntya,1,positive,Country. (4.1.168),documented_english_gloss,source_conditioned_candidate
34b9b937d1b1a02da118,kashika_4_1.rs,sutra_4_1_171,876,4.1.171,kosala,Janapada,YyaN,kOsalya,1,positive,Country. (4.1.168),documented_english_gloss,source_conditioned_candidate
344a863e2a292e79e0c3,kashika_4_1.rs,sutra_4_1_171,877,4.1.171,ajAda,Janapada,YyaN,AjAdya,1,positive,Country. (4.1.168),documented_english_gloss,source_conditioned_candidate
ce2aef5024aea1db3269,kashika_4_1.rs,sutra_4_1_172,883,4.1.172,kuru,Janapada,Rya,kOravya,1,positive,Country. (4.1.168),documented_english_gloss,source_conditioned_candidate
d06f53afff17a4a08e0a,kashika_4_1.rs,sutra_4_1_172,884,4.1.172,nizaDa,Janapada,Rya,nEzaDya,1,positive,Country. (4.1.168),documented_english_gloss,source_conditioned_candidate
e390ae32753cb88d41ee,kashika_4_1.rs,sutra_4_1_173,891,4.1.173,udumbarA,Janapada,iY,Odumbari,1,positive,Country. (4.1.168),documented_english_gloss,source_conditioned_candidate
6866578c00008d87c8ab,kashika_4_1.rs,sutra_4_1_173,892,4.1.173,tilaKalA,Janapada,iY,tElaKali,1,positive,Country. (4.1.168),documented_english_gloss,source_conditioned_candidate
53af4631b025112bbf86,kashika_4_1.rs,sutra_4_1_173,893,4.1.173,madrakArA,Janapada,iY,mAdrakAri,1,positive,Country. (4.1.168),documented_english_gloss,source_conditioned_candidate
7896bd0e288369e38ad5,kashika_4_1.rs,sutra_4_1_173,894,4.1.173,yuganDarA,Janapada,iY,yOganDari,1,positive,Country. (4.1.168),documented_english_gloss,source_conditioned_candidate
3dd3c72d4c01aabbe5ec,kashika_4_1.rs,sutra_4_1_173,895,4.1.173,BuliNgA,Janapada,iY,BOliNgi,1,positive,Country. (4.1.168),documented_english_gloss,source_conditioned_candidate
f8c0eae890b634f8a4f3,kashika_4_1.rs,sutra_4_1_173,896,4.1.173,SaradaRqA,Janapada,iY,SAradaRqi,1,positive,Country. (4.1.168),documented_english_gloss,source_conditioned_candidate
6cc0df00af4d76b0ea46,kashika_4_1.rs,sutra_4_1_173,898,4.1.173,pratyagraTa,Janapada,iY,prAtyagraTi,1,positive,Country. (4.1.168),documented_english_gloss,source_conditioned_candidate
0bf1a12914300c669512,kashika_4_1.rs,sutra_4_1_173,899,4.1.173,kalakUwa,Janapada,iY,kAlakUwi,1,positive,Country. (4.1.168),documented_english_gloss,source_conditioned_candidate
5266bbc189daadf942d0,kashika_4_1.rs,sutra_4_1_173,900,4.1.173,aSmaka,Janapada,iY,ASmaki,1,positive,Country. (4.1.168),documented_english_gloss,source_conditioned_candidate
ddafaa700ed633945783,kashika_4_1.rs,sutra_4_1_175,905,4.1.175,kamboja,Janapada,aY,kamboja,1,positive,Country. (4.1.168),documented_english_gloss,source_conditioned_candidate
b2ced6c9f284f5d1ed8e,kashika_4_2.rs,sutra_4_2_1,14,4.2.1,kazAya,TenaRaktam,aR,kAzAya,1,positive,One dyed by this. (4.2.1),documented_english_gloss,source_conditioned_candidate
31adb3039e282c04b34a,kashika_4_2.rs,sutra_4_2_1,15,4.2.1,maYjizWa,TenaRaktam,aR,mAYjizWa,1,positive,One dyed by this. (4.2.1),documented_english_gloss,source_conditioned_candidate
0f47493cd38af83aba4b,kashika_4_2.rs,sutra_4_2_1,16,4.2.1,kusumBa,TenaRaktam,aR,kOsumBa,1,positive,One dyed by this. (4.2.1),documented_english_gloss,source_conditioned_candidate
542827d752ca8e5de702,kashika_4_2.rs,sutra_4_2_2,21,4.2.2,lAkzA,TenaRaktam,Wak,lAkzika,1,positive,One dyed by this. (4.2.1),documented_english_gloss,source_conditioned_candidate
a2a2e04b5ac1bcb26bf8,kashika_4_2.rs,sutra_4_2_2,22,4.2.2,rocanA,TenaRaktam,Wak,rOcanika,1,positive,One dyed by this. (4.2.1),documented_english_gloss,source_conditioned_candidate
8e95f40d4112625d47dc,kashika_4_2.rs,sutra_4_2_2,23,4.2.2,Sakala,TenaRaktam,Wak,SAkalika,1,positive,One dyed by this. (4.2.1),documented_english_gloss,source_conditioned_candidate
138af65ced75ddd45a9a,kashika_4_2.rs,sutra_4_2_2,24,4.2.2,kardamA,TenaRaktam,Wak,kArdamika,1,positive,One dyed by this. (4.2.1),documented_english_gloss,source_conditioned_candidate
bc09d98b8e56792ab16e,kashika_4_2.rs,sutra_4_2_16,29,4.2.16,BrAzwa,SamskrtamBhaksha,aR,BrAzwa,1,positive,Food that is prepared with this vessel or medium. (4.2.16),documented_english_gloss,source_conditioned_candidate
e614842be8d29a887c47,kashika_4_2.rs,sutra_4_2_16,30,4.2.16,kalaSa,SamskrtamBhaksha,aR,kAlaSa,1,positive,Food that is prepared with this vessel or medium. (4.2.16),documented_english_gloss,source_conditioned_candidate
c39cf006a9ec39cf6442,kashika_4_2.rs,sutra_4_2_16,31,4.2.16,kumBa,SamskrtamBhaksha,aR,kOmBa,1,positive,Food that is prepared with this vessel or medium. (4.2.16),documented_english_gloss,source_conditioned_candidate
d0bf2297280efe5e71b8,kashika_4_2.rs,sutra_4_2_17,36,4.2.17,SUla,SamskrtamBhaksha,yat,SUlya,1,positive,Food that is prepared with this vessel or medium. (4.2.16),documented_english_gloss,source_conditioned_candidate
3ebc4c9122ee2ccd901d,kashika_4_2.rs,sutra_4_2_17,37,4.2.17,uKA,SamskrtamBhaksha,yat,uKya,1,positive,Food that is prepared with this vessel or medium. (4.2.16),documented_english_gloss,source_conditioned_candidate
16ebba5f5072c40c89ec,kashika_4_2.rs,sutra_4_2_18,42,4.2.18,daDi,SamskrtamBhaksha,Wak,dADika,1,positive,Food that is prepared with this vessel or medium. (4.2.16),documented_english_gloss,source_conditioned_candidate
21e478a8d5a977c1343f,kashika_4_2.rs,sutra_4_2_19,47,4.2.19,udaSvit,SamskrtamBhaksha,Wak,OdaSvitka,1,positive,Food that is prepared with this vessel or medium. (4.2.16),documented_english_gloss,source_conditioned_candidate
9584da8a11b24672a56d,kashika_4_2.rs,sutra_4_2_19,48,4.2.19,udaSvit,SamskrtamBhaksha,aR,OdaSvita,1,positive,Food that is prepared with this vessel or medium. (4.2.16),documented_english_gloss,source_conditioned_candidate
098ca79f627f179d635c,kashika_4_2.rs,sutra_4_2_20,53,4.2.20,kzIra,SamskrtamBhaksha,QaY,kzEreya,1,positive,Food that is prepared with this vessel or medium. (4.2.16),documented_english_gloss,source_conditioned_candidate
7ca240f659e8c2276f53,kashika_4_2.rs,sutra_4_2_24,58,4.2.24,indra,SaAsyaDevata,aR,Endra,1,positive,Having this as a god. (4.2.24),documented_english_gloss,source_conditioned_candidate
9978331354caf9ef53db,kashika_4_2.rs,sutra_4_2_24,59,4.2.24,aditi,SaAsyaDevata,Rya,Aditya,1,positive,Having this as a god. (4.2.24),documented_english_gloss,source_conditioned_candidate
e3407affd363c0759e51,kashika_4_2.rs,sutra_4_2_24,60,4.2.24,bfhaspati,SaAsyaDevata,Rya,bArhaspatya,1,positive,Having this as a god. (4.2.24),documented_english_gloss,source_conditioned_candidate
2186122f495bd84a0d60,kashika_4_2.rs,sutra_4_2_24,61,4.2.24,prajApati,SaAsyaDevata,Rya,prAjApatya,1,positive,Having this as a god. (4.2.24),documented_english_gloss,source_conditioned_candidate
3f87af51d4327b23fff0,kashika_4_2.rs,sutra_4_2_25,66,4.2.25,ka,SaAsyaDevata,aR,kAya,1,positive,Having this as a god. (4.2.24),documented_english_gloss,source_conditioned_candidate
8c4a3f2add3bee9e4a4c,kashika_4_2.rs,sutra_4_2_26,71,4.2.26,Sukra,SaAsyaDevata,Gan,Sukriya,1,positive,Having this as a god. (4.2.24),documented_english_gloss,source_conditioned_candidate
b445eedf305c781815e1,kashika_4_2.rs,sutra_4_2_27,76,4.2.27,aponaptAt,SaAsyaDevata,Ga,aponaptriya,1,positive,Having this as a god. (4.2.24),documented_english_gloss,source_conditioned_candidate
ef8de696bd6809a44b96,kashika_4_2.rs,sutra_4_2_27,77,4.2.27,apAnnaptAt,SaAsyaDevata,Ga,apAnnaptriya,1,positive,Having this as a god. (4.2.24),documented_english_gloss,source_conditioned_candidate
472a5a15410a379c6f99,kashika_4_2.rs,sutra_4_2_28,82,4.2.28,aponaptAt,SaAsyaDevata,Ca,aponaptrIya,1,positive,Having this as a god. (4.2.24),documented_english_gloss,source_conditioned_candidate
8a19e3fad0420d180f4f,kashika_4_2.rs,sutra_4_2_28,83,4.2.28,apAnnaptAt,SaAsyaDevata,Ca,apAnnaptrIya,1,positive,Having this as a god. (4.2.24),documented_english_gloss,source_conditioned_candidate
9b4a796ba93640262de3,kashika_4_2.rs,sutra_4_2_28_v2,88,4.2.28,Satarudra,SaAsyaDevata,Ga,Satarudriya,1,positive,Having this as a god. (4.2.24),documented_english_gloss,source_conditioned_candidate
36a70922f735f4b7a6db,kashika_4_2.rs,sutra_4_2_28_v2,89,4.2.28,Satarudra,SaAsyaDevata,Ca,SatarudrIya,1,positive,Having this as a god. (4.2.24),documented_english_gloss,source_conditioned_candidate
d711c0722b73f5cff5a0,kashika_4_2.rs,sutra_4_2_29,94,4.2.29,mahendra,SaAsyaDevata,Ga,mahendriya,1,positive,Having this as a god. (4.2.24),documented_english_gloss,source_conditioned_candidate
391b6b764cd3627502ef,kashika_4_2.rs,sutra_4_2_29,95,4.2.29,mahendra,SaAsyaDevata,aR,mAhendra,1,positive,Having this as a god. (4.2.24),documented_english_gloss,source_conditioned_candidate
78bb95b8d68a54b4d8db,kashika_4_2.rs,sutra_4_2_29,96,4.2.29,mahendra,SaAsyaDevata,Ca,mahendrIya,1,positive,Having this as a god. (4.2.24),documented_english_gloss,source_conditioned_candidate
2c58c21535cf73888bfa,kashika_4_2.rs,sutra_4_2_30,101,4.2.30,soma,SaAsyaDevata,wyaR,sOmya,1,positive,Having this as a god. (4.2.24),documented_english_gloss,source_conditioned_candidate
fafde822f761c9b4847b,kashika_4_2.rs,sutra_4_2_31,106,4.2.31,vAyu,SaAsyaDevata,yat,vAyavya,1,positive,Having this as a god. (4.2.24),documented_english_gloss,source_conditioned_candidate
057e162d6d49475c47bb,kashika_4_2.rs,sutra_4_2_31,107,4.2.31,ftu,SaAsyaDevata,yat,ftavya,1,positive,Having this as a god. (4.2.24),documented_english_gloss,source_conditioned_candidate
212ef1fe0f11f3175afd,kashika_4_2.rs,sutra_4_2_31,108,4.2.31,pitf,SaAsyaDevata,yat,pitrya,1,positive,Having this as a god. (4.2.24),documented_english_gloss,source_conditioned_candidate
21bc20dc090393ab392c,kashika_4_2.rs,sutra_4_2_31,109,4.2.31,uzas,SaAsyaDevata,yat,uzasya,1,positive,Having this as a god. (4.2.24),documented_english_gloss,source_conditioned_candidate
2a9a5a342a3aca2b7731,kashika_4_2.rs,sutra_4_2_33,130,4.2.33,agni,SaAsyaDevata,Qak,Agneya,1,positive,Having this as a god. (4.2.24),documented_english_gloss,source_conditioned_candidate
2b6b6e7f450ecb225549,kashika_4_2.rs,sutra_4_2_35,135,4.2.35,mahArAja,SaAsyaDevata,WaY,mAhArAjika,1,positive,Having this as a god. (4.2.24),documented_english_gloss,source_conditioned_candidate
086dd9cb4a9f88930490,kashika_4_2.rs,sutra_4_2_35,136,4.2.35,prozWapada,SaAsyaDevata,WaY,prOzWapadika,1,positive,Having this as a god. (4.2.24),documented_english_gloss,source_conditioned_candidate
9508d7f42deea1c7ee5b,kashika_4_2.rs,sutra_4_2_37,141,4.2.37,kAka,TasyaSamuha,aR,kAka,1,positive,A collection of this. (4.2.37),documented_english_gloss,source_conditioned_candidate
20a69ccd8550307486e7,kashika_4_2.rs,sutra_4_2_37,142,4.2.37,baka,TasyaSamuha,aR,bAka,1,positive,A collection of this. (4.2.37),documented_english_gloss,source_conditioned_candidate
4f11afe17525fb427f8e,kashika_4_2.rs,sutra_4_2_38,147,4.2.38,BikzA,TasyaSamuha,aR,BEkza,1,positive,A collection of this. (4.2.37),documented_english_gloss,source_conditioned_candidate
b61f3a1bcae79878b705,kashika_4_2.rs,sutra_4_2_38,148,4.2.38,garBiRI,TasyaSamuha,aR,gArBiRa,1,positive,A collection of this. (4.2.37),documented_english_gloss,source_conditioned_candidate
123458dfde626737f607,kashika_4_2.rs,sutra_4_2_38,149,4.2.38,yuvati,TasyaSamuha,aR,yOvata,1,positive,A collection of this. (4.2.37),documented_english_gloss,source_conditioned_candidate
b332d15c4d30afbf20d6,kashika_4_2.rs,sutra_4_2_40,154,4.2.40,kedAra,TasyaSamuha,vuY,kEdAraka,1,positive,A collection of this. (4.2.37),documented_english_gloss,source_conditioned_candidate
6f98df9554b25c79f074,kashika_4_2.rs,sutra_4_2_40,155,4.2.40,kedAra,TasyaSamuha,yaY,kEdArya,1,positive,A collection of this. (4.2.37),documented_english_gloss,source_conditioned_candidate
8d2209fae162c3640638,kashika_4_2.rs,sutra_4_2_40_v1,160,4.2.40,gaRikA,TasyaSamuha,yaY,gARikya,1,positive,A collection of this. (4.2.37),documented_english_gloss,source_conditioned_candidate
e4d65aef649804dd1457,kashika_4_2.rs,sutra_4_2_41,165,4.2.41,kavacin,TasyaSamuha,WaY,kAvacika,1,positive,A collection of this. (4.2.37),documented_english_gloss,source_conditioned_candidate
7801f2d1852834503070,kashika_4_2.rs,sutra_4_2_41,166,4.2.41,kedAra,TasyaSamuha,WaY,kEdArika,1,positive,A collection of this. (4.2.37),documented_english_gloss,source_conditioned_candidate
dae3fa9c6e30e91f7bc4,kashika_4_2.rs,sutra_4_2_42,171,4.2.42,brAhmaRa,TasyaSamuha,yan,brAhmaRya,1,positive,A collection of this. (4.2.37),documented_english_gloss,source_conditioned_candidate
f14db6aa39cc0718d412,kashika_4_2.rs,sutra_4_2_42,172,4.2.42,mARava,TasyaSamuha,yan,mARavya,1,positive,A collection of this. (4.2.37),documented_english_gloss,source_conditioned_candidate
c298312f3a167f2e424d,kashika_4_2.rs,sutra_4_2_42,173,4.2.42,vAqava,TasyaSamuha,yan,vAqavya,1,positive,A collection of this. (4.2.37),documented_english_gloss,source_conditioned_candidate
828755509d7025d2a462,kashika_4_2.rs,sutra_4_2_42_v1,178,4.2.42,pfzWa,TasyaSamuha,yan,pfzWya,1,positive,A collection of this. (4.2.37),documented_english_gloss,source_conditioned_candidate
cf04708498b985fddabb,kashika_4_2.rs,sutra_4_2_43,183,4.2.43,grAma,TasyaSamuha,tal,grAmatA,1,positive,A collection of this. (4.2.37),documented_english_gloss,source_conditioned_candidate
15394a9c20682d5f95f2,kashika_4_2.rs,sutra_4_2_43,184,4.2.43,jana,TasyaSamuha,tal,janatA,1,positive,A collection of this. (4.2.37),documented_english_gloss,source_conditioned_candidate
af8acf0d05f3e8301ed1,kashika_4_2.rs,sutra_4_2_43,185,4.2.43,banDu,TasyaSamuha,tal,banDutA,1,positive,A collection of this. (4.2.37),documented_english_gloss,source_conditioned_candidate
9dd2530365683b277f25,kashika_4_2.rs,sutra_4_2_43,186,4.2.43,sahAya,TasyaSamuha,tal,sahAyatA,1,positive,A collection of this. (4.2.37),documented_english_gloss,source_conditioned_candidate
61611dd515bcdf367fb9,kashika_4_2.rs,sutra_4_2_43_v1,191,4.2.43,gaja,TasyaSamuha,tal,gajatA,1,positive,A collection of this. (4.2.37),documented_english_gloss,source_conditioned_candidate
65fcf588792b24619723,kashika_4_2.rs,sutra_4_2_45,196,4.2.45,KaRqikA,TasyaSamuha,aY,KARqika,1,positive,A collection of this. (4.2.37),documented_english_gloss,source_conditioned_candidate
dfac62f2d6d039bbe9e4,kashika_4_2.rs,sutra_4_2_45,197,4.2.45,vaqavA,TasyaSamuha,aY,vAqava,1,positive,A collection of this. (4.2.37),documented_english_gloss,source_conditioned_candidate
73fb6ca1c8332524c10f,kashika_4_2.rs,sutra_4_2_48,202,4.2.48,keSa,TasyaSamuha,yaY,kESya,1,positive,A collection of this. (4.2.37),documented_english_gloss,source_conditioned_candidate
ad4ee9fdbb2bac56e154,kashika_4_2.rs,sutra_4_2_48,203,4.2.48,keSa,TasyaSamuha,Wak,kESika,1,positive,A collection of this. (4.2.37),documented_english_gloss,source_conditioned_candidate
cc9a619fbaf4cd90fe45,kashika_4_2.rs,sutra_4_2_48,204,4.2.48,aSva,TasyaSamuha,Ca,aSvIya,1,positive,A collection of this. (4.2.37),documented_english_gloss,source_conditioned_candidate
caefec10d228ee012008,kashika_4_2.rs,sutra_4_2_48,205,4.2.48,aSva,TasyaSamuha,aR,ASva,1,positive,A collection of this. (4.2.37),documented_english_gloss,source_conditioned_candidate
8ad2be8caf8ddda2e6ed,kashika_4_2.rs,sutra_4_2_49,210,4.2.49,pASa,TasyaSamuha,ya,pASyA,1,positive,A collection of this. (4.2.37),documented_english_gloss,source_conditioned_candidate
42f6e28bbea137b46bab,kashika_4_2.rs,sutra_4_2_49,211,4.2.49,tfRa,TasyaSamuha,ya,tfRyA,1,positive,A collection of this. (4.2.37),documented_english_gloss,source_conditioned_candidate
2b989da80bba4426b6ed,kashika_4_2.rs,sutra_4_2_50,216,4.2.50,Kala,TasyaSamuha,ya,KalyA,1,positive,A collection of this. (4.2.37),documented_english_gloss,source_conditioned_candidate
a767ddb587b98da4d269,kashika_4_2.rs,sutra_4_2_50,217,4.2.50,go,TasyaSamuha,ya,gavyA,1,positive,A collection of this. (4.2.37),documented_english_gloss,source_conditioned_candidate
067e45a660ce710c8dd9,kashika_4_2.rs,sutra_4_2_50,218,4.2.50,raTa,TasyaSamuha,ya,raTyA,1,positive,A collection of this. (4.2.37),documented_english_gloss,source_conditioned_candidate
11e605f25e1a8760ae46,kashika_4_2.rs,sutra_4_2_52,224,4.2.52,Sibi,TasyaVishayoDeshe,aR,SEba,1,positive,A domain of this. (4.2.52),documented_english_gloss,source_conditioned_candidate
ae4d206928906cf9f0fd,kashika_4_2.rs,sutra_4_2_52,225,4.2.52,uzwra,TasyaVishayoDeshe,aR,Ozwra,1,positive,A domain of this. (4.2.52),documented_english_gloss,source_conditioned_candidate
e1dfc42d99d9200a0f44,kashika_4_2.rs,sutra_4_2_53,231,4.2.53,rAjanya,TasyaVishayoDeshe,vuY,rAjanyaka,1,positive,A domain of this. (4.2.52),documented_english_gloss,source_conditioned_candidate
5952f4d0cc3f922ac261,kashika_4_2.rs,sutra_4_2_53,232,4.2.53,devayAna,TasyaVishayoDeshe,vuY,dEvayAnaka,1,positive,A domain of this. (4.2.52),documented_english_gloss,source_conditioned_candidate
495b24244f98b48d98b6,kashika_4_2.rs,sutra_4_2_53,233,4.2.53,mAlava,TasyaVishayoDeshe,vuY,mAlavaka,1,positive,A domain of this. (4.2.52),documented_english_gloss,source_conditioned_candidate
b927a2fe9e32f35b30e8,kashika_4_2.rs,sutra_4_2_53,234,4.2.53,virAwa,TasyaVishayoDeshe,vuY,vErAwaka,1,positive,A domain of this. (4.2.52),documented_english_gloss,source_conditioned_candidate
51b02983d867ce3bef62,kashika_4_2.rs,sutra_4_2_53,235,4.2.53,trigarta,TasyaVishayoDeshe,vuY,trEgartaka,1,positive,A domain of this. (4.2.52),documented_english_gloss,source_conditioned_candidate
18dae34ac9468ecfbbd1,kashika_4_2.rs,sutra_4_2_54,242,4.2.54,BOriki,TasyaVishayoDeshe,viDal,BOrikiviDa,1,positive,A domain of this. (4.2.52),documented_english_gloss,source_conditioned_candidate
e4f8a495b97fc7ea2c77,kashika_4_2.rs,sutra_4_2_54,243,4.2.54,vEpeya,TasyaVishayoDeshe,viDal,vEpeyaviDa,1,positive,A domain of this. (4.2.52),documented_english_gloss,source_conditioned_candidate
08cea4adc3b01f63033a,kashika_4_2.rs,sutra_4_2_54,245,4.2.54,EzukAri,TasyaVishayoDeshe,Baktal,EzukAriBakta,1,positive,A domain of this. (4.2.52),documented_english_gloss,source_conditioned_candidate
98204125837e4c5198e6,kashika_4_2.rs,sutra_4_2_54,246,4.2.54,sArasyAyana,TasyaVishayoDeshe,Baktal,sArasyAyanaBakta,1,positive,A domain of this. (4.2.52),documented_english_gloss,source_conditioned_candidate
8bfe8d2d4288c32f0123,kashika_4_2.rs,sutra_4_2_59,254,4.2.59,Candas,TadAdhiteTadVeda,aR,CAndasa,1,positive,What one studies or knows. (4.2.59),documented_english_gloss,source_conditioned_candidate
0a73f9e335304f3d3def,kashika_4_2.rs,sutra_4_2_59,255,4.2.59,vyAkaraRa,TadAdhiteTadVeda,aR,vEyAkaraRa,1,positive,What one studies or knows. (4.2.59),documented_english_gloss,source_conditioned_candidate
572481ce65aec7dada61,kashika_4_2.rs,sutra_4_2_59,256,4.2.59,nirukta,TadAdhiteTadVeda,aR,nErukta,1,positive,What one studies or knows. (4.2.59),documented_english_gloss,source_conditioned_candidate
0f0c9d16c2a4b548b039,kashika_4_2.rs,sutra_4_2_59,257,4.2.59,nimitta,TadAdhiteTadVeda,aR,nEmitta,1,positive,What one studies or knows. (4.2.59),documented_english_gloss,source_conditioned_candidate
622ee2f9adce04333020,kashika_4_2.rs,sutra_4_2_59,258,4.2.59,muhUrta,TadAdhiteTadVeda,aR,mOhUrta,1,positive,What one studies or knows. (4.2.59),documented_english_gloss,source_conditioned_candidate
0b8d8e0583c4fa91e14b,kashika_4_2.rs,sutra_4_2_59,259,4.2.59,utpAta,TadAdhiteTadVeda,aR,OtpAta,1,positive,What one studies or knows. (4.2.59),documented_english_gloss,source_conditioned_candidate
596bb62daa245a1965bf,kashika_4_2.rs,sutra_4_2_61,265,4.2.61,krama,TadAdhiteTadVeda,vun,kramaka,1,positive,What one studies or knows. (4.2.59),documented_english_gloss,source_conditioned_candidate
4a38cdcfed365f60d2f7,kashika_4_2.rs,sutra_4_2_61,266,4.2.61,pada,TadAdhiteTadVeda,vun,padaka,1,positive,What one studies or knows. (4.2.59),documented_english_gloss,source_conditioned_candidate
36bfc5b24208daf28394,kashika_4_2.rs,sutra_4_2_106,458,4.2.106,kAkatIra,TatraJata,aY,kAkatIra,1,positive,Where this was born. (4.3.25),documented_english_gloss,source_conditioned_candidate
84ad5fd46445f11211f7,kashika_4_2.rs,sutra_4_2_106,459,4.2.106,palvalatIra,TatraJata,aY,pAlvalatIra,1,positive,Where this was born. (4.3.25),documented_english_gloss,source_conditioned_candidate
4991333129e6b2af4349,kashika_4_2.rs,sutra_4_2_106,460,4.2.106,vfkarUpya,TatraJata,Ya,vArkarUpya,1,positive,Where this was born. (4.3.25),documented_english_gloss,source_conditioned_candidate
b8c11d1ce3006263e7e2,kashika_4_2.rs,sutra_4_2_106,461,4.2.106,SivarUpya,TatraJata,Ya,SEvarUpya,1,positive,Where this was born. (4.3.25),documented_english_gloss,source_conditioned_candidate
337bf3c9feb49bb0c514,kashika_4_2.rs,sutra_4_2_131,501,4.2.131,madra,TatraJata,kan,madraka,1,positive,Where this was born. (4.3.25),documented_english_gloss,source_conditioned_candidate
0e6e7cb8b0ef9d64e418,kashika_4_2.rs,sutra_4_2_131,502,4.2.131,vfji,TatraJata,kan,vfjika,1,positive,Where this was born. (4.3.25),documented_english_gloss,source_conditioned_candidate
9fb063880f4e9c4afda0,kashika_4_2.rs,sutra_4_2_132,507,4.2.132,fzika,TatraJata,aR,Arzika,1,positive,Where this was born. (4.3.25),documented_english_gloss,source_conditioned_candidate
a4bddf4e0d50081a8e71,kashika_4_2.rs,sutra_4_2_132,508,4.2.132,mahizika,TatraJata,aR,mAhizika,1,positive,Where this was born. (4.3.25),documented_english_gloss,source_conditioned_candidate
4066675880af4bc4e203,kashika_4_2.rs,sutra_4_2_133,513,4.2.133,kacCa,TatraJata,aR,kAcCa,1,positive,Where this was born. (4.3.25),documented_english_gloss,source_conditioned_candidate
53b9d0ca415e05ab63f5,kashika_4_2.rs,sutra_4_2_133,514,4.2.133,sinDu,TatraJata,aR,sEnDava,1,positive,Where this was born. (4.3.25),documented_english_gloss,source_conditioned_candidate
5c35f6b7e309854a7e99,kashika_4_2.rs,sutra_4_2_133,515,4.2.133,varRu,TatraJata,aR,vArRava,1,positive,Where this was born. (4.3.25),documented_english_gloss,source_conditioned_candidate
bb6b50b90bc5a609e8de,kashika_4_2.rs,sutra_4_2_138,520,4.2.138,gaha,TatraJata,Ca,gahIya,1,positive,Where this was born. (4.3.25),documented_english_gloss,source_conditioned_candidate
9c74489517918168bfff,kashika_4_2.rs,sutra_4_2_138,521,4.2.138,antaHsTa,TatraJata,Ca,antaHsTIya,1,positive,Where this was born. (4.3.25),documented_english_gloss,source_conditioned_candidate
1471e9e4b3cb53fe773f,kashika_4_2.rs,sutra_4_2_143,526,4.2.143,parvata,TatraJata,Ca,parvatIya,1,positive,Where this was born. (4.3.25),documented_english_gloss,source_conditioned_candidate
ca4e3c2b9f5d982985b3,kashika_4_3.rs,sutra_4_3_1_and_sutra_4_3_2,18,4.3.1,yuzmad,TatraJata,KaY,yOzmAkIRa,1,positive,Where this was born. (4.3.25),documented_english_gloss,source_conditioned_candidate
a21672d734c0bca6ca8b,kashika_4_3.rs,sutra_4_3_1_and_sutra_4_3_2,19,4.3.1,asmad,TatraJata,KaY,AsmAkIna,1,positive,Where this was born. (4.3.25),documented_english_gloss,source_conditioned_candidate
40add453baffd581739e,kashika_4_3.rs,sutra_4_3_1_and_sutra_4_3_2,20,4.3.1,yuzmad,TatraJata,Ca,yuzmadIya,1,positive,Where this was born. (4.3.25),documented_english_gloss,source_conditioned_candidate
4141eae9ad9a365c4443,kashika_4_3.rs,sutra_4_3_1_and_sutra_4_3_2,21,4.3.1,asmad,TatraJata,Ca,asmadIya,1,positive,Where this was born. (4.3.25),documented_english_gloss,source_conditioned_candidate
0c7fcecc18f9951da382,kashika_4_3.rs,sutra_4_3_1_and_sutra_4_3_2,22,4.3.1,yuzmad,TatraJata,aR,yOzmAka,1,positive,Where this was born. (4.3.25),documented_english_gloss,source_conditioned_candidate
be688e296462aebff152,kashika_4_3.rs,sutra_4_3_1_and_sutra_4_3_2,23,4.3.1,asmad,TatraJata,aR,AsmAka,1,positive,Where this was born. (4.3.25),documented_english_gloss,source_conditioned_candidate
a3839da78528fb3ddd3e,kashika_4_3.rs,sutra_4_3_4,28,4.3.4,arDa,TatraJata,yat,arDya,1,positive,Where this was born. (4.3.25),documented_english_gloss,source_conditioned_candidate
b1f92c1c735599a950ed,kashika_4_3.rs,sutra_4_3_5,34,4.3.5,parArDa,TatraJata,yat,parArDya,1,positive,Where this was born. (4.3.25),documented_english_gloss,source_conditioned_candidate
ccb5541b825abedc86e7,kashika_4_3.rs,sutra_4_3_5,35,4.3.5,avarArDa,TatraJata,yat,avarArDya,1,positive,Where this was born. (4.3.25),documented_english_gloss,source_conditioned_candidate
29addb90f8238de033dc,kashika_4_3.rs,sutra_4_3_5,36,4.3.5,aDamArDa,TatraJata,yat,aDamArDya,1,positive,Where this was born. (4.3.25),documented_english_gloss,source_conditioned_candidate
d86a0bc2fda512a807e5,kashika_4_3.rs,sutra_4_3_5,37,4.3.5,uttamArDa,TatraJata,yat,uttamArDya,1,positive,Where this was born. (4.3.25),documented_english_gloss,source_conditioned_candidate
b3799f2908d09e83469d,kashika_4_3.rs,sutra_4_3_8,43,4.3.8,maDya,TatraJata,aR,maDyama,1,positive,Where this was born. (4.3.25),documented_english_gloss,source_conditioned_candidate
f576456e7c960eb1ebf8,kashika_4_3.rs,sutra_4_3_14,48,4.3.14,niSA,TatraBhava,aR,nESa,1,positive,Where this stays or exists. (4.3.53),documented_english_gloss,source_conditioned_candidate
43201e2f9132f3aa365d,kashika_4_3.rs,sutra_4_3_14,49,4.3.14,niSA,TatraBhava,WaY,nESika,1,positive,Where this stays or exists. (4.3.53),documented_english_gloss,source_conditioned_candidate
4a4933e3f89c69115faa,kashika_4_3.rs,sutra_4_3_14,50,4.3.14,pradoza,TatraBhava,aR,prAdoza,1,positive,Where this stays or exists. (4.3.53),documented_english_gloss,source_conditioned_candidate
ad3f349f797e1bf3a158,kashika_4_3.rs,sutra_4_3_14,51,4.3.14,pradoza,TatraBhava,WaY,prAdozika,1,positive,Where this stays or exists. (4.3.53),documented_english_gloss,source_conditioned_candidate
7fc64109061f0399fa0a,kashika_4_3.rs,sutra_4_3_15,57,4.3.15,Svas,TatraBhava,WaY,SOvastika,1,positive,Where this stays or exists. (4.3.53),documented_english_gloss,source_conditioned_candidate
6bd607005345f1bb514b,kashika_4_3.rs,sutra_4_3_15,58,4.3.15,Svas,TatraBhava,tyap,Svastya,1,positive,Where this stays or exists. (4.3.53),documented_english_gloss,source_conditioned_candidate
bc506ac8c2ca9241fd19,kashika_4_3.rs,sutra_4_3_15,59,4.3.15,Svas,TatraBhava,tyu,Svastana,1,positive,Where this stays or exists. (4.3.53),documented_english_gloss,source_conditioned_candidate
af97a36a49f6e139ed52,kashika_4_3.rs,sutra_4_3_15,60,4.3.15,Svas,TatraBhava,tyul,Svastana,1,positive,Where this stays or exists. (4.3.53),documented_english_gloss,source_conditioned_candidate
858f63dcdf4959cab651,kashika_4_3.rs,sutra_4_3_17,65,4.3.17,prAvfz,TatraSambhute,eRya,prAvfzeRya,1,positive,Where this was adapted. (4.3.41),documented_english_gloss,source_conditioned_candidate
45e297f82511d1f55e32,kashika_4_3.rs,sutra_4_3_18,70,4.3.18,varzA,TatraJata,Wak,vArzika,1,positive,Where this was born. (4.3.25),documented_english_gloss,source_conditioned_candidate
f34d310f121aa97606ad,kashika_4_3.rs,sutra_4_3_22,75,4.3.22,hemanta,TatraJata,aR,hEmana,1,positive,Where this was born. (4.3.25),documented_english_gloss,source_conditioned_candidate
9a33c2da29959cb49193,kashika_4_3.rs,sutra_4_3_25,80,4.3.25,sruGna,TatraJata,aR,srOGna,1,positive,Where this was born. (4.3.25),documented_english_gloss,source_conditioned_candidate
56ca9bd70aba1f5ef558,kashika_4_3.rs,sutra_4_3_25,81,4.3.25,maTura,TatraJata,aR,mATura,1,positive,Where this was born. (4.3.25),documented_english_gloss,source_conditioned_candidate
a1aa2185c5c9ef8026bd,kashika_4_3.rs,sutra_4_3_25,82,4.3.25,utsa,TatraJata,aR,Otsa,1,positive,Where this was born. (4.3.25),documented_english_gloss,source_conditioned_candidate
277d876f39f6b283af55,kashika_4_3.rs,sutra_4_3_25,83,4.3.25,udapAna,TatraJata,aR,OdapAna,1,positive,Where this was born. (4.3.25),documented_english_gloss,source_conditioned_candidate
a9565db1a7bac5f24f55,kashika_4_3.rs,sutra_4_3_25,84,4.3.25,rAzwra,TatraJata,Ga,rAzwriya,1,positive,Where this was born. (4.3.25),documented_english_gloss,source_conditioned_candidate
5ce214ceddf7ead6f1db,kashika_4_3.rs,sutra_4_3_25,85,4.3.25,avArapAra,TatraJata,Ka,avArapArIRa,1,positive,Where this was born. (4.3.25),documented_english_gloss,source_conditioned_candidate
f9918abd455eae51cd53,kashika_4_3.rs,sutra_4_3_25,86,4.3.25,SAkala,TatraJata,WaY,SAkalika,1,positive,Where this was born. (4.3.25),documented_english_gloss,source_conditioned_candidate
3ab137e9adec2b9e02ee,kashika_4_3.rs,sutra_4_3_25,87,4.3.25,mAkala,TatraJata,WaY,mAkalika,1,positive,Where this was born. (4.3.25),documented_english_gloss,source_conditioned_candidate
2451912882aa55a5806a,kashika_4_3.rs,sutra_4_3_25,88,4.3.25,grAma,TatraJata,ya,grAmya,1,positive,Where this was born. (4.3.25),documented_english_gloss,source_conditioned_candidate
ec1100ec957f854286bf,kashika_4_3.rs,sutra_4_3_25,89,4.3.25,grAma,TatraJata,KaY,grAmIRa,1,positive,Where this was born. (4.3.25),documented_english_gloss,source_conditioned_candidate
fc275bf445e40b52dedd,kashika_4_3.rs,sutra_4_3_25,90,4.3.25,katri,TatraJata,QakaY,kAtreyaka,1,positive,Where this was born. (4.3.25),documented_english_gloss,source_conditioned_candidate
ef927d5da79273caa419,kashika_4_3.rs,sutra_4_3_25,91,4.3.25,umBi,TatraJata,QakaY,OmBeyaka,1,positive,Where this was born. (4.3.25),documented_english_gloss,source_conditioned_candidate
fbd2e3b9974de4731bc0,kashika_4_3.rs,sutra_4_3_26,96,4.3.26,prAvfz,TatraJata,Wap,prAvfzika,1,positive,Where this was born. (4.3.25),documented_english_gloss,source_conditioned_candidate
869b09ec4835dea2be77,kashika_4_3.rs,sutra_4_3_27,101,4.3.27,Sarad,TatraJata,vuY,SAradaka,1,positive,Where this was born. (4.3.25),documented_english_gloss,source_conditioned_candidate
cb8a794dd0f957a7ecaf,kashika_4_3.rs,sutra_4_3_27,103,4.3.27,Sarad,TatraJata,aR,SArada,1,positive,Where this was born. (4.3.25),documented_english_gloss,source_conditioned_candidate
ccb72673fbbc11a6d209,kashika_4_3.rs,sutra_4_3_28,108,4.3.28,pUrvAhRa,TatraJata,vun,pUrvAhRaka,1,positive,Where this was born. (4.3.25),documented_english_gloss,source_conditioned_candidate
0d1048316ba2f502cf1b,kashika_4_3.rs,sutra_4_3_28,109,4.3.28,aparAhRa,TatraJata,vun,aparAhRaka,1,positive,Where this was born. (4.3.25),documented_english_gloss,source_conditioned_candidate
2b68d6bb8da097014541,kashika_4_3.rs,sutra_4_3_28,110,4.3.28,ArdrA,TatraJata,vun,Ardraka,1,positive,Where this was born. (4.3.25),documented_english_gloss,source_conditioned_candidate
fafbc330f4f722b54f54,kashika_4_3.rs,sutra_4_3_28,111,4.3.28,mUlA,TatraJata,vun,mUlaka,1,positive,Where this was born. (4.3.25),documented_english_gloss,source_conditioned_candidate
e38653956fc0ac923240,kashika_4_3.rs,sutra_4_3_28,112,4.3.28,pradoza,TatraJata,vun,pradozaka,1,positive,Where this was born. (4.3.25),documented_english_gloss,source_conditioned_candidate
cc42f1bddc49eca5152c,kashika_4_3.rs,sutra_4_3_28,113,4.3.28,avaskara,TatraJata,vun,avaskaraka,1,positive,Where this was born. (4.3.25),documented_english_gloss,source_conditioned_candidate
71b9a487b650a2dce047,kashika_4_3.rs,sutra_4_3_29,118,4.3.29,paTi,TatraJata,vun,panTaka,1,positive,Where this was born. (4.3.25),documented_english_gloss,source_conditioned_candidate
02a41e758f097f85917f,kashika_4_3.rs,sutra_4_3_30,124,4.3.30,amAvAsyA,TatraJata,vun,amAvAsyaka,1,positive,Where this was born. (4.3.25),documented_english_gloss,source_conditioned_candidate
65b9b61bc63ec364e975,kashika_4_3.rs,sutra_4_3_30,125,4.3.30,amAvAsyA,TatraJata,aR,AmAvAsya,1,positive,Where this was born. (4.3.25),documented_english_gloss,source_conditioned_candidate
8cd1c0036fb14f3a720e,kashika_4_3.rs,sutra_4_3_31,130,4.3.31,amAvAsyA,TatraJata,a,amAvAsya,1,positive,Where this was born. (4.3.25),documented_english_gloss,source_conditioned_candidate
8f706721b8802d34bd5c,kashika_4_3.rs,sutra_4_3_32,135,4.3.32,sinDu,TatraJata,kan,sinDuka,1,positive,Where this was born. (4.3.25),documented_english_gloss,source_conditioned_candidate
e388203801d4cfe0edc4,kashika_4_3.rs,sutra_4_3_32,136,4.3.32,apakara,TatraJata,kan,apakaraka,1,positive,Where this was born. (4.3.25),documented_english_gloss,source_conditioned_candidate
6f260772c266e1f6a74d,kashika_4_3.rs,sutra_4_3_33,141,4.3.33,sinDu,TatraJata,aR,sEnDava,1,positive,Where this was born. (4.3.25),documented_english_gloss,source_conditioned_candidate
e5b3b12ebe4fffe13551,kashika_4_3.rs,sutra_4_3_33,142,4.3.33,sinDu,TatraJata,aY,sEnDava,1,positive,Where this was born. (4.3.25),documented_english_gloss,source_conditioned_candidate
8c98b010855bfae2782c,kashika_4_3.rs,sutra_4_3_33,143,4.3.33,apakara,TatraJata,aR,Apakara,1,positive,Where this was born. (4.3.25),documented_english_gloss,source_conditioned_candidate
a62a96778c3017b185dd,kashika_4_3.rs,sutra_4_3_33,144,4.3.33,apakara,TatraJata,aY,Apakara,1,positive,Where this was born. (4.3.25),documented_english_gloss,source_conditioned_candidate
660ed74336ba6ea8b4aa,kashika_4_3.rs,sutra_4_3_38,149,4.3.38,sruGna,TatraJata,aR,srOGna,1,positive,Where this was born. (4.3.25),documented_english_gloss,source_conditioned_candidate
bce2b432705fe4951c12,kashika_4_3.rs,sutra_4_3_38,150,4.3.38,maTura,TatraJata,aR,mATura,1,positive,Where this was born. (4.3.25),documented_english_gloss,source_conditioned_candidate
c7f1b0ab0e26b63b2c5b,kashika_4_3.rs,sutra_4_3_38,151,4.3.38,rAzwra,TatraJata,Ga,rAzwriya,1,positive,Where this was born. (4.3.25),documented_english_gloss,source_conditioned_candidate
ae2cef87e5bdf4b51222,kashika_4_3.rs,sutra_4_3_39,156,4.3.39,sruGna,TatraPrayabhava,aR,srOGna,1,positive,Where this generally occurs. (4.3.39),documented_english_gloss,source_conditioned_candidate
dfe0d4b4d523d12b8467,kashika_4_3.rs,sutra_4_3_39,157,4.3.39,maTura,TatraPrayabhava,aR,mATura,1,positive,Where this generally occurs. (4.3.39),documented_english_gloss,source_conditioned_candidate
a3e97d00496682fcc8a9,kashika_4_3.rs,sutra_4_3_39,158,4.3.39,rAzwra,TatraPrayabhava,Ga,rAzwriya,1,positive,Where this generally occurs. (4.3.39),documented_english_gloss,source_conditioned_candidate
87a51d6333836999a4cd,kashika_4_3.rs,sutra_4_3_40,163,4.3.40,upajAnu,TatraPrayabhava,Wak,OpajAnuka,1,positive,Where this generally occurs. (4.3.39),documented_english_gloss,source_conditioned_candidate
879a47f28b7003c490d6,kashika_4_3.rs,sutra_4_3_40,164,4.3.40,upakarRa,TatraPrayabhava,Wak,OpakarRika,1,positive,Where this generally occurs. (4.3.39),documented_english_gloss,source_conditioned_candidate
8f96f28585a173cab5d0,kashika_4_3.rs,sutra_4_3_40,165,4.3.40,upanIvi,TatraPrayabhava,Wak,OpanIvika,1,positive,Where this generally occurs. (4.3.39),documented_english_gloss,source_conditioned_candidate
d15c60cec6dad045149c,kashika_4_3.rs,sutra_4_3_41,170,4.3.41,sruGna,TatraSambhute,aR,srOGna,1,positive,Where this was adapted. (4.3.41),documented_english_gloss,source_conditioned_candidate
d4aabba3c6538898b53f,kashika_4_3.rs,sutra_4_3_41,171,4.3.41,maTura,TatraSambhute,aR,mATura,1,positive,Where this was adapted. (4.3.41),documented_english_gloss,source_conditioned_candidate
e6aead4769818777ac25,kashika_4_3.rs,sutra_4_3_41,172,4.3.41,rAzwra,TatraSambhute,Ga,rAzwriya,1,positive,Where this was adapted. (4.3.41),documented_english_gloss,source_conditioned_candidate
65fb2bda13c262b9ed6b,kashika_4_3.rs,sutra_4_3_42,177,4.3.42,koSa,TatraSambhute,QaY,kOSeya,1,positive,Where this was adapted. (4.3.41),documented_english_gloss,source_conditioned_candidate
c983b2ae955745fd276f,kashika_4_3.rs,sutra_4_3_45,183,4.3.45,ASvayujI,TatraSambhute,vuY,ASvayujaka,1,positive,Where this was adapted. (4.3.41),documented_english_gloss,source_conditioned_candidate
f11b8dc1ac193210142a,kashika_4_3.rs,sutra_4_3_46,189,4.3.46,grIzma,TatraSambhute,vuY,grEzmaka,1,positive,Where this was adapted. (4.3.41),documented_english_gloss,source_conditioned_candidate
276191046acf48b4479f,kashika_4_3.rs,sutra_4_3_46,190,4.3.46,grIzma,TatraSambhute,aR,grEzma,1,positive,Where this was adapted. (4.3.41),documented_english_gloss,source_conditioned_candidate
982f71a84acd4b91ab37,kashika_4_3.rs,sutra_4_3_46,191,4.3.46,vasanta,TatraSambhute,vuY,vAsantaka,1,positive,Where this was adapted. (4.3.41),documented_english_gloss,source_conditioned_candidate
5ec3c19f77632a3dd10c,kashika_4_3.rs,sutra_4_3_46,192,4.3.46,vasanta,TatraSambhute,aR,vAsanta,1,positive,Where this was adapted. (4.3.41),documented_english_gloss,source_conditioned_candidate
857102cca5d7b7e30805,kashika_4_3.rs,sutra_4_3_53,197,4.3.53,sruGna,TatraBhava,aR,srOGna,1,positive,Where this stays or exists. (4.3.53),documented_english_gloss,source_conditioned_candidate
ceb519a5dc30d800dbfd,kashika_4_3.rs,sutra_4_3_53,198,4.3.53,maTura,TatraBhava,aR,mATura,1,positive,Where this stays or exists. (4.3.53),documented_english_gloss,source_conditioned_candidate
19f1e548542d6b504aab,kashika_4_3.rs,sutra_4_3_53,199,4.3.53,rAzwra,TatraBhava,Ga,rAzwriya,1,positive,Where this stays or exists. (4.3.53),documented_english_gloss,source_conditioned_candidate
537d52389d9293a9d31d,kashika_4_3.rs,sutra_4_3_54,204,4.3.54,diS,TatraBhava,yat,diSya,1,positive,Where this stays or exists. (4.3.53),documented_english_gloss,source_conditioned_candidate
e3d8e15396174e5f873e,kashika_4_3.rs,sutra_4_3_54,205,4.3.54,varga,TatraBhava,yat,vargya,1,positive,Where this stays or exists. (4.3.53),documented_english_gloss,source_conditioned_candidate
65016fbdf65f51273411,kashika_4_3.rs,sutra_4_3_56,210,4.3.56,dfti,TatraBhava,QaY,dArteya,1,positive,Where this stays or exists. (4.3.53),documented_english_gloss,source_conditioned_candidate
d8ef016bdf375c4b87ac,kashika_4_3.rs,sutra_4_3_56,211,4.3.56,kukzi,TatraBhava,QaY,kOkzeya,1,positive,Where this stays or exists. (4.3.53),documented_english_gloss,source_conditioned_candidate
9e34194d2ea8d47dfbbf,kashika_4_3.rs,sutra_4_3_56,212,4.3.56,kalaSi,TatraBhava,QaY,kAlaSeya,1,positive,Where this stays or exists. (4.3.53),documented_english_gloss,source_conditioned_candidate
b17ca662a9bb55afbc8c,kashika_4_3.rs,sutra_4_3_56,213,4.3.56,vasti,TatraBhava,QaY,vAsteya,1,positive,Where this stays or exists. (4.3.53),documented_english_gloss,source_conditioned_candidate
0c79da18f175688548ef,kashika_4_3.rs,sutra_4_3_56,214,4.3.56,asti,TatraBhava,QaY,Asteya,1,positive,Where this stays or exists. (4.3.53),documented_english_gloss,source_conditioned_candidate
fbd8220bbe9d78c97ac6,kashika_4_3.rs,sutra_4_3_56,215,4.3.56,ahi,TatraBhava,QaY,Aheya,1,positive,Where this stays or exists. (4.3.53),documented_english_gloss,source_conditioned_candidate
1204d8e4650ae10bb03a,kashika_4_3.rs,sutra_4_3_57,220,4.3.57,grIvA,TatraBhava,aR,grEva,1,positive,Where this stays or exists. (4.3.53),documented_english_gloss,source_conditioned_candidate
669df590fb53b1342cd5,kashika_4_3.rs,sutra_4_3_57,221,4.3.57,grIvA,TatraBhava,QaY,grEveya,1,positive,Where this stays or exists. (4.3.53),documented_english_gloss,source_conditioned_candidate
c6b4fafc1e1f8be60753,kashika_4_3.rs,sutra_4_3_58,226,4.3.58,gamBIra,TatraBhava,Yya,gAmBIrya,1,positive,Where this stays or exists. (4.3.53),documented_english_gloss,source_conditioned_candidate
bd68fdd4b72e3d58f93a,kashika_4_3.rs,sutra_4_3_61,231,4.3.61,parigrAma,TatraBhava,WaY,pArigrAmika,1,positive,Where this stays or exists. (4.3.53),documented_english_gloss,source_conditioned_candidate
cbff47fd770d169b4db1,kashika_4_3.rs,sutra_4_3_61,232,4.3.61,anugrAma,TatraBhava,WaY,AnugrAmika,1,positive,Where this stays or exists. (4.3.53),documented_english_gloss,source_conditioned_candidate
0628875e862e1ce21874,kashika_4_3.rs,sutra_4_3_62,239,4.3.62,jihvAmUla,TatraBhava,Ca,jihvAmUlIya,1,positive,Where this stays or exists. (4.3.53),documented_english_gloss,source_conditioned_candidate
ade191a3f0468a255d88,kashika_4_3.rs,sutra_4_3_62,240,4.3.62,aNguli,TatraBhava,Ca,aNgulIya,1,positive,Where this stays or exists. (4.3.53),documented_english_gloss,source_conditioned_candidate
ef9994799bb468913d53,kashika_4_3.rs,sutra_4_3_63,247,4.3.63,kavarga,TatraBhava,Ca,kavargIya,1,positive,Where this stays or exists. (4.3.53),documented_english_gloss,source_conditioned_candidate
d4b977fcdc99f8c29d1a,kashika_4_3.rs,sutra_4_3_63,248,4.3.63,cavarga,TatraBhava,Ca,cavargIya,1,positive,Where this stays or exists. (4.3.53),documented_english_gloss,source_conditioned_candidate
9ab0117bd38dc939386e,kashika_4_3.rs,sutra_4_3_65,256,4.3.65,karRa,TatraBhava,kan,karRaka,1,positive,Where this stays or exists. (4.3.53),documented_english_gloss,source_conditioned_candidate
a34b624a258f6c2950b2,kashika_4_3.rs,sutra_4_3_65,257,4.3.65,lalAwa,TatraBhava,kan,lalAwaka,1,positive,Where this stays or exists. (4.3.53),documented_english_gloss,source_conditioned_candidate
abffaf74d7e2b77b32a2,kashika_4_3.rs,sutra_4_3_74,263,4.3.74,sruGna,TataAgata,aR,srOGna,1,positive,Where one came from. (4.3.74),documented_english_gloss,source_conditioned_candidate
bdd11db7d28fb6ee12ac,kashika_4_3.rs,sutra_4_3_74,264,4.3.74,maTura,TataAgata,aR,mATura,1,positive,Where one came from. (4.3.74),documented_english_gloss,source_conditioned_candidate
57b6090259f215be6f92,kashika_4_3.rs,sutra_4_3_74,265,4.3.74,rAzwra,TataAgata,Ga,rAzwriya,1,positive,Where one came from. (4.3.74),documented_english_gloss,source_conditioned_candidate
d072be45126bf256a06d,kashika_4_3.rs,sutra_4_3_76,270,4.3.76,SuRqika,TataAgata,aR,SORqika,1,positive,Where one came from. (4.3.74),documented_english_gloss,source_conditioned_candidate
391831442ee6522047eb,kashika_4_3.rs,sutra_4_3_76,271,4.3.76,kfkaRa,TataAgata,aR,kArkaRa,1,positive,Where one came from. (4.3.74),documented_english_gloss,source_conditioned_candidate
80486f267cb69609aa21,kashika_4_3.rs,sutra_4_3_76,272,4.3.76,udapAna,TataAgata,aR,OdapAna,1,positive,Where one came from. (4.3.74),documented_english_gloss,source_conditioned_candidate
d2943c73e0be51c8447d,kashika_4_3.rs,sutra_4_3_79,277,4.3.79,pitf,TataAgata,yat,pitrya,1,positive,Where one came from. (4.3.74),documented_english_gloss,source_conditioned_candidate
4d3d8582d4696a9a39eb,kashika_4_3.rs,sutra_4_3_79,278,4.3.79,pitf,TataAgata,WaY,pEtfka,1,positive,Where one came from. (4.3.74),documented_english_gloss,source_conditioned_candidate
221965428b00d9fc686a,kashika_4_3.rs,sutra_4_3_89,283,4.3.89,sruGna,AsyaNivasa,aR,srOGna,1,positive,Dwelling. (4.3.89),documented_english_gloss,source_conditioned_candidate
d29cefc2ba705c818cc0,kashika_4_3.rs,sutra_4_3_89,284,4.3.89,maTura,AsyaNivasa,aR,mATura,1,positive,Dwelling. (4.3.89),documented_english_gloss,source_conditioned_candidate
bf20cc3234723e27b8f0,kashika_4_3.rs,sutra_4_3_89,285,4.3.89,rAzwra,AsyaNivasa,Ga,rAzwriya,1,positive,Dwelling. (4.3.89),documented_english_gloss,source_conditioned_candidate
b78a83f631b6d0927321,kashika_4_3.rs,sutra_4_3_92,290,4.3.92,SaRqika,AsyaNivasa,Yya,SARqikya,1,positive,Dwelling. (4.3.89),documented_english_gloss,source_conditioned_candidate
08fa5ac6b7b987c5226d,kashika_4_3.rs,sutra_4_3_92,291,4.3.92,sarvasena,AsyaNivasa,Yya,sArvasenya,1,positive,Dwelling. (4.3.89),documented_english_gloss,source_conditioned_candidate
dc63ee0a11463075452a,kashika_4_3.rs,sutra_4_3_93,296,4.3.93,sinDu,AsyaNivasa,aR,sEnDava,1,positive,Dwelling. (4.3.89),documented_english_gloss,source_conditioned_candidate
ecc002fe2c40c99be776,kashika_4_3.rs,sutra_4_3_93,297,4.3.93,sinDu,AsyaNivasa,aY,sEnDava,1,positive,Dwelling. (4.3.89),documented_english_gloss,source_conditioned_candidate
bb0bf8bdf09b2eaad80a,kashika_4_3.rs,sutra_4_3_93,298,4.3.93,varRu,AsyaNivasa,aR,vArRava,1,positive,Dwelling. (4.3.89),documented_english_gloss,source_conditioned_candidate
9bca4363cd33ee1dc438,kashika_4_3.rs,sutra_4_3_93,299,4.3.93,varRu,AsyaNivasa,aY,vArRava,1,positive,Dwelling. (4.3.89),documented_english_gloss,source_conditioned_candidate
2e050ec345e2a5c4f7f0,kashika_4_3.rs,sutra_4_3_94,304,4.3.94,tUdI,AsyaNivasa,Qak,tOdeya,1,positive,Dwelling. (4.3.89),documented_english_gloss,source_conditioned_candidate
a7ea428087915163bdaa,kashika_4_3.rs,sutra_4_3_94,305,4.3.94,SAlAtura,AsyaNivasa,CaR,SAlAturIya,1,positive,Dwelling. (4.3.89),documented_english_gloss,source_conditioned_candidate
525f8c689f0433f1b79c,kashika_4_3.rs,sutra_4_3_94,306,4.3.94,varmatI,AsyaNivasa,QaY,vArmateya,1,positive,Dwelling. (4.3.89),documented_english_gloss,source_conditioned_candidate
e5d53d93b6afa05ff43e,kashika_4_3.rs,sutra_4_3_94,307,4.3.94,kUcavAra,AsyaNivasa,yak,kOcavArya,1,positive,Dwelling. (4.3.89),documented_english_gloss,source_conditioned_candidate
9b79c87b071732e963a1,kashika_4_3.rs,sutra_4_3_98,312,4.3.98,vAsudeva,Bhakti,vun,vAsudevaka,1,positive,Devotion. (4.3.95),documented_english_gloss,source_conditioned_candidate
f774001aa17d9a6e7cea,kashika_4_3.rs,sutra_4_3_98,313,4.3.98,arjuna,Bhakti,vun,arjunaka,1,positive,Devotion. (4.3.95),documented_english_gloss,source_conditioned_candidate
fc8a74f576818a4e7b95,kashika_4_3.rs,sutra_4_3_102,318,4.3.102,tittiri,TenaProktam,CaR,tEttirIya,1,positive,What is proclaimed by this person. (4.3.101),documented_english_gloss,source_conditioned_candidate
9e18f94126f22abfee7e,kashika_4_3.rs,sutra_4_3_102,319,4.3.102,varatantu,TenaProktam,CaR,vAratantavIya,1,positive,What is proclaimed by this person. (4.3.101),documented_english_gloss,source_conditioned_candidate
51d927b55ede016b9c25,kashika_4_3.rs,sutra_4_3_102,320,4.3.102,KaRqika,TenaProktam,CaR,KARqikIya,1,positive,What is proclaimed by this person. (4.3.101),documented_english_gloss,source_conditioned_candidate
1cf5cce2ac5b772a0b46,kashika_4_3.rs,sutra_4_3_102,321,4.3.102,uKa,TenaProktam,CaR,OKIya,1,positive,What is proclaimed by this person. (4.3.101),documented_english_gloss,source_conditioned_candidate
b0b8ac377af1a4409464,kashika_4_3.rs,sutra_4_3_103,326,4.3.103,kASyapa,TenaProktam,Rini,kASyapin,1,positive,What is proclaimed by this person. (4.3.101),documented_english_gloss,source_conditioned_candidate
1ac7c78ad2d90c965c6a,kashika_4_3.rs,sutra_4_3_103,327,4.3.103,kOSika,TenaProktam,Rini,kOSikin,1,positive,What is proclaimed by this person. (4.3.101),documented_english_gloss,source_conditioned_candidate
0db9faa7b45e04602a53,kashika_4_3.rs,sutra_4_3_107,332,4.3.107,kaWa,TenaProktam,Rini,kaWa,1,positive,What is proclaimed by this person. (4.3.101),documented_english_gloss,source_conditioned_candidate
5b6a7f90e095009d4889,kashika_4_3.rs,sutra_4_3_107,333,4.3.107,caraka,TenaProktam,aR,caraka,1,positive,What is proclaimed by this person. (4.3.101),documented_english_gloss,source_conditioned_candidate
b0fd983dd138c30eadf4,kashika_4_3.rs,sutra_4_3_108,339,4.3.108,kalApin,TenaProktam,aR,kAlApina,1,positive,What is proclaimed by this person. (4.3.101),documented_english_gloss,source_conditioned_candidate
7caec824bdcc49bd71e6,kashika_4_3.rs,sutra_4_3_109,344,4.3.109,Cagalin,TenaProktam,Qinuk,CAgaleyin,1,positive,What is proclaimed by this person. (4.3.101),documented_english_gloss,source_conditioned_candidate
bc4df29b02406c8ec442,kashika_4_3.rs,sutra_4_3_110,350,4.3.110,pArASarya,TenaProktam,Rini,pArASarin,1,positive,What is proclaimed by this person. (4.3.101),documented_english_gloss,source_conditioned_candidate
d48b182570622e043faf,kashika_4_3.rs,sutra_4_3_110,351,4.3.110,SilAlin,TenaProktam,Rini,SElAlin,1,positive,What is proclaimed by this person. (4.3.101),documented_english_gloss,source_conditioned_candidate
9781948b97cec93299e4,kashika_4_3.rs,sutra_4_3_111,356,4.3.111,karmanda,TenaProktam,ini,karmandin,1,positive,What is proclaimed by this person. (4.3.101),documented_english_gloss,source_conditioned_candidate
377d7cf559724bd601fd,kashika_4_3.rs,sutra_4_3_111,357,4.3.111,kfSASva,TenaProktam,ini,kfSASvin,1,positive,What is proclaimed by this person. (4.3.101),documented_english_gloss,source_conditioned_candidate
c3a40cf17d2de12b904c,kashika_4_3.rs,sutra_4_3_118,362,4.3.118,kulAla,TenaKrte,vuY,kOlAlaka,1,positive,By whom this is made. (4.3.116),documented_english_gloss,source_conditioned_candidate
76ff987946f28a02ebc6,kashika_4_3.rs,sutra_4_3_118,363,4.3.118,varuqa,TenaKrte,vuY,vAruqaka,1,positive,By whom this is made. (4.3.116),documented_english_gloss,source_conditioned_candidate
86aef65fa0c078d7862b,kashika_4_3.rs,sutra_4_3_119,368,4.3.119,kzudrA,TenaKrte,aY,kzOdra,1,positive,By whom this is made. (4.3.116),documented_english_gloss,source_conditioned_candidate
bea23c864e2337e55f32,kashika_4_3.rs,sutra_4_3_119,369,4.3.119,Bramara,TenaKrte,aY,BrAmara,1,positive,By whom this is made. (4.3.116),documented_english_gloss,source_conditioned_candidate
3ae1c3edd89783a45c62,kashika_4_3.rs,sutra_4_3_119,370,4.3.119,vawara,TenaKrte,aY,vAwara,1,positive,By whom this is made. (4.3.116),documented_english_gloss,source_conditioned_candidate
1b52a1e080a698fba243,kashika_4_3.rs,sutra_4_3_119,371,4.3.119,pAdapa,TenaKrte,aY,pAdapa,1,positive,By whom this is made. (4.3.116),documented_english_gloss,source_conditioned_candidate
5285913036a4b357d8fc,kashika_4_3.rs,sutra_4_3_121,376,4.3.121,raTa,TasyaIdam,yat,raTya,1,positive,One who has this. (4.3.120),documented_english_gloss,source_conditioned_candidate
cdbefa8ebc64e8c67b13,kashika_4_3.rs,sutra_4_3_123,382,4.3.123,aDvaryu,TasyaIdam,aY,ADvaryava,1,positive,One who has this. (4.3.120),documented_english_gloss,source_conditioned_candidate
553d1e593a8fc4ec80f0,kashika_4_3.rs,sutra_4_3_123,383,4.3.123,parizad,TasyaIdam,aY,pArizada,1,positive,One who has this. (4.3.120),documented_english_gloss,source_conditioned_candidate
11ae954c4064d2b1000b,kashika_4_3.rs,sutra_4_3_124,391,4.3.124,hala,TasyaIdam,Wak,hAlika,1,positive,One who has this. (4.3.120),documented_english_gloss,source_conditioned_candidate
3f93672fdf72754a81d3,kashika_4_3.rs,sutra_4_3_124,392,4.3.124,sIra,TasyaIdam,Wak,sErika,1,positive,One who has this. (4.3.120),documented_english_gloss,source_conditioned_candidate
5f3421809595941ea49d,kashika_4_3.rs,sutra_4_3_129,399,4.3.129,Candoga,TasyaIdam,Yya,CAndogya,1,positive,One who has this. (4.3.120),documented_english_gloss,source_conditioned_candidate
d23c85c8790381c395e9,kashika_4_3.rs,sutra_4_3_129,400,4.3.129,OkTika,TasyaIdam,Yya,OkTikya,1,positive,One who has this. (4.3.120),documented_english_gloss,source_conditioned_candidate
3ec7f27a67f8dcc2a71f,kashika_4_3.rs,sutra_4_3_129,401,4.3.129,yAjYika,TasyaIdam,Yya,yAjYikya,1,positive,One who has this. (4.3.120),documented_english_gloss,source_conditioned_candidate
48aa856d05647510d914,kashika_4_3.rs,sutra_4_3_129,402,4.3.129,bahvfca,TasyaIdam,Yya,bAhvfcya,1,positive,One who has this. (4.3.120),documented_english_gloss,source_conditioned_candidate
3d65dac950e2cdf6d815,kashika_4_3.rs,sutra_4_3_129,403,4.3.129,nawa,TasyaIdam,Yya,nAwya,1,positive,One who has this. (4.3.120),documented_english_gloss,source_conditioned_candidate
a0946576fc81ec6aec06,kashika_4_3.rs,sutra_4_3_131,413,4.3.131,rEvatika,TasyaIdam,Ca,rEvatikIya,1,positive,One who has this. (4.3.120),documented_english_gloss,source_conditioned_candidate
0df484f33d79c71e95d3,kashika_4_3.rs,sutra_4_3_131,414,4.3.131,svApiSi,TasyaIdam,Ca,svApiSIya,1,positive,One who has this. (4.3.120),documented_english_gloss,source_conditioned_candidate
420989d246e5a5681710,kashika_4_3.rs,sutra_4_3_132,419,4.3.132,kOpiYjala,TasyaIdam,aR,kOpiYjala,1,positive,One who has this. (4.3.120),documented_english_gloss,source_conditioned_candidate
80237c5572b56f804d23,kashika_4_3.rs,sutra_4_3_132,420,4.3.132,hAstipada,TasyaIdam,aR,hAstipada,1,positive,One who has this. (4.3.120),documented_english_gloss,source_conditioned_candidate
23150bb82f3e6a0b4229,kashika_4_3.rs,sutra_4_3_135,425,4.3.135,kapota,TasyaVikara,aR,kApota,1,positive,Modification of this. (4.3.134),documented_english_gloss,source_conditioned_candidate
e6a126bcff14031550b7,kashika_4_3.rs,sutra_4_3_135,426,4.3.135,mayUra,TasyaVikara,aR,mAyUra,1,positive,Modification of this. (4.3.134),documented_english_gloss,source_conditioned_candidate
32164e4f1193e247f6b7,kashika_4_3.rs,sutra_4_3_135,427,4.3.135,tittiri,TasyaVikara,aR,tEttira,1,positive,Modification of this. (4.3.134),documented_english_gloss,source_conditioned_candidate
b2830dff16f9d96dbd56,kashika_4_3.rs,sutra_4_3_135,428,4.3.135,murva,TasyaVikara,aR,mOrva,1,positive,Modification of this. (4.3.134),documented_english_gloss,source_conditioned_candidate
adeef832e2c18c2dd69b,kashika_4_3.rs,sutra_4_3_135,429,4.3.135,karIra,TasyaVikara,aR,kArIra,1,positive,Modification of this. (4.3.134),documented_english_gloss,source_conditioned_candidate
c2b47d904f002a3671b8,kashika_4_3.rs,sutra_4_3_136,434,4.3.136,bilva,TasyaVikara,aR,bElva,1,positive,Modification of this. (4.3.134),documented_english_gloss,source_conditioned_candidate
2ec4c48b5691d7b91de8,kashika_4_3.rs,sutra_4_3_137,441,4.3.137,tarku,TasyaVikara,aR,tArkava,1,positive,Modification of this. (4.3.134),documented_english_gloss,source_conditioned_candidate
d6596da94d0b6355448c,kashika_4_3.rs,sutra_4_3_137,442,4.3.137,tittiqIka,TasyaVikara,aR,tEttiqIka,1,positive,Modification of this. (4.3.134),documented_english_gloss,source_conditioned_candidate
aa78b81472db08d8b6ed,kashika_4_3.rs,sutra_4_3_137,443,4.3.137,maRqUka,TasyaVikara,aR,mARqUka,1,positive,Modification of this. (4.3.134),documented_english_gloss,source_conditioned_candidate
a54496ef4c09be6e2556,kashika_4_3.rs,sutra_4_3_137,444,4.3.137,dardurUka,TasyaVikara,aR,dArdurUka,1,positive,Modification of this. (4.3.134),documented_english_gloss,source_conditioned_candidate
0b3af7a7c995558f392a,kashika_4_3.rs,sutra_4_3_137,445,4.3.137,maDuka,TasyaVikara,aR,mADuka,1,positive,Modification of this. (4.3.134),documented_english_gloss,source_conditioned_candidate
132ba48b957231ef0005,kashika_4_3.rs,sutra_4_3_138,450,4.3.138,trapu,TasyaVikara,aR,trApuza,1,positive,Modification of this. (4.3.134),documented_english_gloss,source_conditioned_candidate
545f1f750a5e004ea874,kashika_4_3.rs,sutra_4_3_138,451,4.3.138,jatu,TasyaVikara,aR,jAtuza,1,positive,Modification of this. (4.3.134),documented_english_gloss,source_conditioned_candidate
5be1af705f8757bd3bda,kashika_4_3.rs,sutra_4_3_139,456,4.3.139,devadAru,TasyaVikara,aY,dEvadArava,1,positive,Modification of this. (4.3.134),documented_english_gloss,source_conditioned_candidate
2c31ee65e16ba0d68667,kashika_4_3.rs,sutra_4_3_139,457,4.3.139,BadradAru,TasyaVikara,aY,BAdradArava,1,positive,Modification of this. (4.3.134),documented_english_gloss,source_conditioned_candidate
551e61cdaeaaf4a77c2e,kashika_4_3.rs,sutra_4_3_141,462,4.3.141,palASa,TasyaVikara,aY,pAlASa,1,positive,Modification of this. (4.3.134),documented_english_gloss,source_conditioned_candidate
0c3c01b9373a54168a50,kashika_4_3.rs,sutra_4_3_141,463,4.3.141,palASa,TasyaVikara,aR,pAlASa,1,positive,Modification of this. (4.3.134),documented_english_gloss,source_conditioned_candidate
fc25e98e0492c7b0952c,kashika_4_3.rs,sutra_4_3_141,464,4.3.141,Kadira,TasyaVikara,aY,KAdira,1,positive,Modification of this. (4.3.134),documented_english_gloss,source_conditioned_candidate
fbaef8b0fd141dc6dc1a,kashika_4_3.rs,sutra_4_3_141,465,4.3.141,Kadira,TasyaVikara,aR,KAdira,1,positive,Modification of this. (4.3.134),documented_english_gloss,source_conditioned_candidate
72bf5f5b3d07ba5e1079,kashika_4_3.rs,sutra_4_3_141,466,4.3.141,yavAsa,TasyaVikara,aY,yAvAsa,1,positive,Modification of this. (4.3.134),documented_english_gloss,source_conditioned_candidate
d6b1a1ba30f7efb38207,kashika_4_3.rs,sutra_4_3_141,467,4.3.141,yavAsa,TasyaVikara,aR,yAvAsa,1,positive,Modification of this. (4.3.134),documented_english_gloss,source_conditioned_candidate
a5dc1476022fe9b4c2be,kashika_4_3.rs,sutra_4_3_142,472,4.3.142,SamI,TasyaVikara,wlaY,SAmIla,1,positive,Modification of this. (4.3.134),documented_english_gloss,source_conditioned_candidate
c03b18659b0e0b1b9446,kashika_4_3.rs,sutra_4_3_144,477,4.3.144,Amra,TasyaVikara,mayaw,Amramaya,1,positive,Modification of this. (4.3.134),documented_english_gloss,source_conditioned_candidate
82688e10aebcb5aa393c,kashika_4_3.rs,sutra_4_3_144,478,4.3.144,SAla,TasyaVikara,mayaw,SAlamaya,1,positive,Modification of this. (4.3.134),documented_english_gloss,source_conditioned_candidate
722b275356ebad960132,kashika_4_3.rs,sutra_4_3_144,479,4.3.144,SAka,TasyaVikara,mayaw,SAkamaya,1,positive,Modification of this. (4.3.134),documented_english_gloss,source_conditioned_candidate
27c1acb9bef658212f77,kashika_4_3.rs,sutra_4_3_144,481,4.3.144,Sara,TasyaVikara,mayaw,Saramaya,1,positive,Modification of this. (4.3.134),documented_english_gloss,source_conditioned_candidate
c0934119216ee656abe5,kashika_4_3.rs,sutra_4_3_144,482,4.3.144,darBa,TasyaVikara,mayaw,darBamaya,1,positive,Modification of this. (4.3.134),documented_english_gloss,source_conditioned_candidate
995d612c585183b30a7f,kashika_4_3.rs,sutra_4_3_144,483,4.3.144,mfd,TasyaVikara,mayaw,mfnmaya,1,positive,Modification of this. (4.3.134),documented_english_gloss,source_conditioned_candidate
a10c6bfe98c14c2b113c,kashika_4_3.rs,sutra_4_3_145,488,4.3.145,go,TasyaVikara,mayaw,gomaya,1,positive,Modification of this. (4.3.134),documented_english_gloss,source_conditioned_candidate
55951ade7dd796a4eeca,kashika_4_3.rs,sutra_4_3_145,490,4.3.145,go,TasyaVikara,yat,gavya,1,positive,Modification of this. (4.3.134),documented_english_gloss,source_conditioned_candidate
b7581b75f85730f214fd,kashika_4_3.rs,sutra_4_3_146,495,4.3.146,pizwa,TasyaVikara,mayaw,pizwamaya,1,positive,Modification of this. (4.3.134),documented_english_gloss,source_conditioned_candidate
92c6110164b601ec762d,kashika_4_3.rs,sutra_4_3_147,500,4.3.147,pizwa,TasyaVikara,kan,pizwaka,1,positive,Modification of this. (4.3.134),documented_english_gloss,source_conditioned_candidate
dc71c64fc8d9900c1c4d,kashika_4_3.rs,sutra_4_3_157,505,4.3.157,uzwra,TasyaVikara,vuY,Ozwraka,1,positive,Modification of this. (4.3.134),documented_english_gloss,source_conditioned_candidate
1e303d75de8ddd1ac08e,kashika_4_3.rs,sutra_4_3_158,510,4.3.158,umA,TasyaVikara,vuY,Omaka,1,positive,Modification of this. (4.3.134),documented_english_gloss,source_conditioned_candidate
4988bd095d49641f7d33,kashika_4_3.rs,sutra_4_3_158,511,4.3.158,umA,TasyaVikara,aR,Oma,1,positive,Modification of this. (4.3.134),documented_english_gloss,source_conditioned_candidate
f19f127c4b67c7724fab,kashika_4_3.rs,sutra_4_3_158,512,4.3.158,UrRA,TasyaVikara,vuY,OrRaka,1,positive,Modification of this. (4.3.134),documented_english_gloss,source_conditioned_candidate
4a59a421f2007ee16105,kashika_4_3.rs,sutra_4_3_158,513,4.3.158,UrRA,TasyaVikara,aY,OrRa,1,positive,Modification of this. (4.3.134),documented_english_gloss,source_conditioned_candidate
0705705a5e0b9cb83d0b,kashika_4_3.rs,sutra_4_3_159,518,4.3.159,eRI,TasyaVikara,QaY,EReya,1,positive,Modification of this. (4.3.134),documented_english_gloss,source_conditioned_candidate
5ad68810ee8285b5df5f,kashika_4_3.rs,sutra_4_3_159,519,4.3.159,eRI,TasyaVikara,aY,ERa,1,positive,Modification of this. (4.3.134),documented_english_gloss,source_conditioned_candidate
1992e1d27d900d9c1aca,kashika_4_3.rs,sutra_4_3_160,524,4.3.160,go,TasyaVikara,yat,gavya,1,positive,Modification of this. (4.3.134),documented_english_gloss,source_conditioned_candidate
7a87a9746cdce48b9872,kashika_4_3.rs,sutra_4_3_160,525,4.3.160,payas,TasyaVikara,yat,payasya,1,positive,Modification of this. (4.3.134),documented_english_gloss,source_conditioned_candidate
0f7abb79864622f761d2,kashika_4_3.rs,sutra_4_3_161,530,4.3.161,dru,TasyaVikara,yat,dravya,1,positive,Modification of this. (4.3.134),documented_english_gloss,source_conditioned_candidate
c04eb733b40be3bff40c,kashika_4_3.rs,sutra_4_3_162,535,4.3.162,dru,TasyaVikara,vaya,druvaya,1,positive,Modification of this. (4.3.134),documented_english_gloss,source_conditioned_candidate
88bec27e07b35951ced2,kashika_4_3.rs,sutra_4_3_164,540,4.3.164,plakza,TasyaVikara,aR,plAkza,1,positive,Modification of this. (4.3.134),documented_english_gloss,source_conditioned_candidate
d06504fe3b1b32393daa,kashika_4_3.rs,sutra_4_3_164,541,4.3.164,nyagroDa,TasyaVikara,aR,nEyagroDa,1,positive,Modification of this. (4.3.134),documented_english_gloss,source_conditioned_candidate
cd42b8d65c040cbe7f6a,kashika_4_4.rs,sutra_4_4_1,20,4.4.1,akza,TenaDivyatiJayatiJitam,Wak,Akzika,1,positive,"One who gambles, conquers, or is conquered with this. (4.4.2)",documented_english_gloss,source_conditioned_candidate
c9133fe4e6236fd63095,kashika_4_4.rs,sutra_4_4_2,25,4.4.2,akza,TenaDivyatiJayatiJitam,Wak,Akzika,1,positive,"One who gambles, conquers, or is conquered with this. (4.4.2)",documented_english_gloss,source_conditioned_candidate
fa13f60256d39a323800,kashika_4_4.rs,sutra_4_4_2,26,4.4.2,SalAkA,TenaDivyatiJayatiJitam,Wak,SAlAkika,1,positive,"One who gambles, conquers, or is conquered with this. (4.4.2)",documented_english_gloss,source_conditioned_candidate
6207c7143a9f928f8159,kashika_4_4.rs,sutra_4_4_2,27,4.4.2,aBri,TenaDivyatiJayatiJitam,Wak,ABrika,1,positive,"One who gambles, conquers, or is conquered with this. (4.4.2)",documented_english_gloss,source_conditioned_candidate
6ba716188ef22b8b0a3f,kashika_4_4.rs,sutra_4_4_2,28,4.4.2,kuddAla,TenaDivyatiJayatiJitam,Wak,kOddAlika,1,positive,"One who gambles, conquers, or is conquered with this. (4.4.2)",documented_english_gloss,source_conditioned_candidate
ed2aece9384a01b4f2da,kashika_4_4.rs,sutra_4_4_3,33,4.4.3,daDi,TenaSamskrtam,Wak,dADika,1,positive,Cultured or processed. (4.4.3),documented_english_gloss,source_conditioned_candidate
020911b92f5e8a7c258f,kashika_4_4.rs,sutra_4_4_3,34,4.4.3,SfNgavera,TenaSamskrtam,Wak,SArNgaverika,1,positive,Cultured or processed. (4.4.3),documented_english_gloss,source_conditioned_candidate
51443e3ec3c350217900,kashika_4_4.rs,sutra_4_4_3,35,4.4.3,marici,TenaSamskrtam,Wak,mAricika,1,positive,Cultured or processed. (4.4.3),documented_english_gloss,source_conditioned_candidate
e0864b985723329b59b5,kashika_4_4.rs,sutra_4_4_4,40,4.4.4,kulatTa,TenaSamskrtam,aR,kOlatTa,1,positive,Cultured or processed. (4.4.3),documented_english_gloss,source_conditioned_candidate
a230cc7f68963ddc9ec1,kashika_4_4.rs,sutra_4_4_4,41,4.4.4,tittiqIka,TenaSamskrtam,aR,tEttiqIka,1,positive,Cultured or processed. (4.4.3),documented_english_gloss,source_conditioned_candidate
2cc420f61913b1a24e56,kashika_4_4.rs,sutra_4_4_4,42,4.4.4,dardaBaka,TenaSamskrtam,aR,dArdaBaka,1,positive,Cultured or processed. (4.4.3),documented_english_gloss,source_conditioned_candidate
67da25e5ef9e22f8b332,kashika_4_4.rs,sutra_4_4_5,48,4.4.5,kARqaplava,TenaTarati,Wak,kARqaplavika,1,positive,One who crosses with this. (4.4.5),documented_english_gloss,source_conditioned_candidate
50bf6471b161d991e2cf,kashika_4_4.rs,sutra_4_4_6,53,4.4.6,gopucCa,TenaTarati,WaY,gOpucCika,1,positive,One who crosses with this. (4.4.5),documented_english_gloss,source_conditioned_candidate
be07cf27fb56bfc246f5,kashika_4_4.rs,sutra_4_4_7,59,4.4.7,nO,TenaTarati,Wan,nAvika,1,positive,One who crosses with this. (4.4.5),documented_english_gloss,source_conditioned_candidate
bb1dfb26dda0ca84218a,kashika_4_4.rs,sutra_4_4_7,60,4.4.7,Gawa,TenaTarati,Wan,Gawika,1,positive,One who crosses with this. (4.4.5),documented_english_gloss,source_conditioned_candidate
3ad9fb7cf0ddd621299b,kashika_4_4.rs,sutra_4_4_8,67,4.4.8,hastin,TenaCarati,Wak,hAstika,1,positive,One who walks or eats with this. (4.4.8),documented_english_gloss,source_conditioned_candidate
6cb07fd964b809aed84d,kashika_4_4.rs,sutra_4_4_8,68,4.4.8,SakawA,TenaCarati,Wak,SAkawika,1,positive,One who walks or eats with this. (4.4.8),documented_english_gloss,source_conditioned_candidate
e398dc9335948051149e,kashika_4_4.rs,sutra_4_4_8,69,4.4.8,daDi,TenaCarati,Wak,dADika,1,positive,One who walks or eats with this. (4.4.8),documented_english_gloss,source_conditioned_candidate
ebe0d72dca5a16a5d6d1,kashika_4_4.rs,sutra_4_4_9,74,4.4.9,Akarza,TenaCarati,zWal,Akarzika,1,positive,One who walks or eats with this. (4.4.8),documented_english_gloss,source_conditioned_candidate
c2131f38be5fdb79d1ae,kashika_4_4.rs,sutra_4_4_10,80,4.4.10,parpa,TenaCarati,zWan,parpika,1,positive,One who walks or eats with this. (4.4.8),documented_english_gloss,source_conditioned_candidate
33fc3ae9c695f3e37336,kashika_4_4.rs,sutra_4_4_10,81,4.4.10,aSva,TenaCarati,zWan,aSvika,1,positive,One who walks or eats with this. (4.4.8),documented_english_gloss,source_conditioned_candidate
7b7f0b8dbc5739b8ed6c,kashika_4_4.rs,sutra_4_4_11,87,4.4.11,SvagaRa,TenaCarati,zWan,SvagaRika,1,positive,One who walks or eats with this. (4.4.8),documented_english_gloss,source_conditioned_candidate
f383c90e977ae313a3dd,kashika_4_4.rs,sutra_4_4_11,88,4.4.11,SvagaRa,TenaCarati,WaY,SvAgaRika,1,positive,One who walks or eats with this. (4.4.8),documented_english_gloss,source_conditioned_candidate
8b627fb7202b1813a3be,kashika_4_4.rs,sutra_4_4_12,94,4.4.12,vetana,TenaJivati,Wak,vEtanika,1,positive,One who lives with this. (4.4.12),documented_english_gloss,source_conditioned_candidate
8665819659c0b7128bed,kashika_4_4.rs,sutra_4_4_12,95,4.4.12,DanurdaRqa,TenaJivati,Wak,DAnurdaRqika,1,positive,One who lives with this. (4.4.12),documented_english_gloss,source_conditioned_candidate
5f48117765d5007faedf,kashika_4_4.rs,sutra_4_4_13,101,4.4.13,vasna,TenaJivati,Wan,vasnika,1,positive,One who lives with this. (4.4.12),documented_english_gloss,source_conditioned_candidate
6d133e95803d2669e45a,kashika_4_4.rs,sutra_4_4_13,102,4.4.13,kraya,TenaJivati,Wan,krayika,1,positive,One who lives with this. (4.4.12),documented_english_gloss,source_conditioned_candidate
0eb08f10600baf08282c,kashika_4_4.rs,sutra_4_4_13,103,4.4.13,vikraya,TenaJivati,Wan,vikrayika,1,positive,One who lives with this. (4.4.12),documented_english_gloss,source_conditioned_candidate
a86d974e9f90753366de,kashika_4_4.rs,sutra_4_4_13,104,4.4.13,krayavikraya,TenaJivati,Wan,krayavikrayika,1,positive,One who lives with this. (4.4.12),documented_english_gloss,source_conditioned_candidate
86f0117362af069167f2,kashika_4_4.rs,sutra_4_4_14,109,4.4.14,AyuDa,TenaJivati,Wan,AyuDika,1,positive,One who lives with this. (4.4.12),documented_english_gloss,source_conditioned_candidate
75f8f7c829417a9d490f,kashika_4_4.rs,sutra_4_4_14,110,4.4.14,AyuDa,TenaJivati,Ca,AyuDIya,1,positive,One who lives with this. (4.4.12),documented_english_gloss,source_conditioned_candidate
c5bac2cf2675f06cf50f,kashika_4_4.rs,sutra_4_4_15,115,4.4.15,utsaNga,TenaHarati,Wak,OtsaNgika,1,positive,One who conveys with this. (4.4.15),documented_english_gloss,source_conditioned_candidate
fce00fb279886466c2e1,kashika_4_4.rs,sutra_4_4_15,116,4.4.15,uqupa,TenaHarati,Wak,Oqupika,1,positive,One who conveys with this. (4.4.15),documented_english_gloss,source_conditioned_candidate
18cd5813a14c4804eaf8,kashika_4_4.rs,sutra_4_4_16,121,4.4.16,BastrA,TenaHarati,zWan,Bastrika,1,positive,One who conveys with this. (4.4.15),documented_english_gloss,source_conditioned_candidate
ef47bd85eef888eef423,kashika_4_4.rs,sutra_4_4_16,122,4.4.16,Barawa,TenaHarati,zWan,Barawika,1,positive,One who conveys with this. (4.4.15),documented_english_gloss,source_conditioned_candidate
621fd658cf52f4ab2f7d,kashika_4_4.rs,sutra_4_4_17,127,4.4.17,vivaDa,TenaHarati,zWan,vivaDika,1,positive,One who conveys with this. (4.4.15),documented_english_gloss,source_conditioned_candidate
19c5356d48e249344ad3,kashika_4_4.rs,sutra_4_4_17,128,4.4.17,vivaDa,TenaHarati,Wak,vEvaDika,1,positive,One who conveys with this. (4.4.15),documented_english_gloss,source_conditioned_candidate
3e872af2e0a652458c78,kashika_4_4.rs,sutra_4_4_17,129,4.4.17,vIvaDa,TenaHarati,zWan,vIvaDika,1,positive,One who conveys with this. (4.4.15),documented_english_gloss,source_conditioned_candidate
767e6746c4a96fda9bf9,kashika_4_4.rs,sutra_4_4_17,130,4.4.17,vIvaDa,TenaHarati,Wak,vEvaDika,1,positive,One who conveys with this. (4.4.15),documented_english_gloss,source_conditioned_candidate
fd307bd06951224c09e0,kashika_4_4.rs,sutra_4_4_18,135,4.4.18,kuwilikA,TenaHarati,aR,kOwilika,1,positive,One who conveys with this. (4.4.15),documented_english_gloss,source_conditioned_candidate
151d476bcc39f3703c9d,kashika_4_4.rs,sutra_4_4_19,140,4.4.19,akzadyUta,TenaNirvrtte,Wak,AkzadyUtika,1,positive,Completed with. (4.4.19),documented_english_gloss,source_conditioned_candidate
49a205c7e436833605be,kashika_4_4.rs,sutra_4_4_19,141,4.4.19,jAnuprahfta,TenaNirvrtte,Wak,jAnuprahftika,1,positive,Completed with. (4.4.19),documented_english_gloss,source_conditioned_candidate
c92f83e906b4c6de4426,kashika_4_4.rs,sutra_4_4_21,153,4.4.21,apamitya,TenaNirvrtte,kak,Apamityaka,1,positive,Completed with. (4.4.19),documented_english_gloss,source_conditioned_candidate
926d9e044f067b9bb498,kashika_4_4.rs,sutra_4_4_21,154,4.4.21,yAcita,TenaNirvrtte,kan,yAcitaka,1,positive,Completed with. (4.4.19),documented_english_gloss,source_conditioned_candidate
aaa8b7862eeb50eabd2c,kashika_4_4.rs,sutra_4_4_22,159,4.4.22,daDi,TenaSamsrshte,Wak,dADika,1,positive,Mixed with. (4.4.22),documented_english_gloss,source_conditioned_candidate
e22c9f30913199177a98,kashika_4_4.rs,sutra_4_4_22,160,4.4.22,marici,TenaSamsrshte,Wak,mAricika,1,positive,Mixed with. (4.4.22),documented_english_gloss,source_conditioned_candidate
a9eac562862dcd0ef537,kashika_4_4.rs,sutra_4_4_22,161,4.4.22,SfNgavera,TenaSamsrshte,Wak,SArNgaverika,1,positive,Mixed with. (4.4.22),documented_english_gloss,source_conditioned_candidate
8baae9c5fe37a72a388d,kashika_4_4.rs,sutra_4_4_22,162,4.4.22,pippala,TenaSamsrshte,Wak,pEppalika,1,positive,Mixed with. (4.4.22),documented_english_gloss,source_conditioned_candidate
3547ca2800aefd18d699,kashika_4_4.rs,sutra_4_4_23,167,4.4.23,cUrRa,TenaSamsrshte,ini,cUrRin,1,positive,Mixed with. (4.4.22),documented_english_gloss,source_conditioned_candidate
d1163864c84ab42cbcfe,kashika_4_4.rs,sutra_4_4_24,172,4.4.24,lavaRa,TenaSamsrshte,Wak,lavaRa,1,positive,Mixed with. (4.4.22),documented_english_gloss,source_conditioned_candidate
5c0c719c63bee280d9fb,kashika_4_4.rs,sutra_4_4_25,177,4.4.25,mudra,TenaSamsrshte,aR,mOdra,1,positive,Mixed with. (4.4.22),documented_english_gloss,source_conditioned_candidate
2626d8100db2ac7d2f5c,kashika_4_4.rs,sutra_4_4_26,182,4.4.26,daDi,TenaUpasikte,Wak,dADika,1,positive,Sprinkled with. (4.4.26),documented_english_gloss,source_conditioned_candidate
896bfd9718fc55081a54,kashika_4_4.rs,sutra_4_4_26,183,4.4.26,sUpa,TenaUpasikte,Wak,sOpika,1,positive,Sprinkled with. (4.4.26),documented_english_gloss,source_conditioned_candidate
5bf8bc83539a7dfeb17e,kashika_4_4.rs,sutra_4_4_26,184,4.4.26,Kara,TenaUpasikte,Wak,KArika,1,positive,Sprinkled with. (4.4.26),documented_english_gloss,source_conditioned_candidate
56debb4082d1a7303963,kashika_4_4.rs,sutra_4_4_27,189,4.4.27,ojas,Vartate,Wak,Ojasika,1,positive,Existence. (4.4.27),documented_english_gloss,source_conditioned_candidate
77065181a0c3ba1be1a3,kashika_4_4.rs,sutra_4_4_27,190,4.4.27,sahas,Vartate,Wak,sAhasika,1,positive,Existence. (4.4.27),documented_english_gloss,source_conditioned_candidate
3190da308e1a78f8f32b,kashika_4_4.rs,sutra_4_4_27,191,4.4.27,amBas,Vartate,Wak,AmBasika,1,positive,Existence. (4.4.27),documented_english_gloss,source_conditioned_candidate
894ccff3a1df0b26118e,kashika_4_4.rs,sutra_4_4_28,196,4.4.28,pratIpa,Vartate,Wak,prAtIpika,1,positive,Existence. (4.4.27),documented_english_gloss,source_conditioned_candidate
3e770f8c5f7a1cbd9fea,kashika_4_4.rs,sutra_4_4_28,197,4.4.28,anvIpa,Vartate,Wak,AnvIpika,1,positive,Existence. (4.4.27),documented_english_gloss,source_conditioned_candidate
9cf3c715f881d203e328,kashika_4_4.rs,sutra_4_4_28,198,4.4.28,pratiloma,Vartate,Wak,prAtilomika,1,positive,Existence. (4.4.27),documented_english_gloss,source_conditioned_candidate
1ae34a5488ac40ecfe93,kashika_4_4.rs,sutra_4_4_28,199,4.4.28,anuloma,Vartate,Wak,Anulomika,1,positive,Existence. (4.4.27),documented_english_gloss,source_conditioned_candidate
8e9186d234eb2bb5b6df,kashika_4_4.rs,sutra_4_4_28,200,4.4.28,pratikUla,Vartate,Wak,prAtikUlika,1,positive,Existence. (4.4.27),documented_english_gloss,source_conditioned_candidate
a9d4cd949947d149cc45,kashika_4_4.rs,sutra_4_4_28,201,4.4.28,anukUla,Vartate,Wak,AnukUlika,1,positive,Existence. (4.4.27),documented_english_gloss,source_conditioned_candidate
0a3ce59afba83c16e969,kashika_4_4.rs,sutra_4_4_29,206,4.4.29,parimuKa,Vartate,Wak,pArimuKika,1,positive,Existence. (4.4.27),documented_english_gloss,source_conditioned_candidate
016405fd64e063122725,kashika_4_4.rs,sutra_4_4_30,211,4.4.30,dviguRa,PrayacchatiGarhyam,Wak,dvEguRika,1,positive,One who gives in a contemptible way. (4.4.30),documented_english_gloss,source_conditioned_candidate
2ba625d662af1ffd4b11,kashika_4_4.rs,sutra_4_4_30,212,4.4.30,triguRa,PrayacchatiGarhyam,Wak,trEguRika,1,positive,One who gives in a contemptible way. (4.4.30),documented_english_gloss,source_conditioned_candidate
ccdaaf5b5e4674c2d14b,kashika_4_4.rs,sutra_4_4_31,217,4.4.31,kusIda,PrayacchatiGarhyam,zWan,kusIdika,1,positive,One who gives in a contemptible way. (4.4.30),documented_english_gloss,source_conditioned_candidate
cdb97a6861616d37aaa9,kashika_4_4.rs,sutra_4_4_31,218,4.4.31,daSEkAdaSa,PrayacchatiGarhyam,zWac,daSEkAdaSika,1,positive,One who gives in a contemptible way. (4.4.30),documented_english_gloss,source_conditioned_candidate
973e20f60c62bb833923,kashika_4_4.rs,sutra_4_4_32,223,4.4.32,badara,Unchati,Wak,bAdarika,1,positive,What is gleaned. (4.4.32),documented_english_gloss,source_conditioned_candidate
7e9662e9e502990f8dff,kashika_4_4.rs,sutra_4_4_32,224,4.4.32,SyAmAka,Unchati,Wak,SyAmAkika,1,positive,What is gleaned. (4.4.32),documented_english_gloss,source_conditioned_candidate
fcfa8b583dcccabe0665,kashika_4_4.rs,sutra_4_4_32,225,4.4.32,kaRa,Unchati,Wak,kARika,1,positive,What is gleaned. (4.4.32),documented_english_gloss,source_conditioned_candidate
23f30658f8473d152d5a,kashika_4_4.rs,sutra_4_4_33,230,4.4.33,samAja,TadRakshati,Wak,sAmAjika,1,positive,What is protected. (4.4.33),documented_english_gloss,source_conditioned_candidate
9dca0d81db6b6bbcd69c,kashika_4_4.rs,sutra_4_4_33,231,4.4.33,sanniveSa,TadRakshati,Wak,sAnniveSika,1,positive,What is protected. (4.4.33),documented_english_gloss,source_conditioned_candidate
6d65e85b249d40c8e573,kashika_4_4.rs,sutra_4_4_35,242,4.4.35,pakzin,Hanti,Wak,pAkzika,1,positive,What one kills. (4.4.35),documented_english_gloss,source_conditioned_candidate
687278504254eb3cfd67,kashika_4_4.rs,sutra_4_4_35,243,4.4.35,Sakuni,Hanti,Wak,SAkunika,1,positive,What one kills. (4.4.35),documented_english_gloss,source_conditioned_candidate
7d32cf99aedcf1b4b376,kashika_4_4.rs,sutra_4_4_35,244,4.4.35,mayUra,Hanti,Wak,mAyUrika,1,positive,What one kills. (4.4.35),documented_english_gloss,source_conditioned_candidate
99d096786eb4e87f0e65,kashika_4_4.rs,sutra_4_4_35,245,4.4.35,tittiri,Hanti,Wak,tEttirika,1,positive,What one kills. (4.4.35),documented_english_gloss,source_conditioned_candidate
cfee6cf3691b41d7deaa,kashika_4_4.rs,sutra_4_4_35,246,4.4.35,matsya,Hanti,Wak,mAtsyika,1,positive,What one kills. (4.4.35),documented_english_gloss,source_conditioned_candidate
35093789724f0451d7e3,kashika_4_4.rs,sutra_4_4_35,247,4.4.35,mIna,Hanti,Wak,mEnika,1,positive,What one kills. (4.4.35),documented_english_gloss,source_conditioned_candidate
ea300b4cd606755f8de4,kashika_4_4.rs,sutra_4_4_35,248,4.4.35,SaPara,Hanti,Wak,SAParika,1,positive,What one kills. (4.4.35),documented_english_gloss,source_conditioned_candidate
23113a29dfefbcbcfae1,kashika_4_4.rs,sutra_4_4_35,249,4.4.35,Sakuli,Hanti,Wak,SAkulika,1,positive,What one kills. (4.4.35),documented_english_gloss,source_conditioned_candidate
c2d217d88a67e7aa9d95,kashika_4_4.rs,sutra_4_4_35,250,4.4.35,mfga,Hanti,Wak,mArgika,1,positive,What one kills. (4.4.35),documented_english_gloss,source_conditioned_candidate
cdaf48f72ade3704b928,kashika_4_4.rs,sutra_4_4_35,251,4.4.35,hariRa,Hanti,Wak,hAriRika,1,positive,What one kills. (4.4.35),documented_english_gloss,source_conditioned_candidate
06c57cce16f4a29d80c6,kashika_4_4.rs,sutra_4_4_35,252,4.4.35,sUkara,Hanti,Wak,sOkarika,1,positive,What one kills. (4.4.35),documented_english_gloss,source_conditioned_candidate
fc81db32229ff14e60f7,kashika_4_4.rs,sutra_4_4_35,253,4.4.35,sAraNga,Hanti,Wak,sAraNgika,1,positive,What one kills. (4.4.35),documented_english_gloss,source_conditioned_candidate
6db9544bcd2ce792a79f,kashika_4_4.rs,sutra_4_4_36,258,4.4.36,paripanTa,Hanti,Wak,pAripanTika,1,positive,What one kills. (4.4.35),documented_english_gloss,source_conditioned_candidate
76b4859ef629df867c18,kashika_4_4.rs,sutra_4_4_37,263,4.4.37,daRqamATa,Hanti,Wak,dARqamATika,1,positive,What one kills. (4.4.35),documented_english_gloss,source_conditioned_candidate
b5a2d3f37c057fb28eba,kashika_4_4.rs,sutra_4_4_37,264,4.4.37,SulkamATa,Hanti,Wak,SOlkamATika,1,positive,What one kills. (4.4.35),documented_english_gloss,source_conditioned_candidate
371454ec1ce289a5dbcc,kashika_4_4.rs,sutra_4_4_37,265,4.4.37,padavI,Hanti,Wak,pAdavika,1,positive,What one kills. (4.4.35),documented_english_gloss,source_conditioned_candidate
14ebbefaf76a1729f018,kashika_4_4.rs,sutra_4_4_37,266,4.4.37,anupada,Hanti,Wak,Anupadika,1,positive,What one kills. (4.4.35),documented_english_gloss,source_conditioned_candidate
78aca58a584108b420f0,kashika_4_4.rs,sutra_4_4_38,271,4.4.38,Akranda,Hanti,Wak,Akrandika,1,positive,What one kills. (4.4.35),documented_english_gloss,source_conditioned_candidate
68d187f9c3c1189bebea,kashika_4_4.rs,sutra_4_4_38,272,4.4.38,Akranda,Hanti,WaY,Akrandika,1,positive,What one kills. (4.4.35),documented_english_gloss,source_conditioned_candidate
a4e68b70c3556fcad9a1,kashika_4_4.rs,sutra_4_4_39,277,4.4.39,pUrvapada,Grhnati,Wak,pOrvapadika,1,positive,What one takes. (4.4.39),documented_english_gloss,source_conditioned_candidate
aa2973c1ed076e216661,kashika_4_4.rs,sutra_4_4_39,278,4.4.39,uttarapada,Grhnati,Wak,Ottarapadika,1,positive,What one takes. (4.4.39),documented_english_gloss,source_conditioned_candidate
b7ef893ef5e87224faef,kashika_4_4.rs,sutra_4_4_40,284,4.4.40,pratikaRWA,Grhnati,Wak,prAtikaRWika,1,positive,What one takes. (4.4.39),documented_english_gloss,source_conditioned_candidate
364155fa064d1ce77d12,kashika_4_4.rs,sutra_4_4_40,285,4.4.40,arTa,Grhnati,Wak,ArTika,1,positive,What one takes. (4.4.39),documented_english_gloss,source_conditioned_candidate
f8d0a5be09b2d5e593ae,kashika_4_4.rs,sutra_4_4_40,286,4.4.40,lalAma,Grhnati,Wak,lAlAmika,1,positive,What one takes. (4.4.39),documented_english_gloss,source_conditioned_candidate
4570a88bb64f739e4dc9,kashika_4_4.rs,sutra_4_4_41,291,4.4.41,Darma,Carati,Wak,DArmika,1,positive,What one practices. (4.4.41),documented_english_gloss,source_conditioned_candidate
3cd795b3088a57d8065d,kashika_4_4.rs,sutra_4_4_41_v1,296,4.4.41,aDarma,Carati,Wak,ADarmika,1,positive,What one practices. (4.4.41),documented_english_gloss,source_conditioned_candidate
e2741d0b6f1744c6c1da,kashika_4_4.rs,sutra_4_4_42,301,4.4.42,pratipaTa,Eti,Wak,prAtipaTika,1,positive,Who goes. (4.4.42),documented_english_gloss,source_conditioned_candidate
5502a56cc6d21f58c6ca,kashika_4_4.rs,sutra_4_4_42,302,4.4.42,pratipaTa,Eti,Wan,pratipaTika,1,positive,Who goes. (4.4.42),documented_english_gloss,source_conditioned_candidate
1d43ec6b20d82786c120,kashika_4_4.rs,sutra_4_4_43,307,4.4.43,samavAya,Samavaiti,Wak,sAmavAyika,1,positive,Assembly. (4.4.43),documented_english_gloss,source_conditioned_candidate
3d07c895462192809c38,kashika_4_4.rs,sutra_4_4_43,308,4.4.43,samAja,Samavaiti,Wak,sAmAjika,1,positive,Assembly. (4.4.43),documented_english_gloss,source_conditioned_candidate
35b36f7223788401b681,kashika_4_4.rs,sutra_4_4_43,309,4.4.43,samUha,Samavaiti,Wak,sAmUhika,1,positive,Assembly. (4.4.43),documented_english_gloss,source_conditioned_candidate
5d881be0e7d57f74ed3c,kashika_4_4.rs,sutra_4_4_43,310,4.4.43,sanniveSa,Samavaiti,Wak,sAnniveSika,1,positive,Assembly. (4.4.43),documented_english_gloss,source_conditioned_candidate
0070c8d778b94e82cde2,kashika_4_4.rs,sutra_4_4_44,315,4.4.44,parizad,Samavaiti,Rya,pArizadya,1,positive,Assembly. (4.4.43),documented_english_gloss,source_conditioned_candidate
107a5e6eb59cf1de4307,kashika_4_4.rs,sutra_4_4_45,320,4.4.45,senA,Samavaiti,Rya,sEnya,1,positive,Assembly. (4.4.43),documented_english_gloss,source_conditioned_candidate
9a7cddde48d200b8a75a,kashika_4_4.rs,sutra_4_4_45,321,4.4.45,senA,Samavaiti,Wak,sEnika,1,positive,Assembly. (4.4.43),documented_english_gloss,source_conditioned_candidate
a1a25f4ec1aa1036bb42,kashika_4_4.rs,sutra_4_4_46,326,4.4.46,lalAwa,Pashyati,Wak,lAlAwika,1,positive,What one sees. (4.4.46),documented_english_gloss,source_conditioned_candidate
319c7bb67d8831d9a772,kashika_4_4.rs,sutra_4_4_46,327,4.4.46,kukkuwI,Pashyati,Wak,kOkkuwika,1,positive,What one sees. (4.4.46),documented_english_gloss,source_conditioned_candidate
dd5e382e40b18bee7989,kashika_4_4.rs,sutra_4_4_47,332,4.4.47,SulkaSAlA,TasyaDharmyam,Wak,SOlkaSAlika,1,positive,One who has this custom. (4.4.47),documented_english_gloss,source_conditioned_candidate
2f1977868e2898229ca2,kashika_4_4.rs,sutra_4_4_47,333,4.4.47,Akara,TasyaDharmyam,Wak,Akarika,1,positive,One who has this custom. (4.4.47),documented_english_gloss,source_conditioned_candidate
68a6241f072d3df90a97,kashika_4_4.rs,sutra_4_4_47,334,4.4.47,ApaRa,TasyaDharmyam,Wak,ApaRika,1,positive,One who has this custom. (4.4.47),documented_english_gloss,source_conditioned_candidate
19a656fe0d22a0cd49df,kashika_4_4.rs,sutra_4_4_47,335,4.4.47,gulma,TasyaDharmyam,Wak,gOlmika,1,positive,One who has this custom. (4.4.47),documented_english_gloss,source_conditioned_candidate
5c039a36f64520d7b4fb,kashika_4_4.rs,sutra_4_4_48,340,4.4.48,mahizI,TasyaDharmyam,aR,mAhiza,1,positive,One who has this custom. (4.4.47),documented_english_gloss,source_conditioned_candidate
6534eceba6c9dfec9c5e,kashika_4_4.rs,sutra_4_4_48,341,4.4.48,prajAvatI,TasyaDharmyam,aR,prAjAvata,1,positive,One who has this custom. (4.4.47),documented_english_gloss,source_conditioned_candidate
a49fc72ded10d902a056,kashika_4_4.rs,sutra_4_4_49,346,4.4.49,potf,TasyaDharmyam,aY,pOtra,1,positive,One who has this custom. (4.4.47),documented_english_gloss,source_conditioned_candidate
10c2833515b3c253f8e8,kashika_4_4.rs,sutra_4_4_49,347,4.4.49,udgAtf,TasyaDharmyam,aY,OdgAtra,1,positive,One who has this custom. (4.4.47),documented_english_gloss,source_conditioned_candidate
e887fb7560a709359155,kashika_4_4.rs,sutra_4_4_49_v1,352,4.4.49,nara,TasyaDharmyam,aY,nAra,1,positive,One who has this custom. (4.4.47),documented_english_gloss,source_conditioned_candidate
26b69df9a638e91b3a51,kashika_4_4.rs,sutra_4_4_50,357,4.4.50,SulkaSAlA,Avakraya,Wak,SOlkaSAlika,1,positive,What is taxed. (4.4.50),documented_english_gloss,source_conditioned_candidate
9b512276d31e93ee6ad6,kashika_4_4.rs,sutra_4_4_50,358,4.4.50,Akara,Avakraya,Wak,Akarika,1,positive,What is taxed. (4.4.50),documented_english_gloss,source_conditioned_candidate
fd5c20fa347a2a29a4ff,kashika_4_4.rs,sutra_4_4_50,359,4.4.50,ApaRa,Avakraya,Wak,ApaRika,1,positive,What is taxed. (4.4.50),documented_english_gloss,source_conditioned_candidate
d238cd9d74ad02af319a,kashika_4_4.rs,sutra_4_4_50,360,4.4.50,gulma,Avakraya,Wak,gOlmika,1,positive,What is taxed. (4.4.50),documented_english_gloss,source_conditioned_candidate
28a9b233cb98bcae5a3c,kashika_4_4.rs,sutra_4_4_51,365,4.4.51,apUpa,TadAsyaPanyam,Wak,ApUpika,1,positive,One who sells this item. (4.4.51),documented_english_gloss,source_conditioned_candidate
ac7c8b3603ca06610cfc,kashika_4_4.rs,sutra_4_4_51,366,4.4.51,Sazkula,TadAsyaPanyam,Wak,SAzkulika,1,positive,One who sells this item. (4.4.51),documented_english_gloss,source_conditioned_candidate
4b2868c2b57d320ead3c,kashika_4_4.rs,sutra_4_4_51,367,4.4.51,modaka,TadAsyaPanyam,Wak,mOdakika,1,positive,One who sells this item. (4.4.51),documented_english_gloss,source_conditioned_candidate
b6b041b4335d40b7bde8,kashika_4_4.rs,sutra_4_4_52,372,4.4.52,lavaRa,TadAsyaPanyam,WaY,lAvaRika,1,positive,One who sells this item. (4.4.51),documented_english_gloss,source_conditioned_candidate
f62366e9e4321f1f7ac7,kashika_4_4.rs,sutra_4_4_53,378,4.4.53,kiSara,TadAsyaPanyam,zWan,kiSarika,1,positive,One who sells this item. (4.4.51),documented_english_gloss,source_conditioned_candidate
420be03822e0c8d625e0,kashika_4_4.rs,sutra_4_4_53,379,4.4.53,narada,TadAsyaPanyam,zWan,naradika,1,positive,One who sells this item. (4.4.51),documented_english_gloss,source_conditioned_candidate
d9c755f841b2a7162215,kashika_4_4.rs,sutra_4_4_54,384,4.4.54,SalAlu,TadAsyaPanyam,zWan,SalAluka,1,positive,One who sells this item. (4.4.51),documented_english_gloss,source_conditioned_candidate
d8071324fd5c2f50d69d,kashika_4_4.rs,sutra_4_4_54,385,4.4.54,SalAlu,TadAsyaPanyam,Wak,SAlAluka,1,positive,One who sells this item. (4.4.51),documented_english_gloss,source_conditioned_candidate
aefca8eb19612fe16f8d,kashika_4_4.rs,sutra_4_4_55,390,4.4.55,mfdaNga,Shilpam,Wak,mArdaNgika,1,positive,One who has this art. (4.4.55),documented_english_gloss,source_conditioned_candidate
30662203536eaae41345,kashika_4_4.rs,sutra_4_4_55,391,4.4.55,paRavA,Shilpam,Wak,pARavika,1,positive,One who has this art. (4.4.55),documented_english_gloss,source_conditioned_candidate
0f7983bc119f53108be7,kashika_4_4.rs,sutra_4_4_55,392,4.4.55,vIRA,Shilpam,Wak,vERika,1,positive,One who has this art. (4.4.55),documented_english_gloss,source_conditioned_candidate
d0e89ce0b359675b1524,kashika_4_4.rs,sutra_4_4_56,397,4.4.56,maqquka,Shilpam,aR,mAqquka,1,positive,One who has this art. (4.4.55),documented_english_gloss,source_conditioned_candidate
7bccc5252a95a7a628a1,kashika_4_4.rs,sutra_4_4_56,398,4.4.56,maqquka,Shilpam,Wak,mAqqukika,1,positive,One who has this art. (4.4.55),documented_english_gloss,source_conditioned_candidate
820702e6a98bc1784fc7,kashika_4_4.rs,sutra_4_4_56,399,4.4.56,JarJara,Shilpam,aR,JArJara,1,positive,One who has this art. (4.4.55),documented_english_gloss,source_conditioned_candidate
ef6d00164a34f802e512,kashika_4_4.rs,sutra_4_4_56,400,4.4.56,JarJara,Shilpam,Wak,JArJarika,1,positive,One who has this art. (4.4.55),documented_english_gloss,source_conditioned_candidate
8425bd90c16f40f4677f,kashika_4_4.rs,sutra_4_4_57,405,4.4.57,asi,Praharanam,Wak,Asika,1,positive,One who has this weapon. (4.4.57),documented_english_gloss,source_conditioned_candidate
cac8c5eff4a069b37647,kashika_4_4.rs,sutra_4_4_57,406,4.4.57,prAsi,Praharanam,Wak,prAsika,1,positive,One who has this weapon. (4.4.57),documented_english_gloss,source_conditioned_candidate
878043ad7bdb06d52730,kashika_4_4.rs,sutra_4_4_57,407,4.4.57,cakra,Praharanam,Wak,cAkrika,1,positive,One who has this weapon. (4.4.57),documented_english_gloss,source_conditioned_candidate
3ba71728dbd6205fce55,kashika_4_4.rs,sutra_4_4_57,408,4.4.57,Danus,Praharanam,Wak,DAnuzka,1,positive,One who has this weapon. (4.4.57),documented_english_gloss,source_conditioned_candidate
81884f840db67b58e1cd,kashika_4_4.rs,sutra_4_4_58,413,4.4.58,paraSvaDa,Praharanam,WaY,pAraSvaDika,1,positive,One who has this weapon. (4.4.57),documented_english_gloss,source_conditioned_candidate
9a6e660fdcb66ad99bae,kashika_4_4.rs,sutra_4_4_58,414,4.4.58,paraSvaDa,Praharanam,Wak,pAraSvaDika,1,positive,One who has this weapon. (4.4.57),documented_english_gloss,source_conditioned_candidate
020d715fb9eb43802e07,kashika_4_4.rs,sutra_4_4_59,419,4.4.59,Sakti,Praharanam,Ikak,SAktIka,1,positive,One who has this weapon. (4.4.57),documented_english_gloss,source_conditioned_candidate
943265009b32f1e74674,kashika_4_4.rs,sutra_4_4_59,420,4.4.59,yazwi,Praharanam,Ikak,yAzwIka,1,positive,One who has this weapon. (4.4.57),documented_english_gloss,source_conditioned_candidate
860269ea5400c402a62a,kashika_4_4.rs,sutra_4_4_60,425,4.4.60,asti,Mati,Wak,Astika,1,positive,One who has this belief. (4.4.60),documented_english_gloss,source_conditioned_candidate
35c53702f107df31e637,kashika_4_4.rs,sutra_4_4_60,426,4.4.60,nAsti,Mati,Wak,nAstika,1,positive,One who has this belief. (4.4.60),documented_english_gloss,source_conditioned_candidate
46e816c7aea159e089cd,kashika_4_4.rs,sutra_4_4_60,427,4.4.60,dizwa,Mati,Wak,dEzwika,1,positive,One who has this belief. (4.4.60),documented_english_gloss,source_conditioned_candidate
6230d2d25fe88418cc24,kashika_4_4.rs,sutra_4_4_61,432,4.4.61,apUpa,Shilam,Wak,ApUpika,1,positive,One who has this habit. (4.4.61),documented_english_gloss,source_conditioned_candidate
1844db6e5c360a5c4e0d,kashika_4_4.rs,sutra_4_4_61,433,4.4.61,Sazkula,Shilam,Wak,SAzkulika,1,positive,One who has this habit. (4.4.61),documented_english_gloss,source_conditioned_candidate
95f25083eabf04769df2,kashika_4_4.rs,sutra_4_4_61,434,4.4.61,modaka,Shilam,Wak,mOdakika,1,positive,One who has this habit. (4.4.61),documented_english_gloss,source_conditioned_candidate
b8ffb39a56d714b6f5b1,kashika_4_4.rs,sutra_4_4_62,439,4.4.62,Catra,Shilam,Ra,CAtra,1,positive,One who has this habit. (4.4.61),documented_english_gloss,source_conditioned_candidate
c31012f7ce0a4c12fff1,kashika_4_4.rs,sutra_4_4_66,452,4.4.66,apUpa,TadAsmaiDiyateNiyuktam,Wak,ApUpika,1,positive,To whom this is given rightfully. (4.4.66),documented_english_gloss,source_conditioned_candidate
0b213ef80e1a5bbbca73,kashika_4_4.rs,sutra_4_4_66,453,4.4.66,Sazkula,TadAsmaiDiyateNiyuktam,Wak,SAzkulika,1,positive,To whom this is given rightfully. (4.4.66),documented_english_gloss,source_conditioned_candidate
e5fa003229641c9d652b,kashika_4_4.rs,sutra_4_4_67,459,4.4.67,SrARA,TadAsmaiDiyateNiyuktam,wiWan,SrARika,1,positive,To whom this is given rightfully. (4.4.66),documented_english_gloss,source_conditioned_candidate
a26a44c437158bcb0f30,kashika_4_4.rs,sutra_4_4_67,460,4.4.67,mAMsOdana,TadAsmaiDiyateNiyuktam,wiWan,mAMsOdanika,1,positive,To whom this is given rightfully. (4.4.66),documented_english_gloss,source_conditioned_candidate
7ccedbdd669d893f1b30,kashika_4_4.rs,sutra_4_4_68,466,4.4.68,Bakta,TadAsmaiDiyateNiyuktam,aR,BAkta,1,positive,To whom this is given rightfully. (4.4.66),documented_english_gloss,source_conditioned_candidate
02f1ee3db43a9651b67f,kashika_4_4.rs,sutra_4_4_68,467,4.4.68,Bakta,TadAsmaiDiyateNiyuktam,Wak,BAktika,1,positive,To whom this is given rightfully. (4.4.66),documented_english_gloss,source_conditioned_candidate
e43bf880694be4130e4c,kashika_4_4.rs,sutra_4_4_69,472,4.4.69,SulkaSAlA,Niyuktam,Wak,SOlkaSAlika,1,positive,Where one is appointed. (4.4.69),documented_english_gloss,source_conditioned_candidate
c536f13fcd67496198b8,kashika_4_4.rs,sutra_4_4_69,473,4.4.69,Akara,Niyuktam,Wak,Akarika,1,positive,Where one is appointed. (4.4.69),documented_english_gloss,source_conditioned_candidate
6de76a1a47299330fb49,kashika_4_4.rs,sutra_4_4_69,474,4.4.69,ApaRa,Niyuktam,Wak,ApaRika,1,positive,Where one is appointed. (4.4.69),documented_english_gloss,source_conditioned_candidate
304078357ad6b2adc52d,kashika_4_4.rs,sutra_4_4_69,475,4.4.69,gulma,Niyuktam,Wak,gOlmika,1,positive,Where one is appointed. (4.4.69),documented_english_gloss,source_conditioned_candidate
204a358aa02f1c48f203,kashika_4_4.rs,sutra_4_4_69,476,4.4.69,dvAra,Niyuktam,Wak,dOvArika,1,positive,Where one is appointed. (4.4.69),documented_english_gloss,source_conditioned_candidate
5768d987f46796bf8690,kashika_4_4.rs,sutra_4_4_70,481,4.4.70,devAgAra,Niyuktam,Wan,devAgArika,1,positive,Where one is appointed. (4.4.69),documented_english_gloss,source_conditioned_candidate
f9652795ebdf90d58f63,kashika_4_4.rs,sutra_4_4_70,482,4.4.70,kozWAgAra,Niyuktam,Wan,kozWAgArika,1,positive,Where one is appointed. (4.4.69),documented_english_gloss,source_conditioned_candidate
7140c0af6bc80094b8c7,kashika_4_4.rs,sutra_4_4_70,483,4.4.70,BARqAgAra,Niyuktam,Wan,BARqAgArika,1,positive,Where one is appointed. (4.4.69),documented_english_gloss,source_conditioned_candidate
d76c81eb464f74683f34,kashika_4_4.rs,sutra_4_4_72,496,4.4.72,vaMSakaWina,Vyavaharati,Wak,vAMSakaWinika,1,positive,Where one does work. (4.4.72),documented_english_gloss,source_conditioned_candidate
00c57732a10396834926,kashika_4_4.rs,sutra_4_4_72,497,4.4.72,vfDrakaWina,Vyavaharati,Wak,vArDrakaWinika,1,positive,Where one does work. (4.4.72),documented_english_gloss,source_conditioned_candidate
798f7eee7a0604b6dd24,kashika_4_4.rs,sutra_4_4_72,498,4.4.72,prastAra,Vyavaharati,Wak,prAstArika,1,positive,Where one does work. (4.4.72),documented_english_gloss,source_conditioned_candidate
227d238ee42b1dec8290,kashika_4_4.rs,sutra_4_4_72,499,4.4.72,saMsTAna,Vyavaharati,Wak,sAMsTAnika,1,positive,Where one does work. (4.4.72),documented_english_gloss,source_conditioned_candidate
1b3faab9e4ce159d6de6,kashika_4_4.rs,sutra_4_4_73,504,4.4.73,nikawa,Vasati,Wak,nEkawika,1,positive,Who dwells here. (4.4.73),documented_english_gloss,source_conditioned_candidate
370243778060c2e5db41,kashika_4_4.rs,sutra_4_4_74,509,4.4.74,AvasaTa,Vasati,zWal,AvasaTika,1,positive,Who dwells here. (4.4.73),documented_english_gloss,source_conditioned_candidate
5c332b4b4371ff4dc89e,kashika_4_4.rs,sutra_4_4_76,514,4.4.76,raTa,TadVahati,yat,raTya,1,positive,What one bears. (4.4.78),documented_english_gloss,source_conditioned_candidate
5a9e2402115a2b4aa907,kashika_4_4.rs,sutra_4_4_76,515,4.4.76,yuga,TadVahati,yat,yugya,1,positive,What one bears. (4.4.78),documented_english_gloss,source_conditioned_candidate
ca2c3c3a581061b4e8bf,kashika_4_4.rs,sutra_4_4_76,516,4.4.76,prAsaNga,TadVahati,yat,prAsaNgya,1,positive,What one bears. (4.4.78),documented_english_gloss,source_conditioned_candidate
817c6f995a8796c4f2a3,kashika_4_4.rs,sutra_4_4_77,521,4.4.77,Dur,TadVahati,yat,Durya,1,positive,What one bears. (4.4.78),documented_english_gloss,source_conditioned_candidate
55fb12716f3db52dc98a,kashika_4_4.rs,sutra_4_4_77,522,4.4.77,Dur,TadVahati,Qak,DOreya,1,positive,What one bears. (4.4.78),documented_english_gloss,source_conditioned_candidate
521c26f05967b956976b,kashika_4_4.rs,sutra_4_4_78,527,4.4.78,sarvaDurA,TadVahati,Ka,sarvaDurIRa,1,positive,What one bears. (4.4.78),documented_english_gloss,source_conditioned_candidate
c2087c79146b3683b09c,kashika_4_4.rs,sutra_4_4_78,528,4.4.78,uttaraDurA,TadVahati,Ka,uttaraDurIRa,1,positive,What one bears. (4.4.78),documented_english_gloss,source_conditioned_candidate
c93ec5df1f126317d59c,kashika_4_4.rs,sutra_4_4_78,529,4.4.78,dakziRaDurA,TadVahati,Ka,dakziRaDurIRa,1,positive,What one bears. (4.4.78),documented_english_gloss,source_conditioned_candidate
470822b05d9aabd8d7cc,kashika_4_4.rs,sutra_4_4_80,534,4.4.80,Sakawa,TadVahati,aR,SAkawa,1,positive,What one bears. (4.4.78),documented_english_gloss,source_conditioned_candidate
0a4b4316de4835326617,kashika_4_4.rs,sutra_4_4_81,539,4.4.81,hala,TadVahati,Wak,hAlika,1,positive,What one bears. (4.4.78),documented_english_gloss,source_conditioned_candidate
b0324bb6661ad4259063,kashika_4_4.rs,sutra_4_4_81,540,4.4.81,sIra,TadVahati,Wak,sErika,1,positive,What one bears. (4.4.78),documented_english_gloss,source_conditioned_candidate
ffd8009c3fd0e8e9656c,kashika_4_4.rs,sutra_4_4_82,545,4.4.82,janI,TadVahati,yat,janya,1,positive,What one bears. (4.4.78),documented_english_gloss,source_conditioned_candidate
eae7293b9da136f1b60c,kashika_4_4.rs,sutra_4_4_83,550,4.4.83,pAda,TadVidhyati,yat,padya,1,positive,What one pierces. (4.4.83),documented_english_gloss,source_conditioned_candidate
fad5c27f759eedd6adef,kashika_4_4.rs,sutra_4_4_83,551,4.4.83,Uru,TadVidhyati,yat,Uravya,1,positive,What one pierces. (4.4.83),documented_english_gloss,source_conditioned_candidate
27bca0718359810e2adc,kashika_4_4.rs,sutra_4_4_84,557,4.4.84,Dana,Labdha,yat,Danya,1,positive,What one has obtained. (4.4.85),documented_english_gloss,source_conditioned_candidate
d5b5b368e98da9b36719,kashika_4_4.rs,sutra_4_4_84,558,4.4.84,gaRa,Labdha,yat,gaRya,1,positive,What one has obtained. (4.4.85),documented_english_gloss,source_conditioned_candidate
b6908ebab8801b6a1a62,kashika_4_4.rs,sutra_4_4_85,563,4.4.85,anna,Labdha,Ra,Anna,1,positive,What one has obtained. (4.4.85),documented_english_gloss,source_conditioned_candidate
a5288f3cefdb0499804e,kashika_4_4.rs,sutra_4_4_86,568,4.4.86,vaSa,Gata,yat,vaSya,1,positive,Where one has gone. (4.4.86),documented_english_gloss,source_conditioned_candidate
c7ac69bebd7f3787cd11,kashika_4_4.rs,sutra_4_4_87,573,4.4.87,pada,AsminDrshyam,yat,padya,1,positive,In which this is seen. (4.4.87),documented_english_gloss,source_conditioned_candidate
94bfc07f9a71242fba63,kashika_4_4.rs,sutra_4_4_88,578,4.4.88,mUla,AsyaAbarhi,yat,mUlya,1,positive,Whose root is removed. (4.4.88),documented_english_gloss,source_conditioned_candidate
ffe8c6a14d43ac6a4d8a,kashika_4_4.rs,sutra_4_4_90,583,4.4.90,gfhapati,Samyukta,Yya,gArhapatya,1,positive,Joined with this. (4.4.90),documented_english_gloss,source_conditioned_candidate
3cac69b45cb4ccf88c3d,kashika_4_4.rs,sutra_4_4_92,600,4.4.92,Darma,Anapeta,yat,Darmya,1,positive,Not deviating from this. (4.4.92),documented_english_gloss,source_conditioned_candidate
cc504076fbbcc9b2f174,kashika_4_4.rs,sutra_4_4_92,601,4.4.92,paTin,Anapeta,yat,paTya,1,positive,Not deviating from this. (4.4.92),documented_english_gloss,source_conditioned_candidate
0759194ceb2f5155afd3,kashika_4_4.rs,sutra_4_4_92,602,4.4.92,arTa,Anapeta,yat,arTya,1,positive,Not deviating from this. (4.4.92),documented_english_gloss,source_conditioned_candidate
f7915dd74ea774f6d29f,kashika_4_4.rs,sutra_4_4_92,603,4.4.92,nyAya,Anapeta,yat,nyAyya,1,positive,Not deviating from this. (4.4.92),documented_english_gloss,source_conditioned_candidate
3a4e335f1efd46e253e4,kashika_4_4.rs,sutra_4_4_93,608,4.4.93,Candas,Nirmita,yat,Candasya,1,positive,Made of this. (4.4.93),documented_english_gloss,source_conditioned_candidate
51ea8d86fe7282867443,kashika_4_4.rs,sutra_4_4_94,613,4.4.94,uras,Nirmita,aR,Orasa,1,positive,Made of this. (4.4.93),documented_english_gloss,source_conditioned_candidate
f158d998b536381eb1f6,kashika_4_4.rs,sutra_4_4_94,614,4.4.94,uras,Nirmita,yat,urasya,1,positive,Made of this. (4.4.93),documented_english_gloss,source_conditioned_candidate
6eca6f61666b1c0a025d,kashika_4_4.rs,sutra_4_4_95,619,4.4.95,hfdaya,Priya,yat,hfdya,1,positive,Dear to this. (4.4.95),documented_english_gloss,source_conditioned_candidate
b74d62dd61c2066fec76,kashika_4_4.rs,sutra_4_4_98,631,4.4.98,sAman,TatraSadhu,yat,sAmanya,1,positive,Skilled in this. (4.4.98),documented_english_gloss,source_conditioned_candidate
77228173eee68348478b,kashika_4_4.rs,sutra_4_4_98,632,4.4.98,veman,TatraSadhu,yat,vemanya,1,positive,Skilled in this. (4.4.98),documented_english_gloss,source_conditioned_candidate
25e0df49e95fdb79645d,kashika_4_4.rs,sutra_4_4_98,633,4.4.98,karman,TatraSadhu,yat,karmaRya,1,positive,Skilled in this. (4.4.98),documented_english_gloss,source_conditioned_candidate
b380daec9dc1d571fb9a,kashika_4_4.rs,sutra_4_4_98,634,4.4.98,SaraRa,TatraSadhu,yat,SaraRya,1,positive,Skilled in this. (4.4.98),documented_english_gloss,source_conditioned_candidate
b3b36ceb75890ab686f1,kashika_4_4.rs,sutra_4_4_99,639,4.4.99,pratijana,TatraSadhu,KaY,prAtijanIna,1,positive,Skilled in this. (4.4.98),documented_english_gloss,source_conditioned_candidate
640eaedd14a7e5b617b8,kashika_4_4.rs,sutra_4_4_99,640,4.4.99,idaMyuga,TatraSadhu,KaY,EdaMyugIna,1,positive,Skilled in this. (4.4.98),documented_english_gloss,source_conditioned_candidate
1c340340e000d4c734b0,kashika_4_4.rs,sutra_4_4_99,641,4.4.99,saMyuga,TatraSadhu,KaY,sAMyugIna,1,positive,Skilled in this. (4.4.98),documented_english_gloss,source_conditioned_candidate
79b65daa648a5c3317e2,kashika_4_4.rs,sutra_4_4_100,646,4.4.100,Bakta,TatraSadhu,Ra,BAkta,1,positive,Skilled in this. (4.4.98),documented_english_gloss,source_conditioned_candidate
eef3041687c6537e6ab1,kashika_4_4.rs,sutra_4_4_101,651,4.4.101,parizad,TatraSadhu,Rya,pArizadya,1,positive,Skilled in this. (4.4.98),documented_english_gloss,source_conditioned_candidate
b8302a414f6c5584912e,kashika_4_4.rs,sutra_4_4_101,652,4.4.101,parizad,TatraSadhu,Ra,pArizada,1,positive,Skilled in this. (4.4.98),documented_english_gloss,source_conditioned_candidate
a729a6512278cdb10478,kashika_4_4.rs,sutra_4_4_102,657,4.4.102,kaTA,TatraSadhu,Wak,kATika,1,positive,Skilled in this. (4.4.98),documented_english_gloss,source_conditioned_candidate
cca48452a11a2cf084c2,kashika_4_4.rs,sutra_4_4_102,658,4.4.102,vikaTA,TatraSadhu,Wak,vEkaTika,1,positive,Skilled in this. (4.4.98),documented_english_gloss,source_conditioned_candidate
126611d0f3e9464f2151,kashika_4_4.rs,sutra_4_4_103,663,4.4.103,guqa,TatraSadhu,WaY,gOqika,1,positive,Skilled in this. (4.4.98),documented_english_gloss,source_conditioned_candidate
a0512dab210758321dc4,kashika_4_4.rs,sutra_4_4_103,664,4.4.103,kulmAza,TatraSadhu,WaY,kOlmAzika,1,positive,Skilled in this. (4.4.98),documented_english_gloss,source_conditioned_candidate
01ccfc05852bf6c9348d,kashika_4_4.rs,sutra_4_4_103,665,4.4.103,saktu,TatraSadhu,WaY,sAktuka,1,positive,Skilled in this. (4.4.98),documented_english_gloss,source_conditioned_candidate
e221e9d1c556b098cf7d,kashika_4_4.rs,sutra_4_4_104,670,4.4.104,paTi,TatraSadhu,QaY,pATeya,1,positive,Skilled in this. (4.4.98),documented_english_gloss,source_conditioned_candidate
340f701ea072dc2648b4,kashika_4_4.rs,sutra_4_4_104,671,4.4.104,atiTi,TatraSadhu,QaY,AtiTeya,1,positive,Skilled in this. (4.4.98),documented_english_gloss,source_conditioned_candidate
99b205071c3726b1ee3b,kashika_4_4.rs,sutra_4_4_104,672,4.4.104,vasati,TatraSadhu,QaY,vAsateya,1,positive,Skilled in this. (4.4.98),documented_english_gloss,source_conditioned_candidate
4d055366f331cf06ed80,kashika_4_4.rs,sutra_4_4_104,673,4.4.104,svapati,TatraSadhu,QaY,svApateya,1,positive,Skilled in this. (4.4.98),documented_english_gloss,source_conditioned_candidate
ba1d2df812db850ba50b,kashika_4_4.rs,sutra_4_4_105,678,4.4.105,saBA,TatraSadhu,ya,saBya,1,positive,Skilled in this. (4.4.98),documented_english_gloss,source_conditioned_candidate
53564f8e200a6b8e9e78,kashika_4_4.rs,sutra_4_4_106,684,4.4.106,saBA,TatraSadhu,Qa,saBeya,1,positive,Skilled in this. (4.4.98),documented_english_gloss,source_conditioned_candidate
be6f8c236e1d347edee7,kashika_4_4.rs,sutra_4_4_111,691,4.4.111,pATas,TatraBhava,qyaR,pATya,1,positive,Where this stays or exists. (4.3.53),documented_english_gloss,source_conditioned_candidate
e90e407b262f34c5cb40,kashika_4_4.rs,sutra_4_4_111,692,4.4.111,nadI,TatraBhava,qyaR,nAdya,1,positive,Where this stays or exists. (4.3.53),documented_english_gloss,source_conditioned_candidate
a6a14aba01501c6ebb4d,kashika_4_4.rs,sutra_4_4_112,698,4.4.112,veSanta,TatraBhava,aR,vESanta,1,positive,Where this stays or exists. (4.3.53),documented_english_gloss,source_conditioned_candidate
1cf3c7a14b17c2326420,kashika_4_4.rs,sutra_4_4_112,699,4.4.112,himavat,TatraBhava,aR,hEmavata,1,positive,Where this stays or exists. (4.3.53),documented_english_gloss,source_conditioned_candidate
01b72b53ec0c43fb2b11,kashika_4_4.rs,sutra_4_4_115,705,4.4.115,tugra,TatraBhava,Gan,tugriya,1,positive,Where this stays or exists. (4.3.53),documented_english_gloss,source_conditioned_candidate
ff1641df9108b405dfae,kashika_4_4.rs,sutra_4_4_116,711,4.4.116,agra,TatraBhava,yat,agrya,1,positive,Where this stays or exists. (4.3.53),documented_english_gloss,source_conditioned_candidate
af6076ca757d32e512ba,kashika_4_4.rs,sutra_4_4_117,717,4.4.117,agra,TatraBhava,Ga,agriya,1,positive,Where this stays or exists. (4.3.53),documented_english_gloss,source_conditioned_candidate
3c8b5b4203c6beef01db,kashika_4_4.rs,sutra_4_4_117,718,4.4.117,agra,TatraBhava,Ca,agrIya,1,positive,Where this stays or exists. (4.3.53),documented_english_gloss,source_conditioned_candidate
1098fe4003cff2876566,kashika_4_4.rs,sutra_4_4_118,724,4.4.118,samudra,TatraBhava,Ga,samudriya,1,positive,Where this stays or exists. (4.3.53),documented_english_gloss,source_conditioned_candidate
f73b0911404be5e78735,kashika_4_4.rs,sutra_4_4_118,725,4.4.118,aBra,TatraBhava,Ga,aBriya,1,positive,Where this stays or exists. (4.3.53),documented_english_gloss,source_conditioned_candidate
9af2116ea7ca5c312c21,kashika_5_1.rs,sutra_5_1_1,16,5.1.1,vatsa,TasmaiHitam,Ca,vatsIya,1,positive,One for whom this is good. (5.1.7),documented_english_gloss,source_conditioned_candidate
ab2c3bbd7bc03ec1a200,kashika_5_1.rs,sutra_5_1_1,17,5.1.1,karaBa,TasmaiHitam,Ca,karaBIya,1,positive,One for whom this is good. (5.1.7),documented_english_gloss,source_conditioned_candidate
539d35f4a43d5ae31dc8,kashika_5_1.rs,sutra_5_1_1,18,5.1.1,akaraBa,TasmaiHitam,Ca,akaraBIya,1,positive,One for whom this is good. (5.1.7),documented_english_gloss,source_conditioned_candidate
a201a0897aee29a8e061,kashika_5_1.rs,sutra_5_1_1,19,5.1.1,avatsa,TasmaiHitam,Ca,avatsIya,1,positive,One for whom this is good. (5.1.7),documented_english_gloss,source_conditioned_candidate
65038eacd09da85f18e6,kashika_5_1.rs,sutra_5_1_3,34,5.1.3,kambala,TasmaiHitam,Ca,kambalIya,1,positive,One for whom this is good. (5.1.7),documented_english_gloss,source_conditioned_candidate
f87a20743611d53da0e0,kashika_5_1.rs,sutra_5_1_4,39,5.1.4,AmikzA,TasmaiHitam,yat,Amikzya,1,positive,One for whom this is good. (5.1.7),documented_english_gloss,source_conditioned_candidate
789fbf21883e2f9ddab7,kashika_5_1.rs,sutra_5_1_4,40,5.1.4,AmikzA,TasmaiHitam,Ca,AmikzIya,1,positive,One for whom this is good. (5.1.7),documented_english_gloss,source_conditioned_candidate
d1d4f16696bc4aaa2656,kashika_5_1.rs,sutra_5_1_4,42,5.1.4,puroqASa,TasmaiHitam,yat,puroqASya,1,positive,One for whom this is good. (5.1.7),documented_english_gloss,source_conditioned_candidate
04b5cd0110771d3af9db,kashika_5_1.rs,sutra_5_1_4,43,5.1.4,puroqASa,TasmaiHitam,Ca,puroqASIya,1,positive,One for whom this is good. (5.1.7),documented_english_gloss,source_conditioned_candidate
2f98d83678ce00cef9f6,kashika_5_1.rs,sutra_5_1_4,45,5.1.4,apUpa,TasmaiHitam,yat,apUpya,1,positive,One for whom this is good. (5.1.7),documented_english_gloss,source_conditioned_candidate
c6f7c177ace121477089,kashika_5_1.rs,sutra_5_1_4,46,5.1.4,apUpa,TasmaiHitam,Ca,apUpIya,1,positive,One for whom this is good. (5.1.7),documented_english_gloss,source_conditioned_candidate
e2c916341c544fbd65a6,kashika_5_1.rs,sutra_5_1_4,48,5.1.4,taRqula,TasmaiHitam,yat,taRqulya,1,positive,One for whom this is good. (5.1.7),documented_english_gloss,source_conditioned_candidate
b52c299f4f48686ff48e,kashika_5_1.rs,sutra_5_1_4,49,5.1.4,taRqula,TasmaiHitam,Ca,taRqulIya,1,positive,One for whom this is good. (5.1.7),documented_english_gloss,source_conditioned_candidate
d938a2ca2b4cbdf67497,kashika_5_1.rs,sutra_5_1_5,56,5.1.5,vatsa,TasmaiHitam,Ca,vatsIya,1,positive,One for whom this is good. (5.1.7),documented_english_gloss,source_conditioned_candidate
6bd7a42219ad90ceee21,kashika_5_1.rs,sutra_5_1_5,57,5.1.5,avatsa,TasmaiHitam,Ca,avatsIya,1,positive,One for whom this is good. (5.1.7),documented_english_gloss,source_conditioned_candidate
9abd5a58728a0aeeb099,kashika_5_1.rs,sutra_5_1_5,58,5.1.5,pawu,TasmaiHitam,yat,pawavya,1,positive,One for whom this is good. (5.1.7),documented_english_gloss,source_conditioned_candidate
47e4540c376b947d98aa,kashika_5_1.rs,sutra_5_1_5,59,5.1.5,go,TasmaiHitam,yat,gavya,1,positive,One for whom this is good. (5.1.7),documented_english_gloss,source_conditioned_candidate
3e24aee8b088b1f93742,kashika_5_1.rs,sutra_5_1_5,61,5.1.5,apUpa,TasmaiHitam,yat,apUpya,1,positive,One for whom this is good. (5.1.7),documented_english_gloss,source_conditioned_candidate
1a6e2d5ea69c363fee08,kashika_5_1.rs,sutra_5_1_5,62,5.1.5,apUpa,TasmaiHitam,Ca,apUpIya,1,positive,One for whom this is good. (5.1.7),documented_english_gloss,source_conditioned_candidate
5fd35778818fcbaee6e0,kashika_5_1.rs,sutra_5_1_6,67,5.1.6,danta,TasmaiHitam,yat,dantya,1,positive,One for whom this is good. (5.1.7),documented_english_gloss,source_conditioned_candidate
4db4992bbae4b579639f,kashika_5_1.rs,sutra_5_1_6,68,5.1.6,kaRWa,TasmaiHitam,yat,kaRWya,1,positive,One for whom this is good. (5.1.7),documented_english_gloss,source_conditioned_candidate
a9310e75ff9b33de952b,kashika_5_1.rs,sutra_5_1_6,69,5.1.6,ozWa,TasmaiHitam,yat,ozWya,1,positive,One for whom this is good. (5.1.7),documented_english_gloss,source_conditioned_candidate
f0e2b2c780a99edcacd7,kashika_5_1.rs,sutra_5_1_6,70,5.1.6,nABi,TasmaiHitam,yat,nABya,1,positive,One for whom this is good. (5.1.7),documented_english_gloss,source_conditioned_candidate
6c29591bc17d7b720462,kashika_5_1.rs,sutra_5_1_6,71,5.1.6,nAsikA,TasmaiHitam,yat,nasya,1,positive,One for whom this is good. (5.1.7),documented_english_gloss,source_conditioned_candidate
b1275da19e3d75ca4423,kashika_5_1.rs,sutra_5_1_6_v1,76,5.1.6,nAsikA,TasmaiHitam,yat,nasya,1,positive,One for whom this is good. (5.1.7),documented_english_gloss,source_conditioned_candidate
31d0c6e82bb8f6aeaf91,kashika_5_1.rs,sutra_5_1_7,81,5.1.7,Kala,TasmaiHitam,yat,Kalya,1,positive,One for whom this is good. (5.1.7),documented_english_gloss,source_conditioned_candidate
261900022943bd8aa22f,kashika_5_1.rs,sutra_5_1_7,82,5.1.7,yava,TasmaiHitam,yat,yavya,1,positive,One for whom this is good. (5.1.7),documented_english_gloss,source_conditioned_candidate
223e05c60b6242395e08,kashika_5_1.rs,sutra_5_1_7,83,5.1.7,mAza,TasmaiHitam,yat,mAzya,1,positive,One for whom this is good. (5.1.7),documented_english_gloss,source_conditioned_candidate
780a98957ebab88cbc63,kashika_5_1.rs,sutra_5_1_7,84,5.1.7,tila,TasmaiHitam,yat,tilya,1,positive,One for whom this is good. (5.1.7),documented_english_gloss,source_conditioned_candidate
e2fd01707b766431603b,kashika_5_1.rs,sutra_5_1_7,85,5.1.7,vfza,TasmaiHitam,yat,vfzya,1,positive,One for whom this is good. (5.1.7),documented_english_gloss,source_conditioned_candidate
dad517f4aab17e0e6003,kashika_5_1.rs,sutra_5_1_7,86,5.1.7,brahman,TasmaiHitam,yat,brahmaRya,1,positive,One for whom this is good. (5.1.7),documented_english_gloss,source_conditioned_candidate
693522533805ebb45365,kashika_5_1.rs,sutra_5_1_8,92,5.1.8,aja,TasmaiHitam,Tyan,ajaTya,1,positive,One for whom this is good. (5.1.7),documented_english_gloss,source_conditioned_candidate
1f0462874c190b813709,kashika_5_1.rs,sutra_5_1_8,93,5.1.8,avi,TasmaiHitam,Tyan,aviTya,1,positive,One for whom this is good. (5.1.7),documented_english_gloss,source_conditioned_candidate
6df81f694b8190000c93,kashika_5_1.rs,sutra_5_1_9,99,5.1.9,Atman,TasmaiHitam,Ka,AtmanIna,1,positive,One for whom this is good. (5.1.7),documented_english_gloss,source_conditioned_candidate
6d37ca3510061dfa37d7,kashika_5_1.rs,sutra_5_1_9,100,5.1.9,viSvajana,TasmaiHitam,Ka,viSvajanIna,1,positive,One for whom this is good. (5.1.7),documented_english_gloss,source_conditioned_candidate
ad3ae466a4b19096205b,kashika_5_1.rs,sutra_5_1_9,101,5.1.9,mAtfBoga,TasmaiHitam,Ka,mAtfBogIRa,1,positive,One for whom this is good. (5.1.7),documented_english_gloss,source_conditioned_candidate
08d0e81963ccf02c7dc3,kashika_5_1.rs,sutra_5_1_9,102,5.1.9,pitfBoga,TasmaiHitam,Ka,pitfBogIRa,1,positive,One for whom this is good. (5.1.7),documented_english_gloss,source_conditioned_candidate
73f7e22e350f3f1641db,kashika_5_1.rs,sutra_5_1_10,108,5.1.10,sarva,TasmaiHitam,Ra,sArva,1,positive,One for whom this is good. (5.1.7),documented_english_gloss,source_conditioned_candidate
7de9074718a9905930f3,kashika_5_1.rs,sutra_5_1_10,109,5.1.10,puruza,TasmaiHitam,QaY,pOruzeya,1,positive,One for whom this is good. (5.1.7),documented_english_gloss,source_conditioned_candidate
2c0d19a2cfadde3b7394,kashika_5_1.rs,sutra_5_1_11,115,5.1.11,mARava,TasmaiHitam,KaY,mARavIna,1,positive,One for whom this is good. (5.1.7),documented_english_gloss,source_conditioned_candidate
c8d8076f1c298fe6d15a,kashika_5_1.rs,sutra_5_1_11,116,5.1.11,caraka,TasmaiHitam,KaY,cArakIRa,1,positive,One for whom this is good. (5.1.7),documented_english_gloss,source_conditioned_candidate
bcb8775a8d1c26ef634a,kashika_5_1.rs,sutra_5_1_12,123,5.1.12,aNgAra,TadarthamVikrtehPrakrtau,Ca,aNgArIya,1,positive,What could be created from this raw material. (5.1.12),documented_english_gloss,source_conditioned_candidate
f5f10b7375cdb9fd5224,kashika_5_1.rs,sutra_5_1_12,124,5.1.12,prAkAra,TadarthamVikrtehPrakrtau,Ca,prAkArIya,1,positive,What could be created from this raw material. (5.1.12),documented_english_gloss,source_conditioned_candidate
938d582f638bc95cdfd7,kashika_5_1.rs,sutra_5_1_12,125,5.1.12,Sanku,TadarthamVikrtehPrakrtau,yat,SaNkavya,1,positive,What could be created from this raw material. (5.1.12),documented_english_gloss,source_conditioned_candidate
1159abc5e9f1b379200e,kashika_5_1.rs,sutra_5_1_12,126,5.1.12,picU,TadarthamVikrtehPrakrtau,yat,picavya,1,positive,What could be created from this raw material. (5.1.12),documented_english_gloss,source_conditioned_candidate
8962a684a0ce2ed6af45,kashika_5_1.rs,sutra_5_1_13,135,5.1.13,upaDi,TadarthamVikrtehPrakrtau,QaY,OpaDeya,1,positive,What could be created from this raw material. (5.1.12),documented_english_gloss,source_conditioned_candidate
21d4120ad65cdde0a372,kashika_5_1.rs,sutra_5_1_13,136,5.1.13,bali,TadarthamVikrtehPrakrtau,QaY,bAleya,1,positive,What could be created from this raw material. (5.1.12),documented_english_gloss,source_conditioned_candidate
ad021b33f03f008330f9,kashika_5_1.rs,sutra_5_1_14,143,5.1.14,fzaBa,TadarthamVikrtehPrakrtau,Yya,ArzaBya,1,positive,What could be created from this raw material. (5.1.12),documented_english_gloss,source_conditioned_candidate
2c17929383d773b1c1d0,kashika_5_1.rs,sutra_5_1_14,144,5.1.14,upAnah,TadarthamVikrtehPrakrtau,Yya,OpAnahya,1,positive,What could be created from this raw material. (5.1.12),documented_english_gloss,source_conditioned_candidate
a17aa1ec895aafff4c26,kashika_5_1.rs,sutra_5_1_15,150,5.1.15,varDrI,TadarthamVikrtehPrakrtau,aY,vArDra,1,positive,What could be created from this raw material. (5.1.12),documented_english_gloss,source_conditioned_candidate
33d25e227eea7221256e,kashika_5_1.rs,sutra_5_1_15,151,5.1.15,varatrA,TadarthamVikrtehPrakrtau,aY,vAratra,1,positive,What could be created from this raw material. (5.1.12),documented_english_gloss,source_conditioned_candidate
bd8ed9407e064b2f03fa,kashika_5_1.rs,sutra_5_1_16,158,5.1.16,prAkAra,TadAsyaTadAsminSyat,Ca,prAkArIya,1,positive,What one could be connected to or be in. (5.1.16),documented_english_gloss,source_conditioned_candidate
744ed4a3ed325bbf015a,kashika_5_1.rs,sutra_5_1_16,159,5.1.16,prAsAda,TadAsyaTadAsminSyat,Ca,prAsAdIya,1,positive,What one could be connected to or be in. (5.1.16),documented_english_gloss,source_conditioned_candidate
9e027f83ecc07731cc7b,kashika_5_1.rs,sutra_5_1_17,165,5.1.17,pariKA,TadAsyaTadAsminSyat,QaY,pAriKeya,1,positive,What one could be connected to or be in. (5.1.16),documented_english_gloss,source_conditioned_candidate
f03e5f8a5b1c183a1e92,kashika_5_1.rs,sutra_5_1_18,171,5.1.18,pArAyaRa,TadVartayati,WaY,pArAyaRika,1,positive,One performs this. (5.1.72),documented_english_gloss,source_conditioned_candidate
7f1f578c64a381a3e8da,kashika_5_1.rs,sutra_5_1_18,172,5.1.18,turAyaRa,TadVartayati,WaY,tOrAyaRika,1,positive,One performs this. (5.1.72),documented_english_gloss,source_conditioned_candidate
7f0d154c401bab5fda74,kashika_5_1.rs,sutra_5_1_18,173,5.1.18,cAndrAyaRa,TadVartayati,WaY,cAndrAyaRika,1,positive,One performs this. (5.1.72),documented_english_gloss,source_conditioned_candidate
6023023dcc342c111fa5,kashika_5_1.rs,sutra_5_1_19,179,5.1.19,nizka,TenaKritam,Wak,nEzkika,1,positive,What is bought with this. (5.1.37),documented_english_gloss,source_conditioned_candidate
e19983b8636bfbafd883,kashika_5_1.rs,sutra_5_1_19,180,5.1.19,paRa,TenaKritam,Wak,pARika,1,positive,What is bought with this. (5.1.37),documented_english_gloss,source_conditioned_candidate
fc2f70e3625bf390181a,kashika_5_1.rs,sutra_5_1_19,182,5.1.19,gopucCa,TenaKritam,Wak,,0,negative,What is bought with this. (5.1.37),documented_english_gloss,source_negative_not_admitted
ca7a1da5d3c419441ca8,kashika_5_1.rs,sutra_5_1_19,183,5.1.19,gopucCa,TenaKritam,WaY,gOpucCika,1,positive,What is bought with this. (5.1.37),documented_english_gloss,source_conditioned_candidate
d7e5c759791bc87e6715,kashika_5_1.rs,sutra_5_1_19,184,5.1.19,zazwi,TenaKritam,Wak,,0,negative,What is bought with this. (5.1.37),documented_english_gloss,source_negative_not_admitted
a4bf76583829fe138667,kashika_5_1.rs,sutra_5_1_19,185,5.1.19,zazwi,TenaKritam,WaY,zAzwika,1,positive,What is bought with this. (5.1.37),documented_english_gloss,source_conditioned_candidate
02d6880b2bd6b64e464a,kashika_5_1.rs,sutra_5_1_20,191,5.1.20,nizka,TenaKritam,Wak,nEzkika,1,positive,What is bought with this. (5.1.37),documented_english_gloss,source_conditioned_candidate
0af2ef490e0c9690496c,kashika_5_1.rs,sutra_5_1_20,192,5.1.20,paRa,TenaKritam,Wak,pARika,1,positive,What is bought with this. (5.1.37),documented_english_gloss,source_conditioned_candidate
a4bd9cf7d22b0f81ed25,kashika_5_1.rs,sutra_5_1_20,193,5.1.20,pAda,TenaKritam,Wak,pAdika,1,positive,What is bought with this. (5.1.37),documented_english_gloss,source_conditioned_candidate
592249f98599fbe05c7c,kashika_5_1.rs,sutra_5_1_20,194,5.1.20,mAza,TenaKritam,Wak,mAzika,1,positive,What is bought with this. (5.1.37),documented_english_gloss,source_conditioned_candidate
62dfcc1ee2d99706d30d,kashika_5_1.rs,sutra_5_1_21,200,5.1.21,Sata,TenaKritam,Wan,Satika,1,positive,What is bought with this. (5.1.37),documented_english_gloss,source_conditioned_candidate
ae95a013d94a4dc65cf3,kashika_5_1.rs,sutra_5_1_21,201,5.1.21,Sata,TenaKritam,yat,Satya,1,positive,What is bought with this. (5.1.37),documented_english_gloss,source_conditioned_candidate
e321deff7e0b4acd6454,kashika_5_1.rs,sutra_5_1_21,202,5.1.21,Sata,TenaKritam,kan,Sataka,1,positive,What is bought with this. (5.1.37),documented_english_gloss,source_conditioned_candidate
a93b0f9107070740636f,kashika_5_1.rs,sutra_5_1_25,226,5.1.25,kaMsa,TenaKritam,wiWan,kaMsika,1,positive,What is bought with this. (5.1.37),documented_english_gloss,source_conditioned_candidate
c31a2b38c4420b5b16b7,kashika_5_1.rs,sutra_5_1_25,227,5.1.25,kaMsa,TenaKritam,WaY,,0,negative,What is bought with this. (5.1.37),documented_english_gloss,source_negative_not_admitted
73cd497e9d515b4cf6e1,kashika_5_1.rs,sutra_5_1_26,232,5.1.26,SUrpa,TenaKritam,aY,SOrpa,1,positive,What is bought with this. (5.1.37),documented_english_gloss,source_conditioned_candidate
50d7e0a571f789652ef0,kashika_5_1.rs,sutra_5_1_26,233,5.1.26,SUrpa,TenaKritam,WaY,SOrpika,1,positive,What is bought with this. (5.1.37),documented_english_gloss,source_conditioned_candidate
62f696f93e6d233351b1,kashika_5_1.rs,sutra_5_1_27,238,5.1.27,SatamAna,TenaKritam,aR,SAtamAna,1,positive,What is bought with this. (5.1.37),documented_english_gloss,source_conditioned_candidate
838c355f7e63295017d6,kashika_5_1.rs,sutra_5_1_27,239,5.1.27,viMSatika,TenaKritam,aR,vEMSatika,1,positive,What is bought with this. (5.1.37),documented_english_gloss,source_conditioned_candidate
fef98c255cbc3909d438,kashika_5_1.rs,sutra_5_1_27,240,5.1.27,sahasra,TenaKritam,aR,sAhasra,1,positive,What is bought with this. (5.1.37),documented_english_gloss,source_conditioned_candidate
c4d62cf7b82b305aa3df,kashika_5_1.rs,sutra_5_1_27,241,5.1.27,vasana,TenaKritam,aR,vAsana,1,positive,What is bought with this. (5.1.37),documented_english_gloss,source_conditioned_candidate
560473c0d384f6b78d57,kashika_5_1.rs,sutra_5_1_37,247,5.1.37,saptati,TenaKritam,WaY,sAptatika,1,positive,What is bought with this. (5.1.37),documented_english_gloss,source_conditioned_candidate
4bc9af033985959332dc,kashika_5_1.rs,sutra_5_1_37,248,5.1.37,aSIti,TenaKritam,WaY,ASItika,1,positive,What is bought with this. (5.1.37),documented_english_gloss,source_conditioned_candidate
6bd37917efeba425e7e0,kashika_5_1.rs,sutra_5_1_37,249,5.1.37,nizka,TenaKritam,Wak,nEzkika,1,positive,What is bought with this. (5.1.37),documented_english_gloss,source_conditioned_candidate
36e889665ca366385022,kashika_5_1.rs,sutra_5_1_37,250,5.1.37,paRa,TenaKritam,Wak,pARika,1,positive,What is bought with this. (5.1.37),documented_english_gloss,source_conditioned_candidate
4cf2ad2f013dcea2a1e6,kashika_5_1.rs,sutra_5_1_37,251,5.1.37,pAda,TenaKritam,Wak,pAdika,1,positive,What is bought with this. (5.1.37),documented_english_gloss,source_conditioned_candidate
62be48935591142e2dbd,kashika_5_1.rs,sutra_5_1_37,252,5.1.37,mAza,TenaKritam,Wak,mAzika,1,positive,What is bought with this. (5.1.37),documented_english_gloss,source_conditioned_candidate
39869db5cbbf0011c9ca,kashika_5_1.rs,sutra_5_1_37,253,5.1.37,Sata,TenaKritam,yat,Satya,1,positive,What is bought with this. (5.1.37),documented_english_gloss,source_conditioned_candidate
2d1571856c09029cf3a1,kashika_5_1.rs,sutra_5_1_37,254,5.1.37,Sata,TenaKritam,Wan,Satika,1,positive,What is bought with this. (5.1.37),documented_english_gloss,source_conditioned_candidate
b0cc731506df56ec5ab6,kashika_5_1.rs,sutra_5_1_37,256,5.1.37,dvi,TenaKritam,kan,dvika,1,positive,What is bought with this. (5.1.37),documented_english_gloss,source_conditioned_candidate
e44b4f86ab30c8f7f7e6,kashika_5_1.rs,sutra_5_1_37,257,5.1.37,tri,TenaKritam,kan,trika,1,positive,What is bought with this. (5.1.37),documented_english_gloss,source_conditioned_candidate
002443fce21c7830d9f8,kashika_5_1.rs,sutra_5_1_37,258,5.1.37,paYcan,TenaKritam,kan,paYcaka,1,positive,What is bought with this. (5.1.37),documented_english_gloss,source_conditioned_candidate
6c2d59ffbb880de2a230,kashika_5_1.rs,sutra_5_1_37,260,5.1.37,mudra,TenaKritam,Wak,mOdrika,1,positive,What is bought with this. (5.1.37),documented_english_gloss,source_conditioned_candidate
9c0fcefb1b84bc36f7a4,kashika_5_1.rs,sutra_5_1_38,266,5.1.38,Sata,TasyaNimittamSamyogotpattau,yat,Satya,1,positive,"For the sake of this, when the meaning is a relation or appearance. (5.1.38)",documented_english_gloss,source_conditioned_candidate
a41b3c531467b8fa574a,kashika_5_1.rs,sutra_5_1_38,267,5.1.38,Sata,TasyaNimittamSamyogotpattau,Wan,Satika,1,positive,"For the sake of this, when the meaning is a relation or appearance. (5.1.38)",documented_english_gloss,source_conditioned_candidate
a5e9f69ee41a93780f02,kashika_5_1.rs,sutra_5_1_38,268,5.1.38,sahasra,TasyaNimittamSamyogotpattau,aR,sAhasra,1,positive,"For the sake of this, when the meaning is a relation or appearance. (5.1.38)",documented_english_gloss,source_conditioned_candidate
99c68b66c1482b773b39,kashika_5_1.rs,sutra_5_1_38_v2,274,5.1.38,sannipAta,TasyaNimittamSamyogotpattau,Wak,sAnnipAtika,1,positive,"For the sake of this, when the meaning is a relation or appearance. (5.1.38)",documented_english_gloss,source_conditioned_candidate
4fd8511f7d99c38ecd11,kashika_5_1.rs,sutra_5_1_40,280,5.1.40,putra,TasyaNimittamSamyogotpattau,Ca,putrIya,1,positive,"For the sake of this, when the meaning is a relation or appearance. (5.1.38)",documented_english_gloss,source_conditioned_candidate
1154724845631e5bc1da,kashika_5_1.rs,sutra_5_1_40,281,5.1.40,putra,TasyaNimittamSamyogotpattau,yat,putrya,1,positive,"For the sake of this, when the meaning is a relation or appearance. (5.1.38)",documented_english_gloss,source_conditioned_candidate
ee7c2619835b84b5733c,kashika_5_1.rs,sutra_5_1_41,288,5.1.41,sarvaBUmi,TasyaNimittamSamyogotpattau,aR,sArvaBOma,1,positive,"For the sake of this, when the meaning is a relation or appearance. (5.1.38)",documented_english_gloss,source_conditioned_candidate
49b7163b6f00e9a7bb80,kashika_5_1.rs,sutra_5_1_41,289,5.1.41,pfTivI,TasyaNimittamSamyogotpattau,aY,pArTiva,1,positive,"For the sake of this, when the meaning is a relation or appearance. (5.1.38)",documented_english_gloss,source_conditioned_candidate
bd2e68b9d8bb124c254f,kashika_5_1.rs,sutra_5_1_45,295,5.1.45,prasTa,TasyaVapa,WaY,prAsTika,1,positive,Sown with this. (5.1.45),documented_english_gloss,source_conditioned_candidate
4cacc5ce91015b149873,kashika_5_1.rs,sutra_5_1_45,296,5.1.45,droRa,TasyaVapa,Wak,drORika,1,positive,Sown with this. (5.1.45),documented_english_gloss,source_conditioned_candidate
5508ce8adf5bbfbe9a06,kashika_5_1.rs,sutra_5_1_45,297,5.1.45,KArI,TasyaVapa,Ikan,KArIka,1,positive,Sown with this. (5.1.45),documented_english_gloss,source_conditioned_candidate
cca1283ad15c12dd5000,kashika_5_1.rs,sutra_5_1_47,311,5.1.47,paYcan,TadAsminVrddhiAyaLabhaSulkaUpada,kan,paYcaka,1,positive,"In which this is an interest, rent, profit, tax, or bribe. (5.1.47)",documented_english_gloss,source_conditioned_candidate
2e63d4fce67ac00b6670,kashika_5_1.rs,sutra_5_1_47,312,5.1.47,saptan,TadAsminVrddhiAyaLabhaSulkaUpada,kan,saptaka,1,positive,"In which this is an interest, rent, profit, tax, or bribe. (5.1.47)",documented_english_gloss,source_conditioned_candidate
b99760fa3e2608b39110,kashika_5_1.rs,sutra_5_1_47,313,5.1.47,Sata,TadAsminVrddhiAyaLabhaSulkaUpada,yat,Satya,1,positive,"In which this is an interest, rent, profit, tax, or bribe. (5.1.47)",documented_english_gloss,source_conditioned_candidate
1899fae926a081b8b559,kashika_5_1.rs,sutra_5_1_47,314,5.1.47,Sata,TadAsminVrddhiAyaLabhaSulkaUpada,Wan,Satika,1,positive,"In which this is an interest, rent, profit, tax, or bribe. (5.1.47)",documented_english_gloss,source_conditioned_candidate
ab5cd84151ee69b4cf3c,kashika_5_1.rs,sutra_5_1_47,315,5.1.47,sahasra,TadAsminVrddhiAyaLabhaSulkaUpada,aR,sAhasra,1,positive,"In which this is an interest, rent, profit, tax, or bribe. (5.1.47)",documented_english_gloss,source_conditioned_candidate
8815ed51d3db11408f4a,kashika_5_1.rs,sutra_5_1_49,321,5.1.49,BAga,TadAsminVrddhiAyaLabhaSulkaUpada,yat,BAgya,1,positive,"In which this is an interest, rent, profit, tax, or bribe. (5.1.47)",documented_english_gloss,source_conditioned_candidate
954b3e2f9cef05640cab,kashika_5_1.rs,sutra_5_1_49,322,5.1.49,BAga,TadAsminVrddhiAyaLabhaSulkaUpada,Wan,BAgika,1,positive,"In which this is an interest, rent, profit, tax, or bribe. (5.1.47)",documented_english_gloss,source_conditioned_candidate
3c38599be56db734162a,kashika_5_1.rs,sutra_5_1_49,323,5.1.49,BAga,TadAsminVrddhiAyaLabhaSulkaUpada,WaY,,0,negative,"In which this is an interest, rent, profit, tax, or bribe. (5.1.47)",documented_english_gloss,source_negative_not_admitted
601a6a2ad6d8b54d9566,kashika_5_1.rs,sutra_5_1_50,338,5.1.50,vaMSa,TadDharatiVahatiAvahati,Wak,vAMSika,1,positive,"What one carries away, or conveys, or brings. (5.1.50)",documented_english_gloss,source_conditioned_candidate
9f76561764c079644099,kashika_5_1.rs,sutra_5_1_50,339,5.1.50,kuwaja,TadDharatiVahatiAvahati,Wak,kOwajika,1,positive,"What one carries away, or conveys, or brings. (5.1.50)",documented_english_gloss,source_conditioned_candidate
a3b0c4faddae9825962c,kashika_5_1.rs,sutra_5_1_50,340,5.1.50,balvaja,TadDharatiVahatiAvahati,Wak,bAlvajika,1,positive,"What one carries away, or conveys, or brings. (5.1.50)",documented_english_gloss,source_conditioned_candidate
28ee031d29701bfdf666,kashika_5_1.rs,sutra_5_1_51,346,5.1.51,vasna,TadDharatiVahatiAvahati,Wan,vasnika,1,positive,"What one carries away, or conveys, or brings. (5.1.50)",documented_english_gloss,source_conditioned_candidate
43662b91adff824b1073,kashika_5_1.rs,sutra_5_1_51,347,5.1.51,dravya,TadDharatiVahatiAvahati,kan,dravyaka,1,positive,"What one carries away, or conveys, or brings. (5.1.50)",documented_english_gloss,source_conditioned_candidate
680b5e9adbe707142493,kashika_5_1.rs,sutra_5_1_52,353,5.1.52,prasTa,SambhavatiAharatiPacati,WaY,prAsTika,1,positive,"What is capable of this, or holds this, or cooks this. (5.152)",documented_english_gloss,source_conditioned_candidate
8738d8e476512c4ccde4,kashika_5_1.rs,sutra_5_1_52,354,5.1.52,kuqava,SambhavatiAharatiPacati,WaY,kOqavika,1,positive,"What is capable of this, or holds this, or cooks this. (5.152)",documented_english_gloss,source_conditioned_candidate
6a6a529b05432ded441a,kashika_5_1.rs,sutra_5_1_52,355,5.1.52,KArI,SambhavatiAharatiPacati,Ikan,KArIka,1,positive,"What is capable of this, or holds this, or cooks this. (5.152)",documented_english_gloss,source_conditioned_candidate
171fa3f31a332031c80c,kashika_5_1.rs,sutra_5_1_53,361,5.1.53,AQaka,SambhavatiAharatiPacati,Ka,AQakIna,1,positive,"What is capable of this, or holds this, or cooks this. (5.152)",documented_english_gloss,source_conditioned_candidate
f5f4f5613bf876821b70,kashika_5_1.rs,sutra_5_1_53,362,5.1.53,AQaka,SambhavatiAharatiPacati,Wak,AQakika,1,positive,"What is capable of this, or holds this, or cooks this. (5.152)",documented_english_gloss,source_conditioned_candidate
a35befd82c724952291e,kashika_5_1.rs,sutra_5_1_53,364,5.1.53,Acita,SambhavatiAharatiPacati,Ka,AcitIna,1,positive,"What is capable of this, or holds this, or cooks this. (5.152)",documented_english_gloss,source_conditioned_candidate
069a62ca3830a4ea5265,kashika_5_1.rs,sutra_5_1_53,365,5.1.53,Acita,SambhavatiAharatiPacati,Wak,Acitika,1,positive,"What is capable of this, or holds this, or cooks this. (5.152)",documented_english_gloss,source_conditioned_candidate
0bef9539b3780b1f4d50,kashika_5_1.rs,sutra_5_1_53,367,5.1.53,pAtra,SambhavatiAharatiPacati,Ka,pAtrIRa,1,positive,"What is capable of this, or holds this, or cooks this. (5.152)",documented_english_gloss,source_conditioned_candidate
ac0f3f7120deae14fc7e,kashika_5_1.rs,sutra_5_1_53,368,5.1.53,pAtra,SambhavatiAharatiPacati,Wak,pAtrika,1,positive,"What is capable of this, or holds this, or cooks this. (5.152)",documented_english_gloss,source_conditioned_candidate
67b9209c9ecdf46c5e12,kashika_5_1.rs,sutra_5_1_57,375,5.1.57,prasTa,TadAsyaParimanam,WaY,prAsTika,1,positive,The measure of this. (5.1.57),documented_english_gloss,source_conditioned_candidate
4cd46102e4740f259534,kashika_5_1.rs,sutra_5_1_57,377,5.1.57,Sata,TadAsyaParimanam,Wan,Satika,1,positive,The measure of this. (5.1.57),documented_english_gloss,source_conditioned_candidate
45e229b056c48bdc058c,kashika_5_1.rs,sutra_5_1_57,378,5.1.57,Sata,TadAsyaParimanam,yat,Satya,1,positive,The measure of this. (5.1.57),documented_english_gloss,source_conditioned_candidate
779f8febbdcc34bef060,kashika_5_1.rs,sutra_5_1_57,379,5.1.57,sahasra,TadAsyaParimanam,aR,sAhasra,1,positive,The measure of this. (5.1.57),documented_english_gloss,source_conditioned_candidate
645f38ce0dbe60dd5c76,kashika_5_1.rs,sutra_5_1_57,380,5.1.57,droRa,TadAsyaParimanam,Wak,drORika,1,positive,The measure of this. (5.1.57),documented_english_gloss,source_conditioned_candidate
8d6f83b269413926fbec,kashika_5_1.rs,sutra_5_1_57,381,5.1.57,kuqava,TadAsyaParimanam,WaY,kOqavika,1,positive,The measure of this. (5.1.57),documented_english_gloss,source_conditioned_candidate
eaf08479fb1b1857cca0,kashika_5_1.rs,sutra_5_1_63,386,5.1.63,SvetacCatra,TadArhati,Wak,SvEtacCatrika,1,positive,One deserves this. (5.1.63),documented_english_gloss,source_conditioned_candidate
df4bd2dd37c11553ec30,kashika_5_1.rs,sutra_5_1_63,387,5.1.63,vastrayugma,TadArhati,Wak,vAstrayugmika,1,positive,One deserves this. (5.1.63),documented_english_gloss,source_conditioned_candidate
d7497030562a2056bb2c,kashika_5_1.rs,sutra_5_1_63,388,5.1.63,Sata,TadArhati,Wan,Satika,1,positive,One deserves this. (5.1.63),documented_english_gloss,source_conditioned_candidate
26d299be9202f268b472,kashika_5_1.rs,sutra_5_1_63,389,5.1.63,Sata,TadArhati,yat,Satya,1,positive,One deserves this. (5.1.63),documented_english_gloss,source_conditioned_candidate
35f02d96a2e784187243,kashika_5_1.rs,sutra_5_1_63,390,5.1.63,sahasra,TadArhati,aR,sAhasra,1,positive,One deserves this. (5.1.63),documented_english_gloss,source_conditioned_candidate
ff22cfba59f774375441,kashika_5_1.rs,sutra_5_1_64,395,5.1.64,Ceda,TadArhati,Wak,CEdika,1,positive,One deserves this. (5.1.63),documented_english_gloss,source_conditioned_candidate
9892afd5c0146911f0d6,kashika_5_1.rs,sutra_5_1_64,396,5.1.64,Beda,TadArhati,Wak,BEdika,1,positive,One deserves this. (5.1.63),documented_english_gloss,source_conditioned_candidate
75056e9b05a459cba7fe,kashika_5_1.rs,sutra_5_1_64,397,5.1.64,viraNg,TadArhati,Wak,vEraNgika,1,positive,One deserves this. (5.1.63),documented_english_gloss,source_conditioned_candidate
b542d11dd67028b1d0b0,kashika_5_1.rs,sutra_5_1_65,402,5.1.65,SIrSacCeda,TadArhati,Wak,SErSacCedika,1,positive,One deserves this. (5.1.63),documented_english_gloss,source_conditioned_candidate
e50ca3bee81267ace4c3,kashika_5_1.rs,sutra_5_1_65,403,5.1.65,SIrSacCeda,TadArhati,yat,SIrSacCedya,1,positive,One deserves this. (5.1.63),documented_english_gloss,source_conditioned_candidate
1797151a6e2349af0898,kashika_5_1.rs,sutra_5_1_66,408,5.1.66,daRqa,TadArhati,yat,daRqya,1,positive,One deserves this. (5.1.63),documented_english_gloss,source_conditioned_candidate
8dabb4993fd55713ffb7,kashika_5_1.rs,sutra_5_1_66,409,5.1.66,musala,TadArhati,yat,musalya,1,positive,One deserves this. (5.1.63),documented_english_gloss,source_conditioned_candidate
8e647aea2bbc08b1fcee,kashika_5_1.rs,sutra_5_1_67,416,5.1.67,udaka,TadArhati,yat,udakya,1,positive,One deserves this. (5.1.63),documented_english_gloss,source_conditioned_candidate
9a2499e20212c833b1bc,kashika_5_1.rs,sutra_5_1_67,417,5.1.67,yUpa,TadArhati,yat,yUpya,1,positive,One deserves this. (5.1.63),documented_english_gloss,source_conditioned_candidate
6f4de4a1dca1953db069,kashika_5_1.rs,sutra_5_1_68,422,5.1.68,pAtra,TadArhati,Gan,pAtriya,1,positive,One deserves this. (5.1.63),documented_english_gloss,source_conditioned_candidate
d31c2a98a629832b9bca,kashika_5_1.rs,sutra_5_1_68,423,5.1.68,pAtra,TadArhati,yat,pAtrya,1,positive,One deserves this. (5.1.63),documented_english_gloss,source_conditioned_candidate
bf260e64a7480653eb4e,kashika_5_1.rs,sutra_5_1_69,430,5.1.69,kaqaNkara,TadArhati,Ca,kaqaNkarIya,1,positive,One deserves this. (5.1.63),documented_english_gloss,source_conditioned_candidate
9260f98fff57b66e49b6,kashika_5_1.rs,sutra_5_1_69,431,5.1.69,kaqaNkara,TadArhati,yat,kaqaNkarya,1,positive,One deserves this. (5.1.63),documented_english_gloss,source_conditioned_candidate
2b2772536c03dbc05b08,kashika_5_1.rs,sutra_5_1_69,432,5.1.69,dakziRA,TadArhati,Ca,dakziRIya,1,positive,One deserves this. (5.1.63),documented_english_gloss,source_conditioned_candidate
6df90bf194e37f183d01,kashika_5_1.rs,sutra_5_1_69,433,5.1.69,dakziRA,TadArhati,yat,dakziRya,1,positive,One deserves this. (5.1.63),documented_english_gloss,source_conditioned_candidate
0429a895b23fe1700e37,kashika_5_1.rs,sutra_5_1_70,439,5.1.70,sTAlIbila,TadArhati,Ca,sTAlIbilIya,1,positive,One deserves this. (5.1.63),documented_english_gloss,source_conditioned_candidate
baf73667c8e419ea6906,kashika_5_1.rs,sutra_5_1_70,440,5.1.70,sTAlIbila,TadArhati,yat,sTAlIbilya,1,positive,One deserves this. (5.1.63),documented_english_gloss,source_conditioned_candidate
8ea7fd1c36c878d05600,kashika_5_1.rs,sutra_5_1_71,446,5.1.71,yajYa,TadArhati,Ga,yajYiya,1,positive,One deserves this. (5.1.63),documented_english_gloss,source_conditioned_candidate
a13619b116ca2bfeea50,kashika_5_1.rs,sutra_5_1_71,447,5.1.71,ftvij,TadArhati,KaY,ArtvijIna,1,positive,One deserves this. (5.1.63),documented_english_gloss,source_conditioned_candidate
267a70b16759401c34b1,kashika_5_1.rs,sutra_5_1_72,454,5.1.72,pArAyaRa,TadVartayati,WaY,pArAyaRika,1,positive,One performs this. (5.1.72),documented_english_gloss,source_conditioned_candidate
cb757b74b8f2ccdb73b3,kashika_5_1.rs,sutra_5_1_72,455,5.1.72,turAyaRa,TadVartayati,WaY,tOrAyaRika,1,positive,One performs this. (5.1.72),documented_english_gloss,source_conditioned_candidate
3856a180054ff8659281,kashika_5_1.rs,sutra_5_1_72,456,5.1.72,cAndrAyaRa,TadVartayati,WaY,cAndrAyaRika,1,positive,One performs this. (5.1.72),documented_english_gloss,source_conditioned_candidate
e7998adb3512595fa18d,kashika_5_1.rs,sutra_5_1_73,461,5.1.73,saMSaya,Apanna,WaY,sAMSayika,1,positive,Fallen into this. (5.1.73),documented_english_gloss,source_conditioned_candidate
e059edc5fdea923dbbb6,kashika_5_1.rs,sutra_5_1_74,466,5.1.74,yojana,Gacchati,WaY,yOjanika,1,positive,Who goes. (5.1.75),documented_english_gloss,source_conditioned_candidate
aef5f2077b4097ad0c60,kashika_5_1.rs,sutra_5_1_74_v1,472,5.1.74,kroSaSata,AbhigamanamArhati,WaY,krOSaSatika,1,positive,Who deserves approach (5.1.74 vArttika),documented_english_gloss,source_conditioned_candidate
9ab34062ced128cb4b03,kashika_5_1.rs,sutra_5_1_74_v1,473,5.1.74,yojanaSata,AbhigamanamArhati,WaY,yOjanaSatika,1,positive,Who deserves approach (5.1.74 vArttika),documented_english_gloss,source_conditioned_candidate
42eed0abb509d7fac39e,kashika_5_1.rs,sutra_5_1_76,485,5.1.76,paTin,Gacchati,Ra,pAnTa,1,positive,Who goes. (5.1.75),documented_english_gloss,source_conditioned_candidate
43db2782ad902d52c7e7,kashika_5_1.rs,sutra_5_1_76,487,5.1.76,paTin,Gacchati,zkan,paTika,1,positive,Who goes. (5.1.75),documented_english_gloss,source_conditioned_candidate
51023a7e772cd96e4f3e,kashika_5_1.rs,sutra_5_1_77,492,5.1.77,uttarapaTa,Gacchati,WaY,OttarapaTika,1,positive,Who goes. (5.1.75),documented_english_gloss,source_conditioned_candidate
5c03342f182bc97aeee2,kashika_5_1.rs,sutra_5_1_77,493,5.1.77,uttarapaTa,Ahrtam,WaY,OttarapaTika,1,positive,What is conveyed by that way. (5.1.77),documented_english_gloss,source_conditioned_candidate
853edffbfe40d57e6ec7,kashika_5_1.rs,sutra_5_1_77_v1,498,5.1.77,vAripaTa,Gacchati,WaY,vAripaTika,1,positive,Who goes. (5.1.75),documented_english_gloss,source_conditioned_candidate
4d3b429843101dea3060,kashika_5_1.rs,sutra_5_1_77_v1,499,5.1.77,vAripaTa,Ahrtam,WaY,vAripaTika,1,positive,What is conveyed by that way. (5.1.77),documented_english_gloss,source_conditioned_candidate
91d5b1e77b5afaf7f7bc,kashika_5_1.rs,sutra_5_1_77_v1,501,5.1.77,jaNgalapaTa,Gacchati,WaY,jANgalapaTika,1,positive,Who goes. (5.1.75),documented_english_gloss,source_conditioned_candidate
9ea4535063ada1c4665f,kashika_5_1.rs,sutra_5_1_77_v1,502,5.1.77,jaNgalapaTa,Ahrtam,WaY,jANgalapaTika,1,positive,What is conveyed by that way. (5.1.77),documented_english_gloss,source_conditioned_candidate
962393a301071bd4b682,kashika_5_1.rs,sutra_5_1_77_v1,504,5.1.77,sTalapaTa,Gacchati,WaY,sTAlapaTika,1,positive,Who goes. (5.1.75),documented_english_gloss,source_conditioned_candidate
442e79399f72c31bbfdb,kashika_5_1.rs,sutra_5_1_77_v1,505,5.1.77,sTalapaTa,Ahrtam,WaY,sTAlapaTika,1,positive,What is conveyed by that way. (5.1.77),documented_english_gloss,source_conditioned_candidate
51a5872fd991ff480d4e,kashika_5_1.rs,sutra_5_1_77_v1,507,5.1.77,kAntArapaTa,Gacchati,WaY,kAntArapaTika,1,positive,Who goes. (5.1.75),documented_english_gloss,source_conditioned_candidate
a4741b803b5b5a232fb3,kashika_5_1.rs,sutra_5_1_77_v1,508,5.1.77,kAntArapaTa,Ahrtam,WaY,kAntArapaTika,1,positive,What is conveyed by that way. (5.1.77),documented_english_gloss,source_conditioned_candidate
8ee45c68ffada0a8d2b0,kashika_5_1.rs,sutra_5_1_77_v2,513,5.1.77,ajapaTa,Gacchati,WaY,AjapaTika,1,positive,Who goes. (5.1.75),documented_english_gloss,source_conditioned_candidate
e72f9aba5296c2f14a17,kashika_5_1.rs,sutra_5_1_77_v2,514,5.1.77,ajapaTa,Ahrtam,WaY,AjapaTika,1,positive,What is conveyed by that way. (5.1.77),documented_english_gloss,source_conditioned_candidate
51b78c64dc88e12d7a4f,kashika_5_1.rs,sutra_5_1_77_v2,516,5.1.77,SaNkupaTa,Gacchati,WaY,SANkupaTika,1,positive,Who goes. (5.1.75),documented_english_gloss,source_conditioned_candidate
f9ac3a9ed4fdfe94c778,kashika_5_1.rs,sutra_5_1_77_v2,517,5.1.77,SaNkupaTa,Ahrtam,WaY,SANkupaTika,1,positive,What is conveyed by that way. (5.1.77),documented_english_gloss,source_conditioned_candidate
975d90276ca51fb6d853,kashika_5_1.rs,sutra_5_1_79,527,5.1.79,mAsa,TenaNirvrttam,WaY,mAsika,1,positive,Completed by this time. (5.1.79),documented_english_gloss,source_conditioned_candidate
4ee3b7ce27102093cbc4,kashika_5_1.rs,sutra_5_1_79,528,5.1.79,arDamAsa,TenaNirvrttam,WaY,ArDamAsika,1,positive,Completed by this time. (5.1.79),documented_english_gloss,source_conditioned_candidate
453fcd1f79fdbf5a425f,kashika_5_1.rs,sutra_5_1_79,529,5.1.79,saMvatsara,TenaNirvrttam,WaY,sAMvatsarika,1,positive,Completed by this time. (5.1.79),documented_english_gloss,source_conditioned_candidate
7b562cd686458b09237e,kashika_5_1.rs,sutra_5_1_79,530,5.1.79,ahan,TenaNirvrttam,WaY,Ahnika,1,positive,Completed by this time. (5.1.79),documented_english_gloss,source_conditioned_candidate
4eea0f08970becd2cd37,kashika_5_1.rs,sutra_5_1_80,536,5.1.80,mAsa,TamAdhisteBhrtoBhutoBhavi,WaY,mAsika,1,positive,"For which time one instructs, is paid, existed, or will exist. (5.1.80)",documented_english_gloss,source_conditioned_candidate
285e4e179013b9aaf529,kashika_5_1.rs,sutra_5_1_81,541,5.1.81,mAsa,Vayasi,yat,mAsya,1,positive,Age. (5.1.81),documented_english_gloss,source_conditioned_candidate
de157e7c290e352dba3e,kashika_5_1.rs,sutra_5_1_81,542,5.1.81,mAsa,Vayasi,KaY,mAsIna,1,positive,Age. (5.1.81),documented_english_gloss,source_conditioned_candidate
59ec15edbeb4310559c6,kashika_5_1.rs,sutra_5_1_81,545,5.1.81,mAsa,TenaNirvrttam,WaY,mAsika,1,positive,Completed by this time. (5.1.79),documented_english_gloss,source_conditioned_candidate
9664fbcd4d156fa382cd,kashika_5_1.rs,sutra_5_1_85,551,5.1.85,samA,TamAdhisteBhrtoBhutoBhavi,Ka,samIna,1,positive,"For which time one instructs, is paid, existed, or will exist. (5.1.80)",documented_english_gloss,source_conditioned_candidate
72d84d2adc2e9657c981,kashika_5_2.rs,sutra_5_2_1,16,5.2.1,mudra,DhanyanamBhavaneKshetre,KaY,mOdrIna,1,positive,"A place of growing, when that place is a field. (5.2.1)",documented_english_gloss,source_conditioned_candidate
ab0ac49d903309b41b6d,kashika_5_2.rs,sutra_5_2_1,17,5.2.1,kudrava,DhanyanamBhavaneKshetre,KaY,kOdravIna,1,positive,"A place of growing, when that place is a field. (5.2.1)",documented_english_gloss,source_conditioned_candidate
b488cf15aab04ec65808,kashika_5_2.rs,sutra_5_2_1,18,5.2.1,kulatTa,DhanyanamBhavaneKshetre,KaY,kOlatTIna,1,positive,"A place of growing, when that place is a field. (5.2.1)",documented_english_gloss,source_conditioned_candidate
e25d5d1d21f18316bc1c,kashika_5_2.rs,sutra_5_2_2,24,5.2.2,vrIhi,DhanyanamBhavaneKshetre,Qak,vrEheya,1,positive,"A place of growing, when that place is a field. (5.2.1)",documented_english_gloss,source_conditioned_candidate
ffadba0861346ce972fa,kashika_5_2.rs,sutra_5_2_2,25,5.2.2,SAli,DhanyanamBhavaneKshetre,Qak,SAleya,1,positive,"A place of growing, when that place is a field. (5.2.1)",documented_english_gloss,source_conditioned_candidate
de1d02fd924855505e60,kashika_5_2.rs,sutra_5_2_3,31,5.2.3,yava,DhanyanamBhavaneKshetre,yat,yavya,1,positive,"A place of growing, when that place is a field. (5.2.1)",documented_english_gloss,source_conditioned_candidate
d04bde7beecdc96c50f1,kashika_5_2.rs,sutra_5_2_3,32,5.2.3,yavaka,DhanyanamBhavaneKshetre,yat,yavakya,1,positive,"A place of growing, when that place is a field. (5.2.1)",documented_english_gloss,source_conditioned_candidate
09290c3fd6e13d6f2fa1,kashika_5_2.rs,sutra_5_2_3,33,5.2.3,zazwika,DhanyanamBhavaneKshetre,yat,zazwikya,1,positive,"A place of growing, when that place is a field. (5.2.1)",documented_english_gloss,source_conditioned_candidate
216e266be20de3177031,kashika_5_2.rs,sutra_5_2_5,52,5.2.5,sarvacarman,Krta,Ka,sarvacarmIRa,1,positive,Wholly made of this. (5.2.5),documented_english_gloss,source_conditioned_candidate
5e451c9a58fe014ad75a,kashika_5_2.rs,sutra_5_2_5,53,5.2.5,sarvacarman,Krta,KaY,sArvacarmIRa,1,positive,Wholly made of this. (5.2.5),documented_english_gloss,source_conditioned_candidate
2bb5d5f52b1700088bc9,kashika_5_2.rs,sutra_5_2_6,58,5.2.6,yaTAmuKa,Darshana,Ka,yaTAmuKIna,1,positive,Mirror. (5.2.6),documented_english_gloss,source_conditioned_candidate
671b197f679241a2775e,kashika_5_2.rs,sutra_5_2_6,59,5.2.6,sammuKa,Darshana,Ka,sammuKIna,1,positive,Mirror. (5.2.6),documented_english_gloss,source_conditioned_candidate
e660b6eea3db7ba5633e,kashika_5_2.rs,sutra_5_2_7,64,5.2.7,sarvapaTi,Vyapnoti,Ka,sarvapaTIna,1,positive,Pervades. (5.2.7),documented_english_gloss,source_conditioned_candidate
2a9e65b3b53df5b7ac4d,kashika_5_2.rs,sutra_5_2_7,65,5.2.7,sarvANga,Vyapnoti,Ka,sarvANgIRa,1,positive,Pervades. (5.2.7),documented_english_gloss,source_conditioned_candidate
99a60c7ee9818121e0c5,kashika_5_2.rs,sutra_5_2_7,66,5.2.7,sarvakarman,Vyapnoti,Ka,sarvakarmIRa,1,positive,Pervades. (5.2.7),documented_english_gloss,source_conditioned_candidate
817246c3dc3f4db8a90b,kashika_5_2.rs,sutra_5_2_7,67,5.2.7,sarvapatra,Vyapnoti,Ka,sarvapatrIRa,1,positive,Pervades. (5.2.7),documented_english_gloss,source_conditioned_candidate
6b88f1495a77dde861b4,kashika_5_2.rs,sutra_5_2_7,68,5.2.7,sarvapAtra,Vyapnoti,Ka,sarvapAtrIRa,1,positive,Pervades. (5.2.7),documented_english_gloss,source_conditioned_candidate
4c55d9c524c6280fa36d,kashika_5_2.rs,sutra_5_2_8,73,5.2.8,Aprapada,Prapnoti,Ka,AprapadIna,1,positive,Obtains. (5.2.8),documented_english_gloss,source_conditioned_candidate
fed352c303c691301ed9,kashika_5_2.rs,sutra_5_2_10,86,5.2.10,parovara,TadAnubhavati,Ka,parovarIRa,1,positive,Who witnesses this. (5.2.10),documented_english_gloss,source_conditioned_candidate
98913fbd6f88bd29f347,kashika_5_2.rs,sutra_5_2_10,87,5.2.10,parampara,TadAnubhavati,Ka,paramparIRa,1,positive,Who witnesses this. (5.2.10),documented_english_gloss,source_conditioned_candidate
cdf74917f1b25f8ba205,kashika_5_2.rs,sutra_5_2_10,88,5.2.10,putrapOtra,TadAnubhavati,Ka,putrapOtrIRa,1,positive,Who witnesses this. (5.2.10),documented_english_gloss,source_conditioned_candidate
22e44cefa8810f6ad0c5,kashika_5_2.rs,sutra_5_2_11,93,5.2.11,avArapAra,Gami,Ka,avArapArIRa,1,positive,Who intends to go. (5.2.11),documented_english_gloss,source_conditioned_candidate
6b2aeba2d67159091be4,kashika_5_2.rs,sutra_5_2_11,94,5.2.11,atyanta,Gami,Ka,atyantIna,1,positive,Who intends to go. (5.2.11),documented_english_gloss,source_conditioned_candidate
8227991721fb0e14b0e0,kashika_5_2.rs,sutra_5_2_11,95,5.2.11,anukAma,Gami,Ka,anukAmIna,1,positive,Who intends to go. (5.2.11),documented_english_gloss,source_conditioned_candidate
df0b5b4cf67fa9828680,kashika_5_2.rs,sutra_5_2_15,100,5.2.15,anugu,AlamGami,Ka,anugavIna,1,positive,Fit to go. (5.2.15),documented_english_gloss,source_conditioned_candidate
1154607f255a77fd704c,kashika_5_2.rs,sutra_5_2_16,105,5.2.16,aDvan,AlamGami,yat,aDvanya,1,positive,Fit to go. (5.2.15),documented_english_gloss,source_conditioned_candidate
91febe3c67cf8f558327,kashika_5_2.rs,sutra_5_2_16,106,5.2.16,aDvan,AlamGami,Ka,aDvanIna,1,positive,Fit to go. (5.2.15),documented_english_gloss,source_conditioned_candidate
81cf46b509aadbd39c78,kashika_5_2.rs,sutra_5_2_17,111,5.2.17,anugu,AlamGami,Ka,anugavIna,1,positive,Fit to go. (5.2.15),documented_english_gloss,source_conditioned_candidate
ba44649d29ffa307177e,kashika_5_2.rs,sutra_5_2_18,116,5.2.18,gozWa,BhutaPurva,KaY,gOzWIna,1,positive,Formerly this. (5.2.18),documented_english_gloss,source_conditioned_candidate
fe5dc4bf5f63889cb796,kashika_5_2.rs,sutra_5_2_19,121,5.2.19,aSva,EkahaGama,KaY,ASvIna,1,positive,What can be traveled in one day. (5.2.19),documented_english_gloss,source_conditioned_candidate
ceb95193b73839943470,kashika_5_2.rs,sutra_5_2_21,126,5.2.21,vrAta,TenaJivati,KaY,vrAtIna,1,positive,One who lives with this. (4.4.12),documented_english_gloss,source_conditioned_candidate
c7e434baa5251ea72ed1,kashika_5_2.rs,sutra_5_2_24,132,5.2.24,pIlu,TasyaPakamula,kuRap,pIlukuRa,1,positive,The ripening season of this. (5.2.24),documented_english_gloss,source_conditioned_candidate
096edb056da5832c52fe,kashika_5_2.rs,sutra_5_2_24,133,5.2.24,karkanDu,TasyaPakamula,kuRap,karkanDukuRa,1,positive,The ripening season of this. (5.2.24),documented_english_gloss,source_conditioned_candidate
b7860489b175515f8de6,kashika_5_2.rs,sutra_5_2_24,134,5.2.24,karRa,TasyaPakamula,jAhac,karRajAha,1,positive,The ripening season of this. (5.2.24),documented_english_gloss,source_conditioned_candidate
dac8440f655b4828f9c5,kashika_5_2.rs,sutra_5_2_25,139,5.2.25,pakza,TasyaMula,ti,pakzati,1,positive,The root of this. (5.2.25),documented_english_gloss,source_conditioned_candidate
c2b68da25e8b34975903,kashika_5_2.rs,sutra_5_2_26,145,5.2.26,vidyA,TenaVitta,cuYcup,vidyAcuYcu,1,positive,Celebrated through this. (5.2.26),documented_english_gloss,source_conditioned_candidate
b2cb1c97de33a9bda11f,kashika_5_2.rs,sutra_5_2_26,146,5.2.26,vidyA,TenaVitta,caRap,vidyAcaRa,1,positive,Celebrated through this. (5.2.26),documented_english_gloss,source_conditioned_candidate
6550c8e942b4a0f48b7f,kashika_5_2.rs,sutra_5_2_36,209,5.2.36,tArakA,TadAsyaSamjatam,itac,tArakita,1,positive,Of which this is observed. (5.2.36),documented_english_gloss,source_conditioned_candidate
10b59a90e80830c19a20,kashika_5_2.rs,sutra_5_2_36,210,5.2.36,puzpa,TadAsyaSamjatam,itac,puzpita,1,positive,Of which this is observed. (5.2.36),documented_english_gloss,source_conditioned_candidate
3d5d1fbd258cbef3d862,kashika_5_2.rs,sutra_5_2_37,216,5.2.37,Uru,TadAsyaPramanam,dvayasac,Urudvayasa,1,positive,Measure. (5.2.37),documented_english_gloss,source_conditioned_candidate
4865ae2e7be5dded5480,kashika_5_2.rs,sutra_5_2_37,217,5.2.37,Uru,TadAsyaPramanam,daGnac,UrudaGna,1,positive,Measure. (5.2.37),documented_english_gloss,source_conditioned_candidate
f63016bf4369ac5d5fb4,kashika_5_2.rs,sutra_5_2_37,218,5.2.37,Uru,TadAsyaPramanam,mAtrac,UrumAtra,1,positive,Measure. (5.2.37),documented_english_gloss,source_conditioned_candidate
7b2d2c97fc6a298aeb0e,kashika_5_2.rs,sutra_5_2_37,220,5.2.37,jAnu,TadAsyaPramanam,dvayasac,jAnudvayasa,1,positive,Measure. (5.2.37),documented_english_gloss,source_conditioned_candidate
7200c3055563f968829b,kashika_5_2.rs,sutra_5_2_37,221,5.2.37,jAnu,TadAsyaPramanam,daGnac,jAnudaGna,1,positive,Measure. (5.2.37),documented_english_gloss,source_conditioned_candidate
82a27897f196f4189591,kashika_5_2.rs,sutra_5_2_37,222,5.2.37,jAnu,TadAsyaPramanam,mAtrac,jAnumAtra,1,positive,Measure. (5.2.37),documented_english_gloss,source_conditioned_candidate
3b749c133adcb2dd3942,kashika_5_2.rs,sutra_5_2_37,224,5.2.37,prasTa,TadAsyaPramanam,mAtrac,prasTamAtra,1,positive,Measure. (5.2.37),documented_english_gloss,source_conditioned_candidate
cfb04c9f35ce022b6b55,kashika_5_2.rs,sutra_5_2_38,230,5.2.38,puruza,TadAsyaPramanam,aR,pOruza,1,positive,Measure. (5.2.37),documented_english_gloss,source_conditioned_candidate
5e522980485681580723,kashika_5_2.rs,sutra_5_2_38,231,5.2.38,puruza,TadAsyaPramanam,dvayasac,puruzadvayasa,1,positive,Measure. (5.2.37),documented_english_gloss,source_conditioned_candidate
c13e3c88ae80431b9ad5,kashika_5_2.rs,sutra_5_2_38,232,5.2.38,puruza,TadAsyaPramanam,daGnac,puruzadaGna,1,positive,Measure. (5.2.37),documented_english_gloss,source_conditioned_candidate
4fe55bda811394c941de,kashika_5_2.rs,sutra_5_2_38,233,5.2.38,puruza,TadAsyaPramanam,mAtrac,puruzamAtra,1,positive,Measure. (5.2.37),documented_english_gloss,source_conditioned_candidate
9c353217f5c2ca0d7373,kashika_5_2.rs,sutra_5_2_38,235,5.2.38,hastin,TadAsyaPramanam,aR,hAstina,1,positive,Measure. (5.2.37),documented_english_gloss,source_conditioned_candidate
a4126a12e96b50ddb93c,kashika_5_2.rs,sutra_5_2_38,236,5.2.38,hastin,TadAsyaPramanam,dvayasac,hastidvayasa,1,positive,Measure. (5.2.37),documented_english_gloss,source_conditioned_candidate
ea492823d60678ea2ed4,kashika_5_2.rs,sutra_5_2_38,237,5.2.38,hastin,TadAsyaPramanam,daGnac,hastidaGna,1,positive,Measure. (5.2.37),documented_english_gloss,source_conditioned_candidate
dfdfd8a40e625e258ee5,kashika_5_2.rs,sutra_5_2_38,238,5.2.38,hastin,TadAsyaPramanam,mAtrac,hastimAtra,1,positive,Measure. (5.2.37),documented_english_gloss,source_conditioned_candidate
7337971f0b6a2b81b42e,kashika_5_2.rs,sutra_5_2_39,243,5.2.39,yad,Parimana,vatup,yAvat,1,positive,Volume. (5.2.39),documented_english_gloss,source_conditioned_candidate
e4964534911f8e6a01fe,kashika_5_2.rs,sutra_5_2_39,244,5.2.39,tad,Parimana,vatup,tAvat,1,positive,Volume. (5.2.39),documented_english_gloss,source_conditioned_candidate
0090fb5a46bcfc673679,kashika_5_2.rs,sutra_5_2_39,245,5.2.39,etad,Parimana,vatup,etAvat,1,positive,Volume. (5.2.39),documented_english_gloss,source_conditioned_candidate
d0feabf834eaddf7f947,kashika_5_2.rs,sutra_5_2_40,250,5.2.40,kim,Parimana,vatup,kiyat,1,positive,Volume. (5.2.39),documented_english_gloss,source_conditioned_candidate
90f8016055045e28644d,kashika_5_2.rs,sutra_5_2_40,251,5.2.40,idam,Parimana,vatup,iyat,1,positive,Volume. (5.2.39),documented_english_gloss,source_conditioned_candidate
9a4da221c06742a3f218,kashika_5_2.rs,sutra_5_2_41,256,5.2.41,kim,Parimana,qati,kati,1,positive,Volume. (5.2.39),documented_english_gloss,source_conditioned_candidate
028934f94d557fba5d7e,kashika_5_2.rs,sutra_5_2_42,261,5.2.42,paYcan,Avasana,tayap,paYcataya,1,positive,Parts of which. (5.2.42),documented_english_gloss,source_conditioned_candidate
f7188d123b71c5989576,kashika_5_2.rs,sutra_5_2_42,262,5.2.42,daSan,Avasana,tayap,daSataya,1,positive,Parts of which. (5.2.42),documented_english_gloss,source_conditioned_candidate
c91a04137879ed189a35,kashika_5_2.rs,sutra_5_2_42,263,5.2.42,catur,Avasana,tayap,catuzwaya,1,positive,Parts of which. (5.2.42),documented_english_gloss,source_conditioned_candidate
3a32dfd1a4beb29ebf40,kashika_5_2.rs,sutra_5_2_43,270,5.2.43,dvi,Avasana,tayap,dvaya;dvitaya,2,positive,Parts of which. (5.2.42),documented_english_gloss,source_conditioned_candidate
de3bc5055190e3d64921,kashika_5_2.rs,sutra_5_2_43,271,5.2.43,tri,Avasana,tayap,traya;tritaya,2,positive,Parts of which. (5.2.42),documented_english_gloss,source_conditioned_candidate
00e65f4f0be1dc684a7a,kashika_5_2.rs,sutra_5_2_47,287,5.2.47,dvi,Nimana,mayaw,dvimaya,1,positive,Given in exchange. (5.2.47),documented_english_gloss,source_conditioned_candidate
c27888f7ae88417a26bc,kashika_5_2.rs,sutra_5_2_47,288,5.2.47,tri,Nimana,mayaw,trimaya,1,positive,Given in exchange. (5.2.47),documented_english_gloss,source_conditioned_candidate
3672f977cd735e303bcb,kashika_5_2.rs,sutra_5_2_47,289,5.2.47,catur,Nimana,mayaw,caturmaya,1,positive,Given in exchange. (5.2.47),documented_english_gloss,source_conditioned_candidate
d770bf44cbc865d1922e,kashika_5_2.rs,sutra_5_2_48,295,5.2.48,ekadaSan,Purana,qaw,ekadaSa,1,positive,Making full. (5.2.48),documented_english_gloss,source_conditioned_candidate
a3764556c88eb966e209,kashika_5_2.rs,sutra_5_2_48,296,5.2.48,ekadaSan,Purana,qaw,ekadaSa,1,positive,Making full. (5.2.48),documented_english_gloss,source_conditioned_candidate
c5df86e6ad5f19b1ee34,kashika_5_2.rs,sutra_5_2_49,302,5.2.49,paYcan,Purana,qaw,paYcama,1,positive,Making full. (5.2.48),documented_english_gloss,source_conditioned_candidate
a3057e07b782dc3e9858,kashika_5_2.rs,sutra_5_2_54,307,5.2.54,dvi,Purana,tIya,dvitIya,1,positive,Making full. (5.2.48),documented_english_gloss,source_conditioned_candidate
64e167ee4ea869fded2c,kashika_5_2.rs,sutra_5_2_55,312,5.2.55,tri,Purana,tIya,tftIya,1,positive,Making full. (5.2.48),documented_english_gloss,source_conditioned_candidate
39bbf5d7fc879819163e,kashika_5_2.rs,sutra_5_2_61,318,5.2.61,vimukta,TadAsyaAstiAsmin,aR,vEmukta,1,positive,What one has or is in. (5.2.94),documented_english_gloss,source_conditioned_candidate
15934d0c1012a76f2fb7,kashika_5_2.rs,sutra_5_2_61,319,5.2.61,devAsura,TadAsyaAstiAsmin,aR,dEvAsura,1,positive,What one has or is in. (5.2.94),documented_english_gloss,source_conditioned_candidate
09297affd119b5a7c95e,kashika_5_2.rs,sutra_5_2_62,325,5.2.62,gozada,TadAsyaAstiAsmin,vun,gozadaka,1,positive,What one has or is in. (5.2.94),documented_english_gloss,source_conditioned_candidate
36a8be6a9e4ab0dca300,kashika_5_2.rs,sutra_5_2_62,326,5.2.62,izetvA,TadAsyaAstiAsmin,vun,izetvaka,1,positive,What one has or is in. (5.2.94),documented_english_gloss,source_conditioned_candidate
80332b5ad5d6139db392,kashika_5_2.rs,sutra_5_2_62,327,5.2.62,mAtariSvan,TadAsyaAstiAsmin,vun,mAtariSvaka,1,positive,What one has or is in. (5.2.94),documented_english_gloss,source_conditioned_candidate
1abe54340db788952548,kashika_5_2.rs,sutra_5_2_63,332,5.2.63,paTin,TatraKushala,vun,paTaka,1,positive,Skilled in this. (5.2.63),documented_english_gloss,source_conditioned_candidate
d41fccf00f616bf59b50,kashika_5_2.rs,sutra_5_2_64,337,5.2.64,Akarza,TatraKushala,kan,Akarzaka,1,positive,Skilled in this. (5.2.63),documented_english_gloss,source_conditioned_candidate
fbc1f1c7ea5b8c502dd5,kashika_5_2.rs,sutra_5_2_64,338,5.2.64,tsaru,TatraKushala,kan,tsaruka,1,positive,Skilled in this. (5.2.63),documented_english_gloss,source_conditioned_candidate
951386a78f1369bd1315,kashika_5_2.rs,sutra_5_2_65,343,5.2.65,Dana,TatraKama,kan,Danaka,1,positive,A desire for which. (5.2.65),documented_english_gloss,source_conditioned_candidate
f2280c00c460daf8b5ca,kashika_5_2.rs,sutra_5_2_65,344,5.2.65,hiraRya,TatraKama,kan,hiraRyaka,1,positive,A desire for which. (5.2.65),documented_english_gloss,source_conditioned_candidate
6d3142b781f951302ea2,kashika_5_2.rs,sutra_5_2_67,349,5.2.67,udara,TatraAdyuna,Wak,Odarika,1,positive,Voracious. (5.2.67),documented_english_gloss,source_conditioned_candidate
544f0b06ef595af15ce2,kashika_5_2.rs,sutra_5_2_67,352,5.2.67,udara,Alpe,ka,udaraka,1,positive,,source_context_identifier_only,source_conditioned_candidate
347e221a25c3d420d256,kashika_5_2.rs,sutra_5_2_68,357,5.2.68,sasya,TatraParijata,kan,sasyaka,1,positive,Supplied richly with. (5.2.68),documented_english_gloss,source_conditioned_candidate
eeaa424d46a597002783,kashika_5_2.rs,sutra_5_2_69,362,5.2.69,aMSa,Hari,kan,aMSaka,1,positive,Who must take this.. (5.2.69),documented_english_gloss,source_conditioned_candidate
db22dcd100db5f3ad4df,kashika_5_2.rs,sutra_5_2_70,367,5.2.70,tantra,AciraApahrta,kan,tantraka,1,positive,Taken recently. (5.2.70),documented_english_gloss,source_conditioned_candidate
11c128b332fed7f6ebf4,kashika_5_2.rs,sutra_5_2_72,372,5.2.72,SIta,Karin,kan,SItaka,1,positive,Going to work in this manner. (5.2.72),documented_english_gloss,source_conditioned_candidate
7ee8a151cc17e5031a0e,kashika_5_2.rs,sutra_5_2_72,373,5.2.72,uzRa,Karin,kan,uzRaka,1,positive,Going to work in this manner. (5.2.72),documented_english_gloss,source_conditioned_candidate
4a78d3b0efcd093acb25,kashika_5_2.rs,sutra_5_2_75,378,5.2.75,pArSva,Anvicchati,kan,pArSvaka,1,positive,Who strives to gain by this. (5.2.75),documented_english_gloss,source_conditioned_candidate
0dfca08a5c0c0abd1fa8,kashika_5_2.rs,sutra_5_2_97,401,5.2.97,siDma,TadAsyaAstiAsmin,lac,siDmala,1,positive,What one has or is in. (5.2.94),documented_english_gloss,source_conditioned_candidate
f65ab2cea4485b549741,kashika_5_2.rs,sutra_5_2_97,402,5.2.97,siDma,TadAsyaAstiAsmin,matup,siDmavat,1,positive,What one has or is in. (5.2.94),documented_english_gloss,source_conditioned_candidate
49b192a942083abe1299,kashika_5_2.rs,sutra_5_2_97,403,5.2.97,gaqu,TadAsyaAstiAsmin,lac,gaqula,1,positive,What one has or is in. (5.2.94),documented_english_gloss,source_conditioned_candidate
fb211a53abe1070b79b5,kashika_5_2.rs,sutra_5_2_97,404,5.2.97,gaqu,TadAsyaAstiAsmin,matup,gaqumat,1,positive,What one has or is in. (5.2.94),documented_english_gloss,source_conditioned_candidate
b3fd8fd8d6c82cc00098,kashika_5_2.rs,sutra_5_2_99,410,5.2.99,Pena,TadAsyaAstiAsmin,ilac,Penila,1,positive,What one has or is in. (5.2.94),documented_english_gloss,source_conditioned_candidate
0d2584b7209b7c3b8c5a,kashika_5_2.rs,sutra_5_2_99,411,5.2.99,Pena,TadAsyaAstiAsmin,lac,Penala,1,positive,What one has or is in. (5.2.94),documented_english_gloss,source_conditioned_candidate
74f18e09954a2507bea2,kashika_5_2.rs,sutra_5_2_99,412,5.2.99,Pena,TadAsyaAstiAsmin,matup,Penavat,1,positive,What one has or is in. (5.2.94),documented_english_gloss,source_conditioned_candidate
781b25015bf9eba0af44,kashika_5_2.rs,sutra_5_2_112,430,5.2.112,rajas,TadAsyaAstiAsmin,valac,rajasvala,1,positive,What one has or is in. (5.2.94),documented_english_gloss,source_conditioned_candidate
fa614109d007a7281c25,kashika_5_2.rs,sutra_5_2_112,431,5.2.112,kfzI,TadAsyaAstiAsmin,valac,kfzIvala,1,positive,What one has or is in. (5.2.94),documented_english_gloss,source_conditioned_candidate
88d30873823e1b4a852e,kashika_5_2.rs,sutra_5_2_112,432,5.2.112,AsutI,TadAsyaAstiAsmin,valac,AsutIvala,1,positive,What one has or is in. (5.2.94),documented_english_gloss,source_conditioned_candidate
78e7333a80af461c13d1,kashika_5_2.rs,sutra_5_2_112,433,5.2.112,parizad,TadAsyaAstiAsmin,valac,parizadvala,1,positive,What one has or is in. (5.2.94),documented_english_gloss,source_conditioned_candidate
a5d5da147ebb39a2eda0,kashika_5_2.rs,sutra_5_2_112_v1,439,5.2.112,BrAtf,TadAsyaAstiAsmin,valac,BrAtfvala,1,positive,What one has or is in. (5.2.94),documented_english_gloss,source_conditioned_candidate
e3222dde34b1ec820f0a,kashika_5_2.rs,sutra_5_2_112_v1,440,5.2.112,putra,TadAsyaAstiAsmin,valac,putravala,1,positive,What one has or is in. (5.2.94),documented_english_gloss,source_conditioned_candidate
139f6a4acd958ed5482b,kashika_5_2.rs,sutra_5_2_112_v1,441,5.2.112,utsAha,TadAsyaAstiAsmin,valac,utsAhavala,1,positive,What one has or is in. (5.2.94),documented_english_gloss,source_conditioned_candidate
6b25a9a6c45576c6192e,kashika_5_3.rs,sutra_5_3_28,121,5.3.28,dakziRa,DigDeshaKala,atasuc,dakziRatas,1,positive,"Words meaning direction, location, or time. (5.3.27)",documented_english_gloss,source_conditioned_candidate
5c98cbd21f5bdf0c840c,kashika_5_3.rs,sutra_5_3_28,122,5.3.28,uttara,DigDeshaKala,atasuc,uttaratas,1,positive,"Words meaning direction, location, or time. (5.3.27)",documented_english_gloss,source_conditioned_candidate
858e29b597a1aab250e2,kashika_5_3.rs,sutra_5_3_29,127,5.3.29,para,DigDeshaKala,atasuc,paratas,1,positive,"Words meaning direction, location, or time. (5.3.27)",documented_english_gloss,source_conditioned_candidate
5a4ee6bf258a8cc12a45,kashika_5_3.rs,sutra_5_3_29,128,5.3.29,para,DigDeshaKala,astAti,parastAt,1,positive,"Words meaning direction, location, or time. (5.3.27)",documented_english_gloss,source_conditioned_candidate
3b036a00e3b4f83061fe,kashika_5_3.rs,sutra_5_3_29,129,5.3.29,avara,DigDeshaKala,atasuc,avaratas,1,positive,"Words meaning direction, location, or time. (5.3.27)",documented_english_gloss,source_conditioned_candidate
a858117d4318779f2fc8,kashika_5_3.rs,sutra_5_3_29,130,5.3.29,avara,DigDeshaKala,astAti,avarastAt,1,positive,"Words meaning direction, location, or time. (5.3.27)",documented_english_gloss,source_conditioned_candidate
3b1a2dda5d33e96f77b8,kashika_5_3.rs,sutra_5_3_70,266,5.3.70,aSva,Ajnate,ka,aSvaka,1,positive,Not known. (5.3.73),documented_english_gloss,source_conditioned_candidate
54589e39096bbe223f1c,kashika_5_3.rs,sutra_5_3_70,267,5.3.70,gardaBa,Ajnate,ka,gardaBaka,1,positive,Not known. (5.3.73),documented_english_gloss,source_conditioned_candidate
3de98ca0ba46139ea40c,kashika_5_3.rs,sutra_5_3_75,272,5.3.75,SUdra,Kutsite,kan,SUdraka,1,positive,Contempt. (5.3.75),documented_english_gloss,source_conditioned_candidate
dc793aa15bc011c21ba4,kashika_5_3.rs,sutra_5_3_75,273,5.3.75,DAra,Kutsite,kan,DAraka,1,positive,Contempt. (5.3.75),documented_english_gloss,source_conditioned_candidate
1ba166989086c3d817fa,kashika_5_3.rs,sutra_5_3_75,274,5.3.75,pUrRa,Kutsite,kan,pUrRaka,1,positive,Contempt. (5.3.75),documented_english_gloss,source_conditioned_candidate
54004acffe643958a3b5,kashika_5_3.rs,sutra_5_3_76,279,5.3.76,putra,Anukampayam,ka,putraka,1,positive,,source_context_identifier_only,source_conditioned_candidate
3cc8f31d6f56e218447e,kashika_5_3.rs,sutra_5_3_76,280,5.3.76,vatsa,Anukampayam,ka,vatsaka,1,positive,,source_context_identifier_only,source_conditioned_candidate
3c311cdf6e79a797b14c,kashika_5_3.rs,sutra_5_3_76,281,5.3.76,durbala,Anukampayam,ka,durbalaka,1,positive,,source_context_identifier_only,source_conditioned_candidate
13d309204cba6dc25766,kashika_5_3.rs,sutra_5_3_86,286,5.3.86,vfkza,Hrasve,ka,vfkzaka,1,positive,,source_context_identifier_only,source_conditioned_candidate
cc0a90d8b93ebbb2a660,kashika_5_3.rs,sutra_5_3_86,287,5.3.86,plakza,Hrasve,ka,plakzaka,1,positive,,source_context_identifier_only,source_conditioned_candidate
bd329e01dfd363c61f5b,kashika_5_3.rs,sutra_5_3_86,288,5.3.86,stamBa,Hrasve,ka,stamBaka,1,positive,,source_context_identifier_only,source_conditioned_candidate
7427955419e5815a3fc8,kashika_5_3.rs,sutra_5_3_87,293,5.3.87,vaMSa,Hrasve,ka,vaMSaka,1,positive,,source_context_identifier_only,source_conditioned_candidate
d5652aed5fae5bef7de2,kashika_5_3.rs,sutra_5_3_87,294,5.3.87,veRu,Hrasve,ka,veRuka,1,positive,,source_context_identifier_only,source_conditioned_candidate
de72f48bad173e81bf16,kashika_5_3.rs,sutra_5_3_87,295,5.3.87,daRqa,Hrasve,ka,daRqaka,1,positive,,source_context_identifier_only,source_conditioned_candidate
a27750ceb20f9b01feb6,kashika_5_3.rs,sutra_5_3_88,300,5.3.88,kuwI,Hrasve,ra,kuwIra,1,positive,,source_context_identifier_only,source_conditioned_candidate
87dc10b9496f20e5dc8b,kashika_5_3.rs,sutra_5_3_88,301,5.3.88,SamI,Hrasve,ra,SamIra,1,positive,,source_context_identifier_only,source_conditioned_candidate
7c3eed856d3bda261fd6,kashika_5_3.rs,sutra_5_3_88,302,5.3.88,SuRqA,Hrasve,ra,SuRqAra,1,positive,,source_context_identifier_only,source_conditioned_candidate
2522b23536858d29bc3c,kashika_5_3.rs,sutra_5_3_89,308,5.3.89,kutU,Hrasve,qupac,kutupa,1,positive,,source_context_identifier_only,source_conditioned_candidate
9d65616a18eeba385b31,kashika_5_3.rs,sutra_5_3_91,323,5.3.91,vatsa,Tanutve,zwarac,vatsatara,1,positive,Slenderness. (5.3.91),documented_english_gloss,source_conditioned_candidate
10b407a1c1be381e8cb4,kashika_5_3.rs,sutra_5_3_91,324,5.3.91,ukzan,Tanutve,zwarac,ukzatara,1,positive,Slenderness. (5.3.91),documented_english_gloss,source_conditioned_candidate
f22de4dd96b26848b900,kashika_5_3.rs,sutra_5_3_91,325,5.3.91,aSva,Tanutve,zwarac,aSvatara,1,positive,Slenderness. (5.3.91),documented_english_gloss,source_conditioned_candidate
06f48af8279001fa43e4,kashika_5_3.rs,sutra_5_3_91,326,5.3.91,fzaBa,Tanutve,zwarac,fzaBatara,1,positive,Slenderness. (5.3.91),documented_english_gloss,source_conditioned_candidate
42aba2f0769c3747dd21,kashika_5_3.rs,sutra_5_3_92,331,5.3.92,kim,DvayorEka,qatarac,katara,1,positive,One of two. (5.3.92),documented_english_gloss,source_conditioned_candidate
d73f0f2aac95ffc6bbb7,kashika_5_3.rs,sutra_5_3_92,332,5.3.92,yad,DvayorEka,qatarac,yatara,1,positive,One of two. (5.3.92),documented_english_gloss,source_conditioned_candidate
8a20e6d6c9a15543de58,kashika_5_3.rs,sutra_5_3_92,333,5.3.92,tad,DvayorEka,qatarac,tatara,1,positive,One of two. (5.3.92),documented_english_gloss,source_conditioned_candidate
99c672cdd9be6cbaf89b,kashika_5_3.rs,sutra_5_3_93,338,5.3.93,kim,BahunamEka,qatamac,katama,1,positive,One of many. (5.3.93),documented_english_gloss,source_conditioned_candidate
0330ef6e0b082a595652,kashika_5_3.rs,sutra_5_3_93,339,5.3.93,yad,BahunamEka,qatamac,yatama,1,positive,One of many. (5.3.93),documented_english_gloss,source_conditioned_candidate
704596f73e3178b59664,kashika_5_3.rs,sutra_5_3_93,340,5.3.93,tad,BahunamEka,qatamac,tatama,1,positive,One of many. (5.3.93),documented_english_gloss,source_conditioned_candidate
ef76c205d976fc0e6dc0,kashika_5_3.rs,sutra_5_3_94,346,5.3.94,eka,DvayorEka,qatarac,ekatara,1,positive,One of two. (5.3.92),documented_english_gloss,source_conditioned_candidate
2ea0dfae01dbfcec62c8,kashika_5_3.rs,sutra_5_3_94,347,5.3.94,eka,BahunamEka,qatamac,ekatama,1,positive,One of many. (5.3.93),documented_english_gloss,source_conditioned_candidate
ef082798927bf2bbc410,kashika_5_3.rs,sutra_5_3_96,352,5.3.96,aSva,IvePratikrtau,kan,aSvaka,1,positive,,source_context_identifier_only,source_conditioned_candidate
269e0f5faf4a7a9a4341,kashika_5_3.rs,sutra_5_3_96,353,5.3.96,uzwra,IvePratikrtau,kan,uzwraka,1,positive,,source_context_identifier_only,source_conditioned_candidate
99856028176a81083fb3,kashika_5_3.rs,sutra_5_3_96,354,5.3.96,gardaBa,IvePratikrtau,kan,gardaBaka,1,positive,,source_context_identifier_only,source_conditioned_candidate
70db3dd68243f1b4baee,kashika_5_3.rs,sutra_5_3_103,366,5.3.103,SAKA,IvePratikrtau,yat,SAKya,1,positive,,source_context_identifier_only,source_conditioned_candidate
5a2ddd5edd002ba9a77a,kashika_5_3.rs,sutra_5_3_103,367,5.3.103,muKa,IvePratikrtau,yat,muKya,1,positive,,source_context_identifier_only,source_conditioned_candidate
f1c2dfab6c90b15a9d31,kashika_5_3.rs,sutra_5_3_103,368,5.3.103,jaGana,IvePratikrtau,yat,jaGanya,1,positive,,source_context_identifier_only,source_conditioned_candidate
b56171e31dd0f035e3c0,kashika_5_3.rs,sutra_5_3_105,373,5.3.105,kuSAgra,IvePratikrtau,Ca,kuSAgrIya,1,positive,,source_context_identifier_only,source_conditioned_candidate
1cbbd10577d9b5e49e4d,kashika_5_3.rs,sutra_5_3_107,378,5.3.107,SarkarA,IvePratikrtau,aR,SArkara,1,positive,,source_context_identifier_only,source_conditioned_candidate
80ef68a85797cedf82b4,kashika_5_3.rs,sutra_5_3_107,379,5.3.107,kapAlikA,IvePratikrtau,aR,kApAlika,1,positive,,source_context_identifier_only,source_conditioned_candidate
0c3fe9e5ea53844b36bb,kashika_5_3.rs,sutra_5_3_108,384,5.3.108,aNguli,IvePratikrtau,Wak,ANgulika,1,positive,,source_context_identifier_only,source_conditioned_candidate
8f84a3f1bed9c7b1bf85,kashika_5_3.rs,sutra_5_3_108,385,5.3.108,Baruja,IvePratikrtau,Wak,BArujika,1,positive,,source_context_identifier_only,source_conditioned_candidate
551ea752d18d1a51cfb7,kashika_5_3.rs,sutra_5_3_109,390,5.3.109,ekaSAlA,IvePratikrtau,Wac,ekaSAlika,1,positive,,source_context_identifier_only,source_conditioned_candidate
c4a5a96085d5b1836de5,kashika_5_3.rs,sutra_5_3_109,391,5.3.109,ekaSAlA,IvePratikrtau,Wak,EkaSAlika,1,positive,,source_context_identifier_only,source_conditioned_candidate
c1e9bcedfe78029ce34a,kashika_5_3.rs,sutra_5_3_110,396,5.3.110,karka,IvePratikrtau,Ikak,kArkIka,1,positive,,source_context_identifier_only,source_conditioned_candidate
6cb12cff031e23ceec79,kashika_5_3.rs,sutra_5_3_110,397,5.3.110,lohita,IvePratikrtau,Ikak,lOhitIka,1,positive,,source_context_identifier_only,source_conditioned_candidate
4caf25bddc2fc30e0bc2,kashika_5_4.rs,sutra_5_4_6,26,5.4.6,bfhatI,Acchadana,kan,bfhatika,1,positive,,source_context_identifier_only,source_conditioned_candidate
0b2f1eecc0bf9dcda471,kashika_5_4.rs,sutra_5_4_7,31,5.4.7,azaqakza,Svarthe,Ka,azaqakzIRa,1,positive,,source_context_identifier_only,source_conditioned_candidate
9de38cdbb6745a5f466b,kashika_5_4.rs,sutra_5_4_7,32,5.4.7,ASitaNgu,Svarthe,Ka,ASitaNgavIna,1,positive,,source_context_identifier_only,source_conditioned_candidate
ccc3909ee5e2bd8941df,kashika_5_4.rs,sutra_5_4_7,33,5.4.7,alaNkarman,Svarthe,Ka,alaNkarmIRa,1,positive,,source_context_identifier_only,source_conditioned_candidate
b4c321af216fe75c28a6,kashika_5_4.rs,sutra_5_4_7,34,5.4.7,alampuruza,Svarthe,Ka,alampuruzIRa,1,positive,,source_context_identifier_only,source_conditioned_candidate
8495c5dcdac0486c9fd0,kashika_5_4.rs,sutra_5_4_50,155,5.4.50,Sukla,AbhutaTadbhava,cvi,SuklI,1,positive,Becoming what one was not. (5.4.50),documented_english_gloss,source_conditioned_candidate
bc7e1914a085ed1a3f99,kashika_5_4.rs,sutra_5_4_50,156,5.4.50,Gawa,AbhutaTadbhava,cvi,GawI,1,positive,Becoming what one was not. (5.4.50),documented_english_gloss,source_conditioned_candidate
4574014be97458bd7a3d,kashika_5_4.rs,sutra_5_4_51,161,5.4.51,arus,AbhutaTadbhava,cvi,arU,1,positive,Becoming what one was not. (5.4.50),documented_english_gloss,source_conditioned_candidate
038e410603fa47ae9f97,kashika_5_4.rs,sutra_5_4_51,162,5.4.51,unmanas,AbhutaTadbhava,cvi,unmanI,1,positive,Becoming what one was not. (5.4.50),documented_english_gloss,source_conditioned_candidate
3cd09a5153528136b0d8,kashika_5_4.rs,sutra_5_4_51,163,5.4.51,uccakzus,AbhutaTadbhava,cvi,uccakzU,1,positive,Becoming what one was not. (5.4.50),documented_english_gloss,source_conditioned_candidate
c75a92018d6e3c5686c4,kashika_5_4.rs,sutra_5_4_51,164,5.4.51,vicetas,AbhutaTadbhava,cvi,vicetI,1,positive,Becoming what one was not. (5.4.50),documented_english_gloss,source_conditioned_candidate
1fa3ee5a2805c41f638b,kashika_5_4.rs,sutra_5_4_51,165,5.4.51,virahas,AbhutaTadbhava,cvi,virahI,1,positive,Becoming what one was not. (5.4.50),documented_english_gloss,source_conditioned_candidate
4c18e075e7685f90dbfa,kashika_5_4.rs,sutra_5_4_51,166,5.4.51,virajas,AbhutaTadbhava,cvi,virajI,1,positive,Becoming what one was not. (5.4.50),documented_english_gloss,source_conditioned_candidate
214fc42a570adee7bad4,kashika_5_4.rs,sutra_5_4_52,171,5.4.52,agni,AbhutaTadbhava,sAti,agnisAt,1,positive,Becoming what one was not. (5.4.50),documented_english_gloss,source_conditioned_candidate
1d214031e7127f563423,kashika_5_4.rs,sutra_5_4_52,172,5.4.52,udaka,AbhutaTadbhava,sAti,udakasAt,1,positive,Becoming what one was not. (5.4.50),documented_english_gloss,source_conditioned_candidate
d3159b2f193be986553a,kashika_5_4.rs,sutra_5_4_55,183,5.4.55,brAhmaRa,AbhutaTadbhava,trA,brAhmaRatrA,1,positive,Becoming what one was not. (5.4.50),documented_english_gloss,source_conditioned_candidate
