conditioned_candidate_id,input_form_slp1,semantic_context,semantic_description,taddhita_source_variant,expected_output_forms_slp1,expected_output_variant_count,rule_refs,source_locators,collapsed_duplicate_assertions,input_status,generated_output_forms_slp1,generated_output_variant_count,missing_expected_forms_slp1,additional_unconditioned_engine_forms_slp1,engine_error,verification_status,verified_word_meaning_id
c558dbca0a42cebba1cb,AQaka,SambhavatiAharatiPacati,"What is capable of this, or holds this, or cooks this. (5.152)",Ka,AQakIna,1,5.1.53,kashika_5_1.rs:361,0,source_conditioned_relation_not_independent_nominal_count,AQakIna,1,,,,verified,92921fd12c8aeb1e9d96
20db120478644e4da625,AQaka,SambhavatiAharatiPacati,"What is capable of this, or holds this, or cooks this. (5.152)",Wak,AQakika,1,5.1.53,kashika_5_1.rs:362,0,source_conditioned_relation_not_independent_nominal_count,AQakika,1,,,,verified,461094465d4a5ba652ae
4b5cb080dcc3f07d5d5e,ASitaNgu,Svarthe,,Ka,ASitaNgavIna,1,5.4.7,kashika_5_4.rs:32,0,source_conditioned_relation_not_independent_nominal_count,ASitaNgavIna,1,,,,verified,3edc979fcfea69e8f6e1
92866324368293caf11b,ASvayujI,TatraSambhute,Where this was adapted. (4.3.41),vuY,ASvayujaka,1,4.3.45,kashika_4_3.rs:183,0,source_conditioned_relation_not_independent_nominal_count,ASvayujaka,1,,,,verified,522cc5ce4315afd6bdd6
f0eb2d16231822d2fe60,Acita,SambhavatiAharatiPacati,"What is capable of this, or holds this, or cooks this. (5.152)",Ka,AcitIna,1,5.1.53,kashika_5_1.rs:364,0,source_conditioned_relation_not_independent_nominal_count,AcitIna,1,,,,verified,4f8d1bc326f40a889b3f
b1dd15b46164d2cbbf55,Acita,SambhavatiAharatiPacati,"What is capable of this, or holds this, or cooks this. (5.152)",Wak,Acitika,1,5.1.53,kashika_5_1.rs:365,0,source_conditioned_relation_not_independent_nominal_count,Acitika,1,,,,verified,6353d3c2a420becd4dfc
7408d70ff146093f7cea,Akara,Avakraya,What is taxed. (4.4.50),Wak,Akarika,1,4.4.50,kashika_4_4.rs:358,0,source_conditioned_relation_not_independent_nominal_count,Akarika,1,,,,verified,91fe3f59b5ca7c456793
eeef7d17ea0579b5ac70,Akara,Niyuktam,Where one is appointed. (4.4.69),Wak,Akarika,1,4.4.69,kashika_4_4.rs:473,0,source_conditioned_relation_not_independent_nominal_count,Akarika,1,,,,verified,2c0353b8e5edddc9ae2e
25b3644c434d547d327f,Akara,TasyaDharmyam,One who has this custom. (4.4.47),Wak,Akarika,1,4.4.47,kashika_4_4.rs:333,0,source_conditioned_relation_not_independent_nominal_count,Akarika,1,,,,verified,910e88c1c6024c6d71a1
b8f0e193417536f4a985,Akarza,TatraKushala,Skilled in this. (5.2.63),kan,Akarzaka,1,5.2.64,kashika_5_2.rs:337,0,source_conditioned_relation_not_independent_nominal_count,Akarzaka,1,,,,verified,73c7d3aede3d380de44b
4c32e23c2f5290ea5806,Akarza,TenaCarati,One who walks or eats with this. (4.4.8),zWal,Akarzika,1,4.4.9,kashika_4_4.rs:74,0,source_conditioned_relation_not_independent_nominal_count,Akarzika,1,,,,verified,1383d536043467f5e490
81b5eec38af7ce73e568,Akranda,Hanti,What one kills. (4.4.35),WaY,Akrandika,1,4.4.38,kashika_4_4.rs:272,0,source_conditioned_relation_not_independent_nominal_count,Akrandika,1,,,,verified,9fedcaa0dcbb9d586ae6
7f859861138f1ff981be,Akranda,Hanti,What one kills. (4.4.35),Wak,Akrandika,1,4.4.38,kashika_4_4.rs:271,0,source_conditioned_relation_not_independent_nominal_count,Akrandika,1,,,,verified,02b48bdb47a948dc79af
60143b85b2b41fac1c9c,AmbazWa,Janapada,Country. (4.1.168),YyaN,AmbazWya,1,4.1.171,kashika_4_1.rs:872,0,source_conditioned_relation_not_independent_nominal_count,AmbazWya,1,,,,verified,1b225c5a36de1225a0ed
9b1c59c5e3560bff48f8,AmikzA,TasmaiHitam,One for whom this is good. (5.1.7),Ca,AmikzIya,1,5.1.4,kashika_5_1.rs:40,0,source_conditioned_relation_not_independent_nominal_count,AmikzIya,1,,,,verified,7f08623246a005fddf43
77700a45dd228023367e,AmikzA,TasmaiHitam,One for whom this is good. (5.1.7),yat,Amikzya,1,5.1.4,kashika_5_1.rs:39,0,source_conditioned_relation_not_independent_nominal_count,Amikzya,1,,,,verified,5ecfddc7fd1b5fb2f7de
fbe49bc74519b92b0cef,Amra,TasyaVikara,Modification of this. (4.3.134),mayaw,Amramaya,1,4.3.144,kashika_4_3.rs:477,0,source_conditioned_relation_not_independent_nominal_count,Amramaya,1,,,,verified,64f8dc1ab76c4b30cd25
de8028c60df4c7ed876c,Amragupta,TasyaApatyam,Descendant. (4.1.92),PiY,AmraguptAyani,1,4.1.157,kashika_4_1.rs:788,0,source_conditioned_relation_not_independent_nominal_count,AmraguptAyani,1,,,,verified,4f495936c897e8aae93a
738ed6cdf6f906fe164a,ApaRa,Avakraya,What is taxed. (4.4.50),Wak,ApaRika,1,4.4.50,kashika_4_4.rs:359,0,source_conditioned_relation_not_independent_nominal_count,ApaRika,1,,,,verified,4f52b361165d3b48a2a0
28232eaadd50a1537b58,ApaRa,Niyuktam,Where one is appointed. (4.4.69),Wak,ApaRika,1,4.4.69,kashika_4_4.rs:474,0,source_conditioned_relation_not_independent_nominal_count,ApaRika,1,,,,verified,353eec1e656a2189cb15
75ce017d21a97b9bfbd2,ApaRa,TasyaDharmyam,One who has this custom. (4.4.47),Wak,ApaRika,1,4.4.47,kashika_4_4.rs:334,0,source_conditioned_relation_not_independent_nominal_count,ApaRika,1,,,,verified,85c361e87097b37e53ee
9cb803cabda2ea178c03,Aprapada,Prapnoti,Obtains. (5.2.8),Ka,AprapadIna,1,5.2.8,kashika_5_2.rs:73,0,source_conditioned_relation_not_independent_nominal_count,AprapadIna,1,,,,verified,b1ff28dbca7aec90d363
9c22db3eb9f6a3f32c03,ArdrA,TatraJata,Where this was born. (4.3.25),vun,Ardraka,1,4.3.28,kashika_4_3.rs:110,0,source_conditioned_relation_not_independent_nominal_count,Ardraka,1,,,,verified,22a52d454cb39723277e
a9d1670dd1a5218141a6,AsutI,TadAsyaAstiAsmin,What one has or is in. (5.2.94),valac,AsutIvala,1,5.2.112,kashika_5_2.rs:432,0,source_conditioned_relation_not_independent_nominal_count,AsutIvala,1,,,,verified,e783ed5b3120fdb939a7
84be76bc0c9150a3e571,Atman,TasmaiHitam,One for whom this is good. (5.1.7),Ka,AtmanIna,1,5.1.9,kashika_5_1.rs:99,0,source_conditioned_relation_not_independent_nominal_count,AtmanIna,1,,,,verified,1c6257a9574aa9b35709
d624d087695355e59a5f,AvasaTa,Vasati,Who dwells here. (4.4.73),zWal,AvasaTika,1,4.4.74,kashika_4_4.rs:509,0,source_conditioned_relation_not_independent_nominal_count,AvasaTika,1,,,,verified,5466ed0669f1cab2cd23
e61b7c7c6c1317026fb7,AyuDa,TenaJivati,One who lives with this. (4.4.12),Ca,AyuDIya,1,4.4.14,kashika_4_4.rs:110,0,source_conditioned_relation_not_independent_nominal_count,AyuDIya,1,,,,verified,a978ce1b0ff763000555
1d7811b0c56ad35f5ce8,AyuDa,TenaJivati,One who lives with this. (4.4.12),Wan,AyuDika,1,4.4.14,kashika_4_4.rs:109,0,source_conditioned_relation_not_independent_nominal_count,AyuDika,1,,,,verified,01a846c4dccc651102a7
a6d4ad576f9dfec9c046,BARqAgAra,Niyuktam,Where one is appointed. (4.4.69),Wan,BARqAgArika,1,4.4.70,kashika_4_4.rs:483,0,source_conditioned_relation_not_independent_nominal_count,BARqAgArika,1,,,,verified,4fcab92ccc28e0a1256a
d1a637a937d1c1797f79,BAga,TadAsminVrddhiAyaLabhaSulkaUpada,"In which this is an interest, rent, profit, tax, or bribe. (5.1.47)",Wan,BAgika,1,5.1.49,kashika_5_1.rs:322,0,source_conditioned_relation_not_independent_nominal_count,BAgika,1,,,,verified,d4d01a08fb376bc11358
b868fa2f90e7f2851eef,BAga,TadAsminVrddhiAyaLabhaSulkaUpada,"In which this is an interest, rent, profit, tax, or bribe. (5.1.47)",yat,BAgya,1,5.1.49,kashika_5_1.rs:321,0,source_conditioned_relation_not_independent_nominal_count,BAgya,1,,,,verified,e4268851f6f8ea41d1e8
0da1c380eb6dfde69b7c,BAnu,TasyaApatyam,Descendant. (4.1.92),aR,BAnava,1,4.1.92,kashika_4_1.rs:459,0,source_conditioned_relation_not_independent_nominal_count,BAnava,1,,,,verified,9575c234f957c4a761f9
1fdcecfdaee293e22035,BOriki,TasyaVishayoDeshe,A domain of this. (4.2.52),viDal,BOrikiviDa,1,4.2.54,kashika_4_2.rs:242,0,source_conditioned_relation_not_independent_nominal_count,BOrikiviDa,1,,,,verified,2aa8a9e7d64bd1f0fb2b
4abe1ff0b539ac3e7457,BadradAru,TasyaVikara,Modification of this. (4.3.134),aY,BAdradArava,1,4.3.139,kashika_4_3.rs:457,0,source_conditioned_relation_not_independent_nominal_count,BAdradArava,1,,,,verified,05e3a92cd3e73dd4f4b2
f13148196109c1b4246a,Bakta,TadAsmaiDiyateNiyuktam,To whom this is given rightfully. (4.4.66),Wak,BAktika,1,4.4.68,kashika_4_4.rs:467,0,source_conditioned_relation_not_independent_nominal_count,BAktika,1,,,,verified,4a01e5da4b87b909cdf0
95de3e2e3c86d856184f,Bakta,TadAsmaiDiyateNiyuktam,To whom this is given rightfully. (4.4.66),aR,BAkta,1,4.4.68,kashika_4_4.rs:466,0,source_conditioned_relation_not_independent_nominal_count,BAkta,1,,,,verified,17078c76a5b1b0bb2f36
0c3d30b51873dada5bbc,Bakta,TatraSadhu,Skilled in this. (4.4.98),Ra,BAkta,1,4.4.100,kashika_4_4.rs:646,0,source_conditioned_relation_not_independent_nominal_count,BAkta,1,,,,verified,ac7017e83f36657ec56f
8d6d52b40727b485f185,Barawa,TenaHarati,One who conveys with this. (4.4.15),zWan,Barawika,1,4.4.16,kashika_4_4.rs:122,0,source_conditioned_relation_not_independent_nominal_count,Barawika,1,,,,verified,2baa9ad4d801cb9b3746
8e7ad1c96b4693276230,Barga,Gotra,Patronymic lineage. (4.1.98),PaY,BArgAyaRa,1,4.1.111,kashika_4_1.rs:575,0,source_conditioned_relation_not_independent_nominal_count,BArgAyaRa,1,,,,verified,47a189bbdaf0da58b611
8ba365fa829b49b0ff3c,Barga,Gotra,Patronymic lineage. (4.1.98),iY,BArgi,1,4.1.111,kashika_4_1.rs:576,0,source_conditioned_relation_not_independent_nominal_count,BArgi,1,,,,verified,3597cb0d3d5b5fff7074
070e65aaeea262036cdb,Baruja,IvePratikrtau,,Wak,BArujika,1,5.3.108,kashika_5_3.rs:385,0,source_conditioned_relation_not_independent_nominal_count,BArujika,1,,,,verified,e10c9863d5c2f8205965
4aa25adfb9fba4f9305d,BastrA,TenaHarati,One who conveys with this. (4.4.15),zWan,Bastrika,1,4.4.16,kashika_4_4.rs:121,0,source_conditioned_relation_not_independent_nominal_count,Bastrika,1,,,,verified,491e2a28d667ca24e9d6
362475a05cb3b13efa77,Beda,TadArhati,One deserves this. (5.1.63),Wak,BEdika,1,5.1.64,kashika_5_1.rs:396,0,source_conditioned_relation_not_independent_nominal_count,BEdika,1,,,,verified,7a35a6d9bbc7d3883200
03eb4957bdc5e17b61b3,BikzA,TasyaSamuha,A collection of this. (4.2.37),aR,BEkza,1,4.2.38,kashika_4_2.rs:147,0,source_conditioned_relation_not_independent_nominal_count,BEkza,1,,,,verified,481f82b981eb537dc92f
26492d1dd915223ada8d,BrAtf,TadAsyaAstiAsmin,What one has or is in. (5.2.94),valac,BrAtfvala,1,5.2.112,kashika_5_2.rs:439,0,source_conditioned_relation_not_independent_nominal_count,BrAtfvala,1,,,,verified,b193734d5f3d3b4cd130
1c33632d6cf64f1f7022,BrAtf,TasyaApatyam,Descendant. (4.1.92),Ca,BrAtrIya,1,4.1.144,kashika_4_1.rs:771,0,source_conditioned_relation_not_independent_nominal_count,BrAtrIya,1,,,,verified,3eb5b2b65c314aff22ad
b7fee78fc19ef8dcab9d,BrAtf,TasyaApatyam,Descendant. (4.1.92),vyan,BrAtfvya,1,4.1.145,kashika_4_1.rs:777,0,source_conditioned_relation_not_independent_nominal_count,BrAtfvya,1,,,,verified,89c3f62584e289e4f616
fd8a409a0aa015831322,BrAtf,TasyaApatyam,Descendant. (4.1.92),vyat,BrAtfvya,1,4.1.144,kashika_4_1.rs:772,0,source_conditioned_relation_not_independent_nominal_count,BrAtfvya,1,,,,verified,09e7d29db4b3d80619cd
ec0c22a47e5d40593767,BrAzwa,SamskrtamBhaksha,Food that is prepared with this vessel or medium. (4.2.16),aR,BrAzwa,1,4.2.16,kashika_4_2.rs:29,0,source_conditioned_relation_not_independent_nominal_count,BrAzwa,1,,,,verified,a2173097045da7f9bb5f
c7627c355d3b4f8d1582,BrU,TasyaApatyam,Descendant. (4.1.92),Qak,BrOveya,1,4.1.125,kashika_4_1.rs:666,0,source_conditioned_relation_not_independent_nominal_count,BrUveya,1,BrOveya,BrUveya,,engine_mismatch_not_admitted,
6aeec6baf7218d2324b5,Bramara,TenaKrte,By whom this is made. (4.3.116),aY,BrAmara,1,4.3.119,kashika_4_3.rs:369,0,source_conditioned_relation_not_independent_nominal_count,BrAmara,1,,,,verified,b2ccdd607f8374e5c741
eb4200538eef4517df6c,BuliNgA,Janapada,Country. (4.1.168),iY,BOliNgi,1,4.1.173,kashika_4_1.rs:895,0,source_conditioned_relation_not_independent_nominal_count,BOliNgi,1,,,,verified,77c05fc6f72685c0ef7b
4ed415057b9b88aa550f,Cagala,TasyaApatyam,Descendant. (4.1.92),aR,CAgala,1,4.1.117,kashika_4_1.rs:600,0,source_conditioned_relation_not_independent_nominal_count,CAgala,1,,,,verified,0ef228648bc34bf48ccb
85173ea93ddc24deb940,Cagala,TasyaApatyam,Descendant. (4.1.92),iY,CAgali,1,4.1.117,kashika_4_1.rs:601,0,source_conditioned_relation_not_independent_nominal_count,CAgali,1,,,,verified,6819a3bf16f583cdeb2e
5fa25f93c3a1bb83d2fb,Cagalin,TenaProktam,What is proclaimed by this person. (4.3.101),Qinuk,CAgaleyin,1,4.3.109,kashika_4_3.rs:344,0,source_conditioned_relation_not_independent_nominal_count,CAgaleyin,1,,,,verified,f3e77598086c52599692
ff8f199215313e4b25c7,Candas,Nirmita,Made of this. (4.4.93),yat,Candasya,1,4.4.93,kashika_4_4.rs:608,0,source_conditioned_relation_not_independent_nominal_count,Candasya,1,,,,verified,df8cd65e225b5961c75c
4d29753c6fa93f2388e0,Candas,TadAdhiteTadVeda,What one studies or knows. (4.2.59),aR,CAndasa,1,4.2.59,kashika_4_2.rs:254,0,source_conditioned_relation_not_independent_nominal_count,CAndasa,1,,,,verified,49dbe8f9e416dae9710c
69cf95127000f575dda0,Candoga,TasyaIdam,One who has this. (4.3.120),Yya,CAndogya,1,4.3.129,kashika_4_3.rs:399,0,source_conditioned_relation_not_independent_nominal_count,CAndogya,1,,,,verified,c59cdc08349682e78dc7
ed30b7d3f37c818fb225,Catra,Shilam,One who has this habit. (4.4.61),Ra,CAtra,1,4.4.62,kashika_4_4.rs:439,0,source_conditioned_relation_not_independent_nominal_count,CAtra,1,,,,verified,bd8a95af52c4eab0b540
d504ede2c0304d4c8a23,Ceda,TadArhati,One deserves this. (5.1.63),Wak,CEdika,1,5.1.64,kashika_5_1.rs:395,0,source_conditioned_relation_not_independent_nominal_count,CEdika,1,,,,verified,2dc95cf2081771d1af5f
4e662c9857489d6accaa,DAra,Kutsite,Contempt. (5.3.75),kan,DAraka,1,5.3.75,kashika_5_3.rs:273,0,source_conditioned_relation_not_independent_nominal_count,DAraka,1,,,,verified,27905bd2ad6312dd0375
95272b21c410b72161d7,Dana,Labdha,What one has obtained. (4.4.85),yat,Danya,1,4.4.84,kashika_4_4.rs:557,0,source_conditioned_relation_not_independent_nominal_count,Danya,1,,,,verified,275ce1ac9e8b5f96818f
5f216a2b82e236c2816b,Dana,TatraKama,A desire for which. (5.2.65),kan,Danaka,1,5.2.65,kashika_5_2.rs:343,0,source_conditioned_relation_not_independent_nominal_count,Danaka,1,,,,verified,d110d05583373b03b44e
a838957b915c8a31fc5e,DanurdaRqa,TenaJivati,One who lives with this. (4.4.12),Wak,DAnurdaRqika,1,4.4.12,kashika_4_4.rs:95,0,source_conditioned_relation_not_independent_nominal_count,DAnurdaRqika,1,,,,verified,f85c492d2a8a45c7d0cb
bebcdf4988ca0cc0d7f2,Danus,Praharanam,One who has this weapon. (4.4.57),Wak,DAnuzka,1,4.4.57,kashika_4_4.rs:408,0,source_conditioned_relation_not_independent_nominal_count,DAnuzka,1,,,,verified,c5bb570698245f8d19b4
5843b9489eb3c4a0a287,Darma,Anapeta,Not deviating from this. (4.4.92),yat,Darmya,1,4.4.92,kashika_4_4.rs:600,0,source_conditioned_relation_not_independent_nominal_count,Darmya,1,,,,verified,d317bf749823d7d51cda
7c8b3e11dfe7dc9b048d,Darma,Carati,What one practices. (4.4.41),Wak,DArmika,1,4.4.41,kashika_4_4.rs:291,0,source_conditioned_relation_not_independent_nominal_count,DArmika,1,,,,verified,815e91c33ae4954e6ee6
6f82f4bc74b6dbe32352,Dur,TadVahati,What one bears. (4.4.78),Qak,DOreya,1,4.4.77,kashika_4_4.rs:522,0,source_conditioned_relation_not_independent_nominal_count,DOreya,1,,,,verified,1cbca33d8bf8426d81e3
324f8e759f5875a19a9b,Dur,TadVahati,What one bears. (4.4.78),yat,Durya,1,4.4.77,kashika_4_4.rs:521,0,source_conditioned_relation_not_independent_nominal_count,Durya,1,,,,verified,a221d1d7d53b4c518c13
fff5cac36e1fc494309c,EzukAri,TasyaVishayoDeshe,A domain of this. (4.2.52),Baktal,EzukAriBakta,1,4.2.54,kashika_4_2.rs:245,0,source_conditioned_relation_not_independent_nominal_count,EzukAriBakta,1,,,,verified,e57f9b7cc47d663977e8
8ffaf13c9b0f29dc8ecf,Gawa,AbhutaTadbhava,Becoming what one was not. (5.4.50),cvi,GawI,1,5.4.50,kashika_5_4.rs:156,0,source_conditioned_relation_not_independent_nominal_count,GawI,1,,,,verified,78f390707eca788d8737
30c50be11f8860e9a50c,Gawa,TenaTarati,One who crosses with this. (4.4.5),Wan,Gawika,1,4.4.7,kashika_4_4.rs:60,0,source_conditioned_relation_not_independent_nominal_count,Gawika,1,,,,verified,1e0b5178468071694dd5
044be3a2d77244a76989,JarJara,Shilpam,One who has this art. (4.4.55),Wak,JArJarika,1,4.4.56,kashika_4_4.rs:400,0,source_conditioned_relation_not_independent_nominal_count,JArJarika,1,,,,verified,f8ad3e8a269063998a83
74dcca1de45e5d615bb4,JarJara,Shilpam,One who has this art. (4.4.55),aR,JArJara,1,4.4.56,kashika_4_4.rs:399,0,source_conditioned_relation_not_independent_nominal_count,JArJara,1,,,,verified,f48035fe25d73968dcba
923f92933344c3954c91,KArI,SambhavatiAharatiPacati,"What is capable of this, or holds this, or cooks this. (5.152)",Ikan,KArIka,1,5.1.52,kashika_5_1.rs:355,0,source_conditioned_relation_not_independent_nominal_count,KArIka,1,,,,verified,b39692473e0c3697e330
e9152b23fcbe21cab721,KArI,TasyaVapa,Sown with this. (5.1.45),Ikan,KArIka,1,5.1.45,kashika_5_1.rs:297,0,source_conditioned_relation_not_independent_nominal_count,KArIka,1,,,,verified,d7e7442ddad5be55825c
674cbf080dcad3782f46,KaRqikA,TasyaSamuha,A collection of this. (4.2.37),aY,KARqika,1,4.2.45,kashika_4_2.rs:196,0,source_conditioned_relation_not_independent_nominal_count,KARqika,1,,,,verified,61a40f72ebea80dbeffb
45bee4525f91a94fbab1,KaRqika,TenaProktam,What is proclaimed by this person. (4.3.101),CaR,KARqikIya,1,4.3.102,kashika_4_3.rs:320,0,source_conditioned_relation_not_independent_nominal_count,KARqikIya,1,,,,verified,b776486717b1802ece99
34f29520cf024f9d3dc2,Kadira,TasyaVikara,Modification of this. (4.3.134),aR,KAdira,1,4.3.141,kashika_4_3.rs:465,0,source_conditioned_relation_not_independent_nominal_count,KAdira,1,,,,verified,b79e6f2aa229f99cc648
bb4359196e549fd234fa,Kadira,TasyaVikara,Modification of this. (4.3.134),aY,KAdira,1,4.3.141,kashika_4_3.rs:464,0,source_conditioned_relation_not_independent_nominal_count,KAdira,1,,,,verified,284d08973e6321ead318
82c597d97efbf94cf210,Kala,TasmaiHitam,One for whom this is good. (5.1.7),yat,Kalya,1,5.1.7,kashika_5_1.rs:81,0,source_conditioned_relation_not_independent_nominal_count,Kalya,1,,,,verified,60a2c09a970faf610592
ade0aeefa3d1605924f7,Kala,TasyaSamuha,A collection of this. (4.2.37),ya,KalyA,1,4.2.50,kashika_4_2.rs:216,0,source_conditioned_relation_not_independent_nominal_count,KalyA,1,,,,verified,5830c92539cffcac3f3d
dfbfb05632d71c944347,Kara,TenaUpasikte,Sprinkled with. (4.4.26),Wak,KArika,1,4.4.26,kashika_4_4.rs:184,0,source_conditioned_relation_not_independent_nominal_count,KArika,1,,,,verified,667cdbfcb6ce9059a240
737c635a1d90d60ab706,OkTika,TasyaIdam,One who has this. (4.3.120),Yya,OkTikya,1,4.3.129,kashika_4_3.rs:400,0,source_conditioned_relation_not_independent_nominal_count,OkTikya,1,,,,verified,3fb3591cdbed38e851aa
662d26b0313e88e18429,Pena,TadAsyaAstiAsmin,What one has or is in. (5.2.94),ilac,Penila,1,5.2.99,kashika_5_2.rs:410,0,source_conditioned_relation_not_independent_nominal_count,Penila,1,,,,verified,638083b0186045c23f36
32357ec712d0d467f912,Pena,TadAsyaAstiAsmin,What one has or is in. (5.2.94),lac,Penala,1,5.2.99,kashika_5_2.rs:411,0,source_conditioned_relation_not_independent_nominal_count,Penala,1,,,,verified,e3ca6fac20f8a1d789c9
27136b5bbcb3649c9386,Pena,TadAsyaAstiAsmin,What one has or is in. (5.2.94),matup,Penavat,1,5.2.99,kashika_5_2.rs:412,0,source_conditioned_relation_not_independent_nominal_count,Penavat,1,,,,verified,ff3c2156351c3c5e5a4b
f1f67f10f096d0ff4dfb,SAKA,IvePratikrtau,,yat,SAKya,1,5.3.103,kashika_5_3.rs:366,0,source_conditioned_relation_not_independent_nominal_count,SAKya,1,,,,verified,d5800fa29ab329ae9c62
791cd1423571184bc1f0,SAka,TasyaVikara,Modification of this. (4.3.134),mayaw,SAkamaya,1,4.3.144,kashika_4_3.rs:479,0,source_conditioned_relation_not_independent_nominal_count,SAkamaya,1,,,,verified,4700318a8c43937ae788
bd6d7589d0a92a5629fa,SAkala,TatraJata,Where this was born. (4.3.25),WaY,SAkalika,1,4.3.25,kashika_4_3.rs:86,0,source_conditioned_relation_not_independent_nominal_count,SAkalika,1,,,,verified,28be7b8fb13c1f11f24b
52fb8cf8dd0221a64086,SAlAtura,AsyaNivasa,Dwelling. (4.3.89),CaR,SAlAturIya,1,4.3.94,kashika_4_3.rs:305,0,source_conditioned_relation_not_independent_nominal_count,SAlAturIya,1,,,,verified,091dd536de2b50835cda
169cbd41076589da3b95,SAla,TasyaVikara,Modification of this. (4.3.134),mayaw,SAlamaya,1,4.3.144,kashika_4_3.rs:478,0,source_conditioned_relation_not_independent_nominal_count,SAlamaya,1,,,,verified,579396191355983b28a4
10a9803dd685777c3abd,SAli,DhanyanamBhavaneKshetre,"A place of growing, when that place is a field. (5.2.1)",Qak,SAleya,1,5.2.2,kashika_5_2.rs:25,0,source_conditioned_relation_not_independent_nominal_count,SAleya,1,,,,verified,bcc0ae9121a5bd9fe7d6
3d4ad674e7137c62d90e,SIrSacCeda,TadArhati,One deserves this. (5.1.63),Wak,SErSacCedika,1,5.1.65,kashika_5_1.rs:402,0,source_conditioned_relation_not_independent_nominal_count,SErSacCedika,1,,,,verified,5461ab9428fc33452f67
effccd2de047ec60f318,SIrSacCeda,TadArhati,One deserves this. (5.1.63),yat,SIrSacCedya,1,5.1.65,kashika_5_1.rs:403,0,source_conditioned_relation_not_independent_nominal_count,SIrSacCedya,1,,,,verified,5accf5e4f002147d54aa
f8736d2ebb14e2cf0be4,SIta,Karin,Going to work in this manner. (5.2.72),kan,SItaka,1,5.2.72,kashika_5_2.rs:372,0,source_conditioned_relation_not_independent_nominal_count,SItaka,1,,,,verified,562b09e64d4b86aa1ae4
48d8c1bca7abe88c12b7,SUdra,Kutsite,Contempt. (5.3.75),kan,SUdraka,1,5.3.75,kashika_5_3.rs:272,0,source_conditioned_relation_not_independent_nominal_count,SUdraka,1,,,,verified,933e4e2a54ba5773d3fd
eeeae5e13c5ccec4afcd,SUla,SamskrtamBhaksha,Food that is prepared with this vessel or medium. (4.2.16),yat,SUlya,1,4.2.17,kashika_4_2.rs:36,0,source_conditioned_relation_not_independent_nominal_count,SUlya,1,,,,verified,b90f99779d9a7102cebe
569643d90209af5a3ccb,SUrpa,TenaKritam,What is bought with this. (5.1.37),WaY,SOrpika,1,5.1.26,kashika_5_1.rs:233,0,source_conditioned_relation_not_independent_nominal_count,SOrpika,1,,,,verified,3c57489ab37af5a71306
cf7090de1b3eaefac1f9,SUrpa,TenaKritam,What is bought with this. (5.1.37),aY,SOrpa,1,5.1.26,kashika_5_1.rs:232,0,source_conditioned_relation_not_independent_nominal_count,SOrpa,1,,,,verified,3b800370c7ef3185a515
07f339a1af0feff9971d,SaNkupaTa,Ahrtam,What is conveyed by that way. (5.1.77),WaY,SANkupaTika,1,5.1.77,kashika_5_1.rs:517,0,source_conditioned_relation_not_independent_nominal_count,SANkupaTika,1,,,,verified,e329706095c49578a38d
1a91ca709380f772824f,SaNkupaTa,Gacchati,Who goes. (5.1.75),WaY,SANkupaTika,1,5.1.77,kashika_5_1.rs:516,0,source_conditioned_relation_not_independent_nominal_count,SANkupaTika,1,,,,verified,1e7929ca054ab3ea81df
f9d009a503a066f8877b,SaPara,Hanti,What one kills. (4.4.35),Wak,SAParika,1,4.4.35,kashika_4_4.rs:248,0,source_conditioned_relation_not_independent_nominal_count,SAParika,1,,,,verified,2ad8ffad8ee1af4e45ef
ad1e4ab9b13a073037cb,SaRqika,AsyaNivasa,Dwelling. (4.3.89),Yya,SARqikya,1,4.3.92,kashika_4_3.rs:290,0,source_conditioned_relation_not_independent_nominal_count,SARqikya,1,,,,verified,879bfa93bfcb9aea9201
a5b9b1241eecdb721a00,Sakala,TenaRaktam,One dyed by this. (4.2.1),Wak,SAkalika,1,4.2.2,kashika_4_2.rs:23,0,source_conditioned_relation_not_independent_nominal_count,SAkalika,1,,,,verified,a258a1763acc79c4ecc7
5c3b0a53edbd273aba30,SakawA,TenaCarati,One who walks or eats with this. (4.4.8),Wak,SAkawika,1,4.4.8,kashika_4_4.rs:68,0,source_conditioned_relation_not_independent_nominal_count,SAkawika,1,,,,verified,73840b0bf49abafa6532
e0ba17b7cd795b600557,Sakawa,TadVahati,What one bears. (4.4.78),aR,SAkawa,1,4.4.80,kashika_4_4.rs:534,0,source_conditioned_relation_not_independent_nominal_count,SAkawa,1,,,,verified,fc51f7eae6d5854ebc30
e065c066a7ffaa213c16,Sakti,Praharanam,One who has this weapon. (4.4.57),Ikak,SAktIka,1,4.4.59,kashika_4_4.rs:419,0,source_conditioned_relation_not_independent_nominal_count,SAktIka,1,,,,verified,ed21be871b9a8429464b
0ff61b971246357e1aeb,Sakuli,Hanti,What one kills. (4.4.35),Wak,SAkulika,1,4.4.35,kashika_4_4.rs:249,0,source_conditioned_relation_not_independent_nominal_count,SAkulika,1,,,,verified,24b3d29d9ffee87e69a5
4d4ede62acae6be31150,Sakuni,Hanti,What one kills. (4.4.35),Wak,SAkunika,1,4.4.35,kashika_4_4.rs:243,0,source_conditioned_relation_not_independent_nominal_count,SAkunika,1,,,,verified,b920d47d2f66754313db
f503a330cf05f9c59344,SalAkA,TenaDivyatiJayatiJitam,"One who gambles, conquers, or is conquered with this. (4.4.2)",Wak,SAlAkika,1,4.4.2,kashika_4_4.rs:26,0,source_conditioned_relation_not_independent_nominal_count,SAlAkika,1,,,,verified,e1dcfc7451938ec7160e
a44b0db4b8c11563e509,SalAlu,TadAsyaPanyam,One who sells this item. (4.4.51),Wak,SAlAluka,1,4.4.54,kashika_4_4.rs:385,0,source_conditioned_relation_not_independent_nominal_count,SAlAluka,1,,,,verified,ee2f3585a3c521817b1a
52c5944036003930f8df,SalAlu,TadAsyaPanyam,One who sells this item. (4.4.51),zWan,SalAluka,1,4.4.54,kashika_4_4.rs:384,0,source_conditioned_relation_not_independent_nominal_count,SalAluka,1,,,,verified,3e60497d471ed2bf4a1b
29f299efe8ac6d369c49,SamI,Hrasve,,ra,SamIra,1,5.3.88,kashika_5_3.rs:301,0,source_conditioned_relation_not_independent_nominal_count,SamIra,1,,,,verified,d5eeecee89d3fea98ca4
f99e721fb33708128fc2,SamI,TasyaVikara,Modification of this. (4.3.134),wlaY,SAmIla,1,4.3.142,kashika_4_3.rs:472,0,source_conditioned_relation_not_independent_nominal_count,SAmIla,1,,,,verified,a5d57d12e39fc1854895
53d4ad5cdd361f29480c,Sanku,TadarthamVikrtehPrakrtau,What could be created from this raw material. (5.1.12),yat,SaNkavya,1,5.1.12,kashika_5_1.rs:125,0,source_conditioned_relation_not_independent_nominal_count,SaNkavya,1,,,,verified,d5b3facb4607ec9e65d7
74ee294dc3829ef97250,Sara,TasyaVikara,Modification of this. (4.3.134),mayaw,Saramaya,1,4.3.144,kashika_4_3.rs:481,0,source_conditioned_relation_not_independent_nominal_count,Saramaya,1,,,,verified,40d495ccd04edb969787
29de1a94f9a1a41401de,SaraRa,TatraSadhu,Skilled in this. (4.4.98),yat,SaraRya,1,4.4.98,kashika_4_4.rs:634,0,source_conditioned_relation_not_independent_nominal_count,SaraRya,1,,,,verified,1e9421d4ea62130f6687
2a8796adf8acad8dab84,Sarad,TatraJata,Where this was born. (4.3.25),aR,SArada,1,4.3.27,kashika_4_3.rs:103,0,source_conditioned_relation_not_independent_nominal_count,SArada,1,,,,verified,631dfce52a022dbb22fb
2bacc589b98de7da2c8a,Sarad,TatraJata,Where this was born. (4.3.25),vuY,SAradaka,1,4.3.27,kashika_4_3.rs:101,0,source_conditioned_relation_not_independent_nominal_count,SAradaka,1,,,,verified,fb72019297dcc453c856
76d9a765a0e6fc3681f7,SaradaRqA,Janapada,Country. (4.1.168),iY,SAradaRqi,1,4.1.173,kashika_4_1.rs:896,0,source_conditioned_relation_not_independent_nominal_count,SAradaRqi,1,,,,verified,46e23b298085fde60dd3
52924437d53d583c5964,Saradvat,Gotra,Patronymic lineage. (4.1.98),Pak,SAradvatAyana,1,4.1.102,kashika_4_1.rs:512,0,source_conditioned_relation_not_independent_nominal_count,SAradvatAyana,1,,,,verified,7346bbf4d251f5584db0
48dbdcc6cc475138cbae,Saradvat,Gotra,Patronymic lineage. (4.1.98),aY,SAradvata,1,4.1.102,kashika_4_1.rs:513,0,source_conditioned_relation_not_independent_nominal_count,SAradvata,1,,,,verified,00e5dfa3406b1699f045
8288a02b570fef3b8e5c,SarkarA,IvePratikrtau,,aR,SArkara,1,5.3.107,kashika_5_3.rs:378,0,source_conditioned_relation_not_independent_nominal_count,SArkara,1,,,,verified,7e9afb8502fb57a25ce4
df72a2b5c2991e151010,Sata,TadArhati,One deserves this. (5.1.63),Wan,Satika,1,5.1.63,kashika_5_1.rs:388,0,source_conditioned_relation_not_independent_nominal_count,Satika,1,,,,verified,b5da7d2572fe748ab669
e2be054490f03760f65d,Sata,TadArhati,One deserves this. (5.1.63),yat,Satya,1,5.1.63,kashika_5_1.rs:389,0,source_conditioned_relation_not_independent_nominal_count,Satya,1,,,,verified,b15992b16bc8bb889dc3
875a49f601d7b9020ad6,Sata,TadAsminVrddhiAyaLabhaSulkaUpada,"In which this is an interest, rent, profit, tax, or bribe. (5.1.47)",Wan,Satika,1,5.1.47,kashika_5_1.rs:314,0,source_conditioned_relation_not_independent_nominal_count,Satika,1,,,,verified,3f0bfb9691f3b63f5d64
b3f737c2c8c3759ef788,Sata,TadAsminVrddhiAyaLabhaSulkaUpada,"In which this is an interest, rent, profit, tax, or bribe. (5.1.47)",yat,Satya,1,5.1.47,kashika_5_1.rs:313,0,source_conditioned_relation_not_independent_nominal_count,Satya,1,,,,verified,855917e2971b2721f94e
8f2b17580b273132f3cb,Sata,TadAsyaParimanam,The measure of this. (5.1.57),Wan,Satika,1,5.1.57,kashika_5_1.rs:377,0,source_conditioned_relation_not_independent_nominal_count,Satika,1,,,,verified,a34b309c44cf276cd74a
947092d7f44957bbd78e,Sata,TadAsyaParimanam,The measure of this. (5.1.57),yat,Satya,1,5.1.57,kashika_5_1.rs:378,0,source_conditioned_relation_not_independent_nominal_count,Satya,1,,,,verified,2fdadbba6ee2955bda56
05ff62fc342ec8d9a5a5,Sata,TasyaNimittamSamyogotpattau,"For the sake of this, when the meaning is a relation or appearance. (5.1.38)",Wan,Satika,1,5.1.38,kashika_5_1.rs:267,0,source_conditioned_relation_not_independent_nominal_count,Satika,1,,,,verified,159a7cec1713cd4984f0
f7a11eb19f5051ed091d,Sata,TasyaNimittamSamyogotpattau,"For the sake of this, when the meaning is a relation or appearance. (5.1.38)",yat,Satya,1,5.1.38,kashika_5_1.rs:266,0,source_conditioned_relation_not_independent_nominal_count,Satya,1,,,,verified,60aa9d20c5d6c8b59728
f3ded9e9108a64f54248,Sata,TenaKritam,What is bought with this. (5.1.37),Wan,Satika,1,5.1.21;5.1.37,kashika_5_1.rs:200;kashika_5_1.rs:254,1,source_conditioned_relation_not_independent_nominal_count,Satika,1,,,,verified,e8a03a250de0cc9e41b8
1fce51441cd9c39d6eb2,Sata,TenaKritam,What is bought with this. (5.1.37),kan,Sataka,1,5.1.21,kashika_5_1.rs:202,0,source_conditioned_relation_not_independent_nominal_count,Sataka,1,,,,verified,7b22d4edf3600b5dfd26
5093a4e0536f36a766b6,Sata,TenaKritam,What is bought with this. (5.1.37),yat,Satya,1,5.1.21;5.1.37,kashika_5_1.rs:201;kashika_5_1.rs:253,1,source_conditioned_relation_not_independent_nominal_count,Satya,1,,,,verified,f0d7b4c3810f75686382
ee195565540474ff0289,SatamAna,TenaKritam,What is bought with this. (5.1.37),aR,SAtamAna,1,5.1.27,kashika_5_1.rs:238,0,source_conditioned_relation_not_independent_nominal_count,SAtamAna,1,,,,verified,dff794ed7014439bf69a
c38fb7e330af2a371c10,Satapati,TasyaApatyam,Descendant. (4.1.92),aR,SAtapata,1,4.1.84,kashika_4_1.rs:428,0,source_conditioned_relation_not_independent_nominal_count,SAtapata,1,,,,verified,125ab2647f551d03305e
608b5d9783162ee8e401,Satarudra,SaAsyaDevata,Having this as a god. (4.2.24),Ca,SatarudrIya,1,4.2.28,kashika_4_2.rs:89,0,source_conditioned_relation_not_independent_nominal_count,SatarudrIya,1,,,,verified,aabc884fcd4ef089e75b
6888ceb341ffd51832c8,Satarudra,SaAsyaDevata,Having this as a god. (4.2.24),Ga,Satarudriya,1,4.2.28,kashika_4_2.rs:88,0,source_conditioned_relation_not_independent_nominal_count,Satarudriya,1,,,,verified,9a335da61542e59ae22d
e3127a4594f80c7e1a4a,Sazkula,Shilam,One who has this habit. (4.4.61),Wak,SAzkulika,1,4.4.61,kashika_4_4.rs:433,0,source_conditioned_relation_not_independent_nominal_count,SAzkulika,1,,,,verified,031abc6ba211f79c912f
70b3f52b6be8e220624e,Sazkula,TadAsmaiDiyateNiyuktam,To whom this is given rightfully. (4.4.66),Wak,SAzkulika,1,4.4.66,kashika_4_4.rs:453,0,source_conditioned_relation_not_independent_nominal_count,SAzkulika,1,,,,verified,73b8a021a46a7f56fea5
bd6b7d881f4090982d43,Sazkula,TadAsyaPanyam,One who sells this item. (4.4.51),Wak,SAzkulika,1,4.4.51,kashika_4_4.rs:366,0,source_conditioned_relation_not_independent_nominal_count,SAzkulika,1,,,,verified,02c09a74c8d9b6927695
8669127130534b7e0d14,SfNgavera,TenaSamskrtam,Cultured or processed. (4.4.3),Wak,SArNgaverika,1,4.4.3,kashika_4_4.rs:34,0,source_conditioned_relation_not_independent_nominal_count,SArNgaverika,1,,,,verified,6766d42ea02e4b9b55e5
ca0c77c7970d6d33cce7,SfNgavera,TenaSamsrshte,Mixed with. (4.4.22),Wak,SArNgaverika,1,4.4.22,kashika_4_4.rs:161,0,source_conditioned_relation_not_independent_nominal_count,SArNgaverika,1,,,,verified,9afe91809f8d8a4597ad
31e16a05e007c635e475,Sibi,TasyaVishayoDeshe,A domain of this. (4.2.52),aR,SEba,1,4.2.52,kashika_4_2.rs:224,0,source_conditioned_relation_not_independent_nominal_count,SEba,1,,,,verified,d736bae6aaaf898891e7
3e7a772ce17c3fdc4b64,SilAlin,TenaProktam,What is proclaimed by this person. (4.3.101),Rini,SElAlin,1,4.3.110,kashika_4_3.rs:351,0,source_conditioned_relation_not_independent_nominal_count,SElAlin,1,,,,verified,748df7eec34f2222e72c
df20f12fce898212833b,SivarUpya,TatraJata,Where this was born. (4.3.25),Ya,SEvarUpya,1,4.2.106,kashika_4_2.rs:461,0,source_conditioned_relation_not_independent_nominal_count,SEvarUpya,1,,,,verified,e4e147a4fa2fb77f161a
b78bff7dc9ed33f26f42,SrARA,TadAsmaiDiyateNiyuktam,To whom this is given rightfully. (4.4.66),wiWan,SrARika,1,4.4.67,kashika_4_4.rs:459,0,source_conditioned_relation_not_independent_nominal_count,SrARika,1,,,,verified,7ffa5d3a5a4640d0d33f
c87bc6e8e33607180dbf,SuBra,TasyaApatyam,Descendant. (4.1.92),Qak,SOBreya,1,4.1.123,kashika_4_1.rs:651,0,source_conditioned_relation_not_independent_nominal_count,SOBreya,1,,,,verified,e5e00da28fc7ddf53dbc
351c727d9a1bcdfd3253,SuNga,TasyaApatyam,Descendant. (4.1.92),aR,SONga,1,4.1.117,kashika_4_1.rs:598,0,source_conditioned_relation_not_independent_nominal_count,SONga,1,,,,verified,031c9f9ada8f856f95b4
052cb67c472527d892bd,SuNga,TasyaApatyam,Descendant. (4.1.92),iY,SONgi,1,4.1.117,kashika_4_1.rs:599,0,source_conditioned_relation_not_independent_nominal_count,SONgi,1,,,,verified,0caa1bd1a87a57e15cfa
7c849a92f7607f87f429,SuRqA,Hrasve,,ra,SuRqAra,1,5.3.88,kashika_5_3.rs:302,0,source_conditioned_relation_not_independent_nominal_count,SuRqAra,1,,,,verified,474015c165fae50f5a35
60f758ec9805a8d87c4e,SuRqika,TataAgata,Where one came from. (4.3.74),aR,SORqika,1,4.3.76,kashika_4_3.rs:270,0,source_conditioned_relation_not_independent_nominal_count,SORqika,1,,,,verified,f3edeeca7ded2b910f93
4225f391e38d62111e88,Sukla,AbhutaTadbhava,Becoming what one was not. (5.4.50),cvi,SuklI,1,5.4.50,kashika_5_4.rs:155,0,source_conditioned_relation_not_independent_nominal_count,SuklI,1,,,,verified,8eb3fb72728ba92a7f80
46adf0698e923f71e3d9,Sukra,SaAsyaDevata,Having this as a god. (4.2.24),Gan,Sukriya,1,4.2.26,kashika_4_2.rs:71,0,source_conditioned_relation_not_independent_nominal_count,Sukriya,1,,,,verified,1218c2babc295f1a8f65
3067ba21f68ec4cdb8cf,SulkaSAlA,Avakraya,What is taxed. (4.4.50),Wak,SOlkaSAlika,1,4.4.50,kashika_4_4.rs:357,0,source_conditioned_relation_not_independent_nominal_count,SOlkaSAlika,1,,,,verified,3258b5d18498e02ba03d
90430ec39f5878ca3773,SulkaSAlA,Niyuktam,Where one is appointed. (4.4.69),Wak,SOlkaSAlika,1,4.4.69,kashika_4_4.rs:472,0,source_conditioned_relation_not_independent_nominal_count,SOlkaSAlika,1,,,,verified,1ba7ad986a92b32fa985
b21bd4ec0ba8aa7cdb57,SulkaSAlA,TasyaDharmyam,One who has this custom. (4.4.47),Wak,SOlkaSAlika,1,4.4.47,kashika_4_4.rs:332,0,source_conditioned_relation_not_independent_nominal_count,SOlkaSAlika,1,,,,verified,9286151048e5a397480a
4416d4423dc19aa090d5,SulkamATa,Hanti,What one kills. (4.4.35),Wak,SOlkamATika,1,4.4.37,kashika_4_4.rs:264,0,source_conditioned_relation_not_independent_nominal_count,SOlkamATika,1,,,,verified,32398eb5f055d003dde8
79d4dd473e9fc0e922d9,Sunaka,Gotra,Patronymic lineage. (4.1.98),Pak,SOnakAyana,1,4.1.102,kashika_4_1.rs:514,0,source_conditioned_relation_not_independent_nominal_count,SOnakAyana,1,,,,verified,5f0759fff942fa61b5bf
ea8536b1e5a084d84ee0,Sunaka,Gotra,Patronymic lineage. (4.1.98),aY,SOnaka,1,4.1.102,kashika_4_1.rs:515,0,source_conditioned_relation_not_independent_nominal_count,SOnaka,1,,,,verified,4a05431802491d640b77
abec0754d3bf1bba0cea,SvaSura,TasyaApatyam,Descendant. (4.1.92),yat,SvaSurya,1,4.1.137,kashika_4_1.rs:731,0,source_conditioned_relation_not_independent_nominal_count,SvaSurya,1,,,,verified,25bfb817704ab4e27e64
f34488e08b02293c8be6,SvagaRa,TenaCarati,One who walks or eats with this. (4.4.8),WaY,SvAgaRika,1,4.4.11,kashika_4_4.rs:88,0,source_conditioned_relation_not_independent_nominal_count,SvAgaRika,1,,,,verified,f6f150d0e30396e772e5
bcfee4c107f07ba49b62,SvagaRa,TenaCarati,One who walks or eats with this. (4.4.8),zWan,SvagaRika,1,4.4.11,kashika_4_4.rs:87,0,source_conditioned_relation_not_independent_nominal_count,SvagaRika,1,,,,verified,87bf6f3c17de3afd8ea0
0a866adb870c3afbb3b4,Svas,TatraBhava,Where this stays or exists. (4.3.53),WaY,SOvastika,1,4.3.15,kashika_4_3.rs:57,0,source_conditioned_relation_not_independent_nominal_count,,0,SOvastika,,,engine_mismatch_not_admitted,
53915ebe6ff885832c31,Svas,TatraBhava,Where this stays or exists. (4.3.53),tyap,Svastya,1,4.3.15,kashika_4_3.rs:58,0,source_conditioned_relation_not_independent_nominal_count,Svastya,1,,,,verified,460bd522693b28b4b127
da8fe97866badd9c21c7,Svas,TatraBhava,Where this stays or exists. (4.3.53),tyu,Svastana,1,4.3.15,kashika_4_3.rs:59,0,source_conditioned_relation_not_independent_nominal_count,,0,Svastana,,,engine_mismatch_not_admitted,
212dadbaf2dd074e1879,Svas,TatraBhava,Where this stays or exists. (4.3.53),tyul,Svastana,1,4.3.15,kashika_4_3.rs:60,0,source_conditioned_relation_not_independent_nominal_count,,0,Svastana,,,engine_mismatch_not_admitted,
a2c587443e7383f261e3,SvetacCatra,TadArhati,One deserves this. (5.1.63),Wak,SvEtacCatrika,1,5.1.63,kashika_5_1.rs:386,0,source_conditioned_relation_not_independent_nominal_count,SvEtacCatrika,1,,,,verified,6a78757800fa3d08bfa8
a5c0f4ed89ba3fd2d979,SyAmAka,Unchati,What is gleaned. (4.4.32),Wak,SyAmAkika,1,4.4.32,kashika_4_4.rs:224,0,source_conditioned_relation_not_independent_nominal_count,SyAmAkika,1,,,,verified,66d3b9a6d4c13a6a24b0
b44534f89fc517a90abb,SyAmagu,TasyaApatyam,Descendant. (4.1.92),aR,SyAmagava,1,4.1.92,kashika_4_1.rs:460,0,source_conditioned_relation_not_independent_nominal_count,SyAmagava,1,,,,verified,3841fbd1ea5217b05c40
98c6951a6577323a797a,UrRA,TasyaVikara,Modification of this. (4.3.134),aY,OrRa,1,4.3.158,kashika_4_3.rs:513,0,source_conditioned_relation_not_independent_nominal_count,OrRa,1,,,,verified,5774724927e0b07cf433
f965dbcd15559e74a081,UrRA,TasyaVikara,Modification of this. (4.3.134),vuY,OrRaka,1,4.3.158,kashika_4_3.rs:512,0,source_conditioned_relation_not_independent_nominal_count,OrRaka,1,,,,verified,6db152fe2dab2835b2aa
4d1ef8c7419ec084e46d,Uru,TadAsyaPramanam,Measure. (5.2.37),daGnac,UrudaGna,1,5.2.37,kashika_5_2.rs:217,0,source_conditioned_relation_not_independent_nominal_count,UrudaGna,1,,,,verified,1eaf3706bb2a001b86b8
4eefa1c170de3c29e04b,Uru,TadAsyaPramanam,Measure. (5.2.37),dvayasac,Urudvayasa,1,5.2.37,kashika_5_2.rs:216,0,source_conditioned_relation_not_independent_nominal_count,Urudvayasa,1,,,,verified,e4138da8935d778fdffe
949c9863317e5e185046,Uru,TadAsyaPramanam,Measure. (5.2.37),mAtrac,UrumAtra,1,5.2.37,kashika_5_2.rs:218,0,source_conditioned_relation_not_independent_nominal_count,UrumAtra,1,,,,verified,e8a40db75a3eaaff9b8e
789ab9e9c8283b66e6d2,Uru,TadVidhyati,What one pierces. (4.4.83),yat,Uravya,1,4.4.83,kashika_4_4.rs:551,0,source_conditioned_relation_not_independent_nominal_count,Uravya,1,,,,verified,6085befd0cf437a92ec1
448c5842ce32bff3913b,aBra,TatraBhava,Where this stays or exists. (4.3.53),Ga,aBriya,1,4.4.118,kashika_4_4.rs:725,0,source_conditioned_relation_not_independent_nominal_count,,0,aBriya,,,engine_mismatch_not_admitted,
95531e2125edb6dc5d9e,aBri,TenaDivyatiJayatiJitam,"One who gambles, conquers, or is conquered with this. (4.4.2)",Wak,ABrika,1,4.4.2,kashika_4_4.rs:27,0,source_conditioned_relation_not_independent_nominal_count,ABrika,1,,,,verified,7068f0c824f5f1305414
52cc64b74f240aaea8b5,aDamArDa,TatraJata,Where this was born. (4.3.25),yat,aDamArDya,1,4.3.5,kashika_4_3.rs:36,0,source_conditioned_relation_not_independent_nominal_count,aDamArDya,1,,,,verified,46919803e9bcac0fecd5
f6548f047a933da0fea2,aDarma,Carati,What one practices. (4.4.41),Wak,ADarmika,1,4.4.41,kashika_4_4.rs:296,0,source_conditioned_relation_not_independent_nominal_count,ADarmika,1,,,,verified,b9c84c84bf783813eda5
fd2afa74ae4e5e34eab8,aDvan,AlamGami,Fit to go. (5.2.15),Ka,aDvanIna,1,5.2.16,kashika_5_2.rs:106,0,source_conditioned_relation_not_independent_nominal_count,aDvanIna,1,,,,verified,9c2948d1d1062d8be5d7
fdd1f496fe24a9ce4f1c,aDvan,AlamGami,Fit to go. (5.2.15),yat,aDvanya,1,5.2.16,kashika_5_2.rs:105,0,source_conditioned_relation_not_independent_nominal_count,aDvanya,1,,,,verified,7e8e37e6728504f7c034
9791fc59d86285483d0c,aDvaryu,TasyaIdam,One who has this. (4.3.120),aY,ADvaryava,1,4.3.123,kashika_4_3.rs:382,0,source_conditioned_relation_not_independent_nominal_count,ADvaryava,1,,,,verified,e091ff746c50ae318f1a
f90e2646c071e947d7f5,aMSa,Hari,Who must take this.. (5.2.69),kan,aMSaka,1,5.2.69,kashika_5_2.rs:362,0,source_conditioned_relation_not_independent_nominal_count,aMSaka,1,,,,verified,3552406571c0d9cd2583
ad8e77dfb89ec1ad9e2c,aNgAra,TadarthamVikrtehPrakrtau,What could be created from this raw material. (5.1.12),Ca,aNgArIya,1,5.1.12,kashika_5_1.rs:123,0,source_conditioned_relation_not_independent_nominal_count,aNgArIya,1,,,,verified,6181ff6ed6df3930a856
5ae1ffa4b4e85bd1ec96,aNga,Janapada,Country. (4.1.168),aR,ANga,1,4.1.170,kashika_4_1.rs:858,0,source_conditioned_relation_not_independent_nominal_count,ANga,1,,,,verified,e277044e8515eee055e5
d16b97fc91d4691bef98,aNguli,IvePratikrtau,,Wak,ANgulika,1,5.3.108,kashika_5_3.rs:384,0,source_conditioned_relation_not_independent_nominal_count,ANgulika,1,,,,verified,e2786878c8f36217c2d5
471e9bac727d6a7b75db,aNguli,TatraBhava,Where this stays or exists. (4.3.53),Ca,aNgulIya,1,4.3.62,kashika_4_3.rs:240,0,source_conditioned_relation_not_independent_nominal_count,aNgulIya,1,,,,verified,92da74a10f1cfbd933c9
1359afb2a6ada7228a31,aSIti,TenaKritam,What is bought with this. (5.1.37),WaY,ASItika,1,5.1.37,kashika_5_1.rs:248,0,source_conditioned_relation_not_independent_nominal_count,ASItika,1,,,,verified,4edbf89b7be5085412b0
72c158375027ade47844,aSmaka,Janapada,Country. (4.1.168),iY,ASmaki,1,4.1.173,kashika_4_1.rs:900,0,source_conditioned_relation_not_independent_nominal_count,ASmaki,1,,,,verified,c1d862febdc19b1633d3
5e3d4edf586d403f54db,aSman,Gotra,Patronymic lineage. (4.1.98),PaY,ASmAyana,1,4.1.110,kashika_4_1.rs:570,0,source_conditioned_relation_not_independent_nominal_count,ASmAyana,1,,,,verified,88f4c727795274c541f6
e4aeed801b8c00d63c5b,aSva,Ajnate,Not known. (5.3.73),ka,aSvaka,1,5.3.70,kashika_5_3.rs:266,0,source_conditioned_relation_not_independent_nominal_count,aSvaka,1,,,,verified,30fcc11d0583d98538cb
e001906a105dbe3c0e81,aSva,EkahaGama,What can be traveled in one day. (5.2.19),KaY,ASvIna,1,5.2.19,kashika_5_2.rs:121,0,source_conditioned_relation_not_independent_nominal_count,ASvIna,1,,,,verified,de436e860e88d6895528
ab3b3b3e99d3cd278eb8,aSva,Gotra,Patronymic lineage. (4.1.98),PaY,ASvAyana,1,4.1.110,kashika_4_1.rs:569,0,source_conditioned_relation_not_independent_nominal_count,ASvAyana,1,,,,verified,41ca219711729403c26d
103a56e8b6b9649e3e44,aSva,IvePratikrtau,,kan,aSvaka,1,5.3.96,kashika_5_3.rs:352,0,source_conditioned_relation_not_independent_nominal_count,aSvaka,1,,,,verified,faf6d4039e4f48fba830
a6db089ec3848bee9ada,aSva,Tanutve,Slenderness. (5.3.91),zwarac,aSvatara,1,5.3.91,kashika_5_3.rs:325,0,source_conditioned_relation_not_independent_nominal_count,aSvatara,1,,,,verified,28bb94f2e37aa2fd850d
f56a67f2a82dd29245d2,aSva,TasyaSamuha,A collection of this. (4.2.37),Ca,aSvIya,1,4.2.48,kashika_4_2.rs:204,0,source_conditioned_relation_not_independent_nominal_count,aSvIya,1,,,,verified,846e2543d3ac807d6dc2
210e1fba1fea1701e348,aSva,TasyaSamuha,A collection of this. (4.2.37),aR,ASva,1,4.2.48,kashika_4_2.rs:205,0,source_conditioned_relation_not_independent_nominal_count,ASva,1,,,,verified,73354fa2676af6af00e3
3a3993e2ba9550e8dc1d,aSva,TenaCarati,One who walks or eats with this. (4.4.8),zWan,aSvika,1,4.4.10,kashika_4_4.rs:81,0,source_conditioned_relation_not_independent_nominal_count,aSvika,1,,,,verified,13fe8666596077676d5f
bb64ea3c003a2af51af4,aSvapAlI,TasyaApatyam,Descendant. (4.1.92),Wak,ASvapAlika,1,4.1.146,kashika_4_1.rs:783,0,source_conditioned_relation_not_independent_nominal_count,ASvapAlika,1,,,,verified,a7a29f8b7a9ebf7ad597
d8e348e0cd6d29dbc26b,aSvapati,TasyaApatyam,Descendant. (4.1.92),aR,ASvapata,1,4.1.84;4.1.92,kashika_4_1.rs:427;kashika_4_1.rs:453,1,source_conditioned_relation_not_independent_nominal_count,ASvapata,1,,,,verified,6922ec7765a2fdbccc54
2cd2de7bc2fd1d7b852b,aditi,SaAsyaDevata,Having this as a god. (4.2.24),Rya,Aditya,1,4.2.24,kashika_4_2.rs:59,0,source_conditioned_relation_not_independent_nominal_count,Aditya,1,,,,verified,31e8c9391bf12e71b3fb
6e9c750d60634f3653e4,aditi,TasyaApatyam,Descendant. (4.1.92),Rya,Aditya,1,4.1.85,kashika_4_1.rs:434,0,source_conditioned_relation_not_independent_nominal_count,Aditya,1,,,,verified,3a9f9fe603188622899a
5decb5a6d9d1803dd066,agni,AbhutaTadbhava,Becoming what one was not. (5.4.50),sAti,agnisAt,1,5.4.52,kashika_5_4.rs:171,0,source_conditioned_relation_not_independent_nominal_count,agnisAt,1,,,,verified,fadd4ec82bd0134c74b1
9fa8d325fc9dadf1f337,agni,SaAsyaDevata,Having this as a god. (4.2.24),Qak,Agneya,1,4.2.33,kashika_4_2.rs:130,0,source_conditioned_relation_not_independent_nominal_count,Agneya,1,,,,verified,75d8f9cebeb6bdec16f2
b56c396f5eccafb45c4a,agra,TatraBhava,Where this stays or exists. (4.3.53),Ca,agrIya,1,4.4.117,kashika_4_4.rs:718,0,source_conditioned_relation_not_independent_nominal_count,agrIya,1,,,,verified,5ceaf7fec2fe46ca0f80
607df30db3779803eeac,agra,TatraBhava,Where this stays or exists. (4.3.53),Ga,agriya,1,4.4.117,kashika_4_4.rs:717,0,source_conditioned_relation_not_independent_nominal_count,,0,agriya,,,engine_mismatch_not_admitted,
c64dfa4daee5e4dc1353,agra,TatraBhava,Where this stays or exists. (4.3.53),yat,agrya,1,4.4.116,kashika_4_4.rs:711,0,source_conditioned_relation_not_independent_nominal_count,agrya,1,,,,verified,0c2a85fce03fc499e46d
606d675d797958e2c0e9,ahan,TenaNirvrttam,Completed by this time. (5.1.79),WaY,Ahnika,1,5.1.79,kashika_5_1.rs:530,0,source_conditioned_relation_not_independent_nominal_count,Ahnika,1,,,,verified,6f5c6bc1270086368690
2e7b5d5d48148347dfef,ahi,TatraBhava,Where this stays or exists. (4.3.53),QaY,Aheya,1,4.3.56,kashika_4_3.rs:215,0,source_conditioned_relation_not_independent_nominal_count,Aheya,1,,,,verified,b53f9f2ec252e3ca1aed
03442707b9d297618f78,ajAda,Janapada,Country. (4.1.168),YyaN,AjAdya,1,4.1.171,kashika_4_1.rs:877,0,source_conditioned_relation_not_independent_nominal_count,AjAdya,1,,,,verified,9a66979ec52766fcc90d
9338e197dcfac600ee79,aja,TasmaiHitam,One for whom this is good. (5.1.7),Tyan,ajaTya,1,5.1.8,kashika_5_1.rs:92,0,source_conditioned_relation_not_independent_nominal_count,ajaTya,1,,,,verified,b52b374f6a14423e5dc1
55b0b39da941ce42a566,ajapaTa,Ahrtam,What is conveyed by that way. (5.1.77),WaY,AjapaTika,1,5.1.77,kashika_5_1.rs:514,0,source_conditioned_relation_not_independent_nominal_count,AjapaTika,1,,,,verified,d8ffc9e3ffedfbb142e7
857bbe33c10904bb7200,ajapaTa,Gacchati,Who goes. (5.1.75),WaY,AjapaTika,1,5.1.77,kashika_5_1.rs:513,0,source_conditioned_relation_not_independent_nominal_count,AjapaTika,1,,,,verified,7bce7c7c29696b945818
c0bd437a2032e6fdd92a,akaraBa,TasmaiHitam,One for whom this is good. (5.1.7),Ca,akaraBIya,1,5.1.1,kashika_5_1.rs:18,0,source_conditioned_relation_not_independent_nominal_count,akaraBIya,1,,,,verified,fadb717ba99e801fc32d
4f885ee31f26d0a8b997,akza,TenaDivyatiJayatiJitam,"One who gambles, conquers, or is conquered with this. (4.4.2)",Wak,Akzika,1,4.4.1;4.4.2,kashika_4_4.rs:20;kashika_4_4.rs:25,1,source_conditioned_relation_not_independent_nominal_count,Akzika,1,,,,verified,deaec137931639645370
5fb64de4562729ec06d9,akzadyUta,TenaNirvrtte,Completed with. (4.4.19),Wak,AkzadyUtika,1,4.4.19,kashika_4_4.rs:140,0,source_conditioned_relation_not_independent_nominal_count,AkzadyUtika,1,,,,verified,f7c68a90a08db554bd08
8ff5b7a08cfe5feb6731,alaNkarman,Svarthe,,Ka,alaNkarmIRa,1,5.4.7,kashika_5_4.rs:33,0,source_conditioned_relation_not_independent_nominal_count,alaNkarmIRa,1,,,,verified,e7d1843dd8f0a594b013
d3b3352f167ef92183cd,alampuruza,Svarthe,,Ka,alampuruzIRa,1,5.4.7,kashika_5_4.rs:34,0,source_conditioned_relation_not_independent_nominal_count,alampuruzIRa,1,,,,verified,65e332d1b7ab0ca9e3ae
e1612766e61d93109fea,amAvAsyA,TatraJata,Where this was born. (4.3.25),a,amAvAsya,1,4.3.31,kashika_4_3.rs:130,0,source_conditioned_relation_not_independent_nominal_count,amAvAsya,1,,,,verified,6d2dce3bb0bc734c38f6
cd744b248a0a81c70968,amAvAsyA,TatraJata,Where this was born. (4.3.25),aR,AmAvAsya,1,4.3.30,kashika_4_3.rs:125,0,source_conditioned_relation_not_independent_nominal_count,AmAvAsya,1,,,,verified,8b2bd4511f263d531447
99ac7c235891f8f57600,amAvAsyA,TatraJata,Where this was born. (4.3.25),vun,amAvAsyaka,1,4.3.30,kashika_4_3.rs:124,0,source_conditioned_relation_not_independent_nominal_count,amAvAsyaka,1,,,,verified,891902bc8df913271fe4
877c4f6050af9a14f65e,amBas,Vartate,Existence. (4.4.27),Wak,AmBasika,1,4.4.27,kashika_4_4.rs:191,0,source_conditioned_relation_not_independent_nominal_count,AmBasika,1,,,,verified,02f7f569552462490616
4e0e80d54ec76f2a8d2d,anna,Labdha,What one has obtained. (4.4.85),Ra,Anna,1,4.4.85,kashika_4_4.rs:563,0,source_conditioned_relation_not_independent_nominal_count,Anna,1,,,,verified,ef7e09dcd15abd88d8bf
9da441729bdf9e4ae384,antaHsTa,TatraJata,Where this was born. (4.3.25),Ca,antaHsTIya,1,4.2.138,kashika_4_2.rs:521,0,source_conditioned_relation_not_independent_nominal_count,antaHsTIya,1,,,,verified,aea720a9e6ed5a5f279b
f12e6d5fb72c0002a2c5,anugrAma,TatraBhava,Where this stays or exists. (4.3.53),WaY,AnugrAmika,1,4.3.61,kashika_4_3.rs:232,0,source_conditioned_relation_not_independent_nominal_count,AnugrAmika,1,,,,verified,28263094a3e4918c73ab
0191101a38ea470c6270,anugu,AlamGami,Fit to go. (5.2.15),Ka,anugavIna,1,5.2.15;5.2.17,kashika_5_2.rs:100;kashika_5_2.rs:111,1,source_conditioned_relation_not_independent_nominal_count,anugavIna,1,,,,verified,5179b8716aaa89c3b49d
e2e753a071cba4b30a40,anukAma,Gami,Who intends to go. (5.2.11),Ka,anukAmIna,1,5.2.11,kashika_5_2.rs:95,0,source_conditioned_relation_not_independent_nominal_count,anukAmIna,1,,,,verified,d7c360f9d1d913d30980
0a1ec3daba56e8df9ce4,anukUla,Vartate,Existence. (4.4.27),Wak,AnukUlika,1,4.4.28,kashika_4_4.rs:201,0,source_conditioned_relation_not_independent_nominal_count,AnukUlika,1,,,,verified,854d7c3ec396ec5939c8
86a439a6c9b1aef9bc17,anuloma,Vartate,Existence. (4.4.27),Wak,Anulomika,1,4.4.28,kashika_4_4.rs:199,0,source_conditioned_relation_not_independent_nominal_count,Anulomika,1,,,,verified,1f212ccafb098be038ab
f96946154b1a10b2eb26,anupada,Hanti,What one kills. (4.4.35),Wak,Anupadika,1,4.4.37,kashika_4_4.rs:266,0,source_conditioned_relation_not_independent_nominal_count,Anupadika,1,,,,verified,76234616956c0b7d7d6c
cb461022af7fc4a08b7e,anvIpa,Vartate,Existence. (4.4.27),Wak,AnvIpika,1,4.4.28,kashika_4_4.rs:197,0,source_conditioned_relation_not_independent_nominal_count,AnvIpika,1,,,,verified,3302fb0bca0f40aa6ee2
3af96651524ba9e9a06d,apAnnaptAt,SaAsyaDevata,Having this as a god. (4.2.24),Ca,apAnnaptrIya,1,4.2.28,kashika_4_2.rs:83,0,source_conditioned_relation_not_independent_nominal_count,apAnnaptrIya,1,,,,verified,afb3832bc08e1d5162e3
da934033f7c444b3647c,apAnnaptAt,SaAsyaDevata,Having this as a god. (4.2.24),Ga,apAnnaptriya,1,4.2.27,kashika_4_2.rs:77,0,source_conditioned_relation_not_independent_nominal_count,apAnnaptriya,1,,,,verified,af8d34657fe441536966
725a8659c09a9d6acafc,apUpa,Shilam,One who has this habit. (4.4.61),Wak,ApUpika,1,4.4.61,kashika_4_4.rs:432,0,source_conditioned_relation_not_independent_nominal_count,ApUpika,1,,,,verified,a81647abc7f65a142a27
d54f12f8c1ceb4996315,apUpa,TadAsmaiDiyateNiyuktam,To whom this is given rightfully. (4.4.66),Wak,ApUpika,1,4.4.66,kashika_4_4.rs:452,0,source_conditioned_relation_not_independent_nominal_count,ApUpika,1,,,,verified,ed9a6df00762c3f5dafe
b9700af1802762ac5569,apUpa,TadAsyaPanyam,One who sells this item. (4.4.51),Wak,ApUpika,1,4.4.51,kashika_4_4.rs:365,0,source_conditioned_relation_not_independent_nominal_count,ApUpika,1,,,,verified,9f4a556ab3fd1eb5a715
f8b16ccba897ff8d7013,apUpa,TasmaiHitam,One for whom this is good. (5.1.7),Ca,apUpIya,1,5.1.4;5.1.5,kashika_5_1.rs:46;kashika_5_1.rs:62,1,source_conditioned_relation_not_independent_nominal_count,apUpIya,1,,,,verified,08fe7ceb63c4ff261dcd
f46ce6bde82231030088,apUpa,TasmaiHitam,One for whom this is good. (5.1.7),yat,apUpya,1,5.1.4;5.1.5,kashika_5_1.rs:45;kashika_5_1.rs:61,1,source_conditioned_relation_not_independent_nominal_count,apUpya,1,,,,verified,3f292170f1d0afe21732
891a41acb8c95e269273,apakara,TatraJata,Where this was born. (4.3.25),aR,Apakara,1,4.3.33,kashika_4_3.rs:143,0,source_conditioned_relation_not_independent_nominal_count,Apakara,1,,,,verified,62bb99be66d33afb8aaa
d82e55dccff99a8fac55,apakara,TatraJata,Where this was born. (4.3.25),aY,Apakara,1,4.3.33,kashika_4_3.rs:144,0,source_conditioned_relation_not_independent_nominal_count,Apakara,1,,,,verified,7810fae0e80a1550894a
3676bfe83e1cd47cdfe2,apakara,TatraJata,Where this was born. (4.3.25),kan,apakaraka,1,4.3.32,kashika_4_3.rs:136,0,source_conditioned_relation_not_independent_nominal_count,apakaraka,1,,,,verified,30b18fed4617c046be09
f89302141a1954f25b9f,apamitya,TenaNirvrtte,Completed with. (4.4.19),kak,Apamityaka,1,4.4.21,kashika_4_4.rs:153,0,source_conditioned_relation_not_independent_nominal_count,Apamityaka,1,,,,verified,4d01138b56d27fd9bb63
6b8b81656306d87906fc,aparAhRa,TatraJata,Where this was born. (4.3.25),vun,aparAhRaka,1,4.3.28,kashika_4_3.rs:109,0,source_conditioned_relation_not_independent_nominal_count,aparAhRaka,1,,,,verified,45d8685da2d0c5ddbfe8
b325df617fa3f061631d,aponaptAt,SaAsyaDevata,Having this as a god. (4.2.24),Ca,aponaptrIya,1,4.2.28,kashika_4_2.rs:82,0,source_conditioned_relation_not_independent_nominal_count,aponaptrIya,1,,,,verified,f347c2e17a2ade7768da
d6d577b5a1af56db8533,aponaptAt,SaAsyaDevata,Having this as a god. (4.2.24),Ga,aponaptriya,1,4.2.27,kashika_4_2.rs:76,0,source_conditioned_relation_not_independent_nominal_count,aponaptriya,1,,,,verified,ff6cf9ef03dc19d63bcf
f8cc144de2b299444293,arDa,TatraJata,Where this was born. (4.3.25),yat,arDya,1,4.3.4,kashika_4_3.rs:28,0,source_conditioned_relation_not_independent_nominal_count,arDya,1,,,,verified,22f8d3efec91db4668c6
2e2f95e86acfacc2b653,arDamAsa,TenaNirvrttam,Completed by this time. (5.1.79),WaY,ArDamAsika,1,5.1.79,kashika_5_1.rs:528,0,source_conditioned_relation_not_independent_nominal_count,ArDamAsika,1,,,,verified,9571fa83511cc69b14ae
b24629a4f5ad8a239b36,arTa,Anapeta,Not deviating from this. (4.4.92),yat,arTya,1,4.4.92,kashika_4_4.rs:602,0,source_conditioned_relation_not_independent_nominal_count,arTya,1,,,,verified,3257461c7638343831e4
b6c03340ac6d5fcf1c05,arTa,Grhnati,What one takes. (4.4.39),Wak,ArTika,1,4.4.40,kashika_4_4.rs:285,0,source_conditioned_relation_not_independent_nominal_count,ArTika,1,,,,verified,27cbd410aca1fdbfbd4f
c9c3cffc1fdd8b1bf6e8,arjuna,Bhakti,Devotion. (4.3.95),vun,arjunaka,1,4.3.98,kashika_4_3.rs:313,0,source_conditioned_relation_not_independent_nominal_count,arjunaka,1,,,,verified,45cabacbbc07c634c85c
18742dad13a092869493,arus,AbhutaTadbhava,Becoming what one was not. (5.4.50),cvi,arU,1,5.4.51,kashika_5_4.rs:161,0,source_conditioned_relation_not_independent_nominal_count,arU,1,,,,verified,457707aa6509b3ebf641
c823b9c75a1331085fc5,asi,Praharanam,One who has this weapon. (4.4.57),Wak,Asika,1,4.4.57,kashika_4_4.rs:405,0,source_conditioned_relation_not_independent_nominal_count,Asika,1,,,,verified,edc8e51364b18d2e6a44
961ce0777aa33624c32d,asmad,TatraJata,Where this was born. (4.3.25),Ca,asmadIya,1,4.3.1,kashika_4_3.rs:21,0,source_conditioned_relation_not_independent_nominal_count,asmadIya,1,,,,verified,38850637a3d35dc84142
6b04230bd74c605238f5,asmad,TatraJata,Where this was born. (4.3.25),KaY,AsmAkIna,1,4.3.1,kashika_4_3.rs:19,0,source_conditioned_relation_not_independent_nominal_count,AsmAkIna;AsmadIna,2,,AsmadIna,,verified,d7765943d64421b0d871
23454b1bf41ac8678b19,asmad,TatraJata,Where this was born. (4.3.25),aR,AsmAka,1,4.3.1,kashika_4_3.rs:23,0,source_conditioned_relation_not_independent_nominal_count,Asmada,1,AsmAka,Asmada,,engine_mismatch_not_admitted,
a8829c2037bdb9701ed4,asti,Mati,One who has this belief. (4.4.60),Wak,Astika,1,4.4.60,kashika_4_4.rs:425,0,source_conditioned_relation_not_independent_nominal_count,Astika,1,,,,verified,e597464327bee555a7dd
fc6783f3d86ff5e49444,asti,TatraBhava,Where this stays or exists. (4.3.53),QaY,Asteya,1,4.3.56,kashika_4_3.rs:214,0,source_conditioned_relation_not_independent_nominal_count,Asteya,1,,,,verified,ffca5cd60ed167b02964
6f00ad0746c5aca7d692,atiTi,TatraSadhu,Skilled in this. (4.4.98),QaY,AtiTeya,1,4.4.104,kashika_4_4.rs:671,0,source_conditioned_relation_not_independent_nominal_count,AtiTeya,1,,,,verified,77ab14f48b563b7e3fb6
09d1a3864d650f8c88b9,atri,TasyaApatyam,Descendant. (4.1.92),Qak,Atreya,1,4.1.122,kashika_4_1.rs:636,0,source_conditioned_relation_not_independent_nominal_count,Atreya,1,,,,verified,433e25499dc1f57dd400
fb9b7262820176779a34,atyanta,Gami,Who intends to go. (5.2.11),Ka,atyantIna,1,5.2.11,kashika_5_2.rs:94,0,source_conditioned_relation_not_independent_nominal_count,atyantIna,1,,,,verified,d601f403112ad45fc032
9fe2187af0d018be956a,avArapAra,Gami,Who intends to go. (5.2.11),Ka,avArapArIRa,1,5.2.11,kashika_5_2.rs:93,0,source_conditioned_relation_not_independent_nominal_count,avArapArIRa,1,,,,verified,dccff44691683da9c4ad
668d6081b8ff253bf463,avArapAra,TatraJata,Where this was born. (4.3.25),Ka,avArapArIRa,1,4.3.25,kashika_4_3.rs:85,0,source_conditioned_relation_not_independent_nominal_count,avArapArIRa,1,,,,verified,4fc88be0017a6cb371df
c82db92f60927059695b,avanti,Janapada,Country. (4.1.168),YyaN,Avantya,1,4.1.171,kashika_4_1.rs:874,0,source_conditioned_relation_not_independent_nominal_count,Avantya,1,,,,verified,ebd552b69d47e64cebe5
75f33b94d5fea2aaf9ee,avarArDa,TatraJata,Where this was born. (4.3.25),yat,avarArDya,1,4.3.5,kashika_4_3.rs:35,0,source_conditioned_relation_not_independent_nominal_count,avarArDya,1,,,,verified,a53842f7a111bcb4bc11
939ac79ce0b62cacc370,avara,DigDeshaKala,"Words meaning direction, location, or time. (5.3.27)",astAti,avarastAt,1,5.3.29,kashika_5_3.rs:130,0,source_conditioned_relation_not_independent_nominal_count,avarastAt,1,,,,verified,f37768d9d1c38c0f23d1
bb4116b7f169c7e34505,avara,DigDeshaKala,"Words meaning direction, location, or time. (5.3.27)",atasuc,avaratas,1,5.3.29,kashika_5_3.rs:129,0,source_conditioned_relation_not_independent_nominal_count,avaratas,1,,,,verified,d62df36935070b78fbcd
e320657201601ff1eda5,avaskara,TatraJata,Where this was born. (4.3.25),vun,avaskaraka,1,4.3.28,kashika_4_3.rs:113,0,source_conditioned_relation_not_independent_nominal_count,avaskaraka,1,,,,verified,90dc1c6922aa52a3e2a3
f7975a0f838f0efa1a00,avatsa,TasmaiHitam,One for whom this is good. (5.1.7),Ca,avatsIya,1,5.1.1;5.1.5,kashika_5_1.rs:19;kashika_5_1.rs:57,1,source_conditioned_relation_not_independent_nominal_count,avatsIya,1,,,,verified,c87939bff01e80c8e231
8772da22a0e26f5ed957,avi,TasmaiHitam,One for whom this is good. (5.1.7),Tyan,aviTya,1,5.1.8,kashika_5_1.rs:93,0,source_conditioned_relation_not_independent_nominal_count,aviTya,1,,,,verified,934e2d3cdf565142e58d
f55468ff8161bce09e54,azaqakza,Svarthe,,Ka,azaqakzIRa,1,5.4.7,kashika_5_4.rs:31,0,source_conditioned_relation_not_independent_nominal_count,azaqakzIRa,1,,,,verified,010b60e7b0e8a593b894
e2d3b82f5bfb89ceb84e,bAhu,TasyaApatyam,Descendant. (4.1.92),iY,bAhavi,1,4.1.96,kashika_4_1.rs:474,0,source_conditioned_relation_not_independent_nominal_count,bAhavi,1,,,,verified,9382fc945a6ed3930a97
76abae6245eb148ac5ae,baBru,Gotra,Patronymic lineage. (4.1.98),aR,bABrava,1,4.1.106,kashika_4_1.rs:547,0,source_conditioned_relation_not_independent_nominal_count,bABrava,1,,,,verified,7a3cecee9063392fd1ac
78928c94bb7ffe31c22d,baBru,Gotra,Patronymic lineage. (4.1.98),yaY,bABravya,1,4.1.106,kashika_4_1.rs:546,0,source_conditioned_relation_not_independent_nominal_count,bABravya,1,,,,verified,18c5a8016b5efaa226db
a31d5b432367cb3e69c7,badara,Unchati,What is gleaned. (4.4.32),Wak,bAdarika,1,4.4.32,kashika_4_4.rs:223,0,source_conditioned_relation_not_independent_nominal_count,bAdarika,1,,,,verified,2eabc3217733a9d86a96
5f4c72d4fd6e957602aa,bahvfca,TasyaIdam,One who has this. (4.3.120),Yya,bAhvfcya,1,4.3.129,kashika_4_3.rs:402,0,source_conditioned_relation_not_independent_nominal_count,bAhvfcya,1,,,,verified,165e9f435df0cb793ffc
d524354571fe8205100a,baka,TasyaSamuha,A collection of this. (4.2.37),aR,bAka,1,4.2.37,kashika_4_2.rs:142,0,source_conditioned_relation_not_independent_nominal_count,bAka,1,,,,verified,76ddeef010ac9afae658
3564d1652c5c70e20813,bali,TadarthamVikrtehPrakrtau,What could be created from this raw material. (5.1.12),QaY,bAleya,1,5.1.13,kashika_5_1.rs:136,0,source_conditioned_relation_not_independent_nominal_count,bAleya,1,,,,verified,92fe39281bb1cbde859e
7cb63ea706dda4b24926,balvaja,TadDharatiVahatiAvahati,"What one carries away, or conveys, or brings. (5.1.50)",Wak,bAlvajika,1,5.1.50,kashika_5_1.rs:340,0,source_conditioned_relation_not_independent_nominal_count,bAlvajika,1,,,,verified,11ff296729d9320a04b8
977fd9d843eba2f7a08e,banDu,TasyaSamuha,A collection of this. (4.2.37),tal,banDutA,1,4.2.43,kashika_4_2.rs:185,0,source_conditioned_relation_not_independent_nominal_count,banDutA,1,,,,verified,aaddc5c6f678b34ab10c
27899f3edb7ce7e2a4ad,bfhaspati,SaAsyaDevata,Having this as a god. (4.2.24),Rya,bArhaspatya,1,4.2.24,kashika_4_2.rs:60,0,source_conditioned_relation_not_independent_nominal_count,bArhaspatya,1,,,,verified,7ce79725c90d1fc1ccef
d3d209601c95489ccbef,bfhatI,Acchadana,,kan,bfhatika,1,5.4.6,kashika_5_4.rs:26,0,source_conditioned_relation_not_independent_nominal_count,bfhatIka,1,bfhatika,bfhatIka,,engine_mismatch_not_admitted,
cbe2b20b8c153dc66db3,bida,Gotra,Patronymic lineage. (4.1.98),aY,bEda,1,4.1.104,kashika_4_1.rs:532,0,source_conditioned_relation_not_independent_nominal_count,bEda,1,,,,verified,2ac0ac886b4d3db9b02d
616bf6c85c76d12f50a6,bilva,TasyaVikara,Modification of this. (4.3.134),aR,bElva,1,4.3.136,kashika_4_3.rs:434,0,source_conditioned_relation_not_independent_nominal_count,bElva,1,,,,verified,82da3f4b3d47cb9185fa
f2c73b7a3b1cc0a3be69,bimba,TasyaApatyam,Descendant. (4.1.92),iY,bEmbaki,1,4.1.97,kashika_4_1.rs:490,0,source_conditioned_relation_not_independent_nominal_count,bEmbaki,1,,,,verified,00f384f35b2e08228eb2
824ae08757e5f3f34469,boDa,Gotra,Patronymic lineage. (4.1.98),iY,bODi,1,4.1.107,kashika_4_1.rs:557,0,source_conditioned_relation_not_independent_nominal_count,bODi,1,,,,verified,b681569d43e6c890d5f7
5da3ba81e879dfd8f0e7,boDa,Gotra,Patronymic lineage. (4.1.98),yaY,bODya,1,4.1.107,kashika_4_1.rs:554,0,source_conditioned_relation_not_independent_nominal_count,bODya,1,,,,verified,06aff9c08c2cdf68be5d
1e19558dae07461efb8b,brAhmaRa,AbhutaTadbhava,Becoming what one was not. (5.4.50),trA,brAhmaRatrA,1,5.4.55,kashika_5_4.rs:183,0,source_conditioned_relation_not_independent_nominal_count,brAhmaRatrA,1,,,,verified,5e7cf3250828b0f52318
5c121eedcd94fd89bff5,brAhmaRa,TasyaSamuha,A collection of this. (4.2.37),yan,brAhmaRya,1,4.2.42,kashika_4_2.rs:171,0,source_conditioned_relation_not_independent_nominal_count,brAhmaRya,1,,,,verified,77186fcb7acecea0a8c3
fdbb0507804ed192ada0,braDna,Gotra,Patronymic lineage. (4.1.98),cPaY,brADnAyana,1,4.1.98,kashika_4_1.rs:496,0,source_conditioned_relation_not_independent_nominal_count,brADnAyana,1,,,,verified,91efe3049253afcba60a
e2b68eac0b93212ce2a8,brahman,TasmaiHitam,One for whom this is good. (5.1.7),yat,brahmaRya,1,5.1.7,kashika_5_1.rs:86,0,source_conditioned_relation_not_independent_nominal_count,brahmaRya,1,,,,verified,2358f8d5cdffee7f30a3
d67dc44f390c8ee414d4,cAndrAyaRa,TadVartayati,One performs this. (5.1.72),WaY,cAndrAyaRika,1,5.1.18;5.1.72,kashika_5_1.rs:173;kashika_5_1.rs:456,1,source_conditioned_relation_not_independent_nominal_count,cAndrAyaRika,1,,,,verified,7091edaf83b0b3b7c9ae
70700185872242251e1e,cUrRa,TenaSamsrshte,Mixed with. (4.4.22),ini,cUrRin,1,4.4.23,kashika_4_4.rs:167,0,source_conditioned_relation_not_independent_nominal_count,cUrRin,1,,,,verified,168e91aa152cdf63fa5a
1c6de103d4fb0ea38042,caRqAla,TasyaApatyam,Descendant. (4.1.92),iY,cARqAlaki,1,4.1.97,kashika_4_1.rs:489,0,source_conditioned_relation_not_independent_nominal_count,cARqAlaki,1,,,,verified,aa0fcdf4b60369df8fd0
447c4533cf28f9ca4afd,cakra,Praharanam,One who has this weapon. (4.4.57),Wak,cAkrika,1,4.4.57,kashika_4_4.rs:407,0,source_conditioned_relation_not_independent_nominal_count,cAkrika,1,,,,verified,98e40ec4168b7e473f7f
c09b7b3ba70b48d35d82,cara,Gotra,Patronymic lineage. (4.1.98),Pak,cArAyaRa,1,4.1.99,kashika_4_1.rs:504,0,source_conditioned_relation_not_independent_nominal_count,cArAyaRa,1,,,,verified,5b59b9a6cb7301bbdf7b
f0a8d6cbfec9f8b76c9a,caraka,TasmaiHitam,One for whom this is good. (5.1.7),KaY,cArakIRa,1,5.1.11,kashika_5_1.rs:116,0,source_conditioned_relation_not_independent_nominal_count,cArakIRa,1,,,,verified,b06d0c543721e515f2cc
5ec5d37807350b485e20,caraka,TenaProktam,What is proclaimed by this person. (4.3.101),aR,caraka,1,4.3.107,kashika_4_3.rs:333,0,source_conditioned_relation_not_independent_nominal_count,cAraka,1,caraka,cAraka,,engine_mismatch_not_admitted,
00ae0d819f5ca0cf57ba,catur,Avasana,Parts of which. (5.2.42),tayap,catuzwaya,1,5.2.42,kashika_5_2.rs:263,0,source_conditioned_relation_not_independent_nominal_count,catuzwaya,1,,,,verified,546c9007c06159a92171
d411b090e3a4bd591927,catur,Nimana,Given in exchange. (5.2.47),mayaw,caturmaya,1,5.2.47,kashika_5_2.rs:289,0,source_conditioned_relation_not_independent_nominal_count,caturmaya,1,,,,verified,43763fe28b1a81d9bd1a
475ab5314053cc806f6f,cavarga,TatraBhava,Where this stays or exists. (4.3.53),Ca,cavargIya,1,4.3.63,kashika_4_3.rs:248,0,source_conditioned_relation_not_independent_nominal_count,cavargIya,1,,,,verified,3e846703b6dd9f0d85c1
e67e5fb7660dd7bf375a,cawakA,TasyaApatyam,Descendant. (4.1.92),Erak,cAwakEra,1,4.1.128,kashika_4_1.rs:686,0,source_conditioned_relation_not_independent_nominal_count,cAwakEra,1,,,,verified,5e6a92ddbc3f92d2fd76
0e82a82b629c98d15146,cawaka,TasyaApatyam,Descendant. (4.1.92),Erak,cAwakEra,1,4.1.128,kashika_4_1.rs:691,0,source_conditioned_relation_not_independent_nominal_count,cAwakEra,1,,,,verified,ec3505243394e5ae6e41
625a66b0ddce67fc3bbb,daDi,SamskrtamBhaksha,Food that is prepared with this vessel or medium. (4.2.16),Wak,dADika,1,4.2.18,kashika_4_2.rs:42,0,source_conditioned_relation_not_independent_nominal_count,dADika,1,,,,verified,4639499f3a9d5f758e22
f0e5cb5a71bf6acfa542,daDi,TenaCarati,One who walks or eats with this. (4.4.8),Wak,dADika,1,4.4.8,kashika_4_4.rs:69,0,source_conditioned_relation_not_independent_nominal_count,dADika,1,,,,verified,2f0950536e14ead79776
cd59c5a59449897a43e1,daDi,TenaSamskrtam,Cultured or processed. (4.4.3),Wak,dADika,1,4.4.3,kashika_4_4.rs:33,0,source_conditioned_relation_not_independent_nominal_count,dADika,1,,,,verified,e5ec5f22649456323d36
2fd2da6a99bf69feb0a7,daDi,TenaSamsrshte,Mixed with. (4.4.22),Wak,dADika,1,4.4.22,kashika_4_4.rs:159,0,source_conditioned_relation_not_independent_nominal_count,dADika,1,,,,verified,fb5ca048851298c84f5f
56b34371ffef6cccfcbc,daDi,TenaUpasikte,Sprinkled with. (4.4.26),Wak,dADika,1,4.4.26,kashika_4_4.rs:182,0,source_conditioned_relation_not_independent_nominal_count,dADika,1,,,,verified,6782f60e84fe6769c069
c7d35432e77e7503c3ff,daRqa,Hrasve,,ka,daRqaka,1,5.3.87,kashika_5_3.rs:295,0,source_conditioned_relation_not_independent_nominal_count,daRqaka,1,,,,verified,1728d6ca4bc3c3d0bde9
d89b1f22269dcbe9144d,daRqa,TadArhati,One deserves this. (5.1.63),yat,daRqya,1,5.1.66,kashika_5_1.rs:408,0,source_conditioned_relation_not_independent_nominal_count,daRqya,1,,,,verified,8e18a2e1ff4425103271
8ef6f0e00688cb7895fe,daRqamATa,Hanti,What one kills. (4.4.35),Wak,dARqamATika,1,4.4.37,kashika_4_4.rs:263,0,source_conditioned_relation_not_independent_nominal_count,dARqamATika,1,,,,verified,a63361b7cfa0c99febc2
43498139862be14482b9,daSEkAdaSa,PrayacchatiGarhyam,One who gives in a contemptible way. (4.4.30),zWac,daSEkAdaSika,1,4.4.31,kashika_4_4.rs:218,0,source_conditioned_relation_not_independent_nominal_count,daSEkAdaSika,1,,,,verified,81bd9313476fee45ac14
d0da30c071762ecbf2db,daSan,Avasana,Parts of which. (5.2.42),tayap,daSataya,1,5.2.42,kashika_5_2.rs:262,0,source_conditioned_relation_not_independent_nominal_count,daSataya,1,,,,verified,32b0ca2a547f2e4347b2
5849db19cd017ccb0e6a,dakza,TasyaApatyam,Descendant. (4.1.92),iY,dAkzi,1,4.1.122;4.1.95,kashika_4_1.rs:465;kashika_4_1.rs:640,1,source_conditioned_relation_not_independent_nominal_count,dAkzi,1,,,,verified,76b3396bd348b23870b1
d79ff465bf9ed60310a4,dakziRA,TadArhati,One deserves this. (5.1.63),Ca,dakziRIya,1,5.1.69,kashika_5_1.rs:432,0,source_conditioned_relation_not_independent_nominal_count,dakziRIya,1,,,,verified,48e1ff89d4e0d8df1f86
7d24095224972624d79b,dakziRA,TadArhati,One deserves this. (5.1.63),yat,dakziRya,1,5.1.69,kashika_5_1.rs:433,0,source_conditioned_relation_not_independent_nominal_count,dakziRya,1,,,,verified,022a1752d450b26b7712
0b3e93086230f226c32d,dakziRa,DigDeshaKala,"Words meaning direction, location, or time. (5.3.27)",atasuc,dakziRatas,1,5.3.28,kashika_5_3.rs:121,0,source_conditioned_relation_not_independent_nominal_count,dakziRatas,1,,,,verified,6b6a662c952f05ee7720
660da683ffa360b4d1c1,dakziRaDurA,TadVahati,What one bears. (4.4.78),Ka,dakziRaDurIRa,1,4.4.78,kashika_4_4.rs:529,0,source_conditioned_relation_not_independent_nominal_count,dakziRaDurIRa,1,,,,verified,1468ded5f880e8d24f30
de7721071a068a2f9a7a,danta,TasmaiHitam,One for whom this is good. (5.1.7),yat,dantya,1,5.1.6,kashika_5_1.rs:67,0,source_conditioned_relation_not_independent_nominal_count,dantya,1,,,,verified,618d465e4d0ff629fc15
d64847787ea8dc94e3a5,darBa,Gotra,Patronymic lineage. (4.1.98),Pak,dArBAyaRa,1,4.1.102,kashika_4_1.rs:516,0,source_conditioned_relation_not_independent_nominal_count,dArBAyaRa,1,,,,verified,f7321fc6a064ae774c37
f87d92ecc18a378588ef,darBa,TasyaApatyam,Descendant. (4.1.92),iY,dArBi,1,4.1.102,kashika_4_1.rs:517,0,source_conditioned_relation_not_independent_nominal_count,dArBi,1,,,,verified,ac222f019020178b5045
e445dc5992b8b1e5d93c,darBa,TasyaVikara,Modification of this. (4.3.134),mayaw,darBamaya,1,4.3.144,kashika_4_3.rs:482,0,source_conditioned_relation_not_independent_nominal_count,darBamaya,1,,,,verified,71ac76151cbec74382af
4d3b6be7d74448303149,dardaBaka,TenaSamskrtam,Cultured or processed. (4.4.3),aR,dArdaBaka,1,4.4.4,kashika_4_4.rs:42,0,source_conditioned_relation_not_independent_nominal_count,dArdaBaka,1,,,,verified,d4ca7ff8146aced7f48b
2a9fb298faf065b16d55,dardurUka,TasyaVikara,Modification of this. (4.3.134),aR,dArdurUka,1,4.3.137,kashika_4_3.rs:444,0,source_conditioned_relation_not_independent_nominal_count,dArdurUka,1,,,,verified,71ce96bc1f8b765e2876
386bef65a965b104a62f,devAgAra,Niyuktam,Where one is appointed. (4.4.69),Wan,devAgArika,1,4.4.70,kashika_4_4.rs:481,0,source_conditioned_relation_not_independent_nominal_count,devAgArika,1,,,,verified,facc2798d0c7e2ddc20b
407275dc79459faba005,devAsura,TadAsyaAstiAsmin,What one has or is in. (5.2.94),aR,dEvAsura,1,5.2.61,kashika_5_2.rs:319,0,source_conditioned_relation_not_independent_nominal_count,dEvAsura,1,,,,verified,01a18f4864c12175d994
e6078d549ce750950bb6,devadAru,TasyaVikara,Modification of this. (4.3.134),aY,dEvadArava,1,4.3.139,kashika_4_3.rs:456,0,source_conditioned_relation_not_independent_nominal_count,dEvadArava,1,,,,verified,3e7717f4ac0bb2d0ac9d
2eb083797f254c3e521f,devayAna,TasyaVishayoDeshe,A domain of this. (4.2.52),vuY,dEvayAnaka,1,4.2.53,kashika_4_2.rs:232,0,source_conditioned_relation_not_independent_nominal_count,dEvayAnaka,1,,,,verified,445846c3d8329ded92d1
50e25bf837f7860c7df9,dfti,TatraBhava,Where this stays or exists. (4.3.53),QaY,dArteya,1,4.3.56,kashika_4_3.rs:210,0,source_conditioned_relation_not_independent_nominal_count,dArteya,1,,,,verified,895625f81e4606bf8ce7
506fa5f52df9fea2a5ba,diS,TatraBhava,Where this stays or exists. (4.3.53),yat,diSya,1,4.3.54,kashika_4_3.rs:204,0,source_conditioned_relation_not_independent_nominal_count,diSya,1,,,,verified,7d66141db3dfa3cb98ba
c10cbfb840ce09bac8f8,diti,TasyaApatyam,Descendant. (4.1.92),Rya,dEtya,1,4.1.85;4.1.92,kashika_4_1.rs:433;kashika_4_1.rs:454,1,source_conditioned_relation_not_independent_nominal_count,dEtya,1,,,,verified,4db8ebf3f3a5c0320211
a85e27072cb5fbced08a,dizwa,Mati,One who has this belief. (4.4.60),Wak,dEzwika,1,4.4.60,kashika_4_4.rs:427,0,source_conditioned_relation_not_independent_nominal_count,dEzwika,1,,,,verified,6c78028173bf259fba1f
10546c1476c71afd3447,dravya,TadDharatiVahatiAvahati,"What one carries away, or conveys, or brings. (5.1.50)",kan,dravyaka,1,5.1.51,kashika_5_1.rs:347,0,source_conditioned_relation_not_independent_nominal_count,dravyaka,1,,,,verified,784caa1acd3eb6dc18c2
ec8514aedc798d0bea78,droRa,Gotra,Patronymic lineage. (4.1.98),Pak,drORAyana,1,4.1.103,kashika_4_1.rs:522,0,source_conditioned_relation_not_independent_nominal_count,drORAyana,1,,,,verified,c522b1c2d4345041120b
bcaf678b3fdf8f793284,droRa,Gotra,Patronymic lineage. (4.1.98),iY,drORi,1,4.1.103,kashika_4_1.rs:523,0,source_conditioned_relation_not_independent_nominal_count,drORi,1,,,,verified,93d295f08f0d675eb382
bdcf501d1a50dd7cf122,droRa,TadAsyaParimanam,The measure of this. (5.1.57),Wak,drORika,1,5.1.57,kashika_5_1.rs:380,0,source_conditioned_relation_not_independent_nominal_count,drORika,1,,,,verified,7578c2dfea3fa8c5eb47
6fabc5e9534cccea930d,droRa,TasyaVapa,Sown with this. (5.1.45),Wak,drORika,1,5.1.45,kashika_5_1.rs:296,0,source_conditioned_relation_not_independent_nominal_count,drORika,1,,,,verified,aaa53a88ef62a79edcf7
8239e20b5a869a5379e6,dru,TasyaVikara,Modification of this. (4.3.134),vaya,druvaya,1,4.3.162,kashika_4_3.rs:535,0,source_conditioned_relation_not_independent_nominal_count,druvaya,1,,,,verified,f1a6267fe481e9e7c349
61b2e4bec3f40eb737d9,dru,TasyaVikara,Modification of this. (4.3.134),yat,dravya,1,4.3.161,kashika_4_3.rs:530,0,source_conditioned_relation_not_independent_nominal_count,dravya,1,,,,verified,9ade0a2477a9969509dc
731820101967b782599b,druhyu,TasyaApatyam,Descendant. (4.1.92),aR,drOhyava,1,4.1.168,kashika_4_1.rs:842,0,source_conditioned_relation_not_independent_nominal_count,drOhyava,1,,,,verified,2055f61749f97e5537f1
de3ab133e780818c59fc,durBagA,TasyaApatyam,Descendant. (4.1.92),Qak,dOrBAgineya,1,4.1.126,kashika_4_1.rs:674,0,source_conditioned_relation_not_independent_nominal_count,dOrBageya,1,dOrBAgineya,dOrBageya,,engine_mismatch_not_admitted,
630c75af1d0f5c5460ab,durbala,Anukampayam,,ka,durbalaka,1,5.3.76,kashika_5_3.rs:281,0,source_conditioned_relation_not_independent_nominal_count,durbalaka,1,,,,verified,acbf480307cf3c907bdc
2661ed478533c27d1b2d,duzkula,TasyaApatyam,Descendant. (4.1.92),Ka,duzkulIna,1,4.1.142,kashika_4_1.rs:761,0,source_conditioned_relation_not_independent_nominal_count,duzkulIna,1,,,,verified,4ee7cbdb4f64bd425401
7d7e80feee8ab4cb800d,duzkula,TasyaApatyam,Descendant. (4.1.92),Qak,dOzkuleya,1,4.1.142,kashika_4_1.rs:760,0,source_conditioned_relation_not_independent_nominal_count,dOzkuleya,1,,,,verified,d2b7a07e4b16648ffce8
b3a86dbdb46ec9b52c48,dvAra,Niyuktam,Where one is appointed. (4.4.69),Wak,dOvArika,1,4.4.69,kashika_4_4.rs:476,0,source_conditioned_relation_not_independent_nominal_count,dOvArika,1,,,,verified,84b20e7862256f7ca637
d2379bc304fdd602dbc8,dvi,Avasana,Parts of which. (5.2.42),tayap,dvaya;dvitaya,2,5.2.43,kashika_5_2.rs:270,0,source_conditioned_relation_not_independent_nominal_count,dvaya;dvitaya,2,,,,verified,551abe61450650186d28
ae9b8f4f4c1ca5f176b8,dvi,Nimana,Given in exchange. (5.2.47),mayaw,dvimaya,1,5.2.47,kashika_5_2.rs:287,0,source_conditioned_relation_not_independent_nominal_count,dvimaya,1,,,,verified,60e55bb733056faf0524
6258e55773827619d689,dvi,Purana,Making full. (5.2.48),tIya,dvitIya,1,5.2.54,kashika_5_2.rs:307,0,source_conditioned_relation_not_independent_nominal_count,dvitIya,1,,,,verified,d0ab2e34a41626a4fa65
11ab73458ac33daa56d1,dvi,TenaKritam,What is bought with this. (5.1.37),kan,dvika,1,5.1.37,kashika_5_1.rs:256,0,source_conditioned_relation_not_independent_nominal_count,dvika,1,,,,verified,6c6da32d75a3ef45cd90
7e808dac3dbfded99be2,dviguRa,PrayacchatiGarhyam,One who gives in a contemptible way. (4.4.30),Wak,dvEguRika,1,4.4.30,kashika_4_4.rs:211,0,source_conditioned_relation_not_independent_nominal_count,dvEguRika,1,,,,verified,8f15113d0ea93b46d595
4aebefc314000a622e4f,eRI,TasyaVikara,Modification of this. (4.3.134),QaY,EReya,1,4.3.159,kashika_4_3.rs:518,0,source_conditioned_relation_not_independent_nominal_count,EReya,1,,,,verified,1887d74e68bb6a473e72
fd03cb29b47d37d5726d,eRI,TasyaVikara,Modification of this. (4.3.134),aY,ERa,1,4.3.159,kashika_4_3.rs:519,0,source_conditioned_relation_not_independent_nominal_count,ERa,1,,,,verified,612643cfbb0b056b9b12
d54e14cfd54686f9a4c9,eka,BahunamEka,One of many. (5.3.93),qatamac,ekatama,1,5.3.94,kashika_5_3.rs:347,0,source_conditioned_relation_not_independent_nominal_count,,0,ekatama,,,engine_mismatch_not_admitted,
21a121a51bad5634e01d,eka,DvayorEka,One of two. (5.3.92),qatarac,ekatara,1,5.3.94,kashika_5_3.rs:346,0,source_conditioned_relation_not_independent_nominal_count,atara,1,ekatara,atara,,engine_mismatch_not_admitted,
9d8af1b65b5cc2cdd7cb,ekaSAlA,IvePratikrtau,,Wac,ekaSAlika,1,5.3.109,kashika_5_3.rs:390,0,source_conditioned_relation_not_independent_nominal_count,ekaSAlika,1,,,,verified,5bd44222be328d9e7444
25c2010faa6772bb65f9,ekaSAlA,IvePratikrtau,,Wak,EkaSAlika,1,5.3.109,kashika_5_3.rs:391,0,source_conditioned_relation_not_independent_nominal_count,EkaSAlika,1,,,,verified,9015e9f63d56c2a8d289
7216c3ce4203e6c298af,ekadaSan,Purana,Making full. (5.2.48),qaw,ekadaSa,1,5.2.48,kashika_5_2.rs:295;kashika_5_2.rs:296,1,source_conditioned_relation_not_independent_nominal_count,,0,ekadaSa,,,engine_mismatch_not_admitted,
82baaa9795127337aa72,etad,Parimana,Volume. (5.2.39),vatup,etAvat,1,5.2.39,kashika_5_2.rs:245,0,source_conditioned_relation_not_independent_nominal_count,etAvat,1,,,,verified,c22ff1de8edf1abfaee4
8c79c3456812d77a92ff,ftu,SaAsyaDevata,Having this as a god. (4.2.24),yat,ftavya,1,4.2.31,kashika_4_2.rs:107,0,source_conditioned_relation_not_independent_nominal_count,ftavya,1,,,,verified,fbb02fa9f84ab52426be
3ac55e8f6a98ec054a80,ftvij,TadArhati,One deserves this. (5.1.63),KaY,ArtvijIna,1,5.1.71,kashika_5_1.rs:447,0,source_conditioned_relation_not_independent_nominal_count,ArtvijIna,1,,,,verified,167c76b3db3de2d10bf3
20e57977f0c7d5b75221,fzaBa,TadarthamVikrtehPrakrtau,What could be created from this raw material. (5.1.12),Yya,ArzaBya,1,5.1.14,kashika_5_1.rs:143,0,source_conditioned_relation_not_independent_nominal_count,ArzaBya,1,,,,verified,79f3d5c62917ab2c14ce
d6698c9416b063553253,fzaBa,Tanutve,Slenderness. (5.3.91),zwarac,fzaBatara,1,5.3.91,kashika_5_3.rs:326,0,source_conditioned_relation_not_independent_nominal_count,fzaBatara,1,,,,verified,eb6b0f83839ef18d0242
bfb080c3c31d4d1f25fe,fzika,TatraJata,Where this was born. (4.3.25),aR,Arzika,1,4.2.132,kashika_4_2.rs:507,0,source_conditioned_relation_not_independent_nominal_count,Arzika,1,,,,verified,109ff433af8762a3e8d4
a0c4f9635ce5ae249e26,gAnDAri,Janapada,Country. (4.1.168),aY,gAnDAra,1,4.1.169,kashika_4_1.rs:853,0,source_conditioned_relation_not_independent_nominal_count,gAnDAra,1,,,,verified,74d9f0efacf469f59123
16190f2ac52be1ce1e85,gAreDa,TasyaApatyam,Descendant. (4.1.92),PiY,gAreDakAyani,1,4.1.158,kashika_4_1.rs:796,0,source_conditioned_relation_not_independent_nominal_count,gAreDakAyani,1,,,,verified,6e41b64f849e0e224425
3e4a14d2189755b36282,gAreDa,TasyaApatyam,Descendant. (4.1.92),iY,gAreDi,1,4.1.158,kashika_4_1.rs:797,0,source_conditioned_relation_not_independent_nominal_count,gAreDi,1,,,,verified,df5107c966a7bbf32726
75f0a1bb86c2b266e38b,gArgIputra,TasyaApatyam,Descendant. (4.1.92),iY,gArgIputri,1,4.1.159,kashika_4_1.rs:808,0,source_conditioned_relation_not_independent_nominal_count,gArgIputri,1,,,,verified,b074cad03165130f0068
c254c31c87ab9f784c9a,gaRa,Labdha,What one has obtained. (4.4.85),yat,gaRya,1,4.4.84,kashika_4_4.rs:558,0,source_conditioned_relation_not_independent_nominal_count,gaRya,1,,,,verified,d45d788dcb2ab86fd524
7c15510daca1ccc6d519,gaRikA,TasyaSamuha,A collection of this. (4.2.37),yaY,gARikya,1,4.2.40,kashika_4_2.rs:160,0,source_conditioned_relation_not_independent_nominal_count,gARikya,1,,,,verified,9f56e7e9dd2f18246e38
2bdb2765b459803e926b,gaha,TatraJata,Where this was born. (4.3.25),Ca,gahIya,1,4.2.138,kashika_4_2.rs:520,0,source_conditioned_relation_not_independent_nominal_count,gahIya,1,,,,verified,514d513bb6382de18cf9
a929d5bfb4e5e27f0d9e,gaja,TasyaSamuha,A collection of this. (4.2.37),tal,gajatA,1,4.2.43,kashika_4_2.rs:191,0,source_conditioned_relation_not_independent_nominal_count,gajatA,1,,,,verified,889ece33163be75a0868
c26704cc5182a44ee266,gamBIra,TatraBhava,Where this stays or exists. (4.3.53),Yya,gAmBIrya,1,4.3.58,kashika_4_3.rs:226,0,source_conditioned_relation_not_independent_nominal_count,gAmBIrya,1,,,,verified,1646e8c3a9c10b76720a
196d3a554ef83e063b18,gaqu,TadAsyaAstiAsmin,What one has or is in. (5.2.94),lac,gaqula,1,5.2.97,kashika_5_2.rs:403,0,source_conditioned_relation_not_independent_nominal_count,gaqula,1,,,,verified,9440f7f555ea71739b17
6b76ee86f187ed3335bd,gaqu,TadAsyaAstiAsmin,What one has or is in. (5.2.94),matup,gaqumat,1,5.2.97,kashika_5_2.rs:404,0,source_conditioned_relation_not_independent_nominal_count,gaqumat,1,,,,verified,346048e215e81400a837
806310bdd423c1120574,garBiRI,TasyaSamuha,A collection of this. (4.2.37),aR,gArBiRa,1,4.2.38,kashika_4_2.rs:148,0,source_conditioned_relation_not_independent_nominal_count,gArBiRa,1,,,,verified,7dfbe113ad3f9f698e54
f2c249163a8409f4dbe3,gardaBa,Ajnate,Not known. (5.3.73),ka,gardaBaka,1,5.3.70,kashika_5_3.rs:267,0,source_conditioned_relation_not_independent_nominal_count,gardaBaka,1,,,,verified,a6cd0b47ad377a5f8238
5e3bf6e73598ca4d9fa1,gardaBa,IvePratikrtau,,kan,gardaBaka,1,5.3.96,kashika_5_3.rs:354,0,source_conditioned_relation_not_independent_nominal_count,gardaBaka,1,,,,verified,42a5360b49256ed2abdb
7ba5cad14522b8cb76ae,garga,Gotra,Patronymic lineage. (4.1.98),yaY,gArgya,1,4.1.105;4.1.162,kashika_4_1.rs:538;kashika_4_1.rs:829,1,source_conditioned_relation_not_independent_nominal_count,gArgya,1,,,,verified,46960ebaa9b889e983b7
aa20282e465355e6071d,garga,TasyaApatyam,Descendant. (4.1.92),iY,gArgi,1,4.1.162,kashika_4_1.rs:833,0,source_conditioned_relation_not_independent_nominal_count,gArgi,1,,,,verified,a54b362866b5994a23f1
19bd15526e3e6417f95c,gfhapati,Samyukta,Joined with this. (4.4.90),Yya,gArhapatya,1,4.4.90,kashika_4_4.rs:583,0,source_conditioned_relation_not_independent_nominal_count,gArhapatya,1,,,,verified,9a74503a29e0dfaa9f57
231e256d7042f9c4c6f5,gfzwi,TasyaApatyam,Descendant. (4.1.92),QaY,gArzweya,1,4.1.136,kashika_4_1.rs:723,0,source_conditioned_relation_not_independent_nominal_count,gArzweya,1,,,,verified,f4a762aee82ef91ebbda
5cbeaf37f90089a9e3a7,go,TasmaiHitam,One for whom this is good. (5.1.7),yat,gavya,1,5.1.5,kashika_5_1.rs:59,0,source_conditioned_relation_not_independent_nominal_count,gavya,1,,,,verified,e840724164326ed1155a
d9298699687d1103c3d8,go,TasyaSamuha,A collection of this. (4.2.37),ya,gavyA,1,4.2.50,kashika_4_2.rs:217,0,source_conditioned_relation_not_independent_nominal_count,gavyA,1,,,,verified,2fe991b936352e2a3237
ddcd93981c189b3cbd62,go,TasyaVikara,Modification of this. (4.3.134),mayaw,gomaya,1,4.3.145,kashika_4_3.rs:488,0,source_conditioned_relation_not_independent_nominal_count,gomaya,1,,,,verified,0aaa844b21d16cdb23bb
5696db9a64fb27c3743b,go,TasyaVikara,Modification of this. (4.3.134),yat,gavya,1,4.3.145;4.3.160,kashika_4_3.rs:490;kashika_4_3.rs:524,1,source_conditioned_relation_not_independent_nominal_count,gavya,1,,,,verified,d9ebcfc3a9242b6eef30
9cc48a37bc5a15b5c650,goDA,TasyaApatyam,Descendant. (4.1.92),Arak,gODAra,1,4.1.130,kashika_4_1.rs:702,0,source_conditioned_relation_not_independent_nominal_count,gODAra,1,,,,verified,cb18ab17d3a0aabcb297
2b8435c1b67ecae5a2a7,goDA,TasyaApatyam,Descendant. (4.1.92),Qak,gODeya,1,4.1.129,kashika_4_1.rs:697,0,source_conditioned_relation_not_independent_nominal_count,gODeya,1,,,,verified,db49105956bc4b265ab7
c288d082bf118b9021ec,goDA,TasyaApatyam,Descendant. (4.1.92),Qrak,gODera,1,4.1.129,kashika_4_1.rs:696,0,source_conditioned_relation_not_independent_nominal_count,gODera,1,,,,verified,5105615600ec5be6c554
ac02182ca758149642b7,gopucCa,TenaKritam,What is bought with this. (5.1.37),WaY,gOpucCika,1,5.1.19,kashika_5_1.rs:183,0,source_conditioned_relation_not_independent_nominal_count,gOpucCika,1,,,,verified,abf598103058ed762f61
06a0eaacd8c27c0eaeab,gopucCa,TenaTarati,One who crosses with this. (4.4.5),WaY,gOpucCika,1,4.4.6,kashika_4_4.rs:53,0,source_conditioned_relation_not_independent_nominal_count,gOpucCika,1,,,,verified,5a0a55bf75ff843c0bb6
6d506bd7d9b97f42b4d6,gozWa,BhutaPurva,Formerly this. (5.2.18),KaY,gOzWIna,1,5.2.18,kashika_5_2.rs:116,0,source_conditioned_relation_not_independent_nominal_count,gOzWIna,1,,,,verified,d43d3f7f72123f4becd2
6497809d45735c15f60e,gozada,TadAsyaAstiAsmin,What one has or is in. (5.2.94),vun,gozadaka,1,5.2.62,kashika_5_2.rs:325,0,source_conditioned_relation_not_independent_nominal_count,gozadaka,1,,,,verified,273f4db04ffaa33aaa62
873472da604231931c27,grAma,TasyaSamuha,A collection of this. (4.2.37),tal,grAmatA,1,4.2.43,kashika_4_2.rs:183,0,source_conditioned_relation_not_independent_nominal_count,grAmatA,1,,,,verified,96717f25dcdf1ae50b05
5a342ef82c505c12314e,grAma,TatraJata,Where this was born. (4.3.25),KaY,grAmIRa,1,4.3.25,kashika_4_3.rs:89,0,source_conditioned_relation_not_independent_nominal_count,grAmIRa,1,,,,verified,789cd5aa1d12c3b8cf9e
b39037f5b4eac563a4e8,grAma,TatraJata,Where this was born. (4.3.25),ya,grAmya,1,4.3.25,kashika_4_3.rs:88,0,source_conditioned_relation_not_independent_nominal_count,grAmya,1,,,,verified,594f826c37516fa1f16b
e71ae9cb45ff7dd40bb7,grAmarakza,TasyaApatyam,Descendant. (4.1.92),PiY,grAmarakzAyaRi,1,4.1.157,kashika_4_1.rs:789,0,source_conditioned_relation_not_independent_nominal_count,grAmarakzAyaRi,1,,,,verified,d1987e44df9d170a9c08
c449884330c5d4b6ff50,grIvA,TatraBhava,Where this stays or exists. (4.3.53),QaY,grEveya,1,4.3.57,kashika_4_3.rs:221,0,source_conditioned_relation_not_independent_nominal_count,grEveya,1,,,,verified,5dca354ed72059d1ff13
41730dd61e4f7e6f40ad,grIvA,TatraBhava,Where this stays or exists. (4.3.53),aR,grEva,1,4.3.57,kashika_4_3.rs:220,0,source_conditioned_relation_not_independent_nominal_count,grEva,1,,,,verified,811f2ec2f6f9670e4730
f2baf7651a5fe7cbd4a0,grIzma,TatraSambhute,Where this was adapted. (4.3.41),aR,grEzma,1,4.3.46,kashika_4_3.rs:190,0,source_conditioned_relation_not_independent_nominal_count,grEzma,1,,,,verified,9a7ecc489c0fce619f01
5346739e51195656e015,grIzma,TatraSambhute,Where this was adapted. (4.3.41),vuY,grEzmaka,1,4.3.46,kashika_4_3.rs:189,0,source_conditioned_relation_not_independent_nominal_count,grEzmaka,1,,,,verified,08654024aeed890fee13
c927208ccab602ba064c,gulma,Avakraya,What is taxed. (4.4.50),Wak,gOlmika,1,4.4.50,kashika_4_4.rs:360,0,source_conditioned_relation_not_independent_nominal_count,gOlmika,1,,,,verified,3a16761eace43447ee45
5625d418d6cfad239faa,gulma,Niyuktam,Where one is appointed. (4.4.69),Wak,gOlmika,1,4.4.69,kashika_4_4.rs:475,0,source_conditioned_relation_not_independent_nominal_count,gOlmika,1,,,,verified,3ff2c8f83dde91eec6d6
3602bdd2a6c4f97782f7,gulma,TasyaDharmyam,One who has this custom. (4.4.47),Wak,gOlmika,1,4.4.47,kashika_4_4.rs:335,0,source_conditioned_relation_not_independent_nominal_count,gOlmika,1,,,,verified,8c6c1000019ee8e2eb72
f21624cbb2b5147d5bd4,guqa,TatraSadhu,Skilled in this. (4.4.98),WaY,gOqika,1,4.4.103,kashika_4_4.rs:663,0,source_conditioned_relation_not_independent_nominal_count,gOqika,1,,,,verified,6eeee8f9e6d547ecc87f
4b9b6ee12786d60b6dd9,hAstipada,TasyaIdam,One who has this. (4.3.120),aR,hAstipada,1,4.3.132,kashika_4_3.rs:420,0,source_conditioned_relation_not_independent_nominal_count,hAstipada,1,,,,verified,886f5e4875b7172ee43b
619f2889f9a343cbb95b,hala,TadVahati,What one bears. (4.4.78),Wak,hAlika,1,4.4.81,kashika_4_4.rs:539,0,source_conditioned_relation_not_independent_nominal_count,hAlika,1,,,,verified,c0fa0a563878c3aef3a7
8f82858b0ee7368dff89,hala,TasyaIdam,One who has this. (4.3.120),Wak,hAlika,1,4.3.124,kashika_4_3.rs:391,0,source_conditioned_relation_not_independent_nominal_count,hAlika,1,,,,verified,872fa3bc8b36a9c2ec44
3bde011d05c0f192442e,hariRa,Hanti,What one kills. (4.4.35),Wak,hAriRika,1,4.4.35,kashika_4_4.rs:251,0,source_conditioned_relation_not_independent_nominal_count,hAriRika,1,,,,verified,1cb870a55eb16b94f6ba
69b34ea55e3222b2d865,hastin,TadAsyaPramanam,Measure. (5.2.37),aR,hAstina,1,5.2.38,kashika_5_2.rs:235,0,source_conditioned_relation_not_independent_nominal_count,hAstina,1,,,,verified,296ee5a6be340fb03509
d4eccf32cf80d5742fc7,hastin,TadAsyaPramanam,Measure. (5.2.37),daGnac,hastidaGna,1,5.2.38,kashika_5_2.rs:237,0,source_conditioned_relation_not_independent_nominal_count,hastidaGna,1,,,,verified,ea63c0a991d72ba6c648
d0a1e493af0e1204f447,hastin,TadAsyaPramanam,Measure. (5.2.37),dvayasac,hastidvayasa,1,5.2.38,kashika_5_2.rs:236,0,source_conditioned_relation_not_independent_nominal_count,hastidvayasa,1,,,,verified,eba32710389f47e5f1fa
0be87e0a4598e156792b,hastin,TadAsyaPramanam,Measure. (5.2.37),mAtrac,hastimAtra,1,5.2.38,kashika_5_2.rs:238,0,source_conditioned_relation_not_independent_nominal_count,hastimAtra,1,,,,verified,8cdd2349df2e7522ab1b
fcd68d32291f6ce008cf,hastin,TenaCarati,One who walks or eats with this. (4.4.8),Wak,hAstika,1,4.4.8,kashika_4_4.rs:67,0,source_conditioned_relation_not_independent_nominal_count,hAstika,1,,,,verified,c64cb2b8d40ed569ad3b
45dc36405670ead3b4cc,hemanta,TatraJata,Where this was born. (4.3.25),aR,hEmana,1,4.3.22,kashika_4_3.rs:75,0,source_conditioned_relation_not_independent_nominal_count,hEmanta,1,hEmana,hEmanta,,engine_mismatch_not_admitted,
ce7a19e540e106bad994,hfdaya,Priya,Dear to this. (4.4.95),yat,hfdya,1,4.4.95,kashika_4_4.rs:619,0,source_conditioned_relation_not_independent_nominal_count,hfdya,1,,,,verified,908a23292b3f6a2f163d
54c5c988e59b42c0e668,hfzwi,TasyaApatyam,Descendant. (4.1.92),QaY,hArzweya,1,4.1.136,kashika_4_1.rs:724,0,source_conditioned_relation_not_independent_nominal_count,hArzweya,1,,,,verified,4dff37b5b1f37439afe5
3da48b1003f55a16d0c7,himavat,TatraBhava,Where this stays or exists. (4.3.53),aR,hEmavata,1,4.4.112,kashika_4_4.rs:699,0,source_conditioned_relation_not_independent_nominal_count,hEmavata,1,,,,verified,7a92c6a764333d49c0b1
e1a1732552222aa8a10e,hiraRya,TatraKama,A desire for which. (5.2.65),kan,hiraRyaka,1,5.2.65,kashika_5_2.rs:344,0,source_conditioned_relation_not_independent_nominal_count,hiraRyaka,1,,,,verified,8e91e26f96701c2f5e96
b20aefcaab152fa61666,idaMyuga,TatraSadhu,Skilled in this. (4.4.98),KaY,EdaMyugIna,1,4.4.99,kashika_4_4.rs:640,0,source_conditioned_relation_not_independent_nominal_count,EdaMyugIna,1,,,,verified,102ff5a5951497ff6253
ae6fb307b88df72c3f2f,idam,Parimana,Volume. (5.2.39),vatup,iyat,1,5.2.40,kashika_5_2.rs:251,0,source_conditioned_relation_not_independent_nominal_count,iyat,1,,,,verified,0fe74c1e4c30217b6a30
5184ad473f98e0de751d,ikzvAku,Janapada,Country. (4.1.168),aY,EkzvAka,1,4.1.168,kashika_4_1.rs:839,0,source_conditioned_relation_not_independent_nominal_count,EkzvAka,1,,,,verified,d9dbcf1c49118e8a9b16
0d256c9e4a9a4563d223,indra,SaAsyaDevata,Having this as a god. (4.2.24),aR,Endra,1,4.2.24,kashika_4_2.rs:58,0,source_conditioned_relation_not_independent_nominal_count,Endra,1,,,,verified,f75d1d7e375b349f2fb9
bd6fc59385eb3ef82c7c,izetvA,TadAsyaAstiAsmin,What one has or is in. (5.2.94),vun,izetvaka,1,5.2.62,kashika_5_2.rs:326,0,source_conditioned_relation_not_independent_nominal_count,izetvaka,1,,,,verified,d55d30168c9775e7e696
dc915a3ad23dbf43907c,jAnu,TadAsyaPramanam,Measure. (5.2.37),daGnac,jAnudaGna,1,5.2.37,kashika_5_2.rs:221,0,source_conditioned_relation_not_independent_nominal_count,jAnudaGna,1,,,,verified,bf6ea76c5dc329fb40ff
dff4ef2fed11bd6df11f,jAnu,TadAsyaPramanam,Measure. (5.2.37),dvayasac,jAnudvayasa,1,5.2.37,kashika_5_2.rs:220,0,source_conditioned_relation_not_independent_nominal_count,jAnudvayasa,1,,,,verified,921223d2ce3e479d0441
da3d3c1898c2adf65523,jAnu,TadAsyaPramanam,Measure. (5.2.37),mAtrac,jAnumAtra,1,5.2.37,kashika_5_2.rs:222,0,source_conditioned_relation_not_independent_nominal_count,jAnumAtra,1,,,,verified,41c6c35d51145aa2ce90
52f46f63185315188ce4,jAnuprahfta,TenaNirvrtte,Completed with. (4.4.19),Wak,jAnuprahftika,1,4.4.19,kashika_4_4.rs:141,0,source_conditioned_relation_not_independent_nominal_count,jAnuprahftika,1,,,,verified,1994ed707f3684efa45b
799b1ee879e1416831db,jIvanta,Gotra,Patronymic lineage. (4.1.98),Pak,jEvantAyana,1,4.1.103,kashika_4_1.rs:526,0,source_conditioned_relation_not_independent_nominal_count,jEvantAyana,1,,,,verified,1858dba0555733bea415
bc9e16dd104e079b4a05,jIvanta,Gotra,Patronymic lineage. (4.1.98),iY,jEvanti,1,4.1.103,kashika_4_1.rs:527,0,source_conditioned_relation_not_independent_nominal_count,jEvanti,1,,,,verified,1fea0b831f1ab72140a1
e2e76ee02c61306ea287,jaGana,IvePratikrtau,,yat,jaGanya,1,5.3.103,kashika_5_3.rs:368,0,source_conditioned_relation_not_independent_nominal_count,jaGanya,1,,,,verified,00274a82ac11c412ab04
561db1cd5bb24c49d2e3,jaNgalapaTa,Ahrtam,What is conveyed by that way. (5.1.77),WaY,jANgalapaTika,1,5.1.77,kashika_5_1.rs:502,0,source_conditioned_relation_not_independent_nominal_count,jANgalapaTika,1,,,,verified,d3695b335d45da275255
6202a8b73298359a1060,jaNgalapaTa,Gacchati,Who goes. (5.1.75),WaY,jANgalapaTika,1,5.1.77,kashika_5_1.rs:501,0,source_conditioned_relation_not_independent_nominal_count,jANgalapaTika,1,,,,verified,9239eed7d8b282a7cb58
8ebbf3f6c52d3343650c,janI,TadVahati,What one bears. (4.4.78),yat,janya,1,4.4.82,kashika_4_4.rs:545,0,source_conditioned_relation_not_independent_nominal_count,janya,1,,,,verified,c33d22c52be506186415
2b970ff639bc772980ec,jana,TasyaSamuha,A collection of this. (4.2.37),tal,janatA,1,4.2.43,kashika_4_2.rs:184,0,source_conditioned_relation_not_independent_nominal_count,janatA,1,,,,verified,2f83399dcd40ba596898
c972c6eb9730a5ee1d39,jatu,TasyaVikara,Modification of this. (4.3.134),aR,jAtuza,1,4.3.138,kashika_4_3.rs:451,0,source_conditioned_relation_not_independent_nominal_count,jAtava,1,jAtuza,jAtava,,engine_mismatch_not_admitted,
08cbd432381ebf7ebe17,jihvAmUla,TatraBhava,Where this stays or exists. (4.3.53),Ca,jihvAmUlIya,1,4.3.62,kashika_4_3.rs:239,0,source_conditioned_relation_not_independent_nominal_count,jihvAmUlIya,1,,,,verified,13da8ab403709f53c6bc
164ec410675bc3f32ba7,kARqaplava,TenaTarati,One who crosses with this. (4.4.5),Wak,kARqaplavika,1,4.4.5,kashika_4_4.rs:48,0,source_conditioned_relation_not_independent_nominal_count,kARqaplavika,1,,,,verified,02dba02203b622e23d6c
a89be15b07ebe4c4ed1d,kASyapa,TenaProktam,What is proclaimed by this person. (4.3.101),Rini,kASyapin,1,4.3.103,kashika_4_3.rs:326,0,source_conditioned_relation_not_independent_nominal_count,kASyapin,1,,,,verified,22ab7f66c1845581781f
48a935038b06b13e10b6,kAka,TasyaSamuha,A collection of this. (4.2.37),aR,kAka,1,4.2.37,kashika_4_2.rs:141,0,source_conditioned_relation_not_independent_nominal_count,kAka,1,,,,verified,dfd3b23042014982c33f
93c7be27bb5d4b929eeb,kAkatIra,TatraJata,Where this was born. (4.3.25),aY,kAkatIra,1,4.2.106,kashika_4_2.rs:458,0,source_conditioned_relation_not_independent_nominal_count,kAkatIra,1,,,,verified,adfd5d002663ad8b858f
64d2b5358f5085ebb759,kAntArapaTa,Ahrtam,What is conveyed by that way. (5.1.77),WaY,kAntArapaTika,1,5.1.77,kashika_5_1.rs:508,0,source_conditioned_relation_not_independent_nominal_count,kAntArapaTika,1,,,,verified,4ca87a865a6207b279b4
cf94ee7e64b53a3ab661,kAntArapaTa,Gacchati,Who goes. (5.1.75),WaY,kAntArapaTika,1,5.1.77,kashika_5_1.rs:507,0,source_conditioned_relation_not_independent_nominal_count,kAntArapaTika,1,,,,verified,25c380bf2d49dd1a4b87
a0fb4df937666d13458e,kOSika,TenaProktam,What is proclaimed by this person. (4.3.101),Rini,kOSikin,1,4.3.103,kashika_4_3.rs:327,0,source_conditioned_relation_not_independent_nominal_count,kOSikin,1,,,,verified,768c0e977208d5030b58
24bd12a38142856df8ae,kOpiYjala,TasyaIdam,One who has this. (4.3.120),aR,kOpiYjala,1,4.3.132,kashika_4_3.rs:419,0,source_conditioned_relation_not_independent_nominal_count,kOpiYjala,1,,,,verified,233615169dc1e429dd90
33eff3ac9eeac831827c,kUcavAra,AsyaNivasa,Dwelling. (4.3.89),yak,kOcavArya,1,4.3.94,kashika_4_3.rs:307,0,source_conditioned_relation_not_independent_nominal_count,kOcavArya,1,,,,verified,858f97b7ecbd63f0d8f9
cb21cb404d599b5d6565,ka,SaAsyaDevata,Having this as a god. (4.2.24),aR,kAya,1,4.2.25,kashika_4_2.rs:66,0,source_conditioned_relation_not_independent_nominal_count,ka,1,kAya,ka,,engine_mismatch_not_admitted,
de3fa66579362630ad48,kaMsa,TenaKritam,What is bought with this. (5.1.37),wiWan,kaMsika,1,5.1.25,kashika_5_1.rs:226,0,source_conditioned_relation_not_independent_nominal_count,kaMsika,1,,,,verified,0d4b2356bf56a9bff4c3
60f93ca6a3f144f454e0,kaRWa,TasmaiHitam,One for whom this is good. (5.1.7),yat,kaRWya,1,5.1.6,kashika_5_1.rs:68,0,source_conditioned_relation_not_independent_nominal_count,kaRWya,1,,,,verified,73ca4b2e7d18147ad759
ce22a59c4240d125ab2b,kaRa,Unchati,What is gleaned. (4.4.32),Wak,kARika,1,4.4.32,kashika_4_4.rs:225,0,source_conditioned_relation_not_independent_nominal_count,kARika,1,,,,verified,a0c8b4de99588e8151a5
cf7dbe771f754de3640a,kaTA,TatraSadhu,Skilled in this. (4.4.98),Wak,kATika,1,4.4.102,kashika_4_4.rs:657,0,source_conditioned_relation_not_independent_nominal_count,kATika,1,,,,verified,1a0cde536e10bae789f8
f06b538049161ad6dfda,kaWa,TenaProktam,What is proclaimed by this person. (4.3.101),Rini,kaWa,1,4.3.107,kashika_4_3.rs:332,0,source_conditioned_relation_not_independent_nominal_count,kaWa,1,,,,verified,49c56405589d7973cc6d
fd836830b916d02988e1,kacCa,TatraJata,Where this was born. (4.3.25),aR,kAcCa,1,4.2.133,kashika_4_2.rs:513,0,source_conditioned_relation_not_independent_nominal_count,kAcCa,1,,,,verified,40941d9834d91587a853
95d75ffd208d4317a0fb,kalApin,TenaProktam,What is proclaimed by this person. (4.3.101),aR,kAlApina,1,4.3.108,kashika_4_3.rs:339,0,source_conditioned_relation_not_independent_nominal_count,kAlApa,1,kAlApina,kAlApa,,engine_mismatch_not_admitted,
07846b5377a27fa7c4c7,kalaSa,SamskrtamBhaksha,Food that is prepared with this vessel or medium. (4.2.16),aR,kAlaSa,1,4.2.16,kashika_4_2.rs:30,0,source_conditioned_relation_not_independent_nominal_count,kAlaSa,1,,,,verified,039150912ba726a4dd30
11c2c196926a24c1e3dd,kalaSi,TatraBhava,Where this stays or exists. (4.3.53),QaY,kAlaSeya,1,4.3.56,kashika_4_3.rs:212,0,source_conditioned_relation_not_independent_nominal_count,kAlaSeya,1,,,,verified,c0fa20d76b24af3d148b
4a718728f9b9a5b440c6,kalakUwa,Janapada,Country. (4.1.168),iY,kAlakUwi,1,4.1.173,kashika_4_1.rs:899,0,source_conditioned_relation_not_independent_nominal_count,kAlakUwi,1,,,,verified,074063a02312a956245a
fe1ac6b3cc0d99c6be06,kaliNga,Janapada,Country. (4.1.168),aR,kAliNga,1,4.1.170,kashika_4_1.rs:861,0,source_conditioned_relation_not_independent_nominal_count,kAliNga,1,,,,verified,f9362029352543492d9c
e30c92090ef4dfb206b1,kalyARI,TasyaApatyam,Descendant. (4.1.92),Qak,kalyARineya,1,4.1.126,kashika_4_1.rs:672,0,source_conditioned_relation_not_independent_nominal_count,kAlyAReya,1,kalyARineya,kAlyAReya,,engine_mismatch_not_admitted,
bab51f43b57624ec3e40,kambala,TasmaiHitam,One for whom this is good. (5.1.7),Ca,kambalIya,1,5.1.3,kashika_5_1.rs:34,0,source_conditioned_relation_not_independent_nominal_count,kambalIya,1,,,,verified,06333cf4d0ca592a5042
16c6de4ce60deb7120e5,kamboja,Janapada,Country. (4.1.168),aY,kamboja,1,4.1.175,kashika_4_1.rs:905,0,source_conditioned_relation_not_independent_nominal_count,kamboja,1,,,,verified,20f2bccaeb0d705d1eaf
2758aacb73380606fb68,kapAlikA,IvePratikrtau,,aR,kApAlika,1,5.3.107,kashika_5_3.rs:379,0,source_conditioned_relation_not_independent_nominal_count,kApAlika,1,,,,verified,aba7a5501538ab40ae41
cd09e48e2ba0f92adb2d,kapawu,TasyaApatyam,Descendant. (4.1.92),aR,kApawava,1,4.1.83,kashika_4_1.rs:422,0,source_conditioned_relation_not_independent_nominal_count,kApawava,1,,,,verified,ad0b6d5c0cd41d9cd7ba
5bba27951749bb1376c1,kapi,Gotra,Patronymic lineage. (4.1.98),Qak,kApeya,1,4.1.107,kashika_4_1.rs:556,0,source_conditioned_relation_not_independent_nominal_count,kApeya,1,,,,verified,0fa8c6fe59277c69f75e
1cab50acd2790bf8ff3a,kapi,Gotra,Patronymic lineage. (4.1.98),yaY,kApya,1,4.1.107,kashika_4_1.rs:553,0,source_conditioned_relation_not_independent_nominal_count,kApya,1,,,,verified,bb94521c492a655ee757
d5bad921f441015d875f,kapota,TasyaVikara,Modification of this. (4.3.134),aR,kApota,1,4.3.135,kashika_4_3.rs:425,0,source_conditioned_relation_not_independent_nominal_count,kApota,1,,,,verified,5e898e9282387749a692
a32f4fbc4fd4f941afe3,kaqaNkara,TadArhati,One deserves this. (5.1.63),Ca,kaqaNkarIya,1,5.1.69,kashika_5_1.rs:430,0,source_conditioned_relation_not_independent_nominal_count,kaqaNkarIya,1,,,,verified,95e0e82773cdbf899e5c
811026cf8a7aa48a3198,kaqaNkara,TadArhati,One deserves this. (5.1.63),yat,kaqaNkarya,1,5.1.69,kashika_5_1.rs:431,0,source_conditioned_relation_not_independent_nominal_count,kaqaNkarya,1,,,,verified,050a648a7de0c953065e
e0b77a60d9af6ffb879b,karIra,TasyaVikara,Modification of this. (4.3.134),aR,kArIra,1,4.3.135,kashika_4_3.rs:429,0,source_conditioned_relation_not_independent_nominal_count,kArIra,1,,,,verified,ee049b302a3aab8ae647
2963eae9d90fcac0475c,karRa,TasyaPakamula,The ripening season of this. (5.2.24),jAhac,karRajAha,1,5.2.24,kashika_5_2.rs:134,0,source_conditioned_relation_not_independent_nominal_count,karRajAha,1,,,,verified,0b67bfa38f93923e3cb1
37c25172bc8a9419c3ad,karRa,TatraBhava,Where this stays or exists. (4.3.53),kan,karRaka,1,4.3.65,kashika_4_3.rs:256,0,source_conditioned_relation_not_independent_nominal_count,karRaka,1,,,,verified,adf80ab08b17f8bae185
42deb217dd0f7cf42d61,karaBa,TasmaiHitam,One for whom this is good. (5.1.7),Ca,karaBIya,1,5.1.1,kashika_5_1.rs:17,0,source_conditioned_relation_not_independent_nominal_count,karaBIya,1,,,,verified,0ce57b4e2ba983c651c3
91ed3b655c76e4ac6437,kardamA,TenaRaktam,One dyed by this. (4.2.1),Wak,kArdamika,1,4.2.2,kashika_4_2.rs:24,0,source_conditioned_relation_not_independent_nominal_count,kArdamika,1,,,,verified,e3e636ee05eb8cb7f7cc
2383249278ffd45a51ce,karka,IvePratikrtau,,Ikak,kArkIka,1,5.3.110,kashika_5_3.rs:396,0,source_conditioned_relation_not_independent_nominal_count,kArkIka,1,,,,verified,2e040b44e05910e1e5fa
ebb23f1705d557bb402e,karkanDu,TasyaPakamula,The ripening season of this. (5.2.24),kuRap,karkanDukuRa,1,5.2.24,kashika_5_2.rs:133,0,source_conditioned_relation_not_independent_nominal_count,karkanDukuRa,1,,,,verified,f473b8f7444a0b728e21
e33b185f13c66b4e5e59,karman,TatraSadhu,Skilled in this. (4.4.98),yat,karmaRya,1,4.4.98,kashika_4_4.rs:633,0,source_conditioned_relation_not_independent_nominal_count,karmaRya,1,,,,verified,dac4cacffbae333da371
5ab373d21ca6e25e3d62,karmanda,TenaProktam,What is proclaimed by this person. (4.3.101),ini,karmandin,1,4.3.111,kashika_4_3.rs:356,0,source_conditioned_relation_not_independent_nominal_count,karmandin,1,,,,verified,9494dde29424d4eaa5b9
48fcb0095f51a75ff134,katri,TatraJata,Where this was born. (4.3.25),QakaY,kAtreyaka,1,4.3.25,kashika_4_3.rs:90,0,source_conditioned_relation_not_independent_nominal_count,kAtreyaka,1,,,,verified,264975a4ab8f9a81c53a
522abf61acd96ad4ffa1,kavacin,TasyaSamuha,A collection of this. (4.2.37),WaY,kAvacika,1,4.2.41,kashika_4_2.rs:165,0,source_conditioned_relation_not_independent_nominal_count,kAvacika,1,,,,verified,9c10f3e1246ab20b4e04
e6f3317c1f5b43b54363,kavarga,TatraBhava,Where this stays or exists. (4.3.53),Ca,kavargIya,1,4.3.63,kashika_4_3.rs:247,0,source_conditioned_relation_not_independent_nominal_count,kavargIya,1,,,,verified,5f114fb1ea7de1ce362c
f5d160145525c031140b,kazAya,TenaRaktam,One dyed by this. (4.2.1),aR,kAzAya,1,4.2.1,kashika_4_2.rs:14,0,source_conditioned_relation_not_independent_nominal_count,kAzAya,1,,,,verified,864568beac4cb85266d6
129491f2ead55282f8b1,keSa,TasyaSamuha,A collection of this. (4.2.37),Wak,kESika,1,4.2.48,kashika_4_2.rs:203,0,source_conditioned_relation_not_independent_nominal_count,kESika,1,,,,verified,0db0858117b3035d2f98
e55c86d563e3d235a41f,keSa,TasyaSamuha,A collection of this. (4.2.37),yaY,kESya,1,4.2.48,kashika_4_2.rs:202,0,source_conditioned_relation_not_independent_nominal_count,kESya,1,,,,verified,caebabc6815f00b65916
882f53bd90586ee2a171,kedAra,TasyaSamuha,A collection of this. (4.2.37),WaY,kEdArika,1,4.2.41,kashika_4_2.rs:166,0,source_conditioned_relation_not_independent_nominal_count,kEdArika,1,,,,verified,c20d5b12f5c5e17292e5
a83ebffe672c12c24a14,kedAra,TasyaSamuha,A collection of this. (4.2.37),vuY,kEdAraka,1,4.2.40,kashika_4_2.rs:154,0,source_conditioned_relation_not_independent_nominal_count,kEdAraka,1,,,,verified,14ef6ced4b8fa8935352
c2b77cff4c5b763e0aef,kedAra,TasyaSamuha,A collection of this. (4.2.37),yaY,kEdArya,1,4.2.40,kashika_4_2.rs:155,0,source_conditioned_relation_not_independent_nominal_count,kEdArya,1,,,,verified,d2971b93b861d105986b
ddf20458c9315946fd90,kfSASva,TenaProktam,What is proclaimed by this person. (4.3.101),ini,kfSASvin,1,4.3.111,kashika_4_3.rs:357,0,source_conditioned_relation_not_independent_nominal_count,kfSASvin,1,,,,verified,fbbcbc48e6c4f5509529
6a0bbcaec0f474eac81d,kfkaRa,TataAgata,Where one came from. (4.3.74),aR,kArkaRa,1,4.3.76,kashika_4_3.rs:271,0,source_conditioned_relation_not_independent_nominal_count,kArkaRa,1,,,,verified,e5e145597161548a0bd7
c84b7dd40f1fa6ecf075,kfzI,TadAsyaAstiAsmin,What one has or is in. (5.2.94),valac,kfzIvala,1,5.2.112,kashika_5_2.rs:431,0,source_conditioned_relation_not_independent_nominal_count,kfzIvala,1,,,,verified,ae0d735fadadfbe53ffc
5c80a522af1caeb385c3,kiSara,TadAsyaPanyam,One who sells this item. (4.4.51),zWan,kiSarika,1,4.4.53,kashika_4_4.rs:378,0,source_conditioned_relation_not_independent_nominal_count,kiSarika,1,,,,verified,4449b6f64f9bcd8b52dc
75e77bbbd291f7554df7,kim,BahunamEka,One of many. (5.3.93),qatamac,katama,1,5.3.93,kashika_5_3.rs:338,0,source_conditioned_relation_not_independent_nominal_count,katama,1,,,,verified,a4f70f768cb116566ab9
3f1d9c70e9863de62a41,kim,DvayorEka,One of two. (5.3.92),qatarac,katara,1,5.3.92,kashika_5_3.rs:331,0,source_conditioned_relation_not_independent_nominal_count,katara,1,,,,verified,ef5b55c43137ab2a13c8
7e28cd8c16802b855832,kim,Parimana,Volume. (5.2.39),qati,kati,1,5.2.41,kashika_5_2.rs:256,0,source_conditioned_relation_not_independent_nominal_count,kati,1,,,,verified,5efdce94f53fbd8f8744
f5c30b6442f572a8f4e7,kim,Parimana,Volume. (5.2.39),vatup,kiyat,1,5.2.40,kashika_5_2.rs:250,0,source_conditioned_relation_not_independent_nominal_count,kiyat,1,,,,verified,351fc7fd344f4178d970
26e9bec8f715f6fc1c71,koSa,TatraSambhute,Where this was adapted. (4.3.41),QaY,kOSeya,1,4.3.42,kashika_4_3.rs:177,0,source_conditioned_relation_not_independent_nominal_count,kOSeya,1,,,,verified,fa4e314a649f941e7692
15811e9a314f5c0d8ee0,kosala,Janapada,Country. (4.1.168),YyaN,kOsalya,1,4.1.171,kashika_4_1.rs:876,0,source_conditioned_relation_not_independent_nominal_count,kOsalya,1,,,,verified,54b7dcc2b9d56f5e3ce4
5104ec626915ccb55c8a,kozWAgAra,Niyuktam,Where one is appointed. (4.4.69),Wan,kozWAgArika,1,4.4.70,kashika_4_4.rs:482,0,source_conditioned_relation_not_independent_nominal_count,kozWAgArika,1,,,,verified,6f7b8c7e1730f80f3fef
144f79ced966027a85b1,krama,TadAdhiteTadVeda,What one studies or knows. (4.2.59),vun,kramaka,1,4.2.61,kashika_4_2.rs:265,0,source_conditioned_relation_not_independent_nominal_count,kramaka,1,,,,verified,d4b11b697a3c26498c4b
adcdaeec9587e8c0dc54,kraya,TenaJivati,One who lives with this. (4.4.12),Wan,krayika,1,4.4.13,kashika_4_4.rs:102,0,source_conditioned_relation_not_independent_nominal_count,krayika,1,,,,verified,a968db6bbd784c68de00
122934a98fa7032e34bd,krayavikraya,TenaJivati,One who lives with this. (4.4.12),Wan,krayavikrayika,1,4.4.13,kashika_4_4.rs:104,0,source_conditioned_relation_not_independent_nominal_count,krayavikrayika,1,,,,verified,cda102f781d288e77735
2a93d53677a12e2b6eb9,kroSaSata,AbhigamanamArhati,Who deserves approach (5.1.74 vArttika),WaY,krOSaSatika,1,5.1.74,kashika_5_1.rs:472,0,source_conditioned_relation_not_independent_nominal_count,krOSaSatika,1,,,,verified,317d6015691940756338
6f99dd993f55b44375f3,kuSAgra,IvePratikrtau,,Ca,kuSAgrIya,1,5.3.105,kashika_5_3.rs:373,0,source_conditioned_relation_not_independent_nominal_count,kuSAgrIya,1,,,,verified,ab4e47ac4623a5b815db
53512f497c50a27e26be,kuYja,Gotra,Patronymic lineage. (4.1.98),cPaY,kOYjAyana,1,4.1.98,kashika_4_1.rs:495,0,source_conditioned_relation_not_independent_nominal_count,kOYjAyana,1,,,,verified,422065a8e523a1691998
a17fd26cce8a3796fb1f,kuYja,TasyaApatyam,Descendant. (4.1.92),iY,kOYji,1,4.1.162;4.1.98,kashika_4_1.rs:498;kashika_4_1.rs:832,1,source_conditioned_relation_not_independent_nominal_count,kOYji,1,,,,verified,0046d2b9e94b7c31c116
f3acbbfe440b70d14715,kuddAla,TenaDivyatiJayatiJitam,"One who gambles, conquers, or is conquered with this. (4.4.2)",Wak,kOddAlika,1,4.4.2,kashika_4_4.rs:28,0,source_conditioned_relation_not_independent_nominal_count,kOddAlika,1,,,,verified,7a98d9c174a9b4376d9a
ccdf8cb893c154fcbd45,kudrava,DhanyanamBhavaneKshetre,"A place of growing, when that place is a field. (5.2.1)",KaY,kOdravIna,1,5.2.1,kashika_5_2.rs:17,0,source_conditioned_relation_not_independent_nominal_count,kOdravIRa,1,kOdravIna,kOdravIRa,,engine_mismatch_not_admitted,
0896e24b8c4b71de25c4,kukkuwI,Pashyati,What one sees. (4.4.46),Wak,kOkkuwika,1,4.4.46,kashika_4_4.rs:327,0,source_conditioned_relation_not_independent_nominal_count,kOkkuwika,1,,,,verified,d74b46243ea610f23131
fb35a7336d787bf2b00f,kukzi,TatraBhava,Where this stays or exists. (4.3.53),QaY,kOkzeya,1,4.3.56,kashika_4_3.rs:211,0,source_conditioned_relation_not_independent_nominal_count,kOkzeya,1,,,,verified,47be41f7e5773ea1cae5
eb6959db8002fa15d6e5,kulAla,TenaKrte,By whom this is made. (4.3.116),vuY,kOlAlaka,1,4.3.118,kashika_4_3.rs:362,0,source_conditioned_relation_not_independent_nominal_count,kOlAlaka,1,,,,verified,a80b4722179d980854a0
78bca7c3f84b7ef6c27c,kula,TasyaApatyam,Descendant. (4.1.92),Ka,kulIna,1,4.1.139;4.1.140,kashika_4_1.rs:741;kashika_4_1.rs:748,1,source_conditioned_relation_not_independent_nominal_count,kulIna,1,,,,verified,07a166591e3c342796e6
dc413eae90516c87c234,kula,TasyaApatyam,Descendant. (4.1.92),QakaY,kOleyaka,1,4.1.140,kashika_4_1.rs:747,0,source_conditioned_relation_not_independent_nominal_count,kOleyaka,1,,,,verified,f2659ca88b6287f85930
583c0584fab273cd14e7,kula,TasyaApatyam,Descendant. (4.1.92),yat,kulya,1,4.1.140,kashika_4_1.rs:746,0,source_conditioned_relation_not_independent_nominal_count,kulya,1,,,,verified,794150490a519fc224dc
7af839ad8f94f6d53e53,kulatTa,DhanyanamBhavaneKshetre,"A place of growing, when that place is a field. (5.2.1)",KaY,kOlatTIna,1,5.2.1,kashika_5_2.rs:18,0,source_conditioned_relation_not_independent_nominal_count,kOlatTIna,1,,,,verified,18da5b4e98bdb79ba5fb
8141699b0d1243166576,kulatTa,TenaSamskrtam,Cultured or processed. (4.4.3),aR,kOlatTa,1,4.4.4,kashika_4_4.rs:40,0,source_conditioned_relation_not_independent_nominal_count,kOlatTa,1,,,,verified,c2f13f471d961303a81f
f76c68f593c38832e02d,kulmAza,TatraSadhu,Skilled in this. (4.4.98),WaY,kOlmAzika,1,4.4.103,kashika_4_4.rs:664,0,source_conditioned_relation_not_independent_nominal_count,kOlmAzika,1,,,,verified,41ff50a6c4f7cb6e7727
8669c2accb39e97f6a51,kumBa,SamskrtamBhaksha,Food that is prepared with this vessel or medium. (4.2.16),aR,kOmBa,1,4.2.16,kashika_4_2.rs:31,0,source_conditioned_relation_not_independent_nominal_count,kOmBa,1,,,,verified,63f7ff276653f8699b5b
cf5083f2f0e9d54a82a8,kunti,Janapada,Country. (4.1.168),YyaN,kOntya,1,4.1.171,kashika_4_1.rs:875,0,source_conditioned_relation_not_independent_nominal_count,kOntya,1,,,,verified,8db228712b1b247b2707
7ea7fa6fc059624d784a,kuqava,SambhavatiAharatiPacati,"What is capable of this, or holds this, or cooks this. (5.152)",WaY,kOqavika,1,5.1.52,kashika_5_1.rs:354,0,source_conditioned_relation_not_independent_nominal_count,kOqavika,1,,,,verified,c62599e0ba1138967611
0db0bffc4216012ea2d0,kuqava,TadAsyaParimanam,The measure of this. (5.1.57),WaY,kOqavika,1,5.1.57,kashika_5_1.rs:381,0,source_conditioned_relation_not_independent_nominal_count,kOqavika,1,,,,verified,c12480e7ed36dde01a21
016170b9dd604084e129,kuru,Janapada,Country. (4.1.168),Rya,kOravya,1,4.1.172,kashika_4_1.rs:883,0,source_conditioned_relation_not_independent_nominal_count,kOravya,1,,,,verified,22083738d3982f6a13a5
1f06cc45bcfa229d8d58,kusIda,PrayacchatiGarhyam,One who gives in a contemptible way. (4.4.30),zWan,kusIdika,1,4.4.31,kashika_4_4.rs:217,0,source_conditioned_relation_not_independent_nominal_count,kusIdika,1,,,,verified,3c8bd2def6d3884e37c0
2f8f64f062ffa5ccd76d,kusumBa,TenaRaktam,One dyed by this. (4.2.1),aR,kOsumBa,1,4.2.1,kashika_4_2.rs:16,0,source_conditioned_relation_not_independent_nominal_count,kOsumBa,1,,,,verified,cf51891e4fb79c3b0a67
0355c975568a1fd107d4,kutU,Hrasve,,qupac,kutupa,1,5.3.89,kashika_5_3.rs:308,0,source_conditioned_relation_not_independent_nominal_count,kutupa,1,,,,verified,d3ee2e1a85622b51bcb9
58d233644a23c3b557c3,kuwI,Hrasve,,ra,kuwIra,1,5.3.88,kashika_5_3.rs:300,0,source_conditioned_relation_not_independent_nominal_count,kuwIra,1,,,,verified,6b0a6aa787a970bf03f8
a39574f8fc77a8cecc65,kuwaja,TadDharatiVahatiAvahati,"What one carries away, or conveys, or brings. (5.1.50)",Wak,kOwajika,1,5.1.50,kashika_5_1.rs:339,0,source_conditioned_relation_not_independent_nominal_count,kOwajika,1,,,,verified,b160dc28876fbd35c122
ff49afb8965a9d529c3f,kuwilikA,TenaHarati,One who conveys with this. (4.4.15),aR,kOwilika,1,4.4.18,kashika_4_4.rs:135,0,source_conditioned_relation_not_independent_nominal_count,kOwilika,1,,,,verified,66e3fbb9adb8c806713d
982a32095e661d6c075b,kuzItaka,TasyaApatyam,Descendant. (4.1.92),Qak,kOzItakeya,1,4.1.124,kashika_4_1.rs:658,0,source_conditioned_relation_not_independent_nominal_count,kOzItakeya,1,,,,verified,1f77912d433dc896bf20
2e24896d87db12f0e4ed,kuzItaka,TasyaApatyam,Descendant. (4.1.92),iY,kOzItaki,1,4.1.124,kashika_4_1.rs:660,0,source_conditioned_relation_not_independent_nominal_count,kOzItaki,1,,,,verified,895004e51cb102f2109a
2db370d4acf9b750f3dd,kzIra,SamskrtamBhaksha,Food that is prepared with this vessel or medium. (4.2.16),QaY,kzEreya,1,4.2.20,kashika_4_2.rs:53,0,source_conditioned_relation_not_independent_nominal_count,kzEreya,1,,,,verified,12d3665c898de340ed66
ad3bef6cb224fa1aa851,kzatra,TasyaApatyam,Descendant. (4.1.92),Ga,kzatriya,1,4.1.138,kashika_4_1.rs:736,0,source_conditioned_relation_not_independent_nominal_count,kzatriya,1,,,,verified,74d7da374a6c59e15d35
7226a53f9cec4c58c00e,kzudrA,TenaKrte,By whom this is made. (4.3.116),aY,kzOdra,1,4.3.119,kashika_4_3.rs:368,0,source_conditioned_relation_not_independent_nominal_count,kzOdra,1,,,,verified,30f0e8862fd7cc81c31a
fb8690898e3edb8471d7,lAkzA,TenaRaktam,One dyed by this. (4.2.1),Wak,lAkzika,1,4.2.2,kashika_4_2.rs:21,0,source_conditioned_relation_not_independent_nominal_count,lAkzika,1,,,,verified,bf6637acefd8178321e1
c918cdf293c279c2a808,lalAma,Grhnati,What one takes. (4.4.39),Wak,lAlAmika,1,4.4.40,kashika_4_4.rs:286,0,source_conditioned_relation_not_independent_nominal_count,lAlAmika,1,,,,verified,9807562c138a21c59691
ae06ff48a35c1c9d13c6,lalAwa,Pashyati,What one sees. (4.4.46),Wak,lAlAwika,1,4.4.46,kashika_4_4.rs:326,0,source_conditioned_relation_not_independent_nominal_count,lAlAwika,1,,,,verified,3c729d057353f06a204a
ad83da9890eb0db0ba4a,lalAwa,TatraBhava,Where this stays or exists. (4.3.53),kan,lalAwaka,1,4.3.65,kashika_4_3.rs:257,0,source_conditioned_relation_not_independent_nominal_count,lalAwaka,1,,,,verified,6068ee8ac92938cc2276
2d6c37567ae3373f585c,lavaRa,TadAsyaPanyam,One who sells this item. (4.4.51),WaY,lAvaRika,1,4.4.52,kashika_4_4.rs:372,0,source_conditioned_relation_not_independent_nominal_count,lAvaRika,1,,,,verified,fc219eb03578798ecc85
7b40e4c24b26568925ec,lavaRa,TenaSamsrshte,Mixed with. (4.4.22),Wak,lavaRa,1,4.4.24,kashika_4_4.rs:172,0,source_conditioned_relation_not_independent_nominal_count,lAvaRika,1,lavaRa,lAvaRika,,engine_mismatch_not_admitted,
4609226c39e643bce6b4,lohita,IvePratikrtau,,Ikak,lOhitIka,1,5.3.110,kashika_5_3.rs:397,0,source_conditioned_relation_not_independent_nominal_count,lOhitIka,1,,,,verified,039d3a1eb434e2323bdd
3c296fb2c397be6742eb,mAMsOdana,TadAsmaiDiyateNiyuktam,To whom this is given rightfully. (4.4.66),wiWan,mAMsOdanika,1,4.4.67,kashika_4_4.rs:460,0,source_conditioned_relation_not_independent_nominal_count,mAMsOdanika,1,,,,verified,3c866fb24d2a32dd0a11
771b018f14b8cb0644e2,mARava,TasmaiHitam,One for whom this is good. (5.1.7),KaY,mARavIna,1,5.1.11,kashika_5_1.rs:115,0,source_conditioned_relation_not_independent_nominal_count,mARavIna,1,,,,verified,6ea5ba631c71586e65fa
1694dbcc2b46d952b17c,mARava,TasyaSamuha,A collection of this. (4.2.37),yan,mARavya,1,4.2.42,kashika_4_2.rs:172,0,source_conditioned_relation_not_independent_nominal_count,mARavya,1,,,,verified,760253f4fbd8308fc7f6
a08b51245c9d1702e028,mAkala,TatraJata,Where this was born. (4.3.25),WaY,mAkalika,1,4.3.25,kashika_4_3.rs:87,0,source_conditioned_relation_not_independent_nominal_count,mAkalika,1,,,,verified,4b9760c5206e26ea9b2c
c0c5a5019a60610dcd40,mAlava,TasyaVishayoDeshe,A domain of this. (4.2.52),vuY,mAlavaka,1,4.2.53,kashika_4_2.rs:233,0,source_conditioned_relation_not_independent_nominal_count,mAlavaka,1,,,,verified,9d00ba118926ed4da097
b7a5fd737c6fe8a5637f,mAsa,TamAdhisteBhrtoBhutoBhavi,"For which time one instructs, is paid, existed, or will exist. (5.1.80)",WaY,mAsika,1,5.1.80,kashika_5_1.rs:536,0,source_conditioned_relation_not_independent_nominal_count,mAsika,1,,,,verified,4e5b685ce64e54cdd801
8f45bd3fcb6b1f467a89,mAsa,TenaNirvrttam,Completed by this time. (5.1.79),WaY,mAsika,1,5.1.79;5.1.81,kashika_5_1.rs:527;kashika_5_1.rs:545,1,source_conditioned_relation_not_independent_nominal_count,mAsika,1,,,,verified,f404a73a37c1d470aedc
18ca1b337fbed65f9a6e,mAsa,Vayasi,Age. (5.1.81),KaY,mAsIna,1,5.1.81,kashika_5_1.rs:542,0,source_conditioned_relation_not_independent_nominal_count,mAsIna,1,,,,verified,d685fe1a568892a5c23d
370231bc1cd2b1fb095b,mAsa,Vayasi,Age. (5.1.81),yat,mAsya,1,5.1.81,kashika_5_1.rs:541,0,source_conditioned_relation_not_independent_nominal_count,mAsya,1,,,,verified,9c13539cf163a17a17a3
92af2ce01d931651796a,mAtariSvan,TadAsyaAstiAsmin,What one has or is in. (5.2.94),vun,mAtariSvaka,1,5.2.62,kashika_5_2.rs:327,0,source_conditioned_relation_not_independent_nominal_count,mAtariSvaka,1,,,,verified,7f019f7cd770502383ae
ae3178991a0d4b16dafc,mAtfBoga,TasmaiHitam,One for whom this is good. (5.1.7),Ka,mAtfBogIRa,1,5.1.9,kashika_5_1.rs:101,0,source_conditioned_relation_not_independent_nominal_count,mAtfBogIRa,1,,,,verified,72dc029fb48323182d96
e8a00472f2c0f4ac35f5,mAtfzvasf,TasyaApatyam,Descendant. (4.1.92),CaR,mAtfzvasrIya,1,4.1.134,kashika_4_1.rs:717,0,source_conditioned_relation_not_independent_nominal_count,mAtfzvasrIya,1,,,,verified,6141df4a6e7a34b1e7bb
5378781efd0a5f5c4257,mAtfzvasf,TasyaApatyam,Descendant. (4.1.92),Qak,mAtfzvaseya,1,4.1.134,kashika_4_1.rs:718,0,source_conditioned_relation_not_independent_nominal_count,mAtfzvaseya,1,,,,verified,a8b403e11f902a926903
ac29f4b2d0b536738cb3,mAza,TasmaiHitam,One for whom this is good. (5.1.7),yat,mAzya,1,5.1.7,kashika_5_1.rs:83,0,source_conditioned_relation_not_independent_nominal_count,mAzya,1,,,,verified,93ac13a9a4ed6b6f9404
92505d69441cba147d56,mAza,TenaKritam,What is bought with this. (5.1.37),Wak,mAzika,1,5.1.20;5.1.37,kashika_5_1.rs:194;kashika_5_1.rs:252,1,source_conditioned_relation_not_independent_nominal_count,mAzika,1,,,,verified,350c243b479a3e74adae
7d1dedb37ed0d3d3a76c,mIna,Hanti,What one kills. (4.4.35),Wak,mEnika,1,4.4.35,kashika_4_4.rs:247,0,source_conditioned_relation_not_independent_nominal_count,mEnika,1,,,,verified,a37cd491493d2f93d46e
62998b34f06befc3a818,mUlA,TatraJata,Where this was born. (4.3.25),vun,mUlaka,1,4.3.28,kashika_4_3.rs:111,0,source_conditioned_relation_not_independent_nominal_count,mUlaka,1,,,,verified,79d282f848567f525aef
90051a79f53cc7b82a1f,mUla,AsyaAbarhi,Whose root is removed. (4.4.88),yat,mUlya,1,4.4.88,kashika_4_4.rs:578,0,source_conditioned_relation_not_independent_nominal_count,mUlya,1,,,,verified,52b46abea8ded21eefeb
368e69c60516857eb2f0,maDu,Gotra,Patronymic lineage. (4.1.98),aR,mADava,1,4.1.106,kashika_4_1.rs:545,0,source_conditioned_relation_not_independent_nominal_count,mADava,1,,,,verified,cb0a020d05fdb6cd8cbc
95ca20fe2b9e806728eb,maDu,Gotra,Patronymic lineage. (4.1.98),yaY,mADavya,1,4.1.106,kashika_4_1.rs:544,0,source_conditioned_relation_not_independent_nominal_count,mADavya,1,,,,verified,6c33745bf7fba4553ad7
c95dd2aad1251ddf6f9f,maDuka,TasyaVikara,Modification of this. (4.3.134),aR,mADuka,1,4.3.137,kashika_4_3.rs:445,0,source_conditioned_relation_not_independent_nominal_count,mADuka,1,,,,verified,bb2b4dcec0943200f1cd
95ad46fa82ccc6506fe2,maDya,TatraJata,Where this was born. (4.3.25),aR,maDyama,1,4.3.8,kashika_4_3.rs:43,0,source_conditioned_relation_not_independent_nominal_count,mADya,1,maDyama,mADya,,engine_mismatch_not_admitted,
01b4956bcb03047043f8,maRqUka,TasyaApatyam,Descendant. (4.1.92),Qak,mARqUkeya,1,4.1.119,kashika_4_1.rs:614,0,source_conditioned_relation_not_independent_nominal_count,mARqUkeya,1,,,,verified,782cb31ab3a2a7756b49
1c2c32fa52066fd6ed1f,maRqUka,TasyaApatyam,Descendant. (4.1.92),aR,mARqUka,1,4.1.119,kashika_4_1.rs:612,0,source_conditioned_relation_not_independent_nominal_count,mARqUka,1,,,,verified,fa772ed8efcc1c92e7b1
4b2315f0b684e21edaf8,maRqUka,TasyaApatyam,Descendant. (4.1.92),iY,mARqUki,1,4.1.119,kashika_4_1.rs:613,0,source_conditioned_relation_not_independent_nominal_count,mARqUki,1,,,,verified,2189cce7deb404688b7e
d0c7106ff170c1913e08,maRqUka,TasyaVikara,Modification of this. (4.3.134),aR,mARqUka,1,4.3.137,kashika_4_3.rs:443,0,source_conditioned_relation_not_independent_nominal_count,mARqUka,1,,,,verified,c72154b52aea577dbd51
c1f8b000d479a451b92f,maTura,AsyaNivasa,Dwelling. (4.3.89),aR,mATura,1,4.3.89,kashika_4_3.rs:284,0,source_conditioned_relation_not_independent_nominal_count,mATura,1,,,,verified,cee6d28c4991f55f0a28
d4920224691e24f75435,maTura,TataAgata,Where one came from. (4.3.74),aR,mATura,1,4.3.74,kashika_4_3.rs:264,0,source_conditioned_relation_not_independent_nominal_count,mATura,1,,,,verified,2aae2926e2aec7f2a1df
88ab9553168176b0a066,maTura,TatraBhava,Where this stays or exists. (4.3.53),aR,mATura,1,4.3.53,kashika_4_3.rs:198,0,source_conditioned_relation_not_independent_nominal_count,mATura,1,,,,verified,3d9495e070cec0a0b477
a2936bfb61ef9028fb05,maTura,TatraJata,Where this was born. (4.3.25),aR,mATura,1,4.3.25;4.3.38,kashika_4_3.rs:150;kashika_4_3.rs:81,1,source_conditioned_relation_not_independent_nominal_count,mATura,1,,,,verified,ab5c737124034cea2d01
3f40451c54af97d5c3fd,maTura,TatraPrayabhava,Where this generally occurs. (4.3.39),aR,mATura,1,4.3.39,kashika_4_3.rs:157,0,source_conditioned_relation_not_independent_nominal_count,mATura,1,,,,verified,824a5f244c989b885240
78e39bfa1dd86e025e94,maTura,TatraSambhute,Where this was adapted. (4.3.41),aR,mATura,1,4.3.41,kashika_4_3.rs:171,0,source_conditioned_relation_not_independent_nominal_count,mATura,1,,,,verified,64743f8a187dd9884873
553636d50342fa2997f5,maYjizWa,TenaRaktam,One dyed by this. (4.2.1),aR,mAYjizWa,1,4.2.1,kashika_4_2.rs:15,0,source_conditioned_relation_not_independent_nominal_count,mAYjizWa,1,,,,verified,6b299d0bfa35a550bf12
546df5c13223524ea326,madra,TatraJata,Where this was born. (4.3.25),kan,madraka,1,4.2.131,kashika_4_2.rs:501,0,source_conditioned_relation_not_independent_nominal_count,madraka,1,,,,verified,d79e296cc06f16cd8863
c6f206d71600f8c2dfa0,madrakArA,Janapada,Country. (4.1.168),iY,mAdrakAri,1,4.1.173,kashika_4_1.rs:893,0,source_conditioned_relation_not_independent_nominal_count,mAdrakAri,1,,,,verified,ecc1f5e29c63a7201ad5
c92ec3d7d5a06f888fe3,magaDa,Janapada,Country. (4.1.168),aR,mAgaDa,1,4.1.170,kashika_4_1.rs:860,0,source_conditioned_relation_not_independent_nominal_count,mAgaDa,1,,,,verified,a90861f363a8b22907c4
bdc55ea01e0332ae7020,mahAkula,TasyaApatyam,Descendant. (4.1.92),Ka,mahAkulIna,1,4.1.141,kashika_4_1.rs:755,0,source_conditioned_relation_not_independent_nominal_count,mahAkulIna,1,,,,verified,d2350ae0832bada4f485
12e4944ffa7da6997bcf,mahAkula,TasyaApatyam,Descendant. (4.1.92),KaY,mAhAkulIna,1,4.1.141,kashika_4_1.rs:754,0,source_conditioned_relation_not_independent_nominal_count,mAhAkulIna,1,,,,verified,d4980d480d046a209496
fefb1e52580dbb30859f,mahAkula,TasyaApatyam,Descendant. (4.1.92),aY,mAhAkula,1,4.1.141,kashika_4_1.rs:753,0,source_conditioned_relation_not_independent_nominal_count,mAhAkula,1,,,,verified,a2d71b52ef0e7ade1ac2
9f1cb17325fd449d00bb,mahArAja,SaAsyaDevata,Having this as a god. (4.2.24),WaY,mAhArAjika,1,4.2.35,kashika_4_2.rs:135,0,source_conditioned_relation_not_independent_nominal_count,mAhArAjika,1,,,,verified,66c83e1564545bfe205f
f894f745f659797d1a00,mahendra,SaAsyaDevata,Having this as a god. (4.2.24),Ca,mahendrIya,1,4.2.29,kashika_4_2.rs:96,0,source_conditioned_relation_not_independent_nominal_count,mahendrIya,1,,,,verified,2714d84212b993a7d01a
67ee364a2d574af9fea5,mahendra,SaAsyaDevata,Having this as a god. (4.2.24),Ga,mahendriya,1,4.2.29,kashika_4_2.rs:94,0,source_conditioned_relation_not_independent_nominal_count,mahendriya,1,,,,verified,d8f3a2d678b56754f420
5f8c853efee750be0d56,mahendra,SaAsyaDevata,Having this as a god. (4.2.24),aR,mAhendra,1,4.2.29,kashika_4_2.rs:95,0,source_conditioned_relation_not_independent_nominal_count,mAhendra,1,,,,verified,bac390ee26ffe665cb78
d21f5e737c60c32e1885,mahizI,TasyaDharmyam,One who has this custom. (4.4.47),aR,mAhiza,1,4.4.48,kashika_4_4.rs:340,0,source_conditioned_relation_not_independent_nominal_count,mAhiza,1,,,,verified,e3d0b8ee1018ab6ffd62
c2ca7528550705a3c14f,mahizika,TatraJata,Where this was born. (4.3.25),aR,mAhizika,1,4.2.132,kashika_4_2.rs:508,0,source_conditioned_relation_not_independent_nominal_count,mAhizika,1,,,,verified,e551fcc827606b7a8d02
71f28fa833a4dc9a6e42,manu,Jatau,A class. (4.1.161),aY,mAnuza,1,4.1.161,kashika_4_1.rs:820,0,source_conditioned_relation_not_independent_nominal_count,mAnuza,1,,,,verified,fb1f37b9632f867b802c
46b27ae8fdb1bdd4a48b,manu,Jatau,A class. (4.1.161),yat,manuzya,1,4.1.161,kashika_4_1.rs:821,0,source_conditioned_relation_not_independent_nominal_count,manuzya,1,,,,verified,d8a1b5be7c57360f48a1
0ca0a8c699ec83190896,manu,TasyaApatyam,Descendant. (4.1.92),aR,mAnava,1,4.1.161,kashika_4_1.rs:823,0,source_conditioned_relation_not_independent_nominal_count,mAnava,1,,,,verified,6b049ea06c8ad3e0936f
2fe42a231cb9a713b5a2,maqquka,Shilpam,One who has this art. (4.4.55),Wak,mAqqukika,1,4.4.56,kashika_4_4.rs:398,0,source_conditioned_relation_not_independent_nominal_count,mAqqukika,1,,,,verified,6af12124e3162f5c014d
a933a35c597e1088e25e,maqquka,Shilpam,One who has this art. (4.4.55),aR,mAqquka,1,4.4.56,kashika_4_4.rs:397,0,source_conditioned_relation_not_independent_nominal_count,mAqquka,1,,,,verified,dd90fc2d0a0228b5b697
aa20b57e5e9443f1e25d,marIci,TasyaApatyam,Descendant. (4.1.92),aR,mArIca,1,4.1.122,kashika_4_1.rs:646,0,source_conditioned_relation_not_independent_nominal_count,mArIca,1,,,,verified,e391fc9646a40fec30ab
5ad161f558ecaf388468,marici,TenaSamskrtam,Cultured or processed. (4.4.3),Wak,mAricika,1,4.4.3,kashika_4_4.rs:35,0,source_conditioned_relation_not_independent_nominal_count,mAricika,1,,,,verified,813d5d6d79b2f9d9fd9f
9b546392a3a1a58dc27d,marici,TenaSamsrshte,Mixed with. (4.4.22),Wak,mAricika,1,4.4.22,kashika_4_4.rs:160,0,source_conditioned_relation_not_independent_nominal_count,mAricika,1,,,,verified,975eaa8065cae201e8c3
b5b17a8337995b10b0cc,matsya,Hanti,What one kills. (4.4.35),Wak,mAtsyika,1,4.4.35,kashika_4_4.rs:246,0,source_conditioned_relation_not_independent_nominal_count,mAtsyika,1,,,,verified,be5d5dcea7a0f9286c9d
1f634ec9a8200c92fed1,mayUra,Hanti,What one kills. (4.4.35),Wak,mAyUrika,1,4.4.35,kashika_4_4.rs:244,0,source_conditioned_relation_not_independent_nominal_count,mAyUrika,1,,,,verified,1ce914cd59a2688f076a
d06cca78ae1f2adaf203,mayUra,TasyaVikara,Modification of this. (4.3.134),aR,mAyUra,1,4.3.135,kashika_4_3.rs:426,0,source_conditioned_relation_not_independent_nominal_count,mAyUra,1,,,,verified,5a6c06de491ca33239f0
f5705035838337eb9aa5,mfd,TasyaVikara,Modification of this. (4.3.134),mayaw,mfnmaya,1,4.3.144,kashika_4_3.rs:483,0,source_conditioned_relation_not_independent_nominal_count,mfnmaya,1,,,,verified,94d64c603ec3792e6553
fdfb6fd0efea50d892c5,mfdaNga,Shilpam,One who has this art. (4.4.55),Wak,mArdaNgika,1,4.4.55,kashika_4_4.rs:390,0,source_conditioned_relation_not_independent_nominal_count,mArdaNgika,1,,,,verified,f913da86591cb31eb2ad
d05e85c8304306b465f2,mfga,Hanti,What one kills. (4.4.35),Wak,mArgika,1,4.4.35,kashika_4_4.rs:250,0,source_conditioned_relation_not_independent_nominal_count,mArgika,1,,,,verified,0d6759b59b6fd6b0c15c
d1830a5be63eaf8ea259,modaka,Shilam,One who has this habit. (4.4.61),Wak,mOdakika,1,4.4.61,kashika_4_4.rs:434,0,source_conditioned_relation_not_independent_nominal_count,mOdakika,1,,,,verified,8295811fe54f9ebca190
7b66cdd1f12948290272,modaka,TadAsyaPanyam,One who sells this item. (4.4.51),Wak,mOdakika,1,4.4.51,kashika_4_4.rs:367,0,source_conditioned_relation_not_independent_nominal_count,mOdakika,1,,,,verified,ec793b3df3de3208783e
94a8db597a1aafde2146,muKa,IvePratikrtau,,yat,muKya,1,5.3.103,kashika_5_3.rs:367,0,source_conditioned_relation_not_independent_nominal_count,muKya,1,,,,verified,3f94f97f6b2e824746e7
b90fff303fd2d7a5949c,mudra,DhanyanamBhavaneKshetre,"A place of growing, when that place is a field. (5.2.1)",KaY,mOdrIna,1,5.2.1,kashika_5_2.rs:16,0,source_conditioned_relation_not_independent_nominal_count,mOdrIRa,1,mOdrIna,mOdrIRa,,engine_mismatch_not_admitted,
17514ea85f4b276c783f,mudra,TenaKritam,What is bought with this. (5.1.37),Wak,mOdrika,1,5.1.37,kashika_5_1.rs:260,0,source_conditioned_relation_not_independent_nominal_count,mOdrika,1,,,,verified,f4ee61035b1a44795246
bfbc196558c5f2499198,mudra,TenaSamsrshte,Mixed with. (4.4.22),aR,mOdra,1,4.4.25,kashika_4_4.rs:177,0,source_conditioned_relation_not_independent_nominal_count,mOdra,1,,,,verified,386760a51937b2ef4dad
833df920384f8bbaaf1f,muhUrta,TadAdhiteTadVeda,What one studies or knows. (4.2.59),aR,mOhUrta,1,4.2.59,kashika_4_2.rs:258,0,source_conditioned_relation_not_independent_nominal_count,mOhUrta,1,,,,verified,6414dfc355b1a5f070c8
9201453272609e01d92c,murva,TasyaVikara,Modification of this. (4.3.134),aR,mOrva,1,4.3.135,kashika_4_3.rs:428,0,source_conditioned_relation_not_independent_nominal_count,mOrva,1,,,,verified,be38fa309b0e09621d31
19db2c0b5ff54be8b2bd,musala,TadArhati,One deserves this. (5.1.63),yat,musalya,1,5.1.66,kashika_5_1.rs:409,0,source_conditioned_relation_not_independent_nominal_count,musalya,1,,,,verified,1863bba55d9f6e7f8892
d181bee2af5ab9984076,nABi,TasmaiHitam,One for whom this is good. (5.1.7),yat,nABya,1,5.1.6,kashika_5_1.rs:70,0,source_conditioned_relation_not_independent_nominal_count,nABya,1,,,,verified,3aad5c17a142a199ca6d
ba6c8e2b968e0efc4c6b,nAsikA,TasmaiHitam,One for whom this is good. (5.1.7),yat,nasya,1,5.1.6,kashika_5_1.rs:71;kashika_5_1.rs:76,1,source_conditioned_relation_not_independent_nominal_count,nAsikya,1,nasya,nAsikya,,engine_mismatch_not_admitted,
260532675d5d1fe15afb,nAsti,Mati,One who has this belief. (4.4.60),Wak,nAstika,1,4.4.60,kashika_4_4.rs:426,0,source_conditioned_relation_not_independent_nominal_count,nAstika,1,,,,verified,4f6bf11b772f644781f6
2b1cc3ddd314e9e76534,nO,TenaTarati,One who crosses with this. (4.4.5),Wan,nAvika,1,4.4.7,kashika_4_4.rs:59,0,source_conditioned_relation_not_independent_nominal_count,nAvika,1,,,,verified,49bd80b107a59d227d85
f2613051ab2b64de8df1,nadI,TatraBhava,Where this stays or exists. (4.3.53),qyaR,nAdya,1,4.4.111,kashika_4_4.rs:692,0,source_conditioned_relation_not_independent_nominal_count,,0,nAdya,,,engine_mismatch_not_admitted,
445ce90b707fd444e841,naqa,Gotra,Patronymic lineage. (4.1.98),Pak,nAqAyana,1,4.1.99,kashika_4_1.rs:503,0,source_conditioned_relation_not_independent_nominal_count,nAqAyana,1,,,,verified,9fd92979f8cecccdff67
01ba5f46b3d2286c79a7,naqa,TasyaApatyam,Descendant. (4.1.92),iY,nAqi,1,4.1.99,kashika_4_1.rs:506,0,source_conditioned_relation_not_independent_nominal_count,nAqi,1,,,,verified,09eaf0dacd118ff497e9
42346c25c646756fb221,nara,TasyaDharmyam,One who has this custom. (4.4.47),aY,nAra,1,4.4.49,kashika_4_4.rs:352,0,source_conditioned_relation_not_independent_nominal_count,nAra,1,,,,verified,4e977b7089c61b1ae178
15c824aa223b8d901c4a,narada,TadAsyaPanyam,One who sells this item. (4.4.51),zWan,naradika,1,4.4.53,kashika_4_4.rs:379,0,source_conditioned_relation_not_independent_nominal_count,naradika,1,,,,verified,ddd94e0e7a4f1c76c5e9
e4105c31510b2ef754b8,nawa,TasyaIdam,One who has this. (4.3.120),Yya,nAwya,1,4.3.129,kashika_4_3.rs:403,0,source_conditioned_relation_not_independent_nominal_count,nAwya,1,,,,verified,812ba2342757d6e27425
037ae9e86a3a5e79fbeb,niDi,TasyaApatyam,Descendant. (4.1.92),Qak,nEDeya,1,4.1.122,kashika_4_1.rs:637,0,source_conditioned_relation_not_independent_nominal_count,nEDeya,1,,,,verified,14acffe44d2859fe13cf
ef0371cab89fc56f569b,niSA,TatraBhava,Where this stays or exists. (4.3.53),WaY,nESika,1,4.3.14,kashika_4_3.rs:49,0,source_conditioned_relation_not_independent_nominal_count,nESika,1,,,,verified,01f975a74e9a3a853912
018c189c8ac4f34b77f5,niSA,TatraBhava,Where this stays or exists. (4.3.53),aR,nESa,1,4.3.14,kashika_4_3.rs:48,0,source_conditioned_relation_not_independent_nominal_count,nESa,1,,,,verified,2d8a48d13a1954b32782
a02b564560c3704bebbf,nikawa,Vasati,Who dwells here. (4.4.73),Wak,nEkawika,1,4.4.73,kashika_4_4.rs:504,0,source_conditioned_relation_not_independent_nominal_count,nEkawika,1,,,,verified,c46104a6ca7a91f2d0a2
8e5253a23e89e1b9d476,nimitta,TadAdhiteTadVeda,What one studies or knows. (4.2.59),aR,nEmitta,1,4.2.59,kashika_4_2.rs:257,0,source_conditioned_relation_not_independent_nominal_count,nEmitta,1,,,,verified,7184c241253413dc4e1b
e2e7c04a7b763a829323,nirukta,TadAdhiteTadVeda,What one studies or knows. (4.2.59),aR,nErukta,1,4.2.59,kashika_4_2.rs:256,0,source_conditioned_relation_not_independent_nominal_count,nErukta,1,,,,verified,01ca913990a017452694
1193945fb0dd990466d0,nizAda,TasyaApatyam,Descendant. (4.1.92),iY,nEzAdaki,1,4.1.97,kashika_4_1.rs:488,0,source_conditioned_relation_not_independent_nominal_count,nEzAdaki,1,,,,verified,04e52a6766d53ee27511
982aebd4cae55c0841ab,nizaDa,Janapada,Country. (4.1.168),Rya,nEzaDya,1,4.1.172,kashika_4_1.rs:884,0,source_conditioned_relation_not_independent_nominal_count,nEzaDya,1,,,,verified,eeab30efb274bac0fcee
ed63b27ac9b82b174f4e,nizka,TenaKritam,What is bought with this. (5.1.37),Wak,nEzkika,1,5.1.19;5.1.20;5.1.37,kashika_5_1.rs:179;kashika_5_1.rs:191;kashika_5_1.rs:249,2,source_conditioned_relation_not_independent_nominal_count,nEzkika,1,,,,verified,97d1f7b471598b5282b9
a2ca4150a83391ee3f72,nyAya,Anapeta,Not deviating from this. (4.4.92),yat,nyAyya,1,4.4.92,kashika_4_4.rs:603,0,source_conditioned_relation_not_independent_nominal_count,nyAyya,1,,,,verified,acaeb2ccd87d8ceb3685
4abb28dcd996f836eaa6,nyagroDa,TasyaVikara,Modification of this. (4.3.134),aR,nEyagroDa,1,4.3.164,kashika_4_3.rs:541,0,source_conditioned_relation_not_independent_nominal_count,nEyagroDa,1,,,,verified,442e0242c752f156cfdf
533a469f98c06864f722,ojas,Vartate,Existence. (4.4.27),Wak,Ojasika,1,4.4.27,kashika_4_4.rs:189,0,source_conditioned_relation_not_independent_nominal_count,Ojasika,1,,,,verified,9195c24d4dc754587ace
39a41f34f4ec09c16fbb,ozWa,TasmaiHitam,One for whom this is good. (5.1.7),yat,ozWya,1,5.1.6,kashika_5_1.rs:69,0,source_conditioned_relation_not_independent_nominal_count,ozWya,1,,,,verified,1805f6ed71391dbafbc8
c4d453c3d01cd4ae1b3b,pASa,TasyaSamuha,A collection of this. (4.2.37),ya,pASyA,1,4.2.49,kashika_4_2.rs:210,0,source_conditioned_relation_not_independent_nominal_count,pASyA,1,,,,verified,828914967edfe5193213
1c1297cc0ce2cdd83140,pATas,TatraBhava,Where this stays or exists. (4.3.53),qyaR,pATya,1,4.4.111,kashika_4_4.rs:691,0,source_conditioned_relation_not_independent_nominal_count,,0,pATya,,,engine_mismatch_not_admitted,
576ea4bd69421480d7ab,pAda,TadVidhyati,What one pierces. (4.4.83),yat,padya,1,4.4.83,kashika_4_4.rs:550,0,source_conditioned_relation_not_independent_nominal_count,padya,1,,,,verified,324cd78f2b2d70af4aa5
d2228cf0b5f1a14a152c,pAda,TenaKritam,What is bought with this. (5.1.37),Wak,pAdika,1,5.1.20;5.1.37,kashika_5_1.rs:193;kashika_5_1.rs:251,1,source_conditioned_relation_not_independent_nominal_count,pAdika,1,,,,verified,00b9ae4e79bb9aaadeed
7345f2291bcc04314fad,pAdapa,TenaKrte,By whom this is made. (4.3.116),aY,pAdapa,1,4.3.119,kashika_4_3.rs:371,0,source_conditioned_relation_not_independent_nominal_count,pAdapa,1,,,,verified,fdca40064f88b89a9e82
3b844dac16934912b062,pArASarya,TenaProktam,What is proclaimed by this person. (4.3.101),Rini,pArASarin,1,4.3.110,kashika_4_3.rs:350,0,source_conditioned_relation_not_independent_nominal_count,pArASaryin,1,pArASarin,pArASaryin,,engine_mismatch_not_admitted,
6bb2f4c7709bd8b0277a,pArAyaRa,TadVartayati,One performs this. (5.1.72),WaY,pArAyaRika,1,5.1.18;5.1.72,kashika_5_1.rs:171;kashika_5_1.rs:454,1,source_conditioned_relation_not_independent_nominal_count,pArAyaRika,1,,,,verified,a05fc1cf58f55a33e46e
ef0ec725b2d929139e89,pArSva,Anvicchati,Who strives to gain by this. (5.2.75),kan,pArSvaka,1,5.2.75,kashika_5_2.rs:378,0,source_conditioned_relation_not_independent_nominal_count,pArSvaka,1,,,,verified,14bf01cd82a10db7652e
e6fae4a52339f43541a9,pAtra,SambhavatiAharatiPacati,"What is capable of this, or holds this, or cooks this. (5.152)",Ka,pAtrIRa,1,5.1.53,kashika_5_1.rs:367,0,source_conditioned_relation_not_independent_nominal_count,pAtrIRa,1,,,,verified,10d02e4260e4e210062a
f73a6e9deba29eb07e23,pAtra,SambhavatiAharatiPacati,"What is capable of this, or holds this, or cooks this. (5.152)",Wak,pAtrika,1,5.1.53,kashika_5_1.rs:368,0,source_conditioned_relation_not_independent_nominal_count,pAtrika,1,,,,verified,295e1a7fc418891f51ae
f0a0523af0145007f719,pAtra,TadArhati,One deserves this. (5.1.63),Gan,pAtriya,1,5.1.68,kashika_5_1.rs:422,0,source_conditioned_relation_not_independent_nominal_count,pAtriya,1,,,,verified,a2ce1896f250a9dd8658
72c8dbe74bceb9d759db,pAtra,TadArhati,One deserves this. (5.1.63),yat,pAtrya,1,5.1.68,kashika_5_1.rs:423,0,source_conditioned_relation_not_independent_nominal_count,pAtrya,1,,,,verified,22cc9396eed678a8c99b
a3738236d31798a38353,pIlu,TasyaPakamula,The ripening season of this. (5.2.24),kuRap,pIlukuRa,1,5.2.24,kashika_5_2.rs:132,0,source_conditioned_relation_not_independent_nominal_count,pIlukuRa,1,,,,verified,bcecd3a98ca7550120fd
259f6d43b604528d452b,pUrRa,Kutsite,Contempt. (5.3.75),kan,pUrRaka,1,5.3.75,kashika_5_3.rs:274,0,source_conditioned_relation_not_independent_nominal_count,pUrRaka,1,,,,verified,b1389bdadd17d900331c
d787d186f99db3c8177a,pUrvAhRa,TatraJata,Where this was born. (4.3.25),vun,pUrvAhRaka,1,4.3.28,kashika_4_3.rs:108,0,source_conditioned_relation_not_independent_nominal_count,pUrvAhRaka,1,,,,verified,2beb727a9467785d6ad8
3eece08bf2c540549536,pUrvapada,Grhnati,What one takes. (4.4.39),Wak,pOrvapadika,1,4.4.39,kashika_4_4.rs:277,0,source_conditioned_relation_not_independent_nominal_count,pOrvapadika,1,,,,verified,320c6bcfe1e31fede4d7
d18d20c1e36a09cc9aa2,paRa,TenaKritam,What is bought with this. (5.1.37),Wak,pARika,1,5.1.19;5.1.20;5.1.37,kashika_5_1.rs:180;kashika_5_1.rs:192;kashika_5_1.rs:250,2,source_conditioned_relation_not_independent_nominal_count,pARika,1,,,,verified,86b2abbde3304bc173d4
fd48cf2a6974dd511d9b,paRavA,Shilpam,One who has this art. (4.4.55),Wak,pARavika,1,4.4.55,kashika_4_4.rs:391,0,source_conditioned_relation_not_independent_nominal_count,pARavika,1,,,,verified,015e713352506f0331ae
f50e0495ed4a579cf68b,paTi,TatraJata,Where this was born. (4.3.25),vun,panTaka,1,4.3.29,kashika_4_3.rs:118,0,source_conditioned_relation_not_independent_nominal_count,panTaka,1,,,,verified,365a397d8171b1de0cf1
2f36e23107b0925132e3,paTi,TatraSadhu,Skilled in this. (4.4.98),QaY,pATeya,1,4.4.104,kashika_4_4.rs:670,0,source_conditioned_relation_not_independent_nominal_count,pATeya,1,,,,verified,eca1f69f5dd3f0ebe533
e736685b4356b7767322,paTin,Anapeta,Not deviating from this. (4.4.92),yat,paTya,1,4.4.92,kashika_4_4.rs:601,0,source_conditioned_relation_not_independent_nominal_count,paTya,1,,,,verified,e149ff64b93205cfeeb1
81eb8f42759dcd8a8e21,paTin,Gacchati,Who goes. (5.1.75),Ra,pAnTa,1,5.1.76,kashika_5_1.rs:485,0,source_conditioned_relation_not_independent_nominal_count,pAnTa,1,,,,verified,10864e0d42af575f33a3
f6a20bf7964cb6be50b8,paTin,Gacchati,Who goes. (5.1.75),zkan,paTika,1,5.1.76,kashika_5_1.rs:487,0,source_conditioned_relation_not_independent_nominal_count,paTika,1,,,,verified,832bb605bd770ed8b857
ca692f9cec95010562b3,paTin,TatraKushala,Skilled in this. (5.2.63),vun,paTaka,1,5.2.63,kashika_5_2.rs:332,0,source_conditioned_relation_not_independent_nominal_count,paTaka,1,,,,verified,310701486d2f1722b260
9b3b03f343e788ec7365,paYcAla,Janapada,Country. (4.1.168),aY,pAYcAla,1,4.1.168,kashika_4_1.rs:838,0,source_conditioned_relation_not_independent_nominal_count,pAYcAla,1,,,,verified,e368eb68815d5bd670ca
2673e2b124a2aca86ce4,paYcan,Avasana,Parts of which. (5.2.42),tayap,paYcataya,1,5.2.42,kashika_5_2.rs:261,0,source_conditioned_relation_not_independent_nominal_count,paYcataya,1,,,,verified,2b4ae2217a787eb8861f
ab57b76e2d3e88422947,paYcan,Purana,Making full. (5.2.48),qaw,paYcama,1,5.2.49,kashika_5_2.rs:302,0,source_conditioned_relation_not_independent_nominal_count,paNma,1,paYcama,paNma,,engine_mismatch_not_admitted,
8bc047e06cdf6d7e31eb,paYcan,TadAsminVrddhiAyaLabhaSulkaUpada,"In which this is an interest, rent, profit, tax, or bribe. (5.1.47)",kan,paYcaka,1,5.1.47,kashika_5_1.rs:311,0,source_conditioned_relation_not_independent_nominal_count,paYcaka,1,,,,verified,be3b7c14c1927e818e70
74315a66503ed52a5971,paYcan,TenaKritam,What is bought with this. (5.1.37),kan,paYcaka,1,5.1.37,kashika_5_1.rs:258,0,source_conditioned_relation_not_independent_nominal_count,paYcaka,1,,,,verified,d7e7e87156122a307d8c
c11ffba88f12b6ec91a7,pada,AsminDrshyam,In which this is seen. (4.4.87),yat,padya,1,4.4.87,kashika_4_4.rs:573,0,source_conditioned_relation_not_independent_nominal_count,padya,1,,,,verified,a966b46ed61940c7dd78
3b2d5bd82c8b3c56df0d,pada,TadAdhiteTadVeda,What one studies or knows. (4.2.59),vun,padaka,1,4.2.61,kashika_4_2.rs:266,0,source_conditioned_relation_not_independent_nominal_count,padaka,1,,,,verified,51f6261b3ef23d6c2352
017abd85738c039672cd,padavI,Hanti,What one kills. (4.4.35),Wak,pAdavika,1,4.4.37,kashika_4_4.rs:265,0,source_conditioned_relation_not_independent_nominal_count,pAdavika,1,,,,verified,c3fce71ca06928278d63
2d40706cd07e507ce0f0,pakza,TasyaMula,The root of this. (5.2.25),ti,pakzati,1,5.2.25,kashika_5_2.rs:139,0,source_conditioned_relation_not_independent_nominal_count,pakzati,1,,,,verified,d47a388f5dc0975edc71
52a79139b8adb7a9cfb4,pakzin,Hanti,What one kills. (4.4.35),Wak,pAkzika,1,4.4.35,kashika_4_4.rs:242,0,source_conditioned_relation_not_independent_nominal_count,pAkzika,1,,,,verified,2689b75976e9bb038fcb
811b7b74cdd202a758af,palASa,TasyaVikara,Modification of this. (4.3.134),aR,pAlASa,1,4.3.141,kashika_4_3.rs:463,0,source_conditioned_relation_not_independent_nominal_count,pAlASa,1,,,,verified,02dbb14644ee8bafeace
0d936213e983ddf6edca,palASa,TasyaVikara,Modification of this. (4.3.134),aY,pAlASa,1,4.3.141,kashika_4_3.rs:462,0,source_conditioned_relation_not_independent_nominal_count,pAlASa,1,,,,verified,617b10a733385f4382ea
8dbdaff74e53a03859f9,palvalatIra,TatraJata,Where this was born. (4.3.25),aY,pAlvalatIra,1,4.2.106,kashika_4_2.rs:459,0,source_conditioned_relation_not_independent_nominal_count,pAlvalatIra,1,,,,verified,e27f8c7c37d58b51d0da
1cb4b34eb550ebc01d04,parArDa,TatraJata,Where this was born. (4.3.25),yat,parArDya,1,4.3.5,kashika_4_3.rs:34,0,source_conditioned_relation_not_independent_nominal_count,parArDya,1,,,,verified,147656229f54f1cf6e55
f5e6d98db51f1a41f09d,para,DigDeshaKala,"Words meaning direction, location, or time. (5.3.27)",astAti,parastAt,1,5.3.29,kashika_5_3.rs:128,0,source_conditioned_relation_not_independent_nominal_count,parastAt,1,,,,verified,057711de5535c2793aba
3620271d42013aef6213,para,DigDeshaKala,"Words meaning direction, location, or time. (5.3.27)",atasuc,paratas,1,5.3.29,kashika_5_3.rs:127,0,source_conditioned_relation_not_independent_nominal_count,paratas,1,,,,verified,1246c33595cd6aaa233e
b50df0be91574b890396,paraSvaDa,Praharanam,One who has this weapon. (4.4.57),WaY,pAraSvaDika,1,4.4.58,kashika_4_4.rs:413,0,source_conditioned_relation_not_independent_nominal_count,pAraSvaDika,1,,,,verified,95fdffd787f35f2135f5
0af9227e280bddbedbc2,paraSvaDa,Praharanam,One who has this weapon. (4.4.57),Wak,pAraSvaDika,1,4.4.58,kashika_4_4.rs:414,0,source_conditioned_relation_not_independent_nominal_count,pAraSvaDika,1,,,,verified,1efce8cab4fde4dd28c2
40e64777edb0c7243f01,parampara,TadAnubhavati,Who witnesses this. (5.2.10),Ka,paramparIRa,1,5.2.10,kashika_5_2.rs:87,0,source_conditioned_relation_not_independent_nominal_count,paramparIRa,1,,,,verified,006f89899e0f7aaca1b0
4bd3511c6baa78147b6e,pariKA,TadAsyaTadAsminSyat,What one could be connected to or be in. (5.1.16),QaY,pAriKeya,1,5.1.17,kashika_5_1.rs:165,0,source_conditioned_relation_not_independent_nominal_count,pAriKeya,1,,,,verified,4d625c166538efd117ec
5621414ab1bbd805f565,parigrAma,TatraBhava,Where this stays or exists. (4.3.53),WaY,pArigrAmika,1,4.3.61,kashika_4_3.rs:231,0,source_conditioned_relation_not_independent_nominal_count,pArigrAmika,1,,,,verified,862faccef0968a8a96c0
a5843dd0a19450c80409,parimuKa,Vartate,Existence. (4.4.27),Wak,pArimuKika,1,4.4.29,kashika_4_4.rs:206,0,source_conditioned_relation_not_independent_nominal_count,pArimuKika,1,,,,verified,7939438aaf9e703a0040
c597ebcb234d0f3859f4,paripanTa,Hanti,What one kills. (4.4.35),Wak,pAripanTika,1,4.4.36,kashika_4_4.rs:258,0,source_conditioned_relation_not_independent_nominal_count,pAripanTika,1,,,,verified,23e487db781cf2728620
154b8afde7c98f96e1d3,parizad,Samavaiti,Assembly. (4.4.43),Rya,pArizadya,1,4.4.44,kashika_4_4.rs:315,0,source_conditioned_relation_not_independent_nominal_count,pArizadya,1,,,,verified,05a30aa9a4a92ae64087
0adbad5ffa4b953f4957,parizad,TadAsyaAstiAsmin,What one has or is in. (5.2.94),valac,parizadvala,1,5.2.112,kashika_5_2.rs:433,0,source_conditioned_relation_not_independent_nominal_count,parizadvala,1,,,,verified,8beb4ebde3811eefaa2f
2cdae80e5dfe8ba70191,parizad,TasyaIdam,One who has this. (4.3.120),aY,pArizada,1,4.3.123,kashika_4_3.rs:383,0,source_conditioned_relation_not_independent_nominal_count,pArizada,1,,,,verified,f1ada47cd2eb69cf4e45
81ab32417245bd36a702,parizad,TatraSadhu,Skilled in this. (4.4.98),Ra,pArizada,1,4.4.101,kashika_4_4.rs:652,0,source_conditioned_relation_not_independent_nominal_count,pArizada,1,,,,verified,902992b9582d4e8291cd
03b1e852dc89050b5c66,parizad,TatraSadhu,Skilled in this. (4.4.98),Rya,pArizadya,1,4.4.101,kashika_4_4.rs:651,0,source_conditioned_relation_not_independent_nominal_count,pArizadya,1,,,,verified,66ecbdd90d1421a7ade6
2c956a14881d99e25d0b,parovara,TadAnubhavati,Who witnesses this. (5.2.10),Ka,parovarIRa,1,5.2.10,kashika_5_2.rs:86,0,source_conditioned_relation_not_independent_nominal_count,parovarIRa,1,,,,verified,551e3fea094aee34e0cf
f6a90b9afd7c3a472285,parpa,TenaCarati,One who walks or eats with this. (4.4.8),zWan,parpika,1,4.4.10,kashika_4_4.rs:80,0,source_conditioned_relation_not_independent_nominal_count,parpika,1,,,,verified,db4da0f271b49c54b097
f47dbce67550025e77c8,parvata,Gotra,Patronymic lineage. (4.1.98),Pak,pArvatAyana,1,4.1.103,kashika_4_1.rs:524,0,source_conditioned_relation_not_independent_nominal_count,pArvatAyana,1,,,,verified,6121ca1a74466feadafb
23274b96b455e5d2eee1,parvata,Gotra,Patronymic lineage. (4.1.98),iY,pArvati,1,4.1.103,kashika_4_1.rs:525,0,source_conditioned_relation_not_independent_nominal_count,pArvati,1,,,,verified,f13852aa582506c035c7
5ec66f9aac68f4dfcc76,parvata,TatraJata,Where this was born. (4.3.25),Ca,parvatIya,1,4.2.143,kashika_4_2.rs:526,0,source_conditioned_relation_not_independent_nominal_count,parvatIya,1,,,,verified,44c6517136085171753f
3fe84ea9a5b0d7d20c03,pawu,TasmaiHitam,One for whom this is good. (5.1.7),yat,pawavya,1,5.1.5,kashika_5_1.rs:58,0,source_conditioned_relation_not_independent_nominal_count,pawavya,1,,,,verified,112bfb7ca8dc7caff0f6
21660d3c9be8718eefca,payas,TasyaVikara,Modification of this. (4.3.134),yat,payasya,1,4.3.160,kashika_4_3.rs:525,0,source_conditioned_relation_not_independent_nominal_count,payasya,1,,,,verified,3b7aeaf04d0c23b0a202
8f3448712cdadc522d34,pfTivI,TasyaNimittamSamyogotpattau,"For the sake of this, when the meaning is a relation or appearance. (5.1.38)",aY,pArTiva,1,5.1.41,kashika_5_1.rs:289,0,source_conditioned_relation_not_independent_nominal_count,pArTiva,1,,,,verified,7b2601cafe693ffebe02
b30101d59ed0d6c42c07,pfzWa,TasyaSamuha,A collection of this. (4.2.37),yan,pfzWya,1,4.2.42,kashika_4_2.rs:178,0,source_conditioned_relation_not_independent_nominal_count,pfzWya,1,,,,verified,af9238ff6e673d0efedd
4e24304ebc03d143efb0,picU,TadarthamVikrtehPrakrtau,What could be created from this raw material. (5.1.12),yat,picavya,1,5.1.12,kashika_5_1.rs:126,0,source_conditioned_relation_not_independent_nominal_count,picavya,1,,,,verified,0d89b9152c57cb4e65a7
4880aef598b2857e8f7b,pippala,TenaSamsrshte,Mixed with. (4.4.22),Wak,pEppalika,1,4.4.22,kashika_4_4.rs:162,0,source_conditioned_relation_not_independent_nominal_count,pEppalika,1,,,,verified,6024a5cf305e55f13bf7
f3572b48d74b0efa3b77,pitf,SaAsyaDevata,Having this as a god. (4.2.24),yat,pitrya,1,4.2.31,kashika_4_2.rs:108,0,source_conditioned_relation_not_independent_nominal_count,pitrya,1,,,,verified,3c6712e5eeaa2b34ad90
c1b2c93da04a0f99bea6,pitf,TataAgata,Where one came from. (4.3.74),WaY,pEtfka,1,4.3.79,kashika_4_3.rs:278,0,source_conditioned_relation_not_independent_nominal_count,pEtfka,1,,,,verified,c089f909530e07b16f33
17da587e5fc822a9c66e,pitf,TataAgata,Where one came from. (4.3.74),yat,pitrya,1,4.3.79,kashika_4_3.rs:277,0,source_conditioned_relation_not_independent_nominal_count,pitrya,1,,,,verified,f183becb61035dd45879
016f7d515823aca1422f,pitfBoga,TasmaiHitam,One for whom this is good. (5.1.7),Ka,pitfBogIRa,1,5.1.9,kashika_5_1.rs:102,0,source_conditioned_relation_not_independent_nominal_count,pitfBogIRa,1,,,,verified,073facc71730ac06c5ff
8d1a099f281d8fe2ae4c,pitfzvasf,TasyaApatyam,Descendant. (4.1.92),CaR,pEtfzvasrIya,1,4.1.132,kashika_4_1.rs:707,0,source_conditioned_relation_not_independent_nominal_count,pEtfzvasrIya,1,,,,verified,4be9aa1ab61d96015062
e64a3e64efefd440f195,pitfzvasf,TasyaApatyam,Descendant. (4.1.92),Qak,pEtfzvaseya,1,4.1.133,kashika_4_1.rs:712,0,source_conditioned_relation_not_independent_nominal_count,pEtfzvaseya,1,,,,verified,262666dab70faf4ca964
7e666df02753a9d9b1f4,pizwa,TasyaVikara,Modification of this. (4.3.134),kan,pizwaka,1,4.3.147,kashika_4_3.rs:500,0,source_conditioned_relation_not_independent_nominal_count,pizwaka,1,,,,verified,10806e42d8a0ce1c7123
acb2c05ac11e34c667fd,pizwa,TasyaVikara,Modification of this. (4.3.134),mayaw,pizwamaya,1,4.3.146,kashika_4_3.rs:495,0,source_conditioned_relation_not_independent_nominal_count,pizwamaya,1,,,,verified,d25a353e716ea886b53f
efd24c8f0d2e949f37ab,plakza,Hrasve,,ka,plakzaka,1,5.3.86,kashika_5_3.rs:287,0,source_conditioned_relation_not_independent_nominal_count,plakzaka,1,,,,verified,3ef2ff1be0ad216307c5
b77768fb6ea9b5ae0f3a,plakza,TasyaApatyam,Descendant. (4.1.92),iY,plAkzi,1,4.1.122,kashika_4_1.rs:642,0,source_conditioned_relation_not_independent_nominal_count,plAkzi,1,,,,verified,05ca9ac01102b0d4dc74
88596d486a9b8e9b11e7,plakza,TasyaVikara,Modification of this. (4.3.134),aR,plAkza,1,4.3.164,kashika_4_3.rs:540,0,source_conditioned_relation_not_independent_nominal_count,plAkza,1,,,,verified,821f8b194b8e1371db53
a254ed0ac1210d262cc1,potf,TasyaDharmyam,One who has this custom. (4.4.47),aY,pOtra,1,4.4.49,kashika_4_4.rs:346,0,source_conditioned_relation_not_independent_nominal_count,pOtra,1,,,,verified,0ecd64be3e8a88580087
fba5a0e35245729520c5,prAkAra,TadAsyaTadAsminSyat,What one could be connected to or be in. (5.1.16),Ca,prAkArIya,1,5.1.16,kashika_5_1.rs:158,0,source_conditioned_relation_not_independent_nominal_count,prAkArIya,1,,,,verified,a2e5231f1c85c51f095a
9b019251ff0b022aa6c2,prAkAra,TadarthamVikrtehPrakrtau,What could be created from this raw material. (5.1.12),Ca,prAkArIya,1,5.1.12,kashika_5_1.rs:124,0,source_conditioned_relation_not_independent_nominal_count,prAkArIya,1,,,,verified,ee1b3db232ecd278c8e8
724f026c254b7e9cbcfc,prAsAda,TadAsyaTadAsminSyat,What one could be connected to or be in. (5.1.16),Ca,prAsAdIya,1,5.1.16,kashika_5_1.rs:159,0,source_conditioned_relation_not_independent_nominal_count,prAsAdIya,1,,,,verified,6b25cf6cf155503c8f29
f42d9202b306c0b6d135,prAsaNga,TadVahati,What one bears. (4.4.78),yat,prAsaNgya,1,4.4.76,kashika_4_4.rs:516,0,source_conditioned_relation_not_independent_nominal_count,prAsaNgya,1,,,,verified,ae93d6dd232dee1de9b3
29766645b9edc8cb4d4c,prAsi,Praharanam,One who has this weapon. (4.4.57),Wak,prAsika,1,4.4.57,kashika_4_4.rs:406,0,source_conditioned_relation_not_independent_nominal_count,prAsika,1,,,,verified,6da33b1971e20a18fed2
b93c21387fc244c33138,prAvfz,TatraJata,Where this was born. (4.3.25),Wap,prAvfzika,1,4.3.26,kashika_4_3.rs:96,0,source_conditioned_relation_not_independent_nominal_count,prAvfzika,1,,,,verified,a06d57e4918fed80c0e9
2636e9dc42dd7b6987ff,prAvfz,TatraSambhute,Where this was adapted. (4.3.41),eRya,prAvfzeRya,1,4.3.17,kashika_4_3.rs:65,0,source_conditioned_relation_not_independent_nominal_count,prAvfzeRya,1,,,,verified,4c95779446156ea8d488
a38b50a4cade126e9f23,pradoza,TatraBhava,Where this stays or exists. (4.3.53),WaY,prAdozika,1,4.3.14,kashika_4_3.rs:51,0,source_conditioned_relation_not_independent_nominal_count,prAdozika,1,,,,verified,098aa6b57f6cb5e8c0de
1e64fd7f94fbd81b9a5e,pradoza,TatraBhava,Where this stays or exists. (4.3.53),aR,prAdoza,1,4.3.14,kashika_4_3.rs:50,0,source_conditioned_relation_not_independent_nominal_count,prAdoza,1,,,,verified,64467621102934faa2e4
89bcd1c4a4b8e1113f41,pradoza,TatraJata,Where this was born. (4.3.25),vun,pradozaka,1,4.3.28,kashika_4_3.rs:112,0,source_conditioned_relation_not_independent_nominal_count,pradozaka,1,,,,verified,69fe23b634e183ac04de
3cb92fe8ed8bfe94ef5f,prajApati,SaAsyaDevata,Having this as a god. (4.2.24),Rya,prAjApatya,1,4.2.24,kashika_4_2.rs:61,0,source_conditioned_relation_not_independent_nominal_count,prAjApatya,1,,,,verified,7b20a301d691a815d7a3
8f3fc0ccce63c120dd0f,prajAvatI,TasyaDharmyam,One who has this custom. (4.4.47),aR,prAjAvata,1,4.4.48,kashika_4_4.rs:341,0,source_conditioned_relation_not_independent_nominal_count,prAjAvata,1,,,,verified,11ed2dea3dbc4c8d41ed
bf6c2dea6035e4016b91,prasTa,SambhavatiAharatiPacati,"What is capable of this, or holds this, or cooks this. (5.152)",WaY,prAsTika,1,5.1.52,kashika_5_1.rs:353,0,source_conditioned_relation_not_independent_nominal_count,prAsTika,1,,,,verified,f1633c62bcdc844a6e0d
87e1ab9c5690f2a5b27f,prasTa,TadAsyaParimanam,The measure of this. (5.1.57),WaY,prAsTika,1,5.1.57,kashika_5_1.rs:375,0,source_conditioned_relation_not_independent_nominal_count,prAsTika,1,,,,verified,90ee99484da33b05b6c0
1382cdb48916821db37c,prasTa,TadAsyaPramanam,Measure. (5.2.37),mAtrac,prasTamAtra,1,5.2.37,kashika_5_2.rs:224,0,source_conditioned_relation_not_independent_nominal_count,prasTamAtra,1,,,,verified,3f905383e7b4f0253b3c
1e57d90c1665d25c10df,prasTa,TasyaVapa,Sown with this. (5.1.45),WaY,prAsTika,1,5.1.45,kashika_5_1.rs:295,0,source_conditioned_relation_not_independent_nominal_count,prAsTika,1,,,,verified,03e10b3b69f2ac67696c
6f7240f38a0f3e23273b,prastAra,Vyavaharati,Where one does work. (4.4.72),Wak,prAstArika,1,4.4.72,kashika_4_4.rs:498,0,source_conditioned_relation_not_independent_nominal_count,prAstArika,1,,,,verified,fb81259613caa49324fb
6513a1a2dfe34e7a76aa,pratIpa,Vartate,Existence. (4.4.27),Wak,prAtIpika,1,4.4.28,kashika_4_4.rs:196,0,source_conditioned_relation_not_independent_nominal_count,prAtIpika,1,,,,verified,fdabb946f6febf702cac
95a18dc0c105200a6a7c,pratijana,TatraSadhu,Skilled in this. (4.4.98),KaY,prAtijanIna,1,4.4.99,kashika_4_4.rs:639,0,source_conditioned_relation_not_independent_nominal_count,prAtijanIna,1,,,,verified,8a4798ea70146c236b91
8eba535ca5a5bcb5e263,pratikUla,Vartate,Existence. (4.4.27),Wak,prAtikUlika,1,4.4.28,kashika_4_4.rs:200,0,source_conditioned_relation_not_independent_nominal_count,prAtikUlika,1,,,,verified,4bdb9dea75456c17c397
a86513272c42c201c3e9,pratikaRWA,Grhnati,What one takes. (4.4.39),Wak,prAtikaRWika,1,4.4.40,kashika_4_4.rs:284,0,source_conditioned_relation_not_independent_nominal_count,prAtikaRWika,1,,,,verified,ca3cbcd2424a0328d200
96a8624759843fae530b,pratiloma,Vartate,Existence. (4.4.27),Wak,prAtilomika,1,4.4.28,kashika_4_4.rs:198,0,source_conditioned_relation_not_independent_nominal_count,prAtilomika,1,,,,verified,205e5b24a37d4ac106ed
d51746364649cb3a2c8c,pratipaTa,Eti,Who goes. (4.4.42),Wak,prAtipaTika,1,4.4.42,kashika_4_4.rs:301,0,source_conditioned_relation_not_independent_nominal_count,prAtipaTika,1,,,,verified,8f30464a857ba2bd113f
c21e9b315aba56fbcd31,pratipaTa,Eti,Who goes. (4.4.42),Wan,pratipaTika,1,4.4.42,kashika_4_4.rs:302,0,source_conditioned_relation_not_independent_nominal_count,pratipaTika,1,,,,verified,46a94f51828f5cb09ff4
eae67bd1a18548391b29,pratyagraTa,Janapada,Country. (4.1.168),iY,prAtyagraTi,1,4.1.173,kashika_4_1.rs:898,0,source_conditioned_relation_not_independent_nominal_count,prAtyagraTi,1,,,,verified,34e10f48cfe551d96982
80ec17b0cd87d8324c98,prozWapada,SaAsyaDevata,Having this as a god. (4.2.24),WaY,prOzWapadika,1,4.2.35,kashika_4_2.rs:136,0,source_conditioned_relation_not_independent_nominal_count,prOzWapadika,1,,,,verified,27aa1460ab7ecf763156
194dc7d856e18559cd97,pums,TasyaApatyam,Descendant. (4.1.92),snaY,pOMsna,1,4.1.87;4.1.92,kashika_4_1.rs:447;kashika_4_1.rs:457,1,source_conditioned_relation_not_independent_nominal_count,pOMsna,1,,,,verified,e1e4e8de43bbb074061f
b33c97bf5c682ccaa3e9,puroqASa,TasmaiHitam,One for whom this is good. (5.1.7),Ca,puroqASIya,1,5.1.4,kashika_5_1.rs:43,0,source_conditioned_relation_not_independent_nominal_count,puroqASIya,1,,,,verified,05e8580a39bea11fad4f
c1b073904708397a9916,puroqASa,TasmaiHitam,One for whom this is good. (5.1.7),yat,puroqASya,1,5.1.4,kashika_5_1.rs:42,0,source_conditioned_relation_not_independent_nominal_count,puroqASya,1,,,,verified,c287fc7b7c61d0323b42
0bfc47d2eb22eb11dda8,puru,TasyaApatyam,Descendant. (4.1.92),aR,pOrava,1,4.1.168,kashika_4_1.rs:843,0,source_conditioned_relation_not_independent_nominal_count,pOrava,1,,,,verified,5e383fbf0356f779857a
7a4ec691eeeb3a1ce37a,puruza,TadAsyaPramanam,Measure. (5.2.37),aR,pOruza,1,5.2.38,kashika_5_2.rs:230,0,source_conditioned_relation_not_independent_nominal_count,pOruza,1,,,,verified,0928aefb13fc7f369862
b1c6f2d1beaeef2504d3,puruza,TadAsyaPramanam,Measure. (5.2.37),daGnac,puruzadaGna,1,5.2.38,kashika_5_2.rs:232,0,source_conditioned_relation_not_independent_nominal_count,puruzadaGna,1,,,,verified,9d781585460283516efb
3fca32e9ce01dab0957f,puruza,TadAsyaPramanam,Measure. (5.2.37),dvayasac,puruzadvayasa,1,5.2.38,kashika_5_2.rs:231,0,source_conditioned_relation_not_independent_nominal_count,puruzadvayasa,1,,,,verified,b1fa2ddd4f6953677fb2
4a8ca0bd64b17b34f7f0,puruza,TadAsyaPramanam,Measure. (5.2.37),mAtrac,puruzamAtra,1,5.2.38,kashika_5_2.rs:233,0,source_conditioned_relation_not_independent_nominal_count,puruzamAtra,1,,,,verified,e122057c33f868b5a0b9
312aa182744a92237c30,puruza,TasmaiHitam,One for whom this is good. (5.1.7),QaY,pOruzeya,1,5.1.10,kashika_5_1.rs:109,0,source_conditioned_relation_not_independent_nominal_count,pOruzeya,1,,,,verified,de451f776ad878d638da
b004da42d2dcb52f64d3,putra,Anukampayam,,ka,putraka,1,5.3.76,kashika_5_3.rs:279,0,source_conditioned_relation_not_independent_nominal_count,putraka,1,,,,verified,1accf21491ed255de42f
78d899924bb62707482c,putra,TadAsyaAstiAsmin,What one has or is in. (5.2.94),valac,putravala,1,5.2.112,kashika_5_2.rs:440,0,source_conditioned_relation_not_independent_nominal_count,putravala,1,,,,verified,5b503efd462ad69c6cde
63a5322fe7e5a4984dbb,putra,TasyaNimittamSamyogotpattau,"For the sake of this, when the meaning is a relation or appearance. (5.1.38)",Ca,putrIya,1,5.1.40,kashika_5_1.rs:280,0,source_conditioned_relation_not_independent_nominal_count,putrIya,1,,,,verified,d1995c1571de82b4f72c
1adfca52e0d2258fe009,putra,TasyaNimittamSamyogotpattau,"For the sake of this, when the meaning is a relation or appearance. (5.1.38)",yat,putrya,1,5.1.40,kashika_5_1.rs:281,0,source_conditioned_relation_not_independent_nominal_count,putrya,1,,,,verified,3913c9fbfbe2ef7fd53c
39285885d941bff4b309,putrapOtra,TadAnubhavati,Who witnesses this. (5.2.10),Ka,putrapOtrIRa,1,5.2.10,kashika_5_2.rs:88,0,source_conditioned_relation_not_independent_nominal_count,putrapOtrIRa,1,,,,verified,276ee1b4a0266db74128
eaac797c4b6cd4193681,puzpa,TadAsyaSamjatam,Of which this is observed. (5.2.36),itac,puzpita,1,5.2.36,kashika_5_2.rs:210,0,source_conditioned_relation_not_independent_nominal_count,puzpita,1,,,,verified,a295b09cd2abd8cc01a5
c2d57cda9dad2a6278b0,rAjan,TasyaApatyam,Descendant. (4.1.92),yat,rAjanya,1,4.1.137,kashika_4_1.rs:730,0,source_conditioned_relation_not_independent_nominal_count,rAjanya,1,,,,verified,6a9b49d012ca8aec711c
af8f2e7ce5665c901d1f,rAjanya,TasyaVishayoDeshe,A domain of this. (4.2.52),vuY,rAjanyaka,1,4.2.53,kashika_4_2.rs:231,0,source_conditioned_relation_not_independent_nominal_count,rAjanyaka,1,,,,verified,0d4868dcd8774b5cfabe
fa070c015bdbe16b5ba7,rAzwra,AsyaNivasa,Dwelling. (4.3.89),Ga,rAzwriya,1,4.3.89,kashika_4_3.rs:285,0,source_conditioned_relation_not_independent_nominal_count,rAzwriya,1,,,,verified,85cf01f0df55d528f078
2c33652b8e77a38d4451,rAzwra,TataAgata,Where one came from. (4.3.74),Ga,rAzwriya,1,4.3.74,kashika_4_3.rs:265,0,source_conditioned_relation_not_independent_nominal_count,rAzwriya,1,,,,verified,0de0db12d5ad69459638
e6024a4110a3fa0c7cee,rAzwra,TatraBhava,Where this stays or exists. (4.3.53),Ga,rAzwriya,1,4.3.53,kashika_4_3.rs:199,0,source_conditioned_relation_not_independent_nominal_count,rAzwriya,1,,,,verified,ca8959c009d13a623447
42cf9df0c74761e13f32,rAzwra,TatraJata,Where this was born. (4.3.25),Ga,rAzwriya,1,4.3.25;4.3.38,kashika_4_3.rs:151;kashika_4_3.rs:84,1,source_conditioned_relation_not_independent_nominal_count,rAzwriya,1,,,,verified,03eb84b7031bade5777a
2bb81008786b29661617,rAzwra,TatraPrayabhava,Where this generally occurs. (4.3.39),Ga,rAzwriya,1,4.3.39,kashika_4_3.rs:158,0,source_conditioned_relation_not_independent_nominal_count,rAzwriya,1,,,,verified,685dc285fbe9b2a0c11a
92241c06dfbebd7d492e,rAzwra,TatraSambhute,Where this was adapted. (4.3.41),Ga,rAzwriya,1,4.3.41,kashika_4_3.rs:172,0,source_conditioned_relation_not_independent_nominal_count,rAzwriya,1,,,,verified,2d43b6a7b58af5796313
e57e805f8bedd0430e35,rEvatika,TasyaIdam,One who has this. (4.3.120),Ca,rEvatikIya,1,4.3.131,kashika_4_3.rs:413,0,source_conditioned_relation_not_independent_nominal_count,rEvatikIya,1,,,,verified,a1dd0daa49dc5ae82399
a94832cc63a2af2c7d92,raTa,TadVahati,What one bears. (4.4.78),yat,raTya,1,4.4.76,kashika_4_4.rs:514,0,source_conditioned_relation_not_independent_nominal_count,raTya,1,,,,verified,ca1b216b28894cdddb58
a313b6fbe474c883b4f2,raTa,TasyaIdam,One who has this. (4.3.120),yat,raTya,1,4.3.121,kashika_4_3.rs:376,0,source_conditioned_relation_not_independent_nominal_count,raTya,1,,,,verified,d7ba0aa045a9ae2df995
c2e179ada2c8002b3bf0,raTa,TasyaSamuha,A collection of this. (4.2.37),ya,raTyA,1,4.2.50,kashika_4_2.rs:218,0,source_conditioned_relation_not_independent_nominal_count,raTyA,1,,,,verified,c4f57df0d82ce98bf8bd
bcdd730a576524b6a0e9,rajas,TadAsyaAstiAsmin,What one has or is in. (5.2.94),valac,rajasvala,1,5.2.112,kashika_5_2.rs:430,0,source_conditioned_relation_not_independent_nominal_count,rajasvala,1,,,,verified,ee3eb76b049b40872811
c79eca2a113a9463d750,revatI,TasyaApatyam,Descendant. (4.1.92),Wak,rEvatika,1,4.1.146,kashika_4_1.rs:782,0,source_conditioned_relation_not_independent_nominal_count,rEvatika,1,,,,verified,de0c24d4ac852f9323ee
e545cb8e85c42897d0da,rocanA,TenaRaktam,One dyed by this. (4.2.1),Wak,rOcanika,1,4.2.2,kashika_4_2.rs:22,0,source_conditioned_relation_not_independent_nominal_count,rOcanika,1,,,,verified,d959cc7f474e658ff8b9
7a26a6b62e097a4608a5,sAlveya,Janapada,Country. (4.1.168),aY,sAlveya,1,4.1.169,kashika_4_1.rs:852,0,source_conditioned_relation_not_independent_nominal_count,sAlveya,1,,,,verified,369a024bb3ac961abe3c
b4cba3a0acdd7037bbca,sAman,TatraSadhu,Skilled in this. (4.4.98),yat,sAmanya,1,4.4.98,kashika_4_4.rs:631,0,source_conditioned_relation_not_independent_nominal_count,sAmanya,1,,,,verified,46629d3b38390e8bfc33
8f94cff3e938cac5cdb8,sAraNga,Hanti,What one kills. (4.4.35),Wak,sAraNgika,1,4.4.35,kashika_4_4.rs:253,0,source_conditioned_relation_not_independent_nominal_count,sAraNgika,1,,,,verified,5e08d0dcd04c74701e48
bed778b118be1e33f657,sArasyAyana,TasyaVishayoDeshe,A domain of this. (4.2.52),Baktal,sArasyAyanaBakta,1,4.2.54,kashika_4_2.rs:246,0,source_conditioned_relation_not_independent_nominal_count,sArasyAyanaBakta,1,,,,verified,d38b73cf1175089015fb
68ade3df49569799d82f,sIra,TadVahati,What one bears. (4.4.78),Wak,sErika,1,4.4.81,kashika_4_4.rs:540,0,source_conditioned_relation_not_independent_nominal_count,sErika,1,,,,verified,0de0f3d3dfaa8946edb5
22176e4110a4222787ba,sIra,TasyaIdam,One who has this. (4.3.120),Wak,sErika,1,4.3.124,kashika_4_3.rs:392,0,source_conditioned_relation_not_independent_nominal_count,sErika,1,,,,verified,10d37c394b216a9881cf
04304a10f3f1b0007675,sOvIra,Janapada,Country. (4.1.168),YyaN,sOvIrya,1,4.1.171,kashika_4_1.rs:873,0,source_conditioned_relation_not_independent_nominal_count,sOvIrya,1,,,,verified,e789ecc470e2b43c0f2c
f33d4b87348b9e021c57,sTAlIbila,TadArhati,One deserves this. (5.1.63),Ca,sTAlIbilIya,1,5.1.70,kashika_5_1.rs:439,0,source_conditioned_relation_not_independent_nominal_count,sTAlIbilIya,1,,,,verified,80436a8fc0da715919c6
f24954d1921109c958bc,sTAlIbila,TadArhati,One deserves this. (5.1.63),yat,sTAlIbilya,1,5.1.70,kashika_5_1.rs:440,0,source_conditioned_relation_not_independent_nominal_count,sTAlIbilya,1,,,,verified,4aa53618f8b260b19159
f9a0ee13ceff6d562a88,sTalapaTa,Ahrtam,What is conveyed by that way. (5.1.77),WaY,sTAlapaTika,1,5.1.77,kashika_5_1.rs:505,0,source_conditioned_relation_not_independent_nominal_count,sTAlapaTika,1,,,,verified,d6f8a15df8e83c0f5878
77f49e52c6890f56d60e,sTalapaTa,Gacchati,Who goes. (5.1.75),WaY,sTAlapaTika,1,5.1.77,kashika_5_1.rs:504,0,source_conditioned_relation_not_independent_nominal_count,sTAlapaTika,1,,,,verified,817b90abbb5e33e73a90
57d590a8d2cd1522fc6f,sUkara,Hanti,What one kills. (4.4.35),Wak,sOkarika,1,4.4.35,kashika_4_4.rs:252,0,source_conditioned_relation_not_independent_nominal_count,sOkarika,1,,,,verified,ba63c5b41a2ab1d228f4
8ec21cb236eaceecf6c9,sUpa,TenaUpasikte,Sprinkled with. (4.4.26),Wak,sOpika,1,4.4.26,kashika_4_4.rs:183,0,source_conditioned_relation_not_independent_nominal_count,sOpika,1,,,,verified,dd7e13b810a71f2d5dac
d7c3cb8857de1f24a36f,sUramasa,Janapada,Country. (4.1.168),aR,sOramasa,1,4.1.170,kashika_4_1.rs:862,0,source_conditioned_relation_not_independent_nominal_count,sOramasa,1,,,,verified,2db1d84351ea7b337256
bde194efe1aedf10a7db,saBA,TatraSadhu,Skilled in this. (4.4.98),Qa,saBeya,1,4.4.106,kashika_4_4.rs:684,0,source_conditioned_relation_not_independent_nominal_count,,0,saBeya,,,engine_mismatch_not_admitted,
bf9b7938d34bd73a366e,saBA,TatraSadhu,Skilled in this. (4.4.98),ya,saBya,1,4.4.105,kashika_4_4.rs:678,0,source_conditioned_relation_not_independent_nominal_count,saBya,1,,,,verified,179428768aba9aff0a72
ac8f6c4f1156b64d3cf6,saMSaya,Apanna,Fallen into this. (5.1.73),WaY,sAMSayika,1,5.1.73,kashika_5_1.rs:461,0,source_conditioned_relation_not_independent_nominal_count,sAMSayika,1,,,,verified,fb1bb42a3d6dc60e6f2b
476576c08ccfd4f4b0a3,saMsTAna,Vyavaharati,Where one does work. (4.4.72),Wak,sAMsTAnika,1,4.4.72,kashika_4_4.rs:499,0,source_conditioned_relation_not_independent_nominal_count,sAMsTAnika,1,,,,verified,2bce563226973ce7e169
0145fea29546c8a7a6fa,saMvatsara,TenaNirvrttam,Completed by this time. (5.1.79),WaY,sAMvatsarika,1,5.1.79,kashika_5_1.rs:529,0,source_conditioned_relation_not_independent_nominal_count,sAMvatsarika,1,,,,verified,ec04d02ac94c7d0e8f92
5cb7dae784e08815834c,saMyuga,TatraSadhu,Skilled in this. (4.4.98),KaY,sAMyugIna,1,4.4.99,kashika_4_4.rs:641,0,source_conditioned_relation_not_independent_nominal_count,sAMyugIna,1,,,,verified,fca4f24f3ec13e789250
0864b181973793c24f9f,sahAya,TasyaSamuha,A collection of this. (4.2.37),tal,sahAyatA,1,4.2.43,kashika_4_2.rs:186,0,source_conditioned_relation_not_independent_nominal_count,sahAyatA,1,,,,verified,6d8a2d5fc4dd406aa216
e424125b8dd9f8886b7f,sahas,Vartate,Existence. (4.4.27),Wak,sAhasika,1,4.4.27,kashika_4_4.rs:190,0,source_conditioned_relation_not_independent_nominal_count,sAhasika,1,,,,verified,1a1a182316ccd1f400b3
9abe26e049bd6513b32a,sahasra,TadArhati,One deserves this. (5.1.63),aR,sAhasra,1,5.1.63,kashika_5_1.rs:390,0,source_conditioned_relation_not_independent_nominal_count,sAhasra,1,,,,verified,91cf3e3d44669fbb164d
d0b377d3deddbeead4fa,sahasra,TadAsminVrddhiAyaLabhaSulkaUpada,"In which this is an interest, rent, profit, tax, or bribe. (5.1.47)",aR,sAhasra,1,5.1.47,kashika_5_1.rs:315,0,source_conditioned_relation_not_independent_nominal_count,sAhasra,1,,,,verified,9b155fa3d643c6e3e760
8f13220e10586dcbb0f0,sahasra,TadAsyaParimanam,The measure of this. (5.1.57),aR,sAhasra,1,5.1.57,kashika_5_1.rs:379,0,source_conditioned_relation_not_independent_nominal_count,sAhasra,1,,,,verified,d98386b15d78c22abf63
cb8f9b2f2f9b884662ce,sahasra,TasyaNimittamSamyogotpattau,"For the sake of this, when the meaning is a relation or appearance. (5.1.38)",aR,sAhasra,1,5.1.38,kashika_5_1.rs:268,0,source_conditioned_relation_not_independent_nominal_count,sAhasra,1,,,,verified,9d9d4c65527f33c3d61f
45637b993af7e1f20d60,sahasra,TenaKritam,What is bought with this. (5.1.37),aR,sAhasra,1,5.1.27,kashika_5_1.rs:240,0,source_conditioned_relation_not_independent_nominal_count,sAhasra,1,,,,verified,be3a3c74f9b3670e8639
9ff0fcf08cb786132e90,saktu,TatraSadhu,Skilled in this. (4.4.98),WaY,sAktuka,1,4.4.103,kashika_4_4.rs:665,0,source_conditioned_relation_not_independent_nominal_count,sAktuka,1,,,,verified,1038f3ef172089cb394a
0a2c8447327a811672c7,samA,TamAdhisteBhrtoBhutoBhavi,"For which time one instructs, is paid, existed, or will exist. (5.1.80)",Ka,samIna,1,5.1.85,kashika_5_1.rs:551,0,source_conditioned_relation_not_independent_nominal_count,samIna,1,,,,verified,26ecfa1cc0929aefb348
3add11deb982c124ce89,samAja,Samavaiti,Assembly. (4.4.43),Wak,sAmAjika,1,4.4.43,kashika_4_4.rs:308,0,source_conditioned_relation_not_independent_nominal_count,sAmAjika,1,,,,verified,0e0044614be7a2fc6db1
f94801f1e8b8a5b54d34,samAja,TadRakshati,What is protected. (4.4.33),Wak,sAmAjika,1,4.4.33,kashika_4_4.rs:230,0,source_conditioned_relation_not_independent_nominal_count,sAmAjika,1,,,,verified,20b891d816d5c1761817
3dcdeedc563999862d28,samUha,Samavaiti,Assembly. (4.4.43),Wak,sAmUhika,1,4.4.43,kashika_4_4.rs:309,0,source_conditioned_relation_not_independent_nominal_count,sAmUhika,1,,,,verified,3e0f828f43c1c34d3dc5
3d64adca39334bb3b018,samavAya,Samavaiti,Assembly. (4.4.43),Wak,sAmavAyika,1,4.4.43,kashika_4_4.rs:307,0,source_conditioned_relation_not_independent_nominal_count,sAmavAyika,1,,,,verified,ee1cbf09be591abfbc3b
bb565a9a21ee86169000,sammuKa,Darshana,Mirror. (5.2.6),Ka,sammuKIna,1,5.2.6,kashika_5_2.rs:59,0,source_conditioned_relation_not_independent_nominal_count,sammuKIna,1,,,,verified,80f0c381eca444ad22b7
00858ca9d4cf3850fcda,samudra,TatraBhava,Where this stays or exists. (4.3.53),Ga,samudriya,1,4.4.118,kashika_4_4.rs:724,0,source_conditioned_relation_not_independent_nominal_count,,0,samudriya,,,engine_mismatch_not_admitted,
8ec86070b9b5147fa068,sannipAta,TasyaNimittamSamyogotpattau,"For the sake of this, when the meaning is a relation or appearance. (5.1.38)",Wak,sAnnipAtika,1,5.1.38,kashika_5_1.rs:274,0,source_conditioned_relation_not_independent_nominal_count,sAnnipAtika,1,,,,verified,3cd12a43f726f0fb2b4e
e7128c3e14f51066c73e,sanniveSa,Samavaiti,Assembly. (4.4.43),Wak,sAnniveSika,1,4.4.43,kashika_4_4.rs:310,0,source_conditioned_relation_not_independent_nominal_count,sAnniveSika,1,,,,verified,f100836f5d51c416fc56
73e377c93d524caa7851,sanniveSa,TadRakshati,What is protected. (4.4.33),Wak,sAnniveSika,1,4.4.33,kashika_4_4.rs:231,0,source_conditioned_relation_not_independent_nominal_count,sAnniveSika,1,,,,verified,11cf1fb33a25a4f6abb7
f737d206f2175a0c1189,saptan,TadAsminVrddhiAyaLabhaSulkaUpada,"In which this is an interest, rent, profit, tax, or bribe. (5.1.47)",kan,saptaka,1,5.1.47,kashika_5_1.rs:312,0,source_conditioned_relation_not_independent_nominal_count,saptaka,1,,,,verified,6efb8034a8e309269e33
13a46a87a78124fe9914,saptati,TenaKritam,What is bought with this. (5.1.37),WaY,sAptatika,1,5.1.37,kashika_5_1.rs:247,0,source_conditioned_relation_not_independent_nominal_count,sAptatika,1,,,,verified,8576c58514dfe2d0d2f3
7046b7e46c053fb1af51,sarvANga,Vyapnoti,Pervades. (5.2.7),Ka,sarvANgIRa,1,5.2.7,kashika_5_2.rs:65,0,source_conditioned_relation_not_independent_nominal_count,sarvANgIRa,1,,,,verified,7989de0ebd6f6d675d13
f7f0983e52e566639666,sarva,TasmaiHitam,One for whom this is good. (5.1.7),Ra,sArva,1,5.1.10,kashika_5_1.rs:108,0,source_conditioned_relation_not_independent_nominal_count,sArva,1,,,,verified,6158357d3ac03bcd9b80
c45ce9a1eb836daa6678,sarvaBUmi,TasyaNimittamSamyogotpattau,"For the sake of this, when the meaning is a relation or appearance. (5.1.38)",aR,sArvaBOma,1,5.1.41,kashika_5_1.rs:288,0,source_conditioned_relation_not_independent_nominal_count,sArvaBUma,1,sArvaBOma,sArvaBUma,,engine_mismatch_not_admitted,
aaa0b5b061adaa6215ef,sarvaDurA,TadVahati,What one bears. (4.4.78),Ka,sarvaDurIRa,1,4.4.78,kashika_4_4.rs:527,0,source_conditioned_relation_not_independent_nominal_count,sarvaDurIRa,1,,,,verified,3787e4356729553d28ed
07982d145c538aa5bef0,sarvacarman,Krta,Wholly made of this. (5.2.5),Ka,sarvacarmIRa,1,5.2.5,kashika_5_2.rs:52,0,source_conditioned_relation_not_independent_nominal_count,sarvacarmIRa,1,,,,verified,65ef66ebbb54894359fc
387193282a63626153ba,sarvacarman,Krta,Wholly made of this. (5.2.5),KaY,sArvacarmIRa,1,5.2.5,kashika_5_2.rs:53,0,source_conditioned_relation_not_independent_nominal_count,sArvacarmIRa,1,,,,verified,96b90d5accd8680b7194
d90ad4f64bb7ed327952,sarvakarman,Vyapnoti,Pervades. (5.2.7),Ka,sarvakarmIRa,1,5.2.7,kashika_5_2.rs:66,0,source_conditioned_relation_not_independent_nominal_count,sarvakarmIRa,1,,,,verified,9fe6ff7b3470cb7bb20f
6df46c53b563375dad0b,sarvapAtra,Vyapnoti,Pervades. (5.2.7),Ka,sarvapAtrIRa,1,5.2.7,kashika_5_2.rs:68,0,source_conditioned_relation_not_independent_nominal_count,sarvapAtrIRa,1,,,,verified,2281bdf0ee11742f29e8
6c4f049180e40dad0ffe,sarvapaTi,Vyapnoti,Pervades. (5.2.7),Ka,sarvapaTIna,1,5.2.7,kashika_5_2.rs:64,0,source_conditioned_relation_not_independent_nominal_count,sarvapaTIna,1,,,,verified,3baae32e120d8734b069
c886f08469d5a9d0f207,sarvapatra,Vyapnoti,Pervades. (5.2.7),Ka,sarvapatrIRa,1,5.2.7,kashika_5_2.rs:67,0,source_conditioned_relation_not_independent_nominal_count,sarvapatrIRa,1,,,,verified,a9106322f06e637b2be0
cf46bf87f2580760b2ac,sarvasena,AsyaNivasa,Dwelling. (4.3.89),Yya,sArvasenya,1,4.3.92,kashika_4_3.rs:291,0,source_conditioned_relation_not_independent_nominal_count,sArvasenya,1,,,,verified,70156b8cedce62a0d31c
accb091d7af7b9ed0777,sasya,TatraParijata,Supplied richly with. (5.2.68),kan,sasyaka,1,5.2.68,kashika_5_2.rs:357,0,source_conditioned_relation_not_independent_nominal_count,sasyaka,1,,,,verified,c7bbc58700e227d4b446
e838b5495637eab2edb9,senA,Samavaiti,Assembly. (4.4.43),Rya,sEnya,1,4.4.45,kashika_4_4.rs:320,0,source_conditioned_relation_not_independent_nominal_count,sEnya,1,,,,verified,36cda12bb90bfbf0be6f
11d4164cf2d9ded53c38,senA,Samavaiti,Assembly. (4.4.43),Wak,sEnika,1,4.4.45,kashika_4_4.rs:321,0,source_conditioned_relation_not_independent_nominal_count,sEnika,1,,,,verified,dd80d1ba5145dbde0e10
badef5006d632d967f30,senApati,TasyaApatyam,Descendant. (4.1.92),Rya,sEnApatya,1,4.1.85,kashika_4_1.rs:435,0,source_conditioned_relation_not_independent_nominal_count,sEnApatya,1,,,,verified,26867d7e744199425941
6565063e9c193b531a8d,siDma,TadAsyaAstiAsmin,What one has or is in. (5.2.94),lac,siDmala,1,5.2.97,kashika_5_2.rs:401,0,source_conditioned_relation_not_independent_nominal_count,siDmala,1,,,,verified,b75fa4c097992b2e2b1f
6f4c6fcd4de0e377d583,siDma,TadAsyaAstiAsmin,What one has or is in. (5.2.94),matup,siDmavat,1,5.2.97,kashika_5_2.rs:402,0,source_conditioned_relation_not_independent_nominal_count,siDmavat,1,,,,verified,4e4fb97a31c400fad628
af2fcca6fab60c2ed868,sinDu,AsyaNivasa,Dwelling. (4.3.89),aR,sEnDava,1,4.3.93,kashika_4_3.rs:296,0,source_conditioned_relation_not_independent_nominal_count,sEnDava,1,,,,verified,3c47c81da78581189b80
37150d9176fc2d3a3756,sinDu,AsyaNivasa,Dwelling. (4.3.89),aY,sEnDava,1,4.3.93,kashika_4_3.rs:297,0,source_conditioned_relation_not_independent_nominal_count,sEnDava,1,,,,verified,27dcdad266b4d694df81
3e8bf93d278231bbf807,sinDu,TatraJata,Where this was born. (4.3.25),aR,sEnDava,1,4.2.133;4.3.33,kashika_4_2.rs:514;kashika_4_3.rs:141,1,source_conditioned_relation_not_independent_nominal_count,sEnDava,1,,,,verified,5543fe4ac434ff733a08
a3fbf7b838a4dad96a56,sinDu,TatraJata,Where this was born. (4.3.25),aY,sEnDava,1,4.3.33,kashika_4_3.rs:142,0,source_conditioned_relation_not_independent_nominal_count,sEnDava,1,,,,verified,ac26799feaf5785d43ff
cbf3c86d98b0dca6fc83,sinDu,TatraJata,Where this was born. (4.3.25),kan,sinDuka,1,4.3.32,kashika_4_3.rs:135,0,source_conditioned_relation_not_independent_nominal_count,sinDuka,1,,,,verified,d87c8048b1f0e4464a14
4c32d6050a4edf5b4a2a,soma,SaAsyaDevata,Having this as a god. (4.2.24),wyaR,sOmya,1,4.2.30,kashika_4_2.rs:101,0,source_conditioned_relation_not_independent_nominal_count,sOmya,1,,,,verified,e163a1cbca2f6a58c715
4a7a394cafa2bf4b8c26,sruGna,AsyaNivasa,Dwelling. (4.3.89),aR,srOGna,1,4.3.89,kashika_4_3.rs:283,0,source_conditioned_relation_not_independent_nominal_count,srOGna,1,,,,verified,7409ce50dcc12bb87831
ad71e03cef805403fba8,sruGna,TataAgata,Where one came from. (4.3.74),aR,srOGna,1,4.3.74,kashika_4_3.rs:263,0,source_conditioned_relation_not_independent_nominal_count,srOGna,1,,,,verified,0df048ea24c56d943de3
5d115ba21ff4281264cc,sruGna,TatraBhava,Where this stays or exists. (4.3.53),aR,srOGna,1,4.3.53,kashika_4_3.rs:197,0,source_conditioned_relation_not_independent_nominal_count,srOGna,1,,,,verified,56e05b37e2a26c95530e
6085eb74a4553839b6f8,sruGna,TatraJata,Where this was born. (4.3.25),aR,srOGna,1,4.3.25;4.3.38,kashika_4_3.rs:149;kashika_4_3.rs:80,1,source_conditioned_relation_not_independent_nominal_count,srOGna,1,,,,verified,c7908f5aff6ccafd15a1
f7d34365a83d91b78ea0,sruGna,TatraPrayabhava,Where this generally occurs. (4.3.39),aR,srOGna,1,4.3.39,kashika_4_3.rs:156,0,source_conditioned_relation_not_independent_nominal_count,srOGna,1,,,,verified,6b5997a2bef54040dcd1
591e8d98b1c16de772bf,sruGna,TatraSambhute,Where this was adapted. (4.3.41),aR,srOGna,1,4.3.41,kashika_4_3.rs:170,0,source_conditioned_relation_not_independent_nominal_count,srOGna,1,,,,verified,af9806ee34316937decc
8df0dd7d7f1c499469af,stamBa,Hrasve,,ka,stamBaka,1,5.3.86,kashika_5_3.rs:288,0,source_conditioned_relation_not_independent_nominal_count,stamBaka,1,,,,verified,5ad78de205b4dde09b30
c0ccf4a6ed494b1f00db,strI,TasyaApatyam,Descendant. (4.1.92),naY,strERa,1,4.1.87;4.1.92,kashika_4_1.rs:446;kashika_4_1.rs:456,1,source_conditioned_relation_not_independent_nominal_count,strERa,1,,,,verified,4d73d588532008be455a
aa573e2baa885f57d73e,suBagA,TasyaApatyam,Descendant. (4.1.92),Qak,sOBAgineya,1,4.1.126,kashika_4_1.rs:673,0,source_conditioned_relation_not_independent_nominal_count,sOBageya,1,sOBAgineya,sOBageya,,engine_mismatch_not_admitted,
fda88e2f83d194b079f1,suDAtf,TasyaApatyam,Descendant. (4.1.92),iY,sODAtaki,1,4.1.97,kashika_4_1.rs:481,0,source_conditioned_relation_not_independent_nominal_count,sODAtaki,1,,,,verified,d4e33fecb2f97e355336
428130b7a03a7ba8a367,svApiSi,TasyaIdam,One who has this. (4.3.120),Ca,svApiSIya,1,4.3.131,kashika_4_3.rs:414,0,source_conditioned_relation_not_independent_nominal_count,svApiSIya,1,,,,verified,1c1f4123326b1fae9b00
29f0a7eab2f716901afd,svapati,TatraSadhu,Skilled in this. (4.4.98),QaY,svApateya,1,4.4.104,kashika_4_4.rs:673,0,source_conditioned_relation_not_independent_nominal_count,svApateya,1,,,,verified,a8ba6f5a64f6b66ed690
897e6c5d33b2aba58019,svasf,TasyaApatyam,Descendant. (4.1.92),Ca,svasrIya,1,4.1.143,kashika_4_1.rs:766,0,source_conditioned_relation_not_independent_nominal_count,svasrIya,1,,,,verified,0bac8ef3634617f7cc7d
68e263605bd5a9ba0919,tArakA,TadAsyaSamjatam,Of which this is observed. (5.2.36),itac,tArakita,1,5.2.36,kashika_5_2.rs:209,0,source_conditioned_relation_not_independent_nominal_count,tArakita,1,,,,verified,99eeab3ff373677f9f53
8ce26f301dd137b814d3,tUdI,AsyaNivasa,Dwelling. (4.3.89),Qak,tOdeya,1,4.3.94,kashika_4_3.rs:304,0,source_conditioned_relation_not_independent_nominal_count,tOdeya,1,,,,verified,51460190f51d8ae195d6
1fa56bb77e39653adbbe,taRqula,TasmaiHitam,One for whom this is good. (5.1.7),Ca,taRqulIya,1,5.1.4,kashika_5_1.rs:49,0,source_conditioned_relation_not_independent_nominal_count,taRqulIya,1,,,,verified,523b0c1501f1cd6187c8
b5c888cda3b1b9050988,taRqula,TasmaiHitam,One for whom this is good. (5.1.7),yat,taRqulya,1,5.1.4,kashika_5_1.rs:48,0,source_conditioned_relation_not_independent_nominal_count,taRqulya,1,,,,verified,b4be5dfafb0145ed91af
760de2ff289c44953ee3,tad,BahunamEka,One of many. (5.3.93),qatamac,tatama,1,5.3.93,kashika_5_3.rs:340,0,source_conditioned_relation_not_independent_nominal_count,tatama,1,,,,verified,f050d4561ecd6df9d3ff
5b207a2050c3c25132a9,tad,DvayorEka,One of two. (5.3.92),qatarac,tatara,1,5.3.92,kashika_5_3.rs:333,0,source_conditioned_relation_not_independent_nominal_count,tatara,1,,,,verified,9efcc577989952e1e66a
4b808e52f49fec5541d9,tad,Parimana,Volume. (5.2.39),vatup,tAvat,1,5.2.39,kashika_5_2.rs:244,0,source_conditioned_relation_not_independent_nominal_count,tAvat,1,,,,verified,f4e96e17bb5345a071b2
1c74b71480c77240cc52,tantra,AciraApahrta,Taken recently. (5.2.70),kan,tantraka,1,5.2.70,kashika_5_2.rs:367,0,source_conditioned_relation_not_independent_nominal_count,tantraka,1,,,,verified,e692029de7b88d3dc40b
5051e55e8cbe0b5b72e5,tarku,TasyaVikara,Modification of this. (4.3.134),aR,tArkava,1,4.3.137,kashika_4_3.rs:441,0,source_conditioned_relation_not_independent_nominal_count,tArkava,1,,,,verified,0adcb8501b893c657725
6a247f10a7c57fb6e8be,tfRa,TasyaSamuha,A collection of this. (4.2.37),ya,tfRyA,1,4.2.49,kashika_4_2.rs:211,0,source_conditioned_relation_not_independent_nominal_count,tfRyA,1,,,,verified,6f5d5fb82b6be7450062
fcdcd563ae54f453e94f,tila,TasmaiHitam,One for whom this is good. (5.1.7),yat,tilya,1,5.1.7,kashika_5_1.rs:84,0,source_conditioned_relation_not_independent_nominal_count,tilya,1,,,,verified,34a606fbaac966ae9a43
b7ac6a0f97c3e3019667,tilaKalA,Janapada,Country. (4.1.168),iY,tElaKali,1,4.1.173,kashika_4_1.rs:892,0,source_conditioned_relation_not_independent_nominal_count,tElaKali,1,,,,verified,69276187c866af2567c8
933a94ac5ff794cd2557,tittiqIka,TasyaVikara,Modification of this. (4.3.134),aR,tEttiqIka,1,4.3.137,kashika_4_3.rs:442,0,source_conditioned_relation_not_independent_nominal_count,tEttiqIka,1,,,,verified,8e408557392748930008
305cc9a68974234dff2c,tittiqIka,TenaSamskrtam,Cultured or processed. (4.4.3),aR,tEttiqIka,1,4.4.4,kashika_4_4.rs:41,0,source_conditioned_relation_not_independent_nominal_count,tEttiqIka,1,,,,verified,56bca23f4a1f34a618bb
b1c7c975e237098e18b7,tittiri,Hanti,What one kills. (4.4.35),Wak,tEttirika,1,4.4.35,kashika_4_4.rs:245,0,source_conditioned_relation_not_independent_nominal_count,tEttirika,1,,,,verified,1830277e63e48c70a20b
6aab243e874af970b4f4,tittiri,TasyaVikara,Modification of this. (4.3.134),aR,tEttira,1,4.3.135,kashika_4_3.rs:427,0,source_conditioned_relation_not_independent_nominal_count,tEttira,1,,,,verified,32a07056a6910b392c9e
a92cad3aaef2436feeac,tittiri,TenaProktam,What is proclaimed by this person. (4.3.101),CaR,tEttirIya,1,4.3.102,kashika_4_3.rs:318,0,source_conditioned_relation_not_independent_nominal_count,tEttirIya,1,,,,verified,4b7ac9e11ad5a7ef47e4
f1a1728ae77b55e9e9b0,trapu,TasyaVikara,Modification of this. (4.3.134),aR,trApuza,1,4.3.138,kashika_4_3.rs:450,0,source_conditioned_relation_not_independent_nominal_count,trApava,1,trApuza,trApava,,engine_mismatch_not_admitted,
500594504f830062b34c,tri,Avasana,Parts of which. (5.2.42),tayap,traya;tritaya,2,5.2.43,kashika_5_2.rs:271,0,source_conditioned_relation_not_independent_nominal_count,traya;tritaya,2,,,,verified,344fd7f71777c912b677
3d5ab61e508b0440501c,tri,Nimana,Given in exchange. (5.2.47),mayaw,trimaya,1,5.2.47,kashika_5_2.rs:288,0,source_conditioned_relation_not_independent_nominal_count,trimaya,1,,,,verified,58a2f2f3ed8a8c5f7b9b
301ecd7411925a1ae13b,tri,Purana,Making full. (5.2.48),tIya,tftIya,1,5.2.55,kashika_5_2.rs:312,0,source_conditioned_relation_not_independent_nominal_count,tftIya,1,,,,verified,04b50168e442e20ef2e6
294c72d6210df52612d3,tri,TenaKritam,What is bought with this. (5.1.37),kan,trika,1,5.1.37,kashika_5_1.rs:257,0,source_conditioned_relation_not_independent_nominal_count,trika,1,,,,verified,36b85f537bbb6296073b
6a73ad6be383e7f54c70,trigarta,TasyaVishayoDeshe,A domain of this. (4.2.52),vuY,trEgartaka,1,4.2.53,kashika_4_2.rs:235,0,source_conditioned_relation_not_independent_nominal_count,trEgartaka,1,,,,verified,f0812dd19cc153d233b9
97995178088c118cb1f8,triguRa,PrayacchatiGarhyam,One who gives in a contemptible way. (4.4.30),Wak,trEguRika,1,4.4.30,kashika_4_4.rs:212,0,source_conditioned_relation_not_independent_nominal_count,trEguRika,1,,,,verified,7b8934e63dbc8003fc23
966989a25da3aa047588,tsaru,TatraKushala,Skilled in this. (5.2.63),kan,tsaruka,1,5.2.64,kashika_5_2.rs:338,0,source_conditioned_relation_not_independent_nominal_count,tsaruka,1,,,,verified,ba8f94ba2cf872b4f559
58032587deca2b5ad32e,tugra,TatraBhava,Where this stays or exists. (4.3.53),Gan,tugriya,1,4.4.115,kashika_4_4.rs:705,0,source_conditioned_relation_not_independent_nominal_count,,0,tugriya,,,engine_mismatch_not_admitted,
413ebcc48c1b70cf4cde,turAyaRa,TadVartayati,One performs this. (5.1.72),WaY,tOrAyaRika,1,5.1.18;5.1.72,kashika_5_1.rs:172;kashika_5_1.rs:455,1,source_conditioned_relation_not_independent_nominal_count,tOrAyaRika,1,,,,verified,b48df1729b4837a4e1cd
08614a771b183b21a41b,uKA,SamskrtamBhaksha,Food that is prepared with this vessel or medium. (4.2.16),yat,uKya,1,4.2.17,kashika_4_2.rs:37,0,source_conditioned_relation_not_independent_nominal_count,uKya,1,,,,verified,eac2b1c2e31765beb3b2
cf9447c9b2cca2000649,uKa,TenaProktam,What is proclaimed by this person. (4.3.101),CaR,OKIya,1,4.3.102,kashika_4_3.rs:321,0,source_conditioned_relation_not_independent_nominal_count,OKIya,1,,,,verified,fbefe0a0ad13269a77fb
95abe9951851836c4235,uccakzus,AbhutaTadbhava,Becoming what one was not. (5.4.50),cvi,uccakzU,1,5.4.51,kashika_5_4.rs:163,0,source_conditioned_relation_not_independent_nominal_count,uccakzU,1,,,,verified,ec7df6c19d538539fcc9
3b0a248b82fd319948bf,udaSvit,SamskrtamBhaksha,Food that is prepared with this vessel or medium. (4.2.16),Wak,OdaSvitka,1,4.2.19,kashika_4_2.rs:47,0,source_conditioned_relation_not_independent_nominal_count,OdaSvitka,1,,,,verified,5b56b1a3bc2b617d76b3
a5ced0e3c4c2479f4f6a,udaSvit,SamskrtamBhaksha,Food that is prepared with this vessel or medium. (4.2.16),aR,OdaSvita,1,4.2.19,kashika_4_2.rs:48,0,source_conditioned_relation_not_independent_nominal_count,OdaSvita,1,,,,verified,4030032642989d39c83c
3422e537df2afb66eecb,udaka,AbhutaTadbhava,Becoming what one was not. (5.4.50),sAti,udakasAt,1,5.4.52,kashika_5_4.rs:172,0,source_conditioned_relation_not_independent_nominal_count,udakasAt,1,,,,verified,d554a86c4b6d44214e46
431b7d510e4379eacf58,udaka,TadArhati,One deserves this. (5.1.63),yat,udakya,1,5.1.67,kashika_5_1.rs:416,0,source_conditioned_relation_not_independent_nominal_count,udakya,1,,,,verified,f08e02d19fd0e8d4d039
a9c4dfe592985c257ea5,udapAna,TasyaApatyam,Descendant. (4.1.92),aY,OdapAna,1,4.1.86,kashika_4_1.rs:441,0,source_conditioned_relation_not_independent_nominal_count,OdapAna,1,,,,verified,7260613140fd5087f922
0e4a51109a219e4d1a5b,udapAna,TataAgata,Where one came from. (4.3.74),aR,OdapAna,1,4.3.76,kashika_4_3.rs:272,0,source_conditioned_relation_not_independent_nominal_count,OdapAna,1,,,,verified,f1d7cf0f6a06144454b8
538116c34654f46f4d25,udapAna,TatraJata,Where this was born. (4.3.25),aR,OdapAna,1,4.3.25,kashika_4_3.rs:83,0,source_conditioned_relation_not_independent_nominal_count,OdapAna,1,,,,verified,337f14709a448d337eeb
184424e716f528241b05,udara,Alpe,,ka,udaraka,1,5.2.67,kashika_5_2.rs:352,0,source_conditioned_relation_not_independent_nominal_count,udaraka,1,,,,verified,d08e872680cbec75264f
5ed644d111cbfd4f61fa,udara,TatraAdyuna,Voracious. (5.2.67),Wak,Odarika,1,5.2.67,kashika_5_2.rs:349,0,source_conditioned_relation_not_independent_nominal_count,Odarika,1,,,,verified,da763b66915e52e8e61b
614ec5197bff95b491f5,udgAtf,TasyaDharmyam,One who has this custom. (4.4.47),aY,OdgAtra,1,4.4.49,kashika_4_4.rs:347,0,source_conditioned_relation_not_independent_nominal_count,OdgAtra,1,,,,verified,f3df610d31950381332d
868b93b081b97970f886,udumbarA,Janapada,Country. (4.1.168),iY,Odumbari,1,4.1.173,kashika_4_1.rs:891,0,source_conditioned_relation_not_independent_nominal_count,Odumbari,1,,,,verified,69faea2af7990b861714
a0e73d04e63ffbeb4d9d,ukzan,Tanutve,Slenderness. (5.3.91),zwarac,ukzatara,1,5.3.91,kashika_5_3.rs:324,0,source_conditioned_relation_not_independent_nominal_count,ukzatara,1,,,,verified,483897854bb52b6abcb3
c1a6ba8cf0494da57b37,umA,TasyaVikara,Modification of this. (4.3.134),aR,Oma,1,4.3.158,kashika_4_3.rs:511,0,source_conditioned_relation_not_independent_nominal_count,Oma,1,,,,verified,1b27145b33a145902af6
df363043b75d5a8dac7a,umA,TasyaVikara,Modification of this. (4.3.134),vuY,Omaka,1,4.3.158,kashika_4_3.rs:510,0,source_conditioned_relation_not_independent_nominal_count,Omaka,1,,,,verified,2d692294602104d7e14a
7fba9298c4abc8a9297a,umBi,TatraJata,Where this was born. (4.3.25),QakaY,OmBeyaka,1,4.3.25,kashika_4_3.rs:91,0,source_conditioned_relation_not_independent_nominal_count,OmBeyaka,1,,,,verified,075a46dac6ef388fb9ee
9cae63f34c16c3423143,unmanas,AbhutaTadbhava,Becoming what one was not. (5.4.50),cvi,unmanI,1,5.4.51,kashika_5_4.rs:162,0,source_conditioned_relation_not_independent_nominal_count,unmanI,1,,,,verified,2bb159c56710010f0c2a
b309f8d505380173f785,upAnah,TadarthamVikrtehPrakrtau,What could be created from this raw material. (5.1.12),Yya,OpAnahya,1,5.1.14,kashika_5_1.rs:144,0,source_conditioned_relation_not_independent_nominal_count,OpAnahya,1,,,,verified,0030d9a8c9dc0426b138
00b31f32d18af7d1c8f0,upaDi,TadarthamVikrtehPrakrtau,What could be created from this raw material. (5.1.12),QaY,OpaDeya,1,5.1.13,kashika_5_1.rs:135,0,source_conditioned_relation_not_independent_nominal_count,OpaDeya,1,,,,verified,91218084310ae706c1eb
538d2efccf02af21bdfa,upabAhu,TasyaApatyam,Descendant. (4.1.92),iY,OpabAhavi,1,4.1.96,kashika_4_1.rs:475,0,source_conditioned_relation_not_independent_nominal_count,OpabAhavi,1,,,,verified,7ff3556fbb6b2fb1c58e
4cfc4b5d04774f60acd9,upagu,TasyaApatyam,Descendant. (4.1.92),aR,Opagava,1,4.1.83;4.1.92,kashika_4_1.rs:421;kashika_4_1.rs:452,1,source_conditioned_relation_not_independent_nominal_count,Opagava,1,,,,verified,363e5b55a7d4add23093
8c71578724f219e006d1,upajAnu,TatraPrayabhava,Where this generally occurs. (4.3.39),Wak,OpajAnuka,1,4.3.40,kashika_4_3.rs:163,0,source_conditioned_relation_not_independent_nominal_count,OpajAnuka,1,,,,verified,fc343c774a9e3ea2f0c2
14d52385fc8ef9f6efbb,upakarRa,TatraPrayabhava,Where this generally occurs. (4.3.39),Wak,OpakarRika,1,4.3.40,kashika_4_3.rs:164,0,source_conditioned_relation_not_independent_nominal_count,OpakarRika,1,,,,verified,954124032f3715ee82f9
357e89f2cd084c7ed1ca,upanIvi,TatraPrayabhava,Where this generally occurs. (4.3.39),Wak,OpanIvika,1,4.3.40,kashika_4_3.rs:165,0,source_conditioned_relation_not_independent_nominal_count,OpanIvika,1,,,,verified,b1a1bcfea2806a14b19a
d249b04f83675468956b,uqupa,TenaHarati,One who conveys with this. (4.4.15),Wak,Oqupika,1,4.4.15,kashika_4_4.rs:116,0,source_conditioned_relation_not_independent_nominal_count,Oqupika,1,,,,verified,81de828e7532344505cd
b574a1af39d824907f15,uras,Nirmita,Made of this. (4.4.93),aR,Orasa,1,4.4.94,kashika_4_4.rs:613,0,source_conditioned_relation_not_independent_nominal_count,Orasa,1,,,,verified,bf6a18809b32a3421010
2adb347a2f379cbbae1c,uras,Nirmita,Made of this. (4.4.93),yat,urasya,1,4.4.94,kashika_4_4.rs:614,0,source_conditioned_relation_not_independent_nominal_count,urasya,1,,,,verified,ae28b556e4be819fc899
8d44dbb12fccec7fd56b,urva,Gotra,Patronymic lineage. (4.1.98),aY,Orva,1,4.1.104,kashika_4_1.rs:533,0,source_conditioned_relation_not_independent_nominal_count,Orva,1,,,,verified,1ead656d9b3ce9eae165
b225076ae049096a2f65,utpAta,TadAdhiteTadVeda,What one studies or knows. (4.2.59),aR,OtpAta,1,4.2.59,kashika_4_2.rs:259,0,source_conditioned_relation_not_independent_nominal_count,OtpAta,1,,,,verified,97e6cebe595d1df29361
ee097274c4dbcc28a803,utsAha,TadAsyaAstiAsmin,What one has or is in. (5.2.94),valac,utsAhavala,1,5.2.112,kashika_5_2.rs:441,0,source_conditioned_relation_not_independent_nominal_count,utsAhavala,1,,,,verified,3cf51b73988c8d01185a
dfa59ad6353171a2d7c6,utsa,TasyaApatyam,Descendant. (4.1.92),aY,Otsa,1,4.1.86;4.1.92,kashika_4_1.rs:440;kashika_4_1.rs:455,1,source_conditioned_relation_not_independent_nominal_count,Otsa,1,,,,verified,5ac834f0e37b9ffd1f7a
e0381774159843a561eb,utsa,TatraJata,Where this was born. (4.3.25),aR,Otsa,1,4.3.25,kashika_4_3.rs:82,0,source_conditioned_relation_not_independent_nominal_count,Otsa,1,,,,verified,085756cc95340ddfeab0
de1a1231b7886402d2f0,utsaNga,TenaHarati,One who conveys with this. (4.4.15),Wak,OtsaNgika,1,4.4.15,kashika_4_4.rs:115,0,source_conditioned_relation_not_independent_nominal_count,OtsaNgika,1,,,,verified,1317f07e50579d3872f0
59db0359b1251767040a,uttamArDa,TatraJata,Where this was born. (4.3.25),yat,uttamArDya,1,4.3.5,kashika_4_3.rs:37,0,source_conditioned_relation_not_independent_nominal_count,uttamArDya,1,,,,verified,7c65c961e6f049db0572
5cb89ed74608398940c8,uttara,DigDeshaKala,"Words meaning direction, location, or time. (5.3.27)",atasuc,uttaratas,1,5.3.28,kashika_5_3.rs:122,0,source_conditioned_relation_not_independent_nominal_count,uttaratas,1,,,,verified,f3d50d7463dac72edd67
cc6b0f6c964d209f3a29,uttaraDurA,TadVahati,What one bears. (4.4.78),Ka,uttaraDurIRa,1,4.4.78,kashika_4_4.rs:528,0,source_conditioned_relation_not_independent_nominal_count,uttaraDurIRa,1,,,,verified,08488e3911603a62c311
b6fc89efba75972b2938,uttarapaTa,Ahrtam,What is conveyed by that way. (5.1.77),WaY,OttarapaTika,1,5.1.77,kashika_5_1.rs:493,0,source_conditioned_relation_not_independent_nominal_count,OttarapaTika,1,,,,verified,a22dac9b986a31c59583
c204a694d1c34af2040f,uttarapaTa,Gacchati,Who goes. (5.1.75),WaY,OttarapaTika,1,5.1.77,kashika_5_1.rs:492,0,source_conditioned_relation_not_independent_nominal_count,OttarapaTika,1,,,,verified,eb37047134242029bb98
cec185117b51c07c24c3,uttarapada,Grhnati,What one takes. (4.4.39),Wak,Ottarapadika,1,4.4.39,kashika_4_4.rs:278,0,source_conditioned_relation_not_independent_nominal_count,Ottarapadika,1,,,,verified,aaf714fed9b51ce9b649
bcbd71ce71bcd7586ccd,uzRa,Karin,Going to work in this manner. (5.2.72),kan,uzRaka,1,5.2.72,kashika_5_2.rs:373,0,source_conditioned_relation_not_independent_nominal_count,uzRaka,1,,,,verified,169234f2716beeff59aa
6f61e90c7cf5e0f0694b,uzas,SaAsyaDevata,Having this as a god. (4.2.24),yat,uzasya,1,4.2.31,kashika_4_2.rs:109,0,source_conditioned_relation_not_independent_nominal_count,uzasya,1,,,,verified,7d5a3387be60a2badb44
f96cef97d317b3d69815,uzwra,IvePratikrtau,,kan,uzwraka,1,5.3.96,kashika_5_3.rs:353,0,source_conditioned_relation_not_independent_nominal_count,uzwraka,1,,,,verified,2e02c277e3f5677e2f90
53d99f13107132ddb683,uzwra,TasyaVikara,Modification of this. (4.3.134),vuY,Ozwraka,1,4.3.157,kashika_4_3.rs:505,0,source_conditioned_relation_not_independent_nominal_count,Ozwraka,1,,,,verified,84754e2c23bbd99ced6c
42c8fe8ac161bdc51b47,uzwra,TasyaVishayoDeshe,A domain of this. (4.2.52),aR,Ozwra,1,4.2.52,kashika_4_2.rs:225,0,source_conditioned_relation_not_independent_nominal_count,Ozwra,1,,,,verified,74972b4efc8ece9e376e
0b8368c115194d6ffccd,vAkina,TasyaApatyam,Descendant. (4.1.92),PiY,vAkinakAyani,1,4.1.158,kashika_4_1.rs:794,0,source_conditioned_relation_not_independent_nominal_count,vAkinakAyani,1,,,,verified,a96fe432f361cb1bbeca
8af79e092727572567b7,vAkina,TasyaApatyam,Descendant. (4.1.92),iY,vAkini,1,4.1.158,kashika_4_1.rs:795,0,source_conditioned_relation_not_independent_nominal_count,vAkini,1,,,,verified,48541bb3cc2ce3441843
4ac55e4b9ce4227089cd,vAqava,TasyaSamuha,A collection of this. (4.2.37),yan,vAqavya,1,4.2.42,kashika_4_2.rs:173,0,source_conditioned_relation_not_independent_nominal_count,vAqavya,1,,,,verified,19f4824b2f5e1991ea20
bcba1324259d1dc3f488,vAripaTa,Ahrtam,What is conveyed by that way. (5.1.77),WaY,vAripaTika,1,5.1.77,kashika_5_1.rs:499,0,source_conditioned_relation_not_independent_nominal_count,vAripaTika,1,,,,verified,9708b0da70523ddc65cc
fa28f90a1c6df2d12fba,vAripaTa,Gacchati,Who goes. (5.1.75),WaY,vAripaTika,1,5.1.77,kashika_5_1.rs:498,0,source_conditioned_relation_not_independent_nominal_count,vAripaTika,1,,,,verified,ceb7a82356676259ac96
fa1f228235387d20b81a,vAsudeva,Bhakti,Devotion. (4.3.95),vun,vAsudevaka,1,4.3.98,kashika_4_3.rs:312,0,source_conditioned_relation_not_independent_nominal_count,vAsudevaka,1,,,,verified,b240d7cbfdbfc7a1528b
96605bea1aade081d20a,vAtsIputra,TasyaApatyam,Descendant. (4.1.92),iY,vAtsIputri,1,4.1.159,kashika_4_1.rs:815,0,source_conditioned_relation_not_independent_nominal_count,vAtsIputri,1,,,,verified,8f08919b28ebb6a13215
af77042e24b1fd6ecbbc,vAyu,SaAsyaDevata,Having this as a god. (4.2.24),yat,vAyavya,1,4.2.31,kashika_4_2.rs:106,0,source_conditioned_relation_not_independent_nominal_count,vAyavya,1,,,,verified,0e779a3d03dabd9546d9
18cdc12f5fdce73b39e2,vEpeya,TasyaVishayoDeshe,A domain of this. (4.2.52),viDal,vEpeyaviDa,1,4.2.54,kashika_4_2.rs:243,0,source_conditioned_relation_not_independent_nominal_count,vEpeyaviDa,1,,,,verified,d4f99756258018b133cc
5254f523ce169af6fc0e,vIRA,Shilpam,One who has this art. (4.4.55),Wak,vERika,1,4.4.55,kashika_4_4.rs:392,0,source_conditioned_relation_not_independent_nominal_count,vERika,1,,,,verified,22e7da741ececd30b5e1
c88dee5c7d4cd0141095,vIvaDa,TenaHarati,One who conveys with this. (4.4.15),Wak,vEvaDika,1,4.4.17,kashika_4_4.rs:130,0,source_conditioned_relation_not_independent_nominal_count,vEvaDika,1,,,,verified,199e4d3ce9565a23d6c8
6bb55cae45e4bcea01b3,vIvaDa,TenaHarati,One who conveys with this. (4.4.15),zWan,vIvaDika,1,4.4.17,kashika_4_4.rs:129,0,source_conditioned_relation_not_independent_nominal_count,vIvaDika,1,,,,verified,2e560b36212b85c79362
6e2c3e18f95274c2540c,vaMSa,Hrasve,,ka,vaMSaka,1,5.3.87,kashika_5_3.rs:293,0,source_conditioned_relation_not_independent_nominal_count,vaMSaka,1,,,,verified,0267033a2bec9a89ce94
e63fb2a671d1fafb2c7d,vaMSa,TadDharatiVahatiAvahati,"What one carries away, or conveys, or brings. (5.1.50)",Wak,vAMSika,1,5.1.50,kashika_5_1.rs:338,0,source_conditioned_relation_not_independent_nominal_count,vAMSika,1,,,,verified,ca7186f1954de4cb7059
e32d5e2d72e17d58e1f1,vaMSakaWina,Vyavaharati,Where one does work. (4.4.72),Wak,vAMSakaWinika,1,4.4.72,kashika_4_4.rs:496,0,source_conditioned_relation_not_independent_nominal_count,vAMSakaWinika,1,,,,verified,154a9207fe1edc87e2ca
48889fce348d23b42d90,vaNga,Janapada,Country. (4.1.168),aR,vANga,1,4.1.170,kashika_4_1.rs:859,0,source_conditioned_relation_not_independent_nominal_count,vANga,1,,,,verified,02310e3ce6e96b37239a
af10685fc8adbd5d3725,vaSa,Gata,Where one has gone. (4.4.86),yat,vaSya,1,4.4.86,kashika_4_4.rs:568,0,source_conditioned_relation_not_independent_nominal_count,vaSya,1,,,,verified,8a73b83048c1f773d6dd
540ba0911ed5450a220e,vaqavA,TasyaSamuha,A collection of this. (4.2.37),aY,vAqava,1,4.2.45,kashika_4_2.rs:197,0,source_conditioned_relation_not_independent_nominal_count,vAqava,1,,,,verified,f03f38f0ea11e991613e
33f2b99ad6fac2ebec27,varDrI,TadarthamVikrtehPrakrtau,What could be created from this raw material. (5.1.12),aY,vArDra,1,5.1.15,kashika_5_1.rs:150,0,source_conditioned_relation_not_independent_nominal_count,vArDra,1,,,,verified,3b3af9fe947d10e948da
cd539b1449708fd9bbfb,varRu,AsyaNivasa,Dwelling. (4.3.89),aR,vArRava,1,4.3.93,kashika_4_3.rs:298,0,source_conditioned_relation_not_independent_nominal_count,vArRava,1,,,,verified,102a28dd2483bc661312
443a261c3680082454c5,varRu,AsyaNivasa,Dwelling. (4.3.89),aY,vArRava,1,4.3.93,kashika_4_3.rs:299,0,source_conditioned_relation_not_independent_nominal_count,vArRava,1,,,,verified,e68e24f6979d49fb282b
0edb22c636f6835559cc,varRu,TatraJata,Where this was born. (4.3.25),aR,vArRava,1,4.2.133,kashika_4_2.rs:515,0,source_conditioned_relation_not_independent_nominal_count,vArRava,1,,,,verified,d39e652f15b463533f54
a5d387950c305f779cfc,varatantu,TenaProktam,What is proclaimed by this person. (4.3.101),CaR,vAratantavIya,1,4.3.102,kashika_4_3.rs:319,0,source_conditioned_relation_not_independent_nominal_count,vAratantavIya,1,,,,verified,e85e2369fe2ab4917e29
98a813f931c0c2197c6b,varatrA,TadarthamVikrtehPrakrtau,What could be created from this raw material. (5.1.12),aY,vAratra,1,5.1.15,kashika_5_1.rs:151,0,source_conditioned_relation_not_independent_nominal_count,vAratra,1,,,,verified,d1b853e1087eac2a03e5
af20e14fbe840465b326,varga,TatraBhava,Where this stays or exists. (4.3.53),yat,vargya,1,4.3.54,kashika_4_3.rs:205,0,source_conditioned_relation_not_independent_nominal_count,vargya,1,,,,verified,0f4c6254239ba5f05e08
aa8fd68569294b6b62f4,varmatI,AsyaNivasa,Dwelling. (4.3.89),QaY,vArmateya,1,4.3.94,kashika_4_3.rs:306,0,source_conditioned_relation_not_independent_nominal_count,vArmateya,1,,,,verified,cb373f078199d8b3a34a
6097d50d6a93a60480af,varuqa,TasyaApatyam,Descendant. (4.1.92),iY,vAruqaki,1,4.1.97,kashika_4_1.rs:487,0,source_conditioned_relation_not_independent_nominal_count,vAruqaki,1,,,,verified,2100d2f5f56457d15cb0
a5e3039860d32af33b66,varuqa,TenaKrte,By whom this is made. (4.3.116),vuY,vAruqaka,1,4.3.118,kashika_4_3.rs:363,0,source_conditioned_relation_not_independent_nominal_count,vAruqaka,1,,,,verified,7c08819d7f711dc282d5
a5a3842473c8d3897df3,varzA,TatraJata,Where this was born. (4.3.25),Wak,vArzika,1,4.3.18,kashika_4_3.rs:70,0,source_conditioned_relation_not_independent_nominal_count,vArzika,1,,,,verified,873e3456b3db8b51ab5e
06c054460ba89f9237e0,vasana,TenaKritam,What is bought with this. (5.1.37),aR,vAsana,1,5.1.27,kashika_5_1.rs:241,0,source_conditioned_relation_not_independent_nominal_count,vAsana,1,,,,verified,1f476670437fa86e7144
b1f0a46e378c52b9d252,vasanta,TatraSambhute,Where this was adapted. (4.3.41),aR,vAsanta,1,4.3.46,kashika_4_3.rs:192,0,source_conditioned_relation_not_independent_nominal_count,vAsanta,1,,,,verified,41c5ad953ae2d77fb50c
134679c9a7f93698bc4e,vasanta,TatraSambhute,Where this was adapted. (4.3.41),vuY,vAsantaka,1,4.3.46,kashika_4_3.rs:191,0,source_conditioned_relation_not_independent_nominal_count,vAsantaka,1,,,,verified,db427dad44f4ec66442b
1384de6e38e87f04aa61,vasati,TatraSadhu,Skilled in this. (4.4.98),QaY,vAsateya,1,4.4.104,kashika_4_4.rs:672,0,source_conditioned_relation_not_independent_nominal_count,vAsateya,1,,,,verified,2e519c24788ced24a912
bffe9dbe4bd5e0e4a78b,vasna,TadDharatiVahatiAvahati,"What one carries away, or conveys, or brings. (5.1.50)",Wan,vasnika,1,5.1.51,kashika_5_1.rs:346,0,source_conditioned_relation_not_independent_nominal_count,vasnika,1,,,,verified,ffd6ffa8b7cc86cb8908
3d096d04c0ae51897db6,vasna,TenaJivati,One who lives with this. (4.4.12),Wan,vasnika,1,4.4.13,kashika_4_4.rs:101,0,source_conditioned_relation_not_independent_nominal_count,vasnika,1,,,,verified,6f2c48efdae5fe6f58d2
a736c7cf92f7132ab5c6,vasti,TatraBhava,Where this stays or exists. (4.3.53),QaY,vAsteya,1,4.3.56,kashika_4_3.rs:213,0,source_conditioned_relation_not_independent_nominal_count,vAsteya,1,,,,verified,e2f2a857656a3e0c2248
10cb4c4162d25185e4aa,vastrayugma,TadArhati,One deserves this. (5.1.63),Wak,vAstrayugmika,1,5.1.63,kashika_5_1.rs:387,0,source_conditioned_relation_not_independent_nominal_count,vAstrayugmika,1,,,,verified,955c88794611f74caa75
017f99696d01384da981,vataRqa,Gotra,Patronymic lineage. (4.1.98),aR,vAtaRqa,1,4.1.108,kashika_4_1.rs:564,0,source_conditioned_relation_not_independent_nominal_count,vAtaRqa,1,,,,verified,79940fc0eec8e3055721
e0b96e6b762a9d61054d,vataRqa,Gotra,Patronymic lineage. (4.1.98),yaY,vAtaRqya,1,4.1.108,kashika_4_1.rs:563,0,source_conditioned_relation_not_independent_nominal_count,vAtaRqya,1,,,,verified,0cd4bf835792a5dbdc51
da598def8e230651f7a8,vatsa,Anukampayam,,ka,vatsaka,1,5.3.76,kashika_5_3.rs:280,0,source_conditioned_relation_not_independent_nominal_count,vatsaka,1,,,,verified,d6e509bd68ff61951e4f
b58814f6c10f83c6c099,vatsa,Gotra,Patronymic lineage. (4.1.98),yaY,vAtsya,1,4.1.105;4.1.162,kashika_4_1.rs:539;kashika_4_1.rs:830,1,source_conditioned_relation_not_independent_nominal_count,vAtsya,1,,,,verified,40c320301d700ca5b8b9
50ece116c034a0726695,vatsa,Tanutve,Slenderness. (5.3.91),zwarac,vatsatara,1,5.3.91,kashika_5_3.rs:323,0,source_conditioned_relation_not_independent_nominal_count,vatsatara,1,,,,verified,3703c787e8b451dd4f9c
bfb9d90fef508abe753a,vatsa,TasmaiHitam,One for whom this is good. (5.1.7),Ca,vatsIya,1,5.1.1;5.1.5,kashika_5_1.rs:16;kashika_5_1.rs:56,1,source_conditioned_relation_not_independent_nominal_count,vatsIya,1,,,,verified,48c74099f4104c39e88c
7a7ec2fdd2e8f3a28778,vawara,TenaKrte,By whom this is made. (4.3.116),aY,vAwara,1,4.3.119,kashika_4_3.rs:370,0,source_conditioned_relation_not_independent_nominal_count,vAwara,1,,,,verified,317a85da6dec51f7348b
2fb51409f22795248161,veRu,Hrasve,,ka,veRuka,1,5.3.87,kashika_5_3.rs:294,0,source_conditioned_relation_not_independent_nominal_count,veRuka,1,,,,verified,2ab3ecc2e7cc2dd0b33a
f3331f6220f79af0472d,veSanta,TatraBhava,Where this stays or exists. (4.3.53),aR,vESanta,1,4.4.112,kashika_4_4.rs:698,0,source_conditioned_relation_not_independent_nominal_count,vESanta,1,,,,verified,5c84c4d08db2dc98ad86
10d9e85b47288d787b0e,veman,TatraSadhu,Skilled in this. (4.4.98),yat,vemanya,1,4.4.98,kashika_4_4.rs:632,0,source_conditioned_relation_not_independent_nominal_count,vemanya,1,,,,verified,ac234da4e01df475e329
b0a8c7ed0672645b40a2,vetana,TenaJivati,One who lives with this. (4.4.12),Wak,vEtanika,1,4.4.12,kashika_4_4.rs:94,0,source_conditioned_relation_not_independent_nominal_count,vEtanika,1,,,,verified,7c3912f25ae64c3956c8
81a3089381860efde815,vfDrakaWina,Vyavaharati,Where one does work. (4.4.72),Wak,vArDrakaWinika,1,4.4.72,kashika_4_4.rs:497,0,source_conditioned_relation_not_independent_nominal_count,vArDrakaWinika,1,,,,verified,f8f69d0125486d934bd0
bc87adfe5efd20f3924e,vfji,TatraJata,Where this was born. (4.3.25),kan,vfjika,1,4.2.131,kashika_4_2.rs:502,0,source_conditioned_relation_not_independent_nominal_count,vfjika,1,,,,verified,201cc64a76d7cac5b0f8
cc0320f6ce4a9802700c,vfkarUpya,TatraJata,Where this was born. (4.3.25),Ya,vArkarUpya,1,4.2.106,kashika_4_2.rs:460,0,source_conditioned_relation_not_independent_nominal_count,vArkarUpya,1,,,,verified,ed90fbed8e0b4df2ecfb
04b68816531777321d15,vfkza,Hrasve,,ka,vfkzaka,1,5.3.86,kashika_5_3.rs:286,0,source_conditioned_relation_not_independent_nominal_count,vfkzaka,1,,,,verified,786537431bbf3f6d1897
b1405d17b9d3c67c70bb,vfza,TasmaiHitam,One for whom this is good. (5.1.7),yat,vfzya,1,5.1.7,kashika_5_1.rs:85,0,source_conditioned_relation_not_independent_nominal_count,vfzya,1,,,,verified,31cc12dcee975e3e8cbe
d48d0d82f4ddc14bd988,viMSatika,TenaKritam,What is bought with this. (5.1.37),aR,vEMSatika,1,5.1.27,kashika_5_1.rs:239,0,source_conditioned_relation_not_independent_nominal_count,vEMSatika,1,,,,verified,5f484e89bc365e87d621
483e263b53f65f2cde4b,viSvajana,TasmaiHitam,One for whom this is good. (5.1.7),Ka,viSvajanIna,1,5.1.9,kashika_5_1.rs:100,0,source_conditioned_relation_not_independent_nominal_count,viSvajanIna,1,,,,verified,642f9b17203b437d2f38
397d6e17f105ad4509fd,vicetas,AbhutaTadbhava,Becoming what one was not. (5.4.50),cvi,vicetI,1,5.4.51,kashika_5_4.rs:164,0,source_conditioned_relation_not_independent_nominal_count,vicetI,1,,,,verified,a572f862b8daeb970504
05c8b7963f0572b61f92,videha,Janapada,Country. (4.1.168),aY,vEdeha,1,4.1.168,kashika_4_1.rs:840,0,source_conditioned_relation_not_independent_nominal_count,vEdeha,1,,,,verified,ba5c5fa2b60a0ae841a6
546422a04a9eb61719d7,videha,TasyaApatyam,Descendant. (4.1.92),iY,vEdehi,1,4.1.168,kashika_4_1.rs:847,0,source_conditioned_relation_not_independent_nominal_count,vEdehi,1,,,,verified,dcff15e651b9db13191e
24246e198b8b904daff7,vidyA,TenaVitta,Celebrated through this. (5.2.26),caRap,vidyAcaRa,1,5.2.26,kashika_5_2.rs:146,0,source_conditioned_relation_not_independent_nominal_count,vidyAcaRa,1,,,,verified,cfc8f1c650176ff70f96
b6028cabd530869caf94,vidyA,TenaVitta,Celebrated through this. (5.2.26),cuYcup,vidyAcuYcu,1,5.2.26,kashika_5_2.rs:145,0,source_conditioned_relation_not_independent_nominal_count,vidyAcuYcu,1,,,,verified,6f71878f30daa45abe8c
83e8d54ccda34136be24,vikaTA,TatraSadhu,Skilled in this. (4.4.98),Wak,vEkaTika,1,4.4.102,kashika_4_4.rs:658,0,source_conditioned_relation_not_independent_nominal_count,vEkaTika,1,,,,verified,79782dd84ad867b52ae8
66f359e129110a0e5fc1,vikarRa,TasyaApatyam,Descendant. (4.1.92),Qak,vEkarReya,1,4.1.124,kashika_4_1.rs:657,0,source_conditioned_relation_not_independent_nominal_count,vEkarReya,1,,,,verified,2eeb66d43ab734049dcc
b1c2bcf6a53422dbb64f,vikarRa,TasyaApatyam,Descendant. (4.1.92),aR,vEkarRa,1,4.1.117,kashika_4_1.rs:596,0,source_conditioned_relation_not_independent_nominal_count,vEkarRa,1,,,,verified,1bf23a76c4b6d5f61760
c8a95d36cadebbaf8c23,vikarRa,TasyaApatyam,Descendant. (4.1.92),iY,vEkarRi,1,4.1.117;4.1.124,kashika_4_1.rs:597;kashika_4_1.rs:659,1,source_conditioned_relation_not_independent_nominal_count,vEkarRi,1,,,,verified,26d5116507c3ce7c4f44
2373a5d4c7a37376006b,vikraya,TenaJivati,One who lives with this. (4.4.12),Wan,vikrayika,1,4.4.13,kashika_4_4.rs:103,0,source_conditioned_relation_not_independent_nominal_count,vikrayika,1,,,,verified,9e586397a72263a1414e
b1b2e86e5610c82dac8e,vimukta,TadAsyaAstiAsmin,What one has or is in. (5.2.94),aR,vEmukta,1,5.2.61,kashika_5_2.rs:318,0,source_conditioned_relation_not_independent_nominal_count,vEmukta,1,,,,verified,e2bad5d44bb11c2c9667
4ea0744654206d458001,virAwa,TasyaVishayoDeshe,A domain of this. (4.2.52),vuY,vErAwaka,1,4.2.53,kashika_4_2.rs:234,0,source_conditioned_relation_not_independent_nominal_count,vErAwaka,1,,,,verified,acfe8cca5ca5e9f59688
11b57b97c3e8e78c8617,viraNg,TadArhati,One deserves this. (5.1.63),Wak,vEraNgika,1,5.1.64,kashika_5_1.rs:397,0,source_conditioned_relation_not_independent_nominal_count,vEraNgika,1,,,,verified,04158d7b6914ca9f7f50
3a0d5ff99dd10e838ae1,virahas,AbhutaTadbhava,Becoming what one was not. (5.4.50),cvi,virahI,1,5.4.51,kashika_5_4.rs:165,0,source_conditioned_relation_not_independent_nominal_count,virahI,1,,,,verified,e9b87367490aca1bf190
6a985eed7ffe5c15c4da,virajas,AbhutaTadbhava,Becoming what one was not. (5.4.50),cvi,virajI,1,5.4.51,kashika_5_4.rs:166,0,source_conditioned_relation_not_independent_nominal_count,virajI,1,,,,verified,f39c0d684514b05dbc0f
fe131df843dc7587b1bf,vivaDa,TenaHarati,One who conveys with this. (4.4.15),Wak,vEvaDika,1,4.4.17,kashika_4_4.rs:128,0,source_conditioned_relation_not_independent_nominal_count,vEvaDika,1,,,,verified,b78b321bb925dfb23720
c4b3038b59178c10fc17,vivaDa,TenaHarati,One who conveys with this. (4.4.15),zWan,vivaDika,1,4.4.17,kashika_4_4.rs:127,0,source_conditioned_relation_not_independent_nominal_count,vivaDika,1,,,,verified,fdadc010d0b4406f4470
fccde5f40169aabba3bd,vizwapura,TasyaApatyam,Descendant. (4.1.92),Qak,vEzwapureya,1,4.1.123,kashika_4_1.rs:652,0,source_conditioned_relation_not_independent_nominal_count,vEzwapureya,1,,,,verified,5c7a3419ba0b3a23abd3
91ef0d481f9538d0fde2,vrAta,TenaJivati,One who lives with this. (4.4.12),KaY,vrAtIna,1,5.2.21,kashika_5_2.rs:126,0,source_conditioned_relation_not_independent_nominal_count,vrAtIna,1,,,,verified,8c011ca9439cf17779f3
ac1650c7039fc12c4a60,vrIhi,DhanyanamBhavaneKshetre,"A place of growing, when that place is a field. (5.2.1)",Qak,vrEheya,1,5.2.2,kashika_5_2.rs:24,0,source_conditioned_relation_not_independent_nominal_count,vrEheya,1,,,,verified,3c074796e7855dbc7556
c653af321b03b0c7c7e9,vyAkaraRa,TadAdhiteTadVeda,What one studies or knows. (4.2.59),aR,vEyAkaraRa,1,4.2.59,kashika_4_2.rs:255,0,source_conditioned_relation_not_independent_nominal_count,vEyAkaraRa,1,,,,verified,2e9781aa5c53a026debb
9752c87a6516fa11c3b4,vyAsa,TasyaApatyam,Descendant. (4.1.92),iY,vEyAsaki,1,4.1.97,kashika_4_1.rs:486,0,source_conditioned_relation_not_independent_nominal_count,vEyAsaki,1,,,,verified,e47e077431b109e0acb0
50d01cad9a2e98a8a92a,yAcita,TenaNirvrtte,Completed with. (4.4.19),kan,yAcitaka,1,4.4.21,kashika_4_4.rs:154,0,source_conditioned_relation_not_independent_nominal_count,yAcitaka,1,,,,verified,e6cb981d4530df67cbe7
99ff3252720326ea24cc,yAjYika,TasyaIdam,One who has this. (4.3.120),Yya,yAjYikya,1,4.3.129,kashika_4_3.rs:401,0,source_conditioned_relation_not_independent_nominal_count,yAjYikya,1,,,,verified,3371827e7352239183d8
3337da35e99263839081,yUpa,TadArhati,One deserves this. (5.1.63),yat,yUpya,1,5.1.67,kashika_5_1.rs:417,0,source_conditioned_relation_not_independent_nominal_count,yUpya,1,,,,verified,8495d8bab1db704d028a
40f26b407e099682e876,yaTAmuKa,Darshana,Mirror. (5.2.6),Ka,yaTAmuKIna,1,5.2.6,kashika_5_2.rs:58,0,source_conditioned_relation_not_independent_nominal_count,yaTAmuKIna,1,,,,verified,a741a7864d225c76e598
93807e283c0f01be6c22,yad,BahunamEka,One of many. (5.3.93),qatamac,yatama,1,5.3.93,kashika_5_3.rs:339,0,source_conditioned_relation_not_independent_nominal_count,yatama,1,,,,verified,0ba77adf34c28373cafa
b6c6602fb0464bb23872,yad,DvayorEka,One of two. (5.3.92),qatarac,yatara,1,5.3.92,kashika_5_3.rs:332,0,source_conditioned_relation_not_independent_nominal_count,yatara,1,,,,verified,a941f71b7cc156d3c5f1
91615a84bf7d4e44d801,yad,Parimana,Volume. (5.2.39),vatup,yAvat,1,5.2.39,kashika_5_2.rs:243,0,source_conditioned_relation_not_independent_nominal_count,yAvat,1,,,,verified,80c131f4c49ab0b3d5aa
974011bba68107a7bc9d,yajYa,TadArhati,One deserves this. (5.1.63),Ga,yajYiya,1,5.1.71,kashika_5_1.rs:446,0,source_conditioned_relation_not_independent_nominal_count,yajYiya,1,,,,verified,4725fff5e723fe28ec33
68d1ee5d67764ebd3626,yavAsa,TasyaVikara,Modification of this. (4.3.134),aR,yAvAsa,1,4.3.141,kashika_4_3.rs:467,0,source_conditioned_relation_not_independent_nominal_count,yAvAsa,1,,,,verified,6fa303d331dcc653d2df
0c06879781e4deb2e52a,yavAsa,TasyaVikara,Modification of this. (4.3.134),aY,yAvAsa,1,4.3.141,kashika_4_3.rs:466,0,source_conditioned_relation_not_independent_nominal_count,yAvAsa,1,,,,verified,2a95a485edd61af621da
f1f0ff9717480fb08b41,yava,DhanyanamBhavaneKshetre,"A place of growing, when that place is a field. (5.2.1)",yat,yavya,1,5.2.3,kashika_5_2.rs:31,0,source_conditioned_relation_not_independent_nominal_count,yavya,1,,,,verified,49ac78b9cc8878be4564
a63e83b39c71b1032b3c,yava,TasmaiHitam,One for whom this is good. (5.1.7),yat,yavya,1,5.1.7,kashika_5_1.rs:82,0,source_conditioned_relation_not_independent_nominal_count,yavya,1,,,,verified,8afa00a98c465ec9d306
442f7748f20e884e500a,yavaka,DhanyanamBhavaneKshetre,"A place of growing, when that place is a field. (5.2.1)",yat,yavakya,1,5.2.3,kashika_5_2.rs:32,0,source_conditioned_relation_not_independent_nominal_count,yavakya,1,,,,verified,3a683d9d210ac8d5f090
4fabe15040b57d48e3e4,yazwi,Praharanam,One who has this weapon. (4.4.57),Ikak,yAzwIka,1,4.4.59,kashika_4_4.rs:420,0,source_conditioned_relation_not_independent_nominal_count,yAzwIka,1,,,,verified,87f9eff53bb0fec949b6
993a0ab27050f7b91d3e,yojana,Gacchati,Who goes. (5.1.75),WaY,yOjanika,1,5.1.74,kashika_5_1.rs:466,0,source_conditioned_relation_not_independent_nominal_count,yOjanika,1,,,,verified,8a0e94ee95f6e07da0b2
d609ee78c1f1cbdbed4c,yojanaSata,AbhigamanamArhati,Who deserves approach (5.1.74 vArttika),WaY,yOjanaSatika,1,5.1.74,kashika_5_1.rs:473,0,source_conditioned_relation_not_independent_nominal_count,yOjanaSatika,1,,,,verified,a3c44a17f62fd922668a
f74958eadc2d4f3cb469,yuga,TadVahati,What one bears. (4.4.78),yat,yugya,1,4.4.76,kashika_4_4.rs:515,0,source_conditioned_relation_not_independent_nominal_count,yugya,1,,,,verified,1af89a42fe09b090be30
46cfb69b4e76c166d50a,yuganDarA,Janapada,Country. (4.1.168),iY,yOganDari,1,4.1.173,kashika_4_1.rs:894,0,source_conditioned_relation_not_independent_nominal_count,yOganDari,1,,,,verified,4281af961d79684b923f
cf4176815d1c3c7e8f8a,yuvati,TasyaSamuha,A collection of this. (4.2.37),aR,yOvata,1,4.2.38,kashika_4_2.rs:149,0,source_conditioned_relation_not_independent_nominal_count,yOvata,1,,,,verified,9e619882ddeb2bc6e485
1e1f2fafa22f7e8f19b0,yuzmad,TatraJata,Where this was born. (4.3.25),Ca,yuzmadIya,1,4.3.1,kashika_4_3.rs:20,0,source_conditioned_relation_not_independent_nominal_count,yuzmadIya,1,,,,verified,2c7add7b119d5edd8e11
66e77db471ec7829b22a,yuzmad,TatraJata,Where this was born. (4.3.25),KaY,yOzmAkIRa,1,4.3.1,kashika_4_3.rs:18,0,source_conditioned_relation_not_independent_nominal_count,yOzmAkIRa;yOzmadIna,2,,yOzmadIna,,verified,6b37284f77aa2636fccd
ce559a572b4308a32cf9,yuzmad,TatraJata,Where this was born. (4.3.25),aR,yOzmAka,1,4.3.1,kashika_4_3.rs:22,0,source_conditioned_relation_not_independent_nominal_count,yOzmada,1,yOzmAka,yOzmada,,engine_mismatch_not_admitted,
4e91b0fd6ba5acce02e9,zazwi,TenaKritam,What is bought with this. (5.1.37),WaY,zAzwika,1,5.1.19,kashika_5_1.rs:185,0,source_conditioned_relation_not_independent_nominal_count,,0,zAzwika,,,engine_mismatch_not_admitted,
b2696128156ea2be9c3a,zazwika,DhanyanamBhavaneKshetre,"A place of growing, when that place is a field. (5.2.1)",yat,zazwikya,1,5.2.3,kashika_5_2.rs:33,0,source_conditioned_relation_not_independent_nominal_count,zazwikya,1,,,,verified,5b04bb8a1042b6be7b77
