derived_word_meaning_id,operation_id,operation_display,base_count_key,base_source_codes,base_citations_slp1,base_meaning_slp1,base_meaning_display,semantic_branch_id,semantic_relation,rule_refs,output_forms_slp1,output_variant_count,admission_basis,count_status
b1003430eb7d860d6037,curadi_true_causative,"द्विणिजन्त (dviṇijanta), true causative of a curādigaṇa base","[""10.0001"", ""meaning-ea619e8dba65""]",10.0001,cura~,steye,स्तेये (steye),causation,"cause an independent agent to perform the base action, or bring about the base state",3.1.25;3.1.26,cori,1,class_forming_nic_plus_causative_nic_plus_pinned_engine_output,admitted_research_ledger
e702f141a5f7f7e51703,curadi_true_causative,"द्विणिजन्त (dviṇijanta), true causative of a curādigaṇa base","[""10.0002"", ""meaning-845705c28bfa""]",10.0002,citi~,smftyAm,स्मृत्याम् (smṛtyām),causation,"cause an independent agent to perform the base action, or bring about the base state",3.1.25;3.1.26,cinti,1,class_forming_nic_plus_causative_nic_plus_pinned_engine_output,admitted_research_ledger
6ee24c9108b29a1f7ee2,curadi_true_causative,"द्विणिजन्त (dviṇijanta), true causative of a curādigaṇa base","[""10.0003"", ""meaning-faacb3ea90c2""]",10.0003,yatri~,saNkoce,सङ्कोचे (saṅkoce),causation,"cause an independent agent to perform the base action, or bring about the base state",3.1.25;3.1.26,yantri,1,class_forming_nic_plus_causative_nic_plus_pinned_engine_output,admitted_research_ledger
ce87c533f5c5cefe0813,curadi_true_causative,"द्विणिजन्त (dviṇijanta), true causative of a curādigaṇa base","[""10.0004"", ""meaning-dca85de550b9""]",10.0004,sPuqi~,parihAse,परिहासे (parihāse),causation,"cause an independent agent to perform the base action, or bring about the base state",3.1.25;3.1.26,sPuRqi,1,class_forming_nic_plus_causative_nic_plus_pinned_engine_output,admitted_research_ledger
445f3a0b79acbe00d4f2,curadi_true_causative,"द्विणिजन्त (dviṇijanta), true causative of a curādigaṇa base","[""10.0005"", ""meaning-dca85de550b9""]",10.0005,sPuwi~,parihAse,परिहासे (parihāse),causation,"cause an independent agent to perform the base action, or bring about the base state",3.1.25;3.1.26,sPuRwi,1,class_forming_nic_plus_causative_nic_plus_pinned_engine_output,admitted_research_ledger
4daf4115e3f50ae19af9,curadi_true_causative,"द्विणिजन्त (dviṇijanta), true causative of a curādigaṇa base","[""10.0006"", ""meaning-5042ee4bdbe7""]",10.0006;10.0219,lakza~,Alocane;darSane,आलोचने (ālocane);दर्शने (darśane),causation,"cause an independent agent to perform the base action, or bring about the base state",3.1.25;3.1.26,lakzi,1,class_forming_nic_plus_causative_nic_plus_pinned_engine_output,admitted_research_ledger
aa78eba5eb97fb3c428b,curadi_true_causative,"द्विणिजन्त (dviṇijanta), true causative of a curādigaṇa base","[""10.0006"", ""meaning-ea5abf5b24b3""]",10.0006,lakza~,aNkane,अङ्कने (aṅkane),causation,"cause an independent agent to perform the base action, or bring about the base state",3.1.25;3.1.26,lakzi,1,class_forming_nic_plus_causative_nic_plus_pinned_engine_output,admitted_research_ledger
20e820adfef5cf5a4a9e,curadi_true_causative,"द्विणिजन्त (dviṇijanta), true causative of a curādigaṇa base","[""10.0007"", ""meaning-a010c56017b0""]",10.0007,kudri~,anftaBAzaRe,अनृतभाषणे (anṛtabhāṣaṇe),causation,"cause an independent agent to perform the base action, or bring about the base state",3.1.25;3.1.26,kundri,1,class_forming_nic_plus_causative_nic_plus_pinned_engine_output,admitted_research_ledger
ba333a3a63812eb26fb0,curadi_true_causative,"द्विणिजन्त (dviṇijanta), true causative of a curādigaṇa base","[""10.0008"", ""meaning-a010c56017b0""]",10.0008,kudf~,anftaBAzaRe,अनृतभाषणे (anṛtabhāṣaṇe),causation,"cause an independent agent to perform the base action, or bring about the base state",3.1.25;3.1.26,kodi,1,class_forming_nic_plus_causative_nic_plus_pinned_engine_output,admitted_research_ledger
f4dd3c9aa08f6e2f4bfb,curadi_true_causative,"द्विणिजन्त (dviṇijanta), true causative of a curādigaṇa base","[""10.0009"", ""meaning-dca85de550b9""]",10.0009,spuqi~,parihAse,परिहासे (parihāse),causation,"cause an independent agent to perform the base action, or bring about the base state",3.1.25;3.1.26,spuRqi,1,class_forming_nic_plus_causative_nic_plus_pinned_engine_output,admitted_research_ledger
cfa9281dfe1bca214de1,curadi_true_causative,"द्विणिजन्त (dviṇijanta), true causative of a curādigaṇa base","[""10.0010"", ""meaning-e70f6bac7ede""]",10.0010,laqa~,upasevAyAm,उपसेवायाम् (upasevāyām),causation,"cause an independent agent to perform the base action, or bring about the base state",3.1.25;3.1.26,lAqi,1,class_forming_nic_plus_causative_nic_plus_pinned_engine_output,admitted_research_ledger
668315829e2cf9b855fe,curadi_true_causative,"द्विणिजन्त (dviṇijanta), true causative of a curādigaṇa base","[""10.0011"", ""meaning-8c6231d20ac4""]",10.0011,midi~,snehane,स्नेहने (snehane),causation,"cause an independent agent to perform the base action, or bring about the base state",3.1.25;3.1.26,mindi,1,class_forming_nic_plus_causative_nic_plus_pinned_engine_output,admitted_research_ledger
db4e36b9e1a89bcf7f1c,curadi_true_causative,"द्विणिजन्त (dviṇijanta), true causative of a curādigaṇa base","[""10.0012"", ""meaning-8c6231d20ac4""]",10.0012,mida~,snehane,स्नेहने (snehane),causation,"cause an independent agent to perform the base action, or bring about the base state",3.1.25;3.1.26,medi,1,class_forming_nic_plus_causative_nic_plus_pinned_engine_output,admitted_research_ledger
aa9cf9f996e04e5cda07,curadi_true_causative,"द्विणिजन्त (dviṇijanta), true causative of a curādigaṇa base","[""10.0013"", ""meaning-8c6c87e51d61""]",10.0013,o~laqi~,utkzepaRe,उत्क्षेपणे (utkṣepaṇe),causation,"cause an independent agent to perform the base action, or bring about the base state",3.1.25;3.1.26,laRqi,1,class_forming_nic_plus_causative_nic_plus_pinned_engine_output,admitted_research_ledger
13bff1002b9f3cf5c603,curadi_true_causative,"द्विणिजन्त (dviṇijanta), true causative of a curādigaṇa base","[""10.0014"", ""meaning-8c6c87e51d61""]",10.0014,olaqi~,utkzepaRe,उत्क्षेपणे (utkṣepaṇe),causation,"cause an independent agent to perform the base action, or bring about the base state",3.1.25;3.1.26,olaRqi,1,class_forming_nic_plus_causative_nic_plus_pinned_engine_output,admitted_research_ledger
41a6662c38c73e6117eb,curadi_true_causative,"द्विणिजन्त (dviṇijanta), true causative of a curādigaṇa base","[""10.0015"", ""meaning-456b48da5b7f""]",10.0015,jala~,apavAraRe,अपवारणे (apavāraṇe),causation,"cause an independent agent to perform the base action, or bring about the base state",3.1.25;3.1.26,jAli,1,class_forming_nic_plus_causative_nic_plus_pinned_engine_output,admitted_research_ledger
c8f148e92d88222467ef,curadi_true_causative,"द्विणिजन्त (dviṇijanta), true causative of a curādigaṇa base","[""10.0016"", ""meaning-456b48da5b7f""]",10.0016,laja~,apavAraRe,अपवारणे (apavāraṇe),causation,"cause an independent agent to perform the base action, or bring about the base state",3.1.25;3.1.26,lAji,1,class_forming_nic_plus_causative_nic_plus_pinned_engine_output,admitted_research_ledger
d44fdbcdbc9e28d0d5c0,curadi_true_causative,"द्विणिजन्त (dviṇijanta), true causative of a curādigaṇa base","[""10.0017"", ""meaning-bf6670b8e0f3""]",10.0017,pIqa~,avagAhane,अवगाहने (avagāhane),causation,"cause an independent agent to perform the base action, or bring about the base state",3.1.25;3.1.26,pIqi,1,class_forming_nic_plus_causative_nic_plus_pinned_engine_output,admitted_research_ledger
66e376ab0253d981d6b0,curadi_true_causative,"द्विणिजन्त (dviṇijanta), true causative of a curādigaṇa base","[""10.0018"", ""meaning-8083d7b458fd""]",10.0018,nawa~,avaspandane,अवस्पन्दने (avaspandane),causation,"cause an independent agent to perform the base action, or bring about the base state",3.1.25;3.1.26,nAwi,1,class_forming_nic_plus_causative_nic_plus_pinned_engine_output,admitted_research_ledger
912158b89e5d89bd4d3a,curadi_true_causative,"द्विणिजन्त (dviṇijanta), true causative of a curādigaṇa base","[""10.0019"", ""meaning-52a2ffd5acb5""]",10.0019,SraTa~,prayatne,प्रयत्ने (prayatne),causation,"cause an independent agent to perform the base action, or bring about the base state",3.1.25;3.1.26,SrATi,1,class_forming_nic_plus_causative_nic_plus_pinned_engine_output,admitted_research_ledger
edeccad299c6c31792bb,curadi_true_causative,"द्विणिजन्त (dviṇijanta), true causative of a curādigaṇa base","[""10.0020"", ""meaning-b73be7b5e74a""]",10.0020,baDa~,saMyamane,संयमने (saṃyamane),causation,"cause an independent agent to perform the base action, or bring about the base state",3.1.25;3.1.26,bADi,1,class_forming_nic_plus_causative_nic_plus_pinned_engine_output,admitted_research_ledger
661e4ef1b9a95440c084,curadi_true_causative,"द्विणिजन्त (dviṇijanta), true causative of a curādigaṇa base","[""10.0021"", ""meaning-b73be7b5e74a""]",10.0021,banDa~,saMyamane,संयमने (saṃyamane),causation,"cause an independent agent to perform the base action, or bring about the base state",3.1.25;3.1.26,banDi,1,class_forming_nic_plus_causative_nic_plus_pinned_engine_output,admitted_research_ledger
839394e45748c78b6a29,curadi_true_causative,"द्विणिजन्त (dviṇijanta), true causative of a curādigaṇa base","[""10.0023"", ""meaning-56d911123328""]",10.0023,urja~,bale,बले (bale),causation,"cause an independent agent to perform the base action, or bring about the base state",3.1.25;3.1.26,Urji,1,class_forming_nic_plus_causative_nic_plus_pinned_engine_output,admitted_research_ledger
af825832d562aa7a2fa1,curadi_true_causative,"द्विणिजन्त (dviṇijanta), true causative of a curādigaṇa base","[""10.0023"", ""meaning-8f0940e4608a""]",10.0023,urja~,prARane,प्राणने (prāṇane),causation,"cause an independent agent to perform the base action, or bring about the base state",3.1.25;3.1.26,Urji,1,class_forming_nic_plus_causative_nic_plus_pinned_engine_output,admitted_research_ledger
8b8c48534bb29aba5074,curadi_true_causative,"द्विणिजन्त (dviṇijanta), true causative of a curādigaṇa base","[""10.0024"", ""meaning-bcd2fe1559df""]",10.0024,pakza~,parigrahe,परिग्रहे (parigrahe),causation,"cause an independent agent to perform the base action, or bring about the base state",3.1.25;3.1.26,pakzi,1,class_forming_nic_plus_causative_nic_plus_pinned_engine_output,admitted_research_ledger
1b20b7a3acf10e3b9615,curadi_true_causative,"द्विणिजन्त (dviṇijanta), true causative of a curādigaṇa base","[""10.0025"", ""meaning-556802d0e7f6""]",10.0025,varRa~,preraRe,प्रेरणे (preraṇe),causation,"cause an independent agent to perform the base action, or bring about the base state",3.1.25;3.1.26,varRi,1,class_forming_nic_plus_causative_nic_plus_pinned_engine_output,admitted_research_ledger
53d2f54d54db4b8f30b6,curadi_true_causative,"द्विणिजन्त (dviṇijanta), true causative of a curādigaṇa base","[""10.0026"", ""meaning-556802d0e7f6""]",10.0026,curRa~,preraRe,प्रेरणे (preraṇe),causation,"cause an independent agent to perform the base action, or bring about the base state",3.1.25;3.1.26,cUrRi,1,class_forming_nic_plus_causative_nic_plus_pinned_engine_output,admitted_research_ledger
bbd2d4937be4bbc477fb,curadi_true_causative,"द्विणिजन्त (dviṇijanta), true causative of a curādigaṇa base","[""10.0027"", ""meaning-bcc0f228a822""]",10.0027,praTa~,praKyAne,प्रख्याने (prakhyāne),causation,"cause an independent agent to perform the base action, or bring about the base state",3.1.25;3.1.26,prATi,1,class_forming_nic_plus_causative_nic_plus_pinned_engine_output,admitted_research_ledger
9bd73a9fe4a2c5f720ec,curadi_true_causative,"द्विणिजन्त (dviṇijanta), true causative of a curādigaṇa base","[""10.0028"", ""meaning-169a5b3eab06""]",10.0028,pfTa~,prakzepe,प्रक्षेपे (prakṣepe),causation,"cause an independent agent to perform the base action, or bring about the base state",3.1.25;3.1.26,parTi,1,class_forming_nic_plus_causative_nic_plus_pinned_engine_output,admitted_research_ledger
4a34f31ae3074914bf94,curadi_true_causative,"द्विणिजन्त (dviṇijanta), true causative of a curādigaṇa base","[""10.0029"", ""meaning-169a5b3eab06""]",10.0029,paTa~,prakzepe,प्रक्षेपे (prakṣepe),causation,"cause an independent agent to perform the base action, or bring about the base state",3.1.25;3.1.26,pATi,1,class_forming_nic_plus_causative_nic_plus_pinned_engine_output,admitted_research_ledger
44319d1d7b1153249a29,curadi_true_causative,"द्विणिजन्त (dviṇijanta), true causative of a curādigaṇa base","[""10.0030"", ""meaning-c91eda6b781c""]",10.0030,zanba~,sambanDane,सम्बन्धने (sambandhane),causation,"cause an independent agent to perform the base action, or bring about the base state",3.1.25;3.1.26,sambi,1,class_forming_nic_plus_causative_nic_plus_pinned_engine_output,admitted_research_ledger
819be64dd125535bbb49,curadi_true_causative,"द्विणिजन्त (dviṇijanta), true causative of a curādigaṇa base","[""10.0031"", ""meaning-c91eda6b781c""]",10.0031,Sanba~,sambanDane,सम्बन्धने (sambandhane),causation,"cause an independent agent to perform the base action, or bring about the base state",3.1.25;3.1.26,Sambi,1,class_forming_nic_plus_causative_nic_plus_pinned_engine_output,admitted_research_ledger
0540b3dc619095718324,curadi_true_causative,"द्विणिजन्त (dviṇijanta), true causative of a curādigaṇa base","[""10.0032"", ""meaning-c91eda6b781c""]",10.0032,sAnba~,sambanDane,सम्बन्धने (sambandhane),causation,"cause an independent agent to perform the base action, or bring about the base state",3.1.25;3.1.26,sAmbi,1,class_forming_nic_plus_causative_nic_plus_pinned_engine_output,admitted_research_ledger
0e1458d3752fbbd3c259,curadi_true_causative,"द्विणिजन्त (dviṇijanta), true causative of a curādigaṇa base","[""10.0033"", ""meaning-12098753fdb8""]",10.0033,Bakza~,adane,अदने (adane),causation,"cause an independent agent to perform the base action, or bring about the base state",3.1.25;3.1.26,Bakzi,1,class_forming_nic_plus_causative_nic_plus_pinned_engine_output,admitted_research_ledger
03efa9e09fad4c7d2cc4,curadi_true_causative,"द्विणिजन्त (dviṇijanta), true causative of a curādigaṇa base","[""10.0034"", ""meaning-419b680bba71""]",10.0034,kuwwa~,Bartsane,भर्त्सने (bhartsane),causation,"cause an independent agent to perform the base action, or bring about the base state",3.1.25;3.1.26,kuwwi,1,class_forming_nic_plus_causative_nic_plus_pinned_engine_output,admitted_research_ledger
0e80afc38b36cfa15a84,curadi_true_causative,"द्विणिजन्त (dviṇijanta), true causative of a curādigaṇa base","[""10.0034"", ""meaning-c070dfa2517d""]",10.0034,kuwwa~,Cedane,छेदने (chedane),causation,"cause an independent agent to perform the base action, or bring about the base state",3.1.25;3.1.26,kuwwi,1,class_forming_nic_plus_causative_nic_plus_pinned_engine_output,admitted_research_ledger
f5dd39cb7f7db2a12315,curadi_true_causative,"द्विणिजन्त (dviṇijanta), true causative of a curādigaṇa base","[""10.0035"", ""meaning-281d6ceca229""]",10.0035,puwwa~,alpIBAve,अल्पीभावे (alpībhāve),causation,"cause an independent agent to perform the base action, or bring about the base state",3.1.25;3.1.26,puwwi,1,class_forming_nic_plus_causative_nic_plus_pinned_engine_output,admitted_research_ledger
1b2b18dd6458471b00ee,curadi_true_causative,"द्विणिजन्त (dviṇijanta), true causative of a curādigaṇa base","[""10.0036"", ""meaning-281d6ceca229""]",10.0036,cuwwa~,alpIBAve,अल्पीभावे (alpībhāve),causation,"cause an independent agent to perform the base action, or bring about the base state",3.1.25;3.1.26,cuwwi,1,class_forming_nic_plus_causative_nic_plus_pinned_engine_output,admitted_research_ledger
622dfbca603f70e69506,curadi_true_causative,"द्विणिजन्त (dviṇijanta), true causative of a curādigaṇa base","[""10.0037"", ""meaning-f0e843d6616f""]",10.0037,adwa~,anAdare,अनादरे (anādare),causation,"cause an independent agent to perform the base action, or bring about the base state",3.1.25;3.1.26,awwi,1,class_forming_nic_plus_causative_nic_plus_pinned_engine_output,admitted_research_ledger
876315783556ac89926a,curadi_true_causative,"द्विणिजन्त (dviṇijanta), true causative of a curādigaṇa base","[""10.0038"", ""meaning-f0e843d6616f""]",10.0038,zuwwa~,anAdare,अनादरे (anādare),causation,"cause an independent agent to perform the base action, or bring about the base state",3.1.25;3.1.26,suwwi,1,class_forming_nic_plus_causative_nic_plus_pinned_engine_output,admitted_research_ledger
59bc4591126924f0ad26,curadi_true_causative,"द्विणिजन्त (dviṇijanta), true causative of a curādigaṇa base","[""10.0039"", ""meaning-ea619e8dba65""]",10.0039,lunwa~,steye,स्तेये (steye),causation,"cause an independent agent to perform the base action, or bring about the base state",3.1.25;3.1.26,luRwi,1,class_forming_nic_plus_causative_nic_plus_pinned_engine_output,admitted_research_ledger
4f171a36290248fa40d8,curadi_true_causative,"द्विणिजन्त (dviṇijanta), true causative of a curādigaṇa base","[""10.0040"", ""meaning-ea619e8dba65""]",10.0040,lunWa~,steye,स्तेये (steye),causation,"cause an independent agent to perform the base action, or bring about the base state",3.1.25;3.1.26,luRWi,1,class_forming_nic_plus_causative_nic_plus_pinned_engine_output,admitted_research_ledger
031cf1f545616d4a22ef,curadi_true_causative,"द्विणिजन्त (dviṇijanta), true causative of a curādigaṇa base","[""10.0041"", ""meaning-50de7e3502c9""]",10.0041,SaWa~,asaMskAre,असंस्कारे (asaṃskāre),causation,"cause an independent agent to perform the base action, or bring about the base state",3.1.25;3.1.26,SAWi,1,class_forming_nic_plus_causative_nic_plus_pinned_engine_output,admitted_research_ledger
854f88d7721a7070aa6b,curadi_true_causative,"द्विणिजन्त (dviṇijanta), true causative of a curādigaṇa base","[""10.0041"", ""meaning-5fa3d59b62c4""]",10.0041,SaWa~,gatO,गतौ (gatau),causation,"cause an independent agent to perform the base action, or bring about the base state",3.1.25;3.1.26,SAWi,1,class_forming_nic_plus_causative_nic_plus_pinned_engine_output,admitted_research_ledger
7ad46b745ce24e83d2cc,curadi_true_causative,"द्विणिजन्त (dviṇijanta), true causative of a curādigaṇa base","[""10.0042"", ""meaning-50de7e3502c9""]",10.0042,SvaWa~,asaMskAre,असंस्कारे (asaṃskāre),causation,"cause an independent agent to perform the base action, or bring about the base state",3.1.25;3.1.26,SvAWi,1,class_forming_nic_plus_causative_nic_plus_pinned_engine_output,admitted_research_ledger
3f4d97231c82cdee2086,curadi_true_causative,"द्विणिजन्त (dviṇijanta), true causative of a curādigaṇa base","[""10.0042"", ""meaning-5fa3d59b62c4""]",10.0042,SvaWa~,gatO,गतौ (gatau),causation,"cause an independent agent to perform the base action, or bring about the base state",3.1.25;3.1.26,SvAWi,1,class_forming_nic_plus_causative_nic_plus_pinned_engine_output,admitted_research_ledger
98970a294b9abe6539a2,curadi_true_causative,"द्विणिजन्त (dviṇijanta), true causative of a curādigaṇa base","[""10.0043"", ""meaning-50de7e3502c9""]",10.0043,SvaWi~,asaMskAre,असंस्कारे (asaṃskāre),causation,"cause an independent agent to perform the base action, or bring about the base state",3.1.25;3.1.26,SvaRWi,1,class_forming_nic_plus_causative_nic_plus_pinned_engine_output,admitted_research_ledger
c7f6cdcc1a5d64fae513,curadi_true_causative,"द्विणिजन्त (dviṇijanta), true causative of a curādigaṇa base","[""10.0043"", ""meaning-5fa3d59b62c4""]",10.0043,SvaWi~,gatO,गतौ (gatau),causation,"cause an independent agent to perform the base action, or bring about the base state",3.1.25;3.1.26,SvaRWi,1,class_forming_nic_plus_causative_nic_plus_pinned_engine_output,admitted_research_ledger
32a97719412711d7eae9,curadi_true_causative,"द्विणिजन्त (dviṇijanta), true causative of a curādigaṇa base","[""10.0044"", ""meaning-7d5a8a506fb0""]",10.0044,tuja~,niketane,निकेतने (niketane),causation,"cause an independent agent to perform the base action, or bring about the base state",3.1.25;3.1.26,toji,1,class_forming_nic_plus_causative_nic_plus_pinned_engine_output,admitted_research_ledger
d8f3a5fb16ebf334ef42,curadi_true_causative,"द्विणिजन्त (dviṇijanta), true causative of a curādigaṇa base","[""10.0044"", ""meaning-91cb8c95f040""]",10.0044,tuja~,balAdAne,बलादाने (balādāne),causation,"cause an independent agent to perform the base action, or bring about the base state",3.1.25;3.1.26,toji,1,class_forming_nic_plus_causative_nic_plus_pinned_engine_output,admitted_research_ledger
62d314a670312780e5d5,curadi_true_causative,"द्विणिजन्त (dviṇijanta), true causative of a curādigaṇa base","[""10.0045"", ""meaning-3bf7963ee53c""]",10.0045,tuji~,hiMsAyAm,हिंसायाम् (hiṃsāyām),causation,"cause an independent agent to perform the base action, or bring about the base state",3.1.25;3.1.26,tuYji,1,class_forming_nic_plus_causative_nic_plus_pinned_engine_output,admitted_research_ledger
044994dc126b7f9ed46a,curadi_true_causative,"द्विणिजन्त (dviṇijanta), true causative of a curādigaṇa base","[""10.0045"", ""meaning-7d5a8a506fb0""]",10.0045,tuji~,niketane,निकेतने (niketane),causation,"cause an independent agent to perform the base action, or bring about the base state",3.1.25;3.1.26,tuYji,1,class_forming_nic_plus_causative_nic_plus_pinned_engine_output,admitted_research_ledger
41c6e82baa6656d3fb8c,curadi_true_causative,"द्विणिजन्त (dviṇijanta), true causative of a curādigaṇa base","[""10.0045"", ""meaning-91cb8c95f040""]",10.0045,tuji~,balAdAne,बलादाने (balādāne),causation,"cause an independent agent to perform the base action, or bring about the base state",3.1.25;3.1.26,tuYji,1,class_forming_nic_plus_causative_nic_plus_pinned_engine_output,admitted_research_ledger
53d47d4dc1f6268c6ae2,curadi_true_causative,"द्विणिजन्त (dviṇijanta), true causative of a curādigaṇa base","[""10.0046"", ""meaning-3bf7963ee53c""]",10.0046,pija~,hiMsAyAm,हिंसायाम् (hiṃsāyām),causation,"cause an independent agent to perform the base action, or bring about the base state",3.1.25;3.1.26,peji,1,class_forming_nic_plus_causative_nic_plus_pinned_engine_output,admitted_research_ledger
0fdfc16a6eaf79e09b32,curadi_true_causative,"द्विणिजन्त (dviṇijanta), true causative of a curādigaṇa base","[""10.0046"", ""meaning-7d5a8a506fb0""]",10.0046,pija~,niketane,निकेतने (niketane),causation,"cause an independent agent to perform the base action, or bring about the base state",3.1.25;3.1.26,peji,1,class_forming_nic_plus_causative_nic_plus_pinned_engine_output,admitted_research_ledger
d31ce6157b2b8688e41f,curadi_true_causative,"द्विणिजन्त (dviṇijanta), true causative of a curādigaṇa base","[""10.0046"", ""meaning-91cb8c95f040""]",10.0046,pija~,balAdAne,बलादाने (balādāne),causation,"cause an independent agent to perform the base action, or bring about the base state",3.1.25;3.1.26,peji,1,class_forming_nic_plus_causative_nic_plus_pinned_engine_output,admitted_research_ledger
3150b6b2aabb311b1fcf,curadi_true_causative,"द्विणिजन्त (dviṇijanta), true causative of a curādigaṇa base","[""10.0047"", ""meaning-3bf7963ee53c""]",10.0047,piji~,hiMsAyAm,हिंसायाम् (hiṃsāyām),causation,"cause an independent agent to perform the base action, or bring about the base state",3.1.25;3.1.26,piYji,1,class_forming_nic_plus_causative_nic_plus_pinned_engine_output,admitted_research_ledger
1881d4a1341fea99c047,curadi_true_causative,"द्विणिजन्त (dviṇijanta), true causative of a curādigaṇa base","[""10.0047"", ""meaning-7d5a8a506fb0""]",10.0047,piji~,niketane,निकेतने (niketane),causation,"cause an independent agent to perform the base action, or bring about the base state",3.1.25;3.1.26,piYji,1,class_forming_nic_plus_causative_nic_plus_pinned_engine_output,admitted_research_ledger
2243b345f0c60d80c95a,curadi_true_causative,"द्विणिजन्त (dviṇijanta), true causative of a curādigaṇa base","[""10.0047"", ""meaning-91cb8c95f040""]",10.0047,piji~,balAdAne,बलादाने (balādāne),causation,"cause an independent agent to perform the base action, or bring about the base state",3.1.25;3.1.26,piYji,1,class_forming_nic_plus_causative_nic_plus_pinned_engine_output,admitted_research_ledger
de8066d8855597c81597,curadi_true_causative,"द्विणिजन्त (dviṇijanta), true causative of a curādigaṇa base","[""10.0048"", ""meaning-3bf7963ee53c""]",10.0048,laji~,hiMsAyAm,हिंसायाम् (hiṃsāyām),causation,"cause an independent agent to perform the base action, or bring about the base state",3.1.25;3.1.26,laYji,1,class_forming_nic_plus_causative_nic_plus_pinned_engine_output,admitted_research_ledger
bb01a5127b9a8a12714d,curadi_true_causative,"द्विणिजन्त (dviṇijanta), true causative of a curādigaṇa base","[""10.0048"", ""meaning-7d5a8a506fb0""]",10.0048,laji~,niketane,निकेतने (niketane),causation,"cause an independent agent to perform the base action, or bring about the base state",3.1.25;3.1.26,laYji,1,class_forming_nic_plus_causative_nic_plus_pinned_engine_output,admitted_research_ledger
a1e92de9fe27dbdb775f,curadi_true_causative,"द्विणिजन्त (dviṇijanta), true causative of a curādigaṇa base","[""10.0048"", ""meaning-91cb8c95f040""]",10.0048,laji~,balAdAne,बलादाने (balādāne),causation,"cause an independent agent to perform the base action, or bring about the base state",3.1.25;3.1.26,laYji,1,class_forming_nic_plus_causative_nic_plus_pinned_engine_output,admitted_research_ledger
46098ac6141235478d7a,curadi_true_causative,"द्विणिजन्त (dviṇijanta), true causative of a curādigaṇa base","[""10.0049"", ""meaning-3bf7963ee53c""]",10.0049,luji~,hiMsAyAm,हिंसायाम् (hiṃsāyām),causation,"cause an independent agent to perform the base action, or bring about the base state",3.1.25;3.1.26,luYji,1,class_forming_nic_plus_causative_nic_plus_pinned_engine_output,admitted_research_ledger
60bc48bb0016d570c95a,curadi_true_causative,"द्विणिजन्त (dviṇijanta), true causative of a curādigaṇa base","[""10.0049"", ""meaning-7d5a8a506fb0""]",10.0049,luji~,niketane,निकेतने (niketane),causation,"cause an independent agent to perform the base action, or bring about the base state",3.1.25;3.1.26,luYji,1,class_forming_nic_plus_causative_nic_plus_pinned_engine_output,admitted_research_ledger
95bff94212e04da4cd4d,curadi_true_causative,"द्विणिजन्त (dviṇijanta), true causative of a curādigaṇa base","[""10.0049"", ""meaning-91cb8c95f040""]",10.0049,luji~,balAdAne,बलादाने (balādāne),causation,"cause an independent agent to perform the base action, or bring about the base state",3.1.25;3.1.26,luYji,1,class_forming_nic_plus_causative_nic_plus_pinned_engine_output,admitted_research_ledger
3c124b956b8f8ac7a6ab,curadi_true_causative,"द्विणिजन्त (dviṇijanta), true causative of a curādigaṇa base","[""10.0050"", ""meaning-5fa3d59b62c4""]",10.0050,pisa~,gatO,गतौ (gatau),causation,"cause an independent agent to perform the base action, or bring about the base state",3.1.25;3.1.26,pesi,1,class_forming_nic_plus_causative_nic_plus_pinned_engine_output,admitted_research_ledger
436b8bf31998a06cefc8,curadi_true_causative,"द्विणिजन्त (dviṇijanta), true causative of a curādigaṇa base","[""10.0051"", ""meaning-9e25650c7acd""]",10.0051,zAntva~,sAmaprayoge,सामप्रयोगे (sāmaprayoge),causation,"cause an independent agent to perform the base action, or bring about the base state",3.1.25;3.1.26,sAntvi,1,class_forming_nic_plus_causative_nic_plus_pinned_engine_output,admitted_research_ledger
d7f85b51be2f7ddc3852,curadi_true_causative,"द्विणिजन्त (dviṇijanta), true causative of a curādigaṇa base","[""10.0052"", ""meaning-9e25650c7acd""]",10.0052,sAntva~,sAmaprayoge,सामप्रयोगे (sāmaprayoge),causation,"cause an independent agent to perform the base action, or bring about the base state",3.1.25;3.1.26,sAntvi,1,class_forming_nic_plus_causative_nic_plus_pinned_engine_output,admitted_research_ledger
f9b839c85f3ed92e9d85,curadi_true_causative,"द्विणिजन्त (dviṇijanta), true causative of a curādigaṇa base","[""10.0053"", ""meaning-6c1cf9a54ef6""]",10.0053,Svalka~,pariBAzaRe,परिभाषणे (paribhāṣaṇe),causation,"cause an independent agent to perform the base action, or bring about the base state",3.1.25;3.1.26,Svalki,1,class_forming_nic_plus_causative_nic_plus_pinned_engine_output,admitted_research_ledger
596d848110f8d1f470ec,curadi_true_causative,"द्विणिजन्त (dviṇijanta), true causative of a curādigaṇa base","[""10.0054"", ""meaning-6c1cf9a54ef6""]",10.0054,valka~,pariBAzaRe,परिभाषणे (paribhāṣaṇe),causation,"cause an independent agent to perform the base action, or bring about the base state",3.1.25;3.1.26,valki,1,class_forming_nic_plus_causative_nic_plus_pinned_engine_output,admitted_research_ledger
4d2c5b18fc71a2a42f4a,curadi_true_causative,"द्विणिजन्त (dviṇijanta), true causative of a curādigaṇa base","[""10.0055"", ""meaning-8c6231d20ac4""]",10.0055,zRiha~,snehane,स्नेहने (snehane),causation,"cause an independent agent to perform the base action, or bring about the base state",3.1.25;3.1.26,snehi,1,class_forming_nic_plus_causative_nic_plus_pinned_engine_output,admitted_research_ledger
68b3a0fba97e635b0a4b,curadi_true_causative,"द्विणिजन्त (dviṇijanta), true causative of a curādigaṇa base","[""10.0056"", ""meaning-3bf7963ee53c""]",10.0056,sPiwa~,hiMsAyAm,हिंसायाम् (hiṃsāyām),causation,"cause an independent agent to perform the base action, or bring about the base state",3.1.25;3.1.26,sPewi,1,class_forming_nic_plus_causative_nic_plus_pinned_engine_output,admitted_research_ledger
4498d768e15d005d008d,curadi_true_causative,"द्विणिजन्त (dviṇijanta), true causative of a curādigaṇa base","[""10.0057"", ""meaning-f0e843d6616f""]",10.0057,smiwa~,anAdare,अनादरे (anādare),causation,"cause an independent agent to perform the base action, or bring about the base state",3.1.25;3.1.26,smewi,1,class_forming_nic_plus_causative_nic_plus_pinned_engine_output,admitted_research_ledger
525ec94ca60484f77e70,curadi_true_causative,"द्विणिजन्त (dviṇijanta), true causative of a curādigaṇa base","[""10.0058"", ""meaning-f0e843d6616f""]",10.0058,zmiN,anAdare,अनादरे (anādare),causation,"cause an independent agent to perform the base action, or bring about the base state",3.1.25;3.1.26,smAyi,1,class_forming_nic_plus_causative_nic_plus_pinned_engine_output,admitted_research_ledger
63e4c4aa41dcbaabee8e,curadi_true_causative,"द्विणिजन्त (dviṇijanta), true causative of a curādigaṇa base","[""10.0059"", ""meaning-d5f33ed970a6""]",10.0059,Sliza~,SlezaRe,श्लेषणे (śleṣaṇe),causation,"cause an independent agent to perform the base action, or bring about the base state",3.1.25;3.1.26,Slezi,1,class_forming_nic_plus_causative_nic_plus_pinned_engine_output,admitted_research_ledger
640f72ced96dcd677aa4,curadi_true_causative,"द्विणिजन्त (dviṇijanta), true causative of a curādigaṇa base","[""10.0060"", ""meaning-5fa3d59b62c4""]",10.0060,paTi~,gatO,गतौ (gatau),causation,"cause an independent agent to perform the base action, or bring about the base state",3.1.25;3.1.26,panTi,1,class_forming_nic_plus_causative_nic_plus_pinned_engine_output,admitted_research_ledger
c95aacbb4da31dd902c7,curadi_true_causative,"द्विणिजन्त (dviṇijanta), true causative of a curādigaṇa base","[""10.0061"", ""meaning-85abd1bf967a""]",10.0061,piCa~,kuwwane,कुट्टने (kuṭṭane),causation,"cause an independent agent to perform the base action, or bring about the base state",3.1.25;3.1.26,picCi,1,class_forming_nic_plus_causative_nic_plus_pinned_engine_output,admitted_research_ledger
4c997507300bfeb3c131,curadi_true_causative,"द्विणिजन्त (dviṇijanta), true causative of a curādigaṇa base","[""10.0062"", ""meaning-f3eb70b0f3cb""]",10.0062,Cadi~,saMvaraRe,संवरणे (saṃvaraṇe),causation,"cause an independent agent to perform the base action, or bring about the base state",3.1.25;3.1.26,Candi,1,class_forming_nic_plus_causative_nic_plus_pinned_engine_output,admitted_research_ledger
51c9cebf3aa7b5304ef1,curadi_true_causative,"द्विणिजन्त (dviṇijanta), true causative of a curādigaṇa base","[""10.0063"", ""meaning-a71280a34aa6""]",10.0063,SraRa~,dAne,दाने (dāne),causation,"cause an independent agent to perform the base action, or bring about the base state",3.1.25;3.1.26,SrARi,1,class_forming_nic_plus_causative_nic_plus_pinned_engine_output,admitted_research_ledger
a64ecf71ed0be85024ee,curadi_true_causative,"द्विणिजन्त (dviṇijanta), true causative of a curādigaṇa base","[""10.0064"", ""meaning-9cadb6e10abf""]",10.0064,taqa~,AGAte,आघाते (āghāte),causation,"cause an independent agent to perform the base action, or bring about the base state",3.1.25;3.1.26,tAqi,1,class_forming_nic_plus_causative_nic_plus_pinned_engine_output,admitted_research_ledger
838a042db9c2bb8a615a,curadi_true_causative,"द्विणिजन्त (dviṇijanta), true causative of a curādigaṇa base","[""10.0065"", ""meaning-12d930b48839""]",10.0065,Kaqa~,Bedane,भेदने (bhedane),causation,"cause an independent agent to perform the base action, or bring about the base state",3.1.25;3.1.26,KAqi,1,class_forming_nic_plus_causative_nic_plus_pinned_engine_output,admitted_research_ledger
e306b580b03e1a3321e5,curadi_true_causative,"द्विणिजन्त (dviṇijanta), true causative of a curādigaṇa base","[""10.0066"", ""meaning-12d930b48839""]",10.0066,Kaqi~,Bedane,भेदने (bhedane),causation,"cause an independent agent to perform the base action, or bring about the base state",3.1.25;3.1.26,KaRqi,1,class_forming_nic_plus_causative_nic_plus_pinned_engine_output,admitted_research_ledger
ba9098391f6e657db1e2,curadi_true_causative,"द्विणिजन्त (dviṇijanta), true causative of a curādigaṇa base","[""10.0067"", ""meaning-12d930b48839""]",10.0067,kaqi~,Bedane,भेदने (bhedane),causation,"cause an independent agent to perform the base action, or bring about the base state",3.1.25;3.1.26,kaRqi,1,class_forming_nic_plus_causative_nic_plus_pinned_engine_output,admitted_research_ledger
ce73e1e31dd52a1cc84b,curadi_true_causative,"द्विणिजन्त (dviṇijanta), true causative of a curādigaṇa base","[""10.0068"", ""meaning-0ce6231987c9""]",10.0068,kuqi~,rakzaRe,रक्षणे (rakṣaṇe),causation,"cause an independent agent to perform the base action, or bring about the base state",3.1.25;3.1.26,kuRqi,1,class_forming_nic_plus_causative_nic_plus_pinned_engine_output,admitted_research_ledger
01095257a17534c75415,curadi_true_causative,"द्विणिजन्त (dviṇijanta), true causative of a curādigaṇa base","[""10.0069"", ""meaning-8d05d3af63ff""]",10.0069,guqi~,vezwane,वेष्टने (veṣṭane),causation,"cause an independent agent to perform the base action, or bring about the base state",3.1.25;3.1.26,guRqi,1,class_forming_nic_plus_causative_nic_plus_pinned_engine_output,admitted_research_ledger
ea519e0fb032e73ffe23,curadi_true_causative,"द्विणिजन्त (dviṇijanta), true causative of a curādigaṇa base","[""10.0070"", ""meaning-0ce6231987c9""]",10.0070,kuWi~,rakzaRe,रक्षणे (rakṣaṇe),causation,"cause an independent agent to perform the base action, or bring about the base state",3.1.25;3.1.26,kuRWi,1,class_forming_nic_plus_causative_nic_plus_pinned_engine_output,admitted_research_ledger
b68381651139d744a606,curadi_true_causative,"द्विणिजन्त (dviṇijanta), true causative of a curādigaṇa base","[""10.0071"", ""meaning-0ce6231987c9""]",10.0071,guWi~,rakzaRe,रक्षणे (rakṣaṇe),causation,"cause an independent agent to perform the base action, or bring about the base state",3.1.25;3.1.26,guRWi,1,class_forming_nic_plus_causative_nic_plus_pinned_engine_output,admitted_research_ledger
f1d507826860290451f9,curadi_true_causative,"द्विणिजन्त (dviṇijanta), true causative of a curādigaṇa base","[""10.0072"", ""meaning-77ef3f7f93a8""]",10.0072,Kuqi~,KaRqane,खण्डने (khaṇḍane),causation,"cause an independent agent to perform the base action, or bring about the base state",3.1.25;3.1.26,KuRqi,1,class_forming_nic_plus_causative_nic_plus_pinned_engine_output,admitted_research_ledger
5f3e73c3ce812258173e,curadi_true_causative,"द्विणिजन्त (dviṇijanta), true causative of a curādigaṇa base","[""10.0074"", ""meaning-9daa69aeb27e""]",10.0074,vaqi~,viBAjane,विभाजने (vibhājane),causation,"cause an independent agent to perform the base action, or bring about the base state",3.1.25;3.1.26,vaRqi,1,class_forming_nic_plus_causative_nic_plus_pinned_engine_output,admitted_research_ledger
8b709c1e49259e67ff4c,curadi_true_causative,"द्विणिजन्त (dviṇijanta), true causative of a curādigaṇa base","[""10.0075"", ""meaning-1ba393b460aa""]",10.0075,caqi~,kope,कोपे (kope),causation,"cause an independent agent to perform the base action, or bring about the base state",3.1.25;3.1.26,caRqi,1,class_forming_nic_plus_causative_nic_plus_pinned_engine_output,admitted_research_ledger
7afc3911b98b58785ef5,curadi_true_causative,"द्विणिजन्त (dviṇijanta), true causative of a curādigaṇa base","[""10.0076"", ""meaning-a6f808d0cf60""]",10.0076,maqi~,harze,हर्षे (harṣe),causation,"cause an independent agent to perform the base action, or bring about the base state",3.1.25;3.1.26,maRqi,1,class_forming_nic_plus_causative_nic_plus_pinned_engine_output,admitted_research_ledger
0c3d6a58f54bdd2927e7,curadi_true_causative,"द्विणिजन्त (dviṇijanta), true causative of a curādigaṇa base","[""10.0077"", ""meaning-de3bcfd0d1d0""]",10.0077,Baqi~,kalyARe,कल्याणे (kalyāṇe),causation,"cause an independent agent to perform the base action, or bring about the base state",3.1.25;3.1.26,BaRqi,1,class_forming_nic_plus_causative_nic_plus_pinned_engine_output,admitted_research_ledger
3b7eb73508bc029ba730,curadi_true_causative,"द्विणिजन्त (dviṇijanta), true causative of a curādigaṇa base","[""10.0078"", ""meaning-c3f774eabe82""]",10.0078,Carda~,vamane,वमने (vamane),causation,"cause an independent agent to perform the base action, or bring about the base state",3.1.25;3.1.26,Cardi,1,class_forming_nic_plus_causative_nic_plus_pinned_engine_output,admitted_research_ledger
f6f06fd0512e72bdb223,curadi_true_causative,"द्विणिजन्त (dviṇijanta), true causative of a curādigaṇa base","[""10.0079"", ""meaning-889fafdbed6d""]",10.0079,pusta~,Adare,आदरे (ādare),causation,"cause an independent agent to perform the base action, or bring about the base state",3.1.25;3.1.26,pusti,1,class_forming_nic_plus_causative_nic_plus_pinned_engine_output,admitted_research_ledger
707cdbc41a10e60fbb44,curadi_true_causative,"द्विणिजन्त (dviṇijanta), true causative of a curādigaṇa base","[""10.0079"", ""meaning-f0e843d6616f""]",10.0079,pusta~,anAdare,अनादरे (anādare),causation,"cause an independent agent to perform the base action, or bring about the base state",3.1.25;3.1.26,pusti,1,class_forming_nic_plus_causative_nic_plus_pinned_engine_output,admitted_research_ledger
767ea013be11fd1e8fbe,curadi_true_causative,"द्विणिजन्त (dviṇijanta), true causative of a curādigaṇa base","[""10.0080"", ""meaning-889fafdbed6d""]",10.0080,busta~,Adare,आदरे (ādare),causation,"cause an independent agent to perform the base action, or bring about the base state",3.1.25;3.1.26,busti,1,class_forming_nic_plus_causative_nic_plus_pinned_engine_output,admitted_research_ledger
03c6ca94aca8554e5b05,curadi_true_causative,"द्विणिजन्त (dviṇijanta), true causative of a curādigaṇa base","[""10.0080"", ""meaning-f0e843d6616f""]",10.0080,busta~,anAdare,अनादरे (anādare),causation,"cause an independent agent to perform the base action, or bring about the base state",3.1.25;3.1.26,busti,1,class_forming_nic_plus_causative_nic_plus_pinned_engine_output,admitted_research_ledger
3e64d3b6da084f8d8310,curadi_true_causative,"द्विणिजन्त (dviṇijanta), true causative of a curādigaṇa base","[""10.0081"", ""meaning-de6f6d76c11b""]",10.0081,cuda~,saYcodane,सञ्चोदने (sañcodane),causation,"cause an independent agent to perform the base action, or bring about the base state",3.1.25;3.1.26,codi,1,class_forming_nic_plus_causative_nic_plus_pinned_engine_output,admitted_research_ledger
23c5aed54212e7097d7d,curadi_true_causative,"द्विणिजन्त (dviṇijanta), true causative of a curādigaṇa base","[""10.0082"", ""meaning-4c7246e8c3c8""]",10.0082,nakka~,nASane,नाशने (nāśane),causation,"cause an independent agent to perform the base action, or bring about the base state",3.1.25;3.1.26,nakki,1,class_forming_nic_plus_causative_nic_plus_pinned_engine_output,admitted_research_ledger
215aef85e8546aaf3196,curadi_true_causative,"द्विणिजन्त (dviṇijanta), true causative of a curādigaṇa base","[""10.0083"", ""meaning-4c7246e8c3c8""]",10.0083,Dakka~,nASane,नाशने (nāśane),causation,"cause an independent agent to perform the base action, or bring about the base state",3.1.25;3.1.26,Dakki,1,class_forming_nic_plus_causative_nic_plus_pinned_engine_output,admitted_research_ledger
44a4c5086bc6847278f4,curadi_true_causative,"द्विणिजन्त (dviṇijanta), true causative of a curādigaṇa base","[""10.0084"", ""meaning-83c2bd6d47b1""]",10.0084,cakka~,vyaTane,व्यथने (vyathane),causation,"cause an independent agent to perform the base action, or bring about the base state",3.1.25;3.1.26,cakki,1,class_forming_nic_plus_causative_nic_plus_pinned_engine_output,admitted_research_ledger
2cebc7eef6888a65a842,curadi_true_causative,"द्विणिजन्त (dviṇijanta), true causative of a curādigaṇa base","[""10.0085"", ""meaning-83c2bd6d47b1""]",10.0085,cukka~,vyaTane,व्यथने (vyathane),causation,"cause an independent agent to perform the base action, or bring about the base state",3.1.25;3.1.26,cukki,1,class_forming_nic_plus_causative_nic_plus_pinned_engine_output,admitted_research_ledger
06752601e335fbf45075,curadi_true_causative,"द्विणिजन्त (dviṇijanta), true causative of a curādigaṇa base","[""10.0086"", ""meaning-37bf2b36570a""]",10.0086,kzala~,SOcakarmaRi,शौचकर्मणि (śaucakarmaṇi),causation,"cause an independent agent to perform the base action, or bring about the base state",3.1.25;3.1.26,kzAli,1,class_forming_nic_plus_causative_nic_plus_pinned_engine_output,admitted_research_ledger
c11d99d13adc2d34d23c,curadi_true_causative,"द्विणिजन्त (dviṇijanta), true causative of a curādigaṇa base","[""10.0087"", ""meaning-83e37f3a87c4""]",10.0087,tala~,pratizWAyAm,प्रतिष्ठायाम् (pratiṣṭhāyām),causation,"cause an independent agent to perform the base action, or bring about the base state",3.1.25;3.1.26,tAli,1,class_forming_nic_plus_causative_nic_plus_pinned_engine_output,admitted_research_ledger
0afb505a82f21eff99b2,curadi_true_causative,"द्विणिजन्त (dviṇijanta), true causative of a curādigaṇa base","[""10.0088"", ""meaning-ac2dcce56c30""]",10.0088,tula~,unmAne,उन्माने (unmāne),causation,"cause an independent agent to perform the base action, or bring about the base state",3.1.25;3.1.26,toli,1,class_forming_nic_plus_causative_nic_plus_pinned_engine_output,admitted_research_ledger
3d4028e8ef33e48ed517,curadi_true_causative,"द्विणिजन्त (dviṇijanta), true causative of a curādigaṇa base","[""10.0089"", ""meaning-acb7f40f2928""]",10.0089,dula~,utkzepe,उत्क्षेपे (utkṣepe),causation,"cause an independent agent to perform the base action, or bring about the base state",3.1.25;3.1.26,doli,1,class_forming_nic_plus_causative_nic_plus_pinned_engine_output,admitted_research_ledger
ab44a99497c0050ad67d,curadi_true_causative,"द्विणिजन्त (dviṇijanta), true causative of a curādigaṇa base","[""10.0091"", ""meaning-0ccec38bfd14""]",10.0091,cula~,samucCrAye,समुच्छ्राये (samucchrāye),causation,"cause an independent agent to perform the base action, or bring about the base state",3.1.25;3.1.26,coli,1,class_forming_nic_plus_causative_nic_plus_pinned_engine_output,admitted_research_ledger
448f5d022b6c8e2ce00d,curadi_true_causative,"द्विणिजन्त (dviṇijanta), true causative of a curādigaṇa base","[""10.0092"", ""meaning-5c8333df6b05""]",10.0092,mUla~,rohaRe,रोहणे (rohaṇe),causation,"cause an independent agent to perform the base action, or bring about the base state",3.1.25;3.1.26,mUli,1,class_forming_nic_plus_causative_nic_plus_pinned_engine_output,admitted_research_ledger
93a5cef7df90eb9ffd7e,curadi_true_causative,"द्विणिजन्त (dviṇijanta), true causative of a curādigaṇa base","[""10.0093"", ""meaning-029b9634ef9c""]",10.0093,kala~,kzepe,क्षेपे (kṣepe),causation,"cause an independent agent to perform the base action, or bring about the base state",3.1.25;3.1.26,kAli,1,class_forming_nic_plus_causative_nic_plus_pinned_engine_output,admitted_research_ledger
5983a62713b7dbb7f556,curadi_true_causative,"द्विणिजन्त (dviṇijanta), true causative of a curādigaṇa base","[""10.0094"", ""meaning-029b9634ef9c""]",10.0094,vila~,kzepe,क्षेपे (kṣepe),causation,"cause an independent agent to perform the base action, or bring about the base state",3.1.25;3.1.26,veli,1,class_forming_nic_plus_causative_nic_plus_pinned_engine_output,admitted_research_ledger
b4bbfecf1ea102e93ad6,curadi_true_causative,"द्विणिजन्त (dviṇijanta), true causative of a curādigaṇa base","[""10.0097"", ""meaning-e454b0959a54""]",10.0097,cala~,BftO,भृतौ (bhṛtau),causation,"cause an independent agent to perform the base action, or bring about the base state",3.1.25;3.1.26,cAli,1,class_forming_nic_plus_causative_nic_plus_pinned_engine_output,admitted_research_ledger
8c82ecf58d4bffa1b859,curadi_true_causative,"द्विणिजन्त (dviṇijanta), true causative of a curādigaṇa base","[""10.0098"", ""meaning-0ce6231987c9""]",10.0098,pAla~,rakzaRe,रक्षणे (rakṣaṇe),causation,"cause an independent agent to perform the base action, or bring about the base state",3.1.25;3.1.26,pAli,1,class_forming_nic_plus_causative_nic_plus_pinned_engine_output,admitted_research_ledger
67438ed64165f40b8086,curadi_true_causative,"द्विणिजन्त (dviṇijanta), true causative of a curādigaṇa base","[""10.0099"", ""meaning-0ce6231987c9""]",10.0099,pala~,rakzaRe,रक्षणे (rakṣaṇe),causation,"cause an independent agent to perform the base action, or bring about the base state",3.1.25;3.1.26,pAli,1,class_forming_nic_plus_causative_nic_plus_pinned_engine_output,admitted_research_ledger
47b4bcd305262de25996,curadi_true_causative,"द्विणिजन्त (dviṇijanta), true causative of a curādigaṇa base","[""10.0100"", ""meaning-3bf7963ee53c""]",10.0100,lUza~,hiMsAyAm,हिंसायाम् (hiṃsāyām),causation,"cause an independent agent to perform the base action, or bring about the base state",3.1.25;3.1.26,lUzi,1,class_forming_nic_plus_causative_nic_plus_pinned_engine_output,admitted_research_ledger
090f26d032ca863fde7c,curadi_true_causative,"द्विणिजन्त (dviṇijanta), true causative of a curādigaṇa base","[""10.0101"", ""meaning-8b8700ed2466""]",10.0101,Sulba~,mAne,माने (māne),causation,"cause an independent agent to perform the base action, or bring about the base state",3.1.25;3.1.26,Sulbi,1,class_forming_nic_plus_causative_nic_plus_pinned_engine_output,admitted_research_ledger
84a0e1d1ba085376043a,curadi_true_causative,"द्विणिजन्त (dviṇijanta), true causative of a curādigaṇa base","[""10.0102"", ""meaning-8b8700ed2466""]",10.0102,SUrpa~,mAne,माने (māne),causation,"cause an independent agent to perform the base action, or bring about the base state",3.1.25;3.1.26,SUrpi,1,class_forming_nic_plus_causative_nic_plus_pinned_engine_output,admitted_research_ledger
278bcf71fbc0542b8e20,curadi_true_causative,"द्विणिजन्त (dviṇijanta), true causative of a curādigaṇa base","[""10.0104"", ""meaning-557772409059""]",10.0104,muwa~,saYcUrRane,सञ्चूर्णने (sañcūrṇane),causation,"cause an independent agent to perform the base action, or bring about the base state",3.1.25;3.1.26,mowi,1,class_forming_nic_plus_causative_nic_plus_pinned_engine_output,admitted_research_ledger
76a6867e709ed34857b0,curadi_true_causative,"द्विणिजन्त (dviṇijanta), true causative of a curādigaṇa base","[""10.0105"", ""meaning-8c6c87e51d61""]",10.0105,ulaqi~,utkzepaRe,उत्क्षेपणे (utkṣepaṇe),causation,"cause an independent agent to perform the base action, or bring about the base state",3.1.25;3.1.26,ulaRqi,1,class_forming_nic_plus_causative_nic_plus_pinned_engine_output,admitted_research_ledger
b9f8f44a70cba7233daa,curadi_true_causative,"द्विणिजन्त (dviṇijanta), true causative of a curādigaṇa base","[""10.0106"", ""meaning-4c7246e8c3c8""]",10.0106,paqi~,nASane,नाशने (nāśane),causation,"cause an independent agent to perform the base action, or bring about the base state",3.1.25;3.1.26,paRqi,1,class_forming_nic_plus_causative_nic_plus_pinned_engine_output,admitted_research_ledger
2f7ec6566be383c4d471,curadi_true_causative,"द्विणिजन्त (dviṇijanta), true causative of a curādigaṇa base","[""10.0107"", ""meaning-4c7246e8c3c8""]",10.0107,pasi~,nASane,नाशने (nāśane),causation,"cause an independent agent to perform the base action, or bring about the base state",3.1.25;3.1.26,paMsi,1,class_forming_nic_plus_causative_nic_plus_pinned_engine_output,admitted_research_ledger
3ebbb54efcf7eec55658,curadi_true_causative,"द्विणिजन्त (dviṇijanta), true causative of a curādigaṇa base","[""10.0108"", ""meaning-22612fd355b3""]",10.0108,mArga,saMskAre,संस्कारे (saṃskāre),causation,"cause an independent agent to perform the base action, or bring about the base state",3.1.25;3.1.26,mArgi,1,class_forming_nic_plus_causative_nic_plus_pinned_engine_output,admitted_research_ledger
15e43bf19b04a851b1a5,curadi_true_causative,"द्विणिजन्त (dviṇijanta), true causative of a curādigaṇa base","[""10.0108"", ""meaning-5fa3d59b62c4""]",10.0108,mArga,gatO,गतौ (gatau),causation,"cause an independent agent to perform the base action, or bring about the base state",3.1.25;3.1.26,mArgi,1,class_forming_nic_plus_causative_nic_plus_pinned_engine_output,admitted_research_ledger
9ed8d6181de9511033e2,curadi_true_causative,"द्विणिजन्त (dviṇijanta), true causative of a curādigaṇa base","[""10.0109"", ""meaning-22612fd355b3""]",10.0109,vraja~,saMskAre,संस्कारे (saṃskāre),causation,"cause an independent agent to perform the base action, or bring about the base state",3.1.25;3.1.26,vrAji,1,class_forming_nic_plus_causative_nic_plus_pinned_engine_output,admitted_research_ledger
13e66cba5a44f587191b,curadi_true_causative,"द्विणिजन्त (dviṇijanta), true causative of a curādigaṇa base","[""10.0110"", ""meaning-635311d3f114""]",10.0110,Sulka~,atisparSane,अतिस्पर्शने (atisparśane),causation,"cause an independent agent to perform the base action, or bring about the base state",3.1.25;3.1.26,Sulki,1,class_forming_nic_plus_causative_nic_plus_pinned_engine_output,admitted_research_ledger
b73143688c3cacd0c42e,curadi_true_causative,"द्विणिजन्त (dviṇijanta), true causative of a curādigaṇa base","[""10.0111"", ""meaning-bebe0cdf773e""]",10.0111,capi~,gatyAm,गत्याम् (gatyām),causation,"cause an independent agent to perform the base action, or bring about the base state",3.1.25;3.1.26,campi,1,class_forming_nic_plus_causative_nic_plus_pinned_engine_output,admitted_research_ledger
981e452923e65c364ea3,curadi_true_causative,"द्विणिजन्त (dviṇijanta), true causative of a curādigaṇa base","[""10.0112"", ""meaning-f065f9745917""]",10.0112,kzapi~,kzAntyAm,क्षान्त्याम् (kṣāntyām),causation,"cause an independent agent to perform the base action, or bring about the base state",3.1.25;3.1.26,kzampi,1,class_forming_nic_plus_causative_nic_plus_pinned_engine_output,admitted_research_ledger
951d117b6d314cee2f36,curadi_true_causative,"द्विणिजन्त (dviṇijanta), true causative of a curādigaṇa base","[""10.0113"", ""meaning-c86d0da0b44f""]",10.0113,kzaji~,kfcCrajIvane,कृच्छ्रजीवने (kṛcchrajīvane),causation,"cause an independent agent to perform the base action, or bring about the base state",3.1.25;3.1.26,kzaYji,1,class_forming_nic_plus_causative_nic_plus_pinned_engine_output,admitted_research_ledger
6d69590d47664ef287df,curadi_true_causative,"द्विणिजन्त (dviṇijanta), true causative of a curādigaṇa base","[""10.0114"", ""meaning-c86d0da0b44f""]",10.0114,Caji~,kfcCrajIvane,कृच्छ्रजीवने (kṛcchrajīvane),causation,"cause an independent agent to perform the base action, or bring about the base state",3.1.25;3.1.26,CaYji,1,class_forming_nic_plus_causative_nic_plus_pinned_engine_output,admitted_research_ledger
06ff9f6c88ef62d5399f,curadi_true_causative,"द्विणिजन्त (dviṇijanta), true causative of a curādigaṇa base","[""10.0115"", ""meaning-bebe0cdf773e""]",10.0115,Svarta~,gatyAm,गत्याम् (gatyām),causation,"cause an independent agent to perform the base action, or bring about the base state",3.1.25;3.1.26,Svarti,1,class_forming_nic_plus_causative_nic_plus_pinned_engine_output,admitted_research_ledger
18fe88b7f498bdbacfb4,curadi_true_causative,"द्विणिजन्त (dviṇijanta), true causative of a curādigaṇa base","[""10.0116"", ""meaning-bebe0cdf773e""]",10.0116,svarta~,gatyAm,गत्याम् (gatyām),causation,"cause an independent agent to perform the base action, or bring about the base state",3.1.25;3.1.26,svarti,1,class_forming_nic_plus_causative_nic_plus_pinned_engine_output,admitted_research_ledger
01ca8eff189ffca7a98a,curadi_true_causative,"द्विणिजन्त (dviṇijanta), true causative of a curādigaṇa base","[""10.0116"", ""meaning-c86d0da0b44f""]",10.0116,svarta~,kfcCrajIvane,कृच्छ्रजीवने (kṛcchrajīvane),causation,"cause an independent agent to perform the base action, or bring about the base state",3.1.25;3.1.26,svarti,1,class_forming_nic_plus_causative_nic_plus_pinned_engine_output,admitted_research_ledger
a2a6f1a98db3e926d4d7,curadi_true_causative,"द्विणिजन्त (dviṇijanta), true causative of a curādigaṇa base","[""10.0117"", ""meaning-bebe0cdf773e""]",10.0117,SvaBra~,gatyAm,गत्याम् (gatyām),causation,"cause an independent agent to perform the base action, or bring about the base state",3.1.25;3.1.26,SvaBri,1,class_forming_nic_plus_causative_nic_plus_pinned_engine_output,admitted_research_ledger
e1a97874c40483b8c1d8,curadi_true_causative,"द्विणिजन्त (dviṇijanta), true causative of a curādigaṇa base","[""10.0118"", ""meaning-b8db2a479911""]",10.0118,jYapa~,jYAne,ज्ञाने (jñāne),causation,"cause an independent agent to perform the base action, or bring about the base state",3.1.25;3.1.26,jYapi,1,class_forming_nic_plus_causative_nic_plus_pinned_engine_output,admitted_research_ledger
16e6637e7ef5c52ad40e,curadi_true_causative,"द्विणिजन्त (dviṇijanta), true causative of a curādigaṇa base","[""10.0118"", ""meaning-da80675a3d08""]",10.0118,jYapa~,jYApane,ज्ञापने (jñāpane),causation,"cause an independent agent to perform the base action, or bring about the base state",3.1.25;3.1.26,jYapi,1,class_forming_nic_plus_causative_nic_plus_pinned_engine_output,admitted_research_ledger
3f748a9f09d07a9568c3,curadi_true_causative,"द्विणिजन्त (dviṇijanta), true causative of a curādigaṇa base","[""10.0119"", ""meaning-bf696131e8cf""]",10.0119,yama~,parivezaRe,परिवेषणे (pariveṣaṇe),causation,"cause an independent agent to perform the base action, or bring about the base state",3.1.25;3.1.26,yami,1,class_forming_nic_plus_causative_nic_plus_pinned_engine_output,admitted_research_ledger
6b02660fb207b9387e84,curadi_true_causative,"द्विणिजन्त (dviṇijanta), true causative of a curādigaṇa base","[""10.0121"", ""meaning-749f57a3abd3""]",10.0121,capa~,parikalpane,परिकल्पने (parikalpane),causation,"cause an independent agent to perform the base action, or bring about the base state",3.1.25;3.1.26,capi,1,class_forming_nic_plus_causative_nic_plus_pinned_engine_output,admitted_research_ledger
3d37b67a50eaf809b79d,curadi_true_causative,"द्विणिजन्त (dviṇijanta), true causative of a curādigaṇa base","[""10.0124"", ""meaning-a4a3bd9dabd6""]",10.0124,ciY,cayane,चयने (cayane),causation,"cause an independent agent to perform the base action, or bring about the base state",3.1.25;3.1.26,capi;cayi,2,class_forming_nic_plus_causative_nic_plus_pinned_engine_output,admitted_research_ledger
d87fec7f9b8ddb9d02ca,curadi_true_causative,"द्विणिजन्त (dviṇijanta), true causative of a curādigaṇa base","[""10.0125"", ""meaning-ded5b8f0e366""]",10.0125,Gawwa~,calane,चलने (calane),causation,"cause an independent agent to perform the base action, or bring about the base state",3.1.25;3.1.26,Gawwi,1,class_forming_nic_plus_causative_nic_plus_pinned_engine_output,admitted_research_ledger
9e30f509d90eb265f236,curadi_true_causative,"द्विणिजन्त (dviṇijanta), true causative of a curādigaṇa base","[""10.0126"", ""meaning-1685c224b9c2""]",10.0126,musta~,saNGAte,सङ्घाते (saṅghāte),causation,"cause an independent agent to perform the base action, or bring about the base state",3.1.25;3.1.26,musti,1,class_forming_nic_plus_causative_nic_plus_pinned_engine_output,admitted_research_ledger
baeb0b06a32994b33179,curadi_true_causative,"द्विणिजन्त (dviṇijanta), true causative of a curādigaṇa base","[""10.0127"", ""meaning-f3eb70b0f3cb""]",10.0127,Kawwa~,saMvaraRe,संवरणे (saṃvaraṇe),causation,"cause an independent agent to perform the base action, or bring about the base state",3.1.25;3.1.26,Kawwi,1,class_forming_nic_plus_causative_nic_plus_pinned_engine_output,admitted_research_ledger
d02be3010274eea88301,curadi_true_causative,"द्विणिजन्त (dviṇijanta), true causative of a curādigaṇa base","[""10.0128"", ""meaning-3bf7963ee53c""]",10.0128,zawwa~,hiMsAyAm,हिंसायाम् (hiṃsāyām),causation,"cause an independent agent to perform the base action, or bring about the base state",3.1.25;3.1.26,sawwi,1,class_forming_nic_plus_causative_nic_plus_pinned_engine_output,admitted_research_ledger
1e222878524d354bbfc8,curadi_true_causative,"द्विणिजन्त (dviṇijanta), true causative of a curādigaṇa base","[""10.0129"", ""meaning-3bf7963ee53c""]",10.0129,sPiwwa~,hiMsAyAm,हिंसायाम् (hiṃsāyām),causation,"cause an independent agent to perform the base action, or bring about the base state",3.1.25;3.1.26,sPiwwi,1,class_forming_nic_plus_causative_nic_plus_pinned_engine_output,admitted_research_ledger
b9435d7ad86710c85683,curadi_true_causative,"द्विणिजन्त (dviṇijanta), true causative of a curādigaṇa base","[""10.0130"", ""meaning-3bf7963ee53c""]",10.0130,cubi~,hiMsAyAm,हिंसायाम् (hiṃsāyām),causation,"cause an independent agent to perform the base action, or bring about the base state",3.1.25;3.1.26,cumbi,1,class_forming_nic_plus_causative_nic_plus_pinned_engine_output,admitted_research_ledger
d3d7e5dae44f62bc5042,curadi_true_causative,"द्विणिजन्त (dviṇijanta), true causative of a curādigaṇa base","[""10.0131"", ""meaning-1685c224b9c2""]",10.0131,pula~,saNGAte,सङ्घाते (saṅghāte),causation,"cause an independent agent to perform the base action, or bring about the base state",3.1.25;3.1.26,poli,1,class_forming_nic_plus_causative_nic_plus_pinned_engine_output,admitted_research_ledger
93b111c40e1b769042a4,curadi_true_causative,"द्विणिजन्त (dviṇijanta), true causative of a curādigaṇa base","[""10.0132"", ""meaning-1685c224b9c2""]",10.0132,pUrRa~,saNGAte,सङ्घाते (saṅghāte),causation,"cause an independent agent to perform the base action, or bring about the base state",3.1.25;3.1.26,pUrRi,1,class_forming_nic_plus_causative_nic_plus_pinned_engine_output,admitted_research_ledger
cbab06b6afc52b33f103,curadi_true_causative,"द्विणिजन्त (dviṇijanta), true causative of a curādigaṇa base","[""10.0133"", ""meaning-1685c224b9c2""]",10.0133,puRa~,saNGAte,सङ्घाते (saṅghāte),causation,"cause an independent agent to perform the base action, or bring about the base state",3.1.25;3.1.26,poRi,1,class_forming_nic_plus_causative_nic_plus_pinned_engine_output,admitted_research_ledger
bb106fc1a9084b9d9af0,curadi_true_causative,"द्विणिजन्त (dviṇijanta), true causative of a curādigaṇa base","[""10.0134"", ""meaning-1556a33eeaae""]",10.0134,punsa~,aBivarDane,अभिवर्धने (abhivardhane),causation,"cause an independent agent to perform the base action, or bring about the base state",3.1.25;3.1.26,puMsi,1,class_forming_nic_plus_causative_nic_plus_pinned_engine_output,admitted_research_ledger
2bf0516f02882b04caa9,curadi_true_causative,"द्विणिजन्त (dviṇijanta), true causative of a curādigaṇa base","[""10.0135"", ""meaning-8c20facfc0ac""]",10.0135,waki~,banDane,बन्धने (bandhane),causation,"cause an independent agent to perform the base action, or bring about the base state",3.1.25;3.1.26,waNki,1,class_forming_nic_plus_causative_nic_plus_pinned_engine_output,admitted_research_ledger
9bc325ae62db9b3ef771,curadi_true_causative,"द्विणिजन्त (dviṇijanta), true causative of a curādigaṇa base","[""10.0136"", ""meaning-33b0dcc01e79""]",10.0136,vyapa~,kzaye,क्षये (kṣaye),causation,"cause an independent agent to perform the base action, or bring about the base state",3.1.25;3.1.26,vyApi,1,class_forming_nic_plus_causative_nic_plus_pinned_engine_output,admitted_research_ledger
06ee714cd94711ebaf3c,curadi_true_causative,"द्विणिजन्त (dviṇijanta), true causative of a curādigaṇa base","[""10.0137"", ""meaning-33b0dcc01e79""]",10.0137,vyaya~,kzaye,क्षये (kṣaye),causation,"cause an independent agent to perform the base action, or bring about the base state",3.1.25;3.1.26,vyAyi,1,class_forming_nic_plus_causative_nic_plus_pinned_engine_output,admitted_research_ledger
f23845cd6f3fc47acddd,curadi_true_causative,"द्विणिजन्त (dviṇijanta), true causative of a curādigaṇa base","[""10.0139"", ""meaning-accea2e337d0""]",10.0139,DUsa~,kAntikaraRe,कान्तिकरणे (kāntikaraṇe),causation,"cause an independent agent to perform the base action, or bring about the base state",3.1.25;3.1.26,DUsi,1,class_forming_nic_plus_causative_nic_plus_pinned_engine_output,admitted_research_ledger
9b29a8e014d69e17fda7,curadi_true_causative,"द्विणिजन्त (dviṇijanta), true causative of a curādigaṇa base","[""10.0140"", ""meaning-accea2e337d0""]",10.0140,DUza~,kAntikaraRe,कान्तिकरणे (kāntikaraṇe),causation,"cause an independent agent to perform the base action, or bring about the base state",3.1.25;3.1.26,DUzi,1,class_forming_nic_plus_causative_nic_plus_pinned_engine_output,admitted_research_ledger
e93282dc2417eaec78c2,curadi_true_causative,"द्विणिजन्त (dviṇijanta), true causative of a curādigaṇa base","[""10.0141"", ""meaning-accea2e337d0""]",10.0141,DUSa~,kAntikaraRe,कान्तिकरणे (kāntikaraṇe),causation,"cause an independent agent to perform the base action, or bring about the base state",3.1.25;3.1.26,DUSi,1,class_forming_nic_plus_causative_nic_plus_pinned_engine_output,admitted_research_ledger
0ab1d2b4ee2f80a69716,curadi_true_causative,"द्विणिजन्त (dviṇijanta), true causative of a curādigaṇa base","[""10.0142"", ""meaning-883d27e2b0bc""]",10.0142,kIwa~,varRe,वर्णे (varṇe),causation,"cause an independent agent to perform the base action, or bring about the base state",3.1.25;3.1.26,kIwi,1,class_forming_nic_plus_causative_nic_plus_pinned_engine_output,admitted_research_ledger
7d69eb26ae095814fa01,curadi_true_causative,"द्विणिजन्त (dviṇijanta), true causative of a curādigaṇa base","[""10.0143"", ""meaning-00f1d7412e01""]",10.0143,cUrRa~,saNkocane,सङ्कोचने (saṅkocane),causation,"cause an independent agent to perform the base action, or bring about the base state",3.1.25;3.1.26,cUrRi,1,class_forming_nic_plus_causative_nic_plus_pinned_engine_output,admitted_research_ledger
7958f1309a8f14c890c4,curadi_true_causative,"द्विणिजन्त (dviṇijanta), true causative of a curādigaṇa base","[""10.0144"", ""meaning-a8644e0580a4""]",10.0144,pUja~,pUjAyAm,पूजायाम् (pūjāyām),causation,"cause an independent agent to perform the base action, or bring about the base state",3.1.25;3.1.26,pUji,1,class_forming_nic_plus_causative_nic_plus_pinned_engine_output,admitted_research_ledger
e21efc52ef431243cab0,curadi_true_causative,"द्विणिजन्त (dviṇijanta), true causative of a curādigaṇa base","[""10.0145"", ""meaning-5b9ee2b51aea""]",10.0145,arka~,stavane,स्तवने (stavane),causation,"cause an independent agent to perform the base action, or bring about the base state",3.1.25;3.1.26,arki,1,class_forming_nic_plus_causative_nic_plus_pinned_engine_output,admitted_research_ledger
999f4753cbddef6acfe9,curadi_true_causative,"द्विणिजन्त (dviṇijanta), true causative of a curādigaṇa base","[""10.0146"", ""meaning-55c57dae89ef""]",10.0146,SuWa~,Alasye,आलस्ये (ālasye),causation,"cause an independent agent to perform the base action, or bring about the base state",3.1.25;3.1.26,SoWi,1,class_forming_nic_plus_causative_nic_plus_pinned_engine_output,admitted_research_ledger
2b2e08fc518135780587,curadi_true_causative,"द्विणिजन्त (dviṇijanta), true causative of a curādigaṇa base","[""10.0148"", ""meaning-556802d0e7f6""]",10.0148,juqa~,preraRe,प्रेरणे (preraṇe),causation,"cause an independent agent to perform the base action, or bring about the base state",3.1.25;3.1.26,joqi,1,class_forming_nic_plus_causative_nic_plus_pinned_engine_output,admitted_research_ledger
33028aef112b6eaf21bf,curadi_true_causative,"द्विणिजन्त (dviṇijanta), true causative of a curādigaṇa base","[""10.0150"", ""meaning-3aceb4350b07""]",10.0150,mArja~,SabdArTe,शब्दार्थे (śabdārthe),causation,"cause an independent agent to perform the base action, or bring about the base state",3.1.25;3.1.26,mArji,1,class_forming_nic_plus_causative_nic_plus_pinned_engine_output,admitted_research_ledger
73fdc808e8d0d65acef8,curadi_true_causative,"द्विणिजन्त (dviṇijanta), true causative of a curādigaṇa base","[""10.0151"", ""meaning-3aceb4350b07""]",10.0151,marca~,SabdArTe,शब्दार्थे (śabdārthe),causation,"cause an independent agent to perform the base action, or bring about the base state",3.1.25;3.1.26,marci,1,class_forming_nic_plus_causative_nic_plus_pinned_engine_output,admitted_research_ledger
e42570f4d11e8315d293,curadi_true_causative,"द्विणिजन्त (dviṇijanta), true causative of a curādigaṇa base","[""10.0152"", ""meaning-7f40d6a1ba16""]",10.0152,Gf,prasravaRe,प्रस्रवणे (prasravaṇe),causation,"cause an independent agent to perform the base action, or bring about the base state",3.1.25;3.1.26,GAri,1,class_forming_nic_plus_causative_nic_plus_pinned_engine_output,admitted_research_ledger
00e42bf9a3ca9ccc5128,curadi_true_causative,"द्विणिजन्त (dviṇijanta), true causative of a curādigaṇa base","[""10.0153"", ""meaning-54d1e144629d""]",10.0153,paci~,vistAravacane,विस्तारवचने (vistāravacane),causation,"cause an independent agent to perform the base action, or bring about the base state",3.1.25;3.1.26,paYci,1,class_forming_nic_plus_causative_nic_plus_pinned_engine_output,admitted_research_ledger
c52f420675b44901f44a,curadi_true_causative,"द्विणिजन्त (dviṇijanta), true causative of a curādigaṇa base","[""10.0154"", ""meaning-0dfaedb6863c""]",10.0154,tija~,niSAne,निशाने (niśāne),causation,"cause an independent agent to perform the base action, or bring about the base state",3.1.25;3.1.26,teji,1,class_forming_nic_plus_causative_nic_plus_pinned_engine_output,admitted_research_ledger
ce09d39b17662d89edb2,curadi_true_causative,"द्विणिजन्त (dviṇijanta), true causative of a curādigaṇa base","[""10.0155"", ""meaning-b21f3779e95b""]",10.0155,kFta~,saMSabdane,संशब्दने (saṃśabdane),causation,"cause an independent agent to perform the base action, or bring about the base state",3.1.25;3.1.26,kIrti,1,class_forming_nic_plus_causative_nic_plus_pinned_engine_output,admitted_research_ledger
61d1a362afbbc0b2731c,curadi_true_causative,"द्विणिजन्त (dviṇijanta), true causative of a curādigaṇa base","[""10.0156"", ""meaning-c070dfa2517d""]",10.0156,varDa~,Cedane,छेदने (chedane),causation,"cause an independent agent to perform the base action, or bring about the base state",3.1.25;3.1.26,varDi,1,class_forming_nic_plus_causative_nic_plus_pinned_engine_output,admitted_research_ledger
82c43327e6dff4e17dd5,curadi_true_causative,"द्विणिजन्त (dviṇijanta), true causative of a curādigaṇa base","[""10.0156"", ""meaning-d763b2fae9b6""]",10.0156,varDa~,pUraRe,पूरणे (pūraṇe),causation,"cause an independent agent to perform the base action, or bring about the base state",3.1.25;3.1.26,varDi,1,class_forming_nic_plus_causative_nic_plus_pinned_engine_output,admitted_research_ledger
12518fc73d0d89da4e91,curadi_true_causative,"द्विणिजन्त (dviṇijanta), true causative of a curādigaṇa base","[""10.0158"", ""meaning-abda6f362365""]",10.0158,kuBi~,AcCAdane,आच्छादने (ācchādane),causation,"cause an independent agent to perform the base action, or bring about the base state",3.1.25;3.1.26,kumBi,1,class_forming_nic_plus_causative_nic_plus_pinned_engine_output,admitted_research_ledger
841e521613c1c0b8f487,curadi_true_causative,"द्विणिजन्त (dviṇijanta), true causative of a curādigaṇa base","[""10.0159"", ""meaning-31bfd01a5120""]",10.0159,lubi~,adarSane,अदर्शने (adarśane),causation,"cause an independent agent to perform the base action, or bring about the base state",3.1.25;3.1.26,lumbi,1,class_forming_nic_plus_causative_nic_plus_pinned_engine_output,admitted_research_ledger
8ce3b93f9100dae54ee4,curadi_true_causative,"द्विणिजन्त (dviṇijanta), true causative of a curādigaṇa base","[""10.0160"", ""meaning-31bfd01a5120""]",10.0160,tubi~,adarSane,अदर्शने (adarśane),causation,"cause an independent agent to perform the base action, or bring about the base state",3.1.25;3.1.26,tumbi,1,class_forming_nic_plus_causative_nic_plus_pinned_engine_output,admitted_research_ledger
2cb1c15117a3207593a7,curadi_true_causative,"द्विणिजन्त (dviṇijanta), true causative of a curādigaṇa base","[""10.0161"", ""meaning-24b37b2743da""]",10.0161,hlapa~,vyaktAyAM vAci,व्यक्तायां वाचि (vyaktāyāṃ vāci),causation,"cause an independent agent to perform the base action, or bring about the base state",3.1.25;3.1.26,hlApi,1,class_forming_nic_plus_causative_nic_plus_pinned_engine_output,admitted_research_ledger
320acd77c3ccd4ad94a7,curadi_true_causative,"द्विणिजन्त (dviṇijanta), true causative of a curādigaṇa base","[""10.0162"", ""meaning-24b37b2743da""]",10.0162,klapa~,vyaktAyAM vAci,व्यक्तायां वाचि (vyaktāyāṃ vāci),causation,"cause an independent agent to perform the base action, or bring about the base state",3.1.25;3.1.26,klApi,1,class_forming_nic_plus_causative_nic_plus_pinned_engine_output,admitted_research_ledger
9dabf7bc782866a8b9f4,curadi_true_causative,"द्विणिजन्त (dviṇijanta), true causative of a curādigaṇa base","[""10.0163"", ""meaning-24b37b2743da""]",10.0163,hrapa~,vyaktAyAM vAci,व्यक्तायां वाचि (vyaktāyāṃ vāci),causation,"cause an independent agent to perform the base action, or bring about the base state",3.1.25;3.1.26,hrApi,1,class_forming_nic_plus_causative_nic_plus_pinned_engine_output,admitted_research_ledger
b12fbb4f9624884d6d8e,curadi_true_causative,"द्विणिजन्त (dviṇijanta), true causative of a curādigaṇa base","[""10.0164"", ""meaning-c070dfa2517d""]",10.0164,cuwi~,Cedane,छेदने (chedane),causation,"cause an independent agent to perform the base action, or bring about the base state",3.1.25;3.1.26,cuRwi,1,class_forming_nic_plus_causative_nic_plus_pinned_engine_output,admitted_research_ledger
f1e0d4468f37e8d266b2,curadi_true_causative,"द्विणिजन्त (dviṇijanta), true causative of a curādigaṇa base","[""10.0165"", ""meaning-3bf7963ee53c""]",10.0165,brIsa~,hiMsAyAm,हिंसायाम् (hiṃsāyām),causation,"cause an independent agent to perform the base action, or bring about the base state",3.1.25;3.1.26,brIsi,1,class_forming_nic_plus_causative_nic_plus_pinned_engine_output,admitted_research_ledger
14339ac88892f4039130,curadi_true_causative,"द्विणिजन्त (dviṇijanta), true causative of a curādigaṇa base","[""10.0166"", ""meaning-0ce6231987c9""]",10.0166,dahi~,rakzaRe,रक्षणे (rakṣaṇe),causation,"cause an independent agent to perform the base action, or bring about the base state",3.1.25;3.1.26,daMhi,1,class_forming_nic_plus_causative_nic_plus_pinned_engine_output,admitted_research_ledger
c30c7d808f9bd9be3be2,curadi_true_causative,"द्विणिजन्त (dviṇijanta), true causative of a curādigaṇa base","[""10.0166"", ""meaning-e6c1f69b634c""]",10.0166,dahi~,mokzaRe,मोक्षणे (mokṣaṇe),causation,"cause an independent agent to perform the base action, or bring about the base state",3.1.25;3.1.26,daMhi,1,class_forming_nic_plus_causative_nic_plus_pinned_engine_output,admitted_research_ledger
19585e44af807b46965d,curadi_true_causative,"द्विणिजन्त (dviṇijanta), true causative of a curādigaṇa base","[""10.0167"", ""meaning-556802d0e7f6""]",10.0167,ila~,preraRe,प्रेरणे (preraṇe),causation,"cause an independent agent to perform the base action, or bring about the base state",3.1.25;3.1.26,eli,1,class_forming_nic_plus_causative_nic_plus_pinned_engine_output,admitted_research_ledger
4a2a48e9be7a06e38540,curadi_true_causative,"द्विणिजन्त (dviṇijanta), true causative of a curādigaṇa base","[""10.0168"", ""meaning-632596b6d16f""]",10.0168,mrakza~,mlecCane,म्लेच्छने (mlecchane),causation,"cause an independent agent to perform the base action, or bring about the base state",3.1.25;3.1.26,mrakzi,1,class_forming_nic_plus_causative_nic_plus_pinned_engine_output,admitted_research_ledger
84e282ac028f84043182,curadi_true_causative,"द्विणिजन्त (dviṇijanta), true causative of a curādigaṇa base","[""10.0169"", ""meaning-1685c224b9c2""]",10.0169,asta~,saNGAte,सङ्घाते (saṅghāte),causation,"cause an independent agent to perform the base action, or bring about the base state",3.1.25;3.1.26,asti,1,class_forming_nic_plus_causative_nic_plus_pinned_engine_output,admitted_research_ledger
ed4cb6755f9ca8bc7795,curadi_true_causative,"द्विणिजन्त (dviṇijanta), true causative of a curādigaṇa base","[""10.0171"", ""meaning-bebe0cdf773e""]",10.0171,Capi~,gatyAm,गत्याम् (gatyām),causation,"cause an independent agent to perform the base action, or bring about the base state",3.1.25;3.1.26,Campi,1,class_forming_nic_plus_causative_nic_plus_pinned_engine_output,admitted_research_ledger
d5336ca139e883208311,curadi_true_causative,"द्विणिजन्त (dviṇijanta), true causative of a curādigaṇa base","[""10.0172"", ""meaning-3bf7963ee53c""]",10.0172,brUsa~,hiMsAyAm,हिंसायाम् (hiṃsāyām),causation,"cause an independent agent to perform the base action, or bring about the base state",3.1.25;3.1.26,brUsi,1,class_forming_nic_plus_causative_nic_plus_pinned_engine_output,admitted_research_ledger
0a9ee12eda548ab8e8b4,curadi_true_causative,"द्विणिजन्त (dviṇijanta), true causative of a curādigaṇa base","[""10.0173"", ""meaning-3bf7963ee53c""]",10.0173,barha~,hiMsAyAm,हिंसायाम् (hiṃsāyām),causation,"cause an independent agent to perform the base action, or bring about the base state",3.1.25;3.1.26,barhi,1,class_forming_nic_plus_causative_nic_plus_pinned_engine_output,admitted_research_ledger
a5c123cd3a34224b1da0,curadi_true_causative,"द्विणिजन्त (dviṇijanta), true causative of a curādigaṇa base","[""10.0174"", ""meaning-a71280a34aa6""]",10.0174,SraRu~,dAne,दाने (dāne),causation,"cause an independent agent to perform the base action, or bring about the base state",3.1.25;3.1.26,SrARi,1,class_forming_nic_plus_causative_nic_plus_pinned_engine_output,admitted_research_ledger
58c60dcde28546a73bdc,curadi_true_causative,"द्विणिजन्त (dviṇijanta), true causative of a curādigaṇa base","[""10.0175"", ""meaning-85abd1bf967a""]",10.0175,picca~,kuwwane,कुट्टने (kuṭṭane),causation,"cause an independent agent to perform the base action, or bring about the base state",3.1.25;3.1.26,picci,1,class_forming_nic_plus_causative_nic_plus_pinned_engine_output,admitted_research_ledger
b46e14b4a0c7b79e773f,curadi_true_causative,"द्विणिजन्त (dviṇijanta), true causative of a curādigaṇa base","[""10.0176"", ""meaning-e10d81bdde67""]",10.0176,bula~,nimajjane,निमज्जने (nimajjane),causation,"cause an independent agent to perform the base action, or bring about the base state",3.1.25;3.1.26,boli,1,class_forming_nic_plus_causative_nic_plus_pinned_engine_output,admitted_research_ledger
1b56c4d2ae642c725fae,curadi_true_causative,"द्विणिजन्त (dviṇijanta), true causative of a curādigaṇa base","[""10.0179"", ""meaning-6ba2baa67738""]",10.0179,garDa~,aBikANkzAyAm,अभिकाङ्क्षायाम् (abhikāṅkṣāyām),causation,"cause an independent agent to perform the base action, or bring about the base state",3.1.25;3.1.26,garDi,1,class_forming_nic_plus_causative_nic_plus_pinned_engine_output,admitted_research_ledger
962bc66aa2517bb1fed1,curadi_true_causative,"द्विणिजन्त (dviṇijanta), true causative of a curādigaṇa base","[""10.0180"", ""meaning-6c00ddca8a5c""]",10.0180,gurda~,pUrvaniketane,पूर्वनिकेतने (pūrvaniketane),causation,"cause an independent agent to perform the base action, or bring about the base state",3.1.25;3.1.26,gUrdi,1,class_forming_nic_plus_causative_nic_plus_pinned_engine_output,admitted_research_ledger
dd498bba091228796be9,curadi_true_causative,"द्विणिजन्त (dviṇijanta), true causative of a curādigaṇa base","[""10.0181"", ""meaning-7d5a8a506fb0""]",10.0181,pUrva~,niketane,निकेतने (niketane),causation,"cause an independent agent to perform the base action, or bring about the base state",3.1.25;3.1.26,pUrvi,1,class_forming_nic_plus_causative_nic_plus_pinned_engine_output,admitted_research_ledger
e3c8f0dac2b603cf8889,curadi_true_causative,"द्विणिजन्त (dviṇijanta), true causative of a curādigaṇa base","[""10.0182"", ""meaning-0ce6231987c9""]",10.0182,jasi~,rakzaRe,रक्षणे (rakṣaṇe),causation,"cause an independent agent to perform the base action, or bring about the base state",3.1.25;3.1.26,jaMsi,1,class_forming_nic_plus_causative_nic_plus_pinned_engine_output,admitted_research_ledger
a706466316872ac56e31,curadi_true_causative,"द्विणिजन्त (dviṇijanta), true causative of a curādigaṇa base","[""10.0182"", ""meaning-e6c1f69b634c""]",10.0182,jasi~,mokzaRe,मोक्षणे (mokṣaṇe),causation,"cause an independent agent to perform the base action, or bring about the base state",3.1.25;3.1.26,jaMsi,1,class_forming_nic_plus_causative_nic_plus_pinned_engine_output,admitted_research_ledger
03e75c51caa75fa3a412,curadi_true_causative,"द्विणिजन्त (dviṇijanta), true causative of a curādigaṇa base","[""10.0183"", ""meaning-388ca6564d81""]",10.0183,Iqa~,stutO,स्तुतौ (stutau),causation,"cause an independent agent to perform the base action, or bring about the base state",3.1.25;3.1.26,Iqi,1,class_forming_nic_plus_causative_nic_plus_pinned_engine_output,admitted_research_ledger
0435510e8b3bf2ae2134,curadi_true_causative,"द्विणिजन्त (dviṇijanta), true causative of a curādigaṇa base","[""10.0184"", ""meaning-3bf7963ee53c""]",10.0184,jasu~,hiMsAyAm,हिंसायाम् (hiṃsāyām),causation,"cause an independent agent to perform the base action, or bring about the base state",3.1.25;3.1.26,jAsi,1,class_forming_nic_plus_causative_nic_plus_pinned_engine_output,admitted_research_ledger
2933c2fdce05ab32e985,curadi_true_causative,"द्विणिजन्त (dviṇijanta), true causative of a curādigaṇa base","[""10.0185"", ""meaning-1685c224b9c2""]",10.0185,piqi~,saNGAte,सङ्घाते (saṅghāte),causation,"cause an independent agent to perform the base action, or bring about the base state",3.1.25;3.1.26,piRqi,1,class_forming_nic_plus_causative_nic_plus_pinned_engine_output,admitted_research_ledger
6f7784390b16ea8db3a3,curadi_true_causative,"द्विणिजन्त (dviṇijanta), true causative of a curādigaṇa base","[""10.0186"", ""meaning-169a5b3eab06""]",10.0186,parTa~,prakzepe,प्रक्षेपे (prakṣepe),causation,"cause an independent agent to perform the base action, or bring about the base state",3.1.25;3.1.26,parTi,1,class_forming_nic_plus_causative_nic_plus_pinned_engine_output,admitted_research_ledger
943ae7dcb2e54d02235e,curadi_true_causative,"द्विणिजन्त (dviṇijanta), true causative of a curādigaṇa base","[""10.0188"", ""meaning-0ce32571f69b""]",10.0188,ruwa~,roze,रोषे (roṣe),causation,"cause an independent agent to perform the base action, or bring about the base state",3.1.25;3.1.26,rowi,1,class_forming_nic_plus_causative_nic_plus_pinned_engine_output,admitted_research_ledger
7d9e02c95478c2955077,curadi_true_causative,"द्विणिजन्त (dviṇijanta), true causative of a curādigaṇa base","[""10.0192"", ""meaning-917d5fa53ac9""]",10.0192,cita~,saYcetane,सञ्चेतने (sañcetane),causation,"cause an independent agent to perform the base action, or bring about the base state",3.1.25;3.1.26,ceti,1,class_forming_nic_plus_causative_nic_plus_pinned_engine_output,admitted_research_ledger
8aff626f0ab5170d58ee,curadi_true_causative,"द्विणिजन्त (dviṇijanta), true causative of a curādigaṇa base","[""10.0193"", ""meaning-45d2b7e4dad1""]",10.0193,daSi~,daMSane,दंशने (daṃśane),causation,"cause an independent agent to perform the base action, or bring about the base state",3.1.25;3.1.26,daMSi,1,class_forming_nic_plus_causative_nic_plus_pinned_engine_output,admitted_research_ledger
341a06632d042809cffb,curadi_true_causative,"द्विणिजन्त (dviṇijanta), true causative of a curādigaṇa base","[""10.0194"", ""meaning-45d2b7e4dad1""]",10.0194,dasi~,daMSane,दंशने (daṃśane),causation,"cause an independent agent to perform the base action, or bring about the base state",3.1.25;3.1.26,daMsi,1,class_forming_nic_plus_causative_nic_plus_pinned_engine_output,admitted_research_ledger
b12a18b0be88adf5efe1,curadi_true_causative,"द्विणिजन्त (dviṇijanta), true causative of a curādigaṇa base","[""10.0194"", ""meaning-5042ee4bdbe7""]",10.0194,dasi~,darSane,दर्शने (darśane),causation,"cause an independent agent to perform the base action, or bring about the base state",3.1.25;3.1.26,daMsi,1,class_forming_nic_plus_causative_nic_plus_pinned_engine_output,admitted_research_ledger
56803d4f1e91319c713d,curadi_true_causative,"द्विणिजन्त (dviṇijanta), true causative of a curādigaṇa base","[""10.0195"", ""meaning-45d2b7e4dad1""]",10.0195,dasa~,daMSane,दंशने (daṃśane),causation,"cause an independent agent to perform the base action, or bring about the base state",3.1.25;3.1.26,dAsi,1,class_forming_nic_plus_causative_nic_plus_pinned_engine_output,admitted_research_ledger
4942a29f6e0063e3672d,curadi_true_causative,"द्विणिजन्त (dviṇijanta), true causative of a curādigaṇa base","[""10.0195"", ""meaning-5042ee4bdbe7""]",10.0195,dasa~,darSane,दर्शने (darśane),causation,"cause an independent agent to perform the base action, or bring about the base state",3.1.25;3.1.26,dAsi,1,class_forming_nic_plus_causative_nic_plus_pinned_engine_output,admitted_research_ledger
27e17f40c94f188b6f09,curadi_true_causative,"द्विणिजन्त (dviṇijanta), true causative of a curādigaṇa base","[""10.0196"", ""meaning-1685c224b9c2""]",10.0196,qapa~,saNGAte,सङ्घाते (saṅghāte),causation,"cause an independent agent to perform the base action, or bring about the base state",3.1.25;3.1.26,qApi,1,class_forming_nic_plus_causative_nic_plus_pinned_engine_output,admitted_research_ledger
6f35fb42d5683a2a22bb,curadi_true_causative,"द्विणिजन्त (dviṇijanta), true causative of a curādigaṇa base","[""10.0197"", ""meaning-1685c224b9c2""]",10.0197,qipa~,saNGAte,सङ्घाते (saṅghāte),causation,"cause an independent agent to perform the base action, or bring about the base state",3.1.25;3.1.26,qepi,1,class_forming_nic_plus_causative_nic_plus_pinned_engine_output,admitted_research_ledger
c1a6738f7b0e4c304562,curadi_true_causative,"द्विणिजन्त (dviṇijanta), true causative of a curādigaṇa base","[""10.0198"", ""meaning-bc4a053f461d""]",10.0198,tatri~,kuwumbaDAraRe,कुटुम्बधारणे (kuṭumbadhāraṇe),causation,"cause an independent agent to perform the base action, or bring about the base state",3.1.25;3.1.26,tantri,1,class_forming_nic_plus_causative_nic_plus_pinned_engine_output,admitted_research_ledger
594eeacc23315d395718,curadi_true_causative,"द्विणिजन्त (dviṇijanta), true causative of a curādigaṇa base","[""10.0199"", ""meaning-135553d2620f""]",10.0199,matri~,guptapariBAzaRe,गुप्तपरिभाषणे (guptaparibhāṣaṇe),causation,"cause an independent agent to perform the base action, or bring about the base state",3.1.25;3.1.26,mantri,1,class_forming_nic_plus_causative_nic_plus_pinned_engine_output,admitted_research_ledger
8d75ceda80fb33c07eee,curadi_true_causative,"द्विणिजन्त (dviṇijanta), true causative of a curādigaṇa base","[""10.0200"", ""meaning-28f6ffe94fb0""]",10.0200,spaSa~,grahaRe,ग्रहणे (grahaṇe),causation,"cause an independent agent to perform the base action, or bring about the base state",3.1.25;3.1.26,spASi,1,class_forming_nic_plus_causative_nic_plus_pinned_engine_output,admitted_research_ledger
4ce0d18adfc3237429c5,curadi_true_causative,"द्विणिजन्त (dviṇijanta), true causative of a curādigaṇa base","[""10.0200"", ""meaning-e4d9d87d2a5b""]",10.0200,spaSa~,saMSlezaRe,संश्लेषणे (saṃśleṣaṇe),causation,"cause an independent agent to perform the base action, or bring about the base state",3.1.25;3.1.26,spASi,1,class_forming_nic_plus_causative_nic_plus_pinned_engine_output,admitted_research_ledger
c1d00c6e2b3b07024667,curadi_true_causative,"द्विणिजन्त (dviṇijanta), true causative of a curādigaṇa base","[""10.0202"", ""meaning-0d928599a6f6""]",10.0202,Bartsa~,tarjane,तर्जने (tarjane),causation,"cause an independent agent to perform the base action, or bring about the base state",3.1.25;3.1.26,Bartsi,1,class_forming_nic_plus_causative_nic_plus_pinned_engine_output,admitted_research_ledger
56e60d29c5a8065b8501,curadi_true_causative,"द्विणिजन्त (dviṇijanta), true causative of a curādigaṇa base","[""10.0203"", ""meaning-a7c02e4ddde8""]",10.0203,basta~,ardane,अर्दने (ardane),causation,"cause an independent agent to perform the base action, or bring about the base state",3.1.25;3.1.26,basti,1,class_forming_nic_plus_causative_nic_plus_pinned_engine_output,admitted_research_ledger
c295dea1ee8f323038ff,curadi_true_causative,"द्विणिजन्त (dviṇijanta), true causative of a curādigaṇa base","[""10.0204"", ""meaning-a7c02e4ddde8""]",10.0204,ganDa~,ardane,अर्दने (ardane),causation,"cause an independent agent to perform the base action, or bring about the base state",3.1.25;3.1.26,ganDi,1,class_forming_nic_plus_causative_nic_plus_pinned_engine_output,admitted_research_ledger
4dad6bc6627df1f28b6a,curadi_true_causative,"द्विणिजन्त (dviṇijanta), true causative of a curādigaṇa base","[""10.0205"", ""meaning-029b9634ef9c""]",10.0205,kila~,kzepe,क्षेपे (kṣepe),causation,"cause an independent agent to perform the base action, or bring about the base state",3.1.25;3.1.26,keli,1,class_forming_nic_plus_causative_nic_plus_pinned_engine_output,admitted_research_ledger
d8c803a7d437545c19f2,curadi_true_causative,"द्विणिजन्त (dviṇijanta), true causative of a curādigaṇa base","[""10.0206"", ""meaning-029b9634ef9c""]",10.0206,pila~,kzepe,क्षेपे (kṣepe),causation,"cause an independent agent to perform the base action, or bring about the base state",3.1.25;3.1.26,peli,1,class_forming_nic_plus_causative_nic_plus_pinned_engine_output,admitted_research_ledger
3d0c83413555ba814d25,curadi_true_causative,"द्विणिजन्त (dviṇijanta), true causative of a curādigaṇa base","[""10.0207"", ""meaning-3bf7963ee53c""]",10.0207,vizka~,hiMsAyAm,हिंसायाम् (hiṃsāyām),causation,"cause an independent agent to perform the base action, or bring about the base state",3.1.25;3.1.26,vizki,1,class_forming_nic_plus_causative_nic_plus_pinned_engine_output,admitted_research_ledger
597028797d63b5f9bb73,curadi_true_causative,"द्विणिजन्त (dviṇijanta), true causative of a curādigaṇa base","[""10.0208"", ""meaning-3bf7963ee53c""]",10.0208,hizka~,hiMsAyAm,हिंसायाम् (hiṃsāyām),causation,"cause an independent agent to perform the base action, or bring about the base state",3.1.25;3.1.26,hizki,1,class_forming_nic_plus_causative_nic_plus_pinned_engine_output,admitted_research_ledger
0a140a5ee96f8d4d64e4,curadi_true_causative,"द्विणिजन्त (dviṇijanta), true causative of a curādigaṇa base","[""10.0209"", ""meaning-56cad67568a0""]",10.0209,nizka~,parimARe,परिमाणे (parimāṇe),causation,"cause an independent agent to perform the base action, or bring about the base state",3.1.25;3.1.26,nizki,1,class_forming_nic_plus_causative_nic_plus_pinned_engine_output,admitted_research_ledger
a8010eb66b88d09ae154,curadi_true_causative,"द्विणिजन्त (dviṇijanta), true causative of a curādigaṇa base","[""10.0210"", ""meaning-80dbd5e0e060""]",10.0210,lala~,IpsAyAm,ईप्सायाम् (īpsāyām),causation,"cause an independent agent to perform the base action, or bring about the base state",3.1.25;3.1.26,lAli,1,class_forming_nic_plus_causative_nic_plus_pinned_engine_output,admitted_research_ledger
818e04385f6f9b1794f3,curadi_true_causative,"द्विणिजन्त (dviṇijanta), true causative of a curādigaṇa base","[""10.0211"", ""meaning-faacb3ea90c2""]",10.0211,kURa~,saNkoce,सङ्कोचे (saṅkoce),causation,"cause an independent agent to perform the base action, or bring about the base state",3.1.25;3.1.26,kURi,1,class_forming_nic_plus_causative_nic_plus_pinned_engine_output,admitted_research_ledger
d36811fa18b5a22effd2,curadi_true_causative,"द्विणिजन्त (dviṇijanta), true causative of a curādigaṇa base","[""10.0212"", ""meaning-d763b2fae9b6""]",10.0212,tURa~,pUraRe,पूरणे (pūraṇe),causation,"cause an independent agent to perform the base action, or bring about the base state",3.1.25;3.1.26,tURi,1,class_forming_nic_plus_causative_nic_plus_pinned_engine_output,admitted_research_ledger
bdc30d2a4b4bec4ef75d,curadi_true_causative,"द्विणिजन्त (dviṇijanta), true causative of a curādigaṇa base","[""10.0213"", ""meaning-51afe23eacf1""]",10.0213,BrURa~,viSaNkAyAm,विशङ्कायाम् (viśaṅkāyām),causation,"cause an independent agent to perform the base action, or bring about the base state",3.1.25;3.1.26,BrURi,1,class_forming_nic_plus_causative_nic_plus_pinned_engine_output,admitted_research_ledger
a4ec146790783e8b1a4e,curadi_true_causative,"द्विणिजन्त (dviṇijanta), true causative of a curādigaṇa base","[""10.0213"", ""meaning-896b47b19b9e""]",10.0213,BrURa~,ASAyAm,आशायाम् (āśāyām),causation,"cause an independent agent to perform the base action, or bring about the base state",3.1.25;3.1.26,BrURi,1,class_forming_nic_plus_causative_nic_plus_pinned_engine_output,admitted_research_ledger
154a46dd4921e1b7bd85,curadi_true_causative,"द्विणिजन्त (dviṇijanta), true causative of a curādigaṇa base","[""10.0214"", ""meaning-b00073dcdeb8""]",10.0214,SaWa~,SlAGAyAm,श्लाघायाम् (ślāghāyām),causation,"cause an independent agent to perform the base action, or bring about the base state",3.1.25;3.1.26,SAWi,1,class_forming_nic_plus_causative_nic_plus_pinned_engine_output,admitted_research_ledger
6313d4b8e27f51dd0fd6,curadi_true_causative,"द्विणिजन्त (dviṇijanta), true causative of a curādigaṇa base","[""10.0215"", ""meaning-a8644e0580a4""]",10.0215,yakza~,pUjAyAm,पूजायाम् (pūjāyām),causation,"cause an independent agent to perform the base action, or bring about the base state",3.1.25;3.1.26,yakzi,1,class_forming_nic_plus_causative_nic_plus_pinned_engine_output,admitted_research_ledger
3251c7d6e775ddc9d8b4,curadi_true_causative,"द्विणिजन्त (dviṇijanta), true causative of a curādigaṇa base","[""10.0216"", ""meaning-841d3bc58324""]",10.0216,syama~,vitarke,वितर्के (vitarke),causation,"cause an independent agent to perform the base action, or bring about the base state",3.1.25;3.1.26,syAmi,1,class_forming_nic_plus_causative_nic_plus_pinned_engine_output,admitted_research_ledger
e6498b82cb404b06103d,curadi_true_causative,"द्विणिजन्त (dviṇijanta), true causative of a curādigaṇa base","[""10.0217"", ""meaning-f75c00d8c12d""]",10.0217,gUra~,udyamane,उद्यमने (udyamane),causation,"cause an independent agent to perform the base action, or bring about the base state",3.1.25;3.1.26,gUri,1,class_forming_nic_plus_causative_nic_plus_pinned_engine_output,admitted_research_ledger
079b3e9a3b345cd4a4b0,curadi_true_causative,"द्विणिजन्त (dviṇijanta), true causative of a curādigaṇa base","[""10.0218"", ""meaning-7d14392139b1""]",10.0218,Sama~,Alocane,आलोचने (ālocane),causation,"cause an independent agent to perform the base action, or bring about the base state",3.1.25;3.1.26,SAmi,1,class_forming_nic_plus_causative_nic_plus_pinned_engine_output,admitted_research_ledger
910b04d492976aa3688f,curadi_true_causative,"द्विणिजन्त (dviṇijanta), true causative of a curādigaṇa base","[""10.0220"", ""meaning-45083d13a8bf""]",10.0220,kutsa~,avakzepaRe,अवक्षेपणे (avakṣepaṇe),causation,"cause an independent agent to perform the base action, or bring about the base state",3.1.25;3.1.26,kutsi,1,class_forming_nic_plus_causative_nic_plus_pinned_engine_output,admitted_research_ledger
5905eac377f6447cf90c,curadi_true_causative,"द्विणिजन्त (dviṇijanta), true causative of a curādigaṇa base","[""10.0220"", ""meaning-df94dcdbdd1f""]",10.0220,kutsa~,nindane,निन्दने (nindane),causation,"cause an independent agent to perform the base action, or bring about the base state",3.1.25;3.1.26,kutsi,1,class_forming_nic_plus_causative_nic_plus_pinned_engine_output,admitted_research_ledger
0b34715fd83ee93d1e87,curadi_true_causative,"द्विणिजन्त (dviṇijanta), true causative of a curādigaṇa base","[""10.0222"", ""meaning-c070dfa2517d""]",10.0222,kuwa~,Cedane,छेदने (chedane),causation,"cause an independent agent to perform the base action, or bring about the base state",3.1.25;3.1.26,kowi,1,class_forming_nic_plus_causative_nic_plus_pinned_engine_output,admitted_research_ledger
2269794ef498c728424e,curadi_true_causative,"द्विणिजन्त (dviṇijanta), true causative of a curādigaṇa base","[""10.0224"", ""meaning-a3031f133753""]",10.0224,Bala~,ABaRqane,आभण्डने (ābhaṇḍane),causation,"cause an independent agent to perform the base action, or bring about the base state",3.1.25;3.1.26,BAli,1,class_forming_nic_plus_causative_nic_plus_pinned_engine_output,admitted_research_ledger
ed6172daf3eafd07da27,curadi_true_causative,"द्विणिजन्त (dviṇijanta), true causative of a curādigaṇa base","[""10.0225"", ""meaning-7a7231a87885""]",10.0225,kUwa~,avasAdane,अवसादने (avasādane),causation,"cause an independent agent to perform the base action, or bring about the base state",3.1.25;3.1.26,kUwi,1,class_forming_nic_plus_causative_nic_plus_pinned_engine_output,admitted_research_ledger
8eb2ac6f05093928644d,curadi_true_causative,"द्विणिजन्त (dviṇijanta), true causative of a curādigaṇa base","[""10.0225"", ""meaning-d8400192cd86""]",10.0225,kUwa~,ApradAne,आप्रदाने (āpradāne),causation,"cause an independent agent to perform the base action, or bring about the base state",3.1.25;3.1.26,kUwi,1,class_forming_nic_plus_causative_nic_plus_pinned_engine_output,admitted_research_ledger
8ed94f64e00a1e0a881a,curadi_true_causative,"द्विणिजन्त (dviṇijanta), true causative of a curādigaṇa base","[""10.0226"", ""meaning-88c876bac4d5""]",10.0226,kuwwa~,pratApane,प्रतापने (pratāpane),causation,"cause an independent agent to perform the base action, or bring about the base state",3.1.25;3.1.26,kuwwi,1,class_forming_nic_plus_causative_nic_plus_pinned_engine_output,admitted_research_ledger
ad63d939b5a9b97d5cc5,curadi_true_causative,"द्विणिजन्त (dviṇijanta), true causative of a curādigaṇa base","[""10.0227"", ""meaning-ec29c8166eab""]",10.0227,vancu~,pralamBane,प्रलम्भने (pralambhane),causation,"cause an independent agent to perform the base action, or bring about the base state",3.1.25;3.1.26,vaYci,1,class_forming_nic_plus_causative_nic_plus_pinned_engine_output,admitted_research_ledger
d51911fc0316f22417a7,curadi_true_causative,"द्विणिजन्त (dviṇijanta), true causative of a curādigaṇa base","[""10.0228"", ""meaning-4308b7ea00d2""]",10.0228,vfza~,SaktibanDane,शक्तिबन्धने (śaktibandhane),causation,"cause an independent agent to perform the base action, or bring about the base state",3.1.25;3.1.26,varzi,1,class_forming_nic_plus_causative_nic_plus_pinned_engine_output,admitted_research_ledger
1cf2a8b7129a09b0463d,curadi_true_causative,"द्विणिजन्त (dviṇijanta), true causative of a curādigaṇa base","[""10.0229"", ""meaning-2e94d706bc5a""]",10.0229,mada~,tfptiyoge,तृप्तियोगे (tṛptiyoge),causation,"cause an independent agent to perform the base action, or bring about the base state",3.1.25;3.1.26,mAdi,1,class_forming_nic_plus_causative_nic_plus_pinned_engine_output,admitted_research_ledger
ce1cd97b9b7b8a1e6150,curadi_true_causative,"द्विणिजन्त (dviṇijanta), true causative of a curādigaṇa base","[""10.0230"", ""meaning-d2195629b3ae""]",10.0230,divu~,parikUjane,परिकूजने (parikūjane),causation,"cause an independent agent to perform the base action, or bring about the base state",3.1.25;3.1.26,devi,1,class_forming_nic_plus_causative_nic_plus_pinned_engine_output,admitted_research_ledger
9feea3ef3c52ebc1527a,curadi_true_causative,"द्विणिजन्त (dviṇijanta), true causative of a curādigaṇa base","[""10.0231"", ""meaning-29d79ad23cf1""]",10.0231,gf,vijYAne,विज्ञाने (vijñāne),causation,"cause an independent agent to perform the base action, or bring about the base state",3.1.25;3.1.26,gAri,1,class_forming_nic_plus_causative_nic_plus_pinned_engine_output,admitted_research_ledger
91890716462d7e649ed7,curadi_true_causative,"द्विणिजन्त (dviṇijanta), true causative of a curādigaṇa base","[""10.0232"", ""meaning-693173100d63""]",10.0232,vida~,nivAse,निवासे (nivāse),causation,"cause an independent agent to perform the base action, or bring about the base state",3.1.25;3.1.26,vedi,1,class_forming_nic_plus_causative_nic_plus_pinned_engine_output,admitted_research_ledger
b0d501968c795c6bfceb,curadi_true_causative,"द्विणिजन्त (dviṇijanta), true causative of a curādigaṇa base","[""10.0232"", ""meaning-70b17255fdf7""]",10.0232,vida~,cetane,चेतने (cetane),causation,"cause an independent agent to perform the base action, or bring about the base state",3.1.25;3.1.26,vedi,1,class_forming_nic_plus_causative_nic_plus_pinned_engine_output,admitted_research_ledger
14af92adefd46c6cf126,curadi_true_causative,"द्विणिजन्त (dviṇijanta), true causative of a curādigaṇa base","[""10.0232"", ""meaning-91ea2305a048""]",10.0232,vida~,AKyAne,आख्याने (ākhyāne),causation,"cause an independent agent to perform the base action, or bring about the base state",3.1.25;3.1.26,vedi,1,class_forming_nic_plus_causative_nic_plus_pinned_engine_output,admitted_research_ledger
15d3b77dc6cb404e5267,curadi_true_causative,"द्विणिजन्त (dviṇijanta), true causative of a curādigaṇa base","[""10.0233"", ""meaning-9568358ba7dc""]",10.0233,mAna~,stamBe,स्तम्भे (stambhe),causation,"cause an independent agent to perform the base action, or bring about the base state",3.1.25;3.1.26,mAni,1,class_forming_nic_plus_causative_nic_plus_pinned_engine_output,admitted_research_ledger
9f1344ced1dc93d1164a,curadi_true_causative,"द्विणिजन्त (dviṇijanta), true causative of a curādigaṇa base","[""10.0234"", ""meaning-9568358ba7dc""]",10.0234,mana~,stamBe,स्तम्भे (stambhe),causation,"cause an independent agent to perform the base action, or bring about the base state",3.1.25;3.1.26,mAni,1,class_forming_nic_plus_causative_nic_plus_pinned_engine_output,admitted_research_ledger
7b273ebe4f45ca006c03,curadi_true_causative,"द्विणिजन्त (dviṇijanta), true causative of a curādigaṇa base","[""10.0235"", ""meaning-d68b32096b1d""]",10.0235,yu,jugupsAyAm,जुगुप्सायाम् (jugupsāyām),causation,"cause an independent agent to perform the base action, or bring about the base state",3.1.25;3.1.26,yAvi,1,class_forming_nic_plus_causative_nic_plus_pinned_engine_output,admitted_research_ledger
3a24250f4b63a77587c1,curadi_true_causative,"द्विणिजन्त (dviṇijanta), true causative of a curādigaṇa base","[""10.0236"", ""meaning-202c604bfb3d""]",10.0236,kusma~,kutsitasmaye,कुत्सितस्मये (kutsitasmaye),causation,"cause an independent agent to perform the base action, or bring about the base state",3.1.25;3.1.26,kusmi,1,class_forming_nic_plus_causative_nic_plus_pinned_engine_output,admitted_research_ledger
20d6b5c94ae1cf39ddb1,curadi_true_causative,"द्विणिजन्त (dviṇijanta), true causative of a curādigaṇa base","[""10.0237"", ""meaning-7d1ea56b4ecd""]",10.0237,carca~,aDyayane,अध्ययने (adhyayane),causation,"cause an independent agent to perform the base action, or bring about the base state",3.1.25;3.1.26,carci,1,class_forming_nic_plus_causative_nic_plus_pinned_engine_output,admitted_research_ledger
c67d5b6fe5cea5b6d0fe,curadi_true_causative,"द्विणिजन्त (dviṇijanta), true causative of a curādigaṇa base","[""10.0239"", ""meaning-43f953f0956e""]",10.0239,Sabda~,AvizkAre,आविष्कारे (āviṣkāre),causation,"cause an independent agent to perform the base action, or bring about the base state",3.1.25;3.1.26,Sabdi,1,class_forming_nic_plus_causative_nic_plus_pinned_engine_output,admitted_research_ledger
ce1afad594f55afe7823,curadi_true_causative,"द्विणिजन्त (dviṇijanta), true causative of a curādigaṇa base","[""10.0239"", ""meaning-96a4bb068d1c""]",10.0239,Sabda~,BazaRe,भषणे (bhaṣaṇe),causation,"cause an independent agent to perform the base action, or bring about the base state",3.1.25;3.1.26,Sabdi,1,class_forming_nic_plus_causative_nic_plus_pinned_engine_output,admitted_research_ledger
4de7ce51e4708d2ab9a0,curadi_true_causative,"द्विणिजन्त (dviṇijanta), true causative of a curādigaṇa base","[""10.0240"", ""meaning-b69ca1ec0cf6""]",10.0240,kaRa~,nimIlane,निमीलने (nimīlane),causation,"cause an independent agent to perform the base action, or bring about the base state",3.1.25;3.1.26,kARi,1,class_forming_nic_plus_causative_nic_plus_pinned_engine_output,admitted_research_ledger
2834f528d644f9dbcbf2,curadi_true_causative,"द्विणिजन्त (dviṇijanta), true causative of a curādigaṇa base","[""10.0241"", ""meaning-4c7246e8c3c8""]",10.0241,jaBi~,nASane,नाशने (nāśane),causation,"cause an independent agent to perform the base action, or bring about the base state",3.1.25;3.1.26,jamBi,1,class_forming_nic_plus_causative_nic_plus_pinned_engine_output,admitted_research_ledger
bb0de930962ca2b188cd,curadi_true_causative,"द्विणिजन्त (dviṇijanta), true causative of a curādigaṇa base","[""10.0242"", ""meaning-00323a78b7df""]",10.0242,zUda~,ApravaRe,आप्रवणे (āpravaṇe),causation,"cause an independent agent to perform the base action, or bring about the base state",3.1.25;3.1.26,sUdi,1,class_forming_nic_plus_causative_nic_plus_pinned_engine_output,admitted_research_ledger
b9afab3515b08de76492,curadi_true_causative,"द्विणिजन्त (dviṇijanta), true causative of a curādigaṇa base","[""10.0242"", ""meaning-5a185fe0f337""]",10.0242,zUda~,GAte,घाते (ghāte),causation,"cause an independent agent to perform the base action, or bring about the base state",3.1.25;3.1.26,sUdi,1,class_forming_nic_plus_causative_nic_plus_pinned_engine_output,admitted_research_ledger
415f929ea358fcb72131,curadi_true_causative,"द्विणिजन्त (dviṇijanta), true causative of a curādigaṇa base","[""10.0242"", ""meaning-ac19f6d5c506""]",10.0242,zUda~,AsravaRe,आस्रवणे (āsravaṇe),causation,"cause an independent agent to perform the base action, or bring about the base state",3.1.25;3.1.26,sUdi,1,class_forming_nic_plus_causative_nic_plus_pinned_engine_output,admitted_research_ledger
8dd97a26750623a08cfb,curadi_true_causative,"द्विणिजन्त (dviṇijanta), true causative of a curādigaṇa base","[""10.0242"", ""meaning-dd1adc78b9c7""]",10.0242,zUda~,kzaraRe,क्षरणे (kṣaraṇe),causation,"cause an independent agent to perform the base action, or bring about the base state",3.1.25;3.1.26,sUdi,1,class_forming_nic_plus_causative_nic_plus_pinned_engine_output,admitted_research_ledger
0c12577dbbcacc5ec5ad,curadi_true_causative,"द्विणिजन्त (dviṇijanta), true causative of a curādigaṇa base","[""10.0243"", ""meaning-a8c78a0cc5ef""]",10.0243,jasu~,tAqane,ताडने (tāḍane),causation,"cause an independent agent to perform the base action, or bring about the base state",3.1.25;3.1.26,jAsi,1,class_forming_nic_plus_causative_nic_plus_pinned_engine_output,admitted_research_ledger
c7fcda4401491d5d0850,curadi_true_causative,"द्विणिजन्त (dviṇijanta), true causative of a curādigaṇa base","[""10.0244"", ""meaning-8c20facfc0ac""]",10.0244,paSa~,banDane,बन्धने (bandhane),causation,"cause an independent agent to perform the base action, or bring about the base state",3.1.25;3.1.26,pASi,1,class_forming_nic_plus_causative_nic_plus_pinned_engine_output,admitted_research_ledger
f5a78972fff6953071f1,curadi_true_causative,"द्विणिजन्त (dviṇijanta), true causative of a curādigaṇa base","[""10.0245"", ""meaning-6c70da685e63""]",10.0245,ama~,roge,रोगे (roge),causation,"cause an independent agent to perform the base action, or bring about the base state",3.1.25;3.1.26,Ami,1,class_forming_nic_plus_causative_nic_plus_pinned_engine_output,admitted_research_ledger
25e3878ea99bd4595676,curadi_true_causative,"द्विणिजन्त (dviṇijanta), true causative of a curādigaṇa base","[""10.0246"", ""meaning-12d930b48839""]",10.0246,cawa~,Bedane,भेदने (bhedane),causation,"cause an independent agent to perform the base action, or bring about the base state",3.1.25;3.1.26,cAwi,1,class_forming_nic_plus_causative_nic_plus_pinned_engine_output,admitted_research_ledger
97fb3ed05383f48eb6a5,curadi_true_causative,"द्विणिजन्त (dviṇijanta), true causative of a curādigaṇa base","[""10.0247"", ""meaning-12d930b48839""]",10.0247,sPuwa~,Bedane,भेदने (bhedane),causation,"cause an independent agent to perform the base action, or bring about the base state",3.1.25;3.1.26,sPowi,1,class_forming_nic_plus_causative_nic_plus_pinned_engine_output,admitted_research_ledger
8f8afa9cb661e6336b14,curadi_true_causative,"द्विणिजन्त (dviṇijanta), true causative of a curādigaṇa base","[""10.0248"", ""meaning-1685c224b9c2""]",10.0248,Gawa~,saNGAte,सङ्घाते (saṅghāte),causation,"cause an independent agent to perform the base action, or bring about the base state",3.1.25;3.1.26,GAwi,1,class_forming_nic_plus_causative_nic_plus_pinned_engine_output,admitted_research_ledger
8c028aafd293980be62c,curadi_true_causative,"द्विणिजन्त (dviṇijanta), true causative of a curādigaṇa base","[""10.0249"", ""meaning-3d78634f5d6d""]",10.0249,divu~,mardane,मर्दने (mardane),causation,"cause an independent agent to perform the base action, or bring about the base state",3.1.25;3.1.26,devi,1,class_forming_nic_plus_causative_nic_plus_pinned_engine_output,admitted_research_ledger
204155d42467a829954a,curadi_true_causative,"द्विणिजन्त (dviṇijanta), true causative of a curādigaṇa base","[""10.0250"", ""meaning-266df56f138b""]",10.0250,arja~,pratiyatne,प्रतियत्ने (pratiyatne),causation,"cause an independent agent to perform the base action, or bring about the base state",3.1.25;3.1.26,arji,1,class_forming_nic_plus_causative_nic_plus_pinned_engine_output,admitted_research_ledger
17a3eb8627b9e7cdf163,curadi_true_causative,"द्विणिजन्त (dviṇijanta), true causative of a curādigaṇa base","[""10.0251"", ""meaning-1b016eb41ed6""]",10.0251,Guzi~r,viSabdane,विशब्दने (viśabdane),causation,"cause an independent agent to perform the base action, or bring about the base state",3.1.25;3.1.26,Gozi,1,class_forming_nic_plus_causative_nic_plus_pinned_engine_output,admitted_research_ledger
697a6336cd11ea0bd0c0,curadi_true_causative,"द्विणिजन्त (dviṇijanta), true causative of a curādigaṇa base","[""10.0252"", ""meaning-91868dbd1926""]",10.0252,kranda~,sAtatye,सातत्ये (sātatye),causation,"cause an independent agent to perform the base action, or bring about the base state",3.1.25;3.1.26,krandi,1,class_forming_nic_plus_causative_nic_plus_pinned_engine_output,admitted_research_ledger
2cfedc2abcb25d33b9ef,curadi_true_causative,"द्विणिजन्त (dviṇijanta), true causative of a curādigaṇa base","[""10.0253"", ""meaning-6fb719e05d14""]",10.0253,lasa~,Silpayoge,शिल्पयोगे (śilpayoge),causation,"cause an independent agent to perform the base action, or bring about the base state",3.1.25;3.1.26,lAsi,1,class_forming_nic_plus_causative_nic_plus_pinned_engine_output,admitted_research_ledger
57898a288a8c46abd0c5,curadi_true_causative,"द्विणिजन्त (dviṇijanta), true causative of a curādigaṇa base","[""10.0254"", ""meaning-2c16c6e7ad42""]",10.0254,tasi~,alaNkaraRe,अलङ्करणे (alaṅkaraṇe),causation,"cause an independent agent to perform the base action, or bring about the base state",3.1.25;3.1.26,taMsi,1,class_forming_nic_plus_causative_nic_plus_pinned_engine_output,admitted_research_ledger
f429a666c62f994cc27c,curadi_true_causative,"द्विणिजन्त (dviṇijanta), true causative of a curādigaṇa base","[""10.0256"", ""meaning-e14f62215afa""]",10.0256,mokza~,mocane,मोचने (mocane),causation,"cause an independent agent to perform the base action, or bring about the base state",3.1.25;3.1.26,mokzi,1,class_forming_nic_plus_causative_nic_plus_pinned_engine_output,admitted_research_ledger
265445621aa368eed3c7,curadi_true_causative,"द्विणिजन्त (dviṇijanta), true causative of a curādigaṇa base","[""10.0258"", ""meaning-62e5485df2c0""]",10.0258,jYA,niyoge,नियोगे (niyoge),causation,"cause an independent agent to perform the base action, or bring about the base state",3.1.25;3.1.26,jYApi,1,class_forming_nic_plus_causative_nic_plus_pinned_engine_output,admitted_research_ledger
84f06f933c2fe1d19e81,curadi_true_causative,"द्विणिजन्त (dviṇijanta), true causative of a curādigaṇa base","[""10.0259"", ""meaning-37997538f090""]",10.0259,Baja~,viSrARane,विश्राणने (viśrāṇane),causation,"cause an independent agent to perform the base action, or bring about the base state",3.1.25;3.1.26,BAji,1,class_forming_nic_plus_causative_nic_plus_pinned_engine_output,admitted_research_ledger
e8767d19acc88fde9421,curadi_true_causative,"द्विणिजन्त (dviṇijanta), true causative of a curādigaṇa base","[""10.0260"", ""meaning-44d18687435d""]",10.0260,SfDu~,prasahane,प्रसहने (prasahane),causation,"cause an independent agent to perform the base action, or bring about the base state",3.1.25;3.1.26,SarDi,1,class_forming_nic_plus_causative_nic_plus_pinned_engine_output,admitted_research_ledger
19fe47893cd4c8f20c2d,curadi_true_causative,"द्विणिजन्त (dviṇijanta), true causative of a curādigaṇa base","[""10.0260"", ""meaning-9a4c132c6b15""]",10.0260,SfDu~,prahasane,प्रहसने (prahasane),causation,"cause an independent agent to perform the base action, or bring about the base state",3.1.25;3.1.26,SarDi,1,class_forming_nic_plus_causative_nic_plus_pinned_engine_output,admitted_research_ledger
7c33b31d1bfb686a5457,curadi_true_causative,"द्विणिजन्त (dviṇijanta), true causative of a curādigaṇa base","[""10.0261"", ""meaning-a7221fe0d98d""]",10.0261,yata~,upaskAre,उपस्कारे (upaskāre),causation,"cause an independent agent to perform the base action, or bring about the base state",3.1.25;3.1.26,yAti,1,class_forming_nic_plus_causative_nic_plus_pinned_engine_output,admitted_research_ledger
fd2904e36cc7afa219b7,curadi_true_causative,"द्विणिजन्त (dviṇijanta), true causative of a curādigaṇa base","[""10.0261"", ""meaning-cf72fcf28ec5""]",10.0261,yata~,nikAre,निकारे (nikāre),causation,"cause an independent agent to perform the base action, or bring about the base state",3.1.25;3.1.26,yAti,1,class_forming_nic_plus_causative_nic_plus_pinned_engine_output,admitted_research_ledger
343edb4f0bbcbc994668,curadi_true_causative,"द्विणिजन्त (dviṇijanta), true causative of a curādigaṇa base","[""10.0262"", ""meaning-c1e1d650336a""]",10.0262,raka~,AsvAdane,आस्वादने (āsvādane),causation,"cause an independent agent to perform the base action, or bring about the base state",3.1.25;3.1.26,rAki,1,class_forming_nic_plus_causative_nic_plus_pinned_engine_output,admitted_research_ledger
3751a133ae08be51f69b,curadi_true_causative,"द्विणिजन्त (dviṇijanta), true causative of a curādigaṇa base","[""10.0263"", ""meaning-c1e1d650336a""]",10.0263,laga~,AsvAdane,आस्वादने (āsvādane),causation,"cause an independent agent to perform the base action, or bring about the base state",3.1.25;3.1.26,lAgi,1,class_forming_nic_plus_causative_nic_plus_pinned_engine_output,admitted_research_ledger
3eb4056e5d891242c028,curadi_true_causative,"द्विणिजन्त (dviṇijanta), true causative of a curādigaṇa base","[""10.0264"", ""meaning-c1e1d650336a""]",10.0264,raGa~,AsvAdane,आस्वादने (āsvādane),causation,"cause an independent agent to perform the base action, or bring about the base state",3.1.25;3.1.26,rAGi,1,class_forming_nic_plus_causative_nic_plus_pinned_engine_output,admitted_research_ledger
b0a033cb7cb36c4a0e72,curadi_true_causative,"द्विणिजन्त (dviṇijanta), true causative of a curādigaṇa base","[""10.0265"", ""meaning-c1e1d650336a""]",10.0265,raga~,AsvAdane,आस्वादने (āsvādane),causation,"cause an independent agent to perform the base action, or bring about the base state",3.1.25;3.1.26,rAgi,1,class_forming_nic_plus_causative_nic_plus_pinned_engine_output,admitted_research_ledger
dd4c947c5bd638cb2625,curadi_true_causative,"द्विणिजन्त (dviṇijanta), true causative of a curādigaṇa base","[""10.0266"", ""meaning-0b5b260d05a5""]",10.0266,ancu~,viSezaRe,विशेषणे (viśeṣaṇe),causation,"cause an independent agent to perform the base action, or bring about the base state",3.1.25;3.1.26,aYci,1,class_forming_nic_plus_causative_nic_plus_pinned_engine_output,admitted_research_ledger
c3a5bec6830ddd2b14fa,curadi_true_causative,"द्विणिजन्त (dviṇijanta), true causative of a curādigaṇa base","[""10.0267"", ""meaning-e4f08cdd86e6""]",10.0267,ligi~,citrIkaraRe,चित्रीकरणे (citrīkaraṇe),causation,"cause an independent agent to perform the base action, or bring about the base state",3.1.25;3.1.26,liNgi,1,class_forming_nic_plus_causative_nic_plus_pinned_engine_output,admitted_research_ledger
e775a4c3722a329ec883,curadi_true_causative,"द्विणिजन्त (dviṇijanta), true causative of a curādigaṇa base","[""10.0268"", ""meaning-095018db5bb6""]",10.0268,muda~,saMsarge,संसर्गे (saṃsarge),causation,"cause an independent agent to perform the base action, or bring about the base state",3.1.25;3.1.26,modi,1,class_forming_nic_plus_causative_nic_plus_pinned_engine_output,admitted_research_ledger
3b833b31504343efd043,curadi_true_causative,"द्विणिजन्त (dviṇijanta), true causative of a curādigaṇa base","[""10.0269"", ""meaning-28f6ffe94fb0""]",10.0269,trasa~,grahaRe,ग्रहणे (grahaṇe),causation,"cause an independent agent to perform the base action, or bring about the base state",3.1.25;3.1.26,trAsi,1,class_forming_nic_plus_causative_nic_plus_pinned_engine_output,admitted_research_ledger
8437fd5122ce6ce88883,curadi_true_causative,"द्विणिजन्त (dviṇijanta), true causative of a curādigaṇa base","[""10.0269"", ""meaning-9b1cca11bfc6""]",10.0269,trasa~,vAraRe,वारणे (vāraṇe),causation,"cause an independent agent to perform the base action, or bring about the base state",3.1.25;3.1.26,trAsi,1,class_forming_nic_plus_causative_nic_plus_pinned_engine_output,admitted_research_ledger
b89a26bd6bcb4cff9046,curadi_true_causative,"द्विणिजन्त (dviṇijanta), true causative of a curādigaṇa base","[""10.0269"", ""meaning-bb23f8c5982d""]",10.0269,trasa~,DAraRe,धारणे (dhāraṇe),causation,"cause an independent agent to perform the base action, or bring about the base state",3.1.25;3.1.26,trAsi,1,class_forming_nic_plus_causative_nic_plus_pinned_engine_output,admitted_research_ledger
87cb366350a328698c50,curadi_true_causative,"द्विणिजन्त (dviṇijanta), true causative of a curādigaṇa base","[""10.0271"", ""meaning-27632454bb31""]",10.0271,uDrasa~,uYCe,उञ्छे (uñche),causation,"cause an independent agent to perform the base action, or bring about the base state",3.1.25;3.1.26,uDrAsi,1,class_forming_nic_plus_causative_nic_plus_pinned_engine_output,admitted_research_ledger
ffa70c2156353bb31fc6,curadi_true_causative,"द्विणिजन्त (dviṇijanta), true causative of a curādigaṇa base","[""10.0272"", ""meaning-6a0d781831bc""]",10.0272,muca~,pramocane,प्रमोचने (pramocane),causation,"cause an independent agent to perform the base action, or bring about the base state",3.1.25;3.1.26,moci,1,class_forming_nic_plus_causative_nic_plus_pinned_engine_output,admitted_research_ledger
866cdf83081022c660db,curadi_true_causative,"द्विणिजन्त (dviṇijanta), true causative of a curādigaṇa base","[""10.0272"", ""meaning-ae74203a49e4""]",10.0272,muca~,modane,मोदने (modane),causation,"cause an independent agent to perform the base action, or bring about the base state",3.1.25;3.1.26,moci,1,class_forming_nic_plus_causative_nic_plus_pinned_engine_output,admitted_research_ledger
3a122dcf181611844d90,curadi_true_causative,"द्विणिजन्त (dviṇijanta), true causative of a curādigaṇa base","[""10.0273"", ""meaning-8c6231d20ac4""]",10.0273,vasa~,snehane,स्नेहने (snehane),causation,"cause an independent agent to perform the base action, or bring about the base state",3.1.25;3.1.26,vAsi,1,class_forming_nic_plus_causative_nic_plus_pinned_engine_output,admitted_research_ledger
546cb494f0247e365002,curadi_true_causative,"द्विणिजन्त (dviṇijanta), true causative of a curādigaṇa base","[""10.0273"", ""meaning-a5ea25936945""]",10.0273,vasa~,apaharaRe,अपहरणे (apaharaṇe),causation,"cause an independent agent to perform the base action, or bring about the base state",3.1.25;3.1.26,vAsi,1,class_forming_nic_plus_causative_nic_plus_pinned_engine_output,admitted_research_ledger
b94663972bb9d321fcc7,curadi_true_causative,"द्विणिजन्त (dviṇijanta), true causative of a curādigaṇa base","[""10.0273"", ""meaning-c070dfa2517d""]",10.0273,vasa~,Cedane,छेदने (chedane),causation,"cause an independent agent to perform the base action, or bring about the base state",3.1.25;3.1.26,vAsi,1,class_forming_nic_plus_causative_nic_plus_pinned_engine_output,admitted_research_ledger
324ff6efb4d9474740aa,curadi_true_causative,"द्विणिजन्त (dviṇijanta), true causative of a curādigaṇa base","[""10.0274"", ""meaning-f80bddf33be6""]",10.0274,cara~,saMSaye,संशये (saṃśaye),causation,"cause an independent agent to perform the base action, or bring about the base state",3.1.25;3.1.26,cAri,1,class_forming_nic_plus_causative_nic_plus_pinned_engine_output,admitted_research_ledger
a817b51353b7957be82a,curadi_true_causative,"द्विणिजन्त (dviṇijanta), true causative of a curādigaṇa base","[""10.0275"", ""meaning-2c5fa406c2d3""]",10.0275,cyu,sahane,सहने (sahane),causation,"cause an independent agent to perform the base action, or bring about the base state",3.1.25;3.1.26,cyAvi,1,class_forming_nic_plus_causative_nic_plus_pinned_engine_output,admitted_research_ledger
52dea7c1bd82b4d69152,curadi_true_causative,"द्विणिजन्त (dviṇijanta), true causative of a curādigaṇa base","[""10.0275"", ""meaning-dd4a01bcb5d7""]",10.0275,cyu,hasane,हसने (hasane),causation,"cause an independent agent to perform the base action, or bring about the base state",3.1.25;3.1.26,cyAvi,1,class_forming_nic_plus_causative_nic_plus_pinned_engine_output,admitted_research_ledger
38ff891aa255485a7de7,curadi_true_causative,"द्विणिजन्त (dviṇijanta), true causative of a curādigaṇa base","[""10.0276"", ""meaning-2c5fa406c2d3""]",10.0276,cyusa~,sahane,सहने (sahane),causation,"cause an independent agent to perform the base action, or bring about the base state",3.1.25;3.1.26,cyosi,1,class_forming_nic_plus_causative_nic_plus_pinned_engine_output,admitted_research_ledger
060a9e1b1369b1b2325b,curadi_true_causative,"द्विणिजन्त (dviṇijanta), true causative of a curādigaṇa base","[""10.0276"", ""meaning-dd4a01bcb5d7""]",10.0276,cyusa~,hasane,हसने (hasane),causation,"cause an independent agent to perform the base action, or bring about the base state",3.1.25;3.1.26,cyosi,1,class_forming_nic_plus_causative_nic_plus_pinned_engine_output,admitted_research_ledger
644ce42d8e9999f800e9,curadi_true_causative,"द्विणिजन्त (dviṇijanta), true causative of a curādigaṇa base","[""10.0277"", ""meaning-de23b2763dfb""]",10.0277,BU,avakalkane,अवकल्कने (avakalkane),causation,"cause an independent agent to perform the base action, or bring about the base state",3.1.25;3.1.26,BAvi,1,class_forming_nic_plus_causative_nic_plus_pinned_engine_output,admitted_research_ledger
fb6f60bc003a4f4cf32a,curadi_true_causative,"द्विणिजन्त (dviṇijanta), true causative of a curādigaṇa base","[""10.0278"", ""meaning-de23b2763dfb""]",10.0278,kfpa~,avakalkane,अवकल्कने (avakalkane),causation,"cause an independent agent to perform the base action, or bring about the base state",3.1.25;3.1.26,kalpi,1,class_forming_nic_plus_causative_nic_plus_pinned_engine_output,admitted_research_ledger
82790bcfabce89fdd7cc,curadi_true_causative,"द्विणिजन्त (dviṇijanta), true causative of a curādigaṇa base","[""10.0279"", ""meaning-28f6ffe94fb0""]",10.0279,grasa~,grahaRe,ग्रहणे (grahaṇe),causation,"cause an independent agent to perform the base action, or bring about the base state",3.1.25;3.1.26,grAsi,1,class_forming_nic_plus_causative_nic_plus_pinned_engine_output,admitted_research_ledger
794e575a3b561bf8b107,curadi_true_causative,"द्विणिजन्त (dviṇijanta), true causative of a curādigaṇa base","[""10.0280"", ""meaning-bb23f8c5982d""]",10.0280,puza~,DAraRe,धारणे (dhāraṇe),causation,"cause an independent agent to perform the base action, or bring about the base state",3.1.25;3.1.26,pozi,1,class_forming_nic_plus_causative_nic_plus_pinned_engine_output,admitted_research_ledger
8b65594ad4f2ab3b849e,curadi_true_causative,"द्विणिजन्त (dviṇijanta), true causative of a curādigaṇa base","[""10.0281"", ""meaning-5b765df1482e""]",10.0281,dala~,vidAraRe,विदारणे (vidāraṇe),causation,"cause an independent agent to perform the base action, or bring about the base state",3.1.25;3.1.26,dAli,1,class_forming_nic_plus_causative_nic_plus_pinned_engine_output,admitted_research_ledger
c608d0d95ea5d8bd694d,curadi_true_causative,"द्विणिजन्त (dviṇijanta), true causative of a curādigaṇa base","[""10.0282"", ""meaning-ea0ca4b6a28b""]",10.0282,pawa~,BAzAyAm,भाषायाम् (bhāṣāyām),causation,"cause an independent agent to perform the base action, or bring about the base state",3.1.25;3.1.26,pAwi,1,class_forming_nic_plus_causative_nic_plus_pinned_engine_output,admitted_research_ledger
fd5a5ce8eb0878a8fbf9,curadi_true_causative,"द्विणिजन्त (dviṇijanta), true causative of a curādigaṇa base","[""10.0283"", ""meaning-ea0ca4b6a28b""]",10.0283,puwa~,BAzAyAm,भाषायाम् (bhāṣāyām),causation,"cause an independent agent to perform the base action, or bring about the base state",3.1.25;3.1.26,powi,1,class_forming_nic_plus_causative_nic_plus_pinned_engine_output,admitted_research_ledger
c4188feac7b167fa2a88,curadi_true_causative,"द्विणिजन्त (dviṇijanta), true causative of a curādigaṇa base","[""10.0284"", ""meaning-ea0ca4b6a28b""]",10.0284,luwa~,BAzAyAm,भाषायाम् (bhāṣāyām),causation,"cause an independent agent to perform the base action, or bring about the base state",3.1.25;3.1.26,lowi,1,class_forming_nic_plus_causative_nic_plus_pinned_engine_output,admitted_research_ledger
b7c187fb90a2c0691478,curadi_true_causative,"द्विणिजन्त (dviṇijanta), true causative of a curādigaṇa base","[""10.0285"", ""meaning-ea0ca4b6a28b""]",10.0285,tuji~,BAzAyAm,भाषायाम् (bhāṣāyām),causation,"cause an independent agent to perform the base action, or bring about the base state",3.1.25;3.1.26,tuYji,1,class_forming_nic_plus_causative_nic_plus_pinned_engine_output,admitted_research_ledger
2c1bee926ab63a681efb,curadi_true_causative,"द्विणिजन्त (dviṇijanta), true causative of a curādigaṇa base","[""10.0286"", ""meaning-ea0ca4b6a28b""]",10.0286,miji~,BAzAyAm,भाषायाम् (bhāṣāyām),causation,"cause an independent agent to perform the base action, or bring about the base state",3.1.25;3.1.26,miYji,1,class_forming_nic_plus_causative_nic_plus_pinned_engine_output,admitted_research_ledger
cf0091cb60dc1ce5e551,curadi_true_causative,"द्विणिजन्त (dviṇijanta), true causative of a curādigaṇa base","[""10.0287"", ""meaning-ea0ca4b6a28b""]",10.0287,piji~,BAzAyAm,भाषायाम् (bhāṣāyām),causation,"cause an independent agent to perform the base action, or bring about the base state",3.1.25;3.1.26,piYji,1,class_forming_nic_plus_causative_nic_plus_pinned_engine_output,admitted_research_ledger
78a3078eae0c7538b5e4,curadi_true_causative,"द्विणिजन्त (dviṇijanta), true causative of a curādigaṇa base","[""10.0288"", ""meaning-c1e1d650336a""]",10.0288,laka~,AsvAdane,आस्वादने (āsvādane),causation,"cause an independent agent to perform the base action, or bring about the base state",3.1.25;3.1.26,lAki,1,class_forming_nic_plus_causative_nic_plus_pinned_engine_output,admitted_research_ledger
adc102b442b1b5a85cb0,curadi_true_causative,"द्विणिजन्त (dviṇijanta), true causative of a curādigaṇa base","[""10.0289"", ""meaning-ea0ca4b6a28b""]",10.0289,luji~,BAzAyAm,भाषायाम् (bhāṣāyām),causation,"cause an independent agent to perform the base action, or bring about the base state",3.1.25;3.1.26,luYji,1,class_forming_nic_plus_causative_nic_plus_pinned_engine_output,admitted_research_ledger
65bfd38e1845b0c7ce7a,curadi_true_causative,"द्विणिजन्त (dviṇijanta), true causative of a curādigaṇa base","[""10.0290"", ""meaning-ea0ca4b6a28b""]",10.0290,Baji~,BAzAyAm,भाषायाम् (bhāṣāyām),causation,"cause an independent agent to perform the base action, or bring about the base state",3.1.25;3.1.26,BaYji,1,class_forming_nic_plus_causative_nic_plus_pinned_engine_output,admitted_research_ledger
70c697e10e0644c472e4,curadi_true_causative,"द्विणिजन्त (dviṇijanta), true causative of a curādigaṇa base","[""10.0291"", ""meaning-ea0ca4b6a28b""]",10.0291,laGi~,BAzAyAm,भाषायाम् (bhāṣāyām),causation,"cause an independent agent to perform the base action, or bring about the base state",3.1.25;3.1.26,laNGi,1,class_forming_nic_plus_causative_nic_plus_pinned_engine_output,admitted_research_ledger
3b815e8b975a072e42b2,curadi_true_causative,"द्विणिजन्त (dviṇijanta), true causative of a curādigaṇa base","[""10.0292"", ""meaning-ea0ca4b6a28b""]",10.0292,trasi~,BAzAyAm,भाषायाम् (bhāṣāyām),causation,"cause an independent agent to perform the base action, or bring about the base state",3.1.25;3.1.26,traMsi,1,class_forming_nic_plus_causative_nic_plus_pinned_engine_output,admitted_research_ledger
7f0035c3586c2559d635,curadi_true_causative,"द्विणिजन्त (dviṇijanta), true causative of a curādigaṇa base","[""10.0293"", ""meaning-ea0ca4b6a28b""]",10.0293,pisi~,BAzAyAm,भाषायाम् (bhāṣāyām),causation,"cause an independent agent to perform the base action, or bring about the base state",3.1.25;3.1.26,piMsi,1,class_forming_nic_plus_causative_nic_plus_pinned_engine_output,admitted_research_ledger
1067c58897ab4a8e0bbb,curadi_true_causative,"द्विणिजन्त (dviṇijanta), true causative of a curādigaṇa base","[""10.0294"", ""meaning-ea0ca4b6a28b""]",10.0294,kusi~,BAzAyAm,भाषायाम् (bhāṣāyām),causation,"cause an independent agent to perform the base action, or bring about the base state",3.1.25;3.1.26,kuMsi,1,class_forming_nic_plus_causative_nic_plus_pinned_engine_output,admitted_research_ledger
09d3025e601e1ad3fd91,curadi_true_causative,"द्विणिजन्त (dviṇijanta), true causative of a curādigaṇa base","[""10.0295"", ""meaning-ea0ca4b6a28b""]",10.0295,daSi~,BAzAyAm,भाषायाम् (bhāṣāyām),causation,"cause an independent agent to perform the base action, or bring about the base state",3.1.25;3.1.26,daMSi,1,class_forming_nic_plus_causative_nic_plus_pinned_engine_output,admitted_research_ledger
9acba7a2cb28fa47b7c6,curadi_true_causative,"द्विणिजन्त (dviṇijanta), true causative of a curādigaṇa base","[""10.0296"", ""meaning-ea0ca4b6a28b""]",10.0296,kuSi~,BAzAyAm,भाषायाम् (bhāṣāyām),causation,"cause an independent agent to perform the base action, or bring about the base state",3.1.25;3.1.26,kuMSi,1,class_forming_nic_plus_causative_nic_plus_pinned_engine_output,admitted_research_ledger
ffedee22764a89f3651c,curadi_true_causative,"द्विणिजन्त (dviṇijanta), true causative of a curādigaṇa base","[""10.0297"", ""meaning-ea0ca4b6a28b""]",10.0297,Gawa~,BAzAyAm,भाषायाम् (bhāṣāyām),causation,"cause an independent agent to perform the base action, or bring about the base state",3.1.25;3.1.26,GAwi,1,class_forming_nic_plus_causative_nic_plus_pinned_engine_output,admitted_research_ledger
46eb79138f73658989ee,curadi_true_causative,"द्विणिजन्त (dviṇijanta), true causative of a curādigaṇa base","[""10.0298"", ""meaning-ea0ca4b6a28b""]",10.0298,Gawi~,BAzAyAm,भाषायाम् (bhāṣāyām),causation,"cause an independent agent to perform the base action, or bring about the base state",3.1.25;3.1.26,GaRwi,1,class_forming_nic_plus_causative_nic_plus_pinned_engine_output,admitted_research_ledger
3126831c74cd806f3833,curadi_true_causative,"द्विणिजन्त (dviṇijanta), true causative of a curādigaṇa base","[""10.0299"", ""meaning-ea0ca4b6a28b""]",10.0299,bfhi~,BAzAyAm,भाषायाम् (bhāṣāyām),causation,"cause an independent agent to perform the base action, or bring about the base state",3.1.25;3.1.26,bfMhi,1,class_forming_nic_plus_causative_nic_plus_pinned_engine_output,admitted_research_ledger
83b97c3c6009a595ef71,curadi_true_causative,"द्विणिजन्त (dviṇijanta), true causative of a curādigaṇa base","[""10.0300"", ""meaning-ea0ca4b6a28b""]",10.0300,barha~,BAzAyAm,भाषायाम् (bhāṣāyām),causation,"cause an independent agent to perform the base action, or bring about the base state",3.1.25;3.1.26,barhi,1,class_forming_nic_plus_causative_nic_plus_pinned_engine_output,admitted_research_ledger
13982c976d523b12a517,curadi_true_causative,"द्विणिजन्त (dviṇijanta), true causative of a curādigaṇa base","[""10.0301"", ""meaning-ea0ca4b6a28b""]",10.0301,balha~,BAzAyAm,भाषायाम् (bhāṣāyām),causation,"cause an independent agent to perform the base action, or bring about the base state",3.1.25;3.1.26,balhi,1,class_forming_nic_plus_causative_nic_plus_pinned_engine_output,admitted_research_ledger
b87da7e0698236f1852f,curadi_true_causative,"द्विणिजन्त (dviṇijanta), true causative of a curādigaṇa base","[""10.0302"", ""meaning-ea0ca4b6a28b""]",10.0302,gupa~,BAzAyAm,भाषायाम् (bhāṣāyām),causation,"cause an independent agent to perform the base action, or bring about the base state",3.1.25;3.1.26,gopi,1,class_forming_nic_plus_causative_nic_plus_pinned_engine_output,admitted_research_ledger
28dc76d2168fb25a766c,curadi_true_causative,"द्विणिजन्त (dviṇijanta), true causative of a curādigaṇa base","[""10.0303"", ""meaning-ea0ca4b6a28b""]",10.0303,DUpa~,BAzAyAm,भाषायाम् (bhāṣāyām),causation,"cause an independent agent to perform the base action, or bring about the base state",3.1.25;3.1.26,DUpAyi;DUpi,2,class_forming_nic_plus_causative_nic_plus_pinned_engine_output,admitted_research_ledger
85f716a4ce14ddde7d5d,curadi_true_causative,"द्विणिजन्त (dviṇijanta), true causative of a curādigaṇa base","[""10.0304"", ""meaning-ea0ca4b6a28b""]",10.0304,viCa~,BAzAyAm,भाषायाम् (bhāṣāyām),causation,"cause an independent agent to perform the base action, or bring about the base state",3.1.25;3.1.26,vicCAyi;vicCi,2,class_forming_nic_plus_causative_nic_plus_pinned_engine_output,admitted_research_ledger
4fe387b705ce52e8e6db,curadi_true_causative,"द्विणिजन्त (dviṇijanta), true causative of a curādigaṇa base","[""10.0305"", ""meaning-ea0ca4b6a28b""]",10.0305,cIva~,BAzAyAm,भाषायाम् (bhāṣāyām),causation,"cause an independent agent to perform the base action, or bring about the base state",3.1.25;3.1.26,cIvi,1,class_forming_nic_plus_causative_nic_plus_pinned_engine_output,admitted_research_ledger
c3389bcf9b7078db4605,curadi_true_causative,"द्विणिजन्त (dviṇijanta), true causative of a curādigaṇa base","[""10.0306"", ""meaning-ea0ca4b6a28b""]",10.0306,puTa~,BAzAyAm,भाषायाम् (bhāṣāyām),causation,"cause an independent agent to perform the base action, or bring about the base state",3.1.25;3.1.26,poTi,1,class_forming_nic_plus_causative_nic_plus_pinned_engine_output,admitted_research_ledger
20ef75ddde9c70ce45ca,curadi_true_causative,"द्विणिजन्त (dviṇijanta), true causative of a curādigaṇa base","[""10.0307"", ""meaning-ea0ca4b6a28b""]",10.0307,lokf~,BAzAyAm,भाषायाम् (bhāṣāyām),causation,"cause an independent agent to perform the base action, or bring about the base state",3.1.25;3.1.26,loki,1,class_forming_nic_plus_causative_nic_plus_pinned_engine_output,admitted_research_ledger
722ae4f6924176a9e38a,curadi_true_causative,"द्विणिजन्त (dviṇijanta), true causative of a curādigaṇa base","[""10.0308"", ""meaning-ea0ca4b6a28b""]",10.0308,locf~,BAzAyAm,भाषायाम् (bhāṣāyām),causation,"cause an independent agent to perform the base action, or bring about the base state",3.1.25;3.1.26,loci,1,class_forming_nic_plus_causative_nic_plus_pinned_engine_output,admitted_research_ledger
095df7386dcff37fadeb,curadi_true_causative,"द्विणिजन्त (dviṇijanta), true causative of a curādigaṇa base","[""10.0309"", ""meaning-ea0ca4b6a28b""]",10.0309,Rada~,BAzAyAm,भाषायाम् (bhāṣāyām),causation,"cause an independent agent to perform the base action, or bring about the base state",3.1.25;3.1.26,nAdi,1,class_forming_nic_plus_causative_nic_plus_pinned_engine_output,admitted_research_ledger
70fb3624bccad72546ba,curadi_true_causative,"द्विणिजन्त (dviṇijanta), true causative of a curādigaṇa base","[""10.0310"", ""meaning-ea0ca4b6a28b""]",10.0310,kupa~,BAzAyAm,भाषायाम् (bhāṣāyām),causation,"cause an independent agent to perform the base action, or bring about the base state",3.1.25;3.1.26,kopi,1,class_forming_nic_plus_causative_nic_plus_pinned_engine_output,admitted_research_ledger
0ad80766b01e3add1b89,curadi_true_causative,"द्विणिजन्त (dviṇijanta), true causative of a curādigaṇa base","[""10.0311"", ""meaning-ea0ca4b6a28b""]",10.0311,tarka~,BAzAyAm,भाषायाम् (bhāṣāyām),causation,"cause an independent agent to perform the base action, or bring about the base state",3.1.25;3.1.26,tarki,1,class_forming_nic_plus_causative_nic_plus_pinned_engine_output,admitted_research_ledger
7c65ec21d598aaa6a635,curadi_true_causative,"द्विणिजन्त (dviṇijanta), true causative of a curādigaṇa base","[""10.0312"", ""meaning-ea0ca4b6a28b""]",10.0312,vftu~,BAzAyAm,भाषायाम् (bhāṣāyām),causation,"cause an independent agent to perform the base action, or bring about the base state",3.1.25;3.1.26,varti,1,class_forming_nic_plus_causative_nic_plus_pinned_engine_output,admitted_research_ledger
339ec33e6a574a0dc221,curadi_true_causative,"द्विणिजन्त (dviṇijanta), true causative of a curādigaṇa base","[""10.0313"", ""meaning-ea0ca4b6a28b""]",10.0313,vfDu~,BAzAyAm,भाषायाम् (bhāṣāyām),causation,"cause an independent agent to perform the base action, or bring about the base state",3.1.25;3.1.26,varDi,1,class_forming_nic_plus_causative_nic_plus_pinned_engine_output,admitted_research_ledger
d62ec27558931c029062,curadi_true_causative,"द्विणिजन्त (dviṇijanta), true causative of a curādigaṇa base","[""10.0314"", ""meaning-ea0ca4b6a28b""]",10.0314,ruwa~,BAzAyAm,भाषायाम् (bhāṣāyām),causation,"cause an independent agent to perform the base action, or bring about the base state",3.1.25;3.1.26,rowi,1,class_forming_nic_plus_causative_nic_plus_pinned_engine_output,admitted_research_ledger
bb3c4ae1d1f8ce916fba,curadi_true_causative,"द्विणिजन्त (dviṇijanta), true causative of a curādigaṇa base","[""10.0315"", ""meaning-ea0ca4b6a28b""]",10.0315,laji~,BAzAyAm,भाषायाम् (bhāṣāyām),causation,"cause an independent agent to perform the base action, or bring about the base state",3.1.25;3.1.26,laYji,1,class_forming_nic_plus_causative_nic_plus_pinned_engine_output,admitted_research_ledger
28f047a163fccfbf0352,curadi_true_causative,"द्विणिजन्त (dviṇijanta), true causative of a curādigaṇa base","[""10.0316"", ""meaning-ea0ca4b6a28b""]",10.0316,aji~,BAzAyAm,भाषायाम् (bhāṣāyām),causation,"cause an independent agent to perform the base action, or bring about the base state",3.1.25;3.1.26,aYji,1,class_forming_nic_plus_causative_nic_plus_pinned_engine_output,admitted_research_ledger
2a9fa53a71be8e9f2a79,curadi_true_causative,"द्विणिजन्त (dviṇijanta), true causative of a curādigaṇa base","[""10.0317"", ""meaning-ea0ca4b6a28b""]",10.0317,dasi~,BAzAyAm,भाषायाम् (bhāṣāyām),causation,"cause an independent agent to perform the base action, or bring about the base state",3.1.25;3.1.26,daMsi,1,class_forming_nic_plus_causative_nic_plus_pinned_engine_output,admitted_research_ledger
feb7100b20bd0d53e0ad,curadi_true_causative,"द्विणिजन्त (dviṇijanta), true causative of a curādigaṇa base","[""10.0318"", ""meaning-ea0ca4b6a28b""]",10.0318,BfSi~,BAzAyAm,भाषायाम् (bhāṣāyām),causation,"cause an independent agent to perform the base action, or bring about the base state",3.1.25;3.1.26,BfMSi,1,class_forming_nic_plus_causative_nic_plus_pinned_engine_output,admitted_research_ledger
3eca83bf65e3112d8a4c,curadi_true_causative,"द्विणिजन्त (dviṇijanta), true causative of a curādigaṇa base","[""10.0319"", ""meaning-ea0ca4b6a28b""]",10.0319,ruSi~,BAzAyAm,भाषायाम् (bhāṣāyām),causation,"cause an independent agent to perform the base action, or bring about the base state",3.1.25;3.1.26,ruMSi,1,class_forming_nic_plus_causative_nic_plus_pinned_engine_output,admitted_research_ledger
6d578a9eb9a79036758b,curadi_true_causative,"द्विणिजन्त (dviṇijanta), true causative of a curādigaṇa base","[""10.0320"", ""meaning-ea0ca4b6a28b""]",10.0320,SIka~,BAzAyAm,भाषायाम् (bhāṣāyām),causation,"cause an independent agent to perform the base action, or bring about the base state",3.1.25;3.1.26,SIki,1,class_forming_nic_plus_causative_nic_plus_pinned_engine_output,admitted_research_ledger
c84082457fb39f822b62,curadi_true_causative,"द्विणिजन्त (dviṇijanta), true causative of a curādigaṇa base","[""10.0321"", ""meaning-ea0ca4b6a28b""]",10.0321,rusi~,BAzAyAm,भाषायाम् (bhāṣāyām),causation,"cause an independent agent to perform the base action, or bring about the base state",3.1.25;3.1.26,ruMsi,1,class_forming_nic_plus_causative_nic_plus_pinned_engine_output,admitted_research_ledger
615ca388a2874a91fd1c,curadi_true_causative,"द्विणिजन्त (dviṇijanta), true causative of a curādigaṇa base","[""10.0322"", ""meaning-ea0ca4b6a28b""]",10.0322,nawi~,BAzAyAm,भाषायाम् (bhāṣāyām),causation,"cause an independent agent to perform the base action, or bring about the base state",3.1.25;3.1.26,naRwi,1,class_forming_nic_plus_causative_nic_plus_pinned_engine_output,admitted_research_ledger
1789b844a8cf71e11423,curadi_true_causative,"द्विणिजन्त (dviṇijanta), true causative of a curādigaṇa base","[""10.0323"", ""meaning-ea0ca4b6a28b""]",10.0323,puwi~,BAzAyAm,भाषायाम् (bhāṣāyām),causation,"cause an independent agent to perform the base action, or bring about the base state",3.1.25;3.1.26,puRwi,1,class_forming_nic_plus_causative_nic_plus_pinned_engine_output,admitted_research_ledger
27abe33cd367a69f387c,curadi_true_causative,"द्विणिजन्त (dviṇijanta), true causative of a curādigaṇa base","[""10.0324"", ""meaning-ea0ca4b6a28b""]",10.0324,ji,BAzAyAm,भाषायाम् (bhāṣāyām),causation,"cause an independent agent to perform the base action, or bring about the base state",3.1.25;3.1.26,jAyi,1,class_forming_nic_plus_causative_nic_plus_pinned_engine_output,admitted_research_ledger
d785d7baafb29f2ee4e5,curadi_true_causative,"द्विणिजन्त (dviṇijanta), true causative of a curādigaṇa base","[""10.0325"", ""meaning-ea0ca4b6a28b""]",10.0325,ci,BAzAyAm,भाषायाम् (bhāṣāyām),causation,"cause an independent agent to perform the base action, or bring about the base state",3.1.25;3.1.26,cAyi,1,class_forming_nic_plus_causative_nic_plus_pinned_engine_output,admitted_research_ledger
bdadebc458825f05ed75,curadi_true_causative,"द्विणिजन्त (dviṇijanta), true causative of a curādigaṇa base","[""10.0326"", ""meaning-ea0ca4b6a28b""]",10.0326,raDi~,BAzAyAm,भाषायाम् (bhāṣāyām),causation,"cause an independent agent to perform the base action, or bring about the base state",3.1.25;3.1.26,ranDi,1,class_forming_nic_plus_causative_nic_plus_pinned_engine_output,admitted_research_ledger
1f63a22c268cd58b0fda,curadi_true_causative,"द्विणिजन्त (dviṇijanta), true causative of a curādigaṇa base","[""10.0327"", ""meaning-ea0ca4b6a28b""]",10.0327,laGi~,BAzAyAm,भाषायाम् (bhāṣāyām),causation,"cause an independent agent to perform the base action, or bring about the base state",3.1.25;3.1.26,laNGi,1,class_forming_nic_plus_causative_nic_plus_pinned_engine_output,admitted_research_ledger
5893578269965f03b303,curadi_true_causative,"द्विणिजन्त (dviṇijanta), true causative of a curādigaṇa base","[""10.0328"", ""meaning-ea0ca4b6a28b""]",10.0328,ahi~,BAzAyAm,भाषायाम् (bhāṣāyām),causation,"cause an independent agent to perform the base action, or bring about the base state",3.1.25;3.1.26,aMhi,1,class_forming_nic_plus_causative_nic_plus_pinned_engine_output,admitted_research_ledger
09c94249630419d9205d,curadi_true_causative,"द्विणिजन्त (dviṇijanta), true causative of a curādigaṇa base","[""10.0329"", ""meaning-ea0ca4b6a28b""]",10.0329,rahi~,BAzAyAm,भाषायाम् (bhāṣāyām),causation,"cause an independent agent to perform the base action, or bring about the base state",3.1.25;3.1.26,raMhi,1,class_forming_nic_plus_causative_nic_plus_pinned_engine_output,admitted_research_ledger
fdf70b0a811f8c917759,curadi_true_causative,"द्विणिजन्त (dviṇijanta), true causative of a curādigaṇa base","[""10.0330"", ""meaning-ea0ca4b6a28b""]",10.0330,mahi~,BAzAyAm,भाषायाम् (bhāṣāyām),causation,"cause an independent agent to perform the base action, or bring about the base state",3.1.25;3.1.26,maMhi,1,class_forming_nic_plus_causative_nic_plus_pinned_engine_output,admitted_research_ledger
41687c8c70f4f54761e8,curadi_true_causative,"द्विणिजन्त (dviṇijanta), true causative of a curādigaṇa base","[""10.0331"", ""meaning-ea0ca4b6a28b""]",10.0331,laqi~,BAzAyAm,भाषायाम् (bhāṣāyām),causation,"cause an independent agent to perform the base action, or bring about the base state",3.1.25;3.1.26,laRqi,1,class_forming_nic_plus_causative_nic_plus_pinned_engine_output,admitted_research_ledger
a510d3b5eaa1a66f586b,curadi_true_causative,"द्विणिजन्त (dviṇijanta), true causative of a curādigaṇa base","[""10.0332"", ""meaning-ea0ca4b6a28b""]",10.0332,taqa~,BAzAyAm,भाषायाम् (bhāṣāyām),causation,"cause an independent agent to perform the base action, or bring about the base state",3.1.25;3.1.26,tAqi,1,class_forming_nic_plus_causative_nic_plus_pinned_engine_output,admitted_research_ledger
659845c144f6b8c7d44c,curadi_true_causative,"द्विणिजन्त (dviṇijanta), true causative of a curādigaṇa base","[""10.0333"", ""meaning-ea0ca4b6a28b""]",10.0333,nala~,BAzAyAm,भाषायाम् (bhāṣāyām),causation,"cause an independent agent to perform the base action, or bring about the base state",3.1.25;3.1.26,nAli,1,class_forming_nic_plus_causative_nic_plus_pinned_engine_output,admitted_research_ledger
8a17e59572e8d3ff02eb,curadi_true_causative,"द्विणिजन्त (dviṇijanta), true causative of a curādigaṇa base","[""10.0334"", ""meaning-f7e2a350d6b2""]",10.0334,pUrI~,ApyAyane,आप्यायने (āpyāyane),causation,"cause an independent agent to perform the base action, or bring about the base state",3.1.25;3.1.26,pUri,1,class_forming_nic_plus_causative_nic_plus_pinned_engine_output,admitted_research_ledger
1e198761488f825a1950,curadi_true_causative,"द्विणिजन्त (dviṇijanta), true causative of a curādigaṇa base","[""10.0335"", ""meaning-3bf7963ee53c""]",10.0335,ruja~,hiMsAyAm,हिंसायाम् (hiṃsāyām),causation,"cause an independent agent to perform the base action, or bring about the base state",3.1.25;3.1.26,roji,1,class_forming_nic_plus_causative_nic_plus_pinned_engine_output,admitted_research_ledger
2088156cc01a06723cf8,curadi_true_causative,"द्विणिजन्त (dviṇijanta), true causative of a curādigaṇa base","[""10.0336"", ""meaning-c1e1d650336a""]",10.0336,zvada~,AsvAdane,आस्वादने (āsvādane),causation,"cause an independent agent to perform the base action, or bring about the base state",3.1.25;3.1.26,svAdi,1,class_forming_nic_plus_causative_nic_plus_pinned_engine_output,admitted_research_ledger
a4bea153fbf1c5b3b6d0,curadi_true_causative,"द्विणिजन्त (dviṇijanta), true causative of a curādigaṇa base","[""10.0337"", ""meaning-c1e1d650336a""]",10.0337,svAda~,AsvAdane,आस्वादने (āsvādane),causation,"cause an independent agent to perform the base action, or bring about the base state",3.1.25;3.1.26,svAdi,1,class_forming_nic_plus_causative_nic_plus_pinned_engine_output,admitted_research_ledger
99b7efcfc6af7f9714c6,curadi_true_causative,"द्विणिजन्त (dviṇijanta), true causative of a curādigaṇa base","[""10.0338"", ""meaning-b73be7b5e74a""]",10.0338,yu\ja~,saMyamane,संयमने (saṃyamane),causation,"cause an independent agent to perform the base action, or bring about the base state",3.1.25;3.1.26,yoji,1,class_forming_nic_plus_causative_nic_plus_pinned_engine_output,admitted_research_ledger
9691ff4b06aad6dddfe5,curadi_true_causative,"द्विणिजन्त (dviṇijanta), true causative of a curādigaṇa base","[""10.0339"", ""meaning-b73be7b5e74a""]",10.0339,pfca~,saMyamane,संयमने (saṃyamane),causation,"cause an independent agent to perform the base action, or bring about the base state",3.1.25;3.1.26,parci,1,class_forming_nic_plus_causative_nic_plus_pinned_engine_output,admitted_research_ledger
5409987e1ec70c4644fd,curadi_true_causative,"द्विणिजन्त (dviṇijanta), true causative of a curādigaṇa base","[""10.0341"", ""meaning-9a9f74cc2daf""]",10.0341,zaha~,marzaRe,मर्षणे (marṣaṇe),causation,"cause an independent agent to perform the base action, or bring about the base state",3.1.25;3.1.26,sAhi,1,class_forming_nic_plus_causative_nic_plus_pinned_engine_output,admitted_research_ledger
ad92a75474ca0fcc8bb0,curadi_true_causative,"द्विणिजन्त (dviṇijanta), true causative of a curādigaṇa base","[""10.0342"", ""meaning-029b9634ef9c""]",10.0342,Ira~,kzepe,क्षेपे (kṣepe),causation,"cause an independent agent to perform the base action, or bring about the base state",3.1.25;3.1.26,Iri,1,class_forming_nic_plus_causative_nic_plus_pinned_engine_output,admitted_research_ledger
18b753754ee9c689b854,curadi_true_causative,"द्विणिजन्त (dviṇijanta), true causative of a curādigaṇa base","[""10.0343"", ""meaning-cfcfa2ee31b2""]",10.0343,lI,dravIkaraRe,द्रवीकरणे (dravīkaraṇe),causation,"cause an independent agent to perform the base action, or bring about the base state",3.1.25;3.1.26,lAyi,1,class_forming_nic_plus_causative_nic_plus_pinned_engine_output,admitted_research_ledger
c0912a87f603836e0f42,curadi_true_causative,"द्विणिजन्त (dviṇijanta), true causative of a curādigaṇa base","[""10.0345"", ""meaning-75e1514440b6""]",10.0345,vfY,AvaraRe,आवरणे (āvaraṇe),causation,"cause an independent agent to perform the base action, or bring about the base state",3.1.25;3.1.26,vAri,1,class_forming_nic_plus_causative_nic_plus_pinned_engine_output,admitted_research_ledger
2880a3e107aea9108383,curadi_true_causative,"द्विणिजन्त (dviṇijanta), true causative of a curādigaṇa base","[""10.0347"", ""meaning-f4f871269354""]",10.0347,jri\,vayohAnO,वयोहानौ (vayohānau),causation,"cause an independent agent to perform the base action, or bring about the base state",3.1.25;3.1.26,jrAyi,1,class_forming_nic_plus_causative_nic_plus_pinned_engine_output,admitted_research_ledger
628e1e7409c1114ced76,curadi_true_causative,"द्विणिजन्त (dviṇijanta), true causative of a curādigaṇa base","[""10.0348"", ""meaning-16660739c5e3""]",10.0348,ri\ca~,samparcane,सम्पर्चने (samparcane),causation,"cause an independent agent to perform the base action, or bring about the base state",3.1.25;3.1.26,reci,1,class_forming_nic_plus_causative_nic_plus_pinned_engine_output,admitted_research_ledger
d2d13462653d9a49a024,curadi_true_causative,"द्विणिजन्त (dviṇijanta), true causative of a curādigaṇa base","[""10.0348"", ""meaning-609b3ec3e5cc""]",10.0348,ri\ca~,viyojane,वियोजने (viyojane),causation,"cause an independent agent to perform the base action, or bring about the base state",3.1.25;3.1.26,reci,1,class_forming_nic_plus_causative_nic_plus_pinned_engine_output,admitted_research_ledger
c4dda6d27f449930103e,curadi_true_causative,"द्विणिजन्त (dviṇijanta), true causative of a curādigaṇa base","[""10.0349"", ""meaning-769d84391cbc""]",10.0349,Si\za~,asarvopayoge,असर्वोपयोगे (asarvopayoge),causation,"cause an independent agent to perform the base action, or bring about the base state",3.1.25;3.1.26,Sezi,1,class_forming_nic_plus_causative_nic_plus_pinned_engine_output,admitted_research_ledger
f90c997a9bf448bacdba,curadi_true_causative,"द्विणिजन्त (dviṇijanta), true causative of a curādigaṇa base","[""10.0350"", ""meaning-bd0d14a06dd9""]",10.0350,ta\pa~,dAhe,दाहे (dāhe),causation,"cause an independent agent to perform the base action, or bring about the base state",3.1.25;3.1.26,tApi,1,class_forming_nic_plus_causative_nic_plus_pinned_engine_output,admitted_research_ledger
0a52bf874f67cb46b398,curadi_true_causative,"द्विणिजन्त (dviṇijanta), true causative of a curādigaṇa base","[""10.0351"", ""meaning-423c54f111b8""]",10.0351,tfpa~,sandIpane,सन्दीपने (sandīpane),causation,"cause an independent agent to perform the base action, or bring about the base state",3.1.25;3.1.26,tarpi,1,class_forming_nic_plus_causative_nic_plus_pinned_engine_output,admitted_research_ledger
62196f70f95ff85608a1,curadi_true_causative,"द्विणिजन्त (dviṇijanta), true causative of a curādigaṇa base","[""10.0351"", ""meaning-6aee88eda8c6""]",10.0351,tfpa~,prIRane,प्रीणने (prīṇane),causation,"cause an independent agent to perform the base action, or bring about the base state",3.1.25;3.1.26,tarpi,1,class_forming_nic_plus_causative_nic_plus_pinned_engine_output,admitted_research_ledger
45151133db479eda2e93,curadi_true_causative,"द्विणिजन्त (dviṇijanta), true causative of a curādigaṇa base","[""10.0352"", ""meaning-423c54f111b8""]",10.0352,CfdI~,sandIpane,सन्दीपने (sandīpane),causation,"cause an independent agent to perform the base action, or bring about the base state",3.1.25;3.1.26,Cardi,1,class_forming_nic_plus_causative_nic_plus_pinned_engine_output,admitted_research_ledger
5de87464ff7384f8c81a,curadi_true_causative,"द्विणिजन्त (dviṇijanta), true causative of a curādigaṇa base","[""10.0353"", ""meaning-423c54f111b8""]",10.0353,cfpa~,sandIpane,सन्दीपने (sandīpane),causation,"cause an independent agent to perform the base action, or bring about the base state",3.1.25;3.1.26,carpi,1,class_forming_nic_plus_causative_nic_plus_pinned_engine_output,admitted_research_ledger
a6e1cbe57a58f16180a7,curadi_true_causative,"द्विणिजन्त (dviṇijanta), true causative of a curādigaṇa base","[""10.0354"", ""meaning-423c54f111b8""]",10.0354,Cfpa~,sandIpane,सन्दीपने (sandīpane),causation,"cause an independent agent to perform the base action, or bring about the base state",3.1.25;3.1.26,Carpi,1,class_forming_nic_plus_causative_nic_plus_pinned_engine_output,admitted_research_ledger
cb422ee47d2b3b9ed263,curadi_true_causative,"द्विणिजन्त (dviṇijanta), true causative of a curādigaṇa base","[""10.0355"", ""meaning-423c54f111b8""]",10.0355,tfpa~,sandIpane,सन्दीपने (sandīpane),causation,"cause an independent agent to perform the base action, or bring about the base state",3.1.25;3.1.26,tarpi,1,class_forming_nic_plus_causative_nic_plus_pinned_engine_output,admitted_research_ledger
bd90a9ac307feae4c9ba,curadi_true_causative,"द्विणिजन्त (dviṇijanta), true causative of a curādigaṇa base","[""10.0356"", ""meaning-423c54f111b8""]",10.0356,dfpa~,sandIpane,सन्दीपने (sandīpane),causation,"cause an independent agent to perform the base action, or bring about the base state",3.1.25;3.1.26,darpi,1,class_forming_nic_plus_causative_nic_plus_pinned_engine_output,admitted_research_ledger
028629a2841979a87e49,curadi_true_causative,"द्विणिजन्त (dviṇijanta), true causative of a curādigaṇa base","[""10.0357"", ""meaning-9d2ac4ce5ff0""]",10.0357,dfBI~,Baye,भये (bhaye),causation,"cause an independent agent to perform the base action, or bring about the base state",3.1.25;3.1.26,darBi,1,class_forming_nic_plus_causative_nic_plus_pinned_engine_output,admitted_research_ledger
423c9ade7a8ec3eada91,curadi_true_causative,"द्विणिजन्त (dviṇijanta), true causative of a curādigaṇa base","[""10.0358"", ""meaning-9aa28e66196f""]",10.0358,dfBa~,sandarBe,सन्दर्भे (sandarbhe),causation,"cause an independent agent to perform the base action, or bring about the base state",3.1.25;3.1.26,darBi,1,class_forming_nic_plus_causative_nic_plus_pinned_engine_output,admitted_research_ledger
3f3b83ca57aaea0bc609,curadi_true_causative,"द्विणिजन्त (dviṇijanta), true causative of a curādigaṇa base","[""10.0359"", ""meaning-ea0ca4b6a28b""]",10.0359,lawa~,BAzAyAm,भाषायाम् (bhāṣāyām),causation,"cause an independent agent to perform the base action, or bring about the base state",3.1.25;3.1.26,lAwi,1,class_forming_nic_plus_causative_nic_plus_pinned_engine_output,admitted_research_ledger
c816b6b30f46a23912ae,curadi_true_causative,"द्विणिजन्त (dviṇijanta), true causative of a curādigaṇa base","[""10.0360"", ""meaning-71acb423bc7c""]",10.0360,SraTa~,hiMsAyAM,हिंसायां (hiṃsāyāṃ),causation,"cause an independent agent to perform the base action, or bring about the base state",3.1.25;3.1.26,SrATi,1,class_forming_nic_plus_causative_nic_plus_pinned_engine_output,admitted_research_ledger
bfd3867ee2676dbe96b2,curadi_true_causative,"द्विणिजन्त (dviṇijanta), true causative of a curādigaṇa base","[""10.0360"", ""meaning-e6c1f69b634c""]",10.0360,SraTa~,mokzaRe,मोक्षणे (mokṣaṇe),causation,"cause an independent agent to perform the base action, or bring about the base state",3.1.25;3.1.26,SrATi,1,class_forming_nic_plus_causative_nic_plus_pinned_engine_output,admitted_research_ledger
8a58ad421d571748dbe4,curadi_true_causative,"द्विणिजन्त (dviṇijanta), true causative of a curādigaṇa base","[""10.0361"", ""meaning-5fa3d59b62c4""]",10.0361,mI\,gatO,गतौ (gatau),causation,"cause an independent agent to perform the base action, or bring about the base state",3.1.25;3.1.26,mAyi,1,class_forming_nic_plus_causative_nic_plus_pinned_engine_output,admitted_research_ledger
73e8a435fe9171ac418d,curadi_true_causative,"द्विणिजन्त (dviṇijanta), true causative of a curādigaṇa base","[""10.0363"", ""meaning-7e9fb005cd19""]",10.0363,SIka~,AmarzaRe,आमर्षणे (āmarṣaṇe),causation,"cause an independent agent to perform the base action, or bring about the base state",3.1.25;3.1.26,SIki,1,class_forming_nic_plus_causative_nic_plus_pinned_engine_output,admitted_research_ledger
771a4745b7e90993599e,curadi_true_causative,"द्विणिजन्त (dviṇijanta), true causative of a curādigaṇa base","[""10.0364"", ""meaning-7e9fb005cd19""]",10.0364,cIka~,AmarzaRe,आमर्षणे (āmarṣaṇe),causation,"cause an independent agent to perform the base action, or bring about the base state",3.1.25;3.1.26,cIki,1,class_forming_nic_plus_causative_nic_plus_pinned_engine_output,admitted_research_ledger
e3f4b34eb3622bf654ea,curadi_true_causative,"द्विणिजन्त (dviṇijanta), true causative of a curādigaṇa base","[""10.0365"", ""meaning-3bf7963ee53c""]",10.0365,arda~^,hiMsAyAm,हिंसायाम् (hiṃsāyām),causation,"cause an independent agent to perform the base action, or bring about the base state",3.1.25;3.1.26,ardi,1,class_forming_nic_plus_causative_nic_plus_pinned_engine_output,admitted_research_ledger
bbc8cbb91102543c8ad4,curadi_true_causative,"द्विणिजन्त (dviṇijanta), true causative of a curādigaṇa base","[""10.0367"", ""meaning-a8644e0580a4""]",10.0367,arha~,pUjAyAm,पूजायाम् (pūjāyām),causation,"cause an independent agent to perform the base action, or bring about the base state",3.1.25;3.1.26,arhi,1,class_forming_nic_plus_causative_nic_plus_pinned_engine_output,admitted_research_ledger
8d21c81ea7b70ed6087e,curadi_true_causative,"द्विणिजन्त (dviṇijanta), true causative of a curādigaṇa base","[""10.0368"", ""meaning-5fa3d59b62c4""]",10.0368,za\da~,gatO,गतौ (gatau),causation,"cause an independent agent to perform the base action, or bring about the base state",3.1.25;3.1.26,AsAdi,1,class_forming_nic_plus_causative_nic_plus_pinned_engine_output,admitted_research_ledger
ffdafb21fbfbaa5985c0,curadi_true_causative,"द्विणिजन्त (dviṇijanta), true causative of a curādigaṇa base","[""10.0369"", ""meaning-37bf2b36570a""]",10.0369,SunDa~,SOcakarmaRi,शौचकर्मणि (śaucakarmaṇi),causation,"cause an independent agent to perform the base action, or bring about the base state",3.1.25;3.1.26,SunDi,1,class_forming_nic_plus_causative_nic_plus_pinned_engine_output,admitted_research_ledger
4fb2bb2d3669fffeb6e2,curadi_true_causative,"द्विणिजन्त (dviṇijanta), true causative of a curādigaṇa base","[""10.0370"", ""meaning-456b48da5b7f""]",10.0370,Cada~,apavAraRe,अपवारणे (apavāraṇe),causation,"cause an independent agent to perform the base action, or bring about the base state",3.1.25;3.1.26,CAdi,1,class_forming_nic_plus_causative_nic_plus_pinned_engine_output,admitted_research_ledger
25f448e395ebf351ee13,curadi_true_causative,"द्विणिजन्त (dviṇijanta), true causative of a curādigaṇa base","[""10.0371"", ""meaning-8aa2d8befdbd""]",10.0371,juza~,paritarpaRe,परितर्पणे (paritarpaṇe),causation,"cause an independent agent to perform the base action, or bring about the base state",3.1.25;3.1.26,jozi,1,class_forming_nic_plus_causative_nic_plus_pinned_engine_output,admitted_research_ledger
c670bc0d56dedb6c0d28,curadi_true_causative,"द्विणिजन्त (dviṇijanta), true causative of a curādigaṇa base","[""10.0371"", ""meaning-c173e33f8057""]",10.0371,juza~,paritarkaRe,परितर्कणे (paritarkaṇe),causation,"cause an independent agent to perform the base action, or bring about the base state",3.1.25;3.1.26,jozi,1,class_forming_nic_plus_causative_nic_plus_pinned_engine_output,admitted_research_ledger
4b8deda96be95b374256,curadi_true_causative,"द्विणिजन्त (dviṇijanta), true causative of a curādigaṇa base","[""10.0373"", ""meaning-7ba414f5e3c0""]",10.0373,prIY,kAntO,कान्तौ (kāntau),causation,"cause an independent agent to perform the base action, or bring about the base state",3.1.25;3.1.26,prAyi;prIRi,2,class_forming_nic_plus_causative_nic_plus_pinned_engine_output,admitted_research_ledger
7a054faee04cf2af023b,curadi_true_causative,"द्विणिजन्त (dviṇijanta), true causative of a curādigaṇa base","[""10.0373"", ""meaning-f4e1fb6b01ff""]",10.0373,prIY,tarpaRe,तर्पणे (tarpaṇe),causation,"cause an independent agent to perform the base action, or bring about the base state",3.1.25;3.1.26,prAyi;prIRi,2,class_forming_nic_plus_causative_nic_plus_pinned_engine_output,admitted_research_ledger
62c72a691e4698ccc2b4,curadi_true_causative,"द्विणिजन्त (dviṇijanta), true causative of a curādigaṇa base","[""10.0376"", ""meaning-d82c7cb8502c""]",10.0376,Apx~,lamBane,लम्भने (lambhane),causation,"cause an independent agent to perform the base action, or bring about the base state",3.1.25;3.1.26,Api,1,class_forming_nic_plus_causative_nic_plus_pinned_engine_output,admitted_research_ledger
ed28da0ce429af77b43e,curadi_true_causative,"द्विणिजन्त (dviṇijanta), true causative of a curādigaṇa base","[""10.0377"", ""meaning-0296b1b2fc41""]",10.0377,tanu~,upakaraRe,उपकरणे (upakaraṇe),causation,"cause an independent agent to perform the base action, or bring about the base state",3.1.25;3.1.26,tAni,1,class_forming_nic_plus_causative_nic_plus_pinned_engine_output,admitted_research_ledger
e7039d47985c6c9365f9,curadi_true_causative,"द्विणिजन्त (dviṇijanta), true causative of a curādigaṇa base","[""10.0377"", ""meaning-fa515f1aec01""]",10.0377,tanu~,SradDAyAm,श्रद्धायाम् (śraddhāyām),causation,"cause an independent agent to perform the base action, or bring about the base state",3.1.25;3.1.26,tAni,1,class_forming_nic_plus_causative_nic_plus_pinned_engine_output,admitted_research_ledger
e767ed097ad6ed6c71ae,curadi_true_causative,"द्विणिजन्त (dviṇijanta), true causative of a curādigaṇa base","[""10.0378"", ""meaning-06206738193e""]",10.0378,cana~,upahanane,उपहनने (upahanane),causation,"cause an independent agent to perform the base action, or bring about the base state",3.1.25;3.1.26,cAni,1,class_forming_nic_plus_causative_nic_plus_pinned_engine_output,admitted_research_ledger
18926a8f7ca224bb3e12,curadi_true_causative,"द्विणिजन्त (dviṇijanta), true causative of a curādigaṇa base","[""10.0378"", ""meaning-fa515f1aec01""]",10.0378,cana~,SradDAyAm,श्रद्धायाम् (śraddhāyām),causation,"cause an independent agent to perform the base action, or bring about the base state",3.1.25;3.1.26,cAni,1,class_forming_nic_plus_causative_nic_plus_pinned_engine_output,admitted_research_ledger
7dfd5cf38c574605398b,curadi_true_causative,"द्विणिजन्त (dviṇijanta), true causative of a curādigaṇa base","[""10.0379"", ""meaning-6780f41decac""]",10.0379,vada~^,sandeSavacane,सन्देशवचने (sandeśavacane),causation,"cause an independent agent to perform the base action, or bring about the base state",3.1.25;3.1.26,vAdi,1,class_forming_nic_plus_causative_nic_plus_pinned_engine_output,admitted_research_ledger
1bc50dd81f3400a2ac9e,curadi_true_causative,"द्विणिजन्त (dviṇijanta), true causative of a curādigaṇa base","[""10.0381"", ""meaning-a8644e0580a4""]",10.0381,mAna~,pUjAyAm,पूजायाम् (pūjāyām),causation,"cause an independent agent to perform the base action, or bring about the base state",3.1.25;3.1.26,mAni,1,class_forming_nic_plus_causative_nic_plus_pinned_engine_output,admitted_research_ledger
9803bba21fbe2d4d44cb,curadi_true_causative,"द्विणिजन्त (dviṇijanta), true causative of a curādigaṇa base","[""10.0382"", ""meaning-8623ae1c435c""]",10.0382,BU,prAptO,प्राप्तौ (prāptau),causation,"cause an independent agent to perform the base action, or bring about the base state",3.1.25;3.1.26,BAvi,1,class_forming_nic_plus_causative_nic_plus_pinned_engine_output,admitted_research_ledger
42064d47bf6aa681f980,curadi_true_causative,"द्विणिजन्त (dviṇijanta), true causative of a curādigaṇa base","[""10.0383"", ""meaning-585e89218f8f""]",10.0383,garha~,vinindane,विनिन्दने (vinindane),causation,"cause an independent agent to perform the base action, or bring about the base state",3.1.25;3.1.26,garhi,1,class_forming_nic_plus_causative_nic_plus_pinned_engine_output,admitted_research_ledger
139291c2bd2a91f9dc72,curadi_true_causative,"द्विणिजन्त (dviṇijanta), true causative of a curādigaṇa base","[""10.0384"", ""meaning-377dc9a3857c""]",10.0384,mArga~,anvezaRe,अन्वेषणे (anveṣaṇe),causation,"cause an independent agent to perform the base action, or bring about the base state",3.1.25;3.1.26,mArgi,1,class_forming_nic_plus_causative_nic_plus_pinned_engine_output,admitted_research_ledger
f73c4eea7f1d79d5ba3d,curadi_true_causative,"द्विणिजन्त (dviṇijanta), true causative of a curādigaṇa base","[""10.0385"", ""meaning-3cfd754b3668""]",10.0385,kaWi~,Soke,शोके (śoke),causation,"cause an independent agent to perform the base action, or bring about the base state",3.1.25;3.1.26,kaRWi,1,class_forming_nic_plus_causative_nic_plus_pinned_engine_output,admitted_research_ledger
d78057227e00a55df02c,curadi_true_causative,"द्विणिजन्त (dviṇijanta), true causative of a curādigaṇa base","[""10.0386"", ""meaning-6f44f5f69133""]",10.0386,mfjU~,alaNkAre,अलङ्कारे (alaṅkāre),causation,"cause an independent agent to perform the base action, or bring about the base state",3.1.25;3.1.26,mArji,1,class_forming_nic_plus_causative_nic_plus_pinned_engine_output,admitted_research_ledger
caab3cc043f62bd9783c,curadi_true_causative,"द्विणिजन्त (dviṇijanta), true causative of a curādigaṇa base","[""10.0388"", ""meaning-44d18687435d""]",10.0388,Dfza~,prasahane,प्रसहने (prasahane),causation,"cause an independent agent to perform the base action, or bring about the base state",3.1.25;3.1.26,Darzi,1,class_forming_nic_plus_causative_nic_plus_pinned_engine_output,admitted_research_ledger
cd5f7d107ba9a54356b5,curadi_true_causative,"द्विणिजन्त (dviṇijanta), true causative of a curādigaṇa base","[""10.0389"", ""meaning-3d227f7ef282""]",10.0389,kaTa,vAkyaprabanDe,वाक्यप्रबन्धे (vākyaprabandhe),causation,"cause an independent agent to perform the base action, or bring about the base state",3.1.25;3.1.26,kaTi,1,class_forming_nic_plus_causative_nic_plus_pinned_engine_output,admitted_research_ledger
db60c2a9deaed9e2b9f9,curadi_true_causative,"द्विणिजन्त (dviṇijanta), true causative of a curādigaṇa base","[""10.0390"", ""meaning-80dbd5e0e060""]",10.0390,vara,IpsAyAm,ईप्सायाम् (īpsāyām),causation,"cause an independent agent to perform the base action, or bring about the base state",3.1.25;3.1.26,vari,1,class_forming_nic_plus_causative_nic_plus_pinned_engine_output,admitted_research_ledger
aa873da3d1395a49f0f0,curadi_true_causative,"द्विणिजन्त (dviṇijanta), true causative of a curādigaṇa base","[""10.0391"", ""meaning-40fb4852c7e6""]",10.0391,gaRa,saNKyAne,सङ्ख्याने (saṅkhyāne),causation,"cause an independent agent to perform the base action, or bring about the base state",3.1.25;3.1.26,gaRi,1,class_forming_nic_plus_causative_nic_plus_pinned_engine_output,admitted_research_ledger
ae0d5cf29b79ffb84fd2,curadi_true_causative,"द्विणिजन्त (dviṇijanta), true causative of a curādigaṇa base","[""10.0392"", ""meaning-0beca42a06a6""]",10.0392,SaWa,samyagavaBAzaRe,सम्यगवभाषणे (samyagavabhāṣaṇe),causation,"cause an independent agent to perform the base action, or bring about the base state",3.1.25;3.1.26,SaWi,1,class_forming_nic_plus_causative_nic_plus_pinned_engine_output,admitted_research_ledger
15b56efad87429b8d5c5,curadi_true_causative,"द्विणिजन्त (dviṇijanta), true causative of a curādigaṇa base","[""10.0393"", ""meaning-0beca42a06a6""]",10.0393,SvaWa,samyagavaBAzaRe,सम्यगवभाषणे (samyagavabhāṣaṇe),causation,"cause an independent agent to perform the base action, or bring about the base state",3.1.25;3.1.26,SvaWi,1,class_forming_nic_plus_causative_nic_plus_pinned_engine_output,admitted_research_ledger
4799734e0509f50c3ff9,curadi_true_causative,"द्विणिजन्त (dviṇijanta), true causative of a curādigaṇa base","[""10.0394"", ""meaning-8d05d3af63ff""]",10.0394,paWa,vezwane,वेष्टने (veṣṭane),causation,"cause an independent agent to perform the base action, or bring about the base state",3.1.25;3.1.26,paWi,1,class_forming_nic_plus_causative_nic_plus_pinned_engine_output,admitted_research_ledger
8cef3d310515835a6815,curadi_true_causative,"द्विणिजन्त (dviṇijanta), true causative of a curādigaṇa base","[""10.0394"", ""meaning-b687ba9bbadc""]",10.0394,paWa,granTe,ग्रन्थे (granthe),causation,"cause an independent agent to perform the base action, or bring about the base state",3.1.25;3.1.26,paWi,1,class_forming_nic_plus_causative_nic_plus_pinned_engine_output,admitted_research_ledger
bd127a325e41da1a3fdc,curadi_true_causative,"द्विणिजन्त (dviṇijanta), true causative of a curādigaṇa base","[""10.0395"", ""meaning-b687ba9bbadc""]",10.0395,vaWa,granTe,ग्रन्थे (granthe),causation,"cause an independent agent to perform the base action, or bring about the base state",3.1.25;3.1.26,vaWi,1,class_forming_nic_plus_causative_nic_plus_pinned_engine_output,admitted_research_ledger
34c7f6bcb484a1b43fb5,curadi_true_causative,"द्विणिजन्त (dviṇijanta), true causative of a curādigaṇa base","[""10.0396"", ""meaning-7c4ba67b4987""]",10.0396,raha,tyAge,त्यागे (tyāge),causation,"cause an independent agent to perform the base action, or bring about the base state",3.1.25;3.1.26,rahi,1,class_forming_nic_plus_causative_nic_plus_pinned_engine_output,admitted_research_ledger
3918f869fb6823c0d2ff,curadi_true_causative,"द्विणिजन्त (dviṇijanta), true causative of a curādigaṇa base","[""10.0397"", ""meaning-5fa3d59b62c4""]",10.0397,raNga~,gatO,गतौ (gatau),causation,"cause an independent agent to perform the base action, or bring about the base state",3.1.25;3.1.26,raNgi,1,class_forming_nic_plus_causative_nic_plus_pinned_engine_output,admitted_research_ledger
e98141713dc1164cd41c,curadi_true_causative,"द्विणिजन्त (dviṇijanta), true causative of a curādigaṇa base","[""10.0398"", ""meaning-4ca67caaf1fa""]",10.0398,stana,devaSabde,देवशब्दे (devaśabde),causation,"cause an independent agent to perform the base action, or bring about the base state",3.1.25;3.1.26,stani,1,class_forming_nic_plus_causative_nic_plus_pinned_engine_output,admitted_research_ledger
527afdf76fe7e73ed8c2,curadi_true_causative,"द्विणिजन्त (dviṇijanta), true causative of a curādigaṇa base","[""10.0399"", ""meaning-4ca67caaf1fa""]",10.0399,gada,devaSabde,देवशब्दे (devaśabde),causation,"cause an independent agent to perform the base action, or bring about the base state",3.1.25;3.1.26,gadi,1,class_forming_nic_plus_causative_nic_plus_pinned_engine_output,admitted_research_ledger
aa66a74a5d5f201f12ed,curadi_true_causative,"द्विणिजन्त (dviṇijanta), true causative of a curādigaṇa base","[""10.0400"", ""meaning-5fa3d59b62c4""]",10.0400,pata,gatO,गतौ (gatau),causation,"cause an independent agent to perform the base action, or bring about the base state",3.1.25;3.1.26,pAti;pati,2,class_forming_nic_plus_causative_nic_plus_pinned_engine_output,admitted_research_ledger
4ee656e64dd8d187f521,curadi_true_causative,"द्विणिजन्त (dviṇijanta), true causative of a curādigaṇa base","[""10.0401"", ""meaning-5fa3d59b62c4""]",10.0401,paza,gatO,गतौ (gatau),causation,"cause an independent agent to perform the base action, or bring about the base state",3.1.25;3.1.26,pazi,1,class_forming_nic_plus_causative_nic_plus_pinned_engine_output,admitted_research_ledger
abf47192d1fa05269290,curadi_true_causative,"द्विणिजन्त (dviṇijanta), true causative of a curādigaṇa base","[""10.0402"", ""meaning-4258b7ef0143""]",10.0402,svara,Akzepe,आक्षेपे (ākṣepe),causation,"cause an independent agent to perform the base action, or bring about the base state",3.1.25;3.1.26,svari,1,class_forming_nic_plus_causative_nic_plus_pinned_engine_output,admitted_research_ledger
746f69d597a9d8da37bb,curadi_true_causative,"द्विणिजन्त (dviṇijanta), true causative of a curādigaṇa base","[""10.0403"", ""meaning-266df56f138b""]",10.0403,raca,pratiyatne,प्रतियत्ने (pratiyatne),causation,"cause an independent agent to perform the base action, or bring about the base state",3.1.25;3.1.26,raci,1,class_forming_nic_plus_causative_nic_plus_pinned_engine_output,admitted_research_ledger
0844b7df59ed33b245bd,curadi_true_causative,"द्विणिजन्त (dviṇijanta), true causative of a curādigaṇa base","[""10.0404"", ""meaning-40fb4852c7e6""]",10.0404,kala,saNKyAne,सङ्ख्याने (saṅkhyāne),causation,"cause an independent agent to perform the base action, or bring about the base state",3.1.25;3.1.26,kali,1,class_forming_nic_plus_causative_nic_plus_pinned_engine_output,admitted_research_ledger
9d09516f95bf20b494bb,curadi_true_causative,"द्विणिजन्त (dviṇijanta), true causative of a curādigaṇa base","[""10.0404"", ""meaning-5fa3d59b62c4""]",10.0404,kala,gatO,गतौ (gatau),causation,"cause an independent agent to perform the base action, or bring about the base state",3.1.25;3.1.26,kali,1,class_forming_nic_plus_causative_nic_plus_pinned_engine_output,admitted_research_ledger
ce31a0a5b62718c14d17,curadi_true_causative,"द्विणिजन्त (dviṇijanta), true causative of a curādigaṇa base","[""10.0405"", ""meaning-be5b199a79af""]",10.0405,caha,parikalkane,परिकल्कने (parikalkane),causation,"cause an independent agent to perform the base action, or bring about the base state",3.1.25;3.1.26,cahi,1,class_forming_nic_plus_causative_nic_plus_pinned_engine_output,admitted_research_ledger
e0304db0f89cf1e4e072,curadi_true_causative,"द्विणिजन्त (dviṇijanta), true causative of a curādigaṇa base","[""10.0406"", ""meaning-a8644e0580a4""]",10.0406,maha,pUjAyAm,पूजायाम् (pūjāyām),causation,"cause an independent agent to perform the base action, or bring about the base state",3.1.25;3.1.26,mahi,1,class_forming_nic_plus_causative_nic_plus_pinned_engine_output,admitted_research_ledger
7babc80188b1eb1635db,curadi_true_causative,"द्विणिजन्त (dviṇijanta), true causative of a curādigaṇa base","[""10.0407"", ""meaning-26c2ff3c1448""]",10.0407,sAra,dOrbalye,दौर्बल्ये (daurbalye),causation,"cause an independent agent to perform the base action, or bring about the base state",3.1.25;3.1.26,sAri,1,class_forming_nic_plus_causative_nic_plus_pinned_engine_output,admitted_research_ledger
844bd6222cfc9d249aa6,curadi_true_causative,"द्विणिजन्त (dviṇijanta), true causative of a curādigaṇa base","[""10.0408"", ""meaning-26c2ff3c1448""]",10.0408,kfpa,dOrbalye,दौर्बल्ये (daurbalye),causation,"cause an independent agent to perform the base action, or bring about the base state",3.1.25;3.1.26,kfpi,1,class_forming_nic_plus_causative_nic_plus_pinned_engine_output,admitted_research_ledger
d61903bac8e7a34b618c,curadi_true_causative,"द्विणिजन्त (dviṇijanta), true causative of a curādigaṇa base","[""10.0409"", ""meaning-26c2ff3c1448""]",10.0409,SraTa,dOrbalye,दौर्बल्ये (daurbalye),causation,"cause an independent agent to perform the base action, or bring about the base state",3.1.25;3.1.26,SraTi,1,class_forming_nic_plus_causative_nic_plus_pinned_engine_output,admitted_research_ledger
57dd94b5519139a1dc19,curadi_true_causative,"द्विणिजन्त (dviṇijanta), true causative of a curādigaṇa base","[""10.0410"", ""meaning-80dbd5e0e060""]",10.0410,spfha,IpsAyAm,ईप्सायाम् (īpsāyām),causation,"cause an independent agent to perform the base action, or bring about the base state",3.1.25;3.1.26,spfhi,1,class_forming_nic_plus_causative_nic_plus_pinned_engine_output,admitted_research_ledger
7e57d7cc34f84931da8a,curadi_true_causative,"द्विणिजन्त (dviṇijanta), true causative of a curādigaṇa base","[""10.0411"", ""meaning-8c45333a5370""]",10.0411,BAma,kroDe,क्रोधे (krodhe),causation,"cause an independent agent to perform the base action, or bring about the base state",3.1.25;3.1.26,BAmi,1,class_forming_nic_plus_causative_nic_plus_pinned_engine_output,admitted_research_ledger
ab3ea292e731c7db1ffa,curadi_true_causative,"द्विणिजन्त (dviṇijanta), true causative of a curādigaṇa base","[""10.0412"", ""meaning-565d07220b44""]",10.0412,sUca,pESunye,पैशुन्ये (paiśunye),causation,"cause an independent agent to perform the base action, or bring about the base state",3.1.25;3.1.26,sUci,1,class_forming_nic_plus_causative_nic_plus_pinned_engine_output,admitted_research_ledger
5e7e1b90e6f61b9285f7,curadi_true_causative,"द्विणिजन्त (dviṇijanta), true causative of a curādigaṇa base","[""10.0413"", ""meaning-943364736a74""]",10.0413,Kewa,BakzaRe,भक्षणे (bhakṣaṇe),causation,"cause an independent agent to perform the base action, or bring about the base state",3.1.25;3.1.26,Kewi,1,class_forming_nic_plus_causative_nic_plus_pinned_engine_output,admitted_research_ledger
e80c96662923db6d13d7,curadi_true_causative,"द्विणिजन्त (dviṇijanta), true causative of a curādigaṇa base","[""10.0414"", ""meaning-943364736a74""]",10.0414,Keqa~,BakzaRe,भक्षणे (bhakṣaṇe),causation,"cause an independent agent to perform the base action, or bring about the base state",3.1.25;3.1.26,Keqi,1,class_forming_nic_plus_causative_nic_plus_pinned_engine_output,admitted_research_ledger
bf03a3e125673816ec13,curadi_true_causative,"द्विणिजन्त (dviṇijanta), true causative of a curādigaṇa base","[""10.0415"", ""meaning-943364736a74""]",10.0415,Kowa,BakzaRe,भक्षणे (bhakṣaṇe),causation,"cause an independent agent to perform the base action, or bring about the base state",3.1.25;3.1.26,Kowi,1,class_forming_nic_plus_causative_nic_plus_pinned_engine_output,admitted_research_ledger
d07949b2e6052fd83c22,curadi_true_causative,"द्विणिजन्त (dviṇijanta), true causative of a curādigaṇa base","[""10.0416"", ""meaning-029b9634ef9c""]",10.0416,kzowa,kzepe,क्षेपे (kṣepe),causation,"cause an independent agent to perform the base action, or bring about the base state",3.1.25;3.1.26,kzowi,1,class_forming_nic_plus_causative_nic_plus_pinned_engine_output,admitted_research_ledger
d03b1a904f99dec81280,curadi_true_causative,"द्विणिजन्त (dviṇijanta), true causative of a curādigaṇa base","[""10.0417"", ""meaning-4e22e1ca3b1f""]",10.0417,goma,upalepane,उपलेपने (upalepane),causation,"cause an independent agent to perform the base action, or bring about the base state",3.1.25;3.1.26,gomi,1,class_forming_nic_plus_causative_nic_plus_pinned_engine_output,admitted_research_ledger
40c390840bc05fcd879a,curadi_true_causative,"द्विणिजन्त (dviṇijanta), true causative of a curādigaṇa base","[""10.0418"", ""meaning-82f93da02a9e""]",10.0418,kumAra,krIqAyAm,क्रीडायाम् (krīḍāyām),causation,"cause an independent agent to perform the base action, or bring about the base state",3.1.25;3.1.26,kumAri,1,class_forming_nic_plus_causative_nic_plus_pinned_engine_output,admitted_research_ledger
14ed053fdcb270650bb7,curadi_true_causative,"द्विणिजन्त (dviṇijanta), true causative of a curādigaṇa base","[""10.0419"", ""meaning-8da8159c068f""]",10.0419,SIla,upaDAraRe,उपधारणे (upadhāraṇe),causation,"cause an independent agent to perform the base action, or bring about the base state",3.1.25;3.1.26,SIli,1,class_forming_nic_plus_causative_nic_plus_pinned_engine_output,admitted_research_ledger
8f7df7d53fb762dca344,curadi_true_causative,"द्विणिजन्त (dviṇijanta), true causative of a curādigaṇa base","[""10.0420"", ""meaning-9f2059f3a709""]",10.0420,sAma,sAntvaprayoge,सान्त्वप्रयोगे (sāntvaprayoge),causation,"cause an independent agent to perform the base action, or bring about the base state",3.1.25;3.1.26,sAmi,1,class_forming_nic_plus_causative_nic_plus_pinned_engine_output,admitted_research_ledger
f415c2568e582ab0501d,curadi_true_causative,"द्विणिजन्त (dviṇijanta), true causative of a curādigaṇa base","[""10.0421"", ""meaning-23977a02043c""]",10.0421,vela,kAlopadeSe,कालोपदेशे (kālopadeśe),causation,"cause an independent agent to perform the base action, or bring about the base state",3.1.25;3.1.26,veli,1,class_forming_nic_plus_causative_nic_plus_pinned_engine_output,admitted_research_ledger
ab625b4abe0f7a7d8d25,curadi_true_causative,"द्विणिजन्त (dviṇijanta), true causative of a curādigaṇa base","[""10.0422"", ""meaning-23977a02043c""]",10.0422,kAla,kAlopadeSe,कालोपदेशे (kālopadeśe),causation,"cause an independent agent to perform the base action, or bring about the base state",3.1.25;3.1.26,kAli,1,class_forming_nic_plus_causative_nic_plus_pinned_engine_output,admitted_research_ledger
3536f8a2928cd5dae114,curadi_true_causative,"द्विणिजन्त (dviṇijanta), true causative of a curādigaṇa base","[""10.0423"", ""meaning-293bd91852a3""]",10.0423,palpUla,lavane,लवने (lavane),causation,"cause an independent agent to perform the base action, or bring about the base state",3.1.25;3.1.26,palpUli,1,class_forming_nic_plus_causative_nic_plus_pinned_engine_output,admitted_research_ledger
76a8dd4012ed71cf318a,curadi_true_causative,"द्विणिजन्त (dviṇijanta), true causative of a curādigaṇa base","[""10.0423"", ""meaning-a18deec65001""]",10.0423,palpUla,vapane,वपने (vapane),causation,"cause an independent agent to perform the base action, or bring about the base state",3.1.25;3.1.26,palpUli,1,class_forming_nic_plus_causative_nic_plus_pinned_engine_output,admitted_research_ledger
696e9dfb43f900f6d5d1,curadi_true_causative,"द्विणिजन्त (dviṇijanta), true causative of a curādigaṇa base","[""10.0424"", ""meaning-361d9b94e80f""]",10.0424,vAta,suKe,सुखे (sukhe),causation,"cause an independent agent to perform the base action, or bring about the base state",3.1.25;3.1.26,vAti,1,class_forming_nic_plus_causative_nic_plus_pinned_engine_output,admitted_research_ledger
19d6ad81cce1d4b122b3,curadi_true_causative,"द्विणिजन्त (dviṇijanta), true causative of a curādigaṇa base","[""10.0424"", ""meaning-b802243c84a6""]",10.0424,vAta,sevane,सेवने (sevane),causation,"cause an independent agent to perform the base action, or bring about the base state",3.1.25;3.1.26,vAti,1,class_forming_nic_plus_causative_nic_plus_pinned_engine_output,admitted_research_ledger
89d9c343db89cf9dc4dc,curadi_true_causative,"द्विणिजन्त (dviṇijanta), true causative of a curādigaṇa base","[""10.0425"", ""meaning-754cec1e9866""]",10.0425,gaveza,mArgaRe,मार्गणे (mārgaṇe),causation,"cause an independent agent to perform the base action, or bring about the base state",3.1.25;3.1.26,gavezi,1,class_forming_nic_plus_causative_nic_plus_pinned_engine_output,admitted_research_ledger
bccb8c35bafdea816506,curadi_true_causative,"द्विणिजन्त (dviṇijanta), true causative of a curādigaṇa base","[""10.0426"", ""meaning-e70f6bac7ede""]",10.0426,vAsa,upasevAyAm,उपसेवायाम् (upasevāyām),causation,"cause an independent agent to perform the base action, or bring about the base state",3.1.25;3.1.26,vAsi,1,class_forming_nic_plus_causative_nic_plus_pinned_engine_output,admitted_research_ledger
6fe791207af95c286f3d,curadi_true_causative,"द्विणिजन्त (dviṇijanta), true causative of a curādigaṇa base","[""10.0427"", ""meaning-abda6f362365""]",10.0427,nivAsa,AcCAdane,आच्छादने (ācchādane),causation,"cause an independent agent to perform the base action, or bring about the base state",3.1.25;3.1.26,nivAsi,1,class_forming_nic_plus_causative_nic_plus_pinned_engine_output,admitted_research_ledger
1c99e83e7dc9e8426740,curadi_true_causative,"द्विणिजन्त (dviṇijanta), true causative of a curādigaṇa base","[""10.0428"", ""meaning-de2d1b627111""]",10.0428,BAja,pfTakkarmaRi,पृथक्कर्मणि (pṛthakkarmaṇi),causation,"cause an independent agent to perform the base action, or bring about the base state",3.1.25;3.1.26,BAji,1,class_forming_nic_plus_causative_nic_plus_pinned_engine_output,admitted_research_ledger
b12c1c05bd1220dc7308,curadi_true_causative,"द्विणिजन्त (dviṇijanta), true causative of a curādigaṇa base","[""10.0429"", ""meaning-5042ee4bdbe7""]",10.0429,saBAja,darSane,दर्शने (darśane),causation,"cause an independent agent to perform the base action, or bring about the base state",3.1.25;3.1.26,saBAji,1,class_forming_nic_plus_causative_nic_plus_pinned_engine_output,admitted_research_ledger
211a91f8229ae1c66eb5,curadi_true_causative,"द्विणिजन्त (dviṇijanta), true causative of a curādigaṇa base","[""10.0429"", ""meaning-8fbcbfeedd5e""]",10.0429,saBAja,prItO,प्रीतौ (prītau),causation,"cause an independent agent to perform the base action, or bring about the base state",3.1.25;3.1.26,saBAji,1,class_forming_nic_plus_causative_nic_plus_pinned_engine_output,admitted_research_ledger
608a622a1eab83ca0952,curadi_true_causative,"द्विणिजन्त (dviṇijanta), true causative of a curādigaṇa base","[""10.0429"", ""meaning-b802243c84a6""]",10.0429,saBAja,sevane,सेवने (sevane),causation,"cause an independent agent to perform the base action, or bring about the base state",3.1.25;3.1.26,saBAji,1,class_forming_nic_plus_causative_nic_plus_pinned_engine_output,admitted_research_ledger
6a560994601c8f122718,curadi_true_causative,"द्विणिजन्त (dviṇijanta), true causative of a curādigaṇa base","[""10.0430"", ""meaning-1cf93e50fb68""]",10.0430,Una,parihARe,परिहाणे (parihāṇe),causation,"cause an independent agent to perform the base action, or bring about the base state",3.1.25;3.1.26,Uni,1,class_forming_nic_plus_causative_nic_plus_pinned_engine_output,admitted_research_ledger
7bfa4fb3aac7e064de0e,curadi_true_causative,"द्विणिजन्त (dviṇijanta), true causative of a curādigaṇa base","[""10.0431"", ""meaning-2dcb1894fd9b""]",10.0431,Dvana,Sabde,शब्दे (śabde),causation,"cause an independent agent to perform the base action, or bring about the base state",3.1.25;3.1.26,Dvani,1,class_forming_nic_plus_causative_nic_plus_pinned_engine_output,admitted_research_ledger
0e8c62ab88517f80e8fb,curadi_true_causative,"द्विणिजन्त (dviṇijanta), true causative of a curādigaṇa base","[""10.0432"", ""meaning-aebd0560f239""]",10.0432,kUwa,paritApe,परितापे (paritāpe),causation,"cause an independent agent to perform the base action, or bring about the base state",3.1.25;3.1.26,kUwi,1,class_forming_nic_plus_causative_nic_plus_pinned_engine_output,admitted_research_ledger
866df3ad4f8e0f4906be,curadi_true_causative,"द्विणिजन्त (dviṇijanta), true causative of a curādigaṇa base","[""10.0432"", ""meaning-e8ecfd14a63f""]",10.0432,kUwa,paridAhe,परिदाहे (paridāhe),causation,"cause an independent agent to perform the base action, or bring about the base state",3.1.25;3.1.26,kUwi,1,class_forming_nic_plus_causative_nic_plus_pinned_engine_output,admitted_research_ledger
b7b58ce4daeee9c0341f,curadi_true_causative,"द्विणिजन्त (dviṇijanta), true causative of a curādigaṇa base","[""10.0433"", ""meaning-375c830e29cb""]",10.0433,sanketa,AmantraRe,आमन्त्रणे (āmantraṇe),causation,"cause an independent agent to perform the base action, or bring about the base state",3.1.25;3.1.26,saNketi,1,class_forming_nic_plus_causative_nic_plus_pinned_engine_output,admitted_research_ledger
2f36cb5020c0779f1158,curadi_true_causative,"द्विणिजन्त (dviṇijanta), true causative of a curādigaṇa base","[""10.0434"", ""meaning-375c830e29cb""]",10.0434,grAma,AmantraRe,आमन्त्रणे (āmantraṇe),causation,"cause an independent agent to perform the base action, or bring about the base state",3.1.25;3.1.26,grAmi,1,class_forming_nic_plus_causative_nic_plus_pinned_engine_output,admitted_research_ledger
3a1cf738545f4e817854,curadi_true_causative,"द्विणिजन्त (dviṇijanta), true causative of a curādigaṇa base","[""10.0435"", ""meaning-375c830e29cb""]",10.0435,kuRa,AmantraRe,आमन्त्रणे (āmantraṇe),causation,"cause an independent agent to perform the base action, or bring about the base state",3.1.25;3.1.26,kuRi,1,class_forming_nic_plus_causative_nic_plus_pinned_engine_output,admitted_research_ledger
027187eaef1dbb5592b7,curadi_true_causative,"द्विणिजन्त (dviṇijanta), true causative of a curādigaṇa base","[""10.0436"", ""meaning-375c830e29cb""]",10.0436,guRa,AmantraRe,आमन्त्रणे (āmantraṇe),causation,"cause an independent agent to perform the base action, or bring about the base state",3.1.25;3.1.26,guRi,1,class_forming_nic_plus_causative_nic_plus_pinned_engine_output,admitted_research_ledger
3999b87176951e837423,curadi_true_causative,"द्विणिजन्त (dviṇijanta), true causative of a curādigaṇa base","[""10.0437"", ""meaning-05ab36b55aa3""]",10.0437,keta,SrAvaRe,श्रावणे (śrāvaṇe),causation,"cause an independent agent to perform the base action, or bring about the base state",3.1.25;3.1.26,keti,1,class_forming_nic_plus_causative_nic_plus_pinned_engine_output,admitted_research_ledger
66aeaf6f595c4ea09192,curadi_true_causative,"द्विणिजन्त (dviṇijanta), true causative of a curādigaṇa base","[""10.0437"", ""meaning-375c830e29cb""]",10.0437,keta,AmantraRe,आमन्त्रणे (āmantraṇe),causation,"cause an independent agent to perform the base action, or bring about the base state",3.1.25;3.1.26,keti,1,class_forming_nic_plus_causative_nic_plus_pinned_engine_output,admitted_research_ledger
140afac3a8f8013b4491,curadi_true_causative,"द्विणिजन्त (dviṇijanta), true causative of a curādigaṇa base","[""10.0438"", ""meaning-00f1d7412e01""]",10.0438,kURa~,saNkocane,सङ्कोचने (saṅkocane),causation,"cause an independent agent to perform the base action, or bring about the base state",3.1.25;3.1.26,kURi,1,class_forming_nic_plus_causative_nic_plus_pinned_engine_output,admitted_research_ledger
1e115cc63733c65c3e07,curadi_true_causative,"द्विणिजन्त (dviṇijanta), true causative of a curādigaṇa base","[""10.0439"", ""meaning-c9f31f914c6a""]",10.0439,stena,cOrye,चौर्ये (caurye),causation,"cause an independent agent to perform the base action, or bring about the base state",3.1.25;3.1.26,steni,1,class_forming_nic_plus_causative_nic_plus_pinned_engine_output,admitted_research_ledger
350a776582dbbe4cd514,curadi_true_causative,"द्विणिजन्त (dviṇijanta), true causative of a curādigaṇa base","[""10.0440"", ""meaning-5fa3d59b62c4""]",10.0440,pada,gatO,गतौ (gatau),causation,"cause an independent agent to perform the base action, or bring about the base state",3.1.25;3.1.26,padi,1,class_forming_nic_plus_causative_nic_plus_pinned_engine_output,admitted_research_ledger
4cda545791e81949eee1,curadi_true_causative,"द्विणिजन्त (dviṇijanta), true causative of a curādigaṇa base","[""10.0441"", ""meaning-28f6ffe94fb0""]",10.0441,gfha,grahaRe,ग्रहणे (grahaṇe),causation,"cause an independent agent to perform the base action, or bring about the base state",3.1.25;3.1.26,gfhi,1,class_forming_nic_plus_causative_nic_plus_pinned_engine_output,admitted_research_ledger
f14f9851e009055dfb1e,curadi_true_causative,"द्विणिजन्त (dviṇijanta), true causative of a curādigaṇa base","[""10.0442"", ""meaning-377dc9a3857c""]",10.0442,mfga,anvezaRe,अन्वेषणे (anveṣaṇe),causation,"cause an independent agent to perform the base action, or bring about the base state",3.1.25;3.1.26,mfgi,1,class_forming_nic_plus_causative_nic_plus_pinned_engine_output,admitted_research_ledger
ecd577c822a41a0ab2e5,curadi_true_causative,"द्विणिजन्त (dviṇijanta), true causative of a curādigaṇa base","[""10.0443"", ""meaning-66f699b72aec""]",10.0443,kuha,vismApane,विस्मापने (vismāpane),causation,"cause an independent agent to perform the base action, or bring about the base state",3.1.25;3.1.26,kuhi,1,class_forming_nic_plus_causative_nic_plus_pinned_engine_output,admitted_research_ledger
0c84ac16e383400eded7,curadi_true_causative,"द्विणिजन्त (dviṇijanta), true causative of a curādigaṇa base","[""10.0444"", ""meaning-ccbc7393bcd1""]",10.0444,SUra,vikrAntO,विक्रान्तौ (vikrāntau),causation,"cause an independent agent to perform the base action, or bring about the base state",3.1.25;3.1.26,SUri,1,class_forming_nic_plus_causative_nic_plus_pinned_engine_output,admitted_research_ledger
d0459bcec264c438e9e7,curadi_true_causative,"द्विणिजन्त (dviṇijanta), true causative of a curādigaṇa base","[""10.0445"", ""meaning-ccbc7393bcd1""]",10.0445,vIra,vikrAntO,विक्रान्तौ (vikrāntau),causation,"cause an independent agent to perform the base action, or bring about the base state",3.1.25;3.1.26,vIri,1,class_forming_nic_plus_causative_nic_plus_pinned_engine_output,admitted_research_ledger
440228768b4e81128db1,curadi_true_causative,"द्विणिजन्त (dviṇijanta), true causative of a curādigaṇa base","[""10.0446"", ""meaning-9ef4b80672ea""]",10.0446,sTUla,paribfhaRe,परिबृहणे (paribṛhaṇe),causation,"cause an independent agent to perform the base action, or bring about the base state",3.1.25;3.1.26,sTUli,1,class_forming_nic_plus_causative_nic_plus_pinned_engine_output,admitted_research_ledger
b5fa03e1f43b8d545ee1,curadi_true_causative,"द्विणिजन्त (dviṇijanta), true causative of a curādigaṇa base","[""10.0447"", ""meaning-1539fda05cdc""]",10.0447,arTa,upayAcYAyAm,उपयाच्ञायाम् (upayācñāyām),causation,"cause an independent agent to perform the base action, or bring about the base state",3.1.25;3.1.26,arTi,1,class_forming_nic_plus_causative_nic_plus_pinned_engine_output,admitted_research_ledger
28ff07e24b250a8b5e73,curadi_true_causative,"द्विणिजन्त (dviṇijanta), true causative of a curādigaṇa base","[""10.0448"", ""meaning-7247b9269428""]",10.0448,satra,santAnakriyAyAm,सन्तानक्रियायाम् (santānakriyāyām),causation,"cause an independent agent to perform the base action, or bring about the base state",3.1.25;3.1.26,satri,1,class_forming_nic_plus_causative_nic_plus_pinned_engine_output,admitted_research_ledger
1200ae9aebc8d1912c9e,curadi_true_causative,"द्विणिजन्त (dviṇijanta), true causative of a curādigaṇa base","[""10.0449"", ""meaning-8b8700ed2466""]",10.0449,garva,mAne,माने (māne),causation,"cause an independent agent to perform the base action, or bring about the base state",3.1.25;3.1.26,garvi,1,class_forming_nic_plus_causative_nic_plus_pinned_engine_output,admitted_research_ledger
0bf480c20e1772bdf719,curadi_true_causative,"द्विणिजन्त (dviṇijanta), true causative of a curādigaṇa base","[""10.0450"", ""meaning-8d05d3af63ff""]",10.0450,sUtra,vezwane,वेष्टने (veṣṭane),causation,"cause an independent agent to perform the base action, or bring about the base state",3.1.25;3.1.26,sUtri,1,class_forming_nic_plus_causative_nic_plus_pinned_engine_output,admitted_research_ledger
330927199689613cf2bb,curadi_true_causative,"द्विणिजन्त (dviṇijanta), true causative of a curādigaṇa base","[""10.0450"", ""meaning-9c0253acf8c6""]",10.0450,sUtra,vimocane,विमोचने (vimocane),causation,"cause an independent agent to perform the base action, or bring about the base state",3.1.25;3.1.26,sUtri,1,class_forming_nic_plus_causative_nic_plus_pinned_engine_output,admitted_research_ledger
79575993a41c2761d48d,curadi_true_causative,"द्विणिजन्त (dviṇijanta), true causative of a curādigaṇa base","[""10.0450"", ""meaning-d80fd69de7af""]",10.0450,sUtra,granTane,ग्रन्थने (granthane),causation,"cause an independent agent to perform the base action, or bring about the base state",3.1.25;3.1.26,sUtri,1,class_forming_nic_plus_causative_nic_plus_pinned_engine_output,admitted_research_ledger
612fd529aa386c6a35bd,curadi_true_causative,"द्विणिजन्त (dviṇijanta), true causative of a curādigaṇa base","[""10.0451"", ""meaning-7f40d6a1ba16""]",10.0451,mUtra,prasravaRe,प्रस्रवणे (prasravaṇe),causation,"cause an independent agent to perform the base action, or bring about the base state",3.1.25;3.1.26,mUtri,1,class_forming_nic_plus_causative_nic_plus_pinned_engine_output,admitted_research_ledger
9c079227d8e158418f6a,curadi_true_causative,"द्विणिजन्त (dviṇijanta), true causative of a curādigaṇa base","[""10.0452"", ""meaning-814a68cdac65""]",10.0452,rUkza,pAruzye,पारुष्ये (pāruṣye),causation,"cause an independent agent to perform the base action, or bring about the base state",3.1.25;3.1.26,rUkzi,1,class_forming_nic_plus_causative_nic_plus_pinned_engine_output,admitted_research_ledger
f32a2e9bb1eeca934156,curadi_true_causative,"द्विणिजन्त (dviṇijanta), true causative of a curādigaṇa base","[""10.0453"", ""meaning-cec19e58bd1a""]",10.0453,pAra,karmasamAptO,कर्मसमाप्तौ (karmasamāptau),causation,"cause an independent agent to perform the base action, or bring about the base state",3.1.25;3.1.26,pAri,1,class_forming_nic_plus_causative_nic_plus_pinned_engine_output,admitted_research_ledger
fd4f3fe1b0b930148613,curadi_true_causative,"द्विणिजन्त (dviṇijanta), true causative of a curādigaṇa base","[""10.0454"", ""meaning-cec19e58bd1a""]",10.0454,tIra,karmasamAptO,कर्मसमाप्तौ (karmasamāptau),causation,"cause an independent agent to perform the base action, or bring about the base state",3.1.25;3.1.26,tIri,1,class_forming_nic_plus_causative_nic_plus_pinned_engine_output,admitted_research_ledger
cfdebde965376ea18105,curadi_true_causative,"द्विणिजन्त (dviṇijanta), true causative of a curādigaṇa base","[""10.0455"", ""meaning-095018db5bb6""]",10.0455,puwa,saMsarge,संसर्गे (saṃsarge),causation,"cause an independent agent to perform the base action, or bring about the base state",3.1.25;3.1.26,puwi,1,class_forming_nic_plus_causative_nic_plus_pinned_engine_output,admitted_research_ledger
ad2048d5d409f931a244,curadi_true_causative,"द्विणिजन्त (dviṇijanta), true causative of a curādigaṇa base","[""10.0456"", ""meaning-148cd30ab525""]",10.0456,katra,SETilye,शैथिल्ये (śaithilye),causation,"cause an independent agent to perform the base action, or bring about the base state",3.1.25;3.1.26,katri,1,class_forming_nic_plus_causative_nic_plus_pinned_engine_output,admitted_research_ledger
8ce60a3640c36b61c345,curadi_true_causative,"द्विणिजन्त (dviṇijanta), true causative of a curādigaṇa base","[""10.0457"", ""meaning-148cd30ab525""]",10.0457,karta~,SETilye,शैथिल्ये (śaithilye),causation,"cause an independent agent to perform the base action, or bring about the base state",3.1.25;3.1.26,karti,1,class_forming_nic_plus_causative_nic_plus_pinned_engine_output,admitted_research_ledger
fc2c2d30b0a07f97f4f3,curadi_true_causative,"द्विणिजन्त (dviṇijanta), true causative of a curādigaṇa base","[""10.0458"", ""meaning-5042ee4bdbe7""]",10.0458,valka,darSane,दर्शने (darśane),causation,"cause an independent agent to perform the base action, or bring about the base state",3.1.25;3.1.26,valki,1,class_forming_nic_plus_causative_nic_plus_pinned_engine_output,admitted_research_ledger
3fd81cd3e1b987b28658,curadi_true_causative,"द्विणिजन्त (dviṇijanta), true causative of a curādigaṇa base","[""10.0459"", ""meaning-e4f08cdd86e6""]",10.0459,citra,citrIkaraRe,चित्रीकरणे (citrīkaraṇe),causation,"cause an independent agent to perform the base action, or bring about the base state",3.1.25;3.1.26,citri,1,class_forming_nic_plus_causative_nic_plus_pinned_engine_output,admitted_research_ledger
3d7fee6e67f106584b04,curadi_true_causative,"द्विणिजन्त (dviṇijanta), true causative of a curādigaṇa base","[""10.0460"", ""meaning-4d2df59be516""]",10.0460,ansa,samAGAte,समाघाते (samāghāte),causation,"cause an independent agent to perform the base action, or bring about the base state",3.1.25;3.1.26,aMsi,1,class_forming_nic_plus_causative_nic_plus_pinned_engine_output,admitted_research_ledger
0b566128bcdd0f84a157,curadi_true_causative,"द्विणिजन्त (dviṇijanta), true causative of a curādigaṇa base","[""10.0461"", ""meaning-9daa69aeb27e""]",10.0461,vawa,viBAjane,विभाजने (vibhājane),causation,"cause an independent agent to perform the base action, or bring about the base state",3.1.25;3.1.26,vawi,1,class_forming_nic_plus_causative_nic_plus_pinned_engine_output,admitted_research_ledger
3070b4b6861828eaac21,curadi_true_causative,"द्विणिजन्त (dviṇijanta), true causative of a curādigaṇa base","[""10.0463"", ""meaning-51c5f3f69cf6""]",10.0463,laja,prakASane,प्रकाशने (prakāśane),causation,"cause an independent agent to perform the base action, or bring about the base state",3.1.25;3.1.26,laji,1,class_forming_nic_plus_causative_nic_plus_pinned_engine_output,admitted_research_ledger
670e4c5a7b81890c141a,curadi_true_causative,"द्विणिजन्त (dviṇijanta), true causative of a curādigaṇa base","[""10.0464"", ""meaning-51c5f3f69cf6""]",10.0464,vawi~,prakASane,प्रकाशने (prakāśane),causation,"cause an independent agent to perform the base action, or bring about the base state",3.1.25;3.1.26,vaRwi,1,class_forming_nic_plus_causative_nic_plus_pinned_engine_output,admitted_research_ledger
00307c69e57acbab6b8c,curadi_true_causative,"द्विणिजन्त (dviṇijanta), true causative of a curādigaṇa base","[""10.0465"", ""meaning-51c5f3f69cf6""]",10.0465,laji~,prakASane,प्रकाशने (prakāśane),causation,"cause an independent agent to perform the base action, or bring about the base state",3.1.25;3.1.26,laYji,1,class_forming_nic_plus_causative_nic_plus_pinned_engine_output,admitted_research_ledger
f1e4dfed09c7d7f78106,curadi_true_causative,"द्विणिजन्त (dviṇijanta), true causative of a curādigaṇa base","[""10.0466"", ""meaning-1e740bff9515""]",10.0466,miSra,samparke,सम्पर्के (samparke),causation,"cause an independent agent to perform the base action, or bring about the base state",3.1.25;3.1.26,miSri,1,class_forming_nic_plus_causative_nic_plus_pinned_engine_output,admitted_research_ledger
518292c2cb6024c4fafc,curadi_true_causative,"द्विणिजन्त (dviṇijanta), true causative of a curādigaṇa base","[""10.0467"", ""meaning-cb8f3f842a8a""]",10.0467,sangrAma,yudDe,युद्धे (yuddhe),causation,"cause an independent agent to perform the base action, or bring about the base state",3.1.25;3.1.26,saNgrAmi,1,class_forming_nic_plus_causative_nic_plus_pinned_engine_output,admitted_research_ledger
8c022667505a23bc7556,curadi_true_causative,"द्विणिजन्त (dviṇijanta), true causative of a curādigaṇa base","[""10.0468"", ""meaning-b00073dcdeb8""]",10.0468,stoma,SlAGAyAm,श्लाघायाम् (ślāghāyām),causation,"cause an independent agent to perform the base action, or bring about the base state",3.1.25;3.1.26,stomi,1,class_forming_nic_plus_causative_nic_plus_pinned_engine_output,admitted_research_ledger
45d086c9bb64d42b8416,curadi_true_causative,"द्विणिजन्त (dviṇijanta), true causative of a curādigaṇa base","[""10.0469"", ""meaning-02d8bbaca932""]",10.0469,Cidra,karRaBedane,कर्णभेदने (karṇabhedane),causation,"cause an independent agent to perform the base action, or bring about the base state",3.1.25;3.1.26,Cidri,1,class_forming_nic_plus_causative_nic_plus_pinned_engine_output,admitted_research_ledger
28a8caca12bd186b4fa9,curadi_true_causative,"द्विणिजन्त (dviṇijanta), true causative of a curādigaṇa base","[""10.0470"", ""meaning-12d930b48839""]",10.0470,karRa~,Bedane,भेदने (bhedane),causation,"cause an independent agent to perform the base action, or bring about the base state",3.1.25;3.1.26,karRi,1,class_forming_nic_plus_causative_nic_plus_pinned_engine_output,admitted_research_ledger
198852f755bb0758b89b,curadi_true_causative,"द्विणिजन्त (dviṇijanta), true causative of a curādigaṇa base","[""10.0471"", ""meaning-d3384a4fdfc9""]",10.0471,anDa,dfzwyupaGAte,दृष्ट्युपघाते (dṛṣṭyupaghāte),causation,"cause an independent agent to perform the base action, or bring about the base state",3.1.25;3.1.26,anDi,1,class_forming_nic_plus_causative_nic_plus_pinned_engine_output,admitted_research_ledger
e5b5ad78287928a9ff32,curadi_true_causative,"द्विणिजन्त (dviṇijanta), true causative of a curādigaṇa base","[""10.0472"", ""meaning-f3b765b4edd4""]",10.0472,danqa,daRqanipAte,दण्डनिपाते (daṇḍanipāte),causation,"cause an independent agent to perform the base action, or bring about the base state",3.1.25;3.1.26,daRqi,1,class_forming_nic_plus_causative_nic_plus_pinned_engine_output,admitted_research_ledger
bb865e16c2e02a652475,curadi_true_causative,"द्विणिजन्त (dviṇijanta), true causative of a curādigaṇa base","[""10.0473"", ""meaning-975c9f9c5b51""]",10.0473,anka,lakzaRe,लक्षणे (lakṣaṇe),causation,"cause an independent agent to perform the base action, or bring about the base state",3.1.25;3.1.26,aNki,1,class_forming_nic_plus_causative_nic_plus_pinned_engine_output,admitted_research_ledger
d3e4970bc93527a9530c,curadi_true_causative,"द्विणिजन्त (dviṇijanta), true causative of a curādigaṇa base","[""10.0473"", ""meaning-9ef7816105a9""]",10.0473,anka,pade,पदे (pade),causation,"cause an independent agent to perform the base action, or bring about the base state",3.1.25;3.1.26,aNki,1,class_forming_nic_plus_causative_nic_plus_pinned_engine_output,admitted_research_ledger
e7e6fbeddf21892002b5,curadi_true_causative,"द्विणिजन्त (dviṇijanta), true causative of a curādigaṇa base","[""10.0474"", ""meaning-975c9f9c5b51""]",10.0474,anga,lakzaRe,लक्षणे (lakṣaṇe),causation,"cause an independent agent to perform the base action, or bring about the base state",3.1.25;3.1.26,aNgi,1,class_forming_nic_plus_causative_nic_plus_pinned_engine_output,admitted_research_ledger
5523a71442c4b34d4e0b,curadi_true_causative,"द्विणिजन्त (dviṇijanta), true causative of a curādigaṇa base","[""10.0474"", ""meaning-9ef7816105a9""]",10.0474,anga,pade,पदे (pade),causation,"cause an independent agent to perform the base action, or bring about the base state",3.1.25;3.1.26,aNgi,1,class_forming_nic_plus_causative_nic_plus_pinned_engine_output,admitted_research_ledger
1fdab728d0c02e4cfbe5,curadi_true_causative,"द्विणिजन्त (dviṇijanta), true causative of a curādigaṇa base","[""10.0475"", ""meaning-c078a7d5c7b1""]",10.0475,suKa,suKakriyAyAm,सुखक्रियायाम् (sukhakriyāyām),causation,"cause an independent agent to perform the base action, or bring about the base state",3.1.25;3.1.26,suKi,1,class_forming_nic_plus_causative_nic_plus_pinned_engine_output,admitted_research_ledger
fc9689f145809080f0bd,curadi_true_causative,"द्विणिजन्त (dviṇijanta), true causative of a curādigaṇa base","[""10.0476"", ""meaning-c2b948787e9c""]",10.0476,duHKa,duHKakriyAyAm,दुःखक्रियायाम् (duḥkhakriyāyām),causation,"cause an independent agent to perform the base action, or bring about the base state",3.1.25;3.1.26,duHKi,1,class_forming_nic_plus_causative_nic_plus_pinned_engine_output,admitted_research_ledger
553519c9f1024fb6ddd8,curadi_true_causative,"द्विणिजन्त (dviṇijanta), true causative of a curādigaṇa base","[""10.0477"", ""meaning-8c6231d20ac4""]",10.0477,rasa,snehane,स्नेहने (snehane),causation,"cause an independent agent to perform the base action, or bring about the base state",3.1.25;3.1.26,rasi,1,class_forming_nic_plus_causative_nic_plus_pinned_engine_output,admitted_research_ledger
ba3f97c40c4aa752b9b6,curadi_true_causative,"द्विणिजन्त (dviṇijanta), true causative of a curādigaṇa base","[""10.0477"", ""meaning-c1e1d650336a""]",10.0477,rasa,AsvAdane,आस्वादने (āsvādane),causation,"cause an independent agent to perform the base action, or bring about the base state",3.1.25;3.1.26,rasi,1,class_forming_nic_plus_causative_nic_plus_pinned_engine_output,admitted_research_ledger
6dcbc35fd8175cd96d1f,curadi_true_causative,"द्विणिजन्त (dviṇijanta), true causative of a curādigaṇa base","[""10.0478"", ""meaning-b5dcdd5aa6ce""]",10.0478,vyaya,vittasamutsarge,वित्तसमुत्सर्गे (vittasamutsarge),causation,"cause an independent agent to perform the base action, or bring about the base state",3.1.25;3.1.26,vyayi,1,class_forming_nic_plus_causative_nic_plus_pinned_engine_output,admitted_research_ledger
1c04d82f8c675f040d4a,curadi_true_causative,"द्विणिजन्त (dviṇijanta), true causative of a curādigaṇa base","[""10.0479"", ""meaning-0319540fb7b8""]",10.0479,rUpa,rUpakriyAyAm,रूपक्रियायाम् (rūpakriyāyām),causation,"cause an independent agent to perform the base action, or bring about the base state",3.1.25;3.1.26,rUpi,1,class_forming_nic_plus_causative_nic_plus_pinned_engine_output,admitted_research_ledger
4316167d823e666d6e92,curadi_true_causative,"द्विणिजन्त (dviṇijanta), true causative of a curādigaṇa base","[""10.0480"", ""meaning-1908fa34250a""]",10.0480,Ceda,dvEDIkaraRe,द्वैधीकरणे (dvaidhīkaraṇe),causation,"cause an independent agent to perform the base action, or bring about the base state",3.1.25;3.1.26,Cedi,1,class_forming_nic_plus_causative_nic_plus_pinned_engine_output,admitted_research_ledger
d0d05159a6eed0cc5994,curadi_true_causative,"द्विणिजन्त (dviṇijanta), true causative of a curādigaṇa base","[""10.0481"", ""meaning-456b48da5b7f""]",10.0481,Cada,apavAraRe,अपवारणे (apavāraṇe),causation,"cause an independent agent to perform the base action, or bring about the base state",3.1.25;3.1.26,Cadi,1,class_forming_nic_plus_causative_nic_plus_pinned_engine_output,admitted_research_ledger
364408a5b8ea7e3b0e2f,curadi_true_causative,"द्विणिजन्त (dviṇijanta), true causative of a curādigaṇa base","[""10.0482"", ""meaning-556802d0e7f6""]",10.0482,lABa,preraRe,प्रेरणे (preraṇe),causation,"cause an independent agent to perform the base action, or bring about the base state",3.1.25;3.1.26,lABi,1,class_forming_nic_plus_causative_nic_plus_pinned_engine_output,admitted_research_ledger
38aaef1690e0e5f7b9da,curadi_true_causative,"द्विणिजन्त (dviṇijanta), true causative of a curādigaṇa base","[""10.0483"", ""meaning-87b8005a2075""]",10.0483,vraRa,gAtravicUrRane,गात्रविचूर्णने (gātravicūrṇane),causation,"cause an independent agent to perform the base action, or bring about the base state",3.1.25;3.1.26,vraRi,1,class_forming_nic_plus_causative_nic_plus_pinned_engine_output,admitted_research_ledger
1a085b7690ad5e621e46,curadi_true_causative,"द्विणिजन्त (dviṇijanta), true causative of a curādigaṇa base","[""10.0484"", ""meaning-1b2ff3bc375f""]",10.0484,varRa,varRakriyAyAm,वर्णक्रियायाम् (varṇakriyāyām),causation,"cause an independent agent to perform the base action, or bring about the base state",3.1.25;3.1.26,varRi,1,class_forming_nic_plus_causative_nic_plus_pinned_engine_output,admitted_research_ledger
eeab330270db13fa65a7,curadi_true_causative,"द्विणिजन्त (dviṇijanta), true causative of a curādigaṇa base","[""10.0484"", ""meaning-8d51499c0ccf""]",10.0484,varRa,vistAre,विस्तारे (vistāre),causation,"cause an independent agent to perform the base action, or bring about the base state",3.1.25;3.1.26,varRi,1,class_forming_nic_plus_causative_nic_plus_pinned_engine_output,admitted_research_ledger
2201cdabd941acff6e64,curadi_true_causative,"द्विणिजन्त (dviṇijanta), true causative of a curādigaṇa base","[""10.0484"", ""meaning-df048d311df0""]",10.0484,varRa,guRavacane,गुणवचने (guṇavacane),causation,"cause an independent agent to perform the base action, or bring about the base state",3.1.25;3.1.26,varRi,1,class_forming_nic_plus_causative_nic_plus_pinned_engine_output,admitted_research_ledger
2809fc4b8bba9b62faee,curadi_true_causative,"द्विणिजन्त (dviṇijanta), true causative of a curādigaṇa base","[""10.0485"", ""meaning-79a15719d64a""]",10.0485,parRa,haritaBAve,हरितभावे (haritabhāve),causation,"cause an independent agent to perform the base action, or bring about the base state",3.1.25;3.1.26,parRi,1,class_forming_nic_plus_causative_nic_plus_pinned_engine_output,admitted_research_ledger
aa917522a5dacf875371,curadi_true_causative,"द्विणिजन्त (dviṇijanta), true causative of a curādigaṇa base","[""10.0486"", ""meaning-5042ee4bdbe7""]",10.0486,vizka,darSane,दर्शने (darśane),causation,"cause an independent agent to perform the base action, or bring about the base state",3.1.25;3.1.26,vizki,1,class_forming_nic_plus_causative_nic_plus_pinned_engine_output,admitted_research_ledger
b5da91494089244ba685,curadi_true_causative,"द्विणिजन्त (dviṇijanta), true causative of a curādigaṇa base","[""10.0487"", ""meaning-556802d0e7f6""]",10.0487,kzipa,preraRe,प्रेरणे (preraṇe),causation,"cause an independent agent to perform the base action, or bring about the base state",3.1.25;3.1.26,kzipi,1,class_forming_nic_plus_causative_nic_plus_pinned_engine_output,admitted_research_ledger
a3c6a508800ab283fa76,curadi_true_causative,"द्विणिजन्त (dviṇijanta), true causative of a curādigaṇa base","[""10.0488"", ""meaning-693173100d63""]",10.0488,vasa,nivAse,निवासे (nivāse),causation,"cause an independent agent to perform the base action, or bring about the base state",3.1.25;3.1.26,vasi,1,class_forming_nic_plus_causative_nic_plus_pinned_engine_output,admitted_research_ledger
6b22670a4e1b3b6cf52e,curadi_true_causative,"द्विणिजन्त (dviṇijanta), true causative of a curādigaṇa base","[""10.0489"", ""meaning-75e1514440b6""]",10.0489,tutTa,AvaraRe,आवरणे (āvaraṇe),causation,"cause an independent agent to perform the base action, or bring about the base state",3.1.25;3.1.26,tutTi,1,class_forming_nic_plus_causative_nic_plus_pinned_engine_output,admitted_research_ledger
c260da8c0bb8515ab7b0,curadi_true_causative,"द्विणिजन्त (dviṇijanta), true causative of a curādigaṇa base","[""10.0490"", ""meaning-293bd91852a3""]",10.0490,palyUla,lavane,लवने (lavane),causation,"cause an independent agent to perform the base action, or bring about the base state",3.1.25;3.1.26,palyUli,1,class_forming_nic_plus_causative_nic_plus_pinned_engine_output,admitted_research_ledger
9cf66257a324fa5c971e,curadi_true_causative,"द्विणिजन्त (dviṇijanta), true causative of a curādigaṇa base","[""10.0490"", ""meaning-a18deec65001""]",10.0490,palyUla,vapane,वपने (vapane),causation,"cause an independent agent to perform the base action, or bring about the base state",3.1.25;3.1.26,palyUli,1,class_forming_nic_plus_causative_nic_plus_pinned_engine_output,admitted_research_ledger
0338adaa8f19cefdb018,curadi_true_causative,"द्विणिजन्त (dviṇijanta), true causative of a curādigaṇa base","[""10.0491"", ""meaning-ea0ca4b6a28b""]",10.0491,ruWa~,BAzAyAm,भाषायाम् (bhāṣāyām),causation,"cause an independent agent to perform the base action, or bring about the base state",3.1.25;3.1.26,roWi,1,class_forming_nic_plus_causative_nic_plus_pinned_engine_output,admitted_research_ledger
a31d4b859a80433fdd38,curadi_true_causative,"द्विणिजन्त (dviṇijanta), true causative of a curādigaṇa base","[""10.0492"", ""meaning-5042ee4bdbe7""]",10.0492,Deka,darSane,दर्शने (darśane),causation,"cause an independent agent to perform the base action, or bring about the base state",3.1.25;3.1.26,Deki,1,class_forming_nic_plus_causative_nic_plus_pinned_engine_output,admitted_research_ledger
