assertion_id,source_file,source_line,test_function,governing_rule,input_form_slp1,taddhita_source_variant,expected_output_forms_slp1,expected_output_variant_count,assertion_status,test_status,semantic_row_id,semantic_rule_ref,semantic_context,semantic_relation,semantic_family,output_class,relation_class,domain,rule_source_file,rule_source_url,semantic_status
317e33fe26f7b0f130c4,kashika_4_1.rs,581,sutra_4_1_112,4.1.112,Siva,aR,SEva,1,positive,active_test,141910dbb7627d84b6c4,4.1.92,TasyaApatyam,a descendant or child of the named person,descent,nominal_base,meaning_bearing_derivative,laukika,plain-taddhita-rule-4.1.92.html,https://sanskritdocuments.org/learning_tools/ashtadhyayi/vyakhya/4/4.1.92.htm,semantic_relation_recovered
a3057070a45a919c5376,kashika_4_1.rs,582,sutra_4_1_112,4.1.112,prozWa,aR,prOzWa,1,positive,active_test,3df4839922acc60f300b,4.1.92,TasyaApatyam,a descendant or child of the named person,descent,nominal_base,meaning_bearing_derivative,laukika,plain-taddhita-rule-4.1.92.html,https://sanskritdocuments.org/learning_tools/ashtadhyayi/vyakhya/4/4.1.92.htm,semantic_relation_recovered
ca10c5745f4f67749314,kashika_4_1.rs,585,sutra_4_1_112,4.1.112,Siva,iY,,0,negative,active_test,eac8e11b88becdeba79e,,,,,,,,,,negative_assertion_not_admitted
9e69bfeca868fb7f9c1c,kashika_4_1.rs,586,sutra_4_1_112,4.1.112,prozWa,iY,,0,negative,active_test,239860f93f280cd3321a,,,,,,,,,,negative_assertion_not_admitted
b485e4458a7c7ec2dfb7,kashika_4_1.rs,591,sutra_4_1_116,4.1.116,kanyA,aR,kAnIna,1,positive,active_test,4df1ed8d90fa878166c0,4.1.92,TasyaApatyam,a descendant or child of the named person,descent,nominal_base,meaning_bearing_derivative,laukika,plain-taddhita-rule-4.1.92.html,https://sanskritdocuments.org/learning_tools/ashtadhyayi/vyakhya/4/4.1.92.htm,semantic_relation_recovered
ccf14ebbe93f4dbb897e,kashika_4_1.rs,630,sutra_4_1_121,4.1.121,yamunA,Qak,,0,negative,active_test,2b818595451af0f5b34a,,,,,,,,,,negative_assertion_not_admitted
7a5075a9bf3f1bf2ccdf,kashika_4_1.rs,631,sutra_4_1_121,4.1.121,yamunA,aR,yAmuna,1,positive,active_test,f55c439ecdba16f9f301,4.1.92,TasyaApatyam,a descendant or child of the named person,descent,nominal_base,meaning_bearing_derivative,laukika,plain-taddhita-rule-4.1.92.html,https://sanskritdocuments.org/learning_tools/ashtadhyayi/vyakhya/4/4.1.92.htm,semantic_relation_recovered
be18d882e1f6dcdb9342,kashika_4_2.rs,272,sutra_4_2_67,4.2.67,udumbara,aR,Odumbara,1,positive,active_test,13bfae864a1bb3ee6bc2,4.2.67,CaturarthikaPresence,a place named for the presence of the named entity,place_presence,nominal_base,meaning_bearing_derivative,laukika,plain-taddhita-rule-4.2.67.html,https://sanskritdocuments.org/learning_tools/ashtadhyayi/vyakhya/4/4.2.67.htm,semantic_relation_recovered
175709f2f03f5935c865,kashika_4_2.rs,273,sutra_4_2_67,4.2.67,balbaja,aR,bAlbaja,1,positive,active_test,34112aa7e318bcaaba3a,4.2.67,CaturarthikaPresence,a place named for the presence of the named entity,place_presence,nominal_base,meaning_bearing_derivative,laukika,plain-taddhita-rule-4.2.67.html,https://sanskritdocuments.org/learning_tools/ashtadhyayi/vyakhya/4/4.2.67.htm,semantic_relation_recovered
e964fbc90b9a19c9b28c,kashika_4_2.rs,274,sutra_4_2_67,4.2.67,parvata,aR,pArvata,1,positive,active_test,c83abaf2863c0fac1fc7,4.2.67,CaturarthikaPresence,a place named for the presence of the named entity,place_presence,nominal_base,meaning_bearing_derivative,laukika,plain-taddhita-rule-4.2.67.html,https://sanskritdocuments.org/learning_tools/ashtadhyayi/vyakhya/4/4.2.67.htm,semantic_relation_recovered
517fe4e682f91223fdc5,kashika_4_2.rs,279,sutra_4_2_68,4.2.68,kuSAmba,aR,kOSAmba,1,positive,active_test,ae601341744ccbadea0c,4.2.68,CaturarthikaCreation,a place established or produced by the named entity,place_creation,nominal_base,meaning_bearing_derivative,laukika,plain-taddhita-rule-4.2.68.html,https://sanskritdocuments.org/learning_tools/ashtadhyayi/vyakhya/4/4.2.68.htm,semantic_relation_recovered
e126eeb476b654c46fcf,kashika_4_2.rs,280,sutra_4_2_68,4.2.68,sahasra,aR,sAhasra,1,positive,active_test,a388dbf0eab91e0a577b,4.2.68,CaturarthikaCreation,a place established or produced by the named entity,place_creation,nominal_base,meaning_bearing_derivative,laukika,plain-taddhita-rule-4.2.68.html,https://sanskritdocuments.org/learning_tools/ashtadhyayi/vyakhya/4/4.2.68.htm,semantic_relation_recovered
542efee46201f80cd747,kashika_4_2.rs,285,sutra_4_2_69,4.2.69,fjunO,aR,ArjunAva,1,positive,active_test,478e19ff9127b507cc7d,4.2.69,CaturarthikaDwelling,a place where the named people or entity dwell,place_dwelling,nominal_base,meaning_bearing_derivative,laukika,plain-taddhita-rule-4.2.69.html,https://sanskritdocuments.org/learning_tools/ashtadhyayi/vyakhya/4/4.2.69.htm,semantic_relation_recovered
621996b49e71ea8b01cc,kashika_4_2.rs,286,sutra_4_2_69,4.2.69,Siba,aR,SEba,1,positive,active_test,477600b2854adccc70b6,4.2.69,CaturarthikaDwelling,a place where the named people or entity dwell,place_dwelling,nominal_base,meaning_bearing_derivative,laukika,plain-taddhita-rule-4.2.69.html,https://sanskritdocuments.org/learning_tools/ashtadhyayi/vyakhya/4/4.2.69.htm,semantic_relation_recovered
43c5e08ff204429e970d,kashika_4_2.rs,291,sutra_4_2_70,4.2.70,vidiSA,aR,vEdiSa,1,positive,active_test,62f9d590eaff1225898b,4.2.70,CaturarthikaProximity,a place near the named feature,place_proximity,nominal_base,meaning_bearing_derivative,laukika,plain-taddhita-rule-4.2.70.html,https://sanskritdocuments.org/learning_tools/ashtadhyayi/vyakhya/4/4.2.70.htm,semantic_relation_recovered
1fc213392aa31b0a2df3,kashika_4_2.rs,292,sutra_4_2_70,4.2.70,himavat,aR,hEmavata,1,positive,active_test,2cf15baf045c01cd472a,4.2.70,CaturarthikaProximity,a place near the named feature,place_proximity,nominal_base,meaning_bearing_derivative,laukika,plain-taddhita-rule-4.2.70.html,https://sanskritdocuments.org/learning_tools/ashtadhyayi/vyakhya/4/4.2.70.htm,semantic_relation_recovered
2d6a106c0fb82471a5e0,kashika_4_2.rs,297,sutra_4_2_71,4.2.71,araqu,aY,Araqava,1,positive,active_test,234e3bf18b1e0f0f359d,4.2.71,Caturarthika,"the applicable place relation: presence, creation, dwelling, or proximity",fourfold_place_relation,nominal_base,meaning_bearing_derivative,laukika,plain-taddhita-rule-4.2.71.html,https://sanskritdocuments.org/learning_tools/ashtadhyayi/vyakhya/4/4.2.71.htm,semantic_relation_recovered
9415153ee9023291f976,kashika_4_2.rs,298,sutra_4_2_71,4.2.71,kakzatu,aY,kAkzatava,1,positive,active_test,bb8d405632edb702848a,4.2.71,Caturarthika,"the applicable place relation: presence, creation, dwelling, or proximity",fourfold_place_relation,nominal_base,meaning_bearing_derivative,laukika,plain-taddhita-rule-4.2.71.html,https://sanskritdocuments.org/learning_tools/ashtadhyayi/vyakhya/4/4.2.71.htm,semantic_relation_recovered
256843b2b75a799d1f7f,kashika_4_2.rs,299,sutra_4_2_71,4.2.71,karkawelu,aY,kArkawelava,1,positive,active_test,51e583646fbea9c736ca,4.2.71,Caturarthika,"the applicable place relation: presence, creation, dwelling, or proximity",fourfold_place_relation,nominal_base,meaning_bearing_derivative,laukika,plain-taddhita-rule-4.2.71.html,https://sanskritdocuments.org/learning_tools/ashtadhyayi/vyakhya/4/4.2.71.htm,semantic_relation_recovered
f511690471d333892d2c,kashika_4_2.rs,304,sutra_4_2_72,4.2.72,izukAvat,aY,EzukAvata,1,positive,active_test,4919d0ee6a3778fd7800,4.2.72,Caturarthika,"the applicable place relation: presence, creation, dwelling, or proximity",fourfold_place_relation,nominal_base,meaning_bearing_derivative,laukika,plain-taddhita-rule-4.2.72.html,https://sanskritdocuments.org/learning_tools/ashtadhyayi/vyakhya/4/4.2.72.htm,semantic_relation_recovered
209739e515e41978c66d,kashika_4_2.rs,305,sutra_4_2_72,4.2.72,siDrAkAvat,aY,sEDrAkAvata,1,positive,active_test,f151b4ec76e812eece0e,4.2.72,Caturarthika,"the applicable place relation: presence, creation, dwelling, or proximity",fourfold_place_relation,nominal_base,meaning_bearing_derivative,laukika,plain-taddhita-rule-4.2.72.html,https://sanskritdocuments.org/learning_tools/ashtadhyayi/vyakhya/4/4.2.72.htm,semantic_relation_recovered
f11c36b5ae56804d790c,kashika_4_2.rs,308,sutra_4_2_72,4.2.72,ahimat,aR,Ahimata,1,positive,active_test,2012fc0bb8b83d76bcab,4.2.72,Caturarthika,"the applicable place relation: presence, creation, dwelling, or proximity",fourfold_place_relation,nominal_base,meaning_bearing_derivative,laukika,plain-taddhita-rule-4.2.72.html,https://sanskritdocuments.org/learning_tools/ashtadhyayi/vyakhya/4/4.2.72.htm,semantic_relation_recovered
b76fcde291bd12a8e1a5,kashika_4_2.rs,309,sutra_4_2_72,4.2.72,yavamat,aR,yAvamata,1,positive,active_test,40f5c1f92140d14fa7bc,4.2.72,Caturarthika,"the applicable place relation: presence, creation, dwelling, or proximity",fourfold_place_relation,nominal_base,meaning_bearing_derivative,laukika,plain-taddhita-rule-4.2.72.html,https://sanskritdocuments.org/learning_tools/ashtadhyayi/vyakhya/4/4.2.72.htm,semantic_relation_recovered
9d3a523e4bdf4dc32745,kashika_4_2.rs,310,sutra_4_2_72,4.2.72,mAlAvat,aR,mAlAvata,1,positive,active_test,bc7f87b96f0c04de1d97,4.2.72,Caturarthika,"the applicable place relation: presence, creation, dwelling, or proximity",fourfold_place_relation,nominal_base,meaning_bearing_derivative,laukika,plain-taddhita-rule-4.2.72.html,https://sanskritdocuments.org/learning_tools/ashtadhyayi/vyakhya/4/4.2.72.htm,semantic_relation_recovered
ea87f8ce94e9fea280b3,kashika_4_2.rs,315,sutra_4_2_75,4.2.75,saNkala,aY,sANkala,1,positive,active_test,d3b195f79bf07d10fda5,4.2.75,Caturarthika,"the applicable place relation: presence, creation, dwelling, or proximity",fourfold_place_relation,nominal_base,meaning_bearing_derivative,laukika,plain-taddhita-rule-4.2.75.html,https://sanskritdocuments.org/learning_tools/ashtadhyayi/vyakhya/4/4.2.75.htm,semantic_relation_recovered
16a74145896644b949b7,kashika_4_2.rs,316,sutra_4_2_75,4.2.75,puzkala,aY,pOzkala,1,positive,active_test,d6dfcc85f7be21ccf6f3,4.2.75,Caturarthika,"the applicable place relation: presence, creation, dwelling, or proximity",fourfold_place_relation,nominal_base,meaning_bearing_derivative,laukika,plain-taddhita-rule-4.2.75.html,https://sanskritdocuments.org/learning_tools/ashtadhyayi/vyakhya/4/4.2.75.htm,semantic_relation_recovered
b9ba1c0a060200517fa6,kashika_4_2.rs,321,sutra_4_2_77,4.2.77,suvAstu,aR,sOvAstava,1,positive,active_test,f511f788191be4eb81a3,4.2.77,Caturarthika,"the applicable place relation: presence, creation, dwelling, or proximity",fourfold_place_relation,nominal_base,meaning_bearing_derivative,laukika,plain-taddhita-rule-4.2.77.html,https://sanskritdocuments.org/learning_tools/ashtadhyayi/vyakhya/4/4.2.77.htm,semantic_relation_recovered
9c1d44fe3d70308efaa5,kashika_4_2.rs,322,sutra_4_2_77,4.2.77,varRu,aR,vArRava,1,positive,active_test,55cac9a39284959523b7,4.2.77,Caturarthika,"the applicable place relation: presence, creation, dwelling, or proximity",fourfold_place_relation,nominal_base,meaning_bearing_derivative,laukika,plain-taddhita-rule-4.2.77.html,https://sanskritdocuments.org/learning_tools/ashtadhyayi/vyakhya/4/4.2.77.htm,semantic_relation_recovered
abf834915772303d714f,kashika_4_2.rs,327,sutra_4_2_78,4.2.78,roRI,aR,rORa,1,positive,active_test,f76a4c21e40e511b44ed,4.2.78,Caturarthika,"the applicable place relation: presence, creation, dwelling, or proximity",fourfold_place_relation,nominal_base,meaning_bearing_derivative,laukika,plain-taddhita-rule-4.2.78.html,https://sanskritdocuments.org/learning_tools/ashtadhyayi/vyakhya/4/4.2.78.htm,semantic_relation_recovered
4a0146385404f47bd816,kashika_4_2.rs,328,sutra_4_2_78,4.2.78,ajakaroRI,aR,AjakaroRa,1,positive,active_test,5c1450598e4a53c6e659,4.2.78,Caturarthika,"the applicable place relation: presence, creation, dwelling, or proximity",fourfold_place_relation,nominal_base,meaning_bearing_derivative,laukika,plain-taddhita-rule-4.2.78.html,https://sanskritdocuments.org/learning_tools/ashtadhyayi/vyakhya/4/4.2.78.htm,semantic_relation_recovered
d6270af00f1c80053af0,kashika_4_2.rs,329,sutra_4_2_78,4.2.78,sihikaroRI,aR,sEhikaroRa,1,positive,active_test,7eb8445e42c836038c74,4.2.78,Caturarthika,"the applicable place relation: presence, creation, dwelling, or proximity",fourfold_place_relation,nominal_base,meaning_bearing_derivative,laukika,plain-taddhita-rule-4.2.78.html,https://sanskritdocuments.org/learning_tools/ashtadhyayi/vyakhya/4/4.2.78.htm,semantic_relation_recovered
1ccd27b4aa375968fa13,kashika_4_2.rs,334,sutra_4_2_79,4.2.79,karRacCidrika,aR,kArRacCidrika,1,positive,active_test,f046d51c55f2dcef9c2a,4.2.79,Caturarthika,"the applicable place relation: presence, creation, dwelling, or proximity",fourfold_place_relation,nominal_base,meaning_bearing_derivative,laukika,plain-taddhita-rule-4.2.79.html,https://sanskritdocuments.org/learning_tools/ashtadhyayi/vyakhya/4/4.2.79.htm,semantic_relation_recovered
0e5b69a7f0687e3d6647,kashika_4_2.rs,335,sutra_4_2_79,4.2.79,karRavezwaka,aR,kArRavezwaka,1,positive,active_test,15a5cf861a0e399ab62f,4.2.79,Caturarthika,"the applicable place relation: presence, creation, dwelling, or proximity",fourfold_place_relation,nominal_base,meaning_bearing_derivative,laukika,plain-taddhita-rule-4.2.79.html,https://sanskritdocuments.org/learning_tools/ashtadhyayi/vyakhya/4/4.2.79.htm,semantic_relation_recovered
b199f75581695875ea9e,kashika_4_2.rs,336,sutra_4_2_79,4.2.79,triSaNku,aR,trESaNkava,1,positive,active_test,66c33885d5ba331c8431,4.2.79,Caturarthika,"the applicable place relation: presence, creation, dwelling, or proximity",fourfold_place_relation,nominal_base,meaning_bearing_derivative,laukika,plain-taddhita-rule-4.2.79.html,https://sanskritdocuments.org/learning_tools/ashtadhyayi/vyakhya/4/4.2.79.htm,semantic_relation_recovered
219156298eb811d747fc,kashika_4_2.rs,341,sutra_4_2_84,4.2.84,SarkarA,Wak,SArkarika,1,positive,active_test,7053b545c7f27a80738b,4.2.84,Caturarthika,"the applicable place relation: presence, creation, dwelling, or proximity",fourfold_place_relation,nominal_base,meaning_bearing_derivative,laukika,plain-taddhita-rule-4.2.84.html,https://sanskritdocuments.org/learning_tools/ashtadhyayi/vyakhya/4/4.2.84.htm,semantic_relation_recovered
fddb2c1214faba70ad35,kashika_4_2.rs,342,sutra_4_2_84,4.2.84,SarkarA,Ca,SarkarIya,1,positive,active_test,c8ddefadda9b32687df2,4.2.84,Caturarthika,"the applicable place relation: presence, creation, dwelling, or proximity",fourfold_place_relation,nominal_base,meaning_bearing_derivative,laukika,plain-taddhita-rule-4.2.84.html,https://sanskritdocuments.org/learning_tools/ashtadhyayi/vyakhya/4/4.2.84.htm,semantic_relation_recovered
2dcb2783a064c231b738,kashika_4_2.rs,347,sutra_4_2_86,4.2.86,maDu,matup,maDumat,1,positive,active_test,e6eae6f3be20946de295,4.2.86,Caturarthika,"the applicable place relation: presence, creation, dwelling, or proximity",fourfold_place_relation,nominal_base,meaning_bearing_derivative,laukika,plain-taddhita-rule-4.2.86.html,https://sanskritdocuments.org/learning_tools/ashtadhyayi/vyakhya/4/4.2.86.htm,semantic_relation_recovered
d5a74e8d9dc6bccef955,kashika_4_2.rs,348,sutra_4_2_86,4.2.86,bisa,matup,bisavat,1,positive,active_test,177262c56eb4d20c14d4,4.2.86,Caturarthika,"the applicable place relation: presence, creation, dwelling, or proximity",fourfold_place_relation,nominal_base,meaning_bearing_derivative,laukika,plain-taddhita-rule-4.2.86.html,https://sanskritdocuments.org/learning_tools/ashtadhyayi/vyakhya/4/4.2.86.htm,semantic_relation_recovered
a847635844a363547399,kashika_4_2.rs,354,sutra_4_2_87,4.2.87,kumuda,qmatup,kumudvat,1,positive,ignored_test,ee9f30d2358341cafe9c,4.2.87,Caturarthika,"the applicable place relation: presence, creation, dwelling, or proximity",fourfold_place_relation,nominal_base,meaning_bearing_derivative,laukika,plain-taddhita-rule-4.2.87.html,https://sanskritdocuments.org/learning_tools/ashtadhyayi/vyakhya/4/4.2.87.htm,ignored_test_not_admitted
627511ea04a33f077329,kashika_4_2.rs,355,sutra_4_2_87,4.2.87,naqa,qmatup,maqvat,1,positive,ignored_test,c0f62809fe187c3bff8a,4.2.87,Caturarthika,"the applicable place relation: presence, creation, dwelling, or proximity",fourfold_place_relation,nominal_base,meaning_bearing_derivative,laukika,plain-taddhita-rule-4.2.87.html,https://sanskritdocuments.org/learning_tools/ashtadhyayi/vyakhya/4/4.2.87.htm,ignored_test_not_admitted
41bda699fe84aa2456e6,kashika_4_2.rs,356,sutra_4_2_87,4.2.87,vetasa,qmatup,vetasvat,1,positive,ignored_test,4ff423dd619d0295cd26,4.2.87,Caturarthika,"the applicable place relation: presence, creation, dwelling, or proximity",fourfold_place_relation,nominal_base,meaning_bearing_derivative,laukika,plain-taddhita-rule-4.2.87.html,https://sanskritdocuments.org/learning_tools/ashtadhyayi/vyakhya/4/4.2.87.htm,ignored_test_not_admitted
10c723172e34fb386247,kashika_4_2.rs,366,sutra_4_2_92,4.2.92,rAzwra,Ga,rAzwriya,1,positive,ignored_test,22e527ec91693b879cf0,4.2.92,Sheshe,"the geographic, origin, or other association specified for the named base",specified_association,nominal_base,meaning_bearing_derivative,laukika,plain-taddhita-rule-4.2.92.html,https://sanskritdocuments.org/learning_tools/ashtadhyayi/vyakhya/4/4.2.92.htm,ignored_test_not_admitted
fc32fbaae584f5a18680,kashika_4_2.rs,367,sutra_4_2_92,4.2.92,avArapAra,Ka,avArapArIRa,1,positive,ignored_test,9d778473cd108f6bda9a,4.2.92,Sheshe,"the geographic, origin, or other association specified for the named base",specified_association,nominal_base,meaning_bearing_derivative,laukika,plain-taddhita-rule-4.2.92.html,https://sanskritdocuments.org/learning_tools/ashtadhyayi/vyakhya/4/4.2.92.htm,ignored_test_not_admitted
ebbc6292b4c59249a977,kashika_4_2.rs,369,sutra_4_2_92,4.2.92,cakzus,aR,cAkzuza,1,positive,ignored_test,b6024d7c96ae68d5cfdc,4.2.92,Sheshe,"the geographic, origin, or other association specified for the named base",specified_association,nominal_base,meaning_bearing_derivative,laukika,plain-taddhita-rule-4.2.92.html,https://sanskritdocuments.org/learning_tools/ashtadhyayi/vyakhya/4/4.2.92.htm,ignored_test_not_admitted
0d478f04f7d111c211a6,kashika_4_2.rs,370,sutra_4_2_92,4.2.92,SravaRa,aR,SrAvaRa,1,positive,ignored_test,a6b7d5092efd256c2b43,4.2.92,Sheshe,"the geographic, origin, or other association specified for the named base",specified_association,nominal_base,meaning_bearing_derivative,laukika,plain-taddhita-rule-4.2.92.html,https://sanskritdocuments.org/learning_tools/ashtadhyayi/vyakhya/4/4.2.92.htm,ignored_test_not_admitted
15c5d5ed947c20f52d5a,kashika_4_2.rs,371,sutra_4_2_92,4.2.92,dfzad,aR,dArzada,1,positive,ignored_test,a93457941b7acae22147,4.2.92,Sheshe,"the geographic, origin, or other association specified for the named base",specified_association,nominal_base,meaning_bearing_derivative,laukika,plain-taddhita-rule-4.2.92.html,https://sanskritdocuments.org/learning_tools/ashtadhyayi/vyakhya/4/4.2.92.htm,ignored_test_not_admitted
9f97628e4c215340302c,kashika_4_2.rs,372,sutra_4_2_92,4.2.92,ulUkala,aR,OlUKala,1,positive,ignored_test,dc5b7bd7a558593ec5a4,4.2.92,Sheshe,"the geographic, origin, or other association specified for the named base",specified_association,nominal_base,meaning_bearing_derivative,laukika,plain-taddhita-rule-4.2.92.html,https://sanskritdocuments.org/learning_tools/ashtadhyayi/vyakhya/4/4.2.92.htm,ignored_test_not_admitted
25ef38232c247e465d71,kashika_4_2.rs,373,sutra_4_2_92,4.2.92,aSva,aR,ASva,1,positive,ignored_test,705cd8773cded4cefe5e,4.2.92,Sheshe,"the geographic, origin, or other association specified for the named base",specified_association,nominal_base,meaning_bearing_derivative,laukika,plain-taddhita-rule-4.2.92.html,https://sanskritdocuments.org/learning_tools/ashtadhyayi/vyakhya/4/4.2.92.htm,ignored_test_not_admitted
23af805328c7c043459f,kashika_4_2.rs,374,sutra_4_2_92,4.2.92,catur,aR,cAtura,1,positive,ignored_test,657f69665417c23552be,4.2.92,Sheshe,"the geographic, origin, or other association specified for the named base",specified_association,nominal_base,meaning_bearing_derivative,laukika,plain-taddhita-rule-4.2.92.html,https://sanskritdocuments.org/learning_tools/ashtadhyayi/vyakhya/4/4.2.92.htm,ignored_test_not_admitted
db1213a16b1c4efe4209,kashika_4_2.rs,375,sutra_4_2_92,4.2.92,caturdaSI,aR,cAturdaSa,1,positive,ignored_test,b07d4164ab7bfa3b4923,4.2.92,Sheshe,"the geographic, origin, or other association specified for the named base",specified_association,nominal_base,meaning_bearing_derivative,laukika,plain-taddhita-rule-4.2.92.html,https://sanskritdocuments.org/learning_tools/ashtadhyayi/vyakhya/4/4.2.92.htm,ignored_test_not_admitted
7df8cb8dfff3259e6888,kashika_4_2.rs,380,sutra_4_2_93,4.2.93,rAzwra,Ga,rAzwriya,1,positive,active_test,5fc958fe7fde69c2a2d9,4.2.93,Sheshe,"the geographic, origin, or other association specified for the named base",specified_association,nominal_base,meaning_bearing_derivative,laukika,plain-taddhita-rule-4.2.93.html,https://sanskritdocuments.org/learning_tools/ashtadhyayi/vyakhya/4/4.2.93.htm,semantic_relation_recovered
968e333e68a1a307ac2b,kashika_4_2.rs,381,sutra_4_2_93,4.2.93,avArapAra,Ka,avArapArIRa,1,positive,active_test,7d3f20285a30ebc213cb,4.2.93,Sheshe,"the geographic, origin, or other association specified for the named base",specified_association,nominal_base,meaning_bearing_derivative,laukika,plain-taddhita-rule-4.2.93.html,https://sanskritdocuments.org/learning_tools/ashtadhyayi/vyakhya/4/4.2.93.htm,semantic_relation_recovered
a71d7bc4c92cbe78b6e6,kashika_4_2.rs,386,sutra_4_2_93_v1,4.2.93,avAra,Ka,avArIRa,1,positive,active_test,fbd90f569617c635d103,4.2.93,Sheshe,"the geographic, origin, or other association specified for the named base",specified_association,nominal_base,meaning_bearing_derivative,laukika,plain-taddhita-rule-4.2.93.html,https://sanskritdocuments.org/learning_tools/ashtadhyayi/vyakhya/4/4.2.93.htm,semantic_relation_recovered
66170e31c8bac6906b48,kashika_4_2.rs,387,sutra_4_2_93_v1,4.2.93,pAra,Ka,pArIRa,1,positive,active_test,f5475b3e17c464304373,4.2.93,Sheshe,"the geographic, origin, or other association specified for the named base",specified_association,nominal_base,meaning_bearing_derivative,laukika,plain-taddhita-rule-4.2.93.html,https://sanskritdocuments.org/learning_tools/ashtadhyayi/vyakhya/4/4.2.93.htm,semantic_relation_recovered
2b144181bc9e3e18bfa5,kashika_4_2.rs,388,sutra_4_2_93_v1,4.2.93,pArAvara,Ka,pArAvarIRa,1,positive,active_test,14abec7a9cf9c39a40ff,4.2.93,Sheshe,"the geographic, origin, or other association specified for the named base",specified_association,nominal_base,meaning_bearing_derivative,laukika,plain-taddhita-rule-4.2.93.html,https://sanskritdocuments.org/learning_tools/ashtadhyayi/vyakhya/4/4.2.93.htm,semantic_relation_recovered
4bc031a41335b3f04bbc,kashika_4_2.rs,393,sutra_4_2_94,4.2.94,grAma,ya,grAmya,1,positive,active_test,8a6297c34a93cff8fe3b,4.2.94,Sheshe,"the geographic, origin, or other association specified for the named base",specified_association,nominal_base,meaning_bearing_derivative,laukika,plain-taddhita-rule-4.2.94.html,https://sanskritdocuments.org/learning_tools/ashtadhyayi/vyakhya/4/4.2.94.htm,semantic_relation_recovered
0968a1049c80516e5681,kashika_4_2.rs,394,sutra_4_2_94,4.2.94,grAma,KaY,grAmIRa,1,positive,active_test,a030efed42220986e550,4.2.94,Sheshe,"the geographic, origin, or other association specified for the named base",specified_association,nominal_base,meaning_bearing_derivative,laukika,plain-taddhita-rule-4.2.94.html,https://sanskritdocuments.org/learning_tools/ashtadhyayi/vyakhya/4/4.2.94.htm,semantic_relation_recovered
5284194a69aa66534977,kashika_4_2.rs,399,sutra_4_2_95,4.2.95,katri,QakaY,kAtreyaka,1,positive,active_test,318b5c7bd5f0c2fe22e6,4.2.95,Sheshe,"the geographic, origin, or other association specified for the named base",specified_association,nominal_base,meaning_bearing_derivative,laukika,plain-taddhita-rule-4.2.95.html,https://sanskritdocuments.org/learning_tools/ashtadhyayi/vyakhya/4/4.2.95.htm,semantic_relation_recovered
34988c30fe1f5cdeb7c9,kashika_4_2.rs,400,sutra_4_2_95,4.2.95,umBi,QakaY,OmBeyaka,1,positive,active_test,9c6063eaaade7cbe24cb,4.2.95,Sheshe,"the geographic, origin, or other association specified for the named base",specified_association,nominal_base,meaning_bearing_derivative,laukika,plain-taddhita-rule-4.2.95.html,https://sanskritdocuments.org/learning_tools/ashtadhyayi/vyakhya/4/4.2.95.htm,semantic_relation_recovered
2778594ee10f05dc57d4,kashika_4_2.rs,405,sutra_4_2_97,4.2.97,nadI,Qak,nAdeya,1,positive,active_test,855eb447dc322a51293c,4.2.97,Sheshe,"the geographic, origin, or other association specified for the named base",specified_association,nominal_base,meaning_bearing_derivative,laukika,plain-taddhita-rule-4.2.97.html,https://sanskritdocuments.org/learning_tools/ashtadhyayi/vyakhya/4/4.2.97.htm,semantic_relation_recovered
e763f10803d47bb6b8b6,kashika_4_2.rs,406,sutra_4_2_97,4.2.97,mahI,Qak,mAheya,1,positive,active_test,1e37ce6a33e1e563de9f,4.2.97,Sheshe,"the geographic, origin, or other association specified for the named base",specified_association,nominal_base,meaning_bearing_derivative,laukika,plain-taddhita-rule-4.2.97.html,https://sanskritdocuments.org/learning_tools/ashtadhyayi/vyakhya/4/4.2.97.htm,semantic_relation_recovered
81791f3b8cc06eb16a3a,kashika_4_2.rs,411,sutra_4_2_98,4.2.98,dakziRA,tyak,dAkziRAtya,1,positive,active_test,979a285b2e32ba8a063f,4.2.98,Sheshe,"the geographic, origin, or other association specified for the named base",specified_association,nominal_base,meaning_bearing_derivative,laukika,plain-taddhita-rule-4.2.98.html,https://sanskritdocuments.org/learning_tools/ashtadhyayi/vyakhya/4/4.2.98.htm,semantic_relation_recovered
0585156f2e8bee2f41a7,kashika_4_2.rs,412,sutra_4_2_98,4.2.98,paScAt,tyak,pAScAttya,1,positive,active_test,c505563dccff4bc20e52,4.2.98,Sheshe,"the geographic, origin, or other association specified for the named base",specified_association,nominal_base,meaning_bearing_derivative,laukika,plain-taddhita-rule-4.2.98.html,https://sanskritdocuments.org/learning_tools/ashtadhyayi/vyakhya/4/4.2.98.htm,semantic_relation_recovered
508234f696969bb28c66,kashika_4_2.rs,413,sutra_4_2_98,4.2.98,puras,tyak,pOrastya,1,positive,active_test,7ce53bf4301e328b36a4,4.2.98,Sheshe,"the geographic, origin, or other association specified for the named base",specified_association,nominal_base,meaning_bearing_derivative,laukika,plain-taddhita-rule-4.2.98.html,https://sanskritdocuments.org/learning_tools/ashtadhyayi/vyakhya/4/4.2.98.htm,semantic_relation_recovered
3172ba93349b38b6fa49,kashika_4_2.rs,418,sutra_4_2_99,4.2.99,kApiSI,zPak,kApiSAyana,1,positive,active_test,9a06f1269c08a4702562,4.2.99,Sheshe,"the geographic, origin, or other association specified for the named base",specified_association,nominal_base,meaning_bearing_derivative,laukika,plain-taddhita-rule-4.2.99.html,https://sanskritdocuments.org/learning_tools/ashtadhyayi/vyakhya/4/4.2.99.htm,semantic_relation_recovered
003330086c09a6eeb34d,kashika_4_2.rs,424,sutra_4_2_100,4.2.100,raNku,zPak,rANkavAyaRa,1,positive,active_test,6e9693f46e5c6f3e5297,4.2.100,Sheshe,"the geographic, origin, or other association specified for the named base",specified_association,nominal_base,meaning_bearing_derivative,laukika,plain-taddhita-rule-4.2.100.html,https://sanskritdocuments.org/learning_tools/ashtadhyayi/vyakhya/4/4.2.100.htm,semantic_relation_recovered
00d5dba62949150948ad,kashika_4_2.rs,425,sutra_4_2_100,4.2.100,raNku,aR,rANkava,1,positive,active_test,8b95cd83936cd0427352,4.2.100,Sheshe,"the geographic, origin, or other association specified for the named base",specified_association,nominal_base,meaning_bearing_derivative,laukika,plain-taddhita-rule-4.2.100.html,https://sanskritdocuments.org/learning_tools/ashtadhyayi/vyakhya/4/4.2.100.htm,semantic_relation_recovered
c925e4ca264368b9f773,kashika_4_2.rs,431,sutra_4_2_101,4.2.101,dyu,yat,divya,1,positive,ignored_test,9c35d6f7dd7169cbe779,4.2.101,Sheshe,"the geographic, origin, or other association specified for the named base",specified_association,nominal_base,meaning_bearing_derivative,laukika,plain-taddhita-rule-4.2.101.html,https://sanskritdocuments.org/learning_tools/ashtadhyayi/vyakhya/4/4.2.101.htm,ignored_test_not_admitted
31b2f50585affb95065a,kashika_4_2.rs,432,sutra_4_2_101,4.2.101,prAc,yat,prAcya,1,positive,ignored_test,12ec89b1072e9232cca2,4.2.101,Sheshe,"the geographic, origin, or other association specified for the named base",specified_association,nominal_base,meaning_bearing_derivative,laukika,plain-taddhita-rule-4.2.101.html,https://sanskritdocuments.org/learning_tools/ashtadhyayi/vyakhya/4/4.2.101.htm,ignored_test_not_admitted
1767162594b65751c514,kashika_4_2.rs,433,sutra_4_2_101,4.2.101,apAc,yat,apAcya,1,positive,ignored_test,6ed84e006ed24c803936,4.2.101,Sheshe,"the geographic, origin, or other association specified for the named base",specified_association,nominal_base,meaning_bearing_derivative,laukika,plain-taddhita-rule-4.2.101.html,https://sanskritdocuments.org/learning_tools/ashtadhyayi/vyakhya/4/4.2.101.htm,ignored_test_not_admitted
cff9dbbb33eee1659852,kashika_4_2.rs,434,sutra_4_2_101,4.2.101,udac,yat,udIcya,1,positive,ignored_test,7a704dbd4d9b6ab2ec71,4.2.101,Sheshe,"the geographic, origin, or other association specified for the named base",specified_association,nominal_base,meaning_bearing_derivative,laukika,plain-taddhita-rule-4.2.101.html,https://sanskritdocuments.org/learning_tools/ashtadhyayi/vyakhya/4/4.2.101.htm,ignored_test_not_admitted
c8a5bd53315c5e591b21,kashika_4_2.rs,435,sutra_4_2_101,4.2.101,pratyac,yat,pratIcya,1,positive,ignored_test,cb4692fb1eb4a756aa08,4.2.101,Sheshe,"the geographic, origin, or other association specified for the named base",specified_association,nominal_base,meaning_bearing_derivative,laukika,plain-taddhita-rule-4.2.101.html,https://sanskritdocuments.org/learning_tools/ashtadhyayi/vyakhya/4/4.2.101.htm,ignored_test_not_admitted
b711df56d695f30159e8,kashika_4_2.rs,440,sutra_4_2_102,4.2.102,kanTA,Wak,kAnTika,1,positive,active_test,ff1d37bbf997d73c4a6e,4.2.102,Sheshe,"the geographic, origin, or other association specified for the named base",specified_association,nominal_base,meaning_bearing_derivative,laukika,plain-taddhita-rule-4.2.102.html,https://sanskritdocuments.org/learning_tools/ashtadhyayi/vyakhya/4/4.2.102.htm,semantic_relation_recovered
b0b2775e6f21fec20371,kashika_4_2.rs,445,sutra_4_2_103,4.2.103,kanTA,vuk,kAnTaka,1,positive,active_test,f85a4d352670e5451cce,4.2.103,Sheshe,"the geographic, origin, or other association specified for the named base",specified_association,nominal_base,meaning_bearing_derivative,laukika,plain-taddhita-rule-4.2.103.html,https://sanskritdocuments.org/learning_tools/ashtadhyayi/vyakhya/4/4.2.103.htm,semantic_relation_recovered
097d06521376ed0e54f1,kashika_4_2.rs,450,sutra_4_2_105,4.2.105,Ezamas,tyap,Ezamastya,1,positive,active_test,afc447cca5dcfe120b1a,4.2.105,ShesheTemporal,belonging to or occurring in the named time,temporal_association,nominal_base,meaning_bearing_derivative,laukika,plain-taddhita-rule-4.2.105.html,https://sanskritdocuments.org/learning_tools/ashtadhyayi/vyakhya/4/4.2.105.htm,semantic_relation_recovered
782616b4fe637c7887c3,kashika_4_2.rs,451,sutra_4_2_105,4.2.105,hyas,tyap,hyastya,1,positive,active_test,2360bbbb308295512896,4.2.105,ShesheTemporal,belonging to or occurring in the named time,temporal_association,nominal_base,meaning_bearing_derivative,laukika,plain-taddhita-rule-4.2.105.html,https://sanskritdocuments.org/learning_tools/ashtadhyayi/vyakhya/4/4.2.105.htm,semantic_relation_recovered
e6447d89ceec3ddb33a5,kashika_4_2.rs,452,sutra_4_2_105,4.2.105,Svas,tyap,Svastya,1,positive,active_test,4ab025b12b0206feb48d,4.2.105,ShesheTemporal,belonging to or occurring in the named time,temporal_association,nominal_base,meaning_bearing_derivative,laukika,plain-taddhita-rule-4.2.105.html,https://sanskritdocuments.org/learning_tools/ashtadhyayi/vyakhya/4/4.2.105.htm,semantic_relation_recovered
21eb03d2789609c93d6b,kashika_4_2.rs,467,sutra_4_2_114,4.2.114,gArgya,Ca,gArgIya,1,positive,ignored_test,2ca10a5f77350f213ee4,4.2.114,Sheshe,"the geographic, origin, or other association specified for the named base",specified_association,nominal_base,meaning_bearing_derivative,laukika,plain-taddhita-rule-4.2.114.html,https://sanskritdocuments.org/learning_tools/ashtadhyayi/vyakhya/4/4.2.114.htm,ignored_test_not_admitted
513206208048dc6d5e15,kashika_4_2.rs,468,sutra_4_2_114,4.2.114,vAtsa,Ca,vAtsIya,1,positive,ignored_test,6195707ff10be114b5c2,4.2.114,Sheshe,"the geographic, origin, or other association specified for the named base",specified_association,nominal_base,meaning_bearing_derivative,laukika,plain-taddhita-rule-4.2.114.html,https://sanskritdocuments.org/learning_tools/ashtadhyayi/vyakhya/4/4.2.114.htm,ignored_test_not_admitted
34aea2748b13ddeb115f,kashika_4_2.rs,469,sutra_4_2_114,4.2.114,SAla,Ca,SAlIya,1,positive,ignored_test,7729d4b8898c7b1e0936,4.2.114,Sheshe,"the geographic, origin, or other association specified for the named base",specified_association,nominal_base,meaning_bearing_derivative,laukika,plain-taddhita-rule-4.2.114.html,https://sanskritdocuments.org/learning_tools/ashtadhyayi/vyakhya/4/4.2.114.htm,ignored_test_not_admitted
060e7c2aeab49c34b12e,kashika_4_2.rs,470,sutra_4_2_114,4.2.114,mAla,Ca,mAlIya,1,positive,ignored_test,543208c86f492982ce18,4.2.114,Sheshe,"the geographic, origin, or other association specified for the named base",specified_association,nominal_base,meaning_bearing_derivative,laukika,plain-taddhita-rule-4.2.114.html,https://sanskritdocuments.org/learning_tools/ashtadhyayi/vyakhya/4/4.2.114.htm,ignored_test_not_admitted
fe04bc045279217ff564,kashika_4_2.rs,476,sutra_4_2_115,4.2.115,Bavat,Wak,BAvatka,1,positive,ignored_test,6c1bc95309fe5746dc6d,4.2.115,Sheshe,"the geographic, origin, or other association specified for the named base",specified_association,nominal_base,meaning_bearing_derivative,laukika,plain-taddhita-rule-4.2.115.html,https://sanskritdocuments.org/learning_tools/ashtadhyayi/vyakhya/4/4.2.115.htm,ignored_test_not_admitted
7bd5364d9387a610c295,kashika_4_2.rs,477,sutra_4_2_115,4.2.115,Bavat,Cas,BavadIya,1,positive,ignored_test,addf30de5d2a93183b2c,4.2.115,Sheshe,"the geographic, origin, or other association specified for the named base",specified_association,nominal_base,meaning_bearing_derivative,laukika,plain-taddhita-rule-4.2.115.html,https://sanskritdocuments.org/learning_tools/ashtadhyayi/vyakhya/4/4.2.115.htm,ignored_test_not_admitted
1c1205635c135351de6b,kashika_4_2.rs,478,sutra_4_2_115,4.2.115,Bavat,Ca,,0,negative,ignored_test,c5ba8b19e979034d9ab9,,,,,,,,,,negative_assertion_not_admitted
fd441ec70198ae90f2a2,kashika_4_4.rs,236,sutra_4_4_34,4.4.34,Sabda,Wak,SAbdika,1,positive,active_test,eb40cace96f4b2a7cfa1,4.4.34,Karoti,one who performs or produces the named action or sound,performer,nominal_base,meaning_bearing_derivative,laukika,plain-taddhita-rule-4.4.34.html,https://sanskritdocuments.org/learning_tools/ashtadhyayi/vyakhya/4/4.4.34.htm,semantic_relation_recovered
f67e0e7ba303eee72d02,kashika_4_4.rs,237,sutra_4_4_34,4.4.34,dardura,Wak,dArdurika,1,positive,active_test,01b5edcf2e8fad86d4b5,4.4.34,Karoti,one who performs or produces the named action or sound,performer,nominal_base,meaning_bearing_derivative,laukika,plain-taddhita-rule-4.4.34.html,https://sanskritdocuments.org/learning_tools/ashtadhyayi/vyakhya/4/4.4.34.htm,semantic_relation_recovered
6cfd99af1d2d8638d6aa,kashika_4_4.rs,444,sutra_4_4_65,4.4.65,apUpa,Wak,ApUpika,1,positive,active_test,1c55cd9c07a5dcfb0f31,4.4.65,HitamBhaksha,one for whom the named food is suitable,suitable_food,nominal_base,meaning_bearing_derivative,laukika,plain-taddhita-rule-4.4.65.html,https://sanskritdocuments.org/learning_tools/ashtadhyayi/vyakhya/4/4.4.65.htm,semantic_relation_recovered
1063ea1d2f1674c3a995,kashika_4_4.rs,445,sutra_4_4_65,4.4.65,Sazkula,Wak,SAzkulika,1,positive,active_test,3a34457fd29b74e5b4f8,4.4.65,HitamBhaksha,one for whom the named food is suitable,suitable_food,nominal_base,meaning_bearing_derivative,laukika,plain-taddhita-rule-4.4.65.html,https://sanskritdocuments.org/learning_tools/ashtadhyayi/vyakhya/4/4.4.65.htm,semantic_relation_recovered
f02b77cbd122eb38c5c4,kashika_4_4.rs,446,sutra_4_4_65,4.4.65,modaka,Wak,mOdakika,1,positive,active_test,3971b9e451faf6e833a8,4.4.65,HitamBhaksha,one for whom the named food is suitable,suitable_food,nominal_base,meaning_bearing_derivative,laukika,plain-taddhita-rule-4.4.65.html,https://sanskritdocuments.org/learning_tools/ashtadhyayi/vyakhya/4/4.4.65.htm,semantic_relation_recovered
c160458f9b2afda289ea,kashika_4_4.rs,488,sutra_4_4_71,4.4.71,SmaSAna,Wak,SmASAnika,1,positive,active_test,d3d36729a8f453d1b918,4.4.71,AdhyayiniAdeshaKala,one who studies at the named prohibited place or time,study_place_or_time,nominal_base,meaning_bearing_derivative,laukika,plain-taddhita-rule-4.4.71.html,https://sanskritdocuments.org/learning_tools/ashtadhyayi/vyakhya/4/4.4.71.htm,semantic_relation_recovered
7cca27393b03d688c013,kashika_4_4.rs,489,sutra_4_4_71,4.4.71,catuzpaTa,Wak,cAtuzpaTika,1,positive,active_test,047e50d9c42f9478ba51,4.4.71,AdhyayiniAdeshaKala,one who studies at the named prohibited place or time,study_place_or_time,nominal_base,meaning_bearing_derivative,laukika,plain-taddhita-rule-4.4.71.html,https://sanskritdocuments.org/learning_tools/ashtadhyayi/vyakhya/4/4.4.71.htm,semantic_relation_recovered
b802902b781b2f2836bd,kashika_4_4.rs,490,sutra_4_4_71,4.4.71,caturdaSa,Wak,cAturdaSika,1,positive,active_test,54b271f224240c05b747,4.4.71,AdhyayiniAdeshaKala,one who studies at the named prohibited place or time,study_place_or_time,nominal_base,meaning_bearing_derivative,laukika,plain-taddhita-rule-4.4.71.html,https://sanskritdocuments.org/learning_tools/ashtadhyayi/vyakhya/4/4.4.71.htm,semantic_relation_recovered
0be214f1222189612d22,kashika_4_4.rs,491,sutra_4_4_71,4.4.71,amAvAsyA,Wak,AmAvAsyika,1,positive,active_test,b8df3bec8d0c1c036b58,4.4.71,AdhyayiniAdeshaKala,one who studies at the named prohibited place or time,study_place_or_time,nominal_base,meaning_bearing_derivative,laukika,plain-taddhita-rule-4.4.71.html,https://sanskritdocuments.org/learning_tools/ashtadhyayi/vyakhya/4/4.4.71.htm,semantic_relation_recovered
ae76928ff73a11d8744c,kashika_4_4.rs,588,sutra_4_4_91,4.4.91,nO,yat,nAvya,1,positive,active_test,b39a661e51431bfa9428,4.4.91,NavaTaryam,water or a route traversable by boat,means_of_crossing,nominal_base,meaning_bearing_derivative,laukika,plain-taddhita-rule-4.4.91.html,https://sanskritdocuments.org/learning_tools/ashtadhyayi/vyakhya/4/4.4.91.htm,semantic_relation_recovered
7e1094a4fb7df25951a5,kashika_4_4.rs,589,sutra_4_4_91,4.4.91,vayas,yat,vayasya,1,positive,active_test,4107b346b4732ed1a5fc,4.4.91,VayasaTulyah,a companion or friend equal in age,equality_in_age,nominal_base,meaning_bearing_derivative,laukika,plain-taddhita-rule-4.4.91.html,https://sanskritdocuments.org/learning_tools/ashtadhyayi/vyakhya/4/4.4.91.htm,semantic_relation_recovered
77020c4720f3aa302adf,kashika_4_4.rs,590,sutra_4_4_91,4.4.91,Darma,yat,Darmya,1,positive,active_test,8de908d97fbdb5e0e77c,4.4.91,DharmenaPrapyam,attainable through dharma,means_of_attainment,nominal_base,meaning_bearing_derivative,laukika,plain-taddhita-rule-4.4.91.html,https://sanskritdocuments.org/learning_tools/ashtadhyayi/vyakhya/4/4.4.91.htm,semantic_relation_recovered
73480d73a650d035797c,kashika_4_4.rs,591,sutra_4_4_91,4.4.91,viza,yat,vizya,1,positive,active_test,0f27adcecaba4a9a610e,4.4.91,VishenaVadhyah,liable or fit to be killed by poison,means_of_killing,nominal_base,meaning_bearing_derivative,laukika,plain-taddhita-rule-4.4.91.html,https://sanskritdocuments.org/learning_tools/ashtadhyayi/vyakhya/4/4.4.91.htm,semantic_relation_recovered
a912047451a373894ac6,kashika_4_4.rs,592,sutra_4_4_91,4.4.91,mUla,yat,mUlya,1,positive,active_test,d65cda95f9900f2d21b2,4.4.91,MulenaAnamyam,overcome or acquired by the named price,price_relation,nominal_base,meaning_bearing_derivative,laukika,plain-taddhita-rule-4.4.91.html,https://sanskritdocuments.org/learning_tools/ashtadhyayi/vyakhya/4/4.4.91.htm,semantic_relation_recovered
a912047451a373894ac6,kashika_4_4.rs,592,sutra_4_4_91,4.4.91,mUla,yat,mUlya,1,positive,active_test,7da34e1b13cf6a6e32e6,4.4.91,MulenaSamam,equal in value to the named price,price_equivalence,nominal_base,meaning_bearing_derivative,laukika,plain-taddhita-rule-4.4.91.html,https://sanskritdocuments.org/learning_tools/ashtadhyayi/vyakhya/4/4.4.91.htm,semantic_relation_recovered
5e973ff4b552fe8f03fd,kashika_4_4.rs,593,sutra_4_4_91,4.4.91,sItA,yat,sItya,1,positive,active_test,da0a4f168782fd1b9c4f,4.4.91,SitayaSamitam,a field measured or joined by the named furrow,field_measure,nominal_base,meaning_bearing_derivative,laukika,plain-taddhita-rule-4.4.91.html,https://sanskritdocuments.org/learning_tools/ashtadhyayi/vyakhya/4/4.4.91.htm,semantic_relation_recovered
06882f5d3328ede23d28,kashika_4_4.rs,594,sutra_4_4_91,4.4.91,tulA,yat,tulya,1,positive,active_test,a897f9e03f68eb2618ac,4.4.91,TulayaSammitam,equal or commensurate according to a balance,measured_equivalence,nominal_base,meaning_bearing_derivative,laukika,plain-taddhita-rule-4.4.91.html,https://sanskritdocuments.org/learning_tools/ashtadhyayi/vyakhya/4/4.4.91.htm,semantic_relation_recovered
f4cce177edc3feb06c86,kashika_4_4.rs,624,sutra_4_4_97,4.4.97,mata,yat,matya,1,positive,active_test,046faf816ff709b693bc,4.4.97,MatasyaKaranam,the act or instrument of cognition,cognitive_instrument_or_act,nominal_base,meaning_bearing_derivative,laukika,plain-taddhita-rule-4.4.97.html,https://sanskritdocuments.org/learning_tools/ashtadhyayi/vyakhya/4/4.4.97.htm,semantic_relation_recovered
ce7f30ba41d8476fb1c3,kashika_4_4.rs,625,sutra_4_4_97,4.4.97,jana,yat,janya,1,positive,active_test,fa336f9f3a7c20a79671,4.4.97,JanasyaJalpah,speech or talk of people,community_speech,nominal_base,meaning_bearing_derivative,laukika,plain-taddhita-rule-4.4.97.html,https://sanskritdocuments.org/learning_tools/ashtadhyayi/vyakhya/4/4.4.97.htm,semantic_relation_recovered
64d85c389780db17a4e8,kashika_4_4.rs,626,sutra_4_4_97,4.4.97,hala,yat,halya,1,positive,active_test,97b9eeb8170501987e28,4.4.97,HalasyaKarshah,ploughing performed with a plough,means_of_ploughing,nominal_base,meaning_bearing_derivative,laukika,plain-taddhita-rule-4.4.97.html,https://sanskritdocuments.org/learning_tools/ashtadhyayi/vyakhya/4/4.4.97.htm,semantic_relation_recovered
d27a80604f902cdfc10d,kashika_5_1.rs,24,sutra_5_1_2,5.1.2,SaNku,yat,SaNkavya,1,positive,active_test,f2055c0b89175a5e2540,5.1.2,PrakKritiya,material intended or suitable for the named thing,intended_material,nominal_base,meaning_bearing_derivative,laukika,plain-taddhita-rule-5.1.2.html,https://sanskritdocuments.org/learning_tools/ashtadhyayi/vyakhya/5/5.1.2.htm,semantic_relation_recovered
6ac9c7b0f09a5751a759,kashika_5_1.rs,25,sutra_5_1_2,5.1.2,picU,yat,picavya,1,positive,active_test,0b4af309cb26c767768d,5.1.2,PrakKritiya,material intended or suitable for the named thing,intended_material,nominal_base,meaning_bearing_derivative,laukika,plain-taddhita-rule-5.1.2.html,https://sanskritdocuments.org/learning_tools/ashtadhyayi/vyakhya/5/5.1.2.htm,semantic_relation_recovered
758e755a504a4b13f7ee,kashika_5_1.rs,26,sutra_5_1_2,5.1.2,kamaRqalu,yat,kamaRqalavya,1,positive,active_test,6da6a9f91f78873b15bd,5.1.2,PrakKritiya,material intended or suitable for the named thing,intended_material,nominal_base,meaning_bearing_derivative,laukika,plain-taddhita-rule-5.1.2.html,https://sanskritdocuments.org/learning_tools/ashtadhyayi/vyakhya/5/5.1.2.htm,semantic_relation_recovered
11b753ed6e697eebf028,kashika_5_1.rs,27,sutra_5_1_2,5.1.2,go,yat,gavya,1,positive,active_test,b04d20556abc6711ec64,5.1.2,PrakKritiya,material intended or suitable for the named thing,intended_material,nominal_base,meaning_bearing_derivative,laukika,plain-taddhita-rule-5.1.2.html,https://sanskritdocuments.org/learning_tools/ashtadhyayi/vyakhya/5/5.1.2.htm,semantic_relation_recovered
e47b421a5166cb973e80,kashika_5_1.rs,33,sutra_5_1_3,5.1.3,kambala,yat,kambalya,1,positive,active_test,5a1ae7c589d3d0a84a0d,5.1.3,KambalyaMeasure,the named conventional measure of wool,named_measure,nominal_base,meaning_bearing_derivative,laukika,plain-taddhita-rule-5.1.3.html,https://sanskritdocuments.org/learning_tools/ashtadhyayi/vyakhya/5/5.1.3.htm,semantic_relation_recovered
dcf5fe23ab19dccb6df5,kashika_5_1.rs,207,sutra_5_1_22,5.1.22,paYca,kan,paYcaka,1,positive,active_test,92961192df86f50c7875,5.1.22,TenaKritam,bought for the named count or amount,purchase_amount,nominal_base,meaning_bearing_derivative,laukika,plain-taddhita-rule-5.1.22.html,https://sanskritdocuments.org/learning_tools/ashtadhyayi/vyakhya/5/5.1.22.htm,semantic_relation_recovered
66252d80e0e4103b251d,kashika_5_1.rs,208,sutra_5_1_22,5.1.22,bahu,kan,bahuka,1,positive,active_test,b42fa0a134f67a6d8ea2,5.1.22,TenaKritam,bought for the named count or amount,purchase_amount,nominal_base,meaning_bearing_derivative,laukika,plain-taddhita-rule-5.1.22.html,https://sanskritdocuments.org/learning_tools/ashtadhyayi/vyakhya/5/5.1.22.htm,semantic_relation_recovered
7de77a17de971bf27f31,kashika_5_1.rs,209,sutra_5_1_22,5.1.22,gaRa,kan,gaRaka,1,positive,active_test,41bc023298fc9f9e94af,5.1.22,TenaKritam,bought for the named count or amount,purchase_amount,nominal_base,meaning_bearing_derivative,laukika,plain-taddhita-rule-5.1.22.html,https://sanskritdocuments.org/learning_tools/ashtadhyayi/vyakhya/5/5.1.22.htm,semantic_relation_recovered
0a8f4145280babf26037,kashika_5_1.rs,211,sutra_5_1_22,5.1.22,saptati,WaY,sAptatika,1,positive,active_test,840d2b134186bff74c8f,5.1.22,TenaKritam,bought for the named count or amount,purchase_amount,nominal_base,meaning_bearing_derivative,laukika,plain-taddhita-rule-5.1.22.html,https://sanskritdocuments.org/learning_tools/ashtadhyayi/vyakhya/5/5.1.22.htm,semantic_relation_recovered
6986b5123e3be74f8f43,kashika_5_1.rs,212,sutra_5_1_22,5.1.22,catvAriMSat,WaY,cAtvAriMSatka,1,positive,active_test,fbbf598e3db16df62191,5.1.22,TenaKritam,bought for the named count or amount,purchase_amount,nominal_base,meaning_bearing_derivative,laukika,plain-taddhita-rule-5.1.22.html,https://sanskritdocuments.org/learning_tools/ashtadhyayi/vyakhya/5/5.1.22.htm,semantic_relation_recovered
fbe79c8e86b6ba7881f2,kashika_5_1.rs,522,sutra_5_1_77_v3,5.1.77,sTalapaTa,aR,sTAlapaTa,1,positive,active_test,ad0e046a8e7ee8a59be9,5.1.77,AhrtamGacchati,brought or traveling by the named route,route_relation,nominal_base,meaning_bearing_derivative,laukika,plain-taddhita-rule-5.1.77.html,https://sanskritdocuments.org/learning_tools/ashtadhyayi/vyakhya/5/5.1.77.htm,semantic_relation_recovered
8ea05606e85db2411630,kashika_5_1.rs,557,sutra_5_1_105,5.1.105,ftu,aR,Artava,1,positive,active_test,ae1ee4f7e31b303df38c,5.1.105,TadAsyaPraptam,whose proper season has arrived; seasonal,seasonal_relation,nominal_base,meaning_bearing_derivative,laukika,plain-taddhita-rule-5.1.105.html,https://sanskritdocuments.org/learning_tools/ashtadhyayi/vyakhya/5/5.1.105.htm,semantic_relation_recovered
88eaad113ecbc0ea93a3,kashika_5_1.rs,562,sutra_5_1_106,5.1.106,ftu,Gas,ftviya,1,positive,active_test,32cab3ad0056796cb34f,5.1.106,TadAsyaPraptam,whose proper season has arrived; seasonal,seasonal_relation,nominal_base,meaning_bearing_derivative,vaidika,plain-taddhita-rule-5.1.106.html,https://sanskritdocuments.org/learning_tools/ashtadhyayi/vyakhya/5/5.1.106.htm,semantic_relation_recovered
a068249784f0e1f09af5,kashika_5_1.rs,567,sutra_5_1_119,5.1.119,aSva,tva,aSvatva,1,positive,active_test,d08646ea38317665b6f6,5.1.119,TasyaBhava,the state or defining quality denoted by the nominal base,state_or_quality,nominal_base,meaning_bearing_derivative,laukika,plain-taddhita-rule-5.1.119.html,https://sanskritdocuments.org/learning_tools/ashtadhyayi/vyakhya/5/5.1.119.htm,semantic_relation_recovered
4cf96f20492b34b667f7,kashika_5_1.rs,568,sutra_5_1_119,5.1.119,aSva,tal,aSvatA,1,positive,active_test,640804330000dd9cbf0a,5.1.119,TasyaBhava,the state or defining quality denoted by the nominal base,state_or_quality,nominal_base,meaning_bearing_derivative,laukika,plain-taddhita-rule-5.1.119.html,https://sanskritdocuments.org/learning_tools/ashtadhyayi/vyakhya/5/5.1.119.htm,semantic_relation_recovered
c61defb5f454d2a2f91a,kashika_5_1.rs,569,sutra_5_1_119,5.1.119,go,tva,gotva,1,positive,active_test,d69d51b2a76dce73affe,5.1.119,TasyaBhava,the state or defining quality denoted by the nominal base,state_or_quality,nominal_base,meaning_bearing_derivative,laukika,plain-taddhita-rule-5.1.119.html,https://sanskritdocuments.org/learning_tools/ashtadhyayi/vyakhya/5/5.1.119.htm,semantic_relation_recovered
e55be097dc2609d5121d,kashika_5_1.rs,570,sutra_5_1_119,5.1.119,go,tal,gotA,1,positive,active_test,08101bb682e8e389d900,5.1.119,TasyaBhava,the state or defining quality denoted by the nominal base,state_or_quality,nominal_base,meaning_bearing_derivative,laukika,plain-taddhita-rule-5.1.119.html,https://sanskritdocuments.org/learning_tools/ashtadhyayi/vyakhya/5/5.1.119.htm,semantic_relation_recovered
6ed68d4a0df1dd3ed45d,kashika_5_1.rs,575,sutra_5_1_122,5.1.122,pfTu,imanic,praTiman,1,positive,active_test,695d1beaae5b36adc68f,5.1.122,TasyaBhava,the state or defining quality denoted by the nominal base,state_or_quality,nominal_base,meaning_bearing_derivative,laukika,plain-taddhita-rule-5.1.122.html,https://sanskritdocuments.org/learning_tools/ashtadhyayi/vyakhya/5/5.1.122.htm,semantic_relation_recovered
89addca909c356d9ee01,kashika_5_1.rs,576,sutra_5_1_122,5.1.122,pfTu,aR,pArTava,1,positive,active_test,78603ce31bc3d126196a,5.1.122,TasyaBhava,the state or defining quality denoted by the nominal base,state_or_quality,nominal_base,meaning_bearing_derivative,laukika,plain-taddhita-rule-5.1.122.html,https://sanskritdocuments.org/learning_tools/ashtadhyayi/vyakhya/5/5.1.122.htm,semantic_relation_recovered
9d6d62d1d3f13f374b9d,kashika_5_1.rs,577,sutra_5_1_122,5.1.122,mfdu,imanic,mradiman,1,positive,active_test,6227054d341e582f1244,5.1.122,TasyaBhava,the state or defining quality denoted by the nominal base,state_or_quality,nominal_base,meaning_bearing_derivative,laukika,plain-taddhita-rule-5.1.122.html,https://sanskritdocuments.org/learning_tools/ashtadhyayi/vyakhya/5/5.1.122.htm,semantic_relation_recovered
4113cb31e1601fcbda6b,kashika_5_1.rs,578,sutra_5_1_122,5.1.122,mfdu,aR,mArdava,1,positive,active_test,537282f2e7a3e6dcab08,5.1.122,TasyaBhava,the state or defining quality denoted by the nominal base,state_or_quality,nominal_base,meaning_bearing_derivative,laukika,plain-taddhita-rule-5.1.122.html,https://sanskritdocuments.org/learning_tools/ashtadhyayi/vyakhya/5/5.1.122.htm,semantic_relation_recovered
3ce9a251c8274005ecc7,kashika_5_2.rs,79,sutra_5_2_9,5.2.9,anupada,Ka,anupadIna,1,positive,ignored_test,e4607cccf5205588181c,5.2.9,SvarthaLexicalFormation,the lexical quality or substance specified for the listed base,listed_lexical_formation,nominal_base,same_referent_or_lexical_derivative,laukika,plain-taddhita-rule-5.2.9.html,https://sanskritdocuments.org/learning_tools/ashtadhyayi/vyakhya/5/5.2.9.htm,ignored_test_not_admitted
a362c93c079bffb50ff2,kashika_5_2.rs,80,sutra_5_2_9,5.2.9,sarvAnna,Ka,sarvAnnIna,1,positive,ignored_test,6c9224cbf62d808621da,5.2.9,SvarthaLexicalFormation,the lexical quality or substance specified for the listed base,listed_lexical_formation,nominal_base,same_referent_or_lexical_derivative,laukika,plain-taddhita-rule-5.2.9.html,https://sanskritdocuments.org/learning_tools/ashtadhyayi/vyakhya/5/5.2.9.htm,ignored_test_not_admitted
f74b926504adb793f2d9,kashika_5_2.rs,81,sutra_5_2_9,5.2.9,AyAnaya,Ka,AyAnayIna,1,positive,ignored_test,e46d78a35afcfe98e995,5.2.9,SvarthaLexicalFormation,the lexical quality or substance specified for the listed base,listed_lexical_formation,nominal_base,same_referent_or_lexical_derivative,laukika,plain-taddhita-rule-5.2.9.html,https://sanskritdocuments.org/learning_tools/ashtadhyayi/vyakhya/5/5.2.9.htm,ignored_test_not_admitted
58aa990f8171cf84ef7f,kashika_5_2.rs,151,sutra_5_2_28,5.2.28,vi,SAlac,viSAla,1,positive,active_test,438b33d4b028d728b93e,5.2.28,SvarthaLexicalQuality,the listed quality of breadth or absence of constriction,listed_lexical_quality,nominal_base,same_referent_or_lexical_derivative,laukika,plain-taddhita-rule-5.2.28.html,https://sanskritdocuments.org/learning_tools/ashtadhyayi/vyakhya/5/5.2.28.htm,semantic_relation_recovered
84705780e125f7627919,kashika_5_2.rs,152,sutra_5_2_28,5.2.28,vi,SaNkawac,viSaNkawa,1,positive,active_test,0aa03ba7506263e47fd6,5.2.28,SvarthaLexicalQuality,the listed quality of breadth or absence of constriction,listed_lexical_quality,nominal_base,same_referent_or_lexical_derivative,laukika,plain-taddhita-rule-5.2.28.html,https://sanskritdocuments.org/learning_tools/ashtadhyayi/vyakhya/5/5.2.28.htm,semantic_relation_recovered
b94fc772df36fded9ecd,kashika_5_2.rs,157,sutra_5_2_29,5.2.29,sam,kawac,saNkawa,1,positive,active_test,59361e8263f6fa4eb9d2,5.2.29,SvarthaLexicalFormation,the lexical quality or substance specified for the listed base,listed_lexical_formation,nominal_base,same_referent_or_lexical_derivative,laukika,plain-taddhita-rule-5.2.29.html,https://sanskritdocuments.org/learning_tools/ashtadhyayi/vyakhya/5/5.2.29.htm,semantic_relation_recovered
4d6470cca8af4961d14e,kashika_5_2.rs,158,sutra_5_2_29,5.2.29,pra,kawac,prakawa,1,positive,active_test,a02604cf6e955c316793,5.2.29,SvarthaLexicalFormation,the lexical quality or substance specified for the listed base,listed_lexical_formation,nominal_base,same_referent_or_lexical_derivative,laukika,plain-taddhita-rule-5.2.29.html,https://sanskritdocuments.org/learning_tools/ashtadhyayi/vyakhya/5/5.2.29.htm,semantic_relation_recovered
0c5876c3949c0e699cb5,kashika_5_2.rs,159,sutra_5_2_29,5.2.29,ud,kawac,utkawa,1,positive,active_test,179906ace3cda6a00b20,5.2.29,SvarthaLexicalFormation,the lexical quality or substance specified for the listed base,listed_lexical_formation,nominal_base,same_referent_or_lexical_derivative,laukika,plain-taddhita-rule-5.2.29.html,https://sanskritdocuments.org/learning_tools/ashtadhyayi/vyakhya/5/5.2.29.htm,semantic_relation_recovered
b7834df197191714f4f8,kashika_5_2.rs,160,sutra_5_2_29,5.2.29,vi,kawac,vikawa,1,positive,active_test,e7407b17c8276b88b431,5.2.29,SvarthaLexicalFormation,the lexical quality or substance specified for the listed base,listed_lexical_formation,nominal_base,same_referent_or_lexical_derivative,laukika,plain-taddhita-rule-5.2.29.html,https://sanskritdocuments.org/learning_tools/ashtadhyayi/vyakhya/5/5.2.29.htm,semantic_relation_recovered
d05792eade5f507df268,kashika_5_2.rs,165,sutra_5_2_29_v1,5.2.29,alAbU,kawac,alAbUkawa,1,positive,active_test,1335fa66193ccdceaa69,5.2.29,SvarthaLexicalFormation,the lexical quality or substance specified for the listed base,listed_lexical_formation,nominal_base,same_referent_or_lexical_derivative,laukika,plain-taddhita-rule-5.2.29.html,https://sanskritdocuments.org/learning_tools/ashtadhyayi/vyakhya/5/5.2.29.htm,semantic_relation_recovered
0789f9c8a9412562d6e8,kashika_5_2.rs,166,sutra_5_2_29_v1,5.2.29,tila,kawac,tilakawa,1,positive,active_test,2fadd4682c54b6d08355,5.2.29,SvarthaLexicalFormation,the lexical quality or substance specified for the listed base,listed_lexical_formation,nominal_base,same_referent_or_lexical_derivative,laukika,plain-taddhita-rule-5.2.29.html,https://sanskritdocuments.org/learning_tools/ashtadhyayi/vyakhya/5/5.2.29.htm,semantic_relation_recovered
4438b0cb7989c5a2d1ff,kashika_5_2.rs,171,sutra_5_2_30,5.2.30,ava,kawac,avakawa,1,positive,active_test,d549eb5be0bde2ad0145,5.2.30,SvarthaLexicalFormation,the lexical quality or substance specified for the listed base,listed_lexical_formation,nominal_base,same_referent_or_lexical_derivative,laukika,plain-taddhita-rule-5.2.30.html,https://sanskritdocuments.org/learning_tools/ashtadhyayi/vyakhya/5/5.2.30.htm,semantic_relation_recovered
f5ccb0c07bfc50a3fd13,kashika_5_2.rs,172,sutra_5_2_30,5.2.30,ava,kuwArac,avakuwAra,1,positive,active_test,f83bc13ba87a1b885da2,5.2.30,SvarthaLexicalFormation,the lexical quality or substance specified for the listed base,listed_lexical_formation,nominal_base,same_referent_or_lexical_derivative,laukika,plain-taddhita-rule-5.2.30.html,https://sanskritdocuments.org/learning_tools/ashtadhyayi/vyakhya/5/5.2.30.htm,semantic_relation_recovered
1a21c077f211f5a7193a,kashika_5_2.rs,177,sutra_5_2_31,5.2.31,ava,wIwac,avawIwa,1,positive,active_test,bce96f1dedabe8227765,5.2.31,NataNasika,"a bent or lowered nose, or one characterized by it",physical_characteristic,nominal_base,meaning_bearing_derivative,laukika,plain-taddhita-rule-5.2.31.html,https://sanskritdocuments.org/learning_tools/ashtadhyayi/vyakhya/5/5.2.31.htm,semantic_relation_recovered
b9702e0eb87a4de88425,kashika_5_2.rs,178,sutra_5_2_31,5.2.31,ava,nAwac,avanAwa,1,positive,active_test,a5de88ef737a1204f3c3,5.2.31,NataNasika,"a bent or lowered nose, or one characterized by it",physical_characteristic,nominal_base,meaning_bearing_derivative,laukika,plain-taddhita-rule-5.2.31.html,https://sanskritdocuments.org/learning_tools/ashtadhyayi/vyakhya/5/5.2.31.htm,semantic_relation_recovered
34d56d9b5d02c2e767a3,kashika_5_2.rs,179,sutra_5_2_31,5.2.31,ava,Brawac,avaBrawa,1,positive,active_test,8fc4d28b19116949dafd,5.2.31,NataNasika,"a bent or lowered nose, or one characterized by it",physical_characteristic,nominal_base,meaning_bearing_derivative,laukika,plain-taddhita-rule-5.2.31.html,https://sanskritdocuments.org/learning_tools/ashtadhyayi/vyakhya/5/5.2.31.htm,semantic_relation_recovered
1a445a3da494bba0ee81,kashika_5_2.rs,185,sutra_5_2_32,5.2.32,ni,biqac,nibiqa,1,positive,ignored_test,2601f1b11fcc6c3704be,5.2.32,NataNasika,"a bent or lowered nose, or one characterized by it",physical_characteristic,nominal_base,meaning_bearing_derivative,laukika,plain-taddhita-rule-5.2.32.html,https://sanskritdocuments.org/learning_tools/ashtadhyayi/vyakhya/5/5.2.32.htm,ignored_test_not_admitted
ea7cb7542aa7e8fbe711,kashika_5_2.rs,186,sutra_5_2_32,5.2.32,ni,birIsac,nibirIsa,1,positive,ignored_test,260ad22d8e4c9adbd979,5.2.32,NataNasika,"a bent or lowered nose, or one characterized by it",physical_characteristic,nominal_base,meaning_bearing_derivative,laukika,plain-taddhita-rule-5.2.32.html,https://sanskritdocuments.org/learning_tools/ashtadhyayi/vyakhya/5/5.2.32.htm,ignored_test_not_admitted
9aeb1ac27ab9d036adf1,kashika_5_2.rs,191,sutra_5_2_33,5.2.33,ni,inac,cikina,1,positive,active_test,a202a9cfe2717645d11b,5.2.33,NataNasika,"a bent or lowered nose, or one characterized by it",physical_characteristic,nominal_base,meaning_bearing_derivative,laukika,plain-taddhita-rule-5.2.33.html,https://sanskritdocuments.org/learning_tools/ashtadhyayi/vyakhya/5/5.2.33.htm,semantic_relation_recovered
bfd84eee1cfe22a445ae,kashika_5_2.rs,192,sutra_5_2_33,5.2.33,ni,piwac,cipiwa,1,positive,active_test,be583900e22a358070ab,5.2.33,NataNasika,"a bent or lowered nose, or one characterized by it",physical_characteristic,nominal_base,meaning_bearing_derivative,laukika,plain-taddhita-rule-5.2.33.html,https://sanskritdocuments.org/learning_tools/ashtadhyayi/vyakhya/5/5.2.33.htm,semantic_relation_recovered
90916106aa8415017698,kashika_5_2.rs,197,sutra_5_2_34,5.2.34,upa,tyakan,upatyaka,1,positive,active_test,23b4499cf1b7542c5d06,5.2.34,AsannaArudha,ground near a mountain or ground ascending it,terrain_relation,nominal_base,meaning_bearing_derivative,laukika,plain-taddhita-rule-5.2.34.html,https://sanskritdocuments.org/learning_tools/ashtadhyayi/vyakhya/5/5.2.34.htm,semantic_relation_recovered
e797a254df6b42fb0582,kashika_5_2.rs,198,sutra_5_2_34,5.2.34,aDi,tyakan,aDityaka,1,positive,active_test,5b84c6391a3b76a7e4a0,5.2.34,AsannaArudha,ground near a mountain or ground ascending it,terrain_relation,nominal_base,meaning_bearing_derivative,laukika,plain-taddhita-rule-5.2.34.html,https://sanskritdocuments.org/learning_tools/ashtadhyayi/vyakhya/5/5.2.34.htm,semantic_relation_recovered
a3b4d994412a8731191b,kashika_5_2.rs,203,sutra_5_2_35,5.2.35,karman,aWac,karmaWa,1,positive,active_test,7bca94fe44aecd235eca,5.2.35,KarmaniGhatah,one actively engaged or effective in work,work_disposition,nominal_base,meaning_bearing_derivative,laukika,plain-taddhita-rule-5.2.35.html,https://sanskritdocuments.org/learning_tools/ashtadhyayi/vyakhya/5/5.2.35.htm,semantic_relation_recovered
c14d122a2ee2c39c2e09,kashika_5_2.rs,383,sutra_5_2_94,5.2.94,go,matup,gomat,1,positive,active_test,3983af73000c71cd5527,5.2.94,TadAsyaAstiAsmin,"possessing or containing the named quality, feature, or object",possession,nominal_base,meaning_bearing_derivative,laukika,plain-taddhita-rule-5.2.94.html,https://sanskritdocuments.org/learning_tools/ashtadhyayi/vyakhya/5/5.2.94.htm,semantic_relation_recovered
cf34612dd233d41745ff,kashika_5_2.rs,384,sutra_5_2_94,5.2.94,vfkza,matup,vfkzavat,1,positive,active_test,12431aaef130091f77ed,5.2.94,TadAsyaAstiAsmin,"possessing or containing the named quality, feature, or object",possession,nominal_base,meaning_bearing_derivative,laukika,plain-taddhita-rule-5.2.94.html,https://sanskritdocuments.org/learning_tools/ashtadhyayi/vyakhya/5/5.2.94.htm,semantic_relation_recovered
2b002d52ef512ea4c866,kashika_5_2.rs,385,sutra_5_2_94,5.2.94,yava,matup,yavamat,1,positive,active_test,2afc03662cb5dbd20608,5.2.94,TadAsyaAstiAsmin,"possessing or containing the named quality, feature, or object",possession,nominal_base,meaning_bearing_derivative,laukika,plain-taddhita-rule-5.2.94.html,https://sanskritdocuments.org/learning_tools/ashtadhyayi/vyakhya/5/5.2.94.htm,semantic_relation_recovered
ce317727bec74c756a60,kashika_5_2.rs,386,sutra_5_2_94,5.2.94,plakza,matup,plakzavat,1,positive,active_test,ddb1ab66ca28d837fe18,5.2.94,TadAsyaAstiAsmin,"possessing or containing the named quality, feature, or object",possession,nominal_base,meaning_bearing_derivative,laukika,plain-taddhita-rule-5.2.94.html,https://sanskritdocuments.org/learning_tools/ashtadhyayi/vyakhya/5/5.2.94.htm,semantic_relation_recovered
c309f9b5e766659a1ca9,kashika_5_2.rs,391,sutra_5_2_96,5.2.96,cUqA,lac,cUqAla,1,positive,active_test,dfbff5bfab66d7064c38,5.2.96,TadAsyaAstiAsmin,"possessing or containing the named quality, feature, or object",possession,nominal_base,meaning_bearing_derivative,laukika,plain-taddhita-rule-5.2.96.html,https://sanskritdocuments.org/learning_tools/ashtadhyayi/vyakhya/5/5.2.96.htm,semantic_relation_recovered
c4c74776206cb749754e,kashika_5_2.rs,392,sutra_5_2_96,5.2.96,cUqA,matup,cUqAvat,1,positive,active_test,42653be3e8fe38f03448,5.2.96,TadAsyaAstiAsmin,"possessing or containing the named quality, feature, or object",possession,nominal_base,meaning_bearing_derivative,laukika,plain-taddhita-rule-5.2.96.html,https://sanskritdocuments.org/learning_tools/ashtadhyayi/vyakhya/5/5.2.96.htm,semantic_relation_recovered
5cb0a20c15d0147beba5,kashika_5_2.rs,394,sutra_5_2_96,5.2.96,hasta,matup,hastavat,1,positive,active_test,8fdfdf6b46962f11de77,5.2.96,TadAsyaAstiAsmin,"possessing or containing the named quality, feature, or object",possession,nominal_base,meaning_bearing_derivative,laukika,plain-taddhita-rule-5.2.96.html,https://sanskritdocuments.org/learning_tools/ashtadhyayi/vyakhya/5/5.2.96.htm,semantic_relation_recovered
2d3b876c72d75c9a6bb6,kashika_5_2.rs,395,sutra_5_2_96,5.2.96,pAda,matup,pAdavat,1,positive,active_test,30bf3ddab4158f74a3a2,5.2.96,TadAsyaAstiAsmin,"possessing or containing the named quality, feature, or object",possession,nominal_base,meaning_bearing_derivative,laukika,plain-taddhita-rule-5.2.96.html,https://sanskritdocuments.org/learning_tools/ashtadhyayi/vyakhya/5/5.2.96.htm,semantic_relation_recovered
4c2b758868ab5b0c1fdc,kashika_5_2.rs,417,sutra_5_2_100,5.2.100,loman,Sa,lomaSa,1,positive,active_test,7c0661248aa099875645,5.2.100,TadAsyaAstiAsmin,"possessing or containing the named quality, feature, or object",possession,nominal_base,meaning_bearing_derivative,laukika,plain-taddhita-rule-5.2.100.html,https://sanskritdocuments.org/learning_tools/ashtadhyayi/vyakhya/5/5.2.100.htm,semantic_relation_recovered
9e229eb082ef7f60d7e3,kashika_5_2.rs,418,sutra_5_2_100,5.2.100,loman,matup,lomavat,1,positive,active_test,c4068664055462b001d5,5.2.100,TadAsyaAstiAsmin,"possessing or containing the named quality, feature, or object",possession,nominal_base,meaning_bearing_derivative,laukika,plain-taddhita-rule-5.2.100.html,https://sanskritdocuments.org/learning_tools/ashtadhyayi/vyakhya/5/5.2.100.htm,semantic_relation_recovered
6c959ce0d9a8b84c11a5,kashika_5_2.rs,419,sutra_5_2_100,5.2.100,pAman,na,pAmana,1,positive,active_test,dfda879e1071e760bc39,5.2.100,TadAsyaAstiAsmin,"possessing or containing the named quality, feature, or object",possession,nominal_base,meaning_bearing_derivative,laukika,plain-taddhita-rule-5.2.100.html,https://sanskritdocuments.org/learning_tools/ashtadhyayi/vyakhya/5/5.2.100.htm,semantic_relation_recovered
e8c323a27f4d3a2e6571,kashika_5_2.rs,420,sutra_5_2_100,5.2.100,pAman,matup,pAmavat,1,positive,active_test,e81ae7200d2ee827cba2,5.2.100,TadAsyaAstiAsmin,"possessing or containing the named quality, feature, or object",possession,nominal_base,meaning_bearing_derivative,laukika,plain-taddhita-rule-5.2.100.html,https://sanskritdocuments.org/learning_tools/ashtadhyayi/vyakhya/5/5.2.100.htm,semantic_relation_recovered
e80dbbc33681e44728fd,kashika_5_2.rs,421,sutra_5_2_100,5.2.100,picCa,ilac,picCila,1,positive,active_test,0938bb600fa5d5387b48,5.2.100,TadAsyaAstiAsmin,"possessing or containing the named quality, feature, or object",possession,nominal_base,meaning_bearing_derivative,laukika,plain-taddhita-rule-5.2.100.html,https://sanskritdocuments.org/learning_tools/ashtadhyayi/vyakhya/5/5.2.100.htm,semantic_relation_recovered
1d09f0337ce2863b2c59,kashika_5_2.rs,422,sutra_5_2_100,5.2.100,picCa,matup,picCavat,1,positive,active_test,c201c5d0649296a7abdd,5.2.100,TadAsyaAstiAsmin,"possessing or containing the named quality, feature, or object",possession,nominal_base,meaning_bearing_derivative,laukika,plain-taddhita-rule-5.2.100.html,https://sanskritdocuments.org/learning_tools/ashtadhyayi/vyakhya/5/5.2.100.htm,semantic_relation_recovered
6c005ac1825e29c225a5,kashika_5_2.rs,423,sutra_5_2_100,5.2.100,uras,ilac,urasila,1,positive,active_test,8a1f7891c9c3de4201e0,5.2.100,TadAsyaAstiAsmin,"possessing or containing the named quality, feature, or object",possession,nominal_base,meaning_bearing_derivative,laukika,plain-taddhita-rule-5.2.100.html,https://sanskritdocuments.org/learning_tools/ashtadhyayi/vyakhya/5/5.2.100.htm,semantic_relation_recovered
cc9ffa44648ba3895d93,kashika_5_2.rs,424,sutra_5_2_100,5.2.100,uras,matup,urasvat,1,positive,active_test,01ba44c45b23d6eb2c34,5.2.100,TadAsyaAstiAsmin,"possessing or containing the named quality, feature, or object",possession,nominal_base,meaning_bearing_derivative,laukika,plain-taddhita-rule-5.2.100.html,https://sanskritdocuments.org/learning_tools/ashtadhyayi/vyakhya/5/5.2.100.htm,semantic_relation_recovered
c4356a86b73e841a7535,kashika_5_2.rs,446,sutra_5_2_121,5.2.121,yaSas,vini,yaSasvin,1,positive,active_test,9c2772df933b929cc610,5.2.121,TadAsyaAstiAsmin,"possessing or containing the named quality, feature, or object",possession,nominal_base,meaning_bearing_derivative,laukika,plain-taddhita-rule-5.2.121.html,https://sanskritdocuments.org/learning_tools/ashtadhyayi/vyakhya/5/5.2.121.htm,semantic_relation_recovered
7927e27910abe80a89f7,kashika_5_2.rs,447,sutra_5_2_121,5.2.121,payas,vini,payasvin,1,positive,active_test,df4a749393e57ee54979,5.2.121,TadAsyaAstiAsmin,"possessing or containing the named quality, feature, or object",possession,nominal_base,meaning_bearing_derivative,laukika,plain-taddhita-rule-5.2.121.html,https://sanskritdocuments.org/learning_tools/ashtadhyayi/vyakhya/5/5.2.121.htm,semantic_relation_recovered
4bb7e9d49a37de338e26,kashika_5_2.rs,448,sutra_5_2_121,5.2.121,mAyA,vini,mAyAvin,1,positive,active_test,b9bd280ce9a339843598,5.2.121,TadAsyaAstiAsmin,"possessing or containing the named quality, feature, or object",possession,nominal_base,meaning_bearing_derivative,laukika,plain-taddhita-rule-5.2.121.html,https://sanskritdocuments.org/learning_tools/ashtadhyayi/vyakhya/5/5.2.121.htm,semantic_relation_recovered
fd922617991d0f013e3a,kashika_5_2.rs,449,sutra_5_2_121,5.2.121,meDA,vini,meDAvin,1,positive,active_test,dc38cca32f5fbf94df8b,5.2.121,TadAsyaAstiAsmin,"possessing or containing the named quality, feature, or object",possession,nominal_base,meaning_bearing_derivative,laukika,plain-taddhita-rule-5.2.121.html,https://sanskritdocuments.org/learning_tools/ashtadhyayi/vyakhya/5/5.2.121.htm,semantic_relation_recovered
b528d18b5958524c20e6,kashika_5_2.rs,450,sutra_5_2_121,5.2.121,sraj,vini,sragvin,1,positive,active_test,3e63236fba7d74b471f7,5.2.121,TadAsyaAstiAsmin,"possessing or containing the named quality, feature, or object",possession,nominal_base,meaning_bearing_derivative,laukika,plain-taddhita-rule-5.2.121.html,https://sanskritdocuments.org/learning_tools/ashtadhyayi/vyakhya/5/5.2.121.htm,semantic_relation_recovered
94ddf07cca0d6ca18272,kashika_5_3.rs,15,sutra_5_3_3,5.3.3,idam,ha,iha,1,positive,ignored_test,588ac408bdd27a01d6e7,5.3.3,DigDeshaKalaLocative,at or in the named or questioned place,location,complete_avyaya,meaning_bearing_derivative,laukika,plain-taddhita-rule-5.3.3.html,https://sanskritdocuments.org/learning_tools/ashtadhyayi/vyakhya/5/5.3.3.htm,ignored_test_not_admitted
6eb4f04ccdd2ba4c2b5e,kashika_5_3.rs,21,sutra_5_3_4,5.3.4,idam,rhil,etarhi,1,positive,ignored_test,94aa9fe475bca166c692,5.3.4,DigDeshaKalaTime,at the time or frequency denoted by the base,time,complete_avyaya,meaning_bearing_derivative,laukika,plain-taddhita-rule-5.3.4.html,https://sanskritdocuments.org/learning_tools/ashtadhyayi/vyakhya/5/5.3.4.htm,ignored_test_not_admitted
9b81d5643c3a1fd2f330,kashika_5_3.rs,22,sutra_5_3_4,5.3.4,idam,Tamu,itTam,1,positive,ignored_test,2438605b16a7236a24d6,5.3.4,Prakara,in the manner denoted or questioned by the base,manner,complete_avyaya,meaning_bearing_derivative,laukika,plain-taddhita-rule-5.3.4.html,https://sanskritdocuments.org/learning_tools/ashtadhyayi/vyakhya/5/5.3.4.htm,ignored_test_not_admitted
c3d6595f83f5505df46e,kashika_5_3.rs,27,sutra_5_3_5,5.3.5,etad,tasil,atas,1,positive,active_test,a396d3736c3d791e2ded,5.3.5,DigDeshaKalaAblative,"from the named place, direction, extent, or point of reference",source_or_direction,complete_avyaya,meaning_bearing_derivative,laukika,plain-taddhita-rule-5.3.5.html,https://sanskritdocuments.org/learning_tools/ashtadhyayi/vyakhya/5/5.3.5.htm,semantic_relation_recovered
3f699dea6d7daa88df42,kashika_5_3.rs,28,sutra_5_3_5,5.3.5,etad,tral,atra,1,positive,active_test,86fccf5fbebddb4432d8,5.3.5,DigDeshaKalaLocative,at or in the named or questioned place,location,complete_avyaya,meaning_bearing_derivative,laukika,plain-taddhita-rule-5.3.5.html,https://sanskritdocuments.org/learning_tools/ashtadhyayi/vyakhya/5/5.3.5.htm,semantic_relation_recovered
8dd99eb7b0a7156de5b8,kashika_5_3.rs,33,sutra_5_3_6,5.3.6,sarva,dA,sarvadA;sadA,2,positive,active_test,43cf88770ac991920401,5.3.6,DigDeshaKalaTime,at the time or frequency denoted by the base,time,complete_avyaya,meaning_bearing_derivative,laukika,plain-taddhita-rule-5.3.6.html,https://sanskritdocuments.org/learning_tools/ashtadhyayi/vyakhya/5/5.3.6.htm,semantic_relation_recovered
197cad93dceb37319965,kashika_5_3.rs,38,sutra_5_3_7,5.3.7,kim,tasil,kutas,1,positive,active_test,5dfcd2325b3fba419fec,5.3.7,DigDeshaKalaAblative,"from the named place, direction, extent, or point of reference",source_or_direction,complete_avyaya,meaning_bearing_derivative,laukika,plain-taddhita-rule-5.3.7.html,https://sanskritdocuments.org/learning_tools/ashtadhyayi/vyakhya/5/5.3.7.htm,semantic_relation_recovered
b1f16addea2a0736a786,kashika_5_3.rs,39,sutra_5_3_7,5.3.7,yad,tasil,yatas,1,positive,active_test,bb7225212c046c554cf2,5.3.7,DigDeshaKalaAblative,"from the named place, direction, extent, or point of reference",source_or_direction,complete_avyaya,meaning_bearing_derivative,laukika,plain-taddhita-rule-5.3.7.html,https://sanskritdocuments.org/learning_tools/ashtadhyayi/vyakhya/5/5.3.7.htm,semantic_relation_recovered
41435b8c668a255dc837,kashika_5_3.rs,40,sutra_5_3_7,5.3.7,tad,tasil,tatas,1,positive,active_test,e77abd8d627ed79d6fec,5.3.7,DigDeshaKalaAblative,"from the named place, direction, extent, or point of reference",source_or_direction,complete_avyaya,meaning_bearing_derivative,laukika,plain-taddhita-rule-5.3.7.html,https://sanskritdocuments.org/learning_tools/ashtadhyayi/vyakhya/5/5.3.7.htm,semantic_relation_recovered
d5d0040129c3a1d46961,kashika_5_3.rs,41,sutra_5_3_7,5.3.7,bahu,tasil,bahutas,1,positive,active_test,b3f5dfb3a177c1973bdd,5.3.7,DigDeshaKalaAblative,"from the named place, direction, extent, or point of reference",source_or_direction,complete_avyaya,meaning_bearing_derivative,laukika,plain-taddhita-rule-5.3.7.html,https://sanskritdocuments.org/learning_tools/ashtadhyayi/vyakhya/5/5.3.7.htm,semantic_relation_recovered
3a9b7c85fd2d754ff400,kashika_5_3.rs,46,sutra_5_3_9,5.3.9,pari,tasil,paritas,1,positive,active_test,bbea82f6d4a668c6925d,5.3.9,DigDeshaKalaSurrounding,around or on the sides of the named reference,surrounding_direction,complete_avyaya,meaning_bearing_derivative,laukika,plain-taddhita-rule-5.3.9.html,https://sanskritdocuments.org/learning_tools/ashtadhyayi/vyakhya/5/5.3.9.htm,semantic_relation_recovered
cef10e42f82ed424d907,kashika_5_3.rs,47,sutra_5_3_9,5.3.9,aBi,tasil,aBitas,1,positive,active_test,db5e22b848e649143cd6,5.3.9,DigDeshaKalaSurrounding,around or on the sides of the named reference,surrounding_direction,complete_avyaya,meaning_bearing_derivative,laukika,plain-taddhita-rule-5.3.9.html,https://sanskritdocuments.org/learning_tools/ashtadhyayi/vyakhya/5/5.3.9.htm,semantic_relation_recovered
98c0a8c4e55b4d4fa7aa,kashika_5_3.rs,52,sutra_5_3_10,5.3.10,kim,tral,kutra,1,positive,active_test,697c7d815871fbd042a8,5.3.10,DigDeshaKalaLocative,at or in the named or questioned place,location,complete_avyaya,meaning_bearing_derivative,laukika,plain-taddhita-rule-5.3.10.html,https://sanskritdocuments.org/learning_tools/ashtadhyayi/vyakhya/5/5.3.10.htm,semantic_relation_recovered
cf7b65d2ca61a1d6e0f3,kashika_5_3.rs,53,sutra_5_3_10,5.3.10,yad,tral,yatra,1,positive,active_test,1b00f0962d721bce8491,5.3.10,DigDeshaKalaLocative,at or in the named or questioned place,location,complete_avyaya,meaning_bearing_derivative,laukika,plain-taddhita-rule-5.3.10.html,https://sanskritdocuments.org/learning_tools/ashtadhyayi/vyakhya/5/5.3.10.htm,semantic_relation_recovered
a681856f67769489bfa4,kashika_5_3.rs,54,sutra_5_3_10,5.3.10,tad,tral,tatra,1,positive,active_test,1a232ddf3d7eb47f582c,5.3.10,DigDeshaKalaLocative,at or in the named or questioned place,location,complete_avyaya,meaning_bearing_derivative,laukika,plain-taddhita-rule-5.3.10.html,https://sanskritdocuments.org/learning_tools/ashtadhyayi/vyakhya/5/5.3.10.htm,semantic_relation_recovered
7384e24a76cec3c2d079,kashika_5_3.rs,55,sutra_5_3_10,5.3.10,bahu,tral,bahutra,1,positive,active_test,6e8e3c71d58201316e11,5.3.10,DigDeshaKalaLocative,at or in the named or questioned place,location,complete_avyaya,meaning_bearing_derivative,laukika,plain-taddhita-rule-5.3.10.html,https://sanskritdocuments.org/learning_tools/ashtadhyayi/vyakhya/5/5.3.10.htm,semantic_relation_recovered
78e15552d55f222b7f27,kashika_5_3.rs,57,sutra_5_3_10,5.3.10,idam,tral,,0,negative,active_test,f7cc389809d36cab5c32,,,,,,,,,,negative_assertion_not_admitted
44b43c179cef2dddbf17,kashika_5_3.rs,63,sutra_5_3_11,5.3.11,idam,ha,iha,1,positive,ignored_test,bd31e47ad5e15742b3d2,5.3.11,DigDeshaKalaLocative,at or in the named or questioned place,location,complete_avyaya,meaning_bearing_derivative,laukika,plain-taddhita-rule-5.3.11.html,https://sanskritdocuments.org/learning_tools/ashtadhyayi/vyakhya/5/5.3.11.htm,ignored_test_not_admitted
cbdf2406e5402244e180,kashika_5_3.rs,68,sutra_5_3_12,5.3.12,kim,at,kva,1,positive,active_test,7c7072a5fab171be65e6,5.3.12,DigDeshaKalaLocative,at or in the named or questioned place,location,complete_avyaya,meaning_bearing_derivative,laukika,plain-taddhita-rule-5.3.12.html,https://sanskritdocuments.org/learning_tools/ashtadhyayi/vyakhya/5/5.3.12.htm,semantic_relation_recovered
1d97604098e178508b1c,kashika_5_3.rs,73,sutra_5_3_13,5.3.13,kim,ha,kuha,1,positive,active_test,9d975145815a74684051,5.3.13,DigDeshaKalaLocative,at or in the named or questioned place,location,complete_avyaya,meaning_bearing_derivative,laukika,plain-taddhita-rule-5.3.13.html,https://sanskritdocuments.org/learning_tools/ashtadhyayi/vyakhya/5/5.3.13.htm,semantic_relation_recovered
52fec8891beef3ff6846,kashika_5_3.rs,78,sutra_5_3_15,5.3.15,sarva,dA,sarvadA;sadA,2,positive,active_test,7e3fadc2286a6511242d,5.3.15,DigDeshaKalaTime,at the time or frequency denoted by the base,time,complete_avyaya,meaning_bearing_derivative,laukika,plain-taddhita-rule-5.3.15.html,https://sanskritdocuments.org/learning_tools/ashtadhyayi/vyakhya/5/5.3.15.htm,semantic_relation_recovered
9ea2bb2b06777b3618bc,kashika_5_3.rs,79,sutra_5_3_15,5.3.15,eka,dA,ekadA,1,positive,active_test,45d73ee1a99a7bfae756,5.3.15,DigDeshaKalaTime,at the time or frequency denoted by the base,time,complete_avyaya,meaning_bearing_derivative,laukika,plain-taddhita-rule-5.3.15.html,https://sanskritdocuments.org/learning_tools/ashtadhyayi/vyakhya/5/5.3.15.htm,semantic_relation_recovered
75b08212962184ce9160,kashika_5_3.rs,80,sutra_5_3_15,5.3.15,anya,dA,anyadA,1,positive,active_test,4d0efbd3923f417af3d6,5.3.15,DigDeshaKalaTime,at the time or frequency denoted by the base,time,complete_avyaya,meaning_bearing_derivative,laukika,plain-taddhita-rule-5.3.15.html,https://sanskritdocuments.org/learning_tools/ashtadhyayi/vyakhya/5/5.3.15.htm,semantic_relation_recovered
21e2443192ae73b01620,kashika_5_3.rs,81,sutra_5_3_15,5.3.15,kim,dA,kadA,1,positive,active_test,981b1a135d369f88f7f3,5.3.15,DigDeshaKalaTime,at the time or frequency denoted by the base,time,complete_avyaya,meaning_bearing_derivative,laukika,plain-taddhita-rule-5.3.15.html,https://sanskritdocuments.org/learning_tools/ashtadhyayi/vyakhya/5/5.3.15.htm,semantic_relation_recovered
a0af8f056e792cf26c80,kashika_5_3.rs,82,sutra_5_3_15,5.3.15,yad,dA,yadA,1,positive,active_test,103428aec5304d976c1f,5.3.15,DigDeshaKalaTime,at the time or frequency denoted by the base,time,complete_avyaya,meaning_bearing_derivative,laukika,plain-taddhita-rule-5.3.15.html,https://sanskritdocuments.org/learning_tools/ashtadhyayi/vyakhya/5/5.3.15.htm,semantic_relation_recovered
841543ffd7869a5fc88e,kashika_5_3.rs,83,sutra_5_3_15,5.3.15,tad,dA,tadA,1,positive,active_test,b3c7d70312abb4d137b9,5.3.15,DigDeshaKalaTime,at the time or frequency denoted by the base,time,complete_avyaya,meaning_bearing_derivative,laukika,plain-taddhita-rule-5.3.15.html,https://sanskritdocuments.org/learning_tools/ashtadhyayi/vyakhya/5/5.3.15.htm,semantic_relation_recovered
51f1969c6bd3648af89f,kashika_5_3.rs,84,sutra_5_3_15,5.3.15,idam,dA,,0,negative,active_test,1823bc1a1d4126480fe2,,,,,,,,,,negative_assertion_not_admitted
14f8b7777223878602b8,kashika_5_3.rs,89,sutra_5_3_16,5.3.16,idam,rhil,etarhi,1,positive,active_test,c6629e3f0282464e219e,5.3.16,DigDeshaKalaTime,at the time or frequency denoted by the base,time,complete_avyaya,meaning_bearing_derivative,laukika,plain-taddhita-rule-5.3.16.html,https://sanskritdocuments.org/learning_tools/ashtadhyayi/vyakhya/5/5.3.16.htm,semantic_relation_recovered
cad7d8ecc4e62936d3ea,kashika_5_3.rs,95,sutra_5_3_18,5.3.18,idam,dAnIm,idAnIm,1,positive,ignored_test,7e161f95371fd1af8a22,5.3.18,DigDeshaKalaTime,at the time or frequency denoted by the base,time,complete_avyaya,meaning_bearing_derivative,laukika,plain-taddhita-rule-5.3.18.html,https://sanskritdocuments.org/learning_tools/ashtadhyayi/vyakhya/5/5.3.18.htm,ignored_test_not_admitted
88c55ecda47206234e8d,kashika_5_3.rs,100,sutra_5_3_19,5.3.19,tad,dAnIm,tadAnIm,1,positive,active_test,a568e949c2aa9e05ae4f,5.3.19,DigDeshaKalaTime,at the time or frequency denoted by the base,time,complete_avyaya,meaning_bearing_derivative,laukika,plain-taddhita-rule-5.3.19.html,https://sanskritdocuments.org/learning_tools/ashtadhyayi/vyakhya/5/5.3.19.htm,semantic_relation_recovered
96775dbab6aec543ace1,kashika_5_3.rs,106,sutra_5_3_23,5.3.23,idam,Tamu,itTam,1,positive,ignored_test,cba05b858b1798204de7,5.3.23,Prakara,in the manner denoted or questioned by the base,manner,complete_avyaya,meaning_bearing_derivative,laukika,plain-taddhita-rule-5.3.23.html,https://sanskritdocuments.org/learning_tools/ashtadhyayi/vyakhya/5/5.3.23.htm,ignored_test_not_admitted
5d082864251d6f5837a6,kashika_5_3.rs,111,sutra_5_3_24,5.3.24,kim,Tamu,kaTam,1,positive,active_test,ae856b6bd4f44b94a5a9,5.3.24,Prakara,in the manner denoted or questioned by the base,manner,complete_avyaya,meaning_bearing_derivative,laukika,plain-taddhita-rule-5.3.24.html,https://sanskritdocuments.org/learning_tools/ashtadhyayi/vyakhya/5/5.3.24.htm,semantic_relation_recovered
18854e19e026fb79afb7,kashika_5_3.rs,116,sutra_5_3_25,5.3.25,tad,TAl,taTA,1,positive,active_test,d9b6e7e428ce48ecaf57,5.3.25,Prakara,in the manner denoted or questioned by the base,manner,complete_avyaya,meaning_bearing_derivative,laukika,plain-taddhita-rule-5.3.25.html,https://sanskritdocuments.org/learning_tools/ashtadhyayi/vyakhya/5/5.3.25.htm,semantic_relation_recovered
b3a809cfba8537102764,kashika_5_3.rs,136,sutra_5_3_42,5.3.42,eka,DA,ekaDA;EkaDyam,2,positive,active_test,5e1563246589df4714f8,5.3.42,PrakaraDivision,in the named number of ways or divisions,number_of_ways,complete_avyaya,meaning_bearing_derivative,laukika,plain-taddhita-rule-5.3.42.html,https://sanskritdocuments.org/learning_tools/ashtadhyayi/vyakhya/5/5.3.42.htm,semantic_relation_recovered
587fc343e60c5bf6cb62,kashika_5_3.rs,139,sutra_5_3_42,5.3.42,dvi,DA,dviDA;dvEDam;dveDA,3,positive,active_test,ee9a4a32e8fc0e3adc31,5.3.42,PrakaraDivision,in the named number of ways or divisions,number_of_ways,complete_avyaya,meaning_bearing_derivative,laukika,plain-taddhita-rule-5.3.42.html,https://sanskritdocuments.org/learning_tools/ashtadhyayi/vyakhya/5/5.3.42.htm,semantic_relation_recovered
f0250c4d669a91d87e14,kashika_5_3.rs,140,sutra_5_3_42,5.3.42,tri,DA,triDA;trEDam;treDA,3,positive,active_test,6f3134abbea7167906a1,5.3.42,PrakaraDivision,in the named number of ways or divisions,number_of_ways,complete_avyaya,meaning_bearing_derivative,laukika,plain-taddhita-rule-5.3.42.html,https://sanskritdocuments.org/learning_tools/ashtadhyayi/vyakhya/5/5.3.42.htm,semantic_relation_recovered
242761375144150522eb,kashika_5_3.rs,141,sutra_5_3_42,5.3.42,catur,DA,caturDA,1,positive,active_test,fc81a06f53f50f73c0fc,5.3.42,PrakaraDivision,in the named number of ways or divisions,number_of_ways,complete_avyaya,meaning_bearing_derivative,laukika,plain-taddhita-rule-5.3.42.html,https://sanskritdocuments.org/learning_tools/ashtadhyayi/vyakhya/5/5.3.42.htm,semantic_relation_recovered
3e83898d3a4f52ea1f0d,kashika_5_3.rs,142,sutra_5_3_42,5.3.42,paYcan,DA,paYcaDA,1,positive,active_test,ab7d975c6bce1c4fbfb4,5.3.42,PrakaraDivision,in the named number of ways or divisions,number_of_ways,complete_avyaya,meaning_bearing_derivative,laukika,plain-taddhita-rule-5.3.42.html,https://sanskritdocuments.org/learning_tools/ashtadhyayi/vyakhya/5/5.3.42.htm,semantic_relation_recovered
f2e403eac27c914ed3fe,kashika_5_3.rs,147,sutra_5_3_44,5.3.44,eka,DA,ekaDA;EkaDyam,2,positive,active_test,9bd5304817d616800750,5.3.42,PrakaraDivision,in the named number of ways or divisions,number_of_ways,complete_avyaya,meaning_bearing_derivative,laukika,plain-taddhita-rule-5.3.42.html,https://sanskritdocuments.org/learning_tools/ashtadhyayi/vyakhya/5/5.3.42.htm,semantic_relation_recovered
83d1a6dc91030e900688,kashika_5_3.rs,152,sutra_5_3_45_to_sutra_5_3_56,5.3.45,dvi,DA,dviDA;dvEDam;dveDA,3,positive,active_test,722a480e3f13d16d94b5,5.3.42,PrakaraDivision,in the named number of ways or divisions,number_of_ways,complete_avyaya,meaning_bearing_derivative,laukika,plain-taddhita-rule-5.3.42.html,https://sanskritdocuments.org/learning_tools/ashtadhyayi/vyakhya/5/5.3.42.htm,semantic_relation_recovered
4c39af4d13f4d0fcc534,kashika_5_3.rs,153,sutra_5_3_45_to_sutra_5_3_56,5.3.45,tri,DA,triDA;trEDam;treDA,3,positive,active_test,162c05b26165f8fad85e,5.3.42,PrakaraDivision,in the named number of ways or divisions,number_of_ways,complete_avyaya,meaning_bearing_derivative,laukika,plain-taddhita-rule-5.3.42.html,https://sanskritdocuments.org/learning_tools/ashtadhyayi/vyakhya/5/5.3.42.htm,semantic_relation_recovered
9a280438492ed0aa519f,kashika_5_3.rs,158,sutra_5_3_47,5.3.47,vEyAkaraRa,pASap,vEyAkaraRapASa,1,positive,active_test,dce55031cfa89e43b707,5.3.47,Yapya,a contemptible or deficient instance of the named role,contempt,nominal_base,meaning_bearing_derivative,laukika,plain-taddhita-rule-5.3.47.html,https://sanskritdocuments.org/learning_tools/ashtadhyayi/vyakhya/5/5.3.47.htm,semantic_relation_recovered
9dc99caafb18b51eb14e,kashika_5_3.rs,159,sutra_5_3_47,5.3.47,yAjYika,pASap,yAjYikapASa,1,positive,active_test,5322ddfdd83d21e0176b,5.3.47,Yapya,a contemptible or deficient instance of the named role,contempt,nominal_base,meaning_bearing_derivative,laukika,plain-taddhita-rule-5.3.47.html,https://sanskritdocuments.org/learning_tools/ashtadhyayi/vyakhya/5/5.3.47.htm,semantic_relation_recovered
3b9fb72353451a061607,kashika_5_3.rs,164,sutra_5_3_52,5.3.52,eka,Akinic,ekAkin,1,positive,active_test,0ad74f72add50c53d091,5.3.52,Asahaya,alone or without a companion,solitary_state,nominal_base,meaning_bearing_derivative,laukika,plain-taddhita-rule-5.3.52.html,https://sanskritdocuments.org/learning_tools/ashtadhyayi/vyakhya/5/5.3.52.htm,semantic_relation_recovered
6f8ab426f979f743c02f,kashika_5_3.rs,169,sutra_5_3_53,5.3.53,AQya,caraw,AQyacara,1,positive,active_test,f6a328b29d0b6fcf325c,5.3.53,BhutaPurva,one who formerly had the quality named by the base,former_state,nominal_base,meaning_bearing_derivative,laukika,plain-taddhita-rule-5.3.53.html,https://sanskritdocuments.org/learning_tools/ashtadhyayi/vyakhya/5/5.3.53.htm,semantic_relation_recovered
5b6d9325f80dbe33e757,kashika_5_3.rs,170,sutra_5_3_53,5.3.53,sukumAra,caraw,sukumAracara,1,positive,active_test,8c942d1a5702250d0bc0,5.3.53,BhutaPurva,one who formerly had the quality named by the base,former_state,nominal_base,meaning_bearing_derivative,laukika,plain-taddhita-rule-5.3.53.html,https://sanskritdocuments.org/learning_tools/ashtadhyayi/vyakhya/5/5.3.53.htm,semantic_relation_recovered
5f4e97f0c6af73715d90,kashika_5_3.rs,178,sutra_5_3_54,5.3.54,devadatta,rUpya,devadattarUpya,1,positive,active_test,fd1122ad9ba565a2807e,5.3.54,BhutaPurvaSambandha,something formerly connected with or possessed by the named person,former_association,nominal_base,meaning_bearing_derivative,laukika,plain-taddhita-rule-5.3.54.html,https://sanskritdocuments.org/learning_tools/ashtadhyayi/vyakhya/5/5.3.54.htm,semantic_relation_recovered
88a21bb49fb5dc096a62,kashika_5_3.rs,179,sutra_5_3_54,5.3.54,devadatta,caraw,devadattacara,1,positive,active_test,08bebf8610c8c180ac86,5.3.54,BhutaPurvaSambandha,something formerly connected with or possessed by the named person,former_association,nominal_base,meaning_bearing_derivative,laukika,plain-taddhita-rule-5.3.54.html,https://sanskritdocuments.org/learning_tools/ashtadhyayi/vyakhya/5/5.3.54.htm,semantic_relation_recovered
5177a09b90a6e333c5ba,kashika_5_3.rs,184,sutra_5_3_55,5.3.55,AQya,tamap,AQyatama,1,positive,active_test,4b1c99a968595e5c30b5,5.3.55,AtishayanaSuperlative,having the named quality to the highest degree within a set,superlative,nominal_base,meaning_bearing_derivative,laukika,plain-taddhita-rule-5.3.55.html,https://sanskritdocuments.org/learning_tools/ashtadhyayi/vyakhya/5/5.3.55.htm,semantic_relation_recovered
a74c4d3895570e54e213,kashika_5_3.rs,185,sutra_5_3_55,5.3.55,darSanIya,tamap,darSanIyatama,1,positive,active_test,98b92c0da27c9a1630bf,5.3.55,AtishayanaSuperlative,having the named quality to the highest degree within a set,superlative,nominal_base,meaning_bearing_derivative,laukika,plain-taddhita-rule-5.3.55.html,https://sanskritdocuments.org/learning_tools/ashtadhyayi/vyakhya/5/5.3.55.htm,semantic_relation_recovered
c753a68a973d74a02da2,kashika_5_3.rs,186,sutra_5_3_55,5.3.55,sukumAra,tamap,sukumAratama,1,positive,active_test,d8cd06b6aea2ea4c958d,5.3.55,AtishayanaSuperlative,having the named quality to the highest degree within a set,superlative,nominal_base,meaning_bearing_derivative,laukika,plain-taddhita-rule-5.3.55.html,https://sanskritdocuments.org/learning_tools/ashtadhyayi/vyakhya/5/5.3.55.htm,semantic_relation_recovered
95e74804ce79c6f8f9b8,kashika_5_3.rs,187,sutra_5_3_55,5.3.55,pawu,izWan,pawizWa,1,positive,active_test,140a46a6cc8d9fc80544,5.3.55,AtishayanaSuperlative,having the named quality to the highest degree within a set,superlative,nominal_base,meaning_bearing_derivative,laukika,plain-taddhita-rule-5.3.55.html,https://sanskritdocuments.org/learning_tools/ashtadhyayi/vyakhya/5/5.3.55.htm,semantic_relation_recovered
61fb37b67e78b02d0b07,kashika_5_3.rs,188,sutra_5_3_55,5.3.55,laGu,izWan,laGizWa,1,positive,active_test,6d4eb2e8bc2769e51b14,5.3.55,AtishayanaSuperlative,having the named quality to the highest degree within a set,superlative,nominal_base,meaning_bearing_derivative,laukika,plain-taddhita-rule-5.3.55.html,https://sanskritdocuments.org/learning_tools/ashtadhyayi/vyakhya/5/5.3.55.htm,semantic_relation_recovered
37f88504eb74af2cec91,kashika_5_3.rs,189,sutra_5_3_55,5.3.55,guru,izWan,garizWa,1,positive,active_test,7de297773b73186a23ed,5.3.55,AtishayanaSuperlative,having the named quality to the highest degree within a set,superlative,nominal_base,meaning_bearing_derivative,laukika,plain-taddhita-rule-5.3.55.html,https://sanskritdocuments.org/learning_tools/ashtadhyayi/vyakhya/5/5.3.55.htm,semantic_relation_recovered
dc8279fa609c4523a0bc,kashika_5_3.rs,190,sutra_5_3_55,5.3.55,SrezWa,tamap,SrezWatama,1,positive,active_test,2c7f1a65caeb1672f5c2,5.3.55,AtishayanaSuperlative,having the named quality to the highest degree within a set,superlative,nominal_base,meaning_bearing_derivative,laukika,plain-taddhita-rule-5.3.55.html,https://sanskritdocuments.org/learning_tools/ashtadhyayi/vyakhya/5/5.3.55.htm,semantic_relation_recovered
29a107b35a3c807402b5,kashika_5_3.rs,195,sutra_5_3_57,5.3.57,AQya,tarap,AQyatara,1,positive,active_test,74a4491577a595baaeaa,5.3.57,AtishayanaComparative,having more of the named quality in a comparison,comparative,nominal_base,meaning_bearing_derivative,laukika,plain-taddhita-rule-5.3.57.html,https://sanskritdocuments.org/learning_tools/ashtadhyayi/vyakhya/5/5.3.57.htm,semantic_relation_recovered
e4451aa466fe8563ad22,kashika_5_3.rs,196,sutra_5_3_57,5.3.57,sukumAra,tarap,sukumAratara,1,positive,active_test,7fb659427667a14e3117,5.3.57,AtishayanaComparative,having more of the named quality in a comparison,comparative,nominal_base,meaning_bearing_derivative,laukika,plain-taddhita-rule-5.3.57.html,https://sanskritdocuments.org/learning_tools/ashtadhyayi/vyakhya/5/5.3.57.htm,semantic_relation_recovered
0f6437d8e17e4174f2e0,kashika_5_3.rs,197,sutra_5_3_57,5.3.57,pawu,Iyasun,pawIyas,1,positive,active_test,edf829d49dbbee9221c9,5.3.57,AtishayanaComparative,having more of the named quality in a comparison,comparative,nominal_base,meaning_bearing_derivative,laukika,plain-taddhita-rule-5.3.57.html,https://sanskritdocuments.org/learning_tools/ashtadhyayi/vyakhya/5/5.3.57.htm,semantic_relation_recovered
00e9755bdf162c1c8d7d,kashika_5_3.rs,203,sutra_5_3_60_to_sutra_5_3_61,5.3.60,praSasya,Iyasun,Sreyas;jyAyas,2,positive,active_test,353f99f81ffae9294313,5.3.57,AtishayanaComparative,having more of the named quality in a comparison,comparative,nominal_base,meaning_bearing_derivative,laukika,plain-taddhita-rule-5.3.57.html,https://sanskritdocuments.org/learning_tools/ashtadhyayi/vyakhya/5/5.3.57.htm,semantic_relation_recovered
86d3145714646f9dac72,kashika_5_3.rs,204,sutra_5_3_60_to_sutra_5_3_61,5.3.60,praSasya,izWan,SrezWa;jyezWa,2,positive,active_test,2887d8a461624d509ff8,5.3.55,AtishayanaSuperlative,having the named quality to the highest degree within a set,superlative,nominal_base,meaning_bearing_derivative,laukika,plain-taddhita-rule-5.3.55.html,https://sanskritdocuments.org/learning_tools/ashtadhyayi/vyakhya/5/5.3.55.htm,semantic_relation_recovered
75834c4abb5309973da1,kashika_5_3.rs,209,sutra_5_3_62,5.3.62,vfdDa,Iyasun,jyAyas;varzIyas,2,positive,active_test,b853c5a812c4c1d47f4d,5.3.57,AtishayanaComparative,having more of the named quality in a comparison,comparative,nominal_base,meaning_bearing_derivative,laukika,plain-taddhita-rule-5.3.57.html,https://sanskritdocuments.org/learning_tools/ashtadhyayi/vyakhya/5/5.3.57.htm,semantic_relation_recovered
053f0e62887fbe793be0,kashika_5_3.rs,210,sutra_5_3_62,5.3.62,vfdDa,izWan,jyezWa;varzizWa,2,positive,active_test,ba8b7f9a6b114d17c4cc,5.3.55,AtishayanaSuperlative,having the named quality to the highest degree within a set,superlative,nominal_base,meaning_bearing_derivative,laukika,plain-taddhita-rule-5.3.55.html,https://sanskritdocuments.org/learning_tools/ashtadhyayi/vyakhya/5/5.3.55.htm,semantic_relation_recovered
6b51a996cf3a5ccfd66a,kashika_5_3.rs,215,sutra_5_3_63,5.3.63,antika,izWan,nedizWa,1,positive,active_test,c90309cc5268a0099717,5.3.55,AtishayanaSuperlative,having the named quality to the highest degree within a set,superlative,nominal_base,meaning_bearing_derivative,laukika,plain-taddhita-rule-5.3.55.html,https://sanskritdocuments.org/learning_tools/ashtadhyayi/vyakhya/5/5.3.55.htm,semantic_relation_recovered
f855fded54f906a61614,kashika_5_3.rs,216,sutra_5_3_63,5.3.63,antika,Iyasun,nedIyas,1,positive,active_test,b0fbcc80304536f9aab4,5.3.57,AtishayanaComparative,having more of the named quality in a comparison,comparative,nominal_base,meaning_bearing_derivative,laukika,plain-taddhita-rule-5.3.57.html,https://sanskritdocuments.org/learning_tools/ashtadhyayi/vyakhya/5/5.3.57.htm,semantic_relation_recovered
8f7ad40338ec34d8e107,kashika_5_3.rs,217,sutra_5_3_63,5.3.63,bAQa,izWan,sADizWa,1,positive,active_test,d353a0169a7c4546a14b,5.3.55,AtishayanaSuperlative,having the named quality to the highest degree within a set,superlative,nominal_base,meaning_bearing_derivative,laukika,plain-taddhita-rule-5.3.55.html,https://sanskritdocuments.org/learning_tools/ashtadhyayi/vyakhya/5/5.3.55.htm,semantic_relation_recovered
ac73a5e48e8c3d8187ad,kashika_5_3.rs,218,sutra_5_3_63,5.3.63,bAQa,Iyasun,sADIyas,1,positive,active_test,ef215d876ddff053a23d,5.3.57,AtishayanaComparative,having more of the named quality in a comparison,comparative,nominal_base,meaning_bearing_derivative,laukika,plain-taddhita-rule-5.3.57.html,https://sanskritdocuments.org/learning_tools/ashtadhyayi/vyakhya/5/5.3.57.htm,semantic_relation_recovered
f802dab983dbd21c6f84,kashika_5_3.rs,223,sutra_5_3_64,5.3.64,yuvan,izWan,kanizWa;yavizWa,2,positive,active_test,b978e25d11eb3ad19a73,5.3.55,AtishayanaSuperlative,having the named quality to the highest degree within a set,superlative,nominal_base,meaning_bearing_derivative,laukika,plain-taddhita-rule-5.3.55.html,https://sanskritdocuments.org/learning_tools/ashtadhyayi/vyakhya/5/5.3.55.htm,semantic_relation_recovered
4ea75fa67b7b56d84add,kashika_5_3.rs,224,sutra_5_3_64,5.3.64,yuvan,Iyasun,kanIyas;yavIyas,2,positive,active_test,9ab3819e31eed576c8c2,5.3.57,AtishayanaComparative,having more of the named quality in a comparison,comparative,nominal_base,meaning_bearing_derivative,laukika,plain-taddhita-rule-5.3.57.html,https://sanskritdocuments.org/learning_tools/ashtadhyayi/vyakhya/5/5.3.57.htm,semantic_relation_recovered
3f6b57707bddbb82c759,kashika_5_3.rs,225,sutra_5_3_64,5.3.64,alpa,izWan,kanizWa;alpizWa,2,positive,active_test,e808e8df903b43e62142,5.3.55,AtishayanaSuperlative,having the named quality to the highest degree within a set,superlative,nominal_base,meaning_bearing_derivative,laukika,plain-taddhita-rule-5.3.55.html,https://sanskritdocuments.org/learning_tools/ashtadhyayi/vyakhya/5/5.3.55.htm,semantic_relation_recovered
731e22ad7d9a3450746f,kashika_5_3.rs,226,sutra_5_3_64,5.3.64,alpa,Iyasun,kanIyas;alpIyas,2,positive,active_test,d5ed1ea50c659f369f4b,5.3.57,AtishayanaComparative,having more of the named quality in a comparison,comparative,nominal_base,meaning_bearing_derivative,laukika,plain-taddhita-rule-5.3.57.html,https://sanskritdocuments.org/learning_tools/ashtadhyayi/vyakhya/5/5.3.57.htm,semantic_relation_recovered
3c6d43471e204110cbdf,kashika_5_3.rs,231,sutra_5_3_66,5.3.66,vEyAkaraRa,rUpap,vEyAkaraRarUpa,1,positive,active_test,473a9a68694476bdc7c0,5.3.66,Prashamsa,a complete or exemplary instance of the named character,emphatic_character,nominal_base,meaning_bearing_derivative,laukika,plain-taddhita-rule-5.3.66.html,https://sanskritdocuments.org/learning_tools/ashtadhyayi/vyakhya/5/5.3.66.htm,semantic_relation_recovered
a75fca8c48a6962b665e,kashika_5_3.rs,232,sutra_5_3_66,5.3.66,yAjYika,rUpap,yAjYikarUpa,1,positive,active_test,2959975c9efca39b8913,5.3.66,Prashamsa,a complete or exemplary instance of the named character,emphatic_character,nominal_base,meaning_bearing_derivative,laukika,plain-taddhita-rule-5.3.66.html,https://sanskritdocuments.org/learning_tools/ashtadhyayi/vyakhya/5/5.3.66.htm,semantic_relation_recovered
7c12411611aad310d197,kashika_5_3.rs,233,sutra_5_3_66,5.3.66,cora,rUpap,corarUpa,1,positive,active_test,788230cfdf43ea51cc32,5.3.66,Prashamsa,a complete or exemplary instance of the named character,emphatic_character,nominal_base,meaning_bearing_derivative,laukika,plain-taddhita-rule-5.3.66.html,https://sanskritdocuments.org/learning_tools/ashtadhyayi/vyakhya/5/5.3.66.htm,semantic_relation_recovered
0ee7ef67e65b5331677e,kashika_5_3.rs,234,sutra_5_3_66,5.3.66,dasyu,rUpap,dasyurUpa,1,positive,active_test,b2a91af577c0644af883,5.3.66,Prashamsa,a complete or exemplary instance of the named character,emphatic_character,nominal_base,meaning_bearing_derivative,laukika,plain-taddhita-rule-5.3.66.html,https://sanskritdocuments.org/learning_tools/ashtadhyayi/vyakhya/5/5.3.66.htm,semantic_relation_recovered
28f910eb3da3b666c114,kashika_5_3.rs,240,sutra_5_3_67,5.3.67,pawu,kalpap,pawukalpa,1,positive,active_test,8d267fdffd3762950bc6,5.3.67,IshadAsamapti,approaching but not fully reaching the quality named by the base,approximation,nominal_base,meaning_bearing_derivative,laukika,plain-taddhita-rule-5.3.67.html,https://sanskritdocuments.org/learning_tools/ashtadhyayi/vyakhya/5/5.3.67.htm,semantic_relation_recovered
2629475760e4e5049e55,kashika_5_3.rs,241,sutra_5_3_67,5.3.67,pawu,deSya,pawudeSya,1,positive,active_test,fe247f5bebc7f373a334,5.3.67,IshadAsamapti,approaching but not fully reaching the quality named by the base,approximation,nominal_base,meaning_bearing_derivative,laukika,plain-taddhita-rule-5.3.67.html,https://sanskritdocuments.org/learning_tools/ashtadhyayi/vyakhya/5/5.3.67.htm,semantic_relation_recovered
c0ce7db24fdae2a27dbe,kashika_5_3.rs,242,sutra_5_3_67,5.3.67,pawu,deSIyar,pawudeSIya,1,positive,active_test,781080efa2ea58235598,5.3.67,IshadAsamapti,approaching but not fully reaching the quality named by the base,approximation,nominal_base,meaning_bearing_derivative,laukika,plain-taddhita-rule-5.3.67.html,https://sanskritdocuments.org/learning_tools/ashtadhyayi/vyakhya/5/5.3.67.htm,semantic_relation_recovered
8fd99a841f2da5cd70ae,kashika_5_3.rs,244,sutra_5_3_67,5.3.67,mfdu,kalpap,mfdukalpa,1,positive,active_test,ed4a2927c76d507d2e2b,5.3.67,IshadAsamapti,approaching but not fully reaching the quality named by the base,approximation,nominal_base,meaning_bearing_derivative,laukika,plain-taddhita-rule-5.3.67.html,https://sanskritdocuments.org/learning_tools/ashtadhyayi/vyakhya/5/5.3.67.htm,semantic_relation_recovered
d05f35c82759b4eca70a,kashika_5_3.rs,245,sutra_5_3_67,5.3.67,mfdu,deSya,mfdudeSya,1,positive,active_test,cabb126db3f27aed1c07,5.3.67,IshadAsamapti,approaching but not fully reaching the quality named by the base,approximation,nominal_base,meaning_bearing_derivative,laukika,plain-taddhita-rule-5.3.67.html,https://sanskritdocuments.org/learning_tools/ashtadhyayi/vyakhya/5/5.3.67.htm,semantic_relation_recovered
fc5d3a3e8d4776189e07,kashika_5_3.rs,246,sutra_5_3_67,5.3.67,mfdu,deSIyar,mfdudeSIya,1,positive,active_test,00e5eeb7b726c2a7d727,5.3.67,IshadAsamapti,approaching but not fully reaching the quality named by the base,approximation,nominal_base,meaning_bearing_derivative,laukika,plain-taddhita-rule-5.3.67.html,https://sanskritdocuments.org/learning_tools/ashtadhyayi/vyakhya/5/5.3.67.htm,semantic_relation_recovered
fe58c1b4c135de528ca8,kashika_5_3.rs,252,sutra_5_3_68,5.3.68,pawu,bahuc,bahupawu,1,positive,active_test,52912b02881e51a6bb44,5.3.68,IshadAsamapti,approaching but not fully reaching the quality named by the base,approximation,nominal_base,meaning_bearing_derivative,laukika,plain-taddhita-rule-5.3.68.html,https://sanskritdocuments.org/learning_tools/ashtadhyayi/vyakhya/5/5.3.68.htm,semantic_relation_recovered
ea377e09a9fbfa4643ba,kashika_5_3.rs,253,sutra_5_3_68,5.3.68,mfdu,bahuc,bahumfdu,1,positive,active_test,8eeecff34a604716f94e,5.3.68,IshadAsamapti,approaching but not fully reaching the quality named by the base,approximation,nominal_base,meaning_bearing_derivative,laukika,plain-taddhita-rule-5.3.68.html,https://sanskritdocuments.org/learning_tools/ashtadhyayi/vyakhya/5/5.3.68.htm,semantic_relation_recovered
7ca7dfd78b78c09e032f,kashika_5_3.rs,254,sutra_5_3_68,5.3.68,guqa,bahuc,bahuguqa,1,positive,active_test,5958d827d11ab39acf7b,5.3.68,IshadAsamapti,approaching but not fully reaching the quality named by the base,approximation,nominal_base,meaning_bearing_derivative,laukika,plain-taddhita-rule-5.3.68.html,https://sanskritdocuments.org/learning_tools/ashtadhyayi/vyakhya/5/5.3.68.htm,semantic_relation_recovered
35f4f3b07d1d4b9b15fc,kashika_5_3.rs,259,sutra_5_3_69,5.3.69,pawu,jAtIyar,pawujAtIya,1,positive,active_test,274e65cc893acd0b52cc,5.3.69,PrakaraVacane,a kind or type characterized by the named quality,type_or_kind,nominal_base,meaning_bearing_derivative,laukika,plain-taddhita-rule-5.3.69.html,https://sanskritdocuments.org/learning_tools/ashtadhyayi/vyakhya/5/5.3.69.htm,semantic_relation_recovered
7017edc7985695da63fc,kashika_5_3.rs,260,sutra_5_3_69,5.3.69,mfdu,jAtIyar,mfdujAtIya,1,positive,active_test,e765e6f4ca5381f15bf1,5.3.69,PrakaraVacane,a kind or type characterized by the named quality,type_or_kind,nominal_base,meaning_bearing_derivative,laukika,plain-taddhita-rule-5.3.69.html,https://sanskritdocuments.org/learning_tools/ashtadhyayi/vyakhya/5/5.3.69.htm,semantic_relation_recovered
9a05d6b79a270d2a9c56,kashika_5_3.rs,261,sutra_5_3_69,5.3.69,darSanIya,jAtIyar,darSanIyajAtIya,1,positive,active_test,ab2d55fc5360b6a787e0,5.3.69,PrakaraVacane,a kind or type characterized by the named quality,type_or_kind,nominal_base,meaning_bearing_derivative,laukika,plain-taddhita-rule-5.3.69.html,https://sanskritdocuments.org/learning_tools/ashtadhyayi/vyakhya/5/5.3.69.htm,semantic_relation_recovered
f2b2d133baa2c4c0bac3,kashika_5_4.rs,11,sutra_5_4_3,5.4.3,sTUla,kan,sTUlaka,1,positive,active_test,dfe026080b5c0d251d33,5.4.3,PrakaraVacane,a kind or type characterized by the named quality,type_or_kind,nominal_base,meaning_bearing_derivative,laukika,plain-taddhita-rule-5.4.3.html,https://sanskritdocuments.org/learning_tools/ashtadhyayi/vyakhya/5/5.4.3.htm,semantic_relation_recovered
9d554d6e6a202f4cd097,kashika_5_4.rs,12,sutra_5_4_3,5.4.3,aRu,kan,aRuka,1,positive,active_test,b4a20c451d64779f3948,5.4.3,PrakaraVacane,a kind or type characterized by the named quality,type_or_kind,nominal_base,meaning_bearing_derivative,laukika,plain-taddhita-rule-5.4.3.html,https://sanskritdocuments.org/learning_tools/ashtadhyayi/vyakhya/5/5.4.3.htm,semantic_relation_recovered
97eae2626680b09200d9,kashika_5_4.rs,13,sutra_5_4_3,5.4.3,mAza,kan,mAzaka,1,positive,active_test,8535f39fd7f78d31cb5e,5.4.3,PrakaraVacane,a kind or type characterized by the named quality,type_or_kind,nominal_base,meaning_bearing_derivative,laukika,plain-taddhita-rule-5.4.3.html,https://sanskritdocuments.org/learning_tools/ashtadhyayi/vyakhya/5/5.4.3.htm,semantic_relation_recovered
5d23d11a04bb68ac5331,kashika_5_4.rs,14,sutra_5_4_3,5.4.3,gomUtra,kan,gomUtraka,1,positive,active_test,fbbffb239c9a726597ca,5.4.3,PrakaraVacane,a kind or type characterized by the named quality,type_or_kind,nominal_base,meaning_bearing_derivative,laukika,plain-taddhita-rule-5.4.3.html,https://sanskritdocuments.org/learning_tools/ashtadhyayi/vyakhya/5/5.4.3.htm,semantic_relation_recovered
3235948ce6352a307952,kashika_5_4.rs,19,sutra_5_4_3_v1,5.4.3,caYcut,kan,caYcutka,1,positive,active_test,6897f4101e3e012215cc,5.4.3,PrakaraVacane,a kind or type characterized by the named quality,type_or_kind,nominal_base,meaning_bearing_derivative,laukika,plain-taddhita-rule-5.4.3.html,https://sanskritdocuments.org/learning_tools/ashtadhyayi/vyakhya/5/5.4.3.htm,semantic_relation_recovered
a839bf1af4a9cd574218,kashika_5_4.rs,20,sutra_5_4_3_v1,5.4.3,bfhat,kan,bfhatka,1,positive,active_test,b398512ebb80b7dbf889,5.4.3,PrakaraVacane,a kind or type characterized by the named quality,type_or_kind,nominal_base,meaning_bearing_derivative,laukika,plain-taddhita-rule-5.4.3.html,https://sanskritdocuments.org/learning_tools/ashtadhyayi/vyakhya/5/5.4.3.htm,semantic_relation_recovered
794231c02ef905afd0f6,kashika_5_4.rs,43,sutra_5_4_17,5.4.17,paYcan,kftvasuc,paYcakftvas,1,positive,active_test,ba2f71c665bff7147d50,5.4.17,KriyaAbhyavrttiGanana,the named number of repetitions of an action,action_repetition,complete_avyaya,meaning_bearing_derivative,laukika,plain-taddhita-rule-5.4.17.html,https://sanskritdocuments.org/learning_tools/ashtadhyayi/vyakhya/5/5.4.17.htm,semantic_relation_recovered
8ea9f7f331987b4ad9af,kashika_5_4.rs,44,sutra_5_4_17,5.4.17,saptan,kftvasuc,saptakftvas,1,positive,active_test,46ef7a52f44da225b79a,5.4.17,KriyaAbhyavrttiGanana,the named number of repetitions of an action,action_repetition,complete_avyaya,meaning_bearing_derivative,laukika,plain-taddhita-rule-5.4.17.html,https://sanskritdocuments.org/learning_tools/ashtadhyayi/vyakhya/5/5.4.17.htm,semantic_relation_recovered
8a6fe2b96f4f75c9ab86,kashika_5_4.rs,48,sutra_5_4_17,5.4.17,dvi,kftvasuc,,0,negative,active_test,108ae00059087cfdec17,,,,,,,,,,negative_assertion_not_admitted
c2a3da765cdab2e91649,kashika_5_4.rs,49,sutra_5_4_17,5.4.17,tri,kftvasuc,,0,negative,active_test,9ffffd6f56a1d64d7151,,,,,,,,,,negative_assertion_not_admitted
958efb60b17bd2ada029,kashika_5_4.rs,50,sutra_5_4_17,5.4.17,catur,kftvasuc,,0,negative,active_test,ad6bd7454c5ba3aea5bf,,,,,,,,,,negative_assertion_not_admitted
a69b24fe3c5dfcf7c527,kashika_5_4.rs,56,sutra_5_4_18,5.4.18,dvi,suc,dviH,1,positive,ignored_test,5ff5b42d4626d60fdc67,5.4.18,KriyaAbhyavrttiGanana,the named number of repetitions of an action,action_repetition,complete_avyaya,meaning_bearing_derivative,laukika,plain-taddhita-rule-5.4.18.html,https://sanskritdocuments.org/learning_tools/ashtadhyayi/vyakhya/5/5.4.18.htm,ignored_test_not_admitted
86c5ac3bb1e7e62cf5e3,kashika_5_4.rs,57,sutra_5_4_18,5.4.18,tri,suc,triH,1,positive,ignored_test,92b1517d64d477e035cb,5.4.18,KriyaAbhyavrttiGanana,the named number of repetitions of an action,action_repetition,complete_avyaya,meaning_bearing_derivative,laukika,plain-taddhita-rule-5.4.18.html,https://sanskritdocuments.org/learning_tools/ashtadhyayi/vyakhya/5/5.4.18.htm,ignored_test_not_admitted
3d271b029f4eb7e80095,kashika_5_4.rs,58,sutra_5_4_18,5.4.18,catur,suc,catuH,1,positive,ignored_test,a11d2a1816d2187ff0a2,5.4.18,KriyaAbhyavrttiGanana,the named number of repetitions of an action,action_repetition,complete_avyaya,meaning_bearing_derivative,laukika,plain-taddhita-rule-5.4.18.html,https://sanskritdocuments.org/learning_tools/ashtadhyayi/vyakhya/5/5.4.18.htm,ignored_test_not_admitted
b9835f19c873ccb7e16c,kashika_5_4.rs,64,sutra_5_4_19,5.4.19,eka,suc,sakft,1,positive,ignored_test,45d41de9158aaf4731d2,5.4.19,KriyaAbhyavrttiGanana,the named number of repetitions of an action,action_repetition,complete_avyaya,meaning_bearing_derivative,laukika,plain-taddhita-rule-5.4.19.html,https://sanskritdocuments.org/learning_tools/ashtadhyayi/vyakhya/5/5.4.19.htm,ignored_test_not_admitted
50c7f24f39ab14bd1e72,kashika_5_4.rs,69,sutra_5_4_21,5.4.21,anna,mayaw,annamaya,1,positive,active_test,ebfb4e5b034b9026f211,5.4.21,TatPrakrtaVacane,made or constituted predominantly from the named material,material_composition,nominal_base,meaning_bearing_derivative,laukika,plain-taddhita-rule-5.4.21.html,https://sanskritdocuments.org/learning_tools/ashtadhyayi/vyakhya/5/5.4.21.htm,semantic_relation_recovered
01cc3b8136ccefdd809c,kashika_5_4.rs,70,sutra_5_4_21,5.4.21,apUpa,mayaw,apUpamaya,1,positive,active_test,5a8e4b9d5f0ca3f036b0,5.4.21,TatPrakrtaVacane,made or constituted predominantly from the named material,material_composition,nominal_base,meaning_bearing_derivative,laukika,plain-taddhita-rule-5.4.21.html,https://sanskritdocuments.org/learning_tools/ashtadhyayi/vyakhya/5/5.4.21.htm,semantic_relation_recovered
f5684a129370b4671f36,kashika_5_4.rs,71,sutra_5_4_21,5.4.21,vawaka,mayaw,vawakamaya,1,positive,active_test,c827eaf464ca4c0dad13,5.4.21,TatPrakrtaVacane,made or constituted predominantly from the named material,material_composition,nominal_base,meaning_bearing_derivative,laukika,plain-taddhita-rule-5.4.21.html,https://sanskritdocuments.org/learning_tools/ashtadhyayi/vyakhya/5/5.4.21.htm,semantic_relation_recovered
5d66fdeee9e7f725b1ef,kashika_5_4.rs,76,sutra_5_4_23,5.4.23,ananta,Yya,Anantya,1,positive,active_test,8dd6b08389da99048af6,5.4.23,Svarthe,a source-listed derivative retaining the base referent,same_referent_derivative,nominal_base,same_referent_or_lexical_derivative,laukika,plain-taddhita-rule-5.4.23.html,https://sanskritdocuments.org/learning_tools/ashtadhyayi/vyakhya/5/5.4.23.htm,semantic_relation_recovered
101c4809d8dc71db5d23,kashika_5_4.rs,77,sutra_5_4_23,5.4.23,AvasaTa,Yya,AvasaTya,1,positive,active_test,a8a464058b2b134bb811,5.4.23,Svarthe,a source-listed derivative retaining the base referent,same_referent_derivative,nominal_base,same_referent_or_lexical_derivative,laukika,plain-taddhita-rule-5.4.23.html,https://sanskritdocuments.org/learning_tools/ashtadhyayi/vyakhya/5/5.4.23.htm,semantic_relation_recovered
f5ae1bd8dbf93823e37a,kashika_5_4.rs,78,sutra_5_4_23,5.4.23,itiha,Yya,Etihya,1,positive,active_test,dfdebc5476a66e8f75f3,5.4.23,Svarthe,a source-listed derivative retaining the base referent,same_referent_derivative,nominal_base,same_referent_or_lexical_derivative,laukika,plain-taddhita-rule-5.4.23.html,https://sanskritdocuments.org/learning_tools/ashtadhyayi/vyakhya/5/5.4.23.htm,semantic_relation_recovered
9ba08bdd999a1b67743d,kashika_5_4.rs,79,sutra_5_4_23,5.4.23,Bezaja,Yya,BEzajya,1,positive,active_test,4bdf7f1bbcf2240ac1e7,5.4.23,Svarthe,a source-listed derivative retaining the base referent,same_referent_derivative,nominal_base,same_referent_or_lexical_derivative,laukika,plain-taddhita-rule-5.4.23.html,https://sanskritdocuments.org/learning_tools/ashtadhyayi/vyakhya/5/5.4.23.htm,semantic_relation_recovered
15ba5bc4802ed4e13af7,kashika_5_4.rs,84,sutra_5_4_26,5.4.26,atiTi,Yya,AtiTya,1,positive,active_test,4d7e3dc68a8f2f5f1a45,5.4.26,Tadarthye,intended for a guest,intended_recipient,nominal_base,meaning_bearing_derivative,laukika,plain-taddhita-rule-5.4.26.html,https://sanskritdocuments.org/learning_tools/ashtadhyayi/vyakhya/5/5.4.26.htm,semantic_relation_recovered
267af41ef23926986405,kashika_5_4.rs,89,sutra_5_4_27,5.4.27,deva,tal,devatA,1,positive,active_test,71739f5d0405601ce905,5.4.27,Svarthe,a source-listed derivative retaining the base referent,same_referent_derivative,nominal_base,same_referent_or_lexical_derivative,laukika,plain-taddhita-rule-5.4.27.html,https://sanskritdocuments.org/learning_tools/ashtadhyayi/vyakhya/5/5.4.27.htm,semantic_relation_recovered
fcc8df21d62dab188727,kashika_5_4.rs,94,sutra_5_4_28,5.4.28,avi,ka,avika,1,positive,active_test,d7ae1a7e143a846fd102,5.4.28,Svarthe,a source-listed derivative retaining the base referent,same_referent_derivative,nominal_base,same_referent_or_lexical_derivative,laukika,plain-taddhita-rule-5.4.28.html,https://sanskritdocuments.org/learning_tools/ashtadhyayi/vyakhya/5/5.4.28.htm,semantic_relation_recovered
35c27591004b49173aed,kashika_5_4.rs,99,sutra_5_4_29,5.4.29,yAva,ka,yAvaka,1,positive,active_test,eea4b87a8b8850302605,5.4.29,Svarthe,a source-listed derivative retaining the base referent,same_referent_derivative,nominal_base,same_referent_or_lexical_derivative,laukika,plain-taddhita-rule-5.4.29.html,https://sanskritdocuments.org/learning_tools/ashtadhyayi/vyakhya/5/5.4.29.htm,semantic_relation_recovered
84c922efefee0ebc452c,kashika_5_4.rs,100,sutra_5_4_29,5.4.29,maRi,ka,maRika,1,positive,active_test,3d19be026626e28feae6,5.4.29,Svarthe,a source-listed derivative retaining the base referent,same_referent_derivative,nominal_base,same_referent_or_lexical_derivative,laukika,plain-taddhita-rule-5.4.29.html,https://sanskritdocuments.org/learning_tools/ashtadhyayi/vyakhya/5/5.4.29.htm,semantic_relation_recovered
0e8cf65211a0dff4c67f,kashika_5_4.rs,105,sutra_5_4_30_to_sutra_5_4_32,5.4.30,lohita,ka,lohitaka,1,positive,active_test,8858179f619cdcf5d875,5.4.30,Svarthe,a source-listed derivative retaining the base referent,same_referent_derivative,nominal_base,same_referent_or_lexical_derivative,laukika,plain-taddhita-rule-5.4.30.html,https://sanskritdocuments.org/learning_tools/ashtadhyayi/vyakhya/5/5.4.30.htm,semantic_relation_recovered
3c36d2ec61d684d179c1,kashika_5_4.rs,110,sutra_5_4_33,5.4.33,kAla,ka,kAlaka,1,positive,active_test,58f9818908bef55a43be,5.4.33,Svarthe,a source-listed derivative retaining the base referent,same_referent_derivative,nominal_base,same_referent_or_lexical_derivative,laukika,plain-taddhita-rule-5.4.33.html,https://sanskritdocuments.org/learning_tools/ashtadhyayi/vyakhya/5/5.4.33.htm,semantic_relation_recovered
3fa2ea344bd8bf0dee3a,kashika_5_4.rs,115,sutra_5_4_34,5.4.34,vinaya,Wak,vEnayika,1,positive,active_test,5860a12bec2713698849,5.4.34,Svarthe,a source-listed derivative retaining the base referent,same_referent_derivative,nominal_base,same_referent_or_lexical_derivative,laukika,plain-taddhita-rule-5.4.34.html,https://sanskritdocuments.org/learning_tools/ashtadhyayi/vyakhya/5/5.4.34.htm,semantic_relation_recovered
7af058c08b2c5eb4a9fc,kashika_5_4.rs,116,sutra_5_4_34,5.4.34,samaya,Wak,sAmayika,1,positive,active_test,ccdcd581f4f8990cc288,5.4.34,Svarthe,a source-listed derivative retaining the base referent,same_referent_derivative,nominal_base,same_referent_or_lexical_derivative,laukika,plain-taddhita-rule-5.4.34.html,https://sanskritdocuments.org/learning_tools/ashtadhyayi/vyakhya/5/5.4.34.htm,semantic_relation_recovered
1fe35122b663a834034b,kashika_5_4.rs,117,sutra_5_4_34,5.4.34,upAya,Wak,OpAyika,1,positive,active_test,33c8d64aa0dbeb11a167,5.4.34,Svarthe,a source-listed derivative retaining the base referent,same_referent_derivative,nominal_base,same_referent_or_lexical_derivative,laukika,plain-taddhita-rule-5.4.34.html,https://sanskritdocuments.org/learning_tools/ashtadhyayi/vyakhya/5/5.4.34.htm,semantic_relation_recovered
ddda66649de416ecc04a,kashika_5_4.rs,122,sutra_5_4_35,5.4.35,vAc,Wak,vAcika,1,positive,active_test,3460b92eb03bcb1a9a18,5.4.35,VyahrtaArtha,a message or utterance conveying a meaning stated beforehand,reported_message,nominal_base,meaning_bearing_derivative,laukika,plain-taddhita-rule-5.4.35.html,https://sanskritdocuments.org/learning_tools/ashtadhyayi/vyakhya/5/5.4.35.htm,semantic_relation_recovered
71a8db21487bf21a4890,kashika_5_4.rs,128,sutra_5_4_39,5.4.39,mft,tikan,mfttikA,1,positive,ignored_test,d0cde6774ee3d1664ce3,5.4.39,Svarthe,a source-listed derivative retaining the base referent,same_referent_derivative,nominal_base,same_referent_or_lexical_derivative,laukika,plain-taddhita-rule-5.4.39.html,https://sanskritdocuments.org/learning_tools/ashtadhyayi/vyakhya/5/5.4.39.htm,ignored_test_not_admitted
a4f7c25b5721783afae1,kashika_5_4.rs,134,sutra_5_4_43,5.4.43,dvi,Sas,dviSaH,1,positive,ignored_test,68797fdeeae476254795,5.4.43,PratyayaDistributive,in groups or successive units of the named amount,distribution,complete_avyaya,meaning_bearing_derivative,laukika,plain-taddhita-rule-5.4.43.html,https://sanskritdocuments.org/learning_tools/ashtadhyayi/vyakhya/5/5.4.43.htm,ignored_test_not_admitted
93f5bc113fc6920bf8cf,kashika_5_4.rs,135,sutra_5_4_43,5.4.43,tri,Sas,triSaH,1,positive,ignored_test,274ee05c1c76fef3cb2f,5.4.43,PratyayaDistributive,in groups or successive units of the named amount,distribution,complete_avyaya,meaning_bearing_derivative,laukika,plain-taddhita-rule-5.4.43.html,https://sanskritdocuments.org/learning_tools/ashtadhyayi/vyakhya/5/5.4.43.htm,ignored_test_not_admitted
12db48df6e452be168aa,kashika_5_4.rs,136,sutra_5_4_43,5.4.43,kArzApaRa,Sas,kArzApaRaSaH,1,positive,ignored_test,5b13fd37e7a8b683dcdf,5.4.43,PratyayaDistributive,in groups or successive units of the named amount,distribution,complete_avyaya,meaning_bearing_derivative,laukika,plain-taddhita-rule-5.4.43.html,https://sanskritdocuments.org/learning_tools/ashtadhyayi/vyakhya/5/5.4.43.htm,ignored_test_not_admitted
0f6f221d8362ff90da16,kashika_5_4.rs,137,sutra_5_4_43,5.4.43,mAza,Sas,mAzaSaH,1,positive,ignored_test,95753d592df9d625b103,5.4.43,PratyayaDistributive,in groups or successive units of the named amount,distribution,complete_avyaya,meaning_bearing_derivative,laukika,plain-taddhita-rule-5.4.43.html,https://sanskritdocuments.org/learning_tools/ashtadhyayi/vyakhya/5/5.4.43.htm,ignored_test_not_admitted
3dd47f3c8ab6fead7e08,kashika_5_4.rs,138,sutra_5_4_43,5.4.43,pAda,Sas,pAdaSaH,1,positive,ignored_test,d733401ab27e6fc2326f,5.4.43,PratyayaDistributive,in groups or successive units of the named amount,distribution,complete_avyaya,meaning_bearing_derivative,laukika,plain-taddhita-rule-5.4.43.html,https://sanskritdocuments.org/learning_tools/ashtadhyayi/vyakhya/5/5.4.43.htm,ignored_test_not_admitted
06ef0e619c442fc4c976,kashika_5_4.rs,143,sutra_5_4_44,5.4.44,vAsudeva,tasi,vAsudevatas,1,positive,active_test,9777284afb34379a6259,5.4.44,PratiyogaPanchami,"from, relative to, or with respect to the named reference",relative_direction,complete_avyaya,meaning_bearing_derivative,laukika,plain-taddhita-rule-5.4.44.html,https://sanskritdocuments.org/learning_tools/ashtadhyayi/vyakhya/5/5.4.44.htm,semantic_relation_recovered
6ff4ab23afebfa8b3778,kashika_5_4.rs,144,sutra_5_4_44,5.4.44,arjuna,tasi,arjunatas,1,positive,active_test,daf9ebcf9e88af5ceb4c,5.4.44,PratiyogaPanchami,"from, relative to, or with respect to the named reference",relative_direction,complete_avyaya,meaning_bearing_derivative,laukika,plain-taddhita-rule-5.4.44.html,https://sanskritdocuments.org/learning_tools/ashtadhyayi/vyakhya/5/5.4.44.htm,semantic_relation_recovered
ff00d14f70c0ea651c52,kashika_5_4.rs,147,sutra_5_4_44,5.4.44,Adi,tasi,Aditas,1,positive,active_test,8cc50acf1bc558efe469,5.4.44,PratiyogaPanchami,"from, relative to, or with respect to the named reference",relative_direction,complete_avyaya,meaning_bearing_derivative,laukika,plain-taddhita-rule-5.4.44.html,https://sanskritdocuments.org/learning_tools/ashtadhyayi/vyakhya/5/5.4.44.htm,semantic_relation_recovered
b5f5635087f396e7ac71,kashika_5_4.rs,148,sutra_5_4_44,5.4.44,maDya,tasi,maDyatas,1,positive,active_test,e24e0460a785cabd1406,5.4.44,PratiyogaPanchami,"from, relative to, or with respect to the named reference",relative_direction,complete_avyaya,meaning_bearing_derivative,laukika,plain-taddhita-rule-5.4.44.html,https://sanskritdocuments.org/learning_tools/ashtadhyayi/vyakhya/5/5.4.44.htm,semantic_relation_recovered
b3e6c620776cf864095e,kashika_5_4.rs,149,sutra_5_4_44,5.4.44,pArSva,tasi,pArSvatas,1,positive,active_test,0d77a8125962e4d72856,5.4.44,PratiyogaPanchami,"from, relative to, or with respect to the named reference",relative_direction,complete_avyaya,meaning_bearing_derivative,laukika,plain-taddhita-rule-5.4.44.html,https://sanskritdocuments.org/learning_tools/ashtadhyayi/vyakhya/5/5.4.44.htm,semantic_relation_recovered
c4faeef2ea3657ec9c00,kashika_5_4.rs,150,sutra_5_4_44,5.4.44,pfzWa,tasi,pfzWatas,1,positive,active_test,207a9eccb75d78409de4,5.4.44,PratiyogaPanchami,"from, relative to, or with respect to the named reference",relative_direction,complete_avyaya,meaning_bearing_derivative,laukika,plain-taddhita-rule-5.4.44.html,https://sanskritdocuments.org/learning_tools/ashtadhyayi/vyakhya/5/5.4.44.htm,semantic_relation_recovered
6ba4a0ee42fff8b5619a,kashika_5_4.rs,177,sutra_5_4_54,5.4.54,agni,sAti,agnisAt,1,positive,active_test,d7705ec20a6ae77c812a,5.4.54,TadAdhina,placed under the control or dependence of the named entity,dependence,complete_avyaya,meaning_bearing_derivative,laukika,plain-taddhita-rule-5.4.54.html,https://sanskritdocuments.org/learning_tools/ashtadhyayi/vyakhya/5/5.4.54.htm,semantic_relation_recovered
e2999e864c1ff0370f23,kashika_5_4.rs,178,sutra_5_4_54,5.4.54,udaka,sAti,udakasAt,1,positive,active_test,553c1b6746e369485608,5.4.54,TadAdhina,placed under the control or dependence of the named entity,dependence,complete_avyaya,meaning_bearing_derivative,laukika,plain-taddhita-rule-5.4.54.html,https://sanskritdocuments.org/learning_tools/ashtadhyayi/vyakhya/5/5.4.54.htm,semantic_relation_recovered
