sample_id,display,source_file,source_word_meaning_id,stem_slp1,constructor,linga,relation_id,relation_display,plain_function,number_id,number_display,generated_forms_slp1,output_variant_count,generation_status,derivation_paths_json
gamana,"गमनम् (gamanam), going",krdanta_ledger.csv,7a90db603ab51397148f,gamana,basic,Napumsaka,prathama,प्रथमा,naming or identifying the participant,eka,एकम्,gamanam,1,locally_regenerated,"[{""form_slp1"": ""gamanam"", ""steps"": [{""rule_source"": ""azwADyAyI"", ""rule"": ""1.2.45"", ""result"": [""gamana""]}, {""rule_source"": ""azwADyAyI"", ""rule"": ""4.1.2"", ""result"": [""gamana"", ""su~""]}, {""rule_source"": ""azwADyAyI"", ""rule"": ""1.3.2"", ""result"": [""gamana"", ""su~""]}, {""rule_source"": ""azwADyAyI"", ""rule"": ""1.3.9"", ""result"": [""gamana"", ""s""]}, {""rule_source"": ""azwADyAyI"", ""rule"": ""7.1.24"", ""result"": [""gamana"", ""am""]}, {""rule_source"": ""azwADyAyI"", ""rule"": ""1.3.4"", ""result"": [""gamana"", ""am""]}, {""rule_source"": ""azwADyAyI"", ""rule"": ""1.4.13"", ""result"": [""gamana"", ""am""]}, {""rule_source"": ""azwADyAyI"", ""rule"": ""1.4.18"", ""result"": [""gamana"", ""am""]}, {""rule_source"": ""azwADyAyI"", ""rule"": ""1.4.14"", ""result"": [""gamana"", ""am""]}, {""rule_source"": ""azwADyAyI"", ""rule"": ""6.1.107"", ""result"": [""gamana"", ""m""]}, {""rule_source"": ""azwADyAyI"", ""rule"": ""8.4.68"", ""result"": [""gamana"", ""m""]}]}]"
gamana,"गमनम् (gamanam), going",krdanta_ledger.csv,7a90db603ab51397148f,gamana,basic,Napumsaka,prathama,प्रथमा,naming or identifying the participant,dvi,द्वे,gamane,1,locally_regenerated,"[{""form_slp1"": ""gamane"", ""steps"": [{""rule_source"": ""azwADyAyI"", ""rule"": ""1.2.45"", ""result"": [""gamana""]}, {""rule_source"": ""azwADyAyI"", ""rule"": ""4.1.2"", ""result"": [""gamana"", ""O""]}, {""rule_source"": ""azwADyAyI"", ""rule"": ""1.4.13"", ""result"": [""gamana"", ""O""]}, {""rule_source"": ""azwADyAyI"", ""rule"": ""7.1.19"", ""result"": [""gamana"", ""SI""]}, {""rule_source"": ""azwADyAyI"", ""rule"": ""1.3.8"", ""result"": [""gamana"", ""SI""]}, {""rule_source"": ""azwADyAyI"", ""rule"": ""1.3.9"", ""result"": [""gamana"", ""I""]}, {""rule_source"": ""azwADyAyI"", ""rule"": ""1.4.18"", ""result"": [""gamana"", ""I""]}, {""rule_source"": ""azwADyAyI"", ""rule"": ""1.4.14"", ""result"": [""gamana"", ""I""]}, {""rule_source"": ""vArttikAH"", ""rule"": ""6.4.148.1"", ""result"": [""gamana"", ""I""]}, {""rule_source"": ""azwADyAyI"", ""rule"": ""6.1.104"", ""result"": [""gamana"", ""I""]}, {""rule_source"": ""azwADyAyI"", ""rule"": ""6.1.87"", ""result"": [""gaman"", ""e""]}, {""rule_source"": ""azwADyAyI"", ""rule"": ""8.4.68"", ""result"": [""gaman"", ""e""]}]}]"
gamana,"गमनम् (gamanam), going",krdanta_ledger.csv,7a90db603ab51397148f,gamana,basic,Napumsaka,prathama,प्रथमा,naming or identifying the participant,bahu,बहूनि,gamanAni,1,locally_regenerated,"[{""form_slp1"": ""gamanAni"", ""steps"": [{""rule_source"": ""azwADyAyI"", ""rule"": ""1.2.45"", ""result"": [""gamana""]}, {""rule_source"": ""azwADyAyI"", ""rule"": ""4.1.2"", ""result"": [""gamana"", ""jas""]}, {""rule_source"": ""azwADyAyI"", ""rule"": ""1.3.4"", ""result"": [""gamana"", ""jas""]}, {""rule_source"": ""azwADyAyI"", ""rule"": ""1.3.7"", ""result"": [""gamana"", ""jas""]}, {""rule_source"": ""azwADyAyI"", ""rule"": ""1.3.9"", ""result"": [""gamana"", ""as""]}, {""rule_source"": ""azwADyAyI"", ""rule"": ""1.4.13"", ""result"": [""gamana"", ""as""]}, {""rule_source"": ""azwADyAyI"", ""rule"": ""7.1.20"", ""result"": [""gamana"", ""Si""]}, {""rule_source"": ""azwADyAyI"", ""rule"": ""1.3.8"", ""result"": [""gamana"", ""Si""]}, {""rule_source"": ""azwADyAyI"", ""rule"": ""1.3.9"", ""result"": [""gamana"", ""i""]}, {""rule_source"": ""azwADyAyI"", ""rule"": ""1.1.42"", ""result"": [""gamana"", ""i""]}, {""rule_source"": ""azwADyAyI"", ""rule"": ""1.4.14"", ""result"": [""gamana"", ""i""]}, {""rule_source"": ""azwADyAyI"", ""rule"": ""7.1.72"", ""result"": [""gamanan"", ""i""]}, {""rule_source"": ""azwADyAyI"", ""rule"": ""6.4.8"", ""result"": [""gamanAn"", ""i""]}, {""rule_source"": ""azwADyAyI"", ""rule"": ""8.4.68"", ""result"": [""gamanAn"", ""i""]}]}]"
gamana,"गमनम् (gamanam), going",krdanta_ledger.csv,7a90db603ab51397148f,gamana,basic,Napumsaka,dvitiya,द्वितीया,"the object, extent, or destination",eka,एकम्,gamanam,1,locally_regenerated,"[{""form_slp1"": ""gamanam"", ""steps"": [{""rule_source"": ""azwADyAyI"", ""rule"": ""1.2.45"", ""result"": [""gamana""]}, {""rule_source"": ""azwADyAyI"", ""rule"": ""4.1.2"", ""result"": [""gamana"", ""am""]}, {""rule_source"": ""azwADyAyI"", ""rule"": ""1.3.4"", ""result"": [""gamana"", ""am""]}, {""rule_source"": ""azwADyAyI"", ""rule"": ""7.1.24"", ""result"": [""gamana"", ""am""]}, {""rule_source"": ""azwADyAyI"", ""rule"": ""1.3.4"", ""result"": [""gamana"", ""am""]}, {""rule_source"": ""azwADyAyI"", ""rule"": ""1.4.13"", ""result"": [""gamana"", ""am""]}, {""rule_source"": ""azwADyAyI"", ""rule"": ""1.4.18"", ""result"": [""gamana"", ""am""]}, {""rule_source"": ""azwADyAyI"", ""rule"": ""1.4.14"", ""result"": [""gamana"", ""am""]}, {""rule_source"": ""azwADyAyI"", ""rule"": ""6.1.107"", ""result"": [""gamana"", ""m""]}, {""rule_source"": ""azwADyAyI"", ""rule"": ""8.4.68"", ""result"": [""gamana"", ""m""]}]}]"
gamana,"गमनम् (gamanam), going",krdanta_ledger.csv,7a90db603ab51397148f,gamana,basic,Napumsaka,dvitiya,द्वितीया,"the object, extent, or destination",dvi,द्वे,gamane,1,locally_regenerated,"[{""form_slp1"": ""gamane"", ""steps"": [{""rule_source"": ""azwADyAyI"", ""rule"": ""1.2.45"", ""result"": [""gamana""]}, {""rule_source"": ""azwADyAyI"", ""rule"": ""4.1.2"", ""result"": [""gamana"", ""Ow""]}, {""rule_source"": ""azwADyAyI"", ""rule"": ""1.3.3"", ""result"": [""gamana"", ""Ow""]}, {""rule_source"": ""azwADyAyI"", ""rule"": ""1.3.9"", ""result"": [""gamana"", ""O""]}, {""rule_source"": ""azwADyAyI"", ""rule"": ""1.4.13"", ""result"": [""gamana"", ""O""]}, {""rule_source"": ""azwADyAyI"", ""rule"": ""7.1.19"", ""result"": [""gamana"", ""SI""]}, {""rule_source"": ""azwADyAyI"", ""rule"": ""1.3.8"", ""result"": [""gamana"", ""SI""]}, {""rule_source"": ""azwADyAyI"", ""rule"": ""1.3.9"", ""result"": [""gamana"", ""I""]}, {""rule_source"": ""azwADyAyI"", ""rule"": ""1.4.18"", ""result"": [""gamana"", ""I""]}, {""rule_source"": ""azwADyAyI"", ""rule"": ""1.4.14"", ""result"": [""gamana"", ""I""]}, {""rule_source"": ""vArttikAH"", ""rule"": ""6.4.148.1"", ""result"": [""gamana"", ""I""]}, {""rule_source"": ""azwADyAyI"", ""rule"": ""6.1.104"", ""result"": [""gamana"", ""I""]}, {""rule_source"": ""azwADyAyI"", ""rule"": ""6.1.87"", ""result"": [""gaman"", ""e""]}, {""rule_source"": ""azwADyAyI"", ""rule"": ""8.4.68"", ""result"": [""gaman"", ""e""]}]}]"
gamana,"गमनम् (gamanam), going",krdanta_ledger.csv,7a90db603ab51397148f,gamana,basic,Napumsaka,dvitiya,द्वितीया,"the object, extent, or destination",bahu,बहूनि,gamanAni,1,locally_regenerated,"[{""form_slp1"": ""gamanAni"", ""steps"": [{""rule_source"": ""azwADyAyI"", ""rule"": ""1.2.45"", ""result"": [""gamana""]}, {""rule_source"": ""azwADyAyI"", ""rule"": ""4.1.2"", ""result"": [""gamana"", ""Sas""]}, {""rule_source"": ""azwADyAyI"", ""rule"": ""1.3.4"", ""result"": [""gamana"", ""Sas""]}, {""rule_source"": ""azwADyAyI"", ""rule"": ""1.3.8"", ""result"": [""gamana"", ""Sas""]}, {""rule_source"": ""azwADyAyI"", ""rule"": ""1.3.9"", ""result"": [""gamana"", ""as""]}, {""rule_source"": ""azwADyAyI"", ""rule"": ""1.4.13"", ""result"": [""gamana"", ""as""]}, {""rule_source"": ""azwADyAyI"", ""rule"": ""7.1.20"", ""result"": [""gamana"", ""Si""]}, {""rule_source"": ""azwADyAyI"", ""rule"": ""1.3.8"", ""result"": [""gamana"", ""Si""]}, {""rule_source"": ""azwADyAyI"", ""rule"": ""1.3.9"", ""result"": [""gamana"", ""i""]}, {""rule_source"": ""azwADyAyI"", ""rule"": ""1.1.42"", ""result"": [""gamana"", ""i""]}, {""rule_source"": ""azwADyAyI"", ""rule"": ""1.4.14"", ""result"": [""gamana"", ""i""]}, {""rule_source"": ""azwADyAyI"", ""rule"": ""7.1.72"", ""result"": [""gamanan"", ""i""]}, {""rule_source"": ""azwADyAyI"", ""rule"": ""6.4.8"", ""result"": [""gamanAn"", ""i""]}, {""rule_source"": ""azwADyAyI"", ""rule"": ""8.4.68"", ""result"": [""gamanAn"", ""i""]}]}]"
gamana,"गमनम् (gamanam), going",krdanta_ledger.csv,7a90db603ab51397148f,gamana,basic,Napumsaka,trtiya,तृतीया,"the means, instrument, or accompaniment",eka,एकम्,gamanena,1,locally_regenerated,"[{""form_slp1"": ""gamanena"", ""steps"": [{""rule_source"": ""azwADyAyI"", ""rule"": ""1.2.45"", ""result"": [""gamana""]}, {""rule_source"": ""azwADyAyI"", ""rule"": ""4.1.2"", ""result"": [""gamana"", ""wA""]}, {""rule_source"": ""azwADyAyI"", ""rule"": ""1.3.7"", ""result"": [""gamana"", ""wA""]}, {""rule_source"": ""azwADyAyI"", ""rule"": ""1.3.9"", ""result"": [""gamana"", ""A""]}, {""rule_source"": ""azwADyAyI"", ""rule"": ""1.4.13"", ""result"": [""gamana"", ""A""]}, {""rule_source"": ""azwADyAyI"", ""rule"": ""7.1.12"", ""result"": [""gamana"", ""ina""]}, {""rule_source"": ""azwADyAyI"", ""rule"": ""1.4.18"", ""result"": [""gamana"", ""ina""]}, {""rule_source"": ""azwADyAyI"", ""rule"": ""1.4.14"", ""result"": [""gamana"", ""ina""]}, {""rule_source"": ""azwADyAyI"", ""rule"": ""6.1.87"", ""result"": [""gaman"", ""ena""]}, {""rule_source"": ""azwADyAyI"", ""rule"": ""8.4.68"", ""result"": [""gaman"", ""ena""]}]}]"
gamana,"गमनम् (gamanam), going",krdanta_ledger.csv,7a90db603ab51397148f,gamana,basic,Napumsaka,trtiya,तृतीया,"the means, instrument, or accompaniment",dvi,द्वे,gamanAByAm,1,locally_regenerated,"[{""form_slp1"": ""gamanAByAm"", ""steps"": [{""rule_source"": ""azwADyAyI"", ""rule"": ""1.2.45"", ""result"": [""gamana""]}, {""rule_source"": ""azwADyAyI"", ""rule"": ""4.1.2"", ""result"": [""gamana"", ""ByAm""]}, {""rule_source"": ""azwADyAyI"", ""rule"": ""1.3.4"", ""result"": [""gamana"", ""ByAm""]}, {""rule_source"": ""azwADyAyI"", ""rule"": ""1.4.13"", ""result"": [""gamana"", ""ByAm""]}, {""rule_source"": ""azwADyAyI"", ""rule"": ""1.4.17"", ""result"": [""gamana"", ""ByAm""]}, {""rule_source"": ""azwADyAyI"", ""rule"": ""1.4.14"", ""result"": [""gamana"", ""ByAm""]}, {""rule_source"": ""azwADyAyI"", ""rule"": ""7.3.102"", ""result"": [""gamanA"", ""ByAm""]}, {""rule_source"": ""azwADyAyI"", ""rule"": ""8.4.68"", ""result"": [""gamanA"", ""ByAm""]}]}]"
gamana,"गमनम् (gamanam), going",krdanta_ledger.csv,7a90db603ab51397148f,gamana,basic,Napumsaka,trtiya,तृतीया,"the means, instrument, or accompaniment",bahu,बहूनि,gamanEH,1,locally_regenerated,"[{""form_slp1"": ""gamanEH"", ""steps"": [{""rule_source"": ""azwADyAyI"", ""rule"": ""1.2.45"", ""result"": [""gamana""]}, {""rule_source"": ""azwADyAyI"", ""rule"": ""4.1.2"", ""result"": [""gamana"", ""Bis""]}, {""rule_source"": ""azwADyAyI"", ""rule"": ""1.3.4"", ""result"": [""gamana"", ""Bis""]}, {""rule_source"": ""azwADyAyI"", ""rule"": ""1.4.13"", ""result"": [""gamana"", ""Bis""]}, {""rule_source"": ""azwADyAyI"", ""rule"": ""7.1.9"", ""result"": [""gamana"", ""Es""]}, {""rule_source"": ""azwADyAyI"", ""rule"": ""1.4.18"", ""result"": [""gamana"", ""Es""]}, {""rule_source"": ""azwADyAyI"", ""rule"": ""1.4.14"", ""result"": [""gamana"", ""Es""]}, {""rule_source"": ""azwADyAyI"", ""rule"": ""6.1.88"", ""result"": [""gaman"", ""Es""]}, {""rule_source"": ""azwADyAyI"", ""rule"": ""8.2.66"", ""result"": [""gaman"", ""Eru~""]}, {""rule_source"": ""azwADyAyI"", ""rule"": ""1.3.2"", ""result"": [""gaman"", ""Er""]}, {""rule_source"": ""azwADyAyI"", ""rule"": ""8.3.15"", ""result"": [""gaman"", ""EH""]}, {""rule_source"": ""azwADyAyI"", ""rule"": ""8.4.68"", ""result"": [""gaman"", ""EH""]}]}]"
gamana,"गमनम् (gamanam), going",krdanta_ledger.csv,7a90db603ab51397148f,gamana,basic,Napumsaka,caturthi,चतुर्थी,"the recipient, beneficiary, or purpose",eka,एकम्,gamanAya,1,locally_regenerated,"[{""form_slp1"": ""gamanAya"", ""steps"": [{""rule_source"": ""azwADyAyI"", ""rule"": ""1.2.45"", ""result"": [""gamana""]}, {""rule_source"": ""azwADyAyI"", ""rule"": ""4.1.2"", ""result"": [""gamana"", ""Ne""]}, {""rule_source"": ""azwADyAyI"", ""rule"": ""1.3.8"", ""result"": [""gamana"", ""Ne""]}, {""rule_source"": ""azwADyAyI"", ""rule"": ""1.3.9"", ""result"": [""gamana"", ""e""]}, {""rule_source"": ""azwADyAyI"", ""rule"": ""1.4.13"", ""result"": [""gamana"", ""e""]}, {""rule_source"": ""azwADyAyI"", ""rule"": ""7.1.13"", ""result"": [""gamana"", ""ya""]}, {""rule_source"": ""azwADyAyI"", ""rule"": ""1.4.18"", ""result"": [""gamana"", ""ya""]}, {""rule_source"": ""azwADyAyI"", ""rule"": ""1.4.14"", ""result"": [""gamana"", ""ya""]}, {""rule_source"": ""azwADyAyI"", ""rule"": ""7.3.102"", ""result"": [""gamanA"", ""ya""]}, {""rule_source"": ""azwADyAyI"", ""rule"": ""8.4.68"", ""result"": [""gamanA"", ""ya""]}]}]"
gamana,"गमनम् (gamanam), going",krdanta_ledger.csv,7a90db603ab51397148f,gamana,basic,Napumsaka,caturthi,चतुर्थी,"the recipient, beneficiary, or purpose",dvi,द्वे,gamanAByAm,1,locally_regenerated,"[{""form_slp1"": ""gamanAByAm"", ""steps"": [{""rule_source"": ""azwADyAyI"", ""rule"": ""1.2.45"", ""result"": [""gamana""]}, {""rule_source"": ""azwADyAyI"", ""rule"": ""4.1.2"", ""result"": [""gamana"", ""ByAm""]}, {""rule_source"": ""azwADyAyI"", ""rule"": ""1.3.4"", ""result"": [""gamana"", ""ByAm""]}, {""rule_source"": ""azwADyAyI"", ""rule"": ""1.4.13"", ""result"": [""gamana"", ""ByAm""]}, {""rule_source"": ""azwADyAyI"", ""rule"": ""1.4.17"", ""result"": [""gamana"", ""ByAm""]}, {""rule_source"": ""azwADyAyI"", ""rule"": ""1.4.14"", ""result"": [""gamana"", ""ByAm""]}, {""rule_source"": ""azwADyAyI"", ""rule"": ""7.3.102"", ""result"": [""gamanA"", ""ByAm""]}, {""rule_source"": ""azwADyAyI"", ""rule"": ""8.4.68"", ""result"": [""gamanA"", ""ByAm""]}]}]"
gamana,"गमनम् (gamanam), going",krdanta_ledger.csv,7a90db603ab51397148f,gamana,basic,Napumsaka,caturthi,चतुर्थी,"the recipient, beneficiary, or purpose",bahu,बहूनि,gamaneByaH,1,locally_regenerated,"[{""form_slp1"": ""gamaneByaH"", ""steps"": [{""rule_source"": ""azwADyAyI"", ""rule"": ""1.2.45"", ""result"": [""gamana""]}, {""rule_source"": ""azwADyAyI"", ""rule"": ""4.1.2"", ""result"": [""gamana"", ""Byas""]}, {""rule_source"": ""azwADyAyI"", ""rule"": ""1.3.4"", ""result"": [""gamana"", ""Byas""]}, {""rule_source"": ""azwADyAyI"", ""rule"": ""1.4.13"", ""result"": [""gamana"", ""Byas""]}, {""rule_source"": ""azwADyAyI"", ""rule"": ""1.4.17"", ""result"": [""gamana"", ""Byas""]}, {""rule_source"": ""azwADyAyI"", ""rule"": ""1.4.14"", ""result"": [""gamana"", ""Byas""]}, {""rule_source"": ""azwADyAyI"", ""rule"": ""7.3.103"", ""result"": [""gamane"", ""Byas""]}, {""rule_source"": ""azwADyAyI"", ""rule"": ""8.2.66"", ""result"": [""gamane"", ""Byaru~""]}, {""rule_source"": ""azwADyAyI"", ""rule"": ""1.3.2"", ""result"": [""gamane"", ""Byar""]}, {""rule_source"": ""azwADyAyI"", ""rule"": ""8.3.15"", ""result"": [""gamane"", ""ByaH""]}, {""rule_source"": ""azwADyAyI"", ""rule"": ""8.4.68"", ""result"": [""gamane"", ""ByaH""]}]}]"
gamana,"गमनम् (gamanam), going",krdanta_ledger.csv,7a90db603ab51397148f,gamana,basic,Napumsaka,panchami,पञ्चमी,"the source, separation, or comparison point",eka,एकम्,gamanAd;gamanAt,2,locally_regenerated,"[{""form_slp1"": ""gamanAt"", ""steps"": [{""rule_source"": ""azwADyAyI"", ""rule"": ""1.2.45"", ""result"": [""gamana""]}, {""rule_source"": ""azwADyAyI"", ""rule"": ""4.1.2"", ""result"": [""gamana"", ""Nasi~""]}, {""rule_source"": ""azwADyAyI"", ""rule"": ""1.3.2"", ""result"": [""gamana"", ""Nasi~""]}, {""rule_source"": ""azwADyAyI"", ""rule"": ""1.3.8"", ""result"": [""gamana"", ""Nasi~""]}, {""rule_source"": ""azwADyAyI"", ""rule"": ""1.3.9"", ""result"": [""gamana"", ""as""]}, {""rule_source"": ""azwADyAyI"", ""rule"": ""1.4.13"", ""result"": [""gamana"", ""as""]}, {""rule_source"": ""azwADyAyI"", ""rule"": ""7.1.12"", ""result"": [""gamana"", ""At""]}, {""rule_source"": ""azwADyAyI"", ""rule"": ""1.4.18"", ""result"": [""gamana"", ""At""]}, {""rule_source"": ""azwADyAyI"", ""rule"": ""1.4.14"", ""result"": [""gamana"", ""At""]}, {""rule_source"": ""azwADyAyI"", ""rule"": ""6.1.101"", ""result"": [""gamanA"", ""t""]}, {""rule_source"": ""azwADyAyI"", ""rule"": ""8.2.39"", ""result"": [""gamanA"", ""d""]}, {""rule_source"": ""azwADyAyI"", ""rule"": ""8.4.56"", ""result"": [""gamanA"", ""t""]}, {""rule_source"": ""azwADyAyI"", ""rule"": ""8.4.68"", ""result"": [""gamanA"", ""t""]}]}, {""form_slp1"": ""gamanAd"", ""steps"": [{""rule_source"": ""azwADyAyI"", ""rule"": ""1.2.45"", ""result"": [""gamana""]}, {""rule_source"": ""azwADyAyI"", ""rule"": ""4.1.2"", ""result"": [""gamana"", ""Nasi~""]}, {""rule_source"": ""azwADyAyI"", ""rule"": ""1.3.2"", ""result"": [""gamana"", ""Nasi~""]}, {""rule_source"": ""azwADyAyI"", ""rule"": ""1.3.8"", ""result"": [""gamana"", ""Nasi~""]}, {""rule_source"": ""azwADyAyI"", ""rule"": ""1.3.9"", ""result"": [""gamana"", ""as""]}, {""rule_source"": ""azwADyAyI"", ""rule"": ""1.4.13"", ""result"": [""gamana"", ""as""]}, {""rule_source"": ""azwADyAyI"", ""rule"": ""7.1.12"", ""result"": [""gamana"", ""At""]}, {""rule_source"": ""azwADyAyI"", ""rule"": ""1.4.18"", ""result"": [""gamana"", ""At""]}, {""rule_source"": ""azwADyAyI"", ""rule"": ""1.4.14"", ""result"": [""gamana"", ""At""]}, {""rule_source"": ""azwADyAyI"", ""rule"": ""6.1.101"", ""result"": [""gamanA"", ""t""]}, {""rule_source"": ""azwADyAyI"", ""rule"": ""8.2.39"", ""result"": [""gamanA"", ""d""]}, {""rule_source"": ""azwADyAyI"", ""rule"": ""8.4.68"", ""result"": [""gamanA"", ""d""]}]}]"
gamana,"गमनम् (gamanam), going",krdanta_ledger.csv,7a90db603ab51397148f,gamana,basic,Napumsaka,panchami,पञ्चमी,"the source, separation, or comparison point",dvi,द्वे,gamanAByAm,1,locally_regenerated,"[{""form_slp1"": ""gamanAByAm"", ""steps"": [{""rule_source"": ""azwADyAyI"", ""rule"": ""1.2.45"", ""result"": [""gamana""]}, {""rule_source"": ""azwADyAyI"", ""rule"": ""4.1.2"", ""result"": [""gamana"", ""ByAm""]}, {""rule_source"": ""azwADyAyI"", ""rule"": ""1.3.4"", ""result"": [""gamana"", ""ByAm""]}, {""rule_source"": ""azwADyAyI"", ""rule"": ""1.4.13"", ""result"": [""gamana"", ""ByAm""]}, {""rule_source"": ""azwADyAyI"", ""rule"": ""1.4.17"", ""result"": [""gamana"", ""ByAm""]}, {""rule_source"": ""azwADyAyI"", ""rule"": ""1.4.14"", ""result"": [""gamana"", ""ByAm""]}, {""rule_source"": ""azwADyAyI"", ""rule"": ""7.3.102"", ""result"": [""gamanA"", ""ByAm""]}, {""rule_source"": ""azwADyAyI"", ""rule"": ""8.4.68"", ""result"": [""gamanA"", ""ByAm""]}]}]"
gamana,"गमनम् (gamanam), going",krdanta_ledger.csv,7a90db603ab51397148f,gamana,basic,Napumsaka,panchami,पञ्चमी,"the source, separation, or comparison point",bahu,बहूनि,gamaneByaH,1,locally_regenerated,"[{""form_slp1"": ""gamaneByaH"", ""steps"": [{""rule_source"": ""azwADyAyI"", ""rule"": ""1.2.45"", ""result"": [""gamana""]}, {""rule_source"": ""azwADyAyI"", ""rule"": ""4.1.2"", ""result"": [""gamana"", ""Byas""]}, {""rule_source"": ""azwADyAyI"", ""rule"": ""1.3.4"", ""result"": [""gamana"", ""Byas""]}, {""rule_source"": ""azwADyAyI"", ""rule"": ""1.4.13"", ""result"": [""gamana"", ""Byas""]}, {""rule_source"": ""azwADyAyI"", ""rule"": ""1.4.17"", ""result"": [""gamana"", ""Byas""]}, {""rule_source"": ""azwADyAyI"", ""rule"": ""1.4.14"", ""result"": [""gamana"", ""Byas""]}, {""rule_source"": ""azwADyAyI"", ""rule"": ""7.3.103"", ""result"": [""gamane"", ""Byas""]}, {""rule_source"": ""azwADyAyI"", ""rule"": ""8.2.66"", ""result"": [""gamane"", ""Byaru~""]}, {""rule_source"": ""azwADyAyI"", ""rule"": ""1.3.2"", ""result"": [""gamane"", ""Byar""]}, {""rule_source"": ""azwADyAyI"", ""rule"": ""8.3.15"", ""result"": [""gamane"", ""ByaH""]}, {""rule_source"": ""azwADyAyI"", ""rule"": ""8.4.68"", ""result"": [""gamane"", ""ByaH""]}]}]"
gamana,"गमनम् (gamanam), going",krdanta_ledger.csv,7a90db603ab51397148f,gamana,basic,Napumsaka,sasthi,षष्ठी,"a relation, including possession",eka,एकम्,gamanasya,1,locally_regenerated,"[{""form_slp1"": ""gamanasya"", ""steps"": [{""rule_source"": ""azwADyAyI"", ""rule"": ""1.2.45"", ""result"": [""gamana""]}, {""rule_source"": ""azwADyAyI"", ""rule"": ""4.1.2"", ""result"": [""gamana"", ""Nas""]}, {""rule_source"": ""azwADyAyI"", ""rule"": ""1.3.4"", ""result"": [""gamana"", ""Nas""]}, {""rule_source"": ""azwADyAyI"", ""rule"": ""1.3.8"", ""result"": [""gamana"", ""Nas""]}, {""rule_source"": ""azwADyAyI"", ""rule"": ""1.3.9"", ""result"": [""gamana"", ""as""]}, {""rule_source"": ""azwADyAyI"", ""rule"": ""1.4.13"", ""result"": [""gamana"", ""as""]}, {""rule_source"": ""azwADyAyI"", ""rule"": ""7.1.12"", ""result"": [""gamana"", ""sya""]}, {""rule_source"": ""azwADyAyI"", ""rule"": ""1.4.17"", ""result"": [""gamana"", ""sya""]}, {""rule_source"": ""azwADyAyI"", ""rule"": ""1.4.14"", ""result"": [""gamana"", ""sya""]}, {""rule_source"": ""azwADyAyI"", ""rule"": ""8.4.68"", ""result"": [""gamana"", ""sya""]}]}]"
gamana,"गमनम् (gamanam), going",krdanta_ledger.csv,7a90db603ab51397148f,gamana,basic,Napumsaka,sasthi,षष्ठी,"a relation, including possession",dvi,द्वे,gamanayoH,1,locally_regenerated,"[{""form_slp1"": ""gamanayoH"", ""steps"": [{""rule_source"": ""azwADyAyI"", ""rule"": ""1.2.45"", ""result"": [""gamana""]}, {""rule_source"": ""azwADyAyI"", ""rule"": ""4.1.2"", ""result"": [""gamana"", ""os""]}, {""rule_source"": ""azwADyAyI"", ""rule"": ""1.3.4"", ""result"": [""gamana"", ""os""]}, {""rule_source"": ""azwADyAyI"", ""rule"": ""1.4.13"", ""result"": [""gamana"", ""os""]}, {""rule_source"": ""azwADyAyI"", ""rule"": ""1.4.18"", ""result"": [""gamana"", ""os""]}, {""rule_source"": ""azwADyAyI"", ""rule"": ""1.4.14"", ""result"": [""gamana"", ""os""]}, {""rule_source"": ""azwADyAyI"", ""rule"": ""7.3.104"", ""result"": [""gamane"", ""os""]}, {""rule_source"": ""azwADyAyI"", ""rule"": ""6.1.78"", ""result"": [""gamanay"", ""os""]}, {""rule_source"": ""azwADyAyI"", ""rule"": ""8.2.66"", ""result"": [""gamanay"", ""oru~""]}, {""rule_source"": ""azwADyAyI"", ""rule"": ""1.3.2"", ""result"": [""gamanay"", ""or""]}, {""rule_source"": ""azwADyAyI"", ""rule"": ""8.3.15"", ""result"": [""gamanay"", ""oH""]}, {""rule_source"": ""azwADyAyI"", ""rule"": ""8.4.68"", ""result"": [""gamanay"", ""oH""]}]}]"
gamana,"गमनम् (gamanam), going",krdanta_ledger.csv,7a90db603ab51397148f,gamana,basic,Napumsaka,sasthi,षष्ठी,"a relation, including possession",bahu,बहूनि,gamanAnAm,1,locally_regenerated,"[{""form_slp1"": ""gamanAnAm"", ""steps"": [{""rule_source"": ""azwADyAyI"", ""rule"": ""1.2.45"", ""result"": [""gamana""]}, {""rule_source"": ""azwADyAyI"", ""rule"": ""4.1.2"", ""result"": [""gamana"", ""Am""]}, {""rule_source"": ""azwADyAyI"", ""rule"": ""1.3.4"", ""result"": [""gamana"", ""Am""]}, {""rule_source"": ""azwADyAyI"", ""rule"": ""7.1.54"", ""result"": [""gamana"", ""nu~w"", ""Am""]}, {""rule_source"": ""azwADyAyI"", ""rule"": ""1.3.2"", ""result"": [""gamana"", ""nu~w"", ""Am""]}, {""rule_source"": ""azwADyAyI"", ""rule"": ""1.3.3"", ""result"": [""gamana"", ""nu~w"", ""Am""]}, {""rule_source"": ""azwADyAyI"", ""rule"": ""1.3.9"", ""result"": [""gamana"", ""n"", ""Am""]}, {""rule_source"": ""azwADyAyI"", ""rule"": ""1.4.13"", ""result"": [""gamana"", ""n"", ""Am""]}, {""rule_source"": ""azwADyAyI"", ""rule"": ""1.4.17"", ""result"": [""gamana"", ""n"", ""Am""]}, {""rule_source"": ""azwADyAyI"", ""rule"": ""1.4.14"", ""result"": [""gamana"", ""n"", ""Am""]}, {""rule_source"": ""azwADyAyI"", ""rule"": ""6.4.3"", ""result"": [""gamanA"", ""n"", ""Am""]}, {""rule_source"": ""azwADyAyI"", ""rule"": ""8.4.68"", ""result"": [""gamanA"", ""n"", ""Am""]}]}]"
gamana,"गमनम् (gamanam), going",krdanta_ledger.csv,7a90db603ab51397148f,gamana,basic,Napumsaka,saptami,सप्तमी,"the location, setting, or topic",eka,एकम्,gamane,1,locally_regenerated,"[{""form_slp1"": ""gamane"", ""steps"": [{""rule_source"": ""azwADyAyI"", ""rule"": ""1.2.45"", ""result"": [""gamana""]}, {""rule_source"": ""azwADyAyI"", ""rule"": ""4.1.2"", ""result"": [""gamana"", ""Ni""]}, {""rule_source"": ""azwADyAyI"", ""rule"": ""1.3.8"", ""result"": [""gamana"", ""Ni""]}, {""rule_source"": ""azwADyAyI"", ""rule"": ""1.3.9"", ""result"": [""gamana"", ""i""]}, {""rule_source"": ""azwADyAyI"", ""rule"": ""1.4.13"", ""result"": [""gamana"", ""i""]}, {""rule_source"": ""azwADyAyI"", ""rule"": ""1.4.18"", ""result"": [""gamana"", ""i""]}, {""rule_source"": ""azwADyAyI"", ""rule"": ""1.4.14"", ""result"": [""gamana"", ""i""]}, {""rule_source"": ""azwADyAyI"", ""rule"": ""6.1.87"", ""result"": [""gaman"", ""e""]}, {""rule_source"": ""azwADyAyI"", ""rule"": ""8.4.68"", ""result"": [""gaman"", ""e""]}]}]"
gamana,"गमनम् (gamanam), going",krdanta_ledger.csv,7a90db603ab51397148f,gamana,basic,Napumsaka,saptami,सप्तमी,"the location, setting, or topic",dvi,द्वे,gamanayoH,1,locally_regenerated,"[{""form_slp1"": ""gamanayoH"", ""steps"": [{""rule_source"": ""azwADyAyI"", ""rule"": ""1.2.45"", ""result"": [""gamana""]}, {""rule_source"": ""azwADyAyI"", ""rule"": ""4.1.2"", ""result"": [""gamana"", ""os""]}, {""rule_source"": ""azwADyAyI"", ""rule"": ""1.3.4"", ""result"": [""gamana"", ""os""]}, {""rule_source"": ""azwADyAyI"", ""rule"": ""1.4.13"", ""result"": [""gamana"", ""os""]}, {""rule_source"": ""azwADyAyI"", ""rule"": ""1.4.18"", ""result"": [""gamana"", ""os""]}, {""rule_source"": ""azwADyAyI"", ""rule"": ""1.4.14"", ""result"": [""gamana"", ""os""]}, {""rule_source"": ""azwADyAyI"", ""rule"": ""7.3.104"", ""result"": [""gamane"", ""os""]}, {""rule_source"": ""azwADyAyI"", ""rule"": ""6.1.78"", ""result"": [""gamanay"", ""os""]}, {""rule_source"": ""azwADyAyI"", ""rule"": ""8.2.66"", ""result"": [""gamanay"", ""oru~""]}, {""rule_source"": ""azwADyAyI"", ""rule"": ""1.3.2"", ""result"": [""gamanay"", ""or""]}, {""rule_source"": ""azwADyAyI"", ""rule"": ""8.3.15"", ""result"": [""gamanay"", ""oH""]}, {""rule_source"": ""azwADyAyI"", ""rule"": ""8.4.68"", ""result"": [""gamanay"", ""oH""]}]}]"
gamana,"गमनम् (gamanam), going",krdanta_ledger.csv,7a90db603ab51397148f,gamana,basic,Napumsaka,saptami,सप्तमी,"the location, setting, or topic",bahu,बहूनि,gamanezu,1,locally_regenerated,"[{""form_slp1"": ""gamanezu"", ""steps"": [{""rule_source"": ""azwADyAyI"", ""rule"": ""1.2.45"", ""result"": [""gamana""]}, {""rule_source"": ""azwADyAyI"", ""rule"": ""4.1.2"", ""result"": [""gamana"", ""sup""]}, {""rule_source"": ""azwADyAyI"", ""rule"": ""1.3.3"", ""result"": [""gamana"", ""sup""]}, {""rule_source"": ""azwADyAyI"", ""rule"": ""1.3.9"", ""result"": [""gamana"", ""su""]}, {""rule_source"": ""azwADyAyI"", ""rule"": ""1.4.13"", ""result"": [""gamana"", ""su""]}, {""rule_source"": ""azwADyAyI"", ""rule"": ""1.4.17"", ""result"": [""gamana"", ""su""]}, {""rule_source"": ""azwADyAyI"", ""rule"": ""1.4.14"", ""result"": [""gamana"", ""su""]}, {""rule_source"": ""azwADyAyI"", ""rule"": ""7.3.103"", ""result"": [""gamane"", ""su""]}, {""rule_source"": ""azwADyAyI"", ""rule"": ""8.3.59"", ""result"": [""gamane"", ""zu""]}, {""rule_source"": ""azwADyAyI"", ""rule"": ""8.4.68"", ""result"": [""gamane"", ""zu""]}]}]"
gamana,"गमनम् (gamanam), going",krdanta_ledger.csv,7a90db603ab51397148f,gamana,basic,Napumsaka,sambodhana,सम्बोधनम्,direct address,eka,एकम्,gamana,1,locally_regenerated,"[{""form_slp1"": ""gamana"", ""steps"": [{""rule_source"": ""azwADyAyI"", ""rule"": ""1.2.45"", ""result"": [""gamana""]}, {""rule_source"": ""azwADyAyI"", ""rule"": ""4.1.2"", ""result"": [""gamana"", ""su~""]}, {""rule_source"": ""azwADyAyI"", ""rule"": ""1.3.2"", ""result"": [""gamana"", ""su~""]}, {""rule_source"": ""azwADyAyI"", ""rule"": ""1.3.9"", ""result"": [""gamana"", ""s""]}, {""rule_source"": ""azwADyAyI"", ""rule"": ""2.3.48"", ""result"": [""gamana"", ""s""]}, {""rule_source"": ""azwADyAyI"", ""rule"": ""2.3.49"", ""result"": [""gamana"", ""s""]}, {""rule_source"": ""azwADyAyI"", ""rule"": ""2.3.48"", ""result"": [""gamana"", ""s""]}, {""rule_source"": ""azwADyAyI"", ""rule"": ""2.3.49"", ""result"": [""gamana"", ""s""]}, {""rule_source"": ""azwADyAyI"", ""rule"": ""7.1.24"", ""result"": [""gamana"", ""am""]}, {""rule_source"": ""azwADyAyI"", ""rule"": ""1.3.4"", ""result"": [""gamana"", ""am""]}, {""rule_source"": ""azwADyAyI"", ""rule"": ""1.4.13"", ""result"": [""gamana"", ""am""]}, {""rule_source"": ""azwADyAyI"", ""rule"": ""1.4.18"", ""result"": [""gamana"", ""am""]}, {""rule_source"": ""azwADyAyI"", ""rule"": ""1.4.14"", ""result"": [""gamana"", ""am""]}, {""rule_source"": ""azwADyAyI"", ""rule"": ""6.1.107"", ""result"": [""gamana"", ""m""]}, {""rule_source"": ""azwADyAyI"", ""rule"": ""6.1.69"", ""result"": [""gamana"", """"]}, {""rule_source"": ""azwADyAyI"", ""rule"": ""8.4.68"", ""result"": [""gamana"", """"]}]}]"
gamana,"गमनम् (gamanam), going",krdanta_ledger.csv,7a90db603ab51397148f,gamana,basic,Napumsaka,sambodhana,सम्बोधनम्,direct address,dvi,द्वे,gamane,1,locally_regenerated,"[{""form_slp1"": ""gamane"", ""steps"": [{""rule_source"": ""azwADyAyI"", ""rule"": ""1.2.45"", ""result"": [""gamana""]}, {""rule_source"": ""azwADyAyI"", ""rule"": ""4.1.2"", ""result"": [""gamana"", ""O""]}, {""rule_source"": ""azwADyAyI"", ""rule"": ""2.3.48"", ""result"": [""gamana"", ""O""]}, {""rule_source"": ""azwADyAyI"", ""rule"": ""2.3.48"", ""result"": [""gamana"", ""O""]}, {""rule_source"": ""azwADyAyI"", ""rule"": ""1.4.13"", ""result"": [""gamana"", ""O""]}, {""rule_source"": ""azwADyAyI"", ""rule"": ""7.1.19"", ""result"": [""gamana"", ""SI""]}, {""rule_source"": ""azwADyAyI"", ""rule"": ""1.3.8"", ""result"": [""gamana"", ""SI""]}, {""rule_source"": ""azwADyAyI"", ""rule"": ""1.3.9"", ""result"": [""gamana"", ""I""]}, {""rule_source"": ""azwADyAyI"", ""rule"": ""1.4.18"", ""result"": [""gamana"", ""I""]}, {""rule_source"": ""azwADyAyI"", ""rule"": ""1.4.14"", ""result"": [""gamana"", ""I""]}, {""rule_source"": ""vArttikAH"", ""rule"": ""6.4.148.1"", ""result"": [""gamana"", ""I""]}, {""rule_source"": ""azwADyAyI"", ""rule"": ""6.1.104"", ""result"": [""gamana"", ""I""]}, {""rule_source"": ""azwADyAyI"", ""rule"": ""6.1.87"", ""result"": [""gaman"", ""e""]}, {""rule_source"": ""azwADyAyI"", ""rule"": ""8.4.68"", ""result"": [""gaman"", ""e""]}]}]"
gamana,"गमनम् (gamanam), going",krdanta_ledger.csv,7a90db603ab51397148f,gamana,basic,Napumsaka,sambodhana,सम्बोधनम्,direct address,bahu,बहूनि,gamanAni,1,locally_regenerated,"[{""form_slp1"": ""gamanAni"", ""steps"": [{""rule_source"": ""azwADyAyI"", ""rule"": ""1.2.45"", ""result"": [""gamana""]}, {""rule_source"": ""azwADyAyI"", ""rule"": ""4.1.2"", ""result"": [""gamana"", ""jas""]}, {""rule_source"": ""azwADyAyI"", ""rule"": ""1.3.4"", ""result"": [""gamana"", ""jas""]}, {""rule_source"": ""azwADyAyI"", ""rule"": ""1.3.7"", ""result"": [""gamana"", ""jas""]}, {""rule_source"": ""azwADyAyI"", ""rule"": ""1.3.9"", ""result"": [""gamana"", ""as""]}, {""rule_source"": ""azwADyAyI"", ""rule"": ""2.3.48"", ""result"": [""gamana"", ""as""]}, {""rule_source"": ""azwADyAyI"", ""rule"": ""2.3.48"", ""result"": [""gamana"", ""as""]}, {""rule_source"": ""azwADyAyI"", ""rule"": ""1.4.13"", ""result"": [""gamana"", ""as""]}, {""rule_source"": ""azwADyAyI"", ""rule"": ""7.1.20"", ""result"": [""gamana"", ""Si""]}, {""rule_source"": ""azwADyAyI"", ""rule"": ""1.3.8"", ""result"": [""gamana"", ""Si""]}, {""rule_source"": ""azwADyAyI"", ""rule"": ""1.3.9"", ""result"": [""gamana"", ""i""]}, {""rule_source"": ""azwADyAyI"", ""rule"": ""1.1.42"", ""result"": [""gamana"", ""i""]}, {""rule_source"": ""azwADyAyI"", ""rule"": ""1.4.14"", ""result"": [""gamana"", ""i""]}, {""rule_source"": ""azwADyAyI"", ""rule"": ""7.1.72"", ""result"": [""gamanan"", ""i""]}, {""rule_source"": ""azwADyAyI"", ""rule"": ""6.4.8"", ""result"": [""gamanAn"", ""i""]}, {""rule_source"": ""azwADyAyI"", ""rule"": ""8.4.68"", ""result"": [""gamanAn"", ""i""]}]}]"
kartr,"कर्ता (kartā), doer",krdanta_ledger.csv,ebf3acad8cac4eb32dea,kartf,basic,Pum,prathama,प्रथमा,naming or identifying the participant,eka,एकम्,kartA,1,locally_regenerated,"[{""form_slp1"": ""kartA"", ""steps"": [{""rule_source"": ""azwADyAyI"", ""rule"": ""1.2.45"", ""result"": [""kartf""]}, {""rule_source"": ""azwADyAyI"", ""rule"": ""4.1.2"", ""result"": [""kartf"", ""su~""]}, {""rule_source"": ""azwADyAyI"", ""rule"": ""1.3.2"", ""result"": [""kartf"", ""su~""]}, {""rule_source"": ""azwADyAyI"", ""rule"": ""1.3.9"", ""result"": [""kartf"", ""s""]}, {""rule_source"": ""azwADyAyI"", ""rule"": ""1.1.43"", ""result"": [""kartf"", ""s""]}, {""rule_source"": ""azwADyAyI"", ""rule"": ""1.1.43"", ""result"": [""kartf"", ""s""]}, {""rule_source"": ""azwADyAyI"", ""rule"": ""1.4.13"", ""result"": [""kartf"", ""s""]}, {""rule_source"": ""azwADyAyI"", ""rule"": ""7.1.94"", ""result"": [""kartan"", ""s""]}, {""rule_source"": ""azwADyAyI"", ""rule"": ""1.4.14"", ""result"": [""kartan"", ""s""]}, {""rule_source"": ""azwADyAyI"", ""rule"": ""6.4.8"", ""result"": [""kartAn"", ""s""]}, {""rule_source"": ""azwADyAyI"", ""rule"": ""6.1.68"", ""result"": [""kartAn"", """"]}, {""rule_source"": ""azwADyAyI"", ""rule"": ""8.2.7"", ""result"": [""kartA"", """"]}, {""rule_source"": ""azwADyAyI"", ""rule"": ""8.4.68"", ""result"": [""kartA"", """"]}]}]"
kartr,"कर्ता (kartā), doer",krdanta_ledger.csv,ebf3acad8cac4eb32dea,kartf,basic,Pum,prathama,प्रथमा,naming or identifying the participant,dvi,द्वे,kartarO,1,locally_regenerated,"[{""form_slp1"": ""kartarO"", ""steps"": [{""rule_source"": ""azwADyAyI"", ""rule"": ""1.2.45"", ""result"": [""kartf""]}, {""rule_source"": ""azwADyAyI"", ""rule"": ""4.1.2"", ""result"": [""kartf"", ""O""]}, {""rule_source"": ""azwADyAyI"", ""rule"": ""1.1.43"", ""result"": [""kartf"", ""O""]}, {""rule_source"": ""azwADyAyI"", ""rule"": ""1.1.43"", ""result"": [""kartf"", ""O""]}, {""rule_source"": ""azwADyAyI"", ""rule"": ""1.4.13"", ""result"": [""kartf"", ""O""]}, {""rule_source"": ""azwADyAyI"", ""rule"": ""1.4.14"", ""result"": [""kartf"", ""O""]}, {""rule_source"": ""azwADyAyI"", ""rule"": ""7.3.110"", ""result"": [""kartar"", ""O""]}, {""rule_source"": ""azwADyAyI"", ""rule"": ""8.4.68"", ""result"": [""kartar"", ""O""]}]}]"
kartr,"कर्ता (kartā), doer",krdanta_ledger.csv,ebf3acad8cac4eb32dea,kartf,basic,Pum,prathama,प्रथमा,naming or identifying the participant,bahu,बहूनि,kartaraH,1,locally_regenerated,"[{""form_slp1"": ""kartaraH"", ""steps"": [{""rule_source"": ""azwADyAyI"", ""rule"": ""1.2.45"", ""result"": [""kartf""]}, {""rule_source"": ""azwADyAyI"", ""rule"": ""4.1.2"", ""result"": [""kartf"", ""jas""]}, {""rule_source"": ""azwADyAyI"", ""rule"": ""1.3.4"", ""result"": [""kartf"", ""jas""]}, {""rule_source"": ""azwADyAyI"", ""rule"": ""1.3.7"", ""result"": [""kartf"", ""jas""]}, {""rule_source"": ""azwADyAyI"", ""rule"": ""1.3.9"", ""result"": [""kartf"", ""as""]}, {""rule_source"": ""azwADyAyI"", ""rule"": ""1.1.43"", ""result"": [""kartf"", ""as""]}, {""rule_source"": ""azwADyAyI"", ""rule"": ""1.1.43"", ""result"": [""kartf"", ""as""]}, {""rule_source"": ""azwADyAyI"", ""rule"": ""1.4.13"", ""result"": [""kartf"", ""as""]}, {""rule_source"": ""azwADyAyI"", ""rule"": ""1.4.14"", ""result"": [""kartf"", ""as""]}, {""rule_source"": ""azwADyAyI"", ""rule"": ""7.3.110"", ""result"": [""kartar"", ""as""]}, {""rule_source"": ""azwADyAyI"", ""rule"": ""8.2.66"", ""result"": [""kartar"", ""aru~""]}, {""rule_source"": ""azwADyAyI"", ""rule"": ""1.3.2"", ""result"": [""kartar"", ""ar""]}, {""rule_source"": ""azwADyAyI"", ""rule"": ""8.3.15"", ""result"": [""kartar"", ""aH""]}, {""rule_source"": ""azwADyAyI"", ""rule"": ""8.4.68"", ""result"": [""kartar"", ""aH""]}]}]"
kartr,"कर्ता (kartā), doer",krdanta_ledger.csv,ebf3acad8cac4eb32dea,kartf,basic,Pum,dvitiya,द्वितीया,"the object, extent, or destination",eka,एकम्,kartaram,1,locally_regenerated,"[{""form_slp1"": ""kartaram"", ""steps"": [{""rule_source"": ""azwADyAyI"", ""rule"": ""1.2.45"", ""result"": [""kartf""]}, {""rule_source"": ""azwADyAyI"", ""rule"": ""4.1.2"", ""result"": [""kartf"", ""am""]}, {""rule_source"": ""azwADyAyI"", ""rule"": ""1.3.4"", ""result"": [""kartf"", ""am""]}, {""rule_source"": ""azwADyAyI"", ""rule"": ""1.1.43"", ""result"": [""kartf"", ""am""]}, {""rule_source"": ""azwADyAyI"", ""rule"": ""1.1.43"", ""result"": [""kartf"", ""am""]}, {""rule_source"": ""azwADyAyI"", ""rule"": ""1.4.13"", ""result"": [""kartf"", ""am""]}, {""rule_source"": ""azwADyAyI"", ""rule"": ""1.4.14"", ""result"": [""kartf"", ""am""]}, {""rule_source"": ""azwADyAyI"", ""rule"": ""7.3.110"", ""result"": [""kartar"", ""am""]}, {""rule_source"": ""azwADyAyI"", ""rule"": ""8.4.68"", ""result"": [""kartar"", ""am""]}]}]"
kartr,"कर्ता (kartā), doer",krdanta_ledger.csv,ebf3acad8cac4eb32dea,kartf,basic,Pum,dvitiya,द्वितीया,"the object, extent, or destination",dvi,द्वे,kartarO,1,locally_regenerated,"[{""form_slp1"": ""kartarO"", ""steps"": [{""rule_source"": ""azwADyAyI"", ""rule"": ""1.2.45"", ""result"": [""kartf""]}, {""rule_source"": ""azwADyAyI"", ""rule"": ""4.1.2"", ""result"": [""kartf"", ""Ow""]}, {""rule_source"": ""azwADyAyI"", ""rule"": ""1.3.3"", ""result"": [""kartf"", ""Ow""]}, {""rule_source"": ""azwADyAyI"", ""rule"": ""1.3.9"", ""result"": [""kartf"", ""O""]}, {""rule_source"": ""azwADyAyI"", ""rule"": ""1.1.43"", ""result"": [""kartf"", ""O""]}, {""rule_source"": ""azwADyAyI"", ""rule"": ""1.1.43"", ""result"": [""kartf"", ""O""]}, {""rule_source"": ""azwADyAyI"", ""rule"": ""1.4.13"", ""result"": [""kartf"", ""O""]}, {""rule_source"": ""azwADyAyI"", ""rule"": ""1.4.14"", ""result"": [""kartf"", ""O""]}, {""rule_source"": ""azwADyAyI"", ""rule"": ""7.3.110"", ""result"": [""kartar"", ""O""]}, {""rule_source"": ""azwADyAyI"", ""rule"": ""8.4.68"", ""result"": [""kartar"", ""O""]}]}]"
kartr,"कर्ता (kartā), doer",krdanta_ledger.csv,ebf3acad8cac4eb32dea,kartf,basic,Pum,dvitiya,द्वितीया,"the object, extent, or destination",bahu,बहूनि,kartFn,1,locally_regenerated,"[{""form_slp1"": ""kartFn"", ""steps"": [{""rule_source"": ""azwADyAyI"", ""rule"": ""1.2.45"", ""result"": [""kartf""]}, {""rule_source"": ""azwADyAyI"", ""rule"": ""4.1.2"", ""result"": [""kartf"", ""Sas""]}, {""rule_source"": ""azwADyAyI"", ""rule"": ""1.3.4"", ""result"": [""kartf"", ""Sas""]}, {""rule_source"": ""azwADyAyI"", ""rule"": ""1.3.8"", ""result"": [""kartf"", ""Sas""]}, {""rule_source"": ""azwADyAyI"", ""rule"": ""1.3.9"", ""result"": [""kartf"", ""as""]}, {""rule_source"": ""azwADyAyI"", ""rule"": ""1.4.13"", ""result"": [""kartf"", ""as""]}, {""rule_source"": ""azwADyAyI"", ""rule"": ""1.4.18"", ""result"": [""kartf"", ""as""]}, {""rule_source"": ""azwADyAyI"", ""rule"": ""1.4.14"", ""result"": [""kartf"", ""as""]}, {""rule_source"": ""azwADyAyI"", ""rule"": ""6.1.102"", ""result"": [""kartf"", ""Fs""]}, {""rule_source"": ""azwADyAyI"", ""rule"": ""6.1.103"", ""result"": [""kartf"", ""Fn""]}, {""rule_source"": ""azwADyAyI"", ""rule"": ""6.1.101"", ""result"": [""kartF"", ""n""]}, {""rule_source"": ""azwADyAyI"", ""rule"": ""8.4.37"", ""result"": [""kartF"", ""n""]}, {""rule_source"": ""azwADyAyI"", ""rule"": ""8.4.68"", ""result"": [""kartF"", ""n""]}]}]"
kartr,"कर्ता (kartā), doer",krdanta_ledger.csv,ebf3acad8cac4eb32dea,kartf,basic,Pum,trtiya,तृतीया,"the means, instrument, or accompaniment",eka,एकम्,kartrA,1,locally_regenerated,"[{""form_slp1"": ""kartrA"", ""steps"": [{""rule_source"": ""azwADyAyI"", ""rule"": ""1.2.45"", ""result"": [""kartf""]}, {""rule_source"": ""azwADyAyI"", ""rule"": ""4.1.2"", ""result"": [""kartf"", ""wA""]}, {""rule_source"": ""azwADyAyI"", ""rule"": ""1.3.7"", ""result"": [""kartf"", ""wA""]}, {""rule_source"": ""azwADyAyI"", ""rule"": ""1.3.9"", ""result"": [""kartf"", ""A""]}, {""rule_source"": ""azwADyAyI"", ""rule"": ""1.4.13"", ""result"": [""kartf"", ""A""]}, {""rule_source"": ""azwADyAyI"", ""rule"": ""1.4.18"", ""result"": [""kartf"", ""A""]}, {""rule_source"": ""azwADyAyI"", ""rule"": ""1.4.14"", ""result"": [""kartf"", ""A""]}, {""rule_source"": ""azwADyAyI"", ""rule"": ""6.1.77"", ""result"": [""kartr"", ""A""]}, {""rule_source"": ""azwADyAyI"", ""rule"": ""8.4.68"", ""result"": [""kartr"", ""A""]}]}]"
kartr,"कर्ता (kartā), doer",krdanta_ledger.csv,ebf3acad8cac4eb32dea,kartf,basic,Pum,trtiya,तृतीया,"the means, instrument, or accompaniment",dvi,द्वे,kartfByAm,1,locally_regenerated,"[{""form_slp1"": ""kartfByAm"", ""steps"": [{""rule_source"": ""azwADyAyI"", ""rule"": ""1.2.45"", ""result"": [""kartf""]}, {""rule_source"": ""azwADyAyI"", ""rule"": ""4.1.2"", ""result"": [""kartf"", ""ByAm""]}, {""rule_source"": ""azwADyAyI"", ""rule"": ""1.3.4"", ""result"": [""kartf"", ""ByAm""]}, {""rule_source"": ""azwADyAyI"", ""rule"": ""1.4.13"", ""result"": [""kartf"", ""ByAm""]}, {""rule_source"": ""azwADyAyI"", ""rule"": ""1.4.17"", ""result"": [""kartf"", ""ByAm""]}, {""rule_source"": ""azwADyAyI"", ""rule"": ""1.4.14"", ""result"": [""kartf"", ""ByAm""]}, {""rule_source"": ""azwADyAyI"", ""rule"": ""8.4.68"", ""result"": [""kartf"", ""ByAm""]}]}]"
kartr,"कर्ता (kartā), doer",krdanta_ledger.csv,ebf3acad8cac4eb32dea,kartf,basic,Pum,trtiya,तृतीया,"the means, instrument, or accompaniment",bahu,बहूनि,kartfBiH,1,locally_regenerated,"[{""form_slp1"": ""kartfBiH"", ""steps"": [{""rule_source"": ""azwADyAyI"", ""rule"": ""1.2.45"", ""result"": [""kartf""]}, {""rule_source"": ""azwADyAyI"", ""rule"": ""4.1.2"", ""result"": [""kartf"", ""Bis""]}, {""rule_source"": ""azwADyAyI"", ""rule"": ""1.3.4"", ""result"": [""kartf"", ""Bis""]}, {""rule_source"": ""azwADyAyI"", ""rule"": ""1.4.13"", ""result"": [""kartf"", ""Bis""]}, {""rule_source"": ""azwADyAyI"", ""rule"": ""1.4.17"", ""result"": [""kartf"", ""Bis""]}, {""rule_source"": ""azwADyAyI"", ""rule"": ""1.4.14"", ""result"": [""kartf"", ""Bis""]}, {""rule_source"": ""azwADyAyI"", ""rule"": ""8.2.66"", ""result"": [""kartf"", ""Biru~""]}, {""rule_source"": ""azwADyAyI"", ""rule"": ""1.3.2"", ""result"": [""kartf"", ""Bir""]}, {""rule_source"": ""azwADyAyI"", ""rule"": ""8.3.15"", ""result"": [""kartf"", ""BiH""]}, {""rule_source"": ""azwADyAyI"", ""rule"": ""8.4.68"", ""result"": [""kartf"", ""BiH""]}]}]"
kartr,"कर्ता (kartā), doer",krdanta_ledger.csv,ebf3acad8cac4eb32dea,kartf,basic,Pum,caturthi,चतुर्थी,"the recipient, beneficiary, or purpose",eka,एकम्,kartre,1,locally_regenerated,"[{""form_slp1"": ""kartre"", ""steps"": [{""rule_source"": ""azwADyAyI"", ""rule"": ""1.2.45"", ""result"": [""kartf""]}, {""rule_source"": ""azwADyAyI"", ""rule"": ""4.1.2"", ""result"": [""kartf"", ""Ne""]}, {""rule_source"": ""azwADyAyI"", ""rule"": ""1.3.8"", ""result"": [""kartf"", ""Ne""]}, {""rule_source"": ""azwADyAyI"", ""rule"": ""1.3.9"", ""result"": [""kartf"", ""e""]}, {""rule_source"": ""azwADyAyI"", ""rule"": ""1.4.13"", ""result"": [""kartf"", ""e""]}, {""rule_source"": ""azwADyAyI"", ""rule"": ""1.4.18"", ""result"": [""kartf"", ""e""]}, {""rule_source"": ""azwADyAyI"", ""rule"": ""1.4.14"", ""result"": [""kartf"", ""e""]}, {""rule_source"": ""azwADyAyI"", ""rule"": ""6.1.77"", ""result"": [""kartr"", ""e""]}, {""rule_source"": ""azwADyAyI"", ""rule"": ""8.4.68"", ""result"": [""kartr"", ""e""]}]}]"
kartr,"कर्ता (kartā), doer",krdanta_ledger.csv,ebf3acad8cac4eb32dea,kartf,basic,Pum,caturthi,चतुर्थी,"the recipient, beneficiary, or purpose",dvi,द्वे,kartfByAm,1,locally_regenerated,"[{""form_slp1"": ""kartfByAm"", ""steps"": [{""rule_source"": ""azwADyAyI"", ""rule"": ""1.2.45"", ""result"": [""kartf""]}, {""rule_source"": ""azwADyAyI"", ""rule"": ""4.1.2"", ""result"": [""kartf"", ""ByAm""]}, {""rule_source"": ""azwADyAyI"", ""rule"": ""1.3.4"", ""result"": [""kartf"", ""ByAm""]}, {""rule_source"": ""azwADyAyI"", ""rule"": ""1.4.13"", ""result"": [""kartf"", ""ByAm""]}, {""rule_source"": ""azwADyAyI"", ""rule"": ""1.4.17"", ""result"": [""kartf"", ""ByAm""]}, {""rule_source"": ""azwADyAyI"", ""rule"": ""1.4.14"", ""result"": [""kartf"", ""ByAm""]}, {""rule_source"": ""azwADyAyI"", ""rule"": ""8.4.68"", ""result"": [""kartf"", ""ByAm""]}]}]"
kartr,"कर्ता (kartā), doer",krdanta_ledger.csv,ebf3acad8cac4eb32dea,kartf,basic,Pum,caturthi,चतुर्थी,"the recipient, beneficiary, or purpose",bahu,बहूनि,kartfByaH,1,locally_regenerated,"[{""form_slp1"": ""kartfByaH"", ""steps"": [{""rule_source"": ""azwADyAyI"", ""rule"": ""1.2.45"", ""result"": [""kartf""]}, {""rule_source"": ""azwADyAyI"", ""rule"": ""4.1.2"", ""result"": [""kartf"", ""Byas""]}, {""rule_source"": ""azwADyAyI"", ""rule"": ""1.3.4"", ""result"": [""kartf"", ""Byas""]}, {""rule_source"": ""azwADyAyI"", ""rule"": ""1.4.13"", ""result"": [""kartf"", ""Byas""]}, {""rule_source"": ""azwADyAyI"", ""rule"": ""1.4.17"", ""result"": [""kartf"", ""Byas""]}, {""rule_source"": ""azwADyAyI"", ""rule"": ""1.4.14"", ""result"": [""kartf"", ""Byas""]}, {""rule_source"": ""azwADyAyI"", ""rule"": ""8.2.66"", ""result"": [""kartf"", ""Byaru~""]}, {""rule_source"": ""azwADyAyI"", ""rule"": ""1.3.2"", ""result"": [""kartf"", ""Byar""]}, {""rule_source"": ""azwADyAyI"", ""rule"": ""8.3.15"", ""result"": [""kartf"", ""ByaH""]}, {""rule_source"": ""azwADyAyI"", ""rule"": ""8.4.68"", ""result"": [""kartf"", ""ByaH""]}]}]"
kartr,"कर्ता (kartā), doer",krdanta_ledger.csv,ebf3acad8cac4eb32dea,kartf,basic,Pum,panchami,पञ्चमी,"the source, separation, or comparison point",eka,एकम्,kartuH,1,locally_regenerated,"[{""form_slp1"": ""kartuH"", ""steps"": [{""rule_source"": ""azwADyAyI"", ""rule"": ""1.2.45"", ""result"": [""kartf""]}, {""rule_source"": ""azwADyAyI"", ""rule"": ""4.1.2"", ""result"": [""kartf"", ""Nasi~""]}, {""rule_source"": ""azwADyAyI"", ""rule"": ""1.3.2"", ""result"": [""kartf"", ""Nasi~""]}, {""rule_source"": ""azwADyAyI"", ""rule"": ""1.3.8"", ""result"": [""kartf"", ""Nasi~""]}, {""rule_source"": ""azwADyAyI"", ""rule"": ""1.3.9"", ""result"": [""kartf"", ""as""]}, {""rule_source"": ""azwADyAyI"", ""rule"": ""1.4.13"", ""result"": [""kartf"", ""as""]}, {""rule_source"": ""azwADyAyI"", ""rule"": ""1.4.18"", ""result"": [""kartf"", ""as""]}, {""rule_source"": ""azwADyAyI"", ""rule"": ""1.4.14"", ""result"": [""kartf"", ""as""]}, {""rule_source"": ""azwADyAyI"", ""rule"": ""6.1.111"", ""result"": [""kartur"", ""s""]}, {""rule_source"": ""azwADyAyI"", ""rule"": ""8.2.24"", ""result"": [""kartur"", """"]}, {""rule_source"": ""azwADyAyI"", ""rule"": ""8.3.15"", ""result"": [""kartuH"", """"]}, {""rule_source"": ""azwADyAyI"", ""rule"": ""8.4.68"", ""result"": [""kartuH"", """"]}]}]"
kartr,"कर्ता (kartā), doer",krdanta_ledger.csv,ebf3acad8cac4eb32dea,kartf,basic,Pum,panchami,पञ्चमी,"the source, separation, or comparison point",dvi,द्वे,kartfByAm,1,locally_regenerated,"[{""form_slp1"": ""kartfByAm"", ""steps"": [{""rule_source"": ""azwADyAyI"", ""rule"": ""1.2.45"", ""result"": [""kartf""]}, {""rule_source"": ""azwADyAyI"", ""rule"": ""4.1.2"", ""result"": [""kartf"", ""ByAm""]}, {""rule_source"": ""azwADyAyI"", ""rule"": ""1.3.4"", ""result"": [""kartf"", ""ByAm""]}, {""rule_source"": ""azwADyAyI"", ""rule"": ""1.4.13"", ""result"": [""kartf"", ""ByAm""]}, {""rule_source"": ""azwADyAyI"", ""rule"": ""1.4.17"", ""result"": [""kartf"", ""ByAm""]}, {""rule_source"": ""azwADyAyI"", ""rule"": ""1.4.14"", ""result"": [""kartf"", ""ByAm""]}, {""rule_source"": ""azwADyAyI"", ""rule"": ""8.4.68"", ""result"": [""kartf"", ""ByAm""]}]}]"
kartr,"कर्ता (kartā), doer",krdanta_ledger.csv,ebf3acad8cac4eb32dea,kartf,basic,Pum,panchami,पञ्चमी,"the source, separation, or comparison point",bahu,बहूनि,kartfByaH,1,locally_regenerated,"[{""form_slp1"": ""kartfByaH"", ""steps"": [{""rule_source"": ""azwADyAyI"", ""rule"": ""1.2.45"", ""result"": [""kartf""]}, {""rule_source"": ""azwADyAyI"", ""rule"": ""4.1.2"", ""result"": [""kartf"", ""Byas""]}, {""rule_source"": ""azwADyAyI"", ""rule"": ""1.3.4"", ""result"": [""kartf"", ""Byas""]}, {""rule_source"": ""azwADyAyI"", ""rule"": ""1.4.13"", ""result"": [""kartf"", ""Byas""]}, {""rule_source"": ""azwADyAyI"", ""rule"": ""1.4.17"", ""result"": [""kartf"", ""Byas""]}, {""rule_source"": ""azwADyAyI"", ""rule"": ""1.4.14"", ""result"": [""kartf"", ""Byas""]}, {""rule_source"": ""azwADyAyI"", ""rule"": ""8.2.66"", ""result"": [""kartf"", ""Byaru~""]}, {""rule_source"": ""azwADyAyI"", ""rule"": ""1.3.2"", ""result"": [""kartf"", ""Byar""]}, {""rule_source"": ""azwADyAyI"", ""rule"": ""8.3.15"", ""result"": [""kartf"", ""ByaH""]}, {""rule_source"": ""azwADyAyI"", ""rule"": ""8.4.68"", ""result"": [""kartf"", ""ByaH""]}]}]"
kartr,"कर्ता (kartā), doer",krdanta_ledger.csv,ebf3acad8cac4eb32dea,kartf,basic,Pum,sasthi,षष्ठी,"a relation, including possession",eka,एकम्,kartuH,1,locally_regenerated,"[{""form_slp1"": ""kartuH"", ""steps"": [{""rule_source"": ""azwADyAyI"", ""rule"": ""1.2.45"", ""result"": [""kartf""]}, {""rule_source"": ""azwADyAyI"", ""rule"": ""4.1.2"", ""result"": [""kartf"", ""Nas""]}, {""rule_source"": ""azwADyAyI"", ""rule"": ""1.3.4"", ""result"": [""kartf"", ""Nas""]}, {""rule_source"": ""azwADyAyI"", ""rule"": ""1.3.8"", ""result"": [""kartf"", ""Nas""]}, {""rule_source"": ""azwADyAyI"", ""rule"": ""1.3.9"", ""result"": [""kartf"", ""as""]}, {""rule_source"": ""azwADyAyI"", ""rule"": ""1.4.13"", ""result"": [""kartf"", ""as""]}, {""rule_source"": ""azwADyAyI"", ""rule"": ""1.4.18"", ""result"": [""kartf"", ""as""]}, {""rule_source"": ""azwADyAyI"", ""rule"": ""1.4.14"", ""result"": [""kartf"", ""as""]}, {""rule_source"": ""azwADyAyI"", ""rule"": ""6.1.111"", ""result"": [""kartur"", ""s""]}, {""rule_source"": ""azwADyAyI"", ""rule"": ""8.2.24"", ""result"": [""kartur"", """"]}, {""rule_source"": ""azwADyAyI"", ""rule"": ""8.3.15"", ""result"": [""kartuH"", """"]}, {""rule_source"": ""azwADyAyI"", ""rule"": ""8.4.68"", ""result"": [""kartuH"", """"]}]}]"
kartr,"कर्ता (kartā), doer",krdanta_ledger.csv,ebf3acad8cac4eb32dea,kartf,basic,Pum,sasthi,षष्ठी,"a relation, including possession",dvi,द्वे,kartroH,1,locally_regenerated,"[{""form_slp1"": ""kartroH"", ""steps"": [{""rule_source"": ""azwADyAyI"", ""rule"": ""1.2.45"", ""result"": [""kartf""]}, {""rule_source"": ""azwADyAyI"", ""rule"": ""4.1.2"", ""result"": [""kartf"", ""os""]}, {""rule_source"": ""azwADyAyI"", ""rule"": ""1.3.4"", ""result"": [""kartf"", ""os""]}, {""rule_source"": ""azwADyAyI"", ""rule"": ""1.4.13"", ""result"": [""kartf"", ""os""]}, {""rule_source"": ""azwADyAyI"", ""rule"": ""1.4.18"", ""result"": [""kartf"", ""os""]}, {""rule_source"": ""azwADyAyI"", ""rule"": ""1.4.14"", ""result"": [""kartf"", ""os""]}, {""rule_source"": ""azwADyAyI"", ""rule"": ""6.1.77"", ""result"": [""kartr"", ""os""]}, {""rule_source"": ""azwADyAyI"", ""rule"": ""8.2.66"", ""result"": [""kartr"", ""oru~""]}, {""rule_source"": ""azwADyAyI"", ""rule"": ""1.3.2"", ""result"": [""kartr"", ""or""]}, {""rule_source"": ""azwADyAyI"", ""rule"": ""8.3.15"", ""result"": [""kartr"", ""oH""]}, {""rule_source"": ""azwADyAyI"", ""rule"": ""8.4.68"", ""result"": [""kartr"", ""oH""]}]}]"
kartr,"कर्ता (kartā), doer",krdanta_ledger.csv,ebf3acad8cac4eb32dea,kartf,basic,Pum,sasthi,षष्ठी,"a relation, including possession",bahu,बहूनि,kartFRAm,1,locally_regenerated,"[{""form_slp1"": ""kartFRAm"", ""steps"": [{""rule_source"": ""azwADyAyI"", ""rule"": ""1.2.45"", ""result"": [""kartf""]}, {""rule_source"": ""azwADyAyI"", ""rule"": ""4.1.2"", ""result"": [""kartf"", ""Am""]}, {""rule_source"": ""azwADyAyI"", ""rule"": ""1.3.4"", ""result"": [""kartf"", ""Am""]}, {""rule_source"": ""azwADyAyI"", ""rule"": ""7.1.54"", ""result"": [""kartf"", ""nu~w"", ""Am""]}, {""rule_source"": ""azwADyAyI"", ""rule"": ""1.3.2"", ""result"": [""kartf"", ""nu~w"", ""Am""]}, {""rule_source"": ""azwADyAyI"", ""rule"": ""1.3.3"", ""result"": [""kartf"", ""nu~w"", ""Am""]}, {""rule_source"": ""azwADyAyI"", ""rule"": ""1.3.9"", ""result"": [""kartf"", ""n"", ""Am""]}, {""rule_source"": ""azwADyAyI"", ""rule"": ""1.4.13"", ""result"": [""kartf"", ""n"", ""Am""]}, {""rule_source"": ""azwADyAyI"", ""rule"": ""1.4.17"", ""result"": [""kartf"", ""n"", ""Am""]}, {""rule_source"": ""azwADyAyI"", ""rule"": ""1.4.14"", ""result"": [""kartf"", ""n"", ""Am""]}, {""rule_source"": ""azwADyAyI"", ""rule"": ""6.4.3"", ""result"": [""kartF"", ""n"", ""Am""]}, {""rule_source"": ""azwADyAyI"", ""rule"": ""8.4.1"", ""result"": [""kartF"", ""R"", ""Am""]}, {""rule_source"": ""azwADyAyI"", ""rule"": ""8.4.68"", ""result"": [""kartF"", ""R"", ""Am""]}]}]"
kartr,"कर्ता (kartā), doer",krdanta_ledger.csv,ebf3acad8cac4eb32dea,kartf,basic,Pum,saptami,सप्तमी,"the location, setting, or topic",eka,एकम्,kartari,1,locally_regenerated,"[{""form_slp1"": ""kartari"", ""steps"": [{""rule_source"": ""azwADyAyI"", ""rule"": ""1.2.45"", ""result"": [""kartf""]}, {""rule_source"": ""azwADyAyI"", ""rule"": ""4.1.2"", ""result"": [""kartf"", ""Ni""]}, {""rule_source"": ""azwADyAyI"", ""rule"": ""1.3.8"", ""result"": [""kartf"", ""Ni""]}, {""rule_source"": ""azwADyAyI"", ""rule"": ""1.3.9"", ""result"": [""kartf"", ""i""]}, {""rule_source"": ""azwADyAyI"", ""rule"": ""1.4.13"", ""result"": [""kartf"", ""i""]}, {""rule_source"": ""azwADyAyI"", ""rule"": ""1.4.18"", ""result"": [""kartf"", ""i""]}, {""rule_source"": ""azwADyAyI"", ""rule"": ""1.4.14"", ""result"": [""kartf"", ""i""]}, {""rule_source"": ""azwADyAyI"", ""rule"": ""7.3.110"", ""result"": [""kartar"", ""i""]}, {""rule_source"": ""azwADyAyI"", ""rule"": ""8.4.68"", ""result"": [""kartar"", ""i""]}]}]"
kartr,"कर्ता (kartā), doer",krdanta_ledger.csv,ebf3acad8cac4eb32dea,kartf,basic,Pum,saptami,सप्तमी,"the location, setting, or topic",dvi,द्वे,kartroH,1,locally_regenerated,"[{""form_slp1"": ""kartroH"", ""steps"": [{""rule_source"": ""azwADyAyI"", ""rule"": ""1.2.45"", ""result"": [""kartf""]}, {""rule_source"": ""azwADyAyI"", ""rule"": ""4.1.2"", ""result"": [""kartf"", ""os""]}, {""rule_source"": ""azwADyAyI"", ""rule"": ""1.3.4"", ""result"": [""kartf"", ""os""]}, {""rule_source"": ""azwADyAyI"", ""rule"": ""1.4.13"", ""result"": [""kartf"", ""os""]}, {""rule_source"": ""azwADyAyI"", ""rule"": ""1.4.18"", ""result"": [""kartf"", ""os""]}, {""rule_source"": ""azwADyAyI"", ""rule"": ""1.4.14"", ""result"": [""kartf"", ""os""]}, {""rule_source"": ""azwADyAyI"", ""rule"": ""6.1.77"", ""result"": [""kartr"", ""os""]}, {""rule_source"": ""azwADyAyI"", ""rule"": ""8.2.66"", ""result"": [""kartr"", ""oru~""]}, {""rule_source"": ""azwADyAyI"", ""rule"": ""1.3.2"", ""result"": [""kartr"", ""or""]}, {""rule_source"": ""azwADyAyI"", ""rule"": ""8.3.15"", ""result"": [""kartr"", ""oH""]}, {""rule_source"": ""azwADyAyI"", ""rule"": ""8.4.68"", ""result"": [""kartr"", ""oH""]}]}]"
kartr,"कर्ता (kartā), doer",krdanta_ledger.csv,ebf3acad8cac4eb32dea,kartf,basic,Pum,saptami,सप्तमी,"the location, setting, or topic",bahu,बहूनि,kartfzu,1,locally_regenerated,"[{""form_slp1"": ""kartfzu"", ""steps"": [{""rule_source"": ""azwADyAyI"", ""rule"": ""1.2.45"", ""result"": [""kartf""]}, {""rule_source"": ""azwADyAyI"", ""rule"": ""4.1.2"", ""result"": [""kartf"", ""sup""]}, {""rule_source"": ""azwADyAyI"", ""rule"": ""1.3.3"", ""result"": [""kartf"", ""sup""]}, {""rule_source"": ""azwADyAyI"", ""rule"": ""1.3.9"", ""result"": [""kartf"", ""su""]}, {""rule_source"": ""azwADyAyI"", ""rule"": ""1.4.13"", ""result"": [""kartf"", ""su""]}, {""rule_source"": ""azwADyAyI"", ""rule"": ""1.4.17"", ""result"": [""kartf"", ""su""]}, {""rule_source"": ""azwADyAyI"", ""rule"": ""1.4.14"", ""result"": [""kartf"", ""su""]}, {""rule_source"": ""azwADyAyI"", ""rule"": ""8.3.59"", ""result"": [""kartf"", ""zu""]}, {""rule_source"": ""azwADyAyI"", ""rule"": ""8.4.68"", ""result"": [""kartf"", ""zu""]}]}]"
kartr,"कर्ता (kartā), doer",krdanta_ledger.csv,ebf3acad8cac4eb32dea,kartf,basic,Pum,sambodhana,सम्बोधनम्,direct address,eka,एकम्,kartaH,1,locally_regenerated,"[{""form_slp1"": ""kartaH"", ""steps"": [{""rule_source"": ""azwADyAyI"", ""rule"": ""1.2.45"", ""result"": [""kartf""]}, {""rule_source"": ""azwADyAyI"", ""rule"": ""4.1.2"", ""result"": [""kartf"", ""su~""]}, {""rule_source"": ""azwADyAyI"", ""rule"": ""1.3.2"", ""result"": [""kartf"", ""su~""]}, {""rule_source"": ""azwADyAyI"", ""rule"": ""1.3.9"", ""result"": [""kartf"", ""s""]}, {""rule_source"": ""azwADyAyI"", ""rule"": ""2.3.48"", ""result"": [""kartf"", ""s""]}, {""rule_source"": ""azwADyAyI"", ""rule"": ""2.3.49"", ""result"": [""kartf"", ""s""]}, {""rule_source"": ""azwADyAyI"", ""rule"": ""1.1.43"", ""result"": [""kartf"", ""s""]}, {""rule_source"": ""azwADyAyI"", ""rule"": ""2.3.48"", ""result"": [""kartf"", ""s""]}, {""rule_source"": ""azwADyAyI"", ""rule"": ""2.3.49"", ""result"": [""kartf"", ""s""]}, {""rule_source"": ""azwADyAyI"", ""rule"": ""1.1.43"", ""result"": [""kartf"", ""s""]}, {""rule_source"": ""azwADyAyI"", ""rule"": ""1.4.13"", ""result"": [""kartf"", ""s""]}, {""rule_source"": ""azwADyAyI"", ""rule"": ""1.4.14"", ""result"": [""kartf"", ""s""]}, {""rule_source"": ""azwADyAyI"", ""rule"": ""7.3.110"", ""result"": [""kartar"", ""s""]}, {""rule_source"": ""azwADyAyI"", ""rule"": ""6.1.68"", ""result"": [""kartar"", """"]}, {""rule_source"": ""azwADyAyI"", ""rule"": ""8.3.15"", ""result"": [""kartaH"", """"]}, {""rule_source"": ""azwADyAyI"", ""rule"": ""8.4.68"", ""result"": [""kartaH"", """"]}]}]"
kartr,"कर्ता (kartā), doer",krdanta_ledger.csv,ebf3acad8cac4eb32dea,kartf,basic,Pum,sambodhana,सम्बोधनम्,direct address,dvi,द्वे,kartarO,1,locally_regenerated,"[{""form_slp1"": ""kartarO"", ""steps"": [{""rule_source"": ""azwADyAyI"", ""rule"": ""1.2.45"", ""result"": [""kartf""]}, {""rule_source"": ""azwADyAyI"", ""rule"": ""4.1.2"", ""result"": [""kartf"", ""O""]}, {""rule_source"": ""azwADyAyI"", ""rule"": ""2.3.48"", ""result"": [""kartf"", ""O""]}, {""rule_source"": ""azwADyAyI"", ""rule"": ""1.1.43"", ""result"": [""kartf"", ""O""]}, {""rule_source"": ""azwADyAyI"", ""rule"": ""2.3.48"", ""result"": [""kartf"", ""O""]}, {""rule_source"": ""azwADyAyI"", ""rule"": ""1.1.43"", ""result"": [""kartf"", ""O""]}, {""rule_source"": ""azwADyAyI"", ""rule"": ""1.4.13"", ""result"": [""kartf"", ""O""]}, {""rule_source"": ""azwADyAyI"", ""rule"": ""1.4.14"", ""result"": [""kartf"", ""O""]}, {""rule_source"": ""azwADyAyI"", ""rule"": ""7.3.110"", ""result"": [""kartar"", ""O""]}, {""rule_source"": ""azwADyAyI"", ""rule"": ""8.4.68"", ""result"": [""kartar"", ""O""]}]}]"
kartr,"कर्ता (kartā), doer",krdanta_ledger.csv,ebf3acad8cac4eb32dea,kartf,basic,Pum,sambodhana,सम्बोधनम्,direct address,bahu,बहूनि,kartaraH,1,locally_regenerated,"[{""form_slp1"": ""kartaraH"", ""steps"": [{""rule_source"": ""azwADyAyI"", ""rule"": ""1.2.45"", ""result"": [""kartf""]}, {""rule_source"": ""azwADyAyI"", ""rule"": ""4.1.2"", ""result"": [""kartf"", ""jas""]}, {""rule_source"": ""azwADyAyI"", ""rule"": ""1.3.4"", ""result"": [""kartf"", ""jas""]}, {""rule_source"": ""azwADyAyI"", ""rule"": ""1.3.7"", ""result"": [""kartf"", ""jas""]}, {""rule_source"": ""azwADyAyI"", ""rule"": ""1.3.9"", ""result"": [""kartf"", ""as""]}, {""rule_source"": ""azwADyAyI"", ""rule"": ""2.3.48"", ""result"": [""kartf"", ""as""]}, {""rule_source"": ""azwADyAyI"", ""rule"": ""1.1.43"", ""result"": [""kartf"", ""as""]}, {""rule_source"": ""azwADyAyI"", ""rule"": ""2.3.48"", ""result"": [""kartf"", ""as""]}, {""rule_source"": ""azwADyAyI"", ""rule"": ""1.1.43"", ""result"": [""kartf"", ""as""]}, {""rule_source"": ""azwADyAyI"", ""rule"": ""1.4.13"", ""result"": [""kartf"", ""as""]}, {""rule_source"": ""azwADyAyI"", ""rule"": ""1.4.14"", ""result"": [""kartf"", ""as""]}, {""rule_source"": ""azwADyAyI"", ""rule"": ""7.3.110"", ""result"": [""kartar"", ""as""]}, {""rule_source"": ""azwADyAyI"", ""rule"": ""8.2.66"", ""result"": [""kartar"", ""aru~""]}, {""rule_source"": ""azwADyAyI"", ""rule"": ""1.3.2"", ""result"": [""kartar"", ""ar""]}, {""rule_source"": ""azwADyAyI"", ""rule"": ""8.3.15"", ""result"": [""kartar"", ""aH""]}, {""rule_source"": ""azwADyAyI"", ""rule"": ""8.4.68"", ""result"": [""kartar"", ""aH""]}]}]"
mitratva,"मित्रत्वम् (mitratvam), friendship",taddhita_ledger.csv.gz,c4dfd65d6035bf5fd9af,mitratva,basic,Napumsaka,prathama,प्रथमा,naming or identifying the participant,eka,एकम्,mitratvam,1,locally_regenerated,"[{""form_slp1"": ""mitratvam"", ""steps"": [{""rule_source"": ""azwADyAyI"", ""rule"": ""1.2.45"", ""result"": [""mitratva""]}, {""rule_source"": ""azwADyAyI"", ""rule"": ""4.1.2"", ""result"": [""mitratva"", ""su~""]}, {""rule_source"": ""azwADyAyI"", ""rule"": ""1.3.2"", ""result"": [""mitratva"", ""su~""]}, {""rule_source"": ""azwADyAyI"", ""rule"": ""1.3.9"", ""result"": [""mitratva"", ""s""]}, {""rule_source"": ""azwADyAyI"", ""rule"": ""7.1.24"", ""result"": [""mitratva"", ""am""]}, {""rule_source"": ""azwADyAyI"", ""rule"": ""1.3.4"", ""result"": [""mitratva"", ""am""]}, {""rule_source"": ""azwADyAyI"", ""rule"": ""1.4.13"", ""result"": [""mitratva"", ""am""]}, {""rule_source"": ""azwADyAyI"", ""rule"": ""1.4.18"", ""result"": [""mitratva"", ""am""]}, {""rule_source"": ""azwADyAyI"", ""rule"": ""1.4.14"", ""result"": [""mitratva"", ""am""]}, {""rule_source"": ""azwADyAyI"", ""rule"": ""6.1.107"", ""result"": [""mitratva"", ""m""]}, {""rule_source"": ""azwADyAyI"", ""rule"": ""8.4.68"", ""result"": [""mitratva"", ""m""]}]}]"
mitratva,"मित्रत्वम् (mitratvam), friendship",taddhita_ledger.csv.gz,c4dfd65d6035bf5fd9af,mitratva,basic,Napumsaka,prathama,प्रथमा,naming or identifying the participant,dvi,द्वे,mitratve,1,locally_regenerated,"[{""form_slp1"": ""mitratve"", ""steps"": [{""rule_source"": ""azwADyAyI"", ""rule"": ""1.2.45"", ""result"": [""mitratva""]}, {""rule_source"": ""azwADyAyI"", ""rule"": ""4.1.2"", ""result"": [""mitratva"", ""O""]}, {""rule_source"": ""azwADyAyI"", ""rule"": ""1.4.13"", ""result"": [""mitratva"", ""O""]}, {""rule_source"": ""azwADyAyI"", ""rule"": ""7.1.19"", ""result"": [""mitratva"", ""SI""]}, {""rule_source"": ""azwADyAyI"", ""rule"": ""1.3.8"", ""result"": [""mitratva"", ""SI""]}, {""rule_source"": ""azwADyAyI"", ""rule"": ""1.3.9"", ""result"": [""mitratva"", ""I""]}, {""rule_source"": ""azwADyAyI"", ""rule"": ""1.4.18"", ""result"": [""mitratva"", ""I""]}, {""rule_source"": ""azwADyAyI"", ""rule"": ""1.4.14"", ""result"": [""mitratva"", ""I""]}, {""rule_source"": ""vArttikAH"", ""rule"": ""6.4.148.1"", ""result"": [""mitratva"", ""I""]}, {""rule_source"": ""azwADyAyI"", ""rule"": ""6.1.104"", ""result"": [""mitratva"", ""I""]}, {""rule_source"": ""azwADyAyI"", ""rule"": ""6.1.87"", ""result"": [""mitratv"", ""e""]}, {""rule_source"": ""azwADyAyI"", ""rule"": ""8.4.68"", ""result"": [""mitratv"", ""e""]}]}]"
mitratva,"मित्रत्वम् (mitratvam), friendship",taddhita_ledger.csv.gz,c4dfd65d6035bf5fd9af,mitratva,basic,Napumsaka,prathama,प्रथमा,naming or identifying the participant,bahu,बहूनि,mitratvAni,1,locally_regenerated,"[{""form_slp1"": ""mitratvAni"", ""steps"": [{""rule_source"": ""azwADyAyI"", ""rule"": ""1.2.45"", ""result"": [""mitratva""]}, {""rule_source"": ""azwADyAyI"", ""rule"": ""4.1.2"", ""result"": [""mitratva"", ""jas""]}, {""rule_source"": ""azwADyAyI"", ""rule"": ""1.3.4"", ""result"": [""mitratva"", ""jas""]}, {""rule_source"": ""azwADyAyI"", ""rule"": ""1.3.7"", ""result"": [""mitratva"", ""jas""]}, {""rule_source"": ""azwADyAyI"", ""rule"": ""1.3.9"", ""result"": [""mitratva"", ""as""]}, {""rule_source"": ""azwADyAyI"", ""rule"": ""1.4.13"", ""result"": [""mitratva"", ""as""]}, {""rule_source"": ""azwADyAyI"", ""rule"": ""7.1.20"", ""result"": [""mitratva"", ""Si""]}, {""rule_source"": ""azwADyAyI"", ""rule"": ""1.3.8"", ""result"": [""mitratva"", ""Si""]}, {""rule_source"": ""azwADyAyI"", ""rule"": ""1.3.9"", ""result"": [""mitratva"", ""i""]}, {""rule_source"": ""azwADyAyI"", ""rule"": ""1.1.42"", ""result"": [""mitratva"", ""i""]}, {""rule_source"": ""azwADyAyI"", ""rule"": ""1.4.14"", ""result"": [""mitratva"", ""i""]}, {""rule_source"": ""azwADyAyI"", ""rule"": ""7.1.72"", ""result"": [""mitratvan"", ""i""]}, {""rule_source"": ""azwADyAyI"", ""rule"": ""6.4.8"", ""result"": [""mitratvAn"", ""i""]}, {""rule_source"": ""azwADyAyI"", ""rule"": ""8.4.68"", ""result"": [""mitratvAn"", ""i""]}]}]"
mitratva,"मित्रत्वम् (mitratvam), friendship",taddhita_ledger.csv.gz,c4dfd65d6035bf5fd9af,mitratva,basic,Napumsaka,dvitiya,द्वितीया,"the object, extent, or destination",eka,एकम्,mitratvam,1,locally_regenerated,"[{""form_slp1"": ""mitratvam"", ""steps"": [{""rule_source"": ""azwADyAyI"", ""rule"": ""1.2.45"", ""result"": [""mitratva""]}, {""rule_source"": ""azwADyAyI"", ""rule"": ""4.1.2"", ""result"": [""mitratva"", ""am""]}, {""rule_source"": ""azwADyAyI"", ""rule"": ""1.3.4"", ""result"": [""mitratva"", ""am""]}, {""rule_source"": ""azwADyAyI"", ""rule"": ""7.1.24"", ""result"": [""mitratva"", ""am""]}, {""rule_source"": ""azwADyAyI"", ""rule"": ""1.3.4"", ""result"": [""mitratva"", ""am""]}, {""rule_source"": ""azwADyAyI"", ""rule"": ""1.4.13"", ""result"": [""mitratva"", ""am""]}, {""rule_source"": ""azwADyAyI"", ""rule"": ""1.4.18"", ""result"": [""mitratva"", ""am""]}, {""rule_source"": ""azwADyAyI"", ""rule"": ""1.4.14"", ""result"": [""mitratva"", ""am""]}, {""rule_source"": ""azwADyAyI"", ""rule"": ""6.1.107"", ""result"": [""mitratva"", ""m""]}, {""rule_source"": ""azwADyAyI"", ""rule"": ""8.4.68"", ""result"": [""mitratva"", ""m""]}]}]"
mitratva,"मित्रत्वम् (mitratvam), friendship",taddhita_ledger.csv.gz,c4dfd65d6035bf5fd9af,mitratva,basic,Napumsaka,dvitiya,द्वितीया,"the object, extent, or destination",dvi,द्वे,mitratve,1,locally_regenerated,"[{""form_slp1"": ""mitratve"", ""steps"": [{""rule_source"": ""azwADyAyI"", ""rule"": ""1.2.45"", ""result"": [""mitratva""]}, {""rule_source"": ""azwADyAyI"", ""rule"": ""4.1.2"", ""result"": [""mitratva"", ""Ow""]}, {""rule_source"": ""azwADyAyI"", ""rule"": ""1.3.3"", ""result"": [""mitratva"", ""Ow""]}, {""rule_source"": ""azwADyAyI"", ""rule"": ""1.3.9"", ""result"": [""mitratva"", ""O""]}, {""rule_source"": ""azwADyAyI"", ""rule"": ""1.4.13"", ""result"": [""mitratva"", ""O""]}, {""rule_source"": ""azwADyAyI"", ""rule"": ""7.1.19"", ""result"": [""mitratva"", ""SI""]}, {""rule_source"": ""azwADyAyI"", ""rule"": ""1.3.8"", ""result"": [""mitratva"", ""SI""]}, {""rule_source"": ""azwADyAyI"", ""rule"": ""1.3.9"", ""result"": [""mitratva"", ""I""]}, {""rule_source"": ""azwADyAyI"", ""rule"": ""1.4.18"", ""result"": [""mitratva"", ""I""]}, {""rule_source"": ""azwADyAyI"", ""rule"": ""1.4.14"", ""result"": [""mitratva"", ""I""]}, {""rule_source"": ""vArttikAH"", ""rule"": ""6.4.148.1"", ""result"": [""mitratva"", ""I""]}, {""rule_source"": ""azwADyAyI"", ""rule"": ""6.1.104"", ""result"": [""mitratva"", ""I""]}, {""rule_source"": ""azwADyAyI"", ""rule"": ""6.1.87"", ""result"": [""mitratv"", ""e""]}, {""rule_source"": ""azwADyAyI"", ""rule"": ""8.4.68"", ""result"": [""mitratv"", ""e""]}]}]"
mitratva,"मित्रत्वम् (mitratvam), friendship",taddhita_ledger.csv.gz,c4dfd65d6035bf5fd9af,mitratva,basic,Napumsaka,dvitiya,द्वितीया,"the object, extent, or destination",bahu,बहूनि,mitratvAni,1,locally_regenerated,"[{""form_slp1"": ""mitratvAni"", ""steps"": [{""rule_source"": ""azwADyAyI"", ""rule"": ""1.2.45"", ""result"": [""mitratva""]}, {""rule_source"": ""azwADyAyI"", ""rule"": ""4.1.2"", ""result"": [""mitratva"", ""Sas""]}, {""rule_source"": ""azwADyAyI"", ""rule"": ""1.3.4"", ""result"": [""mitratva"", ""Sas""]}, {""rule_source"": ""azwADyAyI"", ""rule"": ""1.3.8"", ""result"": [""mitratva"", ""Sas""]}, {""rule_source"": ""azwADyAyI"", ""rule"": ""1.3.9"", ""result"": [""mitratva"", ""as""]}, {""rule_source"": ""azwADyAyI"", ""rule"": ""1.4.13"", ""result"": [""mitratva"", ""as""]}, {""rule_source"": ""azwADyAyI"", ""rule"": ""7.1.20"", ""result"": [""mitratva"", ""Si""]}, {""rule_source"": ""azwADyAyI"", ""rule"": ""1.3.8"", ""result"": [""mitratva"", ""Si""]}, {""rule_source"": ""azwADyAyI"", ""rule"": ""1.3.9"", ""result"": [""mitratva"", ""i""]}, {""rule_source"": ""azwADyAyI"", ""rule"": ""1.1.42"", ""result"": [""mitratva"", ""i""]}, {""rule_source"": ""azwADyAyI"", ""rule"": ""1.4.14"", ""result"": [""mitratva"", ""i""]}, {""rule_source"": ""azwADyAyI"", ""rule"": ""7.1.72"", ""result"": [""mitratvan"", ""i""]}, {""rule_source"": ""azwADyAyI"", ""rule"": ""6.4.8"", ""result"": [""mitratvAn"", ""i""]}, {""rule_source"": ""azwADyAyI"", ""rule"": ""8.4.68"", ""result"": [""mitratvAn"", ""i""]}]}]"
mitratva,"मित्रत्वम् (mitratvam), friendship",taddhita_ledger.csv.gz,c4dfd65d6035bf5fd9af,mitratva,basic,Napumsaka,trtiya,तृतीया,"the means, instrument, or accompaniment",eka,एकम्,mitratvena,1,locally_regenerated,"[{""form_slp1"": ""mitratvena"", ""steps"": [{""rule_source"": ""azwADyAyI"", ""rule"": ""1.2.45"", ""result"": [""mitratva""]}, {""rule_source"": ""azwADyAyI"", ""rule"": ""4.1.2"", ""result"": [""mitratva"", ""wA""]}, {""rule_source"": ""azwADyAyI"", ""rule"": ""1.3.7"", ""result"": [""mitratva"", ""wA""]}, {""rule_source"": ""azwADyAyI"", ""rule"": ""1.3.9"", ""result"": [""mitratva"", ""A""]}, {""rule_source"": ""azwADyAyI"", ""rule"": ""1.4.13"", ""result"": [""mitratva"", ""A""]}, {""rule_source"": ""azwADyAyI"", ""rule"": ""7.1.12"", ""result"": [""mitratva"", ""ina""]}, {""rule_source"": ""azwADyAyI"", ""rule"": ""1.4.18"", ""result"": [""mitratva"", ""ina""]}, {""rule_source"": ""azwADyAyI"", ""rule"": ""1.4.14"", ""result"": [""mitratva"", ""ina""]}, {""rule_source"": ""azwADyAyI"", ""rule"": ""6.1.87"", ""result"": [""mitratv"", ""ena""]}, {""rule_source"": ""azwADyAyI"", ""rule"": ""8.4.68"", ""result"": [""mitratv"", ""ena""]}]}]"
mitratva,"मित्रत्वम् (mitratvam), friendship",taddhita_ledger.csv.gz,c4dfd65d6035bf5fd9af,mitratva,basic,Napumsaka,trtiya,तृतीया,"the means, instrument, or accompaniment",dvi,द्वे,mitratvAByAm,1,locally_regenerated,"[{""form_slp1"": ""mitratvAByAm"", ""steps"": [{""rule_source"": ""azwADyAyI"", ""rule"": ""1.2.45"", ""result"": [""mitratva""]}, {""rule_source"": ""azwADyAyI"", ""rule"": ""4.1.2"", ""result"": [""mitratva"", ""ByAm""]}, {""rule_source"": ""azwADyAyI"", ""rule"": ""1.3.4"", ""result"": [""mitratva"", ""ByAm""]}, {""rule_source"": ""azwADyAyI"", ""rule"": ""1.4.13"", ""result"": [""mitratva"", ""ByAm""]}, {""rule_source"": ""azwADyAyI"", ""rule"": ""1.4.17"", ""result"": [""mitratva"", ""ByAm""]}, {""rule_source"": ""azwADyAyI"", ""rule"": ""1.4.14"", ""result"": [""mitratva"", ""ByAm""]}, {""rule_source"": ""azwADyAyI"", ""rule"": ""7.3.102"", ""result"": [""mitratvA"", ""ByAm""]}, {""rule_source"": ""azwADyAyI"", ""rule"": ""8.4.68"", ""result"": [""mitratvA"", ""ByAm""]}]}]"
mitratva,"मित्रत्वम् (mitratvam), friendship",taddhita_ledger.csv.gz,c4dfd65d6035bf5fd9af,mitratva,basic,Napumsaka,trtiya,तृतीया,"the means, instrument, or accompaniment",bahu,बहूनि,mitratvEH,1,locally_regenerated,"[{""form_slp1"": ""mitratvEH"", ""steps"": [{""rule_source"": ""azwADyAyI"", ""rule"": ""1.2.45"", ""result"": [""mitratva""]}, {""rule_source"": ""azwADyAyI"", ""rule"": ""4.1.2"", ""result"": [""mitratva"", ""Bis""]}, {""rule_source"": ""azwADyAyI"", ""rule"": ""1.3.4"", ""result"": [""mitratva"", ""Bis""]}, {""rule_source"": ""azwADyAyI"", ""rule"": ""1.4.13"", ""result"": [""mitratva"", ""Bis""]}, {""rule_source"": ""azwADyAyI"", ""rule"": ""7.1.9"", ""result"": [""mitratva"", ""Es""]}, {""rule_source"": ""azwADyAyI"", ""rule"": ""1.4.18"", ""result"": [""mitratva"", ""Es""]}, {""rule_source"": ""azwADyAyI"", ""rule"": ""1.4.14"", ""result"": [""mitratva"", ""Es""]}, {""rule_source"": ""azwADyAyI"", ""rule"": ""6.1.88"", ""result"": [""mitratv"", ""Es""]}, {""rule_source"": ""azwADyAyI"", ""rule"": ""8.2.66"", ""result"": [""mitratv"", ""Eru~""]}, {""rule_source"": ""azwADyAyI"", ""rule"": ""1.3.2"", ""result"": [""mitratv"", ""Er""]}, {""rule_source"": ""azwADyAyI"", ""rule"": ""8.3.15"", ""result"": [""mitratv"", ""EH""]}, {""rule_source"": ""azwADyAyI"", ""rule"": ""8.4.68"", ""result"": [""mitratv"", ""EH""]}]}]"
mitratva,"मित्रत्वम् (mitratvam), friendship",taddhita_ledger.csv.gz,c4dfd65d6035bf5fd9af,mitratva,basic,Napumsaka,caturthi,चतुर्थी,"the recipient, beneficiary, or purpose",eka,एकम्,mitratvAya,1,locally_regenerated,"[{""form_slp1"": ""mitratvAya"", ""steps"": [{""rule_source"": ""azwADyAyI"", ""rule"": ""1.2.45"", ""result"": [""mitratva""]}, {""rule_source"": ""azwADyAyI"", ""rule"": ""4.1.2"", ""result"": [""mitratva"", ""Ne""]}, {""rule_source"": ""azwADyAyI"", ""rule"": ""1.3.8"", ""result"": [""mitratva"", ""Ne""]}, {""rule_source"": ""azwADyAyI"", ""rule"": ""1.3.9"", ""result"": [""mitratva"", ""e""]}, {""rule_source"": ""azwADyAyI"", ""rule"": ""1.4.13"", ""result"": [""mitratva"", ""e""]}, {""rule_source"": ""azwADyAyI"", ""rule"": ""7.1.13"", ""result"": [""mitratva"", ""ya""]}, {""rule_source"": ""azwADyAyI"", ""rule"": ""1.4.18"", ""result"": [""mitratva"", ""ya""]}, {""rule_source"": ""azwADyAyI"", ""rule"": ""1.4.14"", ""result"": [""mitratva"", ""ya""]}, {""rule_source"": ""azwADyAyI"", ""rule"": ""7.3.102"", ""result"": [""mitratvA"", ""ya""]}, {""rule_source"": ""azwADyAyI"", ""rule"": ""8.4.68"", ""result"": [""mitratvA"", ""ya""]}]}]"
mitratva,"मित्रत्वम् (mitratvam), friendship",taddhita_ledger.csv.gz,c4dfd65d6035bf5fd9af,mitratva,basic,Napumsaka,caturthi,चतुर्थी,"the recipient, beneficiary, or purpose",dvi,द्वे,mitratvAByAm,1,locally_regenerated,"[{""form_slp1"": ""mitratvAByAm"", ""steps"": [{""rule_source"": ""azwADyAyI"", ""rule"": ""1.2.45"", ""result"": [""mitratva""]}, {""rule_source"": ""azwADyAyI"", ""rule"": ""4.1.2"", ""result"": [""mitratva"", ""ByAm""]}, {""rule_source"": ""azwADyAyI"", ""rule"": ""1.3.4"", ""result"": [""mitratva"", ""ByAm""]}, {""rule_source"": ""azwADyAyI"", ""rule"": ""1.4.13"", ""result"": [""mitratva"", ""ByAm""]}, {""rule_source"": ""azwADyAyI"", ""rule"": ""1.4.17"", ""result"": [""mitratva"", ""ByAm""]}, {""rule_source"": ""azwADyAyI"", ""rule"": ""1.4.14"", ""result"": [""mitratva"", ""ByAm""]}, {""rule_source"": ""azwADyAyI"", ""rule"": ""7.3.102"", ""result"": [""mitratvA"", ""ByAm""]}, {""rule_source"": ""azwADyAyI"", ""rule"": ""8.4.68"", ""result"": [""mitratvA"", ""ByAm""]}]}]"
mitratva,"मित्रत्वम् (mitratvam), friendship",taddhita_ledger.csv.gz,c4dfd65d6035bf5fd9af,mitratva,basic,Napumsaka,caturthi,चतुर्थी,"the recipient, beneficiary, or purpose",bahu,बहूनि,mitratveByaH,1,locally_regenerated,"[{""form_slp1"": ""mitratveByaH"", ""steps"": [{""rule_source"": ""azwADyAyI"", ""rule"": ""1.2.45"", ""result"": [""mitratva""]}, {""rule_source"": ""azwADyAyI"", ""rule"": ""4.1.2"", ""result"": [""mitratva"", ""Byas""]}, {""rule_source"": ""azwADyAyI"", ""rule"": ""1.3.4"", ""result"": [""mitratva"", ""Byas""]}, {""rule_source"": ""azwADyAyI"", ""rule"": ""1.4.13"", ""result"": [""mitratva"", ""Byas""]}, {""rule_source"": ""azwADyAyI"", ""rule"": ""1.4.17"", ""result"": [""mitratva"", ""Byas""]}, {""rule_source"": ""azwADyAyI"", ""rule"": ""1.4.14"", ""result"": [""mitratva"", ""Byas""]}, {""rule_source"": ""azwADyAyI"", ""rule"": ""7.3.103"", ""result"": [""mitratve"", ""Byas""]}, {""rule_source"": ""azwADyAyI"", ""rule"": ""8.2.66"", ""result"": [""mitratve"", ""Byaru~""]}, {""rule_source"": ""azwADyAyI"", ""rule"": ""1.3.2"", ""result"": [""mitratve"", ""Byar""]}, {""rule_source"": ""azwADyAyI"", ""rule"": ""8.3.15"", ""result"": [""mitratve"", ""ByaH""]}, {""rule_source"": ""azwADyAyI"", ""rule"": ""8.4.68"", ""result"": [""mitratve"", ""ByaH""]}]}]"
mitratva,"मित्रत्वम् (mitratvam), friendship",taddhita_ledger.csv.gz,c4dfd65d6035bf5fd9af,mitratva,basic,Napumsaka,panchami,पञ्चमी,"the source, separation, or comparison point",eka,एकम्,mitratvAd;mitratvAt,2,locally_regenerated,"[{""form_slp1"": ""mitratvAt"", ""steps"": [{""rule_source"": ""azwADyAyI"", ""rule"": ""1.2.45"", ""result"": [""mitratva""]}, {""rule_source"": ""azwADyAyI"", ""rule"": ""4.1.2"", ""result"": [""mitratva"", ""Nasi~""]}, {""rule_source"": ""azwADyAyI"", ""rule"": ""1.3.2"", ""result"": [""mitratva"", ""Nasi~""]}, {""rule_source"": ""azwADyAyI"", ""rule"": ""1.3.8"", ""result"": [""mitratva"", ""Nasi~""]}, {""rule_source"": ""azwADyAyI"", ""rule"": ""1.3.9"", ""result"": [""mitratva"", ""as""]}, {""rule_source"": ""azwADyAyI"", ""rule"": ""1.4.13"", ""result"": [""mitratva"", ""as""]}, {""rule_source"": ""azwADyAyI"", ""rule"": ""7.1.12"", ""result"": [""mitratva"", ""At""]}, {""rule_source"": ""azwADyAyI"", ""rule"": ""1.4.18"", ""result"": [""mitratva"", ""At""]}, {""rule_source"": ""azwADyAyI"", ""rule"": ""1.4.14"", ""result"": [""mitratva"", ""At""]}, {""rule_source"": ""azwADyAyI"", ""rule"": ""6.1.101"", ""result"": [""mitratvA"", ""t""]}, {""rule_source"": ""azwADyAyI"", ""rule"": ""8.2.39"", ""result"": [""mitratvA"", ""d""]}, {""rule_source"": ""azwADyAyI"", ""rule"": ""8.4.56"", ""result"": [""mitratvA"", ""t""]}, {""rule_source"": ""azwADyAyI"", ""rule"": ""8.4.68"", ""result"": [""mitratvA"", ""t""]}]}, {""form_slp1"": ""mitratvAd"", ""steps"": [{""rule_source"": ""azwADyAyI"", ""rule"": ""1.2.45"", ""result"": [""mitratva""]}, {""rule_source"": ""azwADyAyI"", ""rule"": ""4.1.2"", ""result"": [""mitratva"", ""Nasi~""]}, {""rule_source"": ""azwADyAyI"", ""rule"": ""1.3.2"", ""result"": [""mitratva"", ""Nasi~""]}, {""rule_source"": ""azwADyAyI"", ""rule"": ""1.3.8"", ""result"": [""mitratva"", ""Nasi~""]}, {""rule_source"": ""azwADyAyI"", ""rule"": ""1.3.9"", ""result"": [""mitratva"", ""as""]}, {""rule_source"": ""azwADyAyI"", ""rule"": ""1.4.13"", ""result"": [""mitratva"", ""as""]}, {""rule_source"": ""azwADyAyI"", ""rule"": ""7.1.12"", ""result"": [""mitratva"", ""At""]}, {""rule_source"": ""azwADyAyI"", ""rule"": ""1.4.18"", ""result"": [""mitratva"", ""At""]}, {""rule_source"": ""azwADyAyI"", ""rule"": ""1.4.14"", ""result"": [""mitratva"", ""At""]}, {""rule_source"": ""azwADyAyI"", ""rule"": ""6.1.101"", ""result"": [""mitratvA"", ""t""]}, {""rule_source"": ""azwADyAyI"", ""rule"": ""8.2.39"", ""result"": [""mitratvA"", ""d""]}, {""rule_source"": ""azwADyAyI"", ""rule"": ""8.4.68"", ""result"": [""mitratvA"", ""d""]}]}]"
mitratva,"मित्रत्वम् (mitratvam), friendship",taddhita_ledger.csv.gz,c4dfd65d6035bf5fd9af,mitratva,basic,Napumsaka,panchami,पञ्चमी,"the source, separation, or comparison point",dvi,द्वे,mitratvAByAm,1,locally_regenerated,"[{""form_slp1"": ""mitratvAByAm"", ""steps"": [{""rule_source"": ""azwADyAyI"", ""rule"": ""1.2.45"", ""result"": [""mitratva""]}, {""rule_source"": ""azwADyAyI"", ""rule"": ""4.1.2"", ""result"": [""mitratva"", ""ByAm""]}, {""rule_source"": ""azwADyAyI"", ""rule"": ""1.3.4"", ""result"": [""mitratva"", ""ByAm""]}, {""rule_source"": ""azwADyAyI"", ""rule"": ""1.4.13"", ""result"": [""mitratva"", ""ByAm""]}, {""rule_source"": ""azwADyAyI"", ""rule"": ""1.4.17"", ""result"": [""mitratva"", ""ByAm""]}, {""rule_source"": ""azwADyAyI"", ""rule"": ""1.4.14"", ""result"": [""mitratva"", ""ByAm""]}, {""rule_source"": ""azwADyAyI"", ""rule"": ""7.3.102"", ""result"": [""mitratvA"", ""ByAm""]}, {""rule_source"": ""azwADyAyI"", ""rule"": ""8.4.68"", ""result"": [""mitratvA"", ""ByAm""]}]}]"
mitratva,"मित्रत्वम् (mitratvam), friendship",taddhita_ledger.csv.gz,c4dfd65d6035bf5fd9af,mitratva,basic,Napumsaka,panchami,पञ्चमी,"the source, separation, or comparison point",bahu,बहूनि,mitratveByaH,1,locally_regenerated,"[{""form_slp1"": ""mitratveByaH"", ""steps"": [{""rule_source"": ""azwADyAyI"", ""rule"": ""1.2.45"", ""result"": [""mitratva""]}, {""rule_source"": ""azwADyAyI"", ""rule"": ""4.1.2"", ""result"": [""mitratva"", ""Byas""]}, {""rule_source"": ""azwADyAyI"", ""rule"": ""1.3.4"", ""result"": [""mitratva"", ""Byas""]}, {""rule_source"": ""azwADyAyI"", ""rule"": ""1.4.13"", ""result"": [""mitratva"", ""Byas""]}, {""rule_source"": ""azwADyAyI"", ""rule"": ""1.4.17"", ""result"": [""mitratva"", ""Byas""]}, {""rule_source"": ""azwADyAyI"", ""rule"": ""1.4.14"", ""result"": [""mitratva"", ""Byas""]}, {""rule_source"": ""azwADyAyI"", ""rule"": ""7.3.103"", ""result"": [""mitratve"", ""Byas""]}, {""rule_source"": ""azwADyAyI"", ""rule"": ""8.2.66"", ""result"": [""mitratve"", ""Byaru~""]}, {""rule_source"": ""azwADyAyI"", ""rule"": ""1.3.2"", ""result"": [""mitratve"", ""Byar""]}, {""rule_source"": ""azwADyAyI"", ""rule"": ""8.3.15"", ""result"": [""mitratve"", ""ByaH""]}, {""rule_source"": ""azwADyAyI"", ""rule"": ""8.4.68"", ""result"": [""mitratve"", ""ByaH""]}]}]"
mitratva,"मित्रत्वम् (mitratvam), friendship",taddhita_ledger.csv.gz,c4dfd65d6035bf5fd9af,mitratva,basic,Napumsaka,sasthi,षष्ठी,"a relation, including possession",eka,एकम्,mitratvasya,1,locally_regenerated,"[{""form_slp1"": ""mitratvasya"", ""steps"": [{""rule_source"": ""azwADyAyI"", ""rule"": ""1.2.45"", ""result"": [""mitratva""]}, {""rule_source"": ""azwADyAyI"", ""rule"": ""4.1.2"", ""result"": [""mitratva"", ""Nas""]}, {""rule_source"": ""azwADyAyI"", ""rule"": ""1.3.4"", ""result"": [""mitratva"", ""Nas""]}, {""rule_source"": ""azwADyAyI"", ""rule"": ""1.3.8"", ""result"": [""mitratva"", ""Nas""]}, {""rule_source"": ""azwADyAyI"", ""rule"": ""1.3.9"", ""result"": [""mitratva"", ""as""]}, {""rule_source"": ""azwADyAyI"", ""rule"": ""1.4.13"", ""result"": [""mitratva"", ""as""]}, {""rule_source"": ""azwADyAyI"", ""rule"": ""7.1.12"", ""result"": [""mitratva"", ""sya""]}, {""rule_source"": ""azwADyAyI"", ""rule"": ""1.4.17"", ""result"": [""mitratva"", ""sya""]}, {""rule_source"": ""azwADyAyI"", ""rule"": ""1.4.14"", ""result"": [""mitratva"", ""sya""]}, {""rule_source"": ""azwADyAyI"", ""rule"": ""8.4.68"", ""result"": [""mitratva"", ""sya""]}]}]"
mitratva,"मित्रत्वम् (mitratvam), friendship",taddhita_ledger.csv.gz,c4dfd65d6035bf5fd9af,mitratva,basic,Napumsaka,sasthi,षष्ठी,"a relation, including possession",dvi,द्वे,mitratvayoH,1,locally_regenerated,"[{""form_slp1"": ""mitratvayoH"", ""steps"": [{""rule_source"": ""azwADyAyI"", ""rule"": ""1.2.45"", ""result"": [""mitratva""]}, {""rule_source"": ""azwADyAyI"", ""rule"": ""4.1.2"", ""result"": [""mitratva"", ""os""]}, {""rule_source"": ""azwADyAyI"", ""rule"": ""1.3.4"", ""result"": [""mitratva"", ""os""]}, {""rule_source"": ""azwADyAyI"", ""rule"": ""1.4.13"", ""result"": [""mitratva"", ""os""]}, {""rule_source"": ""azwADyAyI"", ""rule"": ""1.4.18"", ""result"": [""mitratva"", ""os""]}, {""rule_source"": ""azwADyAyI"", ""rule"": ""1.4.14"", ""result"": [""mitratva"", ""os""]}, {""rule_source"": ""azwADyAyI"", ""rule"": ""7.3.104"", ""result"": [""mitratve"", ""os""]}, {""rule_source"": ""azwADyAyI"", ""rule"": ""6.1.78"", ""result"": [""mitratvay"", ""os""]}, {""rule_source"": ""azwADyAyI"", ""rule"": ""8.2.66"", ""result"": [""mitratvay"", ""oru~""]}, {""rule_source"": ""azwADyAyI"", ""rule"": ""1.3.2"", ""result"": [""mitratvay"", ""or""]}, {""rule_source"": ""azwADyAyI"", ""rule"": ""8.3.15"", ""result"": [""mitratvay"", ""oH""]}, {""rule_source"": ""azwADyAyI"", ""rule"": ""8.4.68"", ""result"": [""mitratvay"", ""oH""]}]}]"
mitratva,"मित्रत्वम् (mitratvam), friendship",taddhita_ledger.csv.gz,c4dfd65d6035bf5fd9af,mitratva,basic,Napumsaka,sasthi,षष्ठी,"a relation, including possession",bahu,बहूनि,mitratvAnAm,1,locally_regenerated,"[{""form_slp1"": ""mitratvAnAm"", ""steps"": [{""rule_source"": ""azwADyAyI"", ""rule"": ""1.2.45"", ""result"": [""mitratva""]}, {""rule_source"": ""azwADyAyI"", ""rule"": ""4.1.2"", ""result"": [""mitratva"", ""Am""]}, {""rule_source"": ""azwADyAyI"", ""rule"": ""1.3.4"", ""result"": [""mitratva"", ""Am""]}, {""rule_source"": ""azwADyAyI"", ""rule"": ""7.1.54"", ""result"": [""mitratva"", ""nu~w"", ""Am""]}, {""rule_source"": ""azwADyAyI"", ""rule"": ""1.3.2"", ""result"": [""mitratva"", ""nu~w"", ""Am""]}, {""rule_source"": ""azwADyAyI"", ""rule"": ""1.3.3"", ""result"": [""mitratva"", ""nu~w"", ""Am""]}, {""rule_source"": ""azwADyAyI"", ""rule"": ""1.3.9"", ""result"": [""mitratva"", ""n"", ""Am""]}, {""rule_source"": ""azwADyAyI"", ""rule"": ""1.4.13"", ""result"": [""mitratva"", ""n"", ""Am""]}, {""rule_source"": ""azwADyAyI"", ""rule"": ""1.4.17"", ""result"": [""mitratva"", ""n"", ""Am""]}, {""rule_source"": ""azwADyAyI"", ""rule"": ""1.4.14"", ""result"": [""mitratva"", ""n"", ""Am""]}, {""rule_source"": ""azwADyAyI"", ""rule"": ""6.4.3"", ""result"": [""mitratvA"", ""n"", ""Am""]}, {""rule_source"": ""azwADyAyI"", ""rule"": ""8.4.68"", ""result"": [""mitratvA"", ""n"", ""Am""]}]}]"
mitratva,"मित्रत्वम् (mitratvam), friendship",taddhita_ledger.csv.gz,c4dfd65d6035bf5fd9af,mitratva,basic,Napumsaka,saptami,सप्तमी,"the location, setting, or topic",eka,एकम्,mitratve,1,locally_regenerated,"[{""form_slp1"": ""mitratve"", ""steps"": [{""rule_source"": ""azwADyAyI"", ""rule"": ""1.2.45"", ""result"": [""mitratva""]}, {""rule_source"": ""azwADyAyI"", ""rule"": ""4.1.2"", ""result"": [""mitratva"", ""Ni""]}, {""rule_source"": ""azwADyAyI"", ""rule"": ""1.3.8"", ""result"": [""mitratva"", ""Ni""]}, {""rule_source"": ""azwADyAyI"", ""rule"": ""1.3.9"", ""result"": [""mitratva"", ""i""]}, {""rule_source"": ""azwADyAyI"", ""rule"": ""1.4.13"", ""result"": [""mitratva"", ""i""]}, {""rule_source"": ""azwADyAyI"", ""rule"": ""1.4.18"", ""result"": [""mitratva"", ""i""]}, {""rule_source"": ""azwADyAyI"", ""rule"": ""1.4.14"", ""result"": [""mitratva"", ""i""]}, {""rule_source"": ""azwADyAyI"", ""rule"": ""6.1.87"", ""result"": [""mitratv"", ""e""]}, {""rule_source"": ""azwADyAyI"", ""rule"": ""8.4.68"", ""result"": [""mitratv"", ""e""]}]}]"
mitratva,"मित्रत्वम् (mitratvam), friendship",taddhita_ledger.csv.gz,c4dfd65d6035bf5fd9af,mitratva,basic,Napumsaka,saptami,सप्तमी,"the location, setting, or topic",dvi,द्वे,mitratvayoH,1,locally_regenerated,"[{""form_slp1"": ""mitratvayoH"", ""steps"": [{""rule_source"": ""azwADyAyI"", ""rule"": ""1.2.45"", ""result"": [""mitratva""]}, {""rule_source"": ""azwADyAyI"", ""rule"": ""4.1.2"", ""result"": [""mitratva"", ""os""]}, {""rule_source"": ""azwADyAyI"", ""rule"": ""1.3.4"", ""result"": [""mitratva"", ""os""]}, {""rule_source"": ""azwADyAyI"", ""rule"": ""1.4.13"", ""result"": [""mitratva"", ""os""]}, {""rule_source"": ""azwADyAyI"", ""rule"": ""1.4.18"", ""result"": [""mitratva"", ""os""]}, {""rule_source"": ""azwADyAyI"", ""rule"": ""1.4.14"", ""result"": [""mitratva"", ""os""]}, {""rule_source"": ""azwADyAyI"", ""rule"": ""7.3.104"", ""result"": [""mitratve"", ""os""]}, {""rule_source"": ""azwADyAyI"", ""rule"": ""6.1.78"", ""result"": [""mitratvay"", ""os""]}, {""rule_source"": ""azwADyAyI"", ""rule"": ""8.2.66"", ""result"": [""mitratvay"", ""oru~""]}, {""rule_source"": ""azwADyAyI"", ""rule"": ""1.3.2"", ""result"": [""mitratvay"", ""or""]}, {""rule_source"": ""azwADyAyI"", ""rule"": ""8.3.15"", ""result"": [""mitratvay"", ""oH""]}, {""rule_source"": ""azwADyAyI"", ""rule"": ""8.4.68"", ""result"": [""mitratvay"", ""oH""]}]}]"
mitratva,"मित्रत्वम् (mitratvam), friendship",taddhita_ledger.csv.gz,c4dfd65d6035bf5fd9af,mitratva,basic,Napumsaka,saptami,सप्तमी,"the location, setting, or topic",bahu,बहूनि,mitratvezu,1,locally_regenerated,"[{""form_slp1"": ""mitratvezu"", ""steps"": [{""rule_source"": ""azwADyAyI"", ""rule"": ""1.2.45"", ""result"": [""mitratva""]}, {""rule_source"": ""azwADyAyI"", ""rule"": ""4.1.2"", ""result"": [""mitratva"", ""sup""]}, {""rule_source"": ""azwADyAyI"", ""rule"": ""1.3.3"", ""result"": [""mitratva"", ""sup""]}, {""rule_source"": ""azwADyAyI"", ""rule"": ""1.3.9"", ""result"": [""mitratva"", ""su""]}, {""rule_source"": ""azwADyAyI"", ""rule"": ""1.4.13"", ""result"": [""mitratva"", ""su""]}, {""rule_source"": ""azwADyAyI"", ""rule"": ""1.4.17"", ""result"": [""mitratva"", ""su""]}, {""rule_source"": ""azwADyAyI"", ""rule"": ""1.4.14"", ""result"": [""mitratva"", ""su""]}, {""rule_source"": ""azwADyAyI"", ""rule"": ""7.3.103"", ""result"": [""mitratve"", ""su""]}, {""rule_source"": ""azwADyAyI"", ""rule"": ""8.3.59"", ""result"": [""mitratve"", ""zu""]}, {""rule_source"": ""azwADyAyI"", ""rule"": ""8.4.68"", ""result"": [""mitratve"", ""zu""]}]}]"
mitratva,"मित्रत्वम् (mitratvam), friendship",taddhita_ledger.csv.gz,c4dfd65d6035bf5fd9af,mitratva,basic,Napumsaka,sambodhana,सम्बोधनम्,direct address,eka,एकम्,mitratva,1,locally_regenerated,"[{""form_slp1"": ""mitratva"", ""steps"": [{""rule_source"": ""azwADyAyI"", ""rule"": ""1.2.45"", ""result"": [""mitratva""]}, {""rule_source"": ""azwADyAyI"", ""rule"": ""4.1.2"", ""result"": [""mitratva"", ""su~""]}, {""rule_source"": ""azwADyAyI"", ""rule"": ""1.3.2"", ""result"": [""mitratva"", ""su~""]}, {""rule_source"": ""azwADyAyI"", ""rule"": ""1.3.9"", ""result"": [""mitratva"", ""s""]}, {""rule_source"": ""azwADyAyI"", ""rule"": ""2.3.48"", ""result"": [""mitratva"", ""s""]}, {""rule_source"": ""azwADyAyI"", ""rule"": ""2.3.49"", ""result"": [""mitratva"", ""s""]}, {""rule_source"": ""azwADyAyI"", ""rule"": ""2.3.48"", ""result"": [""mitratva"", ""s""]}, {""rule_source"": ""azwADyAyI"", ""rule"": ""2.3.49"", ""result"": [""mitratva"", ""s""]}, {""rule_source"": ""azwADyAyI"", ""rule"": ""7.1.24"", ""result"": [""mitratva"", ""am""]}, {""rule_source"": ""azwADyAyI"", ""rule"": ""1.3.4"", ""result"": [""mitratva"", ""am""]}, {""rule_source"": ""azwADyAyI"", ""rule"": ""1.4.13"", ""result"": [""mitratva"", ""am""]}, {""rule_source"": ""azwADyAyI"", ""rule"": ""1.4.18"", ""result"": [""mitratva"", ""am""]}, {""rule_source"": ""azwADyAyI"", ""rule"": ""1.4.14"", ""result"": [""mitratva"", ""am""]}, {""rule_source"": ""azwADyAyI"", ""rule"": ""6.1.107"", ""result"": [""mitratva"", ""m""]}, {""rule_source"": ""azwADyAyI"", ""rule"": ""6.1.69"", ""result"": [""mitratva"", """"]}, {""rule_source"": ""azwADyAyI"", ""rule"": ""8.4.68"", ""result"": [""mitratva"", """"]}]}]"
mitratva,"मित्रत्वम् (mitratvam), friendship",taddhita_ledger.csv.gz,c4dfd65d6035bf5fd9af,mitratva,basic,Napumsaka,sambodhana,सम्बोधनम्,direct address,dvi,द्वे,mitratve,1,locally_regenerated,"[{""form_slp1"": ""mitratve"", ""steps"": [{""rule_source"": ""azwADyAyI"", ""rule"": ""1.2.45"", ""result"": [""mitratva""]}, {""rule_source"": ""azwADyAyI"", ""rule"": ""4.1.2"", ""result"": [""mitratva"", ""O""]}, {""rule_source"": ""azwADyAyI"", ""rule"": ""2.3.48"", ""result"": [""mitratva"", ""O""]}, {""rule_source"": ""azwADyAyI"", ""rule"": ""2.3.48"", ""result"": [""mitratva"", ""O""]}, {""rule_source"": ""azwADyAyI"", ""rule"": ""1.4.13"", ""result"": [""mitratva"", ""O""]}, {""rule_source"": ""azwADyAyI"", ""rule"": ""7.1.19"", ""result"": [""mitratva"", ""SI""]}, {""rule_source"": ""azwADyAyI"", ""rule"": ""1.3.8"", ""result"": [""mitratva"", ""SI""]}, {""rule_source"": ""azwADyAyI"", ""rule"": ""1.3.9"", ""result"": [""mitratva"", ""I""]}, {""rule_source"": ""azwADyAyI"", ""rule"": ""1.4.18"", ""result"": [""mitratva"", ""I""]}, {""rule_source"": ""azwADyAyI"", ""rule"": ""1.4.14"", ""result"": [""mitratva"", ""I""]}, {""rule_source"": ""vArttikAH"", ""rule"": ""6.4.148.1"", ""result"": [""mitratva"", ""I""]}, {""rule_source"": ""azwADyAyI"", ""rule"": ""6.1.104"", ""result"": [""mitratva"", ""I""]}, {""rule_source"": ""azwADyAyI"", ""rule"": ""6.1.87"", ""result"": [""mitratv"", ""e""]}, {""rule_source"": ""azwADyAyI"", ""rule"": ""8.4.68"", ""result"": [""mitratv"", ""e""]}]}]"
mitratva,"मित्रत्वम् (mitratvam), friendship",taddhita_ledger.csv.gz,c4dfd65d6035bf5fd9af,mitratva,basic,Napumsaka,sambodhana,सम्बोधनम्,direct address,bahu,बहूनि,mitratvAni,1,locally_regenerated,"[{""form_slp1"": ""mitratvAni"", ""steps"": [{""rule_source"": ""azwADyAyI"", ""rule"": ""1.2.45"", ""result"": [""mitratva""]}, {""rule_source"": ""azwADyAyI"", ""rule"": ""4.1.2"", ""result"": [""mitratva"", ""jas""]}, {""rule_source"": ""azwADyAyI"", ""rule"": ""1.3.4"", ""result"": [""mitratva"", ""jas""]}, {""rule_source"": ""azwADyAyI"", ""rule"": ""1.3.7"", ""result"": [""mitratva"", ""jas""]}, {""rule_source"": ""azwADyAyI"", ""rule"": ""1.3.9"", ""result"": [""mitratva"", ""as""]}, {""rule_source"": ""azwADyAyI"", ""rule"": ""2.3.48"", ""result"": [""mitratva"", ""as""]}, {""rule_source"": ""azwADyAyI"", ""rule"": ""2.3.48"", ""result"": [""mitratva"", ""as""]}, {""rule_source"": ""azwADyAyI"", ""rule"": ""1.4.13"", ""result"": [""mitratva"", ""as""]}, {""rule_source"": ""azwADyAyI"", ""rule"": ""7.1.20"", ""result"": [""mitratva"", ""Si""]}, {""rule_source"": ""azwADyAyI"", ""rule"": ""1.3.8"", ""result"": [""mitratva"", ""Si""]}, {""rule_source"": ""azwADyAyI"", ""rule"": ""1.3.9"", ""result"": [""mitratva"", ""i""]}, {""rule_source"": ""azwADyAyI"", ""rule"": ""1.1.42"", ""result"": [""mitratva"", ""i""]}, {""rule_source"": ""azwADyAyI"", ""rule"": ""1.4.14"", ""result"": [""mitratva"", ""i""]}, {""rule_source"": ""azwADyAyI"", ""rule"": ""7.1.72"", ""result"": [""mitratvan"", ""i""]}, {""rule_source"": ""azwADyAyI"", ""rule"": ""6.4.8"", ""result"": [""mitratvAn"", ""i""]}, {""rule_source"": ""azwADyAyI"", ""rule"": ""8.4.68"", ""result"": [""mitratvAn"", ""i""]}]}]"
kaunteya,"कौन्तेयः (Kaunteyaḥ), a son or descendant of Kuntī",taddhita_ledger.csv.gz,b829ae0a686f4e53566a,kOnteya,basic,Pum,prathama,प्रथमा,naming or identifying the participant,eka,एकम्,kOnteyaH,1,locally_regenerated,"[{""form_slp1"": ""kOnteyaH"", ""steps"": [{""rule_source"": ""azwADyAyI"", ""rule"": ""1.2.45"", ""result"": [""kOnteya""]}, {""rule_source"": ""azwADyAyI"", ""rule"": ""4.1.2"", ""result"": [""kOnteya"", ""su~""]}, {""rule_source"": ""azwADyAyI"", ""rule"": ""1.3.2"", ""result"": [""kOnteya"", ""su~""]}, {""rule_source"": ""azwADyAyI"", ""rule"": ""1.3.9"", ""result"": [""kOnteya"", ""s""]}, {""rule_source"": ""azwADyAyI"", ""rule"": ""1.1.73"", ""result"": [""kOnteya"", ""s""]}, {""rule_source"": ""azwADyAyI"", ""rule"": ""1.1.43"", ""result"": [""kOnteya"", ""s""]}, {""rule_source"": ""azwADyAyI"", ""rule"": ""1.1.73"", ""result"": [""kOnteya"", ""s""]}, {""rule_source"": ""azwADyAyI"", ""rule"": ""1.1.43"", ""result"": [""kOnteya"", ""s""]}, {""rule_source"": ""azwADyAyI"", ""rule"": ""1.4.13"", ""result"": [""kOnteya"", ""s""]}, {""rule_source"": ""azwADyAyI"", ""rule"": ""1.4.14"", ""result"": [""kOnteya"", ""s""]}, {""rule_source"": ""azwADyAyI"", ""rule"": ""8.2.66"", ""result"": [""kOnteya"", ""ru~""]}, {""rule_source"": ""azwADyAyI"", ""rule"": ""1.3.2"", ""result"": [""kOnteya"", ""r""]}, {""rule_source"": ""azwADyAyI"", ""rule"": ""8.3.15"", ""result"": [""kOnteya"", ""H""]}, {""rule_source"": ""azwADyAyI"", ""rule"": ""8.3.24"", ""result"": [""kOMteya"", ""H""]}, {""rule_source"": ""azwADyAyI"", ""rule"": ""8.4.58"", ""result"": [""kOnteya"", ""H""]}, {""rule_source"": ""azwADyAyI"", ""rule"": ""8.4.68"", ""result"": [""kOnteya"", ""H""]}]}]"
kaunteya,"कौन्तेयः (Kaunteyaḥ), a son or descendant of Kuntī",taddhita_ledger.csv.gz,b829ae0a686f4e53566a,kOnteya,basic,Pum,prathama,प्रथमा,naming or identifying the participant,dvi,द्वे,kOnteyO,1,locally_regenerated,"[{""form_slp1"": ""kOnteyO"", ""steps"": [{""rule_source"": ""azwADyAyI"", ""rule"": ""1.2.45"", ""result"": [""kOnteya""]}, {""rule_source"": ""azwADyAyI"", ""rule"": ""4.1.2"", ""result"": [""kOnteya"", ""O""]}, {""rule_source"": ""azwADyAyI"", ""rule"": ""1.1.73"", ""result"": [""kOnteya"", ""O""]}, {""rule_source"": ""azwADyAyI"", ""rule"": ""1.1.43"", ""result"": [""kOnteya"", ""O""]}, {""rule_source"": ""azwADyAyI"", ""rule"": ""1.1.73"", ""result"": [""kOnteya"", ""O""]}, {""rule_source"": ""azwADyAyI"", ""rule"": ""1.1.43"", ""result"": [""kOnteya"", ""O""]}, {""rule_source"": ""azwADyAyI"", ""rule"": ""1.4.13"", ""result"": [""kOnteya"", ""O""]}, {""rule_source"": ""azwADyAyI"", ""rule"": ""1.4.14"", ""result"": [""kOnteya"", ""O""]}, {""rule_source"": ""azwADyAyI"", ""rule"": ""6.1.104"", ""result"": [""kOnteya"", ""O""]}, {""rule_source"": ""azwADyAyI"", ""rule"": ""6.1.88"", ""result"": [""kOntey"", ""O""]}, {""rule_source"": ""azwADyAyI"", ""rule"": ""8.3.24"", ""result"": [""kOMtey"", ""O""]}, {""rule_source"": ""azwADyAyI"", ""rule"": ""8.4.58"", ""result"": [""kOntey"", ""O""]}]}]"
kaunteya,"कौन्तेयः (Kaunteyaḥ), a son or descendant of Kuntī",taddhita_ledger.csv.gz,b829ae0a686f4e53566a,kOnteya,basic,Pum,prathama,प्रथमा,naming or identifying the participant,bahu,बहूनि,kOnteyAH,1,locally_regenerated,"[{""form_slp1"": ""kOnteyAH"", ""steps"": [{""rule_source"": ""azwADyAyI"", ""rule"": ""1.2.45"", ""result"": [""kOnteya""]}, {""rule_source"": ""azwADyAyI"", ""rule"": ""4.1.2"", ""result"": [""kOnteya"", ""jas""]}, {""rule_source"": ""azwADyAyI"", ""rule"": ""1.3.4"", ""result"": [""kOnteya"", ""jas""]}, {""rule_source"": ""azwADyAyI"", ""rule"": ""1.3.7"", ""result"": [""kOnteya"", ""jas""]}, {""rule_source"": ""azwADyAyI"", ""rule"": ""1.3.9"", ""result"": [""kOnteya"", ""as""]}, {""rule_source"": ""azwADyAyI"", ""rule"": ""1.1.73"", ""result"": [""kOnteya"", ""as""]}, {""rule_source"": ""azwADyAyI"", ""rule"": ""1.1.43"", ""result"": [""kOnteya"", ""as""]}, {""rule_source"": ""azwADyAyI"", ""rule"": ""1.1.73"", ""result"": [""kOnteya"", ""as""]}, {""rule_source"": ""azwADyAyI"", ""rule"": ""1.1.43"", ""result"": [""kOnteya"", ""as""]}, {""rule_source"": ""azwADyAyI"", ""rule"": ""1.4.13"", ""result"": [""kOnteya"", ""as""]}, {""rule_source"": ""azwADyAyI"", ""rule"": ""1.4.14"", ""result"": [""kOnteya"", ""as""]}, {""rule_source"": ""azwADyAyI"", ""rule"": ""6.1.102"", ""result"": [""kOnteya"", ""As""]}, {""rule_source"": ""azwADyAyI"", ""rule"": ""6.1.101"", ""result"": [""kOnteyA"", ""s""]}, {""rule_source"": ""azwADyAyI"", ""rule"": ""8.2.66"", ""result"": [""kOnteyA"", ""ru~""]}, {""rule_source"": ""azwADyAyI"", ""rule"": ""1.3.2"", ""result"": [""kOnteyA"", ""r""]}, {""rule_source"": ""azwADyAyI"", ""rule"": ""8.3.15"", ""result"": [""kOnteyA"", ""H""]}, {""rule_source"": ""azwADyAyI"", ""rule"": ""8.3.24"", ""result"": [""kOMteyA"", ""H""]}, {""rule_source"": ""azwADyAyI"", ""rule"": ""8.4.58"", ""result"": [""kOnteyA"", ""H""]}]}]"
kaunteya,"कौन्तेयः (Kaunteyaḥ), a son or descendant of Kuntī",taddhita_ledger.csv.gz,b829ae0a686f4e53566a,kOnteya,basic,Pum,dvitiya,द्वितीया,"the object, extent, or destination",eka,एकम्,kOnteyam,1,locally_regenerated,"[{""form_slp1"": ""kOnteyam"", ""steps"": [{""rule_source"": ""azwADyAyI"", ""rule"": ""1.2.45"", ""result"": [""kOnteya""]}, {""rule_source"": ""azwADyAyI"", ""rule"": ""4.1.2"", ""result"": [""kOnteya"", ""am""]}, {""rule_source"": ""azwADyAyI"", ""rule"": ""1.3.4"", ""result"": [""kOnteya"", ""am""]}, {""rule_source"": ""azwADyAyI"", ""rule"": ""1.1.73"", ""result"": [""kOnteya"", ""am""]}, {""rule_source"": ""azwADyAyI"", ""rule"": ""1.1.43"", ""result"": [""kOnteya"", ""am""]}, {""rule_source"": ""azwADyAyI"", ""rule"": ""1.1.73"", ""result"": [""kOnteya"", ""am""]}, {""rule_source"": ""azwADyAyI"", ""rule"": ""1.1.43"", ""result"": [""kOnteya"", ""am""]}, {""rule_source"": ""azwADyAyI"", ""rule"": ""1.4.13"", ""result"": [""kOnteya"", ""am""]}, {""rule_source"": ""azwADyAyI"", ""rule"": ""1.4.14"", ""result"": [""kOnteya"", ""am""]}, {""rule_source"": ""azwADyAyI"", ""rule"": ""6.1.107"", ""result"": [""kOnteya"", ""m""]}, {""rule_source"": ""azwADyAyI"", ""rule"": ""8.3.24"", ""result"": [""kOMteya"", ""m""]}, {""rule_source"": ""azwADyAyI"", ""rule"": ""8.4.58"", ""result"": [""kOnteya"", ""m""]}, {""rule_source"": ""azwADyAyI"", ""rule"": ""8.4.68"", ""result"": [""kOnteya"", ""m""]}]}]"
kaunteya,"कौन्तेयः (Kaunteyaḥ), a son or descendant of Kuntī",taddhita_ledger.csv.gz,b829ae0a686f4e53566a,kOnteya,basic,Pum,dvitiya,द्वितीया,"the object, extent, or destination",dvi,द्वे,kOnteyO,1,locally_regenerated,"[{""form_slp1"": ""kOnteyO"", ""steps"": [{""rule_source"": ""azwADyAyI"", ""rule"": ""1.2.45"", ""result"": [""kOnteya""]}, {""rule_source"": ""azwADyAyI"", ""rule"": ""4.1.2"", ""result"": [""kOnteya"", ""Ow""]}, {""rule_source"": ""azwADyAyI"", ""rule"": ""1.3.3"", ""result"": [""kOnteya"", ""Ow""]}, {""rule_source"": ""azwADyAyI"", ""rule"": ""1.3.9"", ""result"": [""kOnteya"", ""O""]}, {""rule_source"": ""azwADyAyI"", ""rule"": ""1.1.73"", ""result"": [""kOnteya"", ""O""]}, {""rule_source"": ""azwADyAyI"", ""rule"": ""1.1.43"", ""result"": [""kOnteya"", ""O""]}, {""rule_source"": ""azwADyAyI"", ""rule"": ""1.1.73"", ""result"": [""kOnteya"", ""O""]}, {""rule_source"": ""azwADyAyI"", ""rule"": ""1.1.43"", ""result"": [""kOnteya"", ""O""]}, {""rule_source"": ""azwADyAyI"", ""rule"": ""1.4.13"", ""result"": [""kOnteya"", ""O""]}, {""rule_source"": ""azwADyAyI"", ""rule"": ""1.4.14"", ""result"": [""kOnteya"", ""O""]}, {""rule_source"": ""azwADyAyI"", ""rule"": ""6.1.104"", ""result"": [""kOnteya"", ""O""]}, {""rule_source"": ""azwADyAyI"", ""rule"": ""6.1.88"", ""result"": [""kOntey"", ""O""]}, {""rule_source"": ""azwADyAyI"", ""rule"": ""8.3.24"", ""result"": [""kOMtey"", ""O""]}, {""rule_source"": ""azwADyAyI"", ""rule"": ""8.4.58"", ""result"": [""kOntey"", ""O""]}]}]"
kaunteya,"कौन्तेयः (Kaunteyaḥ), a son or descendant of Kuntī",taddhita_ledger.csv.gz,b829ae0a686f4e53566a,kOnteya,basic,Pum,dvitiya,द्वितीया,"the object, extent, or destination",bahu,बहूनि,kOnteyAn,1,locally_regenerated,"[{""form_slp1"": ""kOnteyAn"", ""steps"": [{""rule_source"": ""azwADyAyI"", ""rule"": ""1.2.45"", ""result"": [""kOnteya""]}, {""rule_source"": ""azwADyAyI"", ""rule"": ""4.1.2"", ""result"": [""kOnteya"", ""Sas""]}, {""rule_source"": ""azwADyAyI"", ""rule"": ""1.3.4"", ""result"": [""kOnteya"", ""Sas""]}, {""rule_source"": ""azwADyAyI"", ""rule"": ""1.3.8"", ""result"": [""kOnteya"", ""Sas""]}, {""rule_source"": ""azwADyAyI"", ""rule"": ""1.3.9"", ""result"": [""kOnteya"", ""as""]}, {""rule_source"": ""azwADyAyI"", ""rule"": ""1.1.73"", ""result"": [""kOnteya"", ""as""]}, {""rule_source"": ""azwADyAyI"", ""rule"": ""1.1.73"", ""result"": [""kOnteya"", ""as""]}, {""rule_source"": ""azwADyAyI"", ""rule"": ""1.4.13"", ""result"": [""kOnteya"", ""as""]}, {""rule_source"": ""azwADyAyI"", ""rule"": ""1.4.18"", ""result"": [""kOnteya"", ""as""]}, {""rule_source"": ""azwADyAyI"", ""rule"": ""1.4.14"", ""result"": [""kOnteya"", ""as""]}, {""rule_source"": ""azwADyAyI"", ""rule"": ""6.1.102"", ""result"": [""kOnteya"", ""As""]}, {""rule_source"": ""azwADyAyI"", ""rule"": ""6.1.103"", ""result"": [""kOnteya"", ""An""]}, {""rule_source"": ""azwADyAyI"", ""rule"": ""6.1.101"", ""result"": [""kOnteyA"", ""n""]}, {""rule_source"": ""azwADyAyI"", ""rule"": ""8.3.24"", ""result"": [""kOMteyA"", ""n""]}, {""rule_source"": ""azwADyAyI"", ""rule"": ""8.4.58"", ""result"": [""kOnteyA"", ""n""]}]}]"
kaunteya,"कौन्तेयः (Kaunteyaḥ), a son or descendant of Kuntī",taddhita_ledger.csv.gz,b829ae0a686f4e53566a,kOnteya,basic,Pum,trtiya,तृतीया,"the means, instrument, or accompaniment",eka,एकम्,kOnteyena,1,locally_regenerated,"[{""form_slp1"": ""kOnteyena"", ""steps"": [{""rule_source"": ""azwADyAyI"", ""rule"": ""1.2.45"", ""result"": [""kOnteya""]}, {""rule_source"": ""azwADyAyI"", ""rule"": ""4.1.2"", ""result"": [""kOnteya"", ""wA""]}, {""rule_source"": ""azwADyAyI"", ""rule"": ""1.3.7"", ""result"": [""kOnteya"", ""wA""]}, {""rule_source"": ""azwADyAyI"", ""rule"": ""1.3.9"", ""result"": [""kOnteya"", ""A""]}, {""rule_source"": ""azwADyAyI"", ""rule"": ""1.1.73"", ""result"": [""kOnteya"", ""A""]}, {""rule_source"": ""azwADyAyI"", ""rule"": ""1.1.73"", ""result"": [""kOnteya"", ""A""]}, {""rule_source"": ""azwADyAyI"", ""rule"": ""1.4.13"", ""result"": [""kOnteya"", ""A""]}, {""rule_source"": ""azwADyAyI"", ""rule"": ""7.1.12"", ""result"": [""kOnteya"", ""ina""]}, {""rule_source"": ""azwADyAyI"", ""rule"": ""1.4.18"", ""result"": [""kOnteya"", ""ina""]}, {""rule_source"": ""azwADyAyI"", ""rule"": ""1.4.14"", ""result"": [""kOnteya"", ""ina""]}, {""rule_source"": ""azwADyAyI"", ""rule"": ""6.1.87"", ""result"": [""kOntey"", ""ena""]}, {""rule_source"": ""azwADyAyI"", ""rule"": ""8.3.24"", ""result"": [""kOMtey"", ""ena""]}, {""rule_source"": ""azwADyAyI"", ""rule"": ""8.4.58"", ""result"": [""kOntey"", ""ena""]}, {""rule_source"": ""azwADyAyI"", ""rule"": ""8.4.68"", ""result"": [""kOntey"", ""ena""]}]}]"
kaunteya,"कौन्तेयः (Kaunteyaḥ), a son or descendant of Kuntī",taddhita_ledger.csv.gz,b829ae0a686f4e53566a,kOnteya,basic,Pum,trtiya,तृतीया,"the means, instrument, or accompaniment",dvi,द्वे,kOnteyAByAm,1,locally_regenerated,"[{""form_slp1"": ""kOnteyAByAm"", ""steps"": [{""rule_source"": ""azwADyAyI"", ""rule"": ""1.2.45"", ""result"": [""kOnteya""]}, {""rule_source"": ""azwADyAyI"", ""rule"": ""4.1.2"", ""result"": [""kOnteya"", ""ByAm""]}, {""rule_source"": ""azwADyAyI"", ""rule"": ""1.3.4"", ""result"": [""kOnteya"", ""ByAm""]}, {""rule_source"": ""azwADyAyI"", ""rule"": ""1.1.73"", ""result"": [""kOnteya"", ""ByAm""]}, {""rule_source"": ""azwADyAyI"", ""rule"": ""1.1.73"", ""result"": [""kOnteya"", ""ByAm""]}, {""rule_source"": ""azwADyAyI"", ""rule"": ""1.4.13"", ""result"": [""kOnteya"", ""ByAm""]}, {""rule_source"": ""azwADyAyI"", ""rule"": ""1.4.17"", ""result"": [""kOnteya"", ""ByAm""]}, {""rule_source"": ""azwADyAyI"", ""rule"": ""1.4.14"", ""result"": [""kOnteya"", ""ByAm""]}, {""rule_source"": ""azwADyAyI"", ""rule"": ""7.3.102"", ""result"": [""kOnteyA"", ""ByAm""]}, {""rule_source"": ""azwADyAyI"", ""rule"": ""8.3.24"", ""result"": [""kOMteyA"", ""ByAm""]}, {""rule_source"": ""azwADyAyI"", ""rule"": ""8.4.58"", ""result"": [""kOnteyA"", ""ByAm""]}]}]"
kaunteya,"कौन्तेयः (Kaunteyaḥ), a son or descendant of Kuntī",taddhita_ledger.csv.gz,b829ae0a686f4e53566a,kOnteya,basic,Pum,trtiya,तृतीया,"the means, instrument, or accompaniment",bahu,बहूनि,kOnteyEH,1,locally_regenerated,"[{""form_slp1"": ""kOnteyEH"", ""steps"": [{""rule_source"": ""azwADyAyI"", ""rule"": ""1.2.45"", ""result"": [""kOnteya""]}, {""rule_source"": ""azwADyAyI"", ""rule"": ""4.1.2"", ""result"": [""kOnteya"", ""Bis""]}, {""rule_source"": ""azwADyAyI"", ""rule"": ""1.3.4"", ""result"": [""kOnteya"", ""Bis""]}, {""rule_source"": ""azwADyAyI"", ""rule"": ""1.1.73"", ""result"": [""kOnteya"", ""Bis""]}, {""rule_source"": ""azwADyAyI"", ""rule"": ""1.1.73"", ""result"": [""kOnteya"", ""Bis""]}, {""rule_source"": ""azwADyAyI"", ""rule"": ""1.4.13"", ""result"": [""kOnteya"", ""Bis""]}, {""rule_source"": ""azwADyAyI"", ""rule"": ""7.1.9"", ""result"": [""kOnteya"", ""Es""]}, {""rule_source"": ""azwADyAyI"", ""rule"": ""1.4.18"", ""result"": [""kOnteya"", ""Es""]}, {""rule_source"": ""azwADyAyI"", ""rule"": ""1.4.14"", ""result"": [""kOnteya"", ""Es""]}, {""rule_source"": ""azwADyAyI"", ""rule"": ""6.1.88"", ""result"": [""kOntey"", ""Es""]}, {""rule_source"": ""azwADyAyI"", ""rule"": ""8.2.66"", ""result"": [""kOntey"", ""Eru~""]}, {""rule_source"": ""azwADyAyI"", ""rule"": ""1.3.2"", ""result"": [""kOntey"", ""Er""]}, {""rule_source"": ""azwADyAyI"", ""rule"": ""8.3.15"", ""result"": [""kOntey"", ""EH""]}, {""rule_source"": ""azwADyAyI"", ""rule"": ""8.3.24"", ""result"": [""kOMtey"", ""EH""]}, {""rule_source"": ""azwADyAyI"", ""rule"": ""8.4.58"", ""result"": [""kOntey"", ""EH""]}]}]"
kaunteya,"कौन्तेयः (Kaunteyaḥ), a son or descendant of Kuntī",taddhita_ledger.csv.gz,b829ae0a686f4e53566a,kOnteya,basic,Pum,caturthi,चतुर्थी,"the recipient, beneficiary, or purpose",eka,एकम्,kOnteyAya,1,locally_regenerated,"[{""form_slp1"": ""kOnteyAya"", ""steps"": [{""rule_source"": ""azwADyAyI"", ""rule"": ""1.2.45"", ""result"": [""kOnteya""]}, {""rule_source"": ""azwADyAyI"", ""rule"": ""4.1.2"", ""result"": [""kOnteya"", ""Ne""]}, {""rule_source"": ""azwADyAyI"", ""rule"": ""1.3.8"", ""result"": [""kOnteya"", ""Ne""]}, {""rule_source"": ""azwADyAyI"", ""rule"": ""1.3.9"", ""result"": [""kOnteya"", ""e""]}, {""rule_source"": ""azwADyAyI"", ""rule"": ""1.1.73"", ""result"": [""kOnteya"", ""e""]}, {""rule_source"": ""azwADyAyI"", ""rule"": ""1.1.73"", ""result"": [""kOnteya"", ""e""]}, {""rule_source"": ""azwADyAyI"", ""rule"": ""1.4.13"", ""result"": [""kOnteya"", ""e""]}, {""rule_source"": ""azwADyAyI"", ""rule"": ""7.1.13"", ""result"": [""kOnteya"", ""ya""]}, {""rule_source"": ""azwADyAyI"", ""rule"": ""1.4.18"", ""result"": [""kOnteya"", ""ya""]}, {""rule_source"": ""azwADyAyI"", ""rule"": ""1.4.14"", ""result"": [""kOnteya"", ""ya""]}, {""rule_source"": ""azwADyAyI"", ""rule"": ""7.3.102"", ""result"": [""kOnteyA"", ""ya""]}, {""rule_source"": ""azwADyAyI"", ""rule"": ""8.3.24"", ""result"": [""kOMteyA"", ""ya""]}, {""rule_source"": ""azwADyAyI"", ""rule"": ""8.4.58"", ""result"": [""kOnteyA"", ""ya""]}, {""rule_source"": ""azwADyAyI"", ""rule"": ""8.4.68"", ""result"": [""kOnteyA"", ""ya""]}]}]"
kaunteya,"कौन्तेयः (Kaunteyaḥ), a son or descendant of Kuntī",taddhita_ledger.csv.gz,b829ae0a686f4e53566a,kOnteya,basic,Pum,caturthi,चतुर्थी,"the recipient, beneficiary, or purpose",dvi,द्वे,kOnteyAByAm,1,locally_regenerated,"[{""form_slp1"": ""kOnteyAByAm"", ""steps"": [{""rule_source"": ""azwADyAyI"", ""rule"": ""1.2.45"", ""result"": [""kOnteya""]}, {""rule_source"": ""azwADyAyI"", ""rule"": ""4.1.2"", ""result"": [""kOnteya"", ""ByAm""]}, {""rule_source"": ""azwADyAyI"", ""rule"": ""1.3.4"", ""result"": [""kOnteya"", ""ByAm""]}, {""rule_source"": ""azwADyAyI"", ""rule"": ""1.1.73"", ""result"": [""kOnteya"", ""ByAm""]}, {""rule_source"": ""azwADyAyI"", ""rule"": ""1.1.73"", ""result"": [""kOnteya"", ""ByAm""]}, {""rule_source"": ""azwADyAyI"", ""rule"": ""1.4.13"", ""result"": [""kOnteya"", ""ByAm""]}, {""rule_source"": ""azwADyAyI"", ""rule"": ""1.4.17"", ""result"": [""kOnteya"", ""ByAm""]}, {""rule_source"": ""azwADyAyI"", ""rule"": ""1.4.14"", ""result"": [""kOnteya"", ""ByAm""]}, {""rule_source"": ""azwADyAyI"", ""rule"": ""7.3.102"", ""result"": [""kOnteyA"", ""ByAm""]}, {""rule_source"": ""azwADyAyI"", ""rule"": ""8.3.24"", ""result"": [""kOMteyA"", ""ByAm""]}, {""rule_source"": ""azwADyAyI"", ""rule"": ""8.4.58"", ""result"": [""kOnteyA"", ""ByAm""]}]}]"
kaunteya,"कौन्तेयः (Kaunteyaḥ), a son or descendant of Kuntī",taddhita_ledger.csv.gz,b829ae0a686f4e53566a,kOnteya,basic,Pum,caturthi,चतुर्थी,"the recipient, beneficiary, or purpose",bahu,बहूनि,kOnteyeByaH,1,locally_regenerated,"[{""form_slp1"": ""kOnteyeByaH"", ""steps"": [{""rule_source"": ""azwADyAyI"", ""rule"": ""1.2.45"", ""result"": [""kOnteya""]}, {""rule_source"": ""azwADyAyI"", ""rule"": ""4.1.2"", ""result"": [""kOnteya"", ""Byas""]}, {""rule_source"": ""azwADyAyI"", ""rule"": ""1.3.4"", ""result"": [""kOnteya"", ""Byas""]}, {""rule_source"": ""azwADyAyI"", ""rule"": ""1.1.73"", ""result"": [""kOnteya"", ""Byas""]}, {""rule_source"": ""azwADyAyI"", ""rule"": ""1.1.73"", ""result"": [""kOnteya"", ""Byas""]}, {""rule_source"": ""azwADyAyI"", ""rule"": ""1.4.13"", ""result"": [""kOnteya"", ""Byas""]}, {""rule_source"": ""azwADyAyI"", ""rule"": ""1.4.17"", ""result"": [""kOnteya"", ""Byas""]}, {""rule_source"": ""azwADyAyI"", ""rule"": ""1.4.14"", ""result"": [""kOnteya"", ""Byas""]}, {""rule_source"": ""azwADyAyI"", ""rule"": ""7.3.103"", ""result"": [""kOnteye"", ""Byas""]}, {""rule_source"": ""azwADyAyI"", ""rule"": ""8.2.66"", ""result"": [""kOnteye"", ""Byaru~""]}, {""rule_source"": ""azwADyAyI"", ""rule"": ""1.3.2"", ""result"": [""kOnteye"", ""Byar""]}, {""rule_source"": ""azwADyAyI"", ""rule"": ""8.3.15"", ""result"": [""kOnteye"", ""ByaH""]}, {""rule_source"": ""azwADyAyI"", ""rule"": ""8.3.24"", ""result"": [""kOMteye"", ""ByaH""]}, {""rule_source"": ""azwADyAyI"", ""rule"": ""8.4.58"", ""result"": [""kOnteye"", ""ByaH""]}, {""rule_source"": ""azwADyAyI"", ""rule"": ""8.4.68"", ""result"": [""kOnteye"", ""ByaH""]}]}]"
kaunteya,"कौन्तेयः (Kaunteyaḥ), a son or descendant of Kuntī",taddhita_ledger.csv.gz,b829ae0a686f4e53566a,kOnteya,basic,Pum,panchami,पञ्चमी,"the source, separation, or comparison point",eka,एकम्,kOnteyAd;kOnteyAt,2,locally_regenerated,"[{""form_slp1"": ""kOnteyAt"", ""steps"": [{""rule_source"": ""azwADyAyI"", ""rule"": ""1.2.45"", ""result"": [""kOnteya""]}, {""rule_source"": ""azwADyAyI"", ""rule"": ""4.1.2"", ""result"": [""kOnteya"", ""Nasi~""]}, {""rule_source"": ""azwADyAyI"", ""rule"": ""1.3.2"", ""result"": [""kOnteya"", ""Nasi~""]}, {""rule_source"": ""azwADyAyI"", ""rule"": ""1.3.8"", ""result"": [""kOnteya"", ""Nasi~""]}, {""rule_source"": ""azwADyAyI"", ""rule"": ""1.3.9"", ""result"": [""kOnteya"", ""as""]}, {""rule_source"": ""azwADyAyI"", ""rule"": ""1.1.73"", ""result"": [""kOnteya"", ""as""]}, {""rule_source"": ""azwADyAyI"", ""rule"": ""1.1.73"", ""result"": [""kOnteya"", ""as""]}, {""rule_source"": ""azwADyAyI"", ""rule"": ""1.4.13"", ""result"": [""kOnteya"", ""as""]}, {""rule_source"": ""azwADyAyI"", ""rule"": ""7.1.12"", ""result"": [""kOnteya"", ""At""]}, {""rule_source"": ""azwADyAyI"", ""rule"": ""1.4.18"", ""result"": [""kOnteya"", ""At""]}, {""rule_source"": ""azwADyAyI"", ""rule"": ""1.4.14"", ""result"": [""kOnteya"", ""At""]}, {""rule_source"": ""azwADyAyI"", ""rule"": ""6.1.101"", ""result"": [""kOnteyA"", ""t""]}, {""rule_source"": ""azwADyAyI"", ""rule"": ""8.2.39"", ""result"": [""kOnteyA"", ""d""]}, {""rule_source"": ""azwADyAyI"", ""rule"": ""8.3.24"", ""result"": [""kOMteyA"", ""d""]}, {""rule_source"": ""azwADyAyI"", ""rule"": ""8.4.56"", ""result"": [""kOMteyA"", ""t""]}, {""rule_source"": ""azwADyAyI"", ""rule"": ""8.4.58"", ""result"": [""kOnteyA"", ""t""]}]}, {""form_slp1"": ""kOnteyAd"", ""steps"": [{""rule_source"": ""azwADyAyI"", ""rule"": ""1.2.45"", ""result"": [""kOnteya""]}, {""rule_source"": ""azwADyAyI"", ""rule"": ""4.1.2"", ""result"": [""kOnteya"", ""Nasi~""]}, {""rule_source"": ""azwADyAyI"", ""rule"": ""1.3.2"", ""result"": [""kOnteya"", ""Nasi~""]}, {""rule_source"": ""azwADyAyI"", ""rule"": ""1.3.8"", ""result"": [""kOnteya"", ""Nasi~""]}, {""rule_source"": ""azwADyAyI"", ""rule"": ""1.3.9"", ""result"": [""kOnteya"", ""as""]}, {""rule_source"": ""azwADyAyI"", ""rule"": ""1.1.73"", ""result"": [""kOnteya"", ""as""]}, {""rule_source"": ""azwADyAyI"", ""rule"": ""1.1.73"", ""result"": [""kOnteya"", ""as""]}, {""rule_source"": ""azwADyAyI"", ""rule"": ""1.4.13"", ""result"": [""kOnteya"", ""as""]}, {""rule_source"": ""azwADyAyI"", ""rule"": ""7.1.12"", ""result"": [""kOnteya"", ""At""]}, {""rule_source"": ""azwADyAyI"", ""rule"": ""1.4.18"", ""result"": [""kOnteya"", ""At""]}, {""rule_source"": ""azwADyAyI"", ""rule"": ""1.4.14"", ""result"": [""kOnteya"", ""At""]}, {""rule_source"": ""azwADyAyI"", ""rule"": ""6.1.101"", ""result"": [""kOnteyA"", ""t""]}, {""rule_source"": ""azwADyAyI"", ""rule"": ""8.2.39"", ""result"": [""kOnteyA"", ""d""]}, {""rule_source"": ""azwADyAyI"", ""rule"": ""8.3.24"", ""result"": [""kOMteyA"", ""d""]}, {""rule_source"": ""azwADyAyI"", ""rule"": ""8.4.58"", ""result"": [""kOnteyA"", ""d""]}]}]"
kaunteya,"कौन्तेयः (Kaunteyaḥ), a son or descendant of Kuntī",taddhita_ledger.csv.gz,b829ae0a686f4e53566a,kOnteya,basic,Pum,panchami,पञ्चमी,"the source, separation, or comparison point",dvi,द्वे,kOnteyAByAm,1,locally_regenerated,"[{""form_slp1"": ""kOnteyAByAm"", ""steps"": [{""rule_source"": ""azwADyAyI"", ""rule"": ""1.2.45"", ""result"": [""kOnteya""]}, {""rule_source"": ""azwADyAyI"", ""rule"": ""4.1.2"", ""result"": [""kOnteya"", ""ByAm""]}, {""rule_source"": ""azwADyAyI"", ""rule"": ""1.3.4"", ""result"": [""kOnteya"", ""ByAm""]}, {""rule_source"": ""azwADyAyI"", ""rule"": ""1.1.73"", ""result"": [""kOnteya"", ""ByAm""]}, {""rule_source"": ""azwADyAyI"", ""rule"": ""1.1.73"", ""result"": [""kOnteya"", ""ByAm""]}, {""rule_source"": ""azwADyAyI"", ""rule"": ""1.4.13"", ""result"": [""kOnteya"", ""ByAm""]}, {""rule_source"": ""azwADyAyI"", ""rule"": ""1.4.17"", ""result"": [""kOnteya"", ""ByAm""]}, {""rule_source"": ""azwADyAyI"", ""rule"": ""1.4.14"", ""result"": [""kOnteya"", ""ByAm""]}, {""rule_source"": ""azwADyAyI"", ""rule"": ""7.3.102"", ""result"": [""kOnteyA"", ""ByAm""]}, {""rule_source"": ""azwADyAyI"", ""rule"": ""8.3.24"", ""result"": [""kOMteyA"", ""ByAm""]}, {""rule_source"": ""azwADyAyI"", ""rule"": ""8.4.58"", ""result"": [""kOnteyA"", ""ByAm""]}]}]"
kaunteya,"कौन्तेयः (Kaunteyaḥ), a son or descendant of Kuntī",taddhita_ledger.csv.gz,b829ae0a686f4e53566a,kOnteya,basic,Pum,panchami,पञ्चमी,"the source, separation, or comparison point",bahu,बहूनि,kOnteyeByaH,1,locally_regenerated,"[{""form_slp1"": ""kOnteyeByaH"", ""steps"": [{""rule_source"": ""azwADyAyI"", ""rule"": ""1.2.45"", ""result"": [""kOnteya""]}, {""rule_source"": ""azwADyAyI"", ""rule"": ""4.1.2"", ""result"": [""kOnteya"", ""Byas""]}, {""rule_source"": ""azwADyAyI"", ""rule"": ""1.3.4"", ""result"": [""kOnteya"", ""Byas""]}, {""rule_source"": ""azwADyAyI"", ""rule"": ""1.1.73"", ""result"": [""kOnteya"", ""Byas""]}, {""rule_source"": ""azwADyAyI"", ""rule"": ""1.1.73"", ""result"": [""kOnteya"", ""Byas""]}, {""rule_source"": ""azwADyAyI"", ""rule"": ""1.4.13"", ""result"": [""kOnteya"", ""Byas""]}, {""rule_source"": ""azwADyAyI"", ""rule"": ""1.4.17"", ""result"": [""kOnteya"", ""Byas""]}, {""rule_source"": ""azwADyAyI"", ""rule"": ""1.4.14"", ""result"": [""kOnteya"", ""Byas""]}, {""rule_source"": ""azwADyAyI"", ""rule"": ""7.3.103"", ""result"": [""kOnteye"", ""Byas""]}, {""rule_source"": ""azwADyAyI"", ""rule"": ""8.2.66"", ""result"": [""kOnteye"", ""Byaru~""]}, {""rule_source"": ""azwADyAyI"", ""rule"": ""1.3.2"", ""result"": [""kOnteye"", ""Byar""]}, {""rule_source"": ""azwADyAyI"", ""rule"": ""8.3.15"", ""result"": [""kOnteye"", ""ByaH""]}, {""rule_source"": ""azwADyAyI"", ""rule"": ""8.3.24"", ""result"": [""kOMteye"", ""ByaH""]}, {""rule_source"": ""azwADyAyI"", ""rule"": ""8.4.58"", ""result"": [""kOnteye"", ""ByaH""]}, {""rule_source"": ""azwADyAyI"", ""rule"": ""8.4.68"", ""result"": [""kOnteye"", ""ByaH""]}]}]"
kaunteya,"कौन्तेयः (Kaunteyaḥ), a son or descendant of Kuntī",taddhita_ledger.csv.gz,b829ae0a686f4e53566a,kOnteya,basic,Pum,sasthi,षष्ठी,"a relation, including possession",eka,एकम्,kOnteyasya,1,locally_regenerated,"[{""form_slp1"": ""kOnteyasya"", ""steps"": [{""rule_source"": ""azwADyAyI"", ""rule"": ""1.2.45"", ""result"": [""kOnteya""]}, {""rule_source"": ""azwADyAyI"", ""rule"": ""4.1.2"", ""result"": [""kOnteya"", ""Nas""]}, {""rule_source"": ""azwADyAyI"", ""rule"": ""1.3.4"", ""result"": [""kOnteya"", ""Nas""]}, {""rule_source"": ""azwADyAyI"", ""rule"": ""1.3.8"", ""result"": [""kOnteya"", ""Nas""]}, {""rule_source"": ""azwADyAyI"", ""rule"": ""1.3.9"", ""result"": [""kOnteya"", ""as""]}, {""rule_source"": ""azwADyAyI"", ""rule"": ""1.1.73"", ""result"": [""kOnteya"", ""as""]}, {""rule_source"": ""azwADyAyI"", ""rule"": ""1.1.73"", ""result"": [""kOnteya"", ""as""]}, {""rule_source"": ""azwADyAyI"", ""rule"": ""1.4.13"", ""result"": [""kOnteya"", ""as""]}, {""rule_source"": ""azwADyAyI"", ""rule"": ""7.1.12"", ""result"": [""kOnteya"", ""sya""]}, {""rule_source"": ""azwADyAyI"", ""rule"": ""1.4.17"", ""result"": [""kOnteya"", ""sya""]}, {""rule_source"": ""azwADyAyI"", ""rule"": ""1.4.14"", ""result"": [""kOnteya"", ""sya""]}, {""rule_source"": ""azwADyAyI"", ""rule"": ""8.3.24"", ""result"": [""kOMteya"", ""sya""]}, {""rule_source"": ""azwADyAyI"", ""rule"": ""8.4.58"", ""result"": [""kOnteya"", ""sya""]}, {""rule_source"": ""azwADyAyI"", ""rule"": ""8.4.68"", ""result"": [""kOnteya"", ""sya""]}]}]"
kaunteya,"कौन्तेयः (Kaunteyaḥ), a son or descendant of Kuntī",taddhita_ledger.csv.gz,b829ae0a686f4e53566a,kOnteya,basic,Pum,sasthi,षष्ठी,"a relation, including possession",dvi,द्वे,kOnteyayoH,1,locally_regenerated,"[{""form_slp1"": ""kOnteyayoH"", ""steps"": [{""rule_source"": ""azwADyAyI"", ""rule"": ""1.2.45"", ""result"": [""kOnteya""]}, {""rule_source"": ""azwADyAyI"", ""rule"": ""4.1.2"", ""result"": [""kOnteya"", ""os""]}, {""rule_source"": ""azwADyAyI"", ""rule"": ""1.3.4"", ""result"": [""kOnteya"", ""os""]}, {""rule_source"": ""azwADyAyI"", ""rule"": ""1.1.73"", ""result"": [""kOnteya"", ""os""]}, {""rule_source"": ""azwADyAyI"", ""rule"": ""1.1.73"", ""result"": [""kOnteya"", ""os""]}, {""rule_source"": ""azwADyAyI"", ""rule"": ""1.4.13"", ""result"": [""kOnteya"", ""os""]}, {""rule_source"": ""azwADyAyI"", ""rule"": ""1.4.18"", ""result"": [""kOnteya"", ""os""]}, {""rule_source"": ""azwADyAyI"", ""rule"": ""1.4.14"", ""result"": [""kOnteya"", ""os""]}, {""rule_source"": ""azwADyAyI"", ""rule"": ""7.3.104"", ""result"": [""kOnteye"", ""os""]}, {""rule_source"": ""azwADyAyI"", ""rule"": ""6.1.78"", ""result"": [""kOnteyay"", ""os""]}, {""rule_source"": ""azwADyAyI"", ""rule"": ""8.2.66"", ""result"": [""kOnteyay"", ""oru~""]}, {""rule_source"": ""azwADyAyI"", ""rule"": ""1.3.2"", ""result"": [""kOnteyay"", ""or""]}, {""rule_source"": ""azwADyAyI"", ""rule"": ""8.3.15"", ""result"": [""kOnteyay"", ""oH""]}, {""rule_source"": ""azwADyAyI"", ""rule"": ""8.3.24"", ""result"": [""kOMteyay"", ""oH""]}, {""rule_source"": ""azwADyAyI"", ""rule"": ""8.4.58"", ""result"": [""kOnteyay"", ""oH""]}, {""rule_source"": ""azwADyAyI"", ""rule"": ""8.4.68"", ""result"": [""kOnteyay"", ""oH""]}]}]"
kaunteya,"कौन्तेयः (Kaunteyaḥ), a son or descendant of Kuntī",taddhita_ledger.csv.gz,b829ae0a686f4e53566a,kOnteya,basic,Pum,sasthi,षष्ठी,"a relation, including possession",bahu,बहूनि,kOnteyAnAm,1,locally_regenerated,"[{""form_slp1"": ""kOnteyAnAm"", ""steps"": [{""rule_source"": ""azwADyAyI"", ""rule"": ""1.2.45"", ""result"": [""kOnteya""]}, {""rule_source"": ""azwADyAyI"", ""rule"": ""4.1.2"", ""result"": [""kOnteya"", ""Am""]}, {""rule_source"": ""azwADyAyI"", ""rule"": ""1.3.4"", ""result"": [""kOnteya"", ""Am""]}, {""rule_source"": ""azwADyAyI"", ""rule"": ""1.1.73"", ""result"": [""kOnteya"", ""Am""]}, {""rule_source"": ""azwADyAyI"", ""rule"": ""1.1.73"", ""result"": [""kOnteya"", ""Am""]}, {""rule_source"": ""azwADyAyI"", ""rule"": ""7.1.54"", ""result"": [""kOnteya"", ""nu~w"", ""Am""]}, {""rule_source"": ""azwADyAyI"", ""rule"": ""1.3.2"", ""result"": [""kOnteya"", ""nu~w"", ""Am""]}, {""rule_source"": ""azwADyAyI"", ""rule"": ""1.3.3"", ""result"": [""kOnteya"", ""nu~w"", ""Am""]}, {""rule_source"": ""azwADyAyI"", ""rule"": ""1.3.9"", ""result"": [""kOnteya"", ""n"", ""Am""]}, {""rule_source"": ""azwADyAyI"", ""rule"": ""1.4.13"", ""result"": [""kOnteya"", ""n"", ""Am""]}, {""rule_source"": ""azwADyAyI"", ""rule"": ""1.4.17"", ""result"": [""kOnteya"", ""n"", ""Am""]}, {""rule_source"": ""azwADyAyI"", ""rule"": ""1.4.14"", ""result"": [""kOnteya"", ""n"", ""Am""]}, {""rule_source"": ""azwADyAyI"", ""rule"": ""6.4.3"", ""result"": [""kOnteyA"", ""n"", ""Am""]}, {""rule_source"": ""azwADyAyI"", ""rule"": ""8.3.24"", ""result"": [""kOMteyA"", ""n"", ""Am""]}, {""rule_source"": ""azwADyAyI"", ""rule"": ""8.4.58"", ""result"": [""kOnteyA"", ""n"", ""Am""]}]}]"
kaunteya,"कौन्तेयः (Kaunteyaḥ), a son or descendant of Kuntī",taddhita_ledger.csv.gz,b829ae0a686f4e53566a,kOnteya,basic,Pum,saptami,सप्तमी,"the location, setting, or topic",eka,एकम्,kOnteye,1,locally_regenerated,"[{""form_slp1"": ""kOnteye"", ""steps"": [{""rule_source"": ""azwADyAyI"", ""rule"": ""1.2.45"", ""result"": [""kOnteya""]}, {""rule_source"": ""azwADyAyI"", ""rule"": ""4.1.2"", ""result"": [""kOnteya"", ""Ni""]}, {""rule_source"": ""azwADyAyI"", ""rule"": ""1.3.8"", ""result"": [""kOnteya"", ""Ni""]}, {""rule_source"": ""azwADyAyI"", ""rule"": ""1.3.9"", ""result"": [""kOnteya"", ""i""]}, {""rule_source"": ""azwADyAyI"", ""rule"": ""1.1.73"", ""result"": [""kOnteya"", ""i""]}, {""rule_source"": ""azwADyAyI"", ""rule"": ""1.1.73"", ""result"": [""kOnteya"", ""i""]}, {""rule_source"": ""azwADyAyI"", ""rule"": ""1.4.13"", ""result"": [""kOnteya"", ""i""]}, {""rule_source"": ""azwADyAyI"", ""rule"": ""1.4.18"", ""result"": [""kOnteya"", ""i""]}, {""rule_source"": ""azwADyAyI"", ""rule"": ""1.4.14"", ""result"": [""kOnteya"", ""i""]}, {""rule_source"": ""azwADyAyI"", ""rule"": ""6.1.87"", ""result"": [""kOntey"", ""e""]}, {""rule_source"": ""azwADyAyI"", ""rule"": ""8.3.24"", ""result"": [""kOMtey"", ""e""]}, {""rule_source"": ""azwADyAyI"", ""rule"": ""8.4.58"", ""result"": [""kOntey"", ""e""]}]}]"
kaunteya,"कौन्तेयः (Kaunteyaḥ), a son or descendant of Kuntī",taddhita_ledger.csv.gz,b829ae0a686f4e53566a,kOnteya,basic,Pum,saptami,सप्तमी,"the location, setting, or topic",dvi,द्वे,kOnteyayoH,1,locally_regenerated,"[{""form_slp1"": ""kOnteyayoH"", ""steps"": [{""rule_source"": ""azwADyAyI"", ""rule"": ""1.2.45"", ""result"": [""kOnteya""]}, {""rule_source"": ""azwADyAyI"", ""rule"": ""4.1.2"", ""result"": [""kOnteya"", ""os""]}, {""rule_source"": ""azwADyAyI"", ""rule"": ""1.3.4"", ""result"": [""kOnteya"", ""os""]}, {""rule_source"": ""azwADyAyI"", ""rule"": ""1.1.73"", ""result"": [""kOnteya"", ""os""]}, {""rule_source"": ""azwADyAyI"", ""rule"": ""1.1.73"", ""result"": [""kOnteya"", ""os""]}, {""rule_source"": ""azwADyAyI"", ""rule"": ""1.4.13"", ""result"": [""kOnteya"", ""os""]}, {""rule_source"": ""azwADyAyI"", ""rule"": ""1.4.18"", ""result"": [""kOnteya"", ""os""]}, {""rule_source"": ""azwADyAyI"", ""rule"": ""1.4.14"", ""result"": [""kOnteya"", ""os""]}, {""rule_source"": ""azwADyAyI"", ""rule"": ""7.3.104"", ""result"": [""kOnteye"", ""os""]}, {""rule_source"": ""azwADyAyI"", ""rule"": ""6.1.78"", ""result"": [""kOnteyay"", ""os""]}, {""rule_source"": ""azwADyAyI"", ""rule"": ""8.2.66"", ""result"": [""kOnteyay"", ""oru~""]}, {""rule_source"": ""azwADyAyI"", ""rule"": ""1.3.2"", ""result"": [""kOnteyay"", ""or""]}, {""rule_source"": ""azwADyAyI"", ""rule"": ""8.3.15"", ""result"": [""kOnteyay"", ""oH""]}, {""rule_source"": ""azwADyAyI"", ""rule"": ""8.3.24"", ""result"": [""kOMteyay"", ""oH""]}, {""rule_source"": ""azwADyAyI"", ""rule"": ""8.4.58"", ""result"": [""kOnteyay"", ""oH""]}, {""rule_source"": ""azwADyAyI"", ""rule"": ""8.4.68"", ""result"": [""kOnteyay"", ""oH""]}]}]"
kaunteya,"कौन्तेयः (Kaunteyaḥ), a son or descendant of Kuntī",taddhita_ledger.csv.gz,b829ae0a686f4e53566a,kOnteya,basic,Pum,saptami,सप्तमी,"the location, setting, or topic",bahu,बहूनि,kOnteyezu,1,locally_regenerated,"[{""form_slp1"": ""kOnteyezu"", ""steps"": [{""rule_source"": ""azwADyAyI"", ""rule"": ""1.2.45"", ""result"": [""kOnteya""]}, {""rule_source"": ""azwADyAyI"", ""rule"": ""4.1.2"", ""result"": [""kOnteya"", ""sup""]}, {""rule_source"": ""azwADyAyI"", ""rule"": ""1.3.3"", ""result"": [""kOnteya"", ""sup""]}, {""rule_source"": ""azwADyAyI"", ""rule"": ""1.3.9"", ""result"": [""kOnteya"", ""su""]}, {""rule_source"": ""azwADyAyI"", ""rule"": ""1.1.73"", ""result"": [""kOnteya"", ""su""]}, {""rule_source"": ""azwADyAyI"", ""rule"": ""1.1.73"", ""result"": [""kOnteya"", ""su""]}, {""rule_source"": ""azwADyAyI"", ""rule"": ""1.4.13"", ""result"": [""kOnteya"", ""su""]}, {""rule_source"": ""azwADyAyI"", ""rule"": ""1.4.17"", ""result"": [""kOnteya"", ""su""]}, {""rule_source"": ""azwADyAyI"", ""rule"": ""1.4.14"", ""result"": [""kOnteya"", ""su""]}, {""rule_source"": ""azwADyAyI"", ""rule"": ""7.3.103"", ""result"": [""kOnteye"", ""su""]}, {""rule_source"": ""azwADyAyI"", ""rule"": ""8.3.24"", ""result"": [""kOMteye"", ""su""]}, {""rule_source"": ""azwADyAyI"", ""rule"": ""8.3.59"", ""result"": [""kOMteye"", ""zu""]}, {""rule_source"": ""azwADyAyI"", ""rule"": ""8.4.58"", ""result"": [""kOnteye"", ""zu""]}]}]"
kaunteya,"कौन्तेयः (Kaunteyaḥ), a son or descendant of Kuntī",taddhita_ledger.csv.gz,b829ae0a686f4e53566a,kOnteya,basic,Pum,sambodhana,सम्बोधनम्,direct address,eka,एकम्,kOnteya,1,locally_regenerated,"[{""form_slp1"": ""kOnteya"", ""steps"": [{""rule_source"": ""azwADyAyI"", ""rule"": ""1.2.45"", ""result"": [""kOnteya""]}, {""rule_source"": ""azwADyAyI"", ""rule"": ""4.1.2"", ""result"": [""kOnteya"", ""su~""]}, {""rule_source"": ""azwADyAyI"", ""rule"": ""1.3.2"", ""result"": [""kOnteya"", ""su~""]}, {""rule_source"": ""azwADyAyI"", ""rule"": ""1.3.9"", ""result"": [""kOnteya"", ""s""]}, {""rule_source"": ""azwADyAyI"", ""rule"": ""1.1.73"", ""result"": [""kOnteya"", ""s""]}, {""rule_source"": ""azwADyAyI"", ""rule"": ""2.3.48"", ""result"": [""kOnteya"", ""s""]}, {""rule_source"": ""azwADyAyI"", ""rule"": ""2.3.49"", ""result"": [""kOnteya"", ""s""]}, {""rule_source"": ""azwADyAyI"", ""rule"": ""1.1.43"", ""result"": [""kOnteya"", ""s""]}, {""rule_source"": ""azwADyAyI"", ""rule"": ""1.1.73"", ""result"": [""kOnteya"", ""s""]}, {""rule_source"": ""azwADyAyI"", ""rule"": ""2.3.48"", ""result"": [""kOnteya"", ""s""]}, {""rule_source"": ""azwADyAyI"", ""rule"": ""2.3.49"", ""result"": [""kOnteya"", ""s""]}, {""rule_source"": ""azwADyAyI"", ""rule"": ""1.1.43"", ""result"": [""kOnteya"", ""s""]}, {""rule_source"": ""azwADyAyI"", ""rule"": ""1.4.13"", ""result"": [""kOnteya"", ""s""]}, {""rule_source"": ""azwADyAyI"", ""rule"": ""1.4.14"", ""result"": [""kOnteya"", ""s""]}, {""rule_source"": ""azwADyAyI"", ""rule"": ""6.1.69"", ""result"": [""kOnteya"", """"]}, {""rule_source"": ""azwADyAyI"", ""rule"": ""8.3.24"", ""result"": [""kOMteya"", """"]}, {""rule_source"": ""azwADyAyI"", ""rule"": ""8.4.58"", ""result"": [""kOnteya"", """"]}, {""rule_source"": ""azwADyAyI"", ""rule"": ""8.4.68"", ""result"": [""kOnteya"", """"]}]}]"
kaunteya,"कौन्तेयः (Kaunteyaḥ), a son or descendant of Kuntī",taddhita_ledger.csv.gz,b829ae0a686f4e53566a,kOnteya,basic,Pum,sambodhana,सम्बोधनम्,direct address,dvi,द्वे,kOnteyO,1,locally_regenerated,"[{""form_slp1"": ""kOnteyO"", ""steps"": [{""rule_source"": ""azwADyAyI"", ""rule"": ""1.2.45"", ""result"": [""kOnteya""]}, {""rule_source"": ""azwADyAyI"", ""rule"": ""4.1.2"", ""result"": [""kOnteya"", ""O""]}, {""rule_source"": ""azwADyAyI"", ""rule"": ""1.1.73"", ""result"": [""kOnteya"", ""O""]}, {""rule_source"": ""azwADyAyI"", ""rule"": ""2.3.48"", ""result"": [""kOnteya"", ""O""]}, {""rule_source"": ""azwADyAyI"", ""rule"": ""1.1.43"", ""result"": [""kOnteya"", ""O""]}, {""rule_source"": ""azwADyAyI"", ""rule"": ""1.1.73"", ""result"": [""kOnteya"", ""O""]}, {""rule_source"": ""azwADyAyI"", ""rule"": ""2.3.48"", ""result"": [""kOnteya"", ""O""]}, {""rule_source"": ""azwADyAyI"", ""rule"": ""1.1.43"", ""result"": [""kOnteya"", ""O""]}, {""rule_source"": ""azwADyAyI"", ""rule"": ""1.4.13"", ""result"": [""kOnteya"", ""O""]}, {""rule_source"": ""azwADyAyI"", ""rule"": ""1.4.14"", ""result"": [""kOnteya"", ""O""]}, {""rule_source"": ""azwADyAyI"", ""rule"": ""6.1.104"", ""result"": [""kOnteya"", ""O""]}, {""rule_source"": ""azwADyAyI"", ""rule"": ""6.1.88"", ""result"": [""kOntey"", ""O""]}, {""rule_source"": ""azwADyAyI"", ""rule"": ""8.3.24"", ""result"": [""kOMtey"", ""O""]}, {""rule_source"": ""azwADyAyI"", ""rule"": ""8.4.58"", ""result"": [""kOntey"", ""O""]}]}]"
kaunteya,"कौन्तेयः (Kaunteyaḥ), a son or descendant of Kuntī",taddhita_ledger.csv.gz,b829ae0a686f4e53566a,kOnteya,basic,Pum,sambodhana,सम्बोधनम्,direct address,bahu,बहूनि,kOnteyAH,1,locally_regenerated,"[{""form_slp1"": ""kOnteyAH"", ""steps"": [{""rule_source"": ""azwADyAyI"", ""rule"": ""1.2.45"", ""result"": [""kOnteya""]}, {""rule_source"": ""azwADyAyI"", ""rule"": ""4.1.2"", ""result"": [""kOnteya"", ""jas""]}, {""rule_source"": ""azwADyAyI"", ""rule"": ""1.3.4"", ""result"": [""kOnteya"", ""jas""]}, {""rule_source"": ""azwADyAyI"", ""rule"": ""1.3.7"", ""result"": [""kOnteya"", ""jas""]}, {""rule_source"": ""azwADyAyI"", ""rule"": ""1.3.9"", ""result"": [""kOnteya"", ""as""]}, {""rule_source"": ""azwADyAyI"", ""rule"": ""1.1.73"", ""result"": [""kOnteya"", ""as""]}, {""rule_source"": ""azwADyAyI"", ""rule"": ""2.3.48"", ""result"": [""kOnteya"", ""as""]}, {""rule_source"": ""azwADyAyI"", ""rule"": ""1.1.43"", ""result"": [""kOnteya"", ""as""]}, {""rule_source"": ""azwADyAyI"", ""rule"": ""1.1.73"", ""result"": [""kOnteya"", ""as""]}, {""rule_source"": ""azwADyAyI"", ""rule"": ""2.3.48"", ""result"": [""kOnteya"", ""as""]}, {""rule_source"": ""azwADyAyI"", ""rule"": ""1.1.43"", ""result"": [""kOnteya"", ""as""]}, {""rule_source"": ""azwADyAyI"", ""rule"": ""1.4.13"", ""result"": [""kOnteya"", ""as""]}, {""rule_source"": ""azwADyAyI"", ""rule"": ""1.4.14"", ""result"": [""kOnteya"", ""as""]}, {""rule_source"": ""azwADyAyI"", ""rule"": ""6.1.102"", ""result"": [""kOnteya"", ""As""]}, {""rule_source"": ""azwADyAyI"", ""rule"": ""6.1.101"", ""result"": [""kOnteyA"", ""s""]}, {""rule_source"": ""azwADyAyI"", ""rule"": ""8.2.66"", ""result"": [""kOnteyA"", ""ru~""]}, {""rule_source"": ""azwADyAyI"", ""rule"": ""1.3.2"", ""result"": [""kOnteyA"", ""r""]}, {""rule_source"": ""azwADyAyI"", ""rule"": ""8.3.15"", ""result"": [""kOnteyA"", ""H""]}, {""rule_source"": ""azwADyAyI"", ""rule"": ""8.3.24"", ""result"": [""kOMteyA"", ""H""]}, {""rule_source"": ""azwADyAyI"", ""rule"": ""8.4.58"", ""result"": [""kOnteyA"", ""H""]}]}]"
kartri,"कर्त्री (kartrī), female doer",stri_generalization_ledger.csv.gz,14e1dfa2790306ebe3bb,kartrI,nyap,Stri,prathama,प्रथमा,naming or identifying the participant,eka,एकम्,kartrI,1,locally_regenerated,"[{""form_slp1"": ""kartrI"", ""steps"": [{""rule_source"": ""azwADyAyI"", ""rule"": ""1.2.45"", ""result"": [""kartrI"", """"]}, {""rule_source"": ""azwADyAyI"", ""rule"": ""4.1.2"", ""result"": [""kartrI"", """", ""su~""]}, {""rule_source"": ""azwADyAyI"", ""rule"": ""1.3.2"", ""result"": [""kartrI"", """", ""su~""]}, {""rule_source"": ""azwADyAyI"", ""rule"": ""1.3.9"", ""result"": [""kartrI"", """", ""s""]}, {""rule_source"": ""azwADyAyI"", ""rule"": ""1.4.3"", ""result"": [""kartrI"", """", ""s""]}, {""rule_source"": ""azwADyAyI"", ""rule"": ""1.1.43"", ""result"": [""kartrI"", """", ""s""]}, {""rule_source"": ""azwADyAyI"", ""rule"": ""1.4.3"", ""result"": [""kartrI"", """", ""s""]}, {""rule_source"": ""azwADyAyI"", ""rule"": ""1.1.43"", ""result"": [""kartrI"", """", ""s""]}, {""rule_source"": ""azwADyAyI"", ""rule"": ""1.4.13"", ""result"": [""kartrI"", """", ""s""]}, {""rule_source"": ""azwADyAyI"", ""rule"": ""1.4.14"", ""result"": [""kartrI"", """", ""s""]}, {""rule_source"": ""azwADyAyI"", ""rule"": ""6.1.68"", ""result"": [""kartrI"", """", """"]}, {""rule_source"": ""azwADyAyI"", ""rule"": ""8.4.68"", ""result"": [""kartrI"", """", """"]}]}]"
kartri,"कर्त्री (kartrī), female doer",stri_generalization_ledger.csv.gz,14e1dfa2790306ebe3bb,kartrI,nyap,Stri,prathama,प्रथमा,naming or identifying the participant,dvi,द्वे,kartryO,1,locally_regenerated,"[{""form_slp1"": ""kartryO"", ""steps"": [{""rule_source"": ""azwADyAyI"", ""rule"": ""1.2.45"", ""result"": [""kartrI"", """"]}, {""rule_source"": ""azwADyAyI"", ""rule"": ""4.1.2"", ""result"": [""kartrI"", """", ""O""]}, {""rule_source"": ""azwADyAyI"", ""rule"": ""1.4.3"", ""result"": [""kartrI"", """", ""O""]}, {""rule_source"": ""azwADyAyI"", ""rule"": ""1.1.43"", ""result"": [""kartrI"", """", ""O""]}, {""rule_source"": ""azwADyAyI"", ""rule"": ""1.4.3"", ""result"": [""kartrI"", """", ""O""]}, {""rule_source"": ""azwADyAyI"", ""rule"": ""1.1.43"", ""result"": [""kartrI"", """", ""O""]}, {""rule_source"": ""azwADyAyI"", ""rule"": ""1.4.13"", ""result"": [""kartrI"", """", ""O""]}, {""rule_source"": ""azwADyAyI"", ""rule"": ""1.4.14"", ""result"": [""kartrI"", """", ""O""]}, {""rule_source"": ""azwADyAyI"", ""rule"": ""6.1.105"", ""result"": [""kartrI"", """", ""O""]}, {""rule_source"": ""azwADyAyI"", ""rule"": ""6.1.77"", ""result"": [""kartry"", """", ""O""]}, {""rule_source"": ""azwADyAyI"", ""rule"": ""8.4.68"", ""result"": [""kartry"", """", ""O""]}]}]"
kartri,"कर्त्री (kartrī), female doer",stri_generalization_ledger.csv.gz,14e1dfa2790306ebe3bb,kartrI,nyap,Stri,prathama,प्रथमा,naming or identifying the participant,bahu,बहूनि,kartryaH,1,locally_regenerated,"[{""form_slp1"": ""kartryaH"", ""steps"": [{""rule_source"": ""azwADyAyI"", ""rule"": ""1.2.45"", ""result"": [""kartrI"", """"]}, {""rule_source"": ""azwADyAyI"", ""rule"": ""4.1.2"", ""result"": [""kartrI"", """", ""jas""]}, {""rule_source"": ""azwADyAyI"", ""rule"": ""1.3.4"", ""result"": [""kartrI"", """", ""jas""]}, {""rule_source"": ""azwADyAyI"", ""rule"": ""1.3.7"", ""result"": [""kartrI"", """", ""jas""]}, {""rule_source"": ""azwADyAyI"", ""rule"": ""1.3.9"", ""result"": [""kartrI"", """", ""as""]}, {""rule_source"": ""azwADyAyI"", ""rule"": ""1.4.3"", ""result"": [""kartrI"", """", ""as""]}, {""rule_source"": ""azwADyAyI"", ""rule"": ""1.1.43"", ""result"": [""kartrI"", """", ""as""]}, {""rule_source"": ""azwADyAyI"", ""rule"": ""1.4.3"", ""result"": [""kartrI"", """", ""as""]}, {""rule_source"": ""azwADyAyI"", ""rule"": ""1.1.43"", ""result"": [""kartrI"", """", ""as""]}, {""rule_source"": ""azwADyAyI"", ""rule"": ""1.4.13"", ""result"": [""kartrI"", """", ""as""]}, {""rule_source"": ""azwADyAyI"", ""rule"": ""1.4.14"", ""result"": [""kartrI"", """", ""as""]}, {""rule_source"": ""azwADyAyI"", ""rule"": ""6.1.105"", ""result"": [""kartrI"", """", ""as""]}, {""rule_source"": ""azwADyAyI"", ""rule"": ""6.1.77"", ""result"": [""kartry"", """", ""as""]}, {""rule_source"": ""azwADyAyI"", ""rule"": ""8.2.66"", ""result"": [""kartry"", """", ""aru~""]}, {""rule_source"": ""azwADyAyI"", ""rule"": ""1.3.2"", ""result"": [""kartry"", """", ""ar""]}, {""rule_source"": ""azwADyAyI"", ""rule"": ""8.3.15"", ""result"": [""kartry"", """", ""aH""]}, {""rule_source"": ""azwADyAyI"", ""rule"": ""8.4.68"", ""result"": [""kartry"", """", ""aH""]}]}]"
kartri,"कर्त्री (kartrī), female doer",stri_generalization_ledger.csv.gz,14e1dfa2790306ebe3bb,kartrI,nyap,Stri,dvitiya,द्वितीया,"the object, extent, or destination",eka,एकम्,kartrIm,1,locally_regenerated,"[{""form_slp1"": ""kartrIm"", ""steps"": [{""rule_source"": ""azwADyAyI"", ""rule"": ""1.2.45"", ""result"": [""kartrI"", """"]}, {""rule_source"": ""azwADyAyI"", ""rule"": ""4.1.2"", ""result"": [""kartrI"", """", ""am""]}, {""rule_source"": ""azwADyAyI"", ""rule"": ""1.3.4"", ""result"": [""kartrI"", """", ""am""]}, {""rule_source"": ""azwADyAyI"", ""rule"": ""1.4.3"", ""result"": [""kartrI"", """", ""am""]}, {""rule_source"": ""azwADyAyI"", ""rule"": ""1.1.43"", ""result"": [""kartrI"", """", ""am""]}, {""rule_source"": ""azwADyAyI"", ""rule"": ""1.4.3"", ""result"": [""kartrI"", """", ""am""]}, {""rule_source"": ""azwADyAyI"", ""rule"": ""1.1.43"", ""result"": [""kartrI"", """", ""am""]}, {""rule_source"": ""azwADyAyI"", ""rule"": ""1.4.13"", ""result"": [""kartrI"", """", ""am""]}, {""rule_source"": ""azwADyAyI"", ""rule"": ""1.4.14"", ""result"": [""kartrI"", """", ""am""]}, {""rule_source"": ""azwADyAyI"", ""rule"": ""6.1.107"", ""result"": [""kartrI"", """", ""m""]}, {""rule_source"": ""azwADyAyI"", ""rule"": ""8.4.68"", ""result"": [""kartrI"", """", ""m""]}]}]"
kartri,"कर्त्री (kartrī), female doer",stri_generalization_ledger.csv.gz,14e1dfa2790306ebe3bb,kartrI,nyap,Stri,dvitiya,द्वितीया,"the object, extent, or destination",dvi,द्वे,kartryO,1,locally_regenerated,"[{""form_slp1"": ""kartryO"", ""steps"": [{""rule_source"": ""azwADyAyI"", ""rule"": ""1.2.45"", ""result"": [""kartrI"", """"]}, {""rule_source"": ""azwADyAyI"", ""rule"": ""4.1.2"", ""result"": [""kartrI"", """", ""Ow""]}, {""rule_source"": ""azwADyAyI"", ""rule"": ""1.3.3"", ""result"": [""kartrI"", """", ""Ow""]}, {""rule_source"": ""azwADyAyI"", ""rule"": ""1.3.9"", ""result"": [""kartrI"", """", ""O""]}, {""rule_source"": ""azwADyAyI"", ""rule"": ""1.4.3"", ""result"": [""kartrI"", """", ""O""]}, {""rule_source"": ""azwADyAyI"", ""rule"": ""1.1.43"", ""result"": [""kartrI"", """", ""O""]}, {""rule_source"": ""azwADyAyI"", ""rule"": ""1.4.3"", ""result"": [""kartrI"", """", ""O""]}, {""rule_source"": ""azwADyAyI"", ""rule"": ""1.1.43"", ""result"": [""kartrI"", """", ""O""]}, {""rule_source"": ""azwADyAyI"", ""rule"": ""1.4.13"", ""result"": [""kartrI"", """", ""O""]}, {""rule_source"": ""azwADyAyI"", ""rule"": ""1.4.14"", ""result"": [""kartrI"", """", ""O""]}, {""rule_source"": ""azwADyAyI"", ""rule"": ""6.1.105"", ""result"": [""kartrI"", """", ""O""]}, {""rule_source"": ""azwADyAyI"", ""rule"": ""6.1.77"", ""result"": [""kartry"", """", ""O""]}, {""rule_source"": ""azwADyAyI"", ""rule"": ""8.4.68"", ""result"": [""kartry"", """", ""O""]}]}]"
kartri,"कर्त्री (kartrī), female doer",stri_generalization_ledger.csv.gz,14e1dfa2790306ebe3bb,kartrI,nyap,Stri,dvitiya,द्वितीया,"the object, extent, or destination",bahu,बहूनि,kartrIH,1,locally_regenerated,"[{""form_slp1"": ""kartrIH"", ""steps"": [{""rule_source"": ""azwADyAyI"", ""rule"": ""1.2.45"", ""result"": [""kartrI"", """"]}, {""rule_source"": ""azwADyAyI"", ""rule"": ""4.1.2"", ""result"": [""kartrI"", """", ""Sas""]}, {""rule_source"": ""azwADyAyI"", ""rule"": ""1.3.4"", ""result"": [""kartrI"", """", ""Sas""]}, {""rule_source"": ""azwADyAyI"", ""rule"": ""1.3.8"", ""result"": [""kartrI"", """", ""Sas""]}, {""rule_source"": ""azwADyAyI"", ""rule"": ""1.3.9"", ""result"": [""kartrI"", """", ""as""]}, {""rule_source"": ""azwADyAyI"", ""rule"": ""1.4.3"", ""result"": [""kartrI"", """", ""as""]}, {""rule_source"": ""azwADyAyI"", ""rule"": ""1.4.3"", ""result"": [""kartrI"", """", ""as""]}, {""rule_source"": ""azwADyAyI"", ""rule"": ""1.4.13"", ""result"": [""kartrI"", """", ""as""]}, {""rule_source"": ""azwADyAyI"", ""rule"": ""1.4.18"", ""result"": [""kartrI"", """", ""as""]}, {""rule_source"": ""azwADyAyI"", ""rule"": ""1.4.14"", ""result"": [""kartrI"", """", ""as""]}, {""rule_source"": ""azwADyAyI"", ""rule"": ""6.1.102"", ""result"": [""kartrI"", """", ""Is""]}, {""rule_source"": ""azwADyAyI"", ""rule"": ""6.1.101"", ""result"": [""kartrI"", """", ""s""]}, {""rule_source"": ""azwADyAyI"", ""rule"": ""8.2.66"", ""result"": [""kartrI"", """", ""ru~""]}, {""rule_source"": ""azwADyAyI"", ""rule"": ""1.3.2"", ""result"": [""kartrI"", """", ""r""]}, {""rule_source"": ""azwADyAyI"", ""rule"": ""8.3.15"", ""result"": [""kartrI"", """", ""H""]}, {""rule_source"": ""azwADyAyI"", ""rule"": ""8.4.68"", ""result"": [""kartrI"", """", ""H""]}]}]"
kartri,"कर्त्री (kartrī), female doer",stri_generalization_ledger.csv.gz,14e1dfa2790306ebe3bb,kartrI,nyap,Stri,trtiya,तृतीया,"the means, instrument, or accompaniment",eka,एकम्,kartryA,1,locally_regenerated,"[{""form_slp1"": ""kartryA"", ""steps"": [{""rule_source"": ""azwADyAyI"", ""rule"": ""1.2.45"", ""result"": [""kartrI"", """"]}, {""rule_source"": ""azwADyAyI"", ""rule"": ""4.1.2"", ""result"": [""kartrI"", """", ""wA""]}, {""rule_source"": ""azwADyAyI"", ""rule"": ""1.3.7"", ""result"": [""kartrI"", """", ""wA""]}, {""rule_source"": ""azwADyAyI"", ""rule"": ""1.3.9"", ""result"": [""kartrI"", """", ""A""]}, {""rule_source"": ""azwADyAyI"", ""rule"": ""1.4.3"", ""result"": [""kartrI"", """", ""A""]}, {""rule_source"": ""azwADyAyI"", ""rule"": ""1.4.3"", ""result"": [""kartrI"", """", ""A""]}, {""rule_source"": ""azwADyAyI"", ""rule"": ""1.4.13"", ""result"": [""kartrI"", """", ""A""]}, {""rule_source"": ""azwADyAyI"", ""rule"": ""1.4.18"", ""result"": [""kartrI"", """", ""A""]}, {""rule_source"": ""azwADyAyI"", ""rule"": ""1.4.14"", ""result"": [""kartrI"", """", ""A""]}, {""rule_source"": ""azwADyAyI"", ""rule"": ""6.1.77"", ""result"": [""kartry"", """", ""A""]}, {""rule_source"": ""azwADyAyI"", ""rule"": ""8.4.68"", ""result"": [""kartry"", """", ""A""]}]}]"
kartri,"कर्त्री (kartrī), female doer",stri_generalization_ledger.csv.gz,14e1dfa2790306ebe3bb,kartrI,nyap,Stri,trtiya,तृतीया,"the means, instrument, or accompaniment",dvi,द्वे,kartrIByAm,1,locally_regenerated,"[{""form_slp1"": ""kartrIByAm"", ""steps"": [{""rule_source"": ""azwADyAyI"", ""rule"": ""1.2.45"", ""result"": [""kartrI"", """"]}, {""rule_source"": ""azwADyAyI"", ""rule"": ""4.1.2"", ""result"": [""kartrI"", """", ""ByAm""]}, {""rule_source"": ""azwADyAyI"", ""rule"": ""1.3.4"", ""result"": [""kartrI"", """", ""ByAm""]}, {""rule_source"": ""azwADyAyI"", ""rule"": ""1.4.3"", ""result"": [""kartrI"", """", ""ByAm""]}, {""rule_source"": ""azwADyAyI"", ""rule"": ""1.4.3"", ""result"": [""kartrI"", """", ""ByAm""]}, {""rule_source"": ""azwADyAyI"", ""rule"": ""1.4.13"", ""result"": [""kartrI"", """", ""ByAm""]}, {""rule_source"": ""azwADyAyI"", ""rule"": ""1.4.17"", ""result"": [""kartrI"", """", ""ByAm""]}, {""rule_source"": ""azwADyAyI"", ""rule"": ""1.4.14"", ""result"": [""kartrI"", """", ""ByAm""]}, {""rule_source"": ""azwADyAyI"", ""rule"": ""8.4.68"", ""result"": [""kartrI"", """", ""ByAm""]}]}]"
kartri,"कर्त्री (kartrī), female doer",stri_generalization_ledger.csv.gz,14e1dfa2790306ebe3bb,kartrI,nyap,Stri,trtiya,तृतीया,"the means, instrument, or accompaniment",bahu,बहूनि,kartrIBiH,1,locally_regenerated,"[{""form_slp1"": ""kartrIBiH"", ""steps"": [{""rule_source"": ""azwADyAyI"", ""rule"": ""1.2.45"", ""result"": [""kartrI"", """"]}, {""rule_source"": ""azwADyAyI"", ""rule"": ""4.1.2"", ""result"": [""kartrI"", """", ""Bis""]}, {""rule_source"": ""azwADyAyI"", ""rule"": ""1.3.4"", ""result"": [""kartrI"", """", ""Bis""]}, {""rule_source"": ""azwADyAyI"", ""rule"": ""1.4.3"", ""result"": [""kartrI"", """", ""Bis""]}, {""rule_source"": ""azwADyAyI"", ""rule"": ""1.4.3"", ""result"": [""kartrI"", """", ""Bis""]}, {""rule_source"": ""azwADyAyI"", ""rule"": ""1.4.13"", ""result"": [""kartrI"", """", ""Bis""]}, {""rule_source"": ""azwADyAyI"", ""rule"": ""1.4.17"", ""result"": [""kartrI"", """", ""Bis""]}, {""rule_source"": ""azwADyAyI"", ""rule"": ""1.4.14"", ""result"": [""kartrI"", """", ""Bis""]}, {""rule_source"": ""azwADyAyI"", ""rule"": ""8.2.66"", ""result"": [""kartrI"", """", ""Biru~""]}, {""rule_source"": ""azwADyAyI"", ""rule"": ""1.3.2"", ""result"": [""kartrI"", """", ""Bir""]}, {""rule_source"": ""azwADyAyI"", ""rule"": ""8.3.15"", ""result"": [""kartrI"", """", ""BiH""]}, {""rule_source"": ""azwADyAyI"", ""rule"": ""8.4.68"", ""result"": [""kartrI"", """", ""BiH""]}]}]"
kartri,"कर्त्री (kartrī), female doer",stri_generalization_ledger.csv.gz,14e1dfa2790306ebe3bb,kartrI,nyap,Stri,caturthi,चतुर्थी,"the recipient, beneficiary, or purpose",eka,एकम्,kartryE,1,locally_regenerated,"[{""form_slp1"": ""kartryE"", ""steps"": [{""rule_source"": ""azwADyAyI"", ""rule"": ""1.2.45"", ""result"": [""kartrI"", """"]}, {""rule_source"": ""azwADyAyI"", ""rule"": ""4.1.2"", ""result"": [""kartrI"", """", ""Ne""]}, {""rule_source"": ""azwADyAyI"", ""rule"": ""1.3.8"", ""result"": [""kartrI"", """", ""Ne""]}, {""rule_source"": ""azwADyAyI"", ""rule"": ""1.3.9"", ""result"": [""kartrI"", """", ""e""]}, {""rule_source"": ""azwADyAyI"", ""rule"": ""1.4.3"", ""result"": [""kartrI"", """", ""e""]}, {""rule_source"": ""azwADyAyI"", ""rule"": ""1.4.3"", ""result"": [""kartrI"", """", ""e""]}, {""rule_source"": ""azwADyAyI"", ""rule"": ""1.4.13"", ""result"": [""kartrI"", """", ""e""]}, {""rule_source"": ""azwADyAyI"", ""rule"": ""1.4.18"", ""result"": [""kartrI"", """", ""e""]}, {""rule_source"": ""azwADyAyI"", ""rule"": ""1.4.14"", ""result"": [""kartrI"", """", ""e""]}, {""rule_source"": ""azwADyAyI"", ""rule"": ""7.3.112"", ""result"": [""kartrI"", """", ""Aw"", ""e""]}, {""rule_source"": ""azwADyAyI"", ""rule"": ""1.3.3"", ""result"": [""kartrI"", """", ""Aw"", ""e""]}, {""rule_source"": ""azwADyAyI"", ""rule"": ""1.3.9"", ""result"": [""kartrI"", """", ""A"", ""e""]}, {""rule_source"": ""azwADyAyI"", ""rule"": ""6.1.90"", ""result"": [""kartrI"", """", """", ""E""]}, {""rule_source"": ""azwADyAyI"", ""rule"": ""6.1.77"", ""result"": [""kartry"", """", """", ""E""]}, {""rule_source"": ""azwADyAyI"", ""rule"": ""8.4.68"", ""result"": [""kartry"", """", """", ""E""]}]}]"
kartri,"कर्त्री (kartrī), female doer",stri_generalization_ledger.csv.gz,14e1dfa2790306ebe3bb,kartrI,nyap,Stri,caturthi,चतुर्थी,"the recipient, beneficiary, or purpose",dvi,द्वे,kartrIByAm,1,locally_regenerated,"[{""form_slp1"": ""kartrIByAm"", ""steps"": [{""rule_source"": ""azwADyAyI"", ""rule"": ""1.2.45"", ""result"": [""kartrI"", """"]}, {""rule_source"": ""azwADyAyI"", ""rule"": ""4.1.2"", ""result"": [""kartrI"", """", ""ByAm""]}, {""rule_source"": ""azwADyAyI"", ""rule"": ""1.3.4"", ""result"": [""kartrI"", """", ""ByAm""]}, {""rule_source"": ""azwADyAyI"", ""rule"": ""1.4.3"", ""result"": [""kartrI"", """", ""ByAm""]}, {""rule_source"": ""azwADyAyI"", ""rule"": ""1.4.3"", ""result"": [""kartrI"", """", ""ByAm""]}, {""rule_source"": ""azwADyAyI"", ""rule"": ""1.4.13"", ""result"": [""kartrI"", """", ""ByAm""]}, {""rule_source"": ""azwADyAyI"", ""rule"": ""1.4.17"", ""result"": [""kartrI"", """", ""ByAm""]}, {""rule_source"": ""azwADyAyI"", ""rule"": ""1.4.14"", ""result"": [""kartrI"", """", ""ByAm""]}, {""rule_source"": ""azwADyAyI"", ""rule"": ""8.4.68"", ""result"": [""kartrI"", """", ""ByAm""]}]}]"
kartri,"कर्त्री (kartrī), female doer",stri_generalization_ledger.csv.gz,14e1dfa2790306ebe3bb,kartrI,nyap,Stri,caturthi,चतुर्थी,"the recipient, beneficiary, or purpose",bahu,बहूनि,kartrIByaH,1,locally_regenerated,"[{""form_slp1"": ""kartrIByaH"", ""steps"": [{""rule_source"": ""azwADyAyI"", ""rule"": ""1.2.45"", ""result"": [""kartrI"", """"]}, {""rule_source"": ""azwADyAyI"", ""rule"": ""4.1.2"", ""result"": [""kartrI"", """", ""Byas""]}, {""rule_source"": ""azwADyAyI"", ""rule"": ""1.3.4"", ""result"": [""kartrI"", """", ""Byas""]}, {""rule_source"": ""azwADyAyI"", ""rule"": ""1.4.3"", ""result"": [""kartrI"", """", ""Byas""]}, {""rule_source"": ""azwADyAyI"", ""rule"": ""1.4.3"", ""result"": [""kartrI"", """", ""Byas""]}, {""rule_source"": ""azwADyAyI"", ""rule"": ""1.4.13"", ""result"": [""kartrI"", """", ""Byas""]}, {""rule_source"": ""azwADyAyI"", ""rule"": ""1.4.17"", ""result"": [""kartrI"", """", ""Byas""]}, {""rule_source"": ""azwADyAyI"", ""rule"": ""1.4.14"", ""result"": [""kartrI"", """", ""Byas""]}, {""rule_source"": ""azwADyAyI"", ""rule"": ""8.2.66"", ""result"": [""kartrI"", """", ""Byaru~""]}, {""rule_source"": ""azwADyAyI"", ""rule"": ""1.3.2"", ""result"": [""kartrI"", """", ""Byar""]}, {""rule_source"": ""azwADyAyI"", ""rule"": ""8.3.15"", ""result"": [""kartrI"", """", ""ByaH""]}, {""rule_source"": ""azwADyAyI"", ""rule"": ""8.4.68"", ""result"": [""kartrI"", """", ""ByaH""]}]}]"
kartri,"कर्त्री (kartrī), female doer",stri_generalization_ledger.csv.gz,14e1dfa2790306ebe3bb,kartrI,nyap,Stri,panchami,पञ्चमी,"the source, separation, or comparison point",eka,एकम्,kartryAH,1,locally_regenerated,"[{""form_slp1"": ""kartryAH"", ""steps"": [{""rule_source"": ""azwADyAyI"", ""rule"": ""1.2.45"", ""result"": [""kartrI"", """"]}, {""rule_source"": ""azwADyAyI"", ""rule"": ""4.1.2"", ""result"": [""kartrI"", """", ""Nasi~""]}, {""rule_source"": ""azwADyAyI"", ""rule"": ""1.3.2"", ""result"": [""kartrI"", """", ""Nasi~""]}, {""rule_source"": ""azwADyAyI"", ""rule"": ""1.3.8"", ""result"": [""kartrI"", """", ""Nasi~""]}, {""rule_source"": ""azwADyAyI"", ""rule"": ""1.3.9"", ""result"": [""kartrI"", """", ""as""]}, {""rule_source"": ""azwADyAyI"", ""rule"": ""1.4.3"", ""result"": [""kartrI"", """", ""as""]}, {""rule_source"": ""azwADyAyI"", ""rule"": ""1.4.3"", ""result"": [""kartrI"", """", ""as""]}, {""rule_source"": ""azwADyAyI"", ""rule"": ""1.4.13"", ""result"": [""kartrI"", """", ""as""]}, {""rule_source"": ""azwADyAyI"", ""rule"": ""1.4.18"", ""result"": [""kartrI"", """", ""as""]}, {""rule_source"": ""azwADyAyI"", ""rule"": ""1.4.14"", ""result"": [""kartrI"", """", ""as""]}, {""rule_source"": ""azwADyAyI"", ""rule"": ""7.3.112"", ""result"": [""kartrI"", """", ""Aw"", ""as""]}, {""rule_source"": ""azwADyAyI"", ""rule"": ""1.3.3"", ""result"": [""kartrI"", """", ""Aw"", ""as""]}, {""rule_source"": ""azwADyAyI"", ""rule"": ""1.3.9"", ""result"": [""kartrI"", """", ""A"", ""as""]}, {""rule_source"": ""azwADyAyI"", ""rule"": ""6.1.90"", ""result"": [""kartrI"", """", """", ""As""]}, {""rule_source"": ""azwADyAyI"", ""rule"": ""6.1.77"", ""result"": [""kartry"", """", """", ""As""]}, {""rule_source"": ""azwADyAyI"", ""rule"": ""8.2.66"", ""result"": [""kartry"", """", """", ""Aru~""]}, {""rule_source"": ""azwADyAyI"", ""rule"": ""1.3.2"", ""result"": [""kartry"", """", """", ""Ar""]}, {""rule_source"": ""azwADyAyI"", ""rule"": ""8.3.15"", ""result"": [""kartry"", """", """", ""AH""]}, {""rule_source"": ""azwADyAyI"", ""rule"": ""8.4.68"", ""result"": [""kartry"", """", """", ""AH""]}]}]"
kartri,"कर्त्री (kartrī), female doer",stri_generalization_ledger.csv.gz,14e1dfa2790306ebe3bb,kartrI,nyap,Stri,panchami,पञ्चमी,"the source, separation, or comparison point",dvi,द्वे,kartrIByAm,1,locally_regenerated,"[{""form_slp1"": ""kartrIByAm"", ""steps"": [{""rule_source"": ""azwADyAyI"", ""rule"": ""1.2.45"", ""result"": [""kartrI"", """"]}, {""rule_source"": ""azwADyAyI"", ""rule"": ""4.1.2"", ""result"": [""kartrI"", """", ""ByAm""]}, {""rule_source"": ""azwADyAyI"", ""rule"": ""1.3.4"", ""result"": [""kartrI"", """", ""ByAm""]}, {""rule_source"": ""azwADyAyI"", ""rule"": ""1.4.3"", ""result"": [""kartrI"", """", ""ByAm""]}, {""rule_source"": ""azwADyAyI"", ""rule"": ""1.4.3"", ""result"": [""kartrI"", """", ""ByAm""]}, {""rule_source"": ""azwADyAyI"", ""rule"": ""1.4.13"", ""result"": [""kartrI"", """", ""ByAm""]}, {""rule_source"": ""azwADyAyI"", ""rule"": ""1.4.17"", ""result"": [""kartrI"", """", ""ByAm""]}, {""rule_source"": ""azwADyAyI"", ""rule"": ""1.4.14"", ""result"": [""kartrI"", """", ""ByAm""]}, {""rule_source"": ""azwADyAyI"", ""rule"": ""8.4.68"", ""result"": [""kartrI"", """", ""ByAm""]}]}]"
kartri,"कर्त्री (kartrī), female doer",stri_generalization_ledger.csv.gz,14e1dfa2790306ebe3bb,kartrI,nyap,Stri,panchami,पञ्चमी,"the source, separation, or comparison point",bahu,बहूनि,kartrIByaH,1,locally_regenerated,"[{""form_slp1"": ""kartrIByaH"", ""steps"": [{""rule_source"": ""azwADyAyI"", ""rule"": ""1.2.45"", ""result"": [""kartrI"", """"]}, {""rule_source"": ""azwADyAyI"", ""rule"": ""4.1.2"", ""result"": [""kartrI"", """", ""Byas""]}, {""rule_source"": ""azwADyAyI"", ""rule"": ""1.3.4"", ""result"": [""kartrI"", """", ""Byas""]}, {""rule_source"": ""azwADyAyI"", ""rule"": ""1.4.3"", ""result"": [""kartrI"", """", ""Byas""]}, {""rule_source"": ""azwADyAyI"", ""rule"": ""1.4.3"", ""result"": [""kartrI"", """", ""Byas""]}, {""rule_source"": ""azwADyAyI"", ""rule"": ""1.4.13"", ""result"": [""kartrI"", """", ""Byas""]}, {""rule_source"": ""azwADyAyI"", ""rule"": ""1.4.17"", ""result"": [""kartrI"", """", ""Byas""]}, {""rule_source"": ""azwADyAyI"", ""rule"": ""1.4.14"", ""result"": [""kartrI"", """", ""Byas""]}, {""rule_source"": ""azwADyAyI"", ""rule"": ""8.2.66"", ""result"": [""kartrI"", """", ""Byaru~""]}, {""rule_source"": ""azwADyAyI"", ""rule"": ""1.3.2"", ""result"": [""kartrI"", """", ""Byar""]}, {""rule_source"": ""azwADyAyI"", ""rule"": ""8.3.15"", ""result"": [""kartrI"", """", ""ByaH""]}, {""rule_source"": ""azwADyAyI"", ""rule"": ""8.4.68"", ""result"": [""kartrI"", """", ""ByaH""]}]}]"
kartri,"कर्त्री (kartrī), female doer",stri_generalization_ledger.csv.gz,14e1dfa2790306ebe3bb,kartrI,nyap,Stri,sasthi,षष्ठी,"a relation, including possession",eka,एकम्,kartryAH,1,locally_regenerated,"[{""form_slp1"": ""kartryAH"", ""steps"": [{""rule_source"": ""azwADyAyI"", ""rule"": ""1.2.45"", ""result"": [""kartrI"", """"]}, {""rule_source"": ""azwADyAyI"", ""rule"": ""4.1.2"", ""result"": [""kartrI"", """", ""Nas""]}, {""rule_source"": ""azwADyAyI"", ""rule"": ""1.3.4"", ""result"": [""kartrI"", """", ""Nas""]}, {""rule_source"": ""azwADyAyI"", ""rule"": ""1.3.8"", ""result"": [""kartrI"", """", ""Nas""]}, {""rule_source"": ""azwADyAyI"", ""rule"": ""1.3.9"", ""result"": [""kartrI"", """", ""as""]}, {""rule_source"": ""azwADyAyI"", ""rule"": ""1.4.3"", ""result"": [""kartrI"", """", ""as""]}, {""rule_source"": ""azwADyAyI"", ""rule"": ""1.4.3"", ""result"": [""kartrI"", """", ""as""]}, {""rule_source"": ""azwADyAyI"", ""rule"": ""1.4.13"", ""result"": [""kartrI"", """", ""as""]}, {""rule_source"": ""azwADyAyI"", ""rule"": ""1.4.18"", ""result"": [""kartrI"", """", ""as""]}, {""rule_source"": ""azwADyAyI"", ""rule"": ""1.4.14"", ""result"": [""kartrI"", """", ""as""]}, {""rule_source"": ""azwADyAyI"", ""rule"": ""7.3.112"", ""result"": [""kartrI"", """", ""Aw"", ""as""]}, {""rule_source"": ""azwADyAyI"", ""rule"": ""1.3.3"", ""result"": [""kartrI"", """", ""Aw"", ""as""]}, {""rule_source"": ""azwADyAyI"", ""rule"": ""1.3.9"", ""result"": [""kartrI"", """", ""A"", ""as""]}, {""rule_source"": ""azwADyAyI"", ""rule"": ""6.1.90"", ""result"": [""kartrI"", """", """", ""As""]}, {""rule_source"": ""azwADyAyI"", ""rule"": ""6.1.77"", ""result"": [""kartry"", """", """", ""As""]}, {""rule_source"": ""azwADyAyI"", ""rule"": ""8.2.66"", ""result"": [""kartry"", """", """", ""Aru~""]}, {""rule_source"": ""azwADyAyI"", ""rule"": ""1.3.2"", ""result"": [""kartry"", """", """", ""Ar""]}, {""rule_source"": ""azwADyAyI"", ""rule"": ""8.3.15"", ""result"": [""kartry"", """", """", ""AH""]}, {""rule_source"": ""azwADyAyI"", ""rule"": ""8.4.68"", ""result"": [""kartry"", """", """", ""AH""]}]}]"
kartri,"कर्त्री (kartrī), female doer",stri_generalization_ledger.csv.gz,14e1dfa2790306ebe3bb,kartrI,nyap,Stri,sasthi,षष्ठी,"a relation, including possession",dvi,द्वे,kartryoH,1,locally_regenerated,"[{""form_slp1"": ""kartryoH"", ""steps"": [{""rule_source"": ""azwADyAyI"", ""rule"": ""1.2.45"", ""result"": [""kartrI"", """"]}, {""rule_source"": ""azwADyAyI"", ""rule"": ""4.1.2"", ""result"": [""kartrI"", """", ""os""]}, {""rule_source"": ""azwADyAyI"", ""rule"": ""1.3.4"", ""result"": [""kartrI"", """", ""os""]}, {""rule_source"": ""azwADyAyI"", ""rule"": ""1.4.3"", ""result"": [""kartrI"", """", ""os""]}, {""rule_source"": ""azwADyAyI"", ""rule"": ""1.4.3"", ""result"": [""kartrI"", """", ""os""]}, {""rule_source"": ""azwADyAyI"", ""rule"": ""1.4.13"", ""result"": [""kartrI"", """", ""os""]}, {""rule_source"": ""azwADyAyI"", ""rule"": ""1.4.18"", ""result"": [""kartrI"", """", ""os""]}, {""rule_source"": ""azwADyAyI"", ""rule"": ""1.4.14"", ""result"": [""kartrI"", """", ""os""]}, {""rule_source"": ""azwADyAyI"", ""rule"": ""6.1.77"", ""result"": [""kartry"", """", ""os""]}, {""rule_source"": ""azwADyAyI"", ""rule"": ""8.2.66"", ""result"": [""kartry"", """", ""oru~""]}, {""rule_source"": ""azwADyAyI"", ""rule"": ""1.3.2"", ""result"": [""kartry"", """", ""or""]}, {""rule_source"": ""azwADyAyI"", ""rule"": ""8.3.15"", ""result"": [""kartry"", """", ""oH""]}, {""rule_source"": ""azwADyAyI"", ""rule"": ""8.4.68"", ""result"": [""kartry"", """", ""oH""]}]}]"
kartri,"कर्त्री (kartrī), female doer",stri_generalization_ledger.csv.gz,14e1dfa2790306ebe3bb,kartrI,nyap,Stri,sasthi,षष्ठी,"a relation, including possession",bahu,बहूनि,kartrIRAm,1,locally_regenerated,"[{""form_slp1"": ""kartrIRAm"", ""steps"": [{""rule_source"": ""azwADyAyI"", ""rule"": ""1.2.45"", ""result"": [""kartrI"", """"]}, {""rule_source"": ""azwADyAyI"", ""rule"": ""4.1.2"", ""result"": [""kartrI"", """", ""Am""]}, {""rule_source"": ""azwADyAyI"", ""rule"": ""1.3.4"", ""result"": [""kartrI"", """", ""Am""]}, {""rule_source"": ""azwADyAyI"", ""rule"": ""1.4.3"", ""result"": [""kartrI"", """", ""Am""]}, {""rule_source"": ""azwADyAyI"", ""rule"": ""1.4.3"", ""result"": [""kartrI"", """", ""Am""]}, {""rule_source"": ""azwADyAyI"", ""rule"": ""7.1.54"", ""result"": [""kartrI"", """", ""nu~w"", ""Am""]}, {""rule_source"": ""azwADyAyI"", ""rule"": ""1.3.2"", ""result"": [""kartrI"", """", ""nu~w"", ""Am""]}, {""rule_source"": ""azwADyAyI"", ""rule"": ""1.3.3"", ""result"": [""kartrI"", """", ""nu~w"", ""Am""]}, {""rule_source"": ""azwADyAyI"", ""rule"": ""1.3.9"", ""result"": [""kartrI"", """", ""n"", ""Am""]}, {""rule_source"": ""azwADyAyI"", ""rule"": ""1.4.13"", ""result"": [""kartrI"", """", ""n"", ""Am""]}, {""rule_source"": ""azwADyAyI"", ""rule"": ""1.4.17"", ""result"": [""kartrI"", """", ""n"", ""Am""]}, {""rule_source"": ""azwADyAyI"", ""rule"": ""1.4.14"", ""result"": [""kartrI"", """", ""n"", ""Am""]}, {""rule_source"": ""azwADyAyI"", ""rule"": ""8.4.2"", ""result"": [""kartrI"", """", ""R"", ""Am""]}, {""rule_source"": ""azwADyAyI"", ""rule"": ""8.4.68"", ""result"": [""kartrI"", """", ""R"", ""Am""]}]}]"
kartri,"कर्त्री (kartrī), female doer",stri_generalization_ledger.csv.gz,14e1dfa2790306ebe3bb,kartrI,nyap,Stri,saptami,सप्तमी,"the location, setting, or topic",eka,एकम्,kartryAm,1,locally_regenerated,"[{""form_slp1"": ""kartryAm"", ""steps"": [{""rule_source"": ""azwADyAyI"", ""rule"": ""1.2.45"", ""result"": [""kartrI"", """"]}, {""rule_source"": ""azwADyAyI"", ""rule"": ""4.1.2"", ""result"": [""kartrI"", """", ""Ni""]}, {""rule_source"": ""azwADyAyI"", ""rule"": ""1.3.8"", ""result"": [""kartrI"", """", ""Ni""]}, {""rule_source"": ""azwADyAyI"", ""rule"": ""1.3.9"", ""result"": [""kartrI"", """", ""i""]}, {""rule_source"": ""azwADyAyI"", ""rule"": ""1.4.3"", ""result"": [""kartrI"", """", ""i""]}, {""rule_source"": ""azwADyAyI"", ""rule"": ""1.4.3"", ""result"": [""kartrI"", """", ""i""]}, {""rule_source"": ""azwADyAyI"", ""rule"": ""1.4.13"", ""result"": [""kartrI"", """", ""i""]}, {""rule_source"": ""azwADyAyI"", ""rule"": ""1.4.18"", ""result"": [""kartrI"", """", ""i""]}, {""rule_source"": ""azwADyAyI"", ""rule"": ""1.4.14"", ""result"": [""kartrI"", """", ""i""]}, {""rule_source"": ""azwADyAyI"", ""rule"": ""7.3.116"", ""result"": [""kartrI"", """", ""Am""]}, {""rule_source"": ""azwADyAyI"", ""rule"": ""1.3.4"", ""result"": [""kartrI"", """", ""Am""]}, {""rule_source"": ""azwADyAyI"", ""rule"": ""7.3.112"", ""result"": [""kartrI"", """", ""Aw"", ""Am""]}, {""rule_source"": ""azwADyAyI"", ""rule"": ""1.3.3"", ""result"": [""kartrI"", """", ""Aw"", ""Am""]}, {""rule_source"": ""azwADyAyI"", ""rule"": ""1.3.9"", ""result"": [""kartrI"", """", ""A"", ""Am""]}, {""rule_source"": ""azwADyAyI"", ""rule"": ""6.1.90"", ""result"": [""kartrI"", """", """", ""Am""]}, {""rule_source"": ""azwADyAyI"", ""rule"": ""6.1.77"", ""result"": [""kartry"", """", """", ""Am""]}, {""rule_source"": ""azwADyAyI"", ""rule"": ""8.4.68"", ""result"": [""kartry"", """", """", ""Am""]}]}]"
kartri,"कर्त्री (kartrī), female doer",stri_generalization_ledger.csv.gz,14e1dfa2790306ebe3bb,kartrI,nyap,Stri,saptami,सप्तमी,"the location, setting, or topic",dvi,द्वे,kartryoH,1,locally_regenerated,"[{""form_slp1"": ""kartryoH"", ""steps"": [{""rule_source"": ""azwADyAyI"", ""rule"": ""1.2.45"", ""result"": [""kartrI"", """"]}, {""rule_source"": ""azwADyAyI"", ""rule"": ""4.1.2"", ""result"": [""kartrI"", """", ""os""]}, {""rule_source"": ""azwADyAyI"", ""rule"": ""1.3.4"", ""result"": [""kartrI"", """", ""os""]}, {""rule_source"": ""azwADyAyI"", ""rule"": ""1.4.3"", ""result"": [""kartrI"", """", ""os""]}, {""rule_source"": ""azwADyAyI"", ""rule"": ""1.4.3"", ""result"": [""kartrI"", """", ""os""]}, {""rule_source"": ""azwADyAyI"", ""rule"": ""1.4.13"", ""result"": [""kartrI"", """", ""os""]}, {""rule_source"": ""azwADyAyI"", ""rule"": ""1.4.18"", ""result"": [""kartrI"", """", ""os""]}, {""rule_source"": ""azwADyAyI"", ""rule"": ""1.4.14"", ""result"": [""kartrI"", """", ""os""]}, {""rule_source"": ""azwADyAyI"", ""rule"": ""6.1.77"", ""result"": [""kartry"", """", ""os""]}, {""rule_source"": ""azwADyAyI"", ""rule"": ""8.2.66"", ""result"": [""kartry"", """", ""oru~""]}, {""rule_source"": ""azwADyAyI"", ""rule"": ""1.3.2"", ""result"": [""kartry"", """", ""or""]}, {""rule_source"": ""azwADyAyI"", ""rule"": ""8.3.15"", ""result"": [""kartry"", """", ""oH""]}, {""rule_source"": ""azwADyAyI"", ""rule"": ""8.4.68"", ""result"": [""kartry"", """", ""oH""]}]}]"
kartri,"कर्त्री (kartrī), female doer",stri_generalization_ledger.csv.gz,14e1dfa2790306ebe3bb,kartrI,nyap,Stri,saptami,सप्तमी,"the location, setting, or topic",bahu,बहूनि,kartrIzu,1,locally_regenerated,"[{""form_slp1"": ""kartrIzu"", ""steps"": [{""rule_source"": ""azwADyAyI"", ""rule"": ""1.2.45"", ""result"": [""kartrI"", """"]}, {""rule_source"": ""azwADyAyI"", ""rule"": ""4.1.2"", ""result"": [""kartrI"", """", ""sup""]}, {""rule_source"": ""azwADyAyI"", ""rule"": ""1.3.3"", ""result"": [""kartrI"", """", ""sup""]}, {""rule_source"": ""azwADyAyI"", ""rule"": ""1.3.9"", ""result"": [""kartrI"", """", ""su""]}, {""rule_source"": ""azwADyAyI"", ""rule"": ""1.4.3"", ""result"": [""kartrI"", """", ""su""]}, {""rule_source"": ""azwADyAyI"", ""rule"": ""1.4.3"", ""result"": [""kartrI"", """", ""su""]}, {""rule_source"": ""azwADyAyI"", ""rule"": ""1.4.13"", ""result"": [""kartrI"", """", ""su""]}, {""rule_source"": ""azwADyAyI"", ""rule"": ""1.4.17"", ""result"": [""kartrI"", """", ""su""]}, {""rule_source"": ""azwADyAyI"", ""rule"": ""1.4.14"", ""result"": [""kartrI"", """", ""su""]}, {""rule_source"": ""azwADyAyI"", ""rule"": ""8.3.59"", ""result"": [""kartrI"", """", ""zu""]}, {""rule_source"": ""azwADyAyI"", ""rule"": ""8.4.68"", ""result"": [""kartrI"", """", ""zu""]}]}]"
kartri,"कर्त्री (kartrī), female doer",stri_generalization_ledger.csv.gz,14e1dfa2790306ebe3bb,kartrI,nyap,Stri,sambodhana,सम्बोधनम्,direct address,eka,एकम्,kartri,1,locally_regenerated,"[{""form_slp1"": ""kartri"", ""steps"": [{""rule_source"": ""azwADyAyI"", ""rule"": ""1.2.45"", ""result"": [""kartrI"", """"]}, {""rule_source"": ""azwADyAyI"", ""rule"": ""4.1.2"", ""result"": [""kartrI"", """", ""su~""]}, {""rule_source"": ""azwADyAyI"", ""rule"": ""1.3.2"", ""result"": [""kartrI"", """", ""su~""]}, {""rule_source"": ""azwADyAyI"", ""rule"": ""1.3.9"", ""result"": [""kartrI"", """", ""s""]}, {""rule_source"": ""azwADyAyI"", ""rule"": ""1.4.3"", ""result"": [""kartrI"", """", ""s""]}, {""rule_source"": ""azwADyAyI"", ""rule"": ""2.3.48"", ""result"": [""kartrI"", """", ""s""]}, {""rule_source"": ""azwADyAyI"", ""rule"": ""2.3.49"", ""result"": [""kartrI"", """", ""s""]}, {""rule_source"": ""azwADyAyI"", ""rule"": ""1.1.43"", ""result"": [""kartrI"", """", ""s""]}, {""rule_source"": ""azwADyAyI"", ""rule"": ""1.4.3"", ""result"": [""kartrI"", """", ""s""]}, {""rule_source"": ""azwADyAyI"", ""rule"": ""2.3.48"", ""result"": [""kartrI"", """", ""s""]}, {""rule_source"": ""azwADyAyI"", ""rule"": ""2.3.49"", ""result"": [""kartrI"", """", ""s""]}, {""rule_source"": ""azwADyAyI"", ""rule"": ""1.1.43"", ""result"": [""kartrI"", """", ""s""]}, {""rule_source"": ""azwADyAyI"", ""rule"": ""1.4.13"", ""result"": [""kartrI"", """", ""s""]}, {""rule_source"": ""azwADyAyI"", ""rule"": ""1.4.14"", ""result"": [""kartrI"", """", ""s""]}, {""rule_source"": ""azwADyAyI"", ""rule"": ""7.3.107"", ""result"": [""kartri"", """", ""s""]}, {""rule_source"": ""azwADyAyI"", ""rule"": ""6.1.69"", ""result"": [""kartri"", """", """"]}, {""rule_source"": ""azwADyAyI"", ""rule"": ""8.4.68"", ""result"": [""kartri"", """", """"]}]}]"
kartri,"कर्त्री (kartrī), female doer",stri_generalization_ledger.csv.gz,14e1dfa2790306ebe3bb,kartrI,nyap,Stri,sambodhana,सम्बोधनम्,direct address,dvi,द्वे,kartryO,1,locally_regenerated,"[{""form_slp1"": ""kartryO"", ""steps"": [{""rule_source"": ""azwADyAyI"", ""rule"": ""1.2.45"", ""result"": [""kartrI"", """"]}, {""rule_source"": ""azwADyAyI"", ""rule"": ""4.1.2"", ""result"": [""kartrI"", """", ""O""]}, {""rule_source"": ""azwADyAyI"", ""rule"": ""1.4.3"", ""result"": [""kartrI"", """", ""O""]}, {""rule_source"": ""azwADyAyI"", ""rule"": ""2.3.48"", ""result"": [""kartrI"", """", ""O""]}, {""rule_source"": ""azwADyAyI"", ""rule"": ""1.1.43"", ""result"": [""kartrI"", """", ""O""]}, {""rule_source"": ""azwADyAyI"", ""rule"": ""1.4.3"", ""result"": [""kartrI"", """", ""O""]}, {""rule_source"": ""azwADyAyI"", ""rule"": ""2.3.48"", ""result"": [""kartrI"", """", ""O""]}, {""rule_source"": ""azwADyAyI"", ""rule"": ""1.1.43"", ""result"": [""kartrI"", """", ""O""]}, {""rule_source"": ""azwADyAyI"", ""rule"": ""1.4.13"", ""result"": [""kartrI"", """", ""O""]}, {""rule_source"": ""azwADyAyI"", ""rule"": ""1.4.14"", ""result"": [""kartrI"", """", ""O""]}, {""rule_source"": ""azwADyAyI"", ""rule"": ""6.1.105"", ""result"": [""kartrI"", """", ""O""]}, {""rule_source"": ""azwADyAyI"", ""rule"": ""6.1.77"", ""result"": [""kartry"", """", ""O""]}, {""rule_source"": ""azwADyAyI"", ""rule"": ""8.4.68"", ""result"": [""kartry"", """", ""O""]}]}]"
kartri,"कर्त्री (kartrī), female doer",stri_generalization_ledger.csv.gz,14e1dfa2790306ebe3bb,kartrI,nyap,Stri,sambodhana,सम्बोधनम्,direct address,bahu,बहूनि,kartryaH,1,locally_regenerated,"[{""form_slp1"": ""kartryaH"", ""steps"": [{""rule_source"": ""azwADyAyI"", ""rule"": ""1.2.45"", ""result"": [""kartrI"", """"]}, {""rule_source"": ""azwADyAyI"", ""rule"": ""4.1.2"", ""result"": [""kartrI"", """", ""jas""]}, {""rule_source"": ""azwADyAyI"", ""rule"": ""1.3.4"", ""result"": [""kartrI"", """", ""jas""]}, {""rule_source"": ""azwADyAyI"", ""rule"": ""1.3.7"", ""result"": [""kartrI"", """", ""jas""]}, {""rule_source"": ""azwADyAyI"", ""rule"": ""1.3.9"", ""result"": [""kartrI"", """", ""as""]}, {""rule_source"": ""azwADyAyI"", ""rule"": ""1.4.3"", ""result"": [""kartrI"", """", ""as""]}, {""rule_source"": ""azwADyAyI"", ""rule"": ""2.3.48"", ""result"": [""kartrI"", """", ""as""]}, {""rule_source"": ""azwADyAyI"", ""rule"": ""1.1.43"", ""result"": [""kartrI"", """", ""as""]}, {""rule_source"": ""azwADyAyI"", ""rule"": ""1.4.3"", ""result"": [""kartrI"", """", ""as""]}, {""rule_source"": ""azwADyAyI"", ""rule"": ""2.3.48"", ""result"": [""kartrI"", """", ""as""]}, {""rule_source"": ""azwADyAyI"", ""rule"": ""1.1.43"", ""result"": [""kartrI"", """", ""as""]}, {""rule_source"": ""azwADyAyI"", ""rule"": ""1.4.13"", ""result"": [""kartrI"", """", ""as""]}, {""rule_source"": ""azwADyAyI"", ""rule"": ""1.4.14"", ""result"": [""kartrI"", """", ""as""]}, {""rule_source"": ""azwADyAyI"", ""rule"": ""6.1.105"", ""result"": [""kartrI"", """", ""as""]}, {""rule_source"": ""azwADyAyI"", ""rule"": ""6.1.77"", ""result"": [""kartry"", """", ""as""]}, {""rule_source"": ""azwADyAyI"", ""rule"": ""8.2.66"", ""result"": [""kartry"", """", ""aru~""]}, {""rule_source"": ""azwADyAyI"", ""rule"": ""1.3.2"", ""result"": [""kartry"", """", ""ar""]}, {""rule_source"": ""azwADyAyI"", ""rule"": ""8.3.15"", ""result"": [""kartry"", """", ""aH""]}, {""rule_source"": ""azwADyAyI"", ""rule"": ""8.4.68"", ""result"": [""kartry"", """", ""aH""]}]}]"
ajnana,"अज्ञानम् (ajñānam), absence of knowledge",nan_ledger.csv.gz,43acdd0070393388d0f8,ajYAna,basic,Napumsaka,prathama,प्रथमा,naming or identifying the participant,eka,एकम्,ajYAnam,1,locally_regenerated,"[{""form_slp1"": ""ajYAnam"", ""steps"": [{""rule_source"": ""azwADyAyI"", ""rule"": ""1.2.45"", ""result"": [""ajYAna""]}, {""rule_source"": ""azwADyAyI"", ""rule"": ""4.1.2"", ""result"": [""ajYAna"", ""su~""]}, {""rule_source"": ""azwADyAyI"", ""rule"": ""1.3.2"", ""result"": [""ajYAna"", ""su~""]}, {""rule_source"": ""azwADyAyI"", ""rule"": ""1.3.9"", ""result"": [""ajYAna"", ""s""]}, {""rule_source"": ""azwADyAyI"", ""rule"": ""7.1.24"", ""result"": [""ajYAna"", ""am""]}, {""rule_source"": ""azwADyAyI"", ""rule"": ""1.3.4"", ""result"": [""ajYAna"", ""am""]}, {""rule_source"": ""azwADyAyI"", ""rule"": ""1.4.13"", ""result"": [""ajYAna"", ""am""]}, {""rule_source"": ""azwADyAyI"", ""rule"": ""1.4.18"", ""result"": [""ajYAna"", ""am""]}, {""rule_source"": ""azwADyAyI"", ""rule"": ""1.4.14"", ""result"": [""ajYAna"", ""am""]}, {""rule_source"": ""azwADyAyI"", ""rule"": ""6.1.107"", ""result"": [""ajYAna"", ""m""]}, {""rule_source"": ""azwADyAyI"", ""rule"": ""8.4.68"", ""result"": [""ajYAna"", ""m""]}]}]"
ajnana,"अज्ञानम् (ajñānam), absence of knowledge",nan_ledger.csv.gz,43acdd0070393388d0f8,ajYAna,basic,Napumsaka,prathama,प्रथमा,naming or identifying the participant,dvi,द्वे,ajYAne,1,locally_regenerated,"[{""form_slp1"": ""ajYAne"", ""steps"": [{""rule_source"": ""azwADyAyI"", ""rule"": ""1.2.45"", ""result"": [""ajYAna""]}, {""rule_source"": ""azwADyAyI"", ""rule"": ""4.1.2"", ""result"": [""ajYAna"", ""O""]}, {""rule_source"": ""azwADyAyI"", ""rule"": ""1.4.13"", ""result"": [""ajYAna"", ""O""]}, {""rule_source"": ""azwADyAyI"", ""rule"": ""7.1.19"", ""result"": [""ajYAna"", ""SI""]}, {""rule_source"": ""azwADyAyI"", ""rule"": ""1.3.8"", ""result"": [""ajYAna"", ""SI""]}, {""rule_source"": ""azwADyAyI"", ""rule"": ""1.3.9"", ""result"": [""ajYAna"", ""I""]}, {""rule_source"": ""azwADyAyI"", ""rule"": ""1.4.18"", ""result"": [""ajYAna"", ""I""]}, {""rule_source"": ""azwADyAyI"", ""rule"": ""1.4.14"", ""result"": [""ajYAna"", ""I""]}, {""rule_source"": ""vArttikAH"", ""rule"": ""6.4.148.1"", ""result"": [""ajYAna"", ""I""]}, {""rule_source"": ""azwADyAyI"", ""rule"": ""6.1.104"", ""result"": [""ajYAna"", ""I""]}, {""rule_source"": ""azwADyAyI"", ""rule"": ""6.1.87"", ""result"": [""ajYAn"", ""e""]}, {""rule_source"": ""azwADyAyI"", ""rule"": ""8.4.68"", ""result"": [""ajYAn"", ""e""]}]}]"
ajnana,"अज्ञानम् (ajñānam), absence of knowledge",nan_ledger.csv.gz,43acdd0070393388d0f8,ajYAna,basic,Napumsaka,prathama,प्रथमा,naming or identifying the participant,bahu,बहूनि,ajYAnAni,1,locally_regenerated,"[{""form_slp1"": ""ajYAnAni"", ""steps"": [{""rule_source"": ""azwADyAyI"", ""rule"": ""1.2.45"", ""result"": [""ajYAna""]}, {""rule_source"": ""azwADyAyI"", ""rule"": ""4.1.2"", ""result"": [""ajYAna"", ""jas""]}, {""rule_source"": ""azwADyAyI"", ""rule"": ""1.3.4"", ""result"": [""ajYAna"", ""jas""]}, {""rule_source"": ""azwADyAyI"", ""rule"": ""1.3.7"", ""result"": [""ajYAna"", ""jas""]}, {""rule_source"": ""azwADyAyI"", ""rule"": ""1.3.9"", ""result"": [""ajYAna"", ""as""]}, {""rule_source"": ""azwADyAyI"", ""rule"": ""1.4.13"", ""result"": [""ajYAna"", ""as""]}, {""rule_source"": ""azwADyAyI"", ""rule"": ""7.1.20"", ""result"": [""ajYAna"", ""Si""]}, {""rule_source"": ""azwADyAyI"", ""rule"": ""1.3.8"", ""result"": [""ajYAna"", ""Si""]}, {""rule_source"": ""azwADyAyI"", ""rule"": ""1.3.9"", ""result"": [""ajYAna"", ""i""]}, {""rule_source"": ""azwADyAyI"", ""rule"": ""1.1.42"", ""result"": [""ajYAna"", ""i""]}, {""rule_source"": ""azwADyAyI"", ""rule"": ""1.4.14"", ""result"": [""ajYAna"", ""i""]}, {""rule_source"": ""azwADyAyI"", ""rule"": ""7.1.72"", ""result"": [""ajYAnan"", ""i""]}, {""rule_source"": ""azwADyAyI"", ""rule"": ""6.4.8"", ""result"": [""ajYAnAn"", ""i""]}, {""rule_source"": ""azwADyAyI"", ""rule"": ""8.4.68"", ""result"": [""ajYAnAn"", ""i""]}]}]"
ajnana,"अज्ञानम् (ajñānam), absence of knowledge",nan_ledger.csv.gz,43acdd0070393388d0f8,ajYAna,basic,Napumsaka,dvitiya,द्वितीया,"the object, extent, or destination",eka,एकम्,ajYAnam,1,locally_regenerated,"[{""form_slp1"": ""ajYAnam"", ""steps"": [{""rule_source"": ""azwADyAyI"", ""rule"": ""1.2.45"", ""result"": [""ajYAna""]}, {""rule_source"": ""azwADyAyI"", ""rule"": ""4.1.2"", ""result"": [""ajYAna"", ""am""]}, {""rule_source"": ""azwADyAyI"", ""rule"": ""1.3.4"", ""result"": [""ajYAna"", ""am""]}, {""rule_source"": ""azwADyAyI"", ""rule"": ""7.1.24"", ""result"": [""ajYAna"", ""am""]}, {""rule_source"": ""azwADyAyI"", ""rule"": ""1.3.4"", ""result"": [""ajYAna"", ""am""]}, {""rule_source"": ""azwADyAyI"", ""rule"": ""1.4.13"", ""result"": [""ajYAna"", ""am""]}, {""rule_source"": ""azwADyAyI"", ""rule"": ""1.4.18"", ""result"": [""ajYAna"", ""am""]}, {""rule_source"": ""azwADyAyI"", ""rule"": ""1.4.14"", ""result"": [""ajYAna"", ""am""]}, {""rule_source"": ""azwADyAyI"", ""rule"": ""6.1.107"", ""result"": [""ajYAna"", ""m""]}, {""rule_source"": ""azwADyAyI"", ""rule"": ""8.4.68"", ""result"": [""ajYAna"", ""m""]}]}]"
ajnana,"अज्ञानम् (ajñānam), absence of knowledge",nan_ledger.csv.gz,43acdd0070393388d0f8,ajYAna,basic,Napumsaka,dvitiya,द्वितीया,"the object, extent, or destination",dvi,द्वे,ajYAne,1,locally_regenerated,"[{""form_slp1"": ""ajYAne"", ""steps"": [{""rule_source"": ""azwADyAyI"", ""rule"": ""1.2.45"", ""result"": [""ajYAna""]}, {""rule_source"": ""azwADyAyI"", ""rule"": ""4.1.2"", ""result"": [""ajYAna"", ""Ow""]}, {""rule_source"": ""azwADyAyI"", ""rule"": ""1.3.3"", ""result"": [""ajYAna"", ""Ow""]}, {""rule_source"": ""azwADyAyI"", ""rule"": ""1.3.9"", ""result"": [""ajYAna"", ""O""]}, {""rule_source"": ""azwADyAyI"", ""rule"": ""1.4.13"", ""result"": [""ajYAna"", ""O""]}, {""rule_source"": ""azwADyAyI"", ""rule"": ""7.1.19"", ""result"": [""ajYAna"", ""SI""]}, {""rule_source"": ""azwADyAyI"", ""rule"": ""1.3.8"", ""result"": [""ajYAna"", ""SI""]}, {""rule_source"": ""azwADyAyI"", ""rule"": ""1.3.9"", ""result"": [""ajYAna"", ""I""]}, {""rule_source"": ""azwADyAyI"", ""rule"": ""1.4.18"", ""result"": [""ajYAna"", ""I""]}, {""rule_source"": ""azwADyAyI"", ""rule"": ""1.4.14"", ""result"": [""ajYAna"", ""I""]}, {""rule_source"": ""vArttikAH"", ""rule"": ""6.4.148.1"", ""result"": [""ajYAna"", ""I""]}, {""rule_source"": ""azwADyAyI"", ""rule"": ""6.1.104"", ""result"": [""ajYAna"", ""I""]}, {""rule_source"": ""azwADyAyI"", ""rule"": ""6.1.87"", ""result"": [""ajYAn"", ""e""]}, {""rule_source"": ""azwADyAyI"", ""rule"": ""8.4.68"", ""result"": [""ajYAn"", ""e""]}]}]"
ajnana,"अज्ञानम् (ajñānam), absence of knowledge",nan_ledger.csv.gz,43acdd0070393388d0f8,ajYAna,basic,Napumsaka,dvitiya,द्वितीया,"the object, extent, or destination",bahu,बहूनि,ajYAnAni,1,locally_regenerated,"[{""form_slp1"": ""ajYAnAni"", ""steps"": [{""rule_source"": ""azwADyAyI"", ""rule"": ""1.2.45"", ""result"": [""ajYAna""]}, {""rule_source"": ""azwADyAyI"", ""rule"": ""4.1.2"", ""result"": [""ajYAna"", ""Sas""]}, {""rule_source"": ""azwADyAyI"", ""rule"": ""1.3.4"", ""result"": [""ajYAna"", ""Sas""]}, {""rule_source"": ""azwADyAyI"", ""rule"": ""1.3.8"", ""result"": [""ajYAna"", ""Sas""]}, {""rule_source"": ""azwADyAyI"", ""rule"": ""1.3.9"", ""result"": [""ajYAna"", ""as""]}, {""rule_source"": ""azwADyAyI"", ""rule"": ""1.4.13"", ""result"": [""ajYAna"", ""as""]}, {""rule_source"": ""azwADyAyI"", ""rule"": ""7.1.20"", ""result"": [""ajYAna"", ""Si""]}, {""rule_source"": ""azwADyAyI"", ""rule"": ""1.3.8"", ""result"": [""ajYAna"", ""Si""]}, {""rule_source"": ""azwADyAyI"", ""rule"": ""1.3.9"", ""result"": [""ajYAna"", ""i""]}, {""rule_source"": ""azwADyAyI"", ""rule"": ""1.1.42"", ""result"": [""ajYAna"", ""i""]}, {""rule_source"": ""azwADyAyI"", ""rule"": ""1.4.14"", ""result"": [""ajYAna"", ""i""]}, {""rule_source"": ""azwADyAyI"", ""rule"": ""7.1.72"", ""result"": [""ajYAnan"", ""i""]}, {""rule_source"": ""azwADyAyI"", ""rule"": ""6.4.8"", ""result"": [""ajYAnAn"", ""i""]}, {""rule_source"": ""azwADyAyI"", ""rule"": ""8.4.68"", ""result"": [""ajYAnAn"", ""i""]}]}]"
ajnana,"अज्ञानम् (ajñānam), absence of knowledge",nan_ledger.csv.gz,43acdd0070393388d0f8,ajYAna,basic,Napumsaka,trtiya,तृतीया,"the means, instrument, or accompaniment",eka,एकम्,ajYAnena,1,locally_regenerated,"[{""form_slp1"": ""ajYAnena"", ""steps"": [{""rule_source"": ""azwADyAyI"", ""rule"": ""1.2.45"", ""result"": [""ajYAna""]}, {""rule_source"": ""azwADyAyI"", ""rule"": ""4.1.2"", ""result"": [""ajYAna"", ""wA""]}, {""rule_source"": ""azwADyAyI"", ""rule"": ""1.3.7"", ""result"": [""ajYAna"", ""wA""]}, {""rule_source"": ""azwADyAyI"", ""rule"": ""1.3.9"", ""result"": [""ajYAna"", ""A""]}, {""rule_source"": ""azwADyAyI"", ""rule"": ""1.4.13"", ""result"": [""ajYAna"", ""A""]}, {""rule_source"": ""azwADyAyI"", ""rule"": ""7.1.12"", ""result"": [""ajYAna"", ""ina""]}, {""rule_source"": ""azwADyAyI"", ""rule"": ""1.4.18"", ""result"": [""ajYAna"", ""ina""]}, {""rule_source"": ""azwADyAyI"", ""rule"": ""1.4.14"", ""result"": [""ajYAna"", ""ina""]}, {""rule_source"": ""azwADyAyI"", ""rule"": ""6.1.87"", ""result"": [""ajYAn"", ""ena""]}, {""rule_source"": ""azwADyAyI"", ""rule"": ""8.4.68"", ""result"": [""ajYAn"", ""ena""]}]}]"
ajnana,"अज्ञानम् (ajñānam), absence of knowledge",nan_ledger.csv.gz,43acdd0070393388d0f8,ajYAna,basic,Napumsaka,trtiya,तृतीया,"the means, instrument, or accompaniment",dvi,द्वे,ajYAnAByAm,1,locally_regenerated,"[{""form_slp1"": ""ajYAnAByAm"", ""steps"": [{""rule_source"": ""azwADyAyI"", ""rule"": ""1.2.45"", ""result"": [""ajYAna""]}, {""rule_source"": ""azwADyAyI"", ""rule"": ""4.1.2"", ""result"": [""ajYAna"", ""ByAm""]}, {""rule_source"": ""azwADyAyI"", ""rule"": ""1.3.4"", ""result"": [""ajYAna"", ""ByAm""]}, {""rule_source"": ""azwADyAyI"", ""rule"": ""1.4.13"", ""result"": [""ajYAna"", ""ByAm""]}, {""rule_source"": ""azwADyAyI"", ""rule"": ""1.4.17"", ""result"": [""ajYAna"", ""ByAm""]}, {""rule_source"": ""azwADyAyI"", ""rule"": ""1.4.14"", ""result"": [""ajYAna"", ""ByAm""]}, {""rule_source"": ""azwADyAyI"", ""rule"": ""7.3.102"", ""result"": [""ajYAnA"", ""ByAm""]}, {""rule_source"": ""azwADyAyI"", ""rule"": ""8.4.68"", ""result"": [""ajYAnA"", ""ByAm""]}]}]"
ajnana,"अज्ञानम् (ajñānam), absence of knowledge",nan_ledger.csv.gz,43acdd0070393388d0f8,ajYAna,basic,Napumsaka,trtiya,तृतीया,"the means, instrument, or accompaniment",bahu,बहूनि,ajYAnEH,1,locally_regenerated,"[{""form_slp1"": ""ajYAnEH"", ""steps"": [{""rule_source"": ""azwADyAyI"", ""rule"": ""1.2.45"", ""result"": [""ajYAna""]}, {""rule_source"": ""azwADyAyI"", ""rule"": ""4.1.2"", ""result"": [""ajYAna"", ""Bis""]}, {""rule_source"": ""azwADyAyI"", ""rule"": ""1.3.4"", ""result"": [""ajYAna"", ""Bis""]}, {""rule_source"": ""azwADyAyI"", ""rule"": ""1.4.13"", ""result"": [""ajYAna"", ""Bis""]}, {""rule_source"": ""azwADyAyI"", ""rule"": ""7.1.9"", ""result"": [""ajYAna"", ""Es""]}, {""rule_source"": ""azwADyAyI"", ""rule"": ""1.4.18"", ""result"": [""ajYAna"", ""Es""]}, {""rule_source"": ""azwADyAyI"", ""rule"": ""1.4.14"", ""result"": [""ajYAna"", ""Es""]}, {""rule_source"": ""azwADyAyI"", ""rule"": ""6.1.88"", ""result"": [""ajYAn"", ""Es""]}, {""rule_source"": ""azwADyAyI"", ""rule"": ""8.2.66"", ""result"": [""ajYAn"", ""Eru~""]}, {""rule_source"": ""azwADyAyI"", ""rule"": ""1.3.2"", ""result"": [""ajYAn"", ""Er""]}, {""rule_source"": ""azwADyAyI"", ""rule"": ""8.3.15"", ""result"": [""ajYAn"", ""EH""]}, {""rule_source"": ""azwADyAyI"", ""rule"": ""8.4.68"", ""result"": [""ajYAn"", ""EH""]}]}]"
ajnana,"अज्ञानम् (ajñānam), absence of knowledge",nan_ledger.csv.gz,43acdd0070393388d0f8,ajYAna,basic,Napumsaka,caturthi,चतुर्थी,"the recipient, beneficiary, or purpose",eka,एकम्,ajYAnAya,1,locally_regenerated,"[{""form_slp1"": ""ajYAnAya"", ""steps"": [{""rule_source"": ""azwADyAyI"", ""rule"": ""1.2.45"", ""result"": [""ajYAna""]}, {""rule_source"": ""azwADyAyI"", ""rule"": ""4.1.2"", ""result"": [""ajYAna"", ""Ne""]}, {""rule_source"": ""azwADyAyI"", ""rule"": ""1.3.8"", ""result"": [""ajYAna"", ""Ne""]}, {""rule_source"": ""azwADyAyI"", ""rule"": ""1.3.9"", ""result"": [""ajYAna"", ""e""]}, {""rule_source"": ""azwADyAyI"", ""rule"": ""1.4.13"", ""result"": [""ajYAna"", ""e""]}, {""rule_source"": ""azwADyAyI"", ""rule"": ""7.1.13"", ""result"": [""ajYAna"", ""ya""]}, {""rule_source"": ""azwADyAyI"", ""rule"": ""1.4.18"", ""result"": [""ajYAna"", ""ya""]}, {""rule_source"": ""azwADyAyI"", ""rule"": ""1.4.14"", ""result"": [""ajYAna"", ""ya""]}, {""rule_source"": ""azwADyAyI"", ""rule"": ""7.3.102"", ""result"": [""ajYAnA"", ""ya""]}, {""rule_source"": ""azwADyAyI"", ""rule"": ""8.4.68"", ""result"": [""ajYAnA"", ""ya""]}]}]"
ajnana,"अज्ञानम् (ajñānam), absence of knowledge",nan_ledger.csv.gz,43acdd0070393388d0f8,ajYAna,basic,Napumsaka,caturthi,चतुर्थी,"the recipient, beneficiary, or purpose",dvi,द्वे,ajYAnAByAm,1,locally_regenerated,"[{""form_slp1"": ""ajYAnAByAm"", ""steps"": [{""rule_source"": ""azwADyAyI"", ""rule"": ""1.2.45"", ""result"": [""ajYAna""]}, {""rule_source"": ""azwADyAyI"", ""rule"": ""4.1.2"", ""result"": [""ajYAna"", ""ByAm""]}, {""rule_source"": ""azwADyAyI"", ""rule"": ""1.3.4"", ""result"": [""ajYAna"", ""ByAm""]}, {""rule_source"": ""azwADyAyI"", ""rule"": ""1.4.13"", ""result"": [""ajYAna"", ""ByAm""]}, {""rule_source"": ""azwADyAyI"", ""rule"": ""1.4.17"", ""result"": [""ajYAna"", ""ByAm""]}, {""rule_source"": ""azwADyAyI"", ""rule"": ""1.4.14"", ""result"": [""ajYAna"", ""ByAm""]}, {""rule_source"": ""azwADyAyI"", ""rule"": ""7.3.102"", ""result"": [""ajYAnA"", ""ByAm""]}, {""rule_source"": ""azwADyAyI"", ""rule"": ""8.4.68"", ""result"": [""ajYAnA"", ""ByAm""]}]}]"
ajnana,"अज्ञानम् (ajñānam), absence of knowledge",nan_ledger.csv.gz,43acdd0070393388d0f8,ajYAna,basic,Napumsaka,caturthi,चतुर्थी,"the recipient, beneficiary, or purpose",bahu,बहूनि,ajYAneByaH,1,locally_regenerated,"[{""form_slp1"": ""ajYAneByaH"", ""steps"": [{""rule_source"": ""azwADyAyI"", ""rule"": ""1.2.45"", ""result"": [""ajYAna""]}, {""rule_source"": ""azwADyAyI"", ""rule"": ""4.1.2"", ""result"": [""ajYAna"", ""Byas""]}, {""rule_source"": ""azwADyAyI"", ""rule"": ""1.3.4"", ""result"": [""ajYAna"", ""Byas""]}, {""rule_source"": ""azwADyAyI"", ""rule"": ""1.4.13"", ""result"": [""ajYAna"", ""Byas""]}, {""rule_source"": ""azwADyAyI"", ""rule"": ""1.4.17"", ""result"": [""ajYAna"", ""Byas""]}, {""rule_source"": ""azwADyAyI"", ""rule"": ""1.4.14"", ""result"": [""ajYAna"", ""Byas""]}, {""rule_source"": ""azwADyAyI"", ""rule"": ""7.3.103"", ""result"": [""ajYAne"", ""Byas""]}, {""rule_source"": ""azwADyAyI"", ""rule"": ""8.2.66"", ""result"": [""ajYAne"", ""Byaru~""]}, {""rule_source"": ""azwADyAyI"", ""rule"": ""1.3.2"", ""result"": [""ajYAne"", ""Byar""]}, {""rule_source"": ""azwADyAyI"", ""rule"": ""8.3.15"", ""result"": [""ajYAne"", ""ByaH""]}, {""rule_source"": ""azwADyAyI"", ""rule"": ""8.4.68"", ""result"": [""ajYAne"", ""ByaH""]}]}]"
ajnana,"अज्ञानम् (ajñānam), absence of knowledge",nan_ledger.csv.gz,43acdd0070393388d0f8,ajYAna,basic,Napumsaka,panchami,पञ्चमी,"the source, separation, or comparison point",eka,एकम्,ajYAnAd;ajYAnAt,2,locally_regenerated,"[{""form_slp1"": ""ajYAnAt"", ""steps"": [{""rule_source"": ""azwADyAyI"", ""rule"": ""1.2.45"", ""result"": [""ajYAna""]}, {""rule_source"": ""azwADyAyI"", ""rule"": ""4.1.2"", ""result"": [""ajYAna"", ""Nasi~""]}, {""rule_source"": ""azwADyAyI"", ""rule"": ""1.3.2"", ""result"": [""ajYAna"", ""Nasi~""]}, {""rule_source"": ""azwADyAyI"", ""rule"": ""1.3.8"", ""result"": [""ajYAna"", ""Nasi~""]}, {""rule_source"": ""azwADyAyI"", ""rule"": ""1.3.9"", ""result"": [""ajYAna"", ""as""]}, {""rule_source"": ""azwADyAyI"", ""rule"": ""1.4.13"", ""result"": [""ajYAna"", ""as""]}, {""rule_source"": ""azwADyAyI"", ""rule"": ""7.1.12"", ""result"": [""ajYAna"", ""At""]}, {""rule_source"": ""azwADyAyI"", ""rule"": ""1.4.18"", ""result"": [""ajYAna"", ""At""]}, {""rule_source"": ""azwADyAyI"", ""rule"": ""1.4.14"", ""result"": [""ajYAna"", ""At""]}, {""rule_source"": ""azwADyAyI"", ""rule"": ""6.1.101"", ""result"": [""ajYAnA"", ""t""]}, {""rule_source"": ""azwADyAyI"", ""rule"": ""8.2.39"", ""result"": [""ajYAnA"", ""d""]}, {""rule_source"": ""azwADyAyI"", ""rule"": ""8.4.56"", ""result"": [""ajYAnA"", ""t""]}, {""rule_source"": ""azwADyAyI"", ""rule"": ""8.4.68"", ""result"": [""ajYAnA"", ""t""]}]}, {""form_slp1"": ""ajYAnAd"", ""steps"": [{""rule_source"": ""azwADyAyI"", ""rule"": ""1.2.45"", ""result"": [""ajYAna""]}, {""rule_source"": ""azwADyAyI"", ""rule"": ""4.1.2"", ""result"": [""ajYAna"", ""Nasi~""]}, {""rule_source"": ""azwADyAyI"", ""rule"": ""1.3.2"", ""result"": [""ajYAna"", ""Nasi~""]}, {""rule_source"": ""azwADyAyI"", ""rule"": ""1.3.8"", ""result"": [""ajYAna"", ""Nasi~""]}, {""rule_source"": ""azwADyAyI"", ""rule"": ""1.3.9"", ""result"": [""ajYAna"", ""as""]}, {""rule_source"": ""azwADyAyI"", ""rule"": ""1.4.13"", ""result"": [""ajYAna"", ""as""]}, {""rule_source"": ""azwADyAyI"", ""rule"": ""7.1.12"", ""result"": [""ajYAna"", ""At""]}, {""rule_source"": ""azwADyAyI"", ""rule"": ""1.4.18"", ""result"": [""ajYAna"", ""At""]}, {""rule_source"": ""azwADyAyI"", ""rule"": ""1.4.14"", ""result"": [""ajYAna"", ""At""]}, {""rule_source"": ""azwADyAyI"", ""rule"": ""6.1.101"", ""result"": [""ajYAnA"", ""t""]}, {""rule_source"": ""azwADyAyI"", ""rule"": ""8.2.39"", ""result"": [""ajYAnA"", ""d""]}, {""rule_source"": ""azwADyAyI"", ""rule"": ""8.4.68"", ""result"": [""ajYAnA"", ""d""]}]}]"
ajnana,"अज्ञानम् (ajñānam), absence of knowledge",nan_ledger.csv.gz,43acdd0070393388d0f8,ajYAna,basic,Napumsaka,panchami,पञ्चमी,"the source, separation, or comparison point",dvi,द्वे,ajYAnAByAm,1,locally_regenerated,"[{""form_slp1"": ""ajYAnAByAm"", ""steps"": [{""rule_source"": ""azwADyAyI"", ""rule"": ""1.2.45"", ""result"": [""ajYAna""]}, {""rule_source"": ""azwADyAyI"", ""rule"": ""4.1.2"", ""result"": [""ajYAna"", ""ByAm""]}, {""rule_source"": ""azwADyAyI"", ""rule"": ""1.3.4"", ""result"": [""ajYAna"", ""ByAm""]}, {""rule_source"": ""azwADyAyI"", ""rule"": ""1.4.13"", ""result"": [""ajYAna"", ""ByAm""]}, {""rule_source"": ""azwADyAyI"", ""rule"": ""1.4.17"", ""result"": [""ajYAna"", ""ByAm""]}, {""rule_source"": ""azwADyAyI"", ""rule"": ""1.4.14"", ""result"": [""ajYAna"", ""ByAm""]}, {""rule_source"": ""azwADyAyI"", ""rule"": ""7.3.102"", ""result"": [""ajYAnA"", ""ByAm""]}, {""rule_source"": ""azwADyAyI"", ""rule"": ""8.4.68"", ""result"": [""ajYAnA"", ""ByAm""]}]}]"
ajnana,"अज्ञानम् (ajñānam), absence of knowledge",nan_ledger.csv.gz,43acdd0070393388d0f8,ajYAna,basic,Napumsaka,panchami,पञ्चमी,"the source, separation, or comparison point",bahu,बहूनि,ajYAneByaH,1,locally_regenerated,"[{""form_slp1"": ""ajYAneByaH"", ""steps"": [{""rule_source"": ""azwADyAyI"", ""rule"": ""1.2.45"", ""result"": [""ajYAna""]}, {""rule_source"": ""azwADyAyI"", ""rule"": ""4.1.2"", ""result"": [""ajYAna"", ""Byas""]}, {""rule_source"": ""azwADyAyI"", ""rule"": ""1.3.4"", ""result"": [""ajYAna"", ""Byas""]}, {""rule_source"": ""azwADyAyI"", ""rule"": ""1.4.13"", ""result"": [""ajYAna"", ""Byas""]}, {""rule_source"": ""azwADyAyI"", ""rule"": ""1.4.17"", ""result"": [""ajYAna"", ""Byas""]}, {""rule_source"": ""azwADyAyI"", ""rule"": ""1.4.14"", ""result"": [""ajYAna"", ""Byas""]}, {""rule_source"": ""azwADyAyI"", ""rule"": ""7.3.103"", ""result"": [""ajYAne"", ""Byas""]}, {""rule_source"": ""azwADyAyI"", ""rule"": ""8.2.66"", ""result"": [""ajYAne"", ""Byaru~""]}, {""rule_source"": ""azwADyAyI"", ""rule"": ""1.3.2"", ""result"": [""ajYAne"", ""Byar""]}, {""rule_source"": ""azwADyAyI"", ""rule"": ""8.3.15"", ""result"": [""ajYAne"", ""ByaH""]}, {""rule_source"": ""azwADyAyI"", ""rule"": ""8.4.68"", ""result"": [""ajYAne"", ""ByaH""]}]}]"
ajnana,"अज्ञानम् (ajñānam), absence of knowledge",nan_ledger.csv.gz,43acdd0070393388d0f8,ajYAna,basic,Napumsaka,sasthi,षष्ठी,"a relation, including possession",eka,एकम्,ajYAnasya,1,locally_regenerated,"[{""form_slp1"": ""ajYAnasya"", ""steps"": [{""rule_source"": ""azwADyAyI"", ""rule"": ""1.2.45"", ""result"": [""ajYAna""]}, {""rule_source"": ""azwADyAyI"", ""rule"": ""4.1.2"", ""result"": [""ajYAna"", ""Nas""]}, {""rule_source"": ""azwADyAyI"", ""rule"": ""1.3.4"", ""result"": [""ajYAna"", ""Nas""]}, {""rule_source"": ""azwADyAyI"", ""rule"": ""1.3.8"", ""result"": [""ajYAna"", ""Nas""]}, {""rule_source"": ""azwADyAyI"", ""rule"": ""1.3.9"", ""result"": [""ajYAna"", ""as""]}, {""rule_source"": ""azwADyAyI"", ""rule"": ""1.4.13"", ""result"": [""ajYAna"", ""as""]}, {""rule_source"": ""azwADyAyI"", ""rule"": ""7.1.12"", ""result"": [""ajYAna"", ""sya""]}, {""rule_source"": ""azwADyAyI"", ""rule"": ""1.4.17"", ""result"": [""ajYAna"", ""sya""]}, {""rule_source"": ""azwADyAyI"", ""rule"": ""1.4.14"", ""result"": [""ajYAna"", ""sya""]}, {""rule_source"": ""azwADyAyI"", ""rule"": ""8.4.68"", ""result"": [""ajYAna"", ""sya""]}]}]"
ajnana,"अज्ञानम् (ajñānam), absence of knowledge",nan_ledger.csv.gz,43acdd0070393388d0f8,ajYAna,basic,Napumsaka,sasthi,षष्ठी,"a relation, including possession",dvi,द्वे,ajYAnayoH,1,locally_regenerated,"[{""form_slp1"": ""ajYAnayoH"", ""steps"": [{""rule_source"": ""azwADyAyI"", ""rule"": ""1.2.45"", ""result"": [""ajYAna""]}, {""rule_source"": ""azwADyAyI"", ""rule"": ""4.1.2"", ""result"": [""ajYAna"", ""os""]}, {""rule_source"": ""azwADyAyI"", ""rule"": ""1.3.4"", ""result"": [""ajYAna"", ""os""]}, {""rule_source"": ""azwADyAyI"", ""rule"": ""1.4.13"", ""result"": [""ajYAna"", ""os""]}, {""rule_source"": ""azwADyAyI"", ""rule"": ""1.4.18"", ""result"": [""ajYAna"", ""os""]}, {""rule_source"": ""azwADyAyI"", ""rule"": ""1.4.14"", ""result"": [""ajYAna"", ""os""]}, {""rule_source"": ""azwADyAyI"", ""rule"": ""7.3.104"", ""result"": [""ajYAne"", ""os""]}, {""rule_source"": ""azwADyAyI"", ""rule"": ""6.1.78"", ""result"": [""ajYAnay"", ""os""]}, {""rule_source"": ""azwADyAyI"", ""rule"": ""8.2.66"", ""result"": [""ajYAnay"", ""oru~""]}, {""rule_source"": ""azwADyAyI"", ""rule"": ""1.3.2"", ""result"": [""ajYAnay"", ""or""]}, {""rule_source"": ""azwADyAyI"", ""rule"": ""8.3.15"", ""result"": [""ajYAnay"", ""oH""]}, {""rule_source"": ""azwADyAyI"", ""rule"": ""8.4.68"", ""result"": [""ajYAnay"", ""oH""]}]}]"
ajnana,"अज्ञानम् (ajñānam), absence of knowledge",nan_ledger.csv.gz,43acdd0070393388d0f8,ajYAna,basic,Napumsaka,sasthi,षष्ठी,"a relation, including possession",bahu,बहूनि,ajYAnAnAm,1,locally_regenerated,"[{""form_slp1"": ""ajYAnAnAm"", ""steps"": [{""rule_source"": ""azwADyAyI"", ""rule"": ""1.2.45"", ""result"": [""ajYAna""]}, {""rule_source"": ""azwADyAyI"", ""rule"": ""4.1.2"", ""result"": [""ajYAna"", ""Am""]}, {""rule_source"": ""azwADyAyI"", ""rule"": ""1.3.4"", ""result"": [""ajYAna"", ""Am""]}, {""rule_source"": ""azwADyAyI"", ""rule"": ""7.1.54"", ""result"": [""ajYAna"", ""nu~w"", ""Am""]}, {""rule_source"": ""azwADyAyI"", ""rule"": ""1.3.2"", ""result"": [""ajYAna"", ""nu~w"", ""Am""]}, {""rule_source"": ""azwADyAyI"", ""rule"": ""1.3.3"", ""result"": [""ajYAna"", ""nu~w"", ""Am""]}, {""rule_source"": ""azwADyAyI"", ""rule"": ""1.3.9"", ""result"": [""ajYAna"", ""n"", ""Am""]}, {""rule_source"": ""azwADyAyI"", ""rule"": ""1.4.13"", ""result"": [""ajYAna"", ""n"", ""Am""]}, {""rule_source"": ""azwADyAyI"", ""rule"": ""1.4.17"", ""result"": [""ajYAna"", ""n"", ""Am""]}, {""rule_source"": ""azwADyAyI"", ""rule"": ""1.4.14"", ""result"": [""ajYAna"", ""n"", ""Am""]}, {""rule_source"": ""azwADyAyI"", ""rule"": ""6.4.3"", ""result"": [""ajYAnA"", ""n"", ""Am""]}, {""rule_source"": ""azwADyAyI"", ""rule"": ""8.4.68"", ""result"": [""ajYAnA"", ""n"", ""Am""]}]}]"
ajnana,"अज्ञानम् (ajñānam), absence of knowledge",nan_ledger.csv.gz,43acdd0070393388d0f8,ajYAna,basic,Napumsaka,saptami,सप्तमी,"the location, setting, or topic",eka,एकम्,ajYAne,1,locally_regenerated,"[{""form_slp1"": ""ajYAne"", ""steps"": [{""rule_source"": ""azwADyAyI"", ""rule"": ""1.2.45"", ""result"": [""ajYAna""]}, {""rule_source"": ""azwADyAyI"", ""rule"": ""4.1.2"", ""result"": [""ajYAna"", ""Ni""]}, {""rule_source"": ""azwADyAyI"", ""rule"": ""1.3.8"", ""result"": [""ajYAna"", ""Ni""]}, {""rule_source"": ""azwADyAyI"", ""rule"": ""1.3.9"", ""result"": [""ajYAna"", ""i""]}, {""rule_source"": ""azwADyAyI"", ""rule"": ""1.4.13"", ""result"": [""ajYAna"", ""i""]}, {""rule_source"": ""azwADyAyI"", ""rule"": ""1.4.18"", ""result"": [""ajYAna"", ""i""]}, {""rule_source"": ""azwADyAyI"", ""rule"": ""1.4.14"", ""result"": [""ajYAna"", ""i""]}, {""rule_source"": ""azwADyAyI"", ""rule"": ""6.1.87"", ""result"": [""ajYAn"", ""e""]}, {""rule_source"": ""azwADyAyI"", ""rule"": ""8.4.68"", ""result"": [""ajYAn"", ""e""]}]}]"
ajnana,"अज्ञानम् (ajñānam), absence of knowledge",nan_ledger.csv.gz,43acdd0070393388d0f8,ajYAna,basic,Napumsaka,saptami,सप्तमी,"the location, setting, or topic",dvi,द्वे,ajYAnayoH,1,locally_regenerated,"[{""form_slp1"": ""ajYAnayoH"", ""steps"": [{""rule_source"": ""azwADyAyI"", ""rule"": ""1.2.45"", ""result"": [""ajYAna""]}, {""rule_source"": ""azwADyAyI"", ""rule"": ""4.1.2"", ""result"": [""ajYAna"", ""os""]}, {""rule_source"": ""azwADyAyI"", ""rule"": ""1.3.4"", ""result"": [""ajYAna"", ""os""]}, {""rule_source"": ""azwADyAyI"", ""rule"": ""1.4.13"", ""result"": [""ajYAna"", ""os""]}, {""rule_source"": ""azwADyAyI"", ""rule"": ""1.4.18"", ""result"": [""ajYAna"", ""os""]}, {""rule_source"": ""azwADyAyI"", ""rule"": ""1.4.14"", ""result"": [""ajYAna"", ""os""]}, {""rule_source"": ""azwADyAyI"", ""rule"": ""7.3.104"", ""result"": [""ajYAne"", ""os""]}, {""rule_source"": ""azwADyAyI"", ""rule"": ""6.1.78"", ""result"": [""ajYAnay"", ""os""]}, {""rule_source"": ""azwADyAyI"", ""rule"": ""8.2.66"", ""result"": [""ajYAnay"", ""oru~""]}, {""rule_source"": ""azwADyAyI"", ""rule"": ""1.3.2"", ""result"": [""ajYAnay"", ""or""]}, {""rule_source"": ""azwADyAyI"", ""rule"": ""8.3.15"", ""result"": [""ajYAnay"", ""oH""]}, {""rule_source"": ""azwADyAyI"", ""rule"": ""8.4.68"", ""result"": [""ajYAnay"", ""oH""]}]}]"
ajnana,"अज्ञानम् (ajñānam), absence of knowledge",nan_ledger.csv.gz,43acdd0070393388d0f8,ajYAna,basic,Napumsaka,saptami,सप्तमी,"the location, setting, or topic",bahu,बहूनि,ajYAnezu,1,locally_regenerated,"[{""form_slp1"": ""ajYAnezu"", ""steps"": [{""rule_source"": ""azwADyAyI"", ""rule"": ""1.2.45"", ""result"": [""ajYAna""]}, {""rule_source"": ""azwADyAyI"", ""rule"": ""4.1.2"", ""result"": [""ajYAna"", ""sup""]}, {""rule_source"": ""azwADyAyI"", ""rule"": ""1.3.3"", ""result"": [""ajYAna"", ""sup""]}, {""rule_source"": ""azwADyAyI"", ""rule"": ""1.3.9"", ""result"": [""ajYAna"", ""su""]}, {""rule_source"": ""azwADyAyI"", ""rule"": ""1.4.13"", ""result"": [""ajYAna"", ""su""]}, {""rule_source"": ""azwADyAyI"", ""rule"": ""1.4.17"", ""result"": [""ajYAna"", ""su""]}, {""rule_source"": ""azwADyAyI"", ""rule"": ""1.4.14"", ""result"": [""ajYAna"", ""su""]}, {""rule_source"": ""azwADyAyI"", ""rule"": ""7.3.103"", ""result"": [""ajYAne"", ""su""]}, {""rule_source"": ""azwADyAyI"", ""rule"": ""8.3.59"", ""result"": [""ajYAne"", ""zu""]}, {""rule_source"": ""azwADyAyI"", ""rule"": ""8.4.68"", ""result"": [""ajYAne"", ""zu""]}]}]"
ajnana,"अज्ञानम् (ajñānam), absence of knowledge",nan_ledger.csv.gz,43acdd0070393388d0f8,ajYAna,basic,Napumsaka,sambodhana,सम्बोधनम्,direct address,eka,एकम्,ajYAna,1,locally_regenerated,"[{""form_slp1"": ""ajYAna"", ""steps"": [{""rule_source"": ""azwADyAyI"", ""rule"": ""1.2.45"", ""result"": [""ajYAna""]}, {""rule_source"": ""azwADyAyI"", ""rule"": ""4.1.2"", ""result"": [""ajYAna"", ""su~""]}, {""rule_source"": ""azwADyAyI"", ""rule"": ""1.3.2"", ""result"": [""ajYAna"", ""su~""]}, {""rule_source"": ""azwADyAyI"", ""rule"": ""1.3.9"", ""result"": [""ajYAna"", ""s""]}, {""rule_source"": ""azwADyAyI"", ""rule"": ""2.3.48"", ""result"": [""ajYAna"", ""s""]}, {""rule_source"": ""azwADyAyI"", ""rule"": ""2.3.49"", ""result"": [""ajYAna"", ""s""]}, {""rule_source"": ""azwADyAyI"", ""rule"": ""2.3.48"", ""result"": [""ajYAna"", ""s""]}, {""rule_source"": ""azwADyAyI"", ""rule"": ""2.3.49"", ""result"": [""ajYAna"", ""s""]}, {""rule_source"": ""azwADyAyI"", ""rule"": ""7.1.24"", ""result"": [""ajYAna"", ""am""]}, {""rule_source"": ""azwADyAyI"", ""rule"": ""1.3.4"", ""result"": [""ajYAna"", ""am""]}, {""rule_source"": ""azwADyAyI"", ""rule"": ""1.4.13"", ""result"": [""ajYAna"", ""am""]}, {""rule_source"": ""azwADyAyI"", ""rule"": ""1.4.18"", ""result"": [""ajYAna"", ""am""]}, {""rule_source"": ""azwADyAyI"", ""rule"": ""1.4.14"", ""result"": [""ajYAna"", ""am""]}, {""rule_source"": ""azwADyAyI"", ""rule"": ""6.1.107"", ""result"": [""ajYAna"", ""m""]}, {""rule_source"": ""azwADyAyI"", ""rule"": ""6.1.69"", ""result"": [""ajYAna"", """"]}, {""rule_source"": ""azwADyAyI"", ""rule"": ""8.4.68"", ""result"": [""ajYAna"", """"]}]}]"
ajnana,"अज्ञानम् (ajñānam), absence of knowledge",nan_ledger.csv.gz,43acdd0070393388d0f8,ajYAna,basic,Napumsaka,sambodhana,सम्बोधनम्,direct address,dvi,द्वे,ajYAne,1,locally_regenerated,"[{""form_slp1"": ""ajYAne"", ""steps"": [{""rule_source"": ""azwADyAyI"", ""rule"": ""1.2.45"", ""result"": [""ajYAna""]}, {""rule_source"": ""azwADyAyI"", ""rule"": ""4.1.2"", ""result"": [""ajYAna"", ""O""]}, {""rule_source"": ""azwADyAyI"", ""rule"": ""2.3.48"", ""result"": [""ajYAna"", ""O""]}, {""rule_source"": ""azwADyAyI"", ""rule"": ""2.3.48"", ""result"": [""ajYAna"", ""O""]}, {""rule_source"": ""azwADyAyI"", ""rule"": ""1.4.13"", ""result"": [""ajYAna"", ""O""]}, {""rule_source"": ""azwADyAyI"", ""rule"": ""7.1.19"", ""result"": [""ajYAna"", ""SI""]}, {""rule_source"": ""azwADyAyI"", ""rule"": ""1.3.8"", ""result"": [""ajYAna"", ""SI""]}, {""rule_source"": ""azwADyAyI"", ""rule"": ""1.3.9"", ""result"": [""ajYAna"", ""I""]}, {""rule_source"": ""azwADyAyI"", ""rule"": ""1.4.18"", ""result"": [""ajYAna"", ""I""]}, {""rule_source"": ""azwADyAyI"", ""rule"": ""1.4.14"", ""result"": [""ajYAna"", ""I""]}, {""rule_source"": ""vArttikAH"", ""rule"": ""6.4.148.1"", ""result"": [""ajYAna"", ""I""]}, {""rule_source"": ""azwADyAyI"", ""rule"": ""6.1.104"", ""result"": [""ajYAna"", ""I""]}, {""rule_source"": ""azwADyAyI"", ""rule"": ""6.1.87"", ""result"": [""ajYAn"", ""e""]}, {""rule_source"": ""azwADyAyI"", ""rule"": ""8.4.68"", ""result"": [""ajYAn"", ""e""]}]}]"
ajnana,"अज्ञानम् (ajñānam), absence of knowledge",nan_ledger.csv.gz,43acdd0070393388d0f8,ajYAna,basic,Napumsaka,sambodhana,सम्बोधनम्,direct address,bahu,बहूनि,ajYAnAni,1,locally_regenerated,"[{""form_slp1"": ""ajYAnAni"", ""steps"": [{""rule_source"": ""azwADyAyI"", ""rule"": ""1.2.45"", ""result"": [""ajYAna""]}, {""rule_source"": ""azwADyAyI"", ""rule"": ""4.1.2"", ""result"": [""ajYAna"", ""jas""]}, {""rule_source"": ""azwADyAyI"", ""rule"": ""1.3.4"", ""result"": [""ajYAna"", ""jas""]}, {""rule_source"": ""azwADyAyI"", ""rule"": ""1.3.7"", ""result"": [""ajYAna"", ""jas""]}, {""rule_source"": ""azwADyAyI"", ""rule"": ""1.3.9"", ""result"": [""ajYAna"", ""as""]}, {""rule_source"": ""azwADyAyI"", ""rule"": ""2.3.48"", ""result"": [""ajYAna"", ""as""]}, {""rule_source"": ""azwADyAyI"", ""rule"": ""2.3.48"", ""result"": [""ajYAna"", ""as""]}, {""rule_source"": ""azwADyAyI"", ""rule"": ""1.4.13"", ""result"": [""ajYAna"", ""as""]}, {""rule_source"": ""azwADyAyI"", ""rule"": ""7.1.20"", ""result"": [""ajYAna"", ""Si""]}, {""rule_source"": ""azwADyAyI"", ""rule"": ""1.3.8"", ""result"": [""ajYAna"", ""Si""]}, {""rule_source"": ""azwADyAyI"", ""rule"": ""1.3.9"", ""result"": [""ajYAna"", ""i""]}, {""rule_source"": ""azwADyAyI"", ""rule"": ""1.1.42"", ""result"": [""ajYAna"", ""i""]}, {""rule_source"": ""azwADyAyI"", ""rule"": ""1.4.14"", ""result"": [""ajYAna"", ""i""]}, {""rule_source"": ""azwADyAyI"", ""rule"": ""7.1.72"", ""result"": [""ajYAnan"", ""i""]}, {""rule_source"": ""azwADyAyI"", ""rule"": ""6.4.8"", ""result"": [""ajYAnAn"", ""i""]}, {""rule_source"": ""azwADyAyI"", ""rule"": ""8.4.68"", ""result"": [""ajYAnAn"", ""i""]}]}]"
mahapurusha,"महापुरुषः (mahāpuruṣaḥ), a great person",samasa_ledger.csv,f2d107d0d66e1f1f,mahApuruza,basic,Pum,prathama,प्रथमा,naming or identifying the participant,eka,एकम्,mahApuruzaH,1,locally_regenerated,"[{""form_slp1"": ""mahApuruzaH"", ""steps"": [{""rule_source"": ""azwADyAyI"", ""rule"": ""1.2.45"", ""result"": [""mahApuruza""]}, {""rule_source"": ""azwADyAyI"", ""rule"": ""4.1.2"", ""result"": [""mahApuruza"", ""su~""]}, {""rule_source"": ""azwADyAyI"", ""rule"": ""1.3.2"", ""result"": [""mahApuruza"", ""su~""]}, {""rule_source"": ""azwADyAyI"", ""rule"": ""1.3.9"", ""result"": [""mahApuruza"", ""s""]}, {""rule_source"": ""azwADyAyI"", ""rule"": ""1.1.43"", ""result"": [""mahApuruza"", ""s""]}, {""rule_source"": ""azwADyAyI"", ""rule"": ""1.1.43"", ""result"": [""mahApuruza"", ""s""]}, {""rule_source"": ""azwADyAyI"", ""rule"": ""1.4.13"", ""result"": [""mahApuruza"", ""s""]}, {""rule_source"": ""azwADyAyI"", ""rule"": ""1.4.14"", ""result"": [""mahApuruza"", ""s""]}, {""rule_source"": ""azwADyAyI"", ""rule"": ""8.2.66"", ""result"": [""mahApuruza"", ""ru~""]}, {""rule_source"": ""azwADyAyI"", ""rule"": ""1.3.2"", ""result"": [""mahApuruza"", ""r""]}, {""rule_source"": ""azwADyAyI"", ""rule"": ""8.3.15"", ""result"": [""mahApuruza"", ""H""]}, {""rule_source"": ""azwADyAyI"", ""rule"": ""8.4.68"", ""result"": [""mahApuruza"", ""H""]}]}]"
mahapurusha,"महापुरुषः (mahāpuruṣaḥ), a great person",samasa_ledger.csv,f2d107d0d66e1f1f,mahApuruza,basic,Pum,prathama,प्रथमा,naming or identifying the participant,dvi,द्वे,mahApuruzO,1,locally_regenerated,"[{""form_slp1"": ""mahApuruzO"", ""steps"": [{""rule_source"": ""azwADyAyI"", ""rule"": ""1.2.45"", ""result"": [""mahApuruza""]}, {""rule_source"": ""azwADyAyI"", ""rule"": ""4.1.2"", ""result"": [""mahApuruza"", ""O""]}, {""rule_source"": ""azwADyAyI"", ""rule"": ""1.1.43"", ""result"": [""mahApuruza"", ""O""]}, {""rule_source"": ""azwADyAyI"", ""rule"": ""1.1.43"", ""result"": [""mahApuruza"", ""O""]}, {""rule_source"": ""azwADyAyI"", ""rule"": ""1.4.13"", ""result"": [""mahApuruza"", ""O""]}, {""rule_source"": ""azwADyAyI"", ""rule"": ""1.4.14"", ""result"": [""mahApuruza"", ""O""]}, {""rule_source"": ""azwADyAyI"", ""rule"": ""6.1.104"", ""result"": [""mahApuruza"", ""O""]}, {""rule_source"": ""azwADyAyI"", ""rule"": ""6.1.88"", ""result"": [""mahApuruz"", ""O""]}, {""rule_source"": ""azwADyAyI"", ""rule"": ""8.4.68"", ""result"": [""mahApuruz"", ""O""]}]}]"
mahapurusha,"महापुरुषः (mahāpuruṣaḥ), a great person",samasa_ledger.csv,f2d107d0d66e1f1f,mahApuruza,basic,Pum,prathama,प्रथमा,naming or identifying the participant,bahu,बहूनि,mahApuruzAH,1,locally_regenerated,"[{""form_slp1"": ""mahApuruzAH"", ""steps"": [{""rule_source"": ""azwADyAyI"", ""rule"": ""1.2.45"", ""result"": [""mahApuruza""]}, {""rule_source"": ""azwADyAyI"", ""rule"": ""4.1.2"", ""result"": [""mahApuruza"", ""jas""]}, {""rule_source"": ""azwADyAyI"", ""rule"": ""1.3.4"", ""result"": [""mahApuruza"", ""jas""]}, {""rule_source"": ""azwADyAyI"", ""rule"": ""1.3.7"", ""result"": [""mahApuruza"", ""jas""]}, {""rule_source"": ""azwADyAyI"", ""rule"": ""1.3.9"", ""result"": [""mahApuruza"", ""as""]}, {""rule_source"": ""azwADyAyI"", ""rule"": ""1.1.43"", ""result"": [""mahApuruza"", ""as""]}, {""rule_source"": ""azwADyAyI"", ""rule"": ""1.1.43"", ""result"": [""mahApuruza"", ""as""]}, {""rule_source"": ""azwADyAyI"", ""rule"": ""1.4.13"", ""result"": [""mahApuruza"", ""as""]}, {""rule_source"": ""azwADyAyI"", ""rule"": ""1.4.14"", ""result"": [""mahApuruza"", ""as""]}, {""rule_source"": ""azwADyAyI"", ""rule"": ""6.1.102"", ""result"": [""mahApuruza"", ""As""]}, {""rule_source"": ""azwADyAyI"", ""rule"": ""6.1.101"", ""result"": [""mahApuruzA"", ""s""]}, {""rule_source"": ""azwADyAyI"", ""rule"": ""8.2.66"", ""result"": [""mahApuruzA"", ""ru~""]}, {""rule_source"": ""azwADyAyI"", ""rule"": ""1.3.2"", ""result"": [""mahApuruzA"", ""r""]}, {""rule_source"": ""azwADyAyI"", ""rule"": ""8.3.15"", ""result"": [""mahApuruzA"", ""H""]}, {""rule_source"": ""azwADyAyI"", ""rule"": ""8.4.68"", ""result"": [""mahApuruzA"", ""H""]}]}]"
mahapurusha,"महापुरुषः (mahāpuruṣaḥ), a great person",samasa_ledger.csv,f2d107d0d66e1f1f,mahApuruza,basic,Pum,dvitiya,द्वितीया,"the object, extent, or destination",eka,एकम्,mahApuruzam,1,locally_regenerated,"[{""form_slp1"": ""mahApuruzam"", ""steps"": [{""rule_source"": ""azwADyAyI"", ""rule"": ""1.2.45"", ""result"": [""mahApuruza""]}, {""rule_source"": ""azwADyAyI"", ""rule"": ""4.1.2"", ""result"": [""mahApuruza"", ""am""]}, {""rule_source"": ""azwADyAyI"", ""rule"": ""1.3.4"", ""result"": [""mahApuruza"", ""am""]}, {""rule_source"": ""azwADyAyI"", ""rule"": ""1.1.43"", ""result"": [""mahApuruza"", ""am""]}, {""rule_source"": ""azwADyAyI"", ""rule"": ""1.1.43"", ""result"": [""mahApuruza"", ""am""]}, {""rule_source"": ""azwADyAyI"", ""rule"": ""1.4.13"", ""result"": [""mahApuruza"", ""am""]}, {""rule_source"": ""azwADyAyI"", ""rule"": ""1.4.14"", ""result"": [""mahApuruza"", ""am""]}, {""rule_source"": ""azwADyAyI"", ""rule"": ""6.1.107"", ""result"": [""mahApuruza"", ""m""]}, {""rule_source"": ""azwADyAyI"", ""rule"": ""8.4.68"", ""result"": [""mahApuruza"", ""m""]}]}]"
mahapurusha,"महापुरुषः (mahāpuruṣaḥ), a great person",samasa_ledger.csv,f2d107d0d66e1f1f,mahApuruza,basic,Pum,dvitiya,द्वितीया,"the object, extent, or destination",dvi,द्वे,mahApuruzO,1,locally_regenerated,"[{""form_slp1"": ""mahApuruzO"", ""steps"": [{""rule_source"": ""azwADyAyI"", ""rule"": ""1.2.45"", ""result"": [""mahApuruza""]}, {""rule_source"": ""azwADyAyI"", ""rule"": ""4.1.2"", ""result"": [""mahApuruza"", ""Ow""]}, {""rule_source"": ""azwADyAyI"", ""rule"": ""1.3.3"", ""result"": [""mahApuruza"", ""Ow""]}, {""rule_source"": ""azwADyAyI"", ""rule"": ""1.3.9"", ""result"": [""mahApuruza"", ""O""]}, {""rule_source"": ""azwADyAyI"", ""rule"": ""1.1.43"", ""result"": [""mahApuruza"", ""O""]}, {""rule_source"": ""azwADyAyI"", ""rule"": ""1.1.43"", ""result"": [""mahApuruza"", ""O""]}, {""rule_source"": ""azwADyAyI"", ""rule"": ""1.4.13"", ""result"": [""mahApuruza"", ""O""]}, {""rule_source"": ""azwADyAyI"", ""rule"": ""1.4.14"", ""result"": [""mahApuruza"", ""O""]}, {""rule_source"": ""azwADyAyI"", ""rule"": ""6.1.104"", ""result"": [""mahApuruza"", ""O""]}, {""rule_source"": ""azwADyAyI"", ""rule"": ""6.1.88"", ""result"": [""mahApuruz"", ""O""]}, {""rule_source"": ""azwADyAyI"", ""rule"": ""8.4.68"", ""result"": [""mahApuruz"", ""O""]}]}]"
mahapurusha,"महापुरुषः (mahāpuruṣaḥ), a great person",samasa_ledger.csv,f2d107d0d66e1f1f,mahApuruza,basic,Pum,dvitiya,द्वितीया,"the object, extent, or destination",bahu,बहूनि,mahApuruzAn,1,locally_regenerated,"[{""form_slp1"": ""mahApuruzAn"", ""steps"": [{""rule_source"": ""azwADyAyI"", ""rule"": ""1.2.45"", ""result"": [""mahApuruza""]}, {""rule_source"": ""azwADyAyI"", ""rule"": ""4.1.2"", ""result"": [""mahApuruza"", ""Sas""]}, {""rule_source"": ""azwADyAyI"", ""rule"": ""1.3.4"", ""result"": [""mahApuruza"", ""Sas""]}, {""rule_source"": ""azwADyAyI"", ""rule"": ""1.3.8"", ""result"": [""mahApuruza"", ""Sas""]}, {""rule_source"": ""azwADyAyI"", ""rule"": ""1.3.9"", ""result"": [""mahApuruza"", ""as""]}, {""rule_source"": ""azwADyAyI"", ""rule"": ""1.4.13"", ""result"": [""mahApuruza"", ""as""]}, {""rule_source"": ""azwADyAyI"", ""rule"": ""1.4.18"", ""result"": [""mahApuruza"", ""as""]}, {""rule_source"": ""azwADyAyI"", ""rule"": ""1.4.14"", ""result"": [""mahApuruza"", ""as""]}, {""rule_source"": ""azwADyAyI"", ""rule"": ""6.1.102"", ""result"": [""mahApuruza"", ""As""]}, {""rule_source"": ""azwADyAyI"", ""rule"": ""6.1.103"", ""result"": [""mahApuruza"", ""An""]}, {""rule_source"": ""azwADyAyI"", ""rule"": ""6.1.101"", ""result"": [""mahApuruzA"", ""n""]}, {""rule_source"": ""azwADyAyI"", ""rule"": ""8.4.37"", ""result"": [""mahApuruzA"", ""n""]}, {""rule_source"": ""azwADyAyI"", ""rule"": ""8.4.68"", ""result"": [""mahApuruzA"", ""n""]}]}]"
mahapurusha,"महापुरुषः (mahāpuruṣaḥ), a great person",samasa_ledger.csv,f2d107d0d66e1f1f,mahApuruza,basic,Pum,trtiya,तृतीया,"the means, instrument, or accompaniment",eka,एकम्,mahApuruzeRa,1,locally_regenerated,"[{""form_slp1"": ""mahApuruzeRa"", ""steps"": [{""rule_source"": ""azwADyAyI"", ""rule"": ""1.2.45"", ""result"": [""mahApuruza""]}, {""rule_source"": ""azwADyAyI"", ""rule"": ""4.1.2"", ""result"": [""mahApuruza"", ""wA""]}, {""rule_source"": ""azwADyAyI"", ""rule"": ""1.3.7"", ""result"": [""mahApuruza"", ""wA""]}, {""rule_source"": ""azwADyAyI"", ""rule"": ""1.3.9"", ""result"": [""mahApuruza"", ""A""]}, {""rule_source"": ""azwADyAyI"", ""rule"": ""1.4.13"", ""result"": [""mahApuruza"", ""A""]}, {""rule_source"": ""azwADyAyI"", ""rule"": ""7.1.12"", ""result"": [""mahApuruza"", ""ina""]}, {""rule_source"": ""azwADyAyI"", ""rule"": ""1.4.18"", ""result"": [""mahApuruza"", ""ina""]}, {""rule_source"": ""azwADyAyI"", ""rule"": ""1.4.14"", ""result"": [""mahApuruza"", ""ina""]}, {""rule_source"": ""azwADyAyI"", ""rule"": ""6.1.87"", ""result"": [""mahApuruz"", ""ena""]}, {""rule_source"": ""azwADyAyI"", ""rule"": ""8.4.2"", ""result"": [""mahApuruz"", ""eRa""]}, {""rule_source"": ""azwADyAyI"", ""rule"": ""8.4.68"", ""result"": [""mahApuruz"", ""eRa""]}]}]"
mahapurusha,"महापुरुषः (mahāpuruṣaḥ), a great person",samasa_ledger.csv,f2d107d0d66e1f1f,mahApuruza,basic,Pum,trtiya,तृतीया,"the means, instrument, or accompaniment",dvi,द्वे,mahApuruzAByAm,1,locally_regenerated,"[{""form_slp1"": ""mahApuruzAByAm"", ""steps"": [{""rule_source"": ""azwADyAyI"", ""rule"": ""1.2.45"", ""result"": [""mahApuruza""]}, {""rule_source"": ""azwADyAyI"", ""rule"": ""4.1.2"", ""result"": [""mahApuruza"", ""ByAm""]}, {""rule_source"": ""azwADyAyI"", ""rule"": ""1.3.4"", ""result"": [""mahApuruza"", ""ByAm""]}, {""rule_source"": ""azwADyAyI"", ""rule"": ""1.4.13"", ""result"": [""mahApuruza"", ""ByAm""]}, {""rule_source"": ""azwADyAyI"", ""rule"": ""1.4.17"", ""result"": [""mahApuruza"", ""ByAm""]}, {""rule_source"": ""azwADyAyI"", ""rule"": ""1.4.14"", ""result"": [""mahApuruza"", ""ByAm""]}, {""rule_source"": ""azwADyAyI"", ""rule"": ""7.3.102"", ""result"": [""mahApuruzA"", ""ByAm""]}, {""rule_source"": ""azwADyAyI"", ""rule"": ""8.4.68"", ""result"": [""mahApuruzA"", ""ByAm""]}]}]"
mahapurusha,"महापुरुषः (mahāpuruṣaḥ), a great person",samasa_ledger.csv,f2d107d0d66e1f1f,mahApuruza,basic,Pum,trtiya,तृतीया,"the means, instrument, or accompaniment",bahu,बहूनि,mahApuruzEH,1,locally_regenerated,"[{""form_slp1"": ""mahApuruzEH"", ""steps"": [{""rule_source"": ""azwADyAyI"", ""rule"": ""1.2.45"", ""result"": [""mahApuruza""]}, {""rule_source"": ""azwADyAyI"", ""rule"": ""4.1.2"", ""result"": [""mahApuruza"", ""Bis""]}, {""rule_source"": ""azwADyAyI"", ""rule"": ""1.3.4"", ""result"": [""mahApuruza"", ""Bis""]}, {""rule_source"": ""azwADyAyI"", ""rule"": ""1.4.13"", ""result"": [""mahApuruza"", ""Bis""]}, {""rule_source"": ""azwADyAyI"", ""rule"": ""7.1.9"", ""result"": [""mahApuruza"", ""Es""]}, {""rule_source"": ""azwADyAyI"", ""rule"": ""1.4.18"", ""result"": [""mahApuruza"", ""Es""]}, {""rule_source"": ""azwADyAyI"", ""rule"": ""1.4.14"", ""result"": [""mahApuruza"", ""Es""]}, {""rule_source"": ""azwADyAyI"", ""rule"": ""6.1.88"", ""result"": [""mahApuruz"", ""Es""]}, {""rule_source"": ""azwADyAyI"", ""rule"": ""8.2.66"", ""result"": [""mahApuruz"", ""Eru~""]}, {""rule_source"": ""azwADyAyI"", ""rule"": ""1.3.2"", ""result"": [""mahApuruz"", ""Er""]}, {""rule_source"": ""azwADyAyI"", ""rule"": ""8.3.15"", ""result"": [""mahApuruz"", ""EH""]}, {""rule_source"": ""azwADyAyI"", ""rule"": ""8.4.68"", ""result"": [""mahApuruz"", ""EH""]}]}]"
mahapurusha,"महापुरुषः (mahāpuruṣaḥ), a great person",samasa_ledger.csv,f2d107d0d66e1f1f,mahApuruza,basic,Pum,caturthi,चतुर्थी,"the recipient, beneficiary, or purpose",eka,एकम्,mahApuruzAya,1,locally_regenerated,"[{""form_slp1"": ""mahApuruzAya"", ""steps"": [{""rule_source"": ""azwADyAyI"", ""rule"": ""1.2.45"", ""result"": [""mahApuruza""]}, {""rule_source"": ""azwADyAyI"", ""rule"": ""4.1.2"", ""result"": [""mahApuruza"", ""Ne""]}, {""rule_source"": ""azwADyAyI"", ""rule"": ""1.3.8"", ""result"": [""mahApuruza"", ""Ne""]}, {""rule_source"": ""azwADyAyI"", ""rule"": ""1.3.9"", ""result"": [""mahApuruza"", ""e""]}, {""rule_source"": ""azwADyAyI"", ""rule"": ""1.4.13"", ""result"": [""mahApuruza"", ""e""]}, {""rule_source"": ""azwADyAyI"", ""rule"": ""7.1.13"", ""result"": [""mahApuruza"", ""ya""]}, {""rule_source"": ""azwADyAyI"", ""rule"": ""1.4.18"", ""result"": [""mahApuruza"", ""ya""]}, {""rule_source"": ""azwADyAyI"", ""rule"": ""1.4.14"", ""result"": [""mahApuruza"", ""ya""]}, {""rule_source"": ""azwADyAyI"", ""rule"": ""7.3.102"", ""result"": [""mahApuruzA"", ""ya""]}, {""rule_source"": ""azwADyAyI"", ""rule"": ""8.4.68"", ""result"": [""mahApuruzA"", ""ya""]}]}]"
mahapurusha,"महापुरुषः (mahāpuruṣaḥ), a great person",samasa_ledger.csv,f2d107d0d66e1f1f,mahApuruza,basic,Pum,caturthi,चतुर्थी,"the recipient, beneficiary, or purpose",dvi,द्वे,mahApuruzAByAm,1,locally_regenerated,"[{""form_slp1"": ""mahApuruzAByAm"", ""steps"": [{""rule_source"": ""azwADyAyI"", ""rule"": ""1.2.45"", ""result"": [""mahApuruza""]}, {""rule_source"": ""azwADyAyI"", ""rule"": ""4.1.2"", ""result"": [""mahApuruza"", ""ByAm""]}, {""rule_source"": ""azwADyAyI"", ""rule"": ""1.3.4"", ""result"": [""mahApuruza"", ""ByAm""]}, {""rule_source"": ""azwADyAyI"", ""rule"": ""1.4.13"", ""result"": [""mahApuruza"", ""ByAm""]}, {""rule_source"": ""azwADyAyI"", ""rule"": ""1.4.17"", ""result"": [""mahApuruza"", ""ByAm""]}, {""rule_source"": ""azwADyAyI"", ""rule"": ""1.4.14"", ""result"": [""mahApuruza"", ""ByAm""]}, {""rule_source"": ""azwADyAyI"", ""rule"": ""7.3.102"", ""result"": [""mahApuruzA"", ""ByAm""]}, {""rule_source"": ""azwADyAyI"", ""rule"": ""8.4.68"", ""result"": [""mahApuruzA"", ""ByAm""]}]}]"
mahapurusha,"महापुरुषः (mahāpuruṣaḥ), a great person",samasa_ledger.csv,f2d107d0d66e1f1f,mahApuruza,basic,Pum,caturthi,चतुर्थी,"the recipient, beneficiary, or purpose",bahu,बहूनि,mahApuruzeByaH,1,locally_regenerated,"[{""form_slp1"": ""mahApuruzeByaH"", ""steps"": [{""rule_source"": ""azwADyAyI"", ""rule"": ""1.2.45"", ""result"": [""mahApuruza""]}, {""rule_source"": ""azwADyAyI"", ""rule"": ""4.1.2"", ""result"": [""mahApuruza"", ""Byas""]}, {""rule_source"": ""azwADyAyI"", ""rule"": ""1.3.4"", ""result"": [""mahApuruza"", ""Byas""]}, {""rule_source"": ""azwADyAyI"", ""rule"": ""1.4.13"", ""result"": [""mahApuruza"", ""Byas""]}, {""rule_source"": ""azwADyAyI"", ""rule"": ""1.4.17"", ""result"": [""mahApuruza"", ""Byas""]}, {""rule_source"": ""azwADyAyI"", ""rule"": ""1.4.14"", ""result"": [""mahApuruza"", ""Byas""]}, {""rule_source"": ""azwADyAyI"", ""rule"": ""7.3.103"", ""result"": [""mahApuruze"", ""Byas""]}, {""rule_source"": ""azwADyAyI"", ""rule"": ""8.2.66"", ""result"": [""mahApuruze"", ""Byaru~""]}, {""rule_source"": ""azwADyAyI"", ""rule"": ""1.3.2"", ""result"": [""mahApuruze"", ""Byar""]}, {""rule_source"": ""azwADyAyI"", ""rule"": ""8.3.15"", ""result"": [""mahApuruze"", ""ByaH""]}, {""rule_source"": ""azwADyAyI"", ""rule"": ""8.4.68"", ""result"": [""mahApuruze"", ""ByaH""]}]}]"
mahapurusha,"महापुरुषः (mahāpuruṣaḥ), a great person",samasa_ledger.csv,f2d107d0d66e1f1f,mahApuruza,basic,Pum,panchami,पञ्चमी,"the source, separation, or comparison point",eka,एकम्,mahApuruzAd;mahApuruzAt,2,locally_regenerated,"[{""form_slp1"": ""mahApuruzAt"", ""steps"": [{""rule_source"": ""azwADyAyI"", ""rule"": ""1.2.45"", ""result"": [""mahApuruza""]}, {""rule_source"": ""azwADyAyI"", ""rule"": ""4.1.2"", ""result"": [""mahApuruza"", ""Nasi~""]}, {""rule_source"": ""azwADyAyI"", ""rule"": ""1.3.2"", ""result"": [""mahApuruza"", ""Nasi~""]}, {""rule_source"": ""azwADyAyI"", ""rule"": ""1.3.8"", ""result"": [""mahApuruza"", ""Nasi~""]}, {""rule_source"": ""azwADyAyI"", ""rule"": ""1.3.9"", ""result"": [""mahApuruza"", ""as""]}, {""rule_source"": ""azwADyAyI"", ""rule"": ""1.4.13"", ""result"": [""mahApuruza"", ""as""]}, {""rule_source"": ""azwADyAyI"", ""rule"": ""7.1.12"", ""result"": [""mahApuruza"", ""At""]}, {""rule_source"": ""azwADyAyI"", ""rule"": ""1.4.18"", ""result"": [""mahApuruza"", ""At""]}, {""rule_source"": ""azwADyAyI"", ""rule"": ""1.4.14"", ""result"": [""mahApuruza"", ""At""]}, {""rule_source"": ""azwADyAyI"", ""rule"": ""6.1.101"", ""result"": [""mahApuruzA"", ""t""]}, {""rule_source"": ""azwADyAyI"", ""rule"": ""8.2.39"", ""result"": [""mahApuruzA"", ""d""]}, {""rule_source"": ""azwADyAyI"", ""rule"": ""8.4.56"", ""result"": [""mahApuruzA"", ""t""]}, {""rule_source"": ""azwADyAyI"", ""rule"": ""8.4.68"", ""result"": [""mahApuruzA"", ""t""]}]}, {""form_slp1"": ""mahApuruzAd"", ""steps"": [{""rule_source"": ""azwADyAyI"", ""rule"": ""1.2.45"", ""result"": [""mahApuruza""]}, {""rule_source"": ""azwADyAyI"", ""rule"": ""4.1.2"", ""result"": [""mahApuruza"", ""Nasi~""]}, {""rule_source"": ""azwADyAyI"", ""rule"": ""1.3.2"", ""result"": [""mahApuruza"", ""Nasi~""]}, {""rule_source"": ""azwADyAyI"", ""rule"": ""1.3.8"", ""result"": [""mahApuruza"", ""Nasi~""]}, {""rule_source"": ""azwADyAyI"", ""rule"": ""1.3.9"", ""result"": [""mahApuruza"", ""as""]}, {""rule_source"": ""azwADyAyI"", ""rule"": ""1.4.13"", ""result"": [""mahApuruza"", ""as""]}, {""rule_source"": ""azwADyAyI"", ""rule"": ""7.1.12"", ""result"": [""mahApuruza"", ""At""]}, {""rule_source"": ""azwADyAyI"", ""rule"": ""1.4.18"", ""result"": [""mahApuruza"", ""At""]}, {""rule_source"": ""azwADyAyI"", ""rule"": ""1.4.14"", ""result"": [""mahApuruza"", ""At""]}, {""rule_source"": ""azwADyAyI"", ""rule"": ""6.1.101"", ""result"": [""mahApuruzA"", ""t""]}, {""rule_source"": ""azwADyAyI"", ""rule"": ""8.2.39"", ""result"": [""mahApuruzA"", ""d""]}, {""rule_source"": ""azwADyAyI"", ""rule"": ""8.4.68"", ""result"": [""mahApuruzA"", ""d""]}]}]"
mahapurusha,"महापुरुषः (mahāpuruṣaḥ), a great person",samasa_ledger.csv,f2d107d0d66e1f1f,mahApuruza,basic,Pum,panchami,पञ्चमी,"the source, separation, or comparison point",dvi,द्वे,mahApuruzAByAm,1,locally_regenerated,"[{""form_slp1"": ""mahApuruzAByAm"", ""steps"": [{""rule_source"": ""azwADyAyI"", ""rule"": ""1.2.45"", ""result"": [""mahApuruza""]}, {""rule_source"": ""azwADyAyI"", ""rule"": ""4.1.2"", ""result"": [""mahApuruza"", ""ByAm""]}, {""rule_source"": ""azwADyAyI"", ""rule"": ""1.3.4"", ""result"": [""mahApuruza"", ""ByAm""]}, {""rule_source"": ""azwADyAyI"", ""rule"": ""1.4.13"", ""result"": [""mahApuruza"", ""ByAm""]}, {""rule_source"": ""azwADyAyI"", ""rule"": ""1.4.17"", ""result"": [""mahApuruza"", ""ByAm""]}, {""rule_source"": ""azwADyAyI"", ""rule"": ""1.4.14"", ""result"": [""mahApuruza"", ""ByAm""]}, {""rule_source"": ""azwADyAyI"", ""rule"": ""7.3.102"", ""result"": [""mahApuruzA"", ""ByAm""]}, {""rule_source"": ""azwADyAyI"", ""rule"": ""8.4.68"", ""result"": [""mahApuruzA"", ""ByAm""]}]}]"
mahapurusha,"महापुरुषः (mahāpuruṣaḥ), a great person",samasa_ledger.csv,f2d107d0d66e1f1f,mahApuruza,basic,Pum,panchami,पञ्चमी,"the source, separation, or comparison point",bahu,बहूनि,mahApuruzeByaH,1,locally_regenerated,"[{""form_slp1"": ""mahApuruzeByaH"", ""steps"": [{""rule_source"": ""azwADyAyI"", ""rule"": ""1.2.45"", ""result"": [""mahApuruza""]}, {""rule_source"": ""azwADyAyI"", ""rule"": ""4.1.2"", ""result"": [""mahApuruza"", ""Byas""]}, {""rule_source"": ""azwADyAyI"", ""rule"": ""1.3.4"", ""result"": [""mahApuruza"", ""Byas""]}, {""rule_source"": ""azwADyAyI"", ""rule"": ""1.4.13"", ""result"": [""mahApuruza"", ""Byas""]}, {""rule_source"": ""azwADyAyI"", ""rule"": ""1.4.17"", ""result"": [""mahApuruza"", ""Byas""]}, {""rule_source"": ""azwADyAyI"", ""rule"": ""1.4.14"", ""result"": [""mahApuruza"", ""Byas""]}, {""rule_source"": ""azwADyAyI"", ""rule"": ""7.3.103"", ""result"": [""mahApuruze"", ""Byas""]}, {""rule_source"": ""azwADyAyI"", ""rule"": ""8.2.66"", ""result"": [""mahApuruze"", ""Byaru~""]}, {""rule_source"": ""azwADyAyI"", ""rule"": ""1.3.2"", ""result"": [""mahApuruze"", ""Byar""]}, {""rule_source"": ""azwADyAyI"", ""rule"": ""8.3.15"", ""result"": [""mahApuruze"", ""ByaH""]}, {""rule_source"": ""azwADyAyI"", ""rule"": ""8.4.68"", ""result"": [""mahApuruze"", ""ByaH""]}]}]"
mahapurusha,"महापुरुषः (mahāpuruṣaḥ), a great person",samasa_ledger.csv,f2d107d0d66e1f1f,mahApuruza,basic,Pum,sasthi,षष्ठी,"a relation, including possession",eka,एकम्,mahApuruzasya,1,locally_regenerated,"[{""form_slp1"": ""mahApuruzasya"", ""steps"": [{""rule_source"": ""azwADyAyI"", ""rule"": ""1.2.45"", ""result"": [""mahApuruza""]}, {""rule_source"": ""azwADyAyI"", ""rule"": ""4.1.2"", ""result"": [""mahApuruza"", ""Nas""]}, {""rule_source"": ""azwADyAyI"", ""rule"": ""1.3.4"", ""result"": [""mahApuruza"", ""Nas""]}, {""rule_source"": ""azwADyAyI"", ""rule"": ""1.3.8"", ""result"": [""mahApuruza"", ""Nas""]}, {""rule_source"": ""azwADyAyI"", ""rule"": ""1.3.9"", ""result"": [""mahApuruza"", ""as""]}, {""rule_source"": ""azwADyAyI"", ""rule"": ""1.4.13"", ""result"": [""mahApuruza"", ""as""]}, {""rule_source"": ""azwADyAyI"", ""rule"": ""7.1.12"", ""result"": [""mahApuruza"", ""sya""]}, {""rule_source"": ""azwADyAyI"", ""rule"": ""1.4.17"", ""result"": [""mahApuruza"", ""sya""]}, {""rule_source"": ""azwADyAyI"", ""rule"": ""1.4.14"", ""result"": [""mahApuruza"", ""sya""]}, {""rule_source"": ""azwADyAyI"", ""rule"": ""8.4.68"", ""result"": [""mahApuruza"", ""sya""]}]}]"
mahapurusha,"महापुरुषः (mahāpuruṣaḥ), a great person",samasa_ledger.csv,f2d107d0d66e1f1f,mahApuruza,basic,Pum,sasthi,षष्ठी,"a relation, including possession",dvi,द्वे,mahApuruzayoH,1,locally_regenerated,"[{""form_slp1"": ""mahApuruzayoH"", ""steps"": [{""rule_source"": ""azwADyAyI"", ""rule"": ""1.2.45"", ""result"": [""mahApuruza""]}, {""rule_source"": ""azwADyAyI"", ""rule"": ""4.1.2"", ""result"": [""mahApuruza"", ""os""]}, {""rule_source"": ""azwADyAyI"", ""rule"": ""1.3.4"", ""result"": [""mahApuruza"", ""os""]}, {""rule_source"": ""azwADyAyI"", ""rule"": ""1.4.13"", ""result"": [""mahApuruza"", ""os""]}, {""rule_source"": ""azwADyAyI"", ""rule"": ""1.4.18"", ""result"": [""mahApuruza"", ""os""]}, {""rule_source"": ""azwADyAyI"", ""rule"": ""1.4.14"", ""result"": [""mahApuruza"", ""os""]}, {""rule_source"": ""azwADyAyI"", ""rule"": ""7.3.104"", ""result"": [""mahApuruze"", ""os""]}, {""rule_source"": ""azwADyAyI"", ""rule"": ""6.1.78"", ""result"": [""mahApuruzay"", ""os""]}, {""rule_source"": ""azwADyAyI"", ""rule"": ""8.2.66"", ""result"": [""mahApuruzay"", ""oru~""]}, {""rule_source"": ""azwADyAyI"", ""rule"": ""1.3.2"", ""result"": [""mahApuruzay"", ""or""]}, {""rule_source"": ""azwADyAyI"", ""rule"": ""8.3.15"", ""result"": [""mahApuruzay"", ""oH""]}, {""rule_source"": ""azwADyAyI"", ""rule"": ""8.4.68"", ""result"": [""mahApuruzay"", ""oH""]}]}]"
mahapurusha,"महापुरुषः (mahāpuruṣaḥ), a great person",samasa_ledger.csv,f2d107d0d66e1f1f,mahApuruza,basic,Pum,sasthi,षष्ठी,"a relation, including possession",bahu,बहूनि,mahApuruzARAm,1,locally_regenerated,"[{""form_slp1"": ""mahApuruzARAm"", ""steps"": [{""rule_source"": ""azwADyAyI"", ""rule"": ""1.2.45"", ""result"": [""mahApuruza""]}, {""rule_source"": ""azwADyAyI"", ""rule"": ""4.1.2"", ""result"": [""mahApuruza"", ""Am""]}, {""rule_source"": ""azwADyAyI"", ""rule"": ""1.3.4"", ""result"": [""mahApuruza"", ""Am""]}, {""rule_source"": ""azwADyAyI"", ""rule"": ""7.1.54"", ""result"": [""mahApuruza"", ""nu~w"", ""Am""]}, {""rule_source"": ""azwADyAyI"", ""rule"": ""1.3.2"", ""result"": [""mahApuruza"", ""nu~w"", ""Am""]}, {""rule_source"": ""azwADyAyI"", ""rule"": ""1.3.3"", ""result"": [""mahApuruza"", ""nu~w"", ""Am""]}, {""rule_source"": ""azwADyAyI"", ""rule"": ""1.3.9"", ""result"": [""mahApuruza"", ""n"", ""Am""]}, {""rule_source"": ""azwADyAyI"", ""rule"": ""1.4.13"", ""result"": [""mahApuruza"", ""n"", ""Am""]}, {""rule_source"": ""azwADyAyI"", ""rule"": ""1.4.17"", ""result"": [""mahApuruza"", ""n"", ""Am""]}, {""rule_source"": ""azwADyAyI"", ""rule"": ""1.4.14"", ""result"": [""mahApuruza"", ""n"", ""Am""]}, {""rule_source"": ""azwADyAyI"", ""rule"": ""6.4.3"", ""result"": [""mahApuruzA"", ""n"", ""Am""]}, {""rule_source"": ""azwADyAyI"", ""rule"": ""8.4.2"", ""result"": [""mahApuruzA"", ""R"", ""Am""]}, {""rule_source"": ""azwADyAyI"", ""rule"": ""8.4.68"", ""result"": [""mahApuruzA"", ""R"", ""Am""]}]}]"
mahapurusha,"महापुरुषः (mahāpuruṣaḥ), a great person",samasa_ledger.csv,f2d107d0d66e1f1f,mahApuruza,basic,Pum,saptami,सप्तमी,"the location, setting, or topic",eka,एकम्,mahApuruze,1,locally_regenerated,"[{""form_slp1"": ""mahApuruze"", ""steps"": [{""rule_source"": ""azwADyAyI"", ""rule"": ""1.2.45"", ""result"": [""mahApuruza""]}, {""rule_source"": ""azwADyAyI"", ""rule"": ""4.1.2"", ""result"": [""mahApuruza"", ""Ni""]}, {""rule_source"": ""azwADyAyI"", ""rule"": ""1.3.8"", ""result"": [""mahApuruza"", ""Ni""]}, {""rule_source"": ""azwADyAyI"", ""rule"": ""1.3.9"", ""result"": [""mahApuruza"", ""i""]}, {""rule_source"": ""azwADyAyI"", ""rule"": ""1.4.13"", ""result"": [""mahApuruza"", ""i""]}, {""rule_source"": ""azwADyAyI"", ""rule"": ""1.4.18"", ""result"": [""mahApuruza"", ""i""]}, {""rule_source"": ""azwADyAyI"", ""rule"": ""1.4.14"", ""result"": [""mahApuruza"", ""i""]}, {""rule_source"": ""azwADyAyI"", ""rule"": ""6.1.87"", ""result"": [""mahApuruz"", ""e""]}, {""rule_source"": ""azwADyAyI"", ""rule"": ""8.4.68"", ""result"": [""mahApuruz"", ""e""]}]}]"
mahapurusha,"महापुरुषः (mahāpuruṣaḥ), a great person",samasa_ledger.csv,f2d107d0d66e1f1f,mahApuruza,basic,Pum,saptami,सप्तमी,"the location, setting, or topic",dvi,द्वे,mahApuruzayoH,1,locally_regenerated,"[{""form_slp1"": ""mahApuruzayoH"", ""steps"": [{""rule_source"": ""azwADyAyI"", ""rule"": ""1.2.45"", ""result"": [""mahApuruza""]}, {""rule_source"": ""azwADyAyI"", ""rule"": ""4.1.2"", ""result"": [""mahApuruza"", ""os""]}, {""rule_source"": ""azwADyAyI"", ""rule"": ""1.3.4"", ""result"": [""mahApuruza"", ""os""]}, {""rule_source"": ""azwADyAyI"", ""rule"": ""1.4.13"", ""result"": [""mahApuruza"", ""os""]}, {""rule_source"": ""azwADyAyI"", ""rule"": ""1.4.18"", ""result"": [""mahApuruza"", ""os""]}, {""rule_source"": ""azwADyAyI"", ""rule"": ""1.4.14"", ""result"": [""mahApuruza"", ""os""]}, {""rule_source"": ""azwADyAyI"", ""rule"": ""7.3.104"", ""result"": [""mahApuruze"", ""os""]}, {""rule_source"": ""azwADyAyI"", ""rule"": ""6.1.78"", ""result"": [""mahApuruzay"", ""os""]}, {""rule_source"": ""azwADyAyI"", ""rule"": ""8.2.66"", ""result"": [""mahApuruzay"", ""oru~""]}, {""rule_source"": ""azwADyAyI"", ""rule"": ""1.3.2"", ""result"": [""mahApuruzay"", ""or""]}, {""rule_source"": ""azwADyAyI"", ""rule"": ""8.3.15"", ""result"": [""mahApuruzay"", ""oH""]}, {""rule_source"": ""azwADyAyI"", ""rule"": ""8.4.68"", ""result"": [""mahApuruzay"", ""oH""]}]}]"
mahapurusha,"महापुरुषः (mahāpuruṣaḥ), a great person",samasa_ledger.csv,f2d107d0d66e1f1f,mahApuruza,basic,Pum,saptami,सप्तमी,"the location, setting, or topic",bahu,बहूनि,mahApuruzezu,1,locally_regenerated,"[{""form_slp1"": ""mahApuruzezu"", ""steps"": [{""rule_source"": ""azwADyAyI"", ""rule"": ""1.2.45"", ""result"": [""mahApuruza""]}, {""rule_source"": ""azwADyAyI"", ""rule"": ""4.1.2"", ""result"": [""mahApuruza"", ""sup""]}, {""rule_source"": ""azwADyAyI"", ""rule"": ""1.3.3"", ""result"": [""mahApuruza"", ""sup""]}, {""rule_source"": ""azwADyAyI"", ""rule"": ""1.3.9"", ""result"": [""mahApuruza"", ""su""]}, {""rule_source"": ""azwADyAyI"", ""rule"": ""1.4.13"", ""result"": [""mahApuruza"", ""su""]}, {""rule_source"": ""azwADyAyI"", ""rule"": ""1.4.17"", ""result"": [""mahApuruza"", ""su""]}, {""rule_source"": ""azwADyAyI"", ""rule"": ""1.4.14"", ""result"": [""mahApuruza"", ""su""]}, {""rule_source"": ""azwADyAyI"", ""rule"": ""7.3.103"", ""result"": [""mahApuruze"", ""su""]}, {""rule_source"": ""azwADyAyI"", ""rule"": ""8.3.59"", ""result"": [""mahApuruze"", ""zu""]}, {""rule_source"": ""azwADyAyI"", ""rule"": ""8.4.68"", ""result"": [""mahApuruze"", ""zu""]}]}]"
mahapurusha,"महापुरुषः (mahāpuruṣaḥ), a great person",samasa_ledger.csv,f2d107d0d66e1f1f,mahApuruza,basic,Pum,sambodhana,सम्बोधनम्,direct address,eka,एकम्,mahApuruza,1,locally_regenerated,"[{""form_slp1"": ""mahApuruza"", ""steps"": [{""rule_source"": ""azwADyAyI"", ""rule"": ""1.2.45"", ""result"": [""mahApuruza""]}, {""rule_source"": ""azwADyAyI"", ""rule"": ""4.1.2"", ""result"": [""mahApuruza"", ""su~""]}, {""rule_source"": ""azwADyAyI"", ""rule"": ""1.3.2"", ""result"": [""mahApuruza"", ""su~""]}, {""rule_source"": ""azwADyAyI"", ""rule"": ""1.3.9"", ""result"": [""mahApuruza"", ""s""]}, {""rule_source"": ""azwADyAyI"", ""rule"": ""2.3.48"", ""result"": [""mahApuruza"", ""s""]}, {""rule_source"": ""azwADyAyI"", ""rule"": ""2.3.49"", ""result"": [""mahApuruza"", ""s""]}, {""rule_source"": ""azwADyAyI"", ""rule"": ""1.1.43"", ""result"": [""mahApuruza"", ""s""]}, {""rule_source"": ""azwADyAyI"", ""rule"": ""2.3.48"", ""result"": [""mahApuruza"", ""s""]}, {""rule_source"": ""azwADyAyI"", ""rule"": ""2.3.49"", ""result"": [""mahApuruza"", ""s""]}, {""rule_source"": ""azwADyAyI"", ""rule"": ""1.1.43"", ""result"": [""mahApuruza"", ""s""]}, {""rule_source"": ""azwADyAyI"", ""rule"": ""1.4.13"", ""result"": [""mahApuruza"", ""s""]}, {""rule_source"": ""azwADyAyI"", ""rule"": ""1.4.14"", ""result"": [""mahApuruza"", ""s""]}, {""rule_source"": ""azwADyAyI"", ""rule"": ""6.1.69"", ""result"": [""mahApuruza"", """"]}, {""rule_source"": ""azwADyAyI"", ""rule"": ""8.4.68"", ""result"": [""mahApuruza"", """"]}]}]"
mahapurusha,"महापुरुषः (mahāpuruṣaḥ), a great person",samasa_ledger.csv,f2d107d0d66e1f1f,mahApuruza,basic,Pum,sambodhana,सम्बोधनम्,direct address,dvi,द्वे,mahApuruzO,1,locally_regenerated,"[{""form_slp1"": ""mahApuruzO"", ""steps"": [{""rule_source"": ""azwADyAyI"", ""rule"": ""1.2.45"", ""result"": [""mahApuruza""]}, {""rule_source"": ""azwADyAyI"", ""rule"": ""4.1.2"", ""result"": [""mahApuruza"", ""O""]}, {""rule_source"": ""azwADyAyI"", ""rule"": ""2.3.48"", ""result"": [""mahApuruza"", ""O""]}, {""rule_source"": ""azwADyAyI"", ""rule"": ""1.1.43"", ""result"": [""mahApuruza"", ""O""]}, {""rule_source"": ""azwADyAyI"", ""rule"": ""2.3.48"", ""result"": [""mahApuruza"", ""O""]}, {""rule_source"": ""azwADyAyI"", ""rule"": ""1.1.43"", ""result"": [""mahApuruza"", ""O""]}, {""rule_source"": ""azwADyAyI"", ""rule"": ""1.4.13"", ""result"": [""mahApuruza"", ""O""]}, {""rule_source"": ""azwADyAyI"", ""rule"": ""1.4.14"", ""result"": [""mahApuruza"", ""O""]}, {""rule_source"": ""azwADyAyI"", ""rule"": ""6.1.104"", ""result"": [""mahApuruza"", ""O""]}, {""rule_source"": ""azwADyAyI"", ""rule"": ""6.1.88"", ""result"": [""mahApuruz"", ""O""]}, {""rule_source"": ""azwADyAyI"", ""rule"": ""8.4.68"", ""result"": [""mahApuruz"", ""O""]}]}]"
mahapurusha,"महापुरुषः (mahāpuruṣaḥ), a great person",samasa_ledger.csv,f2d107d0d66e1f1f,mahApuruza,basic,Pum,sambodhana,सम्बोधनम्,direct address,bahu,बहूनि,mahApuruzAH,1,locally_regenerated,"[{""form_slp1"": ""mahApuruzAH"", ""steps"": [{""rule_source"": ""azwADyAyI"", ""rule"": ""1.2.45"", ""result"": [""mahApuruza""]}, {""rule_source"": ""azwADyAyI"", ""rule"": ""4.1.2"", ""result"": [""mahApuruza"", ""jas""]}, {""rule_source"": ""azwADyAyI"", ""rule"": ""1.3.4"", ""result"": [""mahApuruza"", ""jas""]}, {""rule_source"": ""azwADyAyI"", ""rule"": ""1.3.7"", ""result"": [""mahApuruza"", ""jas""]}, {""rule_source"": ""azwADyAyI"", ""rule"": ""1.3.9"", ""result"": [""mahApuruza"", ""as""]}, {""rule_source"": ""azwADyAyI"", ""rule"": ""2.3.48"", ""result"": [""mahApuruza"", ""as""]}, {""rule_source"": ""azwADyAyI"", ""rule"": ""1.1.43"", ""result"": [""mahApuruza"", ""as""]}, {""rule_source"": ""azwADyAyI"", ""rule"": ""2.3.48"", ""result"": [""mahApuruza"", ""as""]}, {""rule_source"": ""azwADyAyI"", ""rule"": ""1.1.43"", ""result"": [""mahApuruza"", ""as""]}, {""rule_source"": ""azwADyAyI"", ""rule"": ""1.4.13"", ""result"": [""mahApuruza"", ""as""]}, {""rule_source"": ""azwADyAyI"", ""rule"": ""1.4.14"", ""result"": [""mahApuruza"", ""as""]}, {""rule_source"": ""azwADyAyI"", ""rule"": ""6.1.102"", ""result"": [""mahApuruza"", ""As""]}, {""rule_source"": ""azwADyAyI"", ""rule"": ""6.1.101"", ""result"": [""mahApuruzA"", ""s""]}, {""rule_source"": ""azwADyAyI"", ""rule"": ""8.2.66"", ""result"": [""mahApuruzA"", ""ru~""]}, {""rule_source"": ""azwADyAyI"", ""rule"": ""1.3.2"", ""result"": [""mahApuruzA"", ""r""]}, {""rule_source"": ""azwADyAyI"", ""rule"": ""8.3.15"", ""result"": [""mahApuruzA"", ""H""]}, {""rule_source"": ""azwADyAyI"", ""rule"": ""8.4.68"", ""result"": [""mahApuruzA"", ""H""]}]}]"
mahapurushatva,"महापुरुषत्वम् (mahāpuruṣatvam), the state of being a great person",compound_stack_ledger.csv,64a320b049c25388fbd0,mahApuruzatva,basic,Napumsaka,prathama,प्रथमा,naming or identifying the participant,eka,एकम्,mahApuruzatvam,1,locally_regenerated,"[{""form_slp1"": ""mahApuruzatvam"", ""steps"": [{""rule_source"": ""azwADyAyI"", ""rule"": ""1.2.45"", ""result"": [""mahApuruzatva""]}, {""rule_source"": ""azwADyAyI"", ""rule"": ""4.1.2"", ""result"": [""mahApuruzatva"", ""su~""]}, {""rule_source"": ""azwADyAyI"", ""rule"": ""1.3.2"", ""result"": [""mahApuruzatva"", ""su~""]}, {""rule_source"": ""azwADyAyI"", ""rule"": ""1.3.9"", ""result"": [""mahApuruzatva"", ""s""]}, {""rule_source"": ""azwADyAyI"", ""rule"": ""7.1.24"", ""result"": [""mahApuruzatva"", ""am""]}, {""rule_source"": ""azwADyAyI"", ""rule"": ""1.3.4"", ""result"": [""mahApuruzatva"", ""am""]}, {""rule_source"": ""azwADyAyI"", ""rule"": ""1.4.13"", ""result"": [""mahApuruzatva"", ""am""]}, {""rule_source"": ""azwADyAyI"", ""rule"": ""1.4.18"", ""result"": [""mahApuruzatva"", ""am""]}, {""rule_source"": ""azwADyAyI"", ""rule"": ""1.4.14"", ""result"": [""mahApuruzatva"", ""am""]}, {""rule_source"": ""azwADyAyI"", ""rule"": ""6.1.107"", ""result"": [""mahApuruzatva"", ""m""]}, {""rule_source"": ""azwADyAyI"", ""rule"": ""8.4.68"", ""result"": [""mahApuruzatva"", ""m""]}]}]"
mahapurushatva,"महापुरुषत्वम् (mahāpuruṣatvam), the state of being a great person",compound_stack_ledger.csv,64a320b049c25388fbd0,mahApuruzatva,basic,Napumsaka,prathama,प्रथमा,naming or identifying the participant,dvi,द्वे,mahApuruzatve,1,locally_regenerated,"[{""form_slp1"": ""mahApuruzatve"", ""steps"": [{""rule_source"": ""azwADyAyI"", ""rule"": ""1.2.45"", ""result"": [""mahApuruzatva""]}, {""rule_source"": ""azwADyAyI"", ""rule"": ""4.1.2"", ""result"": [""mahApuruzatva"", ""O""]}, {""rule_source"": ""azwADyAyI"", ""rule"": ""1.4.13"", ""result"": [""mahApuruzatva"", ""O""]}, {""rule_source"": ""azwADyAyI"", ""rule"": ""7.1.19"", ""result"": [""mahApuruzatva"", ""SI""]}, {""rule_source"": ""azwADyAyI"", ""rule"": ""1.3.8"", ""result"": [""mahApuruzatva"", ""SI""]}, {""rule_source"": ""azwADyAyI"", ""rule"": ""1.3.9"", ""result"": [""mahApuruzatva"", ""I""]}, {""rule_source"": ""azwADyAyI"", ""rule"": ""1.4.18"", ""result"": [""mahApuruzatva"", ""I""]}, {""rule_source"": ""azwADyAyI"", ""rule"": ""1.4.14"", ""result"": [""mahApuruzatva"", ""I""]}, {""rule_source"": ""vArttikAH"", ""rule"": ""6.4.148.1"", ""result"": [""mahApuruzatva"", ""I""]}, {""rule_source"": ""azwADyAyI"", ""rule"": ""6.1.104"", ""result"": [""mahApuruzatva"", ""I""]}, {""rule_source"": ""azwADyAyI"", ""rule"": ""6.1.87"", ""result"": [""mahApuruzatv"", ""e""]}, {""rule_source"": ""azwADyAyI"", ""rule"": ""8.4.68"", ""result"": [""mahApuruzatv"", ""e""]}]}]"
mahapurushatva,"महापुरुषत्वम् (mahāpuruṣatvam), the state of being a great person",compound_stack_ledger.csv,64a320b049c25388fbd0,mahApuruzatva,basic,Napumsaka,prathama,प्रथमा,naming or identifying the participant,bahu,बहूनि,mahApuruzatvAni,1,locally_regenerated,"[{""form_slp1"": ""mahApuruzatvAni"", ""steps"": [{""rule_source"": ""azwADyAyI"", ""rule"": ""1.2.45"", ""result"": [""mahApuruzatva""]}, {""rule_source"": ""azwADyAyI"", ""rule"": ""4.1.2"", ""result"": [""mahApuruzatva"", ""jas""]}, {""rule_source"": ""azwADyAyI"", ""rule"": ""1.3.4"", ""result"": [""mahApuruzatva"", ""jas""]}, {""rule_source"": ""azwADyAyI"", ""rule"": ""1.3.7"", ""result"": [""mahApuruzatva"", ""jas""]}, {""rule_source"": ""azwADyAyI"", ""rule"": ""1.3.9"", ""result"": [""mahApuruzatva"", ""as""]}, {""rule_source"": ""azwADyAyI"", ""rule"": ""1.4.13"", ""result"": [""mahApuruzatva"", ""as""]}, {""rule_source"": ""azwADyAyI"", ""rule"": ""7.1.20"", ""result"": [""mahApuruzatva"", ""Si""]}, {""rule_source"": ""azwADyAyI"", ""rule"": ""1.3.8"", ""result"": [""mahApuruzatva"", ""Si""]}, {""rule_source"": ""azwADyAyI"", ""rule"": ""1.3.9"", ""result"": [""mahApuruzatva"", ""i""]}, {""rule_source"": ""azwADyAyI"", ""rule"": ""1.1.42"", ""result"": [""mahApuruzatva"", ""i""]}, {""rule_source"": ""azwADyAyI"", ""rule"": ""1.4.14"", ""result"": [""mahApuruzatva"", ""i""]}, {""rule_source"": ""azwADyAyI"", ""rule"": ""7.1.72"", ""result"": [""mahApuruzatvan"", ""i""]}, {""rule_source"": ""azwADyAyI"", ""rule"": ""6.4.8"", ""result"": [""mahApuruzatvAn"", ""i""]}, {""rule_source"": ""azwADyAyI"", ""rule"": ""8.4.68"", ""result"": [""mahApuruzatvAn"", ""i""]}]}]"
mahapurushatva,"महापुरुषत्वम् (mahāpuruṣatvam), the state of being a great person",compound_stack_ledger.csv,64a320b049c25388fbd0,mahApuruzatva,basic,Napumsaka,dvitiya,द्वितीया,"the object, extent, or destination",eka,एकम्,mahApuruzatvam,1,locally_regenerated,"[{""form_slp1"": ""mahApuruzatvam"", ""steps"": [{""rule_source"": ""azwADyAyI"", ""rule"": ""1.2.45"", ""result"": [""mahApuruzatva""]}, {""rule_source"": ""azwADyAyI"", ""rule"": ""4.1.2"", ""result"": [""mahApuruzatva"", ""am""]}, {""rule_source"": ""azwADyAyI"", ""rule"": ""1.3.4"", ""result"": [""mahApuruzatva"", ""am""]}, {""rule_source"": ""azwADyAyI"", ""rule"": ""7.1.24"", ""result"": [""mahApuruzatva"", ""am""]}, {""rule_source"": ""azwADyAyI"", ""rule"": ""1.3.4"", ""result"": [""mahApuruzatva"", ""am""]}, {""rule_source"": ""azwADyAyI"", ""rule"": ""1.4.13"", ""result"": [""mahApuruzatva"", ""am""]}, {""rule_source"": ""azwADyAyI"", ""rule"": ""1.4.18"", ""result"": [""mahApuruzatva"", ""am""]}, {""rule_source"": ""azwADyAyI"", ""rule"": ""1.4.14"", ""result"": [""mahApuruzatva"", ""am""]}, {""rule_source"": ""azwADyAyI"", ""rule"": ""6.1.107"", ""result"": [""mahApuruzatva"", ""m""]}, {""rule_source"": ""azwADyAyI"", ""rule"": ""8.4.68"", ""result"": [""mahApuruzatva"", ""m""]}]}]"
mahapurushatva,"महापुरुषत्वम् (mahāpuruṣatvam), the state of being a great person",compound_stack_ledger.csv,64a320b049c25388fbd0,mahApuruzatva,basic,Napumsaka,dvitiya,द्वितीया,"the object, extent, or destination",dvi,द्वे,mahApuruzatve,1,locally_regenerated,"[{""form_slp1"": ""mahApuruzatve"", ""steps"": [{""rule_source"": ""azwADyAyI"", ""rule"": ""1.2.45"", ""result"": [""mahApuruzatva""]}, {""rule_source"": ""azwADyAyI"", ""rule"": ""4.1.2"", ""result"": [""mahApuruzatva"", ""Ow""]}, {""rule_source"": ""azwADyAyI"", ""rule"": ""1.3.3"", ""result"": [""mahApuruzatva"", ""Ow""]}, {""rule_source"": ""azwADyAyI"", ""rule"": ""1.3.9"", ""result"": [""mahApuruzatva"", ""O""]}, {""rule_source"": ""azwADyAyI"", ""rule"": ""1.4.13"", ""result"": [""mahApuruzatva"", ""O""]}, {""rule_source"": ""azwADyAyI"", ""rule"": ""7.1.19"", ""result"": [""mahApuruzatva"", ""SI""]}, {""rule_source"": ""azwADyAyI"", ""rule"": ""1.3.8"", ""result"": [""mahApuruzatva"", ""SI""]}, {""rule_source"": ""azwADyAyI"", ""rule"": ""1.3.9"", ""result"": [""mahApuruzatva"", ""I""]}, {""rule_source"": ""azwADyAyI"", ""rule"": ""1.4.18"", ""result"": [""mahApuruzatva"", ""I""]}, {""rule_source"": ""azwADyAyI"", ""rule"": ""1.4.14"", ""result"": [""mahApuruzatva"", ""I""]}, {""rule_source"": ""vArttikAH"", ""rule"": ""6.4.148.1"", ""result"": [""mahApuruzatva"", ""I""]}, {""rule_source"": ""azwADyAyI"", ""rule"": ""6.1.104"", ""result"": [""mahApuruzatva"", ""I""]}, {""rule_source"": ""azwADyAyI"", ""rule"": ""6.1.87"", ""result"": [""mahApuruzatv"", ""e""]}, {""rule_source"": ""azwADyAyI"", ""rule"": ""8.4.68"", ""result"": [""mahApuruzatv"", ""e""]}]}]"
mahapurushatva,"महापुरुषत्वम् (mahāpuruṣatvam), the state of being a great person",compound_stack_ledger.csv,64a320b049c25388fbd0,mahApuruzatva,basic,Napumsaka,dvitiya,द्वितीया,"the object, extent, or destination",bahu,बहूनि,mahApuruzatvAni,1,locally_regenerated,"[{""form_slp1"": ""mahApuruzatvAni"", ""steps"": [{""rule_source"": ""azwADyAyI"", ""rule"": ""1.2.45"", ""result"": [""mahApuruzatva""]}, {""rule_source"": ""azwADyAyI"", ""rule"": ""4.1.2"", ""result"": [""mahApuruzatva"", ""Sas""]}, {""rule_source"": ""azwADyAyI"", ""rule"": ""1.3.4"", ""result"": [""mahApuruzatva"", ""Sas""]}, {""rule_source"": ""azwADyAyI"", ""rule"": ""1.3.8"", ""result"": [""mahApuruzatva"", ""Sas""]}, {""rule_source"": ""azwADyAyI"", ""rule"": ""1.3.9"", ""result"": [""mahApuruzatva"", ""as""]}, {""rule_source"": ""azwADyAyI"", ""rule"": ""1.4.13"", ""result"": [""mahApuruzatva"", ""as""]}, {""rule_source"": ""azwADyAyI"", ""rule"": ""7.1.20"", ""result"": [""mahApuruzatva"", ""Si""]}, {""rule_source"": ""azwADyAyI"", ""rule"": ""1.3.8"", ""result"": [""mahApuruzatva"", ""Si""]}, {""rule_source"": ""azwADyAyI"", ""rule"": ""1.3.9"", ""result"": [""mahApuruzatva"", ""i""]}, {""rule_source"": ""azwADyAyI"", ""rule"": ""1.1.42"", ""result"": [""mahApuruzatva"", ""i""]}, {""rule_source"": ""azwADyAyI"", ""rule"": ""1.4.14"", ""result"": [""mahApuruzatva"", ""i""]}, {""rule_source"": ""azwADyAyI"", ""rule"": ""7.1.72"", ""result"": [""mahApuruzatvan"", ""i""]}, {""rule_source"": ""azwADyAyI"", ""rule"": ""6.4.8"", ""result"": [""mahApuruzatvAn"", ""i""]}, {""rule_source"": ""azwADyAyI"", ""rule"": ""8.4.68"", ""result"": [""mahApuruzatvAn"", ""i""]}]}]"
mahapurushatva,"महापुरुषत्वम् (mahāpuruṣatvam), the state of being a great person",compound_stack_ledger.csv,64a320b049c25388fbd0,mahApuruzatva,basic,Napumsaka,trtiya,तृतीया,"the means, instrument, or accompaniment",eka,एकम्,mahApuruzatvena,1,locally_regenerated,"[{""form_slp1"": ""mahApuruzatvena"", ""steps"": [{""rule_source"": ""azwADyAyI"", ""rule"": ""1.2.45"", ""result"": [""mahApuruzatva""]}, {""rule_source"": ""azwADyAyI"", ""rule"": ""4.1.2"", ""result"": [""mahApuruzatva"", ""wA""]}, {""rule_source"": ""azwADyAyI"", ""rule"": ""1.3.7"", ""result"": [""mahApuruzatva"", ""wA""]}, {""rule_source"": ""azwADyAyI"", ""rule"": ""1.3.9"", ""result"": [""mahApuruzatva"", ""A""]}, {""rule_source"": ""azwADyAyI"", ""rule"": ""1.4.13"", ""result"": [""mahApuruzatva"", ""A""]}, {""rule_source"": ""azwADyAyI"", ""rule"": ""7.1.12"", ""result"": [""mahApuruzatva"", ""ina""]}, {""rule_source"": ""azwADyAyI"", ""rule"": ""1.4.18"", ""result"": [""mahApuruzatva"", ""ina""]}, {""rule_source"": ""azwADyAyI"", ""rule"": ""1.4.14"", ""result"": [""mahApuruzatva"", ""ina""]}, {""rule_source"": ""azwADyAyI"", ""rule"": ""6.1.87"", ""result"": [""mahApuruzatv"", ""ena""]}, {""rule_source"": ""azwADyAyI"", ""rule"": ""8.4.68"", ""result"": [""mahApuruzatv"", ""ena""]}]}]"
mahapurushatva,"महापुरुषत्वम् (mahāpuruṣatvam), the state of being a great person",compound_stack_ledger.csv,64a320b049c25388fbd0,mahApuruzatva,basic,Napumsaka,trtiya,तृतीया,"the means, instrument, or accompaniment",dvi,द्वे,mahApuruzatvAByAm,1,locally_regenerated,"[{""form_slp1"": ""mahApuruzatvAByAm"", ""steps"": [{""rule_source"": ""azwADyAyI"", ""rule"": ""1.2.45"", ""result"": [""mahApuruzatva""]}, {""rule_source"": ""azwADyAyI"", ""rule"": ""4.1.2"", ""result"": [""mahApuruzatva"", ""ByAm""]}, {""rule_source"": ""azwADyAyI"", ""rule"": ""1.3.4"", ""result"": [""mahApuruzatva"", ""ByAm""]}, {""rule_source"": ""azwADyAyI"", ""rule"": ""1.4.13"", ""result"": [""mahApuruzatva"", ""ByAm""]}, {""rule_source"": ""azwADyAyI"", ""rule"": ""1.4.17"", ""result"": [""mahApuruzatva"", ""ByAm""]}, {""rule_source"": ""azwADyAyI"", ""rule"": ""1.4.14"", ""result"": [""mahApuruzatva"", ""ByAm""]}, {""rule_source"": ""azwADyAyI"", ""rule"": ""7.3.102"", ""result"": [""mahApuruzatvA"", ""ByAm""]}, {""rule_source"": ""azwADyAyI"", ""rule"": ""8.4.68"", ""result"": [""mahApuruzatvA"", ""ByAm""]}]}]"
mahapurushatva,"महापुरुषत्वम् (mahāpuruṣatvam), the state of being a great person",compound_stack_ledger.csv,64a320b049c25388fbd0,mahApuruzatva,basic,Napumsaka,trtiya,तृतीया,"the means, instrument, or accompaniment",bahu,बहूनि,mahApuruzatvEH,1,locally_regenerated,"[{""form_slp1"": ""mahApuruzatvEH"", ""steps"": [{""rule_source"": ""azwADyAyI"", ""rule"": ""1.2.45"", ""result"": [""mahApuruzatva""]}, {""rule_source"": ""azwADyAyI"", ""rule"": ""4.1.2"", ""result"": [""mahApuruzatva"", ""Bis""]}, {""rule_source"": ""azwADyAyI"", ""rule"": ""1.3.4"", ""result"": [""mahApuruzatva"", ""Bis""]}, {""rule_source"": ""azwADyAyI"", ""rule"": ""1.4.13"", ""result"": [""mahApuruzatva"", ""Bis""]}, {""rule_source"": ""azwADyAyI"", ""rule"": ""7.1.9"", ""result"": [""mahApuruzatva"", ""Es""]}, {""rule_source"": ""azwADyAyI"", ""rule"": ""1.4.18"", ""result"": [""mahApuruzatva"", ""Es""]}, {""rule_source"": ""azwADyAyI"", ""rule"": ""1.4.14"", ""result"": [""mahApuruzatva"", ""Es""]}, {""rule_source"": ""azwADyAyI"", ""rule"": ""6.1.88"", ""result"": [""mahApuruzatv"", ""Es""]}, {""rule_source"": ""azwADyAyI"", ""rule"": ""8.2.66"", ""result"": [""mahApuruzatv"", ""Eru~""]}, {""rule_source"": ""azwADyAyI"", ""rule"": ""1.3.2"", ""result"": [""mahApuruzatv"", ""Er""]}, {""rule_source"": ""azwADyAyI"", ""rule"": ""8.3.15"", ""result"": [""mahApuruzatv"", ""EH""]}, {""rule_source"": ""azwADyAyI"", ""rule"": ""8.4.68"", ""result"": [""mahApuruzatv"", ""EH""]}]}]"
mahapurushatva,"महापुरुषत्वम् (mahāpuruṣatvam), the state of being a great person",compound_stack_ledger.csv,64a320b049c25388fbd0,mahApuruzatva,basic,Napumsaka,caturthi,चतुर्थी,"the recipient, beneficiary, or purpose",eka,एकम्,mahApuruzatvAya,1,locally_regenerated,"[{""form_slp1"": ""mahApuruzatvAya"", ""steps"": [{""rule_source"": ""azwADyAyI"", ""rule"": ""1.2.45"", ""result"": [""mahApuruzatva""]}, {""rule_source"": ""azwADyAyI"", ""rule"": ""4.1.2"", ""result"": [""mahApuruzatva"", ""Ne""]}, {""rule_source"": ""azwADyAyI"", ""rule"": ""1.3.8"", ""result"": [""mahApuruzatva"", ""Ne""]}, {""rule_source"": ""azwADyAyI"", ""rule"": ""1.3.9"", ""result"": [""mahApuruzatva"", ""e""]}, {""rule_source"": ""azwADyAyI"", ""rule"": ""1.4.13"", ""result"": [""mahApuruzatva"", ""e""]}, {""rule_source"": ""azwADyAyI"", ""rule"": ""7.1.13"", ""result"": [""mahApuruzatva"", ""ya""]}, {""rule_source"": ""azwADyAyI"", ""rule"": ""1.4.18"", ""result"": [""mahApuruzatva"", ""ya""]}, {""rule_source"": ""azwADyAyI"", ""rule"": ""1.4.14"", ""result"": [""mahApuruzatva"", ""ya""]}, {""rule_source"": ""azwADyAyI"", ""rule"": ""7.3.102"", ""result"": [""mahApuruzatvA"", ""ya""]}, {""rule_source"": ""azwADyAyI"", ""rule"": ""8.4.68"", ""result"": [""mahApuruzatvA"", ""ya""]}]}]"
mahapurushatva,"महापुरुषत्वम् (mahāpuruṣatvam), the state of being a great person",compound_stack_ledger.csv,64a320b049c25388fbd0,mahApuruzatva,basic,Napumsaka,caturthi,चतुर्थी,"the recipient, beneficiary, or purpose",dvi,द्वे,mahApuruzatvAByAm,1,locally_regenerated,"[{""form_slp1"": ""mahApuruzatvAByAm"", ""steps"": [{""rule_source"": ""azwADyAyI"", ""rule"": ""1.2.45"", ""result"": [""mahApuruzatva""]}, {""rule_source"": ""azwADyAyI"", ""rule"": ""4.1.2"", ""result"": [""mahApuruzatva"", ""ByAm""]}, {""rule_source"": ""azwADyAyI"", ""rule"": ""1.3.4"", ""result"": [""mahApuruzatva"", ""ByAm""]}, {""rule_source"": ""azwADyAyI"", ""rule"": ""1.4.13"", ""result"": [""mahApuruzatva"", ""ByAm""]}, {""rule_source"": ""azwADyAyI"", ""rule"": ""1.4.17"", ""result"": [""mahApuruzatva"", ""ByAm""]}, {""rule_source"": ""azwADyAyI"", ""rule"": ""1.4.14"", ""result"": [""mahApuruzatva"", ""ByAm""]}, {""rule_source"": ""azwADyAyI"", ""rule"": ""7.3.102"", ""result"": [""mahApuruzatvA"", ""ByAm""]}, {""rule_source"": ""azwADyAyI"", ""rule"": ""8.4.68"", ""result"": [""mahApuruzatvA"", ""ByAm""]}]}]"
mahapurushatva,"महापुरुषत्वम् (mahāpuruṣatvam), the state of being a great person",compound_stack_ledger.csv,64a320b049c25388fbd0,mahApuruzatva,basic,Napumsaka,caturthi,चतुर्थी,"the recipient, beneficiary, or purpose",bahu,बहूनि,mahApuruzatveByaH,1,locally_regenerated,"[{""form_slp1"": ""mahApuruzatveByaH"", ""steps"": [{""rule_source"": ""azwADyAyI"", ""rule"": ""1.2.45"", ""result"": [""mahApuruzatva""]}, {""rule_source"": ""azwADyAyI"", ""rule"": ""4.1.2"", ""result"": [""mahApuruzatva"", ""Byas""]}, {""rule_source"": ""azwADyAyI"", ""rule"": ""1.3.4"", ""result"": [""mahApuruzatva"", ""Byas""]}, {""rule_source"": ""azwADyAyI"", ""rule"": ""1.4.13"", ""result"": [""mahApuruzatva"", ""Byas""]}, {""rule_source"": ""azwADyAyI"", ""rule"": ""1.4.17"", ""result"": [""mahApuruzatva"", ""Byas""]}, {""rule_source"": ""azwADyAyI"", ""rule"": ""1.4.14"", ""result"": [""mahApuruzatva"", ""Byas""]}, {""rule_source"": ""azwADyAyI"", ""rule"": ""7.3.103"", ""result"": [""mahApuruzatve"", ""Byas""]}, {""rule_source"": ""azwADyAyI"", ""rule"": ""8.2.66"", ""result"": [""mahApuruzatve"", ""Byaru~""]}, {""rule_source"": ""azwADyAyI"", ""rule"": ""1.3.2"", ""result"": [""mahApuruzatve"", ""Byar""]}, {""rule_source"": ""azwADyAyI"", ""rule"": ""8.3.15"", ""result"": [""mahApuruzatve"", ""ByaH""]}, {""rule_source"": ""azwADyAyI"", ""rule"": ""8.4.68"", ""result"": [""mahApuruzatve"", ""ByaH""]}]}]"
mahapurushatva,"महापुरुषत्वम् (mahāpuruṣatvam), the state of being a great person",compound_stack_ledger.csv,64a320b049c25388fbd0,mahApuruzatva,basic,Napumsaka,panchami,पञ्चमी,"the source, separation, or comparison point",eka,एकम्,mahApuruzatvAd;mahApuruzatvAt,2,locally_regenerated,"[{""form_slp1"": ""mahApuruzatvAt"", ""steps"": [{""rule_source"": ""azwADyAyI"", ""rule"": ""1.2.45"", ""result"": [""mahApuruzatva""]}, {""rule_source"": ""azwADyAyI"", ""rule"": ""4.1.2"", ""result"": [""mahApuruzatva"", ""Nasi~""]}, {""rule_source"": ""azwADyAyI"", ""rule"": ""1.3.2"", ""result"": [""mahApuruzatva"", ""Nasi~""]}, {""rule_source"": ""azwADyAyI"", ""rule"": ""1.3.8"", ""result"": [""mahApuruzatva"", ""Nasi~""]}, {""rule_source"": ""azwADyAyI"", ""rule"": ""1.3.9"", ""result"": [""mahApuruzatva"", ""as""]}, {""rule_source"": ""azwADyAyI"", ""rule"": ""1.4.13"", ""result"": [""mahApuruzatva"", ""as""]}, {""rule_source"": ""azwADyAyI"", ""rule"": ""7.1.12"", ""result"": [""mahApuruzatva"", ""At""]}, {""rule_source"": ""azwADyAyI"", ""rule"": ""1.4.18"", ""result"": [""mahApuruzatva"", ""At""]}, {""rule_source"": ""azwADyAyI"", ""rule"": ""1.4.14"", ""result"": [""mahApuruzatva"", ""At""]}, {""rule_source"": ""azwADyAyI"", ""rule"": ""6.1.101"", ""result"": [""mahApuruzatvA"", ""t""]}, {""rule_source"": ""azwADyAyI"", ""rule"": ""8.2.39"", ""result"": [""mahApuruzatvA"", ""d""]}, {""rule_source"": ""azwADyAyI"", ""rule"": ""8.4.56"", ""result"": [""mahApuruzatvA"", ""t""]}, {""rule_source"": ""azwADyAyI"", ""rule"": ""8.4.68"", ""result"": [""mahApuruzatvA"", ""t""]}]}, {""form_slp1"": ""mahApuruzatvAd"", ""steps"": [{""rule_source"": ""azwADyAyI"", ""rule"": ""1.2.45"", ""result"": [""mahApuruzatva""]}, {""rule_source"": ""azwADyAyI"", ""rule"": ""4.1.2"", ""result"": [""mahApuruzatva"", ""Nasi~""]}, {""rule_source"": ""azwADyAyI"", ""rule"": ""1.3.2"", ""result"": [""mahApuruzatva"", ""Nasi~""]}, {""rule_source"": ""azwADyAyI"", ""rule"": ""1.3.8"", ""result"": [""mahApuruzatva"", ""Nasi~""]}, {""rule_source"": ""azwADyAyI"", ""rule"": ""1.3.9"", ""result"": [""mahApuruzatva"", ""as""]}, {""rule_source"": ""azwADyAyI"", ""rule"": ""1.4.13"", ""result"": [""mahApuruzatva"", ""as""]}, {""rule_source"": ""azwADyAyI"", ""rule"": ""7.1.12"", ""result"": [""mahApuruzatva"", ""At""]}, {""rule_source"": ""azwADyAyI"", ""rule"": ""1.4.18"", ""result"": [""mahApuruzatva"", ""At""]}, {""rule_source"": ""azwADyAyI"", ""rule"": ""1.4.14"", ""result"": [""mahApuruzatva"", ""At""]}, {""rule_source"": ""azwADyAyI"", ""rule"": ""6.1.101"", ""result"": [""mahApuruzatvA"", ""t""]}, {""rule_source"": ""azwADyAyI"", ""rule"": ""8.2.39"", ""result"": [""mahApuruzatvA"", ""d""]}, {""rule_source"": ""azwADyAyI"", ""rule"": ""8.4.68"", ""result"": [""mahApuruzatvA"", ""d""]}]}]"
mahapurushatva,"महापुरुषत्वम् (mahāpuruṣatvam), the state of being a great person",compound_stack_ledger.csv,64a320b049c25388fbd0,mahApuruzatva,basic,Napumsaka,panchami,पञ्चमी,"the source, separation, or comparison point",dvi,द्वे,mahApuruzatvAByAm,1,locally_regenerated,"[{""form_slp1"": ""mahApuruzatvAByAm"", ""steps"": [{""rule_source"": ""azwADyAyI"", ""rule"": ""1.2.45"", ""result"": [""mahApuruzatva""]}, {""rule_source"": ""azwADyAyI"", ""rule"": ""4.1.2"", ""result"": [""mahApuruzatva"", ""ByAm""]}, {""rule_source"": ""azwADyAyI"", ""rule"": ""1.3.4"", ""result"": [""mahApuruzatva"", ""ByAm""]}, {""rule_source"": ""azwADyAyI"", ""rule"": ""1.4.13"", ""result"": [""mahApuruzatva"", ""ByAm""]}, {""rule_source"": ""azwADyAyI"", ""rule"": ""1.4.17"", ""result"": [""mahApuruzatva"", ""ByAm""]}, {""rule_source"": ""azwADyAyI"", ""rule"": ""1.4.14"", ""result"": [""mahApuruzatva"", ""ByAm""]}, {""rule_source"": ""azwADyAyI"", ""rule"": ""7.3.102"", ""result"": [""mahApuruzatvA"", ""ByAm""]}, {""rule_source"": ""azwADyAyI"", ""rule"": ""8.4.68"", ""result"": [""mahApuruzatvA"", ""ByAm""]}]}]"
mahapurushatva,"महापुरुषत्वम् (mahāpuruṣatvam), the state of being a great person",compound_stack_ledger.csv,64a320b049c25388fbd0,mahApuruzatva,basic,Napumsaka,panchami,पञ्चमी,"the source, separation, or comparison point",bahu,बहूनि,mahApuruzatveByaH,1,locally_regenerated,"[{""form_slp1"": ""mahApuruzatveByaH"", ""steps"": [{""rule_source"": ""azwADyAyI"", ""rule"": ""1.2.45"", ""result"": [""mahApuruzatva""]}, {""rule_source"": ""azwADyAyI"", ""rule"": ""4.1.2"", ""result"": [""mahApuruzatva"", ""Byas""]}, {""rule_source"": ""azwADyAyI"", ""rule"": ""1.3.4"", ""result"": [""mahApuruzatva"", ""Byas""]}, {""rule_source"": ""azwADyAyI"", ""rule"": ""1.4.13"", ""result"": [""mahApuruzatva"", ""Byas""]}, {""rule_source"": ""azwADyAyI"", ""rule"": ""1.4.17"", ""result"": [""mahApuruzatva"", ""Byas""]}, {""rule_source"": ""azwADyAyI"", ""rule"": ""1.4.14"", ""result"": [""mahApuruzatva"", ""Byas""]}, {""rule_source"": ""azwADyAyI"", ""rule"": ""7.3.103"", ""result"": [""mahApuruzatve"", ""Byas""]}, {""rule_source"": ""azwADyAyI"", ""rule"": ""8.2.66"", ""result"": [""mahApuruzatve"", ""Byaru~""]}, {""rule_source"": ""azwADyAyI"", ""rule"": ""1.3.2"", ""result"": [""mahApuruzatve"", ""Byar""]}, {""rule_source"": ""azwADyAyI"", ""rule"": ""8.3.15"", ""result"": [""mahApuruzatve"", ""ByaH""]}, {""rule_source"": ""azwADyAyI"", ""rule"": ""8.4.68"", ""result"": [""mahApuruzatve"", ""ByaH""]}]}]"
mahapurushatva,"महापुरुषत्वम् (mahāpuruṣatvam), the state of being a great person",compound_stack_ledger.csv,64a320b049c25388fbd0,mahApuruzatva,basic,Napumsaka,sasthi,षष्ठी,"a relation, including possession",eka,एकम्,mahApuruzatvasya,1,locally_regenerated,"[{""form_slp1"": ""mahApuruzatvasya"", ""steps"": [{""rule_source"": ""azwADyAyI"", ""rule"": ""1.2.45"", ""result"": [""mahApuruzatva""]}, {""rule_source"": ""azwADyAyI"", ""rule"": ""4.1.2"", ""result"": [""mahApuruzatva"", ""Nas""]}, {""rule_source"": ""azwADyAyI"", ""rule"": ""1.3.4"", ""result"": [""mahApuruzatva"", ""Nas""]}, {""rule_source"": ""azwADyAyI"", ""rule"": ""1.3.8"", ""result"": [""mahApuruzatva"", ""Nas""]}, {""rule_source"": ""azwADyAyI"", ""rule"": ""1.3.9"", ""result"": [""mahApuruzatva"", ""as""]}, {""rule_source"": ""azwADyAyI"", ""rule"": ""1.4.13"", ""result"": [""mahApuruzatva"", ""as""]}, {""rule_source"": ""azwADyAyI"", ""rule"": ""7.1.12"", ""result"": [""mahApuruzatva"", ""sya""]}, {""rule_source"": ""azwADyAyI"", ""rule"": ""1.4.17"", ""result"": [""mahApuruzatva"", ""sya""]}, {""rule_source"": ""azwADyAyI"", ""rule"": ""1.4.14"", ""result"": [""mahApuruzatva"", ""sya""]}, {""rule_source"": ""azwADyAyI"", ""rule"": ""8.4.68"", ""result"": [""mahApuruzatva"", ""sya""]}]}]"
mahapurushatva,"महापुरुषत्वम् (mahāpuruṣatvam), the state of being a great person",compound_stack_ledger.csv,64a320b049c25388fbd0,mahApuruzatva,basic,Napumsaka,sasthi,षष्ठी,"a relation, including possession",dvi,द्वे,mahApuruzatvayoH,1,locally_regenerated,"[{""form_slp1"": ""mahApuruzatvayoH"", ""steps"": [{""rule_source"": ""azwADyAyI"", ""rule"": ""1.2.45"", ""result"": [""mahApuruzatva""]}, {""rule_source"": ""azwADyAyI"", ""rule"": ""4.1.2"", ""result"": [""mahApuruzatva"", ""os""]}, {""rule_source"": ""azwADyAyI"", ""rule"": ""1.3.4"", ""result"": [""mahApuruzatva"", ""os""]}, {""rule_source"": ""azwADyAyI"", ""rule"": ""1.4.13"", ""result"": [""mahApuruzatva"", ""os""]}, {""rule_source"": ""azwADyAyI"", ""rule"": ""1.4.18"", ""result"": [""mahApuruzatva"", ""os""]}, {""rule_source"": ""azwADyAyI"", ""rule"": ""1.4.14"", ""result"": [""mahApuruzatva"", ""os""]}, {""rule_source"": ""azwADyAyI"", ""rule"": ""7.3.104"", ""result"": [""mahApuruzatve"", ""os""]}, {""rule_source"": ""azwADyAyI"", ""rule"": ""6.1.78"", ""result"": [""mahApuruzatvay"", ""os""]}, {""rule_source"": ""azwADyAyI"", ""rule"": ""8.2.66"", ""result"": [""mahApuruzatvay"", ""oru~""]}, {""rule_source"": ""azwADyAyI"", ""rule"": ""1.3.2"", ""result"": [""mahApuruzatvay"", ""or""]}, {""rule_source"": ""azwADyAyI"", ""rule"": ""8.3.15"", ""result"": [""mahApuruzatvay"", ""oH""]}, {""rule_source"": ""azwADyAyI"", ""rule"": ""8.4.68"", ""result"": [""mahApuruzatvay"", ""oH""]}]}]"
mahapurushatva,"महापुरुषत्वम् (mahāpuruṣatvam), the state of being a great person",compound_stack_ledger.csv,64a320b049c25388fbd0,mahApuruzatva,basic,Napumsaka,sasthi,षष्ठी,"a relation, including possession",bahu,बहूनि,mahApuruzatvAnAm,1,locally_regenerated,"[{""form_slp1"": ""mahApuruzatvAnAm"", ""steps"": [{""rule_source"": ""azwADyAyI"", ""rule"": ""1.2.45"", ""result"": [""mahApuruzatva""]}, {""rule_source"": ""azwADyAyI"", ""rule"": ""4.1.2"", ""result"": [""mahApuruzatva"", ""Am""]}, {""rule_source"": ""azwADyAyI"", ""rule"": ""1.3.4"", ""result"": [""mahApuruzatva"", ""Am""]}, {""rule_source"": ""azwADyAyI"", ""rule"": ""7.1.54"", ""result"": [""mahApuruzatva"", ""nu~w"", ""Am""]}, {""rule_source"": ""azwADyAyI"", ""rule"": ""1.3.2"", ""result"": [""mahApuruzatva"", ""nu~w"", ""Am""]}, {""rule_source"": ""azwADyAyI"", ""rule"": ""1.3.3"", ""result"": [""mahApuruzatva"", ""nu~w"", ""Am""]}, {""rule_source"": ""azwADyAyI"", ""rule"": ""1.3.9"", ""result"": [""mahApuruzatva"", ""n"", ""Am""]}, {""rule_source"": ""azwADyAyI"", ""rule"": ""1.4.13"", ""result"": [""mahApuruzatva"", ""n"", ""Am""]}, {""rule_source"": ""azwADyAyI"", ""rule"": ""1.4.17"", ""result"": [""mahApuruzatva"", ""n"", ""Am""]}, {""rule_source"": ""azwADyAyI"", ""rule"": ""1.4.14"", ""result"": [""mahApuruzatva"", ""n"", ""Am""]}, {""rule_source"": ""azwADyAyI"", ""rule"": ""6.4.3"", ""result"": [""mahApuruzatvA"", ""n"", ""Am""]}, {""rule_source"": ""azwADyAyI"", ""rule"": ""8.4.68"", ""result"": [""mahApuruzatvA"", ""n"", ""Am""]}]}]"
mahapurushatva,"महापुरुषत्वम् (mahāpuruṣatvam), the state of being a great person",compound_stack_ledger.csv,64a320b049c25388fbd0,mahApuruzatva,basic,Napumsaka,saptami,सप्तमी,"the location, setting, or topic",eka,एकम्,mahApuruzatve,1,locally_regenerated,"[{""form_slp1"": ""mahApuruzatve"", ""steps"": [{""rule_source"": ""azwADyAyI"", ""rule"": ""1.2.45"", ""result"": [""mahApuruzatva""]}, {""rule_source"": ""azwADyAyI"", ""rule"": ""4.1.2"", ""result"": [""mahApuruzatva"", ""Ni""]}, {""rule_source"": ""azwADyAyI"", ""rule"": ""1.3.8"", ""result"": [""mahApuruzatva"", ""Ni""]}, {""rule_source"": ""azwADyAyI"", ""rule"": ""1.3.9"", ""result"": [""mahApuruzatva"", ""i""]}, {""rule_source"": ""azwADyAyI"", ""rule"": ""1.4.13"", ""result"": [""mahApuruzatva"", ""i""]}, {""rule_source"": ""azwADyAyI"", ""rule"": ""1.4.18"", ""result"": [""mahApuruzatva"", ""i""]}, {""rule_source"": ""azwADyAyI"", ""rule"": ""1.4.14"", ""result"": [""mahApuruzatva"", ""i""]}, {""rule_source"": ""azwADyAyI"", ""rule"": ""6.1.87"", ""result"": [""mahApuruzatv"", ""e""]}, {""rule_source"": ""azwADyAyI"", ""rule"": ""8.4.68"", ""result"": [""mahApuruzatv"", ""e""]}]}]"
mahapurushatva,"महापुरुषत्वम् (mahāpuruṣatvam), the state of being a great person",compound_stack_ledger.csv,64a320b049c25388fbd0,mahApuruzatva,basic,Napumsaka,saptami,सप्तमी,"the location, setting, or topic",dvi,द्वे,mahApuruzatvayoH,1,locally_regenerated,"[{""form_slp1"": ""mahApuruzatvayoH"", ""steps"": [{""rule_source"": ""azwADyAyI"", ""rule"": ""1.2.45"", ""result"": [""mahApuruzatva""]}, {""rule_source"": ""azwADyAyI"", ""rule"": ""4.1.2"", ""result"": [""mahApuruzatva"", ""os""]}, {""rule_source"": ""azwADyAyI"", ""rule"": ""1.3.4"", ""result"": [""mahApuruzatva"", ""os""]}, {""rule_source"": ""azwADyAyI"", ""rule"": ""1.4.13"", ""result"": [""mahApuruzatva"", ""os""]}, {""rule_source"": ""azwADyAyI"", ""rule"": ""1.4.18"", ""result"": [""mahApuruzatva"", ""os""]}, {""rule_source"": ""azwADyAyI"", ""rule"": ""1.4.14"", ""result"": [""mahApuruzatva"", ""os""]}, {""rule_source"": ""azwADyAyI"", ""rule"": ""7.3.104"", ""result"": [""mahApuruzatve"", ""os""]}, {""rule_source"": ""azwADyAyI"", ""rule"": ""6.1.78"", ""result"": [""mahApuruzatvay"", ""os""]}, {""rule_source"": ""azwADyAyI"", ""rule"": ""8.2.66"", ""result"": [""mahApuruzatvay"", ""oru~""]}, {""rule_source"": ""azwADyAyI"", ""rule"": ""1.3.2"", ""result"": [""mahApuruzatvay"", ""or""]}, {""rule_source"": ""azwADyAyI"", ""rule"": ""8.3.15"", ""result"": [""mahApuruzatvay"", ""oH""]}, {""rule_source"": ""azwADyAyI"", ""rule"": ""8.4.68"", ""result"": [""mahApuruzatvay"", ""oH""]}]}]"
mahapurushatva,"महापुरुषत्वम् (mahāpuruṣatvam), the state of being a great person",compound_stack_ledger.csv,64a320b049c25388fbd0,mahApuruzatva,basic,Napumsaka,saptami,सप्तमी,"the location, setting, or topic",bahu,बहूनि,mahApuruzatvezu,1,locally_regenerated,"[{""form_slp1"": ""mahApuruzatvezu"", ""steps"": [{""rule_source"": ""azwADyAyI"", ""rule"": ""1.2.45"", ""result"": [""mahApuruzatva""]}, {""rule_source"": ""azwADyAyI"", ""rule"": ""4.1.2"", ""result"": [""mahApuruzatva"", ""sup""]}, {""rule_source"": ""azwADyAyI"", ""rule"": ""1.3.3"", ""result"": [""mahApuruzatva"", ""sup""]}, {""rule_source"": ""azwADyAyI"", ""rule"": ""1.3.9"", ""result"": [""mahApuruzatva"", ""su""]}, {""rule_source"": ""azwADyAyI"", ""rule"": ""1.4.13"", ""result"": [""mahApuruzatva"", ""su""]}, {""rule_source"": ""azwADyAyI"", ""rule"": ""1.4.17"", ""result"": [""mahApuruzatva"", ""su""]}, {""rule_source"": ""azwADyAyI"", ""rule"": ""1.4.14"", ""result"": [""mahApuruzatva"", ""su""]}, {""rule_source"": ""azwADyAyI"", ""rule"": ""7.3.103"", ""result"": [""mahApuruzatve"", ""su""]}, {""rule_source"": ""azwADyAyI"", ""rule"": ""8.3.59"", ""result"": [""mahApuruzatve"", ""zu""]}, {""rule_source"": ""azwADyAyI"", ""rule"": ""8.4.68"", ""result"": [""mahApuruzatve"", ""zu""]}]}]"
mahapurushatva,"महापुरुषत्वम् (mahāpuruṣatvam), the state of being a great person",compound_stack_ledger.csv,64a320b049c25388fbd0,mahApuruzatva,basic,Napumsaka,sambodhana,सम्बोधनम्,direct address,eka,एकम्,mahApuruzatva,1,locally_regenerated,"[{""form_slp1"": ""mahApuruzatva"", ""steps"": [{""rule_source"": ""azwADyAyI"", ""rule"": ""1.2.45"", ""result"": [""mahApuruzatva""]}, {""rule_source"": ""azwADyAyI"", ""rule"": ""4.1.2"", ""result"": [""mahApuruzatva"", ""su~""]}, {""rule_source"": ""azwADyAyI"", ""rule"": ""1.3.2"", ""result"": [""mahApuruzatva"", ""su~""]}, {""rule_source"": ""azwADyAyI"", ""rule"": ""1.3.9"", ""result"": [""mahApuruzatva"", ""s""]}, {""rule_source"": ""azwADyAyI"", ""rule"": ""2.3.48"", ""result"": [""mahApuruzatva"", ""s""]}, {""rule_source"": ""azwADyAyI"", ""rule"": ""2.3.49"", ""result"": [""mahApuruzatva"", ""s""]}, {""rule_source"": ""azwADyAyI"", ""rule"": ""2.3.48"", ""result"": [""mahApuruzatva"", ""s""]}, {""rule_source"": ""azwADyAyI"", ""rule"": ""2.3.49"", ""result"": [""mahApuruzatva"", ""s""]}, {""rule_source"": ""azwADyAyI"", ""rule"": ""7.1.24"", ""result"": [""mahApuruzatva"", ""am""]}, {""rule_source"": ""azwADyAyI"", ""rule"": ""1.3.4"", ""result"": [""mahApuruzatva"", ""am""]}, {""rule_source"": ""azwADyAyI"", ""rule"": ""1.4.13"", ""result"": [""mahApuruzatva"", ""am""]}, {""rule_source"": ""azwADyAyI"", ""rule"": ""1.4.18"", ""result"": [""mahApuruzatva"", ""am""]}, {""rule_source"": ""azwADyAyI"", ""rule"": ""1.4.14"", ""result"": [""mahApuruzatva"", ""am""]}, {""rule_source"": ""azwADyAyI"", ""rule"": ""6.1.107"", ""result"": [""mahApuruzatva"", ""m""]}, {""rule_source"": ""azwADyAyI"", ""rule"": ""6.1.69"", ""result"": [""mahApuruzatva"", """"]}, {""rule_source"": ""azwADyAyI"", ""rule"": ""8.4.68"", ""result"": [""mahApuruzatva"", """"]}]}]"
mahapurushatva,"महापुरुषत्वम् (mahāpuruṣatvam), the state of being a great person",compound_stack_ledger.csv,64a320b049c25388fbd0,mahApuruzatva,basic,Napumsaka,sambodhana,सम्बोधनम्,direct address,dvi,द्वे,mahApuruzatve,1,locally_regenerated,"[{""form_slp1"": ""mahApuruzatve"", ""steps"": [{""rule_source"": ""azwADyAyI"", ""rule"": ""1.2.45"", ""result"": [""mahApuruzatva""]}, {""rule_source"": ""azwADyAyI"", ""rule"": ""4.1.2"", ""result"": [""mahApuruzatva"", ""O""]}, {""rule_source"": ""azwADyAyI"", ""rule"": ""2.3.48"", ""result"": [""mahApuruzatva"", ""O""]}, {""rule_source"": ""azwADyAyI"", ""rule"": ""2.3.48"", ""result"": [""mahApuruzatva"", ""O""]}, {""rule_source"": ""azwADyAyI"", ""rule"": ""1.4.13"", ""result"": [""mahApuruzatva"", ""O""]}, {""rule_source"": ""azwADyAyI"", ""rule"": ""7.1.19"", ""result"": [""mahApuruzatva"", ""SI""]}, {""rule_source"": ""azwADyAyI"", ""rule"": ""1.3.8"", ""result"": [""mahApuruzatva"", ""SI""]}, {""rule_source"": ""azwADyAyI"", ""rule"": ""1.3.9"", ""result"": [""mahApuruzatva"", ""I""]}, {""rule_source"": ""azwADyAyI"", ""rule"": ""1.4.18"", ""result"": [""mahApuruzatva"", ""I""]}, {""rule_source"": ""azwADyAyI"", ""rule"": ""1.4.14"", ""result"": [""mahApuruzatva"", ""I""]}, {""rule_source"": ""vArttikAH"", ""rule"": ""6.4.148.1"", ""result"": [""mahApuruzatva"", ""I""]}, {""rule_source"": ""azwADyAyI"", ""rule"": ""6.1.104"", ""result"": [""mahApuruzatva"", ""I""]}, {""rule_source"": ""azwADyAyI"", ""rule"": ""6.1.87"", ""result"": [""mahApuruzatv"", ""e""]}, {""rule_source"": ""azwADyAyI"", ""rule"": ""8.4.68"", ""result"": [""mahApuruzatv"", ""e""]}]}]"
mahapurushatva,"महापुरुषत्वम् (mahāpuruṣatvam), the state of being a great person",compound_stack_ledger.csv,64a320b049c25388fbd0,mahApuruzatva,basic,Napumsaka,sambodhana,सम्बोधनम्,direct address,bahu,बहूनि,mahApuruzatvAni,1,locally_regenerated,"[{""form_slp1"": ""mahApuruzatvAni"", ""steps"": [{""rule_source"": ""azwADyAyI"", ""rule"": ""1.2.45"", ""result"": [""mahApuruzatva""]}, {""rule_source"": ""azwADyAyI"", ""rule"": ""4.1.2"", ""result"": [""mahApuruzatva"", ""jas""]}, {""rule_source"": ""azwADyAyI"", ""rule"": ""1.3.4"", ""result"": [""mahApuruzatva"", ""jas""]}, {""rule_source"": ""azwADyAyI"", ""rule"": ""1.3.7"", ""result"": [""mahApuruzatva"", ""jas""]}, {""rule_source"": ""azwADyAyI"", ""rule"": ""1.3.9"", ""result"": [""mahApuruzatva"", ""as""]}, {""rule_source"": ""azwADyAyI"", ""rule"": ""2.3.48"", ""result"": [""mahApuruzatva"", ""as""]}, {""rule_source"": ""azwADyAyI"", ""rule"": ""2.3.48"", ""result"": [""mahApuruzatva"", ""as""]}, {""rule_source"": ""azwADyAyI"", ""rule"": ""1.4.13"", ""result"": [""mahApuruzatva"", ""as""]}, {""rule_source"": ""azwADyAyI"", ""rule"": ""7.1.20"", ""result"": [""mahApuruzatva"", ""Si""]}, {""rule_source"": ""azwADyAyI"", ""rule"": ""1.3.8"", ""result"": [""mahApuruzatva"", ""Si""]}, {""rule_source"": ""azwADyAyI"", ""rule"": ""1.3.9"", ""result"": [""mahApuruzatva"", ""i""]}, {""rule_source"": ""azwADyAyI"", ""rule"": ""1.1.42"", ""result"": [""mahApuruzatva"", ""i""]}, {""rule_source"": ""azwADyAyI"", ""rule"": ""1.4.14"", ""result"": [""mahApuruzatva"", ""i""]}, {""rule_source"": ""azwADyAyI"", ""rule"": ""7.1.72"", ""result"": [""mahApuruzatvan"", ""i""]}, {""rule_source"": ""azwADyAyI"", ""rule"": ""6.4.8"", ""result"": [""mahApuruzatvAn"", ""i""]}, {""rule_source"": ""azwADyAyI"", ""rule"": ""8.4.68"", ""result"": [""mahApuruzatvAn"", ""i""]}]}]"
