verbal_word_meaning_id,source_layer,lakara_id,lakara_display,plain_function,purusha,vacana,parasmaipada_forms_slp1,atmanepada_forms_slp1,all_forms_slp1,output_variant_count,generation_status,derivation_paths_json
base:71c4b5e50db4b382b2c3,base,lat,लट् (laṭ),present,Prathama,Eka,Bavati,,Bavati,1,locally_regenerated,"{""parasmaipada"": [{""form_slp1"": ""Bavati"", ""steps"": [{""rule_source"": ""azwADyAyI"", ""rule"": ""1.3.1"", ""result"": [""BU""]}, {""rule_source"": ""azwADyAyI"", ""rule"": ""3.2.123"", ""result"": [""BU"", ""la~w""]}, {""rule_source"": ""azwADyAyI"", ""rule"": ""1.3.2"", ""result"": [""BU"", ""la~w""]}, {""rule_source"": ""azwADyAyI"", ""rule"": ""1.3.3"", ""result"": [""BU"", ""la~w""]}, {""rule_source"": ""azwADyAyI"", ""rule"": ""1.3.9"", ""result"": [""BU"", ""l""]}, {""rule_source"": ""azwADyAyI"", ""rule"": ""1.3.78"", ""result"": [""BU"", ""l""]}, {""rule_source"": ""azwADyAyI"", ""rule"": ""3.4.78"", ""result"": [""BU"", ""tip""]}, {""rule_source"": ""azwADyAyI"", ""rule"": ""1.3.3"", ""result"": [""BU"", ""tip""]}, {""rule_source"": ""azwADyAyI"", ""rule"": ""1.3.9"", ""result"": [""BU"", ""ti""]}, {""rule_source"": ""azwADyAyI"", ""rule"": ""3.4.113"", ""result"": [""BU"", ""ti""]}, {""rule_source"": ""azwADyAyI"", ""rule"": ""3.1.68"", ""result"": [""BU"", ""Sap"", ""ti""]}, {""rule_source"": ""azwADyAyI"", ""rule"": ""1.3.3"", ""result"": [""BU"", ""Sap"", ""ti""]}, {""rule_source"": ""azwADyAyI"", ""rule"": ""1.3.8"", ""result"": [""BU"", ""Sap"", ""ti""]}, {""rule_source"": ""azwADyAyI"", ""rule"": ""1.3.9"", ""result"": [""BU"", ""a"", ""ti""]}, {""rule_source"": ""azwADyAyI"", ""rule"": ""3.4.113"", ""result"": [""BU"", ""a"", ""ti""]}, {""rule_source"": ""azwADyAyI"", ""rule"": ""1.4.13"", ""result"": [""BU"", ""a"", ""ti""]}, {""rule_source"": ""azwADyAyI"", ""rule"": ""7.3.84"", ""result"": [""Bo"", ""a"", ""ti""]}, {""rule_source"": ""azwADyAyI"", ""rule"": ""1.4.14"", ""result"": [""Bo"", ""a"", ""ti""]}, {""rule_source"": ""azwADyAyI"", ""rule"": ""6.1.78"", ""result"": [""Bav"", ""a"", ""ti""]}, {""rule_source"": ""azwADyAyI"", ""rule"": ""8.4.68"", ""result"": [""Bav"", ""a"", ""ti""]}]}], ""atmanepada"": []}"
base:71c4b5e50db4b382b2c3,base,lit,लिट् (liṭ),perfect past,Prathama,Eka,baBUva,,baBUva,1,locally_regenerated,"{""parasmaipada"": [{""form_slp1"": ""baBUva"", ""steps"": [{""rule_source"": ""azwADyAyI"", ""rule"": ""1.3.1"", ""result"": [""BU""]}, {""rule_source"": ""azwADyAyI"", ""rule"": ""3.2.115"", ""result"": [""BU"", ""li~w""]}, {""rule_source"": ""azwADyAyI"", ""rule"": ""1.3.2"", ""result"": [""BU"", ""li~w""]}, {""rule_source"": ""azwADyAyI"", ""rule"": ""1.3.3"", ""result"": [""BU"", ""li~w""]}, {""rule_source"": ""azwADyAyI"", ""rule"": ""1.3.9"", ""result"": [""BU"", ""l""]}, {""rule_source"": ""azwADyAyI"", ""rule"": ""1.3.78"", ""result"": [""BU"", ""l""]}, {""rule_source"": ""azwADyAyI"", ""rule"": ""3.4.78"", ""result"": [""BU"", ""tip""]}, {""rule_source"": ""azwADyAyI"", ""rule"": ""1.3.3"", ""result"": [""BU"", ""tip""]}, {""rule_source"": ""azwADyAyI"", ""rule"": ""1.3.9"", ""result"": [""BU"", ""ti""]}, {""rule_source"": ""azwADyAyI"", ""rule"": ""3.4.115"", ""result"": [""BU"", ""ti""]}, {""rule_source"": ""azwADyAyI"", ""rule"": ""3.4.82"", ""result"": [""BU"", ""Ral""]}, {""rule_source"": ""azwADyAyI"", ""rule"": ""1.3.3"", ""result"": [""BU"", ""Ral""]}, {""rule_source"": ""azwADyAyI"", ""rule"": ""1.3.7"", ""result"": [""BU"", ""Ral""]}, {""rule_source"": ""azwADyAyI"", ""rule"": ""1.3.9"", ""result"": [""BU"", ""a""]}, {""rule_source"": ""azwADyAyI"", ""rule"": ""3.4.115"", ""result"": [""BU"", ""a""]}, {""rule_source"": ""azwADyAyI"", ""rule"": ""6.1.8"", ""result"": [""BU"", ""BU"", ""a""]}, {""rule_source"": ""azwADyAyI"", ""rule"": ""6.1.4"", ""result"": [""BU"", ""BU"", ""a""]}, {""rule_source"": ""azwADyAyI"", ""rule"": ""6.1.5"", ""result"": [""BU"", ""BU"", ""a""]}, {""rule_source"": ""azwADyAyI"", ""rule"": ""1.4.13"", ""result"": [""BU"", ""BU"", ""a""]}, {""rule_source"": ""azwADyAyI"", ""rule"": ""6.4.88"", ""result"": [""BU"", ""BU"", ""vu~k"", ""a""]}, {""rule_source"": ""azwADyAyI"", ""rule"": ""1.3.2"", ""result"": [""BU"", ""BU"", ""vu~k"", ""a""]}, {""rule_source"": ""azwADyAyI"", ""rule"": ""1.3.3"", ""result"": [""BU"", ""BU"", ""vu~k"", ""a""]}, {""rule_source"": ""azwADyAyI"", ""rule"": ""1.3.9"", ""result"": [""BU"", ""BU"", ""v"", ""a""]}, {""rule_source"": ""azwADyAyI"", ""rule"": ""7.4.59"", ""result"": [""Bu"", ""BU"", ""v"", ""a""]}, {""rule_source"": ""azwADyAyI"", ""rule"": ""7.4.73"", ""result"": [""Ba"", ""BU"", ""v"", ""a""]}, {""rule_source"": ""azwADyAyI"", ""rule"": ""1.4.14"", ""result"": [""Ba"", ""BU"", ""v"", ""a""]}, {""rule_source"": ""azwADyAyI"", ""rule"": ""8.4.54"", ""result"": [""ba"", ""BU"", ""v"", ""a""]}, {""rule_source"": ""azwADyAyI"", ""rule"": ""8.4.68"", ""result"": [""ba"", ""BU"", ""v"", ""a""]}]}], ""atmanepada"": []}"
base:71c4b5e50db4b382b2c3,base,lut,लुट् (luṭ),periphrastic future,Prathama,Eka,BavitA,,BavitA,1,locally_regenerated,"{""parasmaipada"": [{""form_slp1"": ""BavitA"", ""steps"": [{""rule_source"": ""azwADyAyI"", ""rule"": ""1.3.1"", ""result"": [""BU""]}, {""rule_source"": ""azwADyAyI"", ""rule"": ""3.3.15"", ""result"": [""BU"", ""lu~w""]}, {""rule_source"": ""azwADyAyI"", ""rule"": ""1.3.2"", ""result"": [""BU"", ""lu~w""]}, {""rule_source"": ""azwADyAyI"", ""rule"": ""1.3.3"", ""result"": [""BU"", ""lu~w""]}, {""rule_source"": ""azwADyAyI"", ""rule"": ""1.3.9"", ""result"": [""BU"", ""l""]}, {""rule_source"": ""azwADyAyI"", ""rule"": ""1.3.78"", ""result"": [""BU"", ""l""]}, {""rule_source"": ""azwADyAyI"", ""rule"": ""3.4.78"", ""result"": [""BU"", ""tip""]}, {""rule_source"": ""azwADyAyI"", ""rule"": ""1.3.3"", ""result"": [""BU"", ""tip""]}, {""rule_source"": ""azwADyAyI"", ""rule"": ""1.3.9"", ""result"": [""BU"", ""ti""]}, {""rule_source"": ""azwADyAyI"", ""rule"": ""3.4.113"", ""result"": [""BU"", ""ti""]}, {""rule_source"": ""azwADyAyI"", ""rule"": ""3.1.33"", ""result"": [""BU"", ""tAsi~"", ""ti""]}, {""rule_source"": ""azwADyAyI"", ""rule"": ""1.3.2"", ""result"": [""BU"", ""tAsi~"", ""ti""]}, {""rule_source"": ""azwADyAyI"", ""rule"": ""1.3.9"", ""result"": [""BU"", ""tAs"", ""ti""]}, {""rule_source"": ""azwADyAyI"", ""rule"": ""3.4.114"", ""result"": [""BU"", ""tAs"", ""ti""]}, {""rule_source"": ""azwADyAyI"", ""rule"": ""2.4.85"", ""result"": [""BU"", ""tAs"", ""qA""]}, {""rule_source"": ""azwADyAyI"", ""rule"": ""1.3.7"", ""result"": [""BU"", ""tAs"", ""qA""]}, {""rule_source"": ""azwADyAyI"", ""rule"": ""1.3.9"", ""result"": [""BU"", ""tAs"", ""A""]}, {""rule_source"": ""azwADyAyI"", ""rule"": ""7.2.35"", ""result"": [""BU"", ""iw"", ""tAs"", ""A""]}, {""rule_source"": ""azwADyAyI"", ""rule"": ""1.3.3"", ""result"": [""BU"", ""iw"", ""tAs"", ""A""]}, {""rule_source"": ""azwADyAyI"", ""rule"": ""1.3.9"", ""result"": [""BU"", ""i"", ""tAs"", ""A""]}, {""rule_source"": ""azwADyAyI"", ""rule"": ""1.4.13"", ""result"": [""BU"", ""i"", ""tAs"", ""A""]}, {""rule_source"": ""azwADyAyI"", ""rule"": ""7.3.84"", ""result"": [""Bo"", ""i"", ""tAs"", ""A""]}, {""rule_source"": ""azwADyAyI"", ""rule"": ""1.4.14"", ""result"": [""Bo"", ""i"", ""tAs"", ""A""]}, {""rule_source"": ""azwADyAyI"", ""rule"": ""6.4.143"", ""result"": [""Bo"", ""i"", ""t"", ""A""]}, {""rule_source"": ""azwADyAyI"", ""rule"": ""6.1.78"", ""result"": [""Bav"", ""i"", ""t"", ""A""]}, {""rule_source"": ""azwADyAyI"", ""rule"": ""8.4.68"", ""result"": [""Bav"", ""i"", ""t"", ""A""]}]}], ""atmanepada"": []}"
base:71c4b5e50db4b382b2c3,base,lrt,लृट् (lṛṭ),future,Prathama,Eka,Bavizyati,,Bavizyati,1,locally_regenerated,"{""parasmaipada"": [{""form_slp1"": ""Bavizyati"", ""steps"": [{""rule_source"": ""azwADyAyI"", ""rule"": ""1.3.1"", ""result"": [""BU""]}, {""rule_source"": ""azwADyAyI"", ""rule"": ""3.3.13"", ""result"": [""BU"", ""lf~w""]}, {""rule_source"": ""azwADyAyI"", ""rule"": ""1.3.2"", ""result"": [""BU"", ""lf~w""]}, {""rule_source"": ""azwADyAyI"", ""rule"": ""1.3.3"", ""result"": [""BU"", ""lf~w""]}, {""rule_source"": ""azwADyAyI"", ""rule"": ""1.3.9"", ""result"": [""BU"", ""l""]}, {""rule_source"": ""azwADyAyI"", ""rule"": ""1.3.78"", ""result"": [""BU"", ""l""]}, {""rule_source"": ""azwADyAyI"", ""rule"": ""3.4.78"", ""result"": [""BU"", ""tip""]}, {""rule_source"": ""azwADyAyI"", ""rule"": ""1.3.3"", ""result"": [""BU"", ""tip""]}, {""rule_source"": ""azwADyAyI"", ""rule"": ""1.3.9"", ""result"": [""BU"", ""ti""]}, {""rule_source"": ""azwADyAyI"", ""rule"": ""3.4.113"", ""result"": [""BU"", ""ti""]}, {""rule_source"": ""azwADyAyI"", ""rule"": ""3.1.33"", ""result"": [""BU"", ""sya"", ""ti""]}, {""rule_source"": ""azwADyAyI"", ""rule"": ""3.4.114"", ""result"": [""BU"", ""sya"", ""ti""]}, {""rule_source"": ""azwADyAyI"", ""rule"": ""7.2.35"", ""result"": [""BU"", ""iw"", ""sya"", ""ti""]}, {""rule_source"": ""azwADyAyI"", ""rule"": ""1.3.3"", ""result"": [""BU"", ""iw"", ""sya"", ""ti""]}, {""rule_source"": ""azwADyAyI"", ""rule"": ""1.3.9"", ""result"": [""BU"", ""i"", ""sya"", ""ti""]}, {""rule_source"": ""azwADyAyI"", ""rule"": ""1.4.13"", ""result"": [""BU"", ""i"", ""sya"", ""ti""]}, {""rule_source"": ""azwADyAyI"", ""rule"": ""7.3.84"", ""result"": [""Bo"", ""i"", ""sya"", ""ti""]}, {""rule_source"": ""azwADyAyI"", ""rule"": ""1.4.14"", ""result"": [""Bo"", ""i"", ""sya"", ""ti""]}, {""rule_source"": ""azwADyAyI"", ""rule"": ""6.1.78"", ""result"": [""Bav"", ""i"", ""sya"", ""ti""]}, {""rule_source"": ""azwADyAyI"", ""rule"": ""8.3.59"", ""result"": [""Bav"", ""i"", ""zya"", ""ti""]}, {""rule_source"": ""azwADyAyI"", ""rule"": ""8.4.68"", ""result"": [""Bav"", ""i"", ""zya"", ""ti""]}]}], ""atmanepada"": []}"
base:71c4b5e50db4b382b2c3,base,lot,लोट् (loṭ),command or request,Prathama,Eka,BavatAd;BavatAt;Bavatu,,BavatAd;BavatAt;Bavatu,3,locally_regenerated,"{""parasmaipada"": [{""form_slp1"": ""BavatAt"", ""steps"": [{""rule_source"": ""azwADyAyI"", ""rule"": ""1.3.1"", ""result"": [""BU""]}, {""rule_source"": ""azwADyAyI"", ""rule"": ""3.3.162"", ""result"": [""BU"", ""lo~w""]}, {""rule_source"": ""azwADyAyI"", ""rule"": ""1.3.2"", ""result"": [""BU"", ""lo~w""]}, {""rule_source"": ""azwADyAyI"", ""rule"": ""1.3.3"", ""result"": [""BU"", ""lo~w""]}, {""rule_source"": ""azwADyAyI"", ""rule"": ""1.3.9"", ""result"": [""BU"", ""l""]}, {""rule_source"": ""azwADyAyI"", ""rule"": ""1.3.78"", ""result"": [""BU"", ""l""]}, {""rule_source"": ""azwADyAyI"", ""rule"": ""3.4.78"", ""result"": [""BU"", ""tip""]}, {""rule_source"": ""azwADyAyI"", ""rule"": ""1.3.3"", ""result"": [""BU"", ""tip""]}, {""rule_source"": ""azwADyAyI"", ""rule"": ""1.3.9"", ""result"": [""BU"", ""ti""]}, {""rule_source"": ""azwADyAyI"", ""rule"": ""3.4.113"", ""result"": [""BU"", ""ti""]}, {""rule_source"": ""azwADyAyI"", ""rule"": ""3.1.68"", ""result"": [""BU"", ""Sap"", ""ti""]}, {""rule_source"": ""azwADyAyI"", ""rule"": ""1.3.3"", ""result"": [""BU"", ""Sap"", ""ti""]}, {""rule_source"": ""azwADyAyI"", ""rule"": ""1.3.8"", ""result"": [""BU"", ""Sap"", ""ti""]}, {""rule_source"": ""azwADyAyI"", ""rule"": ""1.3.9"", ""result"": [""BU"", ""a"", ""ti""]}, {""rule_source"": ""azwADyAyI"", ""rule"": ""3.4.113"", ""result"": [""BU"", ""a"", ""ti""]}, {""rule_source"": ""azwADyAyI"", ""rule"": ""3.4.86"", ""result"": [""BU"", ""a"", ""tu""]}, {""rule_source"": ""azwADyAyI"", ""rule"": ""7.1.35"", ""result"": [""BU"", ""a"", ""tAta~N""]}, {""rule_source"": ""azwADyAyI"", ""rule"": ""1.3.2"", ""result"": [""BU"", ""a"", ""tAta~N""]}, {""rule_source"": ""azwADyAyI"", ""rule"": ""1.3.3"", ""result"": [""BU"", ""a"", ""tAta~N""]}, {""rule_source"": ""azwADyAyI"", ""rule"": ""1.3.9"", ""result"": [""BU"", ""a"", ""tAt""]}, {""rule_source"": ""azwADyAyI"", ""rule"": ""1.4.13"", ""result"": [""BU"", ""a"", ""tAt""]}, {""rule_source"": ""azwADyAyI"", ""rule"": ""7.3.84"", ""result"": [""Bo"", ""a"", ""tAt""]}, {""rule_source"": ""azwADyAyI"", ""rule"": ""1.4.14"", ""result"": [""Bo"", ""a"", ""tAt""]}, {""rule_source"": ""azwADyAyI"", ""rule"": ""6.1.78"", ""result"": [""Bav"", ""a"", ""tAt""]}, {""rule_source"": ""azwADyAyI"", ""rule"": ""8.2.39"", ""result"": [""Bav"", ""a"", ""tAd""]}, {""rule_source"": ""azwADyAyI"", ""rule"": ""8.4.56"", ""result"": [""Bav"", ""a"", ""tAt""]}, {""rule_source"": ""azwADyAyI"", ""rule"": ""8.4.68"", ""result"": [""Bav"", ""a"", ""tAt""]}]}, {""form_slp1"": ""BavatAd"", ""steps"": [{""rule_source"": ""azwADyAyI"", ""rule"": ""1.3.1"", ""result"": [""BU""]}, {""rule_source"": ""azwADyAyI"", ""rule"": ""3.3.162"", ""result"": [""BU"", ""lo~w""]}, {""rule_source"": ""azwADyAyI"", ""rule"": ""1.3.2"", ""result"": [""BU"", ""lo~w""]}, {""rule_source"": ""azwADyAyI"", ""rule"": ""1.3.3"", ""result"": [""BU"", ""lo~w""]}, {""rule_source"": ""azwADyAyI"", ""rule"": ""1.3.9"", ""result"": [""BU"", ""l""]}, {""rule_source"": ""azwADyAyI"", ""rule"": ""1.3.78"", ""result"": [""BU"", ""l""]}, {""rule_source"": ""azwADyAyI"", ""rule"": ""3.4.78"", ""result"": [""BU"", ""tip""]}, {""rule_source"": ""azwADyAyI"", ""rule"": ""1.3.3"", ""result"": [""BU"", ""tip""]}, {""rule_source"": ""azwADyAyI"", ""rule"": ""1.3.9"", ""result"": [""BU"", ""ti""]}, {""rule_source"": ""azwADyAyI"", ""rule"": ""3.4.113"", ""result"": [""BU"", ""ti""]}, {""rule_source"": ""azwADyAyI"", ""rule"": ""3.1.68"", ""result"": [""BU"", ""Sap"", ""ti""]}, {""rule_source"": ""azwADyAyI"", ""rule"": ""1.3.3"", ""result"": [""BU"", ""Sap"", ""ti""]}, {""rule_source"": ""azwADyAyI"", ""rule"": ""1.3.8"", ""result"": [""BU"", ""Sap"", ""ti""]}, {""rule_source"": ""azwADyAyI"", ""rule"": ""1.3.9"", ""result"": [""BU"", ""a"", ""ti""]}, {""rule_source"": ""azwADyAyI"", ""rule"": ""3.4.113"", ""result"": [""BU"", ""a"", ""ti""]}, {""rule_source"": ""azwADyAyI"", ""rule"": ""3.4.86"", ""result"": [""BU"", ""a"", ""tu""]}, {""rule_source"": ""azwADyAyI"", ""rule"": ""7.1.35"", ""result"": [""BU"", ""a"", ""tAta~N""]}, {""rule_source"": ""azwADyAyI"", ""rule"": ""1.3.2"", ""result"": [""BU"", ""a"", ""tAta~N""]}, {""rule_source"": ""azwADyAyI"", ""rule"": ""1.3.3"", ""result"": [""BU"", ""a"", ""tAta~N""]}, {""rule_source"": ""azwADyAyI"", ""rule"": ""1.3.9"", ""result"": [""BU"", ""a"", ""tAt""]}, {""rule_source"": ""azwADyAyI"", ""rule"": ""1.4.13"", ""result"": [""BU"", ""a"", ""tAt""]}, {""rule_source"": ""azwADyAyI"", ""rule"": ""7.3.84"", ""result"": [""Bo"", ""a"", ""tAt""]}, {""rule_source"": ""azwADyAyI"", ""rule"": ""1.4.14"", ""result"": [""Bo"", ""a"", ""tAt""]}, {""rule_source"": ""azwADyAyI"", ""rule"": ""6.1.78"", ""result"": [""Bav"", ""a"", ""tAt""]}, {""rule_source"": ""azwADyAyI"", ""rule"": ""8.2.39"", ""result"": [""Bav"", ""a"", ""tAd""]}, {""rule_source"": ""azwADyAyI"", ""rule"": ""8.4.68"", ""result"": [""Bav"", ""a"", ""tAd""]}]}, {""form_slp1"": ""Bavatu"", ""steps"": [{""rule_source"": ""azwADyAyI"", ""rule"": ""1.3.1"", ""result"": [""BU""]}, {""rule_source"": ""azwADyAyI"", ""rule"": ""3.3.162"", ""result"": [""BU"", ""lo~w""]}, {""rule_source"": ""azwADyAyI"", ""rule"": ""1.3.2"", ""result"": [""BU"", ""lo~w""]}, {""rule_source"": ""azwADyAyI"", ""rule"": ""1.3.3"", ""result"": [""BU"", ""lo~w""]}, {""rule_source"": ""azwADyAyI"", ""rule"": ""1.3.9"", ""result"": [""BU"", ""l""]}, {""rule_source"": ""azwADyAyI"", ""rule"": ""1.3.78"", ""result"": [""BU"", ""l""]}, {""rule_source"": ""azwADyAyI"", ""rule"": ""3.4.78"", ""result"": [""BU"", ""tip""]}, {""rule_source"": ""azwADyAyI"", ""rule"": ""1.3.3"", ""result"": [""BU"", ""tip""]}, {""rule_source"": ""azwADyAyI"", ""rule"": ""1.3.9"", ""result"": [""BU"", ""ti""]}, {""rule_source"": ""azwADyAyI"", ""rule"": ""3.4.113"", ""result"": [""BU"", ""ti""]}, {""rule_source"": ""azwADyAyI"", ""rule"": ""3.1.68"", ""result"": [""BU"", ""Sap"", ""ti""]}, {""rule_source"": ""azwADyAyI"", ""rule"": ""1.3.3"", ""result"": [""BU"", ""Sap"", ""ti""]}, {""rule_source"": ""azwADyAyI"", ""rule"": ""1.3.8"", ""result"": [""BU"", ""Sap"", ""ti""]}, {""rule_source"": ""azwADyAyI"", ""rule"": ""1.3.9"", ""result"": [""BU"", ""a"", ""ti""]}, {""rule_source"": ""azwADyAyI"", ""rule"": ""3.4.113"", ""result"": [""BU"", ""a"", ""ti""]}, {""rule_source"": ""azwADyAyI"", ""rule"": ""3.4.86"", ""result"": [""BU"", ""a"", ""tu""]}, {""rule_source"": ""azwADyAyI"", ""rule"": ""1.4.13"", ""result"": [""BU"", ""a"", ""tu""]}, {""rule_source"": ""azwADyAyI"", ""rule"": ""7.3.84"", ""result"": [""Bo"", ""a"", ""tu""]}, {""rule_source"": ""azwADyAyI"", ""rule"": ""1.4.14"", ""result"": [""Bo"", ""a"", ""tu""]}, {""rule_source"": ""azwADyAyI"", ""rule"": ""6.1.78"", ""result"": [""Bav"", ""a"", ""tu""]}, {""rule_source"": ""azwADyAyI"", ""rule"": ""8.4.68"", ""result"": [""Bav"", ""a"", ""tu""]}]}], ""atmanepada"": []}"
base:71c4b5e50db4b382b2c3,base,lan,लङ् (laṅ),imperfect past,Prathama,Eka,aBavad;aBavat,,aBavad;aBavat,2,locally_regenerated,"{""parasmaipada"": [{""form_slp1"": ""aBavat"", ""steps"": [{""rule_source"": ""azwADyAyI"", ""rule"": ""1.3.1"", ""result"": [""BU""]}, {""rule_source"": ""azwADyAyI"", ""rule"": ""3.2.111"", ""result"": [""BU"", ""laN""]}, {""rule_source"": ""azwADyAyI"", ""rule"": ""1.3.3"", ""result"": [""BU"", ""laN""]}, {""rule_source"": ""azwADyAyI"", ""rule"": ""1.3.9"", ""result"": [""BU"", ""la""]}, {""rule_source"": ""azwADyAyI"", ""rule"": ""1.3.78"", ""result"": [""BU"", ""la""]}, {""rule_source"": ""azwADyAyI"", ""rule"": ""3.4.78"", ""result"": [""BU"", ""tip""]}, {""rule_source"": ""azwADyAyI"", ""rule"": ""1.3.3"", ""result"": [""BU"", ""tip""]}, {""rule_source"": ""azwADyAyI"", ""rule"": ""1.3.9"", ""result"": [""BU"", ""ti""]}, {""rule_source"": ""azwADyAyI"", ""rule"": ""3.4.113"", ""result"": [""BU"", ""ti""]}, {""rule_source"": ""azwADyAyI"", ""rule"": ""3.1.68"", ""result"": [""BU"", ""Sap"", ""ti""]}, {""rule_source"": ""azwADyAyI"", ""rule"": ""1.3.3"", ""result"": [""BU"", ""Sap"", ""ti""]}, {""rule_source"": ""azwADyAyI"", ""rule"": ""1.3.8"", ""result"": [""BU"", ""Sap"", ""ti""]}, {""rule_source"": ""azwADyAyI"", ""rule"": ""1.3.9"", ""result"": [""BU"", ""a"", ""ti""]}, {""rule_source"": ""azwADyAyI"", ""rule"": ""3.4.113"", ""result"": [""BU"", ""a"", ""ti""]}, {""rule_source"": ""azwADyAyI"", ""rule"": ""3.4.100"", ""result"": [""BU"", ""a"", ""t""]}, {""rule_source"": ""azwADyAyI"", ""rule"": ""1.4.13"", ""result"": [""BU"", ""a"", ""t""]}, {""rule_source"": ""azwADyAyI"", ""rule"": ""6.4.71"", ""result"": [""aw"", ""BU"", ""a"", ""t""]}, {""rule_source"": ""azwADyAyI"", ""rule"": ""1.3.3"", ""result"": [""aw"", ""BU"", ""a"", ""t""]}, {""rule_source"": ""azwADyAyI"", ""rule"": ""1.3.9"", ""result"": [""a"", ""BU"", ""a"", ""t""]}, {""rule_source"": ""azwADyAyI"", ""rule"": ""7.3.84"", ""result"": [""a"", ""Bo"", ""a"", ""t""]}, {""rule_source"": ""azwADyAyI"", ""rule"": ""1.4.14"", ""result"": [""a"", ""Bo"", ""a"", ""t""]}, {""rule_source"": ""azwADyAyI"", ""rule"": ""6.1.78"", ""result"": [""a"", ""Bav"", ""a"", ""t""]}, {""rule_source"": ""azwADyAyI"", ""rule"": ""8.2.39"", ""result"": [""a"", ""Bav"", ""a"", ""d""]}, {""rule_source"": ""azwADyAyI"", ""rule"": ""8.4.56"", ""result"": [""a"", ""Bav"", ""a"", ""t""]}, {""rule_source"": ""azwADyAyI"", ""rule"": ""8.4.68"", ""result"": [""a"", ""Bav"", ""a"", ""t""]}]}, {""form_slp1"": ""aBavad"", ""steps"": [{""rule_source"": ""azwADyAyI"", ""rule"": ""1.3.1"", ""result"": [""BU""]}, {""rule_source"": ""azwADyAyI"", ""rule"": ""3.2.111"", ""result"": [""BU"", ""laN""]}, {""rule_source"": ""azwADyAyI"", ""rule"": ""1.3.3"", ""result"": [""BU"", ""laN""]}, {""rule_source"": ""azwADyAyI"", ""rule"": ""1.3.9"", ""result"": [""BU"", ""la""]}, {""rule_source"": ""azwADyAyI"", ""rule"": ""1.3.78"", ""result"": [""BU"", ""la""]}, {""rule_source"": ""azwADyAyI"", ""rule"": ""3.4.78"", ""result"": [""BU"", ""tip""]}, {""rule_source"": ""azwADyAyI"", ""rule"": ""1.3.3"", ""result"": [""BU"", ""tip""]}, {""rule_source"": ""azwADyAyI"", ""rule"": ""1.3.9"", ""result"": [""BU"", ""ti""]}, {""rule_source"": ""azwADyAyI"", ""rule"": ""3.4.113"", ""result"": [""BU"", ""ti""]}, {""rule_source"": ""azwADyAyI"", ""rule"": ""3.1.68"", ""result"": [""BU"", ""Sap"", ""ti""]}, {""rule_source"": ""azwADyAyI"", ""rule"": ""1.3.3"", ""result"": [""BU"", ""Sap"", ""ti""]}, {""rule_source"": ""azwADyAyI"", ""rule"": ""1.3.8"", ""result"": [""BU"", ""Sap"", ""ti""]}, {""rule_source"": ""azwADyAyI"", ""rule"": ""1.3.9"", ""result"": [""BU"", ""a"", ""ti""]}, {""rule_source"": ""azwADyAyI"", ""rule"": ""3.4.113"", ""result"": [""BU"", ""a"", ""ti""]}, {""rule_source"": ""azwADyAyI"", ""rule"": ""3.4.100"", ""result"": [""BU"", ""a"", ""t""]}, {""rule_source"": ""azwADyAyI"", ""rule"": ""1.4.13"", ""result"": [""BU"", ""a"", ""t""]}, {""rule_source"": ""azwADyAyI"", ""rule"": ""6.4.71"", ""result"": [""aw"", ""BU"", ""a"", ""t""]}, {""rule_source"": ""azwADyAyI"", ""rule"": ""1.3.3"", ""result"": [""aw"", ""BU"", ""a"", ""t""]}, {""rule_source"": ""azwADyAyI"", ""rule"": ""1.3.9"", ""result"": [""a"", ""BU"", ""a"", ""t""]}, {""rule_source"": ""azwADyAyI"", ""rule"": ""7.3.84"", ""result"": [""a"", ""Bo"", ""a"", ""t""]}, {""rule_source"": ""azwADyAyI"", ""rule"": ""1.4.14"", ""result"": [""a"", ""Bo"", ""a"", ""t""]}, {""rule_source"": ""azwADyAyI"", ""rule"": ""6.1.78"", ""result"": [""a"", ""Bav"", ""a"", ""t""]}, {""rule_source"": ""azwADyAyI"", ""rule"": ""8.2.39"", ""result"": [""a"", ""Bav"", ""a"", ""d""]}, {""rule_source"": ""azwADyAyI"", ""rule"": ""8.4.68"", ""result"": [""a"", ""Bav"", ""a"", ""d""]}]}], ""atmanepada"": []}"
base:71c4b5e50db4b382b2c3,base,vidhilin,विधिलिङ् (vidhiliṅ),"possibility, prescription, or intention",Prathama,Eka,Baved;Bavet,,Baved;Bavet,2,locally_regenerated,"{""parasmaipada"": [{""form_slp1"": ""Bavet"", ""steps"": [{""rule_source"": ""azwADyAyI"", ""rule"": ""1.3.1"", ""result"": [""BU""]}, {""rule_source"": ""azwADyAyI"", ""rule"": ""3.3.161"", ""result"": [""BU"", ""li~N""]}, {""rule_source"": ""azwADyAyI"", ""rule"": ""1.3.2"", ""result"": [""BU"", ""li~N""]}, {""rule_source"": ""azwADyAyI"", ""rule"": ""1.3.3"", ""result"": [""BU"", ""li~N""]}, {""rule_source"": ""azwADyAyI"", ""rule"": ""1.3.9"", ""result"": [""BU"", ""l""]}, {""rule_source"": ""azwADyAyI"", ""rule"": ""1.3.78"", ""result"": [""BU"", ""l""]}, {""rule_source"": ""azwADyAyI"", ""rule"": ""3.4.78"", ""result"": [""BU"", ""tip""]}, {""rule_source"": ""azwADyAyI"", ""rule"": ""1.3.3"", ""result"": [""BU"", ""tip""]}, {""rule_source"": ""azwADyAyI"", ""rule"": ""1.3.9"", ""result"": [""BU"", ""ti""]}, {""rule_source"": ""azwADyAyI"", ""rule"": ""3.4.113"", ""result"": [""BU"", ""ti""]}, {""rule_source"": ""azwADyAyI"", ""rule"": ""3.1.68"", ""result"": [""BU"", ""Sap"", ""ti""]}, {""rule_source"": ""azwADyAyI"", ""rule"": ""1.3.3"", ""result"": [""BU"", ""Sap"", ""ti""]}, {""rule_source"": ""azwADyAyI"", ""rule"": ""1.3.8"", ""result"": [""BU"", ""Sap"", ""ti""]}, {""rule_source"": ""azwADyAyI"", ""rule"": ""1.3.9"", ""result"": [""BU"", ""a"", ""ti""]}, {""rule_source"": ""azwADyAyI"", ""rule"": ""3.4.113"", ""result"": [""BU"", ""a"", ""ti""]}, {""rule_source"": ""azwADyAyI"", ""rule"": ""3.4.100"", ""result"": [""BU"", ""a"", ""t""]}, {""rule_source"": ""azwADyAyI"", ""rule"": ""3.4.103"", ""result"": [""BU"", ""a"", ""yAsu~w"", ""t""]}, {""rule_source"": ""azwADyAyI"", ""rule"": ""1.3.2"", ""result"": [""BU"", ""a"", ""yAsu~w"", ""t""]}, {""rule_source"": ""azwADyAyI"", ""rule"": ""1.3.3"", ""result"": [""BU"", ""a"", ""yAsu~w"", ""t""]}, {""rule_source"": ""azwADyAyI"", ""rule"": ""1.3.9"", ""result"": [""BU"", ""a"", ""yAs"", ""t""]}, {""rule_source"": ""azwADyAyI"", ""rule"": ""3.4.107"", ""result"": [""BU"", ""a"", ""yAs"", ""st""]}, {""rule_source"": ""azwADyAyI"", ""rule"": ""1.4.13"", ""result"": [""BU"", ""a"", ""yAs"", ""st""]}, {""rule_source"": ""azwADyAyI"", ""rule"": ""7.2.79"", ""result"": [""BU"", ""a"", ""yA"", ""t""]}, {""rule_source"": ""azwADyAyI"", ""rule"": ""7.2.80"", ""result"": [""BU"", ""a"", ""iy"", ""t""]}, {""rule_source"": ""azwADyAyI"", ""rule"": ""6.1.66"", ""result"": [""BU"", ""a"", ""i"", ""t""]}, {""rule_source"": ""azwADyAyI"", ""rule"": ""7.3.84"", ""result"": [""Bo"", ""a"", ""i"", ""t""]}, {""rule_source"": ""azwADyAyI"", ""rule"": ""1.4.14"", ""result"": [""Bo"", ""a"", ""i"", ""t""]}, {""rule_source"": ""azwADyAyI"", ""rule"": ""6.1.78"", ""result"": [""Bav"", ""a"", ""i"", ""t""]}, {""rule_source"": ""azwADyAyI"", ""rule"": ""6.1.87"", ""result"": [""Bav"", """", ""e"", ""t""]}, {""rule_source"": ""azwADyAyI"", ""rule"": ""8.2.39"", ""result"": [""Bav"", """", ""e"", ""d""]}, {""rule_source"": ""azwADyAyI"", ""rule"": ""8.4.56"", ""result"": [""Bav"", """", ""e"", ""t""]}, {""rule_source"": ""azwADyAyI"", ""rule"": ""8.4.68"", ""result"": [""Bav"", """", ""e"", ""t""]}]}, {""form_slp1"": ""Baved"", ""steps"": [{""rule_source"": ""azwADyAyI"", ""rule"": ""1.3.1"", ""result"": [""BU""]}, {""rule_source"": ""azwADyAyI"", ""rule"": ""3.3.161"", ""result"": [""BU"", ""li~N""]}, {""rule_source"": ""azwADyAyI"", ""rule"": ""1.3.2"", ""result"": [""BU"", ""li~N""]}, {""rule_source"": ""azwADyAyI"", ""rule"": ""1.3.3"", ""result"": [""BU"", ""li~N""]}, {""rule_source"": ""azwADyAyI"", ""rule"": ""1.3.9"", ""result"": [""BU"", ""l""]}, {""rule_source"": ""azwADyAyI"", ""rule"": ""1.3.78"", ""result"": [""BU"", ""l""]}, {""rule_source"": ""azwADyAyI"", ""rule"": ""3.4.78"", ""result"": [""BU"", ""tip""]}, {""rule_source"": ""azwADyAyI"", ""rule"": ""1.3.3"", ""result"": [""BU"", ""tip""]}, {""rule_source"": ""azwADyAyI"", ""rule"": ""1.3.9"", ""result"": [""BU"", ""ti""]}, {""rule_source"": ""azwADyAyI"", ""rule"": ""3.4.113"", ""result"": [""BU"", ""ti""]}, {""rule_source"": ""azwADyAyI"", ""rule"": ""3.1.68"", ""result"": [""BU"", ""Sap"", ""ti""]}, {""rule_source"": ""azwADyAyI"", ""rule"": ""1.3.3"", ""result"": [""BU"", ""Sap"", ""ti""]}, {""rule_source"": ""azwADyAyI"", ""rule"": ""1.3.8"", ""result"": [""BU"", ""Sap"", ""ti""]}, {""rule_source"": ""azwADyAyI"", ""rule"": ""1.3.9"", ""result"": [""BU"", ""a"", ""ti""]}, {""rule_source"": ""azwADyAyI"", ""rule"": ""3.4.113"", ""result"": [""BU"", ""a"", ""ti""]}, {""rule_source"": ""azwADyAyI"", ""rule"": ""3.4.100"", ""result"": [""BU"", ""a"", ""t""]}, {""rule_source"": ""azwADyAyI"", ""rule"": ""3.4.103"", ""result"": [""BU"", ""a"", ""yAsu~w"", ""t""]}, {""rule_source"": ""azwADyAyI"", ""rule"": ""1.3.2"", ""result"": [""BU"", ""a"", ""yAsu~w"", ""t""]}, {""rule_source"": ""azwADyAyI"", ""rule"": ""1.3.3"", ""result"": [""BU"", ""a"", ""yAsu~w"", ""t""]}, {""rule_source"": ""azwADyAyI"", ""rule"": ""1.3.9"", ""result"": [""BU"", ""a"", ""yAs"", ""t""]}, {""rule_source"": ""azwADyAyI"", ""rule"": ""3.4.107"", ""result"": [""BU"", ""a"", ""yAs"", ""st""]}, {""rule_source"": ""azwADyAyI"", ""rule"": ""1.4.13"", ""result"": [""BU"", ""a"", ""yAs"", ""st""]}, {""rule_source"": ""azwADyAyI"", ""rule"": ""7.2.79"", ""result"": [""BU"", ""a"", ""yA"", ""t""]}, {""rule_source"": ""azwADyAyI"", ""rule"": ""7.2.80"", ""result"": [""BU"", ""a"", ""iy"", ""t""]}, {""rule_source"": ""azwADyAyI"", ""rule"": ""6.1.66"", ""result"": [""BU"", ""a"", ""i"", ""t""]}, {""rule_source"": ""azwADyAyI"", ""rule"": ""7.3.84"", ""result"": [""Bo"", ""a"", ""i"", ""t""]}, {""rule_source"": ""azwADyAyI"", ""rule"": ""1.4.14"", ""result"": [""Bo"", ""a"", ""i"", ""t""]}, {""rule_source"": ""azwADyAyI"", ""rule"": ""6.1.78"", ""result"": [""Bav"", ""a"", ""i"", ""t""]}, {""rule_source"": ""azwADyAyI"", ""rule"": ""6.1.87"", ""result"": [""Bav"", """", ""e"", ""t""]}, {""rule_source"": ""azwADyAyI"", ""rule"": ""8.2.39"", ""result"": [""Bav"", """", ""e"", ""d""]}, {""rule_source"": ""azwADyAyI"", ""rule"": ""8.4.68"", ""result"": [""Bav"", """", ""e"", ""d""]}]}], ""atmanepada"": []}"
base:71c4b5e50db4b382b2c3,base,ashirlin,आशीर्लिङ् (āśīrliṅ),blessing or wish,Prathama,Eka,BUyAd;BUyAt,,BUyAd;BUyAt,2,locally_regenerated,"{""parasmaipada"": [{""form_slp1"": ""BUyAt"", ""steps"": [{""rule_source"": ""azwADyAyI"", ""rule"": ""1.3.1"", ""result"": [""BU""]}, {""rule_source"": ""azwADyAyI"", ""rule"": ""3.3.173"", ""result"": [""BU"", ""li~N""]}, {""rule_source"": ""azwADyAyI"", ""rule"": ""1.3.2"", ""result"": [""BU"", ""li~N""]}, {""rule_source"": ""azwADyAyI"", ""rule"": ""1.3.3"", ""result"": [""BU"", ""li~N""]}, {""rule_source"": ""azwADyAyI"", ""rule"": ""1.3.9"", ""result"": [""BU"", ""l""]}, {""rule_source"": ""azwADyAyI"", ""rule"": ""1.3.78"", ""result"": [""BU"", ""l""]}, {""rule_source"": ""azwADyAyI"", ""rule"": ""3.4.78"", ""result"": [""BU"", ""tip""]}, {""rule_source"": ""azwADyAyI"", ""rule"": ""1.3.3"", ""result"": [""BU"", ""tip""]}, {""rule_source"": ""azwADyAyI"", ""rule"": ""1.3.9"", ""result"": [""BU"", ""ti""]}, {""rule_source"": ""azwADyAyI"", ""rule"": ""3.4.116"", ""result"": [""BU"", ""ti""]}, {""rule_source"": ""azwADyAyI"", ""rule"": ""3.4.100"", ""result"": [""BU"", ""t""]}, {""rule_source"": ""azwADyAyI"", ""rule"": ""3.4.104"", ""result"": [""BU"", ""yAsu~w"", ""t""]}, {""rule_source"": ""azwADyAyI"", ""rule"": ""1.3.2"", ""result"": [""BU"", ""yAsu~w"", ""t""]}, {""rule_source"": ""azwADyAyI"", ""rule"": ""1.3.3"", ""result"": [""BU"", ""yAsu~w"", ""t""]}, {""rule_source"": ""azwADyAyI"", ""rule"": ""1.3.9"", ""result"": [""BU"", ""yAs"", ""t""]}, {""rule_source"": ""azwADyAyI"", ""rule"": ""3.4.107"", ""result"": [""BU"", ""yAs"", ""st""]}, {""rule_source"": ""azwADyAyI"", ""rule"": ""3.4.116"", ""result"": [""BU"", ""yAs"", ""st""]}, {""rule_source"": ""azwADyAyI"", ""rule"": ""1.4.13"", ""result"": [""BU"", ""yAs"", ""st""]}, {""rule_source"": ""azwADyAyI"", ""rule"": ""1.1.5"", ""result"": [""BU"", ""yAs"", ""st""]}, {""rule_source"": ""azwADyAyI"", ""rule"": ""7.4.25"", ""result"": [""BU"", ""yAs"", ""st""]}, {""rule_source"": ""azwADyAyI"", ""rule"": ""1.4.14"", ""result"": [""BU"", ""yAs"", ""st""]}, {""rule_source"": ""azwADyAyI"", ""rule"": ""8.2.29"", ""result"": [""BU"", ""yA"", ""st""]}, {""rule_source"": ""azwADyAyI"", ""rule"": ""8.2.29"", ""result"": [""BU"", ""yA"", ""t""]}, {""rule_source"": ""azwADyAyI"", ""rule"": ""8.2.39"", ""result"": [""BU"", ""yA"", ""d""]}, {""rule_source"": ""azwADyAyI"", ""rule"": ""8.4.56"", ""result"": [""BU"", ""yA"", ""t""]}]}, {""form_slp1"": ""BUyAd"", ""steps"": [{""rule_source"": ""azwADyAyI"", ""rule"": ""1.3.1"", ""result"": [""BU""]}, {""rule_source"": ""azwADyAyI"", ""rule"": ""3.3.173"", ""result"": [""BU"", ""li~N""]}, {""rule_source"": ""azwADyAyI"", ""rule"": ""1.3.2"", ""result"": [""BU"", ""li~N""]}, {""rule_source"": ""azwADyAyI"", ""rule"": ""1.3.3"", ""result"": [""BU"", ""li~N""]}, {""rule_source"": ""azwADyAyI"", ""rule"": ""1.3.9"", ""result"": [""BU"", ""l""]}, {""rule_source"": ""azwADyAyI"", ""rule"": ""1.3.78"", ""result"": [""BU"", ""l""]}, {""rule_source"": ""azwADyAyI"", ""rule"": ""3.4.78"", ""result"": [""BU"", ""tip""]}, {""rule_source"": ""azwADyAyI"", ""rule"": ""1.3.3"", ""result"": [""BU"", ""tip""]}, {""rule_source"": ""azwADyAyI"", ""rule"": ""1.3.9"", ""result"": [""BU"", ""ti""]}, {""rule_source"": ""azwADyAyI"", ""rule"": ""3.4.116"", ""result"": [""BU"", ""ti""]}, {""rule_source"": ""azwADyAyI"", ""rule"": ""3.4.100"", ""result"": [""BU"", ""t""]}, {""rule_source"": ""azwADyAyI"", ""rule"": ""3.4.104"", ""result"": [""BU"", ""yAsu~w"", ""t""]}, {""rule_source"": ""azwADyAyI"", ""rule"": ""1.3.2"", ""result"": [""BU"", ""yAsu~w"", ""t""]}, {""rule_source"": ""azwADyAyI"", ""rule"": ""1.3.3"", ""result"": [""BU"", ""yAsu~w"", ""t""]}, {""rule_source"": ""azwADyAyI"", ""rule"": ""1.3.9"", ""result"": [""BU"", ""yAs"", ""t""]}, {""rule_source"": ""azwADyAyI"", ""rule"": ""3.4.107"", ""result"": [""BU"", ""yAs"", ""st""]}, {""rule_source"": ""azwADyAyI"", ""rule"": ""3.4.116"", ""result"": [""BU"", ""yAs"", ""st""]}, {""rule_source"": ""azwADyAyI"", ""rule"": ""1.4.13"", ""result"": [""BU"", ""yAs"", ""st""]}, {""rule_source"": ""azwADyAyI"", ""rule"": ""1.1.5"", ""result"": [""BU"", ""yAs"", ""st""]}, {""rule_source"": ""azwADyAyI"", ""rule"": ""7.4.25"", ""result"": [""BU"", ""yAs"", ""st""]}, {""rule_source"": ""azwADyAyI"", ""rule"": ""1.4.14"", ""result"": [""BU"", ""yAs"", ""st""]}, {""rule_source"": ""azwADyAyI"", ""rule"": ""8.2.29"", ""result"": [""BU"", ""yA"", ""st""]}, {""rule_source"": ""azwADyAyI"", ""rule"": ""8.2.29"", ""result"": [""BU"", ""yA"", ""t""]}, {""rule_source"": ""azwADyAyI"", ""rule"": ""8.2.39"", ""result"": [""BU"", ""yA"", ""d""]}]}], ""atmanepada"": []}"
base:71c4b5e50db4b382b2c3,base,lun,लुङ् (luṅ),aorist past,Prathama,Eka,aBUd;aBUt,,aBUd;aBUt,2,locally_regenerated,"{""parasmaipada"": [{""form_slp1"": ""aBUt"", ""steps"": [{""rule_source"": ""azwADyAyI"", ""rule"": ""1.3.1"", ""result"": [""BU""]}, {""rule_source"": ""azwADyAyI"", ""rule"": ""3.2.110"", ""result"": [""BU"", ""lu~N""]}, {""rule_source"": ""azwADyAyI"", ""rule"": ""1.3.2"", ""result"": [""BU"", ""lu~N""]}, {""rule_source"": ""azwADyAyI"", ""rule"": ""1.3.3"", ""result"": [""BU"", ""lu~N""]}, {""rule_source"": ""azwADyAyI"", ""rule"": ""1.3.9"", ""result"": [""BU"", ""l""]}, {""rule_source"": ""azwADyAyI"", ""rule"": ""1.3.78"", ""result"": [""BU"", ""l""]}, {""rule_source"": ""azwADyAyI"", ""rule"": ""3.4.78"", ""result"": [""BU"", ""tip""]}, {""rule_source"": ""azwADyAyI"", ""rule"": ""1.3.3"", ""result"": [""BU"", ""tip""]}, {""rule_source"": ""azwADyAyI"", ""rule"": ""1.3.9"", ""result"": [""BU"", ""ti""]}, {""rule_source"": ""azwADyAyI"", ""rule"": ""3.4.113"", ""result"": [""BU"", ""ti""]}, {""rule_source"": ""azwADyAyI"", ""rule"": ""3.1.43"", ""result"": [""BU"", ""cli~"", ""ti""]}, {""rule_source"": ""azwADyAyI"", ""rule"": ""3.1.44"", ""result"": [""BU"", ""si~c"", ""ti""]}, {""rule_source"": ""azwADyAyI"", ""rule"": ""2.4.77"", ""result"": [""BU"", """", ""ti""]}, {""rule_source"": ""azwADyAyI"", ""rule"": ""3.4.100"", ""result"": [""BU"", """", ""t""]}, {""rule_source"": ""azwADyAyI"", ""rule"": ""1.4.13"", ""result"": [""BU"", """", ""t""]}, {""rule_source"": ""azwADyAyI"", ""rule"": ""6.4.71"", ""result"": [""aw"", ""BU"", """", ""t""]}, {""rule_source"": ""azwADyAyI"", ""rule"": ""1.3.3"", ""result"": [""aw"", ""BU"", """", ""t""]}, {""rule_source"": ""azwADyAyI"", ""rule"": ""1.3.9"", ""result"": [""a"", ""BU"", """", ""t""]}, {""rule_source"": ""azwADyAyI"", ""rule"": ""6.4.88"", ""result"": [""a"", ""BU"", ""vu~k"", """", ""t""]}, {""rule_source"": ""azwADyAyI"", ""rule"": ""1.3.2"", ""result"": [""a"", ""BU"", ""vu~k"", """", ""t""]}, {""rule_source"": ""azwADyAyI"", ""rule"": ""1.3.3"", ""result"": [""a"", ""BU"", ""vu~k"", """", ""t""]}, {""rule_source"": ""azwADyAyI"", ""rule"": ""1.3.9"", ""result"": [""a"", ""BU"", ""v"", """", ""t""]}, {""rule_source"": ""azwADyAyI"", ""rule"": ""6.1.66"", ""result"": [""a"", ""BU"", """", """", ""t""]}, {""rule_source"": ""azwADyAyI"", ""rule"": ""1.4.14"", ""result"": [""a"", ""BU"", """", """", ""t""]}, {""rule_source"": ""azwADyAyI"", ""rule"": ""8.2.39"", ""result"": [""a"", ""BU"", """", """", ""d""]}, {""rule_source"": ""azwADyAyI"", ""rule"": ""8.4.56"", ""result"": [""a"", ""BU"", """", """", ""t""]}, {""rule_source"": ""azwADyAyI"", ""rule"": ""8.4.68"", ""result"": [""a"", ""BU"", """", """", ""t""]}]}, {""form_slp1"": ""aBUd"", ""steps"": [{""rule_source"": ""azwADyAyI"", ""rule"": ""1.3.1"", ""result"": [""BU""]}, {""rule_source"": ""azwADyAyI"", ""rule"": ""3.2.110"", ""result"": [""BU"", ""lu~N""]}, {""rule_source"": ""azwADyAyI"", ""rule"": ""1.3.2"", ""result"": [""BU"", ""lu~N""]}, {""rule_source"": ""azwADyAyI"", ""rule"": ""1.3.3"", ""result"": [""BU"", ""lu~N""]}, {""rule_source"": ""azwADyAyI"", ""rule"": ""1.3.9"", ""result"": [""BU"", ""l""]}, {""rule_source"": ""azwADyAyI"", ""rule"": ""1.3.78"", ""result"": [""BU"", ""l""]}, {""rule_source"": ""azwADyAyI"", ""rule"": ""3.4.78"", ""result"": [""BU"", ""tip""]}, {""rule_source"": ""azwADyAyI"", ""rule"": ""1.3.3"", ""result"": [""BU"", ""tip""]}, {""rule_source"": ""azwADyAyI"", ""rule"": ""1.3.9"", ""result"": [""BU"", ""ti""]}, {""rule_source"": ""azwADyAyI"", ""rule"": ""3.4.113"", ""result"": [""BU"", ""ti""]}, {""rule_source"": ""azwADyAyI"", ""rule"": ""3.1.43"", ""result"": [""BU"", ""cli~"", ""ti""]}, {""rule_source"": ""azwADyAyI"", ""rule"": ""3.1.44"", ""result"": [""BU"", ""si~c"", ""ti""]}, {""rule_source"": ""azwADyAyI"", ""rule"": ""2.4.77"", ""result"": [""BU"", """", ""ti""]}, {""rule_source"": ""azwADyAyI"", ""rule"": ""3.4.100"", ""result"": [""BU"", """", ""t""]}, {""rule_source"": ""azwADyAyI"", ""rule"": ""1.4.13"", ""result"": [""BU"", """", ""t""]}, {""rule_source"": ""azwADyAyI"", ""rule"": ""6.4.71"", ""result"": [""aw"", ""BU"", """", ""t""]}, {""rule_source"": ""azwADyAyI"", ""rule"": ""1.3.3"", ""result"": [""aw"", ""BU"", """", ""t""]}, {""rule_source"": ""azwADyAyI"", ""rule"": ""1.3.9"", ""result"": [""a"", ""BU"", """", ""t""]}, {""rule_source"": ""azwADyAyI"", ""rule"": ""6.4.88"", ""result"": [""a"", ""BU"", ""vu~k"", """", ""t""]}, {""rule_source"": ""azwADyAyI"", ""rule"": ""1.3.2"", ""result"": [""a"", ""BU"", ""vu~k"", """", ""t""]}, {""rule_source"": ""azwADyAyI"", ""rule"": ""1.3.3"", ""result"": [""a"", ""BU"", ""vu~k"", """", ""t""]}, {""rule_source"": ""azwADyAyI"", ""rule"": ""1.3.9"", ""result"": [""a"", ""BU"", ""v"", """", ""t""]}, {""rule_source"": ""azwADyAyI"", ""rule"": ""6.1.66"", ""result"": [""a"", ""BU"", """", """", ""t""]}, {""rule_source"": ""azwADyAyI"", ""rule"": ""1.4.14"", ""result"": [""a"", ""BU"", """", """", ""t""]}, {""rule_source"": ""azwADyAyI"", ""rule"": ""8.2.39"", ""result"": [""a"", ""BU"", """", """", ""d""]}, {""rule_source"": ""azwADyAyI"", ""rule"": ""8.4.68"", ""result"": [""a"", ""BU"", """", """", ""d""]}]}], ""atmanepada"": []}"
base:71c4b5e50db4b382b2c3,base,lrn,लृङ् (lṛṅ),conditional,Prathama,Eka,aBavizyad;aBavizyat,,aBavizyad;aBavizyat,2,locally_regenerated,"{""parasmaipada"": [{""form_slp1"": ""aBavizyat"", ""steps"": [{""rule_source"": ""azwADyAyI"", ""rule"": ""1.3.1"", ""result"": [""BU""]}, {""rule_source"": ""azwADyAyI"", ""rule"": ""3.3.139"", ""result"": [""BU"", ""lf~N""]}, {""rule_source"": ""azwADyAyI"", ""rule"": ""1.3.2"", ""result"": [""BU"", ""lf~N""]}, {""rule_source"": ""azwADyAyI"", ""rule"": ""1.3.3"", ""result"": [""BU"", ""lf~N""]}, {""rule_source"": ""azwADyAyI"", ""rule"": ""1.3.9"", ""result"": [""BU"", ""l""]}, {""rule_source"": ""azwADyAyI"", ""rule"": ""1.3.78"", ""result"": [""BU"", ""l""]}, {""rule_source"": ""azwADyAyI"", ""rule"": ""3.4.78"", ""result"": [""BU"", ""tip""]}, {""rule_source"": ""azwADyAyI"", ""rule"": ""1.3.3"", ""result"": [""BU"", ""tip""]}, {""rule_source"": ""azwADyAyI"", ""rule"": ""1.3.9"", ""result"": [""BU"", ""ti""]}, {""rule_source"": ""azwADyAyI"", ""rule"": ""3.4.113"", ""result"": [""BU"", ""ti""]}, {""rule_source"": ""azwADyAyI"", ""rule"": ""3.1.33"", ""result"": [""BU"", ""sya"", ""ti""]}, {""rule_source"": ""azwADyAyI"", ""rule"": ""3.4.114"", ""result"": [""BU"", ""sya"", ""ti""]}, {""rule_source"": ""azwADyAyI"", ""rule"": ""3.4.100"", ""result"": [""BU"", ""sya"", ""t""]}, {""rule_source"": ""azwADyAyI"", ""rule"": ""7.2.35"", ""result"": [""BU"", ""iw"", ""sya"", ""t""]}, {""rule_source"": ""azwADyAyI"", ""rule"": ""1.3.3"", ""result"": [""BU"", ""iw"", ""sya"", ""t""]}, {""rule_source"": ""azwADyAyI"", ""rule"": ""1.3.9"", ""result"": [""BU"", ""i"", ""sya"", ""t""]}, {""rule_source"": ""azwADyAyI"", ""rule"": ""1.4.13"", ""result"": [""BU"", ""i"", ""sya"", ""t""]}, {""rule_source"": ""azwADyAyI"", ""rule"": ""6.4.71"", ""result"": [""aw"", ""BU"", ""i"", ""sya"", ""t""]}, {""rule_source"": ""azwADyAyI"", ""rule"": ""1.3.3"", ""result"": [""aw"", ""BU"", ""i"", ""sya"", ""t""]}, {""rule_source"": ""azwADyAyI"", ""rule"": ""1.3.9"", ""result"": [""a"", ""BU"", ""i"", ""sya"", ""t""]}, {""rule_source"": ""azwADyAyI"", ""rule"": ""7.3.84"", ""result"": [""a"", ""Bo"", ""i"", ""sya"", ""t""]}, {""rule_source"": ""azwADyAyI"", ""rule"": ""1.4.14"", ""result"": [""a"", ""Bo"", ""i"", ""sya"", ""t""]}, {""rule_source"": ""azwADyAyI"", ""rule"": ""6.1.78"", ""result"": [""a"", ""Bav"", ""i"", ""sya"", ""t""]}, {""rule_source"": ""azwADyAyI"", ""rule"": ""8.2.39"", ""result"": [""a"", ""Bav"", ""i"", ""sya"", ""d""]}, {""rule_source"": ""azwADyAyI"", ""rule"": ""8.3.59"", ""result"": [""a"", ""Bav"", ""i"", ""zya"", ""d""]}, {""rule_source"": ""azwADyAyI"", ""rule"": ""8.4.56"", ""result"": [""a"", ""Bav"", ""i"", ""zya"", ""t""]}, {""rule_source"": ""azwADyAyI"", ""rule"": ""8.4.68"", ""result"": [""a"", ""Bav"", ""i"", ""zya"", ""t""]}]}, {""form_slp1"": ""aBavizyad"", ""steps"": [{""rule_source"": ""azwADyAyI"", ""rule"": ""1.3.1"", ""result"": [""BU""]}, {""rule_source"": ""azwADyAyI"", ""rule"": ""3.3.139"", ""result"": [""BU"", ""lf~N""]}, {""rule_source"": ""azwADyAyI"", ""rule"": ""1.3.2"", ""result"": [""BU"", ""lf~N""]}, {""rule_source"": ""azwADyAyI"", ""rule"": ""1.3.3"", ""result"": [""BU"", ""lf~N""]}, {""rule_source"": ""azwADyAyI"", ""rule"": ""1.3.9"", ""result"": [""BU"", ""l""]}, {""rule_source"": ""azwADyAyI"", ""rule"": ""1.3.78"", ""result"": [""BU"", ""l""]}, {""rule_source"": ""azwADyAyI"", ""rule"": ""3.4.78"", ""result"": [""BU"", ""tip""]}, {""rule_source"": ""azwADyAyI"", ""rule"": ""1.3.3"", ""result"": [""BU"", ""tip""]}, {""rule_source"": ""azwADyAyI"", ""rule"": ""1.3.9"", ""result"": [""BU"", ""ti""]}, {""rule_source"": ""azwADyAyI"", ""rule"": ""3.4.113"", ""result"": [""BU"", ""ti""]}, {""rule_source"": ""azwADyAyI"", ""rule"": ""3.1.33"", ""result"": [""BU"", ""sya"", ""ti""]}, {""rule_source"": ""azwADyAyI"", ""rule"": ""3.4.114"", ""result"": [""BU"", ""sya"", ""ti""]}, {""rule_source"": ""azwADyAyI"", ""rule"": ""3.4.100"", ""result"": [""BU"", ""sya"", ""t""]}, {""rule_source"": ""azwADyAyI"", ""rule"": ""7.2.35"", ""result"": [""BU"", ""iw"", ""sya"", ""t""]}, {""rule_source"": ""azwADyAyI"", ""rule"": ""1.3.3"", ""result"": [""BU"", ""iw"", ""sya"", ""t""]}, {""rule_source"": ""azwADyAyI"", ""rule"": ""1.3.9"", ""result"": [""BU"", ""i"", ""sya"", ""t""]}, {""rule_source"": ""azwADyAyI"", ""rule"": ""1.4.13"", ""result"": [""BU"", ""i"", ""sya"", ""t""]}, {""rule_source"": ""azwADyAyI"", ""rule"": ""6.4.71"", ""result"": [""aw"", ""BU"", ""i"", ""sya"", ""t""]}, {""rule_source"": ""azwADyAyI"", ""rule"": ""1.3.3"", ""result"": [""aw"", ""BU"", ""i"", ""sya"", ""t""]}, {""rule_source"": ""azwADyAyI"", ""rule"": ""1.3.9"", ""result"": [""a"", ""BU"", ""i"", ""sya"", ""t""]}, {""rule_source"": ""azwADyAyI"", ""rule"": ""7.3.84"", ""result"": [""a"", ""Bo"", ""i"", ""sya"", ""t""]}, {""rule_source"": ""azwADyAyI"", ""rule"": ""1.4.14"", ""result"": [""a"", ""Bo"", ""i"", ""sya"", ""t""]}, {""rule_source"": ""azwADyAyI"", ""rule"": ""6.1.78"", ""result"": [""a"", ""Bav"", ""i"", ""sya"", ""t""]}, {""rule_source"": ""azwADyAyI"", ""rule"": ""8.2.39"", ""result"": [""a"", ""Bav"", ""i"", ""sya"", ""d""]}, {""rule_source"": ""azwADyAyI"", ""rule"": ""8.3.59"", ""result"": [""a"", ""Bav"", ""i"", ""zya"", ""d""]}, {""rule_source"": ""azwADyAyI"", ""rule"": ""8.4.68"", ""result"": [""a"", ""Bav"", ""i"", ""zya"", ""d""]}]}], ""atmanepada"": []}"
base:56e552412e3ebfe4b646,base,lat,लट् (laṭ),present,Prathama,Eka,,eDate,eDate,1,locally_regenerated,"{""parasmaipada"": [], ""atmanepada"": [{""form_slp1"": ""eDate"", ""steps"": [{""rule_source"": ""azwADyAyI"", ""rule"": ""1.3.1"", ""result"": [""eDa~\\""]}, {""rule_source"": ""azwADyAyI"", ""rule"": ""1.3.2"", ""result"": [""eDa~\\""]}, {""rule_source"": ""azwADyAyI"", ""rule"": ""1.3.9"", ""result"": [""eD""]}, {""rule_source"": ""azwADyAyI"", ""rule"": ""3.2.123"", ""result"": [""eD"", ""la~w""]}, {""rule_source"": ""azwADyAyI"", ""rule"": ""1.3.2"", ""result"": [""eD"", ""la~w""]}, {""rule_source"": ""azwADyAyI"", ""rule"": ""1.3.3"", ""result"": [""eD"", ""la~w""]}, {""rule_source"": ""azwADyAyI"", ""rule"": ""1.3.9"", ""result"": [""eD"", ""l""]}, {""rule_source"": ""azwADyAyI"", ""rule"": ""1.3.12"", ""result"": [""eD"", ""l""]}, {""rule_source"": ""azwADyAyI"", ""rule"": ""3.4.78"", ""result"": [""eD"", ""ta""]}, {""rule_source"": ""azwADyAyI"", ""rule"": ""3.4.113"", ""result"": [""eD"", ""ta""]}, {""rule_source"": ""azwADyAyI"", ""rule"": ""3.1.68"", ""result"": [""eD"", ""Sap"", ""ta""]}, {""rule_source"": ""azwADyAyI"", ""rule"": ""1.3.3"", ""result"": [""eD"", ""Sap"", ""ta""]}, {""rule_source"": ""azwADyAyI"", ""rule"": ""1.3.8"", ""result"": [""eD"", ""Sap"", ""ta""]}, {""rule_source"": ""azwADyAyI"", ""rule"": ""1.3.9"", ""result"": [""eD"", ""a"", ""ta""]}, {""rule_source"": ""azwADyAyI"", ""rule"": ""3.4.113"", ""result"": [""eD"", ""a"", ""ta""]}, {""rule_source"": ""azwADyAyI"", ""rule"": ""3.4.79"", ""result"": [""eD"", ""a"", ""te""]}, {""rule_source"": ""azwADyAyI"", ""rule"": ""1.2.4"", ""result"": [""eD"", ""a"", ""te""]}, {""rule_source"": ""azwADyAyI"", ""rule"": ""1.4.13"", ""result"": [""eD"", ""a"", ""te""]}, {""rule_source"": ""azwADyAyI"", ""rule"": ""1.4.14"", ""result"": [""eD"", ""a"", ""te""]}, {""rule_source"": ""azwADyAyI"", ""rule"": ""8.4.68"", ""result"": [""eD"", ""a"", ""te""]}]}]}"
base:56e552412e3ebfe4b646,base,lit,लिट् (liṭ),perfect past,Prathama,Eka,,eDAYcakre;eDAmAsa;eDAmbaBUva,eDAYcakre;eDAmAsa;eDAmbaBUva,3,locally_regenerated,"{""parasmaipada"": [], ""atmanepada"": [{""form_slp1"": ""eDAmbaBUva"", ""steps"": [{""rule_source"": ""azwADyAyI"", ""rule"": ""1.3.1"", ""result"": [""eDa~\\""]}, {""rule_source"": ""azwADyAyI"", ""rule"": ""1.3.2"", ""result"": [""eDa~\\""]}, {""rule_source"": ""azwADyAyI"", ""rule"": ""1.3.9"", ""result"": [""eD""]}, {""rule_source"": ""azwADyAyI"", ""rule"": ""3.2.115"", ""result"": [""eD"", ""li~w""]}, {""rule_source"": ""azwADyAyI"", ""rule"": ""1.3.2"", ""result"": [""eD"", ""li~w""]}, {""rule_source"": ""azwADyAyI"", ""rule"": ""1.3.3"", ""result"": [""eD"", ""li~w""]}, {""rule_source"": ""azwADyAyI"", ""rule"": ""1.3.9"", ""result"": [""eD"", ""l""]}, {""rule_source"": ""azwADyAyI"", ""rule"": ""1.3.12"", ""result"": [""eD"", ""l""]}, {""rule_source"": ""azwADyAyI"", ""rule"": ""3.1.36"", ""result"": [""eD"", ""Am"", ""l""]}, {""rule_source"": ""azwADyAyI"", ""rule"": ""3.1.40:1"", ""result"": [""eD"", ""Am"", ""BU"", ""l""]}, {""rule_source"": ""azwADyAyI"", ""rule"": ""3.4.78"", ""result"": [""eD"", ""Am"", ""BU"", ""tip""]}, {""rule_source"": ""azwADyAyI"", ""rule"": ""1.3.3"", ""result"": [""eD"", ""Am"", ""BU"", ""tip""]}, {""rule_source"": ""azwADyAyI"", ""rule"": ""1.3.9"", ""result"": [""eD"", ""Am"", ""BU"", ""ti""]}, {""rule_source"": ""azwADyAyI"", ""rule"": ""3.4.114"", ""result"": [""eD"", ""Am"", ""BU"", ""ti""]}, {""rule_source"": ""azwADyAyI"", ""rule"": ""3.4.115"", ""result"": [""eD"", ""Am"", ""BU"", ""ti""]}, {""rule_source"": ""azwADyAyI"", ""rule"": ""3.4.82"", ""result"": [""eD"", ""Am"", ""BU"", ""Ral""]}, {""rule_source"": ""azwADyAyI"", ""rule"": ""1.3.3"", ""result"": [""eD"", ""Am"", ""BU"", ""Ral""]}, {""rule_source"": ""azwADyAyI"", ""rule"": ""1.3.7"", ""result"": [""eD"", ""Am"", ""BU"", ""Ral""]}, {""rule_source"": ""azwADyAyI"", ""rule"": ""1.3.9"", ""result"": [""eD"", ""Am"", ""BU"", ""a""]}, {""rule_source"": ""azwADyAyI"", ""rule"": ""3.4.115"", ""result"": [""eD"", ""Am"", ""BU"", ""a""]}, {""rule_source"": ""azwADyAyI"", ""rule"": ""6.1.8"", ""result"": [""eD"", ""Am"", ""BU"", ""BU"", ""a""]}, {""rule_source"": ""azwADyAyI"", ""rule"": ""6.1.4"", ""result"": [""eD"", ""Am"", ""BU"", ""BU"", ""a""]}, {""rule_source"": ""azwADyAyI"", ""rule"": ""6.1.5"", ""result"": [""eD"", ""Am"", ""BU"", ""BU"", ""a""]}, {""rule_source"": ""azwADyAyI"", ""rule"": ""1.4.13"", ""result"": [""eD"", ""Am"", ""BU"", ""BU"", ""a""]}, {""rule_source"": ""azwADyAyI"", ""rule"": ""6.4.88"", ""result"": [""eD"", ""Am"", ""BU"", ""BU"", ""vu~k"", ""a""]}, {""rule_source"": ""azwADyAyI"", ""rule"": ""1.3.2"", ""result"": [""eD"", ""Am"", ""BU"", ""BU"", ""vu~k"", ""a""]}, {""rule_source"": ""azwADyAyI"", ""rule"": ""1.3.3"", ""result"": [""eD"", ""Am"", ""BU"", ""BU"", ""vu~k"", ""a""]}, {""rule_source"": ""azwADyAyI"", ""rule"": ""1.3.9"", ""result"": [""eD"", ""Am"", ""BU"", ""BU"", ""v"", ""a""]}, {""rule_source"": ""azwADyAyI"", ""rule"": ""7.4.59"", ""result"": [""eD"", ""Am"", ""Bu"", ""BU"", ""v"", ""a""]}, {""rule_source"": ""azwADyAyI"", ""rule"": ""7.4.73"", ""result"": [""eD"", ""Am"", ""Ba"", ""BU"", ""v"", ""a""]}, {""rule_source"": ""azwADyAyI"", ""rule"": ""1.4.14"", ""result"": [""eD"", ""Am"", ""Ba"", ""BU"", ""v"", ""a""]}, {""rule_source"": ""azwADyAyI"", ""rule"": ""8.3.24"", ""result"": [""eD"", ""AM"", ""Ba"", ""BU"", ""v"", ""a""]}, {""rule_source"": ""azwADyAyI"", ""rule"": ""8.4.54"", ""result"": [""eD"", ""AM"", ""ba"", ""BU"", ""v"", ""a""]}, {""rule_source"": ""azwADyAyI"", ""rule"": ""8.4.58"", ""result"": [""eD"", ""Am"", ""ba"", ""BU"", ""v"", ""a""]}, {""rule_source"": ""azwADyAyI"", ""rule"": ""8.4.68"", ""result"": [""eD"", ""Am"", ""ba"", ""BU"", ""v"", ""a""]}]}, {""form_slp1"": ""eDAmAsa"", ""steps"": [{""rule_source"": ""azwADyAyI"", ""rule"": ""1.3.1"", ""result"": [""eDa~\\""]}, {""rule_source"": ""azwADyAyI"", ""rule"": ""1.3.2"", ""result"": [""eDa~\\""]}, {""rule_source"": ""azwADyAyI"", ""rule"": ""1.3.9"", ""result"": [""eD""]}, {""rule_source"": ""azwADyAyI"", ""rule"": ""3.2.115"", ""result"": [""eD"", ""li~w""]}, {""rule_source"": ""azwADyAyI"", ""rule"": ""1.3.2"", ""result"": [""eD"", ""li~w""]}, {""rule_source"": ""azwADyAyI"", ""rule"": ""1.3.3"", ""result"": [""eD"", ""li~w""]}, {""rule_source"": ""azwADyAyI"", ""rule"": ""1.3.9"", ""result"": [""eD"", ""l""]}, {""rule_source"": ""azwADyAyI"", ""rule"": ""1.3.12"", ""result"": [""eD"", ""l""]}, {""rule_source"": ""azwADyAyI"", ""rule"": ""3.1.36"", ""result"": [""eD"", ""Am"", ""l""]}, {""rule_source"": ""azwADyAyI"", ""rule"": ""3.1.40:2"", ""result"": [""eD"", ""Am"", ""as"", ""l""]}, {""rule_source"": ""azwADyAyI"", ""rule"": ""3.4.78"", ""result"": [""eD"", ""Am"", ""as"", ""tip""]}, {""rule_source"": ""azwADyAyI"", ""rule"": ""1.3.3"", ""result"": [""eD"", ""Am"", ""as"", ""tip""]}, {""rule_source"": ""azwADyAyI"", ""rule"": ""1.3.9"", ""result"": [""eD"", ""Am"", ""as"", ""ti""]}, {""rule_source"": ""azwADyAyI"", ""rule"": ""3.4.114"", ""result"": [""eD"", ""Am"", ""as"", ""ti""]}, {""rule_source"": ""azwADyAyI"", ""rule"": ""3.4.115"", ""result"": [""eD"", ""Am"", ""as"", ""ti""]}, {""rule_source"": ""azwADyAyI"", ""rule"": ""3.4.82"", ""result"": [""eD"", ""Am"", ""as"", ""Ral""]}, {""rule_source"": ""azwADyAyI"", ""rule"": ""1.3.3"", ""result"": [""eD"", ""Am"", ""as"", ""Ral""]}, {""rule_source"": ""azwADyAyI"", ""rule"": ""1.3.7"", ""result"": [""eD"", ""Am"", ""as"", ""Ral""]}, {""rule_source"": ""azwADyAyI"", ""rule"": ""1.3.9"", ""result"": [""eD"", ""Am"", ""as"", ""a""]}, {""rule_source"": ""azwADyAyI"", ""rule"": ""3.4.115"", ""result"": [""eD"", ""Am"", ""as"", ""a""]}, {""rule_source"": ""azwADyAyI"", ""rule"": ""6.1.8"", ""result"": [""eD"", ""Am"", ""as"", ""as"", ""a""]}, {""rule_source"": ""azwADyAyI"", ""rule"": ""6.1.4"", ""result"": [""eD"", ""Am"", ""as"", ""as"", ""a""]}, {""rule_source"": ""azwADyAyI"", ""rule"": ""6.1.5"", ""result"": [""eD"", ""Am"", ""as"", ""as"", ""a""]}, {""rule_source"": ""azwADyAyI"", ""rule"": ""1.4.13"", ""result"": [""eD"", ""Am"", ""as"", ""as"", ""a""]}, {""rule_source"": ""azwADyAyI"", ""rule"": ""7.2.116"", ""result"": [""eD"", ""Am"", ""as"", ""As"", ""a""]}, {""rule_source"": ""azwADyAyI"", ""rule"": ""7.4.60"", ""result"": [""eD"", ""Am"", ""a"", ""As"", ""a""]}, {""rule_source"": ""azwADyAyI"", ""rule"": ""7.4.70"", ""result"": [""eD"", ""Am"", ""A"", ""As"", ""a""]}, {""rule_source"": ""azwADyAyI"", ""rule"": ""1.4.14"", ""result"": [""eD"", ""Am"", ""A"", ""As"", ""a""]}, {""rule_source"": ""azwADyAyI"", ""rule"": ""6.1.101"", ""result"": [""eD"", ""Am"", ""A"", ""s"", ""a""]}, {""rule_source"": ""azwADyAyI"", ""rule"": ""8.4.68"", ""result"": [""eD"", ""Am"", ""A"", ""s"", ""a""]}]}, {""form_slp1"": ""eDAYcakre"", ""steps"": [{""rule_source"": ""azwADyAyI"", ""rule"": ""1.3.1"", ""result"": [""eDa~\\""]}, {""rule_source"": ""azwADyAyI"", ""rule"": ""1.3.2"", ""result"": [""eDa~\\""]}, {""rule_source"": ""azwADyAyI"", ""rule"": ""1.3.9"", ""result"": [""eD""]}, {""rule_source"": ""azwADyAyI"", ""rule"": ""3.2.115"", ""result"": [""eD"", ""li~w""]}, {""rule_source"": ""azwADyAyI"", ""rule"": ""1.3.2"", ""result"": [""eD"", ""li~w""]}, {""rule_source"": ""azwADyAyI"", ""rule"": ""1.3.3"", ""result"": [""eD"", ""li~w""]}, {""rule_source"": ""azwADyAyI"", ""rule"": ""1.3.9"", ""result"": [""eD"", ""l""]}, {""rule_source"": ""azwADyAyI"", ""rule"": ""1.3.12"", ""result"": [""eD"", ""l""]}, {""rule_source"": ""azwADyAyI"", ""rule"": ""3.1.36"", ""result"": [""eD"", ""Am"", ""l""]}, {""rule_source"": ""azwADyAyI"", ""rule"": ""3.1.40:kf"", ""result"": [""eD"", ""Am"", ""kf"", ""l""]}, {""rule_source"": ""azwADyAyI"", ""rule"": ""3.4.78"", ""result"": [""eD"", ""Am"", ""kf"", ""ta""]}, {""rule_source"": ""azwADyAyI"", ""rule"": ""3.4.114"", ""result"": [""eD"", ""Am"", ""kf"", ""ta""]}, {""rule_source"": ""azwADyAyI"", ""rule"": ""3.4.115"", ""result"": [""eD"", ""Am"", ""kf"", ""ta""]}, {""rule_source"": ""azwADyAyI"", ""rule"": ""3.4.81"", ""result"": [""eD"", ""Am"", ""kf"", ""eS""]}, {""rule_source"": ""azwADyAyI"", ""rule"": ""1.3.3"", ""result"": [""eD"", ""Am"", ""kf"", ""eS""]}, {""rule_source"": ""azwADyAyI"", ""rule"": ""1.3.9"", ""result"": [""eD"", ""Am"", ""kf"", ""e""]}, {""rule_source"": ""azwADyAyI"", ""rule"": ""3.4.115"", ""result"": [""eD"", ""Am"", ""kf"", ""e""]}, {""rule_source"": ""azwADyAyI"", ""rule"": ""1.2.5"", ""result"": [""eD"", ""Am"", ""kf"", ""e""]}, {""rule_source"": ""azwADyAyI"", ""rule"": ""6.1.8"", ""result"": [""eD"", ""Am"", ""kf"", ""kf"", ""e""]}, {""rule_source"": ""azwADyAyI"", ""rule"": ""6.1.4"", ""result"": [""eD"", ""Am"", ""kf"", ""kf"", ""e""]}, {""rule_source"": ""azwADyAyI"", ""rule"": ""6.1.5"", ""result"": [""eD"", ""Am"", ""kf"", ""kf"", ""e""]}, {""rule_source"": ""azwADyAyI"", ""rule"": ""1.4.13"", ""result"": [""eD"", ""Am"", ""kf"", ""kf"", ""e""]}, {""rule_source"": ""azwADyAyI"", ""rule"": ""1.1.5"", ""result"": [""eD"", ""Am"", ""kf"", ""kf"", ""e""]}, {""rule_source"": ""azwADyAyI"", ""rule"": ""7.4.62"", ""result"": [""eD"", ""Am"", ""cf"", ""kf"", ""e""]}, {""rule_source"": ""azwADyAyI"", ""rule"": ""7.4.66"", ""result"": [""eD"", ""Am"", ""ca"", ""kf"", ""e""]}, {""rule_source"": ""azwADyAyI"", ""rule"": ""1.4.14"", ""result"": [""eD"", ""Am"", ""ca"", ""kf"", ""e""]}, {""rule_source"": ""azwADyAyI"", ""rule"": ""6.1.77"", ""result"": [""eD"", ""Am"", ""ca"", ""kr"", ""e""]}, {""rule_source"": ""azwADyAyI"", ""rule"": ""8.3.24"", ""result"": [""eD"", ""AM"", ""ca"", ""kr"", ""e""]}, {""rule_source"": ""azwADyAyI"", ""rule"": ""8.4.58"", ""result"": [""eD"", ""AY"", ""ca"", ""kr"", ""e""]}, {""rule_source"": ""azwADyAyI"", ""rule"": ""8.4.68"", ""result"": [""eD"", ""AY"", ""ca"", ""kr"", ""e""]}]}]}"
base:56e552412e3ebfe4b646,base,lut,लुट् (luṭ),periphrastic future,Prathama,Eka,,eDitA,eDitA,1,locally_regenerated,"{""parasmaipada"": [], ""atmanepada"": [{""form_slp1"": ""eDitA"", ""steps"": [{""rule_source"": ""azwADyAyI"", ""rule"": ""1.3.1"", ""result"": [""eDa~\\""]}, {""rule_source"": ""azwADyAyI"", ""rule"": ""1.3.2"", ""result"": [""eDa~\\""]}, {""rule_source"": ""azwADyAyI"", ""rule"": ""1.3.9"", ""result"": [""eD""]}, {""rule_source"": ""azwADyAyI"", ""rule"": ""3.3.15"", ""result"": [""eD"", ""lu~w""]}, {""rule_source"": ""azwADyAyI"", ""rule"": ""1.3.2"", ""result"": [""eD"", ""lu~w""]}, {""rule_source"": ""azwADyAyI"", ""rule"": ""1.3.3"", ""result"": [""eD"", ""lu~w""]}, {""rule_source"": ""azwADyAyI"", ""rule"": ""1.3.9"", ""result"": [""eD"", ""l""]}, {""rule_source"": ""azwADyAyI"", ""rule"": ""1.3.12"", ""result"": [""eD"", ""l""]}, {""rule_source"": ""azwADyAyI"", ""rule"": ""3.4.78"", ""result"": [""eD"", ""ta""]}, {""rule_source"": ""azwADyAyI"", ""rule"": ""3.4.113"", ""result"": [""eD"", ""ta""]}, {""rule_source"": ""azwADyAyI"", ""rule"": ""3.1.33"", ""result"": [""eD"", ""tAsi~"", ""ta""]}, {""rule_source"": ""azwADyAyI"", ""rule"": ""1.3.2"", ""result"": [""eD"", ""tAsi~"", ""ta""]}, {""rule_source"": ""azwADyAyI"", ""rule"": ""1.3.9"", ""result"": [""eD"", ""tAs"", ""ta""]}, {""rule_source"": ""azwADyAyI"", ""rule"": ""3.4.114"", ""result"": [""eD"", ""tAs"", ""ta""]}, {""rule_source"": ""azwADyAyI"", ""rule"": ""2.4.85"", ""result"": [""eD"", ""tAs"", ""qA""]}, {""rule_source"": ""azwADyAyI"", ""rule"": ""1.3.7"", ""result"": [""eD"", ""tAs"", ""qA""]}, {""rule_source"": ""azwADyAyI"", ""rule"": ""1.3.9"", ""result"": [""eD"", ""tAs"", ""A""]}, {""rule_source"": ""azwADyAyI"", ""rule"": ""7.2.35"", ""result"": [""eD"", ""iw"", ""tAs"", ""A""]}, {""rule_source"": ""azwADyAyI"", ""rule"": ""1.3.3"", ""result"": [""eD"", ""iw"", ""tAs"", ""A""]}, {""rule_source"": ""azwADyAyI"", ""rule"": ""1.3.9"", ""result"": [""eD"", ""i"", ""tAs"", ""A""]}, {""rule_source"": ""azwADyAyI"", ""rule"": ""1.2.4"", ""result"": [""eD"", ""i"", ""tAs"", ""A""]}, {""rule_source"": ""azwADyAyI"", ""rule"": ""1.4.13"", ""result"": [""eD"", ""i"", ""tAs"", ""A""]}, {""rule_source"": ""azwADyAyI"", ""rule"": ""1.4.14"", ""result"": [""eD"", ""i"", ""tAs"", ""A""]}, {""rule_source"": ""azwADyAyI"", ""rule"": ""6.4.143"", ""result"": [""eD"", ""i"", ""t"", ""A""]}]}]}"
base:56e552412e3ebfe4b646,base,lrt,लृट् (lṛṭ),future,Prathama,Eka,,eDizyate,eDizyate,1,locally_regenerated,"{""parasmaipada"": [], ""atmanepada"": [{""form_slp1"": ""eDizyate"", ""steps"": [{""rule_source"": ""azwADyAyI"", ""rule"": ""1.3.1"", ""result"": [""eDa~\\""]}, {""rule_source"": ""azwADyAyI"", ""rule"": ""1.3.2"", ""result"": [""eDa~\\""]}, {""rule_source"": ""azwADyAyI"", ""rule"": ""1.3.9"", ""result"": [""eD""]}, {""rule_source"": ""azwADyAyI"", ""rule"": ""3.3.13"", ""result"": [""eD"", ""lf~w""]}, {""rule_source"": ""azwADyAyI"", ""rule"": ""1.3.2"", ""result"": [""eD"", ""lf~w""]}, {""rule_source"": ""azwADyAyI"", ""rule"": ""1.3.3"", ""result"": [""eD"", ""lf~w""]}, {""rule_source"": ""azwADyAyI"", ""rule"": ""1.3.9"", ""result"": [""eD"", ""l""]}, {""rule_source"": ""azwADyAyI"", ""rule"": ""1.3.12"", ""result"": [""eD"", ""l""]}, {""rule_source"": ""azwADyAyI"", ""rule"": ""3.4.78"", ""result"": [""eD"", ""ta""]}, {""rule_source"": ""azwADyAyI"", ""rule"": ""3.4.113"", ""result"": [""eD"", ""ta""]}, {""rule_source"": ""azwADyAyI"", ""rule"": ""3.1.33"", ""result"": [""eD"", ""sya"", ""ta""]}, {""rule_source"": ""azwADyAyI"", ""rule"": ""3.4.114"", ""result"": [""eD"", ""sya"", ""ta""]}, {""rule_source"": ""azwADyAyI"", ""rule"": ""3.4.79"", ""result"": [""eD"", ""sya"", ""te""]}, {""rule_source"": ""azwADyAyI"", ""rule"": ""7.2.35"", ""result"": [""eD"", ""iw"", ""sya"", ""te""]}, {""rule_source"": ""azwADyAyI"", ""rule"": ""1.3.3"", ""result"": [""eD"", ""iw"", ""sya"", ""te""]}, {""rule_source"": ""azwADyAyI"", ""rule"": ""1.3.9"", ""result"": [""eD"", ""i"", ""sya"", ""te""]}, {""rule_source"": ""azwADyAyI"", ""rule"": ""1.2.4"", ""result"": [""eD"", ""i"", ""sya"", ""te""]}, {""rule_source"": ""azwADyAyI"", ""rule"": ""1.4.13"", ""result"": [""eD"", ""i"", ""sya"", ""te""]}, {""rule_source"": ""azwADyAyI"", ""rule"": ""1.4.14"", ""result"": [""eD"", ""i"", ""sya"", ""te""]}, {""rule_source"": ""azwADyAyI"", ""rule"": ""8.3.59"", ""result"": [""eD"", ""i"", ""zya"", ""te""]}, {""rule_source"": ""azwADyAyI"", ""rule"": ""8.4.68"", ""result"": [""eD"", ""i"", ""zya"", ""te""]}]}]}"
base:56e552412e3ebfe4b646,base,lot,लोट् (loṭ),command or request,Prathama,Eka,,eDatAm,eDatAm,1,locally_regenerated,"{""parasmaipada"": [], ""atmanepada"": [{""form_slp1"": ""eDatAm"", ""steps"": [{""rule_source"": ""azwADyAyI"", ""rule"": ""1.3.1"", ""result"": [""eDa~\\""]}, {""rule_source"": ""azwADyAyI"", ""rule"": ""1.3.2"", ""result"": [""eDa~\\""]}, {""rule_source"": ""azwADyAyI"", ""rule"": ""1.3.9"", ""result"": [""eD""]}, {""rule_source"": ""azwADyAyI"", ""rule"": ""3.3.162"", ""result"": [""eD"", ""lo~w""]}, {""rule_source"": ""azwADyAyI"", ""rule"": ""1.3.2"", ""result"": [""eD"", ""lo~w""]}, {""rule_source"": ""azwADyAyI"", ""rule"": ""1.3.3"", ""result"": [""eD"", ""lo~w""]}, {""rule_source"": ""azwADyAyI"", ""rule"": ""1.3.9"", ""result"": [""eD"", ""l""]}, {""rule_source"": ""azwADyAyI"", ""rule"": ""1.3.12"", ""result"": [""eD"", ""l""]}, {""rule_source"": ""azwADyAyI"", ""rule"": ""3.4.78"", ""result"": [""eD"", ""ta""]}, {""rule_source"": ""azwADyAyI"", ""rule"": ""3.4.113"", ""result"": [""eD"", ""ta""]}, {""rule_source"": ""azwADyAyI"", ""rule"": ""3.1.68"", ""result"": [""eD"", ""Sap"", ""ta""]}, {""rule_source"": ""azwADyAyI"", ""rule"": ""1.3.3"", ""result"": [""eD"", ""Sap"", ""ta""]}, {""rule_source"": ""azwADyAyI"", ""rule"": ""1.3.8"", ""result"": [""eD"", ""Sap"", ""ta""]}, {""rule_source"": ""azwADyAyI"", ""rule"": ""1.3.9"", ""result"": [""eD"", ""a"", ""ta""]}, {""rule_source"": ""azwADyAyI"", ""rule"": ""3.4.113"", ""result"": [""eD"", ""a"", ""ta""]}, {""rule_source"": ""azwADyAyI"", ""rule"": ""3.4.79"", ""result"": [""eD"", ""a"", ""te""]}, {""rule_source"": ""azwADyAyI"", ""rule"": ""3.4.90"", ""result"": [""eD"", ""a"", ""tAm""]}, {""rule_source"": ""azwADyAyI"", ""rule"": ""1.2.4"", ""result"": [""eD"", ""a"", ""tAm""]}, {""rule_source"": ""azwADyAyI"", ""rule"": ""1.4.13"", ""result"": [""eD"", ""a"", ""tAm""]}, {""rule_source"": ""azwADyAyI"", ""rule"": ""1.4.14"", ""result"": [""eD"", ""a"", ""tAm""]}, {""rule_source"": ""azwADyAyI"", ""rule"": ""8.4.68"", ""result"": [""eD"", ""a"", ""tAm""]}]}]}"
base:56e552412e3ebfe4b646,base,lan,लङ् (laṅ),imperfect past,Prathama,Eka,,EData,EData,1,locally_regenerated,"{""parasmaipada"": [], ""atmanepada"": [{""form_slp1"": ""EData"", ""steps"": [{""rule_source"": ""azwADyAyI"", ""rule"": ""1.3.1"", ""result"": [""eDa~\\""]}, {""rule_source"": ""azwADyAyI"", ""rule"": ""1.3.2"", ""result"": [""eDa~\\""]}, {""rule_source"": ""azwADyAyI"", ""rule"": ""1.3.9"", ""result"": [""eD""]}, {""rule_source"": ""azwADyAyI"", ""rule"": ""3.2.111"", ""result"": [""eD"", ""laN""]}, {""rule_source"": ""azwADyAyI"", ""rule"": ""1.3.3"", ""result"": [""eD"", ""laN""]}, {""rule_source"": ""azwADyAyI"", ""rule"": ""1.3.9"", ""result"": [""eD"", ""la""]}, {""rule_source"": ""azwADyAyI"", ""rule"": ""1.3.12"", ""result"": [""eD"", ""la""]}, {""rule_source"": ""azwADyAyI"", ""rule"": ""3.4.78"", ""result"": [""eD"", ""ta""]}, {""rule_source"": ""azwADyAyI"", ""rule"": ""3.4.113"", ""result"": [""eD"", ""ta""]}, {""rule_source"": ""azwADyAyI"", ""rule"": ""3.1.68"", ""result"": [""eD"", ""Sap"", ""ta""]}, {""rule_source"": ""azwADyAyI"", ""rule"": ""1.3.3"", ""result"": [""eD"", ""Sap"", ""ta""]}, {""rule_source"": ""azwADyAyI"", ""rule"": ""1.3.8"", ""result"": [""eD"", ""Sap"", ""ta""]}, {""rule_source"": ""azwADyAyI"", ""rule"": ""1.3.9"", ""result"": [""eD"", ""a"", ""ta""]}, {""rule_source"": ""azwADyAyI"", ""rule"": ""3.4.113"", ""result"": [""eD"", ""a"", ""ta""]}, {""rule_source"": ""azwADyAyI"", ""rule"": ""1.2.4"", ""result"": [""eD"", ""a"", ""ta""]}, {""rule_source"": ""azwADyAyI"", ""rule"": ""1.4.13"", ""result"": [""eD"", ""a"", ""ta""]}, {""rule_source"": ""azwADyAyI"", ""rule"": ""6.4.72"", ""result"": [""Aw"", ""eD"", ""a"", ""ta""]}, {""rule_source"": ""azwADyAyI"", ""rule"": ""1.3.3"", ""result"": [""Aw"", ""eD"", ""a"", ""ta""]}, {""rule_source"": ""azwADyAyI"", ""rule"": ""1.3.9"", ""result"": [""A"", ""eD"", ""a"", ""ta""]}, {""rule_source"": ""azwADyAyI"", ""rule"": ""1.4.14"", ""result"": [""A"", ""eD"", ""a"", ""ta""]}, {""rule_source"": ""azwADyAyI"", ""rule"": ""6.1.90"", ""result"": ["""", ""ED"", ""a"", ""ta""]}, {""rule_source"": ""azwADyAyI"", ""rule"": ""8.4.68"", ""result"": ["""", ""ED"", ""a"", ""ta""]}]}]}"
base:56e552412e3ebfe4b646,base,vidhilin,विधिलिङ् (vidhiliṅ),"possibility, prescription, or intention",Prathama,Eka,,eDeta,eDeta,1,locally_regenerated,"{""parasmaipada"": [], ""atmanepada"": [{""form_slp1"": ""eDeta"", ""steps"": [{""rule_source"": ""azwADyAyI"", ""rule"": ""1.3.1"", ""result"": [""eDa~\\""]}, {""rule_source"": ""azwADyAyI"", ""rule"": ""1.3.2"", ""result"": [""eDa~\\""]}, {""rule_source"": ""azwADyAyI"", ""rule"": ""1.3.9"", ""result"": [""eD""]}, {""rule_source"": ""azwADyAyI"", ""rule"": ""3.3.161"", ""result"": [""eD"", ""li~N""]}, {""rule_source"": ""azwADyAyI"", ""rule"": ""1.3.2"", ""result"": [""eD"", ""li~N""]}, {""rule_source"": ""azwADyAyI"", ""rule"": ""1.3.3"", ""result"": [""eD"", ""li~N""]}, {""rule_source"": ""azwADyAyI"", ""rule"": ""1.3.9"", ""result"": [""eD"", ""l""]}, {""rule_source"": ""azwADyAyI"", ""rule"": ""1.3.12"", ""result"": [""eD"", ""l""]}, {""rule_source"": ""azwADyAyI"", ""rule"": ""3.4.78"", ""result"": [""eD"", ""ta""]}, {""rule_source"": ""azwADyAyI"", ""rule"": ""3.4.113"", ""result"": [""eD"", ""ta""]}, {""rule_source"": ""azwADyAyI"", ""rule"": ""3.1.68"", ""result"": [""eD"", ""Sap"", ""ta""]}, {""rule_source"": ""azwADyAyI"", ""rule"": ""1.3.3"", ""result"": [""eD"", ""Sap"", ""ta""]}, {""rule_source"": ""azwADyAyI"", ""rule"": ""1.3.8"", ""result"": [""eD"", ""Sap"", ""ta""]}, {""rule_source"": ""azwADyAyI"", ""rule"": ""1.3.9"", ""result"": [""eD"", ""a"", ""ta""]}, {""rule_source"": ""azwADyAyI"", ""rule"": ""3.4.113"", ""result"": [""eD"", ""a"", ""ta""]}, {""rule_source"": ""azwADyAyI"", ""rule"": ""3.4.102"", ""result"": [""eD"", ""a"", ""sIyu~w"", ""ta""]}, {""rule_source"": ""azwADyAyI"", ""rule"": ""1.3.2"", ""result"": [""eD"", ""a"", ""sIyu~w"", ""ta""]}, {""rule_source"": ""azwADyAyI"", ""rule"": ""1.3.3"", ""result"": [""eD"", ""a"", ""sIyu~w"", ""ta""]}, {""rule_source"": ""azwADyAyI"", ""rule"": ""1.3.9"", ""result"": [""eD"", ""a"", ""sIy"", ""ta""]}, {""rule_source"": ""azwADyAyI"", ""rule"": ""3.4.107"", ""result"": [""eD"", ""a"", ""sIy"", ""sta""]}, {""rule_source"": ""azwADyAyI"", ""rule"": ""1.2.4"", ""result"": [""eD"", ""a"", ""sIy"", ""sta""]}, {""rule_source"": ""azwADyAyI"", ""rule"": ""1.4.13"", ""result"": [""eD"", ""a"", ""sIy"", ""sta""]}, {""rule_source"": ""azwADyAyI"", ""rule"": ""7.2.79"", ""result"": [""eD"", ""a"", ""Iy"", ""ta""]}, {""rule_source"": ""azwADyAyI"", ""rule"": ""6.1.66"", ""result"": [""eD"", ""a"", ""I"", ""ta""]}, {""rule_source"": ""azwADyAyI"", ""rule"": ""1.4.14"", ""result"": [""eD"", ""a"", ""I"", ""ta""]}, {""rule_source"": ""azwADyAyI"", ""rule"": ""6.1.87"", ""result"": [""eD"", """", ""e"", ""ta""]}, {""rule_source"": ""azwADyAyI"", ""rule"": ""8.4.68"", ""result"": [""eD"", """", ""e"", ""ta""]}]}]}"
base:56e552412e3ebfe4b646,base,ashirlin,आशीर्लिङ् (āśīrliṅ),blessing or wish,Prathama,Eka,,eDizIzwa,eDizIzwa,1,locally_regenerated,"{""parasmaipada"": [], ""atmanepada"": [{""form_slp1"": ""eDizIzwa"", ""steps"": [{""rule_source"": ""azwADyAyI"", ""rule"": ""1.3.1"", ""result"": [""eDa~\\""]}, {""rule_source"": ""azwADyAyI"", ""rule"": ""1.3.2"", ""result"": [""eDa~\\""]}, {""rule_source"": ""azwADyAyI"", ""rule"": ""1.3.9"", ""result"": [""eD""]}, {""rule_source"": ""azwADyAyI"", ""rule"": ""3.3.173"", ""result"": [""eD"", ""li~N""]}, {""rule_source"": ""azwADyAyI"", ""rule"": ""1.3.2"", ""result"": [""eD"", ""li~N""]}, {""rule_source"": ""azwADyAyI"", ""rule"": ""1.3.3"", ""result"": [""eD"", ""li~N""]}, {""rule_source"": ""azwADyAyI"", ""rule"": ""1.3.9"", ""result"": [""eD"", ""l""]}, {""rule_source"": ""azwADyAyI"", ""rule"": ""1.3.12"", ""result"": [""eD"", ""l""]}, {""rule_source"": ""azwADyAyI"", ""rule"": ""3.4.78"", ""result"": [""eD"", ""ta""]}, {""rule_source"": ""azwADyAyI"", ""rule"": ""3.4.116"", ""result"": [""eD"", ""ta""]}, {""rule_source"": ""azwADyAyI"", ""rule"": ""3.4.102"", ""result"": [""eD"", ""sIyu~w"", ""ta""]}, {""rule_source"": ""azwADyAyI"", ""rule"": ""1.3.2"", ""result"": [""eD"", ""sIyu~w"", ""ta""]}, {""rule_source"": ""azwADyAyI"", ""rule"": ""1.3.3"", ""result"": [""eD"", ""sIyu~w"", ""ta""]}, {""rule_source"": ""azwADyAyI"", ""rule"": ""1.3.9"", ""result"": [""eD"", ""sIy"", ""ta""]}, {""rule_source"": ""azwADyAyI"", ""rule"": ""3.4.107"", ""result"": [""eD"", ""sIy"", ""sta""]}, {""rule_source"": ""azwADyAyI"", ""rule"": ""3.4.116"", ""result"": [""eD"", ""sIy"", ""sta""]}, {""rule_source"": ""azwADyAyI"", ""rule"": ""7.2.35"", ""result"": [""eD"", ""iw"", ""sIy"", ""sta""]}, {""rule_source"": ""azwADyAyI"", ""rule"": ""1.3.3"", ""result"": [""eD"", ""iw"", ""sIy"", ""sta""]}, {""rule_source"": ""azwADyAyI"", ""rule"": ""1.3.9"", ""result"": [""eD"", ""i"", ""sIy"", ""sta""]}, {""rule_source"": ""azwADyAyI"", ""rule"": ""1.4.13"", ""result"": [""eD"", ""i"", ""sIy"", ""sta""]}, {""rule_source"": ""azwADyAyI"", ""rule"": ""6.1.66"", ""result"": [""eD"", ""i"", ""sI"", ""sta""]}, {""rule_source"": ""azwADyAyI"", ""rule"": ""1.4.14"", ""result"": [""eD"", ""i"", ""sI"", ""sta""]}, {""rule_source"": ""azwADyAyI"", ""rule"": ""8.3.59"", ""result"": [""eD"", ""i"", ""sI"", ""zta""]}, {""rule_source"": ""azwADyAyI"", ""rule"": ""8.3.59"", ""result"": [""eD"", ""i"", ""zI"", ""zta""]}, {""rule_source"": ""azwADyAyI"", ""rule"": ""8.4.41"", ""result"": [""eD"", ""i"", ""zI"", ""zwa""]}, {""rule_source"": ""azwADyAyI"", ""rule"": ""8.4.68"", ""result"": [""eD"", ""i"", ""zI"", ""zwa""]}]}]}"
base:56e552412e3ebfe4b646,base,lun,लुङ् (luṅ),aorist past,Prathama,Eka,,EDizwa,EDizwa,1,locally_regenerated,"{""parasmaipada"": [], ""atmanepada"": [{""form_slp1"": ""EDizwa"", ""steps"": [{""rule_source"": ""azwADyAyI"", ""rule"": ""1.3.1"", ""result"": [""eDa~\\""]}, {""rule_source"": ""azwADyAyI"", ""rule"": ""1.3.2"", ""result"": [""eDa~\\""]}, {""rule_source"": ""azwADyAyI"", ""rule"": ""1.3.9"", ""result"": [""eD""]}, {""rule_source"": ""azwADyAyI"", ""rule"": ""3.2.110"", ""result"": [""eD"", ""lu~N""]}, {""rule_source"": ""azwADyAyI"", ""rule"": ""1.3.2"", ""result"": [""eD"", ""lu~N""]}, {""rule_source"": ""azwADyAyI"", ""rule"": ""1.3.3"", ""result"": [""eD"", ""lu~N""]}, {""rule_source"": ""azwADyAyI"", ""rule"": ""1.3.9"", ""result"": [""eD"", ""l""]}, {""rule_source"": ""azwADyAyI"", ""rule"": ""1.3.12"", ""result"": [""eD"", ""l""]}, {""rule_source"": ""azwADyAyI"", ""rule"": ""3.4.78"", ""result"": [""eD"", ""ta""]}, {""rule_source"": ""azwADyAyI"", ""rule"": ""3.4.113"", ""result"": [""eD"", ""ta""]}, {""rule_source"": ""azwADyAyI"", ""rule"": ""3.1.43"", ""result"": [""eD"", ""cli~"", ""ta""]}, {""rule_source"": ""azwADyAyI"", ""rule"": ""3.1.44"", ""result"": [""eD"", ""si~c"", ""ta""]}, {""rule_source"": ""azwADyAyI"", ""rule"": ""1.3.2"", ""result"": [""eD"", ""si~c"", ""ta""]}, {""rule_source"": ""azwADyAyI"", ""rule"": ""1.3.3"", ""result"": [""eD"", ""si~c"", ""ta""]}, {""rule_source"": ""azwADyAyI"", ""rule"": ""1.3.9"", ""result"": [""eD"", ""s"", ""ta""]}, {""rule_source"": ""azwADyAyI"", ""rule"": ""3.4.114"", ""result"": [""eD"", ""s"", ""ta""]}, {""rule_source"": ""azwADyAyI"", ""rule"": ""7.2.35"", ""result"": [""eD"", ""iw"", ""s"", ""ta""]}, {""rule_source"": ""azwADyAyI"", ""rule"": ""1.3.3"", ""result"": [""eD"", ""iw"", ""s"", ""ta""]}, {""rule_source"": ""azwADyAyI"", ""rule"": ""1.3.9"", ""result"": [""eD"", ""i"", ""s"", ""ta""]}, {""rule_source"": ""azwADyAyI"", ""rule"": ""1.2.4"", ""result"": [""eD"", ""i"", ""s"", ""ta""]}, {""rule_source"": ""azwADyAyI"", ""rule"": ""1.4.13"", ""result"": [""eD"", ""i"", ""s"", ""ta""]}, {""rule_source"": ""azwADyAyI"", ""rule"": ""6.4.72"", ""result"": [""Aw"", ""eD"", ""i"", ""s"", ""ta""]}, {""rule_source"": ""azwADyAyI"", ""rule"": ""1.3.3"", ""result"": [""Aw"", ""eD"", ""i"", ""s"", ""ta""]}, {""rule_source"": ""azwADyAyI"", ""rule"": ""1.3.9"", ""result"": [""A"", ""eD"", ""i"", ""s"", ""ta""]}, {""rule_source"": ""azwADyAyI"", ""rule"": ""1.4.14"", ""result"": [""A"", ""eD"", ""i"", ""s"", ""ta""]}, {""rule_source"": ""azwADyAyI"", ""rule"": ""6.1.90"", ""result"": ["""", ""ED"", ""i"", ""s"", ""ta""]}, {""rule_source"": ""azwADyAyI"", ""rule"": ""8.3.59"", ""result"": ["""", ""ED"", ""i"", ""z"", ""ta""]}, {""rule_source"": ""azwADyAyI"", ""rule"": ""8.4.41"", ""result"": ["""", ""ED"", ""i"", ""z"", ""wa""]}, {""rule_source"": ""azwADyAyI"", ""rule"": ""8.4.68"", ""result"": ["""", ""ED"", ""i"", ""z"", ""wa""]}]}]}"
base:56e552412e3ebfe4b646,base,lrn,लृङ् (lṛṅ),conditional,Prathama,Eka,,EDizyata,EDizyata,1,locally_regenerated,"{""parasmaipada"": [], ""atmanepada"": [{""form_slp1"": ""EDizyata"", ""steps"": [{""rule_source"": ""azwADyAyI"", ""rule"": ""1.3.1"", ""result"": [""eDa~\\""]}, {""rule_source"": ""azwADyAyI"", ""rule"": ""1.3.2"", ""result"": [""eDa~\\""]}, {""rule_source"": ""azwADyAyI"", ""rule"": ""1.3.9"", ""result"": [""eD""]}, {""rule_source"": ""azwADyAyI"", ""rule"": ""3.3.139"", ""result"": [""eD"", ""lf~N""]}, {""rule_source"": ""azwADyAyI"", ""rule"": ""1.3.2"", ""result"": [""eD"", ""lf~N""]}, {""rule_source"": ""azwADyAyI"", ""rule"": ""1.3.3"", ""result"": [""eD"", ""lf~N""]}, {""rule_source"": ""azwADyAyI"", ""rule"": ""1.3.9"", ""result"": [""eD"", ""l""]}, {""rule_source"": ""azwADyAyI"", ""rule"": ""1.3.12"", ""result"": [""eD"", ""l""]}, {""rule_source"": ""azwADyAyI"", ""rule"": ""3.4.78"", ""result"": [""eD"", ""ta""]}, {""rule_source"": ""azwADyAyI"", ""rule"": ""3.4.113"", ""result"": [""eD"", ""ta""]}, {""rule_source"": ""azwADyAyI"", ""rule"": ""3.1.33"", ""result"": [""eD"", ""sya"", ""ta""]}, {""rule_source"": ""azwADyAyI"", ""rule"": ""3.4.114"", ""result"": [""eD"", ""sya"", ""ta""]}, {""rule_source"": ""azwADyAyI"", ""rule"": ""7.2.35"", ""result"": [""eD"", ""iw"", ""sya"", ""ta""]}, {""rule_source"": ""azwADyAyI"", ""rule"": ""1.3.3"", ""result"": [""eD"", ""iw"", ""sya"", ""ta""]}, {""rule_source"": ""azwADyAyI"", ""rule"": ""1.3.9"", ""result"": [""eD"", ""i"", ""sya"", ""ta""]}, {""rule_source"": ""azwADyAyI"", ""rule"": ""1.2.4"", ""result"": [""eD"", ""i"", ""sya"", ""ta""]}, {""rule_source"": ""azwADyAyI"", ""rule"": ""1.4.13"", ""result"": [""eD"", ""i"", ""sya"", ""ta""]}, {""rule_source"": ""azwADyAyI"", ""rule"": ""6.4.72"", ""result"": [""Aw"", ""eD"", ""i"", ""sya"", ""ta""]}, {""rule_source"": ""azwADyAyI"", ""rule"": ""1.3.3"", ""result"": [""Aw"", ""eD"", ""i"", ""sya"", ""ta""]}, {""rule_source"": ""azwADyAyI"", ""rule"": ""1.3.9"", ""result"": [""A"", ""eD"", ""i"", ""sya"", ""ta""]}, {""rule_source"": ""azwADyAyI"", ""rule"": ""1.4.14"", ""result"": [""A"", ""eD"", ""i"", ""sya"", ""ta""]}, {""rule_source"": ""azwADyAyI"", ""rule"": ""6.1.90"", ""result"": ["""", ""ED"", ""i"", ""sya"", ""ta""]}, {""rule_source"": ""azwADyAyI"", ""rule"": ""8.3.59"", ""result"": ["""", ""ED"", ""i"", ""zya"", ""ta""]}, {""rule_source"": ""azwADyAyI"", ""rule"": ""8.4.68"", ""result"": ["""", ""ED"", ""i"", ""zya"", ""ta""]}]}]}"
one_sanadi:f1314ebb8d6ad926716e,one_sanadi,lat,लट् (laṭ),present,Prathama,Eka,BAvayati,BAvayate,BAvayate;BAvayati,2,locally_regenerated,"{""parasmaipada"": [{""form_slp1"": ""BAvayati"", ""steps"": [{""rule_source"": ""azwADyAyI"", ""rule"": ""1.3.1"", ""result"": [""BU""]}, {""rule_source"": ""azwADyAyI"", ""rule"": ""3.1.26"", ""result"": [""BU"", ""Ric""]}, {""rule_source"": ""azwADyAyI"", ""rule"": ""3.1.32"", ""result"": [""BU"", ""Ric""]}, {""rule_source"": ""azwADyAyI"", ""rule"": ""1.3.3"", ""result"": [""BU"", ""Ric""]}, {""rule_source"": ""azwADyAyI"", ""rule"": ""1.3.7"", ""result"": [""BU"", ""Ric""]}, {""rule_source"": ""azwADyAyI"", ""rule"": ""1.3.9"", ""result"": [""BU"", ""i""]}, {""rule_source"": ""azwADyAyI"", ""rule"": ""3.4.114"", ""result"": [""BU"", ""i""]}, {""rule_source"": ""azwADyAyI"", ""rule"": ""1.3.78"", ""result"": [""BU"", ""i""]}, {""rule_source"": ""azwADyAyI"", ""rule"": ""1.4.13"", ""result"": [""BU"", ""i""]}, {""rule_source"": ""azwADyAyI"", ""rule"": ""7.2.115"", ""result"": [""BO"", ""i""]}, {""rule_source"": ""azwADyAyI"", ""rule"": ""6.1.78"", ""result"": [""BAv"", ""i""]}, {""rule_source"": ""azwADyAyI"", ""rule"": ""3.2.123"", ""result"": [""BAv"", ""i"", ""la~w""]}, {""rule_source"": ""azwADyAyI"", ""rule"": ""1.3.2"", ""result"": [""BAv"", ""i"", ""la~w""]}, {""rule_source"": ""azwADyAyI"", ""rule"": ""1.3.3"", ""result"": [""BAv"", ""i"", ""la~w""]}, {""rule_source"": ""azwADyAyI"", ""rule"": ""1.3.9"", ""result"": [""BAv"", ""i"", ""l""]}, {""rule_source"": ""azwADyAyI"", ""rule"": ""3.4.78"", ""result"": [""BAv"", ""i"", ""tip""]}, {""rule_source"": ""azwADyAyI"", ""rule"": ""1.3.3"", ""result"": [""BAv"", ""i"", ""tip""]}, {""rule_source"": ""azwADyAyI"", ""rule"": ""1.3.9"", ""result"": [""BAv"", ""i"", ""ti""]}, {""rule_source"": ""azwADyAyI"", ""rule"": ""3.4.113"", ""result"": [""BAv"", ""i"", ""ti""]}, {""rule_source"": ""azwADyAyI"", ""rule"": ""3.1.68"", ""result"": [""BAv"", ""i"", ""Sap"", ""ti""]}, {""rule_source"": ""azwADyAyI"", ""rule"": ""1.3.3"", ""result"": [""BAv"", ""i"", ""Sap"", ""ti""]}, {""rule_source"": ""azwADyAyI"", ""rule"": ""1.3.8"", ""result"": [""BAv"", ""i"", ""Sap"", ""ti""]}, {""rule_source"": ""azwADyAyI"", ""rule"": ""1.3.9"", ""result"": [""BAv"", ""i"", ""a"", ""ti""]}, {""rule_source"": ""azwADyAyI"", ""rule"": ""3.4.113"", ""result"": [""BAv"", ""i"", ""a"", ""ti""]}, {""rule_source"": ""azwADyAyI"", ""rule"": ""1.4.13"", ""result"": [""BAv"", ""i"", ""a"", ""ti""]}, {""rule_source"": ""azwADyAyI"", ""rule"": ""7.3.84"", ""result"": [""BAv"", ""e"", ""a"", ""ti""]}, {""rule_source"": ""azwADyAyI"", ""rule"": ""1.4.14"", ""result"": [""BAv"", ""e"", ""a"", ""ti""]}, {""rule_source"": ""azwADyAyI"", ""rule"": ""6.1.78"", ""result"": [""BAv"", ""ay"", ""a"", ""ti""]}, {""rule_source"": ""azwADyAyI"", ""rule"": ""8.4.68"", ""result"": [""BAv"", ""ay"", ""a"", ""ti""]}]}], ""atmanepada"": [{""form_slp1"": ""BAvayate"", ""steps"": [{""rule_source"": ""azwADyAyI"", ""rule"": ""1.3.1"", ""result"": [""BU""]}, {""rule_source"": ""azwADyAyI"", ""rule"": ""3.1.26"", ""result"": [""BU"", ""Ric""]}, {""rule_source"": ""azwADyAyI"", ""rule"": ""3.1.32"", ""result"": [""BU"", ""Ric""]}, {""rule_source"": ""azwADyAyI"", ""rule"": ""1.3.3"", ""result"": [""BU"", ""Ric""]}, {""rule_source"": ""azwADyAyI"", ""rule"": ""1.3.7"", ""result"": [""BU"", ""Ric""]}, {""rule_source"": ""azwADyAyI"", ""rule"": ""1.3.9"", ""result"": [""BU"", ""i""]}, {""rule_source"": ""azwADyAyI"", ""rule"": ""3.4.114"", ""result"": [""BU"", ""i""]}, {""rule_source"": ""azwADyAyI"", ""rule"": ""1.3.74"", ""result"": [""BU"", ""i""]}, {""rule_source"": ""azwADyAyI"", ""rule"": ""1.4.13"", ""result"": [""BU"", ""i""]}, {""rule_source"": ""azwADyAyI"", ""rule"": ""7.2.115"", ""result"": [""BO"", ""i""]}, {""rule_source"": ""azwADyAyI"", ""rule"": ""6.1.78"", ""result"": [""BAv"", ""i""]}, {""rule_source"": ""azwADyAyI"", ""rule"": ""3.2.123"", ""result"": [""BAv"", ""i"", ""la~w""]}, {""rule_source"": ""azwADyAyI"", ""rule"": ""1.3.2"", ""result"": [""BAv"", ""i"", ""la~w""]}, {""rule_source"": ""azwADyAyI"", ""rule"": ""1.3.3"", ""result"": [""BAv"", ""i"", ""la~w""]}, {""rule_source"": ""azwADyAyI"", ""rule"": ""1.3.9"", ""result"": [""BAv"", ""i"", ""l""]}, {""rule_source"": ""azwADyAyI"", ""rule"": ""3.4.78"", ""result"": [""BAv"", ""i"", ""ta""]}, {""rule_source"": ""azwADyAyI"", ""rule"": ""3.4.113"", ""result"": [""BAv"", ""i"", ""ta""]}, {""rule_source"": ""azwADyAyI"", ""rule"": ""3.1.68"", ""result"": [""BAv"", ""i"", ""Sap"", ""ta""]}, {""rule_source"": ""azwADyAyI"", ""rule"": ""1.3.3"", ""result"": [""BAv"", ""i"", ""Sap"", ""ta""]}, {""rule_source"": ""azwADyAyI"", ""rule"": ""1.3.8"", ""result"": [""BAv"", ""i"", ""Sap"", ""ta""]}, {""rule_source"": ""azwADyAyI"", ""rule"": ""1.3.9"", ""result"": [""BAv"", ""i"", ""a"", ""ta""]}, {""rule_source"": ""azwADyAyI"", ""rule"": ""3.4.113"", ""result"": [""BAv"", ""i"", ""a"", ""ta""]}, {""rule_source"": ""azwADyAyI"", ""rule"": ""3.4.79"", ""result"": [""BAv"", ""i"", ""a"", ""te""]}, {""rule_source"": ""azwADyAyI"", ""rule"": ""1.2.4"", ""result"": [""BAv"", ""i"", ""a"", ""te""]}, {""rule_source"": ""azwADyAyI"", ""rule"": ""1.4.13"", ""result"": [""BAv"", ""i"", ""a"", ""te""]}, {""rule_source"": ""azwADyAyI"", ""rule"": ""7.3.84"", ""result"": [""BAv"", ""e"", ""a"", ""te""]}, {""rule_source"": ""azwADyAyI"", ""rule"": ""1.4.14"", ""result"": [""BAv"", ""e"", ""a"", ""te""]}, {""rule_source"": ""azwADyAyI"", ""rule"": ""6.1.78"", ""result"": [""BAv"", ""ay"", ""a"", ""te""]}, {""rule_source"": ""azwADyAyI"", ""rule"": ""8.4.68"", ""result"": [""BAv"", ""ay"", ""a"", ""te""]}]}]}"
one_sanadi:f1314ebb8d6ad926716e,one_sanadi,lit,लिट् (liṭ),perfect past,Prathama,Eka,BAvayAYcakAra;BAvayAmAsa;BAvayAmbaBUva,BAvayAYcakre;BAvayAmAsa;BAvayAmbaBUva,BAvayAYcakAra;BAvayAYcakre;BAvayAmAsa;BAvayAmbaBUva,4,locally_regenerated,"{""parasmaipada"": [{""form_slp1"": ""BAvayAmbaBUva"", ""steps"": [{""rule_source"": ""azwADyAyI"", ""rule"": ""1.3.1"", ""result"": [""BU""]}, {""rule_source"": ""azwADyAyI"", ""rule"": ""3.1.26"", ""result"": [""BU"", ""Ric""]}, {""rule_source"": ""azwADyAyI"", ""rule"": ""3.1.32"", ""result"": [""BU"", ""Ric""]}, {""rule_source"": ""azwADyAyI"", ""rule"": ""1.3.3"", ""result"": [""BU"", ""Ric""]}, {""rule_source"": ""azwADyAyI"", ""rule"": ""1.3.7"", ""result"": [""BU"", ""Ric""]}, {""rule_source"": ""azwADyAyI"", ""rule"": ""1.3.9"", ""result"": [""BU"", ""i""]}, {""rule_source"": ""azwADyAyI"", ""rule"": ""3.4.114"", ""result"": [""BU"", ""i""]}, {""rule_source"": ""azwADyAyI"", ""rule"": ""1.3.78"", ""result"": [""BU"", ""i""]}, {""rule_source"": ""azwADyAyI"", ""rule"": ""1.4.13"", ""result"": [""BU"", ""i""]}, {""rule_source"": ""azwADyAyI"", ""rule"": ""7.2.115"", ""result"": [""BO"", ""i""]}, {""rule_source"": ""azwADyAyI"", ""rule"": ""6.1.78"", ""result"": [""BAv"", ""i""]}, {""rule_source"": ""azwADyAyI"", ""rule"": ""3.2.115"", ""result"": [""BAv"", ""i"", ""li~w""]}, {""rule_source"": ""azwADyAyI"", ""rule"": ""1.3.2"", ""result"": [""BAv"", ""i"", ""li~w""]}, {""rule_source"": ""azwADyAyI"", ""rule"": ""1.3.3"", ""result"": [""BAv"", ""i"", ""li~w""]}, {""rule_source"": ""azwADyAyI"", ""rule"": ""1.3.9"", ""result"": [""BAv"", ""i"", ""l""]}, {""rule_source"": ""azwADyAyI"", ""rule"": ""3.1.35"", ""result"": [""BAv"", ""i"", ""Am"", ""l""]}, {""rule_source"": ""azwADyAyI"", ""rule"": ""3.1.40:1"", ""result"": [""BAv"", ""i"", ""Am"", ""BU"", ""l""]}, {""rule_source"": ""azwADyAyI"", ""rule"": ""3.4.78"", ""result"": [""BAv"", ""i"", ""Am"", ""BU"", ""tip""]}, {""rule_source"": ""azwADyAyI"", ""rule"": ""1.3.3"", ""result"": [""BAv"", ""i"", ""Am"", ""BU"", ""tip""]}, {""rule_source"": ""azwADyAyI"", ""rule"": ""1.3.9"", ""result"": [""BAv"", ""i"", ""Am"", ""BU"", ""ti""]}, {""rule_source"": ""azwADyAyI"", ""rule"": ""3.4.114"", ""result"": [""BAv"", ""i"", ""Am"", ""BU"", ""ti""]}, {""rule_source"": ""azwADyAyI"", ""rule"": ""3.4.115"", ""result"": [""BAv"", ""i"", ""Am"", ""BU"", ""ti""]}, {""rule_source"": ""azwADyAyI"", ""rule"": ""3.4.82"", ""result"": [""BAv"", ""i"", ""Am"", ""BU"", ""Ral""]}, {""rule_source"": ""azwADyAyI"", ""rule"": ""1.3.3"", ""result"": [""BAv"", ""i"", ""Am"", ""BU"", ""Ral""]}, {""rule_source"": ""azwADyAyI"", ""rule"": ""1.3.7"", ""result"": [""BAv"", ""i"", ""Am"", ""BU"", ""Ral""]}, {""rule_source"": ""azwADyAyI"", ""rule"": ""1.3.9"", ""result"": [""BAv"", ""i"", ""Am"", ""BU"", ""a""]}, {""rule_source"": ""azwADyAyI"", ""rule"": ""3.4.115"", ""result"": [""BAv"", ""i"", ""Am"", ""BU"", ""a""]}, {""rule_source"": ""azwADyAyI"", ""rule"": ""6.1.8"", ""result"": [""BAv"", ""i"", ""Am"", ""BU"", ""BU"", ""a""]}, {""rule_source"": ""azwADyAyI"", ""rule"": ""6.1.4"", ""result"": [""BAv"", ""i"", ""Am"", ""BU"", ""BU"", ""a""]}, {""rule_source"": ""azwADyAyI"", ""rule"": ""6.1.5"", ""result"": [""BAv"", ""i"", ""Am"", ""BU"", ""BU"", ""a""]}, {""rule_source"": ""azwADyAyI"", ""rule"": ""1.4.13"", ""result"": [""BAv"", ""i"", ""Am"", ""BU"", ""BU"", ""a""]}, {""rule_source"": ""azwADyAyI"", ""rule"": ""6.4.88"", ""result"": [""BAv"", ""i"", ""Am"", ""BU"", ""BU"", ""vu~k"", ""a""]}, {""rule_source"": ""azwADyAyI"", ""rule"": ""1.3.2"", ""result"": [""BAv"", ""i"", ""Am"", ""BU"", ""BU"", ""vu~k"", ""a""]}, {""rule_source"": ""azwADyAyI"", ""rule"": ""1.3.3"", ""result"": [""BAv"", ""i"", ""Am"", ""BU"", ""BU"", ""vu~k"", ""a""]}, {""rule_source"": ""azwADyAyI"", ""rule"": ""1.3.9"", ""result"": [""BAv"", ""i"", ""Am"", ""BU"", ""BU"", ""v"", ""a""]}, {""rule_source"": ""azwADyAyI"", ""rule"": ""7.3.84"", ""result"": [""BAv"", ""e"", ""Am"", ""BU"", ""BU"", ""v"", ""a""]}, {""rule_source"": ""azwADyAyI"", ""rule"": ""6.4.55"", ""result"": [""BAv"", ""ay"", ""Am"", ""BU"", ""BU"", ""v"", ""a""]}, {""rule_source"": ""azwADyAyI"", ""rule"": ""7.4.59"", ""result"": [""BAv"", ""ay"", ""Am"", ""Bu"", ""BU"", ""v"", ""a""]}, {""rule_source"": ""azwADyAyI"", ""rule"": ""7.4.73"", ""result"": [""BAv"", ""ay"", ""Am"", ""Ba"", ""BU"", ""v"", ""a""]}, {""rule_source"": ""azwADyAyI"", ""rule"": ""1.4.14"", ""result"": [""BAv"", ""ay"", ""Am"", ""Ba"", ""BU"", ""v"", ""a""]}, {""rule_source"": ""azwADyAyI"", ""rule"": ""8.3.24"", ""result"": [""BAv"", ""ay"", ""AM"", ""Ba"", ""BU"", ""v"", ""a""]}, {""rule_source"": ""azwADyAyI"", ""rule"": ""8.4.54"", ""result"": [""BAv"", ""ay"", ""AM"", ""ba"", ""BU"", ""v"", ""a""]}, {""rule_source"": ""azwADyAyI"", ""rule"": ""8.4.58"", ""result"": [""BAv"", ""ay"", ""Am"", ""ba"", ""BU"", ""v"", ""a""]}, {""rule_source"": ""azwADyAyI"", ""rule"": ""8.4.68"", ""result"": [""BAv"", ""ay"", ""Am"", ""ba"", ""BU"", ""v"", ""a""]}]}, {""form_slp1"": ""BAvayAmAsa"", ""steps"": [{""rule_source"": ""azwADyAyI"", ""rule"": ""1.3.1"", ""result"": [""BU""]}, {""rule_source"": ""azwADyAyI"", ""rule"": ""3.1.26"", ""result"": [""BU"", ""Ric""]}, {""rule_source"": ""azwADyAyI"", ""rule"": ""3.1.32"", ""result"": [""BU"", ""Ric""]}, {""rule_source"": ""azwADyAyI"", ""rule"": ""1.3.3"", ""result"": [""BU"", ""Ric""]}, {""rule_source"": ""azwADyAyI"", ""rule"": ""1.3.7"", ""result"": [""BU"", ""Ric""]}, {""rule_source"": ""azwADyAyI"", ""rule"": ""1.3.9"", ""result"": [""BU"", ""i""]}, {""rule_source"": ""azwADyAyI"", ""rule"": ""3.4.114"", ""result"": [""BU"", ""i""]}, {""rule_source"": ""azwADyAyI"", ""rule"": ""1.3.78"", ""result"": [""BU"", ""i""]}, {""rule_source"": ""azwADyAyI"", ""rule"": ""1.4.13"", ""result"": [""BU"", ""i""]}, {""rule_source"": ""azwADyAyI"", ""rule"": ""7.2.115"", ""result"": [""BO"", ""i""]}, {""rule_source"": ""azwADyAyI"", ""rule"": ""6.1.78"", ""result"": [""BAv"", ""i""]}, {""rule_source"": ""azwADyAyI"", ""rule"": ""3.2.115"", ""result"": [""BAv"", ""i"", ""li~w""]}, {""rule_source"": ""azwADyAyI"", ""rule"": ""1.3.2"", ""result"": [""BAv"", ""i"", ""li~w""]}, {""rule_source"": ""azwADyAyI"", ""rule"": ""1.3.3"", ""result"": [""BAv"", ""i"", ""li~w""]}, {""rule_source"": ""azwADyAyI"", ""rule"": ""1.3.9"", ""result"": [""BAv"", ""i"", ""l""]}, {""rule_source"": ""azwADyAyI"", ""rule"": ""3.1.35"", ""result"": [""BAv"", ""i"", ""Am"", ""l""]}, {""rule_source"": ""azwADyAyI"", ""rule"": ""3.1.40:2"", ""result"": [""BAv"", ""i"", ""Am"", ""as"", ""l""]}, {""rule_source"": ""azwADyAyI"", ""rule"": ""3.4.78"", ""result"": [""BAv"", ""i"", ""Am"", ""as"", ""tip""]}, {""rule_source"": ""azwADyAyI"", ""rule"": ""1.3.3"", ""result"": [""BAv"", ""i"", ""Am"", ""as"", ""tip""]}, {""rule_source"": ""azwADyAyI"", ""rule"": ""1.3.9"", ""result"": [""BAv"", ""i"", ""Am"", ""as"", ""ti""]}, {""rule_source"": ""azwADyAyI"", ""rule"": ""3.4.114"", ""result"": [""BAv"", ""i"", ""Am"", ""as"", ""ti""]}, {""rule_source"": ""azwADyAyI"", ""rule"": ""3.4.115"", ""result"": [""BAv"", ""i"", ""Am"", ""as"", ""ti""]}, {""rule_source"": ""azwADyAyI"", ""rule"": ""3.4.82"", ""result"": [""BAv"", ""i"", ""Am"", ""as"", ""Ral""]}, {""rule_source"": ""azwADyAyI"", ""rule"": ""1.3.3"", ""result"": [""BAv"", ""i"", ""Am"", ""as"", ""Ral""]}, {""rule_source"": ""azwADyAyI"", ""rule"": ""1.3.7"", ""result"": [""BAv"", ""i"", ""Am"", ""as"", ""Ral""]}, {""rule_source"": ""azwADyAyI"", ""rule"": ""1.3.9"", ""result"": [""BAv"", ""i"", ""Am"", ""as"", ""a""]}, {""rule_source"": ""azwADyAyI"", ""rule"": ""3.4.115"", ""result"": [""BAv"", ""i"", ""Am"", ""as"", ""a""]}, {""rule_source"": ""azwADyAyI"", ""rule"": ""6.1.8"", ""result"": [""BAv"", ""i"", ""Am"", ""as"", ""as"", ""a""]}, {""rule_source"": ""azwADyAyI"", ""rule"": ""6.1.4"", ""result"": [""BAv"", ""i"", ""Am"", ""as"", ""as"", ""a""]}, {""rule_source"": ""azwADyAyI"", ""rule"": ""6.1.5"", ""result"": [""BAv"", ""i"", ""Am"", ""as"", ""as"", ""a""]}, {""rule_source"": ""azwADyAyI"", ""rule"": ""1.4.13"", ""result"": [""BAv"", ""i"", ""Am"", ""as"", ""as"", ""a""]}, {""rule_source"": ""azwADyAyI"", ""rule"": ""7.3.84"", ""result"": [""BAv"", ""e"", ""Am"", ""as"", ""as"", ""a""]}, {""rule_source"": ""azwADyAyI"", ""rule"": ""7.2.116"", ""result"": [""BAv"", ""e"", ""Am"", ""as"", ""As"", ""a""]}, {""rule_source"": ""azwADyAyI"", ""rule"": ""6.4.55"", ""result"": [""BAv"", ""ay"", ""Am"", ""as"", ""As"", ""a""]}, {""rule_source"": ""azwADyAyI"", ""rule"": ""7.4.60"", ""result"": [""BAv"", ""ay"", ""Am"", ""a"", ""As"", ""a""]}, {""rule_source"": ""azwADyAyI"", ""rule"": ""7.4.70"", ""result"": [""BAv"", ""ay"", ""Am"", ""A"", ""As"", ""a""]}, {""rule_source"": ""azwADyAyI"", ""rule"": ""1.4.14"", ""result"": [""BAv"", ""ay"", ""Am"", ""A"", ""As"", ""a""]}, {""rule_source"": ""azwADyAyI"", ""rule"": ""6.1.101"", ""result"": [""BAv"", ""ay"", ""Am"", ""A"", ""s"", ""a""]}, {""rule_source"": ""azwADyAyI"", ""rule"": ""8.4.68"", ""result"": [""BAv"", ""ay"", ""Am"", ""A"", ""s"", ""a""]}]}, {""form_slp1"": ""BAvayAYcakAra"", ""steps"": [{""rule_source"": ""azwADyAyI"", ""rule"": ""1.3.1"", ""result"": [""BU""]}, {""rule_source"": ""azwADyAyI"", ""rule"": ""3.1.26"", ""result"": [""BU"", ""Ric""]}, {""rule_source"": ""azwADyAyI"", ""rule"": ""3.1.32"", ""result"": [""BU"", ""Ric""]}, {""rule_source"": ""azwADyAyI"", ""rule"": ""1.3.3"", ""result"": [""BU"", ""Ric""]}, {""rule_source"": ""azwADyAyI"", ""rule"": ""1.3.7"", ""result"": [""BU"", ""Ric""]}, {""rule_source"": ""azwADyAyI"", ""rule"": ""1.3.9"", ""result"": [""BU"", ""i""]}, {""rule_source"": ""azwADyAyI"", ""rule"": ""3.4.114"", ""result"": [""BU"", ""i""]}, {""rule_source"": ""azwADyAyI"", ""rule"": ""1.3.78"", ""result"": [""BU"", ""i""]}, {""rule_source"": ""azwADyAyI"", ""rule"": ""1.4.13"", ""result"": [""BU"", ""i""]}, {""rule_source"": ""azwADyAyI"", ""rule"": ""7.2.115"", ""result"": [""BO"", ""i""]}, {""rule_source"": ""azwADyAyI"", ""rule"": ""6.1.78"", ""result"": [""BAv"", ""i""]}, {""rule_source"": ""azwADyAyI"", ""rule"": ""3.2.115"", ""result"": [""BAv"", ""i"", ""li~w""]}, {""rule_source"": ""azwADyAyI"", ""rule"": ""1.3.2"", ""result"": [""BAv"", ""i"", ""li~w""]}, {""rule_source"": ""azwADyAyI"", ""rule"": ""1.3.3"", ""result"": [""BAv"", ""i"", ""li~w""]}, {""rule_source"": ""azwADyAyI"", ""rule"": ""1.3.9"", ""result"": [""BAv"", ""i"", ""l""]}, {""rule_source"": ""azwADyAyI"", ""rule"": ""3.1.35"", ""result"": [""BAv"", ""i"", ""Am"", ""l""]}, {""rule_source"": ""azwADyAyI"", ""rule"": ""3.1.40:kf"", ""result"": [""BAv"", ""i"", ""Am"", ""kf"", ""l""]}, {""rule_source"": ""azwADyAyI"", ""rule"": ""3.4.78"", ""result"": [""BAv"", ""i"", ""Am"", ""kf"", ""tip""]}, {""rule_source"": ""azwADyAyI"", ""rule"": ""1.3.3"", ""result"": [""BAv"", ""i"", ""Am"", ""kf"", ""tip""]}, {""rule_source"": ""azwADyAyI"", ""rule"": ""1.3.9"", ""result"": [""BAv"", ""i"", ""Am"", ""kf"", ""ti""]}, {""rule_source"": ""azwADyAyI"", ""rule"": ""3.4.114"", ""result"": [""BAv"", ""i"", ""Am"", ""kf"", ""ti""]}, {""rule_source"": ""azwADyAyI"", ""rule"": ""3.4.115"", ""result"": [""BAv"", ""i"", ""Am"", ""kf"", ""ti""]}, {""rule_source"": ""azwADyAyI"", ""rule"": ""3.4.82"", ""result"": [""BAv"", ""i"", ""Am"", ""kf"", ""Ral""]}, {""rule_source"": ""azwADyAyI"", ""rule"": ""1.3.3"", ""result"": [""BAv"", ""i"", ""Am"", ""kf"", ""Ral""]}, {""rule_source"": ""azwADyAyI"", ""rule"": ""1.3.7"", ""result"": [""BAv"", ""i"", ""Am"", ""kf"", ""Ral""]}, {""rule_source"": ""azwADyAyI"", ""rule"": ""1.3.9"", ""result"": [""BAv"", ""i"", ""Am"", ""kf"", ""a""]}, {""rule_source"": ""azwADyAyI"", ""rule"": ""3.4.115"", ""result"": [""BAv"", ""i"", ""Am"", ""kf"", ""a""]}, {""rule_source"": ""azwADyAyI"", ""rule"": ""6.1.8"", ""result"": [""BAv"", ""i"", ""Am"", ""kf"", ""kf"", ""a""]}, {""rule_source"": ""azwADyAyI"", ""rule"": ""6.1.4"", ""result"": [""BAv"", ""i"", ""Am"", ""kf"", ""kf"", ""a""]}, {""rule_source"": ""azwADyAyI"", ""rule"": ""6.1.5"", ""result"": [""BAv"", ""i"", ""Am"", ""kf"", ""kf"", ""a""]}, {""rule_source"": ""azwADyAyI"", ""rule"": ""1.4.13"", ""result"": [""BAv"", ""i"", ""Am"", ""kf"", ""kf"", ""a""]}, {""rule_source"": ""azwADyAyI"", ""rule"": ""7.3.84"", ""result"": [""BAv"", ""e"", ""Am"", ""kf"", ""kf"", ""a""]}, {""rule_source"": ""azwADyAyI"", ""rule"": ""7.2.115"", ""result"": [""BAv"", ""e"", ""Am"", ""kf"", ""kAr"", ""a""]}, {""rule_source"": ""azwADyAyI"", ""rule"": ""6.4.55"", ""result"": [""BAv"", ""ay"", ""Am"", ""kf"", ""kAr"", ""a""]}, {""rule_source"": ""azwADyAyI"", ""rule"": ""7.4.62"", ""result"": [""BAv"", ""ay"", ""Am"", ""cf"", ""kAr"", ""a""]}, {""rule_source"": ""azwADyAyI"", ""rule"": ""7.4.66"", ""result"": [""BAv"", ""ay"", ""Am"", ""ca"", ""kAr"", ""a""]}, {""rule_source"": ""azwADyAyI"", ""rule"": ""1.4.14"", ""result"": [""BAv"", ""ay"", ""Am"", ""ca"", ""kAr"", ""a""]}, {""rule_source"": ""azwADyAyI"", ""rule"": ""8.3.24"", ""result"": [""BAv"", ""ay"", ""AM"", ""ca"", ""kAr"", ""a""]}, {""rule_source"": ""azwADyAyI"", ""rule"": ""8.4.58"", ""result"": [""BAv"", ""ay"", ""AY"", ""ca"", ""kAr"", ""a""]}, {""rule_source"": ""azwADyAyI"", ""rule"": ""8.4.68"", ""result"": [""BAv"", ""ay"", ""AY"", ""ca"", ""kAr"", ""a""]}]}], ""atmanepada"": [{""form_slp1"": ""BAvayAmbaBUva"", ""steps"": [{""rule_source"": ""azwADyAyI"", ""rule"": ""1.3.1"", ""result"": [""BU""]}, {""rule_source"": ""azwADyAyI"", ""rule"": ""3.1.26"", ""result"": [""BU"", ""Ric""]}, {""rule_source"": ""azwADyAyI"", ""rule"": ""3.1.32"", ""result"": [""BU"", ""Ric""]}, {""rule_source"": ""azwADyAyI"", ""rule"": ""1.3.3"", ""result"": [""BU"", ""Ric""]}, {""rule_source"": ""azwADyAyI"", ""rule"": ""1.3.7"", ""result"": [""BU"", ""Ric""]}, {""rule_source"": ""azwADyAyI"", ""rule"": ""1.3.9"", ""result"": [""BU"", ""i""]}, {""rule_source"": ""azwADyAyI"", ""rule"": ""3.4.114"", ""result"": [""BU"", ""i""]}, {""rule_source"": ""azwADyAyI"", ""rule"": ""1.3.74"", ""result"": [""BU"", ""i""]}, {""rule_source"": ""azwADyAyI"", ""rule"": ""1.4.13"", ""result"": [""BU"", ""i""]}, {""rule_source"": ""azwADyAyI"", ""rule"": ""7.2.115"", ""result"": [""BO"", ""i""]}, {""rule_source"": ""azwADyAyI"", ""rule"": ""6.1.78"", ""result"": [""BAv"", ""i""]}, {""rule_source"": ""azwADyAyI"", ""rule"": ""3.2.115"", ""result"": [""BAv"", ""i"", ""li~w""]}, {""rule_source"": ""azwADyAyI"", ""rule"": ""1.3.2"", ""result"": [""BAv"", ""i"", ""li~w""]}, {""rule_source"": ""azwADyAyI"", ""rule"": ""1.3.3"", ""result"": [""BAv"", ""i"", ""li~w""]}, {""rule_source"": ""azwADyAyI"", ""rule"": ""1.3.9"", ""result"": [""BAv"", ""i"", ""l""]}, {""rule_source"": ""azwADyAyI"", ""rule"": ""3.1.35"", ""result"": [""BAv"", ""i"", ""Am"", ""l""]}, {""rule_source"": ""azwADyAyI"", ""rule"": ""3.1.40:1"", ""result"": [""BAv"", ""i"", ""Am"", ""BU"", ""l""]}, {""rule_source"": ""azwADyAyI"", ""rule"": ""3.4.78"", ""result"": [""BAv"", ""i"", ""Am"", ""BU"", ""tip""]}, {""rule_source"": ""azwADyAyI"", ""rule"": ""1.3.3"", ""result"": [""BAv"", ""i"", ""Am"", ""BU"", ""tip""]}, {""rule_source"": ""azwADyAyI"", ""rule"": ""1.3.9"", ""result"": [""BAv"", ""i"", ""Am"", ""BU"", ""ti""]}, {""rule_source"": ""azwADyAyI"", ""rule"": ""3.4.114"", ""result"": [""BAv"", ""i"", ""Am"", ""BU"", ""ti""]}, {""rule_source"": ""azwADyAyI"", ""rule"": ""3.4.115"", ""result"": [""BAv"", ""i"", ""Am"", ""BU"", ""ti""]}, {""rule_source"": ""azwADyAyI"", ""rule"": ""3.4.82"", ""result"": [""BAv"", ""i"", ""Am"", ""BU"", ""Ral""]}, {""rule_source"": ""azwADyAyI"", ""rule"": ""1.3.3"", ""result"": [""BAv"", ""i"", ""Am"", ""BU"", ""Ral""]}, {""rule_source"": ""azwADyAyI"", ""rule"": ""1.3.7"", ""result"": [""BAv"", ""i"", ""Am"", ""BU"", ""Ral""]}, {""rule_source"": ""azwADyAyI"", ""rule"": ""1.3.9"", ""result"": [""BAv"", ""i"", ""Am"", ""BU"", ""a""]}, {""rule_source"": ""azwADyAyI"", ""rule"": ""3.4.115"", ""result"": [""BAv"", ""i"", ""Am"", ""BU"", ""a""]}, {""rule_source"": ""azwADyAyI"", ""rule"": ""6.1.8"", ""result"": [""BAv"", ""i"", ""Am"", ""BU"", ""BU"", ""a""]}, {""rule_source"": ""azwADyAyI"", ""rule"": ""6.1.4"", ""result"": [""BAv"", ""i"", ""Am"", ""BU"", ""BU"", ""a""]}, {""rule_source"": ""azwADyAyI"", ""rule"": ""6.1.5"", ""result"": [""BAv"", ""i"", ""Am"", ""BU"", ""BU"", ""a""]}, {""rule_source"": ""azwADyAyI"", ""rule"": ""1.4.13"", ""result"": [""BAv"", ""i"", ""Am"", ""BU"", ""BU"", ""a""]}, {""rule_source"": ""azwADyAyI"", ""rule"": ""6.4.88"", ""result"": [""BAv"", ""i"", ""Am"", ""BU"", ""BU"", ""vu~k"", ""a""]}, {""rule_source"": ""azwADyAyI"", ""rule"": ""1.3.2"", ""result"": [""BAv"", ""i"", ""Am"", ""BU"", ""BU"", ""vu~k"", ""a""]}, {""rule_source"": ""azwADyAyI"", ""rule"": ""1.3.3"", ""result"": [""BAv"", ""i"", ""Am"", ""BU"", ""BU"", ""vu~k"", ""a""]}, {""rule_source"": ""azwADyAyI"", ""rule"": ""1.3.9"", ""result"": [""BAv"", ""i"", ""Am"", ""BU"", ""BU"", ""v"", ""a""]}, {""rule_source"": ""azwADyAyI"", ""rule"": ""7.3.84"", ""result"": [""BAv"", ""e"", ""Am"", ""BU"", ""BU"", ""v"", ""a""]}, {""rule_source"": ""azwADyAyI"", ""rule"": ""6.4.55"", ""result"": [""BAv"", ""ay"", ""Am"", ""BU"", ""BU"", ""v"", ""a""]}, {""rule_source"": ""azwADyAyI"", ""rule"": ""7.4.59"", ""result"": [""BAv"", ""ay"", ""Am"", ""Bu"", ""BU"", ""v"", ""a""]}, {""rule_source"": ""azwADyAyI"", ""rule"": ""7.4.73"", ""result"": [""BAv"", ""ay"", ""Am"", ""Ba"", ""BU"", ""v"", ""a""]}, {""rule_source"": ""azwADyAyI"", ""rule"": ""1.4.14"", ""result"": [""BAv"", ""ay"", ""Am"", ""Ba"", ""BU"", ""v"", ""a""]}, {""rule_source"": ""azwADyAyI"", ""rule"": ""8.3.24"", ""result"": [""BAv"", ""ay"", ""AM"", ""Ba"", ""BU"", ""v"", ""a""]}, {""rule_source"": ""azwADyAyI"", ""rule"": ""8.4.54"", ""result"": [""BAv"", ""ay"", ""AM"", ""ba"", ""BU"", ""v"", ""a""]}, {""rule_source"": ""azwADyAyI"", ""rule"": ""8.4.58"", ""result"": [""BAv"", ""ay"", ""Am"", ""ba"", ""BU"", ""v"", ""a""]}, {""rule_source"": ""azwADyAyI"", ""rule"": ""8.4.68"", ""result"": [""BAv"", ""ay"", ""Am"", ""ba"", ""BU"", ""v"", ""a""]}]}, {""form_slp1"": ""BAvayAmAsa"", ""steps"": [{""rule_source"": ""azwADyAyI"", ""rule"": ""1.3.1"", ""result"": [""BU""]}, {""rule_source"": ""azwADyAyI"", ""rule"": ""3.1.26"", ""result"": [""BU"", ""Ric""]}, {""rule_source"": ""azwADyAyI"", ""rule"": ""3.1.32"", ""result"": [""BU"", ""Ric""]}, {""rule_source"": ""azwADyAyI"", ""rule"": ""1.3.3"", ""result"": [""BU"", ""Ric""]}, {""rule_source"": ""azwADyAyI"", ""rule"": ""1.3.7"", ""result"": [""BU"", ""Ric""]}, {""rule_source"": ""azwADyAyI"", ""rule"": ""1.3.9"", ""result"": [""BU"", ""i""]}, {""rule_source"": ""azwADyAyI"", ""rule"": ""3.4.114"", ""result"": [""BU"", ""i""]}, {""rule_source"": ""azwADyAyI"", ""rule"": ""1.3.74"", ""result"": [""BU"", ""i""]}, {""rule_source"": ""azwADyAyI"", ""rule"": ""1.4.13"", ""result"": [""BU"", ""i""]}, {""rule_source"": ""azwADyAyI"", ""rule"": ""7.2.115"", ""result"": [""BO"", ""i""]}, {""rule_source"": ""azwADyAyI"", ""rule"": ""6.1.78"", ""result"": [""BAv"", ""i""]}, {""rule_source"": ""azwADyAyI"", ""rule"": ""3.2.115"", ""result"": [""BAv"", ""i"", ""li~w""]}, {""rule_source"": ""azwADyAyI"", ""rule"": ""1.3.2"", ""result"": [""BAv"", ""i"", ""li~w""]}, {""rule_source"": ""azwADyAyI"", ""rule"": ""1.3.3"", ""result"": [""BAv"", ""i"", ""li~w""]}, {""rule_source"": ""azwADyAyI"", ""rule"": ""1.3.9"", ""result"": [""BAv"", ""i"", ""l""]}, {""rule_source"": ""azwADyAyI"", ""rule"": ""3.1.35"", ""result"": [""BAv"", ""i"", ""Am"", ""l""]}, {""rule_source"": ""azwADyAyI"", ""rule"": ""3.1.40:2"", ""result"": [""BAv"", ""i"", ""Am"", ""as"", ""l""]}, {""rule_source"": ""azwADyAyI"", ""rule"": ""3.4.78"", ""result"": [""BAv"", ""i"", ""Am"", ""as"", ""tip""]}, {""rule_source"": ""azwADyAyI"", ""rule"": ""1.3.3"", ""result"": [""BAv"", ""i"", ""Am"", ""as"", ""tip""]}, {""rule_source"": ""azwADyAyI"", ""rule"": ""1.3.9"", ""result"": [""BAv"", ""i"", ""Am"", ""as"", ""ti""]}, {""rule_source"": ""azwADyAyI"", ""rule"": ""3.4.114"", ""result"": [""BAv"", ""i"", ""Am"", ""as"", ""ti""]}, {""rule_source"": ""azwADyAyI"", ""rule"": ""3.4.115"", ""result"": [""BAv"", ""i"", ""Am"", ""as"", ""ti""]}, {""rule_source"": ""azwADyAyI"", ""rule"": ""3.4.82"", ""result"": [""BAv"", ""i"", ""Am"", ""as"", ""Ral""]}, {""rule_source"": ""azwADyAyI"", ""rule"": ""1.3.3"", ""result"": [""BAv"", ""i"", ""Am"", ""as"", ""Ral""]}, {""rule_source"": ""azwADyAyI"", ""rule"": ""1.3.7"", ""result"": [""BAv"", ""i"", ""Am"", ""as"", ""Ral""]}, {""rule_source"": ""azwADyAyI"", ""rule"": ""1.3.9"", ""result"": [""BAv"", ""i"", ""Am"", ""as"", ""a""]}, {""rule_source"": ""azwADyAyI"", ""rule"": ""3.4.115"", ""result"": [""BAv"", ""i"", ""Am"", ""as"", ""a""]}, {""rule_source"": ""azwADyAyI"", ""rule"": ""6.1.8"", ""result"": [""BAv"", ""i"", ""Am"", ""as"", ""as"", ""a""]}, {""rule_source"": ""azwADyAyI"", ""rule"": ""6.1.4"", ""result"": [""BAv"", ""i"", ""Am"", ""as"", ""as"", ""a""]}, {""rule_source"": ""azwADyAyI"", ""rule"": ""6.1.5"", ""result"": [""BAv"", ""i"", ""Am"", ""as"", ""as"", ""a""]}, {""rule_source"": ""azwADyAyI"", ""rule"": ""1.4.13"", ""result"": [""BAv"", ""i"", ""Am"", ""as"", ""as"", ""a""]}, {""rule_source"": ""azwADyAyI"", ""rule"": ""7.3.84"", ""result"": [""BAv"", ""e"", ""Am"", ""as"", ""as"", ""a""]}, {""rule_source"": ""azwADyAyI"", ""rule"": ""7.2.116"", ""result"": [""BAv"", ""e"", ""Am"", ""as"", ""As"", ""a""]}, {""rule_source"": ""azwADyAyI"", ""rule"": ""6.4.55"", ""result"": [""BAv"", ""ay"", ""Am"", ""as"", ""As"", ""a""]}, {""rule_source"": ""azwADyAyI"", ""rule"": ""7.4.60"", ""result"": [""BAv"", ""ay"", ""Am"", ""a"", ""As"", ""a""]}, {""rule_source"": ""azwADyAyI"", ""rule"": ""7.4.70"", ""result"": [""BAv"", ""ay"", ""Am"", ""A"", ""As"", ""a""]}, {""rule_source"": ""azwADyAyI"", ""rule"": ""1.4.14"", ""result"": [""BAv"", ""ay"", ""Am"", ""A"", ""As"", ""a""]}, {""rule_source"": ""azwADyAyI"", ""rule"": ""6.1.101"", ""result"": [""BAv"", ""ay"", ""Am"", ""A"", ""s"", ""a""]}, {""rule_source"": ""azwADyAyI"", ""rule"": ""8.4.68"", ""result"": [""BAv"", ""ay"", ""Am"", ""A"", ""s"", ""a""]}]}, {""form_slp1"": ""BAvayAYcakre"", ""steps"": [{""rule_source"": ""azwADyAyI"", ""rule"": ""1.3.1"", ""result"": [""BU""]}, {""rule_source"": ""azwADyAyI"", ""rule"": ""3.1.26"", ""result"": [""BU"", ""Ric""]}, {""rule_source"": ""azwADyAyI"", ""rule"": ""3.1.32"", ""result"": [""BU"", ""Ric""]}, {""rule_source"": ""azwADyAyI"", ""rule"": ""1.3.3"", ""result"": [""BU"", ""Ric""]}, {""rule_source"": ""azwADyAyI"", ""rule"": ""1.3.7"", ""result"": [""BU"", ""Ric""]}, {""rule_source"": ""azwADyAyI"", ""rule"": ""1.3.9"", ""result"": [""BU"", ""i""]}, {""rule_source"": ""azwADyAyI"", ""rule"": ""3.4.114"", ""result"": [""BU"", ""i""]}, {""rule_source"": ""azwADyAyI"", ""rule"": ""1.3.74"", ""result"": [""BU"", ""i""]}, {""rule_source"": ""azwADyAyI"", ""rule"": ""1.4.13"", ""result"": [""BU"", ""i""]}, {""rule_source"": ""azwADyAyI"", ""rule"": ""7.2.115"", ""result"": [""BO"", ""i""]}, {""rule_source"": ""azwADyAyI"", ""rule"": ""6.1.78"", ""result"": [""BAv"", ""i""]}, {""rule_source"": ""azwADyAyI"", ""rule"": ""3.2.115"", ""result"": [""BAv"", ""i"", ""li~w""]}, {""rule_source"": ""azwADyAyI"", ""rule"": ""1.3.2"", ""result"": [""BAv"", ""i"", ""li~w""]}, {""rule_source"": ""azwADyAyI"", ""rule"": ""1.3.3"", ""result"": [""BAv"", ""i"", ""li~w""]}, {""rule_source"": ""azwADyAyI"", ""rule"": ""1.3.9"", ""result"": [""BAv"", ""i"", ""l""]}, {""rule_source"": ""azwADyAyI"", ""rule"": ""3.1.35"", ""result"": [""BAv"", ""i"", ""Am"", ""l""]}, {""rule_source"": ""azwADyAyI"", ""rule"": ""3.1.40:kf"", ""result"": [""BAv"", ""i"", ""Am"", ""kf"", ""l""]}, {""rule_source"": ""azwADyAyI"", ""rule"": ""3.4.78"", ""result"": [""BAv"", ""i"", ""Am"", ""kf"", ""ta""]}, {""rule_source"": ""azwADyAyI"", ""rule"": ""3.4.114"", ""result"": [""BAv"", ""i"", ""Am"", ""kf"", ""ta""]}, {""rule_source"": ""azwADyAyI"", ""rule"": ""3.4.115"", ""result"": [""BAv"", ""i"", ""Am"", ""kf"", ""ta""]}, {""rule_source"": ""azwADyAyI"", ""rule"": ""3.4.81"", ""result"": [""BAv"", ""i"", ""Am"", ""kf"", ""eS""]}, {""rule_source"": ""azwADyAyI"", ""rule"": ""1.3.3"", ""result"": [""BAv"", ""i"", ""Am"", ""kf"", ""eS""]}, {""rule_source"": ""azwADyAyI"", ""rule"": ""1.3.9"", ""result"": [""BAv"", ""i"", ""Am"", ""kf"", ""e""]}, {""rule_source"": ""azwADyAyI"", ""rule"": ""3.4.115"", ""result"": [""BAv"", ""i"", ""Am"", ""kf"", ""e""]}, {""rule_source"": ""azwADyAyI"", ""rule"": ""1.2.5"", ""result"": [""BAv"", ""i"", ""Am"", ""kf"", ""e""]}, {""rule_source"": ""azwADyAyI"", ""rule"": ""6.1.8"", ""result"": [""BAv"", ""i"", ""Am"", ""kf"", ""kf"", ""e""]}, {""rule_source"": ""azwADyAyI"", ""rule"": ""6.1.4"", ""result"": [""BAv"", ""i"", ""Am"", ""kf"", ""kf"", ""e""]}, {""rule_source"": ""azwADyAyI"", ""rule"": ""6.1.5"", ""result"": [""BAv"", ""i"", ""Am"", ""kf"", ""kf"", ""e""]}, {""rule_source"": ""azwADyAyI"", ""rule"": ""1.4.13"", ""result"": [""BAv"", ""i"", ""Am"", ""kf"", ""kf"", ""e""]}, {""rule_source"": ""azwADyAyI"", ""rule"": ""7.3.84"", ""result"": [""BAv"", ""e"", ""Am"", ""kf"", ""kf"", ""e""]}, {""rule_source"": ""azwADyAyI"", ""rule"": ""1.1.5"", ""result"": [""BAv"", ""e"", ""Am"", ""kf"", ""kf"", ""e""]}, {""rule_source"": ""azwADyAyI"", ""rule"": ""6.4.55"", ""result"": [""BAv"", ""ay"", ""Am"", ""kf"", ""kf"", ""e""]}, {""rule_source"": ""azwADyAyI"", ""rule"": ""7.4.62"", ""result"": [""BAv"", ""ay"", ""Am"", ""cf"", ""kf"", ""e""]}, {""rule_source"": ""azwADyAyI"", ""rule"": ""7.4.66"", ""result"": [""BAv"", ""ay"", ""Am"", ""ca"", ""kf"", ""e""]}, {""rule_source"": ""azwADyAyI"", ""rule"": ""1.4.14"", ""result"": [""BAv"", ""ay"", ""Am"", ""ca"", ""kf"", ""e""]}, {""rule_source"": ""azwADyAyI"", ""rule"": ""6.1.77"", ""result"": [""BAv"", ""ay"", ""Am"", ""ca"", ""kr"", ""e""]}, {""rule_source"": ""azwADyAyI"", ""rule"": ""8.3.24"", ""result"": [""BAv"", ""ay"", ""AM"", ""ca"", ""kr"", ""e""]}, {""rule_source"": ""azwADyAyI"", ""rule"": ""8.4.58"", ""result"": [""BAv"", ""ay"", ""AY"", ""ca"", ""kr"", ""e""]}, {""rule_source"": ""azwADyAyI"", ""rule"": ""8.4.68"", ""result"": [""BAv"", ""ay"", ""AY"", ""ca"", ""kr"", ""e""]}]}]}"
one_sanadi:f1314ebb8d6ad926716e,one_sanadi,lut,लुट् (luṭ),periphrastic future,Prathama,Eka,BAvayitA,BAvayitA,BAvayitA,1,locally_regenerated,"{""parasmaipada"": [{""form_slp1"": ""BAvayitA"", ""steps"": [{""rule_source"": ""azwADyAyI"", ""rule"": ""1.3.1"", ""result"": [""BU""]}, {""rule_source"": ""azwADyAyI"", ""rule"": ""3.1.26"", ""result"": [""BU"", ""Ric""]}, {""rule_source"": ""azwADyAyI"", ""rule"": ""3.1.32"", ""result"": [""BU"", ""Ric""]}, {""rule_source"": ""azwADyAyI"", ""rule"": ""1.3.3"", ""result"": [""BU"", ""Ric""]}, {""rule_source"": ""azwADyAyI"", ""rule"": ""1.3.7"", ""result"": [""BU"", ""Ric""]}, {""rule_source"": ""azwADyAyI"", ""rule"": ""1.3.9"", ""result"": [""BU"", ""i""]}, {""rule_source"": ""azwADyAyI"", ""rule"": ""3.4.114"", ""result"": [""BU"", ""i""]}, {""rule_source"": ""azwADyAyI"", ""rule"": ""1.3.78"", ""result"": [""BU"", ""i""]}, {""rule_source"": ""azwADyAyI"", ""rule"": ""1.4.13"", ""result"": [""BU"", ""i""]}, {""rule_source"": ""azwADyAyI"", ""rule"": ""7.2.115"", ""result"": [""BO"", ""i""]}, {""rule_source"": ""azwADyAyI"", ""rule"": ""6.1.78"", ""result"": [""BAv"", ""i""]}, {""rule_source"": ""azwADyAyI"", ""rule"": ""3.3.15"", ""result"": [""BAv"", ""i"", ""lu~w""]}, {""rule_source"": ""azwADyAyI"", ""rule"": ""1.3.2"", ""result"": [""BAv"", ""i"", ""lu~w""]}, {""rule_source"": ""azwADyAyI"", ""rule"": ""1.3.3"", ""result"": [""BAv"", ""i"", ""lu~w""]}, {""rule_source"": ""azwADyAyI"", ""rule"": ""1.3.9"", ""result"": [""BAv"", ""i"", ""l""]}, {""rule_source"": ""azwADyAyI"", ""rule"": ""3.4.78"", ""result"": [""BAv"", ""i"", ""tip""]}, {""rule_source"": ""azwADyAyI"", ""rule"": ""1.3.3"", ""result"": [""BAv"", ""i"", ""tip""]}, {""rule_source"": ""azwADyAyI"", ""rule"": ""1.3.9"", ""result"": [""BAv"", ""i"", ""ti""]}, {""rule_source"": ""azwADyAyI"", ""rule"": ""3.4.113"", ""result"": [""BAv"", ""i"", ""ti""]}, {""rule_source"": ""azwADyAyI"", ""rule"": ""3.1.33"", ""result"": [""BAv"", ""i"", ""tAsi~"", ""ti""]}, {""rule_source"": ""azwADyAyI"", ""rule"": ""1.3.2"", ""result"": [""BAv"", ""i"", ""tAsi~"", ""ti""]}, {""rule_source"": ""azwADyAyI"", ""rule"": ""1.3.9"", ""result"": [""BAv"", ""i"", ""tAs"", ""ti""]}, {""rule_source"": ""azwADyAyI"", ""rule"": ""3.4.114"", ""result"": [""BAv"", ""i"", ""tAs"", ""ti""]}, {""rule_source"": ""azwADyAyI"", ""rule"": ""2.4.85"", ""result"": [""BAv"", ""i"", ""tAs"", ""qA""]}, {""rule_source"": ""azwADyAyI"", ""rule"": ""1.3.7"", ""result"": [""BAv"", ""i"", ""tAs"", ""qA""]}, {""rule_source"": ""azwADyAyI"", ""rule"": ""1.3.9"", ""result"": [""BAv"", ""i"", ""tAs"", ""A""]}, {""rule_source"": ""azwADyAyI"", ""rule"": ""7.2.35"", ""result"": [""BAv"", ""i"", ""iw"", ""tAs"", ""A""]}, {""rule_source"": ""azwADyAyI"", ""rule"": ""1.3.3"", ""result"": [""BAv"", ""i"", ""iw"", ""tAs"", ""A""]}, {""rule_source"": ""azwADyAyI"", ""rule"": ""1.3.9"", ""result"": [""BAv"", ""i"", ""i"", ""tAs"", ""A""]}, {""rule_source"": ""azwADyAyI"", ""rule"": ""1.4.13"", ""result"": [""BAv"", ""i"", ""i"", ""tAs"", ""A""]}, {""rule_source"": ""azwADyAyI"", ""rule"": ""7.3.84"", ""result"": [""BAv"", ""e"", ""i"", ""tAs"", ""A""]}, {""rule_source"": ""azwADyAyI"", ""rule"": ""1.4.14"", ""result"": [""BAv"", ""e"", ""i"", ""tAs"", ""A""]}, {""rule_source"": ""azwADyAyI"", ""rule"": ""6.4.143"", ""result"": [""BAv"", ""e"", ""i"", ""t"", ""A""]}, {""rule_source"": ""azwADyAyI"", ""rule"": ""6.1.78"", ""result"": [""BAv"", ""ay"", ""i"", ""t"", ""A""]}, {""rule_source"": ""azwADyAyI"", ""rule"": ""8.4.68"", ""result"": [""BAv"", ""ay"", ""i"", ""t"", ""A""]}]}], ""atmanepada"": [{""form_slp1"": ""BAvayitA"", ""steps"": [{""rule_source"": ""azwADyAyI"", ""rule"": ""1.3.1"", ""result"": [""BU""]}, {""rule_source"": ""azwADyAyI"", ""rule"": ""3.1.26"", ""result"": [""BU"", ""Ric""]}, {""rule_source"": ""azwADyAyI"", ""rule"": ""3.1.32"", ""result"": [""BU"", ""Ric""]}, {""rule_source"": ""azwADyAyI"", ""rule"": ""1.3.3"", ""result"": [""BU"", ""Ric""]}, {""rule_source"": ""azwADyAyI"", ""rule"": ""1.3.7"", ""result"": [""BU"", ""Ric""]}, {""rule_source"": ""azwADyAyI"", ""rule"": ""1.3.9"", ""result"": [""BU"", ""i""]}, {""rule_source"": ""azwADyAyI"", ""rule"": ""3.4.114"", ""result"": [""BU"", ""i""]}, {""rule_source"": ""azwADyAyI"", ""rule"": ""1.3.74"", ""result"": [""BU"", ""i""]}, {""rule_source"": ""azwADyAyI"", ""rule"": ""1.4.13"", ""result"": [""BU"", ""i""]}, {""rule_source"": ""azwADyAyI"", ""rule"": ""7.2.115"", ""result"": [""BO"", ""i""]}, {""rule_source"": ""azwADyAyI"", ""rule"": ""6.1.78"", ""result"": [""BAv"", ""i""]}, {""rule_source"": ""azwADyAyI"", ""rule"": ""3.3.15"", ""result"": [""BAv"", ""i"", ""lu~w""]}, {""rule_source"": ""azwADyAyI"", ""rule"": ""1.3.2"", ""result"": [""BAv"", ""i"", ""lu~w""]}, {""rule_source"": ""azwADyAyI"", ""rule"": ""1.3.3"", ""result"": [""BAv"", ""i"", ""lu~w""]}, {""rule_source"": ""azwADyAyI"", ""rule"": ""1.3.9"", ""result"": [""BAv"", ""i"", ""l""]}, {""rule_source"": ""azwADyAyI"", ""rule"": ""3.4.78"", ""result"": [""BAv"", ""i"", ""ta""]}, {""rule_source"": ""azwADyAyI"", ""rule"": ""3.4.113"", ""result"": [""BAv"", ""i"", ""ta""]}, {""rule_source"": ""azwADyAyI"", ""rule"": ""3.1.33"", ""result"": [""BAv"", ""i"", ""tAsi~"", ""ta""]}, {""rule_source"": ""azwADyAyI"", ""rule"": ""1.3.2"", ""result"": [""BAv"", ""i"", ""tAsi~"", ""ta""]}, {""rule_source"": ""azwADyAyI"", ""rule"": ""1.3.9"", ""result"": [""BAv"", ""i"", ""tAs"", ""ta""]}, {""rule_source"": ""azwADyAyI"", ""rule"": ""3.4.114"", ""result"": [""BAv"", ""i"", ""tAs"", ""ta""]}, {""rule_source"": ""azwADyAyI"", ""rule"": ""2.4.85"", ""result"": [""BAv"", ""i"", ""tAs"", ""qA""]}, {""rule_source"": ""azwADyAyI"", ""rule"": ""1.3.7"", ""result"": [""BAv"", ""i"", ""tAs"", ""qA""]}, {""rule_source"": ""azwADyAyI"", ""rule"": ""1.3.9"", ""result"": [""BAv"", ""i"", ""tAs"", ""A""]}, {""rule_source"": ""azwADyAyI"", ""rule"": ""7.2.35"", ""result"": [""BAv"", ""i"", ""iw"", ""tAs"", ""A""]}, {""rule_source"": ""azwADyAyI"", ""rule"": ""1.3.3"", ""result"": [""BAv"", ""i"", ""iw"", ""tAs"", ""A""]}, {""rule_source"": ""azwADyAyI"", ""rule"": ""1.3.9"", ""result"": [""BAv"", ""i"", ""i"", ""tAs"", ""A""]}, {""rule_source"": ""azwADyAyI"", ""rule"": ""1.2.4"", ""result"": [""BAv"", ""i"", ""i"", ""tAs"", ""A""]}, {""rule_source"": ""azwADyAyI"", ""rule"": ""1.4.13"", ""result"": [""BAv"", ""i"", ""i"", ""tAs"", ""A""]}, {""rule_source"": ""azwADyAyI"", ""rule"": ""7.3.84"", ""result"": [""BAv"", ""e"", ""i"", ""tAs"", ""A""]}, {""rule_source"": ""azwADyAyI"", ""rule"": ""1.4.14"", ""result"": [""BAv"", ""e"", ""i"", ""tAs"", ""A""]}, {""rule_source"": ""azwADyAyI"", ""rule"": ""6.4.143"", ""result"": [""BAv"", ""e"", ""i"", ""t"", ""A""]}, {""rule_source"": ""azwADyAyI"", ""rule"": ""6.1.78"", ""result"": [""BAv"", ""ay"", ""i"", ""t"", ""A""]}, {""rule_source"": ""azwADyAyI"", ""rule"": ""8.4.68"", ""result"": [""BAv"", ""ay"", ""i"", ""t"", ""A""]}]}]}"
one_sanadi:f1314ebb8d6ad926716e,one_sanadi,lrt,लृट् (lṛṭ),future,Prathama,Eka,BAvayizyati,BAvayizyate,BAvayizyate;BAvayizyati,2,locally_regenerated,"{""parasmaipada"": [{""form_slp1"": ""BAvayizyati"", ""steps"": [{""rule_source"": ""azwADyAyI"", ""rule"": ""1.3.1"", ""result"": [""BU""]}, {""rule_source"": ""azwADyAyI"", ""rule"": ""3.1.26"", ""result"": [""BU"", ""Ric""]}, {""rule_source"": ""azwADyAyI"", ""rule"": ""3.1.32"", ""result"": [""BU"", ""Ric""]}, {""rule_source"": ""azwADyAyI"", ""rule"": ""1.3.3"", ""result"": [""BU"", ""Ric""]}, {""rule_source"": ""azwADyAyI"", ""rule"": ""1.3.7"", ""result"": [""BU"", ""Ric""]}, {""rule_source"": ""azwADyAyI"", ""rule"": ""1.3.9"", ""result"": [""BU"", ""i""]}, {""rule_source"": ""azwADyAyI"", ""rule"": ""3.4.114"", ""result"": [""BU"", ""i""]}, {""rule_source"": ""azwADyAyI"", ""rule"": ""1.3.78"", ""result"": [""BU"", ""i""]}, {""rule_source"": ""azwADyAyI"", ""rule"": ""1.4.13"", ""result"": [""BU"", ""i""]}, {""rule_source"": ""azwADyAyI"", ""rule"": ""7.2.115"", ""result"": [""BO"", ""i""]}, {""rule_source"": ""azwADyAyI"", ""rule"": ""6.1.78"", ""result"": [""BAv"", ""i""]}, {""rule_source"": ""azwADyAyI"", ""rule"": ""3.3.13"", ""result"": [""BAv"", ""i"", ""lf~w""]}, {""rule_source"": ""azwADyAyI"", ""rule"": ""1.3.2"", ""result"": [""BAv"", ""i"", ""lf~w""]}, {""rule_source"": ""azwADyAyI"", ""rule"": ""1.3.3"", ""result"": [""BAv"", ""i"", ""lf~w""]}, {""rule_source"": ""azwADyAyI"", ""rule"": ""1.3.9"", ""result"": [""BAv"", ""i"", ""l""]}, {""rule_source"": ""azwADyAyI"", ""rule"": ""3.4.78"", ""result"": [""BAv"", ""i"", ""tip""]}, {""rule_source"": ""azwADyAyI"", ""rule"": ""1.3.3"", ""result"": [""BAv"", ""i"", ""tip""]}, {""rule_source"": ""azwADyAyI"", ""rule"": ""1.3.9"", ""result"": [""BAv"", ""i"", ""ti""]}, {""rule_source"": ""azwADyAyI"", ""rule"": ""3.4.113"", ""result"": [""BAv"", ""i"", ""ti""]}, {""rule_source"": ""azwADyAyI"", ""rule"": ""3.1.33"", ""result"": [""BAv"", ""i"", ""sya"", ""ti""]}, {""rule_source"": ""azwADyAyI"", ""rule"": ""3.4.114"", ""result"": [""BAv"", ""i"", ""sya"", ""ti""]}, {""rule_source"": ""azwADyAyI"", ""rule"": ""7.2.35"", ""result"": [""BAv"", ""i"", ""iw"", ""sya"", ""ti""]}, {""rule_source"": ""azwADyAyI"", ""rule"": ""1.3.3"", ""result"": [""BAv"", ""i"", ""iw"", ""sya"", ""ti""]}, {""rule_source"": ""azwADyAyI"", ""rule"": ""1.3.9"", ""result"": [""BAv"", ""i"", ""i"", ""sya"", ""ti""]}, {""rule_source"": ""azwADyAyI"", ""rule"": ""1.4.13"", ""result"": [""BAv"", ""i"", ""i"", ""sya"", ""ti""]}, {""rule_source"": ""azwADyAyI"", ""rule"": ""7.3.84"", ""result"": [""BAv"", ""e"", ""i"", ""sya"", ""ti""]}, {""rule_source"": ""azwADyAyI"", ""rule"": ""1.4.14"", ""result"": [""BAv"", ""e"", ""i"", ""sya"", ""ti""]}, {""rule_source"": ""azwADyAyI"", ""rule"": ""6.1.78"", ""result"": [""BAv"", ""ay"", ""i"", ""sya"", ""ti""]}, {""rule_source"": ""azwADyAyI"", ""rule"": ""8.3.59"", ""result"": [""BAv"", ""ay"", ""i"", ""zya"", ""ti""]}, {""rule_source"": ""azwADyAyI"", ""rule"": ""8.4.68"", ""result"": [""BAv"", ""ay"", ""i"", ""zya"", ""ti""]}]}], ""atmanepada"": [{""form_slp1"": ""BAvayizyate"", ""steps"": [{""rule_source"": ""azwADyAyI"", ""rule"": ""1.3.1"", ""result"": [""BU""]}, {""rule_source"": ""azwADyAyI"", ""rule"": ""3.1.26"", ""result"": [""BU"", ""Ric""]}, {""rule_source"": ""azwADyAyI"", ""rule"": ""3.1.32"", ""result"": [""BU"", ""Ric""]}, {""rule_source"": ""azwADyAyI"", ""rule"": ""1.3.3"", ""result"": [""BU"", ""Ric""]}, {""rule_source"": ""azwADyAyI"", ""rule"": ""1.3.7"", ""result"": [""BU"", ""Ric""]}, {""rule_source"": ""azwADyAyI"", ""rule"": ""1.3.9"", ""result"": [""BU"", ""i""]}, {""rule_source"": ""azwADyAyI"", ""rule"": ""3.4.114"", ""result"": [""BU"", ""i""]}, {""rule_source"": ""azwADyAyI"", ""rule"": ""1.3.74"", ""result"": [""BU"", ""i""]}, {""rule_source"": ""azwADyAyI"", ""rule"": ""1.4.13"", ""result"": [""BU"", ""i""]}, {""rule_source"": ""azwADyAyI"", ""rule"": ""7.2.115"", ""result"": [""BO"", ""i""]}, {""rule_source"": ""azwADyAyI"", ""rule"": ""6.1.78"", ""result"": [""BAv"", ""i""]}, {""rule_source"": ""azwADyAyI"", ""rule"": ""3.3.13"", ""result"": [""BAv"", ""i"", ""lf~w""]}, {""rule_source"": ""azwADyAyI"", ""rule"": ""1.3.2"", ""result"": [""BAv"", ""i"", ""lf~w""]}, {""rule_source"": ""azwADyAyI"", ""rule"": ""1.3.3"", ""result"": [""BAv"", ""i"", ""lf~w""]}, {""rule_source"": ""azwADyAyI"", ""rule"": ""1.3.9"", ""result"": [""BAv"", ""i"", ""l""]}, {""rule_source"": ""azwADyAyI"", ""rule"": ""3.4.78"", ""result"": [""BAv"", ""i"", ""ta""]}, {""rule_source"": ""azwADyAyI"", ""rule"": ""3.4.113"", ""result"": [""BAv"", ""i"", ""ta""]}, {""rule_source"": ""azwADyAyI"", ""rule"": ""3.1.33"", ""result"": [""BAv"", ""i"", ""sya"", ""ta""]}, {""rule_source"": ""azwADyAyI"", ""rule"": ""3.4.114"", ""result"": [""BAv"", ""i"", ""sya"", ""ta""]}, {""rule_source"": ""azwADyAyI"", ""rule"": ""3.4.79"", ""result"": [""BAv"", ""i"", ""sya"", ""te""]}, {""rule_source"": ""azwADyAyI"", ""rule"": ""7.2.35"", ""result"": [""BAv"", ""i"", ""iw"", ""sya"", ""te""]}, {""rule_source"": ""azwADyAyI"", ""rule"": ""1.3.3"", ""result"": [""BAv"", ""i"", ""iw"", ""sya"", ""te""]}, {""rule_source"": ""azwADyAyI"", ""rule"": ""1.3.9"", ""result"": [""BAv"", ""i"", ""i"", ""sya"", ""te""]}, {""rule_source"": ""azwADyAyI"", ""rule"": ""1.2.4"", ""result"": [""BAv"", ""i"", ""i"", ""sya"", ""te""]}, {""rule_source"": ""azwADyAyI"", ""rule"": ""1.4.13"", ""result"": [""BAv"", ""i"", ""i"", ""sya"", ""te""]}, {""rule_source"": ""azwADyAyI"", ""rule"": ""7.3.84"", ""result"": [""BAv"", ""e"", ""i"", ""sya"", ""te""]}, {""rule_source"": ""azwADyAyI"", ""rule"": ""1.4.14"", ""result"": [""BAv"", ""e"", ""i"", ""sya"", ""te""]}, {""rule_source"": ""azwADyAyI"", ""rule"": ""6.1.78"", ""result"": [""BAv"", ""ay"", ""i"", ""sya"", ""te""]}, {""rule_source"": ""azwADyAyI"", ""rule"": ""8.3.59"", ""result"": [""BAv"", ""ay"", ""i"", ""zya"", ""te""]}, {""rule_source"": ""azwADyAyI"", ""rule"": ""8.4.68"", ""result"": [""BAv"", ""ay"", ""i"", ""zya"", ""te""]}]}]}"
one_sanadi:f1314ebb8d6ad926716e,one_sanadi,lot,लोट् (loṭ),command or request,Prathama,Eka,BAvayatAd;BAvayatAt;BAvayatu,BAvayatAm,BAvayatAd;BAvayatAm;BAvayatAt;BAvayatu,4,locally_regenerated,"{""parasmaipada"": [{""form_slp1"": ""BAvayatAt"", ""steps"": [{""rule_source"": ""azwADyAyI"", ""rule"": ""1.3.1"", ""result"": [""BU""]}, {""rule_source"": ""azwADyAyI"", ""rule"": ""3.1.26"", ""result"": [""BU"", ""Ric""]}, {""rule_source"": ""azwADyAyI"", ""rule"": ""3.1.32"", ""result"": [""BU"", ""Ric""]}, {""rule_source"": ""azwADyAyI"", ""rule"": ""1.3.3"", ""result"": [""BU"", ""Ric""]}, {""rule_source"": ""azwADyAyI"", ""rule"": ""1.3.7"", ""result"": [""BU"", ""Ric""]}, {""rule_source"": ""azwADyAyI"", ""rule"": ""1.3.9"", ""result"": [""BU"", ""i""]}, {""rule_source"": ""azwADyAyI"", ""rule"": ""3.4.114"", ""result"": [""BU"", ""i""]}, {""rule_source"": ""azwADyAyI"", ""rule"": ""1.3.78"", ""result"": [""BU"", ""i""]}, {""rule_source"": ""azwADyAyI"", ""rule"": ""1.4.13"", ""result"": [""BU"", ""i""]}, {""rule_source"": ""azwADyAyI"", ""rule"": ""7.2.115"", ""result"": [""BO"", ""i""]}, {""rule_source"": ""azwADyAyI"", ""rule"": ""6.1.78"", ""result"": [""BAv"", ""i""]}, {""rule_source"": ""azwADyAyI"", ""rule"": ""3.3.162"", ""result"": [""BAv"", ""i"", ""lo~w""]}, {""rule_source"": ""azwADyAyI"", ""rule"": ""1.3.2"", ""result"": [""BAv"", ""i"", ""lo~w""]}, {""rule_source"": ""azwADyAyI"", ""rule"": ""1.3.3"", ""result"": [""BAv"", ""i"", ""lo~w""]}, {""rule_source"": ""azwADyAyI"", ""rule"": ""1.3.9"", ""result"": [""BAv"", ""i"", ""l""]}, {""rule_source"": ""azwADyAyI"", ""rule"": ""3.4.78"", ""result"": [""BAv"", ""i"", ""tip""]}, {""rule_source"": ""azwADyAyI"", ""rule"": ""1.3.3"", ""result"": [""BAv"", ""i"", ""tip""]}, {""rule_source"": ""azwADyAyI"", ""rule"": ""1.3.9"", ""result"": [""BAv"", ""i"", ""ti""]}, {""rule_source"": ""azwADyAyI"", ""rule"": ""3.4.113"", ""result"": [""BAv"", ""i"", ""ti""]}, {""rule_source"": ""azwADyAyI"", ""rule"": ""3.1.68"", ""result"": [""BAv"", ""i"", ""Sap"", ""ti""]}, {""rule_source"": ""azwADyAyI"", ""rule"": ""1.3.3"", ""result"": [""BAv"", ""i"", ""Sap"", ""ti""]}, {""rule_source"": ""azwADyAyI"", ""rule"": ""1.3.8"", ""result"": [""BAv"", ""i"", ""Sap"", ""ti""]}, {""rule_source"": ""azwADyAyI"", ""rule"": ""1.3.9"", ""result"": [""BAv"", ""i"", ""a"", ""ti""]}, {""rule_source"": ""azwADyAyI"", ""rule"": ""3.4.113"", ""result"": [""BAv"", ""i"", ""a"", ""ti""]}, {""rule_source"": ""azwADyAyI"", ""rule"": ""3.4.86"", ""result"": [""BAv"", ""i"", ""a"", ""tu""]}, {""rule_source"": ""azwADyAyI"", ""rule"": ""7.1.35"", ""result"": [""BAv"", ""i"", ""a"", ""tAta~N""]}, {""rule_source"": ""azwADyAyI"", ""rule"": ""1.3.2"", ""result"": [""BAv"", ""i"", ""a"", ""tAta~N""]}, {""rule_source"": ""azwADyAyI"", ""rule"": ""1.3.3"", ""result"": [""BAv"", ""i"", ""a"", ""tAta~N""]}, {""rule_source"": ""azwADyAyI"", ""rule"": ""1.3.9"", ""result"": [""BAv"", ""i"", ""a"", ""tAt""]}, {""rule_source"": ""azwADyAyI"", ""rule"": ""1.4.13"", ""result"": [""BAv"", ""i"", ""a"", ""tAt""]}, {""rule_source"": ""azwADyAyI"", ""rule"": ""7.3.84"", ""result"": [""BAv"", ""e"", ""a"", ""tAt""]}, {""rule_source"": ""azwADyAyI"", ""rule"": ""1.4.14"", ""result"": [""BAv"", ""e"", ""a"", ""tAt""]}, {""rule_source"": ""azwADyAyI"", ""rule"": ""6.1.78"", ""result"": [""BAv"", ""ay"", ""a"", ""tAt""]}, {""rule_source"": ""azwADyAyI"", ""rule"": ""8.2.39"", ""result"": [""BAv"", ""ay"", ""a"", ""tAd""]}, {""rule_source"": ""azwADyAyI"", ""rule"": ""8.4.56"", ""result"": [""BAv"", ""ay"", ""a"", ""tAt""]}, {""rule_source"": ""azwADyAyI"", ""rule"": ""8.4.68"", ""result"": [""BAv"", ""ay"", ""a"", ""tAt""]}]}, {""form_slp1"": ""BAvayatAd"", ""steps"": [{""rule_source"": ""azwADyAyI"", ""rule"": ""1.3.1"", ""result"": [""BU""]}, {""rule_source"": ""azwADyAyI"", ""rule"": ""3.1.26"", ""result"": [""BU"", ""Ric""]}, {""rule_source"": ""azwADyAyI"", ""rule"": ""3.1.32"", ""result"": [""BU"", ""Ric""]}, {""rule_source"": ""azwADyAyI"", ""rule"": ""1.3.3"", ""result"": [""BU"", ""Ric""]}, {""rule_source"": ""azwADyAyI"", ""rule"": ""1.3.7"", ""result"": [""BU"", ""Ric""]}, {""rule_source"": ""azwADyAyI"", ""rule"": ""1.3.9"", ""result"": [""BU"", ""i""]}, {""rule_source"": ""azwADyAyI"", ""rule"": ""3.4.114"", ""result"": [""BU"", ""i""]}, {""rule_source"": ""azwADyAyI"", ""rule"": ""1.3.78"", ""result"": [""BU"", ""i""]}, {""rule_source"": ""azwADyAyI"", ""rule"": ""1.4.13"", ""result"": [""BU"", ""i""]}, {""rule_source"": ""azwADyAyI"", ""rule"": ""7.2.115"", ""result"": [""BO"", ""i""]}, {""rule_source"": ""azwADyAyI"", ""rule"": ""6.1.78"", ""result"": [""BAv"", ""i""]}, {""rule_source"": ""azwADyAyI"", ""rule"": ""3.3.162"", ""result"": [""BAv"", ""i"", ""lo~w""]}, {""rule_source"": ""azwADyAyI"", ""rule"": ""1.3.2"", ""result"": [""BAv"", ""i"", ""lo~w""]}, {""rule_source"": ""azwADyAyI"", ""rule"": ""1.3.3"", ""result"": [""BAv"", ""i"", ""lo~w""]}, {""rule_source"": ""azwADyAyI"", ""rule"": ""1.3.9"", ""result"": [""BAv"", ""i"", ""l""]}, {""rule_source"": ""azwADyAyI"", ""rule"": ""3.4.78"", ""result"": [""BAv"", ""i"", ""tip""]}, {""rule_source"": ""azwADyAyI"", ""rule"": ""1.3.3"", ""result"": [""BAv"", ""i"", ""tip""]}, {""rule_source"": ""azwADyAyI"", ""rule"": ""1.3.9"", ""result"": [""BAv"", ""i"", ""ti""]}, {""rule_source"": ""azwADyAyI"", ""rule"": ""3.4.113"", ""result"": [""BAv"", ""i"", ""ti""]}, {""rule_source"": ""azwADyAyI"", ""rule"": ""3.1.68"", ""result"": [""BAv"", ""i"", ""Sap"", ""ti""]}, {""rule_source"": ""azwADyAyI"", ""rule"": ""1.3.3"", ""result"": [""BAv"", ""i"", ""Sap"", ""ti""]}, {""rule_source"": ""azwADyAyI"", ""rule"": ""1.3.8"", ""result"": [""BAv"", ""i"", ""Sap"", ""ti""]}, {""rule_source"": ""azwADyAyI"", ""rule"": ""1.3.9"", ""result"": [""BAv"", ""i"", ""a"", ""ti""]}, {""rule_source"": ""azwADyAyI"", ""rule"": ""3.4.113"", ""result"": [""BAv"", ""i"", ""a"", ""ti""]}, {""rule_source"": ""azwADyAyI"", ""rule"": ""3.4.86"", ""result"": [""BAv"", ""i"", ""a"", ""tu""]}, {""rule_source"": ""azwADyAyI"", ""rule"": ""7.1.35"", ""result"": [""BAv"", ""i"", ""a"", ""tAta~N""]}, {""rule_source"": ""azwADyAyI"", ""rule"": ""1.3.2"", ""result"": [""BAv"", ""i"", ""a"", ""tAta~N""]}, {""rule_source"": ""azwADyAyI"", ""rule"": ""1.3.3"", ""result"": [""BAv"", ""i"", ""a"", ""tAta~N""]}, {""rule_source"": ""azwADyAyI"", ""rule"": ""1.3.9"", ""result"": [""BAv"", ""i"", ""a"", ""tAt""]}, {""rule_source"": ""azwADyAyI"", ""rule"": ""1.4.13"", ""result"": [""BAv"", ""i"", ""a"", ""tAt""]}, {""rule_source"": ""azwADyAyI"", ""rule"": ""7.3.84"", ""result"": [""BAv"", ""e"", ""a"", ""tAt""]}, {""rule_source"": ""azwADyAyI"", ""rule"": ""1.4.14"", ""result"": [""BAv"", ""e"", ""a"", ""tAt""]}, {""rule_source"": ""azwADyAyI"", ""rule"": ""6.1.78"", ""result"": [""BAv"", ""ay"", ""a"", ""tAt""]}, {""rule_source"": ""azwADyAyI"", ""rule"": ""8.2.39"", ""result"": [""BAv"", ""ay"", ""a"", ""tAd""]}, {""rule_source"": ""azwADyAyI"", ""rule"": ""8.4.68"", ""result"": [""BAv"", ""ay"", ""a"", ""tAd""]}]}, {""form_slp1"": ""BAvayatu"", ""steps"": [{""rule_source"": ""azwADyAyI"", ""rule"": ""1.3.1"", ""result"": [""BU""]}, {""rule_source"": ""azwADyAyI"", ""rule"": ""3.1.26"", ""result"": [""BU"", ""Ric""]}, {""rule_source"": ""azwADyAyI"", ""rule"": ""3.1.32"", ""result"": [""BU"", ""Ric""]}, {""rule_source"": ""azwADyAyI"", ""rule"": ""1.3.3"", ""result"": [""BU"", ""Ric""]}, {""rule_source"": ""azwADyAyI"", ""rule"": ""1.3.7"", ""result"": [""BU"", ""Ric""]}, {""rule_source"": ""azwADyAyI"", ""rule"": ""1.3.9"", ""result"": [""BU"", ""i""]}, {""rule_source"": ""azwADyAyI"", ""rule"": ""3.4.114"", ""result"": [""BU"", ""i""]}, {""rule_source"": ""azwADyAyI"", ""rule"": ""1.3.78"", ""result"": [""BU"", ""i""]}, {""rule_source"": ""azwADyAyI"", ""rule"": ""1.4.13"", ""result"": [""BU"", ""i""]}, {""rule_source"": ""azwADyAyI"", ""rule"": ""7.2.115"", ""result"": [""BO"", ""i""]}, {""rule_source"": ""azwADyAyI"", ""rule"": ""6.1.78"", ""result"": [""BAv"", ""i""]}, {""rule_source"": ""azwADyAyI"", ""rule"": ""3.3.162"", ""result"": [""BAv"", ""i"", ""lo~w""]}, {""rule_source"": ""azwADyAyI"", ""rule"": ""1.3.2"", ""result"": [""BAv"", ""i"", ""lo~w""]}, {""rule_source"": ""azwADyAyI"", ""rule"": ""1.3.3"", ""result"": [""BAv"", ""i"", ""lo~w""]}, {""rule_source"": ""azwADyAyI"", ""rule"": ""1.3.9"", ""result"": [""BAv"", ""i"", ""l""]}, {""rule_source"": ""azwADyAyI"", ""rule"": ""3.4.78"", ""result"": [""BAv"", ""i"", ""tip""]}, {""rule_source"": ""azwADyAyI"", ""rule"": ""1.3.3"", ""result"": [""BAv"", ""i"", ""tip""]}, {""rule_source"": ""azwADyAyI"", ""rule"": ""1.3.9"", ""result"": [""BAv"", ""i"", ""ti""]}, {""rule_source"": ""azwADyAyI"", ""rule"": ""3.4.113"", ""result"": [""BAv"", ""i"", ""ti""]}, {""rule_source"": ""azwADyAyI"", ""rule"": ""3.1.68"", ""result"": [""BAv"", ""i"", ""Sap"", ""ti""]}, {""rule_source"": ""azwADyAyI"", ""rule"": ""1.3.3"", ""result"": [""BAv"", ""i"", ""Sap"", ""ti""]}, {""rule_source"": ""azwADyAyI"", ""rule"": ""1.3.8"", ""result"": [""BAv"", ""i"", ""Sap"", ""ti""]}, {""rule_source"": ""azwADyAyI"", ""rule"": ""1.3.9"", ""result"": [""BAv"", ""i"", ""a"", ""ti""]}, {""rule_source"": ""azwADyAyI"", ""rule"": ""3.4.113"", ""result"": [""BAv"", ""i"", ""a"", ""ti""]}, {""rule_source"": ""azwADyAyI"", ""rule"": ""3.4.86"", ""result"": [""BAv"", ""i"", ""a"", ""tu""]}, {""rule_source"": ""azwADyAyI"", ""rule"": ""1.4.13"", ""result"": [""BAv"", ""i"", ""a"", ""tu""]}, {""rule_source"": ""azwADyAyI"", ""rule"": ""7.3.84"", ""result"": [""BAv"", ""e"", ""a"", ""tu""]}, {""rule_source"": ""azwADyAyI"", ""rule"": ""1.4.14"", ""result"": [""BAv"", ""e"", ""a"", ""tu""]}, {""rule_source"": ""azwADyAyI"", ""rule"": ""6.1.78"", ""result"": [""BAv"", ""ay"", ""a"", ""tu""]}, {""rule_source"": ""azwADyAyI"", ""rule"": ""8.4.68"", ""result"": [""BAv"", ""ay"", ""a"", ""tu""]}]}], ""atmanepada"": [{""form_slp1"": ""BAvayatAm"", ""steps"": [{""rule_source"": ""azwADyAyI"", ""rule"": ""1.3.1"", ""result"": [""BU""]}, {""rule_source"": ""azwADyAyI"", ""rule"": ""3.1.26"", ""result"": [""BU"", ""Ric""]}, {""rule_source"": ""azwADyAyI"", ""rule"": ""3.1.32"", ""result"": [""BU"", ""Ric""]}, {""rule_source"": ""azwADyAyI"", ""rule"": ""1.3.3"", ""result"": [""BU"", ""Ric""]}, {""rule_source"": ""azwADyAyI"", ""rule"": ""1.3.7"", ""result"": [""BU"", ""Ric""]}, {""rule_source"": ""azwADyAyI"", ""rule"": ""1.3.9"", ""result"": [""BU"", ""i""]}, {""rule_source"": ""azwADyAyI"", ""rule"": ""3.4.114"", ""result"": [""BU"", ""i""]}, {""rule_source"": ""azwADyAyI"", ""rule"": ""1.3.74"", ""result"": [""BU"", ""i""]}, {""rule_source"": ""azwADyAyI"", ""rule"": ""1.4.13"", ""result"": [""BU"", ""i""]}, {""rule_source"": ""azwADyAyI"", ""rule"": ""7.2.115"", ""result"": [""BO"", ""i""]}, {""rule_source"": ""azwADyAyI"", ""rule"": ""6.1.78"", ""result"": [""BAv"", ""i""]}, {""rule_source"": ""azwADyAyI"", ""rule"": ""3.3.162"", ""result"": [""BAv"", ""i"", ""lo~w""]}, {""rule_source"": ""azwADyAyI"", ""rule"": ""1.3.2"", ""result"": [""BAv"", ""i"", ""lo~w""]}, {""rule_source"": ""azwADyAyI"", ""rule"": ""1.3.3"", ""result"": [""BAv"", ""i"", ""lo~w""]}, {""rule_source"": ""azwADyAyI"", ""rule"": ""1.3.9"", ""result"": [""BAv"", ""i"", ""l""]}, {""rule_source"": ""azwADyAyI"", ""rule"": ""3.4.78"", ""result"": [""BAv"", ""i"", ""ta""]}, {""rule_source"": ""azwADyAyI"", ""rule"": ""3.4.113"", ""result"": [""BAv"", ""i"", ""ta""]}, {""rule_source"": ""azwADyAyI"", ""rule"": ""3.1.68"", ""result"": [""BAv"", ""i"", ""Sap"", ""ta""]}, {""rule_source"": ""azwADyAyI"", ""rule"": ""1.3.3"", ""result"": [""BAv"", ""i"", ""Sap"", ""ta""]}, {""rule_source"": ""azwADyAyI"", ""rule"": ""1.3.8"", ""result"": [""BAv"", ""i"", ""Sap"", ""ta""]}, {""rule_source"": ""azwADyAyI"", ""rule"": ""1.3.9"", ""result"": [""BAv"", ""i"", ""a"", ""ta""]}, {""rule_source"": ""azwADyAyI"", ""rule"": ""3.4.113"", ""result"": [""BAv"", ""i"", ""a"", ""ta""]}, {""rule_source"": ""azwADyAyI"", ""rule"": ""3.4.79"", ""result"": [""BAv"", ""i"", ""a"", ""te""]}, {""rule_source"": ""azwADyAyI"", ""rule"": ""3.4.90"", ""result"": [""BAv"", ""i"", ""a"", ""tAm""]}, {""rule_source"": ""azwADyAyI"", ""rule"": ""1.2.4"", ""result"": [""BAv"", ""i"", ""a"", ""tAm""]}, {""rule_source"": ""azwADyAyI"", ""rule"": ""1.4.13"", ""result"": [""BAv"", ""i"", ""a"", ""tAm""]}, {""rule_source"": ""azwADyAyI"", ""rule"": ""7.3.84"", ""result"": [""BAv"", ""e"", ""a"", ""tAm""]}, {""rule_source"": ""azwADyAyI"", ""rule"": ""1.4.14"", ""result"": [""BAv"", ""e"", ""a"", ""tAm""]}, {""rule_source"": ""azwADyAyI"", ""rule"": ""6.1.78"", ""result"": [""BAv"", ""ay"", ""a"", ""tAm""]}, {""rule_source"": ""azwADyAyI"", ""rule"": ""8.4.68"", ""result"": [""BAv"", ""ay"", ""a"", ""tAm""]}]}]}"
one_sanadi:f1314ebb8d6ad926716e,one_sanadi,lan,लङ् (laṅ),imperfect past,Prathama,Eka,aBAvayad;aBAvayat,aBAvayata,aBAvayad;aBAvayat;aBAvayata,3,locally_regenerated,"{""parasmaipada"": [{""form_slp1"": ""aBAvayat"", ""steps"": [{""rule_source"": ""azwADyAyI"", ""rule"": ""1.3.1"", ""result"": [""BU""]}, {""rule_source"": ""azwADyAyI"", ""rule"": ""3.1.26"", ""result"": [""BU"", ""Ric""]}, {""rule_source"": ""azwADyAyI"", ""rule"": ""3.1.32"", ""result"": [""BU"", ""Ric""]}, {""rule_source"": ""azwADyAyI"", ""rule"": ""1.3.3"", ""result"": [""BU"", ""Ric""]}, {""rule_source"": ""azwADyAyI"", ""rule"": ""1.3.7"", ""result"": [""BU"", ""Ric""]}, {""rule_source"": ""azwADyAyI"", ""rule"": ""1.3.9"", ""result"": [""BU"", ""i""]}, {""rule_source"": ""azwADyAyI"", ""rule"": ""3.4.114"", ""result"": [""BU"", ""i""]}, {""rule_source"": ""azwADyAyI"", ""rule"": ""1.3.78"", ""result"": [""BU"", ""i""]}, {""rule_source"": ""azwADyAyI"", ""rule"": ""1.4.13"", ""result"": [""BU"", ""i""]}, {""rule_source"": ""azwADyAyI"", ""rule"": ""7.2.115"", ""result"": [""BO"", ""i""]}, {""rule_source"": ""azwADyAyI"", ""rule"": ""6.1.78"", ""result"": [""BAv"", ""i""]}, {""rule_source"": ""azwADyAyI"", ""rule"": ""3.2.111"", ""result"": [""BAv"", ""i"", ""laN""]}, {""rule_source"": ""azwADyAyI"", ""rule"": ""1.3.3"", ""result"": [""BAv"", ""i"", ""laN""]}, {""rule_source"": ""azwADyAyI"", ""rule"": ""1.3.9"", ""result"": [""BAv"", ""i"", ""la""]}, {""rule_source"": ""azwADyAyI"", ""rule"": ""3.4.78"", ""result"": [""BAv"", ""i"", ""tip""]}, {""rule_source"": ""azwADyAyI"", ""rule"": ""1.3.3"", ""result"": [""BAv"", ""i"", ""tip""]}, {""rule_source"": ""azwADyAyI"", ""rule"": ""1.3.9"", ""result"": [""BAv"", ""i"", ""ti""]}, {""rule_source"": ""azwADyAyI"", ""rule"": ""3.4.113"", ""result"": [""BAv"", ""i"", ""ti""]}, {""rule_source"": ""azwADyAyI"", ""rule"": ""3.1.68"", ""result"": [""BAv"", ""i"", ""Sap"", ""ti""]}, {""rule_source"": ""azwADyAyI"", ""rule"": ""1.3.3"", ""result"": [""BAv"", ""i"", ""Sap"", ""ti""]}, {""rule_source"": ""azwADyAyI"", ""rule"": ""1.3.8"", ""result"": [""BAv"", ""i"", ""Sap"", ""ti""]}, {""rule_source"": ""azwADyAyI"", ""rule"": ""1.3.9"", ""result"": [""BAv"", ""i"", ""a"", ""ti""]}, {""rule_source"": ""azwADyAyI"", ""rule"": ""3.4.113"", ""result"": [""BAv"", ""i"", ""a"", ""ti""]}, {""rule_source"": ""azwADyAyI"", ""rule"": ""3.4.100"", ""result"": [""BAv"", ""i"", ""a"", ""t""]}, {""rule_source"": ""azwADyAyI"", ""rule"": ""1.4.13"", ""result"": [""BAv"", ""i"", ""a"", ""t""]}, {""rule_source"": ""azwADyAyI"", ""rule"": ""6.4.71"", ""result"": [""aw"", ""BAv"", ""i"", ""a"", ""t""]}, {""rule_source"": ""azwADyAyI"", ""rule"": ""1.3.3"", ""result"": [""aw"", ""BAv"", ""i"", ""a"", ""t""]}, {""rule_source"": ""azwADyAyI"", ""rule"": ""1.3.9"", ""result"": [""a"", ""BAv"", ""i"", ""a"", ""t""]}, {""rule_source"": ""azwADyAyI"", ""rule"": ""7.3.84"", ""result"": [""a"", ""BAv"", ""e"", ""a"", ""t""]}, {""rule_source"": ""azwADyAyI"", ""rule"": ""1.4.14"", ""result"": [""a"", ""BAv"", ""e"", ""a"", ""t""]}, {""rule_source"": ""azwADyAyI"", ""rule"": ""6.1.78"", ""result"": [""a"", ""BAv"", ""ay"", ""a"", ""t""]}, {""rule_source"": ""azwADyAyI"", ""rule"": ""8.2.39"", ""result"": [""a"", ""BAv"", ""ay"", ""a"", ""d""]}, {""rule_source"": ""azwADyAyI"", ""rule"": ""8.4.56"", ""result"": [""a"", ""BAv"", ""ay"", ""a"", ""t""]}, {""rule_source"": ""azwADyAyI"", ""rule"": ""8.4.68"", ""result"": [""a"", ""BAv"", ""ay"", ""a"", ""t""]}]}, {""form_slp1"": ""aBAvayad"", ""steps"": [{""rule_source"": ""azwADyAyI"", ""rule"": ""1.3.1"", ""result"": [""BU""]}, {""rule_source"": ""azwADyAyI"", ""rule"": ""3.1.26"", ""result"": [""BU"", ""Ric""]}, {""rule_source"": ""azwADyAyI"", ""rule"": ""3.1.32"", ""result"": [""BU"", ""Ric""]}, {""rule_source"": ""azwADyAyI"", ""rule"": ""1.3.3"", ""result"": [""BU"", ""Ric""]}, {""rule_source"": ""azwADyAyI"", ""rule"": ""1.3.7"", ""result"": [""BU"", ""Ric""]}, {""rule_source"": ""azwADyAyI"", ""rule"": ""1.3.9"", ""result"": [""BU"", ""i""]}, {""rule_source"": ""azwADyAyI"", ""rule"": ""3.4.114"", ""result"": [""BU"", ""i""]}, {""rule_source"": ""azwADyAyI"", ""rule"": ""1.3.78"", ""result"": [""BU"", ""i""]}, {""rule_source"": ""azwADyAyI"", ""rule"": ""1.4.13"", ""result"": [""BU"", ""i""]}, {""rule_source"": ""azwADyAyI"", ""rule"": ""7.2.115"", ""result"": [""BO"", ""i""]}, {""rule_source"": ""azwADyAyI"", ""rule"": ""6.1.78"", ""result"": [""BAv"", ""i""]}, {""rule_source"": ""azwADyAyI"", ""rule"": ""3.2.111"", ""result"": [""BAv"", ""i"", ""laN""]}, {""rule_source"": ""azwADyAyI"", ""rule"": ""1.3.3"", ""result"": [""BAv"", ""i"", ""laN""]}, {""rule_source"": ""azwADyAyI"", ""rule"": ""1.3.9"", ""result"": [""BAv"", ""i"", ""la""]}, {""rule_source"": ""azwADyAyI"", ""rule"": ""3.4.78"", ""result"": [""BAv"", ""i"", ""tip""]}, {""rule_source"": ""azwADyAyI"", ""rule"": ""1.3.3"", ""result"": [""BAv"", ""i"", ""tip""]}, {""rule_source"": ""azwADyAyI"", ""rule"": ""1.3.9"", ""result"": [""BAv"", ""i"", ""ti""]}, {""rule_source"": ""azwADyAyI"", ""rule"": ""3.4.113"", ""result"": [""BAv"", ""i"", ""ti""]}, {""rule_source"": ""azwADyAyI"", ""rule"": ""3.1.68"", ""result"": [""BAv"", ""i"", ""Sap"", ""ti""]}, {""rule_source"": ""azwADyAyI"", ""rule"": ""1.3.3"", ""result"": [""BAv"", ""i"", ""Sap"", ""ti""]}, {""rule_source"": ""azwADyAyI"", ""rule"": ""1.3.8"", ""result"": [""BAv"", ""i"", ""Sap"", ""ti""]}, {""rule_source"": ""azwADyAyI"", ""rule"": ""1.3.9"", ""result"": [""BAv"", ""i"", ""a"", ""ti""]}, {""rule_source"": ""azwADyAyI"", ""rule"": ""3.4.113"", ""result"": [""BAv"", ""i"", ""a"", ""ti""]}, {""rule_source"": ""azwADyAyI"", ""rule"": ""3.4.100"", ""result"": [""BAv"", ""i"", ""a"", ""t""]}, {""rule_source"": ""azwADyAyI"", ""rule"": ""1.4.13"", ""result"": [""BAv"", ""i"", ""a"", ""t""]}, {""rule_source"": ""azwADyAyI"", ""rule"": ""6.4.71"", ""result"": [""aw"", ""BAv"", ""i"", ""a"", ""t""]}, {""rule_source"": ""azwADyAyI"", ""rule"": ""1.3.3"", ""result"": [""aw"", ""BAv"", ""i"", ""a"", ""t""]}, {""rule_source"": ""azwADyAyI"", ""rule"": ""1.3.9"", ""result"": [""a"", ""BAv"", ""i"", ""a"", ""t""]}, {""rule_source"": ""azwADyAyI"", ""rule"": ""7.3.84"", ""result"": [""a"", ""BAv"", ""e"", ""a"", ""t""]}, {""rule_source"": ""azwADyAyI"", ""rule"": ""1.4.14"", ""result"": [""a"", ""BAv"", ""e"", ""a"", ""t""]}, {""rule_source"": ""azwADyAyI"", ""rule"": ""6.1.78"", ""result"": [""a"", ""BAv"", ""ay"", ""a"", ""t""]}, {""rule_source"": ""azwADyAyI"", ""rule"": ""8.2.39"", ""result"": [""a"", ""BAv"", ""ay"", ""a"", ""d""]}, {""rule_source"": ""azwADyAyI"", ""rule"": ""8.4.68"", ""result"": [""a"", ""BAv"", ""ay"", ""a"", ""d""]}]}], ""atmanepada"": [{""form_slp1"": ""aBAvayata"", ""steps"": [{""rule_source"": ""azwADyAyI"", ""rule"": ""1.3.1"", ""result"": [""BU""]}, {""rule_source"": ""azwADyAyI"", ""rule"": ""3.1.26"", ""result"": [""BU"", ""Ric""]}, {""rule_source"": ""azwADyAyI"", ""rule"": ""3.1.32"", ""result"": [""BU"", ""Ric""]}, {""rule_source"": ""azwADyAyI"", ""rule"": ""1.3.3"", ""result"": [""BU"", ""Ric""]}, {""rule_source"": ""azwADyAyI"", ""rule"": ""1.3.7"", ""result"": [""BU"", ""Ric""]}, {""rule_source"": ""azwADyAyI"", ""rule"": ""1.3.9"", ""result"": [""BU"", ""i""]}, {""rule_source"": ""azwADyAyI"", ""rule"": ""3.4.114"", ""result"": [""BU"", ""i""]}, {""rule_source"": ""azwADyAyI"", ""rule"": ""1.3.74"", ""result"": [""BU"", ""i""]}, {""rule_source"": ""azwADyAyI"", ""rule"": ""1.4.13"", ""result"": [""BU"", ""i""]}, {""rule_source"": ""azwADyAyI"", ""rule"": ""7.2.115"", ""result"": [""BO"", ""i""]}, {""rule_source"": ""azwADyAyI"", ""rule"": ""6.1.78"", ""result"": [""BAv"", ""i""]}, {""rule_source"": ""azwADyAyI"", ""rule"": ""3.2.111"", ""result"": [""BAv"", ""i"", ""laN""]}, {""rule_source"": ""azwADyAyI"", ""rule"": ""1.3.3"", ""result"": [""BAv"", ""i"", ""laN""]}, {""rule_source"": ""azwADyAyI"", ""rule"": ""1.3.9"", ""result"": [""BAv"", ""i"", ""la""]}, {""rule_source"": ""azwADyAyI"", ""rule"": ""3.4.78"", ""result"": [""BAv"", ""i"", ""ta""]}, {""rule_source"": ""azwADyAyI"", ""rule"": ""3.4.113"", ""result"": [""BAv"", ""i"", ""ta""]}, {""rule_source"": ""azwADyAyI"", ""rule"": ""3.1.68"", ""result"": [""BAv"", ""i"", ""Sap"", ""ta""]}, {""rule_source"": ""azwADyAyI"", ""rule"": ""1.3.3"", ""result"": [""BAv"", ""i"", ""Sap"", ""ta""]}, {""rule_source"": ""azwADyAyI"", ""rule"": ""1.3.8"", ""result"": [""BAv"", ""i"", ""Sap"", ""ta""]}, {""rule_source"": ""azwADyAyI"", ""rule"": ""1.3.9"", ""result"": [""BAv"", ""i"", ""a"", ""ta""]}, {""rule_source"": ""azwADyAyI"", ""rule"": ""3.4.113"", ""result"": [""BAv"", ""i"", ""a"", ""ta""]}, {""rule_source"": ""azwADyAyI"", ""rule"": ""1.2.4"", ""result"": [""BAv"", ""i"", ""a"", ""ta""]}, {""rule_source"": ""azwADyAyI"", ""rule"": ""1.4.13"", ""result"": [""BAv"", ""i"", ""a"", ""ta""]}, {""rule_source"": ""azwADyAyI"", ""rule"": ""6.4.71"", ""result"": [""aw"", ""BAv"", ""i"", ""a"", ""ta""]}, {""rule_source"": ""azwADyAyI"", ""rule"": ""1.3.3"", ""result"": [""aw"", ""BAv"", ""i"", ""a"", ""ta""]}, {""rule_source"": ""azwADyAyI"", ""rule"": ""1.3.9"", ""result"": [""a"", ""BAv"", ""i"", ""a"", ""ta""]}, {""rule_source"": ""azwADyAyI"", ""rule"": ""7.3.84"", ""result"": [""a"", ""BAv"", ""e"", ""a"", ""ta""]}, {""rule_source"": ""azwADyAyI"", ""rule"": ""1.4.14"", ""result"": [""a"", ""BAv"", ""e"", ""a"", ""ta""]}, {""rule_source"": ""azwADyAyI"", ""rule"": ""6.1.78"", ""result"": [""a"", ""BAv"", ""ay"", ""a"", ""ta""]}, {""rule_source"": ""azwADyAyI"", ""rule"": ""8.4.68"", ""result"": [""a"", ""BAv"", ""ay"", ""a"", ""ta""]}]}]}"
one_sanadi:f1314ebb8d6ad926716e,one_sanadi,vidhilin,विधिलिङ् (vidhiliṅ),"possibility, prescription, or intention",Prathama,Eka,BAvayed;BAvayet,BAvayeta,BAvayed;BAvayet;BAvayeta,3,locally_regenerated,"{""parasmaipada"": [{""form_slp1"": ""BAvayet"", ""steps"": [{""rule_source"": ""azwADyAyI"", ""rule"": ""1.3.1"", ""result"": [""BU""]}, {""rule_source"": ""azwADyAyI"", ""rule"": ""3.1.26"", ""result"": [""BU"", ""Ric""]}, {""rule_source"": ""azwADyAyI"", ""rule"": ""3.1.32"", ""result"": [""BU"", ""Ric""]}, {""rule_source"": ""azwADyAyI"", ""rule"": ""1.3.3"", ""result"": [""BU"", ""Ric""]}, {""rule_source"": ""azwADyAyI"", ""rule"": ""1.3.7"", ""result"": [""BU"", ""Ric""]}, {""rule_source"": ""azwADyAyI"", ""rule"": ""1.3.9"", ""result"": [""BU"", ""i""]}, {""rule_source"": ""azwADyAyI"", ""rule"": ""3.4.114"", ""result"": [""BU"", ""i""]}, {""rule_source"": ""azwADyAyI"", ""rule"": ""1.3.78"", ""result"": [""BU"", ""i""]}, {""rule_source"": ""azwADyAyI"", ""rule"": ""1.4.13"", ""result"": [""BU"", ""i""]}, {""rule_source"": ""azwADyAyI"", ""rule"": ""7.2.115"", ""result"": [""BO"", ""i""]}, {""rule_source"": ""azwADyAyI"", ""rule"": ""6.1.78"", ""result"": [""BAv"", ""i""]}, {""rule_source"": ""azwADyAyI"", ""rule"": ""3.3.161"", ""result"": [""BAv"", ""i"", ""li~N""]}, {""rule_source"": ""azwADyAyI"", ""rule"": ""1.3.2"", ""result"": [""BAv"", ""i"", ""li~N""]}, {""rule_source"": ""azwADyAyI"", ""rule"": ""1.3.3"", ""result"": [""BAv"", ""i"", ""li~N""]}, {""rule_source"": ""azwADyAyI"", ""rule"": ""1.3.9"", ""result"": [""BAv"", ""i"", ""l""]}, {""rule_source"": ""azwADyAyI"", ""rule"": ""3.4.78"", ""result"": [""BAv"", ""i"", ""tip""]}, {""rule_source"": ""azwADyAyI"", ""rule"": ""1.3.3"", ""result"": [""BAv"", ""i"", ""tip""]}, {""rule_source"": ""azwADyAyI"", ""rule"": ""1.3.9"", ""result"": [""BAv"", ""i"", ""ti""]}, {""rule_source"": ""azwADyAyI"", ""rule"": ""3.4.113"", ""result"": [""BAv"", ""i"", ""ti""]}, {""rule_source"": ""azwADyAyI"", ""rule"": ""3.1.68"", ""result"": [""BAv"", ""i"", ""Sap"", ""ti""]}, {""rule_source"": ""azwADyAyI"", ""rule"": ""1.3.3"", ""result"": [""BAv"", ""i"", ""Sap"", ""ti""]}, {""rule_source"": ""azwADyAyI"", ""rule"": ""1.3.8"", ""result"": [""BAv"", ""i"", ""Sap"", ""ti""]}, {""rule_source"": ""azwADyAyI"", ""rule"": ""1.3.9"", ""result"": [""BAv"", ""i"", ""a"", ""ti""]}, {""rule_source"": ""azwADyAyI"", ""rule"": ""3.4.113"", ""result"": [""BAv"", ""i"", ""a"", ""ti""]}, {""rule_source"": ""azwADyAyI"", ""rule"": ""3.4.100"", ""result"": [""BAv"", ""i"", ""a"", ""t""]}, {""rule_source"": ""azwADyAyI"", ""rule"": ""3.4.103"", ""result"": [""BAv"", ""i"", ""a"", ""yAsu~w"", ""t""]}, {""rule_source"": ""azwADyAyI"", ""rule"": ""1.3.2"", ""result"": [""BAv"", ""i"", ""a"", ""yAsu~w"", ""t""]}, {""rule_source"": ""azwADyAyI"", ""rule"": ""1.3.3"", ""result"": [""BAv"", ""i"", ""a"", ""yAsu~w"", ""t""]}, {""rule_source"": ""azwADyAyI"", ""rule"": ""1.3.9"", ""result"": [""BAv"", ""i"", ""a"", ""yAs"", ""t""]}, {""rule_source"": ""azwADyAyI"", ""rule"": ""3.4.107"", ""result"": [""BAv"", ""i"", ""a"", ""yAs"", ""st""]}, {""rule_source"": ""azwADyAyI"", ""rule"": ""1.4.13"", ""result"": [""BAv"", ""i"", ""a"", ""yAs"", ""st""]}, {""rule_source"": ""azwADyAyI"", ""rule"": ""7.2.79"", ""result"": [""BAv"", ""i"", ""a"", ""yA"", ""t""]}, {""rule_source"": ""azwADyAyI"", ""rule"": ""7.2.80"", ""result"": [""BAv"", ""i"", ""a"", ""iy"", ""t""]}, {""rule_source"": ""azwADyAyI"", ""rule"": ""6.1.66"", ""result"": [""BAv"", ""i"", ""a"", ""i"", ""t""]}, {""rule_source"": ""azwADyAyI"", ""rule"": ""7.3.84"", ""result"": [""BAv"", ""e"", ""a"", ""i"", ""t""]}, {""rule_source"": ""azwADyAyI"", ""rule"": ""1.4.14"", ""result"": [""BAv"", ""e"", ""a"", ""i"", ""t""]}, {""rule_source"": ""azwADyAyI"", ""rule"": ""6.1.78"", ""result"": [""BAv"", ""ay"", ""a"", ""i"", ""t""]}, {""rule_source"": ""azwADyAyI"", ""rule"": ""6.1.87"", ""result"": [""BAv"", ""ay"", """", ""e"", ""t""]}, {""rule_source"": ""azwADyAyI"", ""rule"": ""8.2.39"", ""result"": [""BAv"", ""ay"", """", ""e"", ""d""]}, {""rule_source"": ""azwADyAyI"", ""rule"": ""8.4.56"", ""result"": [""BAv"", ""ay"", """", ""e"", ""t""]}, {""rule_source"": ""azwADyAyI"", ""rule"": ""8.4.68"", ""result"": [""BAv"", ""ay"", """", ""e"", ""t""]}]}, {""form_slp1"": ""BAvayed"", ""steps"": [{""rule_source"": ""azwADyAyI"", ""rule"": ""1.3.1"", ""result"": [""BU""]}, {""rule_source"": ""azwADyAyI"", ""rule"": ""3.1.26"", ""result"": [""BU"", ""Ric""]}, {""rule_source"": ""azwADyAyI"", ""rule"": ""3.1.32"", ""result"": [""BU"", ""Ric""]}, {""rule_source"": ""azwADyAyI"", ""rule"": ""1.3.3"", ""result"": [""BU"", ""Ric""]}, {""rule_source"": ""azwADyAyI"", ""rule"": ""1.3.7"", ""result"": [""BU"", ""Ric""]}, {""rule_source"": ""azwADyAyI"", ""rule"": ""1.3.9"", ""result"": [""BU"", ""i""]}, {""rule_source"": ""azwADyAyI"", ""rule"": ""3.4.114"", ""result"": [""BU"", ""i""]}, {""rule_source"": ""azwADyAyI"", ""rule"": ""1.3.78"", ""result"": [""BU"", ""i""]}, {""rule_source"": ""azwADyAyI"", ""rule"": ""1.4.13"", ""result"": [""BU"", ""i""]}, {""rule_source"": ""azwADyAyI"", ""rule"": ""7.2.115"", ""result"": [""BO"", ""i""]}, {""rule_source"": ""azwADyAyI"", ""rule"": ""6.1.78"", ""result"": [""BAv"", ""i""]}, {""rule_source"": ""azwADyAyI"", ""rule"": ""3.3.161"", ""result"": [""BAv"", ""i"", ""li~N""]}, {""rule_source"": ""azwADyAyI"", ""rule"": ""1.3.2"", ""result"": [""BAv"", ""i"", ""li~N""]}, {""rule_source"": ""azwADyAyI"", ""rule"": ""1.3.3"", ""result"": [""BAv"", ""i"", ""li~N""]}, {""rule_source"": ""azwADyAyI"", ""rule"": ""1.3.9"", ""result"": [""BAv"", ""i"", ""l""]}, {""rule_source"": ""azwADyAyI"", ""rule"": ""3.4.78"", ""result"": [""BAv"", ""i"", ""tip""]}, {""rule_source"": ""azwADyAyI"", ""rule"": ""1.3.3"", ""result"": [""BAv"", ""i"", ""tip""]}, {""rule_source"": ""azwADyAyI"", ""rule"": ""1.3.9"", ""result"": [""BAv"", ""i"", ""ti""]}, {""rule_source"": ""azwADyAyI"", ""rule"": ""3.4.113"", ""result"": [""BAv"", ""i"", ""ti""]}, {""rule_source"": ""azwADyAyI"", ""rule"": ""3.1.68"", ""result"": [""BAv"", ""i"", ""Sap"", ""ti""]}, {""rule_source"": ""azwADyAyI"", ""rule"": ""1.3.3"", ""result"": [""BAv"", ""i"", ""Sap"", ""ti""]}, {""rule_source"": ""azwADyAyI"", ""rule"": ""1.3.8"", ""result"": [""BAv"", ""i"", ""Sap"", ""ti""]}, {""rule_source"": ""azwADyAyI"", ""rule"": ""1.3.9"", ""result"": [""BAv"", ""i"", ""a"", ""ti""]}, {""rule_source"": ""azwADyAyI"", ""rule"": ""3.4.113"", ""result"": [""BAv"", ""i"", ""a"", ""ti""]}, {""rule_source"": ""azwADyAyI"", ""rule"": ""3.4.100"", ""result"": [""BAv"", ""i"", ""a"", ""t""]}, {""rule_source"": ""azwADyAyI"", ""rule"": ""3.4.103"", ""result"": [""BAv"", ""i"", ""a"", ""yAsu~w"", ""t""]}, {""rule_source"": ""azwADyAyI"", ""rule"": ""1.3.2"", ""result"": [""BAv"", ""i"", ""a"", ""yAsu~w"", ""t""]}, {""rule_source"": ""azwADyAyI"", ""rule"": ""1.3.3"", ""result"": [""BAv"", ""i"", ""a"", ""yAsu~w"", ""t""]}, {""rule_source"": ""azwADyAyI"", ""rule"": ""1.3.9"", ""result"": [""BAv"", ""i"", ""a"", ""yAs"", ""t""]}, {""rule_source"": ""azwADyAyI"", ""rule"": ""3.4.107"", ""result"": [""BAv"", ""i"", ""a"", ""yAs"", ""st""]}, {""rule_source"": ""azwADyAyI"", ""rule"": ""1.4.13"", ""result"": [""BAv"", ""i"", ""a"", ""yAs"", ""st""]}, {""rule_source"": ""azwADyAyI"", ""rule"": ""7.2.79"", ""result"": [""BAv"", ""i"", ""a"", ""yA"", ""t""]}, {""rule_source"": ""azwADyAyI"", ""rule"": ""7.2.80"", ""result"": [""BAv"", ""i"", ""a"", ""iy"", ""t""]}, {""rule_source"": ""azwADyAyI"", ""rule"": ""6.1.66"", ""result"": [""BAv"", ""i"", ""a"", ""i"", ""t""]}, {""rule_source"": ""azwADyAyI"", ""rule"": ""7.3.84"", ""result"": [""BAv"", ""e"", ""a"", ""i"", ""t""]}, {""rule_source"": ""azwADyAyI"", ""rule"": ""1.4.14"", ""result"": [""BAv"", ""e"", ""a"", ""i"", ""t""]}, {""rule_source"": ""azwADyAyI"", ""rule"": ""6.1.78"", ""result"": [""BAv"", ""ay"", ""a"", ""i"", ""t""]}, {""rule_source"": ""azwADyAyI"", ""rule"": ""6.1.87"", ""result"": [""BAv"", ""ay"", """", ""e"", ""t""]}, {""rule_source"": ""azwADyAyI"", ""rule"": ""8.2.39"", ""result"": [""BAv"", ""ay"", """", ""e"", ""d""]}, {""rule_source"": ""azwADyAyI"", ""rule"": ""8.4.68"", ""result"": [""BAv"", ""ay"", """", ""e"", ""d""]}]}], ""atmanepada"": [{""form_slp1"": ""BAvayeta"", ""steps"": [{""rule_source"": ""azwADyAyI"", ""rule"": ""1.3.1"", ""result"": [""BU""]}, {""rule_source"": ""azwADyAyI"", ""rule"": ""3.1.26"", ""result"": [""BU"", ""Ric""]}, {""rule_source"": ""azwADyAyI"", ""rule"": ""3.1.32"", ""result"": [""BU"", ""Ric""]}, {""rule_source"": ""azwADyAyI"", ""rule"": ""1.3.3"", ""result"": [""BU"", ""Ric""]}, {""rule_source"": ""azwADyAyI"", ""rule"": ""1.3.7"", ""result"": [""BU"", ""Ric""]}, {""rule_source"": ""azwADyAyI"", ""rule"": ""1.3.9"", ""result"": [""BU"", ""i""]}, {""rule_source"": ""azwADyAyI"", ""rule"": ""3.4.114"", ""result"": [""BU"", ""i""]}, {""rule_source"": ""azwADyAyI"", ""rule"": ""1.3.74"", ""result"": [""BU"", ""i""]}, {""rule_source"": ""azwADyAyI"", ""rule"": ""1.4.13"", ""result"": [""BU"", ""i""]}, {""rule_source"": ""azwADyAyI"", ""rule"": ""7.2.115"", ""result"": [""BO"", ""i""]}, {""rule_source"": ""azwADyAyI"", ""rule"": ""6.1.78"", ""result"": [""BAv"", ""i""]}, {""rule_source"": ""azwADyAyI"", ""rule"": ""3.3.161"", ""result"": [""BAv"", ""i"", ""li~N""]}, {""rule_source"": ""azwADyAyI"", ""rule"": ""1.3.2"", ""result"": [""BAv"", ""i"", ""li~N""]}, {""rule_source"": ""azwADyAyI"", ""rule"": ""1.3.3"", ""result"": [""BAv"", ""i"", ""li~N""]}, {""rule_source"": ""azwADyAyI"", ""rule"": ""1.3.9"", ""result"": [""BAv"", ""i"", ""l""]}, {""rule_source"": ""azwADyAyI"", ""rule"": ""3.4.78"", ""result"": [""BAv"", ""i"", ""ta""]}, {""rule_source"": ""azwADyAyI"", ""rule"": ""3.4.113"", ""result"": [""BAv"", ""i"", ""ta""]}, {""rule_source"": ""azwADyAyI"", ""rule"": ""3.1.68"", ""result"": [""BAv"", ""i"", ""Sap"", ""ta""]}, {""rule_source"": ""azwADyAyI"", ""rule"": ""1.3.3"", ""result"": [""BAv"", ""i"", ""Sap"", ""ta""]}, {""rule_source"": ""azwADyAyI"", ""rule"": ""1.3.8"", ""result"": [""BAv"", ""i"", ""Sap"", ""ta""]}, {""rule_source"": ""azwADyAyI"", ""rule"": ""1.3.9"", ""result"": [""BAv"", ""i"", ""a"", ""ta""]}, {""rule_source"": ""azwADyAyI"", ""rule"": ""3.4.113"", ""result"": [""BAv"", ""i"", ""a"", ""ta""]}, {""rule_source"": ""azwADyAyI"", ""rule"": ""3.4.102"", ""result"": [""BAv"", ""i"", ""a"", ""sIyu~w"", ""ta""]}, {""rule_source"": ""azwADyAyI"", ""rule"": ""1.3.2"", ""result"": [""BAv"", ""i"", ""a"", ""sIyu~w"", ""ta""]}, {""rule_source"": ""azwADyAyI"", ""rule"": ""1.3.3"", ""result"": [""BAv"", ""i"", ""a"", ""sIyu~w"", ""ta""]}, {""rule_source"": ""azwADyAyI"", ""rule"": ""1.3.9"", ""result"": [""BAv"", ""i"", ""a"", ""sIy"", ""ta""]}, {""rule_source"": ""azwADyAyI"", ""rule"": ""3.4.107"", ""result"": [""BAv"", ""i"", ""a"", ""sIy"", ""sta""]}, {""rule_source"": ""azwADyAyI"", ""rule"": ""1.2.4"", ""result"": [""BAv"", ""i"", ""a"", ""sIy"", ""sta""]}, {""rule_source"": ""azwADyAyI"", ""rule"": ""1.4.13"", ""result"": [""BAv"", ""i"", ""a"", ""sIy"", ""sta""]}, {""rule_source"": ""azwADyAyI"", ""rule"": ""7.2.79"", ""result"": [""BAv"", ""i"", ""a"", ""Iy"", ""ta""]}, {""rule_source"": ""azwADyAyI"", ""rule"": ""6.1.66"", ""result"": [""BAv"", ""i"", ""a"", ""I"", ""ta""]}, {""rule_source"": ""azwADyAyI"", ""rule"": ""7.3.84"", ""result"": [""BAv"", ""e"", ""a"", ""I"", ""ta""]}, {""rule_source"": ""azwADyAyI"", ""rule"": ""1.4.14"", ""result"": [""BAv"", ""e"", ""a"", ""I"", ""ta""]}, {""rule_source"": ""azwADyAyI"", ""rule"": ""6.1.78"", ""result"": [""BAv"", ""ay"", ""a"", ""I"", ""ta""]}, {""rule_source"": ""azwADyAyI"", ""rule"": ""6.1.87"", ""result"": [""BAv"", ""ay"", """", ""e"", ""ta""]}, {""rule_source"": ""azwADyAyI"", ""rule"": ""8.4.68"", ""result"": [""BAv"", ""ay"", """", ""e"", ""ta""]}]}]}"
one_sanadi:f1314ebb8d6ad926716e,one_sanadi,ashirlin,आशीर्लिङ् (āśīrliṅ),blessing or wish,Prathama,Eka,BAvyAd;BAvyAt,BAvayizIzwa,BAvayizIzwa;BAvyAd;BAvyAt,3,locally_regenerated,"{""parasmaipada"": [{""form_slp1"": ""BAvyAt"", ""steps"": [{""rule_source"": ""azwADyAyI"", ""rule"": ""1.3.1"", ""result"": [""BU""]}, {""rule_source"": ""azwADyAyI"", ""rule"": ""3.1.26"", ""result"": [""BU"", ""Ric""]}, {""rule_source"": ""azwADyAyI"", ""rule"": ""3.1.32"", ""result"": [""BU"", ""Ric""]}, {""rule_source"": ""azwADyAyI"", ""rule"": ""1.3.3"", ""result"": [""BU"", ""Ric""]}, {""rule_source"": ""azwADyAyI"", ""rule"": ""1.3.7"", ""result"": [""BU"", ""Ric""]}, {""rule_source"": ""azwADyAyI"", ""rule"": ""1.3.9"", ""result"": [""BU"", ""i""]}, {""rule_source"": ""azwADyAyI"", ""rule"": ""3.4.114"", ""result"": [""BU"", ""i""]}, {""rule_source"": ""azwADyAyI"", ""rule"": ""1.3.78"", ""result"": [""BU"", ""i""]}, {""rule_source"": ""azwADyAyI"", ""rule"": ""1.4.13"", ""result"": [""BU"", ""i""]}, {""rule_source"": ""azwADyAyI"", ""rule"": ""7.2.115"", ""result"": [""BO"", ""i""]}, {""rule_source"": ""azwADyAyI"", ""rule"": ""6.1.78"", ""result"": [""BAv"", ""i""]}, {""rule_source"": ""azwADyAyI"", ""rule"": ""3.3.173"", ""result"": [""BAv"", ""i"", ""li~N""]}, {""rule_source"": ""azwADyAyI"", ""rule"": ""1.3.2"", ""result"": [""BAv"", ""i"", ""li~N""]}, {""rule_source"": ""azwADyAyI"", ""rule"": ""1.3.3"", ""result"": [""BAv"", ""i"", ""li~N""]}, {""rule_source"": ""azwADyAyI"", ""rule"": ""1.3.9"", ""result"": [""BAv"", ""i"", ""l""]}, {""rule_source"": ""azwADyAyI"", ""rule"": ""3.4.78"", ""result"": [""BAv"", ""i"", ""tip""]}, {""rule_source"": ""azwADyAyI"", ""rule"": ""1.3.3"", ""result"": [""BAv"", ""i"", ""tip""]}, {""rule_source"": ""azwADyAyI"", ""rule"": ""1.3.9"", ""result"": [""BAv"", ""i"", ""ti""]}, {""rule_source"": ""azwADyAyI"", ""rule"": ""3.4.116"", ""result"": [""BAv"", ""i"", ""ti""]}, {""rule_source"": ""azwADyAyI"", ""rule"": ""3.4.100"", ""result"": [""BAv"", ""i"", ""t""]}, {""rule_source"": ""azwADyAyI"", ""rule"": ""3.4.104"", ""result"": [""BAv"", ""i"", ""yAsu~w"", ""t""]}, {""rule_source"": ""azwADyAyI"", ""rule"": ""1.3.2"", ""result"": [""BAv"", ""i"", ""yAsu~w"", ""t""]}, {""rule_source"": ""azwADyAyI"", ""rule"": ""1.3.3"", ""result"": [""BAv"", ""i"", ""yAsu~w"", ""t""]}, {""rule_source"": ""azwADyAyI"", ""rule"": ""1.3.9"", ""result"": [""BAv"", ""i"", ""yAs"", ""t""]}, {""rule_source"": ""azwADyAyI"", ""rule"": ""3.4.107"", ""result"": [""BAv"", ""i"", ""yAs"", ""st""]}, {""rule_source"": ""azwADyAyI"", ""rule"": ""3.4.116"", ""result"": [""BAv"", ""i"", ""yAs"", ""st""]}, {""rule_source"": ""azwADyAyI"", ""rule"": ""1.4.13"", ""result"": [""BAv"", ""i"", ""yAs"", ""st""]}, {""rule_source"": ""azwADyAyI"", ""rule"": ""1.1.5"", ""result"": [""BAv"", ""i"", ""yAs"", ""st""]}, {""rule_source"": ""azwADyAyI"", ""rule"": ""6.4.51"", ""result"": [""BAv"", """", ""yAs"", ""st""]}, {""rule_source"": ""azwADyAyI"", ""rule"": ""1.4.14"", ""result"": [""BAv"", """", ""yAs"", ""st""]}, {""rule_source"": ""azwADyAyI"", ""rule"": ""8.2.29"", ""result"": [""BAv"", """", ""yA"", ""st""]}, {""rule_source"": ""azwADyAyI"", ""rule"": ""8.2.29"", ""result"": [""BAv"", """", ""yA"", ""t""]}, {""rule_source"": ""azwADyAyI"", ""rule"": ""8.2.39"", ""result"": [""BAv"", """", ""yA"", ""d""]}, {""rule_source"": ""azwADyAyI"", ""rule"": ""8.4.56"", ""result"": [""BAv"", """", ""yA"", ""t""]}]}, {""form_slp1"": ""BAvyAd"", ""steps"": [{""rule_source"": ""azwADyAyI"", ""rule"": ""1.3.1"", ""result"": [""BU""]}, {""rule_source"": ""azwADyAyI"", ""rule"": ""3.1.26"", ""result"": [""BU"", ""Ric""]}, {""rule_source"": ""azwADyAyI"", ""rule"": ""3.1.32"", ""result"": [""BU"", ""Ric""]}, {""rule_source"": ""azwADyAyI"", ""rule"": ""1.3.3"", ""result"": [""BU"", ""Ric""]}, {""rule_source"": ""azwADyAyI"", ""rule"": ""1.3.7"", ""result"": [""BU"", ""Ric""]}, {""rule_source"": ""azwADyAyI"", ""rule"": ""1.3.9"", ""result"": [""BU"", ""i""]}, {""rule_source"": ""azwADyAyI"", ""rule"": ""3.4.114"", ""result"": [""BU"", ""i""]}, {""rule_source"": ""azwADyAyI"", ""rule"": ""1.3.78"", ""result"": [""BU"", ""i""]}, {""rule_source"": ""azwADyAyI"", ""rule"": ""1.4.13"", ""result"": [""BU"", ""i""]}, {""rule_source"": ""azwADyAyI"", ""rule"": ""7.2.115"", ""result"": [""BO"", ""i""]}, {""rule_source"": ""azwADyAyI"", ""rule"": ""6.1.78"", ""result"": [""BAv"", ""i""]}, {""rule_source"": ""azwADyAyI"", ""rule"": ""3.3.173"", ""result"": [""BAv"", ""i"", ""li~N""]}, {""rule_source"": ""azwADyAyI"", ""rule"": ""1.3.2"", ""result"": [""BAv"", ""i"", ""li~N""]}, {""rule_source"": ""azwADyAyI"", ""rule"": ""1.3.3"", ""result"": [""BAv"", ""i"", ""li~N""]}, {""rule_source"": ""azwADyAyI"", ""rule"": ""1.3.9"", ""result"": [""BAv"", ""i"", ""l""]}, {""rule_source"": ""azwADyAyI"", ""rule"": ""3.4.78"", ""result"": [""BAv"", ""i"", ""tip""]}, {""rule_source"": ""azwADyAyI"", ""rule"": ""1.3.3"", ""result"": [""BAv"", ""i"", ""tip""]}, {""rule_source"": ""azwADyAyI"", ""rule"": ""1.3.9"", ""result"": [""BAv"", ""i"", ""ti""]}, {""rule_source"": ""azwADyAyI"", ""rule"": ""3.4.116"", ""result"": [""BAv"", ""i"", ""ti""]}, {""rule_source"": ""azwADyAyI"", ""rule"": ""3.4.100"", ""result"": [""BAv"", ""i"", ""t""]}, {""rule_source"": ""azwADyAyI"", ""rule"": ""3.4.104"", ""result"": [""BAv"", ""i"", ""yAsu~w"", ""t""]}, {""rule_source"": ""azwADyAyI"", ""rule"": ""1.3.2"", ""result"": [""BAv"", ""i"", ""yAsu~w"", ""t""]}, {""rule_source"": ""azwADyAyI"", ""rule"": ""1.3.3"", ""result"": [""BAv"", ""i"", ""yAsu~w"", ""t""]}, {""rule_source"": ""azwADyAyI"", ""rule"": ""1.3.9"", ""result"": [""BAv"", ""i"", ""yAs"", ""t""]}, {""rule_source"": ""azwADyAyI"", ""rule"": ""3.4.107"", ""result"": [""BAv"", ""i"", ""yAs"", ""st""]}, {""rule_source"": ""azwADyAyI"", ""rule"": ""3.4.116"", ""result"": [""BAv"", ""i"", ""yAs"", ""st""]}, {""rule_source"": ""azwADyAyI"", ""rule"": ""1.4.13"", ""result"": [""BAv"", ""i"", ""yAs"", ""st""]}, {""rule_source"": ""azwADyAyI"", ""rule"": ""1.1.5"", ""result"": [""BAv"", ""i"", ""yAs"", ""st""]}, {""rule_source"": ""azwADyAyI"", ""rule"": ""6.4.51"", ""result"": [""BAv"", """", ""yAs"", ""st""]}, {""rule_source"": ""azwADyAyI"", ""rule"": ""1.4.14"", ""result"": [""BAv"", """", ""yAs"", ""st""]}, {""rule_source"": ""azwADyAyI"", ""rule"": ""8.2.29"", ""result"": [""BAv"", """", ""yA"", ""st""]}, {""rule_source"": ""azwADyAyI"", ""rule"": ""8.2.29"", ""result"": [""BAv"", """", ""yA"", ""t""]}, {""rule_source"": ""azwADyAyI"", ""rule"": ""8.2.39"", ""result"": [""BAv"", """", ""yA"", ""d""]}]}], ""atmanepada"": [{""form_slp1"": ""BAvayizIzwa"", ""steps"": [{""rule_source"": ""azwADyAyI"", ""rule"": ""1.3.1"", ""result"": [""BU""]}, {""rule_source"": ""azwADyAyI"", ""rule"": ""3.1.26"", ""result"": [""BU"", ""Ric""]}, {""rule_source"": ""azwADyAyI"", ""rule"": ""3.1.32"", ""result"": [""BU"", ""Ric""]}, {""rule_source"": ""azwADyAyI"", ""rule"": ""1.3.3"", ""result"": [""BU"", ""Ric""]}, {""rule_source"": ""azwADyAyI"", ""rule"": ""1.3.7"", ""result"": [""BU"", ""Ric""]}, {""rule_source"": ""azwADyAyI"", ""rule"": ""1.3.9"", ""result"": [""BU"", ""i""]}, {""rule_source"": ""azwADyAyI"", ""rule"": ""3.4.114"", ""result"": [""BU"", ""i""]}, {""rule_source"": ""azwADyAyI"", ""rule"": ""1.3.74"", ""result"": [""BU"", ""i""]}, {""rule_source"": ""azwADyAyI"", ""rule"": ""1.4.13"", ""result"": [""BU"", ""i""]}, {""rule_source"": ""azwADyAyI"", ""rule"": ""7.2.115"", ""result"": [""BO"", ""i""]}, {""rule_source"": ""azwADyAyI"", ""rule"": ""6.1.78"", ""result"": [""BAv"", ""i""]}, {""rule_source"": ""azwADyAyI"", ""rule"": ""3.3.173"", ""result"": [""BAv"", ""i"", ""li~N""]}, {""rule_source"": ""azwADyAyI"", ""rule"": ""1.3.2"", ""result"": [""BAv"", ""i"", ""li~N""]}, {""rule_source"": ""azwADyAyI"", ""rule"": ""1.3.3"", ""result"": [""BAv"", ""i"", ""li~N""]}, {""rule_source"": ""azwADyAyI"", ""rule"": ""1.3.9"", ""result"": [""BAv"", ""i"", ""l""]}, {""rule_source"": ""azwADyAyI"", ""rule"": ""3.4.78"", ""result"": [""BAv"", ""i"", ""ta""]}, {""rule_source"": ""azwADyAyI"", ""rule"": ""3.4.116"", ""result"": [""BAv"", ""i"", ""ta""]}, {""rule_source"": ""azwADyAyI"", ""rule"": ""3.4.102"", ""result"": [""BAv"", ""i"", ""sIyu~w"", ""ta""]}, {""rule_source"": ""azwADyAyI"", ""rule"": ""1.3.2"", ""result"": [""BAv"", ""i"", ""sIyu~w"", ""ta""]}, {""rule_source"": ""azwADyAyI"", ""rule"": ""1.3.3"", ""result"": [""BAv"", ""i"", ""sIyu~w"", ""ta""]}, {""rule_source"": ""azwADyAyI"", ""rule"": ""1.3.9"", ""result"": [""BAv"", ""i"", ""sIy"", ""ta""]}, {""rule_source"": ""azwADyAyI"", ""rule"": ""3.4.107"", ""result"": [""BAv"", ""i"", ""sIy"", ""sta""]}, {""rule_source"": ""azwADyAyI"", ""rule"": ""3.4.116"", ""result"": [""BAv"", ""i"", ""sIy"", ""sta""]}, {""rule_source"": ""azwADyAyI"", ""rule"": ""7.2.35"", ""result"": [""BAv"", ""i"", ""iw"", ""sIy"", ""sta""]}, {""rule_source"": ""azwADyAyI"", ""rule"": ""1.3.3"", ""result"": [""BAv"", ""i"", ""iw"", ""sIy"", ""sta""]}, {""rule_source"": ""azwADyAyI"", ""rule"": ""1.3.9"", ""result"": [""BAv"", ""i"", ""i"", ""sIy"", ""sta""]}, {""rule_source"": ""azwADyAyI"", ""rule"": ""1.4.13"", ""result"": [""BAv"", ""i"", ""i"", ""sIy"", ""sta""]}, {""rule_source"": ""azwADyAyI"", ""rule"": ""6.1.66"", ""result"": [""BAv"", ""i"", ""i"", ""sI"", ""sta""]}, {""rule_source"": ""azwADyAyI"", ""rule"": ""7.3.84"", ""result"": [""BAv"", ""e"", ""i"", ""sI"", ""sta""]}, {""rule_source"": ""azwADyAyI"", ""rule"": ""1.4.14"", ""result"": [""BAv"", ""e"", ""i"", ""sI"", ""sta""]}, {""rule_source"": ""azwADyAyI"", ""rule"": ""6.1.78"", ""result"": [""BAv"", ""ay"", ""i"", ""sI"", ""sta""]}, {""rule_source"": ""azwADyAyI"", ""rule"": ""8.3.59"", ""result"": [""BAv"", ""ay"", ""i"", ""sI"", ""zta""]}, {""rule_source"": ""azwADyAyI"", ""rule"": ""8.3.59"", ""result"": [""BAv"", ""ay"", ""i"", ""zI"", ""zta""]}, {""rule_source"": ""azwADyAyI"", ""rule"": ""8.4.41"", ""result"": [""BAv"", ""ay"", ""i"", ""zI"", ""zwa""]}, {""rule_source"": ""azwADyAyI"", ""rule"": ""8.4.68"", ""result"": [""BAv"", ""ay"", ""i"", ""zI"", ""zwa""]}]}]}"
one_sanadi:f1314ebb8d6ad926716e,one_sanadi,lun,लुङ् (luṅ),aorist past,Prathama,Eka,abIBavad;abIBavat,abIBavata,abIBavad;abIBavat;abIBavata,3,locally_regenerated,"{""parasmaipada"": [{""form_slp1"": ""abIBavat"", ""steps"": [{""rule_source"": ""azwADyAyI"", ""rule"": ""1.3.1"", ""result"": [""BU""]}, {""rule_source"": ""azwADyAyI"", ""rule"": ""3.1.26"", ""result"": [""BU"", ""Ric""]}, {""rule_source"": ""azwADyAyI"", ""rule"": ""3.1.32"", ""result"": [""BU"", ""Ric""]}, {""rule_source"": ""azwADyAyI"", ""rule"": ""1.3.3"", ""result"": [""BU"", ""Ric""]}, {""rule_source"": ""azwADyAyI"", ""rule"": ""1.3.7"", ""result"": [""BU"", ""Ric""]}, {""rule_source"": ""azwADyAyI"", ""rule"": ""1.3.9"", ""result"": [""BU"", ""i""]}, {""rule_source"": ""azwADyAyI"", ""rule"": ""3.4.114"", ""result"": [""BU"", ""i""]}, {""rule_source"": ""azwADyAyI"", ""rule"": ""1.3.78"", ""result"": [""BU"", ""i""]}, {""rule_source"": ""azwADyAyI"", ""rule"": ""1.4.13"", ""result"": [""BU"", ""i""]}, {""rule_source"": ""azwADyAyI"", ""rule"": ""7.2.115"", ""result"": [""BO"", ""i""]}, {""rule_source"": ""azwADyAyI"", ""rule"": ""6.1.78"", ""result"": [""BAv"", ""i""]}, {""rule_source"": ""azwADyAyI"", ""rule"": ""3.2.110"", ""result"": [""BAv"", ""i"", ""lu~N""]}, {""rule_source"": ""azwADyAyI"", ""rule"": ""1.3.2"", ""result"": [""BAv"", ""i"", ""lu~N""]}, {""rule_source"": ""azwADyAyI"", ""rule"": ""1.3.3"", ""result"": [""BAv"", ""i"", ""lu~N""]}, {""rule_source"": ""azwADyAyI"", ""rule"": ""1.3.9"", ""result"": [""BAv"", ""i"", ""l""]}, {""rule_source"": ""azwADyAyI"", ""rule"": ""3.4.78"", ""result"": [""BAv"", ""i"", ""tip""]}, {""rule_source"": ""azwADyAyI"", ""rule"": ""1.3.3"", ""result"": [""BAv"", ""i"", ""tip""]}, {""rule_source"": ""azwADyAyI"", ""rule"": ""1.3.9"", ""result"": [""BAv"", ""i"", ""ti""]}, {""rule_source"": ""azwADyAyI"", ""rule"": ""3.4.113"", ""result"": [""BAv"", ""i"", ""ti""]}, {""rule_source"": ""azwADyAyI"", ""rule"": ""3.1.43"", ""result"": [""BAv"", ""i"", ""cli~"", ""ti""]}, {""rule_source"": ""azwADyAyI"", ""rule"": ""3.1.48"", ""result"": [""BAv"", ""i"", ""caN"", ""ti""]}, {""rule_source"": ""azwADyAyI"", ""rule"": ""1.3.3"", ""result"": [""BAv"", ""i"", ""caN"", ""ti""]}, {""rule_source"": ""azwADyAyI"", ""rule"": ""1.3.7"", ""result"": [""BAv"", ""i"", ""caN"", ""ti""]}, {""rule_source"": ""azwADyAyI"", ""rule"": ""1.3.9"", ""result"": [""BAv"", ""i"", ""a"", ""ti""]}, {""rule_source"": ""azwADyAyI"", ""rule"": ""3.4.114"", ""result"": [""BAv"", ""i"", ""a"", ""ti""]}, {""rule_source"": ""azwADyAyI"", ""rule"": ""3.4.100"", ""result"": [""BAv"", ""i"", ""a"", ""t""]}, {""rule_source"": ""azwADyAyI"", ""rule"": ""6.1.11"", ""result"": [""BO"", ""BAv"", ""i"", ""a"", ""t""]}, {""rule_source"": ""azwADyAyI"", ""rule"": ""6.1.4"", ""result"": [""BO"", ""BAv"", ""i"", ""a"", ""t""]}, {""rule_source"": ""azwADyAyI"", ""rule"": ""6.1.5"", ""result"": [""BO"", ""BAv"", ""i"", ""a"", ""t""]}, {""rule_source"": ""azwADyAyI"", ""rule"": ""1.4.13"", ""result"": [""BO"", ""BAv"", ""i"", ""a"", ""t""]}, {""rule_source"": ""azwADyAyI"", ""rule"": ""6.4.71"", ""result"": [""aw"", ""BO"", ""BAv"", ""i"", ""a"", ""t""]}, {""rule_source"": ""azwADyAyI"", ""rule"": ""1.3.3"", ""result"": [""aw"", ""BO"", ""BAv"", ""i"", ""a"", ""t""]}, {""rule_source"": ""azwADyAyI"", ""rule"": ""1.3.9"", ""result"": [""a"", ""BO"", ""BAv"", ""i"", ""a"", ""t""]}, {""rule_source"": ""azwADyAyI"", ""rule"": ""1.1.5"", ""result"": [""a"", ""BO"", ""BAv"", ""i"", ""a"", ""t""]}, {""rule_source"": ""azwADyAyI"", ""rule"": ""6.4.51"", ""result"": [""a"", ""BO"", ""BAv"", """", ""a"", ""t""]}, {""rule_source"": ""azwADyAyI"", ""rule"": ""7.4.1"", ""result"": [""a"", ""BO"", ""Bav"", """", ""a"", ""t""]}, {""rule_source"": ""azwADyAyI"", ""rule"": ""7.4.59"", ""result"": [""a"", ""Bu"", ""Bav"", """", ""a"", ""t""]}, {""rule_source"": ""azwADyAyI"", ""rule"": ""7.4.80"", ""result"": [""a"", ""Bi"", ""Bav"", """", ""a"", ""t""]}, {""rule_source"": ""azwADyAyI"", ""rule"": ""7.4.94"", ""result"": [""a"", ""BI"", ""Bav"", """", ""a"", ""t""]}, {""rule_source"": ""azwADyAyI"", ""rule"": ""1.4.14"", ""result"": [""a"", ""BI"", ""Bav"", """", ""a"", ""t""]}, {""rule_source"": ""azwADyAyI"", ""rule"": ""8.2.39"", ""result"": [""a"", ""BI"", ""Bav"", """", ""a"", ""d""]}, {""rule_source"": ""azwADyAyI"", ""rule"": ""8.4.54"", ""result"": [""a"", ""bI"", ""Bav"", """", ""a"", ""d""]}, {""rule_source"": ""azwADyAyI"", ""rule"": ""8.4.56"", ""result"": [""a"", ""bI"", ""Bav"", """", ""a"", ""t""]}, {""rule_source"": ""azwADyAyI"", ""rule"": ""8.4.68"", ""result"": [""a"", ""bI"", ""Bav"", """", ""a"", ""t""]}]}, {""form_slp1"": ""abIBavad"", ""steps"": [{""rule_source"": ""azwADyAyI"", ""rule"": ""1.3.1"", ""result"": [""BU""]}, {""rule_source"": ""azwADyAyI"", ""rule"": ""3.1.26"", ""result"": [""BU"", ""Ric""]}, {""rule_source"": ""azwADyAyI"", ""rule"": ""3.1.32"", ""result"": [""BU"", ""Ric""]}, {""rule_source"": ""azwADyAyI"", ""rule"": ""1.3.3"", ""result"": [""BU"", ""Ric""]}, {""rule_source"": ""azwADyAyI"", ""rule"": ""1.3.7"", ""result"": [""BU"", ""Ric""]}, {""rule_source"": ""azwADyAyI"", ""rule"": ""1.3.9"", ""result"": [""BU"", ""i""]}, {""rule_source"": ""azwADyAyI"", ""rule"": ""3.4.114"", ""result"": [""BU"", ""i""]}, {""rule_source"": ""azwADyAyI"", ""rule"": ""1.3.78"", ""result"": [""BU"", ""i""]}, {""rule_source"": ""azwADyAyI"", ""rule"": ""1.4.13"", ""result"": [""BU"", ""i""]}, {""rule_source"": ""azwADyAyI"", ""rule"": ""7.2.115"", ""result"": [""BO"", ""i""]}, {""rule_source"": ""azwADyAyI"", ""rule"": ""6.1.78"", ""result"": [""BAv"", ""i""]}, {""rule_source"": ""azwADyAyI"", ""rule"": ""3.2.110"", ""result"": [""BAv"", ""i"", ""lu~N""]}, {""rule_source"": ""azwADyAyI"", ""rule"": ""1.3.2"", ""result"": [""BAv"", ""i"", ""lu~N""]}, {""rule_source"": ""azwADyAyI"", ""rule"": ""1.3.3"", ""result"": [""BAv"", ""i"", ""lu~N""]}, {""rule_source"": ""azwADyAyI"", ""rule"": ""1.3.9"", ""result"": [""BAv"", ""i"", ""l""]}, {""rule_source"": ""azwADyAyI"", ""rule"": ""3.4.78"", ""result"": [""BAv"", ""i"", ""tip""]}, {""rule_source"": ""azwADyAyI"", ""rule"": ""1.3.3"", ""result"": [""BAv"", ""i"", ""tip""]}, {""rule_source"": ""azwADyAyI"", ""rule"": ""1.3.9"", ""result"": [""BAv"", ""i"", ""ti""]}, {""rule_source"": ""azwADyAyI"", ""rule"": ""3.4.113"", ""result"": [""BAv"", ""i"", ""ti""]}, {""rule_source"": ""azwADyAyI"", ""rule"": ""3.1.43"", ""result"": [""BAv"", ""i"", ""cli~"", ""ti""]}, {""rule_source"": ""azwADyAyI"", ""rule"": ""3.1.48"", ""result"": [""BAv"", ""i"", ""caN"", ""ti""]}, {""rule_source"": ""azwADyAyI"", ""rule"": ""1.3.3"", ""result"": [""BAv"", ""i"", ""caN"", ""ti""]}, {""rule_source"": ""azwADyAyI"", ""rule"": ""1.3.7"", ""result"": [""BAv"", ""i"", ""caN"", ""ti""]}, {""rule_source"": ""azwADyAyI"", ""rule"": ""1.3.9"", ""result"": [""BAv"", ""i"", ""a"", ""ti""]}, {""rule_source"": ""azwADyAyI"", ""rule"": ""3.4.114"", ""result"": [""BAv"", ""i"", ""a"", ""ti""]}, {""rule_source"": ""azwADyAyI"", ""rule"": ""3.4.100"", ""result"": [""BAv"", ""i"", ""a"", ""t""]}, {""rule_source"": ""azwADyAyI"", ""rule"": ""6.1.11"", ""result"": [""BO"", ""BAv"", ""i"", ""a"", ""t""]}, {""rule_source"": ""azwADyAyI"", ""rule"": ""6.1.4"", ""result"": [""BO"", ""BAv"", ""i"", ""a"", ""t""]}, {""rule_source"": ""azwADyAyI"", ""rule"": ""6.1.5"", ""result"": [""BO"", ""BAv"", ""i"", ""a"", ""t""]}, {""rule_source"": ""azwADyAyI"", ""rule"": ""1.4.13"", ""result"": [""BO"", ""BAv"", ""i"", ""a"", ""t""]}, {""rule_source"": ""azwADyAyI"", ""rule"": ""6.4.71"", ""result"": [""aw"", ""BO"", ""BAv"", ""i"", ""a"", ""t""]}, {""rule_source"": ""azwADyAyI"", ""rule"": ""1.3.3"", ""result"": [""aw"", ""BO"", ""BAv"", ""i"", ""a"", ""t""]}, {""rule_source"": ""azwADyAyI"", ""rule"": ""1.3.9"", ""result"": [""a"", ""BO"", ""BAv"", ""i"", ""a"", ""t""]}, {""rule_source"": ""azwADyAyI"", ""rule"": ""1.1.5"", ""result"": [""a"", ""BO"", ""BAv"", ""i"", ""a"", ""t""]}, {""rule_source"": ""azwADyAyI"", ""rule"": ""6.4.51"", ""result"": [""a"", ""BO"", ""BAv"", """", ""a"", ""t""]}, {""rule_source"": ""azwADyAyI"", ""rule"": ""7.4.1"", ""result"": [""a"", ""BO"", ""Bav"", """", ""a"", ""t""]}, {""rule_source"": ""azwADyAyI"", ""rule"": ""7.4.59"", ""result"": [""a"", ""Bu"", ""Bav"", """", ""a"", ""t""]}, {""rule_source"": ""azwADyAyI"", ""rule"": ""7.4.80"", ""result"": [""a"", ""Bi"", ""Bav"", """", ""a"", ""t""]}, {""rule_source"": ""azwADyAyI"", ""rule"": ""7.4.94"", ""result"": [""a"", ""BI"", ""Bav"", """", ""a"", ""t""]}, {""rule_source"": ""azwADyAyI"", ""rule"": ""1.4.14"", ""result"": [""a"", ""BI"", ""Bav"", """", ""a"", ""t""]}, {""rule_source"": ""azwADyAyI"", ""rule"": ""8.2.39"", ""result"": [""a"", ""BI"", ""Bav"", """", ""a"", ""d""]}, {""rule_source"": ""azwADyAyI"", ""rule"": ""8.4.54"", ""result"": [""a"", ""bI"", ""Bav"", """", ""a"", ""d""]}, {""rule_source"": ""azwADyAyI"", ""rule"": ""8.4.68"", ""result"": [""a"", ""bI"", ""Bav"", """", ""a"", ""d""]}]}], ""atmanepada"": [{""form_slp1"": ""abIBavata"", ""steps"": [{""rule_source"": ""azwADyAyI"", ""rule"": ""1.3.1"", ""result"": [""BU""]}, {""rule_source"": ""azwADyAyI"", ""rule"": ""3.1.26"", ""result"": [""BU"", ""Ric""]}, {""rule_source"": ""azwADyAyI"", ""rule"": ""3.1.32"", ""result"": [""BU"", ""Ric""]}, {""rule_source"": ""azwADyAyI"", ""rule"": ""1.3.3"", ""result"": [""BU"", ""Ric""]}, {""rule_source"": ""azwADyAyI"", ""rule"": ""1.3.7"", ""result"": [""BU"", ""Ric""]}, {""rule_source"": ""azwADyAyI"", ""rule"": ""1.3.9"", ""result"": [""BU"", ""i""]}, {""rule_source"": ""azwADyAyI"", ""rule"": ""3.4.114"", ""result"": [""BU"", ""i""]}, {""rule_source"": ""azwADyAyI"", ""rule"": ""1.3.74"", ""result"": [""BU"", ""i""]}, {""rule_source"": ""azwADyAyI"", ""rule"": ""1.4.13"", ""result"": [""BU"", ""i""]}, {""rule_source"": ""azwADyAyI"", ""rule"": ""7.2.115"", ""result"": [""BO"", ""i""]}, {""rule_source"": ""azwADyAyI"", ""rule"": ""6.1.78"", ""result"": [""BAv"", ""i""]}, {""rule_source"": ""azwADyAyI"", ""rule"": ""3.2.110"", ""result"": [""BAv"", ""i"", ""lu~N""]}, {""rule_source"": ""azwADyAyI"", ""rule"": ""1.3.2"", ""result"": [""BAv"", ""i"", ""lu~N""]}, {""rule_source"": ""azwADyAyI"", ""rule"": ""1.3.3"", ""result"": [""BAv"", ""i"", ""lu~N""]}, {""rule_source"": ""azwADyAyI"", ""rule"": ""1.3.9"", ""result"": [""BAv"", ""i"", ""l""]}, {""rule_source"": ""azwADyAyI"", ""rule"": ""3.4.78"", ""result"": [""BAv"", ""i"", ""ta""]}, {""rule_source"": ""azwADyAyI"", ""rule"": ""3.4.113"", ""result"": [""BAv"", ""i"", ""ta""]}, {""rule_source"": ""azwADyAyI"", ""rule"": ""3.1.43"", ""result"": [""BAv"", ""i"", ""cli~"", ""ta""]}, {""rule_source"": ""azwADyAyI"", ""rule"": ""3.1.48"", ""result"": [""BAv"", ""i"", ""caN"", ""ta""]}, {""rule_source"": ""azwADyAyI"", ""rule"": ""1.3.3"", ""result"": [""BAv"", ""i"", ""caN"", ""ta""]}, {""rule_source"": ""azwADyAyI"", ""rule"": ""1.3.7"", ""result"": [""BAv"", ""i"", ""caN"", ""ta""]}, {""rule_source"": ""azwADyAyI"", ""rule"": ""1.3.9"", ""result"": [""BAv"", ""i"", ""a"", ""ta""]}, {""rule_source"": ""azwADyAyI"", ""rule"": ""3.4.114"", ""result"": [""BAv"", ""i"", ""a"", ""ta""]}, {""rule_source"": ""azwADyAyI"", ""rule"": ""1.2.4"", ""result"": [""BAv"", ""i"", ""a"", ""ta""]}, {""rule_source"": ""azwADyAyI"", ""rule"": ""6.1.11"", ""result"": [""BO"", ""BAv"", ""i"", ""a"", ""ta""]}, {""rule_source"": ""azwADyAyI"", ""rule"": ""6.1.4"", ""result"": [""BO"", ""BAv"", ""i"", ""a"", ""ta""]}, {""rule_source"": ""azwADyAyI"", ""rule"": ""6.1.5"", ""result"": [""BO"", ""BAv"", ""i"", ""a"", ""ta""]}, {""rule_source"": ""azwADyAyI"", ""rule"": ""1.4.13"", ""result"": [""BO"", ""BAv"", ""i"", ""a"", ""ta""]}, {""rule_source"": ""azwADyAyI"", ""rule"": ""6.4.71"", ""result"": [""aw"", ""BO"", ""BAv"", ""i"", ""a"", ""ta""]}, {""rule_source"": ""azwADyAyI"", ""rule"": ""1.3.3"", ""result"": [""aw"", ""BO"", ""BAv"", ""i"", ""a"", ""ta""]}, {""rule_source"": ""azwADyAyI"", ""rule"": ""1.3.9"", ""result"": [""a"", ""BO"", ""BAv"", ""i"", ""a"", ""ta""]}, {""rule_source"": ""azwADyAyI"", ""rule"": ""1.1.5"", ""result"": [""a"", ""BO"", ""BAv"", ""i"", ""a"", ""ta""]}, {""rule_source"": ""azwADyAyI"", ""rule"": ""6.4.51"", ""result"": [""a"", ""BO"", ""BAv"", """", ""a"", ""ta""]}, {""rule_source"": ""azwADyAyI"", ""rule"": ""7.4.1"", ""result"": [""a"", ""BO"", ""Bav"", """", ""a"", ""ta""]}, {""rule_source"": ""azwADyAyI"", ""rule"": ""7.4.59"", ""result"": [""a"", ""Bu"", ""Bav"", """", ""a"", ""ta""]}, {""rule_source"": ""azwADyAyI"", ""rule"": ""7.4.80"", ""result"": [""a"", ""Bi"", ""Bav"", """", ""a"", ""ta""]}, {""rule_source"": ""azwADyAyI"", ""rule"": ""7.4.94"", ""result"": [""a"", ""BI"", ""Bav"", """", ""a"", ""ta""]}, {""rule_source"": ""azwADyAyI"", ""rule"": ""1.4.14"", ""result"": [""a"", ""BI"", ""Bav"", """", ""a"", ""ta""]}, {""rule_source"": ""azwADyAyI"", ""rule"": ""8.4.54"", ""result"": [""a"", ""bI"", ""Bav"", """", ""a"", ""ta""]}, {""rule_source"": ""azwADyAyI"", ""rule"": ""8.4.68"", ""result"": [""a"", ""bI"", ""Bav"", """", ""a"", ""ta""]}]}]}"
one_sanadi:f1314ebb8d6ad926716e,one_sanadi,lrn,लृङ् (lṛṅ),conditional,Prathama,Eka,aBAvayizyad;aBAvayizyat,aBAvayizyata,aBAvayizyad;aBAvayizyat;aBAvayizyata,3,locally_regenerated,"{""parasmaipada"": [{""form_slp1"": ""aBAvayizyat"", ""steps"": [{""rule_source"": ""azwADyAyI"", ""rule"": ""1.3.1"", ""result"": [""BU""]}, {""rule_source"": ""azwADyAyI"", ""rule"": ""3.1.26"", ""result"": [""BU"", ""Ric""]}, {""rule_source"": ""azwADyAyI"", ""rule"": ""3.1.32"", ""result"": [""BU"", ""Ric""]}, {""rule_source"": ""azwADyAyI"", ""rule"": ""1.3.3"", ""result"": [""BU"", ""Ric""]}, {""rule_source"": ""azwADyAyI"", ""rule"": ""1.3.7"", ""result"": [""BU"", ""Ric""]}, {""rule_source"": ""azwADyAyI"", ""rule"": ""1.3.9"", ""result"": [""BU"", ""i""]}, {""rule_source"": ""azwADyAyI"", ""rule"": ""3.4.114"", ""result"": [""BU"", ""i""]}, {""rule_source"": ""azwADyAyI"", ""rule"": ""1.3.78"", ""result"": [""BU"", ""i""]}, {""rule_source"": ""azwADyAyI"", ""rule"": ""1.4.13"", ""result"": [""BU"", ""i""]}, {""rule_source"": ""azwADyAyI"", ""rule"": ""7.2.115"", ""result"": [""BO"", ""i""]}, {""rule_source"": ""azwADyAyI"", ""rule"": ""6.1.78"", ""result"": [""BAv"", ""i""]}, {""rule_source"": ""azwADyAyI"", ""rule"": ""3.3.139"", ""result"": [""BAv"", ""i"", ""lf~N""]}, {""rule_source"": ""azwADyAyI"", ""rule"": ""1.3.2"", ""result"": [""BAv"", ""i"", ""lf~N""]}, {""rule_source"": ""azwADyAyI"", ""rule"": ""1.3.3"", ""result"": [""BAv"", ""i"", ""lf~N""]}, {""rule_source"": ""azwADyAyI"", ""rule"": ""1.3.9"", ""result"": [""BAv"", ""i"", ""l""]}, {""rule_source"": ""azwADyAyI"", ""rule"": ""3.4.78"", ""result"": [""BAv"", ""i"", ""tip""]}, {""rule_source"": ""azwADyAyI"", ""rule"": ""1.3.3"", ""result"": [""BAv"", ""i"", ""tip""]}, {""rule_source"": ""azwADyAyI"", ""rule"": ""1.3.9"", ""result"": [""BAv"", ""i"", ""ti""]}, {""rule_source"": ""azwADyAyI"", ""rule"": ""3.4.113"", ""result"": [""BAv"", ""i"", ""ti""]}, {""rule_source"": ""azwADyAyI"", ""rule"": ""3.1.33"", ""result"": [""BAv"", ""i"", ""sya"", ""ti""]}, {""rule_source"": ""azwADyAyI"", ""rule"": ""3.4.114"", ""result"": [""BAv"", ""i"", ""sya"", ""ti""]}, {""rule_source"": ""azwADyAyI"", ""rule"": ""3.4.100"", ""result"": [""BAv"", ""i"", ""sya"", ""t""]}, {""rule_source"": ""azwADyAyI"", ""rule"": ""7.2.35"", ""result"": [""BAv"", ""i"", ""iw"", ""sya"", ""t""]}, {""rule_source"": ""azwADyAyI"", ""rule"": ""1.3.3"", ""result"": [""BAv"", ""i"", ""iw"", ""sya"", ""t""]}, {""rule_source"": ""azwADyAyI"", ""rule"": ""1.3.9"", ""result"": [""BAv"", ""i"", ""i"", ""sya"", ""t""]}, {""rule_source"": ""azwADyAyI"", ""rule"": ""1.4.13"", ""result"": [""BAv"", ""i"", ""i"", ""sya"", ""t""]}, {""rule_source"": ""azwADyAyI"", ""rule"": ""6.4.71"", ""result"": [""aw"", ""BAv"", ""i"", ""i"", ""sya"", ""t""]}, {""rule_source"": ""azwADyAyI"", ""rule"": ""1.3.3"", ""result"": [""aw"", ""BAv"", ""i"", ""i"", ""sya"", ""t""]}, {""rule_source"": ""azwADyAyI"", ""rule"": ""1.3.9"", ""result"": [""a"", ""BAv"", ""i"", ""i"", ""sya"", ""t""]}, {""rule_source"": ""azwADyAyI"", ""rule"": ""7.3.84"", ""result"": [""a"", ""BAv"", ""e"", ""i"", ""sya"", ""t""]}, {""rule_source"": ""azwADyAyI"", ""rule"": ""1.4.14"", ""result"": [""a"", ""BAv"", ""e"", ""i"", ""sya"", ""t""]}, {""rule_source"": ""azwADyAyI"", ""rule"": ""6.1.78"", ""result"": [""a"", ""BAv"", ""ay"", ""i"", ""sya"", ""t""]}, {""rule_source"": ""azwADyAyI"", ""rule"": ""8.2.39"", ""result"": [""a"", ""BAv"", ""ay"", ""i"", ""sya"", ""d""]}, {""rule_source"": ""azwADyAyI"", ""rule"": ""8.3.59"", ""result"": [""a"", ""BAv"", ""ay"", ""i"", ""zya"", ""d""]}, {""rule_source"": ""azwADyAyI"", ""rule"": ""8.4.56"", ""result"": [""a"", ""BAv"", ""ay"", ""i"", ""zya"", ""t""]}, {""rule_source"": ""azwADyAyI"", ""rule"": ""8.4.68"", ""result"": [""a"", ""BAv"", ""ay"", ""i"", ""zya"", ""t""]}]}, {""form_slp1"": ""aBAvayizyad"", ""steps"": [{""rule_source"": ""azwADyAyI"", ""rule"": ""1.3.1"", ""result"": [""BU""]}, {""rule_source"": ""azwADyAyI"", ""rule"": ""3.1.26"", ""result"": [""BU"", ""Ric""]}, {""rule_source"": ""azwADyAyI"", ""rule"": ""3.1.32"", ""result"": [""BU"", ""Ric""]}, {""rule_source"": ""azwADyAyI"", ""rule"": ""1.3.3"", ""result"": [""BU"", ""Ric""]}, {""rule_source"": ""azwADyAyI"", ""rule"": ""1.3.7"", ""result"": [""BU"", ""Ric""]}, {""rule_source"": ""azwADyAyI"", ""rule"": ""1.3.9"", ""result"": [""BU"", ""i""]}, {""rule_source"": ""azwADyAyI"", ""rule"": ""3.4.114"", ""result"": [""BU"", ""i""]}, {""rule_source"": ""azwADyAyI"", ""rule"": ""1.3.78"", ""result"": [""BU"", ""i""]}, {""rule_source"": ""azwADyAyI"", ""rule"": ""1.4.13"", ""result"": [""BU"", ""i""]}, {""rule_source"": ""azwADyAyI"", ""rule"": ""7.2.115"", ""result"": [""BO"", ""i""]}, {""rule_source"": ""azwADyAyI"", ""rule"": ""6.1.78"", ""result"": [""BAv"", ""i""]}, {""rule_source"": ""azwADyAyI"", ""rule"": ""3.3.139"", ""result"": [""BAv"", ""i"", ""lf~N""]}, {""rule_source"": ""azwADyAyI"", ""rule"": ""1.3.2"", ""result"": [""BAv"", ""i"", ""lf~N""]}, {""rule_source"": ""azwADyAyI"", ""rule"": ""1.3.3"", ""result"": [""BAv"", ""i"", ""lf~N""]}, {""rule_source"": ""azwADyAyI"", ""rule"": ""1.3.9"", ""result"": [""BAv"", ""i"", ""l""]}, {""rule_source"": ""azwADyAyI"", ""rule"": ""3.4.78"", ""result"": [""BAv"", ""i"", ""tip""]}, {""rule_source"": ""azwADyAyI"", ""rule"": ""1.3.3"", ""result"": [""BAv"", ""i"", ""tip""]}, {""rule_source"": ""azwADyAyI"", ""rule"": ""1.3.9"", ""result"": [""BAv"", ""i"", ""ti""]}, {""rule_source"": ""azwADyAyI"", ""rule"": ""3.4.113"", ""result"": [""BAv"", ""i"", ""ti""]}, {""rule_source"": ""azwADyAyI"", ""rule"": ""3.1.33"", ""result"": [""BAv"", ""i"", ""sya"", ""ti""]}, {""rule_source"": ""azwADyAyI"", ""rule"": ""3.4.114"", ""result"": [""BAv"", ""i"", ""sya"", ""ti""]}, {""rule_source"": ""azwADyAyI"", ""rule"": ""3.4.100"", ""result"": [""BAv"", ""i"", ""sya"", ""t""]}, {""rule_source"": ""azwADyAyI"", ""rule"": ""7.2.35"", ""result"": [""BAv"", ""i"", ""iw"", ""sya"", ""t""]}, {""rule_source"": ""azwADyAyI"", ""rule"": ""1.3.3"", ""result"": [""BAv"", ""i"", ""iw"", ""sya"", ""t""]}, {""rule_source"": ""azwADyAyI"", ""rule"": ""1.3.9"", ""result"": [""BAv"", ""i"", ""i"", ""sya"", ""t""]}, {""rule_source"": ""azwADyAyI"", ""rule"": ""1.4.13"", ""result"": [""BAv"", ""i"", ""i"", ""sya"", ""t""]}, {""rule_source"": ""azwADyAyI"", ""rule"": ""6.4.71"", ""result"": [""aw"", ""BAv"", ""i"", ""i"", ""sya"", ""t""]}, {""rule_source"": ""azwADyAyI"", ""rule"": ""1.3.3"", ""result"": [""aw"", ""BAv"", ""i"", ""i"", ""sya"", ""t""]}, {""rule_source"": ""azwADyAyI"", ""rule"": ""1.3.9"", ""result"": [""a"", ""BAv"", ""i"", ""i"", ""sya"", ""t""]}, {""rule_source"": ""azwADyAyI"", ""rule"": ""7.3.84"", ""result"": [""a"", ""BAv"", ""e"", ""i"", ""sya"", ""t""]}, {""rule_source"": ""azwADyAyI"", ""rule"": ""1.4.14"", ""result"": [""a"", ""BAv"", ""e"", ""i"", ""sya"", ""t""]}, {""rule_source"": ""azwADyAyI"", ""rule"": ""6.1.78"", ""result"": [""a"", ""BAv"", ""ay"", ""i"", ""sya"", ""t""]}, {""rule_source"": ""azwADyAyI"", ""rule"": ""8.2.39"", ""result"": [""a"", ""BAv"", ""ay"", ""i"", ""sya"", ""d""]}, {""rule_source"": ""azwADyAyI"", ""rule"": ""8.3.59"", ""result"": [""a"", ""BAv"", ""ay"", ""i"", ""zya"", ""d""]}, {""rule_source"": ""azwADyAyI"", ""rule"": ""8.4.68"", ""result"": [""a"", ""BAv"", ""ay"", ""i"", ""zya"", ""d""]}]}], ""atmanepada"": [{""form_slp1"": ""aBAvayizyata"", ""steps"": [{""rule_source"": ""azwADyAyI"", ""rule"": ""1.3.1"", ""result"": [""BU""]}, {""rule_source"": ""azwADyAyI"", ""rule"": ""3.1.26"", ""result"": [""BU"", ""Ric""]}, {""rule_source"": ""azwADyAyI"", ""rule"": ""3.1.32"", ""result"": [""BU"", ""Ric""]}, {""rule_source"": ""azwADyAyI"", ""rule"": ""1.3.3"", ""result"": [""BU"", ""Ric""]}, {""rule_source"": ""azwADyAyI"", ""rule"": ""1.3.7"", ""result"": [""BU"", ""Ric""]}, {""rule_source"": ""azwADyAyI"", ""rule"": ""1.3.9"", ""result"": [""BU"", ""i""]}, {""rule_source"": ""azwADyAyI"", ""rule"": ""3.4.114"", ""result"": [""BU"", ""i""]}, {""rule_source"": ""azwADyAyI"", ""rule"": ""1.3.74"", ""result"": [""BU"", ""i""]}, {""rule_source"": ""azwADyAyI"", ""rule"": ""1.4.13"", ""result"": [""BU"", ""i""]}, {""rule_source"": ""azwADyAyI"", ""rule"": ""7.2.115"", ""result"": [""BO"", ""i""]}, {""rule_source"": ""azwADyAyI"", ""rule"": ""6.1.78"", ""result"": [""BAv"", ""i""]}, {""rule_source"": ""azwADyAyI"", ""rule"": ""3.3.139"", ""result"": [""BAv"", ""i"", ""lf~N""]}, {""rule_source"": ""azwADyAyI"", ""rule"": ""1.3.2"", ""result"": [""BAv"", ""i"", ""lf~N""]}, {""rule_source"": ""azwADyAyI"", ""rule"": ""1.3.3"", ""result"": [""BAv"", ""i"", ""lf~N""]}, {""rule_source"": ""azwADyAyI"", ""rule"": ""1.3.9"", ""result"": [""BAv"", ""i"", ""l""]}, {""rule_source"": ""azwADyAyI"", ""rule"": ""3.4.78"", ""result"": [""BAv"", ""i"", ""ta""]}, {""rule_source"": ""azwADyAyI"", ""rule"": ""3.4.113"", ""result"": [""BAv"", ""i"", ""ta""]}, {""rule_source"": ""azwADyAyI"", ""rule"": ""3.1.33"", ""result"": [""BAv"", ""i"", ""sya"", ""ta""]}, {""rule_source"": ""azwADyAyI"", ""rule"": ""3.4.114"", ""result"": [""BAv"", ""i"", ""sya"", ""ta""]}, {""rule_source"": ""azwADyAyI"", ""rule"": ""7.2.35"", ""result"": [""BAv"", ""i"", ""iw"", ""sya"", ""ta""]}, {""rule_source"": ""azwADyAyI"", ""rule"": ""1.3.3"", ""result"": [""BAv"", ""i"", ""iw"", ""sya"", ""ta""]}, {""rule_source"": ""azwADyAyI"", ""rule"": ""1.3.9"", ""result"": [""BAv"", ""i"", ""i"", ""sya"", ""ta""]}, {""rule_source"": ""azwADyAyI"", ""rule"": ""1.2.4"", ""result"": [""BAv"", ""i"", ""i"", ""sya"", ""ta""]}, {""rule_source"": ""azwADyAyI"", ""rule"": ""1.4.13"", ""result"": [""BAv"", ""i"", ""i"", ""sya"", ""ta""]}, {""rule_source"": ""azwADyAyI"", ""rule"": ""6.4.71"", ""result"": [""aw"", ""BAv"", ""i"", ""i"", ""sya"", ""ta""]}, {""rule_source"": ""azwADyAyI"", ""rule"": ""1.3.3"", ""result"": [""aw"", ""BAv"", ""i"", ""i"", ""sya"", ""ta""]}, {""rule_source"": ""azwADyAyI"", ""rule"": ""1.3.9"", ""result"": [""a"", ""BAv"", ""i"", ""i"", ""sya"", ""ta""]}, {""rule_source"": ""azwADyAyI"", ""rule"": ""7.3.84"", ""result"": [""a"", ""BAv"", ""e"", ""i"", ""sya"", ""ta""]}, {""rule_source"": ""azwADyAyI"", ""rule"": ""1.4.14"", ""result"": [""a"", ""BAv"", ""e"", ""i"", ""sya"", ""ta""]}, {""rule_source"": ""azwADyAyI"", ""rule"": ""6.1.78"", ""result"": [""a"", ""BAv"", ""ay"", ""i"", ""sya"", ""ta""]}, {""rule_source"": ""azwADyAyI"", ""rule"": ""8.3.59"", ""result"": [""a"", ""BAv"", ""ay"", ""i"", ""zya"", ""ta""]}, {""rule_source"": ""azwADyAyI"", ""rule"": ""8.4.68"", ""result"": [""a"", ""BAv"", ""ay"", ""i"", ""zya"", ""ta""]}]}]}"
one_upasarga:f68a2f1ffbbbc67b4753,one_upasarga,lat,लट् (laṭ),present,Prathama,Eka,praBavati,,praBavati,1,locally_regenerated,"{""parasmaipada"": [{""form_slp1"": ""praBavati"", ""steps"": [{""rule_source"": ""azwADyAyI"", ""rule"": ""1.3.1"", ""result"": [""BU""]}, {""rule_source"": ""azwADyAyI"", ""rule"": ""1.4.58"", ""result"": [""pra"", ""BU""]}, {""rule_source"": ""azwADyAyI"", ""rule"": ""1.4.59"", ""result"": [""pra"", ""BU""]}, {""rule_source"": ""azwADyAyI"", ""rule"": ""1.4.60"", ""result"": [""pra"", ""BU""]}, {""rule_source"": ""azwADyAyI"", ""rule"": ""1.4.80"", ""result"": [""pra"", ""BU""]}, {""rule_source"": ""azwADyAyI"", ""rule"": ""3.2.123"", ""result"": [""pra"", """", ""BU"", ""la~w""]}, {""rule_source"": ""azwADyAyI"", ""rule"": ""1.3.2"", ""result"": [""pra"", """", ""BU"", ""la~w""]}, {""rule_source"": ""azwADyAyI"", ""rule"": ""1.3.3"", ""result"": [""pra"", """", ""BU"", ""la~w""]}, {""rule_source"": ""azwADyAyI"", ""rule"": ""1.3.9"", ""result"": [""pra"", """", ""BU"", ""l""]}, {""rule_source"": ""azwADyAyI"", ""rule"": ""1.3.78"", ""result"": [""pra"", """", ""BU"", ""l""]}, {""rule_source"": ""azwADyAyI"", ""rule"": ""3.4.78"", ""result"": [""pra"", """", ""BU"", ""tip""]}, {""rule_source"": ""azwADyAyI"", ""rule"": ""1.3.3"", ""result"": [""pra"", """", ""BU"", ""tip""]}, {""rule_source"": ""azwADyAyI"", ""rule"": ""1.3.9"", ""result"": [""pra"", """", ""BU"", ""ti""]}, {""rule_source"": ""azwADyAyI"", ""rule"": ""1.2.45"", ""result"": [""pra"", """", ""BU"", ""ti""]}, {""rule_source"": ""azwADyAyI"", ""rule"": ""3.4.113"", ""result"": [""pra"", """", ""BU"", ""ti""]}, {""rule_source"": ""azwADyAyI"", ""rule"": ""1.1.43"", ""result"": [""pra"", """", ""BU"", ""ti""]}, {""rule_source"": ""azwADyAyI"", ""rule"": ""1.1.37"", ""result"": [""pra"", """", ""BU"", ""ti""]}, {""rule_source"": ""azwADyAyI"", ""rule"": ""3.1.68"", ""result"": [""pra"", """", ""BU"", ""Sap"", ""ti""]}, {""rule_source"": ""azwADyAyI"", ""rule"": ""1.3.3"", ""result"": [""pra"", """", ""BU"", ""Sap"", ""ti""]}, {""rule_source"": ""azwADyAyI"", ""rule"": ""1.3.8"", ""result"": [""pra"", """", ""BU"", ""Sap"", ""ti""]}, {""rule_source"": ""azwADyAyI"", ""rule"": ""1.3.9"", ""result"": [""pra"", """", ""BU"", ""a"", ""ti""]}, {""rule_source"": ""azwADyAyI"", ""rule"": ""3.4.113"", ""result"": [""pra"", """", ""BU"", ""a"", ""ti""]}, {""rule_source"": ""azwADyAyI"", ""rule"": ""1.1.43"", ""result"": [""pra"", """", ""BU"", ""a"", ""ti""]}, {""rule_source"": ""azwADyAyI"", ""rule"": ""1.1.37"", ""result"": [""pra"", """", ""BU"", ""a"", ""ti""]}, {""rule_source"": ""azwADyAyI"", ""rule"": ""1.4.13"", ""result"": [""pra"", """", ""BU"", ""a"", ""ti""]}, {""rule_source"": ""azwADyAyI"", ""rule"": ""7.3.84"", ""result"": [""pra"", """", ""Bo"", ""a"", ""ti""]}, {""rule_source"": ""azwADyAyI"", ""rule"": ""1.4.14"", ""result"": [""pra"", """", ""Bo"", ""a"", ""ti""]}, {""rule_source"": ""azwADyAyI"", ""rule"": ""1.4.14"", ""result"": [""pra"", """", ""Bo"", ""a"", ""ti""]}, {""rule_source"": ""azwADyAyI"", ""rule"": ""6.1.78"", ""result"": [""pra"", """", ""Bav"", ""a"", ""ti""]}, {""rule_source"": ""azwADyAyI"", ""rule"": ""8.4.68"", ""result"": [""pra"", """", ""Bav"", ""a"", ""ti""]}]}], ""atmanepada"": []}"
one_upasarga:f68a2f1ffbbbc67b4753,one_upasarga,lit,लिट् (liṭ),perfect past,Prathama,Eka,prabaBUva,,prabaBUva,1,locally_regenerated,"{""parasmaipada"": [{""form_slp1"": ""prabaBUva"", ""steps"": [{""rule_source"": ""azwADyAyI"", ""rule"": ""1.3.1"", ""result"": [""BU""]}, {""rule_source"": ""azwADyAyI"", ""rule"": ""1.4.58"", ""result"": [""pra"", ""BU""]}, {""rule_source"": ""azwADyAyI"", ""rule"": ""1.4.59"", ""result"": [""pra"", ""BU""]}, {""rule_source"": ""azwADyAyI"", ""rule"": ""1.4.60"", ""result"": [""pra"", ""BU""]}, {""rule_source"": ""azwADyAyI"", ""rule"": ""1.4.80"", ""result"": [""pra"", ""BU""]}, {""rule_source"": ""azwADyAyI"", ""rule"": ""3.2.115"", ""result"": [""pra"", """", ""BU"", ""li~w""]}, {""rule_source"": ""azwADyAyI"", ""rule"": ""1.3.2"", ""result"": [""pra"", """", ""BU"", ""li~w""]}, {""rule_source"": ""azwADyAyI"", ""rule"": ""1.3.3"", ""result"": [""pra"", """", ""BU"", ""li~w""]}, {""rule_source"": ""azwADyAyI"", ""rule"": ""1.3.9"", ""result"": [""pra"", """", ""BU"", ""l""]}, {""rule_source"": ""azwADyAyI"", ""rule"": ""1.3.78"", ""result"": [""pra"", """", ""BU"", ""l""]}, {""rule_source"": ""azwADyAyI"", ""rule"": ""3.4.78"", ""result"": [""pra"", """", ""BU"", ""tip""]}, {""rule_source"": ""azwADyAyI"", ""rule"": ""1.3.3"", ""result"": [""pra"", """", ""BU"", ""tip""]}, {""rule_source"": ""azwADyAyI"", ""rule"": ""1.3.9"", ""result"": [""pra"", """", ""BU"", ""ti""]}, {""rule_source"": ""azwADyAyI"", ""rule"": ""1.2.45"", ""result"": [""pra"", """", ""BU"", ""ti""]}, {""rule_source"": ""azwADyAyI"", ""rule"": ""3.4.115"", ""result"": [""pra"", """", ""BU"", ""ti""]}, {""rule_source"": ""azwADyAyI"", ""rule"": ""1.1.43"", ""result"": [""pra"", """", ""BU"", ""ti""]}, {""rule_source"": ""azwADyAyI"", ""rule"": ""1.1.37"", ""result"": [""pra"", """", ""BU"", ""ti""]}, {""rule_source"": ""azwADyAyI"", ""rule"": ""3.4.82"", ""result"": [""pra"", """", ""BU"", ""Ral""]}, {""rule_source"": ""azwADyAyI"", ""rule"": ""1.3.3"", ""result"": [""pra"", """", ""BU"", ""Ral""]}, {""rule_source"": ""azwADyAyI"", ""rule"": ""1.3.7"", ""result"": [""pra"", """", ""BU"", ""Ral""]}, {""rule_source"": ""azwADyAyI"", ""rule"": ""1.3.9"", ""result"": [""pra"", """", ""BU"", ""a""]}, {""rule_source"": ""azwADyAyI"", ""rule"": ""3.4.115"", ""result"": [""pra"", """", ""BU"", ""a""]}, {""rule_source"": ""azwADyAyI"", ""rule"": ""1.1.43"", ""result"": [""pra"", """", ""BU"", ""a""]}, {""rule_source"": ""azwADyAyI"", ""rule"": ""1.1.37"", ""result"": [""pra"", """", ""BU"", ""a""]}, {""rule_source"": ""azwADyAyI"", ""rule"": ""6.1.8"", ""result"": [""pra"", """", ""BU"", ""BU"", ""a""]}, {""rule_source"": ""azwADyAyI"", ""rule"": ""6.1.4"", ""result"": [""pra"", """", ""BU"", ""BU"", ""a""]}, {""rule_source"": ""azwADyAyI"", ""rule"": ""6.1.5"", ""result"": [""pra"", """", ""BU"", ""BU"", ""a""]}, {""rule_source"": ""azwADyAyI"", ""rule"": ""1.4.13"", ""result"": [""pra"", """", ""BU"", ""BU"", ""a""]}, {""rule_source"": ""azwADyAyI"", ""rule"": ""6.4.88"", ""result"": [""pra"", """", ""BU"", ""BU"", ""vu~k"", ""a""]}, {""rule_source"": ""azwADyAyI"", ""rule"": ""1.3.2"", ""result"": [""pra"", """", ""BU"", ""BU"", ""vu~k"", ""a""]}, {""rule_source"": ""azwADyAyI"", ""rule"": ""1.3.3"", ""result"": [""pra"", """", ""BU"", ""BU"", ""vu~k"", ""a""]}, {""rule_source"": ""azwADyAyI"", ""rule"": ""1.3.9"", ""result"": [""pra"", """", ""BU"", ""BU"", ""v"", ""a""]}, {""rule_source"": ""azwADyAyI"", ""rule"": ""7.4.59"", ""result"": [""pra"", """", ""Bu"", ""BU"", ""v"", ""a""]}, {""rule_source"": ""azwADyAyI"", ""rule"": ""7.4.73"", ""result"": [""pra"", """", ""Ba"", ""BU"", ""v"", ""a""]}, {""rule_source"": ""azwADyAyI"", ""rule"": ""1.4.14"", ""result"": [""pra"", """", ""Ba"", ""BU"", ""v"", ""a""]}, {""rule_source"": ""azwADyAyI"", ""rule"": ""1.4.14"", ""result"": [""pra"", """", ""Ba"", ""BU"", ""v"", ""a""]}, {""rule_source"": ""azwADyAyI"", ""rule"": ""8.4.54"", ""result"": [""pra"", """", ""ba"", ""BU"", ""v"", ""a""]}, {""rule_source"": ""azwADyAyI"", ""rule"": ""8.4.68"", ""result"": [""pra"", """", ""ba"", ""BU"", ""v"", ""a""]}]}], ""atmanepada"": []}"
one_upasarga:f68a2f1ffbbbc67b4753,one_upasarga,lut,लुट् (luṭ),periphrastic future,Prathama,Eka,praBavitA,,praBavitA,1,locally_regenerated,"{""parasmaipada"": [{""form_slp1"": ""praBavitA"", ""steps"": [{""rule_source"": ""azwADyAyI"", ""rule"": ""1.3.1"", ""result"": [""BU""]}, {""rule_source"": ""azwADyAyI"", ""rule"": ""1.4.58"", ""result"": [""pra"", ""BU""]}, {""rule_source"": ""azwADyAyI"", ""rule"": ""1.4.59"", ""result"": [""pra"", ""BU""]}, {""rule_source"": ""azwADyAyI"", ""rule"": ""1.4.60"", ""result"": [""pra"", ""BU""]}, {""rule_source"": ""azwADyAyI"", ""rule"": ""1.4.80"", ""result"": [""pra"", ""BU""]}, {""rule_source"": ""azwADyAyI"", ""rule"": ""3.3.15"", ""result"": [""pra"", """", ""BU"", ""lu~w""]}, {""rule_source"": ""azwADyAyI"", ""rule"": ""1.3.2"", ""result"": [""pra"", """", ""BU"", ""lu~w""]}, {""rule_source"": ""azwADyAyI"", ""rule"": ""1.3.3"", ""result"": [""pra"", """", ""BU"", ""lu~w""]}, {""rule_source"": ""azwADyAyI"", ""rule"": ""1.3.9"", ""result"": [""pra"", """", ""BU"", ""l""]}, {""rule_source"": ""azwADyAyI"", ""rule"": ""1.3.78"", ""result"": [""pra"", """", ""BU"", ""l""]}, {""rule_source"": ""azwADyAyI"", ""rule"": ""3.4.78"", ""result"": [""pra"", """", ""BU"", ""tip""]}, {""rule_source"": ""azwADyAyI"", ""rule"": ""1.3.3"", ""result"": [""pra"", """", ""BU"", ""tip""]}, {""rule_source"": ""azwADyAyI"", ""rule"": ""1.3.9"", ""result"": [""pra"", """", ""BU"", ""ti""]}, {""rule_source"": ""azwADyAyI"", ""rule"": ""1.2.45"", ""result"": [""pra"", """", ""BU"", ""ti""]}, {""rule_source"": ""azwADyAyI"", ""rule"": ""3.4.113"", ""result"": [""pra"", """", ""BU"", ""ti""]}, {""rule_source"": ""azwADyAyI"", ""rule"": ""1.1.43"", ""result"": [""pra"", """", ""BU"", ""ti""]}, {""rule_source"": ""azwADyAyI"", ""rule"": ""1.1.37"", ""result"": [""pra"", """", ""BU"", ""ti""]}, {""rule_source"": ""azwADyAyI"", ""rule"": ""3.1.33"", ""result"": [""pra"", """", ""BU"", ""tAsi~"", ""ti""]}, {""rule_source"": ""azwADyAyI"", ""rule"": ""1.3.2"", ""result"": [""pra"", """", ""BU"", ""tAsi~"", ""ti""]}, {""rule_source"": ""azwADyAyI"", ""rule"": ""1.3.9"", ""result"": [""pra"", """", ""BU"", ""tAs"", ""ti""]}, {""rule_source"": ""azwADyAyI"", ""rule"": ""3.4.114"", ""result"": [""pra"", """", ""BU"", ""tAs"", ""ti""]}, {""rule_source"": ""azwADyAyI"", ""rule"": ""1.1.43"", ""result"": [""pra"", """", ""BU"", ""tAs"", ""ti""]}, {""rule_source"": ""azwADyAyI"", ""rule"": ""1.1.37"", ""result"": [""pra"", """", ""BU"", ""tAs"", ""ti""]}, {""rule_source"": ""azwADyAyI"", ""rule"": ""2.4.85"", ""result"": [""pra"", """", ""BU"", ""tAs"", ""qA""]}, {""rule_source"": ""azwADyAyI"", ""rule"": ""1.3.7"", ""result"": [""pra"", """", ""BU"", ""tAs"", ""qA""]}, {""rule_source"": ""azwADyAyI"", ""rule"": ""1.3.9"", ""result"": [""pra"", """", ""BU"", ""tAs"", ""A""]}, {""rule_source"": ""azwADyAyI"", ""rule"": ""7.2.35"", ""result"": [""pra"", """", ""BU"", ""iw"", ""tAs"", ""A""]}, {""rule_source"": ""azwADyAyI"", ""rule"": ""1.3.3"", ""result"": [""pra"", """", ""BU"", ""iw"", ""tAs"", ""A""]}, {""rule_source"": ""azwADyAyI"", ""rule"": ""1.3.9"", ""result"": [""pra"", """", ""BU"", ""i"", ""tAs"", ""A""]}, {""rule_source"": ""azwADyAyI"", ""rule"": ""1.4.13"", ""result"": [""pra"", """", ""BU"", ""i"", ""tAs"", ""A""]}, {""rule_source"": ""azwADyAyI"", ""rule"": ""7.3.84"", ""result"": [""pra"", """", ""Bo"", ""i"", ""tAs"", ""A""]}, {""rule_source"": ""azwADyAyI"", ""rule"": ""1.4.14"", ""result"": [""pra"", """", ""Bo"", ""i"", ""tAs"", ""A""]}, {""rule_source"": ""azwADyAyI"", ""rule"": ""1.4.14"", ""result"": [""pra"", """", ""Bo"", ""i"", ""tAs"", ""A""]}, {""rule_source"": ""azwADyAyI"", ""rule"": ""6.4.143"", ""result"": [""pra"", """", ""Bo"", ""i"", ""t"", ""A""]}, {""rule_source"": ""azwADyAyI"", ""rule"": ""6.1.78"", ""result"": [""pra"", """", ""Bav"", ""i"", ""t"", ""A""]}, {""rule_source"": ""azwADyAyI"", ""rule"": ""8.4.68"", ""result"": [""pra"", """", ""Bav"", ""i"", ""t"", ""A""]}]}], ""atmanepada"": []}"
one_upasarga:f68a2f1ffbbbc67b4753,one_upasarga,lrt,लृट् (lṛṭ),future,Prathama,Eka,praBavizyati,,praBavizyati,1,locally_regenerated,"{""parasmaipada"": [{""form_slp1"": ""praBavizyati"", ""steps"": [{""rule_source"": ""azwADyAyI"", ""rule"": ""1.3.1"", ""result"": [""BU""]}, {""rule_source"": ""azwADyAyI"", ""rule"": ""1.4.58"", ""result"": [""pra"", ""BU""]}, {""rule_source"": ""azwADyAyI"", ""rule"": ""1.4.59"", ""result"": [""pra"", ""BU""]}, {""rule_source"": ""azwADyAyI"", ""rule"": ""1.4.60"", ""result"": [""pra"", ""BU""]}, {""rule_source"": ""azwADyAyI"", ""rule"": ""1.4.80"", ""result"": [""pra"", ""BU""]}, {""rule_source"": ""azwADyAyI"", ""rule"": ""3.3.13"", ""result"": [""pra"", """", ""BU"", ""lf~w""]}, {""rule_source"": ""azwADyAyI"", ""rule"": ""1.3.2"", ""result"": [""pra"", """", ""BU"", ""lf~w""]}, {""rule_source"": ""azwADyAyI"", ""rule"": ""1.3.3"", ""result"": [""pra"", """", ""BU"", ""lf~w""]}, {""rule_source"": ""azwADyAyI"", ""rule"": ""1.3.9"", ""result"": [""pra"", """", ""BU"", ""l""]}, {""rule_source"": ""azwADyAyI"", ""rule"": ""1.3.78"", ""result"": [""pra"", """", ""BU"", ""l""]}, {""rule_source"": ""azwADyAyI"", ""rule"": ""3.4.78"", ""result"": [""pra"", """", ""BU"", ""tip""]}, {""rule_source"": ""azwADyAyI"", ""rule"": ""1.3.3"", ""result"": [""pra"", """", ""BU"", ""tip""]}, {""rule_source"": ""azwADyAyI"", ""rule"": ""1.3.9"", ""result"": [""pra"", """", ""BU"", ""ti""]}, {""rule_source"": ""azwADyAyI"", ""rule"": ""1.2.45"", ""result"": [""pra"", """", ""BU"", ""ti""]}, {""rule_source"": ""azwADyAyI"", ""rule"": ""3.4.113"", ""result"": [""pra"", """", ""BU"", ""ti""]}, {""rule_source"": ""azwADyAyI"", ""rule"": ""1.1.43"", ""result"": [""pra"", """", ""BU"", ""ti""]}, {""rule_source"": ""azwADyAyI"", ""rule"": ""1.1.37"", ""result"": [""pra"", """", ""BU"", ""ti""]}, {""rule_source"": ""azwADyAyI"", ""rule"": ""3.1.33"", ""result"": [""pra"", """", ""BU"", ""sya"", ""ti""]}, {""rule_source"": ""azwADyAyI"", ""rule"": ""3.4.114"", ""result"": [""pra"", """", ""BU"", ""sya"", ""ti""]}, {""rule_source"": ""azwADyAyI"", ""rule"": ""1.1.43"", ""result"": [""pra"", """", ""BU"", ""sya"", ""ti""]}, {""rule_source"": ""azwADyAyI"", ""rule"": ""1.1.37"", ""result"": [""pra"", """", ""BU"", ""sya"", ""ti""]}, {""rule_source"": ""azwADyAyI"", ""rule"": ""7.2.35"", ""result"": [""pra"", """", ""BU"", ""iw"", ""sya"", ""ti""]}, {""rule_source"": ""azwADyAyI"", ""rule"": ""1.3.3"", ""result"": [""pra"", """", ""BU"", ""iw"", ""sya"", ""ti""]}, {""rule_source"": ""azwADyAyI"", ""rule"": ""1.3.9"", ""result"": [""pra"", """", ""BU"", ""i"", ""sya"", ""ti""]}, {""rule_source"": ""azwADyAyI"", ""rule"": ""1.4.13"", ""result"": [""pra"", """", ""BU"", ""i"", ""sya"", ""ti""]}, {""rule_source"": ""azwADyAyI"", ""rule"": ""7.3.84"", ""result"": [""pra"", """", ""Bo"", ""i"", ""sya"", ""ti""]}, {""rule_source"": ""azwADyAyI"", ""rule"": ""1.4.14"", ""result"": [""pra"", """", ""Bo"", ""i"", ""sya"", ""ti""]}, {""rule_source"": ""azwADyAyI"", ""rule"": ""1.4.14"", ""result"": [""pra"", """", ""Bo"", ""i"", ""sya"", ""ti""]}, {""rule_source"": ""azwADyAyI"", ""rule"": ""6.1.78"", ""result"": [""pra"", """", ""Bav"", ""i"", ""sya"", ""ti""]}, {""rule_source"": ""azwADyAyI"", ""rule"": ""8.3.59"", ""result"": [""pra"", """", ""Bav"", ""i"", ""zya"", ""ti""]}, {""rule_source"": ""azwADyAyI"", ""rule"": ""8.4.68"", ""result"": [""pra"", """", ""Bav"", ""i"", ""zya"", ""ti""]}]}], ""atmanepada"": []}"
one_upasarga:f68a2f1ffbbbc67b4753,one_upasarga,lot,लोट् (loṭ),command or request,Prathama,Eka,praBavatAd;praBavatAt;praBavatu,,praBavatAd;praBavatAt;praBavatu,3,locally_regenerated,"{""parasmaipada"": [{""form_slp1"": ""praBavatAt"", ""steps"": [{""rule_source"": ""azwADyAyI"", ""rule"": ""1.3.1"", ""result"": [""BU""]}, {""rule_source"": ""azwADyAyI"", ""rule"": ""1.4.58"", ""result"": [""pra"", ""BU""]}, {""rule_source"": ""azwADyAyI"", ""rule"": ""1.4.59"", ""result"": [""pra"", ""BU""]}, {""rule_source"": ""azwADyAyI"", ""rule"": ""1.4.60"", ""result"": [""pra"", ""BU""]}, {""rule_source"": ""azwADyAyI"", ""rule"": ""1.4.80"", ""result"": [""pra"", ""BU""]}, {""rule_source"": ""azwADyAyI"", ""rule"": ""3.3.162"", ""result"": [""pra"", """", ""BU"", ""lo~w""]}, {""rule_source"": ""azwADyAyI"", ""rule"": ""1.3.2"", ""result"": [""pra"", """", ""BU"", ""lo~w""]}, {""rule_source"": ""azwADyAyI"", ""rule"": ""1.3.3"", ""result"": [""pra"", """", ""BU"", ""lo~w""]}, {""rule_source"": ""azwADyAyI"", ""rule"": ""1.3.9"", ""result"": [""pra"", """", ""BU"", ""l""]}, {""rule_source"": ""azwADyAyI"", ""rule"": ""1.3.78"", ""result"": [""pra"", """", ""BU"", ""l""]}, {""rule_source"": ""azwADyAyI"", ""rule"": ""3.4.78"", ""result"": [""pra"", """", ""BU"", ""tip""]}, {""rule_source"": ""azwADyAyI"", ""rule"": ""1.3.3"", ""result"": [""pra"", """", ""BU"", ""tip""]}, {""rule_source"": ""azwADyAyI"", ""rule"": ""1.3.9"", ""result"": [""pra"", """", ""BU"", ""ti""]}, {""rule_source"": ""azwADyAyI"", ""rule"": ""1.2.45"", ""result"": [""pra"", """", ""BU"", ""ti""]}, {""rule_source"": ""azwADyAyI"", ""rule"": ""3.4.113"", ""result"": [""pra"", """", ""BU"", ""ti""]}, {""rule_source"": ""azwADyAyI"", ""rule"": ""1.1.43"", ""result"": [""pra"", """", ""BU"", ""ti""]}, {""rule_source"": ""azwADyAyI"", ""rule"": ""1.1.37"", ""result"": [""pra"", """", ""BU"", ""ti""]}, {""rule_source"": ""azwADyAyI"", ""rule"": ""3.1.68"", ""result"": [""pra"", """", ""BU"", ""Sap"", ""ti""]}, {""rule_source"": ""azwADyAyI"", ""rule"": ""1.3.3"", ""result"": [""pra"", """", ""BU"", ""Sap"", ""ti""]}, {""rule_source"": ""azwADyAyI"", ""rule"": ""1.3.8"", ""result"": [""pra"", """", ""BU"", ""Sap"", ""ti""]}, {""rule_source"": ""azwADyAyI"", ""rule"": ""1.3.9"", ""result"": [""pra"", """", ""BU"", ""a"", ""ti""]}, {""rule_source"": ""azwADyAyI"", ""rule"": ""3.4.113"", ""result"": [""pra"", """", ""BU"", ""a"", ""ti""]}, {""rule_source"": ""azwADyAyI"", ""rule"": ""1.1.43"", ""result"": [""pra"", """", ""BU"", ""a"", ""ti""]}, {""rule_source"": ""azwADyAyI"", ""rule"": ""1.1.37"", ""result"": [""pra"", """", ""BU"", ""a"", ""ti""]}, {""rule_source"": ""azwADyAyI"", ""rule"": ""3.4.86"", ""result"": [""pra"", """", ""BU"", ""a"", ""tu""]}, {""rule_source"": ""azwADyAyI"", ""rule"": ""7.1.35"", ""result"": [""pra"", """", ""BU"", ""a"", ""tAta~N""]}, {""rule_source"": ""azwADyAyI"", ""rule"": ""1.3.2"", ""result"": [""pra"", """", ""BU"", ""a"", ""tAta~N""]}, {""rule_source"": ""azwADyAyI"", ""rule"": ""1.3.3"", ""result"": [""pra"", """", ""BU"", ""a"", ""tAta~N""]}, {""rule_source"": ""azwADyAyI"", ""rule"": ""1.3.9"", ""result"": [""pra"", """", ""BU"", ""a"", ""tAt""]}, {""rule_source"": ""azwADyAyI"", ""rule"": ""1.4.13"", ""result"": [""pra"", """", ""BU"", ""a"", ""tAt""]}, {""rule_source"": ""azwADyAyI"", ""rule"": ""7.3.84"", ""result"": [""pra"", """", ""Bo"", ""a"", ""tAt""]}, {""rule_source"": ""azwADyAyI"", ""rule"": ""1.4.14"", ""result"": [""pra"", """", ""Bo"", ""a"", ""tAt""]}, {""rule_source"": ""azwADyAyI"", ""rule"": ""1.4.14"", ""result"": [""pra"", """", ""Bo"", ""a"", ""tAt""]}, {""rule_source"": ""azwADyAyI"", ""rule"": ""6.1.78"", ""result"": [""pra"", """", ""Bav"", ""a"", ""tAt""]}, {""rule_source"": ""azwADyAyI"", ""rule"": ""8.2.39"", ""result"": [""pra"", """", ""Bav"", ""a"", ""tAd""]}, {""rule_source"": ""azwADyAyI"", ""rule"": ""8.4.56"", ""result"": [""pra"", """", ""Bav"", ""a"", ""tAt""]}, {""rule_source"": ""azwADyAyI"", ""rule"": ""8.4.68"", ""result"": [""pra"", """", ""Bav"", ""a"", ""tAt""]}]}, {""form_slp1"": ""praBavatAd"", ""steps"": [{""rule_source"": ""azwADyAyI"", ""rule"": ""1.3.1"", ""result"": [""BU""]}, {""rule_source"": ""azwADyAyI"", ""rule"": ""1.4.58"", ""result"": [""pra"", ""BU""]}, {""rule_source"": ""azwADyAyI"", ""rule"": ""1.4.59"", ""result"": [""pra"", ""BU""]}, {""rule_source"": ""azwADyAyI"", ""rule"": ""1.4.60"", ""result"": [""pra"", ""BU""]}, {""rule_source"": ""azwADyAyI"", ""rule"": ""1.4.80"", ""result"": [""pra"", ""BU""]}, {""rule_source"": ""azwADyAyI"", ""rule"": ""3.3.162"", ""result"": [""pra"", """", ""BU"", ""lo~w""]}, {""rule_source"": ""azwADyAyI"", ""rule"": ""1.3.2"", ""result"": [""pra"", """", ""BU"", ""lo~w""]}, {""rule_source"": ""azwADyAyI"", ""rule"": ""1.3.3"", ""result"": [""pra"", """", ""BU"", ""lo~w""]}, {""rule_source"": ""azwADyAyI"", ""rule"": ""1.3.9"", ""result"": [""pra"", """", ""BU"", ""l""]}, {""rule_source"": ""azwADyAyI"", ""rule"": ""1.3.78"", ""result"": [""pra"", """", ""BU"", ""l""]}, {""rule_source"": ""azwADyAyI"", ""rule"": ""3.4.78"", ""result"": [""pra"", """", ""BU"", ""tip""]}, {""rule_source"": ""azwADyAyI"", ""rule"": ""1.3.3"", ""result"": [""pra"", """", ""BU"", ""tip""]}, {""rule_source"": ""azwADyAyI"", ""rule"": ""1.3.9"", ""result"": [""pra"", """", ""BU"", ""ti""]}, {""rule_source"": ""azwADyAyI"", ""rule"": ""1.2.45"", ""result"": [""pra"", """", ""BU"", ""ti""]}, {""rule_source"": ""azwADyAyI"", ""rule"": ""3.4.113"", ""result"": [""pra"", """", ""BU"", ""ti""]}, {""rule_source"": ""azwADyAyI"", ""rule"": ""1.1.43"", ""result"": [""pra"", """", ""BU"", ""ti""]}, {""rule_source"": ""azwADyAyI"", ""rule"": ""1.1.37"", ""result"": [""pra"", """", ""BU"", ""ti""]}, {""rule_source"": ""azwADyAyI"", ""rule"": ""3.1.68"", ""result"": [""pra"", """", ""BU"", ""Sap"", ""ti""]}, {""rule_source"": ""azwADyAyI"", ""rule"": ""1.3.3"", ""result"": [""pra"", """", ""BU"", ""Sap"", ""ti""]}, {""rule_source"": ""azwADyAyI"", ""rule"": ""1.3.8"", ""result"": [""pra"", """", ""BU"", ""Sap"", ""ti""]}, {""rule_source"": ""azwADyAyI"", ""rule"": ""1.3.9"", ""result"": [""pra"", """", ""BU"", ""a"", ""ti""]}, {""rule_source"": ""azwADyAyI"", ""rule"": ""3.4.113"", ""result"": [""pra"", """", ""BU"", ""a"", ""ti""]}, {""rule_source"": ""azwADyAyI"", ""rule"": ""1.1.43"", ""result"": [""pra"", """", ""BU"", ""a"", ""ti""]}, {""rule_source"": ""azwADyAyI"", ""rule"": ""1.1.37"", ""result"": [""pra"", """", ""BU"", ""a"", ""ti""]}, {""rule_source"": ""azwADyAyI"", ""rule"": ""3.4.86"", ""result"": [""pra"", """", ""BU"", ""a"", ""tu""]}, {""rule_source"": ""azwADyAyI"", ""rule"": ""7.1.35"", ""result"": [""pra"", """", ""BU"", ""a"", ""tAta~N""]}, {""rule_source"": ""azwADyAyI"", ""rule"": ""1.3.2"", ""result"": [""pra"", """", ""BU"", ""a"", ""tAta~N""]}, {""rule_source"": ""azwADyAyI"", ""rule"": ""1.3.3"", ""result"": [""pra"", """", ""BU"", ""a"", ""tAta~N""]}, {""rule_source"": ""azwADyAyI"", ""rule"": ""1.3.9"", ""result"": [""pra"", """", ""BU"", ""a"", ""tAt""]}, {""rule_source"": ""azwADyAyI"", ""rule"": ""1.4.13"", ""result"": [""pra"", """", ""BU"", ""a"", ""tAt""]}, {""rule_source"": ""azwADyAyI"", ""rule"": ""7.3.84"", ""result"": [""pra"", """", ""Bo"", ""a"", ""tAt""]}, {""rule_source"": ""azwADyAyI"", ""rule"": ""1.4.14"", ""result"": [""pra"", """", ""Bo"", ""a"", ""tAt""]}, {""rule_source"": ""azwADyAyI"", ""rule"": ""1.4.14"", ""result"": [""pra"", """", ""Bo"", ""a"", ""tAt""]}, {""rule_source"": ""azwADyAyI"", ""rule"": ""6.1.78"", ""result"": [""pra"", """", ""Bav"", ""a"", ""tAt""]}, {""rule_source"": ""azwADyAyI"", ""rule"": ""8.2.39"", ""result"": [""pra"", """", ""Bav"", ""a"", ""tAd""]}, {""rule_source"": ""azwADyAyI"", ""rule"": ""8.4.68"", ""result"": [""pra"", """", ""Bav"", ""a"", ""tAd""]}]}, {""form_slp1"": ""praBavatu"", ""steps"": [{""rule_source"": ""azwADyAyI"", ""rule"": ""1.3.1"", ""result"": [""BU""]}, {""rule_source"": ""azwADyAyI"", ""rule"": ""1.4.58"", ""result"": [""pra"", ""BU""]}, {""rule_source"": ""azwADyAyI"", ""rule"": ""1.4.59"", ""result"": [""pra"", ""BU""]}, {""rule_source"": ""azwADyAyI"", ""rule"": ""1.4.60"", ""result"": [""pra"", ""BU""]}, {""rule_source"": ""azwADyAyI"", ""rule"": ""1.4.80"", ""result"": [""pra"", ""BU""]}, {""rule_source"": ""azwADyAyI"", ""rule"": ""3.3.162"", ""result"": [""pra"", """", ""BU"", ""lo~w""]}, {""rule_source"": ""azwADyAyI"", ""rule"": ""1.3.2"", ""result"": [""pra"", """", ""BU"", ""lo~w""]}, {""rule_source"": ""azwADyAyI"", ""rule"": ""1.3.3"", ""result"": [""pra"", """", ""BU"", ""lo~w""]}, {""rule_source"": ""azwADyAyI"", ""rule"": ""1.3.9"", ""result"": [""pra"", """", ""BU"", ""l""]}, {""rule_source"": ""azwADyAyI"", ""rule"": ""1.3.78"", ""result"": [""pra"", """", ""BU"", ""l""]}, {""rule_source"": ""azwADyAyI"", ""rule"": ""3.4.78"", ""result"": [""pra"", """", ""BU"", ""tip""]}, {""rule_source"": ""azwADyAyI"", ""rule"": ""1.3.3"", ""result"": [""pra"", """", ""BU"", ""tip""]}, {""rule_source"": ""azwADyAyI"", ""rule"": ""1.3.9"", ""result"": [""pra"", """", ""BU"", ""ti""]}, {""rule_source"": ""azwADyAyI"", ""rule"": ""1.2.45"", ""result"": [""pra"", """", ""BU"", ""ti""]}, {""rule_source"": ""azwADyAyI"", ""rule"": ""3.4.113"", ""result"": [""pra"", """", ""BU"", ""ti""]}, {""rule_source"": ""azwADyAyI"", ""rule"": ""1.1.43"", ""result"": [""pra"", """", ""BU"", ""ti""]}, {""rule_source"": ""azwADyAyI"", ""rule"": ""1.1.37"", ""result"": [""pra"", """", ""BU"", ""ti""]}, {""rule_source"": ""azwADyAyI"", ""rule"": ""3.1.68"", ""result"": [""pra"", """", ""BU"", ""Sap"", ""ti""]}, {""rule_source"": ""azwADyAyI"", ""rule"": ""1.3.3"", ""result"": [""pra"", """", ""BU"", ""Sap"", ""ti""]}, {""rule_source"": ""azwADyAyI"", ""rule"": ""1.3.8"", ""result"": [""pra"", """", ""BU"", ""Sap"", ""ti""]}, {""rule_source"": ""azwADyAyI"", ""rule"": ""1.3.9"", ""result"": [""pra"", """", ""BU"", ""a"", ""ti""]}, {""rule_source"": ""azwADyAyI"", ""rule"": ""3.4.113"", ""result"": [""pra"", """", ""BU"", ""a"", ""ti""]}, {""rule_source"": ""azwADyAyI"", ""rule"": ""1.1.43"", ""result"": [""pra"", """", ""BU"", ""a"", ""ti""]}, {""rule_source"": ""azwADyAyI"", ""rule"": ""1.1.37"", ""result"": [""pra"", """", ""BU"", ""a"", ""ti""]}, {""rule_source"": ""azwADyAyI"", ""rule"": ""3.4.86"", ""result"": [""pra"", """", ""BU"", ""a"", ""tu""]}, {""rule_source"": ""azwADyAyI"", ""rule"": ""1.4.13"", ""result"": [""pra"", """", ""BU"", ""a"", ""tu""]}, {""rule_source"": ""azwADyAyI"", ""rule"": ""7.3.84"", ""result"": [""pra"", """", ""Bo"", ""a"", ""tu""]}, {""rule_source"": ""azwADyAyI"", ""rule"": ""1.4.14"", ""result"": [""pra"", """", ""Bo"", ""a"", ""tu""]}, {""rule_source"": ""azwADyAyI"", ""rule"": ""1.4.14"", ""result"": [""pra"", """", ""Bo"", ""a"", ""tu""]}, {""rule_source"": ""azwADyAyI"", ""rule"": ""6.1.78"", ""result"": [""pra"", """", ""Bav"", ""a"", ""tu""]}, {""rule_source"": ""azwADyAyI"", ""rule"": ""8.4.68"", ""result"": [""pra"", """", ""Bav"", ""a"", ""tu""]}]}], ""atmanepada"": []}"
one_upasarga:f68a2f1ffbbbc67b4753,one_upasarga,lan,लङ् (laṅ),imperfect past,Prathama,Eka,prABavad;prABavat,,prABavad;prABavat,2,locally_regenerated,"{""parasmaipada"": [{""form_slp1"": ""prABavat"", ""steps"": [{""rule_source"": ""azwADyAyI"", ""rule"": ""1.3.1"", ""result"": [""BU""]}, {""rule_source"": ""azwADyAyI"", ""rule"": ""1.4.58"", ""result"": [""pra"", ""BU""]}, {""rule_source"": ""azwADyAyI"", ""rule"": ""1.4.59"", ""result"": [""pra"", ""BU""]}, {""rule_source"": ""azwADyAyI"", ""rule"": ""1.4.60"", ""result"": [""pra"", ""BU""]}, {""rule_source"": ""azwADyAyI"", ""rule"": ""1.4.80"", ""result"": [""pra"", ""BU""]}, {""rule_source"": ""azwADyAyI"", ""rule"": ""3.2.111"", ""result"": [""pra"", """", ""BU"", ""laN""]}, {""rule_source"": ""azwADyAyI"", ""rule"": ""1.3.3"", ""result"": [""pra"", """", ""BU"", ""laN""]}, {""rule_source"": ""azwADyAyI"", ""rule"": ""1.3.9"", ""result"": [""pra"", """", ""BU"", ""la""]}, {""rule_source"": ""azwADyAyI"", ""rule"": ""1.3.78"", ""result"": [""pra"", """", ""BU"", ""la""]}, {""rule_source"": ""azwADyAyI"", ""rule"": ""3.4.78"", ""result"": [""pra"", """", ""BU"", ""tip""]}, {""rule_source"": ""azwADyAyI"", ""rule"": ""1.3.3"", ""result"": [""pra"", """", ""BU"", ""tip""]}, {""rule_source"": ""azwADyAyI"", ""rule"": ""1.3.9"", ""result"": [""pra"", """", ""BU"", ""ti""]}, {""rule_source"": ""azwADyAyI"", ""rule"": ""1.2.45"", ""result"": [""pra"", """", ""BU"", ""ti""]}, {""rule_source"": ""azwADyAyI"", ""rule"": ""3.4.113"", ""result"": [""pra"", """", ""BU"", ""ti""]}, {""rule_source"": ""azwADyAyI"", ""rule"": ""1.1.43"", ""result"": [""pra"", """", ""BU"", ""ti""]}, {""rule_source"": ""azwADyAyI"", ""rule"": ""1.1.37"", ""result"": [""pra"", """", ""BU"", ""ti""]}, {""rule_source"": ""azwADyAyI"", ""rule"": ""3.1.68"", ""result"": [""pra"", """", ""BU"", ""Sap"", ""ti""]}, {""rule_source"": ""azwADyAyI"", ""rule"": ""1.3.3"", ""result"": [""pra"", """", ""BU"", ""Sap"", ""ti""]}, {""rule_source"": ""azwADyAyI"", ""rule"": ""1.3.8"", ""result"": [""pra"", """", ""BU"", ""Sap"", ""ti""]}, {""rule_source"": ""azwADyAyI"", ""rule"": ""1.3.9"", ""result"": [""pra"", """", ""BU"", ""a"", ""ti""]}, {""rule_source"": ""azwADyAyI"", ""rule"": ""3.4.113"", ""result"": [""pra"", """", ""BU"", ""a"", ""ti""]}, {""rule_source"": ""azwADyAyI"", ""rule"": ""1.1.43"", ""result"": [""pra"", """", ""BU"", ""a"", ""ti""]}, {""rule_source"": ""azwADyAyI"", ""rule"": ""1.1.37"", ""result"": [""pra"", """", ""BU"", ""a"", ""ti""]}, {""rule_source"": ""azwADyAyI"", ""rule"": ""3.4.100"", ""result"": [""pra"", """", ""BU"", ""a"", ""t""]}, {""rule_source"": ""azwADyAyI"", ""rule"": ""1.4.13"", ""result"": [""pra"", """", ""BU"", ""a"", ""t""]}, {""rule_source"": ""azwADyAyI"", ""rule"": ""6.4.71"", ""result"": [""pra"", """", ""aw"", ""BU"", ""a"", ""t""]}, {""rule_source"": ""azwADyAyI"", ""rule"": ""1.3.3"", ""result"": [""pra"", """", ""aw"", ""BU"", ""a"", ""t""]}, {""rule_source"": ""azwADyAyI"", ""rule"": ""1.3.9"", ""result"": [""pra"", """", ""a"", ""BU"", ""a"", ""t""]}, {""rule_source"": ""azwADyAyI"", ""rule"": ""7.3.84"", ""result"": [""pra"", """", ""a"", ""Bo"", ""a"", ""t""]}, {""rule_source"": ""azwADyAyI"", ""rule"": ""1.4.14"", ""result"": [""pra"", """", ""a"", ""Bo"", ""a"", ""t""]}, {""rule_source"": ""azwADyAyI"", ""rule"": ""1.4.14"", ""result"": [""pra"", """", ""a"", ""Bo"", ""a"", ""t""]}, {""rule_source"": ""azwADyAyI"", ""rule"": ""6.1.101"", ""result"": [""prA"", """", """", ""Bo"", ""a"", ""t""]}, {""rule_source"": ""azwADyAyI"", ""rule"": ""6.1.78"", ""result"": [""prA"", """", """", ""Bav"", ""a"", ""t""]}, {""rule_source"": ""azwADyAyI"", ""rule"": ""8.2.39"", ""result"": [""prA"", """", """", ""Bav"", ""a"", ""d""]}, {""rule_source"": ""azwADyAyI"", ""rule"": ""8.4.56"", ""result"": [""prA"", """", """", ""Bav"", ""a"", ""t""]}, {""rule_source"": ""azwADyAyI"", ""rule"": ""8.4.68"", ""result"": [""prA"", """", """", ""Bav"", ""a"", ""t""]}]}, {""form_slp1"": ""prABavad"", ""steps"": [{""rule_source"": ""azwADyAyI"", ""rule"": ""1.3.1"", ""result"": [""BU""]}, {""rule_source"": ""azwADyAyI"", ""rule"": ""1.4.58"", ""result"": [""pra"", ""BU""]}, {""rule_source"": ""azwADyAyI"", ""rule"": ""1.4.59"", ""result"": [""pra"", ""BU""]}, {""rule_source"": ""azwADyAyI"", ""rule"": ""1.4.60"", ""result"": [""pra"", ""BU""]}, {""rule_source"": ""azwADyAyI"", ""rule"": ""1.4.80"", ""result"": [""pra"", ""BU""]}, {""rule_source"": ""azwADyAyI"", ""rule"": ""3.2.111"", ""result"": [""pra"", """", ""BU"", ""laN""]}, {""rule_source"": ""azwADyAyI"", ""rule"": ""1.3.3"", ""result"": [""pra"", """", ""BU"", ""laN""]}, {""rule_source"": ""azwADyAyI"", ""rule"": ""1.3.9"", ""result"": [""pra"", """", ""BU"", ""la""]}, {""rule_source"": ""azwADyAyI"", ""rule"": ""1.3.78"", ""result"": [""pra"", """", ""BU"", ""la""]}, {""rule_source"": ""azwADyAyI"", ""rule"": ""3.4.78"", ""result"": [""pra"", """", ""BU"", ""tip""]}, {""rule_source"": ""azwADyAyI"", ""rule"": ""1.3.3"", ""result"": [""pra"", """", ""BU"", ""tip""]}, {""rule_source"": ""azwADyAyI"", ""rule"": ""1.3.9"", ""result"": [""pra"", """", ""BU"", ""ti""]}, {""rule_source"": ""azwADyAyI"", ""rule"": ""1.2.45"", ""result"": [""pra"", """", ""BU"", ""ti""]}, {""rule_source"": ""azwADyAyI"", ""rule"": ""3.4.113"", ""result"": [""pra"", """", ""BU"", ""ti""]}, {""rule_source"": ""azwADyAyI"", ""rule"": ""1.1.43"", ""result"": [""pra"", """", ""BU"", ""ti""]}, {""rule_source"": ""azwADyAyI"", ""rule"": ""1.1.37"", ""result"": [""pra"", """", ""BU"", ""ti""]}, {""rule_source"": ""azwADyAyI"", ""rule"": ""3.1.68"", ""result"": [""pra"", """", ""BU"", ""Sap"", ""ti""]}, {""rule_source"": ""azwADyAyI"", ""rule"": ""1.3.3"", ""result"": [""pra"", """", ""BU"", ""Sap"", ""ti""]}, {""rule_source"": ""azwADyAyI"", ""rule"": ""1.3.8"", ""result"": [""pra"", """", ""BU"", ""Sap"", ""ti""]}, {""rule_source"": ""azwADyAyI"", ""rule"": ""1.3.9"", ""result"": [""pra"", """", ""BU"", ""a"", ""ti""]}, {""rule_source"": ""azwADyAyI"", ""rule"": ""3.4.113"", ""result"": [""pra"", """", ""BU"", ""a"", ""ti""]}, {""rule_source"": ""azwADyAyI"", ""rule"": ""1.1.43"", ""result"": [""pra"", """", ""BU"", ""a"", ""ti""]}, {""rule_source"": ""azwADyAyI"", ""rule"": ""1.1.37"", ""result"": [""pra"", """", ""BU"", ""a"", ""ti""]}, {""rule_source"": ""azwADyAyI"", ""rule"": ""3.4.100"", ""result"": [""pra"", """", ""BU"", ""a"", ""t""]}, {""rule_source"": ""azwADyAyI"", ""rule"": ""1.4.13"", ""result"": [""pra"", """", ""BU"", ""a"", ""t""]}, {""rule_source"": ""azwADyAyI"", ""rule"": ""6.4.71"", ""result"": [""pra"", """", ""aw"", ""BU"", ""a"", ""t""]}, {""rule_source"": ""azwADyAyI"", ""rule"": ""1.3.3"", ""result"": [""pra"", """", ""aw"", ""BU"", ""a"", ""t""]}, {""rule_source"": ""azwADyAyI"", ""rule"": ""1.3.9"", ""result"": [""pra"", """", ""a"", ""BU"", ""a"", ""t""]}, {""rule_source"": ""azwADyAyI"", ""rule"": ""7.3.84"", ""result"": [""pra"", """", ""a"", ""Bo"", ""a"", ""t""]}, {""rule_source"": ""azwADyAyI"", ""rule"": ""1.4.14"", ""result"": [""pra"", """", ""a"", ""Bo"", ""a"", ""t""]}, {""rule_source"": ""azwADyAyI"", ""rule"": ""1.4.14"", ""result"": [""pra"", """", ""a"", ""Bo"", ""a"", ""t""]}, {""rule_source"": ""azwADyAyI"", ""rule"": ""6.1.101"", ""result"": [""prA"", """", """", ""Bo"", ""a"", ""t""]}, {""rule_source"": ""azwADyAyI"", ""rule"": ""6.1.78"", ""result"": [""prA"", """", """", ""Bav"", ""a"", ""t""]}, {""rule_source"": ""azwADyAyI"", ""rule"": ""8.2.39"", ""result"": [""prA"", """", """", ""Bav"", ""a"", ""d""]}, {""rule_source"": ""azwADyAyI"", ""rule"": ""8.4.68"", ""result"": [""prA"", """", """", ""Bav"", ""a"", ""d""]}]}], ""atmanepada"": []}"
one_upasarga:f68a2f1ffbbbc67b4753,one_upasarga,vidhilin,विधिलिङ् (vidhiliṅ),"possibility, prescription, or intention",Prathama,Eka,praBaved;praBavet,,praBaved;praBavet,2,locally_regenerated,"{""parasmaipada"": [{""form_slp1"": ""praBavet"", ""steps"": [{""rule_source"": ""azwADyAyI"", ""rule"": ""1.3.1"", ""result"": [""BU""]}, {""rule_source"": ""azwADyAyI"", ""rule"": ""1.4.58"", ""result"": [""pra"", ""BU""]}, {""rule_source"": ""azwADyAyI"", ""rule"": ""1.4.59"", ""result"": [""pra"", ""BU""]}, {""rule_source"": ""azwADyAyI"", ""rule"": ""1.4.60"", ""result"": [""pra"", ""BU""]}, {""rule_source"": ""azwADyAyI"", ""rule"": ""1.4.80"", ""result"": [""pra"", ""BU""]}, {""rule_source"": ""azwADyAyI"", ""rule"": ""3.3.161"", ""result"": [""pra"", """", ""BU"", ""li~N""]}, {""rule_source"": ""azwADyAyI"", ""rule"": ""1.3.2"", ""result"": [""pra"", """", ""BU"", ""li~N""]}, {""rule_source"": ""azwADyAyI"", ""rule"": ""1.3.3"", ""result"": [""pra"", """", ""BU"", ""li~N""]}, {""rule_source"": ""azwADyAyI"", ""rule"": ""1.3.9"", ""result"": [""pra"", """", ""BU"", ""l""]}, {""rule_source"": ""azwADyAyI"", ""rule"": ""1.3.78"", ""result"": [""pra"", """", ""BU"", ""l""]}, {""rule_source"": ""azwADyAyI"", ""rule"": ""3.4.78"", ""result"": [""pra"", """", ""BU"", ""tip""]}, {""rule_source"": ""azwADyAyI"", ""rule"": ""1.3.3"", ""result"": [""pra"", """", ""BU"", ""tip""]}, {""rule_source"": ""azwADyAyI"", ""rule"": ""1.3.9"", ""result"": [""pra"", """", ""BU"", ""ti""]}, {""rule_source"": ""azwADyAyI"", ""rule"": ""1.2.45"", ""result"": [""pra"", """", ""BU"", ""ti""]}, {""rule_source"": ""azwADyAyI"", ""rule"": ""3.4.113"", ""result"": [""pra"", """", ""BU"", ""ti""]}, {""rule_source"": ""azwADyAyI"", ""rule"": ""1.1.43"", ""result"": [""pra"", """", ""BU"", ""ti""]}, {""rule_source"": ""azwADyAyI"", ""rule"": ""1.1.37"", ""result"": [""pra"", """", ""BU"", ""ti""]}, {""rule_source"": ""azwADyAyI"", ""rule"": ""3.1.68"", ""result"": [""pra"", """", ""BU"", ""Sap"", ""ti""]}, {""rule_source"": ""azwADyAyI"", ""rule"": ""1.3.3"", ""result"": [""pra"", """", ""BU"", ""Sap"", ""ti""]}, {""rule_source"": ""azwADyAyI"", ""rule"": ""1.3.8"", ""result"": [""pra"", """", ""BU"", ""Sap"", ""ti""]}, {""rule_source"": ""azwADyAyI"", ""rule"": ""1.3.9"", ""result"": [""pra"", """", ""BU"", ""a"", ""ti""]}, {""rule_source"": ""azwADyAyI"", ""rule"": ""3.4.113"", ""result"": [""pra"", """", ""BU"", ""a"", ""ti""]}, {""rule_source"": ""azwADyAyI"", ""rule"": ""1.1.43"", ""result"": [""pra"", """", ""BU"", ""a"", ""ti""]}, {""rule_source"": ""azwADyAyI"", ""rule"": ""1.1.37"", ""result"": [""pra"", """", ""BU"", ""a"", ""ti""]}, {""rule_source"": ""azwADyAyI"", ""rule"": ""3.4.100"", ""result"": [""pra"", """", ""BU"", ""a"", ""t""]}, {""rule_source"": ""azwADyAyI"", ""rule"": ""3.4.103"", ""result"": [""pra"", """", ""BU"", ""a"", ""yAsu~w"", ""t""]}, {""rule_source"": ""azwADyAyI"", ""rule"": ""1.3.2"", ""result"": [""pra"", """", ""BU"", ""a"", ""yAsu~w"", ""t""]}, {""rule_source"": ""azwADyAyI"", ""rule"": ""1.3.3"", ""result"": [""pra"", """", ""BU"", ""a"", ""yAsu~w"", ""t""]}, {""rule_source"": ""azwADyAyI"", ""rule"": ""1.3.9"", ""result"": [""pra"", """", ""BU"", ""a"", ""yAs"", ""t""]}, {""rule_source"": ""azwADyAyI"", ""rule"": ""3.4.107"", ""result"": [""pra"", """", ""BU"", ""a"", ""yAs"", ""st""]}, {""rule_source"": ""azwADyAyI"", ""rule"": ""1.4.13"", ""result"": [""pra"", """", ""BU"", ""a"", ""yAs"", ""st""]}, {""rule_source"": ""azwADyAyI"", ""rule"": ""7.2.79"", ""result"": [""pra"", """", ""BU"", ""a"", ""yA"", ""t""]}, {""rule_source"": ""azwADyAyI"", ""rule"": ""7.2.80"", ""result"": [""pra"", """", ""BU"", ""a"", ""iy"", ""t""]}, {""rule_source"": ""azwADyAyI"", ""rule"": ""6.1.66"", ""result"": [""pra"", """", ""BU"", ""a"", ""i"", ""t""]}, {""rule_source"": ""azwADyAyI"", ""rule"": ""7.3.84"", ""result"": [""pra"", """", ""Bo"", ""a"", ""i"", ""t""]}, {""rule_source"": ""azwADyAyI"", ""rule"": ""1.4.14"", ""result"": [""pra"", """", ""Bo"", ""a"", ""i"", ""t""]}, {""rule_source"": ""azwADyAyI"", ""rule"": ""1.4.14"", ""result"": [""pra"", """", ""Bo"", ""a"", ""i"", ""t""]}, {""rule_source"": ""azwADyAyI"", ""rule"": ""6.1.78"", ""result"": [""pra"", """", ""Bav"", ""a"", ""i"", ""t""]}, {""rule_source"": ""azwADyAyI"", ""rule"": ""6.1.87"", ""result"": [""pra"", """", ""Bav"", """", ""e"", ""t""]}, {""rule_source"": ""azwADyAyI"", ""rule"": ""8.2.39"", ""result"": [""pra"", """", ""Bav"", """", ""e"", ""d""]}, {""rule_source"": ""azwADyAyI"", ""rule"": ""8.4.56"", ""result"": [""pra"", """", ""Bav"", """", ""e"", ""t""]}, {""rule_source"": ""azwADyAyI"", ""rule"": ""8.4.68"", ""result"": [""pra"", """", ""Bav"", """", ""e"", ""t""]}]}, {""form_slp1"": ""praBaved"", ""steps"": [{""rule_source"": ""azwADyAyI"", ""rule"": ""1.3.1"", ""result"": [""BU""]}, {""rule_source"": ""azwADyAyI"", ""rule"": ""1.4.58"", ""result"": [""pra"", ""BU""]}, {""rule_source"": ""azwADyAyI"", ""rule"": ""1.4.59"", ""result"": [""pra"", ""BU""]}, {""rule_source"": ""azwADyAyI"", ""rule"": ""1.4.60"", ""result"": [""pra"", ""BU""]}, {""rule_source"": ""azwADyAyI"", ""rule"": ""1.4.80"", ""result"": [""pra"", ""BU""]}, {""rule_source"": ""azwADyAyI"", ""rule"": ""3.3.161"", ""result"": [""pra"", """", ""BU"", ""li~N""]}, {""rule_source"": ""azwADyAyI"", ""rule"": ""1.3.2"", ""result"": [""pra"", """", ""BU"", ""li~N""]}, {""rule_source"": ""azwADyAyI"", ""rule"": ""1.3.3"", ""result"": [""pra"", """", ""BU"", ""li~N""]}, {""rule_source"": ""azwADyAyI"", ""rule"": ""1.3.9"", ""result"": [""pra"", """", ""BU"", ""l""]}, {""rule_source"": ""azwADyAyI"", ""rule"": ""1.3.78"", ""result"": [""pra"", """", ""BU"", ""l""]}, {""rule_source"": ""azwADyAyI"", ""rule"": ""3.4.78"", ""result"": [""pra"", """", ""BU"", ""tip""]}, {""rule_source"": ""azwADyAyI"", ""rule"": ""1.3.3"", ""result"": [""pra"", """", ""BU"", ""tip""]}, {""rule_source"": ""azwADyAyI"", ""rule"": ""1.3.9"", ""result"": [""pra"", """", ""BU"", ""ti""]}, {""rule_source"": ""azwADyAyI"", ""rule"": ""1.2.45"", ""result"": [""pra"", """", ""BU"", ""ti""]}, {""rule_source"": ""azwADyAyI"", ""rule"": ""3.4.113"", ""result"": [""pra"", """", ""BU"", ""ti""]}, {""rule_source"": ""azwADyAyI"", ""rule"": ""1.1.43"", ""result"": [""pra"", """", ""BU"", ""ti""]}, {""rule_source"": ""azwADyAyI"", ""rule"": ""1.1.37"", ""result"": [""pra"", """", ""BU"", ""ti""]}, {""rule_source"": ""azwADyAyI"", ""rule"": ""3.1.68"", ""result"": [""pra"", """", ""BU"", ""Sap"", ""ti""]}, {""rule_source"": ""azwADyAyI"", ""rule"": ""1.3.3"", ""result"": [""pra"", """", ""BU"", ""Sap"", ""ti""]}, {""rule_source"": ""azwADyAyI"", ""rule"": ""1.3.8"", ""result"": [""pra"", """", ""BU"", ""Sap"", ""ti""]}, {""rule_source"": ""azwADyAyI"", ""rule"": ""1.3.9"", ""result"": [""pra"", """", ""BU"", ""a"", ""ti""]}, {""rule_source"": ""azwADyAyI"", ""rule"": ""3.4.113"", ""result"": [""pra"", """", ""BU"", ""a"", ""ti""]}, {""rule_source"": ""azwADyAyI"", ""rule"": ""1.1.43"", ""result"": [""pra"", """", ""BU"", ""a"", ""ti""]}, {""rule_source"": ""azwADyAyI"", ""rule"": ""1.1.37"", ""result"": [""pra"", """", ""BU"", ""a"", ""ti""]}, {""rule_source"": ""azwADyAyI"", ""rule"": ""3.4.100"", ""result"": [""pra"", """", ""BU"", ""a"", ""t""]}, {""rule_source"": ""azwADyAyI"", ""rule"": ""3.4.103"", ""result"": [""pra"", """", ""BU"", ""a"", ""yAsu~w"", ""t""]}, {""rule_source"": ""azwADyAyI"", ""rule"": ""1.3.2"", ""result"": [""pra"", """", ""BU"", ""a"", ""yAsu~w"", ""t""]}, {""rule_source"": ""azwADyAyI"", ""rule"": ""1.3.3"", ""result"": [""pra"", """", ""BU"", ""a"", ""yAsu~w"", ""t""]}, {""rule_source"": ""azwADyAyI"", ""rule"": ""1.3.9"", ""result"": [""pra"", """", ""BU"", ""a"", ""yAs"", ""t""]}, {""rule_source"": ""azwADyAyI"", ""rule"": ""3.4.107"", ""result"": [""pra"", """", ""BU"", ""a"", ""yAs"", ""st""]}, {""rule_source"": ""azwADyAyI"", ""rule"": ""1.4.13"", ""result"": [""pra"", """", ""BU"", ""a"", ""yAs"", ""st""]}, {""rule_source"": ""azwADyAyI"", ""rule"": ""7.2.79"", ""result"": [""pra"", """", ""BU"", ""a"", ""yA"", ""t""]}, {""rule_source"": ""azwADyAyI"", ""rule"": ""7.2.80"", ""result"": [""pra"", """", ""BU"", ""a"", ""iy"", ""t""]}, {""rule_source"": ""azwADyAyI"", ""rule"": ""6.1.66"", ""result"": [""pra"", """", ""BU"", ""a"", ""i"", ""t""]}, {""rule_source"": ""azwADyAyI"", ""rule"": ""7.3.84"", ""result"": [""pra"", """", ""Bo"", ""a"", ""i"", ""t""]}, {""rule_source"": ""azwADyAyI"", ""rule"": ""1.4.14"", ""result"": [""pra"", """", ""Bo"", ""a"", ""i"", ""t""]}, {""rule_source"": ""azwADyAyI"", ""rule"": ""1.4.14"", ""result"": [""pra"", """", ""Bo"", ""a"", ""i"", ""t""]}, {""rule_source"": ""azwADyAyI"", ""rule"": ""6.1.78"", ""result"": [""pra"", """", ""Bav"", ""a"", ""i"", ""t""]}, {""rule_source"": ""azwADyAyI"", ""rule"": ""6.1.87"", ""result"": [""pra"", """", ""Bav"", """", ""e"", ""t""]}, {""rule_source"": ""azwADyAyI"", ""rule"": ""8.2.39"", ""result"": [""pra"", """", ""Bav"", """", ""e"", ""d""]}, {""rule_source"": ""azwADyAyI"", ""rule"": ""8.4.68"", ""result"": [""pra"", """", ""Bav"", """", ""e"", ""d""]}]}], ""atmanepada"": []}"
one_upasarga:f68a2f1ffbbbc67b4753,one_upasarga,ashirlin,आशीर्लिङ् (āśīrliṅ),blessing or wish,Prathama,Eka,praBUyAd;praBUyAt,,praBUyAd;praBUyAt,2,locally_regenerated,"{""parasmaipada"": [{""form_slp1"": ""praBUyAt"", ""steps"": [{""rule_source"": ""azwADyAyI"", ""rule"": ""1.3.1"", ""result"": [""BU""]}, {""rule_source"": ""azwADyAyI"", ""rule"": ""1.4.58"", ""result"": [""pra"", ""BU""]}, {""rule_source"": ""azwADyAyI"", ""rule"": ""1.4.59"", ""result"": [""pra"", ""BU""]}, {""rule_source"": ""azwADyAyI"", ""rule"": ""1.4.60"", ""result"": [""pra"", ""BU""]}, {""rule_source"": ""azwADyAyI"", ""rule"": ""1.4.80"", ""result"": [""pra"", ""BU""]}, {""rule_source"": ""azwADyAyI"", ""rule"": ""3.3.173"", ""result"": [""pra"", """", ""BU"", ""li~N""]}, {""rule_source"": ""azwADyAyI"", ""rule"": ""1.3.2"", ""result"": [""pra"", """", ""BU"", ""li~N""]}, {""rule_source"": ""azwADyAyI"", ""rule"": ""1.3.3"", ""result"": [""pra"", """", ""BU"", ""li~N""]}, {""rule_source"": ""azwADyAyI"", ""rule"": ""1.3.9"", ""result"": [""pra"", """", ""BU"", ""l""]}, {""rule_source"": ""azwADyAyI"", ""rule"": ""1.3.78"", ""result"": [""pra"", """", ""BU"", ""l""]}, {""rule_source"": ""azwADyAyI"", ""rule"": ""3.4.78"", ""result"": [""pra"", """", ""BU"", ""tip""]}, {""rule_source"": ""azwADyAyI"", ""rule"": ""1.3.3"", ""result"": [""pra"", """", ""BU"", ""tip""]}, {""rule_source"": ""azwADyAyI"", ""rule"": ""1.3.9"", ""result"": [""pra"", """", ""BU"", ""ti""]}, {""rule_source"": ""azwADyAyI"", ""rule"": ""1.2.45"", ""result"": [""pra"", """", ""BU"", ""ti""]}, {""rule_source"": ""azwADyAyI"", ""rule"": ""3.4.116"", ""result"": [""pra"", """", ""BU"", ""ti""]}, {""rule_source"": ""azwADyAyI"", ""rule"": ""1.1.43"", ""result"": [""pra"", """", ""BU"", ""ti""]}, {""rule_source"": ""azwADyAyI"", ""rule"": ""1.1.37"", ""result"": [""pra"", """", ""BU"", ""ti""]}, {""rule_source"": ""azwADyAyI"", ""rule"": ""3.4.100"", ""result"": [""pra"", """", ""BU"", ""t""]}, {""rule_source"": ""azwADyAyI"", ""rule"": ""3.4.104"", ""result"": [""pra"", """", ""BU"", ""yAsu~w"", ""t""]}, {""rule_source"": ""azwADyAyI"", ""rule"": ""1.3.2"", ""result"": [""pra"", """", ""BU"", ""yAsu~w"", ""t""]}, {""rule_source"": ""azwADyAyI"", ""rule"": ""1.3.3"", ""result"": [""pra"", """", ""BU"", ""yAsu~w"", ""t""]}, {""rule_source"": ""azwADyAyI"", ""rule"": ""1.3.9"", ""result"": [""pra"", """", ""BU"", ""yAs"", ""t""]}, {""rule_source"": ""azwADyAyI"", ""rule"": ""3.4.107"", ""result"": [""pra"", """", ""BU"", ""yAs"", ""st""]}, {""rule_source"": ""azwADyAyI"", ""rule"": ""3.4.116"", ""result"": [""pra"", """", ""BU"", ""yAs"", ""st""]}, {""rule_source"": ""azwADyAyI"", ""rule"": ""1.1.43"", ""result"": [""pra"", """", ""BU"", ""yAs"", ""st""]}, {""rule_source"": ""azwADyAyI"", ""rule"": ""1.1.37"", ""result"": [""pra"", """", ""BU"", ""yAs"", ""st""]}, {""rule_source"": ""azwADyAyI"", ""rule"": ""1.4.13"", ""result"": [""pra"", """", ""BU"", ""yAs"", ""st""]}, {""rule_source"": ""azwADyAyI"", ""rule"": ""1.1.5"", ""result"": [""pra"", """", ""BU"", ""yAs"", ""st""]}, {""rule_source"": ""azwADyAyI"", ""rule"": ""7.4.25"", ""result"": [""pra"", """", ""BU"", ""yAs"", ""st""]}, {""rule_source"": ""azwADyAyI"", ""rule"": ""1.4.14"", ""result"": [""pra"", """", ""BU"", ""yAs"", ""st""]}, {""rule_source"": ""azwADyAyI"", ""rule"": ""1.4.14"", ""result"": [""pra"", """", ""BU"", ""yAs"", ""st""]}, {""rule_source"": ""azwADyAyI"", ""rule"": ""8.2.29"", ""result"": [""pra"", """", ""BU"", ""yA"", ""st""]}, {""rule_source"": ""azwADyAyI"", ""rule"": ""8.2.29"", ""result"": [""pra"", """", ""BU"", ""yA"", ""t""]}, {""rule_source"": ""azwADyAyI"", ""rule"": ""8.2.39"", ""result"": [""pra"", """", ""BU"", ""yA"", ""d""]}, {""rule_source"": ""azwADyAyI"", ""rule"": ""8.4.56"", ""result"": [""pra"", """", ""BU"", ""yA"", ""t""]}, {""rule_source"": ""azwADyAyI"", ""rule"": ""8.4.68"", ""result"": [""pra"", """", ""BU"", ""yA"", ""t""]}]}, {""form_slp1"": ""praBUyAd"", ""steps"": [{""rule_source"": ""azwADyAyI"", ""rule"": ""1.3.1"", ""result"": [""BU""]}, {""rule_source"": ""azwADyAyI"", ""rule"": ""1.4.58"", ""result"": [""pra"", ""BU""]}, {""rule_source"": ""azwADyAyI"", ""rule"": ""1.4.59"", ""result"": [""pra"", ""BU""]}, {""rule_source"": ""azwADyAyI"", ""rule"": ""1.4.60"", ""result"": [""pra"", ""BU""]}, {""rule_source"": ""azwADyAyI"", ""rule"": ""1.4.80"", ""result"": [""pra"", ""BU""]}, {""rule_source"": ""azwADyAyI"", ""rule"": ""3.3.173"", ""result"": [""pra"", """", ""BU"", ""li~N""]}, {""rule_source"": ""azwADyAyI"", ""rule"": ""1.3.2"", ""result"": [""pra"", """", ""BU"", ""li~N""]}, {""rule_source"": ""azwADyAyI"", ""rule"": ""1.3.3"", ""result"": [""pra"", """", ""BU"", ""li~N""]}, {""rule_source"": ""azwADyAyI"", ""rule"": ""1.3.9"", ""result"": [""pra"", """", ""BU"", ""l""]}, {""rule_source"": ""azwADyAyI"", ""rule"": ""1.3.78"", ""result"": [""pra"", """", ""BU"", ""l""]}, {""rule_source"": ""azwADyAyI"", ""rule"": ""3.4.78"", ""result"": [""pra"", """", ""BU"", ""tip""]}, {""rule_source"": ""azwADyAyI"", ""rule"": ""1.3.3"", ""result"": [""pra"", """", ""BU"", ""tip""]}, {""rule_source"": ""azwADyAyI"", ""rule"": ""1.3.9"", ""result"": [""pra"", """", ""BU"", ""ti""]}, {""rule_source"": ""azwADyAyI"", ""rule"": ""1.2.45"", ""result"": [""pra"", """", ""BU"", ""ti""]}, {""rule_source"": ""azwADyAyI"", ""rule"": ""3.4.116"", ""result"": [""pra"", """", ""BU"", ""ti""]}, {""rule_source"": ""azwADyAyI"", ""rule"": ""1.1.43"", ""result"": [""pra"", """", ""BU"", ""ti""]}, {""rule_source"": ""azwADyAyI"", ""rule"": ""1.1.37"", ""result"": [""pra"", """", ""BU"", ""ti""]}, {""rule_source"": ""azwADyAyI"", ""rule"": ""3.4.100"", ""result"": [""pra"", """", ""BU"", ""t""]}, {""rule_source"": ""azwADyAyI"", ""rule"": ""3.4.104"", ""result"": [""pra"", """", ""BU"", ""yAsu~w"", ""t""]}, {""rule_source"": ""azwADyAyI"", ""rule"": ""1.3.2"", ""result"": [""pra"", """", ""BU"", ""yAsu~w"", ""t""]}, {""rule_source"": ""azwADyAyI"", ""rule"": ""1.3.3"", ""result"": [""pra"", """", ""BU"", ""yAsu~w"", ""t""]}, {""rule_source"": ""azwADyAyI"", ""rule"": ""1.3.9"", ""result"": [""pra"", """", ""BU"", ""yAs"", ""t""]}, {""rule_source"": ""azwADyAyI"", ""rule"": ""3.4.107"", ""result"": [""pra"", """", ""BU"", ""yAs"", ""st""]}, {""rule_source"": ""azwADyAyI"", ""rule"": ""3.4.116"", ""result"": [""pra"", """", ""BU"", ""yAs"", ""st""]}, {""rule_source"": ""azwADyAyI"", ""rule"": ""1.1.43"", ""result"": [""pra"", """", ""BU"", ""yAs"", ""st""]}, {""rule_source"": ""azwADyAyI"", ""rule"": ""1.1.37"", ""result"": [""pra"", """", ""BU"", ""yAs"", ""st""]}, {""rule_source"": ""azwADyAyI"", ""rule"": ""1.4.13"", ""result"": [""pra"", """", ""BU"", ""yAs"", ""st""]}, {""rule_source"": ""azwADyAyI"", ""rule"": ""1.1.5"", ""result"": [""pra"", """", ""BU"", ""yAs"", ""st""]}, {""rule_source"": ""azwADyAyI"", ""rule"": ""7.4.25"", ""result"": [""pra"", """", ""BU"", ""yAs"", ""st""]}, {""rule_source"": ""azwADyAyI"", ""rule"": ""1.4.14"", ""result"": [""pra"", """", ""BU"", ""yAs"", ""st""]}, {""rule_source"": ""azwADyAyI"", ""rule"": ""1.4.14"", ""result"": [""pra"", """", ""BU"", ""yAs"", ""st""]}, {""rule_source"": ""azwADyAyI"", ""rule"": ""8.2.29"", ""result"": [""pra"", """", ""BU"", ""yA"", ""st""]}, {""rule_source"": ""azwADyAyI"", ""rule"": ""8.2.29"", ""result"": [""pra"", """", ""BU"", ""yA"", ""t""]}, {""rule_source"": ""azwADyAyI"", ""rule"": ""8.2.39"", ""result"": [""pra"", """", ""BU"", ""yA"", ""d""]}, {""rule_source"": ""azwADyAyI"", ""rule"": ""8.4.68"", ""result"": [""pra"", """", ""BU"", ""yA"", ""d""]}]}], ""atmanepada"": []}"
one_upasarga:f68a2f1ffbbbc67b4753,one_upasarga,lun,लुङ् (luṅ),aorist past,Prathama,Eka,prABUd;prABUt,,prABUd;prABUt,2,locally_regenerated,"{""parasmaipada"": [{""form_slp1"": ""prABUt"", ""steps"": [{""rule_source"": ""azwADyAyI"", ""rule"": ""1.3.1"", ""result"": [""BU""]}, {""rule_source"": ""azwADyAyI"", ""rule"": ""1.4.58"", ""result"": [""pra"", ""BU""]}, {""rule_source"": ""azwADyAyI"", ""rule"": ""1.4.59"", ""result"": [""pra"", ""BU""]}, {""rule_source"": ""azwADyAyI"", ""rule"": ""1.4.60"", ""result"": [""pra"", ""BU""]}, {""rule_source"": ""azwADyAyI"", ""rule"": ""1.4.80"", ""result"": [""pra"", ""BU""]}, {""rule_source"": ""azwADyAyI"", ""rule"": ""3.2.110"", ""result"": [""pra"", """", ""BU"", ""lu~N""]}, {""rule_source"": ""azwADyAyI"", ""rule"": ""1.3.2"", ""result"": [""pra"", """", ""BU"", ""lu~N""]}, {""rule_source"": ""azwADyAyI"", ""rule"": ""1.3.3"", ""result"": [""pra"", """", ""BU"", ""lu~N""]}, {""rule_source"": ""azwADyAyI"", ""rule"": ""1.3.9"", ""result"": [""pra"", """", ""BU"", ""l""]}, {""rule_source"": ""azwADyAyI"", ""rule"": ""1.3.78"", ""result"": [""pra"", """", ""BU"", ""l""]}, {""rule_source"": ""azwADyAyI"", ""rule"": ""3.4.78"", ""result"": [""pra"", """", ""BU"", ""tip""]}, {""rule_source"": ""azwADyAyI"", ""rule"": ""1.3.3"", ""result"": [""pra"", """", ""BU"", ""tip""]}, {""rule_source"": ""azwADyAyI"", ""rule"": ""1.3.9"", ""result"": [""pra"", """", ""BU"", ""ti""]}, {""rule_source"": ""azwADyAyI"", ""rule"": ""1.2.45"", ""result"": [""pra"", """", ""BU"", ""ti""]}, {""rule_source"": ""azwADyAyI"", ""rule"": ""3.4.113"", ""result"": [""pra"", """", ""BU"", ""ti""]}, {""rule_source"": ""azwADyAyI"", ""rule"": ""1.1.43"", ""result"": [""pra"", """", ""BU"", ""ti""]}, {""rule_source"": ""azwADyAyI"", ""rule"": ""1.1.37"", ""result"": [""pra"", """", ""BU"", ""ti""]}, {""rule_source"": ""azwADyAyI"", ""rule"": ""3.1.43"", ""result"": [""pra"", """", ""BU"", ""cli~"", ""ti""]}, {""rule_source"": ""azwADyAyI"", ""rule"": ""3.1.44"", ""result"": [""pra"", """", ""BU"", ""si~c"", ""ti""]}, {""rule_source"": ""azwADyAyI"", ""rule"": ""2.4.77"", ""result"": [""pra"", """", ""BU"", """", ""ti""]}, {""rule_source"": ""azwADyAyI"", ""rule"": ""1.1.43"", ""result"": [""pra"", """", ""BU"", """", ""ti""]}, {""rule_source"": ""azwADyAyI"", ""rule"": ""1.1.37"", ""result"": [""pra"", """", ""BU"", """", ""ti""]}, {""rule_source"": ""azwADyAyI"", ""rule"": ""3.4.100"", ""result"": [""pra"", """", ""BU"", """", ""t""]}, {""rule_source"": ""azwADyAyI"", ""rule"": ""1.4.13"", ""result"": [""pra"", """", ""BU"", """", ""t""]}, {""rule_source"": ""azwADyAyI"", ""rule"": ""6.4.71"", ""result"": [""pra"", """", ""aw"", ""BU"", """", ""t""]}, {""rule_source"": ""azwADyAyI"", ""rule"": ""1.3.3"", ""result"": [""pra"", """", ""aw"", ""BU"", """", ""t""]}, {""rule_source"": ""azwADyAyI"", ""rule"": ""1.3.9"", ""result"": [""pra"", """", ""a"", ""BU"", """", ""t""]}, {""rule_source"": ""azwADyAyI"", ""rule"": ""6.4.88"", ""result"": [""pra"", """", ""a"", ""BU"", ""vu~k"", """", ""t""]}, {""rule_source"": ""azwADyAyI"", ""rule"": ""1.3.2"", ""result"": [""pra"", """", ""a"", ""BU"", ""vu~k"", """", ""t""]}, {""rule_source"": ""azwADyAyI"", ""rule"": ""1.3.3"", ""result"": [""pra"", """", ""a"", ""BU"", ""vu~k"", """", ""t""]}, {""rule_source"": ""azwADyAyI"", ""rule"": ""1.3.9"", ""result"": [""pra"", """", ""a"", ""BU"", ""v"", """", ""t""]}, {""rule_source"": ""azwADyAyI"", ""rule"": ""6.1.66"", ""result"": [""pra"", """", ""a"", ""BU"", """", """", ""t""]}, {""rule_source"": ""azwADyAyI"", ""rule"": ""1.4.14"", ""result"": [""pra"", """", ""a"", ""BU"", """", """", ""t""]}, {""rule_source"": ""azwADyAyI"", ""rule"": ""1.4.14"", ""result"": [""pra"", """", ""a"", ""BU"", """", """", ""t""]}, {""rule_source"": ""azwADyAyI"", ""rule"": ""6.1.101"", ""result"": [""prA"", """", """", ""BU"", """", """", ""t""]}, {""rule_source"": ""azwADyAyI"", ""rule"": ""8.2.39"", ""result"": [""prA"", """", """", ""BU"", """", """", ""d""]}, {""rule_source"": ""azwADyAyI"", ""rule"": ""8.4.56"", ""result"": [""prA"", """", """", ""BU"", """", """", ""t""]}]}, {""form_slp1"": ""prABUd"", ""steps"": [{""rule_source"": ""azwADyAyI"", ""rule"": ""1.3.1"", ""result"": [""BU""]}, {""rule_source"": ""azwADyAyI"", ""rule"": ""1.4.58"", ""result"": [""pra"", ""BU""]}, {""rule_source"": ""azwADyAyI"", ""rule"": ""1.4.59"", ""result"": [""pra"", ""BU""]}, {""rule_source"": ""azwADyAyI"", ""rule"": ""1.4.60"", ""result"": [""pra"", ""BU""]}, {""rule_source"": ""azwADyAyI"", ""rule"": ""1.4.80"", ""result"": [""pra"", ""BU""]}, {""rule_source"": ""azwADyAyI"", ""rule"": ""3.2.110"", ""result"": [""pra"", """", ""BU"", ""lu~N""]}, {""rule_source"": ""azwADyAyI"", ""rule"": ""1.3.2"", ""result"": [""pra"", """", ""BU"", ""lu~N""]}, {""rule_source"": ""azwADyAyI"", ""rule"": ""1.3.3"", ""result"": [""pra"", """", ""BU"", ""lu~N""]}, {""rule_source"": ""azwADyAyI"", ""rule"": ""1.3.9"", ""result"": [""pra"", """", ""BU"", ""l""]}, {""rule_source"": ""azwADyAyI"", ""rule"": ""1.3.78"", ""result"": [""pra"", """", ""BU"", ""l""]}, {""rule_source"": ""azwADyAyI"", ""rule"": ""3.4.78"", ""result"": [""pra"", """", ""BU"", ""tip""]}, {""rule_source"": ""azwADyAyI"", ""rule"": ""1.3.3"", ""result"": [""pra"", """", ""BU"", ""tip""]}, {""rule_source"": ""azwADyAyI"", ""rule"": ""1.3.9"", ""result"": [""pra"", """", ""BU"", ""ti""]}, {""rule_source"": ""azwADyAyI"", ""rule"": ""1.2.45"", ""result"": [""pra"", """", ""BU"", ""ti""]}, {""rule_source"": ""azwADyAyI"", ""rule"": ""3.4.113"", ""result"": [""pra"", """", ""BU"", ""ti""]}, {""rule_source"": ""azwADyAyI"", ""rule"": ""1.1.43"", ""result"": [""pra"", """", ""BU"", ""ti""]}, {""rule_source"": ""azwADyAyI"", ""rule"": ""1.1.37"", ""result"": [""pra"", """", ""BU"", ""ti""]}, {""rule_source"": ""azwADyAyI"", ""rule"": ""3.1.43"", ""result"": [""pra"", """", ""BU"", ""cli~"", ""ti""]}, {""rule_source"": ""azwADyAyI"", ""rule"": ""3.1.44"", ""result"": [""pra"", """", ""BU"", ""si~c"", ""ti""]}, {""rule_source"": ""azwADyAyI"", ""rule"": ""2.4.77"", ""result"": [""pra"", """", ""BU"", """", ""ti""]}, {""rule_source"": ""azwADyAyI"", ""rule"": ""1.1.43"", ""result"": [""pra"", """", ""BU"", """", ""ti""]}, {""rule_source"": ""azwADyAyI"", ""rule"": ""1.1.37"", ""result"": [""pra"", """", ""BU"", """", ""ti""]}, {""rule_source"": ""azwADyAyI"", ""rule"": ""3.4.100"", ""result"": [""pra"", """", ""BU"", """", ""t""]}, {""rule_source"": ""azwADyAyI"", ""rule"": ""1.4.13"", ""result"": [""pra"", """", ""BU"", """", ""t""]}, {""rule_source"": ""azwADyAyI"", ""rule"": ""6.4.71"", ""result"": [""pra"", """", ""aw"", ""BU"", """", ""t""]}, {""rule_source"": ""azwADyAyI"", ""rule"": ""1.3.3"", ""result"": [""pra"", """", ""aw"", ""BU"", """", ""t""]}, {""rule_source"": ""azwADyAyI"", ""rule"": ""1.3.9"", ""result"": [""pra"", """", ""a"", ""BU"", """", ""t""]}, {""rule_source"": ""azwADyAyI"", ""rule"": ""6.4.88"", ""result"": [""pra"", """", ""a"", ""BU"", ""vu~k"", """", ""t""]}, {""rule_source"": ""azwADyAyI"", ""rule"": ""1.3.2"", ""result"": [""pra"", """", ""a"", ""BU"", ""vu~k"", """", ""t""]}, {""rule_source"": ""azwADyAyI"", ""rule"": ""1.3.3"", ""result"": [""pra"", """", ""a"", ""BU"", ""vu~k"", """", ""t""]}, {""rule_source"": ""azwADyAyI"", ""rule"": ""1.3.9"", ""result"": [""pra"", """", ""a"", ""BU"", ""v"", """", ""t""]}, {""rule_source"": ""azwADyAyI"", ""rule"": ""6.1.66"", ""result"": [""pra"", """", ""a"", ""BU"", """", """", ""t""]}, {""rule_source"": ""azwADyAyI"", ""rule"": ""1.4.14"", ""result"": [""pra"", """", ""a"", ""BU"", """", """", ""t""]}, {""rule_source"": ""azwADyAyI"", ""rule"": ""1.4.14"", ""result"": [""pra"", """", ""a"", ""BU"", """", """", ""t""]}, {""rule_source"": ""azwADyAyI"", ""rule"": ""6.1.101"", ""result"": [""prA"", """", """", ""BU"", """", """", ""t""]}, {""rule_source"": ""azwADyAyI"", ""rule"": ""8.2.39"", ""result"": [""prA"", """", """", ""BU"", """", """", ""d""]}]}], ""atmanepada"": []}"
one_upasarga:f68a2f1ffbbbc67b4753,one_upasarga,lrn,लृङ् (lṛṅ),conditional,Prathama,Eka,prABavizyad;prABavizyat,,prABavizyad;prABavizyat,2,locally_regenerated,"{""parasmaipada"": [{""form_slp1"": ""prABavizyat"", ""steps"": [{""rule_source"": ""azwADyAyI"", ""rule"": ""1.3.1"", ""result"": [""BU""]}, {""rule_source"": ""azwADyAyI"", ""rule"": ""1.4.58"", ""result"": [""pra"", ""BU""]}, {""rule_source"": ""azwADyAyI"", ""rule"": ""1.4.59"", ""result"": [""pra"", ""BU""]}, {""rule_source"": ""azwADyAyI"", ""rule"": ""1.4.60"", ""result"": [""pra"", ""BU""]}, {""rule_source"": ""azwADyAyI"", ""rule"": ""1.4.80"", ""result"": [""pra"", ""BU""]}, {""rule_source"": ""azwADyAyI"", ""rule"": ""3.3.139"", ""result"": [""pra"", """", ""BU"", ""lf~N""]}, {""rule_source"": ""azwADyAyI"", ""rule"": ""1.3.2"", ""result"": [""pra"", """", ""BU"", ""lf~N""]}, {""rule_source"": ""azwADyAyI"", ""rule"": ""1.3.3"", ""result"": [""pra"", """", ""BU"", ""lf~N""]}, {""rule_source"": ""azwADyAyI"", ""rule"": ""1.3.9"", ""result"": [""pra"", """", ""BU"", ""l""]}, {""rule_source"": ""azwADyAyI"", ""rule"": ""1.3.78"", ""result"": [""pra"", """", ""BU"", ""l""]}, {""rule_source"": ""azwADyAyI"", ""rule"": ""3.4.78"", ""result"": [""pra"", """", ""BU"", ""tip""]}, {""rule_source"": ""azwADyAyI"", ""rule"": ""1.3.3"", ""result"": [""pra"", """", ""BU"", ""tip""]}, {""rule_source"": ""azwADyAyI"", ""rule"": ""1.3.9"", ""result"": [""pra"", """", ""BU"", ""ti""]}, {""rule_source"": ""azwADyAyI"", ""rule"": ""1.2.45"", ""result"": [""pra"", """", ""BU"", ""ti""]}, {""rule_source"": ""azwADyAyI"", ""rule"": ""3.4.113"", ""result"": [""pra"", """", ""BU"", ""ti""]}, {""rule_source"": ""azwADyAyI"", ""rule"": ""1.1.43"", ""result"": [""pra"", """", ""BU"", ""ti""]}, {""rule_source"": ""azwADyAyI"", ""rule"": ""1.1.37"", ""result"": [""pra"", """", ""BU"", ""ti""]}, {""rule_source"": ""azwADyAyI"", ""rule"": ""3.1.33"", ""result"": [""pra"", """", ""BU"", ""sya"", ""ti""]}, {""rule_source"": ""azwADyAyI"", ""rule"": ""3.4.114"", ""result"": [""pra"", """", ""BU"", ""sya"", ""ti""]}, {""rule_source"": ""azwADyAyI"", ""rule"": ""1.1.43"", ""result"": [""pra"", """", ""BU"", ""sya"", ""ti""]}, {""rule_source"": ""azwADyAyI"", ""rule"": ""1.1.37"", ""result"": [""pra"", """", ""BU"", ""sya"", ""ti""]}, {""rule_source"": ""azwADyAyI"", ""rule"": ""3.4.100"", ""result"": [""pra"", """", ""BU"", ""sya"", ""t""]}, {""rule_source"": ""azwADyAyI"", ""rule"": ""7.2.35"", ""result"": [""pra"", """", ""BU"", ""iw"", ""sya"", ""t""]}, {""rule_source"": ""azwADyAyI"", ""rule"": ""1.3.3"", ""result"": [""pra"", """", ""BU"", ""iw"", ""sya"", ""t""]}, {""rule_source"": ""azwADyAyI"", ""rule"": ""1.3.9"", ""result"": [""pra"", """", ""BU"", ""i"", ""sya"", ""t""]}, {""rule_source"": ""azwADyAyI"", ""rule"": ""1.4.13"", ""result"": [""pra"", """", ""BU"", ""i"", ""sya"", ""t""]}, {""rule_source"": ""azwADyAyI"", ""rule"": ""6.4.71"", ""result"": [""pra"", """", ""aw"", ""BU"", ""i"", ""sya"", ""t""]}, {""rule_source"": ""azwADyAyI"", ""rule"": ""1.3.3"", ""result"": [""pra"", """", ""aw"", ""BU"", ""i"", ""sya"", ""t""]}, {""rule_source"": ""azwADyAyI"", ""rule"": ""1.3.9"", ""result"": [""pra"", """", ""a"", ""BU"", ""i"", ""sya"", ""t""]}, {""rule_source"": ""azwADyAyI"", ""rule"": ""7.3.84"", ""result"": [""pra"", """", ""a"", ""Bo"", ""i"", ""sya"", ""t""]}, {""rule_source"": ""azwADyAyI"", ""rule"": ""1.4.14"", ""result"": [""pra"", """", ""a"", ""Bo"", ""i"", ""sya"", ""t""]}, {""rule_source"": ""azwADyAyI"", ""rule"": ""1.4.14"", ""result"": [""pra"", """", ""a"", ""Bo"", ""i"", ""sya"", ""t""]}, {""rule_source"": ""azwADyAyI"", ""rule"": ""6.1.101"", ""result"": [""prA"", """", """", ""Bo"", ""i"", ""sya"", ""t""]}, {""rule_source"": ""azwADyAyI"", ""rule"": ""6.1.78"", ""result"": [""prA"", """", """", ""Bav"", ""i"", ""sya"", ""t""]}, {""rule_source"": ""azwADyAyI"", ""rule"": ""8.2.39"", ""result"": [""prA"", """", """", ""Bav"", ""i"", ""sya"", ""d""]}, {""rule_source"": ""azwADyAyI"", ""rule"": ""8.3.59"", ""result"": [""prA"", """", """", ""Bav"", ""i"", ""zya"", ""d""]}, {""rule_source"": ""azwADyAyI"", ""rule"": ""8.4.56"", ""result"": [""prA"", """", """", ""Bav"", ""i"", ""zya"", ""t""]}, {""rule_source"": ""azwADyAyI"", ""rule"": ""8.4.68"", ""result"": [""prA"", """", """", ""Bav"", ""i"", ""zya"", ""t""]}]}, {""form_slp1"": ""prABavizyad"", ""steps"": [{""rule_source"": ""azwADyAyI"", ""rule"": ""1.3.1"", ""result"": [""BU""]}, {""rule_source"": ""azwADyAyI"", ""rule"": ""1.4.58"", ""result"": [""pra"", ""BU""]}, {""rule_source"": ""azwADyAyI"", ""rule"": ""1.4.59"", ""result"": [""pra"", ""BU""]}, {""rule_source"": ""azwADyAyI"", ""rule"": ""1.4.60"", ""result"": [""pra"", ""BU""]}, {""rule_source"": ""azwADyAyI"", ""rule"": ""1.4.80"", ""result"": [""pra"", ""BU""]}, {""rule_source"": ""azwADyAyI"", ""rule"": ""3.3.139"", ""result"": [""pra"", """", ""BU"", ""lf~N""]}, {""rule_source"": ""azwADyAyI"", ""rule"": ""1.3.2"", ""result"": [""pra"", """", ""BU"", ""lf~N""]}, {""rule_source"": ""azwADyAyI"", ""rule"": ""1.3.3"", ""result"": [""pra"", """", ""BU"", ""lf~N""]}, {""rule_source"": ""azwADyAyI"", ""rule"": ""1.3.9"", ""result"": [""pra"", """", ""BU"", ""l""]}, {""rule_source"": ""azwADyAyI"", ""rule"": ""1.3.78"", ""result"": [""pra"", """", ""BU"", ""l""]}, {""rule_source"": ""azwADyAyI"", ""rule"": ""3.4.78"", ""result"": [""pra"", """", ""BU"", ""tip""]}, {""rule_source"": ""azwADyAyI"", ""rule"": ""1.3.3"", ""result"": [""pra"", """", ""BU"", ""tip""]}, {""rule_source"": ""azwADyAyI"", ""rule"": ""1.3.9"", ""result"": [""pra"", """", ""BU"", ""ti""]}, {""rule_source"": ""azwADyAyI"", ""rule"": ""1.2.45"", ""result"": [""pra"", """", ""BU"", ""ti""]}, {""rule_source"": ""azwADyAyI"", ""rule"": ""3.4.113"", ""result"": [""pra"", """", ""BU"", ""ti""]}, {""rule_source"": ""azwADyAyI"", ""rule"": ""1.1.43"", ""result"": [""pra"", """", ""BU"", ""ti""]}, {""rule_source"": ""azwADyAyI"", ""rule"": ""1.1.37"", ""result"": [""pra"", """", ""BU"", ""ti""]}, {""rule_source"": ""azwADyAyI"", ""rule"": ""3.1.33"", ""result"": [""pra"", """", ""BU"", ""sya"", ""ti""]}, {""rule_source"": ""azwADyAyI"", ""rule"": ""3.4.114"", ""result"": [""pra"", """", ""BU"", ""sya"", ""ti""]}, {""rule_source"": ""azwADyAyI"", ""rule"": ""1.1.43"", ""result"": [""pra"", """", ""BU"", ""sya"", ""ti""]}, {""rule_source"": ""azwADyAyI"", ""rule"": ""1.1.37"", ""result"": [""pra"", """", ""BU"", ""sya"", ""ti""]}, {""rule_source"": ""azwADyAyI"", ""rule"": ""3.4.100"", ""result"": [""pra"", """", ""BU"", ""sya"", ""t""]}, {""rule_source"": ""azwADyAyI"", ""rule"": ""7.2.35"", ""result"": [""pra"", """", ""BU"", ""iw"", ""sya"", ""t""]}, {""rule_source"": ""azwADyAyI"", ""rule"": ""1.3.3"", ""result"": [""pra"", """", ""BU"", ""iw"", ""sya"", ""t""]}, {""rule_source"": ""azwADyAyI"", ""rule"": ""1.3.9"", ""result"": [""pra"", """", ""BU"", ""i"", ""sya"", ""t""]}, {""rule_source"": ""azwADyAyI"", ""rule"": ""1.4.13"", ""result"": [""pra"", """", ""BU"", ""i"", ""sya"", ""t""]}, {""rule_source"": ""azwADyAyI"", ""rule"": ""6.4.71"", ""result"": [""pra"", """", ""aw"", ""BU"", ""i"", ""sya"", ""t""]}, {""rule_source"": ""azwADyAyI"", ""rule"": ""1.3.3"", ""result"": [""pra"", """", ""aw"", ""BU"", ""i"", ""sya"", ""t""]}, {""rule_source"": ""azwADyAyI"", ""rule"": ""1.3.9"", ""result"": [""pra"", """", ""a"", ""BU"", ""i"", ""sya"", ""t""]}, {""rule_source"": ""azwADyAyI"", ""rule"": ""7.3.84"", ""result"": [""pra"", """", ""a"", ""Bo"", ""i"", ""sya"", ""t""]}, {""rule_source"": ""azwADyAyI"", ""rule"": ""1.4.14"", ""result"": [""pra"", """", ""a"", ""Bo"", ""i"", ""sya"", ""t""]}, {""rule_source"": ""azwADyAyI"", ""rule"": ""1.4.14"", ""result"": [""pra"", """", ""a"", ""Bo"", ""i"", ""sya"", ""t""]}, {""rule_source"": ""azwADyAyI"", ""rule"": ""6.1.101"", ""result"": [""prA"", """", """", ""Bo"", ""i"", ""sya"", ""t""]}, {""rule_source"": ""azwADyAyI"", ""rule"": ""6.1.78"", ""result"": [""prA"", """", """", ""Bav"", ""i"", ""sya"", ""t""]}, {""rule_source"": ""azwADyAyI"", ""rule"": ""8.2.39"", ""result"": [""prA"", """", """", ""Bav"", ""i"", ""sya"", ""d""]}, {""rule_source"": ""azwADyAyI"", ""rule"": ""8.3.59"", ""result"": [""prA"", """", """", ""Bav"", ""i"", ""zya"", ""d""]}, {""rule_source"": ""azwADyAyI"", ""rule"": ""8.4.68"", ""result"": [""prA"", """", """", ""Bav"", ""i"", ""zya"", ""d""]}]}], ""atmanepada"": []}"
upasarga_sanadi:1391aa7528fb82a94755,upasarga_sanadi,lat,लट् (laṭ),present,Prathama,Eka,praBAvayati,praBAvayate,praBAvayate;praBAvayati,2,locally_regenerated,"{""parasmaipada"": [{""form_slp1"": ""praBAvayati"", ""steps"": [{""rule_source"": ""azwADyAyI"", ""rule"": ""1.3.1"", ""result"": [""BU""]}, {""rule_source"": ""azwADyAyI"", ""rule"": ""1.4.58"", ""result"": [""pra"", ""BU""]}, {""rule_source"": ""azwADyAyI"", ""rule"": ""1.4.59"", ""result"": [""pra"", ""BU""]}, {""rule_source"": ""azwADyAyI"", ""rule"": ""1.4.60"", ""result"": [""pra"", ""BU""]}, {""rule_source"": ""azwADyAyI"", ""rule"": ""1.4.80"", ""result"": [""pra"", ""BU""]}, {""rule_source"": ""azwADyAyI"", ""rule"": ""3.1.26"", ""result"": [""pra"", """", ""BU"", ""Ric""]}, {""rule_source"": ""azwADyAyI"", ""rule"": ""3.1.32"", ""result"": [""pra"", """", ""BU"", ""Ric""]}, {""rule_source"": ""azwADyAyI"", ""rule"": ""1.3.3"", ""result"": [""pra"", """", ""BU"", ""Ric""]}, {""rule_source"": ""azwADyAyI"", ""rule"": ""1.3.7"", ""result"": [""pra"", """", ""BU"", ""Ric""]}, {""rule_source"": ""azwADyAyI"", ""rule"": ""1.3.9"", ""result"": [""pra"", """", ""BU"", ""i""]}, {""rule_source"": ""azwADyAyI"", ""rule"": ""1.2.45"", ""result"": [""pra"", """", ""BU"", ""i""]}, {""rule_source"": ""azwADyAyI"", ""rule"": ""3.4.114"", ""result"": [""pra"", """", ""BU"", ""i""]}, {""rule_source"": ""azwADyAyI"", ""rule"": ""1.1.43"", ""result"": [""pra"", """", ""BU"", ""i""]}, {""rule_source"": ""azwADyAyI"", ""rule"": ""1.1.37"", ""result"": [""pra"", """", ""BU"", ""i""]}, {""rule_source"": ""azwADyAyI"", ""rule"": ""1.3.78"", ""result"": [""pra"", """", ""BU"", ""i""]}, {""rule_source"": ""azwADyAyI"", ""rule"": ""1.1.43"", ""result"": [""pra"", """", ""BU"", ""i""]}, {""rule_source"": ""azwADyAyI"", ""rule"": ""1.1.37"", ""result"": [""pra"", """", ""BU"", ""i""]}, {""rule_source"": ""azwADyAyI"", ""rule"": ""1.4.13"", ""result"": [""pra"", """", ""BU"", ""i""]}, {""rule_source"": ""azwADyAyI"", ""rule"": ""7.2.115"", ""result"": [""pra"", """", ""BO"", ""i""]}, {""rule_source"": ""azwADyAyI"", ""rule"": ""1.4.14"", ""result"": [""pra"", """", ""BO"", ""i""]}, {""rule_source"": ""azwADyAyI"", ""rule"": ""6.1.78"", ""result"": [""pra"", """", ""BAv"", ""i""]}, {""rule_source"": ""azwADyAyI"", ""rule"": ""3.2.123"", ""result"": [""pra"", """", ""BAv"", ""i"", ""la~w""]}, {""rule_source"": ""azwADyAyI"", ""rule"": ""1.3.2"", ""result"": [""pra"", """", ""BAv"", ""i"", ""la~w""]}, {""rule_source"": ""azwADyAyI"", ""rule"": ""1.3.3"", ""result"": [""pra"", """", ""BAv"", ""i"", ""la~w""]}, {""rule_source"": ""azwADyAyI"", ""rule"": ""1.3.9"", ""result"": [""pra"", """", ""BAv"", ""i"", ""l""]}, {""rule_source"": ""azwADyAyI"", ""rule"": ""3.4.78"", ""result"": [""pra"", """", ""BAv"", ""i"", ""tip""]}, {""rule_source"": ""azwADyAyI"", ""rule"": ""1.3.3"", ""result"": [""pra"", """", ""BAv"", ""i"", ""tip""]}, {""rule_source"": ""azwADyAyI"", ""rule"": ""1.3.9"", ""result"": [""pra"", """", ""BAv"", ""i"", ""ti""]}, {""rule_source"": ""azwADyAyI"", ""rule"": ""3.4.113"", ""result"": [""pra"", """", ""BAv"", ""i"", ""ti""]}, {""rule_source"": ""azwADyAyI"", ""rule"": ""1.1.43"", ""result"": [""pra"", """", ""BAv"", ""i"", ""ti""]}, {""rule_source"": ""azwADyAyI"", ""rule"": ""1.1.37"", ""result"": [""pra"", """", ""BAv"", ""i"", ""ti""]}, {""rule_source"": ""azwADyAyI"", ""rule"": ""3.1.68"", ""result"": [""pra"", """", ""BAv"", ""i"", ""Sap"", ""ti""]}, {""rule_source"": ""azwADyAyI"", ""rule"": ""1.3.3"", ""result"": [""pra"", """", ""BAv"", ""i"", ""Sap"", ""ti""]}, {""rule_source"": ""azwADyAyI"", ""rule"": ""1.3.8"", ""result"": [""pra"", """", ""BAv"", ""i"", ""Sap"", ""ti""]}, {""rule_source"": ""azwADyAyI"", ""rule"": ""1.3.9"", ""result"": [""pra"", """", ""BAv"", ""i"", ""a"", ""ti""]}, {""rule_source"": ""azwADyAyI"", ""rule"": ""3.4.113"", ""result"": [""pra"", """", ""BAv"", ""i"", ""a"", ""ti""]}, {""rule_source"": ""azwADyAyI"", ""rule"": ""1.1.43"", ""result"": [""pra"", """", ""BAv"", ""i"", ""a"", ""ti""]}, {""rule_source"": ""azwADyAyI"", ""rule"": ""1.1.37"", ""result"": [""pra"", """", ""BAv"", ""i"", ""a"", ""ti""]}, {""rule_source"": ""azwADyAyI"", ""rule"": ""1.4.13"", ""result"": [""pra"", """", ""BAv"", ""i"", ""a"", ""ti""]}, {""rule_source"": ""azwADyAyI"", ""rule"": ""7.3.84"", ""result"": [""pra"", """", ""BAv"", ""e"", ""a"", ""ti""]}, {""rule_source"": ""azwADyAyI"", ""rule"": ""1.4.14"", ""result"": [""pra"", """", ""BAv"", ""e"", ""a"", ""ti""]}, {""rule_source"": ""azwADyAyI"", ""rule"": ""1.4.14"", ""result"": [""pra"", """", ""BAv"", ""e"", ""a"", ""ti""]}, {""rule_source"": ""azwADyAyI"", ""rule"": ""6.1.78"", ""result"": [""pra"", """", ""BAv"", ""ay"", ""a"", ""ti""]}, {""rule_source"": ""azwADyAyI"", ""rule"": ""8.4.68"", ""result"": [""pra"", """", ""BAv"", ""ay"", ""a"", ""ti""]}]}], ""atmanepada"": [{""form_slp1"": ""praBAvayate"", ""steps"": [{""rule_source"": ""azwADyAyI"", ""rule"": ""1.3.1"", ""result"": [""BU""]}, {""rule_source"": ""azwADyAyI"", ""rule"": ""1.4.58"", ""result"": [""pra"", ""BU""]}, {""rule_source"": ""azwADyAyI"", ""rule"": ""1.4.59"", ""result"": [""pra"", ""BU""]}, {""rule_source"": ""azwADyAyI"", ""rule"": ""1.4.60"", ""result"": [""pra"", ""BU""]}, {""rule_source"": ""azwADyAyI"", ""rule"": ""1.4.80"", ""result"": [""pra"", ""BU""]}, {""rule_source"": ""azwADyAyI"", ""rule"": ""3.1.26"", ""result"": [""pra"", """", ""BU"", ""Ric""]}, {""rule_source"": ""azwADyAyI"", ""rule"": ""3.1.32"", ""result"": [""pra"", """", ""BU"", ""Ric""]}, {""rule_source"": ""azwADyAyI"", ""rule"": ""1.3.3"", ""result"": [""pra"", """", ""BU"", ""Ric""]}, {""rule_source"": ""azwADyAyI"", ""rule"": ""1.3.7"", ""result"": [""pra"", """", ""BU"", ""Ric""]}, {""rule_source"": ""azwADyAyI"", ""rule"": ""1.3.9"", ""result"": [""pra"", """", ""BU"", ""i""]}, {""rule_source"": ""azwADyAyI"", ""rule"": ""1.2.45"", ""result"": [""pra"", """", ""BU"", ""i""]}, {""rule_source"": ""azwADyAyI"", ""rule"": ""3.4.114"", ""result"": [""pra"", """", ""BU"", ""i""]}, {""rule_source"": ""azwADyAyI"", ""rule"": ""1.1.43"", ""result"": [""pra"", """", ""BU"", ""i""]}, {""rule_source"": ""azwADyAyI"", ""rule"": ""1.1.37"", ""result"": [""pra"", """", ""BU"", ""i""]}, {""rule_source"": ""azwADyAyI"", ""rule"": ""1.3.74"", ""result"": [""pra"", """", ""BU"", ""i""]}, {""rule_source"": ""azwADyAyI"", ""rule"": ""1.1.43"", ""result"": [""pra"", """", ""BU"", ""i""]}, {""rule_source"": ""azwADyAyI"", ""rule"": ""1.1.37"", ""result"": [""pra"", """", ""BU"", ""i""]}, {""rule_source"": ""azwADyAyI"", ""rule"": ""1.4.13"", ""result"": [""pra"", """", ""BU"", ""i""]}, {""rule_source"": ""azwADyAyI"", ""rule"": ""7.2.115"", ""result"": [""pra"", """", ""BO"", ""i""]}, {""rule_source"": ""azwADyAyI"", ""rule"": ""1.4.14"", ""result"": [""pra"", """", ""BO"", ""i""]}, {""rule_source"": ""azwADyAyI"", ""rule"": ""6.1.78"", ""result"": [""pra"", """", ""BAv"", ""i""]}, {""rule_source"": ""azwADyAyI"", ""rule"": ""3.2.123"", ""result"": [""pra"", """", ""BAv"", ""i"", ""la~w""]}, {""rule_source"": ""azwADyAyI"", ""rule"": ""1.3.2"", ""result"": [""pra"", """", ""BAv"", ""i"", ""la~w""]}, {""rule_source"": ""azwADyAyI"", ""rule"": ""1.3.3"", ""result"": [""pra"", """", ""BAv"", ""i"", ""la~w""]}, {""rule_source"": ""azwADyAyI"", ""rule"": ""1.3.9"", ""result"": [""pra"", """", ""BAv"", ""i"", ""l""]}, {""rule_source"": ""azwADyAyI"", ""rule"": ""3.4.78"", ""result"": [""pra"", """", ""BAv"", ""i"", ""ta""]}, {""rule_source"": ""azwADyAyI"", ""rule"": ""3.4.113"", ""result"": [""pra"", """", ""BAv"", ""i"", ""ta""]}, {""rule_source"": ""azwADyAyI"", ""rule"": ""1.1.43"", ""result"": [""pra"", """", ""BAv"", ""i"", ""ta""]}, {""rule_source"": ""azwADyAyI"", ""rule"": ""1.1.37"", ""result"": [""pra"", """", ""BAv"", ""i"", ""ta""]}, {""rule_source"": ""azwADyAyI"", ""rule"": ""3.1.68"", ""result"": [""pra"", """", ""BAv"", ""i"", ""Sap"", ""ta""]}, {""rule_source"": ""azwADyAyI"", ""rule"": ""1.3.3"", ""result"": [""pra"", """", ""BAv"", ""i"", ""Sap"", ""ta""]}, {""rule_source"": ""azwADyAyI"", ""rule"": ""1.3.8"", ""result"": [""pra"", """", ""BAv"", ""i"", ""Sap"", ""ta""]}, {""rule_source"": ""azwADyAyI"", ""rule"": ""1.3.9"", ""result"": [""pra"", """", ""BAv"", ""i"", ""a"", ""ta""]}, {""rule_source"": ""azwADyAyI"", ""rule"": ""3.4.113"", ""result"": [""pra"", """", ""BAv"", ""i"", ""a"", ""ta""]}, {""rule_source"": ""azwADyAyI"", ""rule"": ""1.1.43"", ""result"": [""pra"", """", ""BAv"", ""i"", ""a"", ""ta""]}, {""rule_source"": ""azwADyAyI"", ""rule"": ""1.1.37"", ""result"": [""pra"", """", ""BAv"", ""i"", ""a"", ""ta""]}, {""rule_source"": ""azwADyAyI"", ""rule"": ""3.4.79"", ""result"": [""pra"", """", ""BAv"", ""i"", ""a"", ""te""]}, {""rule_source"": ""azwADyAyI"", ""rule"": ""1.2.4"", ""result"": [""pra"", """", ""BAv"", ""i"", ""a"", ""te""]}, {""rule_source"": ""azwADyAyI"", ""rule"": ""1.4.13"", ""result"": [""pra"", """", ""BAv"", ""i"", ""a"", ""te""]}, {""rule_source"": ""azwADyAyI"", ""rule"": ""7.3.84"", ""result"": [""pra"", """", ""BAv"", ""e"", ""a"", ""te""]}, {""rule_source"": ""azwADyAyI"", ""rule"": ""1.4.14"", ""result"": [""pra"", """", ""BAv"", ""e"", ""a"", ""te""]}, {""rule_source"": ""azwADyAyI"", ""rule"": ""1.4.14"", ""result"": [""pra"", """", ""BAv"", ""e"", ""a"", ""te""]}, {""rule_source"": ""azwADyAyI"", ""rule"": ""6.1.78"", ""result"": [""pra"", """", ""BAv"", ""ay"", ""a"", ""te""]}, {""rule_source"": ""azwADyAyI"", ""rule"": ""8.4.68"", ""result"": [""pra"", """", ""BAv"", ""ay"", ""a"", ""te""]}]}]}"
upasarga_sanadi:1391aa7528fb82a94755,upasarga_sanadi,lit,लिट् (liṭ),perfect past,Prathama,Eka,praBAvayAYcakAra;praBAvayAmAsa;praBAvayAmbaBUva,praBAvayAYcakre;praBAvayAmAsa;praBAvayAmbaBUva,praBAvayAYcakAra;praBAvayAYcakre;praBAvayAmAsa;praBAvayAmbaBUva,4,locally_regenerated,"{""parasmaipada"": [{""form_slp1"": ""praBAvayAmbaBUva"", ""steps"": [{""rule_source"": ""azwADyAyI"", ""rule"": ""1.3.1"", ""result"": [""BU""]}, {""rule_source"": ""azwADyAyI"", ""rule"": ""1.4.58"", ""result"": [""pra"", ""BU""]}, {""rule_source"": ""azwADyAyI"", ""rule"": ""1.4.59"", ""result"": [""pra"", ""BU""]}, {""rule_source"": ""azwADyAyI"", ""rule"": ""1.4.60"", ""result"": [""pra"", ""BU""]}, {""rule_source"": ""azwADyAyI"", ""rule"": ""1.4.80"", ""result"": [""pra"", ""BU""]}, {""rule_source"": ""azwADyAyI"", ""rule"": ""3.1.26"", ""result"": [""pra"", """", ""BU"", ""Ric""]}, {""rule_source"": ""azwADyAyI"", ""rule"": ""3.1.32"", ""result"": [""pra"", """", ""BU"", ""Ric""]}, {""rule_source"": ""azwADyAyI"", ""rule"": ""1.3.3"", ""result"": [""pra"", """", ""BU"", ""Ric""]}, {""rule_source"": ""azwADyAyI"", ""rule"": ""1.3.7"", ""result"": [""pra"", """", ""BU"", ""Ric""]}, {""rule_source"": ""azwADyAyI"", ""rule"": ""1.3.9"", ""result"": [""pra"", """", ""BU"", ""i""]}, {""rule_source"": ""azwADyAyI"", ""rule"": ""1.2.45"", ""result"": [""pra"", """", ""BU"", ""i""]}, {""rule_source"": ""azwADyAyI"", ""rule"": ""3.4.114"", ""result"": [""pra"", """", ""BU"", ""i""]}, {""rule_source"": ""azwADyAyI"", ""rule"": ""1.1.43"", ""result"": [""pra"", """", ""BU"", ""i""]}, {""rule_source"": ""azwADyAyI"", ""rule"": ""1.1.37"", ""result"": [""pra"", """", ""BU"", ""i""]}, {""rule_source"": ""azwADyAyI"", ""rule"": ""1.3.78"", ""result"": [""pra"", """", ""BU"", ""i""]}, {""rule_source"": ""azwADyAyI"", ""rule"": ""1.1.43"", ""result"": [""pra"", """", ""BU"", ""i""]}, {""rule_source"": ""azwADyAyI"", ""rule"": ""1.1.37"", ""result"": [""pra"", """", ""BU"", ""i""]}, {""rule_source"": ""azwADyAyI"", ""rule"": ""1.4.13"", ""result"": [""pra"", """", ""BU"", ""i""]}, {""rule_source"": ""azwADyAyI"", ""rule"": ""7.2.115"", ""result"": [""pra"", """", ""BO"", ""i""]}, {""rule_source"": ""azwADyAyI"", ""rule"": ""1.4.14"", ""result"": [""pra"", """", ""BO"", ""i""]}, {""rule_source"": ""azwADyAyI"", ""rule"": ""6.1.78"", ""result"": [""pra"", """", ""BAv"", ""i""]}, {""rule_source"": ""azwADyAyI"", ""rule"": ""3.2.115"", ""result"": [""pra"", """", ""BAv"", ""i"", ""li~w""]}, {""rule_source"": ""azwADyAyI"", ""rule"": ""1.3.2"", ""result"": [""pra"", """", ""BAv"", ""i"", ""li~w""]}, {""rule_source"": ""azwADyAyI"", ""rule"": ""1.3.3"", ""result"": [""pra"", """", ""BAv"", ""i"", ""li~w""]}, {""rule_source"": ""azwADyAyI"", ""rule"": ""1.3.9"", ""result"": [""pra"", """", ""BAv"", ""i"", ""l""]}, {""rule_source"": ""azwADyAyI"", ""rule"": ""3.1.35"", ""result"": [""pra"", """", ""BAv"", ""i"", ""Am"", ""l""]}, {""rule_source"": ""azwADyAyI"", ""rule"": ""3.1.40:1"", ""result"": [""pra"", """", ""BAv"", ""i"", ""Am"", ""BU"", ""l""]}, {""rule_source"": ""azwADyAyI"", ""rule"": ""3.4.78"", ""result"": [""pra"", """", ""BAv"", ""i"", ""Am"", ""BU"", ""tip""]}, {""rule_source"": ""azwADyAyI"", ""rule"": ""1.3.3"", ""result"": [""pra"", """", ""BAv"", ""i"", ""Am"", ""BU"", ""tip""]}, {""rule_source"": ""azwADyAyI"", ""rule"": ""1.3.9"", ""result"": [""pra"", """", ""BAv"", ""i"", ""Am"", ""BU"", ""ti""]}, {""rule_source"": ""azwADyAyI"", ""rule"": ""3.4.114"", ""result"": [""pra"", """", ""BAv"", ""i"", ""Am"", ""BU"", ""ti""]}, {""rule_source"": ""azwADyAyI"", ""rule"": ""3.4.115"", ""result"": [""pra"", """", ""BAv"", ""i"", ""Am"", ""BU"", ""ti""]}, {""rule_source"": ""azwADyAyI"", ""rule"": ""1.1.43"", ""result"": [""pra"", """", ""BAv"", ""i"", ""Am"", ""BU"", ""ti""]}, {""rule_source"": ""azwADyAyI"", ""rule"": ""1.1.37"", ""result"": [""pra"", """", ""BAv"", ""i"", ""Am"", ""BU"", ""ti""]}, {""rule_source"": ""azwADyAyI"", ""rule"": ""3.4.82"", ""result"": [""pra"", """", ""BAv"", ""i"", ""Am"", ""BU"", ""Ral""]}, {""rule_source"": ""azwADyAyI"", ""rule"": ""1.3.3"", ""result"": [""pra"", """", ""BAv"", ""i"", ""Am"", ""BU"", ""Ral""]}, {""rule_source"": ""azwADyAyI"", ""rule"": ""1.3.7"", ""result"": [""pra"", """", ""BAv"", ""i"", ""Am"", ""BU"", ""Ral""]}, {""rule_source"": ""azwADyAyI"", ""rule"": ""1.3.9"", ""result"": [""pra"", """", ""BAv"", ""i"", ""Am"", ""BU"", ""a""]}, {""rule_source"": ""azwADyAyI"", ""rule"": ""3.4.115"", ""result"": [""pra"", """", ""BAv"", ""i"", ""Am"", ""BU"", ""a""]}, {""rule_source"": ""azwADyAyI"", ""rule"": ""1.1.43"", ""result"": [""pra"", """", ""BAv"", ""i"", ""Am"", ""BU"", ""a""]}, {""rule_source"": ""azwADyAyI"", ""rule"": ""1.1.37"", ""result"": [""pra"", """", ""BAv"", ""i"", ""Am"", ""BU"", ""a""]}, {""rule_source"": ""azwADyAyI"", ""rule"": ""6.1.8"", ""result"": [""pra"", """", ""BAv"", ""i"", ""Am"", ""BU"", ""BU"", ""a""]}, {""rule_source"": ""azwADyAyI"", ""rule"": ""6.1.4"", ""result"": [""pra"", """", ""BAv"", ""i"", ""Am"", ""BU"", ""BU"", ""a""]}, {""rule_source"": ""azwADyAyI"", ""rule"": ""6.1.5"", ""result"": [""pra"", """", ""BAv"", ""i"", ""Am"", ""BU"", ""BU"", ""a""]}, {""rule_source"": ""azwADyAyI"", ""rule"": ""1.4.13"", ""result"": [""pra"", """", ""BAv"", ""i"", ""Am"", ""BU"", ""BU"", ""a""]}, {""rule_source"": ""azwADyAyI"", ""rule"": ""6.4.88"", ""result"": [""pra"", """", ""BAv"", ""i"", ""Am"", ""BU"", ""BU"", ""vu~k"", ""a""]}, {""rule_source"": ""azwADyAyI"", ""rule"": ""1.3.2"", ""result"": [""pra"", """", ""BAv"", ""i"", ""Am"", ""BU"", ""BU"", ""vu~k"", ""a""]}, {""rule_source"": ""azwADyAyI"", ""rule"": ""1.3.3"", ""result"": [""pra"", """", ""BAv"", ""i"", ""Am"", ""BU"", ""BU"", ""vu~k"", ""a""]}, {""rule_source"": ""azwADyAyI"", ""rule"": ""1.3.9"", ""result"": [""pra"", """", ""BAv"", ""i"", ""Am"", ""BU"", ""BU"", ""v"", ""a""]}, {""rule_source"": ""azwADyAyI"", ""rule"": ""7.3.84"", ""result"": [""pra"", """", ""BAv"", ""e"", ""Am"", ""BU"", ""BU"", ""v"", ""a""]}, {""rule_source"": ""azwADyAyI"", ""rule"": ""6.4.55"", ""result"": [""pra"", """", ""BAv"", ""ay"", ""Am"", ""BU"", ""BU"", ""v"", ""a""]}, {""rule_source"": ""azwADyAyI"", ""rule"": ""7.4.59"", ""result"": [""pra"", """", ""BAv"", ""ay"", ""Am"", ""Bu"", ""BU"", ""v"", ""a""]}, {""rule_source"": ""azwADyAyI"", ""rule"": ""7.4.73"", ""result"": [""pra"", """", ""BAv"", ""ay"", ""Am"", ""Ba"", ""BU"", ""v"", ""a""]}, {""rule_source"": ""azwADyAyI"", ""rule"": ""1.4.14"", ""result"": [""pra"", """", ""BAv"", ""ay"", ""Am"", ""Ba"", ""BU"", ""v"", ""a""]}, {""rule_source"": ""azwADyAyI"", ""rule"": ""1.4.14"", ""result"": [""pra"", """", ""BAv"", ""ay"", ""Am"", ""Ba"", ""BU"", ""v"", ""a""]}, {""rule_source"": ""azwADyAyI"", ""rule"": ""8.3.24"", ""result"": [""pra"", """", ""BAv"", ""ay"", ""AM"", ""Ba"", ""BU"", ""v"", ""a""]}, {""rule_source"": ""azwADyAyI"", ""rule"": ""8.4.54"", ""result"": [""pra"", """", ""BAv"", ""ay"", ""AM"", ""ba"", ""BU"", ""v"", ""a""]}, {""rule_source"": ""azwADyAyI"", ""rule"": ""8.4.58"", ""result"": [""pra"", """", ""BAv"", ""ay"", ""Am"", ""ba"", ""BU"", ""v"", ""a""]}, {""rule_source"": ""azwADyAyI"", ""rule"": ""8.4.68"", ""result"": [""pra"", """", ""BAv"", ""ay"", ""Am"", ""ba"", ""BU"", ""v"", ""a""]}]}, {""form_slp1"": ""praBAvayAmAsa"", ""steps"": [{""rule_source"": ""azwADyAyI"", ""rule"": ""1.3.1"", ""result"": [""BU""]}, {""rule_source"": ""azwADyAyI"", ""rule"": ""1.4.58"", ""result"": [""pra"", ""BU""]}, {""rule_source"": ""azwADyAyI"", ""rule"": ""1.4.59"", ""result"": [""pra"", ""BU""]}, {""rule_source"": ""azwADyAyI"", ""rule"": ""1.4.60"", ""result"": [""pra"", ""BU""]}, {""rule_source"": ""azwADyAyI"", ""rule"": ""1.4.80"", ""result"": [""pra"", ""BU""]}, {""rule_source"": ""azwADyAyI"", ""rule"": ""3.1.26"", ""result"": [""pra"", """", ""BU"", ""Ric""]}, {""rule_source"": ""azwADyAyI"", ""rule"": ""3.1.32"", ""result"": [""pra"", """", ""BU"", ""Ric""]}, {""rule_source"": ""azwADyAyI"", ""rule"": ""1.3.3"", ""result"": [""pra"", """", ""BU"", ""Ric""]}, {""rule_source"": ""azwADyAyI"", ""rule"": ""1.3.7"", ""result"": [""pra"", """", ""BU"", ""Ric""]}, {""rule_source"": ""azwADyAyI"", ""rule"": ""1.3.9"", ""result"": [""pra"", """", ""BU"", ""i""]}, {""rule_source"": ""azwADyAyI"", ""rule"": ""1.2.45"", ""result"": [""pra"", """", ""BU"", ""i""]}, {""rule_source"": ""azwADyAyI"", ""rule"": ""3.4.114"", ""result"": [""pra"", """", ""BU"", ""i""]}, {""rule_source"": ""azwADyAyI"", ""rule"": ""1.1.43"", ""result"": [""pra"", """", ""BU"", ""i""]}, {""rule_source"": ""azwADyAyI"", ""rule"": ""1.1.37"", ""result"": [""pra"", """", ""BU"", ""i""]}, {""rule_source"": ""azwADyAyI"", ""rule"": ""1.3.78"", ""result"": [""pra"", """", ""BU"", ""i""]}, {""rule_source"": ""azwADyAyI"", ""rule"": ""1.1.43"", ""result"": [""pra"", """", ""BU"", ""i""]}, {""rule_source"": ""azwADyAyI"", ""rule"": ""1.1.37"", ""result"": [""pra"", """", ""BU"", ""i""]}, {""rule_source"": ""azwADyAyI"", ""rule"": ""1.4.13"", ""result"": [""pra"", """", ""BU"", ""i""]}, {""rule_source"": ""azwADyAyI"", ""rule"": ""7.2.115"", ""result"": [""pra"", """", ""BO"", ""i""]}, {""rule_source"": ""azwADyAyI"", ""rule"": ""1.4.14"", ""result"": [""pra"", """", ""BO"", ""i""]}, {""rule_source"": ""azwADyAyI"", ""rule"": ""6.1.78"", ""result"": [""pra"", """", ""BAv"", ""i""]}, {""rule_source"": ""azwADyAyI"", ""rule"": ""3.2.115"", ""result"": [""pra"", """", ""BAv"", ""i"", ""li~w""]}, {""rule_source"": ""azwADyAyI"", ""rule"": ""1.3.2"", ""result"": [""pra"", """", ""BAv"", ""i"", ""li~w""]}, {""rule_source"": ""azwADyAyI"", ""rule"": ""1.3.3"", ""result"": [""pra"", """", ""BAv"", ""i"", ""li~w""]}, {""rule_source"": ""azwADyAyI"", ""rule"": ""1.3.9"", ""result"": [""pra"", """", ""BAv"", ""i"", ""l""]}, {""rule_source"": ""azwADyAyI"", ""rule"": ""3.1.35"", ""result"": [""pra"", """", ""BAv"", ""i"", ""Am"", ""l""]}, {""rule_source"": ""azwADyAyI"", ""rule"": ""3.1.40:2"", ""result"": [""pra"", """", ""BAv"", ""i"", ""Am"", ""as"", ""l""]}, {""rule_source"": ""azwADyAyI"", ""rule"": ""3.4.78"", ""result"": [""pra"", """", ""BAv"", ""i"", ""Am"", ""as"", ""tip""]}, {""rule_source"": ""azwADyAyI"", ""rule"": ""1.3.3"", ""result"": [""pra"", """", ""BAv"", ""i"", ""Am"", ""as"", ""tip""]}, {""rule_source"": ""azwADyAyI"", ""rule"": ""1.3.9"", ""result"": [""pra"", """", ""BAv"", ""i"", ""Am"", ""as"", ""ti""]}, {""rule_source"": ""azwADyAyI"", ""rule"": ""3.4.114"", ""result"": [""pra"", """", ""BAv"", ""i"", ""Am"", ""as"", ""ti""]}, {""rule_source"": ""azwADyAyI"", ""rule"": ""3.4.115"", ""result"": [""pra"", """", ""BAv"", ""i"", ""Am"", ""as"", ""ti""]}, {""rule_source"": ""azwADyAyI"", ""rule"": ""1.1.43"", ""result"": [""pra"", """", ""BAv"", ""i"", ""Am"", ""as"", ""ti""]}, {""rule_source"": ""azwADyAyI"", ""rule"": ""1.1.37"", ""result"": [""pra"", """", ""BAv"", ""i"", ""Am"", ""as"", ""ti""]}, {""rule_source"": ""azwADyAyI"", ""rule"": ""3.4.82"", ""result"": [""pra"", """", ""BAv"", ""i"", ""Am"", ""as"", ""Ral""]}, {""rule_source"": ""azwADyAyI"", ""rule"": ""1.3.3"", ""result"": [""pra"", """", ""BAv"", ""i"", ""Am"", ""as"", ""Ral""]}, {""rule_source"": ""azwADyAyI"", ""rule"": ""1.3.7"", ""result"": [""pra"", """", ""BAv"", ""i"", ""Am"", ""as"", ""Ral""]}, {""rule_source"": ""azwADyAyI"", ""rule"": ""1.3.9"", ""result"": [""pra"", """", ""BAv"", ""i"", ""Am"", ""as"", ""a""]}, {""rule_source"": ""azwADyAyI"", ""rule"": ""3.4.115"", ""result"": [""pra"", """", ""BAv"", ""i"", ""Am"", ""as"", ""a""]}, {""rule_source"": ""azwADyAyI"", ""rule"": ""1.1.43"", ""result"": [""pra"", """", ""BAv"", ""i"", ""Am"", ""as"", ""a""]}, {""rule_source"": ""azwADyAyI"", ""rule"": ""1.1.37"", ""result"": [""pra"", """", ""BAv"", ""i"", ""Am"", ""as"", ""a""]}, {""rule_source"": ""azwADyAyI"", ""rule"": ""6.1.8"", ""result"": [""pra"", """", ""BAv"", ""i"", ""Am"", ""as"", ""as"", ""a""]}, {""rule_source"": ""azwADyAyI"", ""rule"": ""6.1.4"", ""result"": [""pra"", """", ""BAv"", ""i"", ""Am"", ""as"", ""as"", ""a""]}, {""rule_source"": ""azwADyAyI"", ""rule"": ""6.1.5"", ""result"": [""pra"", """", ""BAv"", ""i"", ""Am"", ""as"", ""as"", ""a""]}, {""rule_source"": ""azwADyAyI"", ""rule"": ""1.4.13"", ""result"": [""pra"", """", ""BAv"", ""i"", ""Am"", ""as"", ""as"", ""a""]}, {""rule_source"": ""azwADyAyI"", ""rule"": ""7.3.84"", ""result"": [""pra"", """", ""BAv"", ""e"", ""Am"", ""as"", ""as"", ""a""]}, {""rule_source"": ""azwADyAyI"", ""rule"": ""7.2.116"", ""result"": [""pra"", """", ""BAv"", ""e"", ""Am"", ""as"", ""As"", ""a""]}, {""rule_source"": ""azwADyAyI"", ""rule"": ""6.4.55"", ""result"": [""pra"", """", ""BAv"", ""ay"", ""Am"", ""as"", ""As"", ""a""]}, {""rule_source"": ""azwADyAyI"", ""rule"": ""7.4.60"", ""result"": [""pra"", """", ""BAv"", ""ay"", ""Am"", ""a"", ""As"", ""a""]}, {""rule_source"": ""azwADyAyI"", ""rule"": ""7.4.70"", ""result"": [""pra"", """", ""BAv"", ""ay"", ""Am"", ""A"", ""As"", ""a""]}, {""rule_source"": ""azwADyAyI"", ""rule"": ""1.4.14"", ""result"": [""pra"", """", ""BAv"", ""ay"", ""Am"", ""A"", ""As"", ""a""]}, {""rule_source"": ""azwADyAyI"", ""rule"": ""1.4.14"", ""result"": [""pra"", """", ""BAv"", ""ay"", ""Am"", ""A"", ""As"", ""a""]}, {""rule_source"": ""azwADyAyI"", ""rule"": ""6.1.101"", ""result"": [""pra"", """", ""BAv"", ""ay"", ""Am"", ""A"", ""s"", ""a""]}, {""rule_source"": ""azwADyAyI"", ""rule"": ""8.4.68"", ""result"": [""pra"", """", ""BAv"", ""ay"", ""Am"", ""A"", ""s"", ""a""]}]}, {""form_slp1"": ""praBAvayAYcakAra"", ""steps"": [{""rule_source"": ""azwADyAyI"", ""rule"": ""1.3.1"", ""result"": [""BU""]}, {""rule_source"": ""azwADyAyI"", ""rule"": ""1.4.58"", ""result"": [""pra"", ""BU""]}, {""rule_source"": ""azwADyAyI"", ""rule"": ""1.4.59"", ""result"": [""pra"", ""BU""]}, {""rule_source"": ""azwADyAyI"", ""rule"": ""1.4.60"", ""result"": [""pra"", ""BU""]}, {""rule_source"": ""azwADyAyI"", ""rule"": ""1.4.80"", ""result"": [""pra"", ""BU""]}, {""rule_source"": ""azwADyAyI"", ""rule"": ""3.1.26"", ""result"": [""pra"", """", ""BU"", ""Ric""]}, {""rule_source"": ""azwADyAyI"", ""rule"": ""3.1.32"", ""result"": [""pra"", """", ""BU"", ""Ric""]}, {""rule_source"": ""azwADyAyI"", ""rule"": ""1.3.3"", ""result"": [""pra"", """", ""BU"", ""Ric""]}, {""rule_source"": ""azwADyAyI"", ""rule"": ""1.3.7"", ""result"": [""pra"", """", ""BU"", ""Ric""]}, {""rule_source"": ""azwADyAyI"", ""rule"": ""1.3.9"", ""result"": [""pra"", """", ""BU"", ""i""]}, {""rule_source"": ""azwADyAyI"", ""rule"": ""1.2.45"", ""result"": [""pra"", """", ""BU"", ""i""]}, {""rule_source"": ""azwADyAyI"", ""rule"": ""3.4.114"", ""result"": [""pra"", """", ""BU"", ""i""]}, {""rule_source"": ""azwADyAyI"", ""rule"": ""1.1.43"", ""result"": [""pra"", """", ""BU"", ""i""]}, {""rule_source"": ""azwADyAyI"", ""rule"": ""1.1.37"", ""result"": [""pra"", """", ""BU"", ""i""]}, {""rule_source"": ""azwADyAyI"", ""rule"": ""1.3.78"", ""result"": [""pra"", """", ""BU"", ""i""]}, {""rule_source"": ""azwADyAyI"", ""rule"": ""1.1.43"", ""result"": [""pra"", """", ""BU"", ""i""]}, {""rule_source"": ""azwADyAyI"", ""rule"": ""1.1.37"", ""result"": [""pra"", """", ""BU"", ""i""]}, {""rule_source"": ""azwADyAyI"", ""rule"": ""1.4.13"", ""result"": [""pra"", """", ""BU"", ""i""]}, {""rule_source"": ""azwADyAyI"", ""rule"": ""7.2.115"", ""result"": [""pra"", """", ""BO"", ""i""]}, {""rule_source"": ""azwADyAyI"", ""rule"": ""1.4.14"", ""result"": [""pra"", """", ""BO"", ""i""]}, {""rule_source"": ""azwADyAyI"", ""rule"": ""6.1.78"", ""result"": [""pra"", """", ""BAv"", ""i""]}, {""rule_source"": ""azwADyAyI"", ""rule"": ""3.2.115"", ""result"": [""pra"", """", ""BAv"", ""i"", ""li~w""]}, {""rule_source"": ""azwADyAyI"", ""rule"": ""1.3.2"", ""result"": [""pra"", """", ""BAv"", ""i"", ""li~w""]}, {""rule_source"": ""azwADyAyI"", ""rule"": ""1.3.3"", ""result"": [""pra"", """", ""BAv"", ""i"", ""li~w""]}, {""rule_source"": ""azwADyAyI"", ""rule"": ""1.3.9"", ""result"": [""pra"", """", ""BAv"", ""i"", ""l""]}, {""rule_source"": ""azwADyAyI"", ""rule"": ""3.1.35"", ""result"": [""pra"", """", ""BAv"", ""i"", ""Am"", ""l""]}, {""rule_source"": ""azwADyAyI"", ""rule"": ""3.1.40:kf"", ""result"": [""pra"", """", ""BAv"", ""i"", ""Am"", ""kf"", ""l""]}, {""rule_source"": ""azwADyAyI"", ""rule"": ""3.4.78"", ""result"": [""pra"", """", ""BAv"", ""i"", ""Am"", ""kf"", ""tip""]}, {""rule_source"": ""azwADyAyI"", ""rule"": ""1.3.3"", ""result"": [""pra"", """", ""BAv"", ""i"", ""Am"", ""kf"", ""tip""]}, {""rule_source"": ""azwADyAyI"", ""rule"": ""1.3.9"", ""result"": [""pra"", """", ""BAv"", ""i"", ""Am"", ""kf"", ""ti""]}, {""rule_source"": ""azwADyAyI"", ""rule"": ""3.4.114"", ""result"": [""pra"", """", ""BAv"", ""i"", ""Am"", ""kf"", ""ti""]}, {""rule_source"": ""azwADyAyI"", ""rule"": ""3.4.115"", ""result"": [""pra"", """", ""BAv"", ""i"", ""Am"", ""kf"", ""ti""]}, {""rule_source"": ""azwADyAyI"", ""rule"": ""1.1.43"", ""result"": [""pra"", """", ""BAv"", ""i"", ""Am"", ""kf"", ""ti""]}, {""rule_source"": ""azwADyAyI"", ""rule"": ""1.1.37"", ""result"": [""pra"", """", ""BAv"", ""i"", ""Am"", ""kf"", ""ti""]}, {""rule_source"": ""azwADyAyI"", ""rule"": ""3.4.82"", ""result"": [""pra"", """", ""BAv"", ""i"", ""Am"", ""kf"", ""Ral""]}, {""rule_source"": ""azwADyAyI"", ""rule"": ""1.3.3"", ""result"": [""pra"", """", ""BAv"", ""i"", ""Am"", ""kf"", ""Ral""]}, {""rule_source"": ""azwADyAyI"", ""rule"": ""1.3.7"", ""result"": [""pra"", """", ""BAv"", ""i"", ""Am"", ""kf"", ""Ral""]}, {""rule_source"": ""azwADyAyI"", ""rule"": ""1.3.9"", ""result"": [""pra"", """", ""BAv"", ""i"", ""Am"", ""kf"", ""a""]}, {""rule_source"": ""azwADyAyI"", ""rule"": ""3.4.115"", ""result"": [""pra"", """", ""BAv"", ""i"", ""Am"", ""kf"", ""a""]}, {""rule_source"": ""azwADyAyI"", ""rule"": ""1.1.43"", ""result"": [""pra"", """", ""BAv"", ""i"", ""Am"", ""kf"", ""a""]}, {""rule_source"": ""azwADyAyI"", ""rule"": ""1.1.37"", ""result"": [""pra"", """", ""BAv"", ""i"", ""Am"", ""kf"", ""a""]}, {""rule_source"": ""azwADyAyI"", ""rule"": ""6.1.8"", ""result"": [""pra"", """", ""BAv"", ""i"", ""Am"", ""kf"", ""kf"", ""a""]}, {""rule_source"": ""azwADyAyI"", ""rule"": ""6.1.4"", ""result"": [""pra"", """", ""BAv"", ""i"", ""Am"", ""kf"", ""kf"", ""a""]}, {""rule_source"": ""azwADyAyI"", ""rule"": ""6.1.5"", ""result"": [""pra"", """", ""BAv"", ""i"", ""Am"", ""kf"", ""kf"", ""a""]}, {""rule_source"": ""azwADyAyI"", ""rule"": ""1.4.13"", ""result"": [""pra"", """", ""BAv"", ""i"", ""Am"", ""kf"", ""kf"", ""a""]}, {""rule_source"": ""azwADyAyI"", ""rule"": ""7.3.84"", ""result"": [""pra"", """", ""BAv"", ""e"", ""Am"", ""kf"", ""kf"", ""a""]}, {""rule_source"": ""azwADyAyI"", ""rule"": ""7.2.115"", ""result"": [""pra"", """", ""BAv"", ""e"", ""Am"", ""kf"", ""kAr"", ""a""]}, {""rule_source"": ""azwADyAyI"", ""rule"": ""6.4.55"", ""result"": [""pra"", """", ""BAv"", ""ay"", ""Am"", ""kf"", ""kAr"", ""a""]}, {""rule_source"": ""azwADyAyI"", ""rule"": ""7.4.62"", ""result"": [""pra"", """", ""BAv"", ""ay"", ""Am"", ""cf"", ""kAr"", ""a""]}, {""rule_source"": ""azwADyAyI"", ""rule"": ""7.4.66"", ""result"": [""pra"", """", ""BAv"", ""ay"", ""Am"", ""ca"", ""kAr"", ""a""]}, {""rule_source"": ""azwADyAyI"", ""rule"": ""1.4.14"", ""result"": [""pra"", """", ""BAv"", ""ay"", ""Am"", ""ca"", ""kAr"", ""a""]}, {""rule_source"": ""azwADyAyI"", ""rule"": ""1.4.14"", ""result"": [""pra"", """", ""BAv"", ""ay"", ""Am"", ""ca"", ""kAr"", ""a""]}, {""rule_source"": ""azwADyAyI"", ""rule"": ""8.3.24"", ""result"": [""pra"", """", ""BAv"", ""ay"", ""AM"", ""ca"", ""kAr"", ""a""]}, {""rule_source"": ""azwADyAyI"", ""rule"": ""8.4.58"", ""result"": [""pra"", """", ""BAv"", ""ay"", ""AY"", ""ca"", ""kAr"", ""a""]}, {""rule_source"": ""azwADyAyI"", ""rule"": ""8.4.68"", ""result"": [""pra"", """", ""BAv"", ""ay"", ""AY"", ""ca"", ""kAr"", ""a""]}]}], ""atmanepada"": [{""form_slp1"": ""praBAvayAmbaBUva"", ""steps"": [{""rule_source"": ""azwADyAyI"", ""rule"": ""1.3.1"", ""result"": [""BU""]}, {""rule_source"": ""azwADyAyI"", ""rule"": ""1.4.58"", ""result"": [""pra"", ""BU""]}, {""rule_source"": ""azwADyAyI"", ""rule"": ""1.4.59"", ""result"": [""pra"", ""BU""]}, {""rule_source"": ""azwADyAyI"", ""rule"": ""1.4.60"", ""result"": [""pra"", ""BU""]}, {""rule_source"": ""azwADyAyI"", ""rule"": ""1.4.80"", ""result"": [""pra"", ""BU""]}, {""rule_source"": ""azwADyAyI"", ""rule"": ""3.1.26"", ""result"": [""pra"", """", ""BU"", ""Ric""]}, {""rule_source"": ""azwADyAyI"", ""rule"": ""3.1.32"", ""result"": [""pra"", """", ""BU"", ""Ric""]}, {""rule_source"": ""azwADyAyI"", ""rule"": ""1.3.3"", ""result"": [""pra"", """", ""BU"", ""Ric""]}, {""rule_source"": ""azwADyAyI"", ""rule"": ""1.3.7"", ""result"": [""pra"", """", ""BU"", ""Ric""]}, {""rule_source"": ""azwADyAyI"", ""rule"": ""1.3.9"", ""result"": [""pra"", """", ""BU"", ""i""]}, {""rule_source"": ""azwADyAyI"", ""rule"": ""1.2.45"", ""result"": [""pra"", """", ""BU"", ""i""]}, {""rule_source"": ""azwADyAyI"", ""rule"": ""3.4.114"", ""result"": [""pra"", """", ""BU"", ""i""]}, {""rule_source"": ""azwADyAyI"", ""rule"": ""1.1.43"", ""result"": [""pra"", """", ""BU"", ""i""]}, {""rule_source"": ""azwADyAyI"", ""rule"": ""1.1.37"", ""result"": [""pra"", """", ""BU"", ""i""]}, {""rule_source"": ""azwADyAyI"", ""rule"": ""1.3.74"", ""result"": [""pra"", """", ""BU"", ""i""]}, {""rule_source"": ""azwADyAyI"", ""rule"": ""1.1.43"", ""result"": [""pra"", """", ""BU"", ""i""]}, {""rule_source"": ""azwADyAyI"", ""rule"": ""1.1.37"", ""result"": [""pra"", """", ""BU"", ""i""]}, {""rule_source"": ""azwADyAyI"", ""rule"": ""1.4.13"", ""result"": [""pra"", """", ""BU"", ""i""]}, {""rule_source"": ""azwADyAyI"", ""rule"": ""7.2.115"", ""result"": [""pra"", """", ""BO"", ""i""]}, {""rule_source"": ""azwADyAyI"", ""rule"": ""1.4.14"", ""result"": [""pra"", """", ""BO"", ""i""]}, {""rule_source"": ""azwADyAyI"", ""rule"": ""6.1.78"", ""result"": [""pra"", """", ""BAv"", ""i""]}, {""rule_source"": ""azwADyAyI"", ""rule"": ""3.2.115"", ""result"": [""pra"", """", ""BAv"", ""i"", ""li~w""]}, {""rule_source"": ""azwADyAyI"", ""rule"": ""1.3.2"", ""result"": [""pra"", """", ""BAv"", ""i"", ""li~w""]}, {""rule_source"": ""azwADyAyI"", ""rule"": ""1.3.3"", ""result"": [""pra"", """", ""BAv"", ""i"", ""li~w""]}, {""rule_source"": ""azwADyAyI"", ""rule"": ""1.3.9"", ""result"": [""pra"", """", ""BAv"", ""i"", ""l""]}, {""rule_source"": ""azwADyAyI"", ""rule"": ""3.1.35"", ""result"": [""pra"", """", ""BAv"", ""i"", ""Am"", ""l""]}, {""rule_source"": ""azwADyAyI"", ""rule"": ""3.1.40:1"", ""result"": [""pra"", """", ""BAv"", ""i"", ""Am"", ""BU"", ""l""]}, {""rule_source"": ""azwADyAyI"", ""rule"": ""3.4.78"", ""result"": [""pra"", """", ""BAv"", ""i"", ""Am"", ""BU"", ""tip""]}, {""rule_source"": ""azwADyAyI"", ""rule"": ""1.3.3"", ""result"": [""pra"", """", ""BAv"", ""i"", ""Am"", ""BU"", ""tip""]}, {""rule_source"": ""azwADyAyI"", ""rule"": ""1.3.9"", ""result"": [""pra"", """", ""BAv"", ""i"", ""Am"", ""BU"", ""ti""]}, {""rule_source"": ""azwADyAyI"", ""rule"": ""3.4.114"", ""result"": [""pra"", """", ""BAv"", ""i"", ""Am"", ""BU"", ""ti""]}, {""rule_source"": ""azwADyAyI"", ""rule"": ""3.4.115"", ""result"": [""pra"", """", ""BAv"", ""i"", ""Am"", ""BU"", ""ti""]}, {""rule_source"": ""azwADyAyI"", ""rule"": ""1.1.43"", ""result"": [""pra"", """", ""BAv"", ""i"", ""Am"", ""BU"", ""ti""]}, {""rule_source"": ""azwADyAyI"", ""rule"": ""1.1.37"", ""result"": [""pra"", """", ""BAv"", ""i"", ""Am"", ""BU"", ""ti""]}, {""rule_source"": ""azwADyAyI"", ""rule"": ""3.4.82"", ""result"": [""pra"", """", ""BAv"", ""i"", ""Am"", ""BU"", ""Ral""]}, {""rule_source"": ""azwADyAyI"", ""rule"": ""1.3.3"", ""result"": [""pra"", """", ""BAv"", ""i"", ""Am"", ""BU"", ""Ral""]}, {""rule_source"": ""azwADyAyI"", ""rule"": ""1.3.7"", ""result"": [""pra"", """", ""BAv"", ""i"", ""Am"", ""BU"", ""Ral""]}, {""rule_source"": ""azwADyAyI"", ""rule"": ""1.3.9"", ""result"": [""pra"", """", ""BAv"", ""i"", ""Am"", ""BU"", ""a""]}, {""rule_source"": ""azwADyAyI"", ""rule"": ""3.4.115"", ""result"": [""pra"", """", ""BAv"", ""i"", ""Am"", ""BU"", ""a""]}, {""rule_source"": ""azwADyAyI"", ""rule"": ""1.1.43"", ""result"": [""pra"", """", ""BAv"", ""i"", ""Am"", ""BU"", ""a""]}, {""rule_source"": ""azwADyAyI"", ""rule"": ""1.1.37"", ""result"": [""pra"", """", ""BAv"", ""i"", ""Am"", ""BU"", ""a""]}, {""rule_source"": ""azwADyAyI"", ""rule"": ""6.1.8"", ""result"": [""pra"", """", ""BAv"", ""i"", ""Am"", ""BU"", ""BU"", ""a""]}, {""rule_source"": ""azwADyAyI"", ""rule"": ""6.1.4"", ""result"": [""pra"", """", ""BAv"", ""i"", ""Am"", ""BU"", ""BU"", ""a""]}, {""rule_source"": ""azwADyAyI"", ""rule"": ""6.1.5"", ""result"": [""pra"", """", ""BAv"", ""i"", ""Am"", ""BU"", ""BU"", ""a""]}, {""rule_source"": ""azwADyAyI"", ""rule"": ""1.4.13"", ""result"": [""pra"", """", ""BAv"", ""i"", ""Am"", ""BU"", ""BU"", ""a""]}, {""rule_source"": ""azwADyAyI"", ""rule"": ""6.4.88"", ""result"": [""pra"", """", ""BAv"", ""i"", ""Am"", ""BU"", ""BU"", ""vu~k"", ""a""]}, {""rule_source"": ""azwADyAyI"", ""rule"": ""1.3.2"", ""result"": [""pra"", """", ""BAv"", ""i"", ""Am"", ""BU"", ""BU"", ""vu~k"", ""a""]}, {""rule_source"": ""azwADyAyI"", ""rule"": ""1.3.3"", ""result"": [""pra"", """", ""BAv"", ""i"", ""Am"", ""BU"", ""BU"", ""vu~k"", ""a""]}, {""rule_source"": ""azwADyAyI"", ""rule"": ""1.3.9"", ""result"": [""pra"", """", ""BAv"", ""i"", ""Am"", ""BU"", ""BU"", ""v"", ""a""]}, {""rule_source"": ""azwADyAyI"", ""rule"": ""7.3.84"", ""result"": [""pra"", """", ""BAv"", ""e"", ""Am"", ""BU"", ""BU"", ""v"", ""a""]}, {""rule_source"": ""azwADyAyI"", ""rule"": ""6.4.55"", ""result"": [""pra"", """", ""BAv"", ""ay"", ""Am"", ""BU"", ""BU"", ""v"", ""a""]}, {""rule_source"": ""azwADyAyI"", ""rule"": ""7.4.59"", ""result"": [""pra"", """", ""BAv"", ""ay"", ""Am"", ""Bu"", ""BU"", ""v"", ""a""]}, {""rule_source"": ""azwADyAyI"", ""rule"": ""7.4.73"", ""result"": [""pra"", """", ""BAv"", ""ay"", ""Am"", ""Ba"", ""BU"", ""v"", ""a""]}, {""rule_source"": ""azwADyAyI"", ""rule"": ""1.4.14"", ""result"": [""pra"", """", ""BAv"", ""ay"", ""Am"", ""Ba"", ""BU"", ""v"", ""a""]}, {""rule_source"": ""azwADyAyI"", ""rule"": ""1.4.14"", ""result"": [""pra"", """", ""BAv"", ""ay"", ""Am"", ""Ba"", ""BU"", ""v"", ""a""]}, {""rule_source"": ""azwADyAyI"", ""rule"": ""8.3.24"", ""result"": [""pra"", """", ""BAv"", ""ay"", ""AM"", ""Ba"", ""BU"", ""v"", ""a""]}, {""rule_source"": ""azwADyAyI"", ""rule"": ""8.4.54"", ""result"": [""pra"", """", ""BAv"", ""ay"", ""AM"", ""ba"", ""BU"", ""v"", ""a""]}, {""rule_source"": ""azwADyAyI"", ""rule"": ""8.4.58"", ""result"": [""pra"", """", ""BAv"", ""ay"", ""Am"", ""ba"", ""BU"", ""v"", ""a""]}, {""rule_source"": ""azwADyAyI"", ""rule"": ""8.4.68"", ""result"": [""pra"", """", ""BAv"", ""ay"", ""Am"", ""ba"", ""BU"", ""v"", ""a""]}]}, {""form_slp1"": ""praBAvayAmAsa"", ""steps"": [{""rule_source"": ""azwADyAyI"", ""rule"": ""1.3.1"", ""result"": [""BU""]}, {""rule_source"": ""azwADyAyI"", ""rule"": ""1.4.58"", ""result"": [""pra"", ""BU""]}, {""rule_source"": ""azwADyAyI"", ""rule"": ""1.4.59"", ""result"": [""pra"", ""BU""]}, {""rule_source"": ""azwADyAyI"", ""rule"": ""1.4.60"", ""result"": [""pra"", ""BU""]}, {""rule_source"": ""azwADyAyI"", ""rule"": ""1.4.80"", ""result"": [""pra"", ""BU""]}, {""rule_source"": ""azwADyAyI"", ""rule"": ""3.1.26"", ""result"": [""pra"", """", ""BU"", ""Ric""]}, {""rule_source"": ""azwADyAyI"", ""rule"": ""3.1.32"", ""result"": [""pra"", """", ""BU"", ""Ric""]}, {""rule_source"": ""azwADyAyI"", ""rule"": ""1.3.3"", ""result"": [""pra"", """", ""BU"", ""Ric""]}, {""rule_source"": ""azwADyAyI"", ""rule"": ""1.3.7"", ""result"": [""pra"", """", ""BU"", ""Ric""]}, {""rule_source"": ""azwADyAyI"", ""rule"": ""1.3.9"", ""result"": [""pra"", """", ""BU"", ""i""]}, {""rule_source"": ""azwADyAyI"", ""rule"": ""1.2.45"", ""result"": [""pra"", """", ""BU"", ""i""]}, {""rule_source"": ""azwADyAyI"", ""rule"": ""3.4.114"", ""result"": [""pra"", """", ""BU"", ""i""]}, {""rule_source"": ""azwADyAyI"", ""rule"": ""1.1.43"", ""result"": [""pra"", """", ""BU"", ""i""]}, {""rule_source"": ""azwADyAyI"", ""rule"": ""1.1.37"", ""result"": [""pra"", """", ""BU"", ""i""]}, {""rule_source"": ""azwADyAyI"", ""rule"": ""1.3.74"", ""result"": [""pra"", """", ""BU"", ""i""]}, {""rule_source"": ""azwADyAyI"", ""rule"": ""1.1.43"", ""result"": [""pra"", """", ""BU"", ""i""]}, {""rule_source"": ""azwADyAyI"", ""rule"": ""1.1.37"", ""result"": [""pra"", """", ""BU"", ""i""]}, {""rule_source"": ""azwADyAyI"", ""rule"": ""1.4.13"", ""result"": [""pra"", """", ""BU"", ""i""]}, {""rule_source"": ""azwADyAyI"", ""rule"": ""7.2.115"", ""result"": [""pra"", """", ""BO"", ""i""]}, {""rule_source"": ""azwADyAyI"", ""rule"": ""1.4.14"", ""result"": [""pra"", """", ""BO"", ""i""]}, {""rule_source"": ""azwADyAyI"", ""rule"": ""6.1.78"", ""result"": [""pra"", """", ""BAv"", ""i""]}, {""rule_source"": ""azwADyAyI"", ""rule"": ""3.2.115"", ""result"": [""pra"", """", ""BAv"", ""i"", ""li~w""]}, {""rule_source"": ""azwADyAyI"", ""rule"": ""1.3.2"", ""result"": [""pra"", """", ""BAv"", ""i"", ""li~w""]}, {""rule_source"": ""azwADyAyI"", ""rule"": ""1.3.3"", ""result"": [""pra"", """", ""BAv"", ""i"", ""li~w""]}, {""rule_source"": ""azwADyAyI"", ""rule"": ""1.3.9"", ""result"": [""pra"", """", ""BAv"", ""i"", ""l""]}, {""rule_source"": ""azwADyAyI"", ""rule"": ""3.1.35"", ""result"": [""pra"", """", ""BAv"", ""i"", ""Am"", ""l""]}, {""rule_source"": ""azwADyAyI"", ""rule"": ""3.1.40:2"", ""result"": [""pra"", """", ""BAv"", ""i"", ""Am"", ""as"", ""l""]}, {""rule_source"": ""azwADyAyI"", ""rule"": ""3.4.78"", ""result"": [""pra"", """", ""BAv"", ""i"", ""Am"", ""as"", ""tip""]}, {""rule_source"": ""azwADyAyI"", ""rule"": ""1.3.3"", ""result"": [""pra"", """", ""BAv"", ""i"", ""Am"", ""as"", ""tip""]}, {""rule_source"": ""azwADyAyI"", ""rule"": ""1.3.9"", ""result"": [""pra"", """", ""BAv"", ""i"", ""Am"", ""as"", ""ti""]}, {""rule_source"": ""azwADyAyI"", ""rule"": ""3.4.114"", ""result"": [""pra"", """", ""BAv"", ""i"", ""Am"", ""as"", ""ti""]}, {""rule_source"": ""azwADyAyI"", ""rule"": ""3.4.115"", ""result"": [""pra"", """", ""BAv"", ""i"", ""Am"", ""as"", ""ti""]}, {""rule_source"": ""azwADyAyI"", ""rule"": ""1.1.43"", ""result"": [""pra"", """", ""BAv"", ""i"", ""Am"", ""as"", ""ti""]}, {""rule_source"": ""azwADyAyI"", ""rule"": ""1.1.37"", ""result"": [""pra"", """", ""BAv"", ""i"", ""Am"", ""as"", ""ti""]}, {""rule_source"": ""azwADyAyI"", ""rule"": ""3.4.82"", ""result"": [""pra"", """", ""BAv"", ""i"", ""Am"", ""as"", ""Ral""]}, {""rule_source"": ""azwADyAyI"", ""rule"": ""1.3.3"", ""result"": [""pra"", """", ""BAv"", ""i"", ""Am"", ""as"", ""Ral""]}, {""rule_source"": ""azwADyAyI"", ""rule"": ""1.3.7"", ""result"": [""pra"", """", ""BAv"", ""i"", ""Am"", ""as"", ""Ral""]}, {""rule_source"": ""azwADyAyI"", ""rule"": ""1.3.9"", ""result"": [""pra"", """", ""BAv"", ""i"", ""Am"", ""as"", ""a""]}, {""rule_source"": ""azwADyAyI"", ""rule"": ""3.4.115"", ""result"": [""pra"", """", ""BAv"", ""i"", ""Am"", ""as"", ""a""]}, {""rule_source"": ""azwADyAyI"", ""rule"": ""1.1.43"", ""result"": [""pra"", """", ""BAv"", ""i"", ""Am"", ""as"", ""a""]}, {""rule_source"": ""azwADyAyI"", ""rule"": ""1.1.37"", ""result"": [""pra"", """", ""BAv"", ""i"", ""Am"", ""as"", ""a""]}, {""rule_source"": ""azwADyAyI"", ""rule"": ""6.1.8"", ""result"": [""pra"", """", ""BAv"", ""i"", ""Am"", ""as"", ""as"", ""a""]}, {""rule_source"": ""azwADyAyI"", ""rule"": ""6.1.4"", ""result"": [""pra"", """", ""BAv"", ""i"", ""Am"", ""as"", ""as"", ""a""]}, {""rule_source"": ""azwADyAyI"", ""rule"": ""6.1.5"", ""result"": [""pra"", """", ""BAv"", ""i"", ""Am"", ""as"", ""as"", ""a""]}, {""rule_source"": ""azwADyAyI"", ""rule"": ""1.4.13"", ""result"": [""pra"", """", ""BAv"", ""i"", ""Am"", ""as"", ""as"", ""a""]}, {""rule_source"": ""azwADyAyI"", ""rule"": ""7.3.84"", ""result"": [""pra"", """", ""BAv"", ""e"", ""Am"", ""as"", ""as"", ""a""]}, {""rule_source"": ""azwADyAyI"", ""rule"": ""7.2.116"", ""result"": [""pra"", """", ""BAv"", ""e"", ""Am"", ""as"", ""As"", ""a""]}, {""rule_source"": ""azwADyAyI"", ""rule"": ""6.4.55"", ""result"": [""pra"", """", ""BAv"", ""ay"", ""Am"", ""as"", ""As"", ""a""]}, {""rule_source"": ""azwADyAyI"", ""rule"": ""7.4.60"", ""result"": [""pra"", """", ""BAv"", ""ay"", ""Am"", ""a"", ""As"", ""a""]}, {""rule_source"": ""azwADyAyI"", ""rule"": ""7.4.70"", ""result"": [""pra"", """", ""BAv"", ""ay"", ""Am"", ""A"", ""As"", ""a""]}, {""rule_source"": ""azwADyAyI"", ""rule"": ""1.4.14"", ""result"": [""pra"", """", ""BAv"", ""ay"", ""Am"", ""A"", ""As"", ""a""]}, {""rule_source"": ""azwADyAyI"", ""rule"": ""1.4.14"", ""result"": [""pra"", """", ""BAv"", ""ay"", ""Am"", ""A"", ""As"", ""a""]}, {""rule_source"": ""azwADyAyI"", ""rule"": ""6.1.101"", ""result"": [""pra"", """", ""BAv"", ""ay"", ""Am"", ""A"", ""s"", ""a""]}, {""rule_source"": ""azwADyAyI"", ""rule"": ""8.4.68"", ""result"": [""pra"", """", ""BAv"", ""ay"", ""Am"", ""A"", ""s"", ""a""]}]}, {""form_slp1"": ""praBAvayAYcakre"", ""steps"": [{""rule_source"": ""azwADyAyI"", ""rule"": ""1.3.1"", ""result"": [""BU""]}, {""rule_source"": ""azwADyAyI"", ""rule"": ""1.4.58"", ""result"": [""pra"", ""BU""]}, {""rule_source"": ""azwADyAyI"", ""rule"": ""1.4.59"", ""result"": [""pra"", ""BU""]}, {""rule_source"": ""azwADyAyI"", ""rule"": ""1.4.60"", ""result"": [""pra"", ""BU""]}, {""rule_source"": ""azwADyAyI"", ""rule"": ""1.4.80"", ""result"": [""pra"", ""BU""]}, {""rule_source"": ""azwADyAyI"", ""rule"": ""3.1.26"", ""result"": [""pra"", """", ""BU"", ""Ric""]}, {""rule_source"": ""azwADyAyI"", ""rule"": ""3.1.32"", ""result"": [""pra"", """", ""BU"", ""Ric""]}, {""rule_source"": ""azwADyAyI"", ""rule"": ""1.3.3"", ""result"": [""pra"", """", ""BU"", ""Ric""]}, {""rule_source"": ""azwADyAyI"", ""rule"": ""1.3.7"", ""result"": [""pra"", """", ""BU"", ""Ric""]}, {""rule_source"": ""azwADyAyI"", ""rule"": ""1.3.9"", ""result"": [""pra"", """", ""BU"", ""i""]}, {""rule_source"": ""azwADyAyI"", ""rule"": ""1.2.45"", ""result"": [""pra"", """", ""BU"", ""i""]}, {""rule_source"": ""azwADyAyI"", ""rule"": ""3.4.114"", ""result"": [""pra"", """", ""BU"", ""i""]}, {""rule_source"": ""azwADyAyI"", ""rule"": ""1.1.43"", ""result"": [""pra"", """", ""BU"", ""i""]}, {""rule_source"": ""azwADyAyI"", ""rule"": ""1.1.37"", ""result"": [""pra"", """", ""BU"", ""i""]}, {""rule_source"": ""azwADyAyI"", ""rule"": ""1.3.74"", ""result"": [""pra"", """", ""BU"", ""i""]}, {""rule_source"": ""azwADyAyI"", ""rule"": ""1.1.43"", ""result"": [""pra"", """", ""BU"", ""i""]}, {""rule_source"": ""azwADyAyI"", ""rule"": ""1.1.37"", ""result"": [""pra"", """", ""BU"", ""i""]}, {""rule_source"": ""azwADyAyI"", ""rule"": ""1.4.13"", ""result"": [""pra"", """", ""BU"", ""i""]}, {""rule_source"": ""azwADyAyI"", ""rule"": ""7.2.115"", ""result"": [""pra"", """", ""BO"", ""i""]}, {""rule_source"": ""azwADyAyI"", ""rule"": ""1.4.14"", ""result"": [""pra"", """", ""BO"", ""i""]}, {""rule_source"": ""azwADyAyI"", ""rule"": ""6.1.78"", ""result"": [""pra"", """", ""BAv"", ""i""]}, {""rule_source"": ""azwADyAyI"", ""rule"": ""3.2.115"", ""result"": [""pra"", """", ""BAv"", ""i"", ""li~w""]}, {""rule_source"": ""azwADyAyI"", ""rule"": ""1.3.2"", ""result"": [""pra"", """", ""BAv"", ""i"", ""li~w""]}, {""rule_source"": ""azwADyAyI"", ""rule"": ""1.3.3"", ""result"": [""pra"", """", ""BAv"", ""i"", ""li~w""]}, {""rule_source"": ""azwADyAyI"", ""rule"": ""1.3.9"", ""result"": [""pra"", """", ""BAv"", ""i"", ""l""]}, {""rule_source"": ""azwADyAyI"", ""rule"": ""3.1.35"", ""result"": [""pra"", """", ""BAv"", ""i"", ""Am"", ""l""]}, {""rule_source"": ""azwADyAyI"", ""rule"": ""3.1.40:kf"", ""result"": [""pra"", """", ""BAv"", ""i"", ""Am"", ""kf"", ""l""]}, {""rule_source"": ""azwADyAyI"", ""rule"": ""3.4.78"", ""result"": [""pra"", """", ""BAv"", ""i"", ""Am"", ""kf"", ""ta""]}, {""rule_source"": ""azwADyAyI"", ""rule"": ""3.4.114"", ""result"": [""pra"", """", ""BAv"", ""i"", ""Am"", ""kf"", ""ta""]}, {""rule_source"": ""azwADyAyI"", ""rule"": ""3.4.115"", ""result"": [""pra"", """", ""BAv"", ""i"", ""Am"", ""kf"", ""ta""]}, {""rule_source"": ""azwADyAyI"", ""rule"": ""1.1.43"", ""result"": [""pra"", """", ""BAv"", ""i"", ""Am"", ""kf"", ""ta""]}, {""rule_source"": ""azwADyAyI"", ""rule"": ""1.1.37"", ""result"": [""pra"", """", ""BAv"", ""i"", ""Am"", ""kf"", ""ta""]}, {""rule_source"": ""azwADyAyI"", ""rule"": ""3.4.81"", ""result"": [""pra"", """", ""BAv"", ""i"", ""Am"", ""kf"", ""eS""]}, {""rule_source"": ""azwADyAyI"", ""rule"": ""1.3.3"", ""result"": [""pra"", """", ""BAv"", ""i"", ""Am"", ""kf"", ""eS""]}, {""rule_source"": ""azwADyAyI"", ""rule"": ""1.3.9"", ""result"": [""pra"", """", ""BAv"", ""i"", ""Am"", ""kf"", ""e""]}, {""rule_source"": ""azwADyAyI"", ""rule"": ""3.4.115"", ""result"": [""pra"", """", ""BAv"", ""i"", ""Am"", ""kf"", ""e""]}, {""rule_source"": ""azwADyAyI"", ""rule"": ""1.1.43"", ""result"": [""pra"", """", ""BAv"", ""i"", ""Am"", ""kf"", ""e""]}, {""rule_source"": ""azwADyAyI"", ""rule"": ""1.1.37"", ""result"": [""pra"", """", ""BAv"", ""i"", ""Am"", ""kf"", ""e""]}, {""rule_source"": ""azwADyAyI"", ""rule"": ""1.2.5"", ""result"": [""pra"", """", ""BAv"", ""i"", ""Am"", ""kf"", ""e""]}, {""rule_source"": ""azwADyAyI"", ""rule"": ""6.1.8"", ""result"": [""pra"", """", ""BAv"", ""i"", ""Am"", ""kf"", ""kf"", ""e""]}, {""rule_source"": ""azwADyAyI"", ""rule"": ""6.1.4"", ""result"": [""pra"", """", ""BAv"", ""i"", ""Am"", ""kf"", ""kf"", ""e""]}, {""rule_source"": ""azwADyAyI"", ""rule"": ""6.1.5"", ""result"": [""pra"", """", ""BAv"", ""i"", ""Am"", ""kf"", ""kf"", ""e""]}, {""rule_source"": ""azwADyAyI"", ""rule"": ""1.4.13"", ""result"": [""pra"", """", ""BAv"", ""i"", ""Am"", ""kf"", ""kf"", ""e""]}, {""rule_source"": ""azwADyAyI"", ""rule"": ""7.3.84"", ""result"": [""pra"", """", ""BAv"", ""e"", ""Am"", ""kf"", ""kf"", ""e""]}, {""rule_source"": ""azwADyAyI"", ""rule"": ""1.1.5"", ""result"": [""pra"", """", ""BAv"", ""e"", ""Am"", ""kf"", ""kf"", ""e""]}, {""rule_source"": ""azwADyAyI"", ""rule"": ""6.4.55"", ""result"": [""pra"", """", ""BAv"", ""ay"", ""Am"", ""kf"", ""kf"", ""e""]}, {""rule_source"": ""azwADyAyI"", ""rule"": ""7.4.62"", ""result"": [""pra"", """", ""BAv"", ""ay"", ""Am"", ""cf"", ""kf"", ""e""]}, {""rule_source"": ""azwADyAyI"", ""rule"": ""7.4.66"", ""result"": [""pra"", """", ""BAv"", ""ay"", ""Am"", ""ca"", ""kf"", ""e""]}, {""rule_source"": ""azwADyAyI"", ""rule"": ""1.4.14"", ""result"": [""pra"", """", ""BAv"", ""ay"", ""Am"", ""ca"", ""kf"", ""e""]}, {""rule_source"": ""azwADyAyI"", ""rule"": ""1.4.14"", ""result"": [""pra"", """", ""BAv"", ""ay"", ""Am"", ""ca"", ""kf"", ""e""]}, {""rule_source"": ""azwADyAyI"", ""rule"": ""6.1.77"", ""result"": [""pra"", """", ""BAv"", ""ay"", ""Am"", ""ca"", ""kr"", ""e""]}, {""rule_source"": ""azwADyAyI"", ""rule"": ""8.3.24"", ""result"": [""pra"", """", ""BAv"", ""ay"", ""AM"", ""ca"", ""kr"", ""e""]}, {""rule_source"": ""azwADyAyI"", ""rule"": ""8.4.58"", ""result"": [""pra"", """", ""BAv"", ""ay"", ""AY"", ""ca"", ""kr"", ""e""]}, {""rule_source"": ""azwADyAyI"", ""rule"": ""8.4.68"", ""result"": [""pra"", """", ""BAv"", ""ay"", ""AY"", ""ca"", ""kr"", ""e""]}]}]}"
upasarga_sanadi:1391aa7528fb82a94755,upasarga_sanadi,lut,लुट् (luṭ),periphrastic future,Prathama,Eka,praBAvayitA,praBAvayitA,praBAvayitA,1,locally_regenerated,"{""parasmaipada"": [{""form_slp1"": ""praBAvayitA"", ""steps"": [{""rule_source"": ""azwADyAyI"", ""rule"": ""1.3.1"", ""result"": [""BU""]}, {""rule_source"": ""azwADyAyI"", ""rule"": ""1.4.58"", ""result"": [""pra"", ""BU""]}, {""rule_source"": ""azwADyAyI"", ""rule"": ""1.4.59"", ""result"": [""pra"", ""BU""]}, {""rule_source"": ""azwADyAyI"", ""rule"": ""1.4.60"", ""result"": [""pra"", ""BU""]}, {""rule_source"": ""azwADyAyI"", ""rule"": ""1.4.80"", ""result"": [""pra"", ""BU""]}, {""rule_source"": ""azwADyAyI"", ""rule"": ""3.1.26"", ""result"": [""pra"", """", ""BU"", ""Ric""]}, {""rule_source"": ""azwADyAyI"", ""rule"": ""3.1.32"", ""result"": [""pra"", """", ""BU"", ""Ric""]}, {""rule_source"": ""azwADyAyI"", ""rule"": ""1.3.3"", ""result"": [""pra"", """", ""BU"", ""Ric""]}, {""rule_source"": ""azwADyAyI"", ""rule"": ""1.3.7"", ""result"": [""pra"", """", ""BU"", ""Ric""]}, {""rule_source"": ""azwADyAyI"", ""rule"": ""1.3.9"", ""result"": [""pra"", """", ""BU"", ""i""]}, {""rule_source"": ""azwADyAyI"", ""rule"": ""1.2.45"", ""result"": [""pra"", """", ""BU"", ""i""]}, {""rule_source"": ""azwADyAyI"", ""rule"": ""3.4.114"", ""result"": [""pra"", """", ""BU"", ""i""]}, {""rule_source"": ""azwADyAyI"", ""rule"": ""1.1.43"", ""result"": [""pra"", """", ""BU"", ""i""]}, {""rule_source"": ""azwADyAyI"", ""rule"": ""1.1.37"", ""result"": [""pra"", """", ""BU"", ""i""]}, {""rule_source"": ""azwADyAyI"", ""rule"": ""1.3.78"", ""result"": [""pra"", """", ""BU"", ""i""]}, {""rule_source"": ""azwADyAyI"", ""rule"": ""1.1.43"", ""result"": [""pra"", """", ""BU"", ""i""]}, {""rule_source"": ""azwADyAyI"", ""rule"": ""1.1.37"", ""result"": [""pra"", """", ""BU"", ""i""]}, {""rule_source"": ""azwADyAyI"", ""rule"": ""1.4.13"", ""result"": [""pra"", """", ""BU"", ""i""]}, {""rule_source"": ""azwADyAyI"", ""rule"": ""7.2.115"", ""result"": [""pra"", """", ""BO"", ""i""]}, {""rule_source"": ""azwADyAyI"", ""rule"": ""1.4.14"", ""result"": [""pra"", """", ""BO"", ""i""]}, {""rule_source"": ""azwADyAyI"", ""rule"": ""6.1.78"", ""result"": [""pra"", """", ""BAv"", ""i""]}, {""rule_source"": ""azwADyAyI"", ""rule"": ""3.3.15"", ""result"": [""pra"", """", ""BAv"", ""i"", ""lu~w""]}, {""rule_source"": ""azwADyAyI"", ""rule"": ""1.3.2"", ""result"": [""pra"", """", ""BAv"", ""i"", ""lu~w""]}, {""rule_source"": ""azwADyAyI"", ""rule"": ""1.3.3"", ""result"": [""pra"", """", ""BAv"", ""i"", ""lu~w""]}, {""rule_source"": ""azwADyAyI"", ""rule"": ""1.3.9"", ""result"": [""pra"", """", ""BAv"", ""i"", ""l""]}, {""rule_source"": ""azwADyAyI"", ""rule"": ""3.4.78"", ""result"": [""pra"", """", ""BAv"", ""i"", ""tip""]}, {""rule_source"": ""azwADyAyI"", ""rule"": ""1.3.3"", ""result"": [""pra"", """", ""BAv"", ""i"", ""tip""]}, {""rule_source"": ""azwADyAyI"", ""rule"": ""1.3.9"", ""result"": [""pra"", """", ""BAv"", ""i"", ""ti""]}, {""rule_source"": ""azwADyAyI"", ""rule"": ""3.4.113"", ""result"": [""pra"", """", ""BAv"", ""i"", ""ti""]}, {""rule_source"": ""azwADyAyI"", ""rule"": ""1.1.43"", ""result"": [""pra"", """", ""BAv"", ""i"", ""ti""]}, {""rule_source"": ""azwADyAyI"", ""rule"": ""1.1.37"", ""result"": [""pra"", """", ""BAv"", ""i"", ""ti""]}, {""rule_source"": ""azwADyAyI"", ""rule"": ""3.1.33"", ""result"": [""pra"", """", ""BAv"", ""i"", ""tAsi~"", ""ti""]}, {""rule_source"": ""azwADyAyI"", ""rule"": ""1.3.2"", ""result"": [""pra"", """", ""BAv"", ""i"", ""tAsi~"", ""ti""]}, {""rule_source"": ""azwADyAyI"", ""rule"": ""1.3.9"", ""result"": [""pra"", """", ""BAv"", ""i"", ""tAs"", ""ti""]}, {""rule_source"": ""azwADyAyI"", ""rule"": ""3.4.114"", ""result"": [""pra"", """", ""BAv"", ""i"", ""tAs"", ""ti""]}, {""rule_source"": ""azwADyAyI"", ""rule"": ""1.1.43"", ""result"": [""pra"", """", ""BAv"", ""i"", ""tAs"", ""ti""]}, {""rule_source"": ""azwADyAyI"", ""rule"": ""1.1.37"", ""result"": [""pra"", """", ""BAv"", ""i"", ""tAs"", ""ti""]}, {""rule_source"": ""azwADyAyI"", ""rule"": ""2.4.85"", ""result"": [""pra"", """", ""BAv"", ""i"", ""tAs"", ""qA""]}, {""rule_source"": ""azwADyAyI"", ""rule"": ""1.3.7"", ""result"": [""pra"", """", ""BAv"", ""i"", ""tAs"", ""qA""]}, {""rule_source"": ""azwADyAyI"", ""rule"": ""1.3.9"", ""result"": [""pra"", """", ""BAv"", ""i"", ""tAs"", ""A""]}, {""rule_source"": ""azwADyAyI"", ""rule"": ""7.2.35"", ""result"": [""pra"", """", ""BAv"", ""i"", ""iw"", ""tAs"", ""A""]}, {""rule_source"": ""azwADyAyI"", ""rule"": ""1.3.3"", ""result"": [""pra"", """", ""BAv"", ""i"", ""iw"", ""tAs"", ""A""]}, {""rule_source"": ""azwADyAyI"", ""rule"": ""1.3.9"", ""result"": [""pra"", """", ""BAv"", ""i"", ""i"", ""tAs"", ""A""]}, {""rule_source"": ""azwADyAyI"", ""rule"": ""1.4.13"", ""result"": [""pra"", """", ""BAv"", ""i"", ""i"", ""tAs"", ""A""]}, {""rule_source"": ""azwADyAyI"", ""rule"": ""7.3.84"", ""result"": [""pra"", """", ""BAv"", ""e"", ""i"", ""tAs"", ""A""]}, {""rule_source"": ""azwADyAyI"", ""rule"": ""1.4.14"", ""result"": [""pra"", """", ""BAv"", ""e"", ""i"", ""tAs"", ""A""]}, {""rule_source"": ""azwADyAyI"", ""rule"": ""1.4.14"", ""result"": [""pra"", """", ""BAv"", ""e"", ""i"", ""tAs"", ""A""]}, {""rule_source"": ""azwADyAyI"", ""rule"": ""6.4.143"", ""result"": [""pra"", """", ""BAv"", ""e"", ""i"", ""t"", ""A""]}, {""rule_source"": ""azwADyAyI"", ""rule"": ""6.1.78"", ""result"": [""pra"", """", ""BAv"", ""ay"", ""i"", ""t"", ""A""]}, {""rule_source"": ""azwADyAyI"", ""rule"": ""8.4.68"", ""result"": [""pra"", """", ""BAv"", ""ay"", ""i"", ""t"", ""A""]}]}], ""atmanepada"": [{""form_slp1"": ""praBAvayitA"", ""steps"": [{""rule_source"": ""azwADyAyI"", ""rule"": ""1.3.1"", ""result"": [""BU""]}, {""rule_source"": ""azwADyAyI"", ""rule"": ""1.4.58"", ""result"": [""pra"", ""BU""]}, {""rule_source"": ""azwADyAyI"", ""rule"": ""1.4.59"", ""result"": [""pra"", ""BU""]}, {""rule_source"": ""azwADyAyI"", ""rule"": ""1.4.60"", ""result"": [""pra"", ""BU""]}, {""rule_source"": ""azwADyAyI"", ""rule"": ""1.4.80"", ""result"": [""pra"", ""BU""]}, {""rule_source"": ""azwADyAyI"", ""rule"": ""3.1.26"", ""result"": [""pra"", """", ""BU"", ""Ric""]}, {""rule_source"": ""azwADyAyI"", ""rule"": ""3.1.32"", ""result"": [""pra"", """", ""BU"", ""Ric""]}, {""rule_source"": ""azwADyAyI"", ""rule"": ""1.3.3"", ""result"": [""pra"", """", ""BU"", ""Ric""]}, {""rule_source"": ""azwADyAyI"", ""rule"": ""1.3.7"", ""result"": [""pra"", """", ""BU"", ""Ric""]}, {""rule_source"": ""azwADyAyI"", ""rule"": ""1.3.9"", ""result"": [""pra"", """", ""BU"", ""i""]}, {""rule_source"": ""azwADyAyI"", ""rule"": ""1.2.45"", ""result"": [""pra"", """", ""BU"", ""i""]}, {""rule_source"": ""azwADyAyI"", ""rule"": ""3.4.114"", ""result"": [""pra"", """", ""BU"", ""i""]}, {""rule_source"": ""azwADyAyI"", ""rule"": ""1.1.43"", ""result"": [""pra"", """", ""BU"", ""i""]}, {""rule_source"": ""azwADyAyI"", ""rule"": ""1.1.37"", ""result"": [""pra"", """", ""BU"", ""i""]}, {""rule_source"": ""azwADyAyI"", ""rule"": ""1.3.74"", ""result"": [""pra"", """", ""BU"", ""i""]}, {""rule_source"": ""azwADyAyI"", ""rule"": ""1.1.43"", ""result"": [""pra"", """", ""BU"", ""i""]}, {""rule_source"": ""azwADyAyI"", ""rule"": ""1.1.37"", ""result"": [""pra"", """", ""BU"", ""i""]}, {""rule_source"": ""azwADyAyI"", ""rule"": ""1.4.13"", ""result"": [""pra"", """", ""BU"", ""i""]}, {""rule_source"": ""azwADyAyI"", ""rule"": ""7.2.115"", ""result"": [""pra"", """", ""BO"", ""i""]}, {""rule_source"": ""azwADyAyI"", ""rule"": ""1.4.14"", ""result"": [""pra"", """", ""BO"", ""i""]}, {""rule_source"": ""azwADyAyI"", ""rule"": ""6.1.78"", ""result"": [""pra"", """", ""BAv"", ""i""]}, {""rule_source"": ""azwADyAyI"", ""rule"": ""3.3.15"", ""result"": [""pra"", """", ""BAv"", ""i"", ""lu~w""]}, {""rule_source"": ""azwADyAyI"", ""rule"": ""1.3.2"", ""result"": [""pra"", """", ""BAv"", ""i"", ""lu~w""]}, {""rule_source"": ""azwADyAyI"", ""rule"": ""1.3.3"", ""result"": [""pra"", """", ""BAv"", ""i"", ""lu~w""]}, {""rule_source"": ""azwADyAyI"", ""rule"": ""1.3.9"", ""result"": [""pra"", """", ""BAv"", ""i"", ""l""]}, {""rule_source"": ""azwADyAyI"", ""rule"": ""3.4.78"", ""result"": [""pra"", """", ""BAv"", ""i"", ""ta""]}, {""rule_source"": ""azwADyAyI"", ""rule"": ""3.4.113"", ""result"": [""pra"", """", ""BAv"", ""i"", ""ta""]}, {""rule_source"": ""azwADyAyI"", ""rule"": ""1.1.43"", ""result"": [""pra"", """", ""BAv"", ""i"", ""ta""]}, {""rule_source"": ""azwADyAyI"", ""rule"": ""1.1.37"", ""result"": [""pra"", """", ""BAv"", ""i"", ""ta""]}, {""rule_source"": ""azwADyAyI"", ""rule"": ""3.1.33"", ""result"": [""pra"", """", ""BAv"", ""i"", ""tAsi~"", ""ta""]}, {""rule_source"": ""azwADyAyI"", ""rule"": ""1.3.2"", ""result"": [""pra"", """", ""BAv"", ""i"", ""tAsi~"", ""ta""]}, {""rule_source"": ""azwADyAyI"", ""rule"": ""1.3.9"", ""result"": [""pra"", """", ""BAv"", ""i"", ""tAs"", ""ta""]}, {""rule_source"": ""azwADyAyI"", ""rule"": ""3.4.114"", ""result"": [""pra"", """", ""BAv"", ""i"", ""tAs"", ""ta""]}, {""rule_source"": ""azwADyAyI"", ""rule"": ""1.1.43"", ""result"": [""pra"", """", ""BAv"", ""i"", ""tAs"", ""ta""]}, {""rule_source"": ""azwADyAyI"", ""rule"": ""1.1.37"", ""result"": [""pra"", """", ""BAv"", ""i"", ""tAs"", ""ta""]}, {""rule_source"": ""azwADyAyI"", ""rule"": ""2.4.85"", ""result"": [""pra"", """", ""BAv"", ""i"", ""tAs"", ""qA""]}, {""rule_source"": ""azwADyAyI"", ""rule"": ""1.3.7"", ""result"": [""pra"", """", ""BAv"", ""i"", ""tAs"", ""qA""]}, {""rule_source"": ""azwADyAyI"", ""rule"": ""1.3.9"", ""result"": [""pra"", """", ""BAv"", ""i"", ""tAs"", ""A""]}, {""rule_source"": ""azwADyAyI"", ""rule"": ""7.2.35"", ""result"": [""pra"", """", ""BAv"", ""i"", ""iw"", ""tAs"", ""A""]}, {""rule_source"": ""azwADyAyI"", ""rule"": ""1.3.3"", ""result"": [""pra"", """", ""BAv"", ""i"", ""iw"", ""tAs"", ""A""]}, {""rule_source"": ""azwADyAyI"", ""rule"": ""1.3.9"", ""result"": [""pra"", """", ""BAv"", ""i"", ""i"", ""tAs"", ""A""]}, {""rule_source"": ""azwADyAyI"", ""rule"": ""1.2.4"", ""result"": [""pra"", """", ""BAv"", ""i"", ""i"", ""tAs"", ""A""]}, {""rule_source"": ""azwADyAyI"", ""rule"": ""1.4.13"", ""result"": [""pra"", """", ""BAv"", ""i"", ""i"", ""tAs"", ""A""]}, {""rule_source"": ""azwADyAyI"", ""rule"": ""7.3.84"", ""result"": [""pra"", """", ""BAv"", ""e"", ""i"", ""tAs"", ""A""]}, {""rule_source"": ""azwADyAyI"", ""rule"": ""1.4.14"", ""result"": [""pra"", """", ""BAv"", ""e"", ""i"", ""tAs"", ""A""]}, {""rule_source"": ""azwADyAyI"", ""rule"": ""1.4.14"", ""result"": [""pra"", """", ""BAv"", ""e"", ""i"", ""tAs"", ""A""]}, {""rule_source"": ""azwADyAyI"", ""rule"": ""6.4.143"", ""result"": [""pra"", """", ""BAv"", ""e"", ""i"", ""t"", ""A""]}, {""rule_source"": ""azwADyAyI"", ""rule"": ""6.1.78"", ""result"": [""pra"", """", ""BAv"", ""ay"", ""i"", ""t"", ""A""]}, {""rule_source"": ""azwADyAyI"", ""rule"": ""8.4.68"", ""result"": [""pra"", """", ""BAv"", ""ay"", ""i"", ""t"", ""A""]}]}]}"
upasarga_sanadi:1391aa7528fb82a94755,upasarga_sanadi,lrt,लृट् (lṛṭ),future,Prathama,Eka,praBAvayizyati,praBAvayizyate,praBAvayizyate;praBAvayizyati,2,locally_regenerated,"{""parasmaipada"": [{""form_slp1"": ""praBAvayizyati"", ""steps"": [{""rule_source"": ""azwADyAyI"", ""rule"": ""1.3.1"", ""result"": [""BU""]}, {""rule_source"": ""azwADyAyI"", ""rule"": ""1.4.58"", ""result"": [""pra"", ""BU""]}, {""rule_source"": ""azwADyAyI"", ""rule"": ""1.4.59"", ""result"": [""pra"", ""BU""]}, {""rule_source"": ""azwADyAyI"", ""rule"": ""1.4.60"", ""result"": [""pra"", ""BU""]}, {""rule_source"": ""azwADyAyI"", ""rule"": ""1.4.80"", ""result"": [""pra"", ""BU""]}, {""rule_source"": ""azwADyAyI"", ""rule"": ""3.1.26"", ""result"": [""pra"", """", ""BU"", ""Ric""]}, {""rule_source"": ""azwADyAyI"", ""rule"": ""3.1.32"", ""result"": [""pra"", """", ""BU"", ""Ric""]}, {""rule_source"": ""azwADyAyI"", ""rule"": ""1.3.3"", ""result"": [""pra"", """", ""BU"", ""Ric""]}, {""rule_source"": ""azwADyAyI"", ""rule"": ""1.3.7"", ""result"": [""pra"", """", ""BU"", ""Ric""]}, {""rule_source"": ""azwADyAyI"", ""rule"": ""1.3.9"", ""result"": [""pra"", """", ""BU"", ""i""]}, {""rule_source"": ""azwADyAyI"", ""rule"": ""1.2.45"", ""result"": [""pra"", """", ""BU"", ""i""]}, {""rule_source"": ""azwADyAyI"", ""rule"": ""3.4.114"", ""result"": [""pra"", """", ""BU"", ""i""]}, {""rule_source"": ""azwADyAyI"", ""rule"": ""1.1.43"", ""result"": [""pra"", """", ""BU"", ""i""]}, {""rule_source"": ""azwADyAyI"", ""rule"": ""1.1.37"", ""result"": [""pra"", """", ""BU"", ""i""]}, {""rule_source"": ""azwADyAyI"", ""rule"": ""1.3.78"", ""result"": [""pra"", """", ""BU"", ""i""]}, {""rule_source"": ""azwADyAyI"", ""rule"": ""1.1.43"", ""result"": [""pra"", """", ""BU"", ""i""]}, {""rule_source"": ""azwADyAyI"", ""rule"": ""1.1.37"", ""result"": [""pra"", """", ""BU"", ""i""]}, {""rule_source"": ""azwADyAyI"", ""rule"": ""1.4.13"", ""result"": [""pra"", """", ""BU"", ""i""]}, {""rule_source"": ""azwADyAyI"", ""rule"": ""7.2.115"", ""result"": [""pra"", """", ""BO"", ""i""]}, {""rule_source"": ""azwADyAyI"", ""rule"": ""1.4.14"", ""result"": [""pra"", """", ""BO"", ""i""]}, {""rule_source"": ""azwADyAyI"", ""rule"": ""6.1.78"", ""result"": [""pra"", """", ""BAv"", ""i""]}, {""rule_source"": ""azwADyAyI"", ""rule"": ""3.3.13"", ""result"": [""pra"", """", ""BAv"", ""i"", ""lf~w""]}, {""rule_source"": ""azwADyAyI"", ""rule"": ""1.3.2"", ""result"": [""pra"", """", ""BAv"", ""i"", ""lf~w""]}, {""rule_source"": ""azwADyAyI"", ""rule"": ""1.3.3"", ""result"": [""pra"", """", ""BAv"", ""i"", ""lf~w""]}, {""rule_source"": ""azwADyAyI"", ""rule"": ""1.3.9"", ""result"": [""pra"", """", ""BAv"", ""i"", ""l""]}, {""rule_source"": ""azwADyAyI"", ""rule"": ""3.4.78"", ""result"": [""pra"", """", ""BAv"", ""i"", ""tip""]}, {""rule_source"": ""azwADyAyI"", ""rule"": ""1.3.3"", ""result"": [""pra"", """", ""BAv"", ""i"", ""tip""]}, {""rule_source"": ""azwADyAyI"", ""rule"": ""1.3.9"", ""result"": [""pra"", """", ""BAv"", ""i"", ""ti""]}, {""rule_source"": ""azwADyAyI"", ""rule"": ""3.4.113"", ""result"": [""pra"", """", ""BAv"", ""i"", ""ti""]}, {""rule_source"": ""azwADyAyI"", ""rule"": ""1.1.43"", ""result"": [""pra"", """", ""BAv"", ""i"", ""ti""]}, {""rule_source"": ""azwADyAyI"", ""rule"": ""1.1.37"", ""result"": [""pra"", """", ""BAv"", ""i"", ""ti""]}, {""rule_source"": ""azwADyAyI"", ""rule"": ""3.1.33"", ""result"": [""pra"", """", ""BAv"", ""i"", ""sya"", ""ti""]}, {""rule_source"": ""azwADyAyI"", ""rule"": ""3.4.114"", ""result"": [""pra"", """", ""BAv"", ""i"", ""sya"", ""ti""]}, {""rule_source"": ""azwADyAyI"", ""rule"": ""1.1.43"", ""result"": [""pra"", """", ""BAv"", ""i"", ""sya"", ""ti""]}, {""rule_source"": ""azwADyAyI"", ""rule"": ""1.1.37"", ""result"": [""pra"", """", ""BAv"", ""i"", ""sya"", ""ti""]}, {""rule_source"": ""azwADyAyI"", ""rule"": ""7.2.35"", ""result"": [""pra"", """", ""BAv"", ""i"", ""iw"", ""sya"", ""ti""]}, {""rule_source"": ""azwADyAyI"", ""rule"": ""1.3.3"", ""result"": [""pra"", """", ""BAv"", ""i"", ""iw"", ""sya"", ""ti""]}, {""rule_source"": ""azwADyAyI"", ""rule"": ""1.3.9"", ""result"": [""pra"", """", ""BAv"", ""i"", ""i"", ""sya"", ""ti""]}, {""rule_source"": ""azwADyAyI"", ""rule"": ""1.4.13"", ""result"": [""pra"", """", ""BAv"", ""i"", ""i"", ""sya"", ""ti""]}, {""rule_source"": ""azwADyAyI"", ""rule"": ""7.3.84"", ""result"": [""pra"", """", ""BAv"", ""e"", ""i"", ""sya"", ""ti""]}, {""rule_source"": ""azwADyAyI"", ""rule"": ""1.4.14"", ""result"": [""pra"", """", ""BAv"", ""e"", ""i"", ""sya"", ""ti""]}, {""rule_source"": ""azwADyAyI"", ""rule"": ""1.4.14"", ""result"": [""pra"", """", ""BAv"", ""e"", ""i"", ""sya"", ""ti""]}, {""rule_source"": ""azwADyAyI"", ""rule"": ""6.1.78"", ""result"": [""pra"", """", ""BAv"", ""ay"", ""i"", ""sya"", ""ti""]}, {""rule_source"": ""azwADyAyI"", ""rule"": ""8.3.59"", ""result"": [""pra"", """", ""BAv"", ""ay"", ""i"", ""zya"", ""ti""]}, {""rule_source"": ""azwADyAyI"", ""rule"": ""8.4.68"", ""result"": [""pra"", """", ""BAv"", ""ay"", ""i"", ""zya"", ""ti""]}]}], ""atmanepada"": [{""form_slp1"": ""praBAvayizyate"", ""steps"": [{""rule_source"": ""azwADyAyI"", ""rule"": ""1.3.1"", ""result"": [""BU""]}, {""rule_source"": ""azwADyAyI"", ""rule"": ""1.4.58"", ""result"": [""pra"", ""BU""]}, {""rule_source"": ""azwADyAyI"", ""rule"": ""1.4.59"", ""result"": [""pra"", ""BU""]}, {""rule_source"": ""azwADyAyI"", ""rule"": ""1.4.60"", ""result"": [""pra"", ""BU""]}, {""rule_source"": ""azwADyAyI"", ""rule"": ""1.4.80"", ""result"": [""pra"", ""BU""]}, {""rule_source"": ""azwADyAyI"", ""rule"": ""3.1.26"", ""result"": [""pra"", """", ""BU"", ""Ric""]}, {""rule_source"": ""azwADyAyI"", ""rule"": ""3.1.32"", ""result"": [""pra"", """", ""BU"", ""Ric""]}, {""rule_source"": ""azwADyAyI"", ""rule"": ""1.3.3"", ""result"": [""pra"", """", ""BU"", ""Ric""]}, {""rule_source"": ""azwADyAyI"", ""rule"": ""1.3.7"", ""result"": [""pra"", """", ""BU"", ""Ric""]}, {""rule_source"": ""azwADyAyI"", ""rule"": ""1.3.9"", ""result"": [""pra"", """", ""BU"", ""i""]}, {""rule_source"": ""azwADyAyI"", ""rule"": ""1.2.45"", ""result"": [""pra"", """", ""BU"", ""i""]}, {""rule_source"": ""azwADyAyI"", ""rule"": ""3.4.114"", ""result"": [""pra"", """", ""BU"", ""i""]}, {""rule_source"": ""azwADyAyI"", ""rule"": ""1.1.43"", ""result"": [""pra"", """", ""BU"", ""i""]}, {""rule_source"": ""azwADyAyI"", ""rule"": ""1.1.37"", ""result"": [""pra"", """", ""BU"", ""i""]}, {""rule_source"": ""azwADyAyI"", ""rule"": ""1.3.74"", ""result"": [""pra"", """", ""BU"", ""i""]}, {""rule_source"": ""azwADyAyI"", ""rule"": ""1.1.43"", ""result"": [""pra"", """", ""BU"", ""i""]}, {""rule_source"": ""azwADyAyI"", ""rule"": ""1.1.37"", ""result"": [""pra"", """", ""BU"", ""i""]}, {""rule_source"": ""azwADyAyI"", ""rule"": ""1.4.13"", ""result"": [""pra"", """", ""BU"", ""i""]}, {""rule_source"": ""azwADyAyI"", ""rule"": ""7.2.115"", ""result"": [""pra"", """", ""BO"", ""i""]}, {""rule_source"": ""azwADyAyI"", ""rule"": ""1.4.14"", ""result"": [""pra"", """", ""BO"", ""i""]}, {""rule_source"": ""azwADyAyI"", ""rule"": ""6.1.78"", ""result"": [""pra"", """", ""BAv"", ""i""]}, {""rule_source"": ""azwADyAyI"", ""rule"": ""3.3.13"", ""result"": [""pra"", """", ""BAv"", ""i"", ""lf~w""]}, {""rule_source"": ""azwADyAyI"", ""rule"": ""1.3.2"", ""result"": [""pra"", """", ""BAv"", ""i"", ""lf~w""]}, {""rule_source"": ""azwADyAyI"", ""rule"": ""1.3.3"", ""result"": [""pra"", """", ""BAv"", ""i"", ""lf~w""]}, {""rule_source"": ""azwADyAyI"", ""rule"": ""1.3.9"", ""result"": [""pra"", """", ""BAv"", ""i"", ""l""]}, {""rule_source"": ""azwADyAyI"", ""rule"": ""3.4.78"", ""result"": [""pra"", """", ""BAv"", ""i"", ""ta""]}, {""rule_source"": ""azwADyAyI"", ""rule"": ""3.4.113"", ""result"": [""pra"", """", ""BAv"", ""i"", ""ta""]}, {""rule_source"": ""azwADyAyI"", ""rule"": ""1.1.43"", ""result"": [""pra"", """", ""BAv"", ""i"", ""ta""]}, {""rule_source"": ""azwADyAyI"", ""rule"": ""1.1.37"", ""result"": [""pra"", """", ""BAv"", ""i"", ""ta""]}, {""rule_source"": ""azwADyAyI"", ""rule"": ""3.1.33"", ""result"": [""pra"", """", ""BAv"", ""i"", ""sya"", ""ta""]}, {""rule_source"": ""azwADyAyI"", ""rule"": ""3.4.114"", ""result"": [""pra"", """", ""BAv"", ""i"", ""sya"", ""ta""]}, {""rule_source"": ""azwADyAyI"", ""rule"": ""1.1.43"", ""result"": [""pra"", """", ""BAv"", ""i"", ""sya"", ""ta""]}, {""rule_source"": ""azwADyAyI"", ""rule"": ""1.1.37"", ""result"": [""pra"", """", ""BAv"", ""i"", ""sya"", ""ta""]}, {""rule_source"": ""azwADyAyI"", ""rule"": ""3.4.79"", ""result"": [""pra"", """", ""BAv"", ""i"", ""sya"", ""te""]}, {""rule_source"": ""azwADyAyI"", ""rule"": ""7.2.35"", ""result"": [""pra"", """", ""BAv"", ""i"", ""iw"", ""sya"", ""te""]}, {""rule_source"": ""azwADyAyI"", ""rule"": ""1.3.3"", ""result"": [""pra"", """", ""BAv"", ""i"", ""iw"", ""sya"", ""te""]}, {""rule_source"": ""azwADyAyI"", ""rule"": ""1.3.9"", ""result"": [""pra"", """", ""BAv"", ""i"", ""i"", ""sya"", ""te""]}, {""rule_source"": ""azwADyAyI"", ""rule"": ""1.2.4"", ""result"": [""pra"", """", ""BAv"", ""i"", ""i"", ""sya"", ""te""]}, {""rule_source"": ""azwADyAyI"", ""rule"": ""1.4.13"", ""result"": [""pra"", """", ""BAv"", ""i"", ""i"", ""sya"", ""te""]}, {""rule_source"": ""azwADyAyI"", ""rule"": ""7.3.84"", ""result"": [""pra"", """", ""BAv"", ""e"", ""i"", ""sya"", ""te""]}, {""rule_source"": ""azwADyAyI"", ""rule"": ""1.4.14"", ""result"": [""pra"", """", ""BAv"", ""e"", ""i"", ""sya"", ""te""]}, {""rule_source"": ""azwADyAyI"", ""rule"": ""1.4.14"", ""result"": [""pra"", """", ""BAv"", ""e"", ""i"", ""sya"", ""te""]}, {""rule_source"": ""azwADyAyI"", ""rule"": ""6.1.78"", ""result"": [""pra"", """", ""BAv"", ""ay"", ""i"", ""sya"", ""te""]}, {""rule_source"": ""azwADyAyI"", ""rule"": ""8.3.59"", ""result"": [""pra"", """", ""BAv"", ""ay"", ""i"", ""zya"", ""te""]}, {""rule_source"": ""azwADyAyI"", ""rule"": ""8.4.68"", ""result"": [""pra"", """", ""BAv"", ""ay"", ""i"", ""zya"", ""te""]}]}]}"
upasarga_sanadi:1391aa7528fb82a94755,upasarga_sanadi,lot,लोट् (loṭ),command or request,Prathama,Eka,praBAvayatAd;praBAvayatAt;praBAvayatu,praBAvayatAm,praBAvayatAd;praBAvayatAm;praBAvayatAt;praBAvayatu,4,locally_regenerated,"{""parasmaipada"": [{""form_slp1"": ""praBAvayatAt"", ""steps"": [{""rule_source"": ""azwADyAyI"", ""rule"": ""1.3.1"", ""result"": [""BU""]}, {""rule_source"": ""azwADyAyI"", ""rule"": ""1.4.58"", ""result"": [""pra"", ""BU""]}, {""rule_source"": ""azwADyAyI"", ""rule"": ""1.4.59"", ""result"": [""pra"", ""BU""]}, {""rule_source"": ""azwADyAyI"", ""rule"": ""1.4.60"", ""result"": [""pra"", ""BU""]}, {""rule_source"": ""azwADyAyI"", ""rule"": ""1.4.80"", ""result"": [""pra"", ""BU""]}, {""rule_source"": ""azwADyAyI"", ""rule"": ""3.1.26"", ""result"": [""pra"", """", ""BU"", ""Ric""]}, {""rule_source"": ""azwADyAyI"", ""rule"": ""3.1.32"", ""result"": [""pra"", """", ""BU"", ""Ric""]}, {""rule_source"": ""azwADyAyI"", ""rule"": ""1.3.3"", ""result"": [""pra"", """", ""BU"", ""Ric""]}, {""rule_source"": ""azwADyAyI"", ""rule"": ""1.3.7"", ""result"": [""pra"", """", ""BU"", ""Ric""]}, {""rule_source"": ""azwADyAyI"", ""rule"": ""1.3.9"", ""result"": [""pra"", """", ""BU"", ""i""]}, {""rule_source"": ""azwADyAyI"", ""rule"": ""1.2.45"", ""result"": [""pra"", """", ""BU"", ""i""]}, {""rule_source"": ""azwADyAyI"", ""rule"": ""3.4.114"", ""result"": [""pra"", """", ""BU"", ""i""]}, {""rule_source"": ""azwADyAyI"", ""rule"": ""1.1.43"", ""result"": [""pra"", """", ""BU"", ""i""]}, {""rule_source"": ""azwADyAyI"", ""rule"": ""1.1.37"", ""result"": [""pra"", """", ""BU"", ""i""]}, {""rule_source"": ""azwADyAyI"", ""rule"": ""1.3.78"", ""result"": [""pra"", """", ""BU"", ""i""]}, {""rule_source"": ""azwADyAyI"", ""rule"": ""1.1.43"", ""result"": [""pra"", """", ""BU"", ""i""]}, {""rule_source"": ""azwADyAyI"", ""rule"": ""1.1.37"", ""result"": [""pra"", """", ""BU"", ""i""]}, {""rule_source"": ""azwADyAyI"", ""rule"": ""1.4.13"", ""result"": [""pra"", """", ""BU"", ""i""]}, {""rule_source"": ""azwADyAyI"", ""rule"": ""7.2.115"", ""result"": [""pra"", """", ""BO"", ""i""]}, {""rule_source"": ""azwADyAyI"", ""rule"": ""1.4.14"", ""result"": [""pra"", """", ""BO"", ""i""]}, {""rule_source"": ""azwADyAyI"", ""rule"": ""6.1.78"", ""result"": [""pra"", """", ""BAv"", ""i""]}, {""rule_source"": ""azwADyAyI"", ""rule"": ""3.3.162"", ""result"": [""pra"", """", ""BAv"", ""i"", ""lo~w""]}, {""rule_source"": ""azwADyAyI"", ""rule"": ""1.3.2"", ""result"": [""pra"", """", ""BAv"", ""i"", ""lo~w""]}, {""rule_source"": ""azwADyAyI"", ""rule"": ""1.3.3"", ""result"": [""pra"", """", ""BAv"", ""i"", ""lo~w""]}, {""rule_source"": ""azwADyAyI"", ""rule"": ""1.3.9"", ""result"": [""pra"", """", ""BAv"", ""i"", ""l""]}, {""rule_source"": ""azwADyAyI"", ""rule"": ""3.4.78"", ""result"": [""pra"", """", ""BAv"", ""i"", ""tip""]}, {""rule_source"": ""azwADyAyI"", ""rule"": ""1.3.3"", ""result"": [""pra"", """", ""BAv"", ""i"", ""tip""]}, {""rule_source"": ""azwADyAyI"", ""rule"": ""1.3.9"", ""result"": [""pra"", """", ""BAv"", ""i"", ""ti""]}, {""rule_source"": ""azwADyAyI"", ""rule"": ""3.4.113"", ""result"": [""pra"", """", ""BAv"", ""i"", ""ti""]}, {""rule_source"": ""azwADyAyI"", ""rule"": ""1.1.43"", ""result"": [""pra"", """", ""BAv"", ""i"", ""ti""]}, {""rule_source"": ""azwADyAyI"", ""rule"": ""1.1.37"", ""result"": [""pra"", """", ""BAv"", ""i"", ""ti""]}, {""rule_source"": ""azwADyAyI"", ""rule"": ""3.1.68"", ""result"": [""pra"", """", ""BAv"", ""i"", ""Sap"", ""ti""]}, {""rule_source"": ""azwADyAyI"", ""rule"": ""1.3.3"", ""result"": [""pra"", """", ""BAv"", ""i"", ""Sap"", ""ti""]}, {""rule_source"": ""azwADyAyI"", ""rule"": ""1.3.8"", ""result"": [""pra"", """", ""BAv"", ""i"", ""Sap"", ""ti""]}, {""rule_source"": ""azwADyAyI"", ""rule"": ""1.3.9"", ""result"": [""pra"", """", ""BAv"", ""i"", ""a"", ""ti""]}, {""rule_source"": ""azwADyAyI"", ""rule"": ""3.4.113"", ""result"": [""pra"", """", ""BAv"", ""i"", ""a"", ""ti""]}, {""rule_source"": ""azwADyAyI"", ""rule"": ""1.1.43"", ""result"": [""pra"", """", ""BAv"", ""i"", ""a"", ""ti""]}, {""rule_source"": ""azwADyAyI"", ""rule"": ""1.1.37"", ""result"": [""pra"", """", ""BAv"", ""i"", ""a"", ""ti""]}, {""rule_source"": ""azwADyAyI"", ""rule"": ""3.4.86"", ""result"": [""pra"", """", ""BAv"", ""i"", ""a"", ""tu""]}, {""rule_source"": ""azwADyAyI"", ""rule"": ""7.1.35"", ""result"": [""pra"", """", ""BAv"", ""i"", ""a"", ""tAta~N""]}, {""rule_source"": ""azwADyAyI"", ""rule"": ""1.3.2"", ""result"": [""pra"", """", ""BAv"", ""i"", ""a"", ""tAta~N""]}, {""rule_source"": ""azwADyAyI"", ""rule"": ""1.3.3"", ""result"": [""pra"", """", ""BAv"", ""i"", ""a"", ""tAta~N""]}, {""rule_source"": ""azwADyAyI"", ""rule"": ""1.3.9"", ""result"": [""pra"", """", ""BAv"", ""i"", ""a"", ""tAt""]}, {""rule_source"": ""azwADyAyI"", ""rule"": ""1.4.13"", ""result"": [""pra"", """", ""BAv"", ""i"", ""a"", ""tAt""]}, {""rule_source"": ""azwADyAyI"", ""rule"": ""7.3.84"", ""result"": [""pra"", """", ""BAv"", ""e"", ""a"", ""tAt""]}, {""rule_source"": ""azwADyAyI"", ""rule"": ""1.4.14"", ""result"": [""pra"", """", ""BAv"", ""e"", ""a"", ""tAt""]}, {""rule_source"": ""azwADyAyI"", ""rule"": ""1.4.14"", ""result"": [""pra"", """", ""BAv"", ""e"", ""a"", ""tAt""]}, {""rule_source"": ""azwADyAyI"", ""rule"": ""6.1.78"", ""result"": [""pra"", """", ""BAv"", ""ay"", ""a"", ""tAt""]}, {""rule_source"": ""azwADyAyI"", ""rule"": ""8.2.39"", ""result"": [""pra"", """", ""BAv"", ""ay"", ""a"", ""tAd""]}, {""rule_source"": ""azwADyAyI"", ""rule"": ""8.4.56"", ""result"": [""pra"", """", ""BAv"", ""ay"", ""a"", ""tAt""]}, {""rule_source"": ""azwADyAyI"", ""rule"": ""8.4.68"", ""result"": [""pra"", """", ""BAv"", ""ay"", ""a"", ""tAt""]}]}, {""form_slp1"": ""praBAvayatAd"", ""steps"": [{""rule_source"": ""azwADyAyI"", ""rule"": ""1.3.1"", ""result"": [""BU""]}, {""rule_source"": ""azwADyAyI"", ""rule"": ""1.4.58"", ""result"": [""pra"", ""BU""]}, {""rule_source"": ""azwADyAyI"", ""rule"": ""1.4.59"", ""result"": [""pra"", ""BU""]}, {""rule_source"": ""azwADyAyI"", ""rule"": ""1.4.60"", ""result"": [""pra"", ""BU""]}, {""rule_source"": ""azwADyAyI"", ""rule"": ""1.4.80"", ""result"": [""pra"", ""BU""]}, {""rule_source"": ""azwADyAyI"", ""rule"": ""3.1.26"", ""result"": [""pra"", """", ""BU"", ""Ric""]}, {""rule_source"": ""azwADyAyI"", ""rule"": ""3.1.32"", ""result"": [""pra"", """", ""BU"", ""Ric""]}, {""rule_source"": ""azwADyAyI"", ""rule"": ""1.3.3"", ""result"": [""pra"", """", ""BU"", ""Ric""]}, {""rule_source"": ""azwADyAyI"", ""rule"": ""1.3.7"", ""result"": [""pra"", """", ""BU"", ""Ric""]}, {""rule_source"": ""azwADyAyI"", ""rule"": ""1.3.9"", ""result"": [""pra"", """", ""BU"", ""i""]}, {""rule_source"": ""azwADyAyI"", ""rule"": ""1.2.45"", ""result"": [""pra"", """", ""BU"", ""i""]}, {""rule_source"": ""azwADyAyI"", ""rule"": ""3.4.114"", ""result"": [""pra"", """", ""BU"", ""i""]}, {""rule_source"": ""azwADyAyI"", ""rule"": ""1.1.43"", ""result"": [""pra"", """", ""BU"", ""i""]}, {""rule_source"": ""azwADyAyI"", ""rule"": ""1.1.37"", ""result"": [""pra"", """", ""BU"", ""i""]}, {""rule_source"": ""azwADyAyI"", ""rule"": ""1.3.78"", ""result"": [""pra"", """", ""BU"", ""i""]}, {""rule_source"": ""azwADyAyI"", ""rule"": ""1.1.43"", ""result"": [""pra"", """", ""BU"", ""i""]}, {""rule_source"": ""azwADyAyI"", ""rule"": ""1.1.37"", ""result"": [""pra"", """", ""BU"", ""i""]}, {""rule_source"": ""azwADyAyI"", ""rule"": ""1.4.13"", ""result"": [""pra"", """", ""BU"", ""i""]}, {""rule_source"": ""azwADyAyI"", ""rule"": ""7.2.115"", ""result"": [""pra"", """", ""BO"", ""i""]}, {""rule_source"": ""azwADyAyI"", ""rule"": ""1.4.14"", ""result"": [""pra"", """", ""BO"", ""i""]}, {""rule_source"": ""azwADyAyI"", ""rule"": ""6.1.78"", ""result"": [""pra"", """", ""BAv"", ""i""]}, {""rule_source"": ""azwADyAyI"", ""rule"": ""3.3.162"", ""result"": [""pra"", """", ""BAv"", ""i"", ""lo~w""]}, {""rule_source"": ""azwADyAyI"", ""rule"": ""1.3.2"", ""result"": [""pra"", """", ""BAv"", ""i"", ""lo~w""]}, {""rule_source"": ""azwADyAyI"", ""rule"": ""1.3.3"", ""result"": [""pra"", """", ""BAv"", ""i"", ""lo~w""]}, {""rule_source"": ""azwADyAyI"", ""rule"": ""1.3.9"", ""result"": [""pra"", """", ""BAv"", ""i"", ""l""]}, {""rule_source"": ""azwADyAyI"", ""rule"": ""3.4.78"", ""result"": [""pra"", """", ""BAv"", ""i"", ""tip""]}, {""rule_source"": ""azwADyAyI"", ""rule"": ""1.3.3"", ""result"": [""pra"", """", ""BAv"", ""i"", ""tip""]}, {""rule_source"": ""azwADyAyI"", ""rule"": ""1.3.9"", ""result"": [""pra"", """", ""BAv"", ""i"", ""ti""]}, {""rule_source"": ""azwADyAyI"", ""rule"": ""3.4.113"", ""result"": [""pra"", """", ""BAv"", ""i"", ""ti""]}, {""rule_source"": ""azwADyAyI"", ""rule"": ""1.1.43"", ""result"": [""pra"", """", ""BAv"", ""i"", ""ti""]}, {""rule_source"": ""azwADyAyI"", ""rule"": ""1.1.37"", ""result"": [""pra"", """", ""BAv"", ""i"", ""ti""]}, {""rule_source"": ""azwADyAyI"", ""rule"": ""3.1.68"", ""result"": [""pra"", """", ""BAv"", ""i"", ""Sap"", ""ti""]}, {""rule_source"": ""azwADyAyI"", ""rule"": ""1.3.3"", ""result"": [""pra"", """", ""BAv"", ""i"", ""Sap"", ""ti""]}, {""rule_source"": ""azwADyAyI"", ""rule"": ""1.3.8"", ""result"": [""pra"", """", ""BAv"", ""i"", ""Sap"", ""ti""]}, {""rule_source"": ""azwADyAyI"", ""rule"": ""1.3.9"", ""result"": [""pra"", """", ""BAv"", ""i"", ""a"", ""ti""]}, {""rule_source"": ""azwADyAyI"", ""rule"": ""3.4.113"", ""result"": [""pra"", """", ""BAv"", ""i"", ""a"", ""ti""]}, {""rule_source"": ""azwADyAyI"", ""rule"": ""1.1.43"", ""result"": [""pra"", """", ""BAv"", ""i"", ""a"", ""ti""]}, {""rule_source"": ""azwADyAyI"", ""rule"": ""1.1.37"", ""result"": [""pra"", """", ""BAv"", ""i"", ""a"", ""ti""]}, {""rule_source"": ""azwADyAyI"", ""rule"": ""3.4.86"", ""result"": [""pra"", """", ""BAv"", ""i"", ""a"", ""tu""]}, {""rule_source"": ""azwADyAyI"", ""rule"": ""7.1.35"", ""result"": [""pra"", """", ""BAv"", ""i"", ""a"", ""tAta~N""]}, {""rule_source"": ""azwADyAyI"", ""rule"": ""1.3.2"", ""result"": [""pra"", """", ""BAv"", ""i"", ""a"", ""tAta~N""]}, {""rule_source"": ""azwADyAyI"", ""rule"": ""1.3.3"", ""result"": [""pra"", """", ""BAv"", ""i"", ""a"", ""tAta~N""]}, {""rule_source"": ""azwADyAyI"", ""rule"": ""1.3.9"", ""result"": [""pra"", """", ""BAv"", ""i"", ""a"", ""tAt""]}, {""rule_source"": ""azwADyAyI"", ""rule"": ""1.4.13"", ""result"": [""pra"", """", ""BAv"", ""i"", ""a"", ""tAt""]}, {""rule_source"": ""azwADyAyI"", ""rule"": ""7.3.84"", ""result"": [""pra"", """", ""BAv"", ""e"", ""a"", ""tAt""]}, {""rule_source"": ""azwADyAyI"", ""rule"": ""1.4.14"", ""result"": [""pra"", """", ""BAv"", ""e"", ""a"", ""tAt""]}, {""rule_source"": ""azwADyAyI"", ""rule"": ""1.4.14"", ""result"": [""pra"", """", ""BAv"", ""e"", ""a"", ""tAt""]}, {""rule_source"": ""azwADyAyI"", ""rule"": ""6.1.78"", ""result"": [""pra"", """", ""BAv"", ""ay"", ""a"", ""tAt""]}, {""rule_source"": ""azwADyAyI"", ""rule"": ""8.2.39"", ""result"": [""pra"", """", ""BAv"", ""ay"", ""a"", ""tAd""]}, {""rule_source"": ""azwADyAyI"", ""rule"": ""8.4.68"", ""result"": [""pra"", """", ""BAv"", ""ay"", ""a"", ""tAd""]}]}, {""form_slp1"": ""praBAvayatu"", ""steps"": [{""rule_source"": ""azwADyAyI"", ""rule"": ""1.3.1"", ""result"": [""BU""]}, {""rule_source"": ""azwADyAyI"", ""rule"": ""1.4.58"", ""result"": [""pra"", ""BU""]}, {""rule_source"": ""azwADyAyI"", ""rule"": ""1.4.59"", ""result"": [""pra"", ""BU""]}, {""rule_source"": ""azwADyAyI"", ""rule"": ""1.4.60"", ""result"": [""pra"", ""BU""]}, {""rule_source"": ""azwADyAyI"", ""rule"": ""1.4.80"", ""result"": [""pra"", ""BU""]}, {""rule_source"": ""azwADyAyI"", ""rule"": ""3.1.26"", ""result"": [""pra"", """", ""BU"", ""Ric""]}, {""rule_source"": ""azwADyAyI"", ""rule"": ""3.1.32"", ""result"": [""pra"", """", ""BU"", ""Ric""]}, {""rule_source"": ""azwADyAyI"", ""rule"": ""1.3.3"", ""result"": [""pra"", """", ""BU"", ""Ric""]}, {""rule_source"": ""azwADyAyI"", ""rule"": ""1.3.7"", ""result"": [""pra"", """", ""BU"", ""Ric""]}, {""rule_source"": ""azwADyAyI"", ""rule"": ""1.3.9"", ""result"": [""pra"", """", ""BU"", ""i""]}, {""rule_source"": ""azwADyAyI"", ""rule"": ""1.2.45"", ""result"": [""pra"", """", ""BU"", ""i""]}, {""rule_source"": ""azwADyAyI"", ""rule"": ""3.4.114"", ""result"": [""pra"", """", ""BU"", ""i""]}, {""rule_source"": ""azwADyAyI"", ""rule"": ""1.1.43"", ""result"": [""pra"", """", ""BU"", ""i""]}, {""rule_source"": ""azwADyAyI"", ""rule"": ""1.1.37"", ""result"": [""pra"", """", ""BU"", ""i""]}, {""rule_source"": ""azwADyAyI"", ""rule"": ""1.3.78"", ""result"": [""pra"", """", ""BU"", ""i""]}, {""rule_source"": ""azwADyAyI"", ""rule"": ""1.1.43"", ""result"": [""pra"", """", ""BU"", ""i""]}, {""rule_source"": ""azwADyAyI"", ""rule"": ""1.1.37"", ""result"": [""pra"", """", ""BU"", ""i""]}, {""rule_source"": ""azwADyAyI"", ""rule"": ""1.4.13"", ""result"": [""pra"", """", ""BU"", ""i""]}, {""rule_source"": ""azwADyAyI"", ""rule"": ""7.2.115"", ""result"": [""pra"", """", ""BO"", ""i""]}, {""rule_source"": ""azwADyAyI"", ""rule"": ""1.4.14"", ""result"": [""pra"", """", ""BO"", ""i""]}, {""rule_source"": ""azwADyAyI"", ""rule"": ""6.1.78"", ""result"": [""pra"", """", ""BAv"", ""i""]}, {""rule_source"": ""azwADyAyI"", ""rule"": ""3.3.162"", ""result"": [""pra"", """", ""BAv"", ""i"", ""lo~w""]}, {""rule_source"": ""azwADyAyI"", ""rule"": ""1.3.2"", ""result"": [""pra"", """", ""BAv"", ""i"", ""lo~w""]}, {""rule_source"": ""azwADyAyI"", ""rule"": ""1.3.3"", ""result"": [""pra"", """", ""BAv"", ""i"", ""lo~w""]}, {""rule_source"": ""azwADyAyI"", ""rule"": ""1.3.9"", ""result"": [""pra"", """", ""BAv"", ""i"", ""l""]}, {""rule_source"": ""azwADyAyI"", ""rule"": ""3.4.78"", ""result"": [""pra"", """", ""BAv"", ""i"", ""tip""]}, {""rule_source"": ""azwADyAyI"", ""rule"": ""1.3.3"", ""result"": [""pra"", """", ""BAv"", ""i"", ""tip""]}, {""rule_source"": ""azwADyAyI"", ""rule"": ""1.3.9"", ""result"": [""pra"", """", ""BAv"", ""i"", ""ti""]}, {""rule_source"": ""azwADyAyI"", ""rule"": ""3.4.113"", ""result"": [""pra"", """", ""BAv"", ""i"", ""ti""]}, {""rule_source"": ""azwADyAyI"", ""rule"": ""1.1.43"", ""result"": [""pra"", """", ""BAv"", ""i"", ""ti""]}, {""rule_source"": ""azwADyAyI"", ""rule"": ""1.1.37"", ""result"": [""pra"", """", ""BAv"", ""i"", ""ti""]}, {""rule_source"": ""azwADyAyI"", ""rule"": ""3.1.68"", ""result"": [""pra"", """", ""BAv"", ""i"", ""Sap"", ""ti""]}, {""rule_source"": ""azwADyAyI"", ""rule"": ""1.3.3"", ""result"": [""pra"", """", ""BAv"", ""i"", ""Sap"", ""ti""]}, {""rule_source"": ""azwADyAyI"", ""rule"": ""1.3.8"", ""result"": [""pra"", """", ""BAv"", ""i"", ""Sap"", ""ti""]}, {""rule_source"": ""azwADyAyI"", ""rule"": ""1.3.9"", ""result"": [""pra"", """", ""BAv"", ""i"", ""a"", ""ti""]}, {""rule_source"": ""azwADyAyI"", ""rule"": ""3.4.113"", ""result"": [""pra"", """", ""BAv"", ""i"", ""a"", ""ti""]}, {""rule_source"": ""azwADyAyI"", ""rule"": ""1.1.43"", ""result"": [""pra"", """", ""BAv"", ""i"", ""a"", ""ti""]}, {""rule_source"": ""azwADyAyI"", ""rule"": ""1.1.37"", ""result"": [""pra"", """", ""BAv"", ""i"", ""a"", ""ti""]}, {""rule_source"": ""azwADyAyI"", ""rule"": ""3.4.86"", ""result"": [""pra"", """", ""BAv"", ""i"", ""a"", ""tu""]}, {""rule_source"": ""azwADyAyI"", ""rule"": ""1.4.13"", ""result"": [""pra"", """", ""BAv"", ""i"", ""a"", ""tu""]}, {""rule_source"": ""azwADyAyI"", ""rule"": ""7.3.84"", ""result"": [""pra"", """", ""BAv"", ""e"", ""a"", ""tu""]}, {""rule_source"": ""azwADyAyI"", ""rule"": ""1.4.14"", ""result"": [""pra"", """", ""BAv"", ""e"", ""a"", ""tu""]}, {""rule_source"": ""azwADyAyI"", ""rule"": ""1.4.14"", ""result"": [""pra"", """", ""BAv"", ""e"", ""a"", ""tu""]}, {""rule_source"": ""azwADyAyI"", ""rule"": ""6.1.78"", ""result"": [""pra"", """", ""BAv"", ""ay"", ""a"", ""tu""]}, {""rule_source"": ""azwADyAyI"", ""rule"": ""8.4.68"", ""result"": [""pra"", """", ""BAv"", ""ay"", ""a"", ""tu""]}]}], ""atmanepada"": [{""form_slp1"": ""praBAvayatAm"", ""steps"": [{""rule_source"": ""azwADyAyI"", ""rule"": ""1.3.1"", ""result"": [""BU""]}, {""rule_source"": ""azwADyAyI"", ""rule"": ""1.4.58"", ""result"": [""pra"", ""BU""]}, {""rule_source"": ""azwADyAyI"", ""rule"": ""1.4.59"", ""result"": [""pra"", ""BU""]}, {""rule_source"": ""azwADyAyI"", ""rule"": ""1.4.60"", ""result"": [""pra"", ""BU""]}, {""rule_source"": ""azwADyAyI"", ""rule"": ""1.4.80"", ""result"": [""pra"", ""BU""]}, {""rule_source"": ""azwADyAyI"", ""rule"": ""3.1.26"", ""result"": [""pra"", """", ""BU"", ""Ric""]}, {""rule_source"": ""azwADyAyI"", ""rule"": ""3.1.32"", ""result"": [""pra"", """", ""BU"", ""Ric""]}, {""rule_source"": ""azwADyAyI"", ""rule"": ""1.3.3"", ""result"": [""pra"", """", ""BU"", ""Ric""]}, {""rule_source"": ""azwADyAyI"", ""rule"": ""1.3.7"", ""result"": [""pra"", """", ""BU"", ""Ric""]}, {""rule_source"": ""azwADyAyI"", ""rule"": ""1.3.9"", ""result"": [""pra"", """", ""BU"", ""i""]}, {""rule_source"": ""azwADyAyI"", ""rule"": ""1.2.45"", ""result"": [""pra"", """", ""BU"", ""i""]}, {""rule_source"": ""azwADyAyI"", ""rule"": ""3.4.114"", ""result"": [""pra"", """", ""BU"", ""i""]}, {""rule_source"": ""azwADyAyI"", ""rule"": ""1.1.43"", ""result"": [""pra"", """", ""BU"", ""i""]}, {""rule_source"": ""azwADyAyI"", ""rule"": ""1.1.37"", ""result"": [""pra"", """", ""BU"", ""i""]}, {""rule_source"": ""azwADyAyI"", ""rule"": ""1.3.74"", ""result"": [""pra"", """", ""BU"", ""i""]}, {""rule_source"": ""azwADyAyI"", ""rule"": ""1.1.43"", ""result"": [""pra"", """", ""BU"", ""i""]}, {""rule_source"": ""azwADyAyI"", ""rule"": ""1.1.37"", ""result"": [""pra"", """", ""BU"", ""i""]}, {""rule_source"": ""azwADyAyI"", ""rule"": ""1.4.13"", ""result"": [""pra"", """", ""BU"", ""i""]}, {""rule_source"": ""azwADyAyI"", ""rule"": ""7.2.115"", ""result"": [""pra"", """", ""BO"", ""i""]}, {""rule_source"": ""azwADyAyI"", ""rule"": ""1.4.14"", ""result"": [""pra"", """", ""BO"", ""i""]}, {""rule_source"": ""azwADyAyI"", ""rule"": ""6.1.78"", ""result"": [""pra"", """", ""BAv"", ""i""]}, {""rule_source"": ""azwADyAyI"", ""rule"": ""3.3.162"", ""result"": [""pra"", """", ""BAv"", ""i"", ""lo~w""]}, {""rule_source"": ""azwADyAyI"", ""rule"": ""1.3.2"", ""result"": [""pra"", """", ""BAv"", ""i"", ""lo~w""]}, {""rule_source"": ""azwADyAyI"", ""rule"": ""1.3.3"", ""result"": [""pra"", """", ""BAv"", ""i"", ""lo~w""]}, {""rule_source"": ""azwADyAyI"", ""rule"": ""1.3.9"", ""result"": [""pra"", """", ""BAv"", ""i"", ""l""]}, {""rule_source"": ""azwADyAyI"", ""rule"": ""3.4.78"", ""result"": [""pra"", """", ""BAv"", ""i"", ""ta""]}, {""rule_source"": ""azwADyAyI"", ""rule"": ""3.4.113"", ""result"": [""pra"", """", ""BAv"", ""i"", ""ta""]}, {""rule_source"": ""azwADyAyI"", ""rule"": ""1.1.43"", ""result"": [""pra"", """", ""BAv"", ""i"", ""ta""]}, {""rule_source"": ""azwADyAyI"", ""rule"": ""1.1.37"", ""result"": [""pra"", """", ""BAv"", ""i"", ""ta""]}, {""rule_source"": ""azwADyAyI"", ""rule"": ""3.1.68"", ""result"": [""pra"", """", ""BAv"", ""i"", ""Sap"", ""ta""]}, {""rule_source"": ""azwADyAyI"", ""rule"": ""1.3.3"", ""result"": [""pra"", """", ""BAv"", ""i"", ""Sap"", ""ta""]}, {""rule_source"": ""azwADyAyI"", ""rule"": ""1.3.8"", ""result"": [""pra"", """", ""BAv"", ""i"", ""Sap"", ""ta""]}, {""rule_source"": ""azwADyAyI"", ""rule"": ""1.3.9"", ""result"": [""pra"", """", ""BAv"", ""i"", ""a"", ""ta""]}, {""rule_source"": ""azwADyAyI"", ""rule"": ""3.4.113"", ""result"": [""pra"", """", ""BAv"", ""i"", ""a"", ""ta""]}, {""rule_source"": ""azwADyAyI"", ""rule"": ""1.1.43"", ""result"": [""pra"", """", ""BAv"", ""i"", ""a"", ""ta""]}, {""rule_source"": ""azwADyAyI"", ""rule"": ""1.1.37"", ""result"": [""pra"", """", ""BAv"", ""i"", ""a"", ""ta""]}, {""rule_source"": ""azwADyAyI"", ""rule"": ""3.4.79"", ""result"": [""pra"", """", ""BAv"", ""i"", ""a"", ""te""]}, {""rule_source"": ""azwADyAyI"", ""rule"": ""3.4.90"", ""result"": [""pra"", """", ""BAv"", ""i"", ""a"", ""tAm""]}, {""rule_source"": ""azwADyAyI"", ""rule"": ""1.2.4"", ""result"": [""pra"", """", ""BAv"", ""i"", ""a"", ""tAm""]}, {""rule_source"": ""azwADyAyI"", ""rule"": ""1.4.13"", ""result"": [""pra"", """", ""BAv"", ""i"", ""a"", ""tAm""]}, {""rule_source"": ""azwADyAyI"", ""rule"": ""7.3.84"", ""result"": [""pra"", """", ""BAv"", ""e"", ""a"", ""tAm""]}, {""rule_source"": ""azwADyAyI"", ""rule"": ""1.4.14"", ""result"": [""pra"", """", ""BAv"", ""e"", ""a"", ""tAm""]}, {""rule_source"": ""azwADyAyI"", ""rule"": ""1.4.14"", ""result"": [""pra"", """", ""BAv"", ""e"", ""a"", ""tAm""]}, {""rule_source"": ""azwADyAyI"", ""rule"": ""6.1.78"", ""result"": [""pra"", """", ""BAv"", ""ay"", ""a"", ""tAm""]}, {""rule_source"": ""azwADyAyI"", ""rule"": ""8.4.68"", ""result"": [""pra"", """", ""BAv"", ""ay"", ""a"", ""tAm""]}]}]}"
upasarga_sanadi:1391aa7528fb82a94755,upasarga_sanadi,lan,लङ् (laṅ),imperfect past,Prathama,Eka,prABAvayad;prABAvayat,prABAvayata,prABAvayad;prABAvayat;prABAvayata,3,locally_regenerated,"{""parasmaipada"": [{""form_slp1"": ""prABAvayat"", ""steps"": [{""rule_source"": ""azwADyAyI"", ""rule"": ""1.3.1"", ""result"": [""BU""]}, {""rule_source"": ""azwADyAyI"", ""rule"": ""1.4.58"", ""result"": [""pra"", ""BU""]}, {""rule_source"": ""azwADyAyI"", ""rule"": ""1.4.59"", ""result"": [""pra"", ""BU""]}, {""rule_source"": ""azwADyAyI"", ""rule"": ""1.4.60"", ""result"": [""pra"", ""BU""]}, {""rule_source"": ""azwADyAyI"", ""rule"": ""1.4.80"", ""result"": [""pra"", ""BU""]}, {""rule_source"": ""azwADyAyI"", ""rule"": ""3.1.26"", ""result"": [""pra"", """", ""BU"", ""Ric""]}, {""rule_source"": ""azwADyAyI"", ""rule"": ""3.1.32"", ""result"": [""pra"", """", ""BU"", ""Ric""]}, {""rule_source"": ""azwADyAyI"", ""rule"": ""1.3.3"", ""result"": [""pra"", """", ""BU"", ""Ric""]}, {""rule_source"": ""azwADyAyI"", ""rule"": ""1.3.7"", ""result"": [""pra"", """", ""BU"", ""Ric""]}, {""rule_source"": ""azwADyAyI"", ""rule"": ""1.3.9"", ""result"": [""pra"", """", ""BU"", ""i""]}, {""rule_source"": ""azwADyAyI"", ""rule"": ""1.2.45"", ""result"": [""pra"", """", ""BU"", ""i""]}, {""rule_source"": ""azwADyAyI"", ""rule"": ""3.4.114"", ""result"": [""pra"", """", ""BU"", ""i""]}, {""rule_source"": ""azwADyAyI"", ""rule"": ""1.1.43"", ""result"": [""pra"", """", ""BU"", ""i""]}, {""rule_source"": ""azwADyAyI"", ""rule"": ""1.1.37"", ""result"": [""pra"", """", ""BU"", ""i""]}, {""rule_source"": ""azwADyAyI"", ""rule"": ""1.3.78"", ""result"": [""pra"", """", ""BU"", ""i""]}, {""rule_source"": ""azwADyAyI"", ""rule"": ""1.1.43"", ""result"": [""pra"", """", ""BU"", ""i""]}, {""rule_source"": ""azwADyAyI"", ""rule"": ""1.1.37"", ""result"": [""pra"", """", ""BU"", ""i""]}, {""rule_source"": ""azwADyAyI"", ""rule"": ""1.4.13"", ""result"": [""pra"", """", ""BU"", ""i""]}, {""rule_source"": ""azwADyAyI"", ""rule"": ""7.2.115"", ""result"": [""pra"", """", ""BO"", ""i""]}, {""rule_source"": ""azwADyAyI"", ""rule"": ""1.4.14"", ""result"": [""pra"", """", ""BO"", ""i""]}, {""rule_source"": ""azwADyAyI"", ""rule"": ""6.1.78"", ""result"": [""pra"", """", ""BAv"", ""i""]}, {""rule_source"": ""azwADyAyI"", ""rule"": ""3.2.111"", ""result"": [""pra"", """", ""BAv"", ""i"", ""laN""]}, {""rule_source"": ""azwADyAyI"", ""rule"": ""1.3.3"", ""result"": [""pra"", """", ""BAv"", ""i"", ""laN""]}, {""rule_source"": ""azwADyAyI"", ""rule"": ""1.3.9"", ""result"": [""pra"", """", ""BAv"", ""i"", ""la""]}, {""rule_source"": ""azwADyAyI"", ""rule"": ""3.4.78"", ""result"": [""pra"", """", ""BAv"", ""i"", ""tip""]}, {""rule_source"": ""azwADyAyI"", ""rule"": ""1.3.3"", ""result"": [""pra"", """", ""BAv"", ""i"", ""tip""]}, {""rule_source"": ""azwADyAyI"", ""rule"": ""1.3.9"", ""result"": [""pra"", """", ""BAv"", ""i"", ""ti""]}, {""rule_source"": ""azwADyAyI"", ""rule"": ""3.4.113"", ""result"": [""pra"", """", ""BAv"", ""i"", ""ti""]}, {""rule_source"": ""azwADyAyI"", ""rule"": ""1.1.43"", ""result"": [""pra"", """", ""BAv"", ""i"", ""ti""]}, {""rule_source"": ""azwADyAyI"", ""rule"": ""1.1.37"", ""result"": [""pra"", """", ""BAv"", ""i"", ""ti""]}, {""rule_source"": ""azwADyAyI"", ""rule"": ""3.1.68"", ""result"": [""pra"", """", ""BAv"", ""i"", ""Sap"", ""ti""]}, {""rule_source"": ""azwADyAyI"", ""rule"": ""1.3.3"", ""result"": [""pra"", """", ""BAv"", ""i"", ""Sap"", ""ti""]}, {""rule_source"": ""azwADyAyI"", ""rule"": ""1.3.8"", ""result"": [""pra"", """", ""BAv"", ""i"", ""Sap"", ""ti""]}, {""rule_source"": ""azwADyAyI"", ""rule"": ""1.3.9"", ""result"": [""pra"", """", ""BAv"", ""i"", ""a"", ""ti""]}, {""rule_source"": ""azwADyAyI"", ""rule"": ""3.4.113"", ""result"": [""pra"", """", ""BAv"", ""i"", ""a"", ""ti""]}, {""rule_source"": ""azwADyAyI"", ""rule"": ""1.1.43"", ""result"": [""pra"", """", ""BAv"", ""i"", ""a"", ""ti""]}, {""rule_source"": ""azwADyAyI"", ""rule"": ""1.1.37"", ""result"": [""pra"", """", ""BAv"", ""i"", ""a"", ""ti""]}, {""rule_source"": ""azwADyAyI"", ""rule"": ""3.4.100"", ""result"": [""pra"", """", ""BAv"", ""i"", ""a"", ""t""]}, {""rule_source"": ""azwADyAyI"", ""rule"": ""1.4.13"", ""result"": [""pra"", """", ""BAv"", ""i"", ""a"", ""t""]}, {""rule_source"": ""azwADyAyI"", ""rule"": ""6.4.71"", ""result"": [""pra"", """", ""aw"", ""BAv"", ""i"", ""a"", ""t""]}, {""rule_source"": ""azwADyAyI"", ""rule"": ""1.3.3"", ""result"": [""pra"", """", ""aw"", ""BAv"", ""i"", ""a"", ""t""]}, {""rule_source"": ""azwADyAyI"", ""rule"": ""1.3.9"", ""result"": [""pra"", """", ""a"", ""BAv"", ""i"", ""a"", ""t""]}, {""rule_source"": ""azwADyAyI"", ""rule"": ""7.3.84"", ""result"": [""pra"", """", ""a"", ""BAv"", ""e"", ""a"", ""t""]}, {""rule_source"": ""azwADyAyI"", ""rule"": ""1.4.14"", ""result"": [""pra"", """", ""a"", ""BAv"", ""e"", ""a"", ""t""]}, {""rule_source"": ""azwADyAyI"", ""rule"": ""1.4.14"", ""result"": [""pra"", """", ""a"", ""BAv"", ""e"", ""a"", ""t""]}, {""rule_source"": ""azwADyAyI"", ""rule"": ""6.1.101"", ""result"": [""prA"", """", """", ""BAv"", ""e"", ""a"", ""t""]}, {""rule_source"": ""azwADyAyI"", ""rule"": ""6.1.78"", ""result"": [""prA"", """", """", ""BAv"", ""ay"", ""a"", ""t""]}, {""rule_source"": ""azwADyAyI"", ""rule"": ""8.2.39"", ""result"": [""prA"", """", """", ""BAv"", ""ay"", ""a"", ""d""]}, {""rule_source"": ""azwADyAyI"", ""rule"": ""8.4.56"", ""result"": [""prA"", """", """", ""BAv"", ""ay"", ""a"", ""t""]}, {""rule_source"": ""azwADyAyI"", ""rule"": ""8.4.68"", ""result"": [""prA"", """", """", ""BAv"", ""ay"", ""a"", ""t""]}]}, {""form_slp1"": ""prABAvayad"", ""steps"": [{""rule_source"": ""azwADyAyI"", ""rule"": ""1.3.1"", ""result"": [""BU""]}, {""rule_source"": ""azwADyAyI"", ""rule"": ""1.4.58"", ""result"": [""pra"", ""BU""]}, {""rule_source"": ""azwADyAyI"", ""rule"": ""1.4.59"", ""result"": [""pra"", ""BU""]}, {""rule_source"": ""azwADyAyI"", ""rule"": ""1.4.60"", ""result"": [""pra"", ""BU""]}, {""rule_source"": ""azwADyAyI"", ""rule"": ""1.4.80"", ""result"": [""pra"", ""BU""]}, {""rule_source"": ""azwADyAyI"", ""rule"": ""3.1.26"", ""result"": [""pra"", """", ""BU"", ""Ric""]}, {""rule_source"": ""azwADyAyI"", ""rule"": ""3.1.32"", ""result"": [""pra"", """", ""BU"", ""Ric""]}, {""rule_source"": ""azwADyAyI"", ""rule"": ""1.3.3"", ""result"": [""pra"", """", ""BU"", ""Ric""]}, {""rule_source"": ""azwADyAyI"", ""rule"": ""1.3.7"", ""result"": [""pra"", """", ""BU"", ""Ric""]}, {""rule_source"": ""azwADyAyI"", ""rule"": ""1.3.9"", ""result"": [""pra"", """", ""BU"", ""i""]}, {""rule_source"": ""azwADyAyI"", ""rule"": ""1.2.45"", ""result"": [""pra"", """", ""BU"", ""i""]}, {""rule_source"": ""azwADyAyI"", ""rule"": ""3.4.114"", ""result"": [""pra"", """", ""BU"", ""i""]}, {""rule_source"": ""azwADyAyI"", ""rule"": ""1.1.43"", ""result"": [""pra"", """", ""BU"", ""i""]}, {""rule_source"": ""azwADyAyI"", ""rule"": ""1.1.37"", ""result"": [""pra"", """", ""BU"", ""i""]}, {""rule_source"": ""azwADyAyI"", ""rule"": ""1.3.78"", ""result"": [""pra"", """", ""BU"", ""i""]}, {""rule_source"": ""azwADyAyI"", ""rule"": ""1.1.43"", ""result"": [""pra"", """", ""BU"", ""i""]}, {""rule_source"": ""azwADyAyI"", ""rule"": ""1.1.37"", ""result"": [""pra"", """", ""BU"", ""i""]}, {""rule_source"": ""azwADyAyI"", ""rule"": ""1.4.13"", ""result"": [""pra"", """", ""BU"", ""i""]}, {""rule_source"": ""azwADyAyI"", ""rule"": ""7.2.115"", ""result"": [""pra"", """", ""BO"", ""i""]}, {""rule_source"": ""azwADyAyI"", ""rule"": ""1.4.14"", ""result"": [""pra"", """", ""BO"", ""i""]}, {""rule_source"": ""azwADyAyI"", ""rule"": ""6.1.78"", ""result"": [""pra"", """", ""BAv"", ""i""]}, {""rule_source"": ""azwADyAyI"", ""rule"": ""3.2.111"", ""result"": [""pra"", """", ""BAv"", ""i"", ""laN""]}, {""rule_source"": ""azwADyAyI"", ""rule"": ""1.3.3"", ""result"": [""pra"", """", ""BAv"", ""i"", ""laN""]}, {""rule_source"": ""azwADyAyI"", ""rule"": ""1.3.9"", ""result"": [""pra"", """", ""BAv"", ""i"", ""la""]}, {""rule_source"": ""azwADyAyI"", ""rule"": ""3.4.78"", ""result"": [""pra"", """", ""BAv"", ""i"", ""tip""]}, {""rule_source"": ""azwADyAyI"", ""rule"": ""1.3.3"", ""result"": [""pra"", """", ""BAv"", ""i"", ""tip""]}, {""rule_source"": ""azwADyAyI"", ""rule"": ""1.3.9"", ""result"": [""pra"", """", ""BAv"", ""i"", ""ti""]}, {""rule_source"": ""azwADyAyI"", ""rule"": ""3.4.113"", ""result"": [""pra"", """", ""BAv"", ""i"", ""ti""]}, {""rule_source"": ""azwADyAyI"", ""rule"": ""1.1.43"", ""result"": [""pra"", """", ""BAv"", ""i"", ""ti""]}, {""rule_source"": ""azwADyAyI"", ""rule"": ""1.1.37"", ""result"": [""pra"", """", ""BAv"", ""i"", ""ti""]}, {""rule_source"": ""azwADyAyI"", ""rule"": ""3.1.68"", ""result"": [""pra"", """", ""BAv"", ""i"", ""Sap"", ""ti""]}, {""rule_source"": ""azwADyAyI"", ""rule"": ""1.3.3"", ""result"": [""pra"", """", ""BAv"", ""i"", ""Sap"", ""ti""]}, {""rule_source"": ""azwADyAyI"", ""rule"": ""1.3.8"", ""result"": [""pra"", """", ""BAv"", ""i"", ""Sap"", ""ti""]}, {""rule_source"": ""azwADyAyI"", ""rule"": ""1.3.9"", ""result"": [""pra"", """", ""BAv"", ""i"", ""a"", ""ti""]}, {""rule_source"": ""azwADyAyI"", ""rule"": ""3.4.113"", ""result"": [""pra"", """", ""BAv"", ""i"", ""a"", ""ti""]}, {""rule_source"": ""azwADyAyI"", ""rule"": ""1.1.43"", ""result"": [""pra"", """", ""BAv"", ""i"", ""a"", ""ti""]}, {""rule_source"": ""azwADyAyI"", ""rule"": ""1.1.37"", ""result"": [""pra"", """", ""BAv"", ""i"", ""a"", ""ti""]}, {""rule_source"": ""azwADyAyI"", ""rule"": ""3.4.100"", ""result"": [""pra"", """", ""BAv"", ""i"", ""a"", ""t""]}, {""rule_source"": ""azwADyAyI"", ""rule"": ""1.4.13"", ""result"": [""pra"", """", ""BAv"", ""i"", ""a"", ""t""]}, {""rule_source"": ""azwADyAyI"", ""rule"": ""6.4.71"", ""result"": [""pra"", """", ""aw"", ""BAv"", ""i"", ""a"", ""t""]}, {""rule_source"": ""azwADyAyI"", ""rule"": ""1.3.3"", ""result"": [""pra"", """", ""aw"", ""BAv"", ""i"", ""a"", ""t""]}, {""rule_source"": ""azwADyAyI"", ""rule"": ""1.3.9"", ""result"": [""pra"", """", ""a"", ""BAv"", ""i"", ""a"", ""t""]}, {""rule_source"": ""azwADyAyI"", ""rule"": ""7.3.84"", ""result"": [""pra"", """", ""a"", ""BAv"", ""e"", ""a"", ""t""]}, {""rule_source"": ""azwADyAyI"", ""rule"": ""1.4.14"", ""result"": [""pra"", """", ""a"", ""BAv"", ""e"", ""a"", ""t""]}, {""rule_source"": ""azwADyAyI"", ""rule"": ""1.4.14"", ""result"": [""pra"", """", ""a"", ""BAv"", ""e"", ""a"", ""t""]}, {""rule_source"": ""azwADyAyI"", ""rule"": ""6.1.101"", ""result"": [""prA"", """", """", ""BAv"", ""e"", ""a"", ""t""]}, {""rule_source"": ""azwADyAyI"", ""rule"": ""6.1.78"", ""result"": [""prA"", """", """", ""BAv"", ""ay"", ""a"", ""t""]}, {""rule_source"": ""azwADyAyI"", ""rule"": ""8.2.39"", ""result"": [""prA"", """", """", ""BAv"", ""ay"", ""a"", ""d""]}, {""rule_source"": ""azwADyAyI"", ""rule"": ""8.4.68"", ""result"": [""prA"", """", """", ""BAv"", ""ay"", ""a"", ""d""]}]}], ""atmanepada"": [{""form_slp1"": ""prABAvayata"", ""steps"": [{""rule_source"": ""azwADyAyI"", ""rule"": ""1.3.1"", ""result"": [""BU""]}, {""rule_source"": ""azwADyAyI"", ""rule"": ""1.4.58"", ""result"": [""pra"", ""BU""]}, {""rule_source"": ""azwADyAyI"", ""rule"": ""1.4.59"", ""result"": [""pra"", ""BU""]}, {""rule_source"": ""azwADyAyI"", ""rule"": ""1.4.60"", ""result"": [""pra"", ""BU""]}, {""rule_source"": ""azwADyAyI"", ""rule"": ""1.4.80"", ""result"": [""pra"", ""BU""]}, {""rule_source"": ""azwADyAyI"", ""rule"": ""3.1.26"", ""result"": [""pra"", """", ""BU"", ""Ric""]}, {""rule_source"": ""azwADyAyI"", ""rule"": ""3.1.32"", ""result"": [""pra"", """", ""BU"", ""Ric""]}, {""rule_source"": ""azwADyAyI"", ""rule"": ""1.3.3"", ""result"": [""pra"", """", ""BU"", ""Ric""]}, {""rule_source"": ""azwADyAyI"", ""rule"": ""1.3.7"", ""result"": [""pra"", """", ""BU"", ""Ric""]}, {""rule_source"": ""azwADyAyI"", ""rule"": ""1.3.9"", ""result"": [""pra"", """", ""BU"", ""i""]}, {""rule_source"": ""azwADyAyI"", ""rule"": ""1.2.45"", ""result"": [""pra"", """", ""BU"", ""i""]}, {""rule_source"": ""azwADyAyI"", ""rule"": ""3.4.114"", ""result"": [""pra"", """", ""BU"", ""i""]}, {""rule_source"": ""azwADyAyI"", ""rule"": ""1.1.43"", ""result"": [""pra"", """", ""BU"", ""i""]}, {""rule_source"": ""azwADyAyI"", ""rule"": ""1.1.37"", ""result"": [""pra"", """", ""BU"", ""i""]}, {""rule_source"": ""azwADyAyI"", ""rule"": ""1.3.74"", ""result"": [""pra"", """", ""BU"", ""i""]}, {""rule_source"": ""azwADyAyI"", ""rule"": ""1.1.43"", ""result"": [""pra"", """", ""BU"", ""i""]}, {""rule_source"": ""azwADyAyI"", ""rule"": ""1.1.37"", ""result"": [""pra"", """", ""BU"", ""i""]}, {""rule_source"": ""azwADyAyI"", ""rule"": ""1.4.13"", ""result"": [""pra"", """", ""BU"", ""i""]}, {""rule_source"": ""azwADyAyI"", ""rule"": ""7.2.115"", ""result"": [""pra"", """", ""BO"", ""i""]}, {""rule_source"": ""azwADyAyI"", ""rule"": ""1.4.14"", ""result"": [""pra"", """", ""BO"", ""i""]}, {""rule_source"": ""azwADyAyI"", ""rule"": ""6.1.78"", ""result"": [""pra"", """", ""BAv"", ""i""]}, {""rule_source"": ""azwADyAyI"", ""rule"": ""3.2.111"", ""result"": [""pra"", """", ""BAv"", ""i"", ""laN""]}, {""rule_source"": ""azwADyAyI"", ""rule"": ""1.3.3"", ""result"": [""pra"", """", ""BAv"", ""i"", ""laN""]}, {""rule_source"": ""azwADyAyI"", ""rule"": ""1.3.9"", ""result"": [""pra"", """", ""BAv"", ""i"", ""la""]}, {""rule_source"": ""azwADyAyI"", ""rule"": ""3.4.78"", ""result"": [""pra"", """", ""BAv"", ""i"", ""ta""]}, {""rule_source"": ""azwADyAyI"", ""rule"": ""3.4.113"", ""result"": [""pra"", """", ""BAv"", ""i"", ""ta""]}, {""rule_source"": ""azwADyAyI"", ""rule"": ""1.1.43"", ""result"": [""pra"", """", ""BAv"", ""i"", ""ta""]}, {""rule_source"": ""azwADyAyI"", ""rule"": ""1.1.37"", ""result"": [""pra"", """", ""BAv"", ""i"", ""ta""]}, {""rule_source"": ""azwADyAyI"", ""rule"": ""3.1.68"", ""result"": [""pra"", """", ""BAv"", ""i"", ""Sap"", ""ta""]}, {""rule_source"": ""azwADyAyI"", ""rule"": ""1.3.3"", ""result"": [""pra"", """", ""BAv"", ""i"", ""Sap"", ""ta""]}, {""rule_source"": ""azwADyAyI"", ""rule"": ""1.3.8"", ""result"": [""pra"", """", ""BAv"", ""i"", ""Sap"", ""ta""]}, {""rule_source"": ""azwADyAyI"", ""rule"": ""1.3.9"", ""result"": [""pra"", """", ""BAv"", ""i"", ""a"", ""ta""]}, {""rule_source"": ""azwADyAyI"", ""rule"": ""3.4.113"", ""result"": [""pra"", """", ""BAv"", ""i"", ""a"", ""ta""]}, {""rule_source"": ""azwADyAyI"", ""rule"": ""1.1.43"", ""result"": [""pra"", """", ""BAv"", ""i"", ""a"", ""ta""]}, {""rule_source"": ""azwADyAyI"", ""rule"": ""1.1.37"", ""result"": [""pra"", """", ""BAv"", ""i"", ""a"", ""ta""]}, {""rule_source"": ""azwADyAyI"", ""rule"": ""1.2.4"", ""result"": [""pra"", """", ""BAv"", ""i"", ""a"", ""ta""]}, {""rule_source"": ""azwADyAyI"", ""rule"": ""1.4.13"", ""result"": [""pra"", """", ""BAv"", ""i"", ""a"", ""ta""]}, {""rule_source"": ""azwADyAyI"", ""rule"": ""6.4.71"", ""result"": [""pra"", """", ""aw"", ""BAv"", ""i"", ""a"", ""ta""]}, {""rule_source"": ""azwADyAyI"", ""rule"": ""1.3.3"", ""result"": [""pra"", """", ""aw"", ""BAv"", ""i"", ""a"", ""ta""]}, {""rule_source"": ""azwADyAyI"", ""rule"": ""1.3.9"", ""result"": [""pra"", """", ""a"", ""BAv"", ""i"", ""a"", ""ta""]}, {""rule_source"": ""azwADyAyI"", ""rule"": ""7.3.84"", ""result"": [""pra"", """", ""a"", ""BAv"", ""e"", ""a"", ""ta""]}, {""rule_source"": ""azwADyAyI"", ""rule"": ""1.4.14"", ""result"": [""pra"", """", ""a"", ""BAv"", ""e"", ""a"", ""ta""]}, {""rule_source"": ""azwADyAyI"", ""rule"": ""1.4.14"", ""result"": [""pra"", """", ""a"", ""BAv"", ""e"", ""a"", ""ta""]}, {""rule_source"": ""azwADyAyI"", ""rule"": ""6.1.101"", ""result"": [""prA"", """", """", ""BAv"", ""e"", ""a"", ""ta""]}, {""rule_source"": ""azwADyAyI"", ""rule"": ""6.1.78"", ""result"": [""prA"", """", """", ""BAv"", ""ay"", ""a"", ""ta""]}, {""rule_source"": ""azwADyAyI"", ""rule"": ""8.4.68"", ""result"": [""prA"", """", """", ""BAv"", ""ay"", ""a"", ""ta""]}]}]}"
upasarga_sanadi:1391aa7528fb82a94755,upasarga_sanadi,vidhilin,विधिलिङ् (vidhiliṅ),"possibility, prescription, or intention",Prathama,Eka,praBAvayed;praBAvayet,praBAvayeta,praBAvayed;praBAvayet;praBAvayeta,3,locally_regenerated,"{""parasmaipada"": [{""form_slp1"": ""praBAvayet"", ""steps"": [{""rule_source"": ""azwADyAyI"", ""rule"": ""1.3.1"", ""result"": [""BU""]}, {""rule_source"": ""azwADyAyI"", ""rule"": ""1.4.58"", ""result"": [""pra"", ""BU""]}, {""rule_source"": ""azwADyAyI"", ""rule"": ""1.4.59"", ""result"": [""pra"", ""BU""]}, {""rule_source"": ""azwADyAyI"", ""rule"": ""1.4.60"", ""result"": [""pra"", ""BU""]}, {""rule_source"": ""azwADyAyI"", ""rule"": ""1.4.80"", ""result"": [""pra"", ""BU""]}, {""rule_source"": ""azwADyAyI"", ""rule"": ""3.1.26"", ""result"": [""pra"", """", ""BU"", ""Ric""]}, {""rule_source"": ""azwADyAyI"", ""rule"": ""3.1.32"", ""result"": [""pra"", """", ""BU"", ""Ric""]}, {""rule_source"": ""azwADyAyI"", ""rule"": ""1.3.3"", ""result"": [""pra"", """", ""BU"", ""Ric""]}, {""rule_source"": ""azwADyAyI"", ""rule"": ""1.3.7"", ""result"": [""pra"", """", ""BU"", ""Ric""]}, {""rule_source"": ""azwADyAyI"", ""rule"": ""1.3.9"", ""result"": [""pra"", """", ""BU"", ""i""]}, {""rule_source"": ""azwADyAyI"", ""rule"": ""1.2.45"", ""result"": [""pra"", """", ""BU"", ""i""]}, {""rule_source"": ""azwADyAyI"", ""rule"": ""3.4.114"", ""result"": [""pra"", """", ""BU"", ""i""]}, {""rule_source"": ""azwADyAyI"", ""rule"": ""1.1.43"", ""result"": [""pra"", """", ""BU"", ""i""]}, {""rule_source"": ""azwADyAyI"", ""rule"": ""1.1.37"", ""result"": [""pra"", """", ""BU"", ""i""]}, {""rule_source"": ""azwADyAyI"", ""rule"": ""1.3.78"", ""result"": [""pra"", """", ""BU"", ""i""]}, {""rule_source"": ""azwADyAyI"", ""rule"": ""1.1.43"", ""result"": [""pra"", """", ""BU"", ""i""]}, {""rule_source"": ""azwADyAyI"", ""rule"": ""1.1.37"", ""result"": [""pra"", """", ""BU"", ""i""]}, {""rule_source"": ""azwADyAyI"", ""rule"": ""1.4.13"", ""result"": [""pra"", """", ""BU"", ""i""]}, {""rule_source"": ""azwADyAyI"", ""rule"": ""7.2.115"", ""result"": [""pra"", """", ""BO"", ""i""]}, {""rule_source"": ""azwADyAyI"", ""rule"": ""1.4.14"", ""result"": [""pra"", """", ""BO"", ""i""]}, {""rule_source"": ""azwADyAyI"", ""rule"": ""6.1.78"", ""result"": [""pra"", """", ""BAv"", ""i""]}, {""rule_source"": ""azwADyAyI"", ""rule"": ""3.3.161"", ""result"": [""pra"", """", ""BAv"", ""i"", ""li~N""]}, {""rule_source"": ""azwADyAyI"", ""rule"": ""1.3.2"", ""result"": [""pra"", """", ""BAv"", ""i"", ""li~N""]}, {""rule_source"": ""azwADyAyI"", ""rule"": ""1.3.3"", ""result"": [""pra"", """", ""BAv"", ""i"", ""li~N""]}, {""rule_source"": ""azwADyAyI"", ""rule"": ""1.3.9"", ""result"": [""pra"", """", ""BAv"", ""i"", ""l""]}, {""rule_source"": ""azwADyAyI"", ""rule"": ""3.4.78"", ""result"": [""pra"", """", ""BAv"", ""i"", ""tip""]}, {""rule_source"": ""azwADyAyI"", ""rule"": ""1.3.3"", ""result"": [""pra"", """", ""BAv"", ""i"", ""tip""]}, {""rule_source"": ""azwADyAyI"", ""rule"": ""1.3.9"", ""result"": [""pra"", """", ""BAv"", ""i"", ""ti""]}, {""rule_source"": ""azwADyAyI"", ""rule"": ""3.4.113"", ""result"": [""pra"", """", ""BAv"", ""i"", ""ti""]}, {""rule_source"": ""azwADyAyI"", ""rule"": ""1.1.43"", ""result"": [""pra"", """", ""BAv"", ""i"", ""ti""]}, {""rule_source"": ""azwADyAyI"", ""rule"": ""1.1.37"", ""result"": [""pra"", """", ""BAv"", ""i"", ""ti""]}, {""rule_source"": ""azwADyAyI"", ""rule"": ""3.1.68"", ""result"": [""pra"", """", ""BAv"", ""i"", ""Sap"", ""ti""]}, {""rule_source"": ""azwADyAyI"", ""rule"": ""1.3.3"", ""result"": [""pra"", """", ""BAv"", ""i"", ""Sap"", ""ti""]}, {""rule_source"": ""azwADyAyI"", ""rule"": ""1.3.8"", ""result"": [""pra"", """", ""BAv"", ""i"", ""Sap"", ""ti""]}, {""rule_source"": ""azwADyAyI"", ""rule"": ""1.3.9"", ""result"": [""pra"", """", ""BAv"", ""i"", ""a"", ""ti""]}, {""rule_source"": ""azwADyAyI"", ""rule"": ""3.4.113"", ""result"": [""pra"", """", ""BAv"", ""i"", ""a"", ""ti""]}, {""rule_source"": ""azwADyAyI"", ""rule"": ""1.1.43"", ""result"": [""pra"", """", ""BAv"", ""i"", ""a"", ""ti""]}, {""rule_source"": ""azwADyAyI"", ""rule"": ""1.1.37"", ""result"": [""pra"", """", ""BAv"", ""i"", ""a"", ""ti""]}, {""rule_source"": ""azwADyAyI"", ""rule"": ""3.4.100"", ""result"": [""pra"", """", ""BAv"", ""i"", ""a"", ""t""]}, {""rule_source"": ""azwADyAyI"", ""rule"": ""3.4.103"", ""result"": [""pra"", """", ""BAv"", ""i"", ""a"", ""yAsu~w"", ""t""]}, {""rule_source"": ""azwADyAyI"", ""rule"": ""1.3.2"", ""result"": [""pra"", """", ""BAv"", ""i"", ""a"", ""yAsu~w"", ""t""]}, {""rule_source"": ""azwADyAyI"", ""rule"": ""1.3.3"", ""result"": [""pra"", """", ""BAv"", ""i"", ""a"", ""yAsu~w"", ""t""]}, {""rule_source"": ""azwADyAyI"", ""rule"": ""1.3.9"", ""result"": [""pra"", """", ""BAv"", ""i"", ""a"", ""yAs"", ""t""]}, {""rule_source"": ""azwADyAyI"", ""rule"": ""3.4.107"", ""result"": [""pra"", """", ""BAv"", ""i"", ""a"", ""yAs"", ""st""]}, {""rule_source"": ""azwADyAyI"", ""rule"": ""1.4.13"", ""result"": [""pra"", """", ""BAv"", ""i"", ""a"", ""yAs"", ""st""]}, {""rule_source"": ""azwADyAyI"", ""rule"": ""7.2.79"", ""result"": [""pra"", """", ""BAv"", ""i"", ""a"", ""yA"", ""t""]}, {""rule_source"": ""azwADyAyI"", ""rule"": ""7.2.80"", ""result"": [""pra"", """", ""BAv"", ""i"", ""a"", ""iy"", ""t""]}, {""rule_source"": ""azwADyAyI"", ""rule"": ""6.1.66"", ""result"": [""pra"", """", ""BAv"", ""i"", ""a"", ""i"", ""t""]}, {""rule_source"": ""azwADyAyI"", ""rule"": ""7.3.84"", ""result"": [""pra"", """", ""BAv"", ""e"", ""a"", ""i"", ""t""]}, {""rule_source"": ""azwADyAyI"", ""rule"": ""1.4.14"", ""result"": [""pra"", """", ""BAv"", ""e"", ""a"", ""i"", ""t""]}, {""rule_source"": ""azwADyAyI"", ""rule"": ""1.4.14"", ""result"": [""pra"", """", ""BAv"", ""e"", ""a"", ""i"", ""t""]}, {""rule_source"": ""azwADyAyI"", ""rule"": ""6.1.78"", ""result"": [""pra"", """", ""BAv"", ""ay"", ""a"", ""i"", ""t""]}, {""rule_source"": ""azwADyAyI"", ""rule"": ""6.1.87"", ""result"": [""pra"", """", ""BAv"", ""ay"", """", ""e"", ""t""]}, {""rule_source"": ""azwADyAyI"", ""rule"": ""8.2.39"", ""result"": [""pra"", """", ""BAv"", ""ay"", """", ""e"", ""d""]}, {""rule_source"": ""azwADyAyI"", ""rule"": ""8.4.56"", ""result"": [""pra"", """", ""BAv"", ""ay"", """", ""e"", ""t""]}, {""rule_source"": ""azwADyAyI"", ""rule"": ""8.4.68"", ""result"": [""pra"", """", ""BAv"", ""ay"", """", ""e"", ""t""]}]}, {""form_slp1"": ""praBAvayed"", ""steps"": [{""rule_source"": ""azwADyAyI"", ""rule"": ""1.3.1"", ""result"": [""BU""]}, {""rule_source"": ""azwADyAyI"", ""rule"": ""1.4.58"", ""result"": [""pra"", ""BU""]}, {""rule_source"": ""azwADyAyI"", ""rule"": ""1.4.59"", ""result"": [""pra"", ""BU""]}, {""rule_source"": ""azwADyAyI"", ""rule"": ""1.4.60"", ""result"": [""pra"", ""BU""]}, {""rule_source"": ""azwADyAyI"", ""rule"": ""1.4.80"", ""result"": [""pra"", ""BU""]}, {""rule_source"": ""azwADyAyI"", ""rule"": ""3.1.26"", ""result"": [""pra"", """", ""BU"", ""Ric""]}, {""rule_source"": ""azwADyAyI"", ""rule"": ""3.1.32"", ""result"": [""pra"", """", ""BU"", ""Ric""]}, {""rule_source"": ""azwADyAyI"", ""rule"": ""1.3.3"", ""result"": [""pra"", """", ""BU"", ""Ric""]}, {""rule_source"": ""azwADyAyI"", ""rule"": ""1.3.7"", ""result"": [""pra"", """", ""BU"", ""Ric""]}, {""rule_source"": ""azwADyAyI"", ""rule"": ""1.3.9"", ""result"": [""pra"", """", ""BU"", ""i""]}, {""rule_source"": ""azwADyAyI"", ""rule"": ""1.2.45"", ""result"": [""pra"", """", ""BU"", ""i""]}, {""rule_source"": ""azwADyAyI"", ""rule"": ""3.4.114"", ""result"": [""pra"", """", ""BU"", ""i""]}, {""rule_source"": ""azwADyAyI"", ""rule"": ""1.1.43"", ""result"": [""pra"", """", ""BU"", ""i""]}, {""rule_source"": ""azwADyAyI"", ""rule"": ""1.1.37"", ""result"": [""pra"", """", ""BU"", ""i""]}, {""rule_source"": ""azwADyAyI"", ""rule"": ""1.3.78"", ""result"": [""pra"", """", ""BU"", ""i""]}, {""rule_source"": ""azwADyAyI"", ""rule"": ""1.1.43"", ""result"": [""pra"", """", ""BU"", ""i""]}, {""rule_source"": ""azwADyAyI"", ""rule"": ""1.1.37"", ""result"": [""pra"", """", ""BU"", ""i""]}, {""rule_source"": ""azwADyAyI"", ""rule"": ""1.4.13"", ""result"": [""pra"", """", ""BU"", ""i""]}, {""rule_source"": ""azwADyAyI"", ""rule"": ""7.2.115"", ""result"": [""pra"", """", ""BO"", ""i""]}, {""rule_source"": ""azwADyAyI"", ""rule"": ""1.4.14"", ""result"": [""pra"", """", ""BO"", ""i""]}, {""rule_source"": ""azwADyAyI"", ""rule"": ""6.1.78"", ""result"": [""pra"", """", ""BAv"", ""i""]}, {""rule_source"": ""azwADyAyI"", ""rule"": ""3.3.161"", ""result"": [""pra"", """", ""BAv"", ""i"", ""li~N""]}, {""rule_source"": ""azwADyAyI"", ""rule"": ""1.3.2"", ""result"": [""pra"", """", ""BAv"", ""i"", ""li~N""]}, {""rule_source"": ""azwADyAyI"", ""rule"": ""1.3.3"", ""result"": [""pra"", """", ""BAv"", ""i"", ""li~N""]}, {""rule_source"": ""azwADyAyI"", ""rule"": ""1.3.9"", ""result"": [""pra"", """", ""BAv"", ""i"", ""l""]}, {""rule_source"": ""azwADyAyI"", ""rule"": ""3.4.78"", ""result"": [""pra"", """", ""BAv"", ""i"", ""tip""]}, {""rule_source"": ""azwADyAyI"", ""rule"": ""1.3.3"", ""result"": [""pra"", """", ""BAv"", ""i"", ""tip""]}, {""rule_source"": ""azwADyAyI"", ""rule"": ""1.3.9"", ""result"": [""pra"", """", ""BAv"", ""i"", ""ti""]}, {""rule_source"": ""azwADyAyI"", ""rule"": ""3.4.113"", ""result"": [""pra"", """", ""BAv"", ""i"", ""ti""]}, {""rule_source"": ""azwADyAyI"", ""rule"": ""1.1.43"", ""result"": [""pra"", """", ""BAv"", ""i"", ""ti""]}, {""rule_source"": ""azwADyAyI"", ""rule"": ""1.1.37"", ""result"": [""pra"", """", ""BAv"", ""i"", ""ti""]}, {""rule_source"": ""azwADyAyI"", ""rule"": ""3.1.68"", ""result"": [""pra"", """", ""BAv"", ""i"", ""Sap"", ""ti""]}, {""rule_source"": ""azwADyAyI"", ""rule"": ""1.3.3"", ""result"": [""pra"", """", ""BAv"", ""i"", ""Sap"", ""ti""]}, {""rule_source"": ""azwADyAyI"", ""rule"": ""1.3.8"", ""result"": [""pra"", """", ""BAv"", ""i"", ""Sap"", ""ti""]}, {""rule_source"": ""azwADyAyI"", ""rule"": ""1.3.9"", ""result"": [""pra"", """", ""BAv"", ""i"", ""a"", ""ti""]}, {""rule_source"": ""azwADyAyI"", ""rule"": ""3.4.113"", ""result"": [""pra"", """", ""BAv"", ""i"", ""a"", ""ti""]}, {""rule_source"": ""azwADyAyI"", ""rule"": ""1.1.43"", ""result"": [""pra"", """", ""BAv"", ""i"", ""a"", ""ti""]}, {""rule_source"": ""azwADyAyI"", ""rule"": ""1.1.37"", ""result"": [""pra"", """", ""BAv"", ""i"", ""a"", ""ti""]}, {""rule_source"": ""azwADyAyI"", ""rule"": ""3.4.100"", ""result"": [""pra"", """", ""BAv"", ""i"", ""a"", ""t""]}, {""rule_source"": ""azwADyAyI"", ""rule"": ""3.4.103"", ""result"": [""pra"", """", ""BAv"", ""i"", ""a"", ""yAsu~w"", ""t""]}, {""rule_source"": ""azwADyAyI"", ""rule"": ""1.3.2"", ""result"": [""pra"", """", ""BAv"", ""i"", ""a"", ""yAsu~w"", ""t""]}, {""rule_source"": ""azwADyAyI"", ""rule"": ""1.3.3"", ""result"": [""pra"", """", ""BAv"", ""i"", ""a"", ""yAsu~w"", ""t""]}, {""rule_source"": ""azwADyAyI"", ""rule"": ""1.3.9"", ""result"": [""pra"", """", ""BAv"", ""i"", ""a"", ""yAs"", ""t""]}, {""rule_source"": ""azwADyAyI"", ""rule"": ""3.4.107"", ""result"": [""pra"", """", ""BAv"", ""i"", ""a"", ""yAs"", ""st""]}, {""rule_source"": ""azwADyAyI"", ""rule"": ""1.4.13"", ""result"": [""pra"", """", ""BAv"", ""i"", ""a"", ""yAs"", ""st""]}, {""rule_source"": ""azwADyAyI"", ""rule"": ""7.2.79"", ""result"": [""pra"", """", ""BAv"", ""i"", ""a"", ""yA"", ""t""]}, {""rule_source"": ""azwADyAyI"", ""rule"": ""7.2.80"", ""result"": [""pra"", """", ""BAv"", ""i"", ""a"", ""iy"", ""t""]}, {""rule_source"": ""azwADyAyI"", ""rule"": ""6.1.66"", ""result"": [""pra"", """", ""BAv"", ""i"", ""a"", ""i"", ""t""]}, {""rule_source"": ""azwADyAyI"", ""rule"": ""7.3.84"", ""result"": [""pra"", """", ""BAv"", ""e"", ""a"", ""i"", ""t""]}, {""rule_source"": ""azwADyAyI"", ""rule"": ""1.4.14"", ""result"": [""pra"", """", ""BAv"", ""e"", ""a"", ""i"", ""t""]}, {""rule_source"": ""azwADyAyI"", ""rule"": ""1.4.14"", ""result"": [""pra"", """", ""BAv"", ""e"", ""a"", ""i"", ""t""]}, {""rule_source"": ""azwADyAyI"", ""rule"": ""6.1.78"", ""result"": [""pra"", """", ""BAv"", ""ay"", ""a"", ""i"", ""t""]}, {""rule_source"": ""azwADyAyI"", ""rule"": ""6.1.87"", ""result"": [""pra"", """", ""BAv"", ""ay"", """", ""e"", ""t""]}, {""rule_source"": ""azwADyAyI"", ""rule"": ""8.2.39"", ""result"": [""pra"", """", ""BAv"", ""ay"", """", ""e"", ""d""]}, {""rule_source"": ""azwADyAyI"", ""rule"": ""8.4.68"", ""result"": [""pra"", """", ""BAv"", ""ay"", """", ""e"", ""d""]}]}], ""atmanepada"": [{""form_slp1"": ""praBAvayeta"", ""steps"": [{""rule_source"": ""azwADyAyI"", ""rule"": ""1.3.1"", ""result"": [""BU""]}, {""rule_source"": ""azwADyAyI"", ""rule"": ""1.4.58"", ""result"": [""pra"", ""BU""]}, {""rule_source"": ""azwADyAyI"", ""rule"": ""1.4.59"", ""result"": [""pra"", ""BU""]}, {""rule_source"": ""azwADyAyI"", ""rule"": ""1.4.60"", ""result"": [""pra"", ""BU""]}, {""rule_source"": ""azwADyAyI"", ""rule"": ""1.4.80"", ""result"": [""pra"", ""BU""]}, {""rule_source"": ""azwADyAyI"", ""rule"": ""3.1.26"", ""result"": [""pra"", """", ""BU"", ""Ric""]}, {""rule_source"": ""azwADyAyI"", ""rule"": ""3.1.32"", ""result"": [""pra"", """", ""BU"", ""Ric""]}, {""rule_source"": ""azwADyAyI"", ""rule"": ""1.3.3"", ""result"": [""pra"", """", ""BU"", ""Ric""]}, {""rule_source"": ""azwADyAyI"", ""rule"": ""1.3.7"", ""result"": [""pra"", """", ""BU"", ""Ric""]}, {""rule_source"": ""azwADyAyI"", ""rule"": ""1.3.9"", ""result"": [""pra"", """", ""BU"", ""i""]}, {""rule_source"": ""azwADyAyI"", ""rule"": ""1.2.45"", ""result"": [""pra"", """", ""BU"", ""i""]}, {""rule_source"": ""azwADyAyI"", ""rule"": ""3.4.114"", ""result"": [""pra"", """", ""BU"", ""i""]}, {""rule_source"": ""azwADyAyI"", ""rule"": ""1.1.43"", ""result"": [""pra"", """", ""BU"", ""i""]}, {""rule_source"": ""azwADyAyI"", ""rule"": ""1.1.37"", ""result"": [""pra"", """", ""BU"", ""i""]}, {""rule_source"": ""azwADyAyI"", ""rule"": ""1.3.74"", ""result"": [""pra"", """", ""BU"", ""i""]}, {""rule_source"": ""azwADyAyI"", ""rule"": ""1.1.43"", ""result"": [""pra"", """", ""BU"", ""i""]}, {""rule_source"": ""azwADyAyI"", ""rule"": ""1.1.37"", ""result"": [""pra"", """", ""BU"", ""i""]}, {""rule_source"": ""azwADyAyI"", ""rule"": ""1.4.13"", ""result"": [""pra"", """", ""BU"", ""i""]}, {""rule_source"": ""azwADyAyI"", ""rule"": ""7.2.115"", ""result"": [""pra"", """", ""BO"", ""i""]}, {""rule_source"": ""azwADyAyI"", ""rule"": ""1.4.14"", ""result"": [""pra"", """", ""BO"", ""i""]}, {""rule_source"": ""azwADyAyI"", ""rule"": ""6.1.78"", ""result"": [""pra"", """", ""BAv"", ""i""]}, {""rule_source"": ""azwADyAyI"", ""rule"": ""3.3.161"", ""result"": [""pra"", """", ""BAv"", ""i"", ""li~N""]}, {""rule_source"": ""azwADyAyI"", ""rule"": ""1.3.2"", ""result"": [""pra"", """", ""BAv"", ""i"", ""li~N""]}, {""rule_source"": ""azwADyAyI"", ""rule"": ""1.3.3"", ""result"": [""pra"", """", ""BAv"", ""i"", ""li~N""]}, {""rule_source"": ""azwADyAyI"", ""rule"": ""1.3.9"", ""result"": [""pra"", """", ""BAv"", ""i"", ""l""]}, {""rule_source"": ""azwADyAyI"", ""rule"": ""3.4.78"", ""result"": [""pra"", """", ""BAv"", ""i"", ""ta""]}, {""rule_source"": ""azwADyAyI"", ""rule"": ""3.4.113"", ""result"": [""pra"", """", ""BAv"", ""i"", ""ta""]}, {""rule_source"": ""azwADyAyI"", ""rule"": ""1.1.43"", ""result"": [""pra"", """", ""BAv"", ""i"", ""ta""]}, {""rule_source"": ""azwADyAyI"", ""rule"": ""1.1.37"", ""result"": [""pra"", """", ""BAv"", ""i"", ""ta""]}, {""rule_source"": ""azwADyAyI"", ""rule"": ""3.1.68"", ""result"": [""pra"", """", ""BAv"", ""i"", ""Sap"", ""ta""]}, {""rule_source"": ""azwADyAyI"", ""rule"": ""1.3.3"", ""result"": [""pra"", """", ""BAv"", ""i"", ""Sap"", ""ta""]}, {""rule_source"": ""azwADyAyI"", ""rule"": ""1.3.8"", ""result"": [""pra"", """", ""BAv"", ""i"", ""Sap"", ""ta""]}, {""rule_source"": ""azwADyAyI"", ""rule"": ""1.3.9"", ""result"": [""pra"", """", ""BAv"", ""i"", ""a"", ""ta""]}, {""rule_source"": ""azwADyAyI"", ""rule"": ""3.4.113"", ""result"": [""pra"", """", ""BAv"", ""i"", ""a"", ""ta""]}, {""rule_source"": ""azwADyAyI"", ""rule"": ""1.1.43"", ""result"": [""pra"", """", ""BAv"", ""i"", ""a"", ""ta""]}, {""rule_source"": ""azwADyAyI"", ""rule"": ""1.1.37"", ""result"": [""pra"", """", ""BAv"", ""i"", ""a"", ""ta""]}, {""rule_source"": ""azwADyAyI"", ""rule"": ""3.4.102"", ""result"": [""pra"", """", ""BAv"", ""i"", ""a"", ""sIyu~w"", ""ta""]}, {""rule_source"": ""azwADyAyI"", ""rule"": ""1.3.2"", ""result"": [""pra"", """", ""BAv"", ""i"", ""a"", ""sIyu~w"", ""ta""]}, {""rule_source"": ""azwADyAyI"", ""rule"": ""1.3.3"", ""result"": [""pra"", """", ""BAv"", ""i"", ""a"", ""sIyu~w"", ""ta""]}, {""rule_source"": ""azwADyAyI"", ""rule"": ""1.3.9"", ""result"": [""pra"", """", ""BAv"", ""i"", ""a"", ""sIy"", ""ta""]}, {""rule_source"": ""azwADyAyI"", ""rule"": ""3.4.107"", ""result"": [""pra"", """", ""BAv"", ""i"", ""a"", ""sIy"", ""sta""]}, {""rule_source"": ""azwADyAyI"", ""rule"": ""1.2.4"", ""result"": [""pra"", """", ""BAv"", ""i"", ""a"", ""sIy"", ""sta""]}, {""rule_source"": ""azwADyAyI"", ""rule"": ""1.4.13"", ""result"": [""pra"", """", ""BAv"", ""i"", ""a"", ""sIy"", ""sta""]}, {""rule_source"": ""azwADyAyI"", ""rule"": ""7.2.79"", ""result"": [""pra"", """", ""BAv"", ""i"", ""a"", ""Iy"", ""ta""]}, {""rule_source"": ""azwADyAyI"", ""rule"": ""6.1.66"", ""result"": [""pra"", """", ""BAv"", ""i"", ""a"", ""I"", ""ta""]}, {""rule_source"": ""azwADyAyI"", ""rule"": ""7.3.84"", ""result"": [""pra"", """", ""BAv"", ""e"", ""a"", ""I"", ""ta""]}, {""rule_source"": ""azwADyAyI"", ""rule"": ""1.4.14"", ""result"": [""pra"", """", ""BAv"", ""e"", ""a"", ""I"", ""ta""]}, {""rule_source"": ""azwADyAyI"", ""rule"": ""1.4.14"", ""result"": [""pra"", """", ""BAv"", ""e"", ""a"", ""I"", ""ta""]}, {""rule_source"": ""azwADyAyI"", ""rule"": ""6.1.78"", ""result"": [""pra"", """", ""BAv"", ""ay"", ""a"", ""I"", ""ta""]}, {""rule_source"": ""azwADyAyI"", ""rule"": ""6.1.87"", ""result"": [""pra"", """", ""BAv"", ""ay"", """", ""e"", ""ta""]}, {""rule_source"": ""azwADyAyI"", ""rule"": ""8.4.68"", ""result"": [""pra"", """", ""BAv"", ""ay"", """", ""e"", ""ta""]}]}]}"
upasarga_sanadi:1391aa7528fb82a94755,upasarga_sanadi,ashirlin,आशीर्लिङ् (āśīrliṅ),blessing or wish,Prathama,Eka,praBAvyAd;praBAvyAt,praBAvayizIzwa,praBAvayizIzwa;praBAvyAd;praBAvyAt,3,locally_regenerated,"{""parasmaipada"": [{""form_slp1"": ""praBAvyAt"", ""steps"": [{""rule_source"": ""azwADyAyI"", ""rule"": ""1.3.1"", ""result"": [""BU""]}, {""rule_source"": ""azwADyAyI"", ""rule"": ""1.4.58"", ""result"": [""pra"", ""BU""]}, {""rule_source"": ""azwADyAyI"", ""rule"": ""1.4.59"", ""result"": [""pra"", ""BU""]}, {""rule_source"": ""azwADyAyI"", ""rule"": ""1.4.60"", ""result"": [""pra"", ""BU""]}, {""rule_source"": ""azwADyAyI"", ""rule"": ""1.4.80"", ""result"": [""pra"", ""BU""]}, {""rule_source"": ""azwADyAyI"", ""rule"": ""3.1.26"", ""result"": [""pra"", """", ""BU"", ""Ric""]}, {""rule_source"": ""azwADyAyI"", ""rule"": ""3.1.32"", ""result"": [""pra"", """", ""BU"", ""Ric""]}, {""rule_source"": ""azwADyAyI"", ""rule"": ""1.3.3"", ""result"": [""pra"", """", ""BU"", ""Ric""]}, {""rule_source"": ""azwADyAyI"", ""rule"": ""1.3.7"", ""result"": [""pra"", """", ""BU"", ""Ric""]}, {""rule_source"": ""azwADyAyI"", ""rule"": ""1.3.9"", ""result"": [""pra"", """", ""BU"", ""i""]}, {""rule_source"": ""azwADyAyI"", ""rule"": ""1.2.45"", ""result"": [""pra"", """", ""BU"", ""i""]}, {""rule_source"": ""azwADyAyI"", ""rule"": ""3.4.114"", ""result"": [""pra"", """", ""BU"", ""i""]}, {""rule_source"": ""azwADyAyI"", ""rule"": ""1.1.43"", ""result"": [""pra"", """", ""BU"", ""i""]}, {""rule_source"": ""azwADyAyI"", ""rule"": ""1.1.37"", ""result"": [""pra"", """", ""BU"", ""i""]}, {""rule_source"": ""azwADyAyI"", ""rule"": ""1.3.78"", ""result"": [""pra"", """", ""BU"", ""i""]}, {""rule_source"": ""azwADyAyI"", ""rule"": ""1.1.43"", ""result"": [""pra"", """", ""BU"", ""i""]}, {""rule_source"": ""azwADyAyI"", ""rule"": ""1.1.37"", ""result"": [""pra"", """", ""BU"", ""i""]}, {""rule_source"": ""azwADyAyI"", ""rule"": ""1.4.13"", ""result"": [""pra"", """", ""BU"", ""i""]}, {""rule_source"": ""azwADyAyI"", ""rule"": ""7.2.115"", ""result"": [""pra"", """", ""BO"", ""i""]}, {""rule_source"": ""azwADyAyI"", ""rule"": ""1.4.14"", ""result"": [""pra"", """", ""BO"", ""i""]}, {""rule_source"": ""azwADyAyI"", ""rule"": ""6.1.78"", ""result"": [""pra"", """", ""BAv"", ""i""]}, {""rule_source"": ""azwADyAyI"", ""rule"": ""3.3.173"", ""result"": [""pra"", """", ""BAv"", ""i"", ""li~N""]}, {""rule_source"": ""azwADyAyI"", ""rule"": ""1.3.2"", ""result"": [""pra"", """", ""BAv"", ""i"", ""li~N""]}, {""rule_source"": ""azwADyAyI"", ""rule"": ""1.3.3"", ""result"": [""pra"", """", ""BAv"", ""i"", ""li~N""]}, {""rule_source"": ""azwADyAyI"", ""rule"": ""1.3.9"", ""result"": [""pra"", """", ""BAv"", ""i"", ""l""]}, {""rule_source"": ""azwADyAyI"", ""rule"": ""3.4.78"", ""result"": [""pra"", """", ""BAv"", ""i"", ""tip""]}, {""rule_source"": ""azwADyAyI"", ""rule"": ""1.3.3"", ""result"": [""pra"", """", ""BAv"", ""i"", ""tip""]}, {""rule_source"": ""azwADyAyI"", ""rule"": ""1.3.9"", ""result"": [""pra"", """", ""BAv"", ""i"", ""ti""]}, {""rule_source"": ""azwADyAyI"", ""rule"": ""3.4.116"", ""result"": [""pra"", """", ""BAv"", ""i"", ""ti""]}, {""rule_source"": ""azwADyAyI"", ""rule"": ""1.1.43"", ""result"": [""pra"", """", ""BAv"", ""i"", ""ti""]}, {""rule_source"": ""azwADyAyI"", ""rule"": ""1.1.37"", ""result"": [""pra"", """", ""BAv"", ""i"", ""ti""]}, {""rule_source"": ""azwADyAyI"", ""rule"": ""3.4.100"", ""result"": [""pra"", """", ""BAv"", ""i"", ""t""]}, {""rule_source"": ""azwADyAyI"", ""rule"": ""3.4.104"", ""result"": [""pra"", """", ""BAv"", ""i"", ""yAsu~w"", ""t""]}, {""rule_source"": ""azwADyAyI"", ""rule"": ""1.3.2"", ""result"": [""pra"", """", ""BAv"", ""i"", ""yAsu~w"", ""t""]}, {""rule_source"": ""azwADyAyI"", ""rule"": ""1.3.3"", ""result"": [""pra"", """", ""BAv"", ""i"", ""yAsu~w"", ""t""]}, {""rule_source"": ""azwADyAyI"", ""rule"": ""1.3.9"", ""result"": [""pra"", """", ""BAv"", ""i"", ""yAs"", ""t""]}, {""rule_source"": ""azwADyAyI"", ""rule"": ""3.4.107"", ""result"": [""pra"", """", ""BAv"", ""i"", ""yAs"", ""st""]}, {""rule_source"": ""azwADyAyI"", ""rule"": ""3.4.116"", ""result"": [""pra"", """", ""BAv"", ""i"", ""yAs"", ""st""]}, {""rule_source"": ""azwADyAyI"", ""rule"": ""1.1.43"", ""result"": [""pra"", """", ""BAv"", ""i"", ""yAs"", ""st""]}, {""rule_source"": ""azwADyAyI"", ""rule"": ""1.1.37"", ""result"": [""pra"", """", ""BAv"", ""i"", ""yAs"", ""st""]}, {""rule_source"": ""azwADyAyI"", ""rule"": ""1.4.13"", ""result"": [""pra"", """", ""BAv"", ""i"", ""yAs"", ""st""]}, {""rule_source"": ""azwADyAyI"", ""rule"": ""1.1.5"", ""result"": [""pra"", """", ""BAv"", ""i"", ""yAs"", ""st""]}, {""rule_source"": ""azwADyAyI"", ""rule"": ""6.4.51"", ""result"": [""pra"", """", ""BAv"", """", ""yAs"", ""st""]}, {""rule_source"": ""azwADyAyI"", ""rule"": ""1.4.14"", ""result"": [""pra"", """", ""BAv"", """", ""yAs"", ""st""]}, {""rule_source"": ""azwADyAyI"", ""rule"": ""1.4.14"", ""result"": [""pra"", """", ""BAv"", """", ""yAs"", ""st""]}, {""rule_source"": ""azwADyAyI"", ""rule"": ""8.2.29"", ""result"": [""pra"", """", ""BAv"", """", ""yA"", ""st""]}, {""rule_source"": ""azwADyAyI"", ""rule"": ""8.2.29"", ""result"": [""pra"", """", ""BAv"", """", ""yA"", ""t""]}, {""rule_source"": ""azwADyAyI"", ""rule"": ""8.2.39"", ""result"": [""pra"", """", ""BAv"", """", ""yA"", ""d""]}, {""rule_source"": ""azwADyAyI"", ""rule"": ""8.4.56"", ""result"": [""pra"", """", ""BAv"", """", ""yA"", ""t""]}, {""rule_source"": ""azwADyAyI"", ""rule"": ""8.4.68"", ""result"": [""pra"", """", ""BAv"", """", ""yA"", ""t""]}]}, {""form_slp1"": ""praBAvyAd"", ""steps"": [{""rule_source"": ""azwADyAyI"", ""rule"": ""1.3.1"", ""result"": [""BU""]}, {""rule_source"": ""azwADyAyI"", ""rule"": ""1.4.58"", ""result"": [""pra"", ""BU""]}, {""rule_source"": ""azwADyAyI"", ""rule"": ""1.4.59"", ""result"": [""pra"", ""BU""]}, {""rule_source"": ""azwADyAyI"", ""rule"": ""1.4.60"", ""result"": [""pra"", ""BU""]}, {""rule_source"": ""azwADyAyI"", ""rule"": ""1.4.80"", ""result"": [""pra"", ""BU""]}, {""rule_source"": ""azwADyAyI"", ""rule"": ""3.1.26"", ""result"": [""pra"", """", ""BU"", ""Ric""]}, {""rule_source"": ""azwADyAyI"", ""rule"": ""3.1.32"", ""result"": [""pra"", """", ""BU"", ""Ric""]}, {""rule_source"": ""azwADyAyI"", ""rule"": ""1.3.3"", ""result"": [""pra"", """", ""BU"", ""Ric""]}, {""rule_source"": ""azwADyAyI"", ""rule"": ""1.3.7"", ""result"": [""pra"", """", ""BU"", ""Ric""]}, {""rule_source"": ""azwADyAyI"", ""rule"": ""1.3.9"", ""result"": [""pra"", """", ""BU"", ""i""]}, {""rule_source"": ""azwADyAyI"", ""rule"": ""1.2.45"", ""result"": [""pra"", """", ""BU"", ""i""]}, {""rule_source"": ""azwADyAyI"", ""rule"": ""3.4.114"", ""result"": [""pra"", """", ""BU"", ""i""]}, {""rule_source"": ""azwADyAyI"", ""rule"": ""1.1.43"", ""result"": [""pra"", """", ""BU"", ""i""]}, {""rule_source"": ""azwADyAyI"", ""rule"": ""1.1.37"", ""result"": [""pra"", """", ""BU"", ""i""]}, {""rule_source"": ""azwADyAyI"", ""rule"": ""1.3.78"", ""result"": [""pra"", """", ""BU"", ""i""]}, {""rule_source"": ""azwADyAyI"", ""rule"": ""1.1.43"", ""result"": [""pra"", """", ""BU"", ""i""]}, {""rule_source"": ""azwADyAyI"", ""rule"": ""1.1.37"", ""result"": [""pra"", """", ""BU"", ""i""]}, {""rule_source"": ""azwADyAyI"", ""rule"": ""1.4.13"", ""result"": [""pra"", """", ""BU"", ""i""]}, {""rule_source"": ""azwADyAyI"", ""rule"": ""7.2.115"", ""result"": [""pra"", """", ""BO"", ""i""]}, {""rule_source"": ""azwADyAyI"", ""rule"": ""1.4.14"", ""result"": [""pra"", """", ""BO"", ""i""]}, {""rule_source"": ""azwADyAyI"", ""rule"": ""6.1.78"", ""result"": [""pra"", """", ""BAv"", ""i""]}, {""rule_source"": ""azwADyAyI"", ""rule"": ""3.3.173"", ""result"": [""pra"", """", ""BAv"", ""i"", ""li~N""]}, {""rule_source"": ""azwADyAyI"", ""rule"": ""1.3.2"", ""result"": [""pra"", """", ""BAv"", ""i"", ""li~N""]}, {""rule_source"": ""azwADyAyI"", ""rule"": ""1.3.3"", ""result"": [""pra"", """", ""BAv"", ""i"", ""li~N""]}, {""rule_source"": ""azwADyAyI"", ""rule"": ""1.3.9"", ""result"": [""pra"", """", ""BAv"", ""i"", ""l""]}, {""rule_source"": ""azwADyAyI"", ""rule"": ""3.4.78"", ""result"": [""pra"", """", ""BAv"", ""i"", ""tip""]}, {""rule_source"": ""azwADyAyI"", ""rule"": ""1.3.3"", ""result"": [""pra"", """", ""BAv"", ""i"", ""tip""]}, {""rule_source"": ""azwADyAyI"", ""rule"": ""1.3.9"", ""result"": [""pra"", """", ""BAv"", ""i"", ""ti""]}, {""rule_source"": ""azwADyAyI"", ""rule"": ""3.4.116"", ""result"": [""pra"", """", ""BAv"", ""i"", ""ti""]}, {""rule_source"": ""azwADyAyI"", ""rule"": ""1.1.43"", ""result"": [""pra"", """", ""BAv"", ""i"", ""ti""]}, {""rule_source"": ""azwADyAyI"", ""rule"": ""1.1.37"", ""result"": [""pra"", """", ""BAv"", ""i"", ""ti""]}, {""rule_source"": ""azwADyAyI"", ""rule"": ""3.4.100"", ""result"": [""pra"", """", ""BAv"", ""i"", ""t""]}, {""rule_source"": ""azwADyAyI"", ""rule"": ""3.4.104"", ""result"": [""pra"", """", ""BAv"", ""i"", ""yAsu~w"", ""t""]}, {""rule_source"": ""azwADyAyI"", ""rule"": ""1.3.2"", ""result"": [""pra"", """", ""BAv"", ""i"", ""yAsu~w"", ""t""]}, {""rule_source"": ""azwADyAyI"", ""rule"": ""1.3.3"", ""result"": [""pra"", """", ""BAv"", ""i"", ""yAsu~w"", ""t""]}, {""rule_source"": ""azwADyAyI"", ""rule"": ""1.3.9"", ""result"": [""pra"", """", ""BAv"", ""i"", ""yAs"", ""t""]}, {""rule_source"": ""azwADyAyI"", ""rule"": ""3.4.107"", ""result"": [""pra"", """", ""BAv"", ""i"", ""yAs"", ""st""]}, {""rule_source"": ""azwADyAyI"", ""rule"": ""3.4.116"", ""result"": [""pra"", """", ""BAv"", ""i"", ""yAs"", ""st""]}, {""rule_source"": ""azwADyAyI"", ""rule"": ""1.1.43"", ""result"": [""pra"", """", ""BAv"", ""i"", ""yAs"", ""st""]}, {""rule_source"": ""azwADyAyI"", ""rule"": ""1.1.37"", ""result"": [""pra"", """", ""BAv"", ""i"", ""yAs"", ""st""]}, {""rule_source"": ""azwADyAyI"", ""rule"": ""1.4.13"", ""result"": [""pra"", """", ""BAv"", ""i"", ""yAs"", ""st""]}, {""rule_source"": ""azwADyAyI"", ""rule"": ""1.1.5"", ""result"": [""pra"", """", ""BAv"", ""i"", ""yAs"", ""st""]}, {""rule_source"": ""azwADyAyI"", ""rule"": ""6.4.51"", ""result"": [""pra"", """", ""BAv"", """", ""yAs"", ""st""]}, {""rule_source"": ""azwADyAyI"", ""rule"": ""1.4.14"", ""result"": [""pra"", """", ""BAv"", """", ""yAs"", ""st""]}, {""rule_source"": ""azwADyAyI"", ""rule"": ""1.4.14"", ""result"": [""pra"", """", ""BAv"", """", ""yAs"", ""st""]}, {""rule_source"": ""azwADyAyI"", ""rule"": ""8.2.29"", ""result"": [""pra"", """", ""BAv"", """", ""yA"", ""st""]}, {""rule_source"": ""azwADyAyI"", ""rule"": ""8.2.29"", ""result"": [""pra"", """", ""BAv"", """", ""yA"", ""t""]}, {""rule_source"": ""azwADyAyI"", ""rule"": ""8.2.39"", ""result"": [""pra"", """", ""BAv"", """", ""yA"", ""d""]}, {""rule_source"": ""azwADyAyI"", ""rule"": ""8.4.68"", ""result"": [""pra"", """", ""BAv"", """", ""yA"", ""d""]}]}], ""atmanepada"": [{""form_slp1"": ""praBAvayizIzwa"", ""steps"": [{""rule_source"": ""azwADyAyI"", ""rule"": ""1.3.1"", ""result"": [""BU""]}, {""rule_source"": ""azwADyAyI"", ""rule"": ""1.4.58"", ""result"": [""pra"", ""BU""]}, {""rule_source"": ""azwADyAyI"", ""rule"": ""1.4.59"", ""result"": [""pra"", ""BU""]}, {""rule_source"": ""azwADyAyI"", ""rule"": ""1.4.60"", ""result"": [""pra"", ""BU""]}, {""rule_source"": ""azwADyAyI"", ""rule"": ""1.4.80"", ""result"": [""pra"", ""BU""]}, {""rule_source"": ""azwADyAyI"", ""rule"": ""3.1.26"", ""result"": [""pra"", """", ""BU"", ""Ric""]}, {""rule_source"": ""azwADyAyI"", ""rule"": ""3.1.32"", ""result"": [""pra"", """", ""BU"", ""Ric""]}, {""rule_source"": ""azwADyAyI"", ""rule"": ""1.3.3"", ""result"": [""pra"", """", ""BU"", ""Ric""]}, {""rule_source"": ""azwADyAyI"", ""rule"": ""1.3.7"", ""result"": [""pra"", """", ""BU"", ""Ric""]}, {""rule_source"": ""azwADyAyI"", ""rule"": ""1.3.9"", ""result"": [""pra"", """", ""BU"", ""i""]}, {""rule_source"": ""azwADyAyI"", ""rule"": ""1.2.45"", ""result"": [""pra"", """", ""BU"", ""i""]}, {""rule_source"": ""azwADyAyI"", ""rule"": ""3.4.114"", ""result"": [""pra"", """", ""BU"", ""i""]}, {""rule_source"": ""azwADyAyI"", ""rule"": ""1.1.43"", ""result"": [""pra"", """", ""BU"", ""i""]}, {""rule_source"": ""azwADyAyI"", ""rule"": ""1.1.37"", ""result"": [""pra"", """", ""BU"", ""i""]}, {""rule_source"": ""azwADyAyI"", ""rule"": ""1.3.74"", ""result"": [""pra"", """", ""BU"", ""i""]}, {""rule_source"": ""azwADyAyI"", ""rule"": ""1.1.43"", ""result"": [""pra"", """", ""BU"", ""i""]}, {""rule_source"": ""azwADyAyI"", ""rule"": ""1.1.37"", ""result"": [""pra"", """", ""BU"", ""i""]}, {""rule_source"": ""azwADyAyI"", ""rule"": ""1.4.13"", ""result"": [""pra"", """", ""BU"", ""i""]}, {""rule_source"": ""azwADyAyI"", ""rule"": ""7.2.115"", ""result"": [""pra"", """", ""BO"", ""i""]}, {""rule_source"": ""azwADyAyI"", ""rule"": ""1.4.14"", ""result"": [""pra"", """", ""BO"", ""i""]}, {""rule_source"": ""azwADyAyI"", ""rule"": ""6.1.78"", ""result"": [""pra"", """", ""BAv"", ""i""]}, {""rule_source"": ""azwADyAyI"", ""rule"": ""3.3.173"", ""result"": [""pra"", """", ""BAv"", ""i"", ""li~N""]}, {""rule_source"": ""azwADyAyI"", ""rule"": ""1.3.2"", ""result"": [""pra"", """", ""BAv"", ""i"", ""li~N""]}, {""rule_source"": ""azwADyAyI"", ""rule"": ""1.3.3"", ""result"": [""pra"", """", ""BAv"", ""i"", ""li~N""]}, {""rule_source"": ""azwADyAyI"", ""rule"": ""1.3.9"", ""result"": [""pra"", """", ""BAv"", ""i"", ""l""]}, {""rule_source"": ""azwADyAyI"", ""rule"": ""3.4.78"", ""result"": [""pra"", """", ""BAv"", ""i"", ""ta""]}, {""rule_source"": ""azwADyAyI"", ""rule"": ""3.4.116"", ""result"": [""pra"", """", ""BAv"", ""i"", ""ta""]}, {""rule_source"": ""azwADyAyI"", ""rule"": ""1.1.43"", ""result"": [""pra"", """", ""BAv"", ""i"", ""ta""]}, {""rule_source"": ""azwADyAyI"", ""rule"": ""1.1.37"", ""result"": [""pra"", """", ""BAv"", ""i"", ""ta""]}, {""rule_source"": ""azwADyAyI"", ""rule"": ""3.4.102"", ""result"": [""pra"", """", ""BAv"", ""i"", ""sIyu~w"", ""ta""]}, {""rule_source"": ""azwADyAyI"", ""rule"": ""1.3.2"", ""result"": [""pra"", """", ""BAv"", ""i"", ""sIyu~w"", ""ta""]}, {""rule_source"": ""azwADyAyI"", ""rule"": ""1.3.3"", ""result"": [""pra"", """", ""BAv"", ""i"", ""sIyu~w"", ""ta""]}, {""rule_source"": ""azwADyAyI"", ""rule"": ""1.3.9"", ""result"": [""pra"", """", ""BAv"", ""i"", ""sIy"", ""ta""]}, {""rule_source"": ""azwADyAyI"", ""rule"": ""3.4.107"", ""result"": [""pra"", """", ""BAv"", ""i"", ""sIy"", ""sta""]}, {""rule_source"": ""azwADyAyI"", ""rule"": ""3.4.116"", ""result"": [""pra"", """", ""BAv"", ""i"", ""sIy"", ""sta""]}, {""rule_source"": ""azwADyAyI"", ""rule"": ""1.1.43"", ""result"": [""pra"", """", ""BAv"", ""i"", ""sIy"", ""sta""]}, {""rule_source"": ""azwADyAyI"", ""rule"": ""1.1.37"", ""result"": [""pra"", """", ""BAv"", ""i"", ""sIy"", ""sta""]}, {""rule_source"": ""azwADyAyI"", ""rule"": ""7.2.35"", ""result"": [""pra"", """", ""BAv"", ""i"", ""iw"", ""sIy"", ""sta""]}, {""rule_source"": ""azwADyAyI"", ""rule"": ""1.3.3"", ""result"": [""pra"", """", ""BAv"", ""i"", ""iw"", ""sIy"", ""sta""]}, {""rule_source"": ""azwADyAyI"", ""rule"": ""1.3.9"", ""result"": [""pra"", """", ""BAv"", ""i"", ""i"", ""sIy"", ""sta""]}, {""rule_source"": ""azwADyAyI"", ""rule"": ""1.4.13"", ""result"": [""pra"", """", ""BAv"", ""i"", ""i"", ""sIy"", ""sta""]}, {""rule_source"": ""azwADyAyI"", ""rule"": ""6.1.66"", ""result"": [""pra"", """", ""BAv"", ""i"", ""i"", ""sI"", ""sta""]}, {""rule_source"": ""azwADyAyI"", ""rule"": ""7.3.84"", ""result"": [""pra"", """", ""BAv"", ""e"", ""i"", ""sI"", ""sta""]}, {""rule_source"": ""azwADyAyI"", ""rule"": ""1.4.14"", ""result"": [""pra"", """", ""BAv"", ""e"", ""i"", ""sI"", ""sta""]}, {""rule_source"": ""azwADyAyI"", ""rule"": ""1.4.14"", ""result"": [""pra"", """", ""BAv"", ""e"", ""i"", ""sI"", ""sta""]}, {""rule_source"": ""azwADyAyI"", ""rule"": ""6.1.78"", ""result"": [""pra"", """", ""BAv"", ""ay"", ""i"", ""sI"", ""sta""]}, {""rule_source"": ""azwADyAyI"", ""rule"": ""8.3.59"", ""result"": [""pra"", """", ""BAv"", ""ay"", ""i"", ""sI"", ""zta""]}, {""rule_source"": ""azwADyAyI"", ""rule"": ""8.3.59"", ""result"": [""pra"", """", ""BAv"", ""ay"", ""i"", ""zI"", ""zta""]}, {""rule_source"": ""azwADyAyI"", ""rule"": ""8.4.41"", ""result"": [""pra"", """", ""BAv"", ""ay"", ""i"", ""zI"", ""zwa""]}, {""rule_source"": ""azwADyAyI"", ""rule"": ""8.4.68"", ""result"": [""pra"", """", ""BAv"", ""ay"", ""i"", ""zI"", ""zwa""]}]}]}"
upasarga_sanadi:1391aa7528fb82a94755,upasarga_sanadi,lun,लुङ् (luṅ),aorist past,Prathama,Eka,prAbIBavad;prAbIBavat,prAbIBavata,prAbIBavad;prAbIBavat;prAbIBavata,3,locally_regenerated,"{""parasmaipada"": [{""form_slp1"": ""prAbIBavat"", ""steps"": [{""rule_source"": ""azwADyAyI"", ""rule"": ""1.3.1"", ""result"": [""BU""]}, {""rule_source"": ""azwADyAyI"", ""rule"": ""1.4.58"", ""result"": [""pra"", ""BU""]}, {""rule_source"": ""azwADyAyI"", ""rule"": ""1.4.59"", ""result"": [""pra"", ""BU""]}, {""rule_source"": ""azwADyAyI"", ""rule"": ""1.4.60"", ""result"": [""pra"", ""BU""]}, {""rule_source"": ""azwADyAyI"", ""rule"": ""1.4.80"", ""result"": [""pra"", ""BU""]}, {""rule_source"": ""azwADyAyI"", ""rule"": ""3.1.26"", ""result"": [""pra"", """", ""BU"", ""Ric""]}, {""rule_source"": ""azwADyAyI"", ""rule"": ""3.1.32"", ""result"": [""pra"", """", ""BU"", ""Ric""]}, {""rule_source"": ""azwADyAyI"", ""rule"": ""1.3.3"", ""result"": [""pra"", """", ""BU"", ""Ric""]}, {""rule_source"": ""azwADyAyI"", ""rule"": ""1.3.7"", ""result"": [""pra"", """", ""BU"", ""Ric""]}, {""rule_source"": ""azwADyAyI"", ""rule"": ""1.3.9"", ""result"": [""pra"", """", ""BU"", ""i""]}, {""rule_source"": ""azwADyAyI"", ""rule"": ""1.2.45"", ""result"": [""pra"", """", ""BU"", ""i""]}, {""rule_source"": ""azwADyAyI"", ""rule"": ""3.4.114"", ""result"": [""pra"", """", ""BU"", ""i""]}, {""rule_source"": ""azwADyAyI"", ""rule"": ""1.1.43"", ""result"": [""pra"", """", ""BU"", ""i""]}, {""rule_source"": ""azwADyAyI"", ""rule"": ""1.1.37"", ""result"": [""pra"", """", ""BU"", ""i""]}, {""rule_source"": ""azwADyAyI"", ""rule"": ""1.3.78"", ""result"": [""pra"", """", ""BU"", ""i""]}, {""rule_source"": ""azwADyAyI"", ""rule"": ""1.1.43"", ""result"": [""pra"", """", ""BU"", ""i""]}, {""rule_source"": ""azwADyAyI"", ""rule"": ""1.1.37"", ""result"": [""pra"", """", ""BU"", ""i""]}, {""rule_source"": ""azwADyAyI"", ""rule"": ""1.4.13"", ""result"": [""pra"", """", ""BU"", ""i""]}, {""rule_source"": ""azwADyAyI"", ""rule"": ""7.2.115"", ""result"": [""pra"", """", ""BO"", ""i""]}, {""rule_source"": ""azwADyAyI"", ""rule"": ""1.4.14"", ""result"": [""pra"", """", ""BO"", ""i""]}, {""rule_source"": ""azwADyAyI"", ""rule"": ""6.1.78"", ""result"": [""pra"", """", ""BAv"", ""i""]}, {""rule_source"": ""azwADyAyI"", ""rule"": ""3.2.110"", ""result"": [""pra"", """", ""BAv"", ""i"", ""lu~N""]}, {""rule_source"": ""azwADyAyI"", ""rule"": ""1.3.2"", ""result"": [""pra"", """", ""BAv"", ""i"", ""lu~N""]}, {""rule_source"": ""azwADyAyI"", ""rule"": ""1.3.3"", ""result"": [""pra"", """", ""BAv"", ""i"", ""lu~N""]}, {""rule_source"": ""azwADyAyI"", ""rule"": ""1.3.9"", ""result"": [""pra"", """", ""BAv"", ""i"", ""l""]}, {""rule_source"": ""azwADyAyI"", ""rule"": ""3.4.78"", ""result"": [""pra"", """", ""BAv"", ""i"", ""tip""]}, {""rule_source"": ""azwADyAyI"", ""rule"": ""1.3.3"", ""result"": [""pra"", """", ""BAv"", ""i"", ""tip""]}, {""rule_source"": ""azwADyAyI"", ""rule"": ""1.3.9"", ""result"": [""pra"", """", ""BAv"", ""i"", ""ti""]}, {""rule_source"": ""azwADyAyI"", ""rule"": ""3.4.113"", ""result"": [""pra"", """", ""BAv"", ""i"", ""ti""]}, {""rule_source"": ""azwADyAyI"", ""rule"": ""1.1.43"", ""result"": [""pra"", """", ""BAv"", ""i"", ""ti""]}, {""rule_source"": ""azwADyAyI"", ""rule"": ""1.1.37"", ""result"": [""pra"", """", ""BAv"", ""i"", ""ti""]}, {""rule_source"": ""azwADyAyI"", ""rule"": ""3.1.43"", ""result"": [""pra"", """", ""BAv"", ""i"", ""cli~"", ""ti""]}, {""rule_source"": ""azwADyAyI"", ""rule"": ""3.1.48"", ""result"": [""pra"", """", ""BAv"", ""i"", ""caN"", ""ti""]}, {""rule_source"": ""azwADyAyI"", ""rule"": ""1.3.3"", ""result"": [""pra"", """", ""BAv"", ""i"", ""caN"", ""ti""]}, {""rule_source"": ""azwADyAyI"", ""rule"": ""1.3.7"", ""result"": [""pra"", """", ""BAv"", ""i"", ""caN"", ""ti""]}, {""rule_source"": ""azwADyAyI"", ""rule"": ""1.3.9"", ""result"": [""pra"", """", ""BAv"", ""i"", ""a"", ""ti""]}, {""rule_source"": ""azwADyAyI"", ""rule"": ""3.4.114"", ""result"": [""pra"", """", ""BAv"", ""i"", ""a"", ""ti""]}, {""rule_source"": ""azwADyAyI"", ""rule"": ""1.1.43"", ""result"": [""pra"", """", ""BAv"", ""i"", ""a"", ""ti""]}, {""rule_source"": ""azwADyAyI"", ""rule"": ""1.1.37"", ""result"": [""pra"", """", ""BAv"", ""i"", ""a"", ""ti""]}, {""rule_source"": ""azwADyAyI"", ""rule"": ""3.4.100"", ""result"": [""pra"", """", ""BAv"", ""i"", ""a"", ""t""]}, {""rule_source"": ""azwADyAyI"", ""rule"": ""6.1.11"", ""result"": [""pra"", """", ""BO"", ""BAv"", ""i"", ""a"", ""t""]}, {""rule_source"": ""azwADyAyI"", ""rule"": ""6.1.4"", ""result"": [""pra"", """", ""BO"", ""BAv"", ""i"", ""a"", ""t""]}, {""rule_source"": ""azwADyAyI"", ""rule"": ""6.1.5"", ""result"": [""pra"", """", ""BO"", ""BAv"", ""i"", ""a"", ""t""]}, {""rule_source"": ""azwADyAyI"", ""rule"": ""1.4.13"", ""result"": [""pra"", """", ""BO"", ""BAv"", ""i"", ""a"", ""t""]}, {""rule_source"": ""azwADyAyI"", ""rule"": ""6.4.71"", ""result"": [""pra"", """", ""aw"", ""BO"", ""BAv"", ""i"", ""a"", ""t""]}, {""rule_source"": ""azwADyAyI"", ""rule"": ""1.3.3"", ""result"": [""pra"", """", ""aw"", ""BO"", ""BAv"", ""i"", ""a"", ""t""]}, {""rule_source"": ""azwADyAyI"", ""rule"": ""1.3.9"", ""result"": [""pra"", """", ""a"", ""BO"", ""BAv"", ""i"", ""a"", ""t""]}, {""rule_source"": ""azwADyAyI"", ""rule"": ""1.1.5"", ""result"": [""pra"", """", ""a"", ""BO"", ""BAv"", ""i"", ""a"", ""t""]}, {""rule_source"": ""azwADyAyI"", ""rule"": ""6.1.101"", ""result"": [""prA"", """", """", ""BO"", ""BAv"", ""i"", ""a"", ""t""]}, {""rule_source"": ""azwADyAyI"", ""rule"": ""6.4.51"", ""result"": [""prA"", """", """", ""BO"", ""BAv"", """", ""a"", ""t""]}, {""rule_source"": ""azwADyAyI"", ""rule"": ""7.4.1"", ""result"": [""prA"", """", """", ""BO"", ""Bav"", """", ""a"", ""t""]}, {""rule_source"": ""azwADyAyI"", ""rule"": ""7.4.59"", ""result"": [""prA"", """", """", ""Bu"", ""Bav"", """", ""a"", ""t""]}, {""rule_source"": ""azwADyAyI"", ""rule"": ""7.4.80"", ""result"": [""prA"", """", """", ""Bi"", ""Bav"", """", ""a"", ""t""]}, {""rule_source"": ""azwADyAyI"", ""rule"": ""7.4.94"", ""result"": [""prA"", """", """", ""BI"", ""Bav"", """", ""a"", ""t""]}, {""rule_source"": ""azwADyAyI"", ""rule"": ""1.4.14"", ""result"": [""prA"", """", """", ""BI"", ""Bav"", """", ""a"", ""t""]}, {""rule_source"": ""azwADyAyI"", ""rule"": ""1.4.14"", ""result"": [""prA"", """", """", ""BI"", ""Bav"", """", ""a"", ""t""]}, {""rule_source"": ""azwADyAyI"", ""rule"": ""8.2.39"", ""result"": [""prA"", """", """", ""BI"", ""Bav"", """", ""a"", ""d""]}, {""rule_source"": ""azwADyAyI"", ""rule"": ""8.4.54"", ""result"": [""prA"", """", """", ""bI"", ""Bav"", """", ""a"", ""d""]}, {""rule_source"": ""azwADyAyI"", ""rule"": ""8.4.56"", ""result"": [""prA"", """", """", ""bI"", ""Bav"", """", ""a"", ""t""]}, {""rule_source"": ""azwADyAyI"", ""rule"": ""8.4.68"", ""result"": [""prA"", """", """", ""bI"", ""Bav"", """", ""a"", ""t""]}]}, {""form_slp1"": ""prAbIBavad"", ""steps"": [{""rule_source"": ""azwADyAyI"", ""rule"": ""1.3.1"", ""result"": [""BU""]}, {""rule_source"": ""azwADyAyI"", ""rule"": ""1.4.58"", ""result"": [""pra"", ""BU""]}, {""rule_source"": ""azwADyAyI"", ""rule"": ""1.4.59"", ""result"": [""pra"", ""BU""]}, {""rule_source"": ""azwADyAyI"", ""rule"": ""1.4.60"", ""result"": [""pra"", ""BU""]}, {""rule_source"": ""azwADyAyI"", ""rule"": ""1.4.80"", ""result"": [""pra"", ""BU""]}, {""rule_source"": ""azwADyAyI"", ""rule"": ""3.1.26"", ""result"": [""pra"", """", ""BU"", ""Ric""]}, {""rule_source"": ""azwADyAyI"", ""rule"": ""3.1.32"", ""result"": [""pra"", """", ""BU"", ""Ric""]}, {""rule_source"": ""azwADyAyI"", ""rule"": ""1.3.3"", ""result"": [""pra"", """", ""BU"", ""Ric""]}, {""rule_source"": ""azwADyAyI"", ""rule"": ""1.3.7"", ""result"": [""pra"", """", ""BU"", ""Ric""]}, {""rule_source"": ""azwADyAyI"", ""rule"": ""1.3.9"", ""result"": [""pra"", """", ""BU"", ""i""]}, {""rule_source"": ""azwADyAyI"", ""rule"": ""1.2.45"", ""result"": [""pra"", """", ""BU"", ""i""]}, {""rule_source"": ""azwADyAyI"", ""rule"": ""3.4.114"", ""result"": [""pra"", """", ""BU"", ""i""]}, {""rule_source"": ""azwADyAyI"", ""rule"": ""1.1.43"", ""result"": [""pra"", """", ""BU"", ""i""]}, {""rule_source"": ""azwADyAyI"", ""rule"": ""1.1.37"", ""result"": [""pra"", """", ""BU"", ""i""]}, {""rule_source"": ""azwADyAyI"", ""rule"": ""1.3.78"", ""result"": [""pra"", """", ""BU"", ""i""]}, {""rule_source"": ""azwADyAyI"", ""rule"": ""1.1.43"", ""result"": [""pra"", """", ""BU"", ""i""]}, {""rule_source"": ""azwADyAyI"", ""rule"": ""1.1.37"", ""result"": [""pra"", """", ""BU"", ""i""]}, {""rule_source"": ""azwADyAyI"", ""rule"": ""1.4.13"", ""result"": [""pra"", """", ""BU"", ""i""]}, {""rule_source"": ""azwADyAyI"", ""rule"": ""7.2.115"", ""result"": [""pra"", """", ""BO"", ""i""]}, {""rule_source"": ""azwADyAyI"", ""rule"": ""1.4.14"", ""result"": [""pra"", """", ""BO"", ""i""]}, {""rule_source"": ""azwADyAyI"", ""rule"": ""6.1.78"", ""result"": [""pra"", """", ""BAv"", ""i""]}, {""rule_source"": ""azwADyAyI"", ""rule"": ""3.2.110"", ""result"": [""pra"", """", ""BAv"", ""i"", ""lu~N""]}, {""rule_source"": ""azwADyAyI"", ""rule"": ""1.3.2"", ""result"": [""pra"", """", ""BAv"", ""i"", ""lu~N""]}, {""rule_source"": ""azwADyAyI"", ""rule"": ""1.3.3"", ""result"": [""pra"", """", ""BAv"", ""i"", ""lu~N""]}, {""rule_source"": ""azwADyAyI"", ""rule"": ""1.3.9"", ""result"": [""pra"", """", ""BAv"", ""i"", ""l""]}, {""rule_source"": ""azwADyAyI"", ""rule"": ""3.4.78"", ""result"": [""pra"", """", ""BAv"", ""i"", ""tip""]}, {""rule_source"": ""azwADyAyI"", ""rule"": ""1.3.3"", ""result"": [""pra"", """", ""BAv"", ""i"", ""tip""]}, {""rule_source"": ""azwADyAyI"", ""rule"": ""1.3.9"", ""result"": [""pra"", """", ""BAv"", ""i"", ""ti""]}, {""rule_source"": ""azwADyAyI"", ""rule"": ""3.4.113"", ""result"": [""pra"", """", ""BAv"", ""i"", ""ti""]}, {""rule_source"": ""azwADyAyI"", ""rule"": ""1.1.43"", ""result"": [""pra"", """", ""BAv"", ""i"", ""ti""]}, {""rule_source"": ""azwADyAyI"", ""rule"": ""1.1.37"", ""result"": [""pra"", """", ""BAv"", ""i"", ""ti""]}, {""rule_source"": ""azwADyAyI"", ""rule"": ""3.1.43"", ""result"": [""pra"", """", ""BAv"", ""i"", ""cli~"", ""ti""]}, {""rule_source"": ""azwADyAyI"", ""rule"": ""3.1.48"", ""result"": [""pra"", """", ""BAv"", ""i"", ""caN"", ""ti""]}, {""rule_source"": ""azwADyAyI"", ""rule"": ""1.3.3"", ""result"": [""pra"", """", ""BAv"", ""i"", ""caN"", ""ti""]}, {""rule_source"": ""azwADyAyI"", ""rule"": ""1.3.7"", ""result"": [""pra"", """", ""BAv"", ""i"", ""caN"", ""ti""]}, {""rule_source"": ""azwADyAyI"", ""rule"": ""1.3.9"", ""result"": [""pra"", """", ""BAv"", ""i"", ""a"", ""ti""]}, {""rule_source"": ""azwADyAyI"", ""rule"": ""3.4.114"", ""result"": [""pra"", """", ""BAv"", ""i"", ""a"", ""ti""]}, {""rule_source"": ""azwADyAyI"", ""rule"": ""1.1.43"", ""result"": [""pra"", """", ""BAv"", ""i"", ""a"", ""ti""]}, {""rule_source"": ""azwADyAyI"", ""rule"": ""1.1.37"", ""result"": [""pra"", """", ""BAv"", ""i"", ""a"", ""ti""]}, {""rule_source"": ""azwADyAyI"", ""rule"": ""3.4.100"", ""result"": [""pra"", """", ""BAv"", ""i"", ""a"", ""t""]}, {""rule_source"": ""azwADyAyI"", ""rule"": ""6.1.11"", ""result"": [""pra"", """", ""BO"", ""BAv"", ""i"", ""a"", ""t""]}, {""rule_source"": ""azwADyAyI"", ""rule"": ""6.1.4"", ""result"": [""pra"", """", ""BO"", ""BAv"", ""i"", ""a"", ""t""]}, {""rule_source"": ""azwADyAyI"", ""rule"": ""6.1.5"", ""result"": [""pra"", """", ""BO"", ""BAv"", ""i"", ""a"", ""t""]}, {""rule_source"": ""azwADyAyI"", ""rule"": ""1.4.13"", ""result"": [""pra"", """", ""BO"", ""BAv"", ""i"", ""a"", ""t""]}, {""rule_source"": ""azwADyAyI"", ""rule"": ""6.4.71"", ""result"": [""pra"", """", ""aw"", ""BO"", ""BAv"", ""i"", ""a"", ""t""]}, {""rule_source"": ""azwADyAyI"", ""rule"": ""1.3.3"", ""result"": [""pra"", """", ""aw"", ""BO"", ""BAv"", ""i"", ""a"", ""t""]}, {""rule_source"": ""azwADyAyI"", ""rule"": ""1.3.9"", ""result"": [""pra"", """", ""a"", ""BO"", ""BAv"", ""i"", ""a"", ""t""]}, {""rule_source"": ""azwADyAyI"", ""rule"": ""1.1.5"", ""result"": [""pra"", """", ""a"", ""BO"", ""BAv"", ""i"", ""a"", ""t""]}, {""rule_source"": ""azwADyAyI"", ""rule"": ""6.1.101"", ""result"": [""prA"", """", """", ""BO"", ""BAv"", ""i"", ""a"", ""t""]}, {""rule_source"": ""azwADyAyI"", ""rule"": ""6.4.51"", ""result"": [""prA"", """", """", ""BO"", ""BAv"", """", ""a"", ""t""]}, {""rule_source"": ""azwADyAyI"", ""rule"": ""7.4.1"", ""result"": [""prA"", """", """", ""BO"", ""Bav"", """", ""a"", ""t""]}, {""rule_source"": ""azwADyAyI"", ""rule"": ""7.4.59"", ""result"": [""prA"", """", """", ""Bu"", ""Bav"", """", ""a"", ""t""]}, {""rule_source"": ""azwADyAyI"", ""rule"": ""7.4.80"", ""result"": [""prA"", """", """", ""Bi"", ""Bav"", """", ""a"", ""t""]}, {""rule_source"": ""azwADyAyI"", ""rule"": ""7.4.94"", ""result"": [""prA"", """", """", ""BI"", ""Bav"", """", ""a"", ""t""]}, {""rule_source"": ""azwADyAyI"", ""rule"": ""1.4.14"", ""result"": [""prA"", """", """", ""BI"", ""Bav"", """", ""a"", ""t""]}, {""rule_source"": ""azwADyAyI"", ""rule"": ""1.4.14"", ""result"": [""prA"", """", """", ""BI"", ""Bav"", """", ""a"", ""t""]}, {""rule_source"": ""azwADyAyI"", ""rule"": ""8.2.39"", ""result"": [""prA"", """", """", ""BI"", ""Bav"", """", ""a"", ""d""]}, {""rule_source"": ""azwADyAyI"", ""rule"": ""8.4.54"", ""result"": [""prA"", """", """", ""bI"", ""Bav"", """", ""a"", ""d""]}, {""rule_source"": ""azwADyAyI"", ""rule"": ""8.4.68"", ""result"": [""prA"", """", """", ""bI"", ""Bav"", """", ""a"", ""d""]}]}], ""atmanepada"": [{""form_slp1"": ""prAbIBavata"", ""steps"": [{""rule_source"": ""azwADyAyI"", ""rule"": ""1.3.1"", ""result"": [""BU""]}, {""rule_source"": ""azwADyAyI"", ""rule"": ""1.4.58"", ""result"": [""pra"", ""BU""]}, {""rule_source"": ""azwADyAyI"", ""rule"": ""1.4.59"", ""result"": [""pra"", ""BU""]}, {""rule_source"": ""azwADyAyI"", ""rule"": ""1.4.60"", ""result"": [""pra"", ""BU""]}, {""rule_source"": ""azwADyAyI"", ""rule"": ""1.4.80"", ""result"": [""pra"", ""BU""]}, {""rule_source"": ""azwADyAyI"", ""rule"": ""3.1.26"", ""result"": [""pra"", """", ""BU"", ""Ric""]}, {""rule_source"": ""azwADyAyI"", ""rule"": ""3.1.32"", ""result"": [""pra"", """", ""BU"", ""Ric""]}, {""rule_source"": ""azwADyAyI"", ""rule"": ""1.3.3"", ""result"": [""pra"", """", ""BU"", ""Ric""]}, {""rule_source"": ""azwADyAyI"", ""rule"": ""1.3.7"", ""result"": [""pra"", """", ""BU"", ""Ric""]}, {""rule_source"": ""azwADyAyI"", ""rule"": ""1.3.9"", ""result"": [""pra"", """", ""BU"", ""i""]}, {""rule_source"": ""azwADyAyI"", ""rule"": ""1.2.45"", ""result"": [""pra"", """", ""BU"", ""i""]}, {""rule_source"": ""azwADyAyI"", ""rule"": ""3.4.114"", ""result"": [""pra"", """", ""BU"", ""i""]}, {""rule_source"": ""azwADyAyI"", ""rule"": ""1.1.43"", ""result"": [""pra"", """", ""BU"", ""i""]}, {""rule_source"": ""azwADyAyI"", ""rule"": ""1.1.37"", ""result"": [""pra"", """", ""BU"", ""i""]}, {""rule_source"": ""azwADyAyI"", ""rule"": ""1.3.74"", ""result"": [""pra"", """", ""BU"", ""i""]}, {""rule_source"": ""azwADyAyI"", ""rule"": ""1.1.43"", ""result"": [""pra"", """", ""BU"", ""i""]}, {""rule_source"": ""azwADyAyI"", ""rule"": ""1.1.37"", ""result"": [""pra"", """", ""BU"", ""i""]}, {""rule_source"": ""azwADyAyI"", ""rule"": ""1.4.13"", ""result"": [""pra"", """", ""BU"", ""i""]}, {""rule_source"": ""azwADyAyI"", ""rule"": ""7.2.115"", ""result"": [""pra"", """", ""BO"", ""i""]}, {""rule_source"": ""azwADyAyI"", ""rule"": ""1.4.14"", ""result"": [""pra"", """", ""BO"", ""i""]}, {""rule_source"": ""azwADyAyI"", ""rule"": ""6.1.78"", ""result"": [""pra"", """", ""BAv"", ""i""]}, {""rule_source"": ""azwADyAyI"", ""rule"": ""3.2.110"", ""result"": [""pra"", """", ""BAv"", ""i"", ""lu~N""]}, {""rule_source"": ""azwADyAyI"", ""rule"": ""1.3.2"", ""result"": [""pra"", """", ""BAv"", ""i"", ""lu~N""]}, {""rule_source"": ""azwADyAyI"", ""rule"": ""1.3.3"", ""result"": [""pra"", """", ""BAv"", ""i"", ""lu~N""]}, {""rule_source"": ""azwADyAyI"", ""rule"": ""1.3.9"", ""result"": [""pra"", """", ""BAv"", ""i"", ""l""]}, {""rule_source"": ""azwADyAyI"", ""rule"": ""3.4.78"", ""result"": [""pra"", """", ""BAv"", ""i"", ""ta""]}, {""rule_source"": ""azwADyAyI"", ""rule"": ""3.4.113"", ""result"": [""pra"", """", ""BAv"", ""i"", ""ta""]}, {""rule_source"": ""azwADyAyI"", ""rule"": ""1.1.43"", ""result"": [""pra"", """", ""BAv"", ""i"", ""ta""]}, {""rule_source"": ""azwADyAyI"", ""rule"": ""1.1.37"", ""result"": [""pra"", """", ""BAv"", ""i"", ""ta""]}, {""rule_source"": ""azwADyAyI"", ""rule"": ""3.1.43"", ""result"": [""pra"", """", ""BAv"", ""i"", ""cli~"", ""ta""]}, {""rule_source"": ""azwADyAyI"", ""rule"": ""3.1.48"", ""result"": [""pra"", """", ""BAv"", ""i"", ""caN"", ""ta""]}, {""rule_source"": ""azwADyAyI"", ""rule"": ""1.3.3"", ""result"": [""pra"", """", ""BAv"", ""i"", ""caN"", ""ta""]}, {""rule_source"": ""azwADyAyI"", ""rule"": ""1.3.7"", ""result"": [""pra"", """", ""BAv"", ""i"", ""caN"", ""ta""]}, {""rule_source"": ""azwADyAyI"", ""rule"": ""1.3.9"", ""result"": [""pra"", """", ""BAv"", ""i"", ""a"", ""ta""]}, {""rule_source"": ""azwADyAyI"", ""rule"": ""3.4.114"", ""result"": [""pra"", """", ""BAv"", ""i"", ""a"", ""ta""]}, {""rule_source"": ""azwADyAyI"", ""rule"": ""1.1.43"", ""result"": [""pra"", """", ""BAv"", ""i"", ""a"", ""ta""]}, {""rule_source"": ""azwADyAyI"", ""rule"": ""1.1.37"", ""result"": [""pra"", """", ""BAv"", ""i"", ""a"", ""ta""]}, {""rule_source"": ""azwADyAyI"", ""rule"": ""1.2.4"", ""result"": [""pra"", """", ""BAv"", ""i"", ""a"", ""ta""]}, {""rule_source"": ""azwADyAyI"", ""rule"": ""6.1.11"", ""result"": [""pra"", """", ""BO"", ""BAv"", ""i"", ""a"", ""ta""]}, {""rule_source"": ""azwADyAyI"", ""rule"": ""6.1.4"", ""result"": [""pra"", """", ""BO"", ""BAv"", ""i"", ""a"", ""ta""]}, {""rule_source"": ""azwADyAyI"", ""rule"": ""6.1.5"", ""result"": [""pra"", """", ""BO"", ""BAv"", ""i"", ""a"", ""ta""]}, {""rule_source"": ""azwADyAyI"", ""rule"": ""1.4.13"", ""result"": [""pra"", """", ""BO"", ""BAv"", ""i"", ""a"", ""ta""]}, {""rule_source"": ""azwADyAyI"", ""rule"": ""6.4.71"", ""result"": [""pra"", """", ""aw"", ""BO"", ""BAv"", ""i"", ""a"", ""ta""]}, {""rule_source"": ""azwADyAyI"", ""rule"": ""1.3.3"", ""result"": [""pra"", """", ""aw"", ""BO"", ""BAv"", ""i"", ""a"", ""ta""]}, {""rule_source"": ""azwADyAyI"", ""rule"": ""1.3.9"", ""result"": [""pra"", """", ""a"", ""BO"", ""BAv"", ""i"", ""a"", ""ta""]}, {""rule_source"": ""azwADyAyI"", ""rule"": ""1.1.5"", ""result"": [""pra"", """", ""a"", ""BO"", ""BAv"", ""i"", ""a"", ""ta""]}, {""rule_source"": ""azwADyAyI"", ""rule"": ""6.1.101"", ""result"": [""prA"", """", """", ""BO"", ""BAv"", ""i"", ""a"", ""ta""]}, {""rule_source"": ""azwADyAyI"", ""rule"": ""6.4.51"", ""result"": [""prA"", """", """", ""BO"", ""BAv"", """", ""a"", ""ta""]}, {""rule_source"": ""azwADyAyI"", ""rule"": ""7.4.1"", ""result"": [""prA"", """", """", ""BO"", ""Bav"", """", ""a"", ""ta""]}, {""rule_source"": ""azwADyAyI"", ""rule"": ""7.4.59"", ""result"": [""prA"", """", """", ""Bu"", ""Bav"", """", ""a"", ""ta""]}, {""rule_source"": ""azwADyAyI"", ""rule"": ""7.4.80"", ""result"": [""prA"", """", """", ""Bi"", ""Bav"", """", ""a"", ""ta""]}, {""rule_source"": ""azwADyAyI"", ""rule"": ""7.4.94"", ""result"": [""prA"", """", """", ""BI"", ""Bav"", """", ""a"", ""ta""]}, {""rule_source"": ""azwADyAyI"", ""rule"": ""1.4.14"", ""result"": [""prA"", """", """", ""BI"", ""Bav"", """", ""a"", ""ta""]}, {""rule_source"": ""azwADyAyI"", ""rule"": ""1.4.14"", ""result"": [""prA"", """", """", ""BI"", ""Bav"", """", ""a"", ""ta""]}, {""rule_source"": ""azwADyAyI"", ""rule"": ""8.4.54"", ""result"": [""prA"", """", """", ""bI"", ""Bav"", """", ""a"", ""ta""]}, {""rule_source"": ""azwADyAyI"", ""rule"": ""8.4.68"", ""result"": [""prA"", """", """", ""bI"", ""Bav"", """", ""a"", ""ta""]}]}]}"
upasarga_sanadi:1391aa7528fb82a94755,upasarga_sanadi,lrn,लृङ् (lṛṅ),conditional,Prathama,Eka,prABAvayizyad;prABAvayizyat,prABAvayizyata,prABAvayizyad;prABAvayizyat;prABAvayizyata,3,locally_regenerated,"{""parasmaipada"": [{""form_slp1"": ""prABAvayizyat"", ""steps"": [{""rule_source"": ""azwADyAyI"", ""rule"": ""1.3.1"", ""result"": [""BU""]}, {""rule_source"": ""azwADyAyI"", ""rule"": ""1.4.58"", ""result"": [""pra"", ""BU""]}, {""rule_source"": ""azwADyAyI"", ""rule"": ""1.4.59"", ""result"": [""pra"", ""BU""]}, {""rule_source"": ""azwADyAyI"", ""rule"": ""1.4.60"", ""result"": [""pra"", ""BU""]}, {""rule_source"": ""azwADyAyI"", ""rule"": ""1.4.80"", ""result"": [""pra"", ""BU""]}, {""rule_source"": ""azwADyAyI"", ""rule"": ""3.1.26"", ""result"": [""pra"", """", ""BU"", ""Ric""]}, {""rule_source"": ""azwADyAyI"", ""rule"": ""3.1.32"", ""result"": [""pra"", """", ""BU"", ""Ric""]}, {""rule_source"": ""azwADyAyI"", ""rule"": ""1.3.3"", ""result"": [""pra"", """", ""BU"", ""Ric""]}, {""rule_source"": ""azwADyAyI"", ""rule"": ""1.3.7"", ""result"": [""pra"", """", ""BU"", ""Ric""]}, {""rule_source"": ""azwADyAyI"", ""rule"": ""1.3.9"", ""result"": [""pra"", """", ""BU"", ""i""]}, {""rule_source"": ""azwADyAyI"", ""rule"": ""1.2.45"", ""result"": [""pra"", """", ""BU"", ""i""]}, {""rule_source"": ""azwADyAyI"", ""rule"": ""3.4.114"", ""result"": [""pra"", """", ""BU"", ""i""]}, {""rule_source"": ""azwADyAyI"", ""rule"": ""1.1.43"", ""result"": [""pra"", """", ""BU"", ""i""]}, {""rule_source"": ""azwADyAyI"", ""rule"": ""1.1.37"", ""result"": [""pra"", """", ""BU"", ""i""]}, {""rule_source"": ""azwADyAyI"", ""rule"": ""1.3.78"", ""result"": [""pra"", """", ""BU"", ""i""]}, {""rule_source"": ""azwADyAyI"", ""rule"": ""1.1.43"", ""result"": [""pra"", """", ""BU"", ""i""]}, {""rule_source"": ""azwADyAyI"", ""rule"": ""1.1.37"", ""result"": [""pra"", """", ""BU"", ""i""]}, {""rule_source"": ""azwADyAyI"", ""rule"": ""1.4.13"", ""result"": [""pra"", """", ""BU"", ""i""]}, {""rule_source"": ""azwADyAyI"", ""rule"": ""7.2.115"", ""result"": [""pra"", """", ""BO"", ""i""]}, {""rule_source"": ""azwADyAyI"", ""rule"": ""1.4.14"", ""result"": [""pra"", """", ""BO"", ""i""]}, {""rule_source"": ""azwADyAyI"", ""rule"": ""6.1.78"", ""result"": [""pra"", """", ""BAv"", ""i""]}, {""rule_source"": ""azwADyAyI"", ""rule"": ""3.3.139"", ""result"": [""pra"", """", ""BAv"", ""i"", ""lf~N""]}, {""rule_source"": ""azwADyAyI"", ""rule"": ""1.3.2"", ""result"": [""pra"", """", ""BAv"", ""i"", ""lf~N""]}, {""rule_source"": ""azwADyAyI"", ""rule"": ""1.3.3"", ""result"": [""pra"", """", ""BAv"", ""i"", ""lf~N""]}, {""rule_source"": ""azwADyAyI"", ""rule"": ""1.3.9"", ""result"": [""pra"", """", ""BAv"", ""i"", ""l""]}, {""rule_source"": ""azwADyAyI"", ""rule"": ""3.4.78"", ""result"": [""pra"", """", ""BAv"", ""i"", ""tip""]}, {""rule_source"": ""azwADyAyI"", ""rule"": ""1.3.3"", ""result"": [""pra"", """", ""BAv"", ""i"", ""tip""]}, {""rule_source"": ""azwADyAyI"", ""rule"": ""1.3.9"", ""result"": [""pra"", """", ""BAv"", ""i"", ""ti""]}, {""rule_source"": ""azwADyAyI"", ""rule"": ""3.4.113"", ""result"": [""pra"", """", ""BAv"", ""i"", ""ti""]}, {""rule_source"": ""azwADyAyI"", ""rule"": ""1.1.43"", ""result"": [""pra"", """", ""BAv"", ""i"", ""ti""]}, {""rule_source"": ""azwADyAyI"", ""rule"": ""1.1.37"", ""result"": [""pra"", """", ""BAv"", ""i"", ""ti""]}, {""rule_source"": ""azwADyAyI"", ""rule"": ""3.1.33"", ""result"": [""pra"", """", ""BAv"", ""i"", ""sya"", ""ti""]}, {""rule_source"": ""azwADyAyI"", ""rule"": ""3.4.114"", ""result"": [""pra"", """", ""BAv"", ""i"", ""sya"", ""ti""]}, {""rule_source"": ""azwADyAyI"", ""rule"": ""1.1.43"", ""result"": [""pra"", """", ""BAv"", ""i"", ""sya"", ""ti""]}, {""rule_source"": ""azwADyAyI"", ""rule"": ""1.1.37"", ""result"": [""pra"", """", ""BAv"", ""i"", ""sya"", ""ti""]}, {""rule_source"": ""azwADyAyI"", ""rule"": ""3.4.100"", ""result"": [""pra"", """", ""BAv"", ""i"", ""sya"", ""t""]}, {""rule_source"": ""azwADyAyI"", ""rule"": ""7.2.35"", ""result"": [""pra"", """", ""BAv"", ""i"", ""iw"", ""sya"", ""t""]}, {""rule_source"": ""azwADyAyI"", ""rule"": ""1.3.3"", ""result"": [""pra"", """", ""BAv"", ""i"", ""iw"", ""sya"", ""t""]}, {""rule_source"": ""azwADyAyI"", ""rule"": ""1.3.9"", ""result"": [""pra"", """", ""BAv"", ""i"", ""i"", ""sya"", ""t""]}, {""rule_source"": ""azwADyAyI"", ""rule"": ""1.4.13"", ""result"": [""pra"", """", ""BAv"", ""i"", ""i"", ""sya"", ""t""]}, {""rule_source"": ""azwADyAyI"", ""rule"": ""6.4.71"", ""result"": [""pra"", """", ""aw"", ""BAv"", ""i"", ""i"", ""sya"", ""t""]}, {""rule_source"": ""azwADyAyI"", ""rule"": ""1.3.3"", ""result"": [""pra"", """", ""aw"", ""BAv"", ""i"", ""i"", ""sya"", ""t""]}, {""rule_source"": ""azwADyAyI"", ""rule"": ""1.3.9"", ""result"": [""pra"", """", ""a"", ""BAv"", ""i"", ""i"", ""sya"", ""t""]}, {""rule_source"": ""azwADyAyI"", ""rule"": ""7.3.84"", ""result"": [""pra"", """", ""a"", ""BAv"", ""e"", ""i"", ""sya"", ""t""]}, {""rule_source"": ""azwADyAyI"", ""rule"": ""1.4.14"", ""result"": [""pra"", """", ""a"", ""BAv"", ""e"", ""i"", ""sya"", ""t""]}, {""rule_source"": ""azwADyAyI"", ""rule"": ""1.4.14"", ""result"": [""pra"", """", ""a"", ""BAv"", ""e"", ""i"", ""sya"", ""t""]}, {""rule_source"": ""azwADyAyI"", ""rule"": ""6.1.101"", ""result"": [""prA"", """", """", ""BAv"", ""e"", ""i"", ""sya"", ""t""]}, {""rule_source"": ""azwADyAyI"", ""rule"": ""6.1.78"", ""result"": [""prA"", """", """", ""BAv"", ""ay"", ""i"", ""sya"", ""t""]}, {""rule_source"": ""azwADyAyI"", ""rule"": ""8.2.39"", ""result"": [""prA"", """", """", ""BAv"", ""ay"", ""i"", ""sya"", ""d""]}, {""rule_source"": ""azwADyAyI"", ""rule"": ""8.3.59"", ""result"": [""prA"", """", """", ""BAv"", ""ay"", ""i"", ""zya"", ""d""]}, {""rule_source"": ""azwADyAyI"", ""rule"": ""8.4.56"", ""result"": [""prA"", """", """", ""BAv"", ""ay"", ""i"", ""zya"", ""t""]}, {""rule_source"": ""azwADyAyI"", ""rule"": ""8.4.68"", ""result"": [""prA"", """", """", ""BAv"", ""ay"", ""i"", ""zya"", ""t""]}]}, {""form_slp1"": ""prABAvayizyad"", ""steps"": [{""rule_source"": ""azwADyAyI"", ""rule"": ""1.3.1"", ""result"": [""BU""]}, {""rule_source"": ""azwADyAyI"", ""rule"": ""1.4.58"", ""result"": [""pra"", ""BU""]}, {""rule_source"": ""azwADyAyI"", ""rule"": ""1.4.59"", ""result"": [""pra"", ""BU""]}, {""rule_source"": ""azwADyAyI"", ""rule"": ""1.4.60"", ""result"": [""pra"", ""BU""]}, {""rule_source"": ""azwADyAyI"", ""rule"": ""1.4.80"", ""result"": [""pra"", ""BU""]}, {""rule_source"": ""azwADyAyI"", ""rule"": ""3.1.26"", ""result"": [""pra"", """", ""BU"", ""Ric""]}, {""rule_source"": ""azwADyAyI"", ""rule"": ""3.1.32"", ""result"": [""pra"", """", ""BU"", ""Ric""]}, {""rule_source"": ""azwADyAyI"", ""rule"": ""1.3.3"", ""result"": [""pra"", """", ""BU"", ""Ric""]}, {""rule_source"": ""azwADyAyI"", ""rule"": ""1.3.7"", ""result"": [""pra"", """", ""BU"", ""Ric""]}, {""rule_source"": ""azwADyAyI"", ""rule"": ""1.3.9"", ""result"": [""pra"", """", ""BU"", ""i""]}, {""rule_source"": ""azwADyAyI"", ""rule"": ""1.2.45"", ""result"": [""pra"", """", ""BU"", ""i""]}, {""rule_source"": ""azwADyAyI"", ""rule"": ""3.4.114"", ""result"": [""pra"", """", ""BU"", ""i""]}, {""rule_source"": ""azwADyAyI"", ""rule"": ""1.1.43"", ""result"": [""pra"", """", ""BU"", ""i""]}, {""rule_source"": ""azwADyAyI"", ""rule"": ""1.1.37"", ""result"": [""pra"", """", ""BU"", ""i""]}, {""rule_source"": ""azwADyAyI"", ""rule"": ""1.3.78"", ""result"": [""pra"", """", ""BU"", ""i""]}, {""rule_source"": ""azwADyAyI"", ""rule"": ""1.1.43"", ""result"": [""pra"", """", ""BU"", ""i""]}, {""rule_source"": ""azwADyAyI"", ""rule"": ""1.1.37"", ""result"": [""pra"", """", ""BU"", ""i""]}, {""rule_source"": ""azwADyAyI"", ""rule"": ""1.4.13"", ""result"": [""pra"", """", ""BU"", ""i""]}, {""rule_source"": ""azwADyAyI"", ""rule"": ""7.2.115"", ""result"": [""pra"", """", ""BO"", ""i""]}, {""rule_source"": ""azwADyAyI"", ""rule"": ""1.4.14"", ""result"": [""pra"", """", ""BO"", ""i""]}, {""rule_source"": ""azwADyAyI"", ""rule"": ""6.1.78"", ""result"": [""pra"", """", ""BAv"", ""i""]}, {""rule_source"": ""azwADyAyI"", ""rule"": ""3.3.139"", ""result"": [""pra"", """", ""BAv"", ""i"", ""lf~N""]}, {""rule_source"": ""azwADyAyI"", ""rule"": ""1.3.2"", ""result"": [""pra"", """", ""BAv"", ""i"", ""lf~N""]}, {""rule_source"": ""azwADyAyI"", ""rule"": ""1.3.3"", ""result"": [""pra"", """", ""BAv"", ""i"", ""lf~N""]}, {""rule_source"": ""azwADyAyI"", ""rule"": ""1.3.9"", ""result"": [""pra"", """", ""BAv"", ""i"", ""l""]}, {""rule_source"": ""azwADyAyI"", ""rule"": ""3.4.78"", ""result"": [""pra"", """", ""BAv"", ""i"", ""tip""]}, {""rule_source"": ""azwADyAyI"", ""rule"": ""1.3.3"", ""result"": [""pra"", """", ""BAv"", ""i"", ""tip""]}, {""rule_source"": ""azwADyAyI"", ""rule"": ""1.3.9"", ""result"": [""pra"", """", ""BAv"", ""i"", ""ti""]}, {""rule_source"": ""azwADyAyI"", ""rule"": ""3.4.113"", ""result"": [""pra"", """", ""BAv"", ""i"", ""ti""]}, {""rule_source"": ""azwADyAyI"", ""rule"": ""1.1.43"", ""result"": [""pra"", """", ""BAv"", ""i"", ""ti""]}, {""rule_source"": ""azwADyAyI"", ""rule"": ""1.1.37"", ""result"": [""pra"", """", ""BAv"", ""i"", ""ti""]}, {""rule_source"": ""azwADyAyI"", ""rule"": ""3.1.33"", ""result"": [""pra"", """", ""BAv"", ""i"", ""sya"", ""ti""]}, {""rule_source"": ""azwADyAyI"", ""rule"": ""3.4.114"", ""result"": [""pra"", """", ""BAv"", ""i"", ""sya"", ""ti""]}, {""rule_source"": ""azwADyAyI"", ""rule"": ""1.1.43"", ""result"": [""pra"", """", ""BAv"", ""i"", ""sya"", ""ti""]}, {""rule_source"": ""azwADyAyI"", ""rule"": ""1.1.37"", ""result"": [""pra"", """", ""BAv"", ""i"", ""sya"", ""ti""]}, {""rule_source"": ""azwADyAyI"", ""rule"": ""3.4.100"", ""result"": [""pra"", """", ""BAv"", ""i"", ""sya"", ""t""]}, {""rule_source"": ""azwADyAyI"", ""rule"": ""7.2.35"", ""result"": [""pra"", """", ""BAv"", ""i"", ""iw"", ""sya"", ""t""]}, {""rule_source"": ""azwADyAyI"", ""rule"": ""1.3.3"", ""result"": [""pra"", """", ""BAv"", ""i"", ""iw"", ""sya"", ""t""]}, {""rule_source"": ""azwADyAyI"", ""rule"": ""1.3.9"", ""result"": [""pra"", """", ""BAv"", ""i"", ""i"", ""sya"", ""t""]}, {""rule_source"": ""azwADyAyI"", ""rule"": ""1.4.13"", ""result"": [""pra"", """", ""BAv"", ""i"", ""i"", ""sya"", ""t""]}, {""rule_source"": ""azwADyAyI"", ""rule"": ""6.4.71"", ""result"": [""pra"", """", ""aw"", ""BAv"", ""i"", ""i"", ""sya"", ""t""]}, {""rule_source"": ""azwADyAyI"", ""rule"": ""1.3.3"", ""result"": [""pra"", """", ""aw"", ""BAv"", ""i"", ""i"", ""sya"", ""t""]}, {""rule_source"": ""azwADyAyI"", ""rule"": ""1.3.9"", ""result"": [""pra"", """", ""a"", ""BAv"", ""i"", ""i"", ""sya"", ""t""]}, {""rule_source"": ""azwADyAyI"", ""rule"": ""7.3.84"", ""result"": [""pra"", """", ""a"", ""BAv"", ""e"", ""i"", ""sya"", ""t""]}, {""rule_source"": ""azwADyAyI"", ""rule"": ""1.4.14"", ""result"": [""pra"", """", ""a"", ""BAv"", ""e"", ""i"", ""sya"", ""t""]}, {""rule_source"": ""azwADyAyI"", ""rule"": ""1.4.14"", ""result"": [""pra"", """", ""a"", ""BAv"", ""e"", ""i"", ""sya"", ""t""]}, {""rule_source"": ""azwADyAyI"", ""rule"": ""6.1.101"", ""result"": [""prA"", """", """", ""BAv"", ""e"", ""i"", ""sya"", ""t""]}, {""rule_source"": ""azwADyAyI"", ""rule"": ""6.1.78"", ""result"": [""prA"", """", """", ""BAv"", ""ay"", ""i"", ""sya"", ""t""]}, {""rule_source"": ""azwADyAyI"", ""rule"": ""8.2.39"", ""result"": [""prA"", """", """", ""BAv"", ""ay"", ""i"", ""sya"", ""d""]}, {""rule_source"": ""azwADyAyI"", ""rule"": ""8.3.59"", ""result"": [""prA"", """", """", ""BAv"", ""ay"", ""i"", ""zya"", ""d""]}, {""rule_source"": ""azwADyAyI"", ""rule"": ""8.4.68"", ""result"": [""prA"", """", """", ""BAv"", ""ay"", ""i"", ""zya"", ""d""]}]}], ""atmanepada"": [{""form_slp1"": ""prABAvayizyata"", ""steps"": [{""rule_source"": ""azwADyAyI"", ""rule"": ""1.3.1"", ""result"": [""BU""]}, {""rule_source"": ""azwADyAyI"", ""rule"": ""1.4.58"", ""result"": [""pra"", ""BU""]}, {""rule_source"": ""azwADyAyI"", ""rule"": ""1.4.59"", ""result"": [""pra"", ""BU""]}, {""rule_source"": ""azwADyAyI"", ""rule"": ""1.4.60"", ""result"": [""pra"", ""BU""]}, {""rule_source"": ""azwADyAyI"", ""rule"": ""1.4.80"", ""result"": [""pra"", ""BU""]}, {""rule_source"": ""azwADyAyI"", ""rule"": ""3.1.26"", ""result"": [""pra"", """", ""BU"", ""Ric""]}, {""rule_source"": ""azwADyAyI"", ""rule"": ""3.1.32"", ""result"": [""pra"", """", ""BU"", ""Ric""]}, {""rule_source"": ""azwADyAyI"", ""rule"": ""1.3.3"", ""result"": [""pra"", """", ""BU"", ""Ric""]}, {""rule_source"": ""azwADyAyI"", ""rule"": ""1.3.7"", ""result"": [""pra"", """", ""BU"", ""Ric""]}, {""rule_source"": ""azwADyAyI"", ""rule"": ""1.3.9"", ""result"": [""pra"", """", ""BU"", ""i""]}, {""rule_source"": ""azwADyAyI"", ""rule"": ""1.2.45"", ""result"": [""pra"", """", ""BU"", ""i""]}, {""rule_source"": ""azwADyAyI"", ""rule"": ""3.4.114"", ""result"": [""pra"", """", ""BU"", ""i""]}, {""rule_source"": ""azwADyAyI"", ""rule"": ""1.1.43"", ""result"": [""pra"", """", ""BU"", ""i""]}, {""rule_source"": ""azwADyAyI"", ""rule"": ""1.1.37"", ""result"": [""pra"", """", ""BU"", ""i""]}, {""rule_source"": ""azwADyAyI"", ""rule"": ""1.3.74"", ""result"": [""pra"", """", ""BU"", ""i""]}, {""rule_source"": ""azwADyAyI"", ""rule"": ""1.1.43"", ""result"": [""pra"", """", ""BU"", ""i""]}, {""rule_source"": ""azwADyAyI"", ""rule"": ""1.1.37"", ""result"": [""pra"", """", ""BU"", ""i""]}, {""rule_source"": ""azwADyAyI"", ""rule"": ""1.4.13"", ""result"": [""pra"", """", ""BU"", ""i""]}, {""rule_source"": ""azwADyAyI"", ""rule"": ""7.2.115"", ""result"": [""pra"", """", ""BO"", ""i""]}, {""rule_source"": ""azwADyAyI"", ""rule"": ""1.4.14"", ""result"": [""pra"", """", ""BO"", ""i""]}, {""rule_source"": ""azwADyAyI"", ""rule"": ""6.1.78"", ""result"": [""pra"", """", ""BAv"", ""i""]}, {""rule_source"": ""azwADyAyI"", ""rule"": ""3.3.139"", ""result"": [""pra"", """", ""BAv"", ""i"", ""lf~N""]}, {""rule_source"": ""azwADyAyI"", ""rule"": ""1.3.2"", ""result"": [""pra"", """", ""BAv"", ""i"", ""lf~N""]}, {""rule_source"": ""azwADyAyI"", ""rule"": ""1.3.3"", ""result"": [""pra"", """", ""BAv"", ""i"", ""lf~N""]}, {""rule_source"": ""azwADyAyI"", ""rule"": ""1.3.9"", ""result"": [""pra"", """", ""BAv"", ""i"", ""l""]}, {""rule_source"": ""azwADyAyI"", ""rule"": ""3.4.78"", ""result"": [""pra"", """", ""BAv"", ""i"", ""ta""]}, {""rule_source"": ""azwADyAyI"", ""rule"": ""3.4.113"", ""result"": [""pra"", """", ""BAv"", ""i"", ""ta""]}, {""rule_source"": ""azwADyAyI"", ""rule"": ""1.1.43"", ""result"": [""pra"", """", ""BAv"", ""i"", ""ta""]}, {""rule_source"": ""azwADyAyI"", ""rule"": ""1.1.37"", ""result"": [""pra"", """", ""BAv"", ""i"", ""ta""]}, {""rule_source"": ""azwADyAyI"", ""rule"": ""3.1.33"", ""result"": [""pra"", """", ""BAv"", ""i"", ""sya"", ""ta""]}, {""rule_source"": ""azwADyAyI"", ""rule"": ""3.4.114"", ""result"": [""pra"", """", ""BAv"", ""i"", ""sya"", ""ta""]}, {""rule_source"": ""azwADyAyI"", ""rule"": ""1.1.43"", ""result"": [""pra"", """", ""BAv"", ""i"", ""sya"", ""ta""]}, {""rule_source"": ""azwADyAyI"", ""rule"": ""1.1.37"", ""result"": [""pra"", """", ""BAv"", ""i"", ""sya"", ""ta""]}, {""rule_source"": ""azwADyAyI"", ""rule"": ""7.2.35"", ""result"": [""pra"", """", ""BAv"", ""i"", ""iw"", ""sya"", ""ta""]}, {""rule_source"": ""azwADyAyI"", ""rule"": ""1.3.3"", ""result"": [""pra"", """", ""BAv"", ""i"", ""iw"", ""sya"", ""ta""]}, {""rule_source"": ""azwADyAyI"", ""rule"": ""1.3.9"", ""result"": [""pra"", """", ""BAv"", ""i"", ""i"", ""sya"", ""ta""]}, {""rule_source"": ""azwADyAyI"", ""rule"": ""1.2.4"", ""result"": [""pra"", """", ""BAv"", ""i"", ""i"", ""sya"", ""ta""]}, {""rule_source"": ""azwADyAyI"", ""rule"": ""1.4.13"", ""result"": [""pra"", """", ""BAv"", ""i"", ""i"", ""sya"", ""ta""]}, {""rule_source"": ""azwADyAyI"", ""rule"": ""6.4.71"", ""result"": [""pra"", """", ""aw"", ""BAv"", ""i"", ""i"", ""sya"", ""ta""]}, {""rule_source"": ""azwADyAyI"", ""rule"": ""1.3.3"", ""result"": [""pra"", """", ""aw"", ""BAv"", ""i"", ""i"", ""sya"", ""ta""]}, {""rule_source"": ""azwADyAyI"", ""rule"": ""1.3.9"", ""result"": [""pra"", """", ""a"", ""BAv"", ""i"", ""i"", ""sya"", ""ta""]}, {""rule_source"": ""azwADyAyI"", ""rule"": ""7.3.84"", ""result"": [""pra"", """", ""a"", ""BAv"", ""e"", ""i"", ""sya"", ""ta""]}, {""rule_source"": ""azwADyAyI"", ""rule"": ""1.4.14"", ""result"": [""pra"", """", ""a"", ""BAv"", ""e"", ""i"", ""sya"", ""ta""]}, {""rule_source"": ""azwADyAyI"", ""rule"": ""1.4.14"", ""result"": [""pra"", """", ""a"", ""BAv"", ""e"", ""i"", ""sya"", ""ta""]}, {""rule_source"": ""azwADyAyI"", ""rule"": ""6.1.101"", ""result"": [""prA"", """", """", ""BAv"", ""e"", ""i"", ""sya"", ""ta""]}, {""rule_source"": ""azwADyAyI"", ""rule"": ""6.1.78"", ""result"": [""prA"", """", """", ""BAv"", ""ay"", ""i"", ""sya"", ""ta""]}, {""rule_source"": ""azwADyAyI"", ""rule"": ""8.3.59"", ""result"": [""prA"", """", """", ""BAv"", ""ay"", ""i"", ""zya"", ""ta""]}, {""rule_source"": ""azwADyAyI"", ""rule"": ""8.4.68"", ""result"": [""prA"", """", """", ""BAv"", ""ay"", ""i"", ""zya"", ""ta""]}]}]}"
curadi_true_causative:b1003430eb7d860d6037,curadi_true_causative,lat,लट् (laṭ),present,Prathama,Eka,corayati,corayate,corayate;corayati,2,locally_regenerated,"{""parasmaipada"": [{""form_slp1"": ""corayati"", ""steps"": [{""rule_source"": ""azwADyAyI"", ""rule"": ""1.3.1"", ""result"": [""cura~""]}, {""rule_source"": ""azwADyAyI"", ""rule"": ""1.3.2"", ""result"": [""cura~""]}, {""rule_source"": ""azwADyAyI"", ""rule"": ""1.3.9"", ""result"": [""cur""]}, {""rule_source"": ""azwADyAyI"", ""rule"": ""3.1.25"", ""result"": [""cur"", ""Ric""]}, {""rule_source"": ""azwADyAyI"", ""rule"": ""3.1.32"", ""result"": [""cur"", ""Ric""]}, {""rule_source"": ""azwADyAyI"", ""rule"": ""1.3.3"", ""result"": [""cur"", ""Ric""]}, {""rule_source"": ""azwADyAyI"", ""rule"": ""1.3.7"", ""result"": [""cur"", ""Ric""]}, {""rule_source"": ""azwADyAyI"", ""rule"": ""1.3.9"", ""result"": [""cur"", ""i""]}, {""rule_source"": ""azwADyAyI"", ""rule"": ""3.4.114"", ""result"": [""cur"", ""i""]}, {""rule_source"": ""azwADyAyI"", ""rule"": ""1.4.13"", ""result"": [""cur"", ""i""]}, {""rule_source"": ""azwADyAyI"", ""rule"": ""7.3.86"", ""result"": [""cor"", ""i""]}, {""rule_source"": ""azwADyAyI"", ""rule"": ""3.1.26"", ""result"": [""cor"", ""i"", ""Ric""]}, {""rule_source"": ""azwADyAyI"", ""rule"": ""3.1.32"", ""result"": [""cor"", ""i"", ""Ric""]}, {""rule_source"": ""azwADyAyI"", ""rule"": ""1.3.3"", ""result"": [""cor"", ""i"", ""Ric""]}, {""rule_source"": ""azwADyAyI"", ""rule"": ""1.3.7"", ""result"": [""cor"", ""i"", ""Ric""]}, {""rule_source"": ""azwADyAyI"", ""rule"": ""1.3.9"", ""result"": [""cor"", ""i"", ""i""]}, {""rule_source"": ""azwADyAyI"", ""rule"": ""3.4.114"", ""result"": [""cor"", ""i"", ""i""]}, {""rule_source"": ""azwADyAyI"", ""rule"": ""1.3.78"", ""result"": [""cor"", ""i"", ""i""]}, {""rule_source"": ""azwADyAyI"", ""rule"": ""1.4.13"", ""result"": [""cor"", ""i"", ""i""]}, {""rule_source"": ""azwADyAyI"", ""rule"": ""7.2.115"", ""result"": [""cor"", ""E"", ""i""]}, {""rule_source"": ""azwADyAyI"", ""rule"": ""6.4.51"", ""result"": [""cor"", """", ""i""]}, {""rule_source"": ""azwADyAyI"", ""rule"": ""3.1.26"", ""result"": [""cor"", """", ""i"", ""Ric""]}, {""rule_source"": ""azwADyAyI"", ""rule"": ""3.1.32"", ""result"": [""cor"", """", ""i"", ""Ric""]}, {""rule_source"": ""azwADyAyI"", ""rule"": ""1.3.3"", ""result"": [""cor"", """", ""i"", ""Ric""]}, {""rule_source"": ""azwADyAyI"", ""rule"": ""1.3.7"", ""result"": [""cor"", """", ""i"", ""Ric""]}, {""rule_source"": ""azwADyAyI"", ""rule"": ""1.3.9"", ""result"": [""cor"", """", ""i"", ""i""]}, {""rule_source"": ""azwADyAyI"", ""rule"": ""3.4.114"", ""result"": [""cor"", """", ""i"", ""i""]}, {""rule_source"": ""azwADyAyI"", ""rule"": ""1.3.78"", ""result"": [""cor"", """", ""i"", ""i""]}, {""rule_source"": ""azwADyAyI"", ""rule"": ""1.4.13"", ""result"": [""cor"", """", ""i"", ""i""]}, {""rule_source"": ""azwADyAyI"", ""rule"": ""7.2.115"", ""result"": [""cor"", """", ""E"", ""i""]}, {""rule_source"": ""azwADyAyI"", ""rule"": ""6.4.51"", ""result"": [""cor"", """", ""E"", ""i""]}, {""rule_source"": ""azwADyAyI"", ""rule"": ""6.4.51"", ""result"": [""cor"", """", """", ""i""]}, {""rule_source"": ""azwADyAyI"", ""rule"": ""3.2.123"", ""result"": [""cor"", """", """", ""i"", ""la~w""]}, {""rule_source"": ""azwADyAyI"", ""rule"": ""1.3.2"", ""result"": [""cor"", """", """", ""i"", ""la~w""]}, {""rule_source"": ""azwADyAyI"", ""rule"": ""1.3.3"", ""result"": [""cor"", """", """", ""i"", ""la~w""]}, {""rule_source"": ""azwADyAyI"", ""rule"": ""1.3.9"", ""result"": [""cor"", """", """", ""i"", ""l""]}, {""rule_source"": ""azwADyAyI"", ""rule"": ""3.4.78"", ""result"": [""cor"", """", """", ""i"", ""tip""]}, {""rule_source"": ""azwADyAyI"", ""rule"": ""1.3.3"", ""result"": [""cor"", """", """", ""i"", ""tip""]}, {""rule_source"": ""azwADyAyI"", ""rule"": ""1.3.9"", ""result"": [""cor"", """", """", ""i"", ""ti""]}, {""rule_source"": ""azwADyAyI"", ""rule"": ""3.4.113"", ""result"": [""cor"", """", """", ""i"", ""ti""]}, {""rule_source"": ""azwADyAyI"", ""rule"": ""3.1.68"", ""result"": [""cor"", """", """", ""i"", ""Sap"", ""ti""]}, {""rule_source"": ""azwADyAyI"", ""rule"": ""1.3.3"", ""result"": [""cor"", """", """", ""i"", ""Sap"", ""ti""]}, {""rule_source"": ""azwADyAyI"", ""rule"": ""1.3.8"", ""result"": [""cor"", """", """", ""i"", ""Sap"", ""ti""]}, {""rule_source"": ""azwADyAyI"", ""rule"": ""1.3.9"", ""result"": [""cor"", """", """", ""i"", ""a"", ""ti""]}, {""rule_source"": ""azwADyAyI"", ""rule"": ""3.4.113"", ""result"": [""cor"", """", """", ""i"", ""a"", ""ti""]}, {""rule_source"": ""azwADyAyI"", ""rule"": ""1.4.13"", ""result"": [""cor"", """", """", ""i"", ""a"", ""ti""]}, {""rule_source"": ""azwADyAyI"", ""rule"": ""7.3.84"", ""result"": [""cor"", """", """", ""e"", ""a"", ""ti""]}, {""rule_source"": ""azwADyAyI"", ""rule"": ""6.4.51"", ""result"": [""cor"", """", """", ""e"", ""a"", ""ti""]}, {""rule_source"": ""azwADyAyI"", ""rule"": ""6.4.51"", ""result"": [""cor"", """", """", ""e"", ""a"", ""ti""]}, {""rule_source"": ""azwADyAyI"", ""rule"": ""1.4.14"", ""result"": [""cor"", """", """", ""e"", ""a"", ""ti""]}, {""rule_source"": ""azwADyAyI"", ""rule"": ""6.1.78"", ""result"": [""cor"", """", """", ""ay"", ""a"", ""ti""]}, {""rule_source"": ""azwADyAyI"", ""rule"": ""8.4.68"", ""result"": [""cor"", """", """", ""ay"", ""a"", ""ti""]}]}], ""atmanepada"": [{""form_slp1"": ""corayate"", ""steps"": [{""rule_source"": ""azwADyAyI"", ""rule"": ""1.3.1"", ""result"": [""cura~""]}, {""rule_source"": ""azwADyAyI"", ""rule"": ""1.3.2"", ""result"": [""cura~""]}, {""rule_source"": ""azwADyAyI"", ""rule"": ""1.3.9"", ""result"": [""cur""]}, {""rule_source"": ""azwADyAyI"", ""rule"": ""3.1.25"", ""result"": [""cur"", ""Ric""]}, {""rule_source"": ""azwADyAyI"", ""rule"": ""3.1.32"", ""result"": [""cur"", ""Ric""]}, {""rule_source"": ""azwADyAyI"", ""rule"": ""1.3.3"", ""result"": [""cur"", ""Ric""]}, {""rule_source"": ""azwADyAyI"", ""rule"": ""1.3.7"", ""result"": [""cur"", ""Ric""]}, {""rule_source"": ""azwADyAyI"", ""rule"": ""1.3.9"", ""result"": [""cur"", ""i""]}, {""rule_source"": ""azwADyAyI"", ""rule"": ""3.4.114"", ""result"": [""cur"", ""i""]}, {""rule_source"": ""azwADyAyI"", ""rule"": ""1.4.13"", ""result"": [""cur"", ""i""]}, {""rule_source"": ""azwADyAyI"", ""rule"": ""7.3.86"", ""result"": [""cor"", ""i""]}, {""rule_source"": ""azwADyAyI"", ""rule"": ""3.1.26"", ""result"": [""cor"", ""i"", ""Ric""]}, {""rule_source"": ""azwADyAyI"", ""rule"": ""3.1.32"", ""result"": [""cor"", ""i"", ""Ric""]}, {""rule_source"": ""azwADyAyI"", ""rule"": ""1.3.3"", ""result"": [""cor"", ""i"", ""Ric""]}, {""rule_source"": ""azwADyAyI"", ""rule"": ""1.3.7"", ""result"": [""cor"", ""i"", ""Ric""]}, {""rule_source"": ""azwADyAyI"", ""rule"": ""1.3.9"", ""result"": [""cor"", ""i"", ""i""]}, {""rule_source"": ""azwADyAyI"", ""rule"": ""3.4.114"", ""result"": [""cor"", ""i"", ""i""]}, {""rule_source"": ""azwADyAyI"", ""rule"": ""1.3.74"", ""result"": [""cor"", ""i"", ""i""]}, {""rule_source"": ""azwADyAyI"", ""rule"": ""1.4.13"", ""result"": [""cor"", ""i"", ""i""]}, {""rule_source"": ""azwADyAyI"", ""rule"": ""7.2.115"", ""result"": [""cor"", ""E"", ""i""]}, {""rule_source"": ""azwADyAyI"", ""rule"": ""6.4.51"", ""result"": [""cor"", """", ""i""]}, {""rule_source"": ""azwADyAyI"", ""rule"": ""3.1.26"", ""result"": [""cor"", """", ""i"", ""Ric""]}, {""rule_source"": ""azwADyAyI"", ""rule"": ""3.1.32"", ""result"": [""cor"", """", ""i"", ""Ric""]}, {""rule_source"": ""azwADyAyI"", ""rule"": ""1.3.3"", ""result"": [""cor"", """", ""i"", ""Ric""]}, {""rule_source"": ""azwADyAyI"", ""rule"": ""1.3.7"", ""result"": [""cor"", """", ""i"", ""Ric""]}, {""rule_source"": ""azwADyAyI"", ""rule"": ""1.3.9"", ""result"": [""cor"", """", ""i"", ""i""]}, {""rule_source"": ""azwADyAyI"", ""rule"": ""3.4.114"", ""result"": [""cor"", """", ""i"", ""i""]}, {""rule_source"": ""azwADyAyI"", ""rule"": ""1.3.74"", ""result"": [""cor"", """", ""i"", ""i""]}, {""rule_source"": ""azwADyAyI"", ""rule"": ""1.4.13"", ""result"": [""cor"", """", ""i"", ""i""]}, {""rule_source"": ""azwADyAyI"", ""rule"": ""7.2.115"", ""result"": [""cor"", """", ""E"", ""i""]}, {""rule_source"": ""azwADyAyI"", ""rule"": ""6.4.51"", ""result"": [""cor"", """", ""E"", ""i""]}, {""rule_source"": ""azwADyAyI"", ""rule"": ""6.4.51"", ""result"": [""cor"", """", """", ""i""]}, {""rule_source"": ""azwADyAyI"", ""rule"": ""3.2.123"", ""result"": [""cor"", """", """", ""i"", ""la~w""]}, {""rule_source"": ""azwADyAyI"", ""rule"": ""1.3.2"", ""result"": [""cor"", """", """", ""i"", ""la~w""]}, {""rule_source"": ""azwADyAyI"", ""rule"": ""1.3.3"", ""result"": [""cor"", """", """", ""i"", ""la~w""]}, {""rule_source"": ""azwADyAyI"", ""rule"": ""1.3.9"", ""result"": [""cor"", """", """", ""i"", ""l""]}, {""rule_source"": ""azwADyAyI"", ""rule"": ""3.4.78"", ""result"": [""cor"", """", """", ""i"", ""ta""]}, {""rule_source"": ""azwADyAyI"", ""rule"": ""3.4.113"", ""result"": [""cor"", """", """", ""i"", ""ta""]}, {""rule_source"": ""azwADyAyI"", ""rule"": ""3.1.68"", ""result"": [""cor"", """", """", ""i"", ""Sap"", ""ta""]}, {""rule_source"": ""azwADyAyI"", ""rule"": ""1.3.3"", ""result"": [""cor"", """", """", ""i"", ""Sap"", ""ta""]}, {""rule_source"": ""azwADyAyI"", ""rule"": ""1.3.8"", ""result"": [""cor"", """", """", ""i"", ""Sap"", ""ta""]}, {""rule_source"": ""azwADyAyI"", ""rule"": ""1.3.9"", ""result"": [""cor"", """", """", ""i"", ""a"", ""ta""]}, {""rule_source"": ""azwADyAyI"", ""rule"": ""3.4.113"", ""result"": [""cor"", """", """", ""i"", ""a"", ""ta""]}, {""rule_source"": ""azwADyAyI"", ""rule"": ""3.4.79"", ""result"": [""cor"", """", """", ""i"", ""a"", ""te""]}, {""rule_source"": ""azwADyAyI"", ""rule"": ""1.2.4"", ""result"": [""cor"", """", """", ""i"", ""a"", ""te""]}, {""rule_source"": ""azwADyAyI"", ""rule"": ""1.4.13"", ""result"": [""cor"", """", """", ""i"", ""a"", ""te""]}, {""rule_source"": ""azwADyAyI"", ""rule"": ""7.3.84"", ""result"": [""cor"", """", """", ""e"", ""a"", ""te""]}, {""rule_source"": ""azwADyAyI"", ""rule"": ""6.4.51"", ""result"": [""cor"", """", """", ""e"", ""a"", ""te""]}, {""rule_source"": ""azwADyAyI"", ""rule"": ""6.4.51"", ""result"": [""cor"", """", """", ""e"", ""a"", ""te""]}, {""rule_source"": ""azwADyAyI"", ""rule"": ""1.4.14"", ""result"": [""cor"", """", """", ""e"", ""a"", ""te""]}, {""rule_source"": ""azwADyAyI"", ""rule"": ""6.1.78"", ""result"": [""cor"", """", """", ""ay"", ""a"", ""te""]}, {""rule_source"": ""azwADyAyI"", ""rule"": ""8.4.68"", ""result"": [""cor"", """", """", ""ay"", ""a"", ""te""]}]}]}"
curadi_true_causative:b1003430eb7d860d6037,curadi_true_causative,lit,लिट् (liṭ),perfect past,Prathama,Eka,corayAYcakAra;corayAmAsa;corayAmbaBUva,corayAYcakre;corayAmAsa;corayAmbaBUva,corayAYcakAra;corayAYcakre;corayAmAsa;corayAmbaBUva,4,locally_regenerated,"{""parasmaipada"": [{""form_slp1"": ""corayAmbaBUva"", ""steps"": [{""rule_source"": ""azwADyAyI"", ""rule"": ""1.3.1"", ""result"": [""cura~""]}, {""rule_source"": ""azwADyAyI"", ""rule"": ""1.3.2"", ""result"": [""cura~""]}, {""rule_source"": ""azwADyAyI"", ""rule"": ""1.3.9"", ""result"": [""cur""]}, {""rule_source"": ""azwADyAyI"", ""rule"": ""3.1.25"", ""result"": [""cur"", ""Ric""]}, {""rule_source"": ""azwADyAyI"", ""rule"": ""3.1.32"", ""result"": [""cur"", ""Ric""]}, {""rule_source"": ""azwADyAyI"", ""rule"": ""1.3.3"", ""result"": [""cur"", ""Ric""]}, {""rule_source"": ""azwADyAyI"", ""rule"": ""1.3.7"", ""result"": [""cur"", ""Ric""]}, {""rule_source"": ""azwADyAyI"", ""rule"": ""1.3.9"", ""result"": [""cur"", ""i""]}, {""rule_source"": ""azwADyAyI"", ""rule"": ""3.4.114"", ""result"": [""cur"", ""i""]}, {""rule_source"": ""azwADyAyI"", ""rule"": ""1.4.13"", ""result"": [""cur"", ""i""]}, {""rule_source"": ""azwADyAyI"", ""rule"": ""7.3.86"", ""result"": [""cor"", ""i""]}, {""rule_source"": ""azwADyAyI"", ""rule"": ""3.1.26"", ""result"": [""cor"", ""i"", ""Ric""]}, {""rule_source"": ""azwADyAyI"", ""rule"": ""3.1.32"", ""result"": [""cor"", ""i"", ""Ric""]}, {""rule_source"": ""azwADyAyI"", ""rule"": ""1.3.3"", ""result"": [""cor"", ""i"", ""Ric""]}, {""rule_source"": ""azwADyAyI"", ""rule"": ""1.3.7"", ""result"": [""cor"", ""i"", ""Ric""]}, {""rule_source"": ""azwADyAyI"", ""rule"": ""1.3.9"", ""result"": [""cor"", ""i"", ""i""]}, {""rule_source"": ""azwADyAyI"", ""rule"": ""3.4.114"", ""result"": [""cor"", ""i"", ""i""]}, {""rule_source"": ""azwADyAyI"", ""rule"": ""1.3.78"", ""result"": [""cor"", ""i"", ""i""]}, {""rule_source"": ""azwADyAyI"", ""rule"": ""1.4.13"", ""result"": [""cor"", ""i"", ""i""]}, {""rule_source"": ""azwADyAyI"", ""rule"": ""7.2.115"", ""result"": [""cor"", ""E"", ""i""]}, {""rule_source"": ""azwADyAyI"", ""rule"": ""6.4.51"", ""result"": [""cor"", """", ""i""]}, {""rule_source"": ""azwADyAyI"", ""rule"": ""3.1.26"", ""result"": [""cor"", """", ""i"", ""Ric""]}, {""rule_source"": ""azwADyAyI"", ""rule"": ""3.1.32"", ""result"": [""cor"", """", ""i"", ""Ric""]}, {""rule_source"": ""azwADyAyI"", ""rule"": ""1.3.3"", ""result"": [""cor"", """", ""i"", ""Ric""]}, {""rule_source"": ""azwADyAyI"", ""rule"": ""1.3.7"", ""result"": [""cor"", """", ""i"", ""Ric""]}, {""rule_source"": ""azwADyAyI"", ""rule"": ""1.3.9"", ""result"": [""cor"", """", ""i"", ""i""]}, {""rule_source"": ""azwADyAyI"", ""rule"": ""3.4.114"", ""result"": [""cor"", """", ""i"", ""i""]}, {""rule_source"": ""azwADyAyI"", ""rule"": ""1.3.78"", ""result"": [""cor"", """", ""i"", ""i""]}, {""rule_source"": ""azwADyAyI"", ""rule"": ""1.4.13"", ""result"": [""cor"", """", ""i"", ""i""]}, {""rule_source"": ""azwADyAyI"", ""rule"": ""7.2.115"", ""result"": [""cor"", """", ""E"", ""i""]}, {""rule_source"": ""azwADyAyI"", ""rule"": ""6.4.51"", ""result"": [""cor"", """", ""E"", ""i""]}, {""rule_source"": ""azwADyAyI"", ""rule"": ""6.4.51"", ""result"": [""cor"", """", """", ""i""]}, {""rule_source"": ""azwADyAyI"", ""rule"": ""3.2.115"", ""result"": [""cor"", """", """", ""i"", ""li~w""]}, {""rule_source"": ""azwADyAyI"", ""rule"": ""1.3.2"", ""result"": [""cor"", """", """", ""i"", ""li~w""]}, {""rule_source"": ""azwADyAyI"", ""rule"": ""1.3.3"", ""result"": [""cor"", """", """", ""i"", ""li~w""]}, {""rule_source"": ""azwADyAyI"", ""rule"": ""1.3.9"", ""result"": [""cor"", """", """", ""i"", ""l""]}, {""rule_source"": ""azwADyAyI"", ""rule"": ""3.1.35"", ""result"": [""cor"", """", """", ""i"", ""Am"", ""l""]}, {""rule_source"": ""azwADyAyI"", ""rule"": ""3.1.40:1"", ""result"": [""cor"", """", """", ""i"", ""Am"", ""BU"", ""l""]}, {""rule_source"": ""azwADyAyI"", ""rule"": ""3.4.78"", ""result"": [""cor"", """", """", ""i"", ""Am"", ""BU"", ""tip""]}, {""rule_source"": ""azwADyAyI"", ""rule"": ""1.3.3"", ""result"": [""cor"", """", """", ""i"", ""Am"", ""BU"", ""tip""]}, {""rule_source"": ""azwADyAyI"", ""rule"": ""1.3.9"", ""result"": [""cor"", """", """", ""i"", ""Am"", ""BU"", ""ti""]}, {""rule_source"": ""azwADyAyI"", ""rule"": ""3.4.114"", ""result"": [""cor"", """", """", ""i"", ""Am"", ""BU"", ""ti""]}, {""rule_source"": ""azwADyAyI"", ""rule"": ""3.4.115"", ""result"": [""cor"", """", """", ""i"", ""Am"", ""BU"", ""ti""]}, {""rule_source"": ""azwADyAyI"", ""rule"": ""3.4.82"", ""result"": [""cor"", """", """", ""i"", ""Am"", ""BU"", ""Ral""]}, {""rule_source"": ""azwADyAyI"", ""rule"": ""1.3.3"", ""result"": [""cor"", """", """", ""i"", ""Am"", ""BU"", ""Ral""]}, {""rule_source"": ""azwADyAyI"", ""rule"": ""1.3.7"", ""result"": [""cor"", """", """", ""i"", ""Am"", ""BU"", ""Ral""]}, {""rule_source"": ""azwADyAyI"", ""rule"": ""1.3.9"", ""result"": [""cor"", """", """", ""i"", ""Am"", ""BU"", ""a""]}, {""rule_source"": ""azwADyAyI"", ""rule"": ""3.4.115"", ""result"": [""cor"", """", """", ""i"", ""Am"", ""BU"", ""a""]}, {""rule_source"": ""azwADyAyI"", ""rule"": ""6.1.8"", ""result"": [""cor"", """", """", ""i"", ""Am"", ""BU"", ""BU"", ""a""]}, {""rule_source"": ""azwADyAyI"", ""rule"": ""6.1.4"", ""result"": [""cor"", """", """", ""i"", ""Am"", ""BU"", ""BU"", ""a""]}, {""rule_source"": ""azwADyAyI"", ""rule"": ""6.1.5"", ""result"": [""cor"", """", """", ""i"", ""Am"", ""BU"", ""BU"", ""a""]}, {""rule_source"": ""azwADyAyI"", ""rule"": ""1.4.13"", ""result"": [""cor"", """", """", ""i"", ""Am"", ""BU"", ""BU"", ""a""]}, {""rule_source"": ""azwADyAyI"", ""rule"": ""6.4.88"", ""result"": [""cor"", """", """", ""i"", ""Am"", ""BU"", ""BU"", ""vu~k"", ""a""]}, {""rule_source"": ""azwADyAyI"", ""rule"": ""1.3.2"", ""result"": [""cor"", """", """", ""i"", ""Am"", ""BU"", ""BU"", ""vu~k"", ""a""]}, {""rule_source"": ""azwADyAyI"", ""rule"": ""1.3.3"", ""result"": [""cor"", """", """", ""i"", ""Am"", ""BU"", ""BU"", ""vu~k"", ""a""]}, {""rule_source"": ""azwADyAyI"", ""rule"": ""1.3.9"", ""result"": [""cor"", """", """", ""i"", ""Am"", ""BU"", ""BU"", ""v"", ""a""]}, {""rule_source"": ""azwADyAyI"", ""rule"": ""7.3.84"", ""result"": [""cor"", """", """", ""e"", ""Am"", ""BU"", ""BU"", ""v"", ""a""]}, {""rule_source"": ""azwADyAyI"", ""rule"": ""6.4.51"", ""result"": [""cor"", """", """", ""e"", ""Am"", ""BU"", ""BU"", ""v"", ""a""]}, {""rule_source"": ""azwADyAyI"", ""rule"": ""6.4.51"", ""result"": [""cor"", """", """", ""e"", ""Am"", ""BU"", ""BU"", ""v"", ""a""]}, {""rule_source"": ""azwADyAyI"", ""rule"": ""6.4.55"", ""result"": [""cor"", """", """", ""ay"", ""Am"", ""BU"", ""BU"", ""v"", ""a""]}, {""rule_source"": ""azwADyAyI"", ""rule"": ""7.4.59"", ""result"": [""cor"", """", """", ""ay"", ""Am"", ""Bu"", ""BU"", ""v"", ""a""]}, {""rule_source"": ""azwADyAyI"", ""rule"": ""7.4.73"", ""result"": [""cor"", """", """", ""ay"", ""Am"", ""Ba"", ""BU"", ""v"", ""a""]}, {""rule_source"": ""azwADyAyI"", ""rule"": ""1.4.14"", ""result"": [""cor"", """", """", ""ay"", ""Am"", ""Ba"", ""BU"", ""v"", ""a""]}, {""rule_source"": ""azwADyAyI"", ""rule"": ""8.3.24"", ""result"": [""cor"", """", """", ""ay"", ""AM"", ""Ba"", ""BU"", ""v"", ""a""]}, {""rule_source"": ""azwADyAyI"", ""rule"": ""8.4.54"", ""result"": [""cor"", """", """", ""ay"", ""AM"", ""ba"", ""BU"", ""v"", ""a""]}, {""rule_source"": ""azwADyAyI"", ""rule"": ""8.4.58"", ""result"": [""cor"", """", """", ""ay"", ""Am"", ""ba"", ""BU"", ""v"", ""a""]}, {""rule_source"": ""azwADyAyI"", ""rule"": ""8.4.68"", ""result"": [""cor"", """", """", ""ay"", ""Am"", ""ba"", ""BU"", ""v"", ""a""]}]}, {""form_slp1"": ""corayAmAsa"", ""steps"": [{""rule_source"": ""azwADyAyI"", ""rule"": ""1.3.1"", ""result"": [""cura~""]}, {""rule_source"": ""azwADyAyI"", ""rule"": ""1.3.2"", ""result"": [""cura~""]}, {""rule_source"": ""azwADyAyI"", ""rule"": ""1.3.9"", ""result"": [""cur""]}, {""rule_source"": ""azwADyAyI"", ""rule"": ""3.1.25"", ""result"": [""cur"", ""Ric""]}, {""rule_source"": ""azwADyAyI"", ""rule"": ""3.1.32"", ""result"": [""cur"", ""Ric""]}, {""rule_source"": ""azwADyAyI"", ""rule"": ""1.3.3"", ""result"": [""cur"", ""Ric""]}, {""rule_source"": ""azwADyAyI"", ""rule"": ""1.3.7"", ""result"": [""cur"", ""Ric""]}, {""rule_source"": ""azwADyAyI"", ""rule"": ""1.3.9"", ""result"": [""cur"", ""i""]}, {""rule_source"": ""azwADyAyI"", ""rule"": ""3.4.114"", ""result"": [""cur"", ""i""]}, {""rule_source"": ""azwADyAyI"", ""rule"": ""1.4.13"", ""result"": [""cur"", ""i""]}, {""rule_source"": ""azwADyAyI"", ""rule"": ""7.3.86"", ""result"": [""cor"", ""i""]}, {""rule_source"": ""azwADyAyI"", ""rule"": ""3.1.26"", ""result"": [""cor"", ""i"", ""Ric""]}, {""rule_source"": ""azwADyAyI"", ""rule"": ""3.1.32"", ""result"": [""cor"", ""i"", ""Ric""]}, {""rule_source"": ""azwADyAyI"", ""rule"": ""1.3.3"", ""result"": [""cor"", ""i"", ""Ric""]}, {""rule_source"": ""azwADyAyI"", ""rule"": ""1.3.7"", ""result"": [""cor"", ""i"", ""Ric""]}, {""rule_source"": ""azwADyAyI"", ""rule"": ""1.3.9"", ""result"": [""cor"", ""i"", ""i""]}, {""rule_source"": ""azwADyAyI"", ""rule"": ""3.4.114"", ""result"": [""cor"", ""i"", ""i""]}, {""rule_source"": ""azwADyAyI"", ""rule"": ""1.3.78"", ""result"": [""cor"", ""i"", ""i""]}, {""rule_source"": ""azwADyAyI"", ""rule"": ""1.4.13"", ""result"": [""cor"", ""i"", ""i""]}, {""rule_source"": ""azwADyAyI"", ""rule"": ""7.2.115"", ""result"": [""cor"", ""E"", ""i""]}, {""rule_source"": ""azwADyAyI"", ""rule"": ""6.4.51"", ""result"": [""cor"", """", ""i""]}, {""rule_source"": ""azwADyAyI"", ""rule"": ""3.1.26"", ""result"": [""cor"", """", ""i"", ""Ric""]}, {""rule_source"": ""azwADyAyI"", ""rule"": ""3.1.32"", ""result"": [""cor"", """", ""i"", ""Ric""]}, {""rule_source"": ""azwADyAyI"", ""rule"": ""1.3.3"", ""result"": [""cor"", """", ""i"", ""Ric""]}, {""rule_source"": ""azwADyAyI"", ""rule"": ""1.3.7"", ""result"": [""cor"", """", ""i"", ""Ric""]}, {""rule_source"": ""azwADyAyI"", ""rule"": ""1.3.9"", ""result"": [""cor"", """", ""i"", ""i""]}, {""rule_source"": ""azwADyAyI"", ""rule"": ""3.4.114"", ""result"": [""cor"", """", ""i"", ""i""]}, {""rule_source"": ""azwADyAyI"", ""rule"": ""1.3.78"", ""result"": [""cor"", """", ""i"", ""i""]}, {""rule_source"": ""azwADyAyI"", ""rule"": ""1.4.13"", ""result"": [""cor"", """", ""i"", ""i""]}, {""rule_source"": ""azwADyAyI"", ""rule"": ""7.2.115"", ""result"": [""cor"", """", ""E"", ""i""]}, {""rule_source"": ""azwADyAyI"", ""rule"": ""6.4.51"", ""result"": [""cor"", """", ""E"", ""i""]}, {""rule_source"": ""azwADyAyI"", ""rule"": ""6.4.51"", ""result"": [""cor"", """", """", ""i""]}, {""rule_source"": ""azwADyAyI"", ""rule"": ""3.2.115"", ""result"": [""cor"", """", """", ""i"", ""li~w""]}, {""rule_source"": ""azwADyAyI"", ""rule"": ""1.3.2"", ""result"": [""cor"", """", """", ""i"", ""li~w""]}, {""rule_source"": ""azwADyAyI"", ""rule"": ""1.3.3"", ""result"": [""cor"", """", """", ""i"", ""li~w""]}, {""rule_source"": ""azwADyAyI"", ""rule"": ""1.3.9"", ""result"": [""cor"", """", """", ""i"", ""l""]}, {""rule_source"": ""azwADyAyI"", ""rule"": ""3.1.35"", ""result"": [""cor"", """", """", ""i"", ""Am"", ""l""]}, {""rule_source"": ""azwADyAyI"", ""rule"": ""3.1.40:2"", ""result"": [""cor"", """", """", ""i"", ""Am"", ""as"", ""l""]}, {""rule_source"": ""azwADyAyI"", ""rule"": ""3.4.78"", ""result"": [""cor"", """", """", ""i"", ""Am"", ""as"", ""tip""]}, {""rule_source"": ""azwADyAyI"", ""rule"": ""1.3.3"", ""result"": [""cor"", """", """", ""i"", ""Am"", ""as"", ""tip""]}, {""rule_source"": ""azwADyAyI"", ""rule"": ""1.3.9"", ""result"": [""cor"", """", """", ""i"", ""Am"", ""as"", ""ti""]}, {""rule_source"": ""azwADyAyI"", ""rule"": ""3.4.114"", ""result"": [""cor"", """", """", ""i"", ""Am"", ""as"", ""ti""]}, {""rule_source"": ""azwADyAyI"", ""rule"": ""3.4.115"", ""result"": [""cor"", """", """", ""i"", ""Am"", ""as"", ""ti""]}, {""rule_source"": ""azwADyAyI"", ""rule"": ""3.4.82"", ""result"": [""cor"", """", """", ""i"", ""Am"", ""as"", ""Ral""]}, {""rule_source"": ""azwADyAyI"", ""rule"": ""1.3.3"", ""result"": [""cor"", """", """", ""i"", ""Am"", ""as"", ""Ral""]}, {""rule_source"": ""azwADyAyI"", ""rule"": ""1.3.7"", ""result"": [""cor"", """", """", ""i"", ""Am"", ""as"", ""Ral""]}, {""rule_source"": ""azwADyAyI"", ""rule"": ""1.3.9"", ""result"": [""cor"", """", """", ""i"", ""Am"", ""as"", ""a""]}, {""rule_source"": ""azwADyAyI"", ""rule"": ""3.4.115"", ""result"": [""cor"", """", """", ""i"", ""Am"", ""as"", ""a""]}, {""rule_source"": ""azwADyAyI"", ""rule"": ""6.1.8"", ""result"": [""cor"", """", """", ""i"", ""Am"", ""as"", ""as"", ""a""]}, {""rule_source"": ""azwADyAyI"", ""rule"": ""6.1.4"", ""result"": [""cor"", """", """", ""i"", ""Am"", ""as"", ""as"", ""a""]}, {""rule_source"": ""azwADyAyI"", ""rule"": ""6.1.5"", ""result"": [""cor"", """", """", ""i"", ""Am"", ""as"", ""as"", ""a""]}, {""rule_source"": ""azwADyAyI"", ""rule"": ""1.4.13"", ""result"": [""cor"", """", """", ""i"", ""Am"", ""as"", ""as"", ""a""]}, {""rule_source"": ""azwADyAyI"", ""rule"": ""7.3.84"", ""result"": [""cor"", """", """", ""e"", ""Am"", ""as"", ""as"", ""a""]}, {""rule_source"": ""azwADyAyI"", ""rule"": ""7.2.116"", ""result"": [""cor"", """", """", ""e"", ""Am"", ""as"", ""As"", ""a""]}, {""rule_source"": ""azwADyAyI"", ""rule"": ""6.4.51"", ""result"": [""cor"", """", """", ""e"", ""Am"", ""as"", ""As"", ""a""]}, {""rule_source"": ""azwADyAyI"", ""rule"": ""6.4.51"", ""result"": [""cor"", """", """", ""e"", ""Am"", ""as"", ""As"", ""a""]}, {""rule_source"": ""azwADyAyI"", ""rule"": ""6.4.55"", ""result"": [""cor"", """", """", ""ay"", ""Am"", ""as"", ""As"", ""a""]}, {""rule_source"": ""azwADyAyI"", ""rule"": ""7.4.60"", ""result"": [""cor"", """", """", ""ay"", ""Am"", ""a"", ""As"", ""a""]}, {""rule_source"": ""azwADyAyI"", ""rule"": ""7.4.70"", ""result"": [""cor"", """", """", ""ay"", ""Am"", ""A"", ""As"", ""a""]}, {""rule_source"": ""azwADyAyI"", ""rule"": ""1.4.14"", ""result"": [""cor"", """", """", ""ay"", ""Am"", ""A"", ""As"", ""a""]}, {""rule_source"": ""azwADyAyI"", ""rule"": ""6.1.101"", ""result"": [""cor"", """", """", ""ay"", ""Am"", ""A"", ""s"", ""a""]}, {""rule_source"": ""azwADyAyI"", ""rule"": ""8.4.68"", ""result"": [""cor"", """", """", ""ay"", ""Am"", ""A"", ""s"", ""a""]}]}, {""form_slp1"": ""corayAYcakAra"", ""steps"": [{""rule_source"": ""azwADyAyI"", ""rule"": ""1.3.1"", ""result"": [""cura~""]}, {""rule_source"": ""azwADyAyI"", ""rule"": ""1.3.2"", ""result"": [""cura~""]}, {""rule_source"": ""azwADyAyI"", ""rule"": ""1.3.9"", ""result"": [""cur""]}, {""rule_source"": ""azwADyAyI"", ""rule"": ""3.1.25"", ""result"": [""cur"", ""Ric""]}, {""rule_source"": ""azwADyAyI"", ""rule"": ""3.1.32"", ""result"": [""cur"", ""Ric""]}, {""rule_source"": ""azwADyAyI"", ""rule"": ""1.3.3"", ""result"": [""cur"", ""Ric""]}, {""rule_source"": ""azwADyAyI"", ""rule"": ""1.3.7"", ""result"": [""cur"", ""Ric""]}, {""rule_source"": ""azwADyAyI"", ""rule"": ""1.3.9"", ""result"": [""cur"", ""i""]}, {""rule_source"": ""azwADyAyI"", ""rule"": ""3.4.114"", ""result"": [""cur"", ""i""]}, {""rule_source"": ""azwADyAyI"", ""rule"": ""1.4.13"", ""result"": [""cur"", ""i""]}, {""rule_source"": ""azwADyAyI"", ""rule"": ""7.3.86"", ""result"": [""cor"", ""i""]}, {""rule_source"": ""azwADyAyI"", ""rule"": ""3.1.26"", ""result"": [""cor"", ""i"", ""Ric""]}, {""rule_source"": ""azwADyAyI"", ""rule"": ""3.1.32"", ""result"": [""cor"", ""i"", ""Ric""]}, {""rule_source"": ""azwADyAyI"", ""rule"": ""1.3.3"", ""result"": [""cor"", ""i"", ""Ric""]}, {""rule_source"": ""azwADyAyI"", ""rule"": ""1.3.7"", ""result"": [""cor"", ""i"", ""Ric""]}, {""rule_source"": ""azwADyAyI"", ""rule"": ""1.3.9"", ""result"": [""cor"", ""i"", ""i""]}, {""rule_source"": ""azwADyAyI"", ""rule"": ""3.4.114"", ""result"": [""cor"", ""i"", ""i""]}, {""rule_source"": ""azwADyAyI"", ""rule"": ""1.3.78"", ""result"": [""cor"", ""i"", ""i""]}, {""rule_source"": ""azwADyAyI"", ""rule"": ""1.4.13"", ""result"": [""cor"", ""i"", ""i""]}, {""rule_source"": ""azwADyAyI"", ""rule"": ""7.2.115"", ""result"": [""cor"", ""E"", ""i""]}, {""rule_source"": ""azwADyAyI"", ""rule"": ""6.4.51"", ""result"": [""cor"", """", ""i""]}, {""rule_source"": ""azwADyAyI"", ""rule"": ""3.1.26"", ""result"": [""cor"", """", ""i"", ""Ric""]}, {""rule_source"": ""azwADyAyI"", ""rule"": ""3.1.32"", ""result"": [""cor"", """", ""i"", ""Ric""]}, {""rule_source"": ""azwADyAyI"", ""rule"": ""1.3.3"", ""result"": [""cor"", """", ""i"", ""Ric""]}, {""rule_source"": ""azwADyAyI"", ""rule"": ""1.3.7"", ""result"": [""cor"", """", ""i"", ""Ric""]}, {""rule_source"": ""azwADyAyI"", ""rule"": ""1.3.9"", ""result"": [""cor"", """", ""i"", ""i""]}, {""rule_source"": ""azwADyAyI"", ""rule"": ""3.4.114"", ""result"": [""cor"", """", ""i"", ""i""]}, {""rule_source"": ""azwADyAyI"", ""rule"": ""1.3.78"", ""result"": [""cor"", """", ""i"", ""i""]}, {""rule_source"": ""azwADyAyI"", ""rule"": ""1.4.13"", ""result"": [""cor"", """", ""i"", ""i""]}, {""rule_source"": ""azwADyAyI"", ""rule"": ""7.2.115"", ""result"": [""cor"", """", ""E"", ""i""]}, {""rule_source"": ""azwADyAyI"", ""rule"": ""6.4.51"", ""result"": [""cor"", """", ""E"", ""i""]}, {""rule_source"": ""azwADyAyI"", ""rule"": ""6.4.51"", ""result"": [""cor"", """", """", ""i""]}, {""rule_source"": ""azwADyAyI"", ""rule"": ""3.2.115"", ""result"": [""cor"", """", """", ""i"", ""li~w""]}, {""rule_source"": ""azwADyAyI"", ""rule"": ""1.3.2"", ""result"": [""cor"", """", """", ""i"", ""li~w""]}, {""rule_source"": ""azwADyAyI"", ""rule"": ""1.3.3"", ""result"": [""cor"", """", """", ""i"", ""li~w""]}, {""rule_source"": ""azwADyAyI"", ""rule"": ""1.3.9"", ""result"": [""cor"", """", """", ""i"", ""l""]}, {""rule_source"": ""azwADyAyI"", ""rule"": ""3.1.35"", ""result"": [""cor"", """", """", ""i"", ""Am"", ""l""]}, {""rule_source"": ""azwADyAyI"", ""rule"": ""3.1.40:kf"", ""result"": [""cor"", """", """", ""i"", ""Am"", ""kf"", ""l""]}, {""rule_source"": ""azwADyAyI"", ""rule"": ""3.4.78"", ""result"": [""cor"", """", """", ""i"", ""Am"", ""kf"", ""tip""]}, {""rule_source"": ""azwADyAyI"", ""rule"": ""1.3.3"", ""result"": [""cor"", """", """", ""i"", ""Am"", ""kf"", ""tip""]}, {""rule_source"": ""azwADyAyI"", ""rule"": ""1.3.9"", ""result"": [""cor"", """", """", ""i"", ""Am"", ""kf"", ""ti""]}, {""rule_source"": ""azwADyAyI"", ""rule"": ""3.4.114"", ""result"": [""cor"", """", """", ""i"", ""Am"", ""kf"", ""ti""]}, {""rule_source"": ""azwADyAyI"", ""rule"": ""3.4.115"", ""result"": [""cor"", """", """", ""i"", ""Am"", ""kf"", ""ti""]}, {""rule_source"": ""azwADyAyI"", ""rule"": ""3.4.82"", ""result"": [""cor"", """", """", ""i"", ""Am"", ""kf"", ""Ral""]}, {""rule_source"": ""azwADyAyI"", ""rule"": ""1.3.3"", ""result"": [""cor"", """", """", ""i"", ""Am"", ""kf"", ""Ral""]}, {""rule_source"": ""azwADyAyI"", ""rule"": ""1.3.7"", ""result"": [""cor"", """", """", ""i"", ""Am"", ""kf"", ""Ral""]}, {""rule_source"": ""azwADyAyI"", ""rule"": ""1.3.9"", ""result"": [""cor"", """", """", ""i"", ""Am"", ""kf"", ""a""]}, {""rule_source"": ""azwADyAyI"", ""rule"": ""3.4.115"", ""result"": [""cor"", """", """", ""i"", ""Am"", ""kf"", ""a""]}, {""rule_source"": ""azwADyAyI"", ""rule"": ""6.1.8"", ""result"": [""cor"", """", """", ""i"", ""Am"", ""kf"", ""kf"", ""a""]}, {""rule_source"": ""azwADyAyI"", ""rule"": ""6.1.4"", ""result"": [""cor"", """", """", ""i"", ""Am"", ""kf"", ""kf"", ""a""]}, {""rule_source"": ""azwADyAyI"", ""rule"": ""6.1.5"", ""result"": [""cor"", """", """", ""i"", ""Am"", ""kf"", ""kf"", ""a""]}, {""rule_source"": ""azwADyAyI"", ""rule"": ""1.4.13"", ""result"": [""cor"", """", """", ""i"", ""Am"", ""kf"", ""kf"", ""a""]}, {""rule_source"": ""azwADyAyI"", ""rule"": ""7.3.84"", ""result"": [""cor"", """", """", ""e"", ""Am"", ""kf"", ""kf"", ""a""]}, {""rule_source"": ""azwADyAyI"", ""rule"": ""7.2.115"", ""result"": [""cor"", """", """", ""e"", ""Am"", ""kf"", ""kAr"", ""a""]}, {""rule_source"": ""azwADyAyI"", ""rule"": ""6.4.51"", ""result"": [""cor"", """", """", ""e"", ""Am"", ""kf"", ""kAr"", ""a""]}, {""rule_source"": ""azwADyAyI"", ""rule"": ""6.4.51"", ""result"": [""cor"", """", """", ""e"", ""Am"", ""kf"", ""kAr"", ""a""]}, {""rule_source"": ""azwADyAyI"", ""rule"": ""6.4.55"", ""result"": [""cor"", """", """", ""ay"", ""Am"", ""kf"", ""kAr"", ""a""]}, {""rule_source"": ""azwADyAyI"", ""rule"": ""7.4.62"", ""result"": [""cor"", """", """", ""ay"", ""Am"", ""cf"", ""kAr"", ""a""]}, {""rule_source"": ""azwADyAyI"", ""rule"": ""7.4.66"", ""result"": [""cor"", """", """", ""ay"", ""Am"", ""ca"", ""kAr"", ""a""]}, {""rule_source"": ""azwADyAyI"", ""rule"": ""1.4.14"", ""result"": [""cor"", """", """", ""ay"", ""Am"", ""ca"", ""kAr"", ""a""]}, {""rule_source"": ""azwADyAyI"", ""rule"": ""8.3.24"", ""result"": [""cor"", """", """", ""ay"", ""AM"", ""ca"", ""kAr"", ""a""]}, {""rule_source"": ""azwADyAyI"", ""rule"": ""8.4.58"", ""result"": [""cor"", """", """", ""ay"", ""AY"", ""ca"", ""kAr"", ""a""]}, {""rule_source"": ""azwADyAyI"", ""rule"": ""8.4.68"", ""result"": [""cor"", """", """", ""ay"", ""AY"", ""ca"", ""kAr"", ""a""]}]}], ""atmanepada"": [{""form_slp1"": ""corayAmbaBUva"", ""steps"": [{""rule_source"": ""azwADyAyI"", ""rule"": ""1.3.1"", ""result"": [""cura~""]}, {""rule_source"": ""azwADyAyI"", ""rule"": ""1.3.2"", ""result"": [""cura~""]}, {""rule_source"": ""azwADyAyI"", ""rule"": ""1.3.9"", ""result"": [""cur""]}, {""rule_source"": ""azwADyAyI"", ""rule"": ""3.1.25"", ""result"": [""cur"", ""Ric""]}, {""rule_source"": ""azwADyAyI"", ""rule"": ""3.1.32"", ""result"": [""cur"", ""Ric""]}, {""rule_source"": ""azwADyAyI"", ""rule"": ""1.3.3"", ""result"": [""cur"", ""Ric""]}, {""rule_source"": ""azwADyAyI"", ""rule"": ""1.3.7"", ""result"": [""cur"", ""Ric""]}, {""rule_source"": ""azwADyAyI"", ""rule"": ""1.3.9"", ""result"": [""cur"", ""i""]}, {""rule_source"": ""azwADyAyI"", ""rule"": ""3.4.114"", ""result"": [""cur"", ""i""]}, {""rule_source"": ""azwADyAyI"", ""rule"": ""1.4.13"", ""result"": [""cur"", ""i""]}, {""rule_source"": ""azwADyAyI"", ""rule"": ""7.3.86"", ""result"": [""cor"", ""i""]}, {""rule_source"": ""azwADyAyI"", ""rule"": ""3.1.26"", ""result"": [""cor"", ""i"", ""Ric""]}, {""rule_source"": ""azwADyAyI"", ""rule"": ""3.1.32"", ""result"": [""cor"", ""i"", ""Ric""]}, {""rule_source"": ""azwADyAyI"", ""rule"": ""1.3.3"", ""result"": [""cor"", ""i"", ""Ric""]}, {""rule_source"": ""azwADyAyI"", ""rule"": ""1.3.7"", ""result"": [""cor"", ""i"", ""Ric""]}, {""rule_source"": ""azwADyAyI"", ""rule"": ""1.3.9"", ""result"": [""cor"", ""i"", ""i""]}, {""rule_source"": ""azwADyAyI"", ""rule"": ""3.4.114"", ""result"": [""cor"", ""i"", ""i""]}, {""rule_source"": ""azwADyAyI"", ""rule"": ""1.3.74"", ""result"": [""cor"", ""i"", ""i""]}, {""rule_source"": ""azwADyAyI"", ""rule"": ""1.4.13"", ""result"": [""cor"", ""i"", ""i""]}, {""rule_source"": ""azwADyAyI"", ""rule"": ""7.2.115"", ""result"": [""cor"", ""E"", ""i""]}, {""rule_source"": ""azwADyAyI"", ""rule"": ""6.4.51"", ""result"": [""cor"", """", ""i""]}, {""rule_source"": ""azwADyAyI"", ""rule"": ""3.1.26"", ""result"": [""cor"", """", ""i"", ""Ric""]}, {""rule_source"": ""azwADyAyI"", ""rule"": ""3.1.32"", ""result"": [""cor"", """", ""i"", ""Ric""]}, {""rule_source"": ""azwADyAyI"", ""rule"": ""1.3.3"", ""result"": [""cor"", """", ""i"", ""Ric""]}, {""rule_source"": ""azwADyAyI"", ""rule"": ""1.3.7"", ""result"": [""cor"", """", ""i"", ""Ric""]}, {""rule_source"": ""azwADyAyI"", ""rule"": ""1.3.9"", ""result"": [""cor"", """", ""i"", ""i""]}, {""rule_source"": ""azwADyAyI"", ""rule"": ""3.4.114"", ""result"": [""cor"", """", ""i"", ""i""]}, {""rule_source"": ""azwADyAyI"", ""rule"": ""1.3.74"", ""result"": [""cor"", """", ""i"", ""i""]}, {""rule_source"": ""azwADyAyI"", ""rule"": ""1.4.13"", ""result"": [""cor"", """", ""i"", ""i""]}, {""rule_source"": ""azwADyAyI"", ""rule"": ""7.2.115"", ""result"": [""cor"", """", ""E"", ""i""]}, {""rule_source"": ""azwADyAyI"", ""rule"": ""6.4.51"", ""result"": [""cor"", """", ""E"", ""i""]}, {""rule_source"": ""azwADyAyI"", ""rule"": ""6.4.51"", ""result"": [""cor"", """", """", ""i""]}, {""rule_source"": ""azwADyAyI"", ""rule"": ""3.2.115"", ""result"": [""cor"", """", """", ""i"", ""li~w""]}, {""rule_source"": ""azwADyAyI"", ""rule"": ""1.3.2"", ""result"": [""cor"", """", """", ""i"", ""li~w""]}, {""rule_source"": ""azwADyAyI"", ""rule"": ""1.3.3"", ""result"": [""cor"", """", """", ""i"", ""li~w""]}, {""rule_source"": ""azwADyAyI"", ""rule"": ""1.3.9"", ""result"": [""cor"", """", """", ""i"", ""l""]}, {""rule_source"": ""azwADyAyI"", ""rule"": ""3.1.35"", ""result"": [""cor"", """", """", ""i"", ""Am"", ""l""]}, {""rule_source"": ""azwADyAyI"", ""rule"": ""3.1.40:1"", ""result"": [""cor"", """", """", ""i"", ""Am"", ""BU"", ""l""]}, {""rule_source"": ""azwADyAyI"", ""rule"": ""3.4.78"", ""result"": [""cor"", """", """", ""i"", ""Am"", ""BU"", ""tip""]}, {""rule_source"": ""azwADyAyI"", ""rule"": ""1.3.3"", ""result"": [""cor"", """", """", ""i"", ""Am"", ""BU"", ""tip""]}, {""rule_source"": ""azwADyAyI"", ""rule"": ""1.3.9"", ""result"": [""cor"", """", """", ""i"", ""Am"", ""BU"", ""ti""]}, {""rule_source"": ""azwADyAyI"", ""rule"": ""3.4.114"", ""result"": [""cor"", """", """", ""i"", ""Am"", ""BU"", ""ti""]}, {""rule_source"": ""azwADyAyI"", ""rule"": ""3.4.115"", ""result"": [""cor"", """", """", ""i"", ""Am"", ""BU"", ""ti""]}, {""rule_source"": ""azwADyAyI"", ""rule"": ""3.4.82"", ""result"": [""cor"", """", """", ""i"", ""Am"", ""BU"", ""Ral""]}, {""rule_source"": ""azwADyAyI"", ""rule"": ""1.3.3"", ""result"": [""cor"", """", """", ""i"", ""Am"", ""BU"", ""Ral""]}, {""rule_source"": ""azwADyAyI"", ""rule"": ""1.3.7"", ""result"": [""cor"", """", """", ""i"", ""Am"", ""BU"", ""Ral""]}, {""rule_source"": ""azwADyAyI"", ""rule"": ""1.3.9"", ""result"": [""cor"", """", """", ""i"", ""Am"", ""BU"", ""a""]}, {""rule_source"": ""azwADyAyI"", ""rule"": ""3.4.115"", ""result"": [""cor"", """", """", ""i"", ""Am"", ""BU"", ""a""]}, {""rule_source"": ""azwADyAyI"", ""rule"": ""6.1.8"", ""result"": [""cor"", """", """", ""i"", ""Am"", ""BU"", ""BU"", ""a""]}, {""rule_source"": ""azwADyAyI"", ""rule"": ""6.1.4"", ""result"": [""cor"", """", """", ""i"", ""Am"", ""BU"", ""BU"", ""a""]}, {""rule_source"": ""azwADyAyI"", ""rule"": ""6.1.5"", ""result"": [""cor"", """", """", ""i"", ""Am"", ""BU"", ""BU"", ""a""]}, {""rule_source"": ""azwADyAyI"", ""rule"": ""1.4.13"", ""result"": [""cor"", """", """", ""i"", ""Am"", ""BU"", ""BU"", ""a""]}, {""rule_source"": ""azwADyAyI"", ""rule"": ""6.4.88"", ""result"": [""cor"", """", """", ""i"", ""Am"", ""BU"", ""BU"", ""vu~k"", ""a""]}, {""rule_source"": ""azwADyAyI"", ""rule"": ""1.3.2"", ""result"": [""cor"", """", """", ""i"", ""Am"", ""BU"", ""BU"", ""vu~k"", ""a""]}, {""rule_source"": ""azwADyAyI"", ""rule"": ""1.3.3"", ""result"": [""cor"", """", """", ""i"", ""Am"", ""BU"", ""BU"", ""vu~k"", ""a""]}, {""rule_source"": ""azwADyAyI"", ""rule"": ""1.3.9"", ""result"": [""cor"", """", """", ""i"", ""Am"", ""BU"", ""BU"", ""v"", ""a""]}, {""rule_source"": ""azwADyAyI"", ""rule"": ""7.3.84"", ""result"": [""cor"", """", """", ""e"", ""Am"", ""BU"", ""BU"", ""v"", ""a""]}, {""rule_source"": ""azwADyAyI"", ""rule"": ""6.4.51"", ""result"": [""cor"", """", """", ""e"", ""Am"", ""BU"", ""BU"", ""v"", ""a""]}, {""rule_source"": ""azwADyAyI"", ""rule"": ""6.4.51"", ""result"": [""cor"", """", """", ""e"", ""Am"", ""BU"", ""BU"", ""v"", ""a""]}, {""rule_source"": ""azwADyAyI"", ""rule"": ""6.4.55"", ""result"": [""cor"", """", """", ""ay"", ""Am"", ""BU"", ""BU"", ""v"", ""a""]}, {""rule_source"": ""azwADyAyI"", ""rule"": ""7.4.59"", ""result"": [""cor"", """", """", ""ay"", ""Am"", ""Bu"", ""BU"", ""v"", ""a""]}, {""rule_source"": ""azwADyAyI"", ""rule"": ""7.4.73"", ""result"": [""cor"", """", """", ""ay"", ""Am"", ""Ba"", ""BU"", ""v"", ""a""]}, {""rule_source"": ""azwADyAyI"", ""rule"": ""1.4.14"", ""result"": [""cor"", """", """", ""ay"", ""Am"", ""Ba"", ""BU"", ""v"", ""a""]}, {""rule_source"": ""azwADyAyI"", ""rule"": ""8.3.24"", ""result"": [""cor"", """", """", ""ay"", ""AM"", ""Ba"", ""BU"", ""v"", ""a""]}, {""rule_source"": ""azwADyAyI"", ""rule"": ""8.4.54"", ""result"": [""cor"", """", """", ""ay"", ""AM"", ""ba"", ""BU"", ""v"", ""a""]}, {""rule_source"": ""azwADyAyI"", ""rule"": ""8.4.58"", ""result"": [""cor"", """", """", ""ay"", ""Am"", ""ba"", ""BU"", ""v"", ""a""]}, {""rule_source"": ""azwADyAyI"", ""rule"": ""8.4.68"", ""result"": [""cor"", """", """", ""ay"", ""Am"", ""ba"", ""BU"", ""v"", ""a""]}]}, {""form_slp1"": ""corayAmAsa"", ""steps"": [{""rule_source"": ""azwADyAyI"", ""rule"": ""1.3.1"", ""result"": [""cura~""]}, {""rule_source"": ""azwADyAyI"", ""rule"": ""1.3.2"", ""result"": [""cura~""]}, {""rule_source"": ""azwADyAyI"", ""rule"": ""1.3.9"", ""result"": [""cur""]}, {""rule_source"": ""azwADyAyI"", ""rule"": ""3.1.25"", ""result"": [""cur"", ""Ric""]}, {""rule_source"": ""azwADyAyI"", ""rule"": ""3.1.32"", ""result"": [""cur"", ""Ric""]}, {""rule_source"": ""azwADyAyI"", ""rule"": ""1.3.3"", ""result"": [""cur"", ""Ric""]}, {""rule_source"": ""azwADyAyI"", ""rule"": ""1.3.7"", ""result"": [""cur"", ""Ric""]}, {""rule_source"": ""azwADyAyI"", ""rule"": ""1.3.9"", ""result"": [""cur"", ""i""]}, {""rule_source"": ""azwADyAyI"", ""rule"": ""3.4.114"", ""result"": [""cur"", ""i""]}, {""rule_source"": ""azwADyAyI"", ""rule"": ""1.4.13"", ""result"": [""cur"", ""i""]}, {""rule_source"": ""azwADyAyI"", ""rule"": ""7.3.86"", ""result"": [""cor"", ""i""]}, {""rule_source"": ""azwADyAyI"", ""rule"": ""3.1.26"", ""result"": [""cor"", ""i"", ""Ric""]}, {""rule_source"": ""azwADyAyI"", ""rule"": ""3.1.32"", ""result"": [""cor"", ""i"", ""Ric""]}, {""rule_source"": ""azwADyAyI"", ""rule"": ""1.3.3"", ""result"": [""cor"", ""i"", ""Ric""]}, {""rule_source"": ""azwADyAyI"", ""rule"": ""1.3.7"", ""result"": [""cor"", ""i"", ""Ric""]}, {""rule_source"": ""azwADyAyI"", ""rule"": ""1.3.9"", ""result"": [""cor"", ""i"", ""i""]}, {""rule_source"": ""azwADyAyI"", ""rule"": ""3.4.114"", ""result"": [""cor"", ""i"", ""i""]}, {""rule_source"": ""azwADyAyI"", ""rule"": ""1.3.74"", ""result"": [""cor"", ""i"", ""i""]}, {""rule_source"": ""azwADyAyI"", ""rule"": ""1.4.13"", ""result"": [""cor"", ""i"", ""i""]}, {""rule_source"": ""azwADyAyI"", ""rule"": ""7.2.115"", ""result"": [""cor"", ""E"", ""i""]}, {""rule_source"": ""azwADyAyI"", ""rule"": ""6.4.51"", ""result"": [""cor"", """", ""i""]}, {""rule_source"": ""azwADyAyI"", ""rule"": ""3.1.26"", ""result"": [""cor"", """", ""i"", ""Ric""]}, {""rule_source"": ""azwADyAyI"", ""rule"": ""3.1.32"", ""result"": [""cor"", """", ""i"", ""Ric""]}, {""rule_source"": ""azwADyAyI"", ""rule"": ""1.3.3"", ""result"": [""cor"", """", ""i"", ""Ric""]}, {""rule_source"": ""azwADyAyI"", ""rule"": ""1.3.7"", ""result"": [""cor"", """", ""i"", ""Ric""]}, {""rule_source"": ""azwADyAyI"", ""rule"": ""1.3.9"", ""result"": [""cor"", """", ""i"", ""i""]}, {""rule_source"": ""azwADyAyI"", ""rule"": ""3.4.114"", ""result"": [""cor"", """", ""i"", ""i""]}, {""rule_source"": ""azwADyAyI"", ""rule"": ""1.3.74"", ""result"": [""cor"", """", ""i"", ""i""]}, {""rule_source"": ""azwADyAyI"", ""rule"": ""1.4.13"", ""result"": [""cor"", """", ""i"", ""i""]}, {""rule_source"": ""azwADyAyI"", ""rule"": ""7.2.115"", ""result"": [""cor"", """", ""E"", ""i""]}, {""rule_source"": ""azwADyAyI"", ""rule"": ""6.4.51"", ""result"": [""cor"", """", ""E"", ""i""]}, {""rule_source"": ""azwADyAyI"", ""rule"": ""6.4.51"", ""result"": [""cor"", """", """", ""i""]}, {""rule_source"": ""azwADyAyI"", ""rule"": ""3.2.115"", ""result"": [""cor"", """", """", ""i"", ""li~w""]}, {""rule_source"": ""azwADyAyI"", ""rule"": ""1.3.2"", ""result"": [""cor"", """", """", ""i"", ""li~w""]}, {""rule_source"": ""azwADyAyI"", ""rule"": ""1.3.3"", ""result"": [""cor"", """", """", ""i"", ""li~w""]}, {""rule_source"": ""azwADyAyI"", ""rule"": ""1.3.9"", ""result"": [""cor"", """", """", ""i"", ""l""]}, {""rule_source"": ""azwADyAyI"", ""rule"": ""3.1.35"", ""result"": [""cor"", """", """", ""i"", ""Am"", ""l""]}, {""rule_source"": ""azwADyAyI"", ""rule"": ""3.1.40:2"", ""result"": [""cor"", """", """", ""i"", ""Am"", ""as"", ""l""]}, {""rule_source"": ""azwADyAyI"", ""rule"": ""3.4.78"", ""result"": [""cor"", """", """", ""i"", ""Am"", ""as"", ""tip""]}, {""rule_source"": ""azwADyAyI"", ""rule"": ""1.3.3"", ""result"": [""cor"", """", """", ""i"", ""Am"", ""as"", ""tip""]}, {""rule_source"": ""azwADyAyI"", ""rule"": ""1.3.9"", ""result"": [""cor"", """", """", ""i"", ""Am"", ""as"", ""ti""]}, {""rule_source"": ""azwADyAyI"", ""rule"": ""3.4.114"", ""result"": [""cor"", """", """", ""i"", ""Am"", ""as"", ""ti""]}, {""rule_source"": ""azwADyAyI"", ""rule"": ""3.4.115"", ""result"": [""cor"", """", """", ""i"", ""Am"", ""as"", ""ti""]}, {""rule_source"": ""azwADyAyI"", ""rule"": ""3.4.82"", ""result"": [""cor"", """", """", ""i"", ""Am"", ""as"", ""Ral""]}, {""rule_source"": ""azwADyAyI"", ""rule"": ""1.3.3"", ""result"": [""cor"", """", """", ""i"", ""Am"", ""as"", ""Ral""]}, {""rule_source"": ""azwADyAyI"", ""rule"": ""1.3.7"", ""result"": [""cor"", """", """", ""i"", ""Am"", ""as"", ""Ral""]}, {""rule_source"": ""azwADyAyI"", ""rule"": ""1.3.9"", ""result"": [""cor"", """", """", ""i"", ""Am"", ""as"", ""a""]}, {""rule_source"": ""azwADyAyI"", ""rule"": ""3.4.115"", ""result"": [""cor"", """", """", ""i"", ""Am"", ""as"", ""a""]}, {""rule_source"": ""azwADyAyI"", ""rule"": ""6.1.8"", ""result"": [""cor"", """", """", ""i"", ""Am"", ""as"", ""as"", ""a""]}, {""rule_source"": ""azwADyAyI"", ""rule"": ""6.1.4"", ""result"": [""cor"", """", """", ""i"", ""Am"", ""as"", ""as"", ""a""]}, {""rule_source"": ""azwADyAyI"", ""rule"": ""6.1.5"", ""result"": [""cor"", """", """", ""i"", ""Am"", ""as"", ""as"", ""a""]}, {""rule_source"": ""azwADyAyI"", ""rule"": ""1.4.13"", ""result"": [""cor"", """", """", ""i"", ""Am"", ""as"", ""as"", ""a""]}, {""rule_source"": ""azwADyAyI"", ""rule"": ""7.3.84"", ""result"": [""cor"", """", """", ""e"", ""Am"", ""as"", ""as"", ""a""]}, {""rule_source"": ""azwADyAyI"", ""rule"": ""7.2.116"", ""result"": [""cor"", """", """", ""e"", ""Am"", ""as"", ""As"", ""a""]}, {""rule_source"": ""azwADyAyI"", ""rule"": ""6.4.51"", ""result"": [""cor"", """", """", ""e"", ""Am"", ""as"", ""As"", ""a""]}, {""rule_source"": ""azwADyAyI"", ""rule"": ""6.4.51"", ""result"": [""cor"", """", """", ""e"", ""Am"", ""as"", ""As"", ""a""]}, {""rule_source"": ""azwADyAyI"", ""rule"": ""6.4.55"", ""result"": [""cor"", """", """", ""ay"", ""Am"", ""as"", ""As"", ""a""]}, {""rule_source"": ""azwADyAyI"", ""rule"": ""7.4.60"", ""result"": [""cor"", """", """", ""ay"", ""Am"", ""a"", ""As"", ""a""]}, {""rule_source"": ""azwADyAyI"", ""rule"": ""7.4.70"", ""result"": [""cor"", """", """", ""ay"", ""Am"", ""A"", ""As"", ""a""]}, {""rule_source"": ""azwADyAyI"", ""rule"": ""1.4.14"", ""result"": [""cor"", """", """", ""ay"", ""Am"", ""A"", ""As"", ""a""]}, {""rule_source"": ""azwADyAyI"", ""rule"": ""6.1.101"", ""result"": [""cor"", """", """", ""ay"", ""Am"", ""A"", ""s"", ""a""]}, {""rule_source"": ""azwADyAyI"", ""rule"": ""8.4.68"", ""result"": [""cor"", """", """", ""ay"", ""Am"", ""A"", ""s"", ""a""]}]}, {""form_slp1"": ""corayAYcakre"", ""steps"": [{""rule_source"": ""azwADyAyI"", ""rule"": ""1.3.1"", ""result"": [""cura~""]}, {""rule_source"": ""azwADyAyI"", ""rule"": ""1.3.2"", ""result"": [""cura~""]}, {""rule_source"": ""azwADyAyI"", ""rule"": ""1.3.9"", ""result"": [""cur""]}, {""rule_source"": ""azwADyAyI"", ""rule"": ""3.1.25"", ""result"": [""cur"", ""Ric""]}, {""rule_source"": ""azwADyAyI"", ""rule"": ""3.1.32"", ""result"": [""cur"", ""Ric""]}, {""rule_source"": ""azwADyAyI"", ""rule"": ""1.3.3"", ""result"": [""cur"", ""Ric""]}, {""rule_source"": ""azwADyAyI"", ""rule"": ""1.3.7"", ""result"": [""cur"", ""Ric""]}, {""rule_source"": ""azwADyAyI"", ""rule"": ""1.3.9"", ""result"": [""cur"", ""i""]}, {""rule_source"": ""azwADyAyI"", ""rule"": ""3.4.114"", ""result"": [""cur"", ""i""]}, {""rule_source"": ""azwADyAyI"", ""rule"": ""1.4.13"", ""result"": [""cur"", ""i""]}, {""rule_source"": ""azwADyAyI"", ""rule"": ""7.3.86"", ""result"": [""cor"", ""i""]}, {""rule_source"": ""azwADyAyI"", ""rule"": ""3.1.26"", ""result"": [""cor"", ""i"", ""Ric""]}, {""rule_source"": ""azwADyAyI"", ""rule"": ""3.1.32"", ""result"": [""cor"", ""i"", ""Ric""]}, {""rule_source"": ""azwADyAyI"", ""rule"": ""1.3.3"", ""result"": [""cor"", ""i"", ""Ric""]}, {""rule_source"": ""azwADyAyI"", ""rule"": ""1.3.7"", ""result"": [""cor"", ""i"", ""Ric""]}, {""rule_source"": ""azwADyAyI"", ""rule"": ""1.3.9"", ""result"": [""cor"", ""i"", ""i""]}, {""rule_source"": ""azwADyAyI"", ""rule"": ""3.4.114"", ""result"": [""cor"", ""i"", ""i""]}, {""rule_source"": ""azwADyAyI"", ""rule"": ""1.3.74"", ""result"": [""cor"", ""i"", ""i""]}, {""rule_source"": ""azwADyAyI"", ""rule"": ""1.4.13"", ""result"": [""cor"", ""i"", ""i""]}, {""rule_source"": ""azwADyAyI"", ""rule"": ""7.2.115"", ""result"": [""cor"", ""E"", ""i""]}, {""rule_source"": ""azwADyAyI"", ""rule"": ""6.4.51"", ""result"": [""cor"", """", ""i""]}, {""rule_source"": ""azwADyAyI"", ""rule"": ""3.1.26"", ""result"": [""cor"", """", ""i"", ""Ric""]}, {""rule_source"": ""azwADyAyI"", ""rule"": ""3.1.32"", ""result"": [""cor"", """", ""i"", ""Ric""]}, {""rule_source"": ""azwADyAyI"", ""rule"": ""1.3.3"", ""result"": [""cor"", """", ""i"", ""Ric""]}, {""rule_source"": ""azwADyAyI"", ""rule"": ""1.3.7"", ""result"": [""cor"", """", ""i"", ""Ric""]}, {""rule_source"": ""azwADyAyI"", ""rule"": ""1.3.9"", ""result"": [""cor"", """", ""i"", ""i""]}, {""rule_source"": ""azwADyAyI"", ""rule"": ""3.4.114"", ""result"": [""cor"", """", ""i"", ""i""]}, {""rule_source"": ""azwADyAyI"", ""rule"": ""1.3.74"", ""result"": [""cor"", """", ""i"", ""i""]}, {""rule_source"": ""azwADyAyI"", ""rule"": ""1.4.13"", ""result"": [""cor"", """", ""i"", ""i""]}, {""rule_source"": ""azwADyAyI"", ""rule"": ""7.2.115"", ""result"": [""cor"", """", ""E"", ""i""]}, {""rule_source"": ""azwADyAyI"", ""rule"": ""6.4.51"", ""result"": [""cor"", """", ""E"", ""i""]}, {""rule_source"": ""azwADyAyI"", ""rule"": ""6.4.51"", ""result"": [""cor"", """", """", ""i""]}, {""rule_source"": ""azwADyAyI"", ""rule"": ""3.2.115"", ""result"": [""cor"", """", """", ""i"", ""li~w""]}, {""rule_source"": ""azwADyAyI"", ""rule"": ""1.3.2"", ""result"": [""cor"", """", """", ""i"", ""li~w""]}, {""rule_source"": ""azwADyAyI"", ""rule"": ""1.3.3"", ""result"": [""cor"", """", """", ""i"", ""li~w""]}, {""rule_source"": ""azwADyAyI"", ""rule"": ""1.3.9"", ""result"": [""cor"", """", """", ""i"", ""l""]}, {""rule_source"": ""azwADyAyI"", ""rule"": ""3.1.35"", ""result"": [""cor"", """", """", ""i"", ""Am"", ""l""]}, {""rule_source"": ""azwADyAyI"", ""rule"": ""3.1.40:kf"", ""result"": [""cor"", """", """", ""i"", ""Am"", ""kf"", ""l""]}, {""rule_source"": ""azwADyAyI"", ""rule"": ""3.4.78"", ""result"": [""cor"", """", """", ""i"", ""Am"", ""kf"", ""ta""]}, {""rule_source"": ""azwADyAyI"", ""rule"": ""3.4.114"", ""result"": [""cor"", """", """", ""i"", ""Am"", ""kf"", ""ta""]}, {""rule_source"": ""azwADyAyI"", ""rule"": ""3.4.115"", ""result"": [""cor"", """", """", ""i"", ""Am"", ""kf"", ""ta""]}, {""rule_source"": ""azwADyAyI"", ""rule"": ""3.4.81"", ""result"": [""cor"", """", """", ""i"", ""Am"", ""kf"", ""eS""]}, {""rule_source"": ""azwADyAyI"", ""rule"": ""1.3.3"", ""result"": [""cor"", """", """", ""i"", ""Am"", ""kf"", ""eS""]}, {""rule_source"": ""azwADyAyI"", ""rule"": ""1.3.9"", ""result"": [""cor"", """", """", ""i"", ""Am"", ""kf"", ""e""]}, {""rule_source"": ""azwADyAyI"", ""rule"": ""3.4.115"", ""result"": [""cor"", """", """", ""i"", ""Am"", ""kf"", ""e""]}, {""rule_source"": ""azwADyAyI"", ""rule"": ""1.2.5"", ""result"": [""cor"", """", """", ""i"", ""Am"", ""kf"", ""e""]}, {""rule_source"": ""azwADyAyI"", ""rule"": ""6.1.8"", ""result"": [""cor"", """", """", ""i"", ""Am"", ""kf"", ""kf"", ""e""]}, {""rule_source"": ""azwADyAyI"", ""rule"": ""6.1.4"", ""result"": [""cor"", """", """", ""i"", ""Am"", ""kf"", ""kf"", ""e""]}, {""rule_source"": ""azwADyAyI"", ""rule"": ""6.1.5"", ""result"": [""cor"", """", """", ""i"", ""Am"", ""kf"", ""kf"", ""e""]}, {""rule_source"": ""azwADyAyI"", ""rule"": ""1.4.13"", ""result"": [""cor"", """", """", ""i"", ""Am"", ""kf"", ""kf"", ""e""]}, {""rule_source"": ""azwADyAyI"", ""rule"": ""7.3.84"", ""result"": [""cor"", """", """", ""e"", ""Am"", ""kf"", ""kf"", ""e""]}, {""rule_source"": ""azwADyAyI"", ""rule"": ""1.1.5"", ""result"": [""cor"", """", """", ""e"", ""Am"", ""kf"", ""kf"", ""e""]}, {""rule_source"": ""azwADyAyI"", ""rule"": ""6.4.51"", ""result"": [""cor"", """", """", ""e"", ""Am"", ""kf"", ""kf"", ""e""]}, {""rule_source"": ""azwADyAyI"", ""rule"": ""6.4.51"", ""result"": [""cor"", """", """", ""e"", ""Am"", ""kf"", ""kf"", ""e""]}, {""rule_source"": ""azwADyAyI"", ""rule"": ""6.4.55"", ""result"": [""cor"", """", """", ""ay"", ""Am"", ""kf"", ""kf"", ""e""]}, {""rule_source"": ""azwADyAyI"", ""rule"": ""7.4.62"", ""result"": [""cor"", """", """", ""ay"", ""Am"", ""cf"", ""kf"", ""e""]}, {""rule_source"": ""azwADyAyI"", ""rule"": ""7.4.66"", ""result"": [""cor"", """", """", ""ay"", ""Am"", ""ca"", ""kf"", ""e""]}, {""rule_source"": ""azwADyAyI"", ""rule"": ""1.4.14"", ""result"": [""cor"", """", """", ""ay"", ""Am"", ""ca"", ""kf"", ""e""]}, {""rule_source"": ""azwADyAyI"", ""rule"": ""6.1.77"", ""result"": [""cor"", """", """", ""ay"", ""Am"", ""ca"", ""kr"", ""e""]}, {""rule_source"": ""azwADyAyI"", ""rule"": ""8.3.24"", ""result"": [""cor"", """", """", ""ay"", ""AM"", ""ca"", ""kr"", ""e""]}, {""rule_source"": ""azwADyAyI"", ""rule"": ""8.4.58"", ""result"": [""cor"", """", """", ""ay"", ""AY"", ""ca"", ""kr"", ""e""]}, {""rule_source"": ""azwADyAyI"", ""rule"": ""8.4.68"", ""result"": [""cor"", """", """", ""ay"", ""AY"", ""ca"", ""kr"", ""e""]}]}]}"
curadi_true_causative:b1003430eb7d860d6037,curadi_true_causative,lut,लुट् (luṭ),periphrastic future,Prathama,Eka,corayitA,corayitA,corayitA,1,locally_regenerated,"{""parasmaipada"": [{""form_slp1"": ""corayitA"", ""steps"": [{""rule_source"": ""azwADyAyI"", ""rule"": ""1.3.1"", ""result"": [""cura~""]}, {""rule_source"": ""azwADyAyI"", ""rule"": ""1.3.2"", ""result"": [""cura~""]}, {""rule_source"": ""azwADyAyI"", ""rule"": ""1.3.9"", ""result"": [""cur""]}, {""rule_source"": ""azwADyAyI"", ""rule"": ""3.1.25"", ""result"": [""cur"", ""Ric""]}, {""rule_source"": ""azwADyAyI"", ""rule"": ""3.1.32"", ""result"": [""cur"", ""Ric""]}, {""rule_source"": ""azwADyAyI"", ""rule"": ""1.3.3"", ""result"": [""cur"", ""Ric""]}, {""rule_source"": ""azwADyAyI"", ""rule"": ""1.3.7"", ""result"": [""cur"", ""Ric""]}, {""rule_source"": ""azwADyAyI"", ""rule"": ""1.3.9"", ""result"": [""cur"", ""i""]}, {""rule_source"": ""azwADyAyI"", ""rule"": ""3.4.114"", ""result"": [""cur"", ""i""]}, {""rule_source"": ""azwADyAyI"", ""rule"": ""1.4.13"", ""result"": [""cur"", ""i""]}, {""rule_source"": ""azwADyAyI"", ""rule"": ""7.3.86"", ""result"": [""cor"", ""i""]}, {""rule_source"": ""azwADyAyI"", ""rule"": ""3.1.26"", ""result"": [""cor"", ""i"", ""Ric""]}, {""rule_source"": ""azwADyAyI"", ""rule"": ""3.1.32"", ""result"": [""cor"", ""i"", ""Ric""]}, {""rule_source"": ""azwADyAyI"", ""rule"": ""1.3.3"", ""result"": [""cor"", ""i"", ""Ric""]}, {""rule_source"": ""azwADyAyI"", ""rule"": ""1.3.7"", ""result"": [""cor"", ""i"", ""Ric""]}, {""rule_source"": ""azwADyAyI"", ""rule"": ""1.3.9"", ""result"": [""cor"", ""i"", ""i""]}, {""rule_source"": ""azwADyAyI"", ""rule"": ""3.4.114"", ""result"": [""cor"", ""i"", ""i""]}, {""rule_source"": ""azwADyAyI"", ""rule"": ""1.3.78"", ""result"": [""cor"", ""i"", ""i""]}, {""rule_source"": ""azwADyAyI"", ""rule"": ""1.4.13"", ""result"": [""cor"", ""i"", ""i""]}, {""rule_source"": ""azwADyAyI"", ""rule"": ""7.2.115"", ""result"": [""cor"", ""E"", ""i""]}, {""rule_source"": ""azwADyAyI"", ""rule"": ""6.4.51"", ""result"": [""cor"", """", ""i""]}, {""rule_source"": ""azwADyAyI"", ""rule"": ""3.1.26"", ""result"": [""cor"", """", ""i"", ""Ric""]}, {""rule_source"": ""azwADyAyI"", ""rule"": ""3.1.32"", ""result"": [""cor"", """", ""i"", ""Ric""]}, {""rule_source"": ""azwADyAyI"", ""rule"": ""1.3.3"", ""result"": [""cor"", """", ""i"", ""Ric""]}, {""rule_source"": ""azwADyAyI"", ""rule"": ""1.3.7"", ""result"": [""cor"", """", ""i"", ""Ric""]}, {""rule_source"": ""azwADyAyI"", ""rule"": ""1.3.9"", ""result"": [""cor"", """", ""i"", ""i""]}, {""rule_source"": ""azwADyAyI"", ""rule"": ""3.4.114"", ""result"": [""cor"", """", ""i"", ""i""]}, {""rule_source"": ""azwADyAyI"", ""rule"": ""1.3.78"", ""result"": [""cor"", """", ""i"", ""i""]}, {""rule_source"": ""azwADyAyI"", ""rule"": ""1.4.13"", ""result"": [""cor"", """", ""i"", ""i""]}, {""rule_source"": ""azwADyAyI"", ""rule"": ""7.2.115"", ""result"": [""cor"", """", ""E"", ""i""]}, {""rule_source"": ""azwADyAyI"", ""rule"": ""6.4.51"", ""result"": [""cor"", """", ""E"", ""i""]}, {""rule_source"": ""azwADyAyI"", ""rule"": ""6.4.51"", ""result"": [""cor"", """", """", ""i""]}, {""rule_source"": ""azwADyAyI"", ""rule"": ""3.3.15"", ""result"": [""cor"", """", """", ""i"", ""lu~w""]}, {""rule_source"": ""azwADyAyI"", ""rule"": ""1.3.2"", ""result"": [""cor"", """", """", ""i"", ""lu~w""]}, {""rule_source"": ""azwADyAyI"", ""rule"": ""1.3.3"", ""result"": [""cor"", """", """", ""i"", ""lu~w""]}, {""rule_source"": ""azwADyAyI"", ""rule"": ""1.3.9"", ""result"": [""cor"", """", """", ""i"", ""l""]}, {""rule_source"": ""azwADyAyI"", ""rule"": ""3.4.78"", ""result"": [""cor"", """", """", ""i"", ""tip""]}, {""rule_source"": ""azwADyAyI"", ""rule"": ""1.3.3"", ""result"": [""cor"", """", """", ""i"", ""tip""]}, {""rule_source"": ""azwADyAyI"", ""rule"": ""1.3.9"", ""result"": [""cor"", """", """", ""i"", ""ti""]}, {""rule_source"": ""azwADyAyI"", ""rule"": ""3.4.113"", ""result"": [""cor"", """", """", ""i"", ""ti""]}, {""rule_source"": ""azwADyAyI"", ""rule"": ""3.1.33"", ""result"": [""cor"", """", """", ""i"", ""tAsi~"", ""ti""]}, {""rule_source"": ""azwADyAyI"", ""rule"": ""1.3.2"", ""result"": [""cor"", """", """", ""i"", ""tAsi~"", ""ti""]}, {""rule_source"": ""azwADyAyI"", ""rule"": ""1.3.9"", ""result"": [""cor"", """", """", ""i"", ""tAs"", ""ti""]}, {""rule_source"": ""azwADyAyI"", ""rule"": ""3.4.114"", ""result"": [""cor"", """", """", ""i"", ""tAs"", ""ti""]}, {""rule_source"": ""azwADyAyI"", ""rule"": ""2.4.85"", ""result"": [""cor"", """", """", ""i"", ""tAs"", ""qA""]}, {""rule_source"": ""azwADyAyI"", ""rule"": ""1.3.7"", ""result"": [""cor"", """", """", ""i"", ""tAs"", ""qA""]}, {""rule_source"": ""azwADyAyI"", ""rule"": ""1.3.9"", ""result"": [""cor"", """", """", ""i"", ""tAs"", ""A""]}, {""rule_source"": ""azwADyAyI"", ""rule"": ""7.2.35"", ""result"": [""cor"", """", """", ""i"", ""iw"", ""tAs"", ""A""]}, {""rule_source"": ""azwADyAyI"", ""rule"": ""1.3.3"", ""result"": [""cor"", """", """", ""i"", ""iw"", ""tAs"", ""A""]}, {""rule_source"": ""azwADyAyI"", ""rule"": ""1.3.9"", ""result"": [""cor"", """", """", ""i"", ""i"", ""tAs"", ""A""]}, {""rule_source"": ""azwADyAyI"", ""rule"": ""1.4.13"", ""result"": [""cor"", """", """", ""i"", ""i"", ""tAs"", ""A""]}, {""rule_source"": ""azwADyAyI"", ""rule"": ""7.3.84"", ""result"": [""cor"", """", """", ""e"", ""i"", ""tAs"", ""A""]}, {""rule_source"": ""azwADyAyI"", ""rule"": ""6.4.51"", ""result"": [""cor"", """", """", ""e"", ""i"", ""tAs"", ""A""]}, {""rule_source"": ""azwADyAyI"", ""rule"": ""6.4.51"", ""result"": [""cor"", """", """", ""e"", ""i"", ""tAs"", ""A""]}, {""rule_source"": ""azwADyAyI"", ""rule"": ""1.4.14"", ""result"": [""cor"", """", """", ""e"", ""i"", ""tAs"", ""A""]}, {""rule_source"": ""azwADyAyI"", ""rule"": ""6.4.143"", ""result"": [""cor"", """", """", ""e"", ""i"", ""t"", ""A""]}, {""rule_source"": ""azwADyAyI"", ""rule"": ""6.1.78"", ""result"": [""cor"", """", """", ""ay"", ""i"", ""t"", ""A""]}, {""rule_source"": ""azwADyAyI"", ""rule"": ""8.4.68"", ""result"": [""cor"", """", """", ""ay"", ""i"", ""t"", ""A""]}]}], ""atmanepada"": [{""form_slp1"": ""corayitA"", ""steps"": [{""rule_source"": ""azwADyAyI"", ""rule"": ""1.3.1"", ""result"": [""cura~""]}, {""rule_source"": ""azwADyAyI"", ""rule"": ""1.3.2"", ""result"": [""cura~""]}, {""rule_source"": ""azwADyAyI"", ""rule"": ""1.3.9"", ""result"": [""cur""]}, {""rule_source"": ""azwADyAyI"", ""rule"": ""3.1.25"", ""result"": [""cur"", ""Ric""]}, {""rule_source"": ""azwADyAyI"", ""rule"": ""3.1.32"", ""result"": [""cur"", ""Ric""]}, {""rule_source"": ""azwADyAyI"", ""rule"": ""1.3.3"", ""result"": [""cur"", ""Ric""]}, {""rule_source"": ""azwADyAyI"", ""rule"": ""1.3.7"", ""result"": [""cur"", ""Ric""]}, {""rule_source"": ""azwADyAyI"", ""rule"": ""1.3.9"", ""result"": [""cur"", ""i""]}, {""rule_source"": ""azwADyAyI"", ""rule"": ""3.4.114"", ""result"": [""cur"", ""i""]}, {""rule_source"": ""azwADyAyI"", ""rule"": ""1.4.13"", ""result"": [""cur"", ""i""]}, {""rule_source"": ""azwADyAyI"", ""rule"": ""7.3.86"", ""result"": [""cor"", ""i""]}, {""rule_source"": ""azwADyAyI"", ""rule"": ""3.1.26"", ""result"": [""cor"", ""i"", ""Ric""]}, {""rule_source"": ""azwADyAyI"", ""rule"": ""3.1.32"", ""result"": [""cor"", ""i"", ""Ric""]}, {""rule_source"": ""azwADyAyI"", ""rule"": ""1.3.3"", ""result"": [""cor"", ""i"", ""Ric""]}, {""rule_source"": ""azwADyAyI"", ""rule"": ""1.3.7"", ""result"": [""cor"", ""i"", ""Ric""]}, {""rule_source"": ""azwADyAyI"", ""rule"": ""1.3.9"", ""result"": [""cor"", ""i"", ""i""]}, {""rule_source"": ""azwADyAyI"", ""rule"": ""3.4.114"", ""result"": [""cor"", ""i"", ""i""]}, {""rule_source"": ""azwADyAyI"", ""rule"": ""1.3.74"", ""result"": [""cor"", ""i"", ""i""]}, {""rule_source"": ""azwADyAyI"", ""rule"": ""1.4.13"", ""result"": [""cor"", ""i"", ""i""]}, {""rule_source"": ""azwADyAyI"", ""rule"": ""7.2.115"", ""result"": [""cor"", ""E"", ""i""]}, {""rule_source"": ""azwADyAyI"", ""rule"": ""6.4.51"", ""result"": [""cor"", """", ""i""]}, {""rule_source"": ""azwADyAyI"", ""rule"": ""3.1.26"", ""result"": [""cor"", """", ""i"", ""Ric""]}, {""rule_source"": ""azwADyAyI"", ""rule"": ""3.1.32"", ""result"": [""cor"", """", ""i"", ""Ric""]}, {""rule_source"": ""azwADyAyI"", ""rule"": ""1.3.3"", ""result"": [""cor"", """", ""i"", ""Ric""]}, {""rule_source"": ""azwADyAyI"", ""rule"": ""1.3.7"", ""result"": [""cor"", """", ""i"", ""Ric""]}, {""rule_source"": ""azwADyAyI"", ""rule"": ""1.3.9"", ""result"": [""cor"", """", ""i"", ""i""]}, {""rule_source"": ""azwADyAyI"", ""rule"": ""3.4.114"", ""result"": [""cor"", """", ""i"", ""i""]}, {""rule_source"": ""azwADyAyI"", ""rule"": ""1.3.74"", ""result"": [""cor"", """", ""i"", ""i""]}, {""rule_source"": ""azwADyAyI"", ""rule"": ""1.4.13"", ""result"": [""cor"", """", ""i"", ""i""]}, {""rule_source"": ""azwADyAyI"", ""rule"": ""7.2.115"", ""result"": [""cor"", """", ""E"", ""i""]}, {""rule_source"": ""azwADyAyI"", ""rule"": ""6.4.51"", ""result"": [""cor"", """", ""E"", ""i""]}, {""rule_source"": ""azwADyAyI"", ""rule"": ""6.4.51"", ""result"": [""cor"", """", """", ""i""]}, {""rule_source"": ""azwADyAyI"", ""rule"": ""3.3.15"", ""result"": [""cor"", """", """", ""i"", ""lu~w""]}, {""rule_source"": ""azwADyAyI"", ""rule"": ""1.3.2"", ""result"": [""cor"", """", """", ""i"", ""lu~w""]}, {""rule_source"": ""azwADyAyI"", ""rule"": ""1.3.3"", ""result"": [""cor"", """", """", ""i"", ""lu~w""]}, {""rule_source"": ""azwADyAyI"", ""rule"": ""1.3.9"", ""result"": [""cor"", """", """", ""i"", ""l""]}, {""rule_source"": ""azwADyAyI"", ""rule"": ""3.4.78"", ""result"": [""cor"", """", """", ""i"", ""ta""]}, {""rule_source"": ""azwADyAyI"", ""rule"": ""3.4.113"", ""result"": [""cor"", """", """", ""i"", ""ta""]}, {""rule_source"": ""azwADyAyI"", ""rule"": ""3.1.33"", ""result"": [""cor"", """", """", ""i"", ""tAsi~"", ""ta""]}, {""rule_source"": ""azwADyAyI"", ""rule"": ""1.3.2"", ""result"": [""cor"", """", """", ""i"", ""tAsi~"", ""ta""]}, {""rule_source"": ""azwADyAyI"", ""rule"": ""1.3.9"", ""result"": [""cor"", """", """", ""i"", ""tAs"", ""ta""]}, {""rule_source"": ""azwADyAyI"", ""rule"": ""3.4.114"", ""result"": [""cor"", """", """", ""i"", ""tAs"", ""ta""]}, {""rule_source"": ""azwADyAyI"", ""rule"": ""2.4.85"", ""result"": [""cor"", """", """", ""i"", ""tAs"", ""qA""]}, {""rule_source"": ""azwADyAyI"", ""rule"": ""1.3.7"", ""result"": [""cor"", """", """", ""i"", ""tAs"", ""qA""]}, {""rule_source"": ""azwADyAyI"", ""rule"": ""1.3.9"", ""result"": [""cor"", """", """", ""i"", ""tAs"", ""A""]}, {""rule_source"": ""azwADyAyI"", ""rule"": ""7.2.35"", ""result"": [""cor"", """", """", ""i"", ""iw"", ""tAs"", ""A""]}, {""rule_source"": ""azwADyAyI"", ""rule"": ""1.3.3"", ""result"": [""cor"", """", """", ""i"", ""iw"", ""tAs"", ""A""]}, {""rule_source"": ""azwADyAyI"", ""rule"": ""1.3.9"", ""result"": [""cor"", """", """", ""i"", ""i"", ""tAs"", ""A""]}, {""rule_source"": ""azwADyAyI"", ""rule"": ""1.2.4"", ""result"": [""cor"", """", """", ""i"", ""i"", ""tAs"", ""A""]}, {""rule_source"": ""azwADyAyI"", ""rule"": ""1.4.13"", ""result"": [""cor"", """", """", ""i"", ""i"", ""tAs"", ""A""]}, {""rule_source"": ""azwADyAyI"", ""rule"": ""7.3.84"", ""result"": [""cor"", """", """", ""e"", ""i"", ""tAs"", ""A""]}, {""rule_source"": ""azwADyAyI"", ""rule"": ""6.4.51"", ""result"": [""cor"", """", """", ""e"", ""i"", ""tAs"", ""A""]}, {""rule_source"": ""azwADyAyI"", ""rule"": ""6.4.51"", ""result"": [""cor"", """", """", ""e"", ""i"", ""tAs"", ""A""]}, {""rule_source"": ""azwADyAyI"", ""rule"": ""1.4.14"", ""result"": [""cor"", """", """", ""e"", ""i"", ""tAs"", ""A""]}, {""rule_source"": ""azwADyAyI"", ""rule"": ""6.4.143"", ""result"": [""cor"", """", """", ""e"", ""i"", ""t"", ""A""]}, {""rule_source"": ""azwADyAyI"", ""rule"": ""6.1.78"", ""result"": [""cor"", """", """", ""ay"", ""i"", ""t"", ""A""]}, {""rule_source"": ""azwADyAyI"", ""rule"": ""8.4.68"", ""result"": [""cor"", """", """", ""ay"", ""i"", ""t"", ""A""]}]}]}"
curadi_true_causative:b1003430eb7d860d6037,curadi_true_causative,lrt,लृट् (lṛṭ),future,Prathama,Eka,corayizyati,corayizyate,corayizyate;corayizyati,2,locally_regenerated,"{""parasmaipada"": [{""form_slp1"": ""corayizyati"", ""steps"": [{""rule_source"": ""azwADyAyI"", ""rule"": ""1.3.1"", ""result"": [""cura~""]}, {""rule_source"": ""azwADyAyI"", ""rule"": ""1.3.2"", ""result"": [""cura~""]}, {""rule_source"": ""azwADyAyI"", ""rule"": ""1.3.9"", ""result"": [""cur""]}, {""rule_source"": ""azwADyAyI"", ""rule"": ""3.1.25"", ""result"": [""cur"", ""Ric""]}, {""rule_source"": ""azwADyAyI"", ""rule"": ""3.1.32"", ""result"": [""cur"", ""Ric""]}, {""rule_source"": ""azwADyAyI"", ""rule"": ""1.3.3"", ""result"": [""cur"", ""Ric""]}, {""rule_source"": ""azwADyAyI"", ""rule"": ""1.3.7"", ""result"": [""cur"", ""Ric""]}, {""rule_source"": ""azwADyAyI"", ""rule"": ""1.3.9"", ""result"": [""cur"", ""i""]}, {""rule_source"": ""azwADyAyI"", ""rule"": ""3.4.114"", ""result"": [""cur"", ""i""]}, {""rule_source"": ""azwADyAyI"", ""rule"": ""1.4.13"", ""result"": [""cur"", ""i""]}, {""rule_source"": ""azwADyAyI"", ""rule"": ""7.3.86"", ""result"": [""cor"", ""i""]}, {""rule_source"": ""azwADyAyI"", ""rule"": ""3.1.26"", ""result"": [""cor"", ""i"", ""Ric""]}, {""rule_source"": ""azwADyAyI"", ""rule"": ""3.1.32"", ""result"": [""cor"", ""i"", ""Ric""]}, {""rule_source"": ""azwADyAyI"", ""rule"": ""1.3.3"", ""result"": [""cor"", ""i"", ""Ric""]}, {""rule_source"": ""azwADyAyI"", ""rule"": ""1.3.7"", ""result"": [""cor"", ""i"", ""Ric""]}, {""rule_source"": ""azwADyAyI"", ""rule"": ""1.3.9"", ""result"": [""cor"", ""i"", ""i""]}, {""rule_source"": ""azwADyAyI"", ""rule"": ""3.4.114"", ""result"": [""cor"", ""i"", ""i""]}, {""rule_source"": ""azwADyAyI"", ""rule"": ""1.3.78"", ""result"": [""cor"", ""i"", ""i""]}, {""rule_source"": ""azwADyAyI"", ""rule"": ""1.4.13"", ""result"": [""cor"", ""i"", ""i""]}, {""rule_source"": ""azwADyAyI"", ""rule"": ""7.2.115"", ""result"": [""cor"", ""E"", ""i""]}, {""rule_source"": ""azwADyAyI"", ""rule"": ""6.4.51"", ""result"": [""cor"", """", ""i""]}, {""rule_source"": ""azwADyAyI"", ""rule"": ""3.1.26"", ""result"": [""cor"", """", ""i"", ""Ric""]}, {""rule_source"": ""azwADyAyI"", ""rule"": ""3.1.32"", ""result"": [""cor"", """", ""i"", ""Ric""]}, {""rule_source"": ""azwADyAyI"", ""rule"": ""1.3.3"", ""result"": [""cor"", """", ""i"", ""Ric""]}, {""rule_source"": ""azwADyAyI"", ""rule"": ""1.3.7"", ""result"": [""cor"", """", ""i"", ""Ric""]}, {""rule_source"": ""azwADyAyI"", ""rule"": ""1.3.9"", ""result"": [""cor"", """", ""i"", ""i""]}, {""rule_source"": ""azwADyAyI"", ""rule"": ""3.4.114"", ""result"": [""cor"", """", ""i"", ""i""]}, {""rule_source"": ""azwADyAyI"", ""rule"": ""1.3.78"", ""result"": [""cor"", """", ""i"", ""i""]}, {""rule_source"": ""azwADyAyI"", ""rule"": ""1.4.13"", ""result"": [""cor"", """", ""i"", ""i""]}, {""rule_source"": ""azwADyAyI"", ""rule"": ""7.2.115"", ""result"": [""cor"", """", ""E"", ""i""]}, {""rule_source"": ""azwADyAyI"", ""rule"": ""6.4.51"", ""result"": [""cor"", """", ""E"", ""i""]}, {""rule_source"": ""azwADyAyI"", ""rule"": ""6.4.51"", ""result"": [""cor"", """", """", ""i""]}, {""rule_source"": ""azwADyAyI"", ""rule"": ""3.3.13"", ""result"": [""cor"", """", """", ""i"", ""lf~w""]}, {""rule_source"": ""azwADyAyI"", ""rule"": ""1.3.2"", ""result"": [""cor"", """", """", ""i"", ""lf~w""]}, {""rule_source"": ""azwADyAyI"", ""rule"": ""1.3.3"", ""result"": [""cor"", """", """", ""i"", ""lf~w""]}, {""rule_source"": ""azwADyAyI"", ""rule"": ""1.3.9"", ""result"": [""cor"", """", """", ""i"", ""l""]}, {""rule_source"": ""azwADyAyI"", ""rule"": ""3.4.78"", ""result"": [""cor"", """", """", ""i"", ""tip""]}, {""rule_source"": ""azwADyAyI"", ""rule"": ""1.3.3"", ""result"": [""cor"", """", """", ""i"", ""tip""]}, {""rule_source"": ""azwADyAyI"", ""rule"": ""1.3.9"", ""result"": [""cor"", """", """", ""i"", ""ti""]}, {""rule_source"": ""azwADyAyI"", ""rule"": ""3.4.113"", ""result"": [""cor"", """", """", ""i"", ""ti""]}, {""rule_source"": ""azwADyAyI"", ""rule"": ""3.1.33"", ""result"": [""cor"", """", """", ""i"", ""sya"", ""ti""]}, {""rule_source"": ""azwADyAyI"", ""rule"": ""3.4.114"", ""result"": [""cor"", """", """", ""i"", ""sya"", ""ti""]}, {""rule_source"": ""azwADyAyI"", ""rule"": ""7.2.35"", ""result"": [""cor"", """", """", ""i"", ""iw"", ""sya"", ""ti""]}, {""rule_source"": ""azwADyAyI"", ""rule"": ""1.3.3"", ""result"": [""cor"", """", """", ""i"", ""iw"", ""sya"", ""ti""]}, {""rule_source"": ""azwADyAyI"", ""rule"": ""1.3.9"", ""result"": [""cor"", """", """", ""i"", ""i"", ""sya"", ""ti""]}, {""rule_source"": ""azwADyAyI"", ""rule"": ""1.4.13"", ""result"": [""cor"", """", """", ""i"", ""i"", ""sya"", ""ti""]}, {""rule_source"": ""azwADyAyI"", ""rule"": ""7.3.84"", ""result"": [""cor"", """", """", ""e"", ""i"", ""sya"", ""ti""]}, {""rule_source"": ""azwADyAyI"", ""rule"": ""6.4.51"", ""result"": [""cor"", """", """", ""e"", ""i"", ""sya"", ""ti""]}, {""rule_source"": ""azwADyAyI"", ""rule"": ""6.4.51"", ""result"": [""cor"", """", """", ""e"", ""i"", ""sya"", ""ti""]}, {""rule_source"": ""azwADyAyI"", ""rule"": ""1.4.14"", ""result"": [""cor"", """", """", ""e"", ""i"", ""sya"", ""ti""]}, {""rule_source"": ""azwADyAyI"", ""rule"": ""6.1.78"", ""result"": [""cor"", """", """", ""ay"", ""i"", ""sya"", ""ti""]}, {""rule_source"": ""azwADyAyI"", ""rule"": ""8.3.59"", ""result"": [""cor"", """", """", ""ay"", ""i"", ""zya"", ""ti""]}, {""rule_source"": ""azwADyAyI"", ""rule"": ""8.4.68"", ""result"": [""cor"", """", """", ""ay"", ""i"", ""zya"", ""ti""]}]}], ""atmanepada"": [{""form_slp1"": ""corayizyate"", ""steps"": [{""rule_source"": ""azwADyAyI"", ""rule"": ""1.3.1"", ""result"": [""cura~""]}, {""rule_source"": ""azwADyAyI"", ""rule"": ""1.3.2"", ""result"": [""cura~""]}, {""rule_source"": ""azwADyAyI"", ""rule"": ""1.3.9"", ""result"": [""cur""]}, {""rule_source"": ""azwADyAyI"", ""rule"": ""3.1.25"", ""result"": [""cur"", ""Ric""]}, {""rule_source"": ""azwADyAyI"", ""rule"": ""3.1.32"", ""result"": [""cur"", ""Ric""]}, {""rule_source"": ""azwADyAyI"", ""rule"": ""1.3.3"", ""result"": [""cur"", ""Ric""]}, {""rule_source"": ""azwADyAyI"", ""rule"": ""1.3.7"", ""result"": [""cur"", ""Ric""]}, {""rule_source"": ""azwADyAyI"", ""rule"": ""1.3.9"", ""result"": [""cur"", ""i""]}, {""rule_source"": ""azwADyAyI"", ""rule"": ""3.4.114"", ""result"": [""cur"", ""i""]}, {""rule_source"": ""azwADyAyI"", ""rule"": ""1.4.13"", ""result"": [""cur"", ""i""]}, {""rule_source"": ""azwADyAyI"", ""rule"": ""7.3.86"", ""result"": [""cor"", ""i""]}, {""rule_source"": ""azwADyAyI"", ""rule"": ""3.1.26"", ""result"": [""cor"", ""i"", ""Ric""]}, {""rule_source"": ""azwADyAyI"", ""rule"": ""3.1.32"", ""result"": [""cor"", ""i"", ""Ric""]}, {""rule_source"": ""azwADyAyI"", ""rule"": ""1.3.3"", ""result"": [""cor"", ""i"", ""Ric""]}, {""rule_source"": ""azwADyAyI"", ""rule"": ""1.3.7"", ""result"": [""cor"", ""i"", ""Ric""]}, {""rule_source"": ""azwADyAyI"", ""rule"": ""1.3.9"", ""result"": [""cor"", ""i"", ""i""]}, {""rule_source"": ""azwADyAyI"", ""rule"": ""3.4.114"", ""result"": [""cor"", ""i"", ""i""]}, {""rule_source"": ""azwADyAyI"", ""rule"": ""1.3.74"", ""result"": [""cor"", ""i"", ""i""]}, {""rule_source"": ""azwADyAyI"", ""rule"": ""1.4.13"", ""result"": [""cor"", ""i"", ""i""]}, {""rule_source"": ""azwADyAyI"", ""rule"": ""7.2.115"", ""result"": [""cor"", ""E"", ""i""]}, {""rule_source"": ""azwADyAyI"", ""rule"": ""6.4.51"", ""result"": [""cor"", """", ""i""]}, {""rule_source"": ""azwADyAyI"", ""rule"": ""3.1.26"", ""result"": [""cor"", """", ""i"", ""Ric""]}, {""rule_source"": ""azwADyAyI"", ""rule"": ""3.1.32"", ""result"": [""cor"", """", ""i"", ""Ric""]}, {""rule_source"": ""azwADyAyI"", ""rule"": ""1.3.3"", ""result"": [""cor"", """", ""i"", ""Ric""]}, {""rule_source"": ""azwADyAyI"", ""rule"": ""1.3.7"", ""result"": [""cor"", """", ""i"", ""Ric""]}, {""rule_source"": ""azwADyAyI"", ""rule"": ""1.3.9"", ""result"": [""cor"", """", ""i"", ""i""]}, {""rule_source"": ""azwADyAyI"", ""rule"": ""3.4.114"", ""result"": [""cor"", """", ""i"", ""i""]}, {""rule_source"": ""azwADyAyI"", ""rule"": ""1.3.74"", ""result"": [""cor"", """", ""i"", ""i""]}, {""rule_source"": ""azwADyAyI"", ""rule"": ""1.4.13"", ""result"": [""cor"", """", ""i"", ""i""]}, {""rule_source"": ""azwADyAyI"", ""rule"": ""7.2.115"", ""result"": [""cor"", """", ""E"", ""i""]}, {""rule_source"": ""azwADyAyI"", ""rule"": ""6.4.51"", ""result"": [""cor"", """", ""E"", ""i""]}, {""rule_source"": ""azwADyAyI"", ""rule"": ""6.4.51"", ""result"": [""cor"", """", """", ""i""]}, {""rule_source"": ""azwADyAyI"", ""rule"": ""3.3.13"", ""result"": [""cor"", """", """", ""i"", ""lf~w""]}, {""rule_source"": ""azwADyAyI"", ""rule"": ""1.3.2"", ""result"": [""cor"", """", """", ""i"", ""lf~w""]}, {""rule_source"": ""azwADyAyI"", ""rule"": ""1.3.3"", ""result"": [""cor"", """", """", ""i"", ""lf~w""]}, {""rule_source"": ""azwADyAyI"", ""rule"": ""1.3.9"", ""result"": [""cor"", """", """", ""i"", ""l""]}, {""rule_source"": ""azwADyAyI"", ""rule"": ""3.4.78"", ""result"": [""cor"", """", """", ""i"", ""ta""]}, {""rule_source"": ""azwADyAyI"", ""rule"": ""3.4.113"", ""result"": [""cor"", """", """", ""i"", ""ta""]}, {""rule_source"": ""azwADyAyI"", ""rule"": ""3.1.33"", ""result"": [""cor"", """", """", ""i"", ""sya"", ""ta""]}, {""rule_source"": ""azwADyAyI"", ""rule"": ""3.4.114"", ""result"": [""cor"", """", """", ""i"", ""sya"", ""ta""]}, {""rule_source"": ""azwADyAyI"", ""rule"": ""3.4.79"", ""result"": [""cor"", """", """", ""i"", ""sya"", ""te""]}, {""rule_source"": ""azwADyAyI"", ""rule"": ""7.2.35"", ""result"": [""cor"", """", """", ""i"", ""iw"", ""sya"", ""te""]}, {""rule_source"": ""azwADyAyI"", ""rule"": ""1.3.3"", ""result"": [""cor"", """", """", ""i"", ""iw"", ""sya"", ""te""]}, {""rule_source"": ""azwADyAyI"", ""rule"": ""1.3.9"", ""result"": [""cor"", """", """", ""i"", ""i"", ""sya"", ""te""]}, {""rule_source"": ""azwADyAyI"", ""rule"": ""1.2.4"", ""result"": [""cor"", """", """", ""i"", ""i"", ""sya"", ""te""]}, {""rule_source"": ""azwADyAyI"", ""rule"": ""1.4.13"", ""result"": [""cor"", """", """", ""i"", ""i"", ""sya"", ""te""]}, {""rule_source"": ""azwADyAyI"", ""rule"": ""7.3.84"", ""result"": [""cor"", """", """", ""e"", ""i"", ""sya"", ""te""]}, {""rule_source"": ""azwADyAyI"", ""rule"": ""6.4.51"", ""result"": [""cor"", """", """", ""e"", ""i"", ""sya"", ""te""]}, {""rule_source"": ""azwADyAyI"", ""rule"": ""6.4.51"", ""result"": [""cor"", """", """", ""e"", ""i"", ""sya"", ""te""]}, {""rule_source"": ""azwADyAyI"", ""rule"": ""1.4.14"", ""result"": [""cor"", """", """", ""e"", ""i"", ""sya"", ""te""]}, {""rule_source"": ""azwADyAyI"", ""rule"": ""6.1.78"", ""result"": [""cor"", """", """", ""ay"", ""i"", ""sya"", ""te""]}, {""rule_source"": ""azwADyAyI"", ""rule"": ""8.3.59"", ""result"": [""cor"", """", """", ""ay"", ""i"", ""zya"", ""te""]}, {""rule_source"": ""azwADyAyI"", ""rule"": ""8.4.68"", ""result"": [""cor"", """", """", ""ay"", ""i"", ""zya"", ""te""]}]}]}"
curadi_true_causative:b1003430eb7d860d6037,curadi_true_causative,lot,लोट् (loṭ),command or request,Prathama,Eka,corayatAd;corayatAt;corayatu,corayatAm,corayatAd;corayatAm;corayatAt;corayatu,4,locally_regenerated,"{""parasmaipada"": [{""form_slp1"": ""corayatAt"", ""steps"": [{""rule_source"": ""azwADyAyI"", ""rule"": ""1.3.1"", ""result"": [""cura~""]}, {""rule_source"": ""azwADyAyI"", ""rule"": ""1.3.2"", ""result"": [""cura~""]}, {""rule_source"": ""azwADyAyI"", ""rule"": ""1.3.9"", ""result"": [""cur""]}, {""rule_source"": ""azwADyAyI"", ""rule"": ""3.1.25"", ""result"": [""cur"", ""Ric""]}, {""rule_source"": ""azwADyAyI"", ""rule"": ""3.1.32"", ""result"": [""cur"", ""Ric""]}, {""rule_source"": ""azwADyAyI"", ""rule"": ""1.3.3"", ""result"": [""cur"", ""Ric""]}, {""rule_source"": ""azwADyAyI"", ""rule"": ""1.3.7"", ""result"": [""cur"", ""Ric""]}, {""rule_source"": ""azwADyAyI"", ""rule"": ""1.3.9"", ""result"": [""cur"", ""i""]}, {""rule_source"": ""azwADyAyI"", ""rule"": ""3.4.114"", ""result"": [""cur"", ""i""]}, {""rule_source"": ""azwADyAyI"", ""rule"": ""1.4.13"", ""result"": [""cur"", ""i""]}, {""rule_source"": ""azwADyAyI"", ""rule"": ""7.3.86"", ""result"": [""cor"", ""i""]}, {""rule_source"": ""azwADyAyI"", ""rule"": ""3.1.26"", ""result"": [""cor"", ""i"", ""Ric""]}, {""rule_source"": ""azwADyAyI"", ""rule"": ""3.1.32"", ""result"": [""cor"", ""i"", ""Ric""]}, {""rule_source"": ""azwADyAyI"", ""rule"": ""1.3.3"", ""result"": [""cor"", ""i"", ""Ric""]}, {""rule_source"": ""azwADyAyI"", ""rule"": ""1.3.7"", ""result"": [""cor"", ""i"", ""Ric""]}, {""rule_source"": ""azwADyAyI"", ""rule"": ""1.3.9"", ""result"": [""cor"", ""i"", ""i""]}, {""rule_source"": ""azwADyAyI"", ""rule"": ""3.4.114"", ""result"": [""cor"", ""i"", ""i""]}, {""rule_source"": ""azwADyAyI"", ""rule"": ""1.3.78"", ""result"": [""cor"", ""i"", ""i""]}, {""rule_source"": ""azwADyAyI"", ""rule"": ""1.4.13"", ""result"": [""cor"", ""i"", ""i""]}, {""rule_source"": ""azwADyAyI"", ""rule"": ""7.2.115"", ""result"": [""cor"", ""E"", ""i""]}, {""rule_source"": ""azwADyAyI"", ""rule"": ""6.4.51"", ""result"": [""cor"", """", ""i""]}, {""rule_source"": ""azwADyAyI"", ""rule"": ""3.1.26"", ""result"": [""cor"", """", ""i"", ""Ric""]}, {""rule_source"": ""azwADyAyI"", ""rule"": ""3.1.32"", ""result"": [""cor"", """", ""i"", ""Ric""]}, {""rule_source"": ""azwADyAyI"", ""rule"": ""1.3.3"", ""result"": [""cor"", """", ""i"", ""Ric""]}, {""rule_source"": ""azwADyAyI"", ""rule"": ""1.3.7"", ""result"": [""cor"", """", ""i"", ""Ric""]}, {""rule_source"": ""azwADyAyI"", ""rule"": ""1.3.9"", ""result"": [""cor"", """", ""i"", ""i""]}, {""rule_source"": ""azwADyAyI"", ""rule"": ""3.4.114"", ""result"": [""cor"", """", ""i"", ""i""]}, {""rule_source"": ""azwADyAyI"", ""rule"": ""1.3.78"", ""result"": [""cor"", """", ""i"", ""i""]}, {""rule_source"": ""azwADyAyI"", ""rule"": ""1.4.13"", ""result"": [""cor"", """", ""i"", ""i""]}, {""rule_source"": ""azwADyAyI"", ""rule"": ""7.2.115"", ""result"": [""cor"", """", ""E"", ""i""]}, {""rule_source"": ""azwADyAyI"", ""rule"": ""6.4.51"", ""result"": [""cor"", """", ""E"", ""i""]}, {""rule_source"": ""azwADyAyI"", ""rule"": ""6.4.51"", ""result"": [""cor"", """", """", ""i""]}, {""rule_source"": ""azwADyAyI"", ""rule"": ""3.3.162"", ""result"": [""cor"", """", """", ""i"", ""lo~w""]}, {""rule_source"": ""azwADyAyI"", ""rule"": ""1.3.2"", ""result"": [""cor"", """", """", ""i"", ""lo~w""]}, {""rule_source"": ""azwADyAyI"", ""rule"": ""1.3.3"", ""result"": [""cor"", """", """", ""i"", ""lo~w""]}, {""rule_source"": ""azwADyAyI"", ""rule"": ""1.3.9"", ""result"": [""cor"", """", """", ""i"", ""l""]}, {""rule_source"": ""azwADyAyI"", ""rule"": ""3.4.78"", ""result"": [""cor"", """", """", ""i"", ""tip""]}, {""rule_source"": ""azwADyAyI"", ""rule"": ""1.3.3"", ""result"": [""cor"", """", """", ""i"", ""tip""]}, {""rule_source"": ""azwADyAyI"", ""rule"": ""1.3.9"", ""result"": [""cor"", """", """", ""i"", ""ti""]}, {""rule_source"": ""azwADyAyI"", ""rule"": ""3.4.113"", ""result"": [""cor"", """", """", ""i"", ""ti""]}, {""rule_source"": ""azwADyAyI"", ""rule"": ""3.1.68"", ""result"": [""cor"", """", """", ""i"", ""Sap"", ""ti""]}, {""rule_source"": ""azwADyAyI"", ""rule"": ""1.3.3"", ""result"": [""cor"", """", """", ""i"", ""Sap"", ""ti""]}, {""rule_source"": ""azwADyAyI"", ""rule"": ""1.3.8"", ""result"": [""cor"", """", """", ""i"", ""Sap"", ""ti""]}, {""rule_source"": ""azwADyAyI"", ""rule"": ""1.3.9"", ""result"": [""cor"", """", """", ""i"", ""a"", ""ti""]}, {""rule_source"": ""azwADyAyI"", ""rule"": ""3.4.113"", ""result"": [""cor"", """", """", ""i"", ""a"", ""ti""]}, {""rule_source"": ""azwADyAyI"", ""rule"": ""3.4.86"", ""result"": [""cor"", """", """", ""i"", ""a"", ""tu""]}, {""rule_source"": ""azwADyAyI"", ""rule"": ""7.1.35"", ""result"": [""cor"", """", """", ""i"", ""a"", ""tAta~N""]}, {""rule_source"": ""azwADyAyI"", ""rule"": ""1.3.2"", ""result"": [""cor"", """", """", ""i"", ""a"", ""tAta~N""]}, {""rule_source"": ""azwADyAyI"", ""rule"": ""1.3.3"", ""result"": [""cor"", """", """", ""i"", ""a"", ""tAta~N""]}, {""rule_source"": ""azwADyAyI"", ""rule"": ""1.3.9"", ""result"": [""cor"", """", """", ""i"", ""a"", ""tAt""]}, {""rule_source"": ""azwADyAyI"", ""rule"": ""1.4.13"", ""result"": [""cor"", """", """", ""i"", ""a"", ""tAt""]}, {""rule_source"": ""azwADyAyI"", ""rule"": ""7.3.84"", ""result"": [""cor"", """", """", ""e"", ""a"", ""tAt""]}, {""rule_source"": ""azwADyAyI"", ""rule"": ""6.4.51"", ""result"": [""cor"", """", """", ""e"", ""a"", ""tAt""]}, {""rule_source"": ""azwADyAyI"", ""rule"": ""6.4.51"", ""result"": [""cor"", """", """", ""e"", ""a"", ""tAt""]}, {""rule_source"": ""azwADyAyI"", ""rule"": ""1.4.14"", ""result"": [""cor"", """", """", ""e"", ""a"", ""tAt""]}, {""rule_source"": ""azwADyAyI"", ""rule"": ""6.1.78"", ""result"": [""cor"", """", """", ""ay"", ""a"", ""tAt""]}, {""rule_source"": ""azwADyAyI"", ""rule"": ""8.2.39"", ""result"": [""cor"", """", """", ""ay"", ""a"", ""tAd""]}, {""rule_source"": ""azwADyAyI"", ""rule"": ""8.4.56"", ""result"": [""cor"", """", """", ""ay"", ""a"", ""tAt""]}, {""rule_source"": ""azwADyAyI"", ""rule"": ""8.4.68"", ""result"": [""cor"", """", """", ""ay"", ""a"", ""tAt""]}]}, {""form_slp1"": ""corayatAd"", ""steps"": [{""rule_source"": ""azwADyAyI"", ""rule"": ""1.3.1"", ""result"": [""cura~""]}, {""rule_source"": ""azwADyAyI"", ""rule"": ""1.3.2"", ""result"": [""cura~""]}, {""rule_source"": ""azwADyAyI"", ""rule"": ""1.3.9"", ""result"": [""cur""]}, {""rule_source"": ""azwADyAyI"", ""rule"": ""3.1.25"", ""result"": [""cur"", ""Ric""]}, {""rule_source"": ""azwADyAyI"", ""rule"": ""3.1.32"", ""result"": [""cur"", ""Ric""]}, {""rule_source"": ""azwADyAyI"", ""rule"": ""1.3.3"", ""result"": [""cur"", ""Ric""]}, {""rule_source"": ""azwADyAyI"", ""rule"": ""1.3.7"", ""result"": [""cur"", ""Ric""]}, {""rule_source"": ""azwADyAyI"", ""rule"": ""1.3.9"", ""result"": [""cur"", ""i""]}, {""rule_source"": ""azwADyAyI"", ""rule"": ""3.4.114"", ""result"": [""cur"", ""i""]}, {""rule_source"": ""azwADyAyI"", ""rule"": ""1.4.13"", ""result"": [""cur"", ""i""]}, {""rule_source"": ""azwADyAyI"", ""rule"": ""7.3.86"", ""result"": [""cor"", ""i""]}, {""rule_source"": ""azwADyAyI"", ""rule"": ""3.1.26"", ""result"": [""cor"", ""i"", ""Ric""]}, {""rule_source"": ""azwADyAyI"", ""rule"": ""3.1.32"", ""result"": [""cor"", ""i"", ""Ric""]}, {""rule_source"": ""azwADyAyI"", ""rule"": ""1.3.3"", ""result"": [""cor"", ""i"", ""Ric""]}, {""rule_source"": ""azwADyAyI"", ""rule"": ""1.3.7"", ""result"": [""cor"", ""i"", ""Ric""]}, {""rule_source"": ""azwADyAyI"", ""rule"": ""1.3.9"", ""result"": [""cor"", ""i"", ""i""]}, {""rule_source"": ""azwADyAyI"", ""rule"": ""3.4.114"", ""result"": [""cor"", ""i"", ""i""]}, {""rule_source"": ""azwADyAyI"", ""rule"": ""1.3.78"", ""result"": [""cor"", ""i"", ""i""]}, {""rule_source"": ""azwADyAyI"", ""rule"": ""1.4.13"", ""result"": [""cor"", ""i"", ""i""]}, {""rule_source"": ""azwADyAyI"", ""rule"": ""7.2.115"", ""result"": [""cor"", ""E"", ""i""]}, {""rule_source"": ""azwADyAyI"", ""rule"": ""6.4.51"", ""result"": [""cor"", """", ""i""]}, {""rule_source"": ""azwADyAyI"", ""rule"": ""3.1.26"", ""result"": [""cor"", """", ""i"", ""Ric""]}, {""rule_source"": ""azwADyAyI"", ""rule"": ""3.1.32"", ""result"": [""cor"", """", ""i"", ""Ric""]}, {""rule_source"": ""azwADyAyI"", ""rule"": ""1.3.3"", ""result"": [""cor"", """", ""i"", ""Ric""]}, {""rule_source"": ""azwADyAyI"", ""rule"": ""1.3.7"", ""result"": [""cor"", """", ""i"", ""Ric""]}, {""rule_source"": ""azwADyAyI"", ""rule"": ""1.3.9"", ""result"": [""cor"", """", ""i"", ""i""]}, {""rule_source"": ""azwADyAyI"", ""rule"": ""3.4.114"", ""result"": [""cor"", """", ""i"", ""i""]}, {""rule_source"": ""azwADyAyI"", ""rule"": ""1.3.78"", ""result"": [""cor"", """", ""i"", ""i""]}, {""rule_source"": ""azwADyAyI"", ""rule"": ""1.4.13"", ""result"": [""cor"", """", ""i"", ""i""]}, {""rule_source"": ""azwADyAyI"", ""rule"": ""7.2.115"", ""result"": [""cor"", """", ""E"", ""i""]}, {""rule_source"": ""azwADyAyI"", ""rule"": ""6.4.51"", ""result"": [""cor"", """", ""E"", ""i""]}, {""rule_source"": ""azwADyAyI"", ""rule"": ""6.4.51"", ""result"": [""cor"", """", """", ""i""]}, {""rule_source"": ""azwADyAyI"", ""rule"": ""3.3.162"", ""result"": [""cor"", """", """", ""i"", ""lo~w""]}, {""rule_source"": ""azwADyAyI"", ""rule"": ""1.3.2"", ""result"": [""cor"", """", """", ""i"", ""lo~w""]}, {""rule_source"": ""azwADyAyI"", ""rule"": ""1.3.3"", ""result"": [""cor"", """", """", ""i"", ""lo~w""]}, {""rule_source"": ""azwADyAyI"", ""rule"": ""1.3.9"", ""result"": [""cor"", """", """", ""i"", ""l""]}, {""rule_source"": ""azwADyAyI"", ""rule"": ""3.4.78"", ""result"": [""cor"", """", """", ""i"", ""tip""]}, {""rule_source"": ""azwADyAyI"", ""rule"": ""1.3.3"", ""result"": [""cor"", """", """", ""i"", ""tip""]}, {""rule_source"": ""azwADyAyI"", ""rule"": ""1.3.9"", ""result"": [""cor"", """", """", ""i"", ""ti""]}, {""rule_source"": ""azwADyAyI"", ""rule"": ""3.4.113"", ""result"": [""cor"", """", """", ""i"", ""ti""]}, {""rule_source"": ""azwADyAyI"", ""rule"": ""3.1.68"", ""result"": [""cor"", """", """", ""i"", ""Sap"", ""ti""]}, {""rule_source"": ""azwADyAyI"", ""rule"": ""1.3.3"", ""result"": [""cor"", """", """", ""i"", ""Sap"", ""ti""]}, {""rule_source"": ""azwADyAyI"", ""rule"": ""1.3.8"", ""result"": [""cor"", """", """", ""i"", ""Sap"", ""ti""]}, {""rule_source"": ""azwADyAyI"", ""rule"": ""1.3.9"", ""result"": [""cor"", """", """", ""i"", ""a"", ""ti""]}, {""rule_source"": ""azwADyAyI"", ""rule"": ""3.4.113"", ""result"": [""cor"", """", """", ""i"", ""a"", ""ti""]}, {""rule_source"": ""azwADyAyI"", ""rule"": ""3.4.86"", ""result"": [""cor"", """", """", ""i"", ""a"", ""tu""]}, {""rule_source"": ""azwADyAyI"", ""rule"": ""7.1.35"", ""result"": [""cor"", """", """", ""i"", ""a"", ""tAta~N""]}, {""rule_source"": ""azwADyAyI"", ""rule"": ""1.3.2"", ""result"": [""cor"", """", """", ""i"", ""a"", ""tAta~N""]}, {""rule_source"": ""azwADyAyI"", ""rule"": ""1.3.3"", ""result"": [""cor"", """", """", ""i"", ""a"", ""tAta~N""]}, {""rule_source"": ""azwADyAyI"", ""rule"": ""1.3.9"", ""result"": [""cor"", """", """", ""i"", ""a"", ""tAt""]}, {""rule_source"": ""azwADyAyI"", ""rule"": ""1.4.13"", ""result"": [""cor"", """", """", ""i"", ""a"", ""tAt""]}, {""rule_source"": ""azwADyAyI"", ""rule"": ""7.3.84"", ""result"": [""cor"", """", """", ""e"", ""a"", ""tAt""]}, {""rule_source"": ""azwADyAyI"", ""rule"": ""6.4.51"", ""result"": [""cor"", """", """", ""e"", ""a"", ""tAt""]}, {""rule_source"": ""azwADyAyI"", ""rule"": ""6.4.51"", ""result"": [""cor"", """", """", ""e"", ""a"", ""tAt""]}, {""rule_source"": ""azwADyAyI"", ""rule"": ""1.4.14"", ""result"": [""cor"", """", """", ""e"", ""a"", ""tAt""]}, {""rule_source"": ""azwADyAyI"", ""rule"": ""6.1.78"", ""result"": [""cor"", """", """", ""ay"", ""a"", ""tAt""]}, {""rule_source"": ""azwADyAyI"", ""rule"": ""8.2.39"", ""result"": [""cor"", """", """", ""ay"", ""a"", ""tAd""]}, {""rule_source"": ""azwADyAyI"", ""rule"": ""8.4.68"", ""result"": [""cor"", """", """", ""ay"", ""a"", ""tAd""]}]}, {""form_slp1"": ""corayatu"", ""steps"": [{""rule_source"": ""azwADyAyI"", ""rule"": ""1.3.1"", ""result"": [""cura~""]}, {""rule_source"": ""azwADyAyI"", ""rule"": ""1.3.2"", ""result"": [""cura~""]}, {""rule_source"": ""azwADyAyI"", ""rule"": ""1.3.9"", ""result"": [""cur""]}, {""rule_source"": ""azwADyAyI"", ""rule"": ""3.1.25"", ""result"": [""cur"", ""Ric""]}, {""rule_source"": ""azwADyAyI"", ""rule"": ""3.1.32"", ""result"": [""cur"", ""Ric""]}, {""rule_source"": ""azwADyAyI"", ""rule"": ""1.3.3"", ""result"": [""cur"", ""Ric""]}, {""rule_source"": ""azwADyAyI"", ""rule"": ""1.3.7"", ""result"": [""cur"", ""Ric""]}, {""rule_source"": ""azwADyAyI"", ""rule"": ""1.3.9"", ""result"": [""cur"", ""i""]}, {""rule_source"": ""azwADyAyI"", ""rule"": ""3.4.114"", ""result"": [""cur"", ""i""]}, {""rule_source"": ""azwADyAyI"", ""rule"": ""1.4.13"", ""result"": [""cur"", ""i""]}, {""rule_source"": ""azwADyAyI"", ""rule"": ""7.3.86"", ""result"": [""cor"", ""i""]}, {""rule_source"": ""azwADyAyI"", ""rule"": ""3.1.26"", ""result"": [""cor"", ""i"", ""Ric""]}, {""rule_source"": ""azwADyAyI"", ""rule"": ""3.1.32"", ""result"": [""cor"", ""i"", ""Ric""]}, {""rule_source"": ""azwADyAyI"", ""rule"": ""1.3.3"", ""result"": [""cor"", ""i"", ""Ric""]}, {""rule_source"": ""azwADyAyI"", ""rule"": ""1.3.7"", ""result"": [""cor"", ""i"", ""Ric""]}, {""rule_source"": ""azwADyAyI"", ""rule"": ""1.3.9"", ""result"": [""cor"", ""i"", ""i""]}, {""rule_source"": ""azwADyAyI"", ""rule"": ""3.4.114"", ""result"": [""cor"", ""i"", ""i""]}, {""rule_source"": ""azwADyAyI"", ""rule"": ""1.3.78"", ""result"": [""cor"", ""i"", ""i""]}, {""rule_source"": ""azwADyAyI"", ""rule"": ""1.4.13"", ""result"": [""cor"", ""i"", ""i""]}, {""rule_source"": ""azwADyAyI"", ""rule"": ""7.2.115"", ""result"": [""cor"", ""E"", ""i""]}, {""rule_source"": ""azwADyAyI"", ""rule"": ""6.4.51"", ""result"": [""cor"", """", ""i""]}, {""rule_source"": ""azwADyAyI"", ""rule"": ""3.1.26"", ""result"": [""cor"", """", ""i"", ""Ric""]}, {""rule_source"": ""azwADyAyI"", ""rule"": ""3.1.32"", ""result"": [""cor"", """", ""i"", ""Ric""]}, {""rule_source"": ""azwADyAyI"", ""rule"": ""1.3.3"", ""result"": [""cor"", """", ""i"", ""Ric""]}, {""rule_source"": ""azwADyAyI"", ""rule"": ""1.3.7"", ""result"": [""cor"", """", ""i"", ""Ric""]}, {""rule_source"": ""azwADyAyI"", ""rule"": ""1.3.9"", ""result"": [""cor"", """", ""i"", ""i""]}, {""rule_source"": ""azwADyAyI"", ""rule"": ""3.4.114"", ""result"": [""cor"", """", ""i"", ""i""]}, {""rule_source"": ""azwADyAyI"", ""rule"": ""1.3.78"", ""result"": [""cor"", """", ""i"", ""i""]}, {""rule_source"": ""azwADyAyI"", ""rule"": ""1.4.13"", ""result"": [""cor"", """", ""i"", ""i""]}, {""rule_source"": ""azwADyAyI"", ""rule"": ""7.2.115"", ""result"": [""cor"", """", ""E"", ""i""]}, {""rule_source"": ""azwADyAyI"", ""rule"": ""6.4.51"", ""result"": [""cor"", """", ""E"", ""i""]}, {""rule_source"": ""azwADyAyI"", ""rule"": ""6.4.51"", ""result"": [""cor"", """", """", ""i""]}, {""rule_source"": ""azwADyAyI"", ""rule"": ""3.3.162"", ""result"": [""cor"", """", """", ""i"", ""lo~w""]}, {""rule_source"": ""azwADyAyI"", ""rule"": ""1.3.2"", ""result"": [""cor"", """", """", ""i"", ""lo~w""]}, {""rule_source"": ""azwADyAyI"", ""rule"": ""1.3.3"", ""result"": [""cor"", """", """", ""i"", ""lo~w""]}, {""rule_source"": ""azwADyAyI"", ""rule"": ""1.3.9"", ""result"": [""cor"", """", """", ""i"", ""l""]}, {""rule_source"": ""azwADyAyI"", ""rule"": ""3.4.78"", ""result"": [""cor"", """", """", ""i"", ""tip""]}, {""rule_source"": ""azwADyAyI"", ""rule"": ""1.3.3"", ""result"": [""cor"", """", """", ""i"", ""tip""]}, {""rule_source"": ""azwADyAyI"", ""rule"": ""1.3.9"", ""result"": [""cor"", """", """", ""i"", ""ti""]}, {""rule_source"": ""azwADyAyI"", ""rule"": ""3.4.113"", ""result"": [""cor"", """", """", ""i"", ""ti""]}, {""rule_source"": ""azwADyAyI"", ""rule"": ""3.1.68"", ""result"": [""cor"", """", """", ""i"", ""Sap"", ""ti""]}, {""rule_source"": ""azwADyAyI"", ""rule"": ""1.3.3"", ""result"": [""cor"", """", """", ""i"", ""Sap"", ""ti""]}, {""rule_source"": ""azwADyAyI"", ""rule"": ""1.3.8"", ""result"": [""cor"", """", """", ""i"", ""Sap"", ""ti""]}, {""rule_source"": ""azwADyAyI"", ""rule"": ""1.3.9"", ""result"": [""cor"", """", """", ""i"", ""a"", ""ti""]}, {""rule_source"": ""azwADyAyI"", ""rule"": ""3.4.113"", ""result"": [""cor"", """", """", ""i"", ""a"", ""ti""]}, {""rule_source"": ""azwADyAyI"", ""rule"": ""3.4.86"", ""result"": [""cor"", """", """", ""i"", ""a"", ""tu""]}, {""rule_source"": ""azwADyAyI"", ""rule"": ""1.4.13"", ""result"": [""cor"", """", """", ""i"", ""a"", ""tu""]}, {""rule_source"": ""azwADyAyI"", ""rule"": ""7.3.84"", ""result"": [""cor"", """", """", ""e"", ""a"", ""tu""]}, {""rule_source"": ""azwADyAyI"", ""rule"": ""6.4.51"", ""result"": [""cor"", """", """", ""e"", ""a"", ""tu""]}, {""rule_source"": ""azwADyAyI"", ""rule"": ""6.4.51"", ""result"": [""cor"", """", """", ""e"", ""a"", ""tu""]}, {""rule_source"": ""azwADyAyI"", ""rule"": ""1.4.14"", ""result"": [""cor"", """", """", ""e"", ""a"", ""tu""]}, {""rule_source"": ""azwADyAyI"", ""rule"": ""6.1.78"", ""result"": [""cor"", """", """", ""ay"", ""a"", ""tu""]}, {""rule_source"": ""azwADyAyI"", ""rule"": ""8.4.68"", ""result"": [""cor"", """", """", ""ay"", ""a"", ""tu""]}]}], ""atmanepada"": [{""form_slp1"": ""corayatAm"", ""steps"": [{""rule_source"": ""azwADyAyI"", ""rule"": ""1.3.1"", ""result"": [""cura~""]}, {""rule_source"": ""azwADyAyI"", ""rule"": ""1.3.2"", ""result"": [""cura~""]}, {""rule_source"": ""azwADyAyI"", ""rule"": ""1.3.9"", ""result"": [""cur""]}, {""rule_source"": ""azwADyAyI"", ""rule"": ""3.1.25"", ""result"": [""cur"", ""Ric""]}, {""rule_source"": ""azwADyAyI"", ""rule"": ""3.1.32"", ""result"": [""cur"", ""Ric""]}, {""rule_source"": ""azwADyAyI"", ""rule"": ""1.3.3"", ""result"": [""cur"", ""Ric""]}, {""rule_source"": ""azwADyAyI"", ""rule"": ""1.3.7"", ""result"": [""cur"", ""Ric""]}, {""rule_source"": ""azwADyAyI"", ""rule"": ""1.3.9"", ""result"": [""cur"", ""i""]}, {""rule_source"": ""azwADyAyI"", ""rule"": ""3.4.114"", ""result"": [""cur"", ""i""]}, {""rule_source"": ""azwADyAyI"", ""rule"": ""1.4.13"", ""result"": [""cur"", ""i""]}, {""rule_source"": ""azwADyAyI"", ""rule"": ""7.3.86"", ""result"": [""cor"", ""i""]}, {""rule_source"": ""azwADyAyI"", ""rule"": ""3.1.26"", ""result"": [""cor"", ""i"", ""Ric""]}, {""rule_source"": ""azwADyAyI"", ""rule"": ""3.1.32"", ""result"": [""cor"", ""i"", ""Ric""]}, {""rule_source"": ""azwADyAyI"", ""rule"": ""1.3.3"", ""result"": [""cor"", ""i"", ""Ric""]}, {""rule_source"": ""azwADyAyI"", ""rule"": ""1.3.7"", ""result"": [""cor"", ""i"", ""Ric""]}, {""rule_source"": ""azwADyAyI"", ""rule"": ""1.3.9"", ""result"": [""cor"", ""i"", ""i""]}, {""rule_source"": ""azwADyAyI"", ""rule"": ""3.4.114"", ""result"": [""cor"", ""i"", ""i""]}, {""rule_source"": ""azwADyAyI"", ""rule"": ""1.3.74"", ""result"": [""cor"", ""i"", ""i""]}, {""rule_source"": ""azwADyAyI"", ""rule"": ""1.4.13"", ""result"": [""cor"", ""i"", ""i""]}, {""rule_source"": ""azwADyAyI"", ""rule"": ""7.2.115"", ""result"": [""cor"", ""E"", ""i""]}, {""rule_source"": ""azwADyAyI"", ""rule"": ""6.4.51"", ""result"": [""cor"", """", ""i""]}, {""rule_source"": ""azwADyAyI"", ""rule"": ""3.1.26"", ""result"": [""cor"", """", ""i"", ""Ric""]}, {""rule_source"": ""azwADyAyI"", ""rule"": ""3.1.32"", ""result"": [""cor"", """", ""i"", ""Ric""]}, {""rule_source"": ""azwADyAyI"", ""rule"": ""1.3.3"", ""result"": [""cor"", """", ""i"", ""Ric""]}, {""rule_source"": ""azwADyAyI"", ""rule"": ""1.3.7"", ""result"": [""cor"", """", ""i"", ""Ric""]}, {""rule_source"": ""azwADyAyI"", ""rule"": ""1.3.9"", ""result"": [""cor"", """", ""i"", ""i""]}, {""rule_source"": ""azwADyAyI"", ""rule"": ""3.4.114"", ""result"": [""cor"", """", ""i"", ""i""]}, {""rule_source"": ""azwADyAyI"", ""rule"": ""1.3.74"", ""result"": [""cor"", """", ""i"", ""i""]}, {""rule_source"": ""azwADyAyI"", ""rule"": ""1.4.13"", ""result"": [""cor"", """", ""i"", ""i""]}, {""rule_source"": ""azwADyAyI"", ""rule"": ""7.2.115"", ""result"": [""cor"", """", ""E"", ""i""]}, {""rule_source"": ""azwADyAyI"", ""rule"": ""6.4.51"", ""result"": [""cor"", """", ""E"", ""i""]}, {""rule_source"": ""azwADyAyI"", ""rule"": ""6.4.51"", ""result"": [""cor"", """", """", ""i""]}, {""rule_source"": ""azwADyAyI"", ""rule"": ""3.3.162"", ""result"": [""cor"", """", """", ""i"", ""lo~w""]}, {""rule_source"": ""azwADyAyI"", ""rule"": ""1.3.2"", ""result"": [""cor"", """", """", ""i"", ""lo~w""]}, {""rule_source"": ""azwADyAyI"", ""rule"": ""1.3.3"", ""result"": [""cor"", """", """", ""i"", ""lo~w""]}, {""rule_source"": ""azwADyAyI"", ""rule"": ""1.3.9"", ""result"": [""cor"", """", """", ""i"", ""l""]}, {""rule_source"": ""azwADyAyI"", ""rule"": ""3.4.78"", ""result"": [""cor"", """", """", ""i"", ""ta""]}, {""rule_source"": ""azwADyAyI"", ""rule"": ""3.4.113"", ""result"": [""cor"", """", """", ""i"", ""ta""]}, {""rule_source"": ""azwADyAyI"", ""rule"": ""3.1.68"", ""result"": [""cor"", """", """", ""i"", ""Sap"", ""ta""]}, {""rule_source"": ""azwADyAyI"", ""rule"": ""1.3.3"", ""result"": [""cor"", """", """", ""i"", ""Sap"", ""ta""]}, {""rule_source"": ""azwADyAyI"", ""rule"": ""1.3.8"", ""result"": [""cor"", """", """", ""i"", ""Sap"", ""ta""]}, {""rule_source"": ""azwADyAyI"", ""rule"": ""1.3.9"", ""result"": [""cor"", """", """", ""i"", ""a"", ""ta""]}, {""rule_source"": ""azwADyAyI"", ""rule"": ""3.4.113"", ""result"": [""cor"", """", """", ""i"", ""a"", ""ta""]}, {""rule_source"": ""azwADyAyI"", ""rule"": ""3.4.79"", ""result"": [""cor"", """", """", ""i"", ""a"", ""te""]}, {""rule_source"": ""azwADyAyI"", ""rule"": ""3.4.90"", ""result"": [""cor"", """", """", ""i"", ""a"", ""tAm""]}, {""rule_source"": ""azwADyAyI"", ""rule"": ""1.2.4"", ""result"": [""cor"", """", """", ""i"", ""a"", ""tAm""]}, {""rule_source"": ""azwADyAyI"", ""rule"": ""1.4.13"", ""result"": [""cor"", """", """", ""i"", ""a"", ""tAm""]}, {""rule_source"": ""azwADyAyI"", ""rule"": ""7.3.84"", ""result"": [""cor"", """", """", ""e"", ""a"", ""tAm""]}, {""rule_source"": ""azwADyAyI"", ""rule"": ""6.4.51"", ""result"": [""cor"", """", """", ""e"", ""a"", ""tAm""]}, {""rule_source"": ""azwADyAyI"", ""rule"": ""6.4.51"", ""result"": [""cor"", """", """", ""e"", ""a"", ""tAm""]}, {""rule_source"": ""azwADyAyI"", ""rule"": ""1.4.14"", ""result"": [""cor"", """", """", ""e"", ""a"", ""tAm""]}, {""rule_source"": ""azwADyAyI"", ""rule"": ""6.1.78"", ""result"": [""cor"", """", """", ""ay"", ""a"", ""tAm""]}, {""rule_source"": ""azwADyAyI"", ""rule"": ""8.4.68"", ""result"": [""cor"", """", """", ""ay"", ""a"", ""tAm""]}]}]}"
curadi_true_causative:b1003430eb7d860d6037,curadi_true_causative,lan,लङ् (laṅ),imperfect past,Prathama,Eka,acorayad;acorayat,acorayata,acorayad;acorayat;acorayata,3,locally_regenerated,"{""parasmaipada"": [{""form_slp1"": ""acorayat"", ""steps"": [{""rule_source"": ""azwADyAyI"", ""rule"": ""1.3.1"", ""result"": [""cura~""]}, {""rule_source"": ""azwADyAyI"", ""rule"": ""1.3.2"", ""result"": [""cura~""]}, {""rule_source"": ""azwADyAyI"", ""rule"": ""1.3.9"", ""result"": [""cur""]}, {""rule_source"": ""azwADyAyI"", ""rule"": ""3.1.25"", ""result"": [""cur"", ""Ric""]}, {""rule_source"": ""azwADyAyI"", ""rule"": ""3.1.32"", ""result"": [""cur"", ""Ric""]}, {""rule_source"": ""azwADyAyI"", ""rule"": ""1.3.3"", ""result"": [""cur"", ""Ric""]}, {""rule_source"": ""azwADyAyI"", ""rule"": ""1.3.7"", ""result"": [""cur"", ""Ric""]}, {""rule_source"": ""azwADyAyI"", ""rule"": ""1.3.9"", ""result"": [""cur"", ""i""]}, {""rule_source"": ""azwADyAyI"", ""rule"": ""3.4.114"", ""result"": [""cur"", ""i""]}, {""rule_source"": ""azwADyAyI"", ""rule"": ""1.4.13"", ""result"": [""cur"", ""i""]}, {""rule_source"": ""azwADyAyI"", ""rule"": ""7.3.86"", ""result"": [""cor"", ""i""]}, {""rule_source"": ""azwADyAyI"", ""rule"": ""3.1.26"", ""result"": [""cor"", ""i"", ""Ric""]}, {""rule_source"": ""azwADyAyI"", ""rule"": ""3.1.32"", ""result"": [""cor"", ""i"", ""Ric""]}, {""rule_source"": ""azwADyAyI"", ""rule"": ""1.3.3"", ""result"": [""cor"", ""i"", ""Ric""]}, {""rule_source"": ""azwADyAyI"", ""rule"": ""1.3.7"", ""result"": [""cor"", ""i"", ""Ric""]}, {""rule_source"": ""azwADyAyI"", ""rule"": ""1.3.9"", ""result"": [""cor"", ""i"", ""i""]}, {""rule_source"": ""azwADyAyI"", ""rule"": ""3.4.114"", ""result"": [""cor"", ""i"", ""i""]}, {""rule_source"": ""azwADyAyI"", ""rule"": ""1.3.78"", ""result"": [""cor"", ""i"", ""i""]}, {""rule_source"": ""azwADyAyI"", ""rule"": ""1.4.13"", ""result"": [""cor"", ""i"", ""i""]}, {""rule_source"": ""azwADyAyI"", ""rule"": ""7.2.115"", ""result"": [""cor"", ""E"", ""i""]}, {""rule_source"": ""azwADyAyI"", ""rule"": ""6.4.51"", ""result"": [""cor"", """", ""i""]}, {""rule_source"": ""azwADyAyI"", ""rule"": ""3.1.26"", ""result"": [""cor"", """", ""i"", ""Ric""]}, {""rule_source"": ""azwADyAyI"", ""rule"": ""3.1.32"", ""result"": [""cor"", """", ""i"", ""Ric""]}, {""rule_source"": ""azwADyAyI"", ""rule"": ""1.3.3"", ""result"": [""cor"", """", ""i"", ""Ric""]}, {""rule_source"": ""azwADyAyI"", ""rule"": ""1.3.7"", ""result"": [""cor"", """", ""i"", ""Ric""]}, {""rule_source"": ""azwADyAyI"", ""rule"": ""1.3.9"", ""result"": [""cor"", """", ""i"", ""i""]}, {""rule_source"": ""azwADyAyI"", ""rule"": ""3.4.114"", ""result"": [""cor"", """", ""i"", ""i""]}, {""rule_source"": ""azwADyAyI"", ""rule"": ""1.3.78"", ""result"": [""cor"", """", ""i"", ""i""]}, {""rule_source"": ""azwADyAyI"", ""rule"": ""1.4.13"", ""result"": [""cor"", """", ""i"", ""i""]}, {""rule_source"": ""azwADyAyI"", ""rule"": ""7.2.115"", ""result"": [""cor"", """", ""E"", ""i""]}, {""rule_source"": ""azwADyAyI"", ""rule"": ""6.4.51"", ""result"": [""cor"", """", ""E"", ""i""]}, {""rule_source"": ""azwADyAyI"", ""rule"": ""6.4.51"", ""result"": [""cor"", """", """", ""i""]}, {""rule_source"": ""azwADyAyI"", ""rule"": ""3.2.111"", ""result"": [""cor"", """", """", ""i"", ""laN""]}, {""rule_source"": ""azwADyAyI"", ""rule"": ""1.3.3"", ""result"": [""cor"", """", """", ""i"", ""laN""]}, {""rule_source"": ""azwADyAyI"", ""rule"": ""1.3.9"", ""result"": [""cor"", """", """", ""i"", ""la""]}, {""rule_source"": ""azwADyAyI"", ""rule"": ""3.4.78"", ""result"": [""cor"", """", """", ""i"", ""tip""]}, {""rule_source"": ""azwADyAyI"", ""rule"": ""1.3.3"", ""result"": [""cor"", """", """", ""i"", ""tip""]}, {""rule_source"": ""azwADyAyI"", ""rule"": ""1.3.9"", ""result"": [""cor"", """", """", ""i"", ""ti""]}, {""rule_source"": ""azwADyAyI"", ""rule"": ""3.4.113"", ""result"": [""cor"", """", """", ""i"", ""ti""]}, {""rule_source"": ""azwADyAyI"", ""rule"": ""3.1.68"", ""result"": [""cor"", """", """", ""i"", ""Sap"", ""ti""]}, {""rule_source"": ""azwADyAyI"", ""rule"": ""1.3.3"", ""result"": [""cor"", """", """", ""i"", ""Sap"", ""ti""]}, {""rule_source"": ""azwADyAyI"", ""rule"": ""1.3.8"", ""result"": [""cor"", """", """", ""i"", ""Sap"", ""ti""]}, {""rule_source"": ""azwADyAyI"", ""rule"": ""1.3.9"", ""result"": [""cor"", """", """", ""i"", ""a"", ""ti""]}, {""rule_source"": ""azwADyAyI"", ""rule"": ""3.4.113"", ""result"": [""cor"", """", """", ""i"", ""a"", ""ti""]}, {""rule_source"": ""azwADyAyI"", ""rule"": ""3.4.100"", ""result"": [""cor"", """", """", ""i"", ""a"", ""t""]}, {""rule_source"": ""azwADyAyI"", ""rule"": ""1.4.13"", ""result"": [""cor"", """", """", ""i"", ""a"", ""t""]}, {""rule_source"": ""azwADyAyI"", ""rule"": ""6.4.71"", ""result"": [""aw"", ""cor"", """", """", ""i"", ""a"", ""t""]}, {""rule_source"": ""azwADyAyI"", ""rule"": ""1.3.3"", ""result"": [""aw"", ""cor"", """", """", ""i"", ""a"", ""t""]}, {""rule_source"": ""azwADyAyI"", ""rule"": ""1.3.9"", ""result"": [""a"", ""cor"", """", """", ""i"", ""a"", ""t""]}, {""rule_source"": ""azwADyAyI"", ""rule"": ""7.3.84"", ""result"": [""a"", ""cor"", """", """", ""e"", ""a"", ""t""]}, {""rule_source"": ""azwADyAyI"", ""rule"": ""6.4.51"", ""result"": [""a"", ""cor"", """", """", ""e"", ""a"", ""t""]}, {""rule_source"": ""azwADyAyI"", ""rule"": ""6.4.51"", ""result"": [""a"", ""cor"", """", """", ""e"", ""a"", ""t""]}, {""rule_source"": ""azwADyAyI"", ""rule"": ""1.4.14"", ""result"": [""a"", ""cor"", """", """", ""e"", ""a"", ""t""]}, {""rule_source"": ""azwADyAyI"", ""rule"": ""6.1.78"", ""result"": [""a"", ""cor"", """", """", ""ay"", ""a"", ""t""]}, {""rule_source"": ""azwADyAyI"", ""rule"": ""8.2.39"", ""result"": [""a"", ""cor"", """", """", ""ay"", ""a"", ""d""]}, {""rule_source"": ""azwADyAyI"", ""rule"": ""8.4.56"", ""result"": [""a"", ""cor"", """", """", ""ay"", ""a"", ""t""]}, {""rule_source"": ""azwADyAyI"", ""rule"": ""8.4.68"", ""result"": [""a"", ""cor"", """", """", ""ay"", ""a"", ""t""]}]}, {""form_slp1"": ""acorayad"", ""steps"": [{""rule_source"": ""azwADyAyI"", ""rule"": ""1.3.1"", ""result"": [""cura~""]}, {""rule_source"": ""azwADyAyI"", ""rule"": ""1.3.2"", ""result"": [""cura~""]}, {""rule_source"": ""azwADyAyI"", ""rule"": ""1.3.9"", ""result"": [""cur""]}, {""rule_source"": ""azwADyAyI"", ""rule"": ""3.1.25"", ""result"": [""cur"", ""Ric""]}, {""rule_source"": ""azwADyAyI"", ""rule"": ""3.1.32"", ""result"": [""cur"", ""Ric""]}, {""rule_source"": ""azwADyAyI"", ""rule"": ""1.3.3"", ""result"": [""cur"", ""Ric""]}, {""rule_source"": ""azwADyAyI"", ""rule"": ""1.3.7"", ""result"": [""cur"", ""Ric""]}, {""rule_source"": ""azwADyAyI"", ""rule"": ""1.3.9"", ""result"": [""cur"", ""i""]}, {""rule_source"": ""azwADyAyI"", ""rule"": ""3.4.114"", ""result"": [""cur"", ""i""]}, {""rule_source"": ""azwADyAyI"", ""rule"": ""1.4.13"", ""result"": [""cur"", ""i""]}, {""rule_source"": ""azwADyAyI"", ""rule"": ""7.3.86"", ""result"": [""cor"", ""i""]}, {""rule_source"": ""azwADyAyI"", ""rule"": ""3.1.26"", ""result"": [""cor"", ""i"", ""Ric""]}, {""rule_source"": ""azwADyAyI"", ""rule"": ""3.1.32"", ""result"": [""cor"", ""i"", ""Ric""]}, {""rule_source"": ""azwADyAyI"", ""rule"": ""1.3.3"", ""result"": [""cor"", ""i"", ""Ric""]}, {""rule_source"": ""azwADyAyI"", ""rule"": ""1.3.7"", ""result"": [""cor"", ""i"", ""Ric""]}, {""rule_source"": ""azwADyAyI"", ""rule"": ""1.3.9"", ""result"": [""cor"", ""i"", ""i""]}, {""rule_source"": ""azwADyAyI"", ""rule"": ""3.4.114"", ""result"": [""cor"", ""i"", ""i""]}, {""rule_source"": ""azwADyAyI"", ""rule"": ""1.3.78"", ""result"": [""cor"", ""i"", ""i""]}, {""rule_source"": ""azwADyAyI"", ""rule"": ""1.4.13"", ""result"": [""cor"", ""i"", ""i""]}, {""rule_source"": ""azwADyAyI"", ""rule"": ""7.2.115"", ""result"": [""cor"", ""E"", ""i""]}, {""rule_source"": ""azwADyAyI"", ""rule"": ""6.4.51"", ""result"": [""cor"", """", ""i""]}, {""rule_source"": ""azwADyAyI"", ""rule"": ""3.1.26"", ""result"": [""cor"", """", ""i"", ""Ric""]}, {""rule_source"": ""azwADyAyI"", ""rule"": ""3.1.32"", ""result"": [""cor"", """", ""i"", ""Ric""]}, {""rule_source"": ""azwADyAyI"", ""rule"": ""1.3.3"", ""result"": [""cor"", """", ""i"", ""Ric""]}, {""rule_source"": ""azwADyAyI"", ""rule"": ""1.3.7"", ""result"": [""cor"", """", ""i"", ""Ric""]}, {""rule_source"": ""azwADyAyI"", ""rule"": ""1.3.9"", ""result"": [""cor"", """", ""i"", ""i""]}, {""rule_source"": ""azwADyAyI"", ""rule"": ""3.4.114"", ""result"": [""cor"", """", ""i"", ""i""]}, {""rule_source"": ""azwADyAyI"", ""rule"": ""1.3.78"", ""result"": [""cor"", """", ""i"", ""i""]}, {""rule_source"": ""azwADyAyI"", ""rule"": ""1.4.13"", ""result"": [""cor"", """", ""i"", ""i""]}, {""rule_source"": ""azwADyAyI"", ""rule"": ""7.2.115"", ""result"": [""cor"", """", ""E"", ""i""]}, {""rule_source"": ""azwADyAyI"", ""rule"": ""6.4.51"", ""result"": [""cor"", """", ""E"", ""i""]}, {""rule_source"": ""azwADyAyI"", ""rule"": ""6.4.51"", ""result"": [""cor"", """", """", ""i""]}, {""rule_source"": ""azwADyAyI"", ""rule"": ""3.2.111"", ""result"": [""cor"", """", """", ""i"", ""laN""]}, {""rule_source"": ""azwADyAyI"", ""rule"": ""1.3.3"", ""result"": [""cor"", """", """", ""i"", ""laN""]}, {""rule_source"": ""azwADyAyI"", ""rule"": ""1.3.9"", ""result"": [""cor"", """", """", ""i"", ""la""]}, {""rule_source"": ""azwADyAyI"", ""rule"": ""3.4.78"", ""result"": [""cor"", """", """", ""i"", ""tip""]}, {""rule_source"": ""azwADyAyI"", ""rule"": ""1.3.3"", ""result"": [""cor"", """", """", ""i"", ""tip""]}, {""rule_source"": ""azwADyAyI"", ""rule"": ""1.3.9"", ""result"": [""cor"", """", """", ""i"", ""ti""]}, {""rule_source"": ""azwADyAyI"", ""rule"": ""3.4.113"", ""result"": [""cor"", """", """", ""i"", ""ti""]}, {""rule_source"": ""azwADyAyI"", ""rule"": ""3.1.68"", ""result"": [""cor"", """", """", ""i"", ""Sap"", ""ti""]}, {""rule_source"": ""azwADyAyI"", ""rule"": ""1.3.3"", ""result"": [""cor"", """", """", ""i"", ""Sap"", ""ti""]}, {""rule_source"": ""azwADyAyI"", ""rule"": ""1.3.8"", ""result"": [""cor"", """", """", ""i"", ""Sap"", ""ti""]}, {""rule_source"": ""azwADyAyI"", ""rule"": ""1.3.9"", ""result"": [""cor"", """", """", ""i"", ""a"", ""ti""]}, {""rule_source"": ""azwADyAyI"", ""rule"": ""3.4.113"", ""result"": [""cor"", """", """", ""i"", ""a"", ""ti""]}, {""rule_source"": ""azwADyAyI"", ""rule"": ""3.4.100"", ""result"": [""cor"", """", """", ""i"", ""a"", ""t""]}, {""rule_source"": ""azwADyAyI"", ""rule"": ""1.4.13"", ""result"": [""cor"", """", """", ""i"", ""a"", ""t""]}, {""rule_source"": ""azwADyAyI"", ""rule"": ""6.4.71"", ""result"": [""aw"", ""cor"", """", """", ""i"", ""a"", ""t""]}, {""rule_source"": ""azwADyAyI"", ""rule"": ""1.3.3"", ""result"": [""aw"", ""cor"", """", """", ""i"", ""a"", ""t""]}, {""rule_source"": ""azwADyAyI"", ""rule"": ""1.3.9"", ""result"": [""a"", ""cor"", """", """", ""i"", ""a"", ""t""]}, {""rule_source"": ""azwADyAyI"", ""rule"": ""7.3.84"", ""result"": [""a"", ""cor"", """", """", ""e"", ""a"", ""t""]}, {""rule_source"": ""azwADyAyI"", ""rule"": ""6.4.51"", ""result"": [""a"", ""cor"", """", """", ""e"", ""a"", ""t""]}, {""rule_source"": ""azwADyAyI"", ""rule"": ""6.4.51"", ""result"": [""a"", ""cor"", """", """", ""e"", ""a"", ""t""]}, {""rule_source"": ""azwADyAyI"", ""rule"": ""1.4.14"", ""result"": [""a"", ""cor"", """", """", ""e"", ""a"", ""t""]}, {""rule_source"": ""azwADyAyI"", ""rule"": ""6.1.78"", ""result"": [""a"", ""cor"", """", """", ""ay"", ""a"", ""t""]}, {""rule_source"": ""azwADyAyI"", ""rule"": ""8.2.39"", ""result"": [""a"", ""cor"", """", """", ""ay"", ""a"", ""d""]}, {""rule_source"": ""azwADyAyI"", ""rule"": ""8.4.68"", ""result"": [""a"", ""cor"", """", """", ""ay"", ""a"", ""d""]}]}], ""atmanepada"": [{""form_slp1"": ""acorayata"", ""steps"": [{""rule_source"": ""azwADyAyI"", ""rule"": ""1.3.1"", ""result"": [""cura~""]}, {""rule_source"": ""azwADyAyI"", ""rule"": ""1.3.2"", ""result"": [""cura~""]}, {""rule_source"": ""azwADyAyI"", ""rule"": ""1.3.9"", ""result"": [""cur""]}, {""rule_source"": ""azwADyAyI"", ""rule"": ""3.1.25"", ""result"": [""cur"", ""Ric""]}, {""rule_source"": ""azwADyAyI"", ""rule"": ""3.1.32"", ""result"": [""cur"", ""Ric""]}, {""rule_source"": ""azwADyAyI"", ""rule"": ""1.3.3"", ""result"": [""cur"", ""Ric""]}, {""rule_source"": ""azwADyAyI"", ""rule"": ""1.3.7"", ""result"": [""cur"", ""Ric""]}, {""rule_source"": ""azwADyAyI"", ""rule"": ""1.3.9"", ""result"": [""cur"", ""i""]}, {""rule_source"": ""azwADyAyI"", ""rule"": ""3.4.114"", ""result"": [""cur"", ""i""]}, {""rule_source"": ""azwADyAyI"", ""rule"": ""1.4.13"", ""result"": [""cur"", ""i""]}, {""rule_source"": ""azwADyAyI"", ""rule"": ""7.3.86"", ""result"": [""cor"", ""i""]}, {""rule_source"": ""azwADyAyI"", ""rule"": ""3.1.26"", ""result"": [""cor"", ""i"", ""Ric""]}, {""rule_source"": ""azwADyAyI"", ""rule"": ""3.1.32"", ""result"": [""cor"", ""i"", ""Ric""]}, {""rule_source"": ""azwADyAyI"", ""rule"": ""1.3.3"", ""result"": [""cor"", ""i"", ""Ric""]}, {""rule_source"": ""azwADyAyI"", ""rule"": ""1.3.7"", ""result"": [""cor"", ""i"", ""Ric""]}, {""rule_source"": ""azwADyAyI"", ""rule"": ""1.3.9"", ""result"": [""cor"", ""i"", ""i""]}, {""rule_source"": ""azwADyAyI"", ""rule"": ""3.4.114"", ""result"": [""cor"", ""i"", ""i""]}, {""rule_source"": ""azwADyAyI"", ""rule"": ""1.3.74"", ""result"": [""cor"", ""i"", ""i""]}, {""rule_source"": ""azwADyAyI"", ""rule"": ""1.4.13"", ""result"": [""cor"", ""i"", ""i""]}, {""rule_source"": ""azwADyAyI"", ""rule"": ""7.2.115"", ""result"": [""cor"", ""E"", ""i""]}, {""rule_source"": ""azwADyAyI"", ""rule"": ""6.4.51"", ""result"": [""cor"", """", ""i""]}, {""rule_source"": ""azwADyAyI"", ""rule"": ""3.1.26"", ""result"": [""cor"", """", ""i"", ""Ric""]}, {""rule_source"": ""azwADyAyI"", ""rule"": ""3.1.32"", ""result"": [""cor"", """", ""i"", ""Ric""]}, {""rule_source"": ""azwADyAyI"", ""rule"": ""1.3.3"", ""result"": [""cor"", """", ""i"", ""Ric""]}, {""rule_source"": ""azwADyAyI"", ""rule"": ""1.3.7"", ""result"": [""cor"", """", ""i"", ""Ric""]}, {""rule_source"": ""azwADyAyI"", ""rule"": ""1.3.9"", ""result"": [""cor"", """", ""i"", ""i""]}, {""rule_source"": ""azwADyAyI"", ""rule"": ""3.4.114"", ""result"": [""cor"", """", ""i"", ""i""]}, {""rule_source"": ""azwADyAyI"", ""rule"": ""1.3.74"", ""result"": [""cor"", """", ""i"", ""i""]}, {""rule_source"": ""azwADyAyI"", ""rule"": ""1.4.13"", ""result"": [""cor"", """", ""i"", ""i""]}, {""rule_source"": ""azwADyAyI"", ""rule"": ""7.2.115"", ""result"": [""cor"", """", ""E"", ""i""]}, {""rule_source"": ""azwADyAyI"", ""rule"": ""6.4.51"", ""result"": [""cor"", """", ""E"", ""i""]}, {""rule_source"": ""azwADyAyI"", ""rule"": ""6.4.51"", ""result"": [""cor"", """", """", ""i""]}, {""rule_source"": ""azwADyAyI"", ""rule"": ""3.2.111"", ""result"": [""cor"", """", """", ""i"", ""laN""]}, {""rule_source"": ""azwADyAyI"", ""rule"": ""1.3.3"", ""result"": [""cor"", """", """", ""i"", ""laN""]}, {""rule_source"": ""azwADyAyI"", ""rule"": ""1.3.9"", ""result"": [""cor"", """", """", ""i"", ""la""]}, {""rule_source"": ""azwADyAyI"", ""rule"": ""3.4.78"", ""result"": [""cor"", """", """", ""i"", ""ta""]}, {""rule_source"": ""azwADyAyI"", ""rule"": ""3.4.113"", ""result"": [""cor"", """", """", ""i"", ""ta""]}, {""rule_source"": ""azwADyAyI"", ""rule"": ""3.1.68"", ""result"": [""cor"", """", """", ""i"", ""Sap"", ""ta""]}, {""rule_source"": ""azwADyAyI"", ""rule"": ""1.3.3"", ""result"": [""cor"", """", """", ""i"", ""Sap"", ""ta""]}, {""rule_source"": ""azwADyAyI"", ""rule"": ""1.3.8"", ""result"": [""cor"", """", """", ""i"", ""Sap"", ""ta""]}, {""rule_source"": ""azwADyAyI"", ""rule"": ""1.3.9"", ""result"": [""cor"", """", """", ""i"", ""a"", ""ta""]}, {""rule_source"": ""azwADyAyI"", ""rule"": ""3.4.113"", ""result"": [""cor"", """", """", ""i"", ""a"", ""ta""]}, {""rule_source"": ""azwADyAyI"", ""rule"": ""1.2.4"", ""result"": [""cor"", """", """", ""i"", ""a"", ""ta""]}, {""rule_source"": ""azwADyAyI"", ""rule"": ""1.4.13"", ""result"": [""cor"", """", """", ""i"", ""a"", ""ta""]}, {""rule_source"": ""azwADyAyI"", ""rule"": ""6.4.71"", ""result"": [""aw"", ""cor"", """", """", ""i"", ""a"", ""ta""]}, {""rule_source"": ""azwADyAyI"", ""rule"": ""1.3.3"", ""result"": [""aw"", ""cor"", """", """", ""i"", ""a"", ""ta""]}, {""rule_source"": ""azwADyAyI"", ""rule"": ""1.3.9"", ""result"": [""a"", ""cor"", """", """", ""i"", ""a"", ""ta""]}, {""rule_source"": ""azwADyAyI"", ""rule"": ""7.3.84"", ""result"": [""a"", ""cor"", """", """", ""e"", ""a"", ""ta""]}, {""rule_source"": ""azwADyAyI"", ""rule"": ""6.4.51"", ""result"": [""a"", ""cor"", """", """", ""e"", ""a"", ""ta""]}, {""rule_source"": ""azwADyAyI"", ""rule"": ""6.4.51"", ""result"": [""a"", ""cor"", """", """", ""e"", ""a"", ""ta""]}, {""rule_source"": ""azwADyAyI"", ""rule"": ""1.4.14"", ""result"": [""a"", ""cor"", """", """", ""e"", ""a"", ""ta""]}, {""rule_source"": ""azwADyAyI"", ""rule"": ""6.1.78"", ""result"": [""a"", ""cor"", """", """", ""ay"", ""a"", ""ta""]}, {""rule_source"": ""azwADyAyI"", ""rule"": ""8.4.68"", ""result"": [""a"", ""cor"", """", """", ""ay"", ""a"", ""ta""]}]}]}"
curadi_true_causative:b1003430eb7d860d6037,curadi_true_causative,vidhilin,विधिलिङ् (vidhiliṅ),"possibility, prescription, or intention",Prathama,Eka,corayed;corayet,corayeta,corayed;corayet;corayeta,3,locally_regenerated,"{""parasmaipada"": [{""form_slp1"": ""corayet"", ""steps"": [{""rule_source"": ""azwADyAyI"", ""rule"": ""1.3.1"", ""result"": [""cura~""]}, {""rule_source"": ""azwADyAyI"", ""rule"": ""1.3.2"", ""result"": [""cura~""]}, {""rule_source"": ""azwADyAyI"", ""rule"": ""1.3.9"", ""result"": [""cur""]}, {""rule_source"": ""azwADyAyI"", ""rule"": ""3.1.25"", ""result"": [""cur"", ""Ric""]}, {""rule_source"": ""azwADyAyI"", ""rule"": ""3.1.32"", ""result"": [""cur"", ""Ric""]}, {""rule_source"": ""azwADyAyI"", ""rule"": ""1.3.3"", ""result"": [""cur"", ""Ric""]}, {""rule_source"": ""azwADyAyI"", ""rule"": ""1.3.7"", ""result"": [""cur"", ""Ric""]}, {""rule_source"": ""azwADyAyI"", ""rule"": ""1.3.9"", ""result"": [""cur"", ""i""]}, {""rule_source"": ""azwADyAyI"", ""rule"": ""3.4.114"", ""result"": [""cur"", ""i""]}, {""rule_source"": ""azwADyAyI"", ""rule"": ""1.4.13"", ""result"": [""cur"", ""i""]}, {""rule_source"": ""azwADyAyI"", ""rule"": ""7.3.86"", ""result"": [""cor"", ""i""]}, {""rule_source"": ""azwADyAyI"", ""rule"": ""3.1.26"", ""result"": [""cor"", ""i"", ""Ric""]}, {""rule_source"": ""azwADyAyI"", ""rule"": ""3.1.32"", ""result"": [""cor"", ""i"", ""Ric""]}, {""rule_source"": ""azwADyAyI"", ""rule"": ""1.3.3"", ""result"": [""cor"", ""i"", ""Ric""]}, {""rule_source"": ""azwADyAyI"", ""rule"": ""1.3.7"", ""result"": [""cor"", ""i"", ""Ric""]}, {""rule_source"": ""azwADyAyI"", ""rule"": ""1.3.9"", ""result"": [""cor"", ""i"", ""i""]}, {""rule_source"": ""azwADyAyI"", ""rule"": ""3.4.114"", ""result"": [""cor"", ""i"", ""i""]}, {""rule_source"": ""azwADyAyI"", ""rule"": ""1.3.78"", ""result"": [""cor"", ""i"", ""i""]}, {""rule_source"": ""azwADyAyI"", ""rule"": ""1.4.13"", ""result"": [""cor"", ""i"", ""i""]}, {""rule_source"": ""azwADyAyI"", ""rule"": ""7.2.115"", ""result"": [""cor"", ""E"", ""i""]}, {""rule_source"": ""azwADyAyI"", ""rule"": ""6.4.51"", ""result"": [""cor"", """", ""i""]}, {""rule_source"": ""azwADyAyI"", ""rule"": ""3.1.26"", ""result"": [""cor"", """", ""i"", ""Ric""]}, {""rule_source"": ""azwADyAyI"", ""rule"": ""3.1.32"", ""result"": [""cor"", """", ""i"", ""Ric""]}, {""rule_source"": ""azwADyAyI"", ""rule"": ""1.3.3"", ""result"": [""cor"", """", ""i"", ""Ric""]}, {""rule_source"": ""azwADyAyI"", ""rule"": ""1.3.7"", ""result"": [""cor"", """", ""i"", ""Ric""]}, {""rule_source"": ""azwADyAyI"", ""rule"": ""1.3.9"", ""result"": [""cor"", """", ""i"", ""i""]}, {""rule_source"": ""azwADyAyI"", ""rule"": ""3.4.114"", ""result"": [""cor"", """", ""i"", ""i""]}, {""rule_source"": ""azwADyAyI"", ""rule"": ""1.3.78"", ""result"": [""cor"", """", ""i"", ""i""]}, {""rule_source"": ""azwADyAyI"", ""rule"": ""1.4.13"", ""result"": [""cor"", """", ""i"", ""i""]}, {""rule_source"": ""azwADyAyI"", ""rule"": ""7.2.115"", ""result"": [""cor"", """", ""E"", ""i""]}, {""rule_source"": ""azwADyAyI"", ""rule"": ""6.4.51"", ""result"": [""cor"", """", ""E"", ""i""]}, {""rule_source"": ""azwADyAyI"", ""rule"": ""6.4.51"", ""result"": [""cor"", """", """", ""i""]}, {""rule_source"": ""azwADyAyI"", ""rule"": ""3.3.161"", ""result"": [""cor"", """", """", ""i"", ""li~N""]}, {""rule_source"": ""azwADyAyI"", ""rule"": ""1.3.2"", ""result"": [""cor"", """", """", ""i"", ""li~N""]}, {""rule_source"": ""azwADyAyI"", ""rule"": ""1.3.3"", ""result"": [""cor"", """", """", ""i"", ""li~N""]}, {""rule_source"": ""azwADyAyI"", ""rule"": ""1.3.9"", ""result"": [""cor"", """", """", ""i"", ""l""]}, {""rule_source"": ""azwADyAyI"", ""rule"": ""3.4.78"", ""result"": [""cor"", """", """", ""i"", ""tip""]}, {""rule_source"": ""azwADyAyI"", ""rule"": ""1.3.3"", ""result"": [""cor"", """", """", ""i"", ""tip""]}, {""rule_source"": ""azwADyAyI"", ""rule"": ""1.3.9"", ""result"": [""cor"", """", """", ""i"", ""ti""]}, {""rule_source"": ""azwADyAyI"", ""rule"": ""3.4.113"", ""result"": [""cor"", """", """", ""i"", ""ti""]}, {""rule_source"": ""azwADyAyI"", ""rule"": ""3.1.68"", ""result"": [""cor"", """", """", ""i"", ""Sap"", ""ti""]}, {""rule_source"": ""azwADyAyI"", ""rule"": ""1.3.3"", ""result"": [""cor"", """", """", ""i"", ""Sap"", ""ti""]}, {""rule_source"": ""azwADyAyI"", ""rule"": ""1.3.8"", ""result"": [""cor"", """", """", ""i"", ""Sap"", ""ti""]}, {""rule_source"": ""azwADyAyI"", ""rule"": ""1.3.9"", ""result"": [""cor"", """", """", ""i"", ""a"", ""ti""]}, {""rule_source"": ""azwADyAyI"", ""rule"": ""3.4.113"", ""result"": [""cor"", """", """", ""i"", ""a"", ""ti""]}, {""rule_source"": ""azwADyAyI"", ""rule"": ""3.4.100"", ""result"": [""cor"", """", """", ""i"", ""a"", ""t""]}, {""rule_source"": ""azwADyAyI"", ""rule"": ""3.4.103"", ""result"": [""cor"", """", """", ""i"", ""a"", ""yAsu~w"", ""t""]}, {""rule_source"": ""azwADyAyI"", ""rule"": ""1.3.2"", ""result"": [""cor"", """", """", ""i"", ""a"", ""yAsu~w"", ""t""]}, {""rule_source"": ""azwADyAyI"", ""rule"": ""1.3.3"", ""result"": [""cor"", """", """", ""i"", ""a"", ""yAsu~w"", ""t""]}, {""rule_source"": ""azwADyAyI"", ""rule"": ""1.3.9"", ""result"": [""cor"", """", """", ""i"", ""a"", ""yAs"", ""t""]}, {""rule_source"": ""azwADyAyI"", ""rule"": ""3.4.107"", ""result"": [""cor"", """", """", ""i"", ""a"", ""yAs"", ""st""]}, {""rule_source"": ""azwADyAyI"", ""rule"": ""1.4.13"", ""result"": [""cor"", """", """", ""i"", ""a"", ""yAs"", ""st""]}, {""rule_source"": ""azwADyAyI"", ""rule"": ""7.2.79"", ""result"": [""cor"", """", """", ""i"", ""a"", ""yA"", ""t""]}, {""rule_source"": ""azwADyAyI"", ""rule"": ""7.2.80"", ""result"": [""cor"", """", """", ""i"", ""a"", ""iy"", ""t""]}, {""rule_source"": ""azwADyAyI"", ""rule"": ""6.1.66"", ""result"": [""cor"", """", """", ""i"", ""a"", ""i"", ""t""]}, {""rule_source"": ""azwADyAyI"", ""rule"": ""7.3.84"", ""result"": [""cor"", """", """", ""e"", ""a"", ""i"", ""t""]}, {""rule_source"": ""azwADyAyI"", ""rule"": ""6.4.51"", ""result"": [""cor"", """", """", ""e"", ""a"", ""i"", ""t""]}, {""rule_source"": ""azwADyAyI"", ""rule"": ""6.4.51"", ""result"": [""cor"", """", """", ""e"", ""a"", ""i"", ""t""]}, {""rule_source"": ""azwADyAyI"", ""rule"": ""1.4.14"", ""result"": [""cor"", """", """", ""e"", ""a"", ""i"", ""t""]}, {""rule_source"": ""azwADyAyI"", ""rule"": ""6.1.78"", ""result"": [""cor"", """", """", ""ay"", ""a"", ""i"", ""t""]}, {""rule_source"": ""azwADyAyI"", ""rule"": ""6.1.87"", ""result"": [""cor"", """", """", ""ay"", """", ""e"", ""t""]}, {""rule_source"": ""azwADyAyI"", ""rule"": ""8.2.39"", ""result"": [""cor"", """", """", ""ay"", """", ""e"", ""d""]}, {""rule_source"": ""azwADyAyI"", ""rule"": ""8.4.56"", ""result"": [""cor"", """", """", ""ay"", """", ""e"", ""t""]}, {""rule_source"": ""azwADyAyI"", ""rule"": ""8.4.68"", ""result"": [""cor"", """", """", ""ay"", """", ""e"", ""t""]}]}, {""form_slp1"": ""corayed"", ""steps"": [{""rule_source"": ""azwADyAyI"", ""rule"": ""1.3.1"", ""result"": [""cura~""]}, {""rule_source"": ""azwADyAyI"", ""rule"": ""1.3.2"", ""result"": [""cura~""]}, {""rule_source"": ""azwADyAyI"", ""rule"": ""1.3.9"", ""result"": [""cur""]}, {""rule_source"": ""azwADyAyI"", ""rule"": ""3.1.25"", ""result"": [""cur"", ""Ric""]}, {""rule_source"": ""azwADyAyI"", ""rule"": ""3.1.32"", ""result"": [""cur"", ""Ric""]}, {""rule_source"": ""azwADyAyI"", ""rule"": ""1.3.3"", ""result"": [""cur"", ""Ric""]}, {""rule_source"": ""azwADyAyI"", ""rule"": ""1.3.7"", ""result"": [""cur"", ""Ric""]}, {""rule_source"": ""azwADyAyI"", ""rule"": ""1.3.9"", ""result"": [""cur"", ""i""]}, {""rule_source"": ""azwADyAyI"", ""rule"": ""3.4.114"", ""result"": [""cur"", ""i""]}, {""rule_source"": ""azwADyAyI"", ""rule"": ""1.4.13"", ""result"": [""cur"", ""i""]}, {""rule_source"": ""azwADyAyI"", ""rule"": ""7.3.86"", ""result"": [""cor"", ""i""]}, {""rule_source"": ""azwADyAyI"", ""rule"": ""3.1.26"", ""result"": [""cor"", ""i"", ""Ric""]}, {""rule_source"": ""azwADyAyI"", ""rule"": ""3.1.32"", ""result"": [""cor"", ""i"", ""Ric""]}, {""rule_source"": ""azwADyAyI"", ""rule"": ""1.3.3"", ""result"": [""cor"", ""i"", ""Ric""]}, {""rule_source"": ""azwADyAyI"", ""rule"": ""1.3.7"", ""result"": [""cor"", ""i"", ""Ric""]}, {""rule_source"": ""azwADyAyI"", ""rule"": ""1.3.9"", ""result"": [""cor"", ""i"", ""i""]}, {""rule_source"": ""azwADyAyI"", ""rule"": ""3.4.114"", ""result"": [""cor"", ""i"", ""i""]}, {""rule_source"": ""azwADyAyI"", ""rule"": ""1.3.78"", ""result"": [""cor"", ""i"", ""i""]}, {""rule_source"": ""azwADyAyI"", ""rule"": ""1.4.13"", ""result"": [""cor"", ""i"", ""i""]}, {""rule_source"": ""azwADyAyI"", ""rule"": ""7.2.115"", ""result"": [""cor"", ""E"", ""i""]}, {""rule_source"": ""azwADyAyI"", ""rule"": ""6.4.51"", ""result"": [""cor"", """", ""i""]}, {""rule_source"": ""azwADyAyI"", ""rule"": ""3.1.26"", ""result"": [""cor"", """", ""i"", ""Ric""]}, {""rule_source"": ""azwADyAyI"", ""rule"": ""3.1.32"", ""result"": [""cor"", """", ""i"", ""Ric""]}, {""rule_source"": ""azwADyAyI"", ""rule"": ""1.3.3"", ""result"": [""cor"", """", ""i"", ""Ric""]}, {""rule_source"": ""azwADyAyI"", ""rule"": ""1.3.7"", ""result"": [""cor"", """", ""i"", ""Ric""]}, {""rule_source"": ""azwADyAyI"", ""rule"": ""1.3.9"", ""result"": [""cor"", """", ""i"", ""i""]}, {""rule_source"": ""azwADyAyI"", ""rule"": ""3.4.114"", ""result"": [""cor"", """", ""i"", ""i""]}, {""rule_source"": ""azwADyAyI"", ""rule"": ""1.3.78"", ""result"": [""cor"", """", ""i"", ""i""]}, {""rule_source"": ""azwADyAyI"", ""rule"": ""1.4.13"", ""result"": [""cor"", """", ""i"", ""i""]}, {""rule_source"": ""azwADyAyI"", ""rule"": ""7.2.115"", ""result"": [""cor"", """", ""E"", ""i""]}, {""rule_source"": ""azwADyAyI"", ""rule"": ""6.4.51"", ""result"": [""cor"", """", ""E"", ""i""]}, {""rule_source"": ""azwADyAyI"", ""rule"": ""6.4.51"", ""result"": [""cor"", """", """", ""i""]}, {""rule_source"": ""azwADyAyI"", ""rule"": ""3.3.161"", ""result"": [""cor"", """", """", ""i"", ""li~N""]}, {""rule_source"": ""azwADyAyI"", ""rule"": ""1.3.2"", ""result"": [""cor"", """", """", ""i"", ""li~N""]}, {""rule_source"": ""azwADyAyI"", ""rule"": ""1.3.3"", ""result"": [""cor"", """", """", ""i"", ""li~N""]}, {""rule_source"": ""azwADyAyI"", ""rule"": ""1.3.9"", ""result"": [""cor"", """", """", ""i"", ""l""]}, {""rule_source"": ""azwADyAyI"", ""rule"": ""3.4.78"", ""result"": [""cor"", """", """", ""i"", ""tip""]}, {""rule_source"": ""azwADyAyI"", ""rule"": ""1.3.3"", ""result"": [""cor"", """", """", ""i"", ""tip""]}, {""rule_source"": ""azwADyAyI"", ""rule"": ""1.3.9"", ""result"": [""cor"", """", """", ""i"", ""ti""]}, {""rule_source"": ""azwADyAyI"", ""rule"": ""3.4.113"", ""result"": [""cor"", """", """", ""i"", ""ti""]}, {""rule_source"": ""azwADyAyI"", ""rule"": ""3.1.68"", ""result"": [""cor"", """", """", ""i"", ""Sap"", ""ti""]}, {""rule_source"": ""azwADyAyI"", ""rule"": ""1.3.3"", ""result"": [""cor"", """", """", ""i"", ""Sap"", ""ti""]}, {""rule_source"": ""azwADyAyI"", ""rule"": ""1.3.8"", ""result"": [""cor"", """", """", ""i"", ""Sap"", ""ti""]}, {""rule_source"": ""azwADyAyI"", ""rule"": ""1.3.9"", ""result"": [""cor"", """", """", ""i"", ""a"", ""ti""]}, {""rule_source"": ""azwADyAyI"", ""rule"": ""3.4.113"", ""result"": [""cor"", """", """", ""i"", ""a"", ""ti""]}, {""rule_source"": ""azwADyAyI"", ""rule"": ""3.4.100"", ""result"": [""cor"", """", """", ""i"", ""a"", ""t""]}, {""rule_source"": ""azwADyAyI"", ""rule"": ""3.4.103"", ""result"": [""cor"", """", """", ""i"", ""a"", ""yAsu~w"", ""t""]}, {""rule_source"": ""azwADyAyI"", ""rule"": ""1.3.2"", ""result"": [""cor"", """", """", ""i"", ""a"", ""yAsu~w"", ""t""]}, {""rule_source"": ""azwADyAyI"", ""rule"": ""1.3.3"", ""result"": [""cor"", """", """", ""i"", ""a"", ""yAsu~w"", ""t""]}, {""rule_source"": ""azwADyAyI"", ""rule"": ""1.3.9"", ""result"": [""cor"", """", """", ""i"", ""a"", ""yAs"", ""t""]}, {""rule_source"": ""azwADyAyI"", ""rule"": ""3.4.107"", ""result"": [""cor"", """", """", ""i"", ""a"", ""yAs"", ""st""]}, {""rule_source"": ""azwADyAyI"", ""rule"": ""1.4.13"", ""result"": [""cor"", """", """", ""i"", ""a"", ""yAs"", ""st""]}, {""rule_source"": ""azwADyAyI"", ""rule"": ""7.2.79"", ""result"": [""cor"", """", """", ""i"", ""a"", ""yA"", ""t""]}, {""rule_source"": ""azwADyAyI"", ""rule"": ""7.2.80"", ""result"": [""cor"", """", """", ""i"", ""a"", ""iy"", ""t""]}, {""rule_source"": ""azwADyAyI"", ""rule"": ""6.1.66"", ""result"": [""cor"", """", """", ""i"", ""a"", ""i"", ""t""]}, {""rule_source"": ""azwADyAyI"", ""rule"": ""7.3.84"", ""result"": [""cor"", """", """", ""e"", ""a"", ""i"", ""t""]}, {""rule_source"": ""azwADyAyI"", ""rule"": ""6.4.51"", ""result"": [""cor"", """", """", ""e"", ""a"", ""i"", ""t""]}, {""rule_source"": ""azwADyAyI"", ""rule"": ""6.4.51"", ""result"": [""cor"", """", """", ""e"", ""a"", ""i"", ""t""]}, {""rule_source"": ""azwADyAyI"", ""rule"": ""1.4.14"", ""result"": [""cor"", """", """", ""e"", ""a"", ""i"", ""t""]}, {""rule_source"": ""azwADyAyI"", ""rule"": ""6.1.78"", ""result"": [""cor"", """", """", ""ay"", ""a"", ""i"", ""t""]}, {""rule_source"": ""azwADyAyI"", ""rule"": ""6.1.87"", ""result"": [""cor"", """", """", ""ay"", """", ""e"", ""t""]}, {""rule_source"": ""azwADyAyI"", ""rule"": ""8.2.39"", ""result"": [""cor"", """", """", ""ay"", """", ""e"", ""d""]}, {""rule_source"": ""azwADyAyI"", ""rule"": ""8.4.68"", ""result"": [""cor"", """", """", ""ay"", """", ""e"", ""d""]}]}], ""atmanepada"": [{""form_slp1"": ""corayeta"", ""steps"": [{""rule_source"": ""azwADyAyI"", ""rule"": ""1.3.1"", ""result"": [""cura~""]}, {""rule_source"": ""azwADyAyI"", ""rule"": ""1.3.2"", ""result"": [""cura~""]}, {""rule_source"": ""azwADyAyI"", ""rule"": ""1.3.9"", ""result"": [""cur""]}, {""rule_source"": ""azwADyAyI"", ""rule"": ""3.1.25"", ""result"": [""cur"", ""Ric""]}, {""rule_source"": ""azwADyAyI"", ""rule"": ""3.1.32"", ""result"": [""cur"", ""Ric""]}, {""rule_source"": ""azwADyAyI"", ""rule"": ""1.3.3"", ""result"": [""cur"", ""Ric""]}, {""rule_source"": ""azwADyAyI"", ""rule"": ""1.3.7"", ""result"": [""cur"", ""Ric""]}, {""rule_source"": ""azwADyAyI"", ""rule"": ""1.3.9"", ""result"": [""cur"", ""i""]}, {""rule_source"": ""azwADyAyI"", ""rule"": ""3.4.114"", ""result"": [""cur"", ""i""]}, {""rule_source"": ""azwADyAyI"", ""rule"": ""1.4.13"", ""result"": [""cur"", ""i""]}, {""rule_source"": ""azwADyAyI"", ""rule"": ""7.3.86"", ""result"": [""cor"", ""i""]}, {""rule_source"": ""azwADyAyI"", ""rule"": ""3.1.26"", ""result"": [""cor"", ""i"", ""Ric""]}, {""rule_source"": ""azwADyAyI"", ""rule"": ""3.1.32"", ""result"": [""cor"", ""i"", ""Ric""]}, {""rule_source"": ""azwADyAyI"", ""rule"": ""1.3.3"", ""result"": [""cor"", ""i"", ""Ric""]}, {""rule_source"": ""azwADyAyI"", ""rule"": ""1.3.7"", ""result"": [""cor"", ""i"", ""Ric""]}, {""rule_source"": ""azwADyAyI"", ""rule"": ""1.3.9"", ""result"": [""cor"", ""i"", ""i""]}, {""rule_source"": ""azwADyAyI"", ""rule"": ""3.4.114"", ""result"": [""cor"", ""i"", ""i""]}, {""rule_source"": ""azwADyAyI"", ""rule"": ""1.3.74"", ""result"": [""cor"", ""i"", ""i""]}, {""rule_source"": ""azwADyAyI"", ""rule"": ""1.4.13"", ""result"": [""cor"", ""i"", ""i""]}, {""rule_source"": ""azwADyAyI"", ""rule"": ""7.2.115"", ""result"": [""cor"", ""E"", ""i""]}, {""rule_source"": ""azwADyAyI"", ""rule"": ""6.4.51"", ""result"": [""cor"", """", ""i""]}, {""rule_source"": ""azwADyAyI"", ""rule"": ""3.1.26"", ""result"": [""cor"", """", ""i"", ""Ric""]}, {""rule_source"": ""azwADyAyI"", ""rule"": ""3.1.32"", ""result"": [""cor"", """", ""i"", ""Ric""]}, {""rule_source"": ""azwADyAyI"", ""rule"": ""1.3.3"", ""result"": [""cor"", """", ""i"", ""Ric""]}, {""rule_source"": ""azwADyAyI"", ""rule"": ""1.3.7"", ""result"": [""cor"", """", ""i"", ""Ric""]}, {""rule_source"": ""azwADyAyI"", ""rule"": ""1.3.9"", ""result"": [""cor"", """", ""i"", ""i""]}, {""rule_source"": ""azwADyAyI"", ""rule"": ""3.4.114"", ""result"": [""cor"", """", ""i"", ""i""]}, {""rule_source"": ""azwADyAyI"", ""rule"": ""1.3.74"", ""result"": [""cor"", """", ""i"", ""i""]}, {""rule_source"": ""azwADyAyI"", ""rule"": ""1.4.13"", ""result"": [""cor"", """", ""i"", ""i""]}, {""rule_source"": ""azwADyAyI"", ""rule"": ""7.2.115"", ""result"": [""cor"", """", ""E"", ""i""]}, {""rule_source"": ""azwADyAyI"", ""rule"": ""6.4.51"", ""result"": [""cor"", """", ""E"", ""i""]}, {""rule_source"": ""azwADyAyI"", ""rule"": ""6.4.51"", ""result"": [""cor"", """", """", ""i""]}, {""rule_source"": ""azwADyAyI"", ""rule"": ""3.3.161"", ""result"": [""cor"", """", """", ""i"", ""li~N""]}, {""rule_source"": ""azwADyAyI"", ""rule"": ""1.3.2"", ""result"": [""cor"", """", """", ""i"", ""li~N""]}, {""rule_source"": ""azwADyAyI"", ""rule"": ""1.3.3"", ""result"": [""cor"", """", """", ""i"", ""li~N""]}, {""rule_source"": ""azwADyAyI"", ""rule"": ""1.3.9"", ""result"": [""cor"", """", """", ""i"", ""l""]}, {""rule_source"": ""azwADyAyI"", ""rule"": ""3.4.78"", ""result"": [""cor"", """", """", ""i"", ""ta""]}, {""rule_source"": ""azwADyAyI"", ""rule"": ""3.4.113"", ""result"": [""cor"", """", """", ""i"", ""ta""]}, {""rule_source"": ""azwADyAyI"", ""rule"": ""3.1.68"", ""result"": [""cor"", """", """", ""i"", ""Sap"", ""ta""]}, {""rule_source"": ""azwADyAyI"", ""rule"": ""1.3.3"", ""result"": [""cor"", """", """", ""i"", ""Sap"", ""ta""]}, {""rule_source"": ""azwADyAyI"", ""rule"": ""1.3.8"", ""result"": [""cor"", """", """", ""i"", ""Sap"", ""ta""]}, {""rule_source"": ""azwADyAyI"", ""rule"": ""1.3.9"", ""result"": [""cor"", """", """", ""i"", ""a"", ""ta""]}, {""rule_source"": ""azwADyAyI"", ""rule"": ""3.4.113"", ""result"": [""cor"", """", """", ""i"", ""a"", ""ta""]}, {""rule_source"": ""azwADyAyI"", ""rule"": ""3.4.102"", ""result"": [""cor"", """", """", ""i"", ""a"", ""sIyu~w"", ""ta""]}, {""rule_source"": ""azwADyAyI"", ""rule"": ""1.3.2"", ""result"": [""cor"", """", """", ""i"", ""a"", ""sIyu~w"", ""ta""]}, {""rule_source"": ""azwADyAyI"", ""rule"": ""1.3.3"", ""result"": [""cor"", """", """", ""i"", ""a"", ""sIyu~w"", ""ta""]}, {""rule_source"": ""azwADyAyI"", ""rule"": ""1.3.9"", ""result"": [""cor"", """", """", ""i"", ""a"", ""sIy"", ""ta""]}, {""rule_source"": ""azwADyAyI"", ""rule"": ""3.4.107"", ""result"": [""cor"", """", """", ""i"", ""a"", ""sIy"", ""sta""]}, {""rule_source"": ""azwADyAyI"", ""rule"": ""1.2.4"", ""result"": [""cor"", """", """", ""i"", ""a"", ""sIy"", ""sta""]}, {""rule_source"": ""azwADyAyI"", ""rule"": ""1.4.13"", ""result"": [""cor"", """", """", ""i"", ""a"", ""sIy"", ""sta""]}, {""rule_source"": ""azwADyAyI"", ""rule"": ""7.2.79"", ""result"": [""cor"", """", """", ""i"", ""a"", ""Iy"", ""ta""]}, {""rule_source"": ""azwADyAyI"", ""rule"": ""6.1.66"", ""result"": [""cor"", """", """", ""i"", ""a"", ""I"", ""ta""]}, {""rule_source"": ""azwADyAyI"", ""rule"": ""7.3.84"", ""result"": [""cor"", """", """", ""e"", ""a"", ""I"", ""ta""]}, {""rule_source"": ""azwADyAyI"", ""rule"": ""6.4.51"", ""result"": [""cor"", """", """", ""e"", ""a"", ""I"", ""ta""]}, {""rule_source"": ""azwADyAyI"", ""rule"": ""6.4.51"", ""result"": [""cor"", """", """", ""e"", ""a"", ""I"", ""ta""]}, {""rule_source"": ""azwADyAyI"", ""rule"": ""1.4.14"", ""result"": [""cor"", """", """", ""e"", ""a"", ""I"", ""ta""]}, {""rule_source"": ""azwADyAyI"", ""rule"": ""6.1.78"", ""result"": [""cor"", """", """", ""ay"", ""a"", ""I"", ""ta""]}, {""rule_source"": ""azwADyAyI"", ""rule"": ""6.1.87"", ""result"": [""cor"", """", """", ""ay"", """", ""e"", ""ta""]}, {""rule_source"": ""azwADyAyI"", ""rule"": ""8.4.68"", ""result"": [""cor"", """", """", ""ay"", """", ""e"", ""ta""]}]}]}"
curadi_true_causative:b1003430eb7d860d6037,curadi_true_causative,ashirlin,आशीर्लिङ् (āśīrliṅ),blessing or wish,Prathama,Eka,coryAd;coryAt,corayizIzwa,corayizIzwa;coryAd;coryAt,3,locally_regenerated,"{""parasmaipada"": [{""form_slp1"": ""coryAt"", ""steps"": [{""rule_source"": ""azwADyAyI"", ""rule"": ""1.3.1"", ""result"": [""cura~""]}, {""rule_source"": ""azwADyAyI"", ""rule"": ""1.3.2"", ""result"": [""cura~""]}, {""rule_source"": ""azwADyAyI"", ""rule"": ""1.3.9"", ""result"": [""cur""]}, {""rule_source"": ""azwADyAyI"", ""rule"": ""3.1.25"", ""result"": [""cur"", ""Ric""]}, {""rule_source"": ""azwADyAyI"", ""rule"": ""3.1.32"", ""result"": [""cur"", ""Ric""]}, {""rule_source"": ""azwADyAyI"", ""rule"": ""1.3.3"", ""result"": [""cur"", ""Ric""]}, {""rule_source"": ""azwADyAyI"", ""rule"": ""1.3.7"", ""result"": [""cur"", ""Ric""]}, {""rule_source"": ""azwADyAyI"", ""rule"": ""1.3.9"", ""result"": [""cur"", ""i""]}, {""rule_source"": ""azwADyAyI"", ""rule"": ""3.4.114"", ""result"": [""cur"", ""i""]}, {""rule_source"": ""azwADyAyI"", ""rule"": ""1.4.13"", ""result"": [""cur"", ""i""]}, {""rule_source"": ""azwADyAyI"", ""rule"": ""7.3.86"", ""result"": [""cor"", ""i""]}, {""rule_source"": ""azwADyAyI"", ""rule"": ""3.1.26"", ""result"": [""cor"", ""i"", ""Ric""]}, {""rule_source"": ""azwADyAyI"", ""rule"": ""3.1.32"", ""result"": [""cor"", ""i"", ""Ric""]}, {""rule_source"": ""azwADyAyI"", ""rule"": ""1.3.3"", ""result"": [""cor"", ""i"", ""Ric""]}, {""rule_source"": ""azwADyAyI"", ""rule"": ""1.3.7"", ""result"": [""cor"", ""i"", ""Ric""]}, {""rule_source"": ""azwADyAyI"", ""rule"": ""1.3.9"", ""result"": [""cor"", ""i"", ""i""]}, {""rule_source"": ""azwADyAyI"", ""rule"": ""3.4.114"", ""result"": [""cor"", ""i"", ""i""]}, {""rule_source"": ""azwADyAyI"", ""rule"": ""1.3.78"", ""result"": [""cor"", ""i"", ""i""]}, {""rule_source"": ""azwADyAyI"", ""rule"": ""1.4.13"", ""result"": [""cor"", ""i"", ""i""]}, {""rule_source"": ""azwADyAyI"", ""rule"": ""7.2.115"", ""result"": [""cor"", ""E"", ""i""]}, {""rule_source"": ""azwADyAyI"", ""rule"": ""6.4.51"", ""result"": [""cor"", """", ""i""]}, {""rule_source"": ""azwADyAyI"", ""rule"": ""3.1.26"", ""result"": [""cor"", """", ""i"", ""Ric""]}, {""rule_source"": ""azwADyAyI"", ""rule"": ""3.1.32"", ""result"": [""cor"", """", ""i"", ""Ric""]}, {""rule_source"": ""azwADyAyI"", ""rule"": ""1.3.3"", ""result"": [""cor"", """", ""i"", ""Ric""]}, {""rule_source"": ""azwADyAyI"", ""rule"": ""1.3.7"", ""result"": [""cor"", """", ""i"", ""Ric""]}, {""rule_source"": ""azwADyAyI"", ""rule"": ""1.3.9"", ""result"": [""cor"", """", ""i"", ""i""]}, {""rule_source"": ""azwADyAyI"", ""rule"": ""3.4.114"", ""result"": [""cor"", """", ""i"", ""i""]}, {""rule_source"": ""azwADyAyI"", ""rule"": ""1.3.78"", ""result"": [""cor"", """", ""i"", ""i""]}, {""rule_source"": ""azwADyAyI"", ""rule"": ""1.4.13"", ""result"": [""cor"", """", ""i"", ""i""]}, {""rule_source"": ""azwADyAyI"", ""rule"": ""7.2.115"", ""result"": [""cor"", """", ""E"", ""i""]}, {""rule_source"": ""azwADyAyI"", ""rule"": ""6.4.51"", ""result"": [""cor"", """", ""E"", ""i""]}, {""rule_source"": ""azwADyAyI"", ""rule"": ""6.4.51"", ""result"": [""cor"", """", """", ""i""]}, {""rule_source"": ""azwADyAyI"", ""rule"": ""3.3.173"", ""result"": [""cor"", """", """", ""i"", ""li~N""]}, {""rule_source"": ""azwADyAyI"", ""rule"": ""1.3.2"", ""result"": [""cor"", """", """", ""i"", ""li~N""]}, {""rule_source"": ""azwADyAyI"", ""rule"": ""1.3.3"", ""result"": [""cor"", """", """", ""i"", ""li~N""]}, {""rule_source"": ""azwADyAyI"", ""rule"": ""1.3.9"", ""result"": [""cor"", """", """", ""i"", ""l""]}, {""rule_source"": ""azwADyAyI"", ""rule"": ""3.4.78"", ""result"": [""cor"", """", """", ""i"", ""tip""]}, {""rule_source"": ""azwADyAyI"", ""rule"": ""1.3.3"", ""result"": [""cor"", """", """", ""i"", ""tip""]}, {""rule_source"": ""azwADyAyI"", ""rule"": ""1.3.9"", ""result"": [""cor"", """", """", ""i"", ""ti""]}, {""rule_source"": ""azwADyAyI"", ""rule"": ""3.4.116"", ""result"": [""cor"", """", """", ""i"", ""ti""]}, {""rule_source"": ""azwADyAyI"", ""rule"": ""3.4.100"", ""result"": [""cor"", """", """", ""i"", ""t""]}, {""rule_source"": ""azwADyAyI"", ""rule"": ""3.4.104"", ""result"": [""cor"", """", """", ""i"", ""yAsu~w"", ""t""]}, {""rule_source"": ""azwADyAyI"", ""rule"": ""1.3.2"", ""result"": [""cor"", """", """", ""i"", ""yAsu~w"", ""t""]}, {""rule_source"": ""azwADyAyI"", ""rule"": ""1.3.3"", ""result"": [""cor"", """", """", ""i"", ""yAsu~w"", ""t""]}, {""rule_source"": ""azwADyAyI"", ""rule"": ""1.3.9"", ""result"": [""cor"", """", """", ""i"", ""yAs"", ""t""]}, {""rule_source"": ""azwADyAyI"", ""rule"": ""3.4.107"", ""result"": [""cor"", """", """", ""i"", ""yAs"", ""st""]}, {""rule_source"": ""azwADyAyI"", ""rule"": ""3.4.116"", ""result"": [""cor"", """", """", ""i"", ""yAs"", ""st""]}, {""rule_source"": ""azwADyAyI"", ""rule"": ""1.4.13"", ""result"": [""cor"", """", """", ""i"", ""yAs"", ""st""]}, {""rule_source"": ""azwADyAyI"", ""rule"": ""1.1.5"", ""result"": [""cor"", """", """", ""i"", ""yAs"", ""st""]}, {""rule_source"": ""azwADyAyI"", ""rule"": ""6.4.51"", ""result"": [""cor"", """", """", ""i"", ""yAs"", ""st""]}, {""rule_source"": ""azwADyAyI"", ""rule"": ""6.4.51"", ""result"": [""cor"", """", """", ""i"", ""yAs"", ""st""]}, {""rule_source"": ""azwADyAyI"", ""rule"": ""6.4.51"", ""result"": [""cor"", """", """", """", ""yAs"", ""st""]}, {""rule_source"": ""azwADyAyI"", ""rule"": ""1.4.14"", ""result"": [""cor"", """", """", """", ""yAs"", ""st""]}, {""rule_source"": ""azwADyAyI"", ""rule"": ""8.2.29"", ""result"": [""cor"", """", """", """", ""yA"", ""st""]}, {""rule_source"": ""azwADyAyI"", ""rule"": ""8.2.29"", ""result"": [""cor"", """", """", """", ""yA"", ""t""]}, {""rule_source"": ""azwADyAyI"", ""rule"": ""8.2.39"", ""result"": [""cor"", """", """", """", ""yA"", ""d""]}, {""rule_source"": ""azwADyAyI"", ""rule"": ""8.4.56"", ""result"": [""cor"", """", """", """", ""yA"", ""t""]}]}, {""form_slp1"": ""coryAd"", ""steps"": [{""rule_source"": ""azwADyAyI"", ""rule"": ""1.3.1"", ""result"": [""cura~""]}, {""rule_source"": ""azwADyAyI"", ""rule"": ""1.3.2"", ""result"": [""cura~""]}, {""rule_source"": ""azwADyAyI"", ""rule"": ""1.3.9"", ""result"": [""cur""]}, {""rule_source"": ""azwADyAyI"", ""rule"": ""3.1.25"", ""result"": [""cur"", ""Ric""]}, {""rule_source"": ""azwADyAyI"", ""rule"": ""3.1.32"", ""result"": [""cur"", ""Ric""]}, {""rule_source"": ""azwADyAyI"", ""rule"": ""1.3.3"", ""result"": [""cur"", ""Ric""]}, {""rule_source"": ""azwADyAyI"", ""rule"": ""1.3.7"", ""result"": [""cur"", ""Ric""]}, {""rule_source"": ""azwADyAyI"", ""rule"": ""1.3.9"", ""result"": [""cur"", ""i""]}, {""rule_source"": ""azwADyAyI"", ""rule"": ""3.4.114"", ""result"": [""cur"", ""i""]}, {""rule_source"": ""azwADyAyI"", ""rule"": ""1.4.13"", ""result"": [""cur"", ""i""]}, {""rule_source"": ""azwADyAyI"", ""rule"": ""7.3.86"", ""result"": [""cor"", ""i""]}, {""rule_source"": ""azwADyAyI"", ""rule"": ""3.1.26"", ""result"": [""cor"", ""i"", ""Ric""]}, {""rule_source"": ""azwADyAyI"", ""rule"": ""3.1.32"", ""result"": [""cor"", ""i"", ""Ric""]}, {""rule_source"": ""azwADyAyI"", ""rule"": ""1.3.3"", ""result"": [""cor"", ""i"", ""Ric""]}, {""rule_source"": ""azwADyAyI"", ""rule"": ""1.3.7"", ""result"": [""cor"", ""i"", ""Ric""]}, {""rule_source"": ""azwADyAyI"", ""rule"": ""1.3.9"", ""result"": [""cor"", ""i"", ""i""]}, {""rule_source"": ""azwADyAyI"", ""rule"": ""3.4.114"", ""result"": [""cor"", ""i"", ""i""]}, {""rule_source"": ""azwADyAyI"", ""rule"": ""1.3.78"", ""result"": [""cor"", ""i"", ""i""]}, {""rule_source"": ""azwADyAyI"", ""rule"": ""1.4.13"", ""result"": [""cor"", ""i"", ""i""]}, {""rule_source"": ""azwADyAyI"", ""rule"": ""7.2.115"", ""result"": [""cor"", ""E"", ""i""]}, {""rule_source"": ""azwADyAyI"", ""rule"": ""6.4.51"", ""result"": [""cor"", """", ""i""]}, {""rule_source"": ""azwADyAyI"", ""rule"": ""3.1.26"", ""result"": [""cor"", """", ""i"", ""Ric""]}, {""rule_source"": ""azwADyAyI"", ""rule"": ""3.1.32"", ""result"": [""cor"", """", ""i"", ""Ric""]}, {""rule_source"": ""azwADyAyI"", ""rule"": ""1.3.3"", ""result"": [""cor"", """", ""i"", ""Ric""]}, {""rule_source"": ""azwADyAyI"", ""rule"": ""1.3.7"", ""result"": [""cor"", """", ""i"", ""Ric""]}, {""rule_source"": ""azwADyAyI"", ""rule"": ""1.3.9"", ""result"": [""cor"", """", ""i"", ""i""]}, {""rule_source"": ""azwADyAyI"", ""rule"": ""3.4.114"", ""result"": [""cor"", """", ""i"", ""i""]}, {""rule_source"": ""azwADyAyI"", ""rule"": ""1.3.78"", ""result"": [""cor"", """", ""i"", ""i""]}, {""rule_source"": ""azwADyAyI"", ""rule"": ""1.4.13"", ""result"": [""cor"", """", ""i"", ""i""]}, {""rule_source"": ""azwADyAyI"", ""rule"": ""7.2.115"", ""result"": [""cor"", """", ""E"", ""i""]}, {""rule_source"": ""azwADyAyI"", ""rule"": ""6.4.51"", ""result"": [""cor"", """", ""E"", ""i""]}, {""rule_source"": ""azwADyAyI"", ""rule"": ""6.4.51"", ""result"": [""cor"", """", """", ""i""]}, {""rule_source"": ""azwADyAyI"", ""rule"": ""3.3.173"", ""result"": [""cor"", """", """", ""i"", ""li~N""]}, {""rule_source"": ""azwADyAyI"", ""rule"": ""1.3.2"", ""result"": [""cor"", """", """", ""i"", ""li~N""]}, {""rule_source"": ""azwADyAyI"", ""rule"": ""1.3.3"", ""result"": [""cor"", """", """", ""i"", ""li~N""]}, {""rule_source"": ""azwADyAyI"", ""rule"": ""1.3.9"", ""result"": [""cor"", """", """", ""i"", ""l""]}, {""rule_source"": ""azwADyAyI"", ""rule"": ""3.4.78"", ""result"": [""cor"", """", """", ""i"", ""tip""]}, {""rule_source"": ""azwADyAyI"", ""rule"": ""1.3.3"", ""result"": [""cor"", """", """", ""i"", ""tip""]}, {""rule_source"": ""azwADyAyI"", ""rule"": ""1.3.9"", ""result"": [""cor"", """", """", ""i"", ""ti""]}, {""rule_source"": ""azwADyAyI"", ""rule"": ""3.4.116"", ""result"": [""cor"", """", """", ""i"", ""ti""]}, {""rule_source"": ""azwADyAyI"", ""rule"": ""3.4.100"", ""result"": [""cor"", """", """", ""i"", ""t""]}, {""rule_source"": ""azwADyAyI"", ""rule"": ""3.4.104"", ""result"": [""cor"", """", """", ""i"", ""yAsu~w"", ""t""]}, {""rule_source"": ""azwADyAyI"", ""rule"": ""1.3.2"", ""result"": [""cor"", """", """", ""i"", ""yAsu~w"", ""t""]}, {""rule_source"": ""azwADyAyI"", ""rule"": ""1.3.3"", ""result"": [""cor"", """", """", ""i"", ""yAsu~w"", ""t""]}, {""rule_source"": ""azwADyAyI"", ""rule"": ""1.3.9"", ""result"": [""cor"", """", """", ""i"", ""yAs"", ""t""]}, {""rule_source"": ""azwADyAyI"", ""rule"": ""3.4.107"", ""result"": [""cor"", """", """", ""i"", ""yAs"", ""st""]}, {""rule_source"": ""azwADyAyI"", ""rule"": ""3.4.116"", ""result"": [""cor"", """", """", ""i"", ""yAs"", ""st""]}, {""rule_source"": ""azwADyAyI"", ""rule"": ""1.4.13"", ""result"": [""cor"", """", """", ""i"", ""yAs"", ""st""]}, {""rule_source"": ""azwADyAyI"", ""rule"": ""1.1.5"", ""result"": [""cor"", """", """", ""i"", ""yAs"", ""st""]}, {""rule_source"": ""azwADyAyI"", ""rule"": ""6.4.51"", ""result"": [""cor"", """", """", ""i"", ""yAs"", ""st""]}, {""rule_source"": ""azwADyAyI"", ""rule"": ""6.4.51"", ""result"": [""cor"", """", """", ""i"", ""yAs"", ""st""]}, {""rule_source"": ""azwADyAyI"", ""rule"": ""6.4.51"", ""result"": [""cor"", """", """", """", ""yAs"", ""st""]}, {""rule_source"": ""azwADyAyI"", ""rule"": ""1.4.14"", ""result"": [""cor"", """", """", """", ""yAs"", ""st""]}, {""rule_source"": ""azwADyAyI"", ""rule"": ""8.2.29"", ""result"": [""cor"", """", """", """", ""yA"", ""st""]}, {""rule_source"": ""azwADyAyI"", ""rule"": ""8.2.29"", ""result"": [""cor"", """", """", """", ""yA"", ""t""]}, {""rule_source"": ""azwADyAyI"", ""rule"": ""8.2.39"", ""result"": [""cor"", """", """", """", ""yA"", ""d""]}]}], ""atmanepada"": [{""form_slp1"": ""corayizIzwa"", ""steps"": [{""rule_source"": ""azwADyAyI"", ""rule"": ""1.3.1"", ""result"": [""cura~""]}, {""rule_source"": ""azwADyAyI"", ""rule"": ""1.3.2"", ""result"": [""cura~""]}, {""rule_source"": ""azwADyAyI"", ""rule"": ""1.3.9"", ""result"": [""cur""]}, {""rule_source"": ""azwADyAyI"", ""rule"": ""3.1.25"", ""result"": [""cur"", ""Ric""]}, {""rule_source"": ""azwADyAyI"", ""rule"": ""3.1.32"", ""result"": [""cur"", ""Ric""]}, {""rule_source"": ""azwADyAyI"", ""rule"": ""1.3.3"", ""result"": [""cur"", ""Ric""]}, {""rule_source"": ""azwADyAyI"", ""rule"": ""1.3.7"", ""result"": [""cur"", ""Ric""]}, {""rule_source"": ""azwADyAyI"", ""rule"": ""1.3.9"", ""result"": [""cur"", ""i""]}, {""rule_source"": ""azwADyAyI"", ""rule"": ""3.4.114"", ""result"": [""cur"", ""i""]}, {""rule_source"": ""azwADyAyI"", ""rule"": ""1.4.13"", ""result"": [""cur"", ""i""]}, {""rule_source"": ""azwADyAyI"", ""rule"": ""7.3.86"", ""result"": [""cor"", ""i""]}, {""rule_source"": ""azwADyAyI"", ""rule"": ""3.1.26"", ""result"": [""cor"", ""i"", ""Ric""]}, {""rule_source"": ""azwADyAyI"", ""rule"": ""3.1.32"", ""result"": [""cor"", ""i"", ""Ric""]}, {""rule_source"": ""azwADyAyI"", ""rule"": ""1.3.3"", ""result"": [""cor"", ""i"", ""Ric""]}, {""rule_source"": ""azwADyAyI"", ""rule"": ""1.3.7"", ""result"": [""cor"", ""i"", ""Ric""]}, {""rule_source"": ""azwADyAyI"", ""rule"": ""1.3.9"", ""result"": [""cor"", ""i"", ""i""]}, {""rule_source"": ""azwADyAyI"", ""rule"": ""3.4.114"", ""result"": [""cor"", ""i"", ""i""]}, {""rule_source"": ""azwADyAyI"", ""rule"": ""1.3.74"", ""result"": [""cor"", ""i"", ""i""]}, {""rule_source"": ""azwADyAyI"", ""rule"": ""1.4.13"", ""result"": [""cor"", ""i"", ""i""]}, {""rule_source"": ""azwADyAyI"", ""rule"": ""7.2.115"", ""result"": [""cor"", ""E"", ""i""]}, {""rule_source"": ""azwADyAyI"", ""rule"": ""6.4.51"", ""result"": [""cor"", """", ""i""]}, {""rule_source"": ""azwADyAyI"", ""rule"": ""3.1.26"", ""result"": [""cor"", """", ""i"", ""Ric""]}, {""rule_source"": ""azwADyAyI"", ""rule"": ""3.1.32"", ""result"": [""cor"", """", ""i"", ""Ric""]}, {""rule_source"": ""azwADyAyI"", ""rule"": ""1.3.3"", ""result"": [""cor"", """", ""i"", ""Ric""]}, {""rule_source"": ""azwADyAyI"", ""rule"": ""1.3.7"", ""result"": [""cor"", """", ""i"", ""Ric""]}, {""rule_source"": ""azwADyAyI"", ""rule"": ""1.3.9"", ""result"": [""cor"", """", ""i"", ""i""]}, {""rule_source"": ""azwADyAyI"", ""rule"": ""3.4.114"", ""result"": [""cor"", """", ""i"", ""i""]}, {""rule_source"": ""azwADyAyI"", ""rule"": ""1.3.74"", ""result"": [""cor"", """", ""i"", ""i""]}, {""rule_source"": ""azwADyAyI"", ""rule"": ""1.4.13"", ""result"": [""cor"", """", ""i"", ""i""]}, {""rule_source"": ""azwADyAyI"", ""rule"": ""7.2.115"", ""result"": [""cor"", """", ""E"", ""i""]}, {""rule_source"": ""azwADyAyI"", ""rule"": ""6.4.51"", ""result"": [""cor"", """", ""E"", ""i""]}, {""rule_source"": ""azwADyAyI"", ""rule"": ""6.4.51"", ""result"": [""cor"", """", """", ""i""]}, {""rule_source"": ""azwADyAyI"", ""rule"": ""3.3.173"", ""result"": [""cor"", """", """", ""i"", ""li~N""]}, {""rule_source"": ""azwADyAyI"", ""rule"": ""1.3.2"", ""result"": [""cor"", """", """", ""i"", ""li~N""]}, {""rule_source"": ""azwADyAyI"", ""rule"": ""1.3.3"", ""result"": [""cor"", """", """", ""i"", ""li~N""]}, {""rule_source"": ""azwADyAyI"", ""rule"": ""1.3.9"", ""result"": [""cor"", """", """", ""i"", ""l""]}, {""rule_source"": ""azwADyAyI"", ""rule"": ""3.4.78"", ""result"": [""cor"", """", """", ""i"", ""ta""]}, {""rule_source"": ""azwADyAyI"", ""rule"": ""3.4.116"", ""result"": [""cor"", """", """", ""i"", ""ta""]}, {""rule_source"": ""azwADyAyI"", ""rule"": ""3.4.102"", ""result"": [""cor"", """", """", ""i"", ""sIyu~w"", ""ta""]}, {""rule_source"": ""azwADyAyI"", ""rule"": ""1.3.2"", ""result"": [""cor"", """", """", ""i"", ""sIyu~w"", ""ta""]}, {""rule_source"": ""azwADyAyI"", ""rule"": ""1.3.3"", ""result"": [""cor"", """", """", ""i"", ""sIyu~w"", ""ta""]}, {""rule_source"": ""azwADyAyI"", ""rule"": ""1.3.9"", ""result"": [""cor"", """", """", ""i"", ""sIy"", ""ta""]}, {""rule_source"": ""azwADyAyI"", ""rule"": ""3.4.107"", ""result"": [""cor"", """", """", ""i"", ""sIy"", ""sta""]}, {""rule_source"": ""azwADyAyI"", ""rule"": ""3.4.116"", ""result"": [""cor"", """", """", ""i"", ""sIy"", ""sta""]}, {""rule_source"": ""azwADyAyI"", ""rule"": ""7.2.35"", ""result"": [""cor"", """", """", ""i"", ""iw"", ""sIy"", ""sta""]}, {""rule_source"": ""azwADyAyI"", ""rule"": ""1.3.3"", ""result"": [""cor"", """", """", ""i"", ""iw"", ""sIy"", ""sta""]}, {""rule_source"": ""azwADyAyI"", ""rule"": ""1.3.9"", ""result"": [""cor"", """", """", ""i"", ""i"", ""sIy"", ""sta""]}, {""rule_source"": ""azwADyAyI"", ""rule"": ""1.4.13"", ""result"": [""cor"", """", """", ""i"", ""i"", ""sIy"", ""sta""]}, {""rule_source"": ""azwADyAyI"", ""rule"": ""6.1.66"", ""result"": [""cor"", """", """", ""i"", ""i"", ""sI"", ""sta""]}, {""rule_source"": ""azwADyAyI"", ""rule"": ""7.3.84"", ""result"": [""cor"", """", """", ""e"", ""i"", ""sI"", ""sta""]}, {""rule_source"": ""azwADyAyI"", ""rule"": ""6.4.51"", ""result"": [""cor"", """", """", ""e"", ""i"", ""sI"", ""sta""]}, {""rule_source"": ""azwADyAyI"", ""rule"": ""6.4.51"", ""result"": [""cor"", """", """", ""e"", ""i"", ""sI"", ""sta""]}, {""rule_source"": ""azwADyAyI"", ""rule"": ""1.4.14"", ""result"": [""cor"", """", """", ""e"", ""i"", ""sI"", ""sta""]}, {""rule_source"": ""azwADyAyI"", ""rule"": ""6.1.78"", ""result"": [""cor"", """", """", ""ay"", ""i"", ""sI"", ""sta""]}, {""rule_source"": ""azwADyAyI"", ""rule"": ""8.3.59"", ""result"": [""cor"", """", """", ""ay"", ""i"", ""sI"", ""zta""]}, {""rule_source"": ""azwADyAyI"", ""rule"": ""8.3.59"", ""result"": [""cor"", """", """", ""ay"", ""i"", ""zI"", ""zta""]}, {""rule_source"": ""azwADyAyI"", ""rule"": ""8.4.41"", ""result"": [""cor"", """", """", ""ay"", ""i"", ""zI"", ""zwa""]}, {""rule_source"": ""azwADyAyI"", ""rule"": ""8.4.68"", ""result"": [""cor"", """", """", ""ay"", ""i"", ""zI"", ""zwa""]}]}]}"
curadi_true_causative:b1003430eb7d860d6037,curadi_true_causative,lun,लुङ् (luṅ),aorist past,Prathama,Eka,acUcurad;acUcurat,acUcurata,acUcurad;acUcurat;acUcurata,3,locally_regenerated,"{""parasmaipada"": [{""form_slp1"": ""acUcurat"", ""steps"": [{""rule_source"": ""azwADyAyI"", ""rule"": ""1.3.1"", ""result"": [""cura~""]}, {""rule_source"": ""azwADyAyI"", ""rule"": ""1.3.2"", ""result"": [""cura~""]}, {""rule_source"": ""azwADyAyI"", ""rule"": ""1.3.9"", ""result"": [""cur""]}, {""rule_source"": ""azwADyAyI"", ""rule"": ""3.1.25"", ""result"": [""cur"", ""Ric""]}, {""rule_source"": ""azwADyAyI"", ""rule"": ""3.1.32"", ""result"": [""cur"", ""Ric""]}, {""rule_source"": ""azwADyAyI"", ""rule"": ""1.3.3"", ""result"": [""cur"", ""Ric""]}, {""rule_source"": ""azwADyAyI"", ""rule"": ""1.3.7"", ""result"": [""cur"", ""Ric""]}, {""rule_source"": ""azwADyAyI"", ""rule"": ""1.3.9"", ""result"": [""cur"", ""i""]}, {""rule_source"": ""azwADyAyI"", ""rule"": ""3.4.114"", ""result"": [""cur"", ""i""]}, {""rule_source"": ""azwADyAyI"", ""rule"": ""1.4.13"", ""result"": [""cur"", ""i""]}, {""rule_source"": ""azwADyAyI"", ""rule"": ""7.3.86"", ""result"": [""cor"", ""i""]}, {""rule_source"": ""azwADyAyI"", ""rule"": ""3.1.26"", ""result"": [""cor"", ""i"", ""Ric""]}, {""rule_source"": ""azwADyAyI"", ""rule"": ""3.1.32"", ""result"": [""cor"", ""i"", ""Ric""]}, {""rule_source"": ""azwADyAyI"", ""rule"": ""1.3.3"", ""result"": [""cor"", ""i"", ""Ric""]}, {""rule_source"": ""azwADyAyI"", ""rule"": ""1.3.7"", ""result"": [""cor"", ""i"", ""Ric""]}, {""rule_source"": ""azwADyAyI"", ""rule"": ""1.3.9"", ""result"": [""cor"", ""i"", ""i""]}, {""rule_source"": ""azwADyAyI"", ""rule"": ""3.4.114"", ""result"": [""cor"", ""i"", ""i""]}, {""rule_source"": ""azwADyAyI"", ""rule"": ""1.3.78"", ""result"": [""cor"", ""i"", ""i""]}, {""rule_source"": ""azwADyAyI"", ""rule"": ""1.4.13"", ""result"": [""cor"", ""i"", ""i""]}, {""rule_source"": ""azwADyAyI"", ""rule"": ""7.2.115"", ""result"": [""cor"", ""E"", ""i""]}, {""rule_source"": ""azwADyAyI"", ""rule"": ""6.4.51"", ""result"": [""cor"", """", ""i""]}, {""rule_source"": ""azwADyAyI"", ""rule"": ""3.1.26"", ""result"": [""cor"", """", ""i"", ""Ric""]}, {""rule_source"": ""azwADyAyI"", ""rule"": ""3.1.32"", ""result"": [""cor"", """", ""i"", ""Ric""]}, {""rule_source"": ""azwADyAyI"", ""rule"": ""1.3.3"", ""result"": [""cor"", """", ""i"", ""Ric""]}, {""rule_source"": ""azwADyAyI"", ""rule"": ""1.3.7"", ""result"": [""cor"", """", ""i"", ""Ric""]}, {""rule_source"": ""azwADyAyI"", ""rule"": ""1.3.9"", ""result"": [""cor"", """", ""i"", ""i""]}, {""rule_source"": ""azwADyAyI"", ""rule"": ""3.4.114"", ""result"": [""cor"", """", ""i"", ""i""]}, {""rule_source"": ""azwADyAyI"", ""rule"": ""1.3.78"", ""result"": [""cor"", """", ""i"", ""i""]}, {""rule_source"": ""azwADyAyI"", ""rule"": ""1.4.13"", ""result"": [""cor"", """", ""i"", ""i""]}, {""rule_source"": ""azwADyAyI"", ""rule"": ""7.2.115"", ""result"": [""cor"", """", ""E"", ""i""]}, {""rule_source"": ""azwADyAyI"", ""rule"": ""6.4.51"", ""result"": [""cor"", """", ""E"", ""i""]}, {""rule_source"": ""azwADyAyI"", ""rule"": ""6.4.51"", ""result"": [""cor"", """", """", ""i""]}, {""rule_source"": ""azwADyAyI"", ""rule"": ""3.2.110"", ""result"": [""cor"", """", """", ""i"", ""lu~N""]}, {""rule_source"": ""azwADyAyI"", ""rule"": ""1.3.2"", ""result"": [""cor"", """", """", ""i"", ""lu~N""]}, {""rule_source"": ""azwADyAyI"", ""rule"": ""1.3.3"", ""result"": [""cor"", """", """", ""i"", ""lu~N""]}, {""rule_source"": ""azwADyAyI"", ""rule"": ""1.3.9"", ""result"": [""cor"", """", """", ""i"", ""l""]}, {""rule_source"": ""azwADyAyI"", ""rule"": ""3.4.78"", ""result"": [""cor"", """", """", ""i"", ""tip""]}, {""rule_source"": ""azwADyAyI"", ""rule"": ""1.3.3"", ""result"": [""cor"", """", """", ""i"", ""tip""]}, {""rule_source"": ""azwADyAyI"", ""rule"": ""1.3.9"", ""result"": [""cor"", """", """", ""i"", ""ti""]}, {""rule_source"": ""azwADyAyI"", ""rule"": ""3.4.113"", ""result"": [""cor"", """", """", ""i"", ""ti""]}, {""rule_source"": ""azwADyAyI"", ""rule"": ""3.1.43"", ""result"": [""cor"", """", """", ""i"", ""cli~"", ""ti""]}, {""rule_source"": ""azwADyAyI"", ""rule"": ""3.1.48"", ""result"": [""cor"", """", """", ""i"", ""caN"", ""ti""]}, {""rule_source"": ""azwADyAyI"", ""rule"": ""1.3.3"", ""result"": [""cor"", """", """", ""i"", ""caN"", ""ti""]}, {""rule_source"": ""azwADyAyI"", ""rule"": ""1.3.7"", ""result"": [""cor"", """", """", ""i"", ""caN"", ""ti""]}, {""rule_source"": ""azwADyAyI"", ""rule"": ""1.3.9"", ""result"": [""cor"", """", """", ""i"", ""a"", ""ti""]}, {""rule_source"": ""azwADyAyI"", ""rule"": ""3.4.114"", ""result"": [""cor"", """", """", ""i"", ""a"", ""ti""]}, {""rule_source"": ""azwADyAyI"", ""rule"": ""3.4.100"", ""result"": [""cor"", """", """", ""i"", ""a"", ""t""]}, {""rule_source"": ""azwADyAyI"", ""rule"": ""6.1.11"", ""result"": [""cor"", ""cor"", """", """", ""i"", ""a"", ""t""]}, {""rule_source"": ""azwADyAyI"", ""rule"": ""6.1.4"", ""result"": [""cor"", ""cor"", """", """", ""i"", ""a"", ""t""]}, {""rule_source"": ""azwADyAyI"", ""rule"": ""6.1.5"", ""result"": [""cor"", ""cor"", """", """", ""i"", ""a"", ""t""]}, {""rule_source"": ""azwADyAyI"", ""rule"": ""1.4.13"", ""result"": [""cor"", ""cor"", """", """", ""i"", ""a"", ""t""]}, {""rule_source"": ""azwADyAyI"", ""rule"": ""6.4.71"", ""result"": [""aw"", ""cor"", ""cor"", """", """", ""i"", ""a"", ""t""]}, {""rule_source"": ""azwADyAyI"", ""rule"": ""1.3.3"", ""result"": [""aw"", ""cor"", ""cor"", """", """", ""i"", ""a"", ""t""]}, {""rule_source"": ""azwADyAyI"", ""rule"": ""1.3.9"", ""result"": [""a"", ""cor"", ""cor"", """", """", ""i"", ""a"", ""t""]}, {""rule_source"": ""azwADyAyI"", ""rule"": ""1.1.5"", ""result"": [""a"", ""cor"", ""cor"", """", """", ""i"", ""a"", ""t""]}, {""rule_source"": ""azwADyAyI"", ""rule"": ""6.4.51"", ""result"": [""a"", ""cor"", ""cor"", """", """", ""i"", ""a"", ""t""]}, {""rule_source"": ""azwADyAyI"", ""rule"": ""6.4.51"", ""result"": [""a"", ""cor"", ""cor"", """", """", ""i"", ""a"", ""t""]}, {""rule_source"": ""azwADyAyI"", ""rule"": ""6.4.51"", ""result"": [""a"", ""cor"", ""cor"", """", """", """", ""a"", ""t""]}, {""rule_source"": ""azwADyAyI"", ""rule"": ""7.4.1"", ""result"": [""a"", ""cor"", ""cur"", """", """", """", ""a"", ""t""]}, {""rule_source"": ""azwADyAyI"", ""rule"": ""7.4.60"", ""result"": [""a"", ""co"", ""cur"", """", """", """", ""a"", ""t""]}, {""rule_source"": ""azwADyAyI"", ""rule"": ""7.4.59"", ""result"": [""a"", ""cu"", ""cur"", """", """", """", ""a"", ""t""]}, {""rule_source"": ""azwADyAyI"", ""rule"": ""7.4.94"", ""result"": [""a"", ""cU"", ""cur"", """", """", """", ""a"", ""t""]}, {""rule_source"": ""azwADyAyI"", ""rule"": ""1.4.14"", ""result"": [""a"", ""cU"", ""cur"", """", """", """", ""a"", ""t""]}, {""rule_source"": ""azwADyAyI"", ""rule"": ""8.2.39"", ""result"": [""a"", ""cU"", ""cur"", """", """", """", ""a"", ""d""]}, {""rule_source"": ""azwADyAyI"", ""rule"": ""8.4.56"", ""result"": [""a"", ""cU"", ""cur"", """", """", """", ""a"", ""t""]}, {""rule_source"": ""azwADyAyI"", ""rule"": ""8.4.68"", ""result"": [""a"", ""cU"", ""cur"", """", """", """", ""a"", ""t""]}]}, {""form_slp1"": ""acUcurad"", ""steps"": [{""rule_source"": ""azwADyAyI"", ""rule"": ""1.3.1"", ""result"": [""cura~""]}, {""rule_source"": ""azwADyAyI"", ""rule"": ""1.3.2"", ""result"": [""cura~""]}, {""rule_source"": ""azwADyAyI"", ""rule"": ""1.3.9"", ""result"": [""cur""]}, {""rule_source"": ""azwADyAyI"", ""rule"": ""3.1.25"", ""result"": [""cur"", ""Ric""]}, {""rule_source"": ""azwADyAyI"", ""rule"": ""3.1.32"", ""result"": [""cur"", ""Ric""]}, {""rule_source"": ""azwADyAyI"", ""rule"": ""1.3.3"", ""result"": [""cur"", ""Ric""]}, {""rule_source"": ""azwADyAyI"", ""rule"": ""1.3.7"", ""result"": [""cur"", ""Ric""]}, {""rule_source"": ""azwADyAyI"", ""rule"": ""1.3.9"", ""result"": [""cur"", ""i""]}, {""rule_source"": ""azwADyAyI"", ""rule"": ""3.4.114"", ""result"": [""cur"", ""i""]}, {""rule_source"": ""azwADyAyI"", ""rule"": ""1.4.13"", ""result"": [""cur"", ""i""]}, {""rule_source"": ""azwADyAyI"", ""rule"": ""7.3.86"", ""result"": [""cor"", ""i""]}, {""rule_source"": ""azwADyAyI"", ""rule"": ""3.1.26"", ""result"": [""cor"", ""i"", ""Ric""]}, {""rule_source"": ""azwADyAyI"", ""rule"": ""3.1.32"", ""result"": [""cor"", ""i"", ""Ric""]}, {""rule_source"": ""azwADyAyI"", ""rule"": ""1.3.3"", ""result"": [""cor"", ""i"", ""Ric""]}, {""rule_source"": ""azwADyAyI"", ""rule"": ""1.3.7"", ""result"": [""cor"", ""i"", ""Ric""]}, {""rule_source"": ""azwADyAyI"", ""rule"": ""1.3.9"", ""result"": [""cor"", ""i"", ""i""]}, {""rule_source"": ""azwADyAyI"", ""rule"": ""3.4.114"", ""result"": [""cor"", ""i"", ""i""]}, {""rule_source"": ""azwADyAyI"", ""rule"": ""1.3.78"", ""result"": [""cor"", ""i"", ""i""]}, {""rule_source"": ""azwADyAyI"", ""rule"": ""1.4.13"", ""result"": [""cor"", ""i"", ""i""]}, {""rule_source"": ""azwADyAyI"", ""rule"": ""7.2.115"", ""result"": [""cor"", ""E"", ""i""]}, {""rule_source"": ""azwADyAyI"", ""rule"": ""6.4.51"", ""result"": [""cor"", """", ""i""]}, {""rule_source"": ""azwADyAyI"", ""rule"": ""3.1.26"", ""result"": [""cor"", """", ""i"", ""Ric""]}, {""rule_source"": ""azwADyAyI"", ""rule"": ""3.1.32"", ""result"": [""cor"", """", ""i"", ""Ric""]}, {""rule_source"": ""azwADyAyI"", ""rule"": ""1.3.3"", ""result"": [""cor"", """", ""i"", ""Ric""]}, {""rule_source"": ""azwADyAyI"", ""rule"": ""1.3.7"", ""result"": [""cor"", """", ""i"", ""Ric""]}, {""rule_source"": ""azwADyAyI"", ""rule"": ""1.3.9"", ""result"": [""cor"", """", ""i"", ""i""]}, {""rule_source"": ""azwADyAyI"", ""rule"": ""3.4.114"", ""result"": [""cor"", """", ""i"", ""i""]}, {""rule_source"": ""azwADyAyI"", ""rule"": ""1.3.78"", ""result"": [""cor"", """", ""i"", ""i""]}, {""rule_source"": ""azwADyAyI"", ""rule"": ""1.4.13"", ""result"": [""cor"", """", ""i"", ""i""]}, {""rule_source"": ""azwADyAyI"", ""rule"": ""7.2.115"", ""result"": [""cor"", """", ""E"", ""i""]}, {""rule_source"": ""azwADyAyI"", ""rule"": ""6.4.51"", ""result"": [""cor"", """", ""E"", ""i""]}, {""rule_source"": ""azwADyAyI"", ""rule"": ""6.4.51"", ""result"": [""cor"", """", """", ""i""]}, {""rule_source"": ""azwADyAyI"", ""rule"": ""3.2.110"", ""result"": [""cor"", """", """", ""i"", ""lu~N""]}, {""rule_source"": ""azwADyAyI"", ""rule"": ""1.3.2"", ""result"": [""cor"", """", """", ""i"", ""lu~N""]}, {""rule_source"": ""azwADyAyI"", ""rule"": ""1.3.3"", ""result"": [""cor"", """", """", ""i"", ""lu~N""]}, {""rule_source"": ""azwADyAyI"", ""rule"": ""1.3.9"", ""result"": [""cor"", """", """", ""i"", ""l""]}, {""rule_source"": ""azwADyAyI"", ""rule"": ""3.4.78"", ""result"": [""cor"", """", """", ""i"", ""tip""]}, {""rule_source"": ""azwADyAyI"", ""rule"": ""1.3.3"", ""result"": [""cor"", """", """", ""i"", ""tip""]}, {""rule_source"": ""azwADyAyI"", ""rule"": ""1.3.9"", ""result"": [""cor"", """", """", ""i"", ""ti""]}, {""rule_source"": ""azwADyAyI"", ""rule"": ""3.4.113"", ""result"": [""cor"", """", """", ""i"", ""ti""]}, {""rule_source"": ""azwADyAyI"", ""rule"": ""3.1.43"", ""result"": [""cor"", """", """", ""i"", ""cli~"", ""ti""]}, {""rule_source"": ""azwADyAyI"", ""rule"": ""3.1.48"", ""result"": [""cor"", """", """", ""i"", ""caN"", ""ti""]}, {""rule_source"": ""azwADyAyI"", ""rule"": ""1.3.3"", ""result"": [""cor"", """", """", ""i"", ""caN"", ""ti""]}, {""rule_source"": ""azwADyAyI"", ""rule"": ""1.3.7"", ""result"": [""cor"", """", """", ""i"", ""caN"", ""ti""]}, {""rule_source"": ""azwADyAyI"", ""rule"": ""1.3.9"", ""result"": [""cor"", """", """", ""i"", ""a"", ""ti""]}, {""rule_source"": ""azwADyAyI"", ""rule"": ""3.4.114"", ""result"": [""cor"", """", """", ""i"", ""a"", ""ti""]}, {""rule_source"": ""azwADyAyI"", ""rule"": ""3.4.100"", ""result"": [""cor"", """", """", ""i"", ""a"", ""t""]}, {""rule_source"": ""azwADyAyI"", ""rule"": ""6.1.11"", ""result"": [""cor"", ""cor"", """", """", ""i"", ""a"", ""t""]}, {""rule_source"": ""azwADyAyI"", ""rule"": ""6.1.4"", ""result"": [""cor"", ""cor"", """", """", ""i"", ""a"", ""t""]}, {""rule_source"": ""azwADyAyI"", ""rule"": ""6.1.5"", ""result"": [""cor"", ""cor"", """", """", ""i"", ""a"", ""t""]}, {""rule_source"": ""azwADyAyI"", ""rule"": ""1.4.13"", ""result"": [""cor"", ""cor"", """", """", ""i"", ""a"", ""t""]}, {""rule_source"": ""azwADyAyI"", ""rule"": ""6.4.71"", ""result"": [""aw"", ""cor"", ""cor"", """", """", ""i"", ""a"", ""t""]}, {""rule_source"": ""azwADyAyI"", ""rule"": ""1.3.3"", ""result"": [""aw"", ""cor"", ""cor"", """", """", ""i"", ""a"", ""t""]}, {""rule_source"": ""azwADyAyI"", ""rule"": ""1.3.9"", ""result"": [""a"", ""cor"", ""cor"", """", """", ""i"", ""a"", ""t""]}, {""rule_source"": ""azwADyAyI"", ""rule"": ""1.1.5"", ""result"": [""a"", ""cor"", ""cor"", """", """", ""i"", ""a"", ""t""]}, {""rule_source"": ""azwADyAyI"", ""rule"": ""6.4.51"", ""result"": [""a"", ""cor"", ""cor"", """", """", ""i"", ""a"", ""t""]}, {""rule_source"": ""azwADyAyI"", ""rule"": ""6.4.51"", ""result"": [""a"", ""cor"", ""cor"", """", """", ""i"", ""a"", ""t""]}, {""rule_source"": ""azwADyAyI"", ""rule"": ""6.4.51"", ""result"": [""a"", ""cor"", ""cor"", """", """", """", ""a"", ""t""]}, {""rule_source"": ""azwADyAyI"", ""rule"": ""7.4.1"", ""result"": [""a"", ""cor"", ""cur"", """", """", """", ""a"", ""t""]}, {""rule_source"": ""azwADyAyI"", ""rule"": ""7.4.60"", ""result"": [""a"", ""co"", ""cur"", """", """", """", ""a"", ""t""]}, {""rule_source"": ""azwADyAyI"", ""rule"": ""7.4.59"", ""result"": [""a"", ""cu"", ""cur"", """", """", """", ""a"", ""t""]}, {""rule_source"": ""azwADyAyI"", ""rule"": ""7.4.94"", ""result"": [""a"", ""cU"", ""cur"", """", """", """", ""a"", ""t""]}, {""rule_source"": ""azwADyAyI"", ""rule"": ""1.4.14"", ""result"": [""a"", ""cU"", ""cur"", """", """", """", ""a"", ""t""]}, {""rule_source"": ""azwADyAyI"", ""rule"": ""8.2.39"", ""result"": [""a"", ""cU"", ""cur"", """", """", """", ""a"", ""d""]}, {""rule_source"": ""azwADyAyI"", ""rule"": ""8.4.68"", ""result"": [""a"", ""cU"", ""cur"", """", """", """", ""a"", ""d""]}]}], ""atmanepada"": [{""form_slp1"": ""acUcurata"", ""steps"": [{""rule_source"": ""azwADyAyI"", ""rule"": ""1.3.1"", ""result"": [""cura~""]}, {""rule_source"": ""azwADyAyI"", ""rule"": ""1.3.2"", ""result"": [""cura~""]}, {""rule_source"": ""azwADyAyI"", ""rule"": ""1.3.9"", ""result"": [""cur""]}, {""rule_source"": ""azwADyAyI"", ""rule"": ""3.1.25"", ""result"": [""cur"", ""Ric""]}, {""rule_source"": ""azwADyAyI"", ""rule"": ""3.1.32"", ""result"": [""cur"", ""Ric""]}, {""rule_source"": ""azwADyAyI"", ""rule"": ""1.3.3"", ""result"": [""cur"", ""Ric""]}, {""rule_source"": ""azwADyAyI"", ""rule"": ""1.3.7"", ""result"": [""cur"", ""Ric""]}, {""rule_source"": ""azwADyAyI"", ""rule"": ""1.3.9"", ""result"": [""cur"", ""i""]}, {""rule_source"": ""azwADyAyI"", ""rule"": ""3.4.114"", ""result"": [""cur"", ""i""]}, {""rule_source"": ""azwADyAyI"", ""rule"": ""1.4.13"", ""result"": [""cur"", ""i""]}, {""rule_source"": ""azwADyAyI"", ""rule"": ""7.3.86"", ""result"": [""cor"", ""i""]}, {""rule_source"": ""azwADyAyI"", ""rule"": ""3.1.26"", ""result"": [""cor"", ""i"", ""Ric""]}, {""rule_source"": ""azwADyAyI"", ""rule"": ""3.1.32"", ""result"": [""cor"", ""i"", ""Ric""]}, {""rule_source"": ""azwADyAyI"", ""rule"": ""1.3.3"", ""result"": [""cor"", ""i"", ""Ric""]}, {""rule_source"": ""azwADyAyI"", ""rule"": ""1.3.7"", ""result"": [""cor"", ""i"", ""Ric""]}, {""rule_source"": ""azwADyAyI"", ""rule"": ""1.3.9"", ""result"": [""cor"", ""i"", ""i""]}, {""rule_source"": ""azwADyAyI"", ""rule"": ""3.4.114"", ""result"": [""cor"", ""i"", ""i""]}, {""rule_source"": ""azwADyAyI"", ""rule"": ""1.3.74"", ""result"": [""cor"", ""i"", ""i""]}, {""rule_source"": ""azwADyAyI"", ""rule"": ""1.4.13"", ""result"": [""cor"", ""i"", ""i""]}, {""rule_source"": ""azwADyAyI"", ""rule"": ""7.2.115"", ""result"": [""cor"", ""E"", ""i""]}, {""rule_source"": ""azwADyAyI"", ""rule"": ""6.4.51"", ""result"": [""cor"", """", ""i""]}, {""rule_source"": ""azwADyAyI"", ""rule"": ""3.1.26"", ""result"": [""cor"", """", ""i"", ""Ric""]}, {""rule_source"": ""azwADyAyI"", ""rule"": ""3.1.32"", ""result"": [""cor"", """", ""i"", ""Ric""]}, {""rule_source"": ""azwADyAyI"", ""rule"": ""1.3.3"", ""result"": [""cor"", """", ""i"", ""Ric""]}, {""rule_source"": ""azwADyAyI"", ""rule"": ""1.3.7"", ""result"": [""cor"", """", ""i"", ""Ric""]}, {""rule_source"": ""azwADyAyI"", ""rule"": ""1.3.9"", ""result"": [""cor"", """", ""i"", ""i""]}, {""rule_source"": ""azwADyAyI"", ""rule"": ""3.4.114"", ""result"": [""cor"", """", ""i"", ""i""]}, {""rule_source"": ""azwADyAyI"", ""rule"": ""1.3.74"", ""result"": [""cor"", """", ""i"", ""i""]}, {""rule_source"": ""azwADyAyI"", ""rule"": ""1.4.13"", ""result"": [""cor"", """", ""i"", ""i""]}, {""rule_source"": ""azwADyAyI"", ""rule"": ""7.2.115"", ""result"": [""cor"", """", ""E"", ""i""]}, {""rule_source"": ""azwADyAyI"", ""rule"": ""6.4.51"", ""result"": [""cor"", """", ""E"", ""i""]}, {""rule_source"": ""azwADyAyI"", ""rule"": ""6.4.51"", ""result"": [""cor"", """", """", ""i""]}, {""rule_source"": ""azwADyAyI"", ""rule"": ""3.2.110"", ""result"": [""cor"", """", """", ""i"", ""lu~N""]}, {""rule_source"": ""azwADyAyI"", ""rule"": ""1.3.2"", ""result"": [""cor"", """", """", ""i"", ""lu~N""]}, {""rule_source"": ""azwADyAyI"", ""rule"": ""1.3.3"", ""result"": [""cor"", """", """", ""i"", ""lu~N""]}, {""rule_source"": ""azwADyAyI"", ""rule"": ""1.3.9"", ""result"": [""cor"", """", """", ""i"", ""l""]}, {""rule_source"": ""azwADyAyI"", ""rule"": ""3.4.78"", ""result"": [""cor"", """", """", ""i"", ""ta""]}, {""rule_source"": ""azwADyAyI"", ""rule"": ""3.4.113"", ""result"": [""cor"", """", """", ""i"", ""ta""]}, {""rule_source"": ""azwADyAyI"", ""rule"": ""3.1.43"", ""result"": [""cor"", """", """", ""i"", ""cli~"", ""ta""]}, {""rule_source"": ""azwADyAyI"", ""rule"": ""3.1.48"", ""result"": [""cor"", """", """", ""i"", ""caN"", ""ta""]}, {""rule_source"": ""azwADyAyI"", ""rule"": ""1.3.3"", ""result"": [""cor"", """", """", ""i"", ""caN"", ""ta""]}, {""rule_source"": ""azwADyAyI"", ""rule"": ""1.3.7"", ""result"": [""cor"", """", """", ""i"", ""caN"", ""ta""]}, {""rule_source"": ""azwADyAyI"", ""rule"": ""1.3.9"", ""result"": [""cor"", """", """", ""i"", ""a"", ""ta""]}, {""rule_source"": ""azwADyAyI"", ""rule"": ""3.4.114"", ""result"": [""cor"", """", """", ""i"", ""a"", ""ta""]}, {""rule_source"": ""azwADyAyI"", ""rule"": ""1.2.4"", ""result"": [""cor"", """", """", ""i"", ""a"", ""ta""]}, {""rule_source"": ""azwADyAyI"", ""rule"": ""6.1.11"", ""result"": [""cor"", ""cor"", """", """", ""i"", ""a"", ""ta""]}, {""rule_source"": ""azwADyAyI"", ""rule"": ""6.1.4"", ""result"": [""cor"", ""cor"", """", """", ""i"", ""a"", ""ta""]}, {""rule_source"": ""azwADyAyI"", ""rule"": ""6.1.5"", ""result"": [""cor"", ""cor"", """", """", ""i"", ""a"", ""ta""]}, {""rule_source"": ""azwADyAyI"", ""rule"": ""1.4.13"", ""result"": [""cor"", ""cor"", """", """", ""i"", ""a"", ""ta""]}, {""rule_source"": ""azwADyAyI"", ""rule"": ""6.4.71"", ""result"": [""aw"", ""cor"", ""cor"", """", """", ""i"", ""a"", ""ta""]}, {""rule_source"": ""azwADyAyI"", ""rule"": ""1.3.3"", ""result"": [""aw"", ""cor"", ""cor"", """", """", ""i"", ""a"", ""ta""]}, {""rule_source"": ""azwADyAyI"", ""rule"": ""1.3.9"", ""result"": [""a"", ""cor"", ""cor"", """", """", ""i"", ""a"", ""ta""]}, {""rule_source"": ""azwADyAyI"", ""rule"": ""1.1.5"", ""result"": [""a"", ""cor"", ""cor"", """", """", ""i"", ""a"", ""ta""]}, {""rule_source"": ""azwADyAyI"", ""rule"": ""6.4.51"", ""result"": [""a"", ""cor"", ""cor"", """", """", ""i"", ""a"", ""ta""]}, {""rule_source"": ""azwADyAyI"", ""rule"": ""6.4.51"", ""result"": [""a"", ""cor"", ""cor"", """", """", ""i"", ""a"", ""ta""]}, {""rule_source"": ""azwADyAyI"", ""rule"": ""6.4.51"", ""result"": [""a"", ""cor"", ""cor"", """", """", """", ""a"", ""ta""]}, {""rule_source"": ""azwADyAyI"", ""rule"": ""7.4.1"", ""result"": [""a"", ""cor"", ""cur"", """", """", """", ""a"", ""ta""]}, {""rule_source"": ""azwADyAyI"", ""rule"": ""7.4.60"", ""result"": [""a"", ""co"", ""cur"", """", """", """", ""a"", ""ta""]}, {""rule_source"": ""azwADyAyI"", ""rule"": ""7.4.59"", ""result"": [""a"", ""cu"", ""cur"", """", """", """", ""a"", ""ta""]}, {""rule_source"": ""azwADyAyI"", ""rule"": ""7.4.94"", ""result"": [""a"", ""cU"", ""cur"", """", """", """", ""a"", ""ta""]}, {""rule_source"": ""azwADyAyI"", ""rule"": ""1.4.14"", ""result"": [""a"", ""cU"", ""cur"", """", """", """", ""a"", ""ta""]}, {""rule_source"": ""azwADyAyI"", ""rule"": ""8.4.68"", ""result"": [""a"", ""cU"", ""cur"", """", """", """", ""a"", ""ta""]}]}]}"
curadi_true_causative:b1003430eb7d860d6037,curadi_true_causative,lrn,लृङ् (lṛṅ),conditional,Prathama,Eka,acorayizyad;acorayizyat,acorayizyata,acorayizyad;acorayizyat;acorayizyata,3,locally_regenerated,"{""parasmaipada"": [{""form_slp1"": ""acorayizyat"", ""steps"": [{""rule_source"": ""azwADyAyI"", ""rule"": ""1.3.1"", ""result"": [""cura~""]}, {""rule_source"": ""azwADyAyI"", ""rule"": ""1.3.2"", ""result"": [""cura~""]}, {""rule_source"": ""azwADyAyI"", ""rule"": ""1.3.9"", ""result"": [""cur""]}, {""rule_source"": ""azwADyAyI"", ""rule"": ""3.1.25"", ""result"": [""cur"", ""Ric""]}, {""rule_source"": ""azwADyAyI"", ""rule"": ""3.1.32"", ""result"": [""cur"", ""Ric""]}, {""rule_source"": ""azwADyAyI"", ""rule"": ""1.3.3"", ""result"": [""cur"", ""Ric""]}, {""rule_source"": ""azwADyAyI"", ""rule"": ""1.3.7"", ""result"": [""cur"", ""Ric""]}, {""rule_source"": ""azwADyAyI"", ""rule"": ""1.3.9"", ""result"": [""cur"", ""i""]}, {""rule_source"": ""azwADyAyI"", ""rule"": ""3.4.114"", ""result"": [""cur"", ""i""]}, {""rule_source"": ""azwADyAyI"", ""rule"": ""1.4.13"", ""result"": [""cur"", ""i""]}, {""rule_source"": ""azwADyAyI"", ""rule"": ""7.3.86"", ""result"": [""cor"", ""i""]}, {""rule_source"": ""azwADyAyI"", ""rule"": ""3.1.26"", ""result"": [""cor"", ""i"", ""Ric""]}, {""rule_source"": ""azwADyAyI"", ""rule"": ""3.1.32"", ""result"": [""cor"", ""i"", ""Ric""]}, {""rule_source"": ""azwADyAyI"", ""rule"": ""1.3.3"", ""result"": [""cor"", ""i"", ""Ric""]}, {""rule_source"": ""azwADyAyI"", ""rule"": ""1.3.7"", ""result"": [""cor"", ""i"", ""Ric""]}, {""rule_source"": ""azwADyAyI"", ""rule"": ""1.3.9"", ""result"": [""cor"", ""i"", ""i""]}, {""rule_source"": ""azwADyAyI"", ""rule"": ""3.4.114"", ""result"": [""cor"", ""i"", ""i""]}, {""rule_source"": ""azwADyAyI"", ""rule"": ""1.3.78"", ""result"": [""cor"", ""i"", ""i""]}, {""rule_source"": ""azwADyAyI"", ""rule"": ""1.4.13"", ""result"": [""cor"", ""i"", ""i""]}, {""rule_source"": ""azwADyAyI"", ""rule"": ""7.2.115"", ""result"": [""cor"", ""E"", ""i""]}, {""rule_source"": ""azwADyAyI"", ""rule"": ""6.4.51"", ""result"": [""cor"", """", ""i""]}, {""rule_source"": ""azwADyAyI"", ""rule"": ""3.1.26"", ""result"": [""cor"", """", ""i"", ""Ric""]}, {""rule_source"": ""azwADyAyI"", ""rule"": ""3.1.32"", ""result"": [""cor"", """", ""i"", ""Ric""]}, {""rule_source"": ""azwADyAyI"", ""rule"": ""1.3.3"", ""result"": [""cor"", """", ""i"", ""Ric""]}, {""rule_source"": ""azwADyAyI"", ""rule"": ""1.3.7"", ""result"": [""cor"", """", ""i"", ""Ric""]}, {""rule_source"": ""azwADyAyI"", ""rule"": ""1.3.9"", ""result"": [""cor"", """", ""i"", ""i""]}, {""rule_source"": ""azwADyAyI"", ""rule"": ""3.4.114"", ""result"": [""cor"", """", ""i"", ""i""]}, {""rule_source"": ""azwADyAyI"", ""rule"": ""1.3.78"", ""result"": [""cor"", """", ""i"", ""i""]}, {""rule_source"": ""azwADyAyI"", ""rule"": ""1.4.13"", ""result"": [""cor"", """", ""i"", ""i""]}, {""rule_source"": ""azwADyAyI"", ""rule"": ""7.2.115"", ""result"": [""cor"", """", ""E"", ""i""]}, {""rule_source"": ""azwADyAyI"", ""rule"": ""6.4.51"", ""result"": [""cor"", """", ""E"", ""i""]}, {""rule_source"": ""azwADyAyI"", ""rule"": ""6.4.51"", ""result"": [""cor"", """", """", ""i""]}, {""rule_source"": ""azwADyAyI"", ""rule"": ""3.3.139"", ""result"": [""cor"", """", """", ""i"", ""lf~N""]}, {""rule_source"": ""azwADyAyI"", ""rule"": ""1.3.2"", ""result"": [""cor"", """", """", ""i"", ""lf~N""]}, {""rule_source"": ""azwADyAyI"", ""rule"": ""1.3.3"", ""result"": [""cor"", """", """", ""i"", ""lf~N""]}, {""rule_source"": ""azwADyAyI"", ""rule"": ""1.3.9"", ""result"": [""cor"", """", """", ""i"", ""l""]}, {""rule_source"": ""azwADyAyI"", ""rule"": ""3.4.78"", ""result"": [""cor"", """", """", ""i"", ""tip""]}, {""rule_source"": ""azwADyAyI"", ""rule"": ""1.3.3"", ""result"": [""cor"", """", """", ""i"", ""tip""]}, {""rule_source"": ""azwADyAyI"", ""rule"": ""1.3.9"", ""result"": [""cor"", """", """", ""i"", ""ti""]}, {""rule_source"": ""azwADyAyI"", ""rule"": ""3.4.113"", ""result"": [""cor"", """", """", ""i"", ""ti""]}, {""rule_source"": ""azwADyAyI"", ""rule"": ""3.1.33"", ""result"": [""cor"", """", """", ""i"", ""sya"", ""ti""]}, {""rule_source"": ""azwADyAyI"", ""rule"": ""3.4.114"", ""result"": [""cor"", """", """", ""i"", ""sya"", ""ti""]}, {""rule_source"": ""azwADyAyI"", ""rule"": ""3.4.100"", ""result"": [""cor"", """", """", ""i"", ""sya"", ""t""]}, {""rule_source"": ""azwADyAyI"", ""rule"": ""7.2.35"", ""result"": [""cor"", """", """", ""i"", ""iw"", ""sya"", ""t""]}, {""rule_source"": ""azwADyAyI"", ""rule"": ""1.3.3"", ""result"": [""cor"", """", """", ""i"", ""iw"", ""sya"", ""t""]}, {""rule_source"": ""azwADyAyI"", ""rule"": ""1.3.9"", ""result"": [""cor"", """", """", ""i"", ""i"", ""sya"", ""t""]}, {""rule_source"": ""azwADyAyI"", ""rule"": ""1.4.13"", ""result"": [""cor"", """", """", ""i"", ""i"", ""sya"", ""t""]}, {""rule_source"": ""azwADyAyI"", ""rule"": ""6.4.71"", ""result"": [""aw"", ""cor"", """", """", ""i"", ""i"", ""sya"", ""t""]}, {""rule_source"": ""azwADyAyI"", ""rule"": ""1.3.3"", ""result"": [""aw"", ""cor"", """", """", ""i"", ""i"", ""sya"", ""t""]}, {""rule_source"": ""azwADyAyI"", ""rule"": ""1.3.9"", ""result"": [""a"", ""cor"", """", """", ""i"", ""i"", ""sya"", ""t""]}, {""rule_source"": ""azwADyAyI"", ""rule"": ""7.3.84"", ""result"": [""a"", ""cor"", """", """", ""e"", ""i"", ""sya"", ""t""]}, {""rule_source"": ""azwADyAyI"", ""rule"": ""6.4.51"", ""result"": [""a"", ""cor"", """", """", ""e"", ""i"", ""sya"", ""t""]}, {""rule_source"": ""azwADyAyI"", ""rule"": ""6.4.51"", ""result"": [""a"", ""cor"", """", """", ""e"", ""i"", ""sya"", ""t""]}, {""rule_source"": ""azwADyAyI"", ""rule"": ""1.4.14"", ""result"": [""a"", ""cor"", """", """", ""e"", ""i"", ""sya"", ""t""]}, {""rule_source"": ""azwADyAyI"", ""rule"": ""6.1.78"", ""result"": [""a"", ""cor"", """", """", ""ay"", ""i"", ""sya"", ""t""]}, {""rule_source"": ""azwADyAyI"", ""rule"": ""8.2.39"", ""result"": [""a"", ""cor"", """", """", ""ay"", ""i"", ""sya"", ""d""]}, {""rule_source"": ""azwADyAyI"", ""rule"": ""8.3.59"", ""result"": [""a"", ""cor"", """", """", ""ay"", ""i"", ""zya"", ""d""]}, {""rule_source"": ""azwADyAyI"", ""rule"": ""8.4.56"", ""result"": [""a"", ""cor"", """", """", ""ay"", ""i"", ""zya"", ""t""]}, {""rule_source"": ""azwADyAyI"", ""rule"": ""8.4.68"", ""result"": [""a"", ""cor"", """", """", ""ay"", ""i"", ""zya"", ""t""]}]}, {""form_slp1"": ""acorayizyad"", ""steps"": [{""rule_source"": ""azwADyAyI"", ""rule"": ""1.3.1"", ""result"": [""cura~""]}, {""rule_source"": ""azwADyAyI"", ""rule"": ""1.3.2"", ""result"": [""cura~""]}, {""rule_source"": ""azwADyAyI"", ""rule"": ""1.3.9"", ""result"": [""cur""]}, {""rule_source"": ""azwADyAyI"", ""rule"": ""3.1.25"", ""result"": [""cur"", ""Ric""]}, {""rule_source"": ""azwADyAyI"", ""rule"": ""3.1.32"", ""result"": [""cur"", ""Ric""]}, {""rule_source"": ""azwADyAyI"", ""rule"": ""1.3.3"", ""result"": [""cur"", ""Ric""]}, {""rule_source"": ""azwADyAyI"", ""rule"": ""1.3.7"", ""result"": [""cur"", ""Ric""]}, {""rule_source"": ""azwADyAyI"", ""rule"": ""1.3.9"", ""result"": [""cur"", ""i""]}, {""rule_source"": ""azwADyAyI"", ""rule"": ""3.4.114"", ""result"": [""cur"", ""i""]}, {""rule_source"": ""azwADyAyI"", ""rule"": ""1.4.13"", ""result"": [""cur"", ""i""]}, {""rule_source"": ""azwADyAyI"", ""rule"": ""7.3.86"", ""result"": [""cor"", ""i""]}, {""rule_source"": ""azwADyAyI"", ""rule"": ""3.1.26"", ""result"": [""cor"", ""i"", ""Ric""]}, {""rule_source"": ""azwADyAyI"", ""rule"": ""3.1.32"", ""result"": [""cor"", ""i"", ""Ric""]}, {""rule_source"": ""azwADyAyI"", ""rule"": ""1.3.3"", ""result"": [""cor"", ""i"", ""Ric""]}, {""rule_source"": ""azwADyAyI"", ""rule"": ""1.3.7"", ""result"": [""cor"", ""i"", ""Ric""]}, {""rule_source"": ""azwADyAyI"", ""rule"": ""1.3.9"", ""result"": [""cor"", ""i"", ""i""]}, {""rule_source"": ""azwADyAyI"", ""rule"": ""3.4.114"", ""result"": [""cor"", ""i"", ""i""]}, {""rule_source"": ""azwADyAyI"", ""rule"": ""1.3.78"", ""result"": [""cor"", ""i"", ""i""]}, {""rule_source"": ""azwADyAyI"", ""rule"": ""1.4.13"", ""result"": [""cor"", ""i"", ""i""]}, {""rule_source"": ""azwADyAyI"", ""rule"": ""7.2.115"", ""result"": [""cor"", ""E"", ""i""]}, {""rule_source"": ""azwADyAyI"", ""rule"": ""6.4.51"", ""result"": [""cor"", """", ""i""]}, {""rule_source"": ""azwADyAyI"", ""rule"": ""3.1.26"", ""result"": [""cor"", """", ""i"", ""Ric""]}, {""rule_source"": ""azwADyAyI"", ""rule"": ""3.1.32"", ""result"": [""cor"", """", ""i"", ""Ric""]}, {""rule_source"": ""azwADyAyI"", ""rule"": ""1.3.3"", ""result"": [""cor"", """", ""i"", ""Ric""]}, {""rule_source"": ""azwADyAyI"", ""rule"": ""1.3.7"", ""result"": [""cor"", """", ""i"", ""Ric""]}, {""rule_source"": ""azwADyAyI"", ""rule"": ""1.3.9"", ""result"": [""cor"", """", ""i"", ""i""]}, {""rule_source"": ""azwADyAyI"", ""rule"": ""3.4.114"", ""result"": [""cor"", """", ""i"", ""i""]}, {""rule_source"": ""azwADyAyI"", ""rule"": ""1.3.78"", ""result"": [""cor"", """", ""i"", ""i""]}, {""rule_source"": ""azwADyAyI"", ""rule"": ""1.4.13"", ""result"": [""cor"", """", ""i"", ""i""]}, {""rule_source"": ""azwADyAyI"", ""rule"": ""7.2.115"", ""result"": [""cor"", """", ""E"", ""i""]}, {""rule_source"": ""azwADyAyI"", ""rule"": ""6.4.51"", ""result"": [""cor"", """", ""E"", ""i""]}, {""rule_source"": ""azwADyAyI"", ""rule"": ""6.4.51"", ""result"": [""cor"", """", """", ""i""]}, {""rule_source"": ""azwADyAyI"", ""rule"": ""3.3.139"", ""result"": [""cor"", """", """", ""i"", ""lf~N""]}, {""rule_source"": ""azwADyAyI"", ""rule"": ""1.3.2"", ""result"": [""cor"", """", """", ""i"", ""lf~N""]}, {""rule_source"": ""azwADyAyI"", ""rule"": ""1.3.3"", ""result"": [""cor"", """", """", ""i"", ""lf~N""]}, {""rule_source"": ""azwADyAyI"", ""rule"": ""1.3.9"", ""result"": [""cor"", """", """", ""i"", ""l""]}, {""rule_source"": ""azwADyAyI"", ""rule"": ""3.4.78"", ""result"": [""cor"", """", """", ""i"", ""tip""]}, {""rule_source"": ""azwADyAyI"", ""rule"": ""1.3.3"", ""result"": [""cor"", """", """", ""i"", ""tip""]}, {""rule_source"": ""azwADyAyI"", ""rule"": ""1.3.9"", ""result"": [""cor"", """", """", ""i"", ""ti""]}, {""rule_source"": ""azwADyAyI"", ""rule"": ""3.4.113"", ""result"": [""cor"", """", """", ""i"", ""ti""]}, {""rule_source"": ""azwADyAyI"", ""rule"": ""3.1.33"", ""result"": [""cor"", """", """", ""i"", ""sya"", ""ti""]}, {""rule_source"": ""azwADyAyI"", ""rule"": ""3.4.114"", ""result"": [""cor"", """", """", ""i"", ""sya"", ""ti""]}, {""rule_source"": ""azwADyAyI"", ""rule"": ""3.4.100"", ""result"": [""cor"", """", """", ""i"", ""sya"", ""t""]}, {""rule_source"": ""azwADyAyI"", ""rule"": ""7.2.35"", ""result"": [""cor"", """", """", ""i"", ""iw"", ""sya"", ""t""]}, {""rule_source"": ""azwADyAyI"", ""rule"": ""1.3.3"", ""result"": [""cor"", """", """", ""i"", ""iw"", ""sya"", ""t""]}, {""rule_source"": ""azwADyAyI"", ""rule"": ""1.3.9"", ""result"": [""cor"", """", """", ""i"", ""i"", ""sya"", ""t""]}, {""rule_source"": ""azwADyAyI"", ""rule"": ""1.4.13"", ""result"": [""cor"", """", """", ""i"", ""i"", ""sya"", ""t""]}, {""rule_source"": ""azwADyAyI"", ""rule"": ""6.4.71"", ""result"": [""aw"", ""cor"", """", """", ""i"", ""i"", ""sya"", ""t""]}, {""rule_source"": ""azwADyAyI"", ""rule"": ""1.3.3"", ""result"": [""aw"", ""cor"", """", """", ""i"", ""i"", ""sya"", ""t""]}, {""rule_source"": ""azwADyAyI"", ""rule"": ""1.3.9"", ""result"": [""a"", ""cor"", """", """", ""i"", ""i"", ""sya"", ""t""]}, {""rule_source"": ""azwADyAyI"", ""rule"": ""7.3.84"", ""result"": [""a"", ""cor"", """", """", ""e"", ""i"", ""sya"", ""t""]}, {""rule_source"": ""azwADyAyI"", ""rule"": ""6.4.51"", ""result"": [""a"", ""cor"", """", """", ""e"", ""i"", ""sya"", ""t""]}, {""rule_source"": ""azwADyAyI"", ""rule"": ""6.4.51"", ""result"": [""a"", ""cor"", """", """", ""e"", ""i"", ""sya"", ""t""]}, {""rule_source"": ""azwADyAyI"", ""rule"": ""1.4.14"", ""result"": [""a"", ""cor"", """", """", ""e"", ""i"", ""sya"", ""t""]}, {""rule_source"": ""azwADyAyI"", ""rule"": ""6.1.78"", ""result"": [""a"", ""cor"", """", """", ""ay"", ""i"", ""sya"", ""t""]}, {""rule_source"": ""azwADyAyI"", ""rule"": ""8.2.39"", ""result"": [""a"", ""cor"", """", """", ""ay"", ""i"", ""sya"", ""d""]}, {""rule_source"": ""azwADyAyI"", ""rule"": ""8.3.59"", ""result"": [""a"", ""cor"", """", """", ""ay"", ""i"", ""zya"", ""d""]}, {""rule_source"": ""azwADyAyI"", ""rule"": ""8.4.68"", ""result"": [""a"", ""cor"", """", """", ""ay"", ""i"", ""zya"", ""d""]}]}], ""atmanepada"": [{""form_slp1"": ""acorayizyata"", ""steps"": [{""rule_source"": ""azwADyAyI"", ""rule"": ""1.3.1"", ""result"": [""cura~""]}, {""rule_source"": ""azwADyAyI"", ""rule"": ""1.3.2"", ""result"": [""cura~""]}, {""rule_source"": ""azwADyAyI"", ""rule"": ""1.3.9"", ""result"": [""cur""]}, {""rule_source"": ""azwADyAyI"", ""rule"": ""3.1.25"", ""result"": [""cur"", ""Ric""]}, {""rule_source"": ""azwADyAyI"", ""rule"": ""3.1.32"", ""result"": [""cur"", ""Ric""]}, {""rule_source"": ""azwADyAyI"", ""rule"": ""1.3.3"", ""result"": [""cur"", ""Ric""]}, {""rule_source"": ""azwADyAyI"", ""rule"": ""1.3.7"", ""result"": [""cur"", ""Ric""]}, {""rule_source"": ""azwADyAyI"", ""rule"": ""1.3.9"", ""result"": [""cur"", ""i""]}, {""rule_source"": ""azwADyAyI"", ""rule"": ""3.4.114"", ""result"": [""cur"", ""i""]}, {""rule_source"": ""azwADyAyI"", ""rule"": ""1.4.13"", ""result"": [""cur"", ""i""]}, {""rule_source"": ""azwADyAyI"", ""rule"": ""7.3.86"", ""result"": [""cor"", ""i""]}, {""rule_source"": ""azwADyAyI"", ""rule"": ""3.1.26"", ""result"": [""cor"", ""i"", ""Ric""]}, {""rule_source"": ""azwADyAyI"", ""rule"": ""3.1.32"", ""result"": [""cor"", ""i"", ""Ric""]}, {""rule_source"": ""azwADyAyI"", ""rule"": ""1.3.3"", ""result"": [""cor"", ""i"", ""Ric""]}, {""rule_source"": ""azwADyAyI"", ""rule"": ""1.3.7"", ""result"": [""cor"", ""i"", ""Ric""]}, {""rule_source"": ""azwADyAyI"", ""rule"": ""1.3.9"", ""result"": [""cor"", ""i"", ""i""]}, {""rule_source"": ""azwADyAyI"", ""rule"": ""3.4.114"", ""result"": [""cor"", ""i"", ""i""]}, {""rule_source"": ""azwADyAyI"", ""rule"": ""1.3.74"", ""result"": [""cor"", ""i"", ""i""]}, {""rule_source"": ""azwADyAyI"", ""rule"": ""1.4.13"", ""result"": [""cor"", ""i"", ""i""]}, {""rule_source"": ""azwADyAyI"", ""rule"": ""7.2.115"", ""result"": [""cor"", ""E"", ""i""]}, {""rule_source"": ""azwADyAyI"", ""rule"": ""6.4.51"", ""result"": [""cor"", """", ""i""]}, {""rule_source"": ""azwADyAyI"", ""rule"": ""3.1.26"", ""result"": [""cor"", """", ""i"", ""Ric""]}, {""rule_source"": ""azwADyAyI"", ""rule"": ""3.1.32"", ""result"": [""cor"", """", ""i"", ""Ric""]}, {""rule_source"": ""azwADyAyI"", ""rule"": ""1.3.3"", ""result"": [""cor"", """", ""i"", ""Ric""]}, {""rule_source"": ""azwADyAyI"", ""rule"": ""1.3.7"", ""result"": [""cor"", """", ""i"", ""Ric""]}, {""rule_source"": ""azwADyAyI"", ""rule"": ""1.3.9"", ""result"": [""cor"", """", ""i"", ""i""]}, {""rule_source"": ""azwADyAyI"", ""rule"": ""3.4.114"", ""result"": [""cor"", """", ""i"", ""i""]}, {""rule_source"": ""azwADyAyI"", ""rule"": ""1.3.74"", ""result"": [""cor"", """", ""i"", ""i""]}, {""rule_source"": ""azwADyAyI"", ""rule"": ""1.4.13"", ""result"": [""cor"", """", ""i"", ""i""]}, {""rule_source"": ""azwADyAyI"", ""rule"": ""7.2.115"", ""result"": [""cor"", """", ""E"", ""i""]}, {""rule_source"": ""azwADyAyI"", ""rule"": ""6.4.51"", ""result"": [""cor"", """", ""E"", ""i""]}, {""rule_source"": ""azwADyAyI"", ""rule"": ""6.4.51"", ""result"": [""cor"", """", """", ""i""]}, {""rule_source"": ""azwADyAyI"", ""rule"": ""3.3.139"", ""result"": [""cor"", """", """", ""i"", ""lf~N""]}, {""rule_source"": ""azwADyAyI"", ""rule"": ""1.3.2"", ""result"": [""cor"", """", """", ""i"", ""lf~N""]}, {""rule_source"": ""azwADyAyI"", ""rule"": ""1.3.3"", ""result"": [""cor"", """", """", ""i"", ""lf~N""]}, {""rule_source"": ""azwADyAyI"", ""rule"": ""1.3.9"", ""result"": [""cor"", """", """", ""i"", ""l""]}, {""rule_source"": ""azwADyAyI"", ""rule"": ""3.4.78"", ""result"": [""cor"", """", """", ""i"", ""ta""]}, {""rule_source"": ""azwADyAyI"", ""rule"": ""3.4.113"", ""result"": [""cor"", """", """", ""i"", ""ta""]}, {""rule_source"": ""azwADyAyI"", ""rule"": ""3.1.33"", ""result"": [""cor"", """", """", ""i"", ""sya"", ""ta""]}, {""rule_source"": ""azwADyAyI"", ""rule"": ""3.4.114"", ""result"": [""cor"", """", """", ""i"", ""sya"", ""ta""]}, {""rule_source"": ""azwADyAyI"", ""rule"": ""7.2.35"", ""result"": [""cor"", """", """", ""i"", ""iw"", ""sya"", ""ta""]}, {""rule_source"": ""azwADyAyI"", ""rule"": ""1.3.3"", ""result"": [""cor"", """", """", ""i"", ""iw"", ""sya"", ""ta""]}, {""rule_source"": ""azwADyAyI"", ""rule"": ""1.3.9"", ""result"": [""cor"", """", """", ""i"", ""i"", ""sya"", ""ta""]}, {""rule_source"": ""azwADyAyI"", ""rule"": ""1.2.4"", ""result"": [""cor"", """", """", ""i"", ""i"", ""sya"", ""ta""]}, {""rule_source"": ""azwADyAyI"", ""rule"": ""1.4.13"", ""result"": [""cor"", """", """", ""i"", ""i"", ""sya"", ""ta""]}, {""rule_source"": ""azwADyAyI"", ""rule"": ""6.4.71"", ""result"": [""aw"", ""cor"", """", """", ""i"", ""i"", ""sya"", ""ta""]}, {""rule_source"": ""azwADyAyI"", ""rule"": ""1.3.3"", ""result"": [""aw"", ""cor"", """", """", ""i"", ""i"", ""sya"", ""ta""]}, {""rule_source"": ""azwADyAyI"", ""rule"": ""1.3.9"", ""result"": [""a"", ""cor"", """", """", ""i"", ""i"", ""sya"", ""ta""]}, {""rule_source"": ""azwADyAyI"", ""rule"": ""7.3.84"", ""result"": [""a"", ""cor"", """", """", ""e"", ""i"", ""sya"", ""ta""]}, {""rule_source"": ""azwADyAyI"", ""rule"": ""6.4.51"", ""result"": [""a"", ""cor"", """", """", ""e"", ""i"", ""sya"", ""ta""]}, {""rule_source"": ""azwADyAyI"", ""rule"": ""6.4.51"", ""result"": [""a"", ""cor"", """", """", ""e"", ""i"", ""sya"", ""ta""]}, {""rule_source"": ""azwADyAyI"", ""rule"": ""1.4.14"", ""result"": [""a"", ""cor"", """", """", ""e"", ""i"", ""sya"", ""ta""]}, {""rule_source"": ""azwADyAyI"", ""rule"": ""6.1.78"", ""result"": [""a"", ""cor"", """", """", ""ay"", ""i"", ""sya"", ""ta""]}, {""rule_source"": ""azwADyAyI"", ""rule"": ""8.3.59"", ""result"": [""a"", ""cor"", """", """", ""ay"", ""i"", ""zya"", ""ta""]}, {""rule_source"": ""azwADyAyI"", ""rule"": ""8.4.68"", ""result"": [""a"", ""cor"", """", """", ""ay"", ""i"", ""zya"", ""ta""]}]}]}"
two_upasarga:55b94962bf3288e1202b,two_upasarga,lat,लट् (laṭ),present,Prathama,Eka,prapraBavati,,prapraBavati,1,locally_regenerated,"{""parasmaipada"": [{""form_slp1"": ""prapraBavati"", ""steps"": [{""rule_source"": ""azwADyAyI"", ""rule"": ""1.3.1"", ""result"": [""BU""]}, {""rule_source"": ""azwADyAyI"", ""rule"": ""1.4.58"", ""result"": [""pra"", ""BU""]}, {""rule_source"": ""azwADyAyI"", ""rule"": ""1.4.59"", ""result"": [""pra"", ""BU""]}, {""rule_source"": ""azwADyAyI"", ""rule"": ""1.4.60"", ""result"": [""pra"", ""BU""]}, {""rule_source"": ""azwADyAyI"", ""rule"": ""1.4.80"", ""result"": [""pra"", ""BU""]}, {""rule_source"": ""azwADyAyI"", ""rule"": ""1.4.58"", ""result"": [""pra"", """", ""pra"", ""BU""]}, {""rule_source"": ""azwADyAyI"", ""rule"": ""1.4.59"", ""result"": [""pra"", """", ""pra"", ""BU""]}, {""rule_source"": ""azwADyAyI"", ""rule"": ""1.4.60"", ""result"": [""pra"", """", ""pra"", ""BU""]}, {""rule_source"": ""azwADyAyI"", ""rule"": ""1.4.80"", ""result"": [""pra"", """", ""pra"", ""BU""]}, {""rule_source"": ""azwADyAyI"", ""rule"": ""3.2.123"", ""result"": [""pra"", """", ""pra"", """", ""BU"", ""la~w""]}, {""rule_source"": ""azwADyAyI"", ""rule"": ""1.3.2"", ""result"": [""pra"", """", ""pra"", """", ""BU"", ""la~w""]}, {""rule_source"": ""azwADyAyI"", ""rule"": ""1.3.3"", ""result"": [""pra"", """", ""pra"", """", ""BU"", ""la~w""]}, {""rule_source"": ""azwADyAyI"", ""rule"": ""1.3.9"", ""result"": [""pra"", """", ""pra"", """", ""BU"", ""l""]}, {""rule_source"": ""azwADyAyI"", ""rule"": ""1.3.78"", ""result"": [""pra"", """", ""pra"", """", ""BU"", ""l""]}, {""rule_source"": ""azwADyAyI"", ""rule"": ""3.4.78"", ""result"": [""pra"", """", ""pra"", """", ""BU"", ""tip""]}, {""rule_source"": ""azwADyAyI"", ""rule"": ""1.3.3"", ""result"": [""pra"", """", ""pra"", """", ""BU"", ""tip""]}, {""rule_source"": ""azwADyAyI"", ""rule"": ""1.3.9"", ""result"": [""pra"", """", ""pra"", """", ""BU"", ""ti""]}, {""rule_source"": ""azwADyAyI"", ""rule"": ""1.2.45"", ""result"": [""pra"", """", ""pra"", """", ""BU"", ""ti""]}, {""rule_source"": ""azwADyAyI"", ""rule"": ""1.2.45"", ""result"": [""pra"", """", ""pra"", """", ""BU"", ""ti""]}, {""rule_source"": ""azwADyAyI"", ""rule"": ""3.4.113"", ""result"": [""pra"", """", ""pra"", """", ""BU"", ""ti""]}, {""rule_source"": ""azwADyAyI"", ""rule"": ""1.1.43"", ""result"": [""pra"", """", ""pra"", """", ""BU"", ""ti""]}, {""rule_source"": ""azwADyAyI"", ""rule"": ""1.1.37"", ""result"": [""pra"", """", ""pra"", """", ""BU"", ""ti""]}, {""rule_source"": ""azwADyAyI"", ""rule"": ""1.1.37"", ""result"": [""pra"", """", ""pra"", """", ""BU"", ""ti""]}, {""rule_source"": ""azwADyAyI"", ""rule"": ""3.1.68"", ""result"": [""pra"", """", ""pra"", """", ""BU"", ""Sap"", ""ti""]}, {""rule_source"": ""azwADyAyI"", ""rule"": ""1.3.3"", ""result"": [""pra"", """", ""pra"", """", ""BU"", ""Sap"", ""ti""]}, {""rule_source"": ""azwADyAyI"", ""rule"": ""1.3.8"", ""result"": [""pra"", """", ""pra"", """", ""BU"", ""Sap"", ""ti""]}, {""rule_source"": ""azwADyAyI"", ""rule"": ""1.3.9"", ""result"": [""pra"", """", ""pra"", """", ""BU"", ""a"", ""ti""]}, {""rule_source"": ""azwADyAyI"", ""rule"": ""3.4.113"", ""result"": [""pra"", """", ""pra"", """", ""BU"", ""a"", ""ti""]}, {""rule_source"": ""azwADyAyI"", ""rule"": ""1.1.43"", ""result"": [""pra"", """", ""pra"", """", ""BU"", ""a"", ""ti""]}, {""rule_source"": ""azwADyAyI"", ""rule"": ""1.1.37"", ""result"": [""pra"", """", ""pra"", """", ""BU"", ""a"", ""ti""]}, {""rule_source"": ""azwADyAyI"", ""rule"": ""1.1.37"", ""result"": [""pra"", """", ""pra"", """", ""BU"", ""a"", ""ti""]}, {""rule_source"": ""azwADyAyI"", ""rule"": ""1.4.13"", ""result"": [""pra"", """", ""pra"", """", ""BU"", ""a"", ""ti""]}, {""rule_source"": ""azwADyAyI"", ""rule"": ""7.3.84"", ""result"": [""pra"", """", ""pra"", """", ""Bo"", ""a"", ""ti""]}, {""rule_source"": ""azwADyAyI"", ""rule"": ""1.4.17"", ""result"": [""pra"", """", ""pra"", """", ""Bo"", ""a"", ""ti""]}, {""rule_source"": ""azwADyAyI"", ""rule"": ""1.4.14"", ""result"": [""pra"", """", ""pra"", """", ""Bo"", ""a"", ""ti""]}, {""rule_source"": ""azwADyAyI"", ""rule"": ""1.4.14"", ""result"": [""pra"", """", ""pra"", """", ""Bo"", ""a"", ""ti""]}, {""rule_source"": ""azwADyAyI"", ""rule"": ""1.4.14"", ""result"": [""pra"", """", ""pra"", """", ""Bo"", ""a"", ""ti""]}, {""rule_source"": ""azwADyAyI"", ""rule"": ""6.1.78"", ""result"": [""pra"", """", ""pra"", """", ""Bav"", ""a"", ""ti""]}, {""rule_source"": ""azwADyAyI"", ""rule"": ""8.4.68"", ""result"": [""pra"", """", ""pra"", """", ""Bav"", ""a"", ""ti""]}]}], ""atmanepada"": []}"
two_upasarga:55b94962bf3288e1202b,two_upasarga,lit,लिट् (liṭ),perfect past,Prathama,Eka,praprabaBUva,,praprabaBUva,1,locally_regenerated,"{""parasmaipada"": [{""form_slp1"": ""praprabaBUva"", ""steps"": [{""rule_source"": ""azwADyAyI"", ""rule"": ""1.3.1"", ""result"": [""BU""]}, {""rule_source"": ""azwADyAyI"", ""rule"": ""1.4.58"", ""result"": [""pra"", ""BU""]}, {""rule_source"": ""azwADyAyI"", ""rule"": ""1.4.59"", ""result"": [""pra"", ""BU""]}, {""rule_source"": ""azwADyAyI"", ""rule"": ""1.4.60"", ""result"": [""pra"", ""BU""]}, {""rule_source"": ""azwADyAyI"", ""rule"": ""1.4.80"", ""result"": [""pra"", ""BU""]}, {""rule_source"": ""azwADyAyI"", ""rule"": ""1.4.58"", ""result"": [""pra"", """", ""pra"", ""BU""]}, {""rule_source"": ""azwADyAyI"", ""rule"": ""1.4.59"", ""result"": [""pra"", """", ""pra"", ""BU""]}, {""rule_source"": ""azwADyAyI"", ""rule"": ""1.4.60"", ""result"": [""pra"", """", ""pra"", ""BU""]}, {""rule_source"": ""azwADyAyI"", ""rule"": ""1.4.80"", ""result"": [""pra"", """", ""pra"", ""BU""]}, {""rule_source"": ""azwADyAyI"", ""rule"": ""3.2.115"", ""result"": [""pra"", """", ""pra"", """", ""BU"", ""li~w""]}, {""rule_source"": ""azwADyAyI"", ""rule"": ""1.3.2"", ""result"": [""pra"", """", ""pra"", """", ""BU"", ""li~w""]}, {""rule_source"": ""azwADyAyI"", ""rule"": ""1.3.3"", ""result"": [""pra"", """", ""pra"", """", ""BU"", ""li~w""]}, {""rule_source"": ""azwADyAyI"", ""rule"": ""1.3.9"", ""result"": [""pra"", """", ""pra"", """", ""BU"", ""l""]}, {""rule_source"": ""azwADyAyI"", ""rule"": ""1.3.78"", ""result"": [""pra"", """", ""pra"", """", ""BU"", ""l""]}, {""rule_source"": ""azwADyAyI"", ""rule"": ""3.4.78"", ""result"": [""pra"", """", ""pra"", """", ""BU"", ""tip""]}, {""rule_source"": ""azwADyAyI"", ""rule"": ""1.3.3"", ""result"": [""pra"", """", ""pra"", """", ""BU"", ""tip""]}, {""rule_source"": ""azwADyAyI"", ""rule"": ""1.3.9"", ""result"": [""pra"", """", ""pra"", """", ""BU"", ""ti""]}, {""rule_source"": ""azwADyAyI"", ""rule"": ""1.2.45"", ""result"": [""pra"", """", ""pra"", """", ""BU"", ""ti""]}, {""rule_source"": ""azwADyAyI"", ""rule"": ""1.2.45"", ""result"": [""pra"", """", ""pra"", """", ""BU"", ""ti""]}, {""rule_source"": ""azwADyAyI"", ""rule"": ""3.4.115"", ""result"": [""pra"", """", ""pra"", """", ""BU"", ""ti""]}, {""rule_source"": ""azwADyAyI"", ""rule"": ""1.1.43"", ""result"": [""pra"", """", ""pra"", """", ""BU"", ""ti""]}, {""rule_source"": ""azwADyAyI"", ""rule"": ""1.1.37"", ""result"": [""pra"", """", ""pra"", """", ""BU"", ""ti""]}, {""rule_source"": ""azwADyAyI"", ""rule"": ""1.1.37"", ""result"": [""pra"", """", ""pra"", """", ""BU"", ""ti""]}, {""rule_source"": ""azwADyAyI"", ""rule"": ""3.4.82"", ""result"": [""pra"", """", ""pra"", """", ""BU"", ""Ral""]}, {""rule_source"": ""azwADyAyI"", ""rule"": ""1.3.3"", ""result"": [""pra"", """", ""pra"", """", ""BU"", ""Ral""]}, {""rule_source"": ""azwADyAyI"", ""rule"": ""1.3.7"", ""result"": [""pra"", """", ""pra"", """", ""BU"", ""Ral""]}, {""rule_source"": ""azwADyAyI"", ""rule"": ""1.3.9"", ""result"": [""pra"", """", ""pra"", """", ""BU"", ""a""]}, {""rule_source"": ""azwADyAyI"", ""rule"": ""3.4.115"", ""result"": [""pra"", """", ""pra"", """", ""BU"", ""a""]}, {""rule_source"": ""azwADyAyI"", ""rule"": ""1.1.43"", ""result"": [""pra"", """", ""pra"", """", ""BU"", ""a""]}, {""rule_source"": ""azwADyAyI"", ""rule"": ""1.1.37"", ""result"": [""pra"", """", ""pra"", """", ""BU"", ""a""]}, {""rule_source"": ""azwADyAyI"", ""rule"": ""1.1.37"", ""result"": [""pra"", """", ""pra"", """", ""BU"", ""a""]}, {""rule_source"": ""azwADyAyI"", ""rule"": ""6.1.8"", ""result"": [""pra"", """", ""pra"", """", ""BU"", ""BU"", ""a""]}, {""rule_source"": ""azwADyAyI"", ""rule"": ""6.1.4"", ""result"": [""pra"", """", ""pra"", """", ""BU"", ""BU"", ""a""]}, {""rule_source"": ""azwADyAyI"", ""rule"": ""6.1.5"", ""result"": [""pra"", """", ""pra"", """", ""BU"", ""BU"", ""a""]}, {""rule_source"": ""azwADyAyI"", ""rule"": ""1.4.13"", ""result"": [""pra"", """", ""pra"", """", ""BU"", ""BU"", ""a""]}, {""rule_source"": ""azwADyAyI"", ""rule"": ""6.4.88"", ""result"": [""pra"", """", ""pra"", """", ""BU"", ""BU"", ""vu~k"", ""a""]}, {""rule_source"": ""azwADyAyI"", ""rule"": ""1.3.2"", ""result"": [""pra"", """", ""pra"", """", ""BU"", ""BU"", ""vu~k"", ""a""]}, {""rule_source"": ""azwADyAyI"", ""rule"": ""1.3.3"", ""result"": [""pra"", """", ""pra"", """", ""BU"", ""BU"", ""vu~k"", ""a""]}, {""rule_source"": ""azwADyAyI"", ""rule"": ""1.3.9"", ""result"": [""pra"", """", ""pra"", """", ""BU"", ""BU"", ""v"", ""a""]}, {""rule_source"": ""azwADyAyI"", ""rule"": ""7.4.59"", ""result"": [""pra"", """", ""pra"", """", ""Bu"", ""BU"", ""v"", ""a""]}, {""rule_source"": ""azwADyAyI"", ""rule"": ""7.4.73"", ""result"": [""pra"", """", ""pra"", """", ""Ba"", ""BU"", ""v"", ""a""]}, {""rule_source"": ""azwADyAyI"", ""rule"": ""1.4.17"", ""result"": [""pra"", """", ""pra"", """", ""Ba"", ""BU"", ""v"", ""a""]}, {""rule_source"": ""azwADyAyI"", ""rule"": ""1.4.14"", ""result"": [""pra"", """", ""pra"", """", ""Ba"", ""BU"", ""v"", ""a""]}, {""rule_source"": ""azwADyAyI"", ""rule"": ""1.4.14"", ""result"": [""pra"", """", ""pra"", """", ""Ba"", ""BU"", ""v"", ""a""]}, {""rule_source"": ""azwADyAyI"", ""rule"": ""1.4.14"", ""result"": [""pra"", """", ""pra"", """", ""Ba"", ""BU"", ""v"", ""a""]}, {""rule_source"": ""azwADyAyI"", ""rule"": ""8.4.54"", ""result"": [""pra"", """", ""pra"", """", ""ba"", ""BU"", ""v"", ""a""]}, {""rule_source"": ""azwADyAyI"", ""rule"": ""8.4.68"", ""result"": [""pra"", """", ""pra"", """", ""ba"", ""BU"", ""v"", ""a""]}]}], ""atmanepada"": []}"
two_upasarga:55b94962bf3288e1202b,two_upasarga,lut,लुट् (luṭ),periphrastic future,Prathama,Eka,prapraBavitA,,prapraBavitA,1,locally_regenerated,"{""parasmaipada"": [{""form_slp1"": ""prapraBavitA"", ""steps"": [{""rule_source"": ""azwADyAyI"", ""rule"": ""1.3.1"", ""result"": [""BU""]}, {""rule_source"": ""azwADyAyI"", ""rule"": ""1.4.58"", ""result"": [""pra"", ""BU""]}, {""rule_source"": ""azwADyAyI"", ""rule"": ""1.4.59"", ""result"": [""pra"", ""BU""]}, {""rule_source"": ""azwADyAyI"", ""rule"": ""1.4.60"", ""result"": [""pra"", ""BU""]}, {""rule_source"": ""azwADyAyI"", ""rule"": ""1.4.80"", ""result"": [""pra"", ""BU""]}, {""rule_source"": ""azwADyAyI"", ""rule"": ""1.4.58"", ""result"": [""pra"", """", ""pra"", ""BU""]}, {""rule_source"": ""azwADyAyI"", ""rule"": ""1.4.59"", ""result"": [""pra"", """", ""pra"", ""BU""]}, {""rule_source"": ""azwADyAyI"", ""rule"": ""1.4.60"", ""result"": [""pra"", """", ""pra"", ""BU""]}, {""rule_source"": ""azwADyAyI"", ""rule"": ""1.4.80"", ""result"": [""pra"", """", ""pra"", ""BU""]}, {""rule_source"": ""azwADyAyI"", ""rule"": ""3.3.15"", ""result"": [""pra"", """", ""pra"", """", ""BU"", ""lu~w""]}, {""rule_source"": ""azwADyAyI"", ""rule"": ""1.3.2"", ""result"": [""pra"", """", ""pra"", """", ""BU"", ""lu~w""]}, {""rule_source"": ""azwADyAyI"", ""rule"": ""1.3.3"", ""result"": [""pra"", """", ""pra"", """", ""BU"", ""lu~w""]}, {""rule_source"": ""azwADyAyI"", ""rule"": ""1.3.9"", ""result"": [""pra"", """", ""pra"", """", ""BU"", ""l""]}, {""rule_source"": ""azwADyAyI"", ""rule"": ""1.3.78"", ""result"": [""pra"", """", ""pra"", """", ""BU"", ""l""]}, {""rule_source"": ""azwADyAyI"", ""rule"": ""3.4.78"", ""result"": [""pra"", """", ""pra"", """", ""BU"", ""tip""]}, {""rule_source"": ""azwADyAyI"", ""rule"": ""1.3.3"", ""result"": [""pra"", """", ""pra"", """", ""BU"", ""tip""]}, {""rule_source"": ""azwADyAyI"", ""rule"": ""1.3.9"", ""result"": [""pra"", """", ""pra"", """", ""BU"", ""ti""]}, {""rule_source"": ""azwADyAyI"", ""rule"": ""1.2.45"", ""result"": [""pra"", """", ""pra"", """", ""BU"", ""ti""]}, {""rule_source"": ""azwADyAyI"", ""rule"": ""1.2.45"", ""result"": [""pra"", """", ""pra"", """", ""BU"", ""ti""]}, {""rule_source"": ""azwADyAyI"", ""rule"": ""3.4.113"", ""result"": [""pra"", """", ""pra"", """", ""BU"", ""ti""]}, {""rule_source"": ""azwADyAyI"", ""rule"": ""1.1.43"", ""result"": [""pra"", """", ""pra"", """", ""BU"", ""ti""]}, {""rule_source"": ""azwADyAyI"", ""rule"": ""1.1.37"", ""result"": [""pra"", """", ""pra"", """", ""BU"", ""ti""]}, {""rule_source"": ""azwADyAyI"", ""rule"": ""1.1.37"", ""result"": [""pra"", """", ""pra"", """", ""BU"", ""ti""]}, {""rule_source"": ""azwADyAyI"", ""rule"": ""3.1.33"", ""result"": [""pra"", """", ""pra"", """", ""BU"", ""tAsi~"", ""ti""]}, {""rule_source"": ""azwADyAyI"", ""rule"": ""1.3.2"", ""result"": [""pra"", """", ""pra"", """", ""BU"", ""tAsi~"", ""ti""]}, {""rule_source"": ""azwADyAyI"", ""rule"": ""1.3.9"", ""result"": [""pra"", """", ""pra"", """", ""BU"", ""tAs"", ""ti""]}, {""rule_source"": ""azwADyAyI"", ""rule"": ""3.4.114"", ""result"": [""pra"", """", ""pra"", """", ""BU"", ""tAs"", ""ti""]}, {""rule_source"": ""azwADyAyI"", ""rule"": ""1.1.43"", ""result"": [""pra"", """", ""pra"", """", ""BU"", ""tAs"", ""ti""]}, {""rule_source"": ""azwADyAyI"", ""rule"": ""1.1.37"", ""result"": [""pra"", """", ""pra"", """", ""BU"", ""tAs"", ""ti""]}, {""rule_source"": ""azwADyAyI"", ""rule"": ""1.1.37"", ""result"": [""pra"", """", ""pra"", """", ""BU"", ""tAs"", ""ti""]}, {""rule_source"": ""azwADyAyI"", ""rule"": ""2.4.85"", ""result"": [""pra"", """", ""pra"", """", ""BU"", ""tAs"", ""qA""]}, {""rule_source"": ""azwADyAyI"", ""rule"": ""1.3.7"", ""result"": [""pra"", """", ""pra"", """", ""BU"", ""tAs"", ""qA""]}, {""rule_source"": ""azwADyAyI"", ""rule"": ""1.3.9"", ""result"": [""pra"", """", ""pra"", """", ""BU"", ""tAs"", ""A""]}, {""rule_source"": ""azwADyAyI"", ""rule"": ""7.2.35"", ""result"": [""pra"", """", ""pra"", """", ""BU"", ""iw"", ""tAs"", ""A""]}, {""rule_source"": ""azwADyAyI"", ""rule"": ""1.3.3"", ""result"": [""pra"", """", ""pra"", """", ""BU"", ""iw"", ""tAs"", ""A""]}, {""rule_source"": ""azwADyAyI"", ""rule"": ""1.3.9"", ""result"": [""pra"", """", ""pra"", """", ""BU"", ""i"", ""tAs"", ""A""]}, {""rule_source"": ""azwADyAyI"", ""rule"": ""1.4.13"", ""result"": [""pra"", """", ""pra"", """", ""BU"", ""i"", ""tAs"", ""A""]}, {""rule_source"": ""azwADyAyI"", ""rule"": ""7.3.84"", ""result"": [""pra"", """", ""pra"", """", ""Bo"", ""i"", ""tAs"", ""A""]}, {""rule_source"": ""azwADyAyI"", ""rule"": ""1.4.17"", ""result"": [""pra"", """", ""pra"", """", ""Bo"", ""i"", ""tAs"", ""A""]}, {""rule_source"": ""azwADyAyI"", ""rule"": ""1.4.14"", ""result"": [""pra"", """", ""pra"", """", ""Bo"", ""i"", ""tAs"", ""A""]}, {""rule_source"": ""azwADyAyI"", ""rule"": ""1.4.14"", ""result"": [""pra"", """", ""pra"", """", ""Bo"", ""i"", ""tAs"", ""A""]}, {""rule_source"": ""azwADyAyI"", ""rule"": ""1.4.14"", ""result"": [""pra"", """", ""pra"", """", ""Bo"", ""i"", ""tAs"", ""A""]}, {""rule_source"": ""azwADyAyI"", ""rule"": ""6.4.143"", ""result"": [""pra"", """", ""pra"", """", ""Bo"", ""i"", ""t"", ""A""]}, {""rule_source"": ""azwADyAyI"", ""rule"": ""6.1.78"", ""result"": [""pra"", """", ""pra"", """", ""Bav"", ""i"", ""t"", ""A""]}, {""rule_source"": ""azwADyAyI"", ""rule"": ""8.4.68"", ""result"": [""pra"", """", ""pra"", """", ""Bav"", ""i"", ""t"", ""A""]}]}], ""atmanepada"": []}"
two_upasarga:55b94962bf3288e1202b,two_upasarga,lrt,लृट् (lṛṭ),future,Prathama,Eka,prapraBavizyati,,prapraBavizyati,1,locally_regenerated,"{""parasmaipada"": [{""form_slp1"": ""prapraBavizyati"", ""steps"": [{""rule_source"": ""azwADyAyI"", ""rule"": ""1.3.1"", ""result"": [""BU""]}, {""rule_source"": ""azwADyAyI"", ""rule"": ""1.4.58"", ""result"": [""pra"", ""BU""]}, {""rule_source"": ""azwADyAyI"", ""rule"": ""1.4.59"", ""result"": [""pra"", ""BU""]}, {""rule_source"": ""azwADyAyI"", ""rule"": ""1.4.60"", ""result"": [""pra"", ""BU""]}, {""rule_source"": ""azwADyAyI"", ""rule"": ""1.4.80"", ""result"": [""pra"", ""BU""]}, {""rule_source"": ""azwADyAyI"", ""rule"": ""1.4.58"", ""result"": [""pra"", """", ""pra"", ""BU""]}, {""rule_source"": ""azwADyAyI"", ""rule"": ""1.4.59"", ""result"": [""pra"", """", ""pra"", ""BU""]}, {""rule_source"": ""azwADyAyI"", ""rule"": ""1.4.60"", ""result"": [""pra"", """", ""pra"", ""BU""]}, {""rule_source"": ""azwADyAyI"", ""rule"": ""1.4.80"", ""result"": [""pra"", """", ""pra"", ""BU""]}, {""rule_source"": ""azwADyAyI"", ""rule"": ""3.3.13"", ""result"": [""pra"", """", ""pra"", """", ""BU"", ""lf~w""]}, {""rule_source"": ""azwADyAyI"", ""rule"": ""1.3.2"", ""result"": [""pra"", """", ""pra"", """", ""BU"", ""lf~w""]}, {""rule_source"": ""azwADyAyI"", ""rule"": ""1.3.3"", ""result"": [""pra"", """", ""pra"", """", ""BU"", ""lf~w""]}, {""rule_source"": ""azwADyAyI"", ""rule"": ""1.3.9"", ""result"": [""pra"", """", ""pra"", """", ""BU"", ""l""]}, {""rule_source"": ""azwADyAyI"", ""rule"": ""1.3.78"", ""result"": [""pra"", """", ""pra"", """", ""BU"", ""l""]}, {""rule_source"": ""azwADyAyI"", ""rule"": ""3.4.78"", ""result"": [""pra"", """", ""pra"", """", ""BU"", ""tip""]}, {""rule_source"": ""azwADyAyI"", ""rule"": ""1.3.3"", ""result"": [""pra"", """", ""pra"", """", ""BU"", ""tip""]}, {""rule_source"": ""azwADyAyI"", ""rule"": ""1.3.9"", ""result"": [""pra"", """", ""pra"", """", ""BU"", ""ti""]}, {""rule_source"": ""azwADyAyI"", ""rule"": ""1.2.45"", ""result"": [""pra"", """", ""pra"", """", ""BU"", ""ti""]}, {""rule_source"": ""azwADyAyI"", ""rule"": ""1.2.45"", ""result"": [""pra"", """", ""pra"", """", ""BU"", ""ti""]}, {""rule_source"": ""azwADyAyI"", ""rule"": ""3.4.113"", ""result"": [""pra"", """", ""pra"", """", ""BU"", ""ti""]}, {""rule_source"": ""azwADyAyI"", ""rule"": ""1.1.43"", ""result"": [""pra"", """", ""pra"", """", ""BU"", ""ti""]}, {""rule_source"": ""azwADyAyI"", ""rule"": ""1.1.37"", ""result"": [""pra"", """", ""pra"", """", ""BU"", ""ti""]}, {""rule_source"": ""azwADyAyI"", ""rule"": ""1.1.37"", ""result"": [""pra"", """", ""pra"", """", ""BU"", ""ti""]}, {""rule_source"": ""azwADyAyI"", ""rule"": ""3.1.33"", ""result"": [""pra"", """", ""pra"", """", ""BU"", ""sya"", ""ti""]}, {""rule_source"": ""azwADyAyI"", ""rule"": ""3.4.114"", ""result"": [""pra"", """", ""pra"", """", ""BU"", ""sya"", ""ti""]}, {""rule_source"": ""azwADyAyI"", ""rule"": ""1.1.43"", ""result"": [""pra"", """", ""pra"", """", ""BU"", ""sya"", ""ti""]}, {""rule_source"": ""azwADyAyI"", ""rule"": ""1.1.37"", ""result"": [""pra"", """", ""pra"", """", ""BU"", ""sya"", ""ti""]}, {""rule_source"": ""azwADyAyI"", ""rule"": ""1.1.37"", ""result"": [""pra"", """", ""pra"", """", ""BU"", ""sya"", ""ti""]}, {""rule_source"": ""azwADyAyI"", ""rule"": ""7.2.35"", ""result"": [""pra"", """", ""pra"", """", ""BU"", ""iw"", ""sya"", ""ti""]}, {""rule_source"": ""azwADyAyI"", ""rule"": ""1.3.3"", ""result"": [""pra"", """", ""pra"", """", ""BU"", ""iw"", ""sya"", ""ti""]}, {""rule_source"": ""azwADyAyI"", ""rule"": ""1.3.9"", ""result"": [""pra"", """", ""pra"", """", ""BU"", ""i"", ""sya"", ""ti""]}, {""rule_source"": ""azwADyAyI"", ""rule"": ""1.4.13"", ""result"": [""pra"", """", ""pra"", """", ""BU"", ""i"", ""sya"", ""ti""]}, {""rule_source"": ""azwADyAyI"", ""rule"": ""7.3.84"", ""result"": [""pra"", """", ""pra"", """", ""Bo"", ""i"", ""sya"", ""ti""]}, {""rule_source"": ""azwADyAyI"", ""rule"": ""1.4.17"", ""result"": [""pra"", """", ""pra"", """", ""Bo"", ""i"", ""sya"", ""ti""]}, {""rule_source"": ""azwADyAyI"", ""rule"": ""1.4.14"", ""result"": [""pra"", """", ""pra"", """", ""Bo"", ""i"", ""sya"", ""ti""]}, {""rule_source"": ""azwADyAyI"", ""rule"": ""1.4.14"", ""result"": [""pra"", """", ""pra"", """", ""Bo"", ""i"", ""sya"", ""ti""]}, {""rule_source"": ""azwADyAyI"", ""rule"": ""1.4.14"", ""result"": [""pra"", """", ""pra"", """", ""Bo"", ""i"", ""sya"", ""ti""]}, {""rule_source"": ""azwADyAyI"", ""rule"": ""6.1.78"", ""result"": [""pra"", """", ""pra"", """", ""Bav"", ""i"", ""sya"", ""ti""]}, {""rule_source"": ""azwADyAyI"", ""rule"": ""8.3.59"", ""result"": [""pra"", """", ""pra"", """", ""Bav"", ""i"", ""zya"", ""ti""]}, {""rule_source"": ""azwADyAyI"", ""rule"": ""8.4.68"", ""result"": [""pra"", """", ""pra"", """", ""Bav"", ""i"", ""zya"", ""ti""]}]}], ""atmanepada"": []}"
two_upasarga:55b94962bf3288e1202b,two_upasarga,lot,लोट् (loṭ),command or request,Prathama,Eka,prapraBavatAd;prapraBavatAt;prapraBavatu,,prapraBavatAd;prapraBavatAt;prapraBavatu,3,locally_regenerated,"{""parasmaipada"": [{""form_slp1"": ""prapraBavatAt"", ""steps"": [{""rule_source"": ""azwADyAyI"", ""rule"": ""1.3.1"", ""result"": [""BU""]}, {""rule_source"": ""azwADyAyI"", ""rule"": ""1.4.58"", ""result"": [""pra"", ""BU""]}, {""rule_source"": ""azwADyAyI"", ""rule"": ""1.4.59"", ""result"": [""pra"", ""BU""]}, {""rule_source"": ""azwADyAyI"", ""rule"": ""1.4.60"", ""result"": [""pra"", ""BU""]}, {""rule_source"": ""azwADyAyI"", ""rule"": ""1.4.80"", ""result"": [""pra"", ""BU""]}, {""rule_source"": ""azwADyAyI"", ""rule"": ""1.4.58"", ""result"": [""pra"", """", ""pra"", ""BU""]}, {""rule_source"": ""azwADyAyI"", ""rule"": ""1.4.59"", ""result"": [""pra"", """", ""pra"", ""BU""]}, {""rule_source"": ""azwADyAyI"", ""rule"": ""1.4.60"", ""result"": [""pra"", """", ""pra"", ""BU""]}, {""rule_source"": ""azwADyAyI"", ""rule"": ""1.4.80"", ""result"": [""pra"", """", ""pra"", ""BU""]}, {""rule_source"": ""azwADyAyI"", ""rule"": ""3.3.162"", ""result"": [""pra"", """", ""pra"", """", ""BU"", ""lo~w""]}, {""rule_source"": ""azwADyAyI"", ""rule"": ""1.3.2"", ""result"": [""pra"", """", ""pra"", """", ""BU"", ""lo~w""]}, {""rule_source"": ""azwADyAyI"", ""rule"": ""1.3.3"", ""result"": [""pra"", """", ""pra"", """", ""BU"", ""lo~w""]}, {""rule_source"": ""azwADyAyI"", ""rule"": ""1.3.9"", ""result"": [""pra"", """", ""pra"", """", ""BU"", ""l""]}, {""rule_source"": ""azwADyAyI"", ""rule"": ""1.3.78"", ""result"": [""pra"", """", ""pra"", """", ""BU"", ""l""]}, {""rule_source"": ""azwADyAyI"", ""rule"": ""3.4.78"", ""result"": [""pra"", """", ""pra"", """", ""BU"", ""tip""]}, {""rule_source"": ""azwADyAyI"", ""rule"": ""1.3.3"", ""result"": [""pra"", """", ""pra"", """", ""BU"", ""tip""]}, {""rule_source"": ""azwADyAyI"", ""rule"": ""1.3.9"", ""result"": [""pra"", """", ""pra"", """", ""BU"", ""ti""]}, {""rule_source"": ""azwADyAyI"", ""rule"": ""1.2.45"", ""result"": [""pra"", """", ""pra"", """", ""BU"", ""ti""]}, {""rule_source"": ""azwADyAyI"", ""rule"": ""1.2.45"", ""result"": [""pra"", """", ""pra"", """", ""BU"", ""ti""]}, {""rule_source"": ""azwADyAyI"", ""rule"": ""3.4.113"", ""result"": [""pra"", """", ""pra"", """", ""BU"", ""ti""]}, {""rule_source"": ""azwADyAyI"", ""rule"": ""1.1.43"", ""result"": [""pra"", """", ""pra"", """", ""BU"", ""ti""]}, {""rule_source"": ""azwADyAyI"", ""rule"": ""1.1.37"", ""result"": [""pra"", """", ""pra"", """", ""BU"", ""ti""]}, {""rule_source"": ""azwADyAyI"", ""rule"": ""1.1.37"", ""result"": [""pra"", """", ""pra"", """", ""BU"", ""ti""]}, {""rule_source"": ""azwADyAyI"", ""rule"": ""3.1.68"", ""result"": [""pra"", """", ""pra"", """", ""BU"", ""Sap"", ""ti""]}, {""rule_source"": ""azwADyAyI"", ""rule"": ""1.3.3"", ""result"": [""pra"", """", ""pra"", """", ""BU"", ""Sap"", ""ti""]}, {""rule_source"": ""azwADyAyI"", ""rule"": ""1.3.8"", ""result"": [""pra"", """", ""pra"", """", ""BU"", ""Sap"", ""ti""]}, {""rule_source"": ""azwADyAyI"", ""rule"": ""1.3.9"", ""result"": [""pra"", """", ""pra"", """", ""BU"", ""a"", ""ti""]}, {""rule_source"": ""azwADyAyI"", ""rule"": ""3.4.113"", ""result"": [""pra"", """", ""pra"", """", ""BU"", ""a"", ""ti""]}, {""rule_source"": ""azwADyAyI"", ""rule"": ""1.1.43"", ""result"": [""pra"", """", ""pra"", """", ""BU"", ""a"", ""ti""]}, {""rule_source"": ""azwADyAyI"", ""rule"": ""1.1.37"", ""result"": [""pra"", """", ""pra"", """", ""BU"", ""a"", ""ti""]}, {""rule_source"": ""azwADyAyI"", ""rule"": ""1.1.37"", ""result"": [""pra"", """", ""pra"", """", ""BU"", ""a"", ""ti""]}, {""rule_source"": ""azwADyAyI"", ""rule"": ""3.4.86"", ""result"": [""pra"", """", ""pra"", """", ""BU"", ""a"", ""tu""]}, {""rule_source"": ""azwADyAyI"", ""rule"": ""7.1.35"", ""result"": [""pra"", """", ""pra"", """", ""BU"", ""a"", ""tAta~N""]}, {""rule_source"": ""azwADyAyI"", ""rule"": ""1.3.2"", ""result"": [""pra"", """", ""pra"", """", ""BU"", ""a"", ""tAta~N""]}, {""rule_source"": ""azwADyAyI"", ""rule"": ""1.3.3"", ""result"": [""pra"", """", ""pra"", """", ""BU"", ""a"", ""tAta~N""]}, {""rule_source"": ""azwADyAyI"", ""rule"": ""1.3.9"", ""result"": [""pra"", """", ""pra"", """", ""BU"", ""a"", ""tAt""]}, {""rule_source"": ""azwADyAyI"", ""rule"": ""1.4.13"", ""result"": [""pra"", """", ""pra"", """", ""BU"", ""a"", ""tAt""]}, {""rule_source"": ""azwADyAyI"", ""rule"": ""7.3.84"", ""result"": [""pra"", """", ""pra"", """", ""Bo"", ""a"", ""tAt""]}, {""rule_source"": ""azwADyAyI"", ""rule"": ""1.4.17"", ""result"": [""pra"", """", ""pra"", """", ""Bo"", ""a"", ""tAt""]}, {""rule_source"": ""azwADyAyI"", ""rule"": ""1.4.14"", ""result"": [""pra"", """", ""pra"", """", ""Bo"", ""a"", ""tAt""]}, {""rule_source"": ""azwADyAyI"", ""rule"": ""1.4.14"", ""result"": [""pra"", """", ""pra"", """", ""Bo"", ""a"", ""tAt""]}, {""rule_source"": ""azwADyAyI"", ""rule"": ""1.4.14"", ""result"": [""pra"", """", ""pra"", """", ""Bo"", ""a"", ""tAt""]}, {""rule_source"": ""azwADyAyI"", ""rule"": ""6.1.78"", ""result"": [""pra"", """", ""pra"", """", ""Bav"", ""a"", ""tAt""]}, {""rule_source"": ""azwADyAyI"", ""rule"": ""8.2.39"", ""result"": [""pra"", """", ""pra"", """", ""Bav"", ""a"", ""tAd""]}, {""rule_source"": ""azwADyAyI"", ""rule"": ""8.4.56"", ""result"": [""pra"", """", ""pra"", """", ""Bav"", ""a"", ""tAt""]}, {""rule_source"": ""azwADyAyI"", ""rule"": ""8.4.68"", ""result"": [""pra"", """", ""pra"", """", ""Bav"", ""a"", ""tAt""]}]}, {""form_slp1"": ""prapraBavatAd"", ""steps"": [{""rule_source"": ""azwADyAyI"", ""rule"": ""1.3.1"", ""result"": [""BU""]}, {""rule_source"": ""azwADyAyI"", ""rule"": ""1.4.58"", ""result"": [""pra"", ""BU""]}, {""rule_source"": ""azwADyAyI"", ""rule"": ""1.4.59"", ""result"": [""pra"", ""BU""]}, {""rule_source"": ""azwADyAyI"", ""rule"": ""1.4.60"", ""result"": [""pra"", ""BU""]}, {""rule_source"": ""azwADyAyI"", ""rule"": ""1.4.80"", ""result"": [""pra"", ""BU""]}, {""rule_source"": ""azwADyAyI"", ""rule"": ""1.4.58"", ""result"": [""pra"", """", ""pra"", ""BU""]}, {""rule_source"": ""azwADyAyI"", ""rule"": ""1.4.59"", ""result"": [""pra"", """", ""pra"", ""BU""]}, {""rule_source"": ""azwADyAyI"", ""rule"": ""1.4.60"", ""result"": [""pra"", """", ""pra"", ""BU""]}, {""rule_source"": ""azwADyAyI"", ""rule"": ""1.4.80"", ""result"": [""pra"", """", ""pra"", ""BU""]}, {""rule_source"": ""azwADyAyI"", ""rule"": ""3.3.162"", ""result"": [""pra"", """", ""pra"", """", ""BU"", ""lo~w""]}, {""rule_source"": ""azwADyAyI"", ""rule"": ""1.3.2"", ""result"": [""pra"", """", ""pra"", """", ""BU"", ""lo~w""]}, {""rule_source"": ""azwADyAyI"", ""rule"": ""1.3.3"", ""result"": [""pra"", """", ""pra"", """", ""BU"", ""lo~w""]}, {""rule_source"": ""azwADyAyI"", ""rule"": ""1.3.9"", ""result"": [""pra"", """", ""pra"", """", ""BU"", ""l""]}, {""rule_source"": ""azwADyAyI"", ""rule"": ""1.3.78"", ""result"": [""pra"", """", ""pra"", """", ""BU"", ""l""]}, {""rule_source"": ""azwADyAyI"", ""rule"": ""3.4.78"", ""result"": [""pra"", """", ""pra"", """", ""BU"", ""tip""]}, {""rule_source"": ""azwADyAyI"", ""rule"": ""1.3.3"", ""result"": [""pra"", """", ""pra"", """", ""BU"", ""tip""]}, {""rule_source"": ""azwADyAyI"", ""rule"": ""1.3.9"", ""result"": [""pra"", """", ""pra"", """", ""BU"", ""ti""]}, {""rule_source"": ""azwADyAyI"", ""rule"": ""1.2.45"", ""result"": [""pra"", """", ""pra"", """", ""BU"", ""ti""]}, {""rule_source"": ""azwADyAyI"", ""rule"": ""1.2.45"", ""result"": [""pra"", """", ""pra"", """", ""BU"", ""ti""]}, {""rule_source"": ""azwADyAyI"", ""rule"": ""3.4.113"", ""result"": [""pra"", """", ""pra"", """", ""BU"", ""ti""]}, {""rule_source"": ""azwADyAyI"", ""rule"": ""1.1.43"", ""result"": [""pra"", """", ""pra"", """", ""BU"", ""ti""]}, {""rule_source"": ""azwADyAyI"", ""rule"": ""1.1.37"", ""result"": [""pra"", """", ""pra"", """", ""BU"", ""ti""]}, {""rule_source"": ""azwADyAyI"", ""rule"": ""1.1.37"", ""result"": [""pra"", """", ""pra"", """", ""BU"", ""ti""]}, {""rule_source"": ""azwADyAyI"", ""rule"": ""3.1.68"", ""result"": [""pra"", """", ""pra"", """", ""BU"", ""Sap"", ""ti""]}, {""rule_source"": ""azwADyAyI"", ""rule"": ""1.3.3"", ""result"": [""pra"", """", ""pra"", """", ""BU"", ""Sap"", ""ti""]}, {""rule_source"": ""azwADyAyI"", ""rule"": ""1.3.8"", ""result"": [""pra"", """", ""pra"", """", ""BU"", ""Sap"", ""ti""]}, {""rule_source"": ""azwADyAyI"", ""rule"": ""1.3.9"", ""result"": [""pra"", """", ""pra"", """", ""BU"", ""a"", ""ti""]}, {""rule_source"": ""azwADyAyI"", ""rule"": ""3.4.113"", ""result"": [""pra"", """", ""pra"", """", ""BU"", ""a"", ""ti""]}, {""rule_source"": ""azwADyAyI"", ""rule"": ""1.1.43"", ""result"": [""pra"", """", ""pra"", """", ""BU"", ""a"", ""ti""]}, {""rule_source"": ""azwADyAyI"", ""rule"": ""1.1.37"", ""result"": [""pra"", """", ""pra"", """", ""BU"", ""a"", ""ti""]}, {""rule_source"": ""azwADyAyI"", ""rule"": ""1.1.37"", ""result"": [""pra"", """", ""pra"", """", ""BU"", ""a"", ""ti""]}, {""rule_source"": ""azwADyAyI"", ""rule"": ""3.4.86"", ""result"": [""pra"", """", ""pra"", """", ""BU"", ""a"", ""tu""]}, {""rule_source"": ""azwADyAyI"", ""rule"": ""7.1.35"", ""result"": [""pra"", """", ""pra"", """", ""BU"", ""a"", ""tAta~N""]}, {""rule_source"": ""azwADyAyI"", ""rule"": ""1.3.2"", ""result"": [""pra"", """", ""pra"", """", ""BU"", ""a"", ""tAta~N""]}, {""rule_source"": ""azwADyAyI"", ""rule"": ""1.3.3"", ""result"": [""pra"", """", ""pra"", """", ""BU"", ""a"", ""tAta~N""]}, {""rule_source"": ""azwADyAyI"", ""rule"": ""1.3.9"", ""result"": [""pra"", """", ""pra"", """", ""BU"", ""a"", ""tAt""]}, {""rule_source"": ""azwADyAyI"", ""rule"": ""1.4.13"", ""result"": [""pra"", """", ""pra"", """", ""BU"", ""a"", ""tAt""]}, {""rule_source"": ""azwADyAyI"", ""rule"": ""7.3.84"", ""result"": [""pra"", """", ""pra"", """", ""Bo"", ""a"", ""tAt""]}, {""rule_source"": ""azwADyAyI"", ""rule"": ""1.4.17"", ""result"": [""pra"", """", ""pra"", """", ""Bo"", ""a"", ""tAt""]}, {""rule_source"": ""azwADyAyI"", ""rule"": ""1.4.14"", ""result"": [""pra"", """", ""pra"", """", ""Bo"", ""a"", ""tAt""]}, {""rule_source"": ""azwADyAyI"", ""rule"": ""1.4.14"", ""result"": [""pra"", """", ""pra"", """", ""Bo"", ""a"", ""tAt""]}, {""rule_source"": ""azwADyAyI"", ""rule"": ""1.4.14"", ""result"": [""pra"", """", ""pra"", """", ""Bo"", ""a"", ""tAt""]}, {""rule_source"": ""azwADyAyI"", ""rule"": ""6.1.78"", ""result"": [""pra"", """", ""pra"", """", ""Bav"", ""a"", ""tAt""]}, {""rule_source"": ""azwADyAyI"", ""rule"": ""8.2.39"", ""result"": [""pra"", """", ""pra"", """", ""Bav"", ""a"", ""tAd""]}, {""rule_source"": ""azwADyAyI"", ""rule"": ""8.4.68"", ""result"": [""pra"", """", ""pra"", """", ""Bav"", ""a"", ""tAd""]}]}, {""form_slp1"": ""prapraBavatu"", ""steps"": [{""rule_source"": ""azwADyAyI"", ""rule"": ""1.3.1"", ""result"": [""BU""]}, {""rule_source"": ""azwADyAyI"", ""rule"": ""1.4.58"", ""result"": [""pra"", ""BU""]}, {""rule_source"": ""azwADyAyI"", ""rule"": ""1.4.59"", ""result"": [""pra"", ""BU""]}, {""rule_source"": ""azwADyAyI"", ""rule"": ""1.4.60"", ""result"": [""pra"", ""BU""]}, {""rule_source"": ""azwADyAyI"", ""rule"": ""1.4.80"", ""result"": [""pra"", ""BU""]}, {""rule_source"": ""azwADyAyI"", ""rule"": ""1.4.58"", ""result"": [""pra"", """", ""pra"", ""BU""]}, {""rule_source"": ""azwADyAyI"", ""rule"": ""1.4.59"", ""result"": [""pra"", """", ""pra"", ""BU""]}, {""rule_source"": ""azwADyAyI"", ""rule"": ""1.4.60"", ""result"": [""pra"", """", ""pra"", ""BU""]}, {""rule_source"": ""azwADyAyI"", ""rule"": ""1.4.80"", ""result"": [""pra"", """", ""pra"", ""BU""]}, {""rule_source"": ""azwADyAyI"", ""rule"": ""3.3.162"", ""result"": [""pra"", """", ""pra"", """", ""BU"", ""lo~w""]}, {""rule_source"": ""azwADyAyI"", ""rule"": ""1.3.2"", ""result"": [""pra"", """", ""pra"", """", ""BU"", ""lo~w""]}, {""rule_source"": ""azwADyAyI"", ""rule"": ""1.3.3"", ""result"": [""pra"", """", ""pra"", """", ""BU"", ""lo~w""]}, {""rule_source"": ""azwADyAyI"", ""rule"": ""1.3.9"", ""result"": [""pra"", """", ""pra"", """", ""BU"", ""l""]}, {""rule_source"": ""azwADyAyI"", ""rule"": ""1.3.78"", ""result"": [""pra"", """", ""pra"", """", ""BU"", ""l""]}, {""rule_source"": ""azwADyAyI"", ""rule"": ""3.4.78"", ""result"": [""pra"", """", ""pra"", """", ""BU"", ""tip""]}, {""rule_source"": ""azwADyAyI"", ""rule"": ""1.3.3"", ""result"": [""pra"", """", ""pra"", """", ""BU"", ""tip""]}, {""rule_source"": ""azwADyAyI"", ""rule"": ""1.3.9"", ""result"": [""pra"", """", ""pra"", """", ""BU"", ""ti""]}, {""rule_source"": ""azwADyAyI"", ""rule"": ""1.2.45"", ""result"": [""pra"", """", ""pra"", """", ""BU"", ""ti""]}, {""rule_source"": ""azwADyAyI"", ""rule"": ""1.2.45"", ""result"": [""pra"", """", ""pra"", """", ""BU"", ""ti""]}, {""rule_source"": ""azwADyAyI"", ""rule"": ""3.4.113"", ""result"": [""pra"", """", ""pra"", """", ""BU"", ""ti""]}, {""rule_source"": ""azwADyAyI"", ""rule"": ""1.1.43"", ""result"": [""pra"", """", ""pra"", """", ""BU"", ""ti""]}, {""rule_source"": ""azwADyAyI"", ""rule"": ""1.1.37"", ""result"": [""pra"", """", ""pra"", """", ""BU"", ""ti""]}, {""rule_source"": ""azwADyAyI"", ""rule"": ""1.1.37"", ""result"": [""pra"", """", ""pra"", """", ""BU"", ""ti""]}, {""rule_source"": ""azwADyAyI"", ""rule"": ""3.1.68"", ""result"": [""pra"", """", ""pra"", """", ""BU"", ""Sap"", ""ti""]}, {""rule_source"": ""azwADyAyI"", ""rule"": ""1.3.3"", ""result"": [""pra"", """", ""pra"", """", ""BU"", ""Sap"", ""ti""]}, {""rule_source"": ""azwADyAyI"", ""rule"": ""1.3.8"", ""result"": [""pra"", """", ""pra"", """", ""BU"", ""Sap"", ""ti""]}, {""rule_source"": ""azwADyAyI"", ""rule"": ""1.3.9"", ""result"": [""pra"", """", ""pra"", """", ""BU"", ""a"", ""ti""]}, {""rule_source"": ""azwADyAyI"", ""rule"": ""3.4.113"", ""result"": [""pra"", """", ""pra"", """", ""BU"", ""a"", ""ti""]}, {""rule_source"": ""azwADyAyI"", ""rule"": ""1.1.43"", ""result"": [""pra"", """", ""pra"", """", ""BU"", ""a"", ""ti""]}, {""rule_source"": ""azwADyAyI"", ""rule"": ""1.1.37"", ""result"": [""pra"", """", ""pra"", """", ""BU"", ""a"", ""ti""]}, {""rule_source"": ""azwADyAyI"", ""rule"": ""1.1.37"", ""result"": [""pra"", """", ""pra"", """", ""BU"", ""a"", ""ti""]}, {""rule_source"": ""azwADyAyI"", ""rule"": ""3.4.86"", ""result"": [""pra"", """", ""pra"", """", ""BU"", ""a"", ""tu""]}, {""rule_source"": ""azwADyAyI"", ""rule"": ""1.4.13"", ""result"": [""pra"", """", ""pra"", """", ""BU"", ""a"", ""tu""]}, {""rule_source"": ""azwADyAyI"", ""rule"": ""7.3.84"", ""result"": [""pra"", """", ""pra"", """", ""Bo"", ""a"", ""tu""]}, {""rule_source"": ""azwADyAyI"", ""rule"": ""1.4.17"", ""result"": [""pra"", """", ""pra"", """", ""Bo"", ""a"", ""tu""]}, {""rule_source"": ""azwADyAyI"", ""rule"": ""1.4.14"", ""result"": [""pra"", """", ""pra"", """", ""Bo"", ""a"", ""tu""]}, {""rule_source"": ""azwADyAyI"", ""rule"": ""1.4.14"", ""result"": [""pra"", """", ""pra"", """", ""Bo"", ""a"", ""tu""]}, {""rule_source"": ""azwADyAyI"", ""rule"": ""1.4.14"", ""result"": [""pra"", """", ""pra"", """", ""Bo"", ""a"", ""tu""]}, {""rule_source"": ""azwADyAyI"", ""rule"": ""6.1.78"", ""result"": [""pra"", """", ""pra"", """", ""Bav"", ""a"", ""tu""]}, {""rule_source"": ""azwADyAyI"", ""rule"": ""8.4.68"", ""result"": [""pra"", """", ""pra"", """", ""Bav"", ""a"", ""tu""]}]}], ""atmanepada"": []}"
two_upasarga:55b94962bf3288e1202b,two_upasarga,lan,लङ् (laṅ),imperfect past,Prathama,Eka,praprABavad;praprABavat,,praprABavad;praprABavat,2,locally_regenerated,"{""parasmaipada"": [{""form_slp1"": ""praprABavat"", ""steps"": [{""rule_source"": ""azwADyAyI"", ""rule"": ""1.3.1"", ""result"": [""BU""]}, {""rule_source"": ""azwADyAyI"", ""rule"": ""1.4.58"", ""result"": [""pra"", ""BU""]}, {""rule_source"": ""azwADyAyI"", ""rule"": ""1.4.59"", ""result"": [""pra"", ""BU""]}, {""rule_source"": ""azwADyAyI"", ""rule"": ""1.4.60"", ""result"": [""pra"", ""BU""]}, {""rule_source"": ""azwADyAyI"", ""rule"": ""1.4.80"", ""result"": [""pra"", ""BU""]}, {""rule_source"": ""azwADyAyI"", ""rule"": ""1.4.58"", ""result"": [""pra"", """", ""pra"", ""BU""]}, {""rule_source"": ""azwADyAyI"", ""rule"": ""1.4.59"", ""result"": [""pra"", """", ""pra"", ""BU""]}, {""rule_source"": ""azwADyAyI"", ""rule"": ""1.4.60"", ""result"": [""pra"", """", ""pra"", ""BU""]}, {""rule_source"": ""azwADyAyI"", ""rule"": ""1.4.80"", ""result"": [""pra"", """", ""pra"", ""BU""]}, {""rule_source"": ""azwADyAyI"", ""rule"": ""3.2.111"", ""result"": [""pra"", """", ""pra"", """", ""BU"", ""laN""]}, {""rule_source"": ""azwADyAyI"", ""rule"": ""1.3.3"", ""result"": [""pra"", """", ""pra"", """", ""BU"", ""laN""]}, {""rule_source"": ""azwADyAyI"", ""rule"": ""1.3.9"", ""result"": [""pra"", """", ""pra"", """", ""BU"", ""la""]}, {""rule_source"": ""azwADyAyI"", ""rule"": ""1.3.78"", ""result"": [""pra"", """", ""pra"", """", ""BU"", ""la""]}, {""rule_source"": ""azwADyAyI"", ""rule"": ""3.4.78"", ""result"": [""pra"", """", ""pra"", """", ""BU"", ""tip""]}, {""rule_source"": ""azwADyAyI"", ""rule"": ""1.3.3"", ""result"": [""pra"", """", ""pra"", """", ""BU"", ""tip""]}, {""rule_source"": ""azwADyAyI"", ""rule"": ""1.3.9"", ""result"": [""pra"", """", ""pra"", """", ""BU"", ""ti""]}, {""rule_source"": ""azwADyAyI"", ""rule"": ""1.2.45"", ""result"": [""pra"", """", ""pra"", """", ""BU"", ""ti""]}, {""rule_source"": ""azwADyAyI"", ""rule"": ""1.2.45"", ""result"": [""pra"", """", ""pra"", """", ""BU"", ""ti""]}, {""rule_source"": ""azwADyAyI"", ""rule"": ""3.4.113"", ""result"": [""pra"", """", ""pra"", """", ""BU"", ""ti""]}, {""rule_source"": ""azwADyAyI"", ""rule"": ""1.1.43"", ""result"": [""pra"", """", ""pra"", """", ""BU"", ""ti""]}, {""rule_source"": ""azwADyAyI"", ""rule"": ""1.1.37"", ""result"": [""pra"", """", ""pra"", """", ""BU"", ""ti""]}, {""rule_source"": ""azwADyAyI"", ""rule"": ""1.1.37"", ""result"": [""pra"", """", ""pra"", """", ""BU"", ""ti""]}, {""rule_source"": ""azwADyAyI"", ""rule"": ""3.1.68"", ""result"": [""pra"", """", ""pra"", """", ""BU"", ""Sap"", ""ti""]}, {""rule_source"": ""azwADyAyI"", ""rule"": ""1.3.3"", ""result"": [""pra"", """", ""pra"", """", ""BU"", ""Sap"", ""ti""]}, {""rule_source"": ""azwADyAyI"", ""rule"": ""1.3.8"", ""result"": [""pra"", """", ""pra"", """", ""BU"", ""Sap"", ""ti""]}, {""rule_source"": ""azwADyAyI"", ""rule"": ""1.3.9"", ""result"": [""pra"", """", ""pra"", """", ""BU"", ""a"", ""ti""]}, {""rule_source"": ""azwADyAyI"", ""rule"": ""3.4.113"", ""result"": [""pra"", """", ""pra"", """", ""BU"", ""a"", ""ti""]}, {""rule_source"": ""azwADyAyI"", ""rule"": ""1.1.43"", ""result"": [""pra"", """", ""pra"", """", ""BU"", ""a"", ""ti""]}, {""rule_source"": ""azwADyAyI"", ""rule"": ""1.1.37"", ""result"": [""pra"", """", ""pra"", """", ""BU"", ""a"", ""ti""]}, {""rule_source"": ""azwADyAyI"", ""rule"": ""1.1.37"", ""result"": [""pra"", """", ""pra"", """", ""BU"", ""a"", ""ti""]}, {""rule_source"": ""azwADyAyI"", ""rule"": ""3.4.100"", ""result"": [""pra"", """", ""pra"", """", ""BU"", ""a"", ""t""]}, {""rule_source"": ""azwADyAyI"", ""rule"": ""1.4.13"", ""result"": [""pra"", """", ""pra"", """", ""BU"", ""a"", ""t""]}, {""rule_source"": ""azwADyAyI"", ""rule"": ""6.4.71"", ""result"": [""pra"", """", ""pra"", """", ""aw"", ""BU"", ""a"", ""t""]}, {""rule_source"": ""azwADyAyI"", ""rule"": ""1.3.3"", ""result"": [""pra"", """", ""pra"", """", ""aw"", ""BU"", ""a"", ""t""]}, {""rule_source"": ""azwADyAyI"", ""rule"": ""1.3.9"", ""result"": [""pra"", """", ""pra"", """", ""a"", ""BU"", ""a"", ""t""]}, {""rule_source"": ""azwADyAyI"", ""rule"": ""7.3.84"", ""result"": [""pra"", """", ""pra"", """", ""a"", ""Bo"", ""a"", ""t""]}, {""rule_source"": ""azwADyAyI"", ""rule"": ""1.4.17"", ""result"": [""pra"", """", ""pra"", """", ""a"", ""Bo"", ""a"", ""t""]}, {""rule_source"": ""azwADyAyI"", ""rule"": ""1.4.14"", ""result"": [""pra"", """", ""pra"", """", ""a"", ""Bo"", ""a"", ""t""]}, {""rule_source"": ""azwADyAyI"", ""rule"": ""1.4.14"", ""result"": [""pra"", """", ""pra"", """", ""a"", ""Bo"", ""a"", ""t""]}, {""rule_source"": ""azwADyAyI"", ""rule"": ""1.4.14"", ""result"": [""pra"", """", ""pra"", """", ""a"", ""Bo"", ""a"", ""t""]}, {""rule_source"": ""azwADyAyI"", ""rule"": ""6.1.101"", ""result"": [""pra"", """", ""prA"", """", """", ""Bo"", ""a"", ""t""]}, {""rule_source"": ""azwADyAyI"", ""rule"": ""6.1.78"", ""result"": [""pra"", """", ""prA"", """", """", ""Bav"", ""a"", ""t""]}, {""rule_source"": ""azwADyAyI"", ""rule"": ""8.2.39"", ""result"": [""pra"", """", ""prA"", """", """", ""Bav"", ""a"", ""d""]}, {""rule_source"": ""azwADyAyI"", ""rule"": ""8.4.56"", ""result"": [""pra"", """", ""prA"", """", """", ""Bav"", ""a"", ""t""]}, {""rule_source"": ""azwADyAyI"", ""rule"": ""8.4.68"", ""result"": [""pra"", """", ""prA"", """", """", ""Bav"", ""a"", ""t""]}]}, {""form_slp1"": ""praprABavad"", ""steps"": [{""rule_source"": ""azwADyAyI"", ""rule"": ""1.3.1"", ""result"": [""BU""]}, {""rule_source"": ""azwADyAyI"", ""rule"": ""1.4.58"", ""result"": [""pra"", ""BU""]}, {""rule_source"": ""azwADyAyI"", ""rule"": ""1.4.59"", ""result"": [""pra"", ""BU""]}, {""rule_source"": ""azwADyAyI"", ""rule"": ""1.4.60"", ""result"": [""pra"", ""BU""]}, {""rule_source"": ""azwADyAyI"", ""rule"": ""1.4.80"", ""result"": [""pra"", ""BU""]}, {""rule_source"": ""azwADyAyI"", ""rule"": ""1.4.58"", ""result"": [""pra"", """", ""pra"", ""BU""]}, {""rule_source"": ""azwADyAyI"", ""rule"": ""1.4.59"", ""result"": [""pra"", """", ""pra"", ""BU""]}, {""rule_source"": ""azwADyAyI"", ""rule"": ""1.4.60"", ""result"": [""pra"", """", ""pra"", ""BU""]}, {""rule_source"": ""azwADyAyI"", ""rule"": ""1.4.80"", ""result"": [""pra"", """", ""pra"", ""BU""]}, {""rule_source"": ""azwADyAyI"", ""rule"": ""3.2.111"", ""result"": [""pra"", """", ""pra"", """", ""BU"", ""laN""]}, {""rule_source"": ""azwADyAyI"", ""rule"": ""1.3.3"", ""result"": [""pra"", """", ""pra"", """", ""BU"", ""laN""]}, {""rule_source"": ""azwADyAyI"", ""rule"": ""1.3.9"", ""result"": [""pra"", """", ""pra"", """", ""BU"", ""la""]}, {""rule_source"": ""azwADyAyI"", ""rule"": ""1.3.78"", ""result"": [""pra"", """", ""pra"", """", ""BU"", ""la""]}, {""rule_source"": ""azwADyAyI"", ""rule"": ""3.4.78"", ""result"": [""pra"", """", ""pra"", """", ""BU"", ""tip""]}, {""rule_source"": ""azwADyAyI"", ""rule"": ""1.3.3"", ""result"": [""pra"", """", ""pra"", """", ""BU"", ""tip""]}, {""rule_source"": ""azwADyAyI"", ""rule"": ""1.3.9"", ""result"": [""pra"", """", ""pra"", """", ""BU"", ""ti""]}, {""rule_source"": ""azwADyAyI"", ""rule"": ""1.2.45"", ""result"": [""pra"", """", ""pra"", """", ""BU"", ""ti""]}, {""rule_source"": ""azwADyAyI"", ""rule"": ""1.2.45"", ""result"": [""pra"", """", ""pra"", """", ""BU"", ""ti""]}, {""rule_source"": ""azwADyAyI"", ""rule"": ""3.4.113"", ""result"": [""pra"", """", ""pra"", """", ""BU"", ""ti""]}, {""rule_source"": ""azwADyAyI"", ""rule"": ""1.1.43"", ""result"": [""pra"", """", ""pra"", """", ""BU"", ""ti""]}, {""rule_source"": ""azwADyAyI"", ""rule"": ""1.1.37"", ""result"": [""pra"", """", ""pra"", """", ""BU"", ""ti""]}, {""rule_source"": ""azwADyAyI"", ""rule"": ""1.1.37"", ""result"": [""pra"", """", ""pra"", """", ""BU"", ""ti""]}, {""rule_source"": ""azwADyAyI"", ""rule"": ""3.1.68"", ""result"": [""pra"", """", ""pra"", """", ""BU"", ""Sap"", ""ti""]}, {""rule_source"": ""azwADyAyI"", ""rule"": ""1.3.3"", ""result"": [""pra"", """", ""pra"", """", ""BU"", ""Sap"", ""ti""]}, {""rule_source"": ""azwADyAyI"", ""rule"": ""1.3.8"", ""result"": [""pra"", """", ""pra"", """", ""BU"", ""Sap"", ""ti""]}, {""rule_source"": ""azwADyAyI"", ""rule"": ""1.3.9"", ""result"": [""pra"", """", ""pra"", """", ""BU"", ""a"", ""ti""]}, {""rule_source"": ""azwADyAyI"", ""rule"": ""3.4.113"", ""result"": [""pra"", """", ""pra"", """", ""BU"", ""a"", ""ti""]}, {""rule_source"": ""azwADyAyI"", ""rule"": ""1.1.43"", ""result"": [""pra"", """", ""pra"", """", ""BU"", ""a"", ""ti""]}, {""rule_source"": ""azwADyAyI"", ""rule"": ""1.1.37"", ""result"": [""pra"", """", ""pra"", """", ""BU"", ""a"", ""ti""]}, {""rule_source"": ""azwADyAyI"", ""rule"": ""1.1.37"", ""result"": [""pra"", """", ""pra"", """", ""BU"", ""a"", ""ti""]}, {""rule_source"": ""azwADyAyI"", ""rule"": ""3.4.100"", ""result"": [""pra"", """", ""pra"", """", ""BU"", ""a"", ""t""]}, {""rule_source"": ""azwADyAyI"", ""rule"": ""1.4.13"", ""result"": [""pra"", """", ""pra"", """", ""BU"", ""a"", ""t""]}, {""rule_source"": ""azwADyAyI"", ""rule"": ""6.4.71"", ""result"": [""pra"", """", ""pra"", """", ""aw"", ""BU"", ""a"", ""t""]}, {""rule_source"": ""azwADyAyI"", ""rule"": ""1.3.3"", ""result"": [""pra"", """", ""pra"", """", ""aw"", ""BU"", ""a"", ""t""]}, {""rule_source"": ""azwADyAyI"", ""rule"": ""1.3.9"", ""result"": [""pra"", """", ""pra"", """", ""a"", ""BU"", ""a"", ""t""]}, {""rule_source"": ""azwADyAyI"", ""rule"": ""7.3.84"", ""result"": [""pra"", """", ""pra"", """", ""a"", ""Bo"", ""a"", ""t""]}, {""rule_source"": ""azwADyAyI"", ""rule"": ""1.4.17"", ""result"": [""pra"", """", ""pra"", """", ""a"", ""Bo"", ""a"", ""t""]}, {""rule_source"": ""azwADyAyI"", ""rule"": ""1.4.14"", ""result"": [""pra"", """", ""pra"", """", ""a"", ""Bo"", ""a"", ""t""]}, {""rule_source"": ""azwADyAyI"", ""rule"": ""1.4.14"", ""result"": [""pra"", """", ""pra"", """", ""a"", ""Bo"", ""a"", ""t""]}, {""rule_source"": ""azwADyAyI"", ""rule"": ""1.4.14"", ""result"": [""pra"", """", ""pra"", """", ""a"", ""Bo"", ""a"", ""t""]}, {""rule_source"": ""azwADyAyI"", ""rule"": ""6.1.101"", ""result"": [""pra"", """", ""prA"", """", """", ""Bo"", ""a"", ""t""]}, {""rule_source"": ""azwADyAyI"", ""rule"": ""6.1.78"", ""result"": [""pra"", """", ""prA"", """", """", ""Bav"", ""a"", ""t""]}, {""rule_source"": ""azwADyAyI"", ""rule"": ""8.2.39"", ""result"": [""pra"", """", ""prA"", """", """", ""Bav"", ""a"", ""d""]}, {""rule_source"": ""azwADyAyI"", ""rule"": ""8.4.68"", ""result"": [""pra"", """", ""prA"", """", """", ""Bav"", ""a"", ""d""]}]}], ""atmanepada"": []}"
two_upasarga:55b94962bf3288e1202b,two_upasarga,vidhilin,विधिलिङ् (vidhiliṅ),"possibility, prescription, or intention",Prathama,Eka,prapraBaved;prapraBavet,,prapraBaved;prapraBavet,2,locally_regenerated,"{""parasmaipada"": [{""form_slp1"": ""prapraBavet"", ""steps"": [{""rule_source"": ""azwADyAyI"", ""rule"": ""1.3.1"", ""result"": [""BU""]}, {""rule_source"": ""azwADyAyI"", ""rule"": ""1.4.58"", ""result"": [""pra"", ""BU""]}, {""rule_source"": ""azwADyAyI"", ""rule"": ""1.4.59"", ""result"": [""pra"", ""BU""]}, {""rule_source"": ""azwADyAyI"", ""rule"": ""1.4.60"", ""result"": [""pra"", ""BU""]}, {""rule_source"": ""azwADyAyI"", ""rule"": ""1.4.80"", ""result"": [""pra"", ""BU""]}, {""rule_source"": ""azwADyAyI"", ""rule"": ""1.4.58"", ""result"": [""pra"", """", ""pra"", ""BU""]}, {""rule_source"": ""azwADyAyI"", ""rule"": ""1.4.59"", ""result"": [""pra"", """", ""pra"", ""BU""]}, {""rule_source"": ""azwADyAyI"", ""rule"": ""1.4.60"", ""result"": [""pra"", """", ""pra"", ""BU""]}, {""rule_source"": ""azwADyAyI"", ""rule"": ""1.4.80"", ""result"": [""pra"", """", ""pra"", ""BU""]}, {""rule_source"": ""azwADyAyI"", ""rule"": ""3.3.161"", ""result"": [""pra"", """", ""pra"", """", ""BU"", ""li~N""]}, {""rule_source"": ""azwADyAyI"", ""rule"": ""1.3.2"", ""result"": [""pra"", """", ""pra"", """", ""BU"", ""li~N""]}, {""rule_source"": ""azwADyAyI"", ""rule"": ""1.3.3"", ""result"": [""pra"", """", ""pra"", """", ""BU"", ""li~N""]}, {""rule_source"": ""azwADyAyI"", ""rule"": ""1.3.9"", ""result"": [""pra"", """", ""pra"", """", ""BU"", ""l""]}, {""rule_source"": ""azwADyAyI"", ""rule"": ""1.3.78"", ""result"": [""pra"", """", ""pra"", """", ""BU"", ""l""]}, {""rule_source"": ""azwADyAyI"", ""rule"": ""3.4.78"", ""result"": [""pra"", """", ""pra"", """", ""BU"", ""tip""]}, {""rule_source"": ""azwADyAyI"", ""rule"": ""1.3.3"", ""result"": [""pra"", """", ""pra"", """", ""BU"", ""tip""]}, {""rule_source"": ""azwADyAyI"", ""rule"": ""1.3.9"", ""result"": [""pra"", """", ""pra"", """", ""BU"", ""ti""]}, {""rule_source"": ""azwADyAyI"", ""rule"": ""1.2.45"", ""result"": [""pra"", """", ""pra"", """", ""BU"", ""ti""]}, {""rule_source"": ""azwADyAyI"", ""rule"": ""1.2.45"", ""result"": [""pra"", """", ""pra"", """", ""BU"", ""ti""]}, {""rule_source"": ""azwADyAyI"", ""rule"": ""3.4.113"", ""result"": [""pra"", """", ""pra"", """", ""BU"", ""ti""]}, {""rule_source"": ""azwADyAyI"", ""rule"": ""1.1.43"", ""result"": [""pra"", """", ""pra"", """", ""BU"", ""ti""]}, {""rule_source"": ""azwADyAyI"", ""rule"": ""1.1.37"", ""result"": [""pra"", """", ""pra"", """", ""BU"", ""ti""]}, {""rule_source"": ""azwADyAyI"", ""rule"": ""1.1.37"", ""result"": [""pra"", """", ""pra"", """", ""BU"", ""ti""]}, {""rule_source"": ""azwADyAyI"", ""rule"": ""3.1.68"", ""result"": [""pra"", """", ""pra"", """", ""BU"", ""Sap"", ""ti""]}, {""rule_source"": ""azwADyAyI"", ""rule"": ""1.3.3"", ""result"": [""pra"", """", ""pra"", """", ""BU"", ""Sap"", ""ti""]}, {""rule_source"": ""azwADyAyI"", ""rule"": ""1.3.8"", ""result"": [""pra"", """", ""pra"", """", ""BU"", ""Sap"", ""ti""]}, {""rule_source"": ""azwADyAyI"", ""rule"": ""1.3.9"", ""result"": [""pra"", """", ""pra"", """", ""BU"", ""a"", ""ti""]}, {""rule_source"": ""azwADyAyI"", ""rule"": ""3.4.113"", ""result"": [""pra"", """", ""pra"", """", ""BU"", ""a"", ""ti""]}, {""rule_source"": ""azwADyAyI"", ""rule"": ""1.1.43"", ""result"": [""pra"", """", ""pra"", """", ""BU"", ""a"", ""ti""]}, {""rule_source"": ""azwADyAyI"", ""rule"": ""1.1.37"", ""result"": [""pra"", """", ""pra"", """", ""BU"", ""a"", ""ti""]}, {""rule_source"": ""azwADyAyI"", ""rule"": ""1.1.37"", ""result"": [""pra"", """", ""pra"", """", ""BU"", ""a"", ""ti""]}, {""rule_source"": ""azwADyAyI"", ""rule"": ""3.4.100"", ""result"": [""pra"", """", ""pra"", """", ""BU"", ""a"", ""t""]}, {""rule_source"": ""azwADyAyI"", ""rule"": ""3.4.103"", ""result"": [""pra"", """", ""pra"", """", ""BU"", ""a"", ""yAsu~w"", ""t""]}, {""rule_source"": ""azwADyAyI"", ""rule"": ""1.3.2"", ""result"": [""pra"", """", ""pra"", """", ""BU"", ""a"", ""yAsu~w"", ""t""]}, {""rule_source"": ""azwADyAyI"", ""rule"": ""1.3.3"", ""result"": [""pra"", """", ""pra"", """", ""BU"", ""a"", ""yAsu~w"", ""t""]}, {""rule_source"": ""azwADyAyI"", ""rule"": ""1.3.9"", ""result"": [""pra"", """", ""pra"", """", ""BU"", ""a"", ""yAs"", ""t""]}, {""rule_source"": ""azwADyAyI"", ""rule"": ""3.4.107"", ""result"": [""pra"", """", ""pra"", """", ""BU"", ""a"", ""yAs"", ""st""]}, {""rule_source"": ""azwADyAyI"", ""rule"": ""1.4.13"", ""result"": [""pra"", """", ""pra"", """", ""BU"", ""a"", ""yAs"", ""st""]}, {""rule_source"": ""azwADyAyI"", ""rule"": ""7.2.79"", ""result"": [""pra"", """", ""pra"", """", ""BU"", ""a"", ""yA"", ""t""]}, {""rule_source"": ""azwADyAyI"", ""rule"": ""7.2.80"", ""result"": [""pra"", """", ""pra"", """", ""BU"", ""a"", ""iy"", ""t""]}, {""rule_source"": ""azwADyAyI"", ""rule"": ""6.1.66"", ""result"": [""pra"", """", ""pra"", """", ""BU"", ""a"", ""i"", ""t""]}, {""rule_source"": ""azwADyAyI"", ""rule"": ""7.3.84"", ""result"": [""pra"", """", ""pra"", """", ""Bo"", ""a"", ""i"", ""t""]}, {""rule_source"": ""azwADyAyI"", ""rule"": ""1.4.17"", ""result"": [""pra"", """", ""pra"", """", ""Bo"", ""a"", ""i"", ""t""]}, {""rule_source"": ""azwADyAyI"", ""rule"": ""1.4.14"", ""result"": [""pra"", """", ""pra"", """", ""Bo"", ""a"", ""i"", ""t""]}, {""rule_source"": ""azwADyAyI"", ""rule"": ""1.4.14"", ""result"": [""pra"", """", ""pra"", """", ""Bo"", ""a"", ""i"", ""t""]}, {""rule_source"": ""azwADyAyI"", ""rule"": ""1.4.14"", ""result"": [""pra"", """", ""pra"", """", ""Bo"", ""a"", ""i"", ""t""]}, {""rule_source"": ""azwADyAyI"", ""rule"": ""6.1.78"", ""result"": [""pra"", """", ""pra"", """", ""Bav"", ""a"", ""i"", ""t""]}, {""rule_source"": ""azwADyAyI"", ""rule"": ""6.1.87"", ""result"": [""pra"", """", ""pra"", """", ""Bav"", """", ""e"", ""t""]}, {""rule_source"": ""azwADyAyI"", ""rule"": ""8.2.39"", ""result"": [""pra"", """", ""pra"", """", ""Bav"", """", ""e"", ""d""]}, {""rule_source"": ""azwADyAyI"", ""rule"": ""8.4.56"", ""result"": [""pra"", """", ""pra"", """", ""Bav"", """", ""e"", ""t""]}, {""rule_source"": ""azwADyAyI"", ""rule"": ""8.4.68"", ""result"": [""pra"", """", ""pra"", """", ""Bav"", """", ""e"", ""t""]}]}, {""form_slp1"": ""prapraBaved"", ""steps"": [{""rule_source"": ""azwADyAyI"", ""rule"": ""1.3.1"", ""result"": [""BU""]}, {""rule_source"": ""azwADyAyI"", ""rule"": ""1.4.58"", ""result"": [""pra"", ""BU""]}, {""rule_source"": ""azwADyAyI"", ""rule"": ""1.4.59"", ""result"": [""pra"", ""BU""]}, {""rule_source"": ""azwADyAyI"", ""rule"": ""1.4.60"", ""result"": [""pra"", ""BU""]}, {""rule_source"": ""azwADyAyI"", ""rule"": ""1.4.80"", ""result"": [""pra"", ""BU""]}, {""rule_source"": ""azwADyAyI"", ""rule"": ""1.4.58"", ""result"": [""pra"", """", ""pra"", ""BU""]}, {""rule_source"": ""azwADyAyI"", ""rule"": ""1.4.59"", ""result"": [""pra"", """", ""pra"", ""BU""]}, {""rule_source"": ""azwADyAyI"", ""rule"": ""1.4.60"", ""result"": [""pra"", """", ""pra"", ""BU""]}, {""rule_source"": ""azwADyAyI"", ""rule"": ""1.4.80"", ""result"": [""pra"", """", ""pra"", ""BU""]}, {""rule_source"": ""azwADyAyI"", ""rule"": ""3.3.161"", ""result"": [""pra"", """", ""pra"", """", ""BU"", ""li~N""]}, {""rule_source"": ""azwADyAyI"", ""rule"": ""1.3.2"", ""result"": [""pra"", """", ""pra"", """", ""BU"", ""li~N""]}, {""rule_source"": ""azwADyAyI"", ""rule"": ""1.3.3"", ""result"": [""pra"", """", ""pra"", """", ""BU"", ""li~N""]}, {""rule_source"": ""azwADyAyI"", ""rule"": ""1.3.9"", ""result"": [""pra"", """", ""pra"", """", ""BU"", ""l""]}, {""rule_source"": ""azwADyAyI"", ""rule"": ""1.3.78"", ""result"": [""pra"", """", ""pra"", """", ""BU"", ""l""]}, {""rule_source"": ""azwADyAyI"", ""rule"": ""3.4.78"", ""result"": [""pra"", """", ""pra"", """", ""BU"", ""tip""]}, {""rule_source"": ""azwADyAyI"", ""rule"": ""1.3.3"", ""result"": [""pra"", """", ""pra"", """", ""BU"", ""tip""]}, {""rule_source"": ""azwADyAyI"", ""rule"": ""1.3.9"", ""result"": [""pra"", """", ""pra"", """", ""BU"", ""ti""]}, {""rule_source"": ""azwADyAyI"", ""rule"": ""1.2.45"", ""result"": [""pra"", """", ""pra"", """", ""BU"", ""ti""]}, {""rule_source"": ""azwADyAyI"", ""rule"": ""1.2.45"", ""result"": [""pra"", """", ""pra"", """", ""BU"", ""ti""]}, {""rule_source"": ""azwADyAyI"", ""rule"": ""3.4.113"", ""result"": [""pra"", """", ""pra"", """", ""BU"", ""ti""]}, {""rule_source"": ""azwADyAyI"", ""rule"": ""1.1.43"", ""result"": [""pra"", """", ""pra"", """", ""BU"", ""ti""]}, {""rule_source"": ""azwADyAyI"", ""rule"": ""1.1.37"", ""result"": [""pra"", """", ""pra"", """", ""BU"", ""ti""]}, {""rule_source"": ""azwADyAyI"", ""rule"": ""1.1.37"", ""result"": [""pra"", """", ""pra"", """", ""BU"", ""ti""]}, {""rule_source"": ""azwADyAyI"", ""rule"": ""3.1.68"", ""result"": [""pra"", """", ""pra"", """", ""BU"", ""Sap"", ""ti""]}, {""rule_source"": ""azwADyAyI"", ""rule"": ""1.3.3"", ""result"": [""pra"", """", ""pra"", """", ""BU"", ""Sap"", ""ti""]}, {""rule_source"": ""azwADyAyI"", ""rule"": ""1.3.8"", ""result"": [""pra"", """", ""pra"", """", ""BU"", ""Sap"", ""ti""]}, {""rule_source"": ""azwADyAyI"", ""rule"": ""1.3.9"", ""result"": [""pra"", """", ""pra"", """", ""BU"", ""a"", ""ti""]}, {""rule_source"": ""azwADyAyI"", ""rule"": ""3.4.113"", ""result"": [""pra"", """", ""pra"", """", ""BU"", ""a"", ""ti""]}, {""rule_source"": ""azwADyAyI"", ""rule"": ""1.1.43"", ""result"": [""pra"", """", ""pra"", """", ""BU"", ""a"", ""ti""]}, {""rule_source"": ""azwADyAyI"", ""rule"": ""1.1.37"", ""result"": [""pra"", """", ""pra"", """", ""BU"", ""a"", ""ti""]}, {""rule_source"": ""azwADyAyI"", ""rule"": ""1.1.37"", ""result"": [""pra"", """", ""pra"", """", ""BU"", ""a"", ""ti""]}, {""rule_source"": ""azwADyAyI"", ""rule"": ""3.4.100"", ""result"": [""pra"", """", ""pra"", """", ""BU"", ""a"", ""t""]}, {""rule_source"": ""azwADyAyI"", ""rule"": ""3.4.103"", ""result"": [""pra"", """", ""pra"", """", ""BU"", ""a"", ""yAsu~w"", ""t""]}, {""rule_source"": ""azwADyAyI"", ""rule"": ""1.3.2"", ""result"": [""pra"", """", ""pra"", """", ""BU"", ""a"", ""yAsu~w"", ""t""]}, {""rule_source"": ""azwADyAyI"", ""rule"": ""1.3.3"", ""result"": [""pra"", """", ""pra"", """", ""BU"", ""a"", ""yAsu~w"", ""t""]}, {""rule_source"": ""azwADyAyI"", ""rule"": ""1.3.9"", ""result"": [""pra"", """", ""pra"", """", ""BU"", ""a"", ""yAs"", ""t""]}, {""rule_source"": ""azwADyAyI"", ""rule"": ""3.4.107"", ""result"": [""pra"", """", ""pra"", """", ""BU"", ""a"", ""yAs"", ""st""]}, {""rule_source"": ""azwADyAyI"", ""rule"": ""1.4.13"", ""result"": [""pra"", """", ""pra"", """", ""BU"", ""a"", ""yAs"", ""st""]}, {""rule_source"": ""azwADyAyI"", ""rule"": ""7.2.79"", ""result"": [""pra"", """", ""pra"", """", ""BU"", ""a"", ""yA"", ""t""]}, {""rule_source"": ""azwADyAyI"", ""rule"": ""7.2.80"", ""result"": [""pra"", """", ""pra"", """", ""BU"", ""a"", ""iy"", ""t""]}, {""rule_source"": ""azwADyAyI"", ""rule"": ""6.1.66"", ""result"": [""pra"", """", ""pra"", """", ""BU"", ""a"", ""i"", ""t""]}, {""rule_source"": ""azwADyAyI"", ""rule"": ""7.3.84"", ""result"": [""pra"", """", ""pra"", """", ""Bo"", ""a"", ""i"", ""t""]}, {""rule_source"": ""azwADyAyI"", ""rule"": ""1.4.17"", ""result"": [""pra"", """", ""pra"", """", ""Bo"", ""a"", ""i"", ""t""]}, {""rule_source"": ""azwADyAyI"", ""rule"": ""1.4.14"", ""result"": [""pra"", """", ""pra"", """", ""Bo"", ""a"", ""i"", ""t""]}, {""rule_source"": ""azwADyAyI"", ""rule"": ""1.4.14"", ""result"": [""pra"", """", ""pra"", """", ""Bo"", ""a"", ""i"", ""t""]}, {""rule_source"": ""azwADyAyI"", ""rule"": ""1.4.14"", ""result"": [""pra"", """", ""pra"", """", ""Bo"", ""a"", ""i"", ""t""]}, {""rule_source"": ""azwADyAyI"", ""rule"": ""6.1.78"", ""result"": [""pra"", """", ""pra"", """", ""Bav"", ""a"", ""i"", ""t""]}, {""rule_source"": ""azwADyAyI"", ""rule"": ""6.1.87"", ""result"": [""pra"", """", ""pra"", """", ""Bav"", """", ""e"", ""t""]}, {""rule_source"": ""azwADyAyI"", ""rule"": ""8.2.39"", ""result"": [""pra"", """", ""pra"", """", ""Bav"", """", ""e"", ""d""]}, {""rule_source"": ""azwADyAyI"", ""rule"": ""8.4.68"", ""result"": [""pra"", """", ""pra"", """", ""Bav"", """", ""e"", ""d""]}]}], ""atmanepada"": []}"
two_upasarga:55b94962bf3288e1202b,two_upasarga,ashirlin,आशीर्लिङ् (āśīrliṅ),blessing or wish,Prathama,Eka,prapraBUyAd;prapraBUyAt,,prapraBUyAd;prapraBUyAt,2,locally_regenerated,"{""parasmaipada"": [{""form_slp1"": ""prapraBUyAt"", ""steps"": [{""rule_source"": ""azwADyAyI"", ""rule"": ""1.3.1"", ""result"": [""BU""]}, {""rule_source"": ""azwADyAyI"", ""rule"": ""1.4.58"", ""result"": [""pra"", ""BU""]}, {""rule_source"": ""azwADyAyI"", ""rule"": ""1.4.59"", ""result"": [""pra"", ""BU""]}, {""rule_source"": ""azwADyAyI"", ""rule"": ""1.4.60"", ""result"": [""pra"", ""BU""]}, {""rule_source"": ""azwADyAyI"", ""rule"": ""1.4.80"", ""result"": [""pra"", ""BU""]}, {""rule_source"": ""azwADyAyI"", ""rule"": ""1.4.58"", ""result"": [""pra"", """", ""pra"", ""BU""]}, {""rule_source"": ""azwADyAyI"", ""rule"": ""1.4.59"", ""result"": [""pra"", """", ""pra"", ""BU""]}, {""rule_source"": ""azwADyAyI"", ""rule"": ""1.4.60"", ""result"": [""pra"", """", ""pra"", ""BU""]}, {""rule_source"": ""azwADyAyI"", ""rule"": ""1.4.80"", ""result"": [""pra"", """", ""pra"", ""BU""]}, {""rule_source"": ""azwADyAyI"", ""rule"": ""3.3.173"", ""result"": [""pra"", """", ""pra"", """", ""BU"", ""li~N""]}, {""rule_source"": ""azwADyAyI"", ""rule"": ""1.3.2"", ""result"": [""pra"", """", ""pra"", """", ""BU"", ""li~N""]}, {""rule_source"": ""azwADyAyI"", ""rule"": ""1.3.3"", ""result"": [""pra"", """", ""pra"", """", ""BU"", ""li~N""]}, {""rule_source"": ""azwADyAyI"", ""rule"": ""1.3.9"", ""result"": [""pra"", """", ""pra"", """", ""BU"", ""l""]}, {""rule_source"": ""azwADyAyI"", ""rule"": ""1.3.78"", ""result"": [""pra"", """", ""pra"", """", ""BU"", ""l""]}, {""rule_source"": ""azwADyAyI"", ""rule"": ""3.4.78"", ""result"": [""pra"", """", ""pra"", """", ""BU"", ""tip""]}, {""rule_source"": ""azwADyAyI"", ""rule"": ""1.3.3"", ""result"": [""pra"", """", ""pra"", """", ""BU"", ""tip""]}, {""rule_source"": ""azwADyAyI"", ""rule"": ""1.3.9"", ""result"": [""pra"", """", ""pra"", """", ""BU"", ""ti""]}, {""rule_source"": ""azwADyAyI"", ""rule"": ""1.2.45"", ""result"": [""pra"", """", ""pra"", """", ""BU"", ""ti""]}, {""rule_source"": ""azwADyAyI"", ""rule"": ""1.2.45"", ""result"": [""pra"", """", ""pra"", """", ""BU"", ""ti""]}, {""rule_source"": ""azwADyAyI"", ""rule"": ""3.4.116"", ""result"": [""pra"", """", ""pra"", """", ""BU"", ""ti""]}, {""rule_source"": ""azwADyAyI"", ""rule"": ""1.1.43"", ""result"": [""pra"", """", ""pra"", """", ""BU"", ""ti""]}, {""rule_source"": ""azwADyAyI"", ""rule"": ""1.1.37"", ""result"": [""pra"", """", ""pra"", """", ""BU"", ""ti""]}, {""rule_source"": ""azwADyAyI"", ""rule"": ""1.1.37"", ""result"": [""pra"", """", ""pra"", """", ""BU"", ""ti""]}, {""rule_source"": ""azwADyAyI"", ""rule"": ""3.4.100"", ""result"": [""pra"", """", ""pra"", """", ""BU"", ""t""]}, {""rule_source"": ""azwADyAyI"", ""rule"": ""3.4.104"", ""result"": [""pra"", """", ""pra"", """", ""BU"", ""yAsu~w"", ""t""]}, {""rule_source"": ""azwADyAyI"", ""rule"": ""1.3.2"", ""result"": [""pra"", """", ""pra"", """", ""BU"", ""yAsu~w"", ""t""]}, {""rule_source"": ""azwADyAyI"", ""rule"": ""1.3.3"", ""result"": [""pra"", """", ""pra"", """", ""BU"", ""yAsu~w"", ""t""]}, {""rule_source"": ""azwADyAyI"", ""rule"": ""1.3.9"", ""result"": [""pra"", """", ""pra"", """", ""BU"", ""yAs"", ""t""]}, {""rule_source"": ""azwADyAyI"", ""rule"": ""3.4.107"", ""result"": [""pra"", """", ""pra"", """", ""BU"", ""yAs"", ""st""]}, {""rule_source"": ""azwADyAyI"", ""rule"": ""3.4.116"", ""result"": [""pra"", """", ""pra"", """", ""BU"", ""yAs"", ""st""]}, {""rule_source"": ""azwADyAyI"", ""rule"": ""1.1.43"", ""result"": [""pra"", """", ""pra"", """", ""BU"", ""yAs"", ""st""]}, {""rule_source"": ""azwADyAyI"", ""rule"": ""1.1.37"", ""result"": [""pra"", """", ""pra"", """", ""BU"", ""yAs"", ""st""]}, {""rule_source"": ""azwADyAyI"", ""rule"": ""1.1.37"", ""result"": [""pra"", """", ""pra"", """", ""BU"", ""yAs"", ""st""]}, {""rule_source"": ""azwADyAyI"", ""rule"": ""1.4.13"", ""result"": [""pra"", """", ""pra"", """", ""BU"", ""yAs"", ""st""]}, {""rule_source"": ""azwADyAyI"", ""rule"": ""1.1.5"", ""result"": [""pra"", """", ""pra"", """", ""BU"", ""yAs"", ""st""]}, {""rule_source"": ""azwADyAyI"", ""rule"": ""7.4.25"", ""result"": [""pra"", """", ""pra"", """", ""BU"", ""yAs"", ""st""]}, {""rule_source"": ""azwADyAyI"", ""rule"": ""1.4.17"", ""result"": [""pra"", """", ""pra"", """", ""BU"", ""yAs"", ""st""]}, {""rule_source"": ""azwADyAyI"", ""rule"": ""1.4.14"", ""result"": [""pra"", """", ""pra"", """", ""BU"", ""yAs"", ""st""]}, {""rule_source"": ""azwADyAyI"", ""rule"": ""1.4.14"", ""result"": [""pra"", """", ""pra"", """", ""BU"", ""yAs"", ""st""]}, {""rule_source"": ""azwADyAyI"", ""rule"": ""1.4.14"", ""result"": [""pra"", """", ""pra"", """", ""BU"", ""yAs"", ""st""]}, {""rule_source"": ""azwADyAyI"", ""rule"": ""8.2.29"", ""result"": [""pra"", """", ""pra"", """", ""BU"", ""yA"", ""st""]}, {""rule_source"": ""azwADyAyI"", ""rule"": ""8.2.29"", ""result"": [""pra"", """", ""pra"", """", ""BU"", ""yA"", ""t""]}, {""rule_source"": ""azwADyAyI"", ""rule"": ""8.2.39"", ""result"": [""pra"", """", ""pra"", """", ""BU"", ""yA"", ""d""]}, {""rule_source"": ""azwADyAyI"", ""rule"": ""8.4.56"", ""result"": [""pra"", """", ""pra"", """", ""BU"", ""yA"", ""t""]}, {""rule_source"": ""azwADyAyI"", ""rule"": ""8.4.68"", ""result"": [""pra"", """", ""pra"", """", ""BU"", ""yA"", ""t""]}]}, {""form_slp1"": ""prapraBUyAd"", ""steps"": [{""rule_source"": ""azwADyAyI"", ""rule"": ""1.3.1"", ""result"": [""BU""]}, {""rule_source"": ""azwADyAyI"", ""rule"": ""1.4.58"", ""result"": [""pra"", ""BU""]}, {""rule_source"": ""azwADyAyI"", ""rule"": ""1.4.59"", ""result"": [""pra"", ""BU""]}, {""rule_source"": ""azwADyAyI"", ""rule"": ""1.4.60"", ""result"": [""pra"", ""BU""]}, {""rule_source"": ""azwADyAyI"", ""rule"": ""1.4.80"", ""result"": [""pra"", ""BU""]}, {""rule_source"": ""azwADyAyI"", ""rule"": ""1.4.58"", ""result"": [""pra"", """", ""pra"", ""BU""]}, {""rule_source"": ""azwADyAyI"", ""rule"": ""1.4.59"", ""result"": [""pra"", """", ""pra"", ""BU""]}, {""rule_source"": ""azwADyAyI"", ""rule"": ""1.4.60"", ""result"": [""pra"", """", ""pra"", ""BU""]}, {""rule_source"": ""azwADyAyI"", ""rule"": ""1.4.80"", ""result"": [""pra"", """", ""pra"", ""BU""]}, {""rule_source"": ""azwADyAyI"", ""rule"": ""3.3.173"", ""result"": [""pra"", """", ""pra"", """", ""BU"", ""li~N""]}, {""rule_source"": ""azwADyAyI"", ""rule"": ""1.3.2"", ""result"": [""pra"", """", ""pra"", """", ""BU"", ""li~N""]}, {""rule_source"": ""azwADyAyI"", ""rule"": ""1.3.3"", ""result"": [""pra"", """", ""pra"", """", ""BU"", ""li~N""]}, {""rule_source"": ""azwADyAyI"", ""rule"": ""1.3.9"", ""result"": [""pra"", """", ""pra"", """", ""BU"", ""l""]}, {""rule_source"": ""azwADyAyI"", ""rule"": ""1.3.78"", ""result"": [""pra"", """", ""pra"", """", ""BU"", ""l""]}, {""rule_source"": ""azwADyAyI"", ""rule"": ""3.4.78"", ""result"": [""pra"", """", ""pra"", """", ""BU"", ""tip""]}, {""rule_source"": ""azwADyAyI"", ""rule"": ""1.3.3"", ""result"": [""pra"", """", ""pra"", """", ""BU"", ""tip""]}, {""rule_source"": ""azwADyAyI"", ""rule"": ""1.3.9"", ""result"": [""pra"", """", ""pra"", """", ""BU"", ""ti""]}, {""rule_source"": ""azwADyAyI"", ""rule"": ""1.2.45"", ""result"": [""pra"", """", ""pra"", """", ""BU"", ""ti""]}, {""rule_source"": ""azwADyAyI"", ""rule"": ""1.2.45"", ""result"": [""pra"", """", ""pra"", """", ""BU"", ""ti""]}, {""rule_source"": ""azwADyAyI"", ""rule"": ""3.4.116"", ""result"": [""pra"", """", ""pra"", """", ""BU"", ""ti""]}, {""rule_source"": ""azwADyAyI"", ""rule"": ""1.1.43"", ""result"": [""pra"", """", ""pra"", """", ""BU"", ""ti""]}, {""rule_source"": ""azwADyAyI"", ""rule"": ""1.1.37"", ""result"": [""pra"", """", ""pra"", """", ""BU"", ""ti""]}, {""rule_source"": ""azwADyAyI"", ""rule"": ""1.1.37"", ""result"": [""pra"", """", ""pra"", """", ""BU"", ""ti""]}, {""rule_source"": ""azwADyAyI"", ""rule"": ""3.4.100"", ""result"": [""pra"", """", ""pra"", """", ""BU"", ""t""]}, {""rule_source"": ""azwADyAyI"", ""rule"": ""3.4.104"", ""result"": [""pra"", """", ""pra"", """", ""BU"", ""yAsu~w"", ""t""]}, {""rule_source"": ""azwADyAyI"", ""rule"": ""1.3.2"", ""result"": [""pra"", """", ""pra"", """", ""BU"", ""yAsu~w"", ""t""]}, {""rule_source"": ""azwADyAyI"", ""rule"": ""1.3.3"", ""result"": [""pra"", """", ""pra"", """", ""BU"", ""yAsu~w"", ""t""]}, {""rule_source"": ""azwADyAyI"", ""rule"": ""1.3.9"", ""result"": [""pra"", """", ""pra"", """", ""BU"", ""yAs"", ""t""]}, {""rule_source"": ""azwADyAyI"", ""rule"": ""3.4.107"", ""result"": [""pra"", """", ""pra"", """", ""BU"", ""yAs"", ""st""]}, {""rule_source"": ""azwADyAyI"", ""rule"": ""3.4.116"", ""result"": [""pra"", """", ""pra"", """", ""BU"", ""yAs"", ""st""]}, {""rule_source"": ""azwADyAyI"", ""rule"": ""1.1.43"", ""result"": [""pra"", """", ""pra"", """", ""BU"", ""yAs"", ""st""]}, {""rule_source"": ""azwADyAyI"", ""rule"": ""1.1.37"", ""result"": [""pra"", """", ""pra"", """", ""BU"", ""yAs"", ""st""]}, {""rule_source"": ""azwADyAyI"", ""rule"": ""1.1.37"", ""result"": [""pra"", """", ""pra"", """", ""BU"", ""yAs"", ""st""]}, {""rule_source"": ""azwADyAyI"", ""rule"": ""1.4.13"", ""result"": [""pra"", """", ""pra"", """", ""BU"", ""yAs"", ""st""]}, {""rule_source"": ""azwADyAyI"", ""rule"": ""1.1.5"", ""result"": [""pra"", """", ""pra"", """", ""BU"", ""yAs"", ""st""]}, {""rule_source"": ""azwADyAyI"", ""rule"": ""7.4.25"", ""result"": [""pra"", """", ""pra"", """", ""BU"", ""yAs"", ""st""]}, {""rule_source"": ""azwADyAyI"", ""rule"": ""1.4.17"", ""result"": [""pra"", """", ""pra"", """", ""BU"", ""yAs"", ""st""]}, {""rule_source"": ""azwADyAyI"", ""rule"": ""1.4.14"", ""result"": [""pra"", """", ""pra"", """", ""BU"", ""yAs"", ""st""]}, {""rule_source"": ""azwADyAyI"", ""rule"": ""1.4.14"", ""result"": [""pra"", """", ""pra"", """", ""BU"", ""yAs"", ""st""]}, {""rule_source"": ""azwADyAyI"", ""rule"": ""1.4.14"", ""result"": [""pra"", """", ""pra"", """", ""BU"", ""yAs"", ""st""]}, {""rule_source"": ""azwADyAyI"", ""rule"": ""8.2.29"", ""result"": [""pra"", """", ""pra"", """", ""BU"", ""yA"", ""st""]}, {""rule_source"": ""azwADyAyI"", ""rule"": ""8.2.29"", ""result"": [""pra"", """", ""pra"", """", ""BU"", ""yA"", ""t""]}, {""rule_source"": ""azwADyAyI"", ""rule"": ""8.2.39"", ""result"": [""pra"", """", ""pra"", """", ""BU"", ""yA"", ""d""]}, {""rule_source"": ""azwADyAyI"", ""rule"": ""8.4.68"", ""result"": [""pra"", """", ""pra"", """", ""BU"", ""yA"", ""d""]}]}], ""atmanepada"": []}"
two_upasarga:55b94962bf3288e1202b,two_upasarga,lun,लुङ् (luṅ),aorist past,Prathama,Eka,praprABUd;praprABUt,,praprABUd;praprABUt,2,locally_regenerated,"{""parasmaipada"": [{""form_slp1"": ""praprABUt"", ""steps"": [{""rule_source"": ""azwADyAyI"", ""rule"": ""1.3.1"", ""result"": [""BU""]}, {""rule_source"": ""azwADyAyI"", ""rule"": ""1.4.58"", ""result"": [""pra"", ""BU""]}, {""rule_source"": ""azwADyAyI"", ""rule"": ""1.4.59"", ""result"": [""pra"", ""BU""]}, {""rule_source"": ""azwADyAyI"", ""rule"": ""1.4.60"", ""result"": [""pra"", ""BU""]}, {""rule_source"": ""azwADyAyI"", ""rule"": ""1.4.80"", ""result"": [""pra"", ""BU""]}, {""rule_source"": ""azwADyAyI"", ""rule"": ""1.4.58"", ""result"": [""pra"", """", ""pra"", ""BU""]}, {""rule_source"": ""azwADyAyI"", ""rule"": ""1.4.59"", ""result"": [""pra"", """", ""pra"", ""BU""]}, {""rule_source"": ""azwADyAyI"", ""rule"": ""1.4.60"", ""result"": [""pra"", """", ""pra"", ""BU""]}, {""rule_source"": ""azwADyAyI"", ""rule"": ""1.4.80"", ""result"": [""pra"", """", ""pra"", ""BU""]}, {""rule_source"": ""azwADyAyI"", ""rule"": ""3.2.110"", ""result"": [""pra"", """", ""pra"", """", ""BU"", ""lu~N""]}, {""rule_source"": ""azwADyAyI"", ""rule"": ""1.3.2"", ""result"": [""pra"", """", ""pra"", """", ""BU"", ""lu~N""]}, {""rule_source"": ""azwADyAyI"", ""rule"": ""1.3.3"", ""result"": [""pra"", """", ""pra"", """", ""BU"", ""lu~N""]}, {""rule_source"": ""azwADyAyI"", ""rule"": ""1.3.9"", ""result"": [""pra"", """", ""pra"", """", ""BU"", ""l""]}, {""rule_source"": ""azwADyAyI"", ""rule"": ""1.3.78"", ""result"": [""pra"", """", ""pra"", """", ""BU"", ""l""]}, {""rule_source"": ""azwADyAyI"", ""rule"": ""3.4.78"", ""result"": [""pra"", """", ""pra"", """", ""BU"", ""tip""]}, {""rule_source"": ""azwADyAyI"", ""rule"": ""1.3.3"", ""result"": [""pra"", """", ""pra"", """", ""BU"", ""tip""]}, {""rule_source"": ""azwADyAyI"", ""rule"": ""1.3.9"", ""result"": [""pra"", """", ""pra"", """", ""BU"", ""ti""]}, {""rule_source"": ""azwADyAyI"", ""rule"": ""1.2.45"", ""result"": [""pra"", """", ""pra"", """", ""BU"", ""ti""]}, {""rule_source"": ""azwADyAyI"", ""rule"": ""1.2.45"", ""result"": [""pra"", """", ""pra"", """", ""BU"", ""ti""]}, {""rule_source"": ""azwADyAyI"", ""rule"": ""3.4.113"", ""result"": [""pra"", """", ""pra"", """", ""BU"", ""ti""]}, {""rule_source"": ""azwADyAyI"", ""rule"": ""1.1.43"", ""result"": [""pra"", """", ""pra"", """", ""BU"", ""ti""]}, {""rule_source"": ""azwADyAyI"", ""rule"": ""1.1.37"", ""result"": [""pra"", """", ""pra"", """", ""BU"", ""ti""]}, {""rule_source"": ""azwADyAyI"", ""rule"": ""1.1.37"", ""result"": [""pra"", """", ""pra"", """", ""BU"", ""ti""]}, {""rule_source"": ""azwADyAyI"", ""rule"": ""3.1.43"", ""result"": [""pra"", """", ""pra"", """", ""BU"", ""cli~"", ""ti""]}, {""rule_source"": ""azwADyAyI"", ""rule"": ""3.1.44"", ""result"": [""pra"", """", ""pra"", """", ""BU"", ""si~c"", ""ti""]}, {""rule_source"": ""azwADyAyI"", ""rule"": ""2.4.77"", ""result"": [""pra"", """", ""pra"", """", ""BU"", """", ""ti""]}, {""rule_source"": ""azwADyAyI"", ""rule"": ""1.1.43"", ""result"": [""pra"", """", ""pra"", """", ""BU"", """", ""ti""]}, {""rule_source"": ""azwADyAyI"", ""rule"": ""1.1.37"", ""result"": [""pra"", """", ""pra"", """", ""BU"", """", ""ti""]}, {""rule_source"": ""azwADyAyI"", ""rule"": ""1.1.37"", ""result"": [""pra"", """", ""pra"", """", ""BU"", """", ""ti""]}, {""rule_source"": ""azwADyAyI"", ""rule"": ""3.4.100"", ""result"": [""pra"", """", ""pra"", """", ""BU"", """", ""t""]}, {""rule_source"": ""azwADyAyI"", ""rule"": ""1.4.13"", ""result"": [""pra"", """", ""pra"", """", ""BU"", """", ""t""]}, {""rule_source"": ""azwADyAyI"", ""rule"": ""6.4.71"", ""result"": [""pra"", """", ""pra"", """", ""aw"", ""BU"", """", ""t""]}, {""rule_source"": ""azwADyAyI"", ""rule"": ""1.3.3"", ""result"": [""pra"", """", ""pra"", """", ""aw"", ""BU"", """", ""t""]}, {""rule_source"": ""azwADyAyI"", ""rule"": ""1.3.9"", ""result"": [""pra"", """", ""pra"", """", ""a"", ""BU"", """", ""t""]}, {""rule_source"": ""azwADyAyI"", ""rule"": ""6.4.88"", ""result"": [""pra"", """", ""pra"", """", ""a"", ""BU"", ""vu~k"", """", ""t""]}, {""rule_source"": ""azwADyAyI"", ""rule"": ""1.3.2"", ""result"": [""pra"", """", ""pra"", """", ""a"", ""BU"", ""vu~k"", """", ""t""]}, {""rule_source"": ""azwADyAyI"", ""rule"": ""1.3.3"", ""result"": [""pra"", """", ""pra"", """", ""a"", ""BU"", ""vu~k"", """", ""t""]}, {""rule_source"": ""azwADyAyI"", ""rule"": ""1.3.9"", ""result"": [""pra"", """", ""pra"", """", ""a"", ""BU"", ""v"", """", ""t""]}, {""rule_source"": ""azwADyAyI"", ""rule"": ""6.1.66"", ""result"": [""pra"", """", ""pra"", """", ""a"", ""BU"", """", """", ""t""]}, {""rule_source"": ""azwADyAyI"", ""rule"": ""1.4.17"", ""result"": [""pra"", """", ""pra"", """", ""a"", ""BU"", """", """", ""t""]}, {""rule_source"": ""azwADyAyI"", ""rule"": ""1.4.14"", ""result"": [""pra"", """", ""pra"", """", ""a"", ""BU"", """", """", ""t""]}, {""rule_source"": ""azwADyAyI"", ""rule"": ""1.4.14"", ""result"": [""pra"", """", ""pra"", """", ""a"", ""BU"", """", """", ""t""]}, {""rule_source"": ""azwADyAyI"", ""rule"": ""1.4.14"", ""result"": [""pra"", """", ""pra"", """", ""a"", ""BU"", """", """", ""t""]}, {""rule_source"": ""azwADyAyI"", ""rule"": ""6.1.101"", ""result"": [""pra"", """", ""prA"", """", """", ""BU"", """", """", ""t""]}, {""rule_source"": ""azwADyAyI"", ""rule"": ""8.2.39"", ""result"": [""pra"", """", ""prA"", """", """", ""BU"", """", """", ""d""]}, {""rule_source"": ""azwADyAyI"", ""rule"": ""8.4.56"", ""result"": [""pra"", """", ""prA"", """", """", ""BU"", """", """", ""t""]}, {""rule_source"": ""azwADyAyI"", ""rule"": ""8.4.68"", ""result"": [""pra"", """", ""prA"", """", """", ""BU"", """", """", ""t""]}]}, {""form_slp1"": ""praprABUd"", ""steps"": [{""rule_source"": ""azwADyAyI"", ""rule"": ""1.3.1"", ""result"": [""BU""]}, {""rule_source"": ""azwADyAyI"", ""rule"": ""1.4.58"", ""result"": [""pra"", ""BU""]}, {""rule_source"": ""azwADyAyI"", ""rule"": ""1.4.59"", ""result"": [""pra"", ""BU""]}, {""rule_source"": ""azwADyAyI"", ""rule"": ""1.4.60"", ""result"": [""pra"", ""BU""]}, {""rule_source"": ""azwADyAyI"", ""rule"": ""1.4.80"", ""result"": [""pra"", ""BU""]}, {""rule_source"": ""azwADyAyI"", ""rule"": ""1.4.58"", ""result"": [""pra"", """", ""pra"", ""BU""]}, {""rule_source"": ""azwADyAyI"", ""rule"": ""1.4.59"", ""result"": [""pra"", """", ""pra"", ""BU""]}, {""rule_source"": ""azwADyAyI"", ""rule"": ""1.4.60"", ""result"": [""pra"", """", ""pra"", ""BU""]}, {""rule_source"": ""azwADyAyI"", ""rule"": ""1.4.80"", ""result"": [""pra"", """", ""pra"", ""BU""]}, {""rule_source"": ""azwADyAyI"", ""rule"": ""3.2.110"", ""result"": [""pra"", """", ""pra"", """", ""BU"", ""lu~N""]}, {""rule_source"": ""azwADyAyI"", ""rule"": ""1.3.2"", ""result"": [""pra"", """", ""pra"", """", ""BU"", ""lu~N""]}, {""rule_source"": ""azwADyAyI"", ""rule"": ""1.3.3"", ""result"": [""pra"", """", ""pra"", """", ""BU"", ""lu~N""]}, {""rule_source"": ""azwADyAyI"", ""rule"": ""1.3.9"", ""result"": [""pra"", """", ""pra"", """", ""BU"", ""l""]}, {""rule_source"": ""azwADyAyI"", ""rule"": ""1.3.78"", ""result"": [""pra"", """", ""pra"", """", ""BU"", ""l""]}, {""rule_source"": ""azwADyAyI"", ""rule"": ""3.4.78"", ""result"": [""pra"", """", ""pra"", """", ""BU"", ""tip""]}, {""rule_source"": ""azwADyAyI"", ""rule"": ""1.3.3"", ""result"": [""pra"", """", ""pra"", """", ""BU"", ""tip""]}, {""rule_source"": ""azwADyAyI"", ""rule"": ""1.3.9"", ""result"": [""pra"", """", ""pra"", """", ""BU"", ""ti""]}, {""rule_source"": ""azwADyAyI"", ""rule"": ""1.2.45"", ""result"": [""pra"", """", ""pra"", """", ""BU"", ""ti""]}, {""rule_source"": ""azwADyAyI"", ""rule"": ""1.2.45"", ""result"": [""pra"", """", ""pra"", """", ""BU"", ""ti""]}, {""rule_source"": ""azwADyAyI"", ""rule"": ""3.4.113"", ""result"": [""pra"", """", ""pra"", """", ""BU"", ""ti""]}, {""rule_source"": ""azwADyAyI"", ""rule"": ""1.1.43"", ""result"": [""pra"", """", ""pra"", """", ""BU"", ""ti""]}, {""rule_source"": ""azwADyAyI"", ""rule"": ""1.1.37"", ""result"": [""pra"", """", ""pra"", """", ""BU"", ""ti""]}, {""rule_source"": ""azwADyAyI"", ""rule"": ""1.1.37"", ""result"": [""pra"", """", ""pra"", """", ""BU"", ""ti""]}, {""rule_source"": ""azwADyAyI"", ""rule"": ""3.1.43"", ""result"": [""pra"", """", ""pra"", """", ""BU"", ""cli~"", ""ti""]}, {""rule_source"": ""azwADyAyI"", ""rule"": ""3.1.44"", ""result"": [""pra"", """", ""pra"", """", ""BU"", ""si~c"", ""ti""]}, {""rule_source"": ""azwADyAyI"", ""rule"": ""2.4.77"", ""result"": [""pra"", """", ""pra"", """", ""BU"", """", ""ti""]}, {""rule_source"": ""azwADyAyI"", ""rule"": ""1.1.43"", ""result"": [""pra"", """", ""pra"", """", ""BU"", """", ""ti""]}, {""rule_source"": ""azwADyAyI"", ""rule"": ""1.1.37"", ""result"": [""pra"", """", ""pra"", """", ""BU"", """", ""ti""]}, {""rule_source"": ""azwADyAyI"", ""rule"": ""1.1.37"", ""result"": [""pra"", """", ""pra"", """", ""BU"", """", ""ti""]}, {""rule_source"": ""azwADyAyI"", ""rule"": ""3.4.100"", ""result"": [""pra"", """", ""pra"", """", ""BU"", """", ""t""]}, {""rule_source"": ""azwADyAyI"", ""rule"": ""1.4.13"", ""result"": [""pra"", """", ""pra"", """", ""BU"", """", ""t""]}, {""rule_source"": ""azwADyAyI"", ""rule"": ""6.4.71"", ""result"": [""pra"", """", ""pra"", """", ""aw"", ""BU"", """", ""t""]}, {""rule_source"": ""azwADyAyI"", ""rule"": ""1.3.3"", ""result"": [""pra"", """", ""pra"", """", ""aw"", ""BU"", """", ""t""]}, {""rule_source"": ""azwADyAyI"", ""rule"": ""1.3.9"", ""result"": [""pra"", """", ""pra"", """", ""a"", ""BU"", """", ""t""]}, {""rule_source"": ""azwADyAyI"", ""rule"": ""6.4.88"", ""result"": [""pra"", """", ""pra"", """", ""a"", ""BU"", ""vu~k"", """", ""t""]}, {""rule_source"": ""azwADyAyI"", ""rule"": ""1.3.2"", ""result"": [""pra"", """", ""pra"", """", ""a"", ""BU"", ""vu~k"", """", ""t""]}, {""rule_source"": ""azwADyAyI"", ""rule"": ""1.3.3"", ""result"": [""pra"", """", ""pra"", """", ""a"", ""BU"", ""vu~k"", """", ""t""]}, {""rule_source"": ""azwADyAyI"", ""rule"": ""1.3.9"", ""result"": [""pra"", """", ""pra"", """", ""a"", ""BU"", ""v"", """", ""t""]}, {""rule_source"": ""azwADyAyI"", ""rule"": ""6.1.66"", ""result"": [""pra"", """", ""pra"", """", ""a"", ""BU"", """", """", ""t""]}, {""rule_source"": ""azwADyAyI"", ""rule"": ""1.4.17"", ""result"": [""pra"", """", ""pra"", """", ""a"", ""BU"", """", """", ""t""]}, {""rule_source"": ""azwADyAyI"", ""rule"": ""1.4.14"", ""result"": [""pra"", """", ""pra"", """", ""a"", ""BU"", """", """", ""t""]}, {""rule_source"": ""azwADyAyI"", ""rule"": ""1.4.14"", ""result"": [""pra"", """", ""pra"", """", ""a"", ""BU"", """", """", ""t""]}, {""rule_source"": ""azwADyAyI"", ""rule"": ""1.4.14"", ""result"": [""pra"", """", ""pra"", """", ""a"", ""BU"", """", """", ""t""]}, {""rule_source"": ""azwADyAyI"", ""rule"": ""6.1.101"", ""result"": [""pra"", """", ""prA"", """", """", ""BU"", """", """", ""t""]}, {""rule_source"": ""azwADyAyI"", ""rule"": ""8.2.39"", ""result"": [""pra"", """", ""prA"", """", """", ""BU"", """", """", ""d""]}, {""rule_source"": ""azwADyAyI"", ""rule"": ""8.4.68"", ""result"": [""pra"", """", ""prA"", """", """", ""BU"", """", """", ""d""]}]}], ""atmanepada"": []}"
two_upasarga:55b94962bf3288e1202b,two_upasarga,lrn,लृङ् (lṛṅ),conditional,Prathama,Eka,praprABavizyad;praprABavizyat,,praprABavizyad;praprABavizyat,2,locally_regenerated,"{""parasmaipada"": [{""form_slp1"": ""praprABavizyat"", ""steps"": [{""rule_source"": ""azwADyAyI"", ""rule"": ""1.3.1"", ""result"": [""BU""]}, {""rule_source"": ""azwADyAyI"", ""rule"": ""1.4.58"", ""result"": [""pra"", ""BU""]}, {""rule_source"": ""azwADyAyI"", ""rule"": ""1.4.59"", ""result"": [""pra"", ""BU""]}, {""rule_source"": ""azwADyAyI"", ""rule"": ""1.4.60"", ""result"": [""pra"", ""BU""]}, {""rule_source"": ""azwADyAyI"", ""rule"": ""1.4.80"", ""result"": [""pra"", ""BU""]}, {""rule_source"": ""azwADyAyI"", ""rule"": ""1.4.58"", ""result"": [""pra"", """", ""pra"", ""BU""]}, {""rule_source"": ""azwADyAyI"", ""rule"": ""1.4.59"", ""result"": [""pra"", """", ""pra"", ""BU""]}, {""rule_source"": ""azwADyAyI"", ""rule"": ""1.4.60"", ""result"": [""pra"", """", ""pra"", ""BU""]}, {""rule_source"": ""azwADyAyI"", ""rule"": ""1.4.80"", ""result"": [""pra"", """", ""pra"", ""BU""]}, {""rule_source"": ""azwADyAyI"", ""rule"": ""3.3.139"", ""result"": [""pra"", """", ""pra"", """", ""BU"", ""lf~N""]}, {""rule_source"": ""azwADyAyI"", ""rule"": ""1.3.2"", ""result"": [""pra"", """", ""pra"", """", ""BU"", ""lf~N""]}, {""rule_source"": ""azwADyAyI"", ""rule"": ""1.3.3"", ""result"": [""pra"", """", ""pra"", """", ""BU"", ""lf~N""]}, {""rule_source"": ""azwADyAyI"", ""rule"": ""1.3.9"", ""result"": [""pra"", """", ""pra"", """", ""BU"", ""l""]}, {""rule_source"": ""azwADyAyI"", ""rule"": ""1.3.78"", ""result"": [""pra"", """", ""pra"", """", ""BU"", ""l""]}, {""rule_source"": ""azwADyAyI"", ""rule"": ""3.4.78"", ""result"": [""pra"", """", ""pra"", """", ""BU"", ""tip""]}, {""rule_source"": ""azwADyAyI"", ""rule"": ""1.3.3"", ""result"": [""pra"", """", ""pra"", """", ""BU"", ""tip""]}, {""rule_source"": ""azwADyAyI"", ""rule"": ""1.3.9"", ""result"": [""pra"", """", ""pra"", """", ""BU"", ""ti""]}, {""rule_source"": ""azwADyAyI"", ""rule"": ""1.2.45"", ""result"": [""pra"", """", ""pra"", """", ""BU"", ""ti""]}, {""rule_source"": ""azwADyAyI"", ""rule"": ""1.2.45"", ""result"": [""pra"", """", ""pra"", """", ""BU"", ""ti""]}, {""rule_source"": ""azwADyAyI"", ""rule"": ""3.4.113"", ""result"": [""pra"", """", ""pra"", """", ""BU"", ""ti""]}, {""rule_source"": ""azwADyAyI"", ""rule"": ""1.1.43"", ""result"": [""pra"", """", ""pra"", """", ""BU"", ""ti""]}, {""rule_source"": ""azwADyAyI"", ""rule"": ""1.1.37"", ""result"": [""pra"", """", ""pra"", """", ""BU"", ""ti""]}, {""rule_source"": ""azwADyAyI"", ""rule"": ""1.1.37"", ""result"": [""pra"", """", ""pra"", """", ""BU"", ""ti""]}, {""rule_source"": ""azwADyAyI"", ""rule"": ""3.1.33"", ""result"": [""pra"", """", ""pra"", """", ""BU"", ""sya"", ""ti""]}, {""rule_source"": ""azwADyAyI"", ""rule"": ""3.4.114"", ""result"": [""pra"", """", ""pra"", """", ""BU"", ""sya"", ""ti""]}, {""rule_source"": ""azwADyAyI"", ""rule"": ""1.1.43"", ""result"": [""pra"", """", ""pra"", """", ""BU"", ""sya"", ""ti""]}, {""rule_source"": ""azwADyAyI"", ""rule"": ""1.1.37"", ""result"": [""pra"", """", ""pra"", """", ""BU"", ""sya"", ""ti""]}, {""rule_source"": ""azwADyAyI"", ""rule"": ""1.1.37"", ""result"": [""pra"", """", ""pra"", """", ""BU"", ""sya"", ""ti""]}, {""rule_source"": ""azwADyAyI"", ""rule"": ""3.4.100"", ""result"": [""pra"", """", ""pra"", """", ""BU"", ""sya"", ""t""]}, {""rule_source"": ""azwADyAyI"", ""rule"": ""7.2.35"", ""result"": [""pra"", """", ""pra"", """", ""BU"", ""iw"", ""sya"", ""t""]}, {""rule_source"": ""azwADyAyI"", ""rule"": ""1.3.3"", ""result"": [""pra"", """", ""pra"", """", ""BU"", ""iw"", ""sya"", ""t""]}, {""rule_source"": ""azwADyAyI"", ""rule"": ""1.3.9"", ""result"": [""pra"", """", ""pra"", """", ""BU"", ""i"", ""sya"", ""t""]}, {""rule_source"": ""azwADyAyI"", ""rule"": ""1.4.13"", ""result"": [""pra"", """", ""pra"", """", ""BU"", ""i"", ""sya"", ""t""]}, {""rule_source"": ""azwADyAyI"", ""rule"": ""6.4.71"", ""result"": [""pra"", """", ""pra"", """", ""aw"", ""BU"", ""i"", ""sya"", ""t""]}, {""rule_source"": ""azwADyAyI"", ""rule"": ""1.3.3"", ""result"": [""pra"", """", ""pra"", """", ""aw"", ""BU"", ""i"", ""sya"", ""t""]}, {""rule_source"": ""azwADyAyI"", ""rule"": ""1.3.9"", ""result"": [""pra"", """", ""pra"", """", ""a"", ""BU"", ""i"", ""sya"", ""t""]}, {""rule_source"": ""azwADyAyI"", ""rule"": ""7.3.84"", ""result"": [""pra"", """", ""pra"", """", ""a"", ""Bo"", ""i"", ""sya"", ""t""]}, {""rule_source"": ""azwADyAyI"", ""rule"": ""1.4.17"", ""result"": [""pra"", """", ""pra"", """", ""a"", ""Bo"", ""i"", ""sya"", ""t""]}, {""rule_source"": ""azwADyAyI"", ""rule"": ""1.4.14"", ""result"": [""pra"", """", ""pra"", """", ""a"", ""Bo"", ""i"", ""sya"", ""t""]}, {""rule_source"": ""azwADyAyI"", ""rule"": ""1.4.14"", ""result"": [""pra"", """", ""pra"", """", ""a"", ""Bo"", ""i"", ""sya"", ""t""]}, {""rule_source"": ""azwADyAyI"", ""rule"": ""1.4.14"", ""result"": [""pra"", """", ""pra"", """", ""a"", ""Bo"", ""i"", ""sya"", ""t""]}, {""rule_source"": ""azwADyAyI"", ""rule"": ""6.1.101"", ""result"": [""pra"", """", ""prA"", """", """", ""Bo"", ""i"", ""sya"", ""t""]}, {""rule_source"": ""azwADyAyI"", ""rule"": ""6.1.78"", ""result"": [""pra"", """", ""prA"", """", """", ""Bav"", ""i"", ""sya"", ""t""]}, {""rule_source"": ""azwADyAyI"", ""rule"": ""8.2.39"", ""result"": [""pra"", """", ""prA"", """", """", ""Bav"", ""i"", ""sya"", ""d""]}, {""rule_source"": ""azwADyAyI"", ""rule"": ""8.3.59"", ""result"": [""pra"", """", ""prA"", """", """", ""Bav"", ""i"", ""zya"", ""d""]}, {""rule_source"": ""azwADyAyI"", ""rule"": ""8.4.56"", ""result"": [""pra"", """", ""prA"", """", """", ""Bav"", ""i"", ""zya"", ""t""]}, {""rule_source"": ""azwADyAyI"", ""rule"": ""8.4.68"", ""result"": [""pra"", """", ""prA"", """", """", ""Bav"", ""i"", ""zya"", ""t""]}]}, {""form_slp1"": ""praprABavizyad"", ""steps"": [{""rule_source"": ""azwADyAyI"", ""rule"": ""1.3.1"", ""result"": [""BU""]}, {""rule_source"": ""azwADyAyI"", ""rule"": ""1.4.58"", ""result"": [""pra"", ""BU""]}, {""rule_source"": ""azwADyAyI"", ""rule"": ""1.4.59"", ""result"": [""pra"", ""BU""]}, {""rule_source"": ""azwADyAyI"", ""rule"": ""1.4.60"", ""result"": [""pra"", ""BU""]}, {""rule_source"": ""azwADyAyI"", ""rule"": ""1.4.80"", ""result"": [""pra"", ""BU""]}, {""rule_source"": ""azwADyAyI"", ""rule"": ""1.4.58"", ""result"": [""pra"", """", ""pra"", ""BU""]}, {""rule_source"": ""azwADyAyI"", ""rule"": ""1.4.59"", ""result"": [""pra"", """", ""pra"", ""BU""]}, {""rule_source"": ""azwADyAyI"", ""rule"": ""1.4.60"", ""result"": [""pra"", """", ""pra"", ""BU""]}, {""rule_source"": ""azwADyAyI"", ""rule"": ""1.4.80"", ""result"": [""pra"", """", ""pra"", ""BU""]}, {""rule_source"": ""azwADyAyI"", ""rule"": ""3.3.139"", ""result"": [""pra"", """", ""pra"", """", ""BU"", ""lf~N""]}, {""rule_source"": ""azwADyAyI"", ""rule"": ""1.3.2"", ""result"": [""pra"", """", ""pra"", """", ""BU"", ""lf~N""]}, {""rule_source"": ""azwADyAyI"", ""rule"": ""1.3.3"", ""result"": [""pra"", """", ""pra"", """", ""BU"", ""lf~N""]}, {""rule_source"": ""azwADyAyI"", ""rule"": ""1.3.9"", ""result"": [""pra"", """", ""pra"", """", ""BU"", ""l""]}, {""rule_source"": ""azwADyAyI"", ""rule"": ""1.3.78"", ""result"": [""pra"", """", ""pra"", """", ""BU"", ""l""]}, {""rule_source"": ""azwADyAyI"", ""rule"": ""3.4.78"", ""result"": [""pra"", """", ""pra"", """", ""BU"", ""tip""]}, {""rule_source"": ""azwADyAyI"", ""rule"": ""1.3.3"", ""result"": [""pra"", """", ""pra"", """", ""BU"", ""tip""]}, {""rule_source"": ""azwADyAyI"", ""rule"": ""1.3.9"", ""result"": [""pra"", """", ""pra"", """", ""BU"", ""ti""]}, {""rule_source"": ""azwADyAyI"", ""rule"": ""1.2.45"", ""result"": [""pra"", """", ""pra"", """", ""BU"", ""ti""]}, {""rule_source"": ""azwADyAyI"", ""rule"": ""1.2.45"", ""result"": [""pra"", """", ""pra"", """", ""BU"", ""ti""]}, {""rule_source"": ""azwADyAyI"", ""rule"": ""3.4.113"", ""result"": [""pra"", """", ""pra"", """", ""BU"", ""ti""]}, {""rule_source"": ""azwADyAyI"", ""rule"": ""1.1.43"", ""result"": [""pra"", """", ""pra"", """", ""BU"", ""ti""]}, {""rule_source"": ""azwADyAyI"", ""rule"": ""1.1.37"", ""result"": [""pra"", """", ""pra"", """", ""BU"", ""ti""]}, {""rule_source"": ""azwADyAyI"", ""rule"": ""1.1.37"", ""result"": [""pra"", """", ""pra"", """", ""BU"", ""ti""]}, {""rule_source"": ""azwADyAyI"", ""rule"": ""3.1.33"", ""result"": [""pra"", """", ""pra"", """", ""BU"", ""sya"", ""ti""]}, {""rule_source"": ""azwADyAyI"", ""rule"": ""3.4.114"", ""result"": [""pra"", """", ""pra"", """", ""BU"", ""sya"", ""ti""]}, {""rule_source"": ""azwADyAyI"", ""rule"": ""1.1.43"", ""result"": [""pra"", """", ""pra"", """", ""BU"", ""sya"", ""ti""]}, {""rule_source"": ""azwADyAyI"", ""rule"": ""1.1.37"", ""result"": [""pra"", """", ""pra"", """", ""BU"", ""sya"", ""ti""]}, {""rule_source"": ""azwADyAyI"", ""rule"": ""1.1.37"", ""result"": [""pra"", """", ""pra"", """", ""BU"", ""sya"", ""ti""]}, {""rule_source"": ""azwADyAyI"", ""rule"": ""3.4.100"", ""result"": [""pra"", """", ""pra"", """", ""BU"", ""sya"", ""t""]}, {""rule_source"": ""azwADyAyI"", ""rule"": ""7.2.35"", ""result"": [""pra"", """", ""pra"", """", ""BU"", ""iw"", ""sya"", ""t""]}, {""rule_source"": ""azwADyAyI"", ""rule"": ""1.3.3"", ""result"": [""pra"", """", ""pra"", """", ""BU"", ""iw"", ""sya"", ""t""]}, {""rule_source"": ""azwADyAyI"", ""rule"": ""1.3.9"", ""result"": [""pra"", """", ""pra"", """", ""BU"", ""i"", ""sya"", ""t""]}, {""rule_source"": ""azwADyAyI"", ""rule"": ""1.4.13"", ""result"": [""pra"", """", ""pra"", """", ""BU"", ""i"", ""sya"", ""t""]}, {""rule_source"": ""azwADyAyI"", ""rule"": ""6.4.71"", ""result"": [""pra"", """", ""pra"", """", ""aw"", ""BU"", ""i"", ""sya"", ""t""]}, {""rule_source"": ""azwADyAyI"", ""rule"": ""1.3.3"", ""result"": [""pra"", """", ""pra"", """", ""aw"", ""BU"", ""i"", ""sya"", ""t""]}, {""rule_source"": ""azwADyAyI"", ""rule"": ""1.3.9"", ""result"": [""pra"", """", ""pra"", """", ""a"", ""BU"", ""i"", ""sya"", ""t""]}, {""rule_source"": ""azwADyAyI"", ""rule"": ""7.3.84"", ""result"": [""pra"", """", ""pra"", """", ""a"", ""Bo"", ""i"", ""sya"", ""t""]}, {""rule_source"": ""azwADyAyI"", ""rule"": ""1.4.17"", ""result"": [""pra"", """", ""pra"", """", ""a"", ""Bo"", ""i"", ""sya"", ""t""]}, {""rule_source"": ""azwADyAyI"", ""rule"": ""1.4.14"", ""result"": [""pra"", """", ""pra"", """", ""a"", ""Bo"", ""i"", ""sya"", ""t""]}, {""rule_source"": ""azwADyAyI"", ""rule"": ""1.4.14"", ""result"": [""pra"", """", ""pra"", """", ""a"", ""Bo"", ""i"", ""sya"", ""t""]}, {""rule_source"": ""azwADyAyI"", ""rule"": ""1.4.14"", ""result"": [""pra"", """", ""pra"", """", ""a"", ""Bo"", ""i"", ""sya"", ""t""]}, {""rule_source"": ""azwADyAyI"", ""rule"": ""6.1.101"", ""result"": [""pra"", """", ""prA"", """", """", ""Bo"", ""i"", ""sya"", ""t""]}, {""rule_source"": ""azwADyAyI"", ""rule"": ""6.1.78"", ""result"": [""pra"", """", ""prA"", """", """", ""Bav"", ""i"", ""sya"", ""t""]}, {""rule_source"": ""azwADyAyI"", ""rule"": ""8.2.39"", ""result"": [""pra"", """", ""prA"", """", """", ""Bav"", ""i"", ""sya"", ""d""]}, {""rule_source"": ""azwADyAyI"", ""rule"": ""8.3.59"", ""result"": [""pra"", """", ""prA"", """", """", ""Bav"", ""i"", ""zya"", ""d""]}, {""rule_source"": ""azwADyAyI"", ""rule"": ""8.4.68"", ""result"": [""pra"", """", ""prA"", """", """", ""Bav"", ""i"", ""zya"", ""d""]}]}], ""atmanepada"": []}"
namadhatu:53b29795f184979d0168,namadhatu,lat,लट् (laṭ),present,Prathama,Eka,BavanIyati,,BavanIyati,1,locally_regenerated,"{""parasmaipada"": [{""form_slp1"": ""BavanIyati"", ""steps"": [{""rule_source"": ""azwADyAyI"", ""rule"": ""3.1.8"", ""result"": [""Bavana"", """", ""kyac""]}, {""rule_source"": ""azwADyAyI"", ""rule"": ""3.1.32"", ""result"": [""Bavana"", """", ""kyac""]}, {""rule_source"": ""azwADyAyI"", ""rule"": ""1.3.3"", ""result"": [""Bavana"", """", ""kyac""]}, {""rule_source"": ""azwADyAyI"", ""rule"": ""1.3.8"", ""result"": [""Bavana"", """", ""kyac""]}, {""rule_source"": ""azwADyAyI"", ""rule"": ""1.3.9"", ""result"": [""Bavana"", """", ""ya""]}, {""rule_source"": ""azwADyAyI"", ""rule"": ""1.2.45"", ""result"": [""Bavana"", """", ""ya""]}, {""rule_source"": ""azwADyAyI"", ""rule"": ""1.1.43"", ""result"": [""Bavana"", """", ""ya""]}, {""rule_source"": ""azwADyAyI"", ""rule"": ""1.1.43"", ""result"": [""Bavana"", """", ""ya""]}, {""rule_source"": ""azwADyAyI"", ""rule"": ""1.4.13"", ""result"": [""Bavana"", """", ""ya""]}, {""rule_source"": ""azwADyAyI"", ""rule"": ""7.4.33"", ""result"": [""BavanI"", """", ""ya""]}, {""rule_source"": ""azwADyAyI"", ""rule"": ""1.4.15"", ""result"": [""BavanI"", """", ""ya""]}, {""rule_source"": ""azwADyAyI"", ""rule"": ""3.2.123"", ""result"": [""BavanI"", """", ""ya"", ""la~w""]}, {""rule_source"": ""azwADyAyI"", ""rule"": ""1.3.2"", ""result"": [""BavanI"", """", ""ya"", ""la~w""]}, {""rule_source"": ""azwADyAyI"", ""rule"": ""1.3.3"", ""result"": [""BavanI"", """", ""ya"", ""la~w""]}, {""rule_source"": ""azwADyAyI"", ""rule"": ""1.3.9"", ""result"": [""BavanI"", """", ""ya"", ""l""]}, {""rule_source"": ""azwADyAyI"", ""rule"": ""1.3.78"", ""result"": [""BavanI"", """", ""ya"", ""l""]}, {""rule_source"": ""azwADyAyI"", ""rule"": ""3.4.78"", ""result"": [""BavanI"", """", ""ya"", ""tip""]}, {""rule_source"": ""azwADyAyI"", ""rule"": ""1.3.3"", ""result"": [""BavanI"", """", ""ya"", ""tip""]}, {""rule_source"": ""azwADyAyI"", ""rule"": ""1.3.9"", ""result"": [""BavanI"", """", ""ya"", ""ti""]}, {""rule_source"": ""azwADyAyI"", ""rule"": ""3.4.113"", ""result"": [""BavanI"", """", ""ya"", ""ti""]}, {""rule_source"": ""azwADyAyI"", ""rule"": ""1.1.43"", ""result"": [""BavanI"", """", ""ya"", ""ti""]}, {""rule_source"": ""azwADyAyI"", ""rule"": ""3.1.68"", ""result"": [""BavanI"", """", ""ya"", ""Sap"", ""ti""]}, {""rule_source"": ""azwADyAyI"", ""rule"": ""1.3.3"", ""result"": [""BavanI"", """", ""ya"", ""Sap"", ""ti""]}, {""rule_source"": ""azwADyAyI"", ""rule"": ""1.3.8"", ""result"": [""BavanI"", """", ""ya"", ""Sap"", ""ti""]}, {""rule_source"": ""azwADyAyI"", ""rule"": ""1.3.9"", ""result"": [""BavanI"", """", ""ya"", ""a"", ""ti""]}, {""rule_source"": ""azwADyAyI"", ""rule"": ""3.4.113"", ""result"": [""BavanI"", """", ""ya"", ""a"", ""ti""]}, {""rule_source"": ""azwADyAyI"", ""rule"": ""1.1.43"", ""result"": [""BavanI"", """", ""ya"", ""a"", ""ti""]}, {""rule_source"": ""azwADyAyI"", ""rule"": ""1.4.13"", ""result"": [""BavanI"", """", ""ya"", ""a"", ""ti""]}, {""rule_source"": ""azwADyAyI"", ""rule"": ""7.4.25"", ""result"": [""BavanI"", """", ""ya"", ""a"", ""ti""]}, {""rule_source"": ""azwADyAyI"", ""rule"": ""1.4.15"", ""result"": [""BavanI"", """", ""ya"", ""a"", ""ti""]}, {""rule_source"": ""azwADyAyI"", ""rule"": ""1.4.14"", ""result"": [""BavanI"", """", ""ya"", ""a"", ""ti""]}, {""rule_source"": ""azwADyAyI"", ""rule"": ""6.1.97"", ""result"": [""BavanI"", """", ""y"", ""a"", ""ti""]}, {""rule_source"": ""azwADyAyI"", ""rule"": ""8.4.68"", ""result"": [""BavanI"", """", ""y"", ""a"", ""ti""]}]}], ""atmanepada"": []}"
namadhatu:53b29795f184979d0168,namadhatu,lit,लिट् (liṭ),perfect past,Prathama,Eka,BavanIyAYcakAra;BavanIyAmAsa;BavanIyAmbaBUva,,BavanIyAYcakAra;BavanIyAmAsa;BavanIyAmbaBUva,3,locally_regenerated,"{""parasmaipada"": [{""form_slp1"": ""BavanIyAmbaBUva"", ""steps"": [{""rule_source"": ""azwADyAyI"", ""rule"": ""3.1.8"", ""result"": [""Bavana"", """", ""kyac""]}, {""rule_source"": ""azwADyAyI"", ""rule"": ""3.1.32"", ""result"": [""Bavana"", """", ""kyac""]}, {""rule_source"": ""azwADyAyI"", ""rule"": ""1.3.3"", ""result"": [""Bavana"", """", ""kyac""]}, {""rule_source"": ""azwADyAyI"", ""rule"": ""1.3.8"", ""result"": [""Bavana"", """", ""kyac""]}, {""rule_source"": ""azwADyAyI"", ""rule"": ""1.3.9"", ""result"": [""Bavana"", """", ""ya""]}, {""rule_source"": ""azwADyAyI"", ""rule"": ""1.2.45"", ""result"": [""Bavana"", """", ""ya""]}, {""rule_source"": ""azwADyAyI"", ""rule"": ""1.1.43"", ""result"": [""Bavana"", """", ""ya""]}, {""rule_source"": ""azwADyAyI"", ""rule"": ""1.1.43"", ""result"": [""Bavana"", """", ""ya""]}, {""rule_source"": ""azwADyAyI"", ""rule"": ""1.4.13"", ""result"": [""Bavana"", """", ""ya""]}, {""rule_source"": ""azwADyAyI"", ""rule"": ""7.4.33"", ""result"": [""BavanI"", """", ""ya""]}, {""rule_source"": ""azwADyAyI"", ""rule"": ""1.4.15"", ""result"": [""BavanI"", """", ""ya""]}, {""rule_source"": ""azwADyAyI"", ""rule"": ""3.2.115"", ""result"": [""BavanI"", """", ""ya"", ""li~w""]}, {""rule_source"": ""azwADyAyI"", ""rule"": ""1.3.2"", ""result"": [""BavanI"", """", ""ya"", ""li~w""]}, {""rule_source"": ""azwADyAyI"", ""rule"": ""1.3.3"", ""result"": [""BavanI"", """", ""ya"", ""li~w""]}, {""rule_source"": ""azwADyAyI"", ""rule"": ""1.3.9"", ""result"": [""BavanI"", """", ""ya"", ""l""]}, {""rule_source"": ""azwADyAyI"", ""rule"": ""1.3.78"", ""result"": [""BavanI"", """", ""ya"", ""l""]}, {""rule_source"": ""azwADyAyI"", ""rule"": ""3.1.35"", ""result"": [""BavanI"", """", ""ya"", ""Am"", ""l""]}, {""rule_source"": ""azwADyAyI"", ""rule"": ""3.1.40:1"", ""result"": [""BavanI"", """", ""ya"", ""Am"", ""BU"", ""l""]}, {""rule_source"": ""azwADyAyI"", ""rule"": ""3.4.78"", ""result"": [""BavanI"", """", ""ya"", ""Am"", ""BU"", ""tip""]}, {""rule_source"": ""azwADyAyI"", ""rule"": ""1.3.3"", ""result"": [""BavanI"", """", ""ya"", ""Am"", ""BU"", ""tip""]}, {""rule_source"": ""azwADyAyI"", ""rule"": ""1.3.9"", ""result"": [""BavanI"", """", ""ya"", ""Am"", ""BU"", ""ti""]}, {""rule_source"": ""azwADyAyI"", ""rule"": ""3.4.114"", ""result"": [""BavanI"", """", ""ya"", ""Am"", ""BU"", ""ti""]}, {""rule_source"": ""azwADyAyI"", ""rule"": ""3.4.115"", ""result"": [""BavanI"", """", ""ya"", ""Am"", ""BU"", ""ti""]}, {""rule_source"": ""azwADyAyI"", ""rule"": ""1.1.43"", ""result"": [""BavanI"", """", ""ya"", ""Am"", ""BU"", ""ti""]}, {""rule_source"": ""azwADyAyI"", ""rule"": ""3.4.82"", ""result"": [""BavanI"", """", ""ya"", ""Am"", ""BU"", ""Ral""]}, {""rule_source"": ""azwADyAyI"", ""rule"": ""1.3.3"", ""result"": [""BavanI"", """", ""ya"", ""Am"", ""BU"", ""Ral""]}, {""rule_source"": ""azwADyAyI"", ""rule"": ""1.3.7"", ""result"": [""BavanI"", """", ""ya"", ""Am"", ""BU"", ""Ral""]}, {""rule_source"": ""azwADyAyI"", ""rule"": ""1.3.9"", ""result"": [""BavanI"", """", ""ya"", ""Am"", ""BU"", ""a""]}, {""rule_source"": ""azwADyAyI"", ""rule"": ""3.4.115"", ""result"": [""BavanI"", """", ""ya"", ""Am"", ""BU"", ""a""]}, {""rule_source"": ""azwADyAyI"", ""rule"": ""1.1.43"", ""result"": [""BavanI"", """", ""ya"", ""Am"", ""BU"", ""a""]}, {""rule_source"": ""azwADyAyI"", ""rule"": ""6.1.8"", ""result"": [""BavanI"", """", ""ya"", ""Am"", ""BU"", ""BU"", ""a""]}, {""rule_source"": ""azwADyAyI"", ""rule"": ""6.1.4"", ""result"": [""BavanI"", """", ""ya"", ""Am"", ""BU"", ""BU"", ""a""]}, {""rule_source"": ""azwADyAyI"", ""rule"": ""6.1.5"", ""result"": [""BavanI"", """", ""ya"", ""Am"", ""BU"", ""BU"", ""a""]}, {""rule_source"": ""azwADyAyI"", ""rule"": ""1.4.13"", ""result"": [""BavanI"", """", ""ya"", ""Am"", ""BU"", ""BU"", ""a""]}, {""rule_source"": ""azwADyAyI"", ""rule"": ""6.4.48"", ""result"": [""BavanI"", """", ""y"", ""Am"", ""BU"", ""BU"", ""a""]}, {""rule_source"": ""azwADyAyI"", ""rule"": ""6.4.88"", ""result"": [""BavanI"", """", ""y"", ""Am"", ""BU"", ""BU"", ""vu~k"", ""a""]}, {""rule_source"": ""azwADyAyI"", ""rule"": ""1.3.2"", ""result"": [""BavanI"", """", ""y"", ""Am"", ""BU"", ""BU"", ""vu~k"", ""a""]}, {""rule_source"": ""azwADyAyI"", ""rule"": ""1.3.3"", ""result"": [""BavanI"", """", ""y"", ""Am"", ""BU"", ""BU"", ""vu~k"", ""a""]}, {""rule_source"": ""azwADyAyI"", ""rule"": ""1.3.9"", ""result"": [""BavanI"", """", ""y"", ""Am"", ""BU"", ""BU"", ""v"", ""a""]}, {""rule_source"": ""azwADyAyI"", ""rule"": ""7.4.25"", ""result"": [""BavanI"", """", ""y"", ""Am"", ""BU"", ""BU"", ""v"", ""a""]}, {""rule_source"": ""azwADyAyI"", ""rule"": ""7.4.59"", ""result"": [""BavanI"", """", ""y"", ""Am"", ""Bu"", ""BU"", ""v"", ""a""]}, {""rule_source"": ""azwADyAyI"", ""rule"": ""7.4.73"", ""result"": [""BavanI"", """", ""y"", ""Am"", ""Ba"", ""BU"", ""v"", ""a""]}, {""rule_source"": ""azwADyAyI"", ""rule"": ""1.4.15"", ""result"": [""BavanI"", """", ""y"", ""Am"", ""Ba"", ""BU"", ""v"", ""a""]}, {""rule_source"": ""azwADyAyI"", ""rule"": ""1.4.14"", ""result"": [""BavanI"", """", ""y"", ""Am"", ""Ba"", ""BU"", ""v"", ""a""]}, {""rule_source"": ""azwADyAyI"", ""rule"": ""8.3.24"", ""result"": [""BavanI"", """", ""y"", ""AM"", ""Ba"", ""BU"", ""v"", ""a""]}, {""rule_source"": ""azwADyAyI"", ""rule"": ""8.4.54"", ""result"": [""BavanI"", """", ""y"", ""AM"", ""ba"", ""BU"", ""v"", ""a""]}, {""rule_source"": ""azwADyAyI"", ""rule"": ""8.4.58"", ""result"": [""BavanI"", """", ""y"", ""Am"", ""ba"", ""BU"", ""v"", ""a""]}, {""rule_source"": ""azwADyAyI"", ""rule"": ""8.4.68"", ""result"": [""BavanI"", """", ""y"", ""Am"", ""ba"", ""BU"", ""v"", ""a""]}]}, {""form_slp1"": ""BavanIyAmAsa"", ""steps"": [{""rule_source"": ""azwADyAyI"", ""rule"": ""3.1.8"", ""result"": [""Bavana"", """", ""kyac""]}, {""rule_source"": ""azwADyAyI"", ""rule"": ""3.1.32"", ""result"": [""Bavana"", """", ""kyac""]}, {""rule_source"": ""azwADyAyI"", ""rule"": ""1.3.3"", ""result"": [""Bavana"", """", ""kyac""]}, {""rule_source"": ""azwADyAyI"", ""rule"": ""1.3.8"", ""result"": [""Bavana"", """", ""kyac""]}, {""rule_source"": ""azwADyAyI"", ""rule"": ""1.3.9"", ""result"": [""Bavana"", """", ""ya""]}, {""rule_source"": ""azwADyAyI"", ""rule"": ""1.2.45"", ""result"": [""Bavana"", """", ""ya""]}, {""rule_source"": ""azwADyAyI"", ""rule"": ""1.1.43"", ""result"": [""Bavana"", """", ""ya""]}, {""rule_source"": ""azwADyAyI"", ""rule"": ""1.1.43"", ""result"": [""Bavana"", """", ""ya""]}, {""rule_source"": ""azwADyAyI"", ""rule"": ""1.4.13"", ""result"": [""Bavana"", """", ""ya""]}, {""rule_source"": ""azwADyAyI"", ""rule"": ""7.4.33"", ""result"": [""BavanI"", """", ""ya""]}, {""rule_source"": ""azwADyAyI"", ""rule"": ""1.4.15"", ""result"": [""BavanI"", """", ""ya""]}, {""rule_source"": ""azwADyAyI"", ""rule"": ""3.2.115"", ""result"": [""BavanI"", """", ""ya"", ""li~w""]}, {""rule_source"": ""azwADyAyI"", ""rule"": ""1.3.2"", ""result"": [""BavanI"", """", ""ya"", ""li~w""]}, {""rule_source"": ""azwADyAyI"", ""rule"": ""1.3.3"", ""result"": [""BavanI"", """", ""ya"", ""li~w""]}, {""rule_source"": ""azwADyAyI"", ""rule"": ""1.3.9"", ""result"": [""BavanI"", """", ""ya"", ""l""]}, {""rule_source"": ""azwADyAyI"", ""rule"": ""1.3.78"", ""result"": [""BavanI"", """", ""ya"", ""l""]}, {""rule_source"": ""azwADyAyI"", ""rule"": ""3.1.35"", ""result"": [""BavanI"", """", ""ya"", ""Am"", ""l""]}, {""rule_source"": ""azwADyAyI"", ""rule"": ""3.1.40:2"", ""result"": [""BavanI"", """", ""ya"", ""Am"", ""as"", ""l""]}, {""rule_source"": ""azwADyAyI"", ""rule"": ""3.4.78"", ""result"": [""BavanI"", """", ""ya"", ""Am"", ""as"", ""tip""]}, {""rule_source"": ""azwADyAyI"", ""rule"": ""1.3.3"", ""result"": [""BavanI"", """", ""ya"", ""Am"", ""as"", ""tip""]}, {""rule_source"": ""azwADyAyI"", ""rule"": ""1.3.9"", ""result"": [""BavanI"", """", ""ya"", ""Am"", ""as"", ""ti""]}, {""rule_source"": ""azwADyAyI"", ""rule"": ""3.4.114"", ""result"": [""BavanI"", """", ""ya"", ""Am"", ""as"", ""ti""]}, {""rule_source"": ""azwADyAyI"", ""rule"": ""3.4.115"", ""result"": [""BavanI"", """", ""ya"", ""Am"", ""as"", ""ti""]}, {""rule_source"": ""azwADyAyI"", ""rule"": ""1.1.43"", ""result"": [""BavanI"", """", ""ya"", ""Am"", ""as"", ""ti""]}, {""rule_source"": ""azwADyAyI"", ""rule"": ""3.4.82"", ""result"": [""BavanI"", """", ""ya"", ""Am"", ""as"", ""Ral""]}, {""rule_source"": ""azwADyAyI"", ""rule"": ""1.3.3"", ""result"": [""BavanI"", """", ""ya"", ""Am"", ""as"", ""Ral""]}, {""rule_source"": ""azwADyAyI"", ""rule"": ""1.3.7"", ""result"": [""BavanI"", """", ""ya"", ""Am"", ""as"", ""Ral""]}, {""rule_source"": ""azwADyAyI"", ""rule"": ""1.3.9"", ""result"": [""BavanI"", """", ""ya"", ""Am"", ""as"", ""a""]}, {""rule_source"": ""azwADyAyI"", ""rule"": ""3.4.115"", ""result"": [""BavanI"", """", ""ya"", ""Am"", ""as"", ""a""]}, {""rule_source"": ""azwADyAyI"", ""rule"": ""1.1.43"", ""result"": [""BavanI"", """", ""ya"", ""Am"", ""as"", ""a""]}, {""rule_source"": ""azwADyAyI"", ""rule"": ""6.1.8"", ""result"": [""BavanI"", """", ""ya"", ""Am"", ""as"", ""as"", ""a""]}, {""rule_source"": ""azwADyAyI"", ""rule"": ""6.1.4"", ""result"": [""BavanI"", """", ""ya"", ""Am"", ""as"", ""as"", ""a""]}, {""rule_source"": ""azwADyAyI"", ""rule"": ""6.1.5"", ""result"": [""BavanI"", """", ""ya"", ""Am"", ""as"", ""as"", ""a""]}, {""rule_source"": ""azwADyAyI"", ""rule"": ""1.4.13"", ""result"": [""BavanI"", """", ""ya"", ""Am"", ""as"", ""as"", ""a""]}, {""rule_source"": ""azwADyAyI"", ""rule"": ""6.4.48"", ""result"": [""BavanI"", """", ""y"", ""Am"", ""as"", ""as"", ""a""]}, {""rule_source"": ""azwADyAyI"", ""rule"": ""7.2.116"", ""result"": [""BavanI"", """", ""y"", ""Am"", ""as"", ""As"", ""a""]}, {""rule_source"": ""azwADyAyI"", ""rule"": ""7.4.25"", ""result"": [""BavanI"", """", ""y"", ""Am"", ""as"", ""As"", ""a""]}, {""rule_source"": ""azwADyAyI"", ""rule"": ""7.4.60"", ""result"": [""BavanI"", """", ""y"", ""Am"", ""a"", ""As"", ""a""]}, {""rule_source"": ""azwADyAyI"", ""rule"": ""7.4.70"", ""result"": [""BavanI"", """", ""y"", ""Am"", ""A"", ""As"", ""a""]}, {""rule_source"": ""azwADyAyI"", ""rule"": ""1.4.15"", ""result"": [""BavanI"", """", ""y"", ""Am"", ""A"", ""As"", ""a""]}, {""rule_source"": ""azwADyAyI"", ""rule"": ""1.4.14"", ""result"": [""BavanI"", """", ""y"", ""Am"", ""A"", ""As"", ""a""]}, {""rule_source"": ""azwADyAyI"", ""rule"": ""6.1.101"", ""result"": [""BavanI"", """", ""y"", ""Am"", ""A"", ""s"", ""a""]}, {""rule_source"": ""azwADyAyI"", ""rule"": ""8.4.68"", ""result"": [""BavanI"", """", ""y"", ""Am"", ""A"", ""s"", ""a""]}]}, {""form_slp1"": ""BavanIyAYcakAra"", ""steps"": [{""rule_source"": ""azwADyAyI"", ""rule"": ""3.1.8"", ""result"": [""Bavana"", """", ""kyac""]}, {""rule_source"": ""azwADyAyI"", ""rule"": ""3.1.32"", ""result"": [""Bavana"", """", ""kyac""]}, {""rule_source"": ""azwADyAyI"", ""rule"": ""1.3.3"", ""result"": [""Bavana"", """", ""kyac""]}, {""rule_source"": ""azwADyAyI"", ""rule"": ""1.3.8"", ""result"": [""Bavana"", """", ""kyac""]}, {""rule_source"": ""azwADyAyI"", ""rule"": ""1.3.9"", ""result"": [""Bavana"", """", ""ya""]}, {""rule_source"": ""azwADyAyI"", ""rule"": ""1.2.45"", ""result"": [""Bavana"", """", ""ya""]}, {""rule_source"": ""azwADyAyI"", ""rule"": ""1.1.43"", ""result"": [""Bavana"", """", ""ya""]}, {""rule_source"": ""azwADyAyI"", ""rule"": ""1.1.43"", ""result"": [""Bavana"", """", ""ya""]}, {""rule_source"": ""azwADyAyI"", ""rule"": ""1.4.13"", ""result"": [""Bavana"", """", ""ya""]}, {""rule_source"": ""azwADyAyI"", ""rule"": ""7.4.33"", ""result"": [""BavanI"", """", ""ya""]}, {""rule_source"": ""azwADyAyI"", ""rule"": ""1.4.15"", ""result"": [""BavanI"", """", ""ya""]}, {""rule_source"": ""azwADyAyI"", ""rule"": ""3.2.115"", ""result"": [""BavanI"", """", ""ya"", ""li~w""]}, {""rule_source"": ""azwADyAyI"", ""rule"": ""1.3.2"", ""result"": [""BavanI"", """", ""ya"", ""li~w""]}, {""rule_source"": ""azwADyAyI"", ""rule"": ""1.3.3"", ""result"": [""BavanI"", """", ""ya"", ""li~w""]}, {""rule_source"": ""azwADyAyI"", ""rule"": ""1.3.9"", ""result"": [""BavanI"", """", ""ya"", ""l""]}, {""rule_source"": ""azwADyAyI"", ""rule"": ""1.3.78"", ""result"": [""BavanI"", """", ""ya"", ""l""]}, {""rule_source"": ""azwADyAyI"", ""rule"": ""3.1.35"", ""result"": [""BavanI"", """", ""ya"", ""Am"", ""l""]}, {""rule_source"": ""azwADyAyI"", ""rule"": ""3.1.40:kf"", ""result"": [""BavanI"", """", ""ya"", ""Am"", ""kf"", ""l""]}, {""rule_source"": ""azwADyAyI"", ""rule"": ""3.4.78"", ""result"": [""BavanI"", """", ""ya"", ""Am"", ""kf"", ""tip""]}, {""rule_source"": ""azwADyAyI"", ""rule"": ""1.3.3"", ""result"": [""BavanI"", """", ""ya"", ""Am"", ""kf"", ""tip""]}, {""rule_source"": ""azwADyAyI"", ""rule"": ""1.3.9"", ""result"": [""BavanI"", """", ""ya"", ""Am"", ""kf"", ""ti""]}, {""rule_source"": ""azwADyAyI"", ""rule"": ""3.4.114"", ""result"": [""BavanI"", """", ""ya"", ""Am"", ""kf"", ""ti""]}, {""rule_source"": ""azwADyAyI"", ""rule"": ""3.4.115"", ""result"": [""BavanI"", """", ""ya"", ""Am"", ""kf"", ""ti""]}, {""rule_source"": ""azwADyAyI"", ""rule"": ""1.1.43"", ""result"": [""BavanI"", """", ""ya"", ""Am"", ""kf"", ""ti""]}, {""rule_source"": ""azwADyAyI"", ""rule"": ""3.4.82"", ""result"": [""BavanI"", """", ""ya"", ""Am"", ""kf"", ""Ral""]}, {""rule_source"": ""azwADyAyI"", ""rule"": ""1.3.3"", ""result"": [""BavanI"", """", ""ya"", ""Am"", ""kf"", ""Ral""]}, {""rule_source"": ""azwADyAyI"", ""rule"": ""1.3.7"", ""result"": [""BavanI"", """", ""ya"", ""Am"", ""kf"", ""Ral""]}, {""rule_source"": ""azwADyAyI"", ""rule"": ""1.3.9"", ""result"": [""BavanI"", """", ""ya"", ""Am"", ""kf"", ""a""]}, {""rule_source"": ""azwADyAyI"", ""rule"": ""3.4.115"", ""result"": [""BavanI"", """", ""ya"", ""Am"", ""kf"", ""a""]}, {""rule_source"": ""azwADyAyI"", ""rule"": ""1.1.43"", ""result"": [""BavanI"", """", ""ya"", ""Am"", ""kf"", ""a""]}, {""rule_source"": ""azwADyAyI"", ""rule"": ""6.1.8"", ""result"": [""BavanI"", """", ""ya"", ""Am"", ""kf"", ""kf"", ""a""]}, {""rule_source"": ""azwADyAyI"", ""rule"": ""6.1.4"", ""result"": [""BavanI"", """", ""ya"", ""Am"", ""kf"", ""kf"", ""a""]}, {""rule_source"": ""azwADyAyI"", ""rule"": ""6.1.5"", ""result"": [""BavanI"", """", ""ya"", ""Am"", ""kf"", ""kf"", ""a""]}, {""rule_source"": ""azwADyAyI"", ""rule"": ""1.4.13"", ""result"": [""BavanI"", """", ""ya"", ""Am"", ""kf"", ""kf"", ""a""]}, {""rule_source"": ""azwADyAyI"", ""rule"": ""6.4.48"", ""result"": [""BavanI"", """", ""y"", ""Am"", ""kf"", ""kf"", ""a""]}, {""rule_source"": ""azwADyAyI"", ""rule"": ""7.2.115"", ""result"": [""BavanI"", """", ""y"", ""Am"", ""kf"", ""kAr"", ""a""]}, {""rule_source"": ""azwADyAyI"", ""rule"": ""7.4.25"", ""result"": [""BavanI"", """", ""y"", ""Am"", ""kf"", ""kAr"", ""a""]}, {""rule_source"": ""azwADyAyI"", ""rule"": ""7.4.62"", ""result"": [""BavanI"", """", ""y"", ""Am"", ""cf"", ""kAr"", ""a""]}, {""rule_source"": ""azwADyAyI"", ""rule"": ""7.4.66"", ""result"": [""BavanI"", """", ""y"", ""Am"", ""ca"", ""kAr"", ""a""]}, {""rule_source"": ""azwADyAyI"", ""rule"": ""1.4.15"", ""result"": [""BavanI"", """", ""y"", ""Am"", ""ca"", ""kAr"", ""a""]}, {""rule_source"": ""azwADyAyI"", ""rule"": ""1.4.14"", ""result"": [""BavanI"", """", ""y"", ""Am"", ""ca"", ""kAr"", ""a""]}, {""rule_source"": ""azwADyAyI"", ""rule"": ""8.3.24"", ""result"": [""BavanI"", """", ""y"", ""AM"", ""ca"", ""kAr"", ""a""]}, {""rule_source"": ""azwADyAyI"", ""rule"": ""8.4.58"", ""result"": [""BavanI"", """", ""y"", ""AY"", ""ca"", ""kAr"", ""a""]}, {""rule_source"": ""azwADyAyI"", ""rule"": ""8.4.68"", ""result"": [""BavanI"", """", ""y"", ""AY"", ""ca"", ""kAr"", ""a""]}]}], ""atmanepada"": []}"
namadhatu:53b29795f184979d0168,namadhatu,lut,लुट् (luṭ),periphrastic future,Prathama,Eka,BavanIyitA,,BavanIyitA,1,locally_regenerated,"{""parasmaipada"": [{""form_slp1"": ""BavanIyitA"", ""steps"": [{""rule_source"": ""azwADyAyI"", ""rule"": ""3.1.8"", ""result"": [""Bavana"", """", ""kyac""]}, {""rule_source"": ""azwADyAyI"", ""rule"": ""3.1.32"", ""result"": [""Bavana"", """", ""kyac""]}, {""rule_source"": ""azwADyAyI"", ""rule"": ""1.3.3"", ""result"": [""Bavana"", """", ""kyac""]}, {""rule_source"": ""azwADyAyI"", ""rule"": ""1.3.8"", ""result"": [""Bavana"", """", ""kyac""]}, {""rule_source"": ""azwADyAyI"", ""rule"": ""1.3.9"", ""result"": [""Bavana"", """", ""ya""]}, {""rule_source"": ""azwADyAyI"", ""rule"": ""1.2.45"", ""result"": [""Bavana"", """", ""ya""]}, {""rule_source"": ""azwADyAyI"", ""rule"": ""1.1.43"", ""result"": [""Bavana"", """", ""ya""]}, {""rule_source"": ""azwADyAyI"", ""rule"": ""1.1.43"", ""result"": [""Bavana"", """", ""ya""]}, {""rule_source"": ""azwADyAyI"", ""rule"": ""1.4.13"", ""result"": [""Bavana"", """", ""ya""]}, {""rule_source"": ""azwADyAyI"", ""rule"": ""7.4.33"", ""result"": [""BavanI"", """", ""ya""]}, {""rule_source"": ""azwADyAyI"", ""rule"": ""1.4.15"", ""result"": [""BavanI"", """", ""ya""]}, {""rule_source"": ""azwADyAyI"", ""rule"": ""3.3.15"", ""result"": [""BavanI"", """", ""ya"", ""lu~w""]}, {""rule_source"": ""azwADyAyI"", ""rule"": ""1.3.2"", ""result"": [""BavanI"", """", ""ya"", ""lu~w""]}, {""rule_source"": ""azwADyAyI"", ""rule"": ""1.3.3"", ""result"": [""BavanI"", """", ""ya"", ""lu~w""]}, {""rule_source"": ""azwADyAyI"", ""rule"": ""1.3.9"", ""result"": [""BavanI"", """", ""ya"", ""l""]}, {""rule_source"": ""azwADyAyI"", ""rule"": ""1.3.78"", ""result"": [""BavanI"", """", ""ya"", ""l""]}, {""rule_source"": ""azwADyAyI"", ""rule"": ""3.4.78"", ""result"": [""BavanI"", """", ""ya"", ""tip""]}, {""rule_source"": ""azwADyAyI"", ""rule"": ""1.3.3"", ""result"": [""BavanI"", """", ""ya"", ""tip""]}, {""rule_source"": ""azwADyAyI"", ""rule"": ""1.3.9"", ""result"": [""BavanI"", """", ""ya"", ""ti""]}, {""rule_source"": ""azwADyAyI"", ""rule"": ""3.4.113"", ""result"": [""BavanI"", """", ""ya"", ""ti""]}, {""rule_source"": ""azwADyAyI"", ""rule"": ""1.1.43"", ""result"": [""BavanI"", """", ""ya"", ""ti""]}, {""rule_source"": ""azwADyAyI"", ""rule"": ""3.1.33"", ""result"": [""BavanI"", """", ""ya"", ""tAsi~"", ""ti""]}, {""rule_source"": ""azwADyAyI"", ""rule"": ""1.3.2"", ""result"": [""BavanI"", """", ""ya"", ""tAsi~"", ""ti""]}, {""rule_source"": ""azwADyAyI"", ""rule"": ""1.3.9"", ""result"": [""BavanI"", """", ""ya"", ""tAs"", ""ti""]}, {""rule_source"": ""azwADyAyI"", ""rule"": ""3.4.114"", ""result"": [""BavanI"", """", ""ya"", ""tAs"", ""ti""]}, {""rule_source"": ""azwADyAyI"", ""rule"": ""1.1.43"", ""result"": [""BavanI"", """", ""ya"", ""tAs"", ""ti""]}, {""rule_source"": ""azwADyAyI"", ""rule"": ""2.4.85"", ""result"": [""BavanI"", """", ""ya"", ""tAs"", ""qA""]}, {""rule_source"": ""azwADyAyI"", ""rule"": ""1.3.7"", ""result"": [""BavanI"", """", ""ya"", ""tAs"", ""qA""]}, {""rule_source"": ""azwADyAyI"", ""rule"": ""1.3.9"", ""result"": [""BavanI"", """", ""ya"", ""tAs"", ""A""]}, {""rule_source"": ""azwADyAyI"", ""rule"": ""7.2.35"", ""result"": [""BavanI"", """", ""ya"", ""iw"", ""tAs"", ""A""]}, {""rule_source"": ""azwADyAyI"", ""rule"": ""1.3.3"", ""result"": [""BavanI"", """", ""ya"", ""iw"", ""tAs"", ""A""]}, {""rule_source"": ""azwADyAyI"", ""rule"": ""1.3.9"", ""result"": [""BavanI"", """", ""ya"", ""i"", ""tAs"", ""A""]}, {""rule_source"": ""azwADyAyI"", ""rule"": ""1.4.13"", ""result"": [""BavanI"", """", ""ya"", ""i"", ""tAs"", ""A""]}, {""rule_source"": ""azwADyAyI"", ""rule"": ""6.4.48"", ""result"": [""BavanI"", """", ""y"", ""i"", ""tAs"", ""A""]}, {""rule_source"": ""azwADyAyI"", ""rule"": ""7.4.25"", ""result"": [""BavanI"", """", ""y"", ""i"", ""tAs"", ""A""]}, {""rule_source"": ""azwADyAyI"", ""rule"": ""1.4.15"", ""result"": [""BavanI"", """", ""y"", ""i"", ""tAs"", ""A""]}, {""rule_source"": ""azwADyAyI"", ""rule"": ""1.4.14"", ""result"": [""BavanI"", """", ""y"", ""i"", ""tAs"", ""A""]}, {""rule_source"": ""azwADyAyI"", ""rule"": ""6.4.143"", ""result"": [""BavanI"", """", ""y"", ""i"", ""t"", ""A""]}, {""rule_source"": ""azwADyAyI"", ""rule"": ""8.4.68"", ""result"": [""BavanI"", """", ""y"", ""i"", ""t"", ""A""]}]}], ""atmanepada"": []}"
namadhatu:53b29795f184979d0168,namadhatu,lrt,लृट् (lṛṭ),future,Prathama,Eka,BavanIyizyati,,BavanIyizyati,1,locally_regenerated,"{""parasmaipada"": [{""form_slp1"": ""BavanIyizyati"", ""steps"": [{""rule_source"": ""azwADyAyI"", ""rule"": ""3.1.8"", ""result"": [""Bavana"", """", ""kyac""]}, {""rule_source"": ""azwADyAyI"", ""rule"": ""3.1.32"", ""result"": [""Bavana"", """", ""kyac""]}, {""rule_source"": ""azwADyAyI"", ""rule"": ""1.3.3"", ""result"": [""Bavana"", """", ""kyac""]}, {""rule_source"": ""azwADyAyI"", ""rule"": ""1.3.8"", ""result"": [""Bavana"", """", ""kyac""]}, {""rule_source"": ""azwADyAyI"", ""rule"": ""1.3.9"", ""result"": [""Bavana"", """", ""ya""]}, {""rule_source"": ""azwADyAyI"", ""rule"": ""1.2.45"", ""result"": [""Bavana"", """", ""ya""]}, {""rule_source"": ""azwADyAyI"", ""rule"": ""1.1.43"", ""result"": [""Bavana"", """", ""ya""]}, {""rule_source"": ""azwADyAyI"", ""rule"": ""1.1.43"", ""result"": [""Bavana"", """", ""ya""]}, {""rule_source"": ""azwADyAyI"", ""rule"": ""1.4.13"", ""result"": [""Bavana"", """", ""ya""]}, {""rule_source"": ""azwADyAyI"", ""rule"": ""7.4.33"", ""result"": [""BavanI"", """", ""ya""]}, {""rule_source"": ""azwADyAyI"", ""rule"": ""1.4.15"", ""result"": [""BavanI"", """", ""ya""]}, {""rule_source"": ""azwADyAyI"", ""rule"": ""3.3.13"", ""result"": [""BavanI"", """", ""ya"", ""lf~w""]}, {""rule_source"": ""azwADyAyI"", ""rule"": ""1.3.2"", ""result"": [""BavanI"", """", ""ya"", ""lf~w""]}, {""rule_source"": ""azwADyAyI"", ""rule"": ""1.3.3"", ""result"": [""BavanI"", """", ""ya"", ""lf~w""]}, {""rule_source"": ""azwADyAyI"", ""rule"": ""1.3.9"", ""result"": [""BavanI"", """", ""ya"", ""l""]}, {""rule_source"": ""azwADyAyI"", ""rule"": ""1.3.78"", ""result"": [""BavanI"", """", ""ya"", ""l""]}, {""rule_source"": ""azwADyAyI"", ""rule"": ""3.4.78"", ""result"": [""BavanI"", """", ""ya"", ""tip""]}, {""rule_source"": ""azwADyAyI"", ""rule"": ""1.3.3"", ""result"": [""BavanI"", """", ""ya"", ""tip""]}, {""rule_source"": ""azwADyAyI"", ""rule"": ""1.3.9"", ""result"": [""BavanI"", """", ""ya"", ""ti""]}, {""rule_source"": ""azwADyAyI"", ""rule"": ""3.4.113"", ""result"": [""BavanI"", """", ""ya"", ""ti""]}, {""rule_source"": ""azwADyAyI"", ""rule"": ""1.1.43"", ""result"": [""BavanI"", """", ""ya"", ""ti""]}, {""rule_source"": ""azwADyAyI"", ""rule"": ""3.1.33"", ""result"": [""BavanI"", """", ""ya"", ""sya"", ""ti""]}, {""rule_source"": ""azwADyAyI"", ""rule"": ""3.4.114"", ""result"": [""BavanI"", """", ""ya"", ""sya"", ""ti""]}, {""rule_source"": ""azwADyAyI"", ""rule"": ""1.1.43"", ""result"": [""BavanI"", """", ""ya"", ""sya"", ""ti""]}, {""rule_source"": ""azwADyAyI"", ""rule"": ""7.2.35"", ""result"": [""BavanI"", """", ""ya"", ""iw"", ""sya"", ""ti""]}, {""rule_source"": ""azwADyAyI"", ""rule"": ""1.3.3"", ""result"": [""BavanI"", """", ""ya"", ""iw"", ""sya"", ""ti""]}, {""rule_source"": ""azwADyAyI"", ""rule"": ""1.3.9"", ""result"": [""BavanI"", """", ""ya"", ""i"", ""sya"", ""ti""]}, {""rule_source"": ""azwADyAyI"", ""rule"": ""1.4.13"", ""result"": [""BavanI"", """", ""ya"", ""i"", ""sya"", ""ti""]}, {""rule_source"": ""azwADyAyI"", ""rule"": ""6.4.48"", ""result"": [""BavanI"", """", ""y"", ""i"", ""sya"", ""ti""]}, {""rule_source"": ""azwADyAyI"", ""rule"": ""7.4.25"", ""result"": [""BavanI"", """", ""y"", ""i"", ""sya"", ""ti""]}, {""rule_source"": ""azwADyAyI"", ""rule"": ""1.4.15"", ""result"": [""BavanI"", """", ""y"", ""i"", ""sya"", ""ti""]}, {""rule_source"": ""azwADyAyI"", ""rule"": ""1.4.14"", ""result"": [""BavanI"", """", ""y"", ""i"", ""sya"", ""ti""]}, {""rule_source"": ""azwADyAyI"", ""rule"": ""8.3.59"", ""result"": [""BavanI"", """", ""y"", ""i"", ""zya"", ""ti""]}, {""rule_source"": ""azwADyAyI"", ""rule"": ""8.4.68"", ""result"": [""BavanI"", """", ""y"", ""i"", ""zya"", ""ti""]}]}], ""atmanepada"": []}"
namadhatu:53b29795f184979d0168,namadhatu,lot,लोट् (loṭ),command or request,Prathama,Eka,BavanIyatAd;BavanIyatAt;BavanIyatu,,BavanIyatAd;BavanIyatAt;BavanIyatu,3,locally_regenerated,"{""parasmaipada"": [{""form_slp1"": ""BavanIyatAt"", ""steps"": [{""rule_source"": ""azwADyAyI"", ""rule"": ""3.1.8"", ""result"": [""Bavana"", """", ""kyac""]}, {""rule_source"": ""azwADyAyI"", ""rule"": ""3.1.32"", ""result"": [""Bavana"", """", ""kyac""]}, {""rule_source"": ""azwADyAyI"", ""rule"": ""1.3.3"", ""result"": [""Bavana"", """", ""kyac""]}, {""rule_source"": ""azwADyAyI"", ""rule"": ""1.3.8"", ""result"": [""Bavana"", """", ""kyac""]}, {""rule_source"": ""azwADyAyI"", ""rule"": ""1.3.9"", ""result"": [""Bavana"", """", ""ya""]}, {""rule_source"": ""azwADyAyI"", ""rule"": ""1.2.45"", ""result"": [""Bavana"", """", ""ya""]}, {""rule_source"": ""azwADyAyI"", ""rule"": ""1.1.43"", ""result"": [""Bavana"", """", ""ya""]}, {""rule_source"": ""azwADyAyI"", ""rule"": ""1.1.43"", ""result"": [""Bavana"", """", ""ya""]}, {""rule_source"": ""azwADyAyI"", ""rule"": ""1.4.13"", ""result"": [""Bavana"", """", ""ya""]}, {""rule_source"": ""azwADyAyI"", ""rule"": ""7.4.33"", ""result"": [""BavanI"", """", ""ya""]}, {""rule_source"": ""azwADyAyI"", ""rule"": ""1.4.15"", ""result"": [""BavanI"", """", ""ya""]}, {""rule_source"": ""azwADyAyI"", ""rule"": ""3.3.162"", ""result"": [""BavanI"", """", ""ya"", ""lo~w""]}, {""rule_source"": ""azwADyAyI"", ""rule"": ""1.3.2"", ""result"": [""BavanI"", """", ""ya"", ""lo~w""]}, {""rule_source"": ""azwADyAyI"", ""rule"": ""1.3.3"", ""result"": [""BavanI"", """", ""ya"", ""lo~w""]}, {""rule_source"": ""azwADyAyI"", ""rule"": ""1.3.9"", ""result"": [""BavanI"", """", ""ya"", ""l""]}, {""rule_source"": ""azwADyAyI"", ""rule"": ""1.3.78"", ""result"": [""BavanI"", """", ""ya"", ""l""]}, {""rule_source"": ""azwADyAyI"", ""rule"": ""3.4.78"", ""result"": [""BavanI"", """", ""ya"", ""tip""]}, {""rule_source"": ""azwADyAyI"", ""rule"": ""1.3.3"", ""result"": [""BavanI"", """", ""ya"", ""tip""]}, {""rule_source"": ""azwADyAyI"", ""rule"": ""1.3.9"", ""result"": [""BavanI"", """", ""ya"", ""ti""]}, {""rule_source"": ""azwADyAyI"", ""rule"": ""3.4.113"", ""result"": [""BavanI"", """", ""ya"", ""ti""]}, {""rule_source"": ""azwADyAyI"", ""rule"": ""1.1.43"", ""result"": [""BavanI"", """", ""ya"", ""ti""]}, {""rule_source"": ""azwADyAyI"", ""rule"": ""3.1.68"", ""result"": [""BavanI"", """", ""ya"", ""Sap"", ""ti""]}, {""rule_source"": ""azwADyAyI"", ""rule"": ""1.3.3"", ""result"": [""BavanI"", """", ""ya"", ""Sap"", ""ti""]}, {""rule_source"": ""azwADyAyI"", ""rule"": ""1.3.8"", ""result"": [""BavanI"", """", ""ya"", ""Sap"", ""ti""]}, {""rule_source"": ""azwADyAyI"", ""rule"": ""1.3.9"", ""result"": [""BavanI"", """", ""ya"", ""a"", ""ti""]}, {""rule_source"": ""azwADyAyI"", ""rule"": ""3.4.113"", ""result"": [""BavanI"", """", ""ya"", ""a"", ""ti""]}, {""rule_source"": ""azwADyAyI"", ""rule"": ""1.1.43"", ""result"": [""BavanI"", """", ""ya"", ""a"", ""ti""]}, {""rule_source"": ""azwADyAyI"", ""rule"": ""3.4.86"", ""result"": [""BavanI"", """", ""ya"", ""a"", ""tu""]}, {""rule_source"": ""azwADyAyI"", ""rule"": ""7.1.35"", ""result"": [""BavanI"", """", ""ya"", ""a"", ""tAta~N""]}, {""rule_source"": ""azwADyAyI"", ""rule"": ""1.3.2"", ""result"": [""BavanI"", """", ""ya"", ""a"", ""tAta~N""]}, {""rule_source"": ""azwADyAyI"", ""rule"": ""1.3.3"", ""result"": [""BavanI"", """", ""ya"", ""a"", ""tAta~N""]}, {""rule_source"": ""azwADyAyI"", ""rule"": ""1.3.9"", ""result"": [""BavanI"", """", ""ya"", ""a"", ""tAt""]}, {""rule_source"": ""azwADyAyI"", ""rule"": ""1.4.13"", ""result"": [""BavanI"", """", ""ya"", ""a"", ""tAt""]}, {""rule_source"": ""azwADyAyI"", ""rule"": ""7.4.25"", ""result"": [""BavanI"", """", ""ya"", ""a"", ""tAt""]}, {""rule_source"": ""azwADyAyI"", ""rule"": ""1.4.15"", ""result"": [""BavanI"", """", ""ya"", ""a"", ""tAt""]}, {""rule_source"": ""azwADyAyI"", ""rule"": ""1.4.14"", ""result"": [""BavanI"", """", ""ya"", ""a"", ""tAt""]}, {""rule_source"": ""azwADyAyI"", ""rule"": ""6.1.97"", ""result"": [""BavanI"", """", ""y"", ""a"", ""tAt""]}, {""rule_source"": ""azwADyAyI"", ""rule"": ""8.2.39"", ""result"": [""BavanI"", """", ""y"", ""a"", ""tAd""]}, {""rule_source"": ""azwADyAyI"", ""rule"": ""8.4.56"", ""result"": [""BavanI"", """", ""y"", ""a"", ""tAt""]}, {""rule_source"": ""azwADyAyI"", ""rule"": ""8.4.68"", ""result"": [""BavanI"", """", ""y"", ""a"", ""tAt""]}]}, {""form_slp1"": ""BavanIyatAd"", ""steps"": [{""rule_source"": ""azwADyAyI"", ""rule"": ""3.1.8"", ""result"": [""Bavana"", """", ""kyac""]}, {""rule_source"": ""azwADyAyI"", ""rule"": ""3.1.32"", ""result"": [""Bavana"", """", ""kyac""]}, {""rule_source"": ""azwADyAyI"", ""rule"": ""1.3.3"", ""result"": [""Bavana"", """", ""kyac""]}, {""rule_source"": ""azwADyAyI"", ""rule"": ""1.3.8"", ""result"": [""Bavana"", """", ""kyac""]}, {""rule_source"": ""azwADyAyI"", ""rule"": ""1.3.9"", ""result"": [""Bavana"", """", ""ya""]}, {""rule_source"": ""azwADyAyI"", ""rule"": ""1.2.45"", ""result"": [""Bavana"", """", ""ya""]}, {""rule_source"": ""azwADyAyI"", ""rule"": ""1.1.43"", ""result"": [""Bavana"", """", ""ya""]}, {""rule_source"": ""azwADyAyI"", ""rule"": ""1.1.43"", ""result"": [""Bavana"", """", ""ya""]}, {""rule_source"": ""azwADyAyI"", ""rule"": ""1.4.13"", ""result"": [""Bavana"", """", ""ya""]}, {""rule_source"": ""azwADyAyI"", ""rule"": ""7.4.33"", ""result"": [""BavanI"", """", ""ya""]}, {""rule_source"": ""azwADyAyI"", ""rule"": ""1.4.15"", ""result"": [""BavanI"", """", ""ya""]}, {""rule_source"": ""azwADyAyI"", ""rule"": ""3.3.162"", ""result"": [""BavanI"", """", ""ya"", ""lo~w""]}, {""rule_source"": ""azwADyAyI"", ""rule"": ""1.3.2"", ""result"": [""BavanI"", """", ""ya"", ""lo~w""]}, {""rule_source"": ""azwADyAyI"", ""rule"": ""1.3.3"", ""result"": [""BavanI"", """", ""ya"", ""lo~w""]}, {""rule_source"": ""azwADyAyI"", ""rule"": ""1.3.9"", ""result"": [""BavanI"", """", ""ya"", ""l""]}, {""rule_source"": ""azwADyAyI"", ""rule"": ""1.3.78"", ""result"": [""BavanI"", """", ""ya"", ""l""]}, {""rule_source"": ""azwADyAyI"", ""rule"": ""3.4.78"", ""result"": [""BavanI"", """", ""ya"", ""tip""]}, {""rule_source"": ""azwADyAyI"", ""rule"": ""1.3.3"", ""result"": [""BavanI"", """", ""ya"", ""tip""]}, {""rule_source"": ""azwADyAyI"", ""rule"": ""1.3.9"", ""result"": [""BavanI"", """", ""ya"", ""ti""]}, {""rule_source"": ""azwADyAyI"", ""rule"": ""3.4.113"", ""result"": [""BavanI"", """", ""ya"", ""ti""]}, {""rule_source"": ""azwADyAyI"", ""rule"": ""1.1.43"", ""result"": [""BavanI"", """", ""ya"", ""ti""]}, {""rule_source"": ""azwADyAyI"", ""rule"": ""3.1.68"", ""result"": [""BavanI"", """", ""ya"", ""Sap"", ""ti""]}, {""rule_source"": ""azwADyAyI"", ""rule"": ""1.3.3"", ""result"": [""BavanI"", """", ""ya"", ""Sap"", ""ti""]}, {""rule_source"": ""azwADyAyI"", ""rule"": ""1.3.8"", ""result"": [""BavanI"", """", ""ya"", ""Sap"", ""ti""]}, {""rule_source"": ""azwADyAyI"", ""rule"": ""1.3.9"", ""result"": [""BavanI"", """", ""ya"", ""a"", ""ti""]}, {""rule_source"": ""azwADyAyI"", ""rule"": ""3.4.113"", ""result"": [""BavanI"", """", ""ya"", ""a"", ""ti""]}, {""rule_source"": ""azwADyAyI"", ""rule"": ""1.1.43"", ""result"": [""BavanI"", """", ""ya"", ""a"", ""ti""]}, {""rule_source"": ""azwADyAyI"", ""rule"": ""3.4.86"", ""result"": [""BavanI"", """", ""ya"", ""a"", ""tu""]}, {""rule_source"": ""azwADyAyI"", ""rule"": ""7.1.35"", ""result"": [""BavanI"", """", ""ya"", ""a"", ""tAta~N""]}, {""rule_source"": ""azwADyAyI"", ""rule"": ""1.3.2"", ""result"": [""BavanI"", """", ""ya"", ""a"", ""tAta~N""]}, {""rule_source"": ""azwADyAyI"", ""rule"": ""1.3.3"", ""result"": [""BavanI"", """", ""ya"", ""a"", ""tAta~N""]}, {""rule_source"": ""azwADyAyI"", ""rule"": ""1.3.9"", ""result"": [""BavanI"", """", ""ya"", ""a"", ""tAt""]}, {""rule_source"": ""azwADyAyI"", ""rule"": ""1.4.13"", ""result"": [""BavanI"", """", ""ya"", ""a"", ""tAt""]}, {""rule_source"": ""azwADyAyI"", ""rule"": ""7.4.25"", ""result"": [""BavanI"", """", ""ya"", ""a"", ""tAt""]}, {""rule_source"": ""azwADyAyI"", ""rule"": ""1.4.15"", ""result"": [""BavanI"", """", ""ya"", ""a"", ""tAt""]}, {""rule_source"": ""azwADyAyI"", ""rule"": ""1.4.14"", ""result"": [""BavanI"", """", ""ya"", ""a"", ""tAt""]}, {""rule_source"": ""azwADyAyI"", ""rule"": ""6.1.97"", ""result"": [""BavanI"", """", ""y"", ""a"", ""tAt""]}, {""rule_source"": ""azwADyAyI"", ""rule"": ""8.2.39"", ""result"": [""BavanI"", """", ""y"", ""a"", ""tAd""]}, {""rule_source"": ""azwADyAyI"", ""rule"": ""8.4.68"", ""result"": [""BavanI"", """", ""y"", ""a"", ""tAd""]}]}, {""form_slp1"": ""BavanIyatu"", ""steps"": [{""rule_source"": ""azwADyAyI"", ""rule"": ""3.1.8"", ""result"": [""Bavana"", """", ""kyac""]}, {""rule_source"": ""azwADyAyI"", ""rule"": ""3.1.32"", ""result"": [""Bavana"", """", ""kyac""]}, {""rule_source"": ""azwADyAyI"", ""rule"": ""1.3.3"", ""result"": [""Bavana"", """", ""kyac""]}, {""rule_source"": ""azwADyAyI"", ""rule"": ""1.3.8"", ""result"": [""Bavana"", """", ""kyac""]}, {""rule_source"": ""azwADyAyI"", ""rule"": ""1.3.9"", ""result"": [""Bavana"", """", ""ya""]}, {""rule_source"": ""azwADyAyI"", ""rule"": ""1.2.45"", ""result"": [""Bavana"", """", ""ya""]}, {""rule_source"": ""azwADyAyI"", ""rule"": ""1.1.43"", ""result"": [""Bavana"", """", ""ya""]}, {""rule_source"": ""azwADyAyI"", ""rule"": ""1.1.43"", ""result"": [""Bavana"", """", ""ya""]}, {""rule_source"": ""azwADyAyI"", ""rule"": ""1.4.13"", ""result"": [""Bavana"", """", ""ya""]}, {""rule_source"": ""azwADyAyI"", ""rule"": ""7.4.33"", ""result"": [""BavanI"", """", ""ya""]}, {""rule_source"": ""azwADyAyI"", ""rule"": ""1.4.15"", ""result"": [""BavanI"", """", ""ya""]}, {""rule_source"": ""azwADyAyI"", ""rule"": ""3.3.162"", ""result"": [""BavanI"", """", ""ya"", ""lo~w""]}, {""rule_source"": ""azwADyAyI"", ""rule"": ""1.3.2"", ""result"": [""BavanI"", """", ""ya"", ""lo~w""]}, {""rule_source"": ""azwADyAyI"", ""rule"": ""1.3.3"", ""result"": [""BavanI"", """", ""ya"", ""lo~w""]}, {""rule_source"": ""azwADyAyI"", ""rule"": ""1.3.9"", ""result"": [""BavanI"", """", ""ya"", ""l""]}, {""rule_source"": ""azwADyAyI"", ""rule"": ""1.3.78"", ""result"": [""BavanI"", """", ""ya"", ""l""]}, {""rule_source"": ""azwADyAyI"", ""rule"": ""3.4.78"", ""result"": [""BavanI"", """", ""ya"", ""tip""]}, {""rule_source"": ""azwADyAyI"", ""rule"": ""1.3.3"", ""result"": [""BavanI"", """", ""ya"", ""tip""]}, {""rule_source"": ""azwADyAyI"", ""rule"": ""1.3.9"", ""result"": [""BavanI"", """", ""ya"", ""ti""]}, {""rule_source"": ""azwADyAyI"", ""rule"": ""3.4.113"", ""result"": [""BavanI"", """", ""ya"", ""ti""]}, {""rule_source"": ""azwADyAyI"", ""rule"": ""1.1.43"", ""result"": [""BavanI"", """", ""ya"", ""ti""]}, {""rule_source"": ""azwADyAyI"", ""rule"": ""3.1.68"", ""result"": [""BavanI"", """", ""ya"", ""Sap"", ""ti""]}, {""rule_source"": ""azwADyAyI"", ""rule"": ""1.3.3"", ""result"": [""BavanI"", """", ""ya"", ""Sap"", ""ti""]}, {""rule_source"": ""azwADyAyI"", ""rule"": ""1.3.8"", ""result"": [""BavanI"", """", ""ya"", ""Sap"", ""ti""]}, {""rule_source"": ""azwADyAyI"", ""rule"": ""1.3.9"", ""result"": [""BavanI"", """", ""ya"", ""a"", ""ti""]}, {""rule_source"": ""azwADyAyI"", ""rule"": ""3.4.113"", ""result"": [""BavanI"", """", ""ya"", ""a"", ""ti""]}, {""rule_source"": ""azwADyAyI"", ""rule"": ""1.1.43"", ""result"": [""BavanI"", """", ""ya"", ""a"", ""ti""]}, {""rule_source"": ""azwADyAyI"", ""rule"": ""3.4.86"", ""result"": [""BavanI"", """", ""ya"", ""a"", ""tu""]}, {""rule_source"": ""azwADyAyI"", ""rule"": ""1.4.13"", ""result"": [""BavanI"", """", ""ya"", ""a"", ""tu""]}, {""rule_source"": ""azwADyAyI"", ""rule"": ""7.4.25"", ""result"": [""BavanI"", """", ""ya"", ""a"", ""tu""]}, {""rule_source"": ""azwADyAyI"", ""rule"": ""1.4.15"", ""result"": [""BavanI"", """", ""ya"", ""a"", ""tu""]}, {""rule_source"": ""azwADyAyI"", ""rule"": ""1.4.14"", ""result"": [""BavanI"", """", ""ya"", ""a"", ""tu""]}, {""rule_source"": ""azwADyAyI"", ""rule"": ""6.1.97"", ""result"": [""BavanI"", """", ""y"", ""a"", ""tu""]}, {""rule_source"": ""azwADyAyI"", ""rule"": ""8.4.68"", ""result"": [""BavanI"", """", ""y"", ""a"", ""tu""]}]}], ""atmanepada"": []}"
namadhatu:53b29795f184979d0168,namadhatu,lan,लङ् (laṅ),imperfect past,Prathama,Eka,aBavanIyad;aBavanIyat,,aBavanIyad;aBavanIyat,2,locally_regenerated,"{""parasmaipada"": [{""form_slp1"": ""aBavanIyat"", ""steps"": [{""rule_source"": ""azwADyAyI"", ""rule"": ""3.1.8"", ""result"": [""Bavana"", """", ""kyac""]}, {""rule_source"": ""azwADyAyI"", ""rule"": ""3.1.32"", ""result"": [""Bavana"", """", ""kyac""]}, {""rule_source"": ""azwADyAyI"", ""rule"": ""1.3.3"", ""result"": [""Bavana"", """", ""kyac""]}, {""rule_source"": ""azwADyAyI"", ""rule"": ""1.3.8"", ""result"": [""Bavana"", """", ""kyac""]}, {""rule_source"": ""azwADyAyI"", ""rule"": ""1.3.9"", ""result"": [""Bavana"", """", ""ya""]}, {""rule_source"": ""azwADyAyI"", ""rule"": ""1.2.45"", ""result"": [""Bavana"", """", ""ya""]}, {""rule_source"": ""azwADyAyI"", ""rule"": ""1.1.43"", ""result"": [""Bavana"", """", ""ya""]}, {""rule_source"": ""azwADyAyI"", ""rule"": ""1.1.43"", ""result"": [""Bavana"", """", ""ya""]}, {""rule_source"": ""azwADyAyI"", ""rule"": ""1.4.13"", ""result"": [""Bavana"", """", ""ya""]}, {""rule_source"": ""azwADyAyI"", ""rule"": ""7.4.33"", ""result"": [""BavanI"", """", ""ya""]}, {""rule_source"": ""azwADyAyI"", ""rule"": ""1.4.15"", ""result"": [""BavanI"", """", ""ya""]}, {""rule_source"": ""azwADyAyI"", ""rule"": ""3.2.111"", ""result"": [""BavanI"", """", ""ya"", ""laN""]}, {""rule_source"": ""azwADyAyI"", ""rule"": ""1.3.3"", ""result"": [""BavanI"", """", ""ya"", ""laN""]}, {""rule_source"": ""azwADyAyI"", ""rule"": ""1.3.9"", ""result"": [""BavanI"", """", ""ya"", ""la""]}, {""rule_source"": ""azwADyAyI"", ""rule"": ""1.3.78"", ""result"": [""BavanI"", """", ""ya"", ""la""]}, {""rule_source"": ""azwADyAyI"", ""rule"": ""3.4.78"", ""result"": [""BavanI"", """", ""ya"", ""tip""]}, {""rule_source"": ""azwADyAyI"", ""rule"": ""1.3.3"", ""result"": [""BavanI"", """", ""ya"", ""tip""]}, {""rule_source"": ""azwADyAyI"", ""rule"": ""1.3.9"", ""result"": [""BavanI"", """", ""ya"", ""ti""]}, {""rule_source"": ""azwADyAyI"", ""rule"": ""3.4.113"", ""result"": [""BavanI"", """", ""ya"", ""ti""]}, {""rule_source"": ""azwADyAyI"", ""rule"": ""1.1.43"", ""result"": [""BavanI"", """", ""ya"", ""ti""]}, {""rule_source"": ""azwADyAyI"", ""rule"": ""3.1.68"", ""result"": [""BavanI"", """", ""ya"", ""Sap"", ""ti""]}, {""rule_source"": ""azwADyAyI"", ""rule"": ""1.3.3"", ""result"": [""BavanI"", """", ""ya"", ""Sap"", ""ti""]}, {""rule_source"": ""azwADyAyI"", ""rule"": ""1.3.8"", ""result"": [""BavanI"", """", ""ya"", ""Sap"", ""ti""]}, {""rule_source"": ""azwADyAyI"", ""rule"": ""1.3.9"", ""result"": [""BavanI"", """", ""ya"", ""a"", ""ti""]}, {""rule_source"": ""azwADyAyI"", ""rule"": ""3.4.113"", ""result"": [""BavanI"", """", ""ya"", ""a"", ""ti""]}, {""rule_source"": ""azwADyAyI"", ""rule"": ""1.1.43"", ""result"": [""BavanI"", """", ""ya"", ""a"", ""ti""]}, {""rule_source"": ""azwADyAyI"", ""rule"": ""3.4.100"", ""result"": [""BavanI"", """", ""ya"", ""a"", ""t""]}, {""rule_source"": ""azwADyAyI"", ""rule"": ""1.4.13"", ""result"": [""BavanI"", """", ""ya"", ""a"", ""t""]}, {""rule_source"": ""azwADyAyI"", ""rule"": ""6.4.71"", ""result"": [""aw"", ""BavanI"", """", ""ya"", ""a"", ""t""]}, {""rule_source"": ""azwADyAyI"", ""rule"": ""1.3.3"", ""result"": [""aw"", ""BavanI"", """", ""ya"", ""a"", ""t""]}, {""rule_source"": ""azwADyAyI"", ""rule"": ""1.3.9"", ""result"": [""a"", ""BavanI"", """", ""ya"", ""a"", ""t""]}, {""rule_source"": ""azwADyAyI"", ""rule"": ""7.4.25"", ""result"": [""a"", ""BavanI"", """", ""ya"", ""a"", ""t""]}, {""rule_source"": ""azwADyAyI"", ""rule"": ""1.4.15"", ""result"": [""a"", ""BavanI"", """", ""ya"", ""a"", ""t""]}, {""rule_source"": ""azwADyAyI"", ""rule"": ""1.4.14"", ""result"": [""a"", ""BavanI"", """", ""ya"", ""a"", ""t""]}, {""rule_source"": ""azwADyAyI"", ""rule"": ""6.1.97"", ""result"": [""a"", ""BavanI"", """", ""y"", ""a"", ""t""]}, {""rule_source"": ""azwADyAyI"", ""rule"": ""8.2.39"", ""result"": [""a"", ""BavanI"", """", ""y"", ""a"", ""d""]}, {""rule_source"": ""azwADyAyI"", ""rule"": ""8.4.56"", ""result"": [""a"", ""BavanI"", """", ""y"", ""a"", ""t""]}, {""rule_source"": ""azwADyAyI"", ""rule"": ""8.4.68"", ""result"": [""a"", ""BavanI"", """", ""y"", ""a"", ""t""]}]}, {""form_slp1"": ""aBavanIyad"", ""steps"": [{""rule_source"": ""azwADyAyI"", ""rule"": ""3.1.8"", ""result"": [""Bavana"", """", ""kyac""]}, {""rule_source"": ""azwADyAyI"", ""rule"": ""3.1.32"", ""result"": [""Bavana"", """", ""kyac""]}, {""rule_source"": ""azwADyAyI"", ""rule"": ""1.3.3"", ""result"": [""Bavana"", """", ""kyac""]}, {""rule_source"": ""azwADyAyI"", ""rule"": ""1.3.8"", ""result"": [""Bavana"", """", ""kyac""]}, {""rule_source"": ""azwADyAyI"", ""rule"": ""1.3.9"", ""result"": [""Bavana"", """", ""ya""]}, {""rule_source"": ""azwADyAyI"", ""rule"": ""1.2.45"", ""result"": [""Bavana"", """", ""ya""]}, {""rule_source"": ""azwADyAyI"", ""rule"": ""1.1.43"", ""result"": [""Bavana"", """", ""ya""]}, {""rule_source"": ""azwADyAyI"", ""rule"": ""1.1.43"", ""result"": [""Bavana"", """", ""ya""]}, {""rule_source"": ""azwADyAyI"", ""rule"": ""1.4.13"", ""result"": [""Bavana"", """", ""ya""]}, {""rule_source"": ""azwADyAyI"", ""rule"": ""7.4.33"", ""result"": [""BavanI"", """", ""ya""]}, {""rule_source"": ""azwADyAyI"", ""rule"": ""1.4.15"", ""result"": [""BavanI"", """", ""ya""]}, {""rule_source"": ""azwADyAyI"", ""rule"": ""3.2.111"", ""result"": [""BavanI"", """", ""ya"", ""laN""]}, {""rule_source"": ""azwADyAyI"", ""rule"": ""1.3.3"", ""result"": [""BavanI"", """", ""ya"", ""laN""]}, {""rule_source"": ""azwADyAyI"", ""rule"": ""1.3.9"", ""result"": [""BavanI"", """", ""ya"", ""la""]}, {""rule_source"": ""azwADyAyI"", ""rule"": ""1.3.78"", ""result"": [""BavanI"", """", ""ya"", ""la""]}, {""rule_source"": ""azwADyAyI"", ""rule"": ""3.4.78"", ""result"": [""BavanI"", """", ""ya"", ""tip""]}, {""rule_source"": ""azwADyAyI"", ""rule"": ""1.3.3"", ""result"": [""BavanI"", """", ""ya"", ""tip""]}, {""rule_source"": ""azwADyAyI"", ""rule"": ""1.3.9"", ""result"": [""BavanI"", """", ""ya"", ""ti""]}, {""rule_source"": ""azwADyAyI"", ""rule"": ""3.4.113"", ""result"": [""BavanI"", """", ""ya"", ""ti""]}, {""rule_source"": ""azwADyAyI"", ""rule"": ""1.1.43"", ""result"": [""BavanI"", """", ""ya"", ""ti""]}, {""rule_source"": ""azwADyAyI"", ""rule"": ""3.1.68"", ""result"": [""BavanI"", """", ""ya"", ""Sap"", ""ti""]}, {""rule_source"": ""azwADyAyI"", ""rule"": ""1.3.3"", ""result"": [""BavanI"", """", ""ya"", ""Sap"", ""ti""]}, {""rule_source"": ""azwADyAyI"", ""rule"": ""1.3.8"", ""result"": [""BavanI"", """", ""ya"", ""Sap"", ""ti""]}, {""rule_source"": ""azwADyAyI"", ""rule"": ""1.3.9"", ""result"": [""BavanI"", """", ""ya"", ""a"", ""ti""]}, {""rule_source"": ""azwADyAyI"", ""rule"": ""3.4.113"", ""result"": [""BavanI"", """", ""ya"", ""a"", ""ti""]}, {""rule_source"": ""azwADyAyI"", ""rule"": ""1.1.43"", ""result"": [""BavanI"", """", ""ya"", ""a"", ""ti""]}, {""rule_source"": ""azwADyAyI"", ""rule"": ""3.4.100"", ""result"": [""BavanI"", """", ""ya"", ""a"", ""t""]}, {""rule_source"": ""azwADyAyI"", ""rule"": ""1.4.13"", ""result"": [""BavanI"", """", ""ya"", ""a"", ""t""]}, {""rule_source"": ""azwADyAyI"", ""rule"": ""6.4.71"", ""result"": [""aw"", ""BavanI"", """", ""ya"", ""a"", ""t""]}, {""rule_source"": ""azwADyAyI"", ""rule"": ""1.3.3"", ""result"": [""aw"", ""BavanI"", """", ""ya"", ""a"", ""t""]}, {""rule_source"": ""azwADyAyI"", ""rule"": ""1.3.9"", ""result"": [""a"", ""BavanI"", """", ""ya"", ""a"", ""t""]}, {""rule_source"": ""azwADyAyI"", ""rule"": ""7.4.25"", ""result"": [""a"", ""BavanI"", """", ""ya"", ""a"", ""t""]}, {""rule_source"": ""azwADyAyI"", ""rule"": ""1.4.15"", ""result"": [""a"", ""BavanI"", """", ""ya"", ""a"", ""t""]}, {""rule_source"": ""azwADyAyI"", ""rule"": ""1.4.14"", ""result"": [""a"", ""BavanI"", """", ""ya"", ""a"", ""t""]}, {""rule_source"": ""azwADyAyI"", ""rule"": ""6.1.97"", ""result"": [""a"", ""BavanI"", """", ""y"", ""a"", ""t""]}, {""rule_source"": ""azwADyAyI"", ""rule"": ""8.2.39"", ""result"": [""a"", ""BavanI"", """", ""y"", ""a"", ""d""]}, {""rule_source"": ""azwADyAyI"", ""rule"": ""8.4.68"", ""result"": [""a"", ""BavanI"", """", ""y"", ""a"", ""d""]}]}], ""atmanepada"": []}"
namadhatu:53b29795f184979d0168,namadhatu,vidhilin,विधिलिङ् (vidhiliṅ),"possibility, prescription, or intention",Prathama,Eka,BavanIyed;BavanIyet,,BavanIyed;BavanIyet,2,locally_regenerated,"{""parasmaipada"": [{""form_slp1"": ""BavanIyet"", ""steps"": [{""rule_source"": ""azwADyAyI"", ""rule"": ""3.1.8"", ""result"": [""Bavana"", """", ""kyac""]}, {""rule_source"": ""azwADyAyI"", ""rule"": ""3.1.32"", ""result"": [""Bavana"", """", ""kyac""]}, {""rule_source"": ""azwADyAyI"", ""rule"": ""1.3.3"", ""result"": [""Bavana"", """", ""kyac""]}, {""rule_source"": ""azwADyAyI"", ""rule"": ""1.3.8"", ""result"": [""Bavana"", """", ""kyac""]}, {""rule_source"": ""azwADyAyI"", ""rule"": ""1.3.9"", ""result"": [""Bavana"", """", ""ya""]}, {""rule_source"": ""azwADyAyI"", ""rule"": ""1.2.45"", ""result"": [""Bavana"", """", ""ya""]}, {""rule_source"": ""azwADyAyI"", ""rule"": ""1.1.43"", ""result"": [""Bavana"", """", ""ya""]}, {""rule_source"": ""azwADyAyI"", ""rule"": ""1.1.43"", ""result"": [""Bavana"", """", ""ya""]}, {""rule_source"": ""azwADyAyI"", ""rule"": ""1.4.13"", ""result"": [""Bavana"", """", ""ya""]}, {""rule_source"": ""azwADyAyI"", ""rule"": ""7.4.33"", ""result"": [""BavanI"", """", ""ya""]}, {""rule_source"": ""azwADyAyI"", ""rule"": ""1.4.15"", ""result"": [""BavanI"", """", ""ya""]}, {""rule_source"": ""azwADyAyI"", ""rule"": ""3.3.161"", ""result"": [""BavanI"", """", ""ya"", ""li~N""]}, {""rule_source"": ""azwADyAyI"", ""rule"": ""1.3.2"", ""result"": [""BavanI"", """", ""ya"", ""li~N""]}, {""rule_source"": ""azwADyAyI"", ""rule"": ""1.3.3"", ""result"": [""BavanI"", """", ""ya"", ""li~N""]}, {""rule_source"": ""azwADyAyI"", ""rule"": ""1.3.9"", ""result"": [""BavanI"", """", ""ya"", ""l""]}, {""rule_source"": ""azwADyAyI"", ""rule"": ""1.3.78"", ""result"": [""BavanI"", """", ""ya"", ""l""]}, {""rule_source"": ""azwADyAyI"", ""rule"": ""3.4.78"", ""result"": [""BavanI"", """", ""ya"", ""tip""]}, {""rule_source"": ""azwADyAyI"", ""rule"": ""1.3.3"", ""result"": [""BavanI"", """", ""ya"", ""tip""]}, {""rule_source"": ""azwADyAyI"", ""rule"": ""1.3.9"", ""result"": [""BavanI"", """", ""ya"", ""ti""]}, {""rule_source"": ""azwADyAyI"", ""rule"": ""3.4.113"", ""result"": [""BavanI"", """", ""ya"", ""ti""]}, {""rule_source"": ""azwADyAyI"", ""rule"": ""1.1.43"", ""result"": [""BavanI"", """", ""ya"", ""ti""]}, {""rule_source"": ""azwADyAyI"", ""rule"": ""3.1.68"", ""result"": [""BavanI"", """", ""ya"", ""Sap"", ""ti""]}, {""rule_source"": ""azwADyAyI"", ""rule"": ""1.3.3"", ""result"": [""BavanI"", """", ""ya"", ""Sap"", ""ti""]}, {""rule_source"": ""azwADyAyI"", ""rule"": ""1.3.8"", ""result"": [""BavanI"", """", ""ya"", ""Sap"", ""ti""]}, {""rule_source"": ""azwADyAyI"", ""rule"": ""1.3.9"", ""result"": [""BavanI"", """", ""ya"", ""a"", ""ti""]}, {""rule_source"": ""azwADyAyI"", ""rule"": ""3.4.113"", ""result"": [""BavanI"", """", ""ya"", ""a"", ""ti""]}, {""rule_source"": ""azwADyAyI"", ""rule"": ""1.1.43"", ""result"": [""BavanI"", """", ""ya"", ""a"", ""ti""]}, {""rule_source"": ""azwADyAyI"", ""rule"": ""3.4.100"", ""result"": [""BavanI"", """", ""ya"", ""a"", ""t""]}, {""rule_source"": ""azwADyAyI"", ""rule"": ""3.4.103"", ""result"": [""BavanI"", """", ""ya"", ""a"", ""yAsu~w"", ""t""]}, {""rule_source"": ""azwADyAyI"", ""rule"": ""1.3.2"", ""result"": [""BavanI"", """", ""ya"", ""a"", ""yAsu~w"", ""t""]}, {""rule_source"": ""azwADyAyI"", ""rule"": ""1.3.3"", ""result"": [""BavanI"", """", ""ya"", ""a"", ""yAsu~w"", ""t""]}, {""rule_source"": ""azwADyAyI"", ""rule"": ""1.3.9"", ""result"": [""BavanI"", """", ""ya"", ""a"", ""yAs"", ""t""]}, {""rule_source"": ""azwADyAyI"", ""rule"": ""3.4.107"", ""result"": [""BavanI"", """", ""ya"", ""a"", ""yAs"", ""st""]}, {""rule_source"": ""azwADyAyI"", ""rule"": ""1.4.13"", ""result"": [""BavanI"", """", ""ya"", ""a"", ""yAs"", ""st""]}, {""rule_source"": ""azwADyAyI"", ""rule"": ""7.2.79"", ""result"": [""BavanI"", """", ""ya"", ""a"", ""yA"", ""t""]}, {""rule_source"": ""azwADyAyI"", ""rule"": ""7.2.80"", ""result"": [""BavanI"", """", ""ya"", ""a"", ""iy"", ""t""]}, {""rule_source"": ""azwADyAyI"", ""rule"": ""6.1.66"", ""result"": [""BavanI"", """", ""ya"", ""a"", ""i"", ""t""]}, {""rule_source"": ""azwADyAyI"", ""rule"": ""7.4.25"", ""result"": [""BavanI"", """", ""ya"", ""a"", ""i"", ""t""]}, {""rule_source"": ""azwADyAyI"", ""rule"": ""1.4.15"", ""result"": [""BavanI"", """", ""ya"", ""a"", ""i"", ""t""]}, {""rule_source"": ""azwADyAyI"", ""rule"": ""1.4.14"", ""result"": [""BavanI"", """", ""ya"", ""a"", ""i"", ""t""]}, {""rule_source"": ""azwADyAyI"", ""rule"": ""6.1.97"", ""result"": [""BavanI"", """", ""y"", ""a"", ""i"", ""t""]}, {""rule_source"": ""azwADyAyI"", ""rule"": ""6.1.87"", ""result"": [""BavanI"", """", ""y"", """", ""e"", ""t""]}, {""rule_source"": ""azwADyAyI"", ""rule"": ""8.2.39"", ""result"": [""BavanI"", """", ""y"", """", ""e"", ""d""]}, {""rule_source"": ""azwADyAyI"", ""rule"": ""8.4.56"", ""result"": [""BavanI"", """", ""y"", """", ""e"", ""t""]}, {""rule_source"": ""azwADyAyI"", ""rule"": ""8.4.68"", ""result"": [""BavanI"", """", ""y"", """", ""e"", ""t""]}]}, {""form_slp1"": ""BavanIyed"", ""steps"": [{""rule_source"": ""azwADyAyI"", ""rule"": ""3.1.8"", ""result"": [""Bavana"", """", ""kyac""]}, {""rule_source"": ""azwADyAyI"", ""rule"": ""3.1.32"", ""result"": [""Bavana"", """", ""kyac""]}, {""rule_source"": ""azwADyAyI"", ""rule"": ""1.3.3"", ""result"": [""Bavana"", """", ""kyac""]}, {""rule_source"": ""azwADyAyI"", ""rule"": ""1.3.8"", ""result"": [""Bavana"", """", ""kyac""]}, {""rule_source"": ""azwADyAyI"", ""rule"": ""1.3.9"", ""result"": [""Bavana"", """", ""ya""]}, {""rule_source"": ""azwADyAyI"", ""rule"": ""1.2.45"", ""result"": [""Bavana"", """", ""ya""]}, {""rule_source"": ""azwADyAyI"", ""rule"": ""1.1.43"", ""result"": [""Bavana"", """", ""ya""]}, {""rule_source"": ""azwADyAyI"", ""rule"": ""1.1.43"", ""result"": [""Bavana"", """", ""ya""]}, {""rule_source"": ""azwADyAyI"", ""rule"": ""1.4.13"", ""result"": [""Bavana"", """", ""ya""]}, {""rule_source"": ""azwADyAyI"", ""rule"": ""7.4.33"", ""result"": [""BavanI"", """", ""ya""]}, {""rule_source"": ""azwADyAyI"", ""rule"": ""1.4.15"", ""result"": [""BavanI"", """", ""ya""]}, {""rule_source"": ""azwADyAyI"", ""rule"": ""3.3.161"", ""result"": [""BavanI"", """", ""ya"", ""li~N""]}, {""rule_source"": ""azwADyAyI"", ""rule"": ""1.3.2"", ""result"": [""BavanI"", """", ""ya"", ""li~N""]}, {""rule_source"": ""azwADyAyI"", ""rule"": ""1.3.3"", ""result"": [""BavanI"", """", ""ya"", ""li~N""]}, {""rule_source"": ""azwADyAyI"", ""rule"": ""1.3.9"", ""result"": [""BavanI"", """", ""ya"", ""l""]}, {""rule_source"": ""azwADyAyI"", ""rule"": ""1.3.78"", ""result"": [""BavanI"", """", ""ya"", ""l""]}, {""rule_source"": ""azwADyAyI"", ""rule"": ""3.4.78"", ""result"": [""BavanI"", """", ""ya"", ""tip""]}, {""rule_source"": ""azwADyAyI"", ""rule"": ""1.3.3"", ""result"": [""BavanI"", """", ""ya"", ""tip""]}, {""rule_source"": ""azwADyAyI"", ""rule"": ""1.3.9"", ""result"": [""BavanI"", """", ""ya"", ""ti""]}, {""rule_source"": ""azwADyAyI"", ""rule"": ""3.4.113"", ""result"": [""BavanI"", """", ""ya"", ""ti""]}, {""rule_source"": ""azwADyAyI"", ""rule"": ""1.1.43"", ""result"": [""BavanI"", """", ""ya"", ""ti""]}, {""rule_source"": ""azwADyAyI"", ""rule"": ""3.1.68"", ""result"": [""BavanI"", """", ""ya"", ""Sap"", ""ti""]}, {""rule_source"": ""azwADyAyI"", ""rule"": ""1.3.3"", ""result"": [""BavanI"", """", ""ya"", ""Sap"", ""ti""]}, {""rule_source"": ""azwADyAyI"", ""rule"": ""1.3.8"", ""result"": [""BavanI"", """", ""ya"", ""Sap"", ""ti""]}, {""rule_source"": ""azwADyAyI"", ""rule"": ""1.3.9"", ""result"": [""BavanI"", """", ""ya"", ""a"", ""ti""]}, {""rule_source"": ""azwADyAyI"", ""rule"": ""3.4.113"", ""result"": [""BavanI"", """", ""ya"", ""a"", ""ti""]}, {""rule_source"": ""azwADyAyI"", ""rule"": ""1.1.43"", ""result"": [""BavanI"", """", ""ya"", ""a"", ""ti""]}, {""rule_source"": ""azwADyAyI"", ""rule"": ""3.4.100"", ""result"": [""BavanI"", """", ""ya"", ""a"", ""t""]}, {""rule_source"": ""azwADyAyI"", ""rule"": ""3.4.103"", ""result"": [""BavanI"", """", ""ya"", ""a"", ""yAsu~w"", ""t""]}, {""rule_source"": ""azwADyAyI"", ""rule"": ""1.3.2"", ""result"": [""BavanI"", """", ""ya"", ""a"", ""yAsu~w"", ""t""]}, {""rule_source"": ""azwADyAyI"", ""rule"": ""1.3.3"", ""result"": [""BavanI"", """", ""ya"", ""a"", ""yAsu~w"", ""t""]}, {""rule_source"": ""azwADyAyI"", ""rule"": ""1.3.9"", ""result"": [""BavanI"", """", ""ya"", ""a"", ""yAs"", ""t""]}, {""rule_source"": ""azwADyAyI"", ""rule"": ""3.4.107"", ""result"": [""BavanI"", """", ""ya"", ""a"", ""yAs"", ""st""]}, {""rule_source"": ""azwADyAyI"", ""rule"": ""1.4.13"", ""result"": [""BavanI"", """", ""ya"", ""a"", ""yAs"", ""st""]}, {""rule_source"": ""azwADyAyI"", ""rule"": ""7.2.79"", ""result"": [""BavanI"", """", ""ya"", ""a"", ""yA"", ""t""]}, {""rule_source"": ""azwADyAyI"", ""rule"": ""7.2.80"", ""result"": [""BavanI"", """", ""ya"", ""a"", ""iy"", ""t""]}, {""rule_source"": ""azwADyAyI"", ""rule"": ""6.1.66"", ""result"": [""BavanI"", """", ""ya"", ""a"", ""i"", ""t""]}, {""rule_source"": ""azwADyAyI"", ""rule"": ""7.4.25"", ""result"": [""BavanI"", """", ""ya"", ""a"", ""i"", ""t""]}, {""rule_source"": ""azwADyAyI"", ""rule"": ""1.4.15"", ""result"": [""BavanI"", """", ""ya"", ""a"", ""i"", ""t""]}, {""rule_source"": ""azwADyAyI"", ""rule"": ""1.4.14"", ""result"": [""BavanI"", """", ""ya"", ""a"", ""i"", ""t""]}, {""rule_source"": ""azwADyAyI"", ""rule"": ""6.1.97"", ""result"": [""BavanI"", """", ""y"", ""a"", ""i"", ""t""]}, {""rule_source"": ""azwADyAyI"", ""rule"": ""6.1.87"", ""result"": [""BavanI"", """", ""y"", """", ""e"", ""t""]}, {""rule_source"": ""azwADyAyI"", ""rule"": ""8.2.39"", ""result"": [""BavanI"", """", ""y"", """", ""e"", ""d""]}, {""rule_source"": ""azwADyAyI"", ""rule"": ""8.4.68"", ""result"": [""BavanI"", """", ""y"", """", ""e"", ""d""]}]}], ""atmanepada"": []}"
namadhatu:53b29795f184979d0168,namadhatu,ashirlin,आशीर्लिङ् (āśīrliṅ),blessing or wish,Prathama,Eka,BavanIyyAd;BavanIyyAt,,BavanIyyAd;BavanIyyAt,2,locally_regenerated,"{""parasmaipada"": [{""form_slp1"": ""BavanIyyAt"", ""steps"": [{""rule_source"": ""azwADyAyI"", ""rule"": ""3.1.8"", ""result"": [""Bavana"", """", ""kyac""]}, {""rule_source"": ""azwADyAyI"", ""rule"": ""3.1.32"", ""result"": [""Bavana"", """", ""kyac""]}, {""rule_source"": ""azwADyAyI"", ""rule"": ""1.3.3"", ""result"": [""Bavana"", """", ""kyac""]}, {""rule_source"": ""azwADyAyI"", ""rule"": ""1.3.8"", ""result"": [""Bavana"", """", ""kyac""]}, {""rule_source"": ""azwADyAyI"", ""rule"": ""1.3.9"", ""result"": [""Bavana"", """", ""ya""]}, {""rule_source"": ""azwADyAyI"", ""rule"": ""1.2.45"", ""result"": [""Bavana"", """", ""ya""]}, {""rule_source"": ""azwADyAyI"", ""rule"": ""1.1.43"", ""result"": [""Bavana"", """", ""ya""]}, {""rule_source"": ""azwADyAyI"", ""rule"": ""1.1.43"", ""result"": [""Bavana"", """", ""ya""]}, {""rule_source"": ""azwADyAyI"", ""rule"": ""1.4.13"", ""result"": [""Bavana"", """", ""ya""]}, {""rule_source"": ""azwADyAyI"", ""rule"": ""7.4.33"", ""result"": [""BavanI"", """", ""ya""]}, {""rule_source"": ""azwADyAyI"", ""rule"": ""1.4.15"", ""result"": [""BavanI"", """", ""ya""]}, {""rule_source"": ""azwADyAyI"", ""rule"": ""3.3.173"", ""result"": [""BavanI"", """", ""ya"", ""li~N""]}, {""rule_source"": ""azwADyAyI"", ""rule"": ""1.3.2"", ""result"": [""BavanI"", """", ""ya"", ""li~N""]}, {""rule_source"": ""azwADyAyI"", ""rule"": ""1.3.3"", ""result"": [""BavanI"", """", ""ya"", ""li~N""]}, {""rule_source"": ""azwADyAyI"", ""rule"": ""1.3.9"", ""result"": [""BavanI"", """", ""ya"", ""l""]}, {""rule_source"": ""azwADyAyI"", ""rule"": ""1.3.78"", ""result"": [""BavanI"", """", ""ya"", ""l""]}, {""rule_source"": ""azwADyAyI"", ""rule"": ""3.4.78"", ""result"": [""BavanI"", """", ""ya"", ""tip""]}, {""rule_source"": ""azwADyAyI"", ""rule"": ""1.3.3"", ""result"": [""BavanI"", """", ""ya"", ""tip""]}, {""rule_source"": ""azwADyAyI"", ""rule"": ""1.3.9"", ""result"": [""BavanI"", """", ""ya"", ""ti""]}, {""rule_source"": ""azwADyAyI"", ""rule"": ""3.4.116"", ""result"": [""BavanI"", """", ""ya"", ""ti""]}, {""rule_source"": ""azwADyAyI"", ""rule"": ""1.1.43"", ""result"": [""BavanI"", """", ""ya"", ""ti""]}, {""rule_source"": ""azwADyAyI"", ""rule"": ""3.4.100"", ""result"": [""BavanI"", """", ""ya"", ""t""]}, {""rule_source"": ""azwADyAyI"", ""rule"": ""3.4.104"", ""result"": [""BavanI"", """", ""ya"", ""yAsu~w"", ""t""]}, {""rule_source"": ""azwADyAyI"", ""rule"": ""1.3.2"", ""result"": [""BavanI"", """", ""ya"", ""yAsu~w"", ""t""]}, {""rule_source"": ""azwADyAyI"", ""rule"": ""1.3.3"", ""result"": [""BavanI"", """", ""ya"", ""yAsu~w"", ""t""]}, {""rule_source"": ""azwADyAyI"", ""rule"": ""1.3.9"", ""result"": [""BavanI"", """", ""ya"", ""yAs"", ""t""]}, {""rule_source"": ""azwADyAyI"", ""rule"": ""3.4.107"", ""result"": [""BavanI"", """", ""ya"", ""yAs"", ""st""]}, {""rule_source"": ""azwADyAyI"", ""rule"": ""3.4.116"", ""result"": [""BavanI"", """", ""ya"", ""yAs"", ""st""]}, {""rule_source"": ""azwADyAyI"", ""rule"": ""1.1.43"", ""result"": [""BavanI"", """", ""ya"", ""yAs"", ""st""]}, {""rule_source"": ""azwADyAyI"", ""rule"": ""1.4.13"", ""result"": [""BavanI"", """", ""ya"", ""yAs"", ""st""]}, {""rule_source"": ""azwADyAyI"", ""rule"": ""6.4.48"", ""result"": [""BavanI"", """", ""y"", ""yAs"", ""st""]}, {""rule_source"": ""azwADyAyI"", ""rule"": ""7.4.25"", ""result"": [""BavanI"", """", ""y"", ""yAs"", ""st""]}, {""rule_source"": ""azwADyAyI"", ""rule"": ""1.4.15"", ""result"": [""BavanI"", """", ""y"", ""yAs"", ""st""]}, {""rule_source"": ""azwADyAyI"", ""rule"": ""1.4.14"", ""result"": [""BavanI"", """", ""y"", ""yAs"", ""st""]}, {""rule_source"": ""azwADyAyI"", ""rule"": ""8.2.29"", ""result"": [""BavanI"", """", ""y"", ""yA"", ""st""]}, {""rule_source"": ""azwADyAyI"", ""rule"": ""8.2.29"", ""result"": [""BavanI"", """", ""y"", ""yA"", ""t""]}, {""rule_source"": ""azwADyAyI"", ""rule"": ""8.2.39"", ""result"": [""BavanI"", """", ""y"", ""yA"", ""d""]}, {""rule_source"": ""azwADyAyI"", ""rule"": ""8.4.56"", ""result"": [""BavanI"", """", ""y"", ""yA"", ""t""]}, {""rule_source"": ""azwADyAyI"", ""rule"": ""8.4.68"", ""result"": [""BavanI"", """", ""y"", ""yA"", ""t""]}]}, {""form_slp1"": ""BavanIyyAd"", ""steps"": [{""rule_source"": ""azwADyAyI"", ""rule"": ""3.1.8"", ""result"": [""Bavana"", """", ""kyac""]}, {""rule_source"": ""azwADyAyI"", ""rule"": ""3.1.32"", ""result"": [""Bavana"", """", ""kyac""]}, {""rule_source"": ""azwADyAyI"", ""rule"": ""1.3.3"", ""result"": [""Bavana"", """", ""kyac""]}, {""rule_source"": ""azwADyAyI"", ""rule"": ""1.3.8"", ""result"": [""Bavana"", """", ""kyac""]}, {""rule_source"": ""azwADyAyI"", ""rule"": ""1.3.9"", ""result"": [""Bavana"", """", ""ya""]}, {""rule_source"": ""azwADyAyI"", ""rule"": ""1.2.45"", ""result"": [""Bavana"", """", ""ya""]}, {""rule_source"": ""azwADyAyI"", ""rule"": ""1.1.43"", ""result"": [""Bavana"", """", ""ya""]}, {""rule_source"": ""azwADyAyI"", ""rule"": ""1.1.43"", ""result"": [""Bavana"", """", ""ya""]}, {""rule_source"": ""azwADyAyI"", ""rule"": ""1.4.13"", ""result"": [""Bavana"", """", ""ya""]}, {""rule_source"": ""azwADyAyI"", ""rule"": ""7.4.33"", ""result"": [""BavanI"", """", ""ya""]}, {""rule_source"": ""azwADyAyI"", ""rule"": ""1.4.15"", ""result"": [""BavanI"", """", ""ya""]}, {""rule_source"": ""azwADyAyI"", ""rule"": ""3.3.173"", ""result"": [""BavanI"", """", ""ya"", ""li~N""]}, {""rule_source"": ""azwADyAyI"", ""rule"": ""1.3.2"", ""result"": [""BavanI"", """", ""ya"", ""li~N""]}, {""rule_source"": ""azwADyAyI"", ""rule"": ""1.3.3"", ""result"": [""BavanI"", """", ""ya"", ""li~N""]}, {""rule_source"": ""azwADyAyI"", ""rule"": ""1.3.9"", ""result"": [""BavanI"", """", ""ya"", ""l""]}, {""rule_source"": ""azwADyAyI"", ""rule"": ""1.3.78"", ""result"": [""BavanI"", """", ""ya"", ""l""]}, {""rule_source"": ""azwADyAyI"", ""rule"": ""3.4.78"", ""result"": [""BavanI"", """", ""ya"", ""tip""]}, {""rule_source"": ""azwADyAyI"", ""rule"": ""1.3.3"", ""result"": [""BavanI"", """", ""ya"", ""tip""]}, {""rule_source"": ""azwADyAyI"", ""rule"": ""1.3.9"", ""result"": [""BavanI"", """", ""ya"", ""ti""]}, {""rule_source"": ""azwADyAyI"", ""rule"": ""3.4.116"", ""result"": [""BavanI"", """", ""ya"", ""ti""]}, {""rule_source"": ""azwADyAyI"", ""rule"": ""1.1.43"", ""result"": [""BavanI"", """", ""ya"", ""ti""]}, {""rule_source"": ""azwADyAyI"", ""rule"": ""3.4.100"", ""result"": [""BavanI"", """", ""ya"", ""t""]}, {""rule_source"": ""azwADyAyI"", ""rule"": ""3.4.104"", ""result"": [""BavanI"", """", ""ya"", ""yAsu~w"", ""t""]}, {""rule_source"": ""azwADyAyI"", ""rule"": ""1.3.2"", ""result"": [""BavanI"", """", ""ya"", ""yAsu~w"", ""t""]}, {""rule_source"": ""azwADyAyI"", ""rule"": ""1.3.3"", ""result"": [""BavanI"", """", ""ya"", ""yAsu~w"", ""t""]}, {""rule_source"": ""azwADyAyI"", ""rule"": ""1.3.9"", ""result"": [""BavanI"", """", ""ya"", ""yAs"", ""t""]}, {""rule_source"": ""azwADyAyI"", ""rule"": ""3.4.107"", ""result"": [""BavanI"", """", ""ya"", ""yAs"", ""st""]}, {""rule_source"": ""azwADyAyI"", ""rule"": ""3.4.116"", ""result"": [""BavanI"", """", ""ya"", ""yAs"", ""st""]}, {""rule_source"": ""azwADyAyI"", ""rule"": ""1.1.43"", ""result"": [""BavanI"", """", ""ya"", ""yAs"", ""st""]}, {""rule_source"": ""azwADyAyI"", ""rule"": ""1.4.13"", ""result"": [""BavanI"", """", ""ya"", ""yAs"", ""st""]}, {""rule_source"": ""azwADyAyI"", ""rule"": ""6.4.48"", ""result"": [""BavanI"", """", ""y"", ""yAs"", ""st""]}, {""rule_source"": ""azwADyAyI"", ""rule"": ""7.4.25"", ""result"": [""BavanI"", """", ""y"", ""yAs"", ""st""]}, {""rule_source"": ""azwADyAyI"", ""rule"": ""1.4.15"", ""result"": [""BavanI"", """", ""y"", ""yAs"", ""st""]}, {""rule_source"": ""azwADyAyI"", ""rule"": ""1.4.14"", ""result"": [""BavanI"", """", ""y"", ""yAs"", ""st""]}, {""rule_source"": ""azwADyAyI"", ""rule"": ""8.2.29"", ""result"": [""BavanI"", """", ""y"", ""yA"", ""st""]}, {""rule_source"": ""azwADyAyI"", ""rule"": ""8.2.29"", ""result"": [""BavanI"", """", ""y"", ""yA"", ""t""]}, {""rule_source"": ""azwADyAyI"", ""rule"": ""8.2.39"", ""result"": [""BavanI"", """", ""y"", ""yA"", ""d""]}, {""rule_source"": ""azwADyAyI"", ""rule"": ""8.4.68"", ""result"": [""BavanI"", """", ""y"", ""yA"", ""d""]}]}], ""atmanepada"": []}"
namadhatu:53b29795f184979d0168,namadhatu,lun,लुङ् (luṅ),aorist past,Prathama,Eka,aBavanIyId;aBavanIyIt,,aBavanIyId;aBavanIyIt,2,locally_regenerated,"{""parasmaipada"": [{""form_slp1"": ""aBavanIyIt"", ""steps"": [{""rule_source"": ""azwADyAyI"", ""rule"": ""3.1.8"", ""result"": [""Bavana"", """", ""kyac""]}, {""rule_source"": ""azwADyAyI"", ""rule"": ""3.1.32"", ""result"": [""Bavana"", """", ""kyac""]}, {""rule_source"": ""azwADyAyI"", ""rule"": ""1.3.3"", ""result"": [""Bavana"", """", ""kyac""]}, {""rule_source"": ""azwADyAyI"", ""rule"": ""1.3.8"", ""result"": [""Bavana"", """", ""kyac""]}, {""rule_source"": ""azwADyAyI"", ""rule"": ""1.3.9"", ""result"": [""Bavana"", """", ""ya""]}, {""rule_source"": ""azwADyAyI"", ""rule"": ""1.2.45"", ""result"": [""Bavana"", """", ""ya""]}, {""rule_source"": ""azwADyAyI"", ""rule"": ""1.1.43"", ""result"": [""Bavana"", """", ""ya""]}, {""rule_source"": ""azwADyAyI"", ""rule"": ""1.1.43"", ""result"": [""Bavana"", """", ""ya""]}, {""rule_source"": ""azwADyAyI"", ""rule"": ""1.4.13"", ""result"": [""Bavana"", """", ""ya""]}, {""rule_source"": ""azwADyAyI"", ""rule"": ""7.4.33"", ""result"": [""BavanI"", """", ""ya""]}, {""rule_source"": ""azwADyAyI"", ""rule"": ""1.4.15"", ""result"": [""BavanI"", """", ""ya""]}, {""rule_source"": ""azwADyAyI"", ""rule"": ""3.2.110"", ""result"": [""BavanI"", """", ""ya"", ""lu~N""]}, {""rule_source"": ""azwADyAyI"", ""rule"": ""1.3.2"", ""result"": [""BavanI"", """", ""ya"", ""lu~N""]}, {""rule_source"": ""azwADyAyI"", ""rule"": ""1.3.3"", ""result"": [""BavanI"", """", ""ya"", ""lu~N""]}, {""rule_source"": ""azwADyAyI"", ""rule"": ""1.3.9"", ""result"": [""BavanI"", """", ""ya"", ""l""]}, {""rule_source"": ""azwADyAyI"", ""rule"": ""1.3.78"", ""result"": [""BavanI"", """", ""ya"", ""l""]}, {""rule_source"": ""azwADyAyI"", ""rule"": ""3.4.78"", ""result"": [""BavanI"", """", ""ya"", ""tip""]}, {""rule_source"": ""azwADyAyI"", ""rule"": ""1.3.3"", ""result"": [""BavanI"", """", ""ya"", ""tip""]}, {""rule_source"": ""azwADyAyI"", ""rule"": ""1.3.9"", ""result"": [""BavanI"", """", ""ya"", ""ti""]}, {""rule_source"": ""azwADyAyI"", ""rule"": ""3.4.113"", ""result"": [""BavanI"", """", ""ya"", ""ti""]}, {""rule_source"": ""azwADyAyI"", ""rule"": ""1.1.43"", ""result"": [""BavanI"", """", ""ya"", ""ti""]}, {""rule_source"": ""azwADyAyI"", ""rule"": ""3.1.43"", ""result"": [""BavanI"", """", ""ya"", ""cli~"", ""ti""]}, {""rule_source"": ""azwADyAyI"", ""rule"": ""3.1.44"", ""result"": [""BavanI"", """", ""ya"", ""si~c"", ""ti""]}, {""rule_source"": ""azwADyAyI"", ""rule"": ""1.3.2"", ""result"": [""BavanI"", """", ""ya"", ""si~c"", ""ti""]}, {""rule_source"": ""azwADyAyI"", ""rule"": ""1.3.3"", ""result"": [""BavanI"", """", ""ya"", ""si~c"", ""ti""]}, {""rule_source"": ""azwADyAyI"", ""rule"": ""1.3.9"", ""result"": [""BavanI"", """", ""ya"", ""s"", ""ti""]}, {""rule_source"": ""azwADyAyI"", ""rule"": ""3.4.114"", ""result"": [""BavanI"", """", ""ya"", ""s"", ""ti""]}, {""rule_source"": ""azwADyAyI"", ""rule"": ""1.1.43"", ""result"": [""BavanI"", """", ""ya"", ""s"", ""ti""]}, {""rule_source"": ""azwADyAyI"", ""rule"": ""3.4.100"", ""result"": [""BavanI"", """", ""ya"", ""s"", ""t""]}, {""rule_source"": ""azwADyAyI"", ""rule"": ""7.2.35"", ""result"": [""BavanI"", """", ""ya"", ""iw"", ""s"", ""t""]}, {""rule_source"": ""azwADyAyI"", ""rule"": ""1.3.3"", ""result"": [""BavanI"", """", ""ya"", ""iw"", ""s"", ""t""]}, {""rule_source"": ""azwADyAyI"", ""rule"": ""1.3.9"", ""result"": [""BavanI"", """", ""ya"", ""i"", ""s"", ""t""]}, {""rule_source"": ""azwADyAyI"", ""rule"": ""1.4.13"", ""result"": [""BavanI"", """", ""ya"", ""i"", ""s"", ""t""]}, {""rule_source"": ""azwADyAyI"", ""rule"": ""7.3.96"", ""result"": [""BavanI"", """", ""ya"", ""i"", ""s"", ""Iw"", ""t""]}, {""rule_source"": ""azwADyAyI"", ""rule"": ""1.3.3"", ""result"": [""BavanI"", """", ""ya"", ""i"", ""s"", ""Iw"", ""t""]}, {""rule_source"": ""azwADyAyI"", ""rule"": ""1.3.9"", ""result"": [""BavanI"", """", ""ya"", ""i"", ""s"", ""I"", ""t""]}, {""rule_source"": ""azwADyAyI"", ""rule"": ""6.4.71"", ""result"": [""aw"", ""BavanI"", """", ""ya"", ""i"", ""s"", ""I"", ""t""]}, {""rule_source"": ""azwADyAyI"", ""rule"": ""1.3.3"", ""result"": [""aw"", ""BavanI"", """", ""ya"", ""i"", ""s"", ""I"", ""t""]}, {""rule_source"": ""azwADyAyI"", ""rule"": ""1.3.9"", ""result"": [""a"", ""BavanI"", """", ""ya"", ""i"", ""s"", ""I"", ""t""]}, {""rule_source"": ""azwADyAyI"", ""rule"": ""6.4.48"", ""result"": [""a"", ""BavanI"", """", ""y"", ""i"", ""s"", ""I"", ""t""]}, {""rule_source"": ""azwADyAyI"", ""rule"": ""7.4.25"", ""result"": [""a"", ""BavanI"", """", ""y"", ""i"", ""s"", ""I"", ""t""]}, {""rule_source"": ""azwADyAyI"", ""rule"": ""1.4.15"", ""result"": [""a"", ""BavanI"", """", ""y"", ""i"", ""s"", ""I"", ""t""]}, {""rule_source"": ""azwADyAyI"", ""rule"": ""1.4.14"", ""result"": [""a"", ""BavanI"", """", ""y"", ""i"", ""s"", ""I"", ""t""]}, {""rule_source"": ""azwADyAyI"", ""rule"": ""8.2.28"", ""result"": [""a"", ""BavanI"", """", ""y"", ""i"", """", ""I"", ""t""]}, {""rule_source"": ""azwADyAyI"", ""rule"": ""6.1.101"", ""result"": [""a"", ""BavanI"", """", ""y"", ""I"", """", """", ""t""]}, {""rule_source"": ""azwADyAyI"", ""rule"": ""8.2.39"", ""result"": [""a"", ""BavanI"", """", ""y"", ""I"", """", """", ""d""]}, {""rule_source"": ""azwADyAyI"", ""rule"": ""8.4.56"", ""result"": [""a"", ""BavanI"", """", ""y"", ""I"", """", """", ""t""]}, {""rule_source"": ""azwADyAyI"", ""rule"": ""8.4.68"", ""result"": [""a"", ""BavanI"", """", ""y"", ""I"", """", """", ""t""]}]}, {""form_slp1"": ""aBavanIyId"", ""steps"": [{""rule_source"": ""azwADyAyI"", ""rule"": ""3.1.8"", ""result"": [""Bavana"", """", ""kyac""]}, {""rule_source"": ""azwADyAyI"", ""rule"": ""3.1.32"", ""result"": [""Bavana"", """", ""kyac""]}, {""rule_source"": ""azwADyAyI"", ""rule"": ""1.3.3"", ""result"": [""Bavana"", """", ""kyac""]}, {""rule_source"": ""azwADyAyI"", ""rule"": ""1.3.8"", ""result"": [""Bavana"", """", ""kyac""]}, {""rule_source"": ""azwADyAyI"", ""rule"": ""1.3.9"", ""result"": [""Bavana"", """", ""ya""]}, {""rule_source"": ""azwADyAyI"", ""rule"": ""1.2.45"", ""result"": [""Bavana"", """", ""ya""]}, {""rule_source"": ""azwADyAyI"", ""rule"": ""1.1.43"", ""result"": [""Bavana"", """", ""ya""]}, {""rule_source"": ""azwADyAyI"", ""rule"": ""1.1.43"", ""result"": [""Bavana"", """", ""ya""]}, {""rule_source"": ""azwADyAyI"", ""rule"": ""1.4.13"", ""result"": [""Bavana"", """", ""ya""]}, {""rule_source"": ""azwADyAyI"", ""rule"": ""7.4.33"", ""result"": [""BavanI"", """", ""ya""]}, {""rule_source"": ""azwADyAyI"", ""rule"": ""1.4.15"", ""result"": [""BavanI"", """", ""ya""]}, {""rule_source"": ""azwADyAyI"", ""rule"": ""3.2.110"", ""result"": [""BavanI"", """", ""ya"", ""lu~N""]}, {""rule_source"": ""azwADyAyI"", ""rule"": ""1.3.2"", ""result"": [""BavanI"", """", ""ya"", ""lu~N""]}, {""rule_source"": ""azwADyAyI"", ""rule"": ""1.3.3"", ""result"": [""BavanI"", """", ""ya"", ""lu~N""]}, {""rule_source"": ""azwADyAyI"", ""rule"": ""1.3.9"", ""result"": [""BavanI"", """", ""ya"", ""l""]}, {""rule_source"": ""azwADyAyI"", ""rule"": ""1.3.78"", ""result"": [""BavanI"", """", ""ya"", ""l""]}, {""rule_source"": ""azwADyAyI"", ""rule"": ""3.4.78"", ""result"": [""BavanI"", """", ""ya"", ""tip""]}, {""rule_source"": ""azwADyAyI"", ""rule"": ""1.3.3"", ""result"": [""BavanI"", """", ""ya"", ""tip""]}, {""rule_source"": ""azwADyAyI"", ""rule"": ""1.3.9"", ""result"": [""BavanI"", """", ""ya"", ""ti""]}, {""rule_source"": ""azwADyAyI"", ""rule"": ""3.4.113"", ""result"": [""BavanI"", """", ""ya"", ""ti""]}, {""rule_source"": ""azwADyAyI"", ""rule"": ""1.1.43"", ""result"": [""BavanI"", """", ""ya"", ""ti""]}, {""rule_source"": ""azwADyAyI"", ""rule"": ""3.1.43"", ""result"": [""BavanI"", """", ""ya"", ""cli~"", ""ti""]}, {""rule_source"": ""azwADyAyI"", ""rule"": ""3.1.44"", ""result"": [""BavanI"", """", ""ya"", ""si~c"", ""ti""]}, {""rule_source"": ""azwADyAyI"", ""rule"": ""1.3.2"", ""result"": [""BavanI"", """", ""ya"", ""si~c"", ""ti""]}, {""rule_source"": ""azwADyAyI"", ""rule"": ""1.3.3"", ""result"": [""BavanI"", """", ""ya"", ""si~c"", ""ti""]}, {""rule_source"": ""azwADyAyI"", ""rule"": ""1.3.9"", ""result"": [""BavanI"", """", ""ya"", ""s"", ""ti""]}, {""rule_source"": ""azwADyAyI"", ""rule"": ""3.4.114"", ""result"": [""BavanI"", """", ""ya"", ""s"", ""ti""]}, {""rule_source"": ""azwADyAyI"", ""rule"": ""1.1.43"", ""result"": [""BavanI"", """", ""ya"", ""s"", ""ti""]}, {""rule_source"": ""azwADyAyI"", ""rule"": ""3.4.100"", ""result"": [""BavanI"", """", ""ya"", ""s"", ""t""]}, {""rule_source"": ""azwADyAyI"", ""rule"": ""7.2.35"", ""result"": [""BavanI"", """", ""ya"", ""iw"", ""s"", ""t""]}, {""rule_source"": ""azwADyAyI"", ""rule"": ""1.3.3"", ""result"": [""BavanI"", """", ""ya"", ""iw"", ""s"", ""t""]}, {""rule_source"": ""azwADyAyI"", ""rule"": ""1.3.9"", ""result"": [""BavanI"", """", ""ya"", ""i"", ""s"", ""t""]}, {""rule_source"": ""azwADyAyI"", ""rule"": ""1.4.13"", ""result"": [""BavanI"", """", ""ya"", ""i"", ""s"", ""t""]}, {""rule_source"": ""azwADyAyI"", ""rule"": ""7.3.96"", ""result"": [""BavanI"", """", ""ya"", ""i"", ""s"", ""Iw"", ""t""]}, {""rule_source"": ""azwADyAyI"", ""rule"": ""1.3.3"", ""result"": [""BavanI"", """", ""ya"", ""i"", ""s"", ""Iw"", ""t""]}, {""rule_source"": ""azwADyAyI"", ""rule"": ""1.3.9"", ""result"": [""BavanI"", """", ""ya"", ""i"", ""s"", ""I"", ""t""]}, {""rule_source"": ""azwADyAyI"", ""rule"": ""6.4.71"", ""result"": [""aw"", ""BavanI"", """", ""ya"", ""i"", ""s"", ""I"", ""t""]}, {""rule_source"": ""azwADyAyI"", ""rule"": ""1.3.3"", ""result"": [""aw"", ""BavanI"", """", ""ya"", ""i"", ""s"", ""I"", ""t""]}, {""rule_source"": ""azwADyAyI"", ""rule"": ""1.3.9"", ""result"": [""a"", ""BavanI"", """", ""ya"", ""i"", ""s"", ""I"", ""t""]}, {""rule_source"": ""azwADyAyI"", ""rule"": ""6.4.48"", ""result"": [""a"", ""BavanI"", """", ""y"", ""i"", ""s"", ""I"", ""t""]}, {""rule_source"": ""azwADyAyI"", ""rule"": ""7.4.25"", ""result"": [""a"", ""BavanI"", """", ""y"", ""i"", ""s"", ""I"", ""t""]}, {""rule_source"": ""azwADyAyI"", ""rule"": ""1.4.15"", ""result"": [""a"", ""BavanI"", """", ""y"", ""i"", ""s"", ""I"", ""t""]}, {""rule_source"": ""azwADyAyI"", ""rule"": ""1.4.14"", ""result"": [""a"", ""BavanI"", """", ""y"", ""i"", ""s"", ""I"", ""t""]}, {""rule_source"": ""azwADyAyI"", ""rule"": ""8.2.28"", ""result"": [""a"", ""BavanI"", """", ""y"", ""i"", """", ""I"", ""t""]}, {""rule_source"": ""azwADyAyI"", ""rule"": ""6.1.101"", ""result"": [""a"", ""BavanI"", """", ""y"", ""I"", """", """", ""t""]}, {""rule_source"": ""azwADyAyI"", ""rule"": ""8.2.39"", ""result"": [""a"", ""BavanI"", """", ""y"", ""I"", """", """", ""d""]}, {""rule_source"": ""azwADyAyI"", ""rule"": ""8.4.68"", ""result"": [""a"", ""BavanI"", """", ""y"", ""I"", """", """", ""d""]}]}], ""atmanepada"": []}"
namadhatu:53b29795f184979d0168,namadhatu,lrn,लृङ् (lṛṅ),conditional,Prathama,Eka,aBavanIyizyad;aBavanIyizyat,,aBavanIyizyad;aBavanIyizyat,2,locally_regenerated,"{""parasmaipada"": [{""form_slp1"": ""aBavanIyizyat"", ""steps"": [{""rule_source"": ""azwADyAyI"", ""rule"": ""3.1.8"", ""result"": [""Bavana"", """", ""kyac""]}, {""rule_source"": ""azwADyAyI"", ""rule"": ""3.1.32"", ""result"": [""Bavana"", """", ""kyac""]}, {""rule_source"": ""azwADyAyI"", ""rule"": ""1.3.3"", ""result"": [""Bavana"", """", ""kyac""]}, {""rule_source"": ""azwADyAyI"", ""rule"": ""1.3.8"", ""result"": [""Bavana"", """", ""kyac""]}, {""rule_source"": ""azwADyAyI"", ""rule"": ""1.3.9"", ""result"": [""Bavana"", """", ""ya""]}, {""rule_source"": ""azwADyAyI"", ""rule"": ""1.2.45"", ""result"": [""Bavana"", """", ""ya""]}, {""rule_source"": ""azwADyAyI"", ""rule"": ""1.1.43"", ""result"": [""Bavana"", """", ""ya""]}, {""rule_source"": ""azwADyAyI"", ""rule"": ""1.1.43"", ""result"": [""Bavana"", """", ""ya""]}, {""rule_source"": ""azwADyAyI"", ""rule"": ""1.4.13"", ""result"": [""Bavana"", """", ""ya""]}, {""rule_source"": ""azwADyAyI"", ""rule"": ""7.4.33"", ""result"": [""BavanI"", """", ""ya""]}, {""rule_source"": ""azwADyAyI"", ""rule"": ""1.4.15"", ""result"": [""BavanI"", """", ""ya""]}, {""rule_source"": ""azwADyAyI"", ""rule"": ""3.3.139"", ""result"": [""BavanI"", """", ""ya"", ""lf~N""]}, {""rule_source"": ""azwADyAyI"", ""rule"": ""1.3.2"", ""result"": [""BavanI"", """", ""ya"", ""lf~N""]}, {""rule_source"": ""azwADyAyI"", ""rule"": ""1.3.3"", ""result"": [""BavanI"", """", ""ya"", ""lf~N""]}, {""rule_source"": ""azwADyAyI"", ""rule"": ""1.3.9"", ""result"": [""BavanI"", """", ""ya"", ""l""]}, {""rule_source"": ""azwADyAyI"", ""rule"": ""1.3.78"", ""result"": [""BavanI"", """", ""ya"", ""l""]}, {""rule_source"": ""azwADyAyI"", ""rule"": ""3.4.78"", ""result"": [""BavanI"", """", ""ya"", ""tip""]}, {""rule_source"": ""azwADyAyI"", ""rule"": ""1.3.3"", ""result"": [""BavanI"", """", ""ya"", ""tip""]}, {""rule_source"": ""azwADyAyI"", ""rule"": ""1.3.9"", ""result"": [""BavanI"", """", ""ya"", ""ti""]}, {""rule_source"": ""azwADyAyI"", ""rule"": ""3.4.113"", ""result"": [""BavanI"", """", ""ya"", ""ti""]}, {""rule_source"": ""azwADyAyI"", ""rule"": ""1.1.43"", ""result"": [""BavanI"", """", ""ya"", ""ti""]}, {""rule_source"": ""azwADyAyI"", ""rule"": ""3.1.33"", ""result"": [""BavanI"", """", ""ya"", ""sya"", ""ti""]}, {""rule_source"": ""azwADyAyI"", ""rule"": ""3.4.114"", ""result"": [""BavanI"", """", ""ya"", ""sya"", ""ti""]}, {""rule_source"": ""azwADyAyI"", ""rule"": ""1.1.43"", ""result"": [""BavanI"", """", ""ya"", ""sya"", ""ti""]}, {""rule_source"": ""azwADyAyI"", ""rule"": ""3.4.100"", ""result"": [""BavanI"", """", ""ya"", ""sya"", ""t""]}, {""rule_source"": ""azwADyAyI"", ""rule"": ""7.2.35"", ""result"": [""BavanI"", """", ""ya"", ""iw"", ""sya"", ""t""]}, {""rule_source"": ""azwADyAyI"", ""rule"": ""1.3.3"", ""result"": [""BavanI"", """", ""ya"", ""iw"", ""sya"", ""t""]}, {""rule_source"": ""azwADyAyI"", ""rule"": ""1.3.9"", ""result"": [""BavanI"", """", ""ya"", ""i"", ""sya"", ""t""]}, {""rule_source"": ""azwADyAyI"", ""rule"": ""1.4.13"", ""result"": [""BavanI"", """", ""ya"", ""i"", ""sya"", ""t""]}, {""rule_source"": ""azwADyAyI"", ""rule"": ""6.4.71"", ""result"": [""aw"", ""BavanI"", """", ""ya"", ""i"", ""sya"", ""t""]}, {""rule_source"": ""azwADyAyI"", ""rule"": ""1.3.3"", ""result"": [""aw"", ""BavanI"", """", ""ya"", ""i"", ""sya"", ""t""]}, {""rule_source"": ""azwADyAyI"", ""rule"": ""1.3.9"", ""result"": [""a"", ""BavanI"", """", ""ya"", ""i"", ""sya"", ""t""]}, {""rule_source"": ""azwADyAyI"", ""rule"": ""6.4.48"", ""result"": [""a"", ""BavanI"", """", ""y"", ""i"", ""sya"", ""t""]}, {""rule_source"": ""azwADyAyI"", ""rule"": ""7.4.25"", ""result"": [""a"", ""BavanI"", """", ""y"", ""i"", ""sya"", ""t""]}, {""rule_source"": ""azwADyAyI"", ""rule"": ""1.4.15"", ""result"": [""a"", ""BavanI"", """", ""y"", ""i"", ""sya"", ""t""]}, {""rule_source"": ""azwADyAyI"", ""rule"": ""1.4.14"", ""result"": [""a"", ""BavanI"", """", ""y"", ""i"", ""sya"", ""t""]}, {""rule_source"": ""azwADyAyI"", ""rule"": ""8.2.39"", ""result"": [""a"", ""BavanI"", """", ""y"", ""i"", ""sya"", ""d""]}, {""rule_source"": ""azwADyAyI"", ""rule"": ""8.3.59"", ""result"": [""a"", ""BavanI"", """", ""y"", ""i"", ""zya"", ""d""]}, {""rule_source"": ""azwADyAyI"", ""rule"": ""8.4.56"", ""result"": [""a"", ""BavanI"", """", ""y"", ""i"", ""zya"", ""t""]}, {""rule_source"": ""azwADyAyI"", ""rule"": ""8.4.68"", ""result"": [""a"", ""BavanI"", """", ""y"", ""i"", ""zya"", ""t""]}]}, {""form_slp1"": ""aBavanIyizyad"", ""steps"": [{""rule_source"": ""azwADyAyI"", ""rule"": ""3.1.8"", ""result"": [""Bavana"", """", ""kyac""]}, {""rule_source"": ""azwADyAyI"", ""rule"": ""3.1.32"", ""result"": [""Bavana"", """", ""kyac""]}, {""rule_source"": ""azwADyAyI"", ""rule"": ""1.3.3"", ""result"": [""Bavana"", """", ""kyac""]}, {""rule_source"": ""azwADyAyI"", ""rule"": ""1.3.8"", ""result"": [""Bavana"", """", ""kyac""]}, {""rule_source"": ""azwADyAyI"", ""rule"": ""1.3.9"", ""result"": [""Bavana"", """", ""ya""]}, {""rule_source"": ""azwADyAyI"", ""rule"": ""1.2.45"", ""result"": [""Bavana"", """", ""ya""]}, {""rule_source"": ""azwADyAyI"", ""rule"": ""1.1.43"", ""result"": [""Bavana"", """", ""ya""]}, {""rule_source"": ""azwADyAyI"", ""rule"": ""1.1.43"", ""result"": [""Bavana"", """", ""ya""]}, {""rule_source"": ""azwADyAyI"", ""rule"": ""1.4.13"", ""result"": [""Bavana"", """", ""ya""]}, {""rule_source"": ""azwADyAyI"", ""rule"": ""7.4.33"", ""result"": [""BavanI"", """", ""ya""]}, {""rule_source"": ""azwADyAyI"", ""rule"": ""1.4.15"", ""result"": [""BavanI"", """", ""ya""]}, {""rule_source"": ""azwADyAyI"", ""rule"": ""3.3.139"", ""result"": [""BavanI"", """", ""ya"", ""lf~N""]}, {""rule_source"": ""azwADyAyI"", ""rule"": ""1.3.2"", ""result"": [""BavanI"", """", ""ya"", ""lf~N""]}, {""rule_source"": ""azwADyAyI"", ""rule"": ""1.3.3"", ""result"": [""BavanI"", """", ""ya"", ""lf~N""]}, {""rule_source"": ""azwADyAyI"", ""rule"": ""1.3.9"", ""result"": [""BavanI"", """", ""ya"", ""l""]}, {""rule_source"": ""azwADyAyI"", ""rule"": ""1.3.78"", ""result"": [""BavanI"", """", ""ya"", ""l""]}, {""rule_source"": ""azwADyAyI"", ""rule"": ""3.4.78"", ""result"": [""BavanI"", """", ""ya"", ""tip""]}, {""rule_source"": ""azwADyAyI"", ""rule"": ""1.3.3"", ""result"": [""BavanI"", """", ""ya"", ""tip""]}, {""rule_source"": ""azwADyAyI"", ""rule"": ""1.3.9"", ""result"": [""BavanI"", """", ""ya"", ""ti""]}, {""rule_source"": ""azwADyAyI"", ""rule"": ""3.4.113"", ""result"": [""BavanI"", """", ""ya"", ""ti""]}, {""rule_source"": ""azwADyAyI"", ""rule"": ""1.1.43"", ""result"": [""BavanI"", """", ""ya"", ""ti""]}, {""rule_source"": ""azwADyAyI"", ""rule"": ""3.1.33"", ""result"": [""BavanI"", """", ""ya"", ""sya"", ""ti""]}, {""rule_source"": ""azwADyAyI"", ""rule"": ""3.4.114"", ""result"": [""BavanI"", """", ""ya"", ""sya"", ""ti""]}, {""rule_source"": ""azwADyAyI"", ""rule"": ""1.1.43"", ""result"": [""BavanI"", """", ""ya"", ""sya"", ""ti""]}, {""rule_source"": ""azwADyAyI"", ""rule"": ""3.4.100"", ""result"": [""BavanI"", """", ""ya"", ""sya"", ""t""]}, {""rule_source"": ""azwADyAyI"", ""rule"": ""7.2.35"", ""result"": [""BavanI"", """", ""ya"", ""iw"", ""sya"", ""t""]}, {""rule_source"": ""azwADyAyI"", ""rule"": ""1.3.3"", ""result"": [""BavanI"", """", ""ya"", ""iw"", ""sya"", ""t""]}, {""rule_source"": ""azwADyAyI"", ""rule"": ""1.3.9"", ""result"": [""BavanI"", """", ""ya"", ""i"", ""sya"", ""t""]}, {""rule_source"": ""azwADyAyI"", ""rule"": ""1.4.13"", ""result"": [""BavanI"", """", ""ya"", ""i"", ""sya"", ""t""]}, {""rule_source"": ""azwADyAyI"", ""rule"": ""6.4.71"", ""result"": [""aw"", ""BavanI"", """", ""ya"", ""i"", ""sya"", ""t""]}, {""rule_source"": ""azwADyAyI"", ""rule"": ""1.3.3"", ""result"": [""aw"", ""BavanI"", """", ""ya"", ""i"", ""sya"", ""t""]}, {""rule_source"": ""azwADyAyI"", ""rule"": ""1.3.9"", ""result"": [""a"", ""BavanI"", """", ""ya"", ""i"", ""sya"", ""t""]}, {""rule_source"": ""azwADyAyI"", ""rule"": ""6.4.48"", ""result"": [""a"", ""BavanI"", """", ""y"", ""i"", ""sya"", ""t""]}, {""rule_source"": ""azwADyAyI"", ""rule"": ""7.4.25"", ""result"": [""a"", ""BavanI"", """", ""y"", ""i"", ""sya"", ""t""]}, {""rule_source"": ""azwADyAyI"", ""rule"": ""1.4.15"", ""result"": [""a"", ""BavanI"", """", ""y"", ""i"", ""sya"", ""t""]}, {""rule_source"": ""azwADyAyI"", ""rule"": ""1.4.14"", ""result"": [""a"", ""BavanI"", """", ""y"", ""i"", ""sya"", ""t""]}, {""rule_source"": ""azwADyAyI"", ""rule"": ""8.2.39"", ""result"": [""a"", ""BavanI"", """", ""y"", ""i"", ""sya"", ""d""]}, {""rule_source"": ""azwADyAyI"", ""rule"": ""8.3.59"", ""result"": [""a"", ""BavanI"", """", ""y"", ""i"", ""zya"", ""d""]}, {""rule_source"": ""azwADyAyI"", ""rule"": ""8.4.68"", ""result"": [""a"", ""BavanI"", """", ""y"", ""i"", ""zya"", ""d""]}]}], ""atmanepada"": []}"
compound_namadhatu:653996470a251f0a3d9e,compound_namadhatu,lat,लट् (laṭ),present,Prathama,Eka,abrAhmaRIyati,,abrAhmaRIyati,1,locally_regenerated,"{""parasmaipada"": [{""form_slp1"": ""abrAhmaRIyati"", ""steps"": [{""rule_source"": ""azwADyAyI"", ""rule"": ""3.1.8"", ""result"": [""abrAhmaRa"", """", ""kyac""]}, {""rule_source"": ""azwADyAyI"", ""rule"": ""3.1.32"", ""result"": [""abrAhmaRa"", """", ""kyac""]}, {""rule_source"": ""azwADyAyI"", ""rule"": ""1.3.3"", ""result"": [""abrAhmaRa"", """", ""kyac""]}, {""rule_source"": ""azwADyAyI"", ""rule"": ""1.3.8"", ""result"": [""abrAhmaRa"", """", ""kyac""]}, {""rule_source"": ""azwADyAyI"", ""rule"": ""1.3.9"", ""result"": [""abrAhmaRa"", """", ""ya""]}, {""rule_source"": ""azwADyAyI"", ""rule"": ""1.2.45"", ""result"": [""abrAhmaRa"", """", ""ya""]}, {""rule_source"": ""azwADyAyI"", ""rule"": ""1.1.43"", ""result"": [""abrAhmaRa"", """", ""ya""]}, {""rule_source"": ""azwADyAyI"", ""rule"": ""1.1.43"", ""result"": [""abrAhmaRa"", """", ""ya""]}, {""rule_source"": ""azwADyAyI"", ""rule"": ""1.4.13"", ""result"": [""abrAhmaRa"", """", ""ya""]}, {""rule_source"": ""azwADyAyI"", ""rule"": ""7.4.33"", ""result"": [""abrAhmaRI"", """", ""ya""]}, {""rule_source"": ""azwADyAyI"", ""rule"": ""1.4.15"", ""result"": [""abrAhmaRI"", """", ""ya""]}, {""rule_source"": ""azwADyAyI"", ""rule"": ""3.2.123"", ""result"": [""abrAhmaRI"", """", ""ya"", ""la~w""]}, {""rule_source"": ""azwADyAyI"", ""rule"": ""1.3.2"", ""result"": [""abrAhmaRI"", """", ""ya"", ""la~w""]}, {""rule_source"": ""azwADyAyI"", ""rule"": ""1.3.3"", ""result"": [""abrAhmaRI"", """", ""ya"", ""la~w""]}, {""rule_source"": ""azwADyAyI"", ""rule"": ""1.3.9"", ""result"": [""abrAhmaRI"", """", ""ya"", ""l""]}, {""rule_source"": ""azwADyAyI"", ""rule"": ""1.3.78"", ""result"": [""abrAhmaRI"", """", ""ya"", ""l""]}, {""rule_source"": ""azwADyAyI"", ""rule"": ""3.4.78"", ""result"": [""abrAhmaRI"", """", ""ya"", ""tip""]}, {""rule_source"": ""azwADyAyI"", ""rule"": ""1.3.3"", ""result"": [""abrAhmaRI"", """", ""ya"", ""tip""]}, {""rule_source"": ""azwADyAyI"", ""rule"": ""1.3.9"", ""result"": [""abrAhmaRI"", """", ""ya"", ""ti""]}, {""rule_source"": ""azwADyAyI"", ""rule"": ""3.4.113"", ""result"": [""abrAhmaRI"", """", ""ya"", ""ti""]}, {""rule_source"": ""azwADyAyI"", ""rule"": ""1.1.43"", ""result"": [""abrAhmaRI"", """", ""ya"", ""ti""]}, {""rule_source"": ""azwADyAyI"", ""rule"": ""3.1.68"", ""result"": [""abrAhmaRI"", """", ""ya"", ""Sap"", ""ti""]}, {""rule_source"": ""azwADyAyI"", ""rule"": ""1.3.3"", ""result"": [""abrAhmaRI"", """", ""ya"", ""Sap"", ""ti""]}, {""rule_source"": ""azwADyAyI"", ""rule"": ""1.3.8"", ""result"": [""abrAhmaRI"", """", ""ya"", ""Sap"", ""ti""]}, {""rule_source"": ""azwADyAyI"", ""rule"": ""1.3.9"", ""result"": [""abrAhmaRI"", """", ""ya"", ""a"", ""ti""]}, {""rule_source"": ""azwADyAyI"", ""rule"": ""3.4.113"", ""result"": [""abrAhmaRI"", """", ""ya"", ""a"", ""ti""]}, {""rule_source"": ""azwADyAyI"", ""rule"": ""1.1.43"", ""result"": [""abrAhmaRI"", """", ""ya"", ""a"", ""ti""]}, {""rule_source"": ""azwADyAyI"", ""rule"": ""1.4.13"", ""result"": [""abrAhmaRI"", """", ""ya"", ""a"", ""ti""]}, {""rule_source"": ""azwADyAyI"", ""rule"": ""7.4.25"", ""result"": [""abrAhmaRI"", """", ""ya"", ""a"", ""ti""]}, {""rule_source"": ""azwADyAyI"", ""rule"": ""1.4.15"", ""result"": [""abrAhmaRI"", """", ""ya"", ""a"", ""ti""]}, {""rule_source"": ""azwADyAyI"", ""rule"": ""1.4.14"", ""result"": [""abrAhmaRI"", """", ""ya"", ""a"", ""ti""]}, {""rule_source"": ""azwADyAyI"", ""rule"": ""6.1.97"", ""result"": [""abrAhmaRI"", """", ""y"", ""a"", ""ti""]}, {""rule_source"": ""azwADyAyI"", ""rule"": ""8.4.68"", ""result"": [""abrAhmaRI"", """", ""y"", ""a"", ""ti""]}]}], ""atmanepada"": []}"
compound_namadhatu:653996470a251f0a3d9e,compound_namadhatu,lit,लिट् (liṭ),perfect past,Prathama,Eka,abrAhmaRIyAYcakAra;abrAhmaRIyAmAsa;abrAhmaRIyAmbaBUva,,abrAhmaRIyAYcakAra;abrAhmaRIyAmAsa;abrAhmaRIyAmbaBUva,3,locally_regenerated,"{""parasmaipada"": [{""form_slp1"": ""abrAhmaRIyAmbaBUva"", ""steps"": [{""rule_source"": ""azwADyAyI"", ""rule"": ""3.1.8"", ""result"": [""abrAhmaRa"", """", ""kyac""]}, {""rule_source"": ""azwADyAyI"", ""rule"": ""3.1.32"", ""result"": [""abrAhmaRa"", """", ""kyac""]}, {""rule_source"": ""azwADyAyI"", ""rule"": ""1.3.3"", ""result"": [""abrAhmaRa"", """", ""kyac""]}, {""rule_source"": ""azwADyAyI"", ""rule"": ""1.3.8"", ""result"": [""abrAhmaRa"", """", ""kyac""]}, {""rule_source"": ""azwADyAyI"", ""rule"": ""1.3.9"", ""result"": [""abrAhmaRa"", """", ""ya""]}, {""rule_source"": ""azwADyAyI"", ""rule"": ""1.2.45"", ""result"": [""abrAhmaRa"", """", ""ya""]}, {""rule_source"": ""azwADyAyI"", ""rule"": ""1.1.43"", ""result"": [""abrAhmaRa"", """", ""ya""]}, {""rule_source"": ""azwADyAyI"", ""rule"": ""1.1.43"", ""result"": [""abrAhmaRa"", """", ""ya""]}, {""rule_source"": ""azwADyAyI"", ""rule"": ""1.4.13"", ""result"": [""abrAhmaRa"", """", ""ya""]}, {""rule_source"": ""azwADyAyI"", ""rule"": ""7.4.33"", ""result"": [""abrAhmaRI"", """", ""ya""]}, {""rule_source"": ""azwADyAyI"", ""rule"": ""1.4.15"", ""result"": [""abrAhmaRI"", """", ""ya""]}, {""rule_source"": ""azwADyAyI"", ""rule"": ""3.2.115"", ""result"": [""abrAhmaRI"", """", ""ya"", ""li~w""]}, {""rule_source"": ""azwADyAyI"", ""rule"": ""1.3.2"", ""result"": [""abrAhmaRI"", """", ""ya"", ""li~w""]}, {""rule_source"": ""azwADyAyI"", ""rule"": ""1.3.3"", ""result"": [""abrAhmaRI"", """", ""ya"", ""li~w""]}, {""rule_source"": ""azwADyAyI"", ""rule"": ""1.3.9"", ""result"": [""abrAhmaRI"", """", ""ya"", ""l""]}, {""rule_source"": ""azwADyAyI"", ""rule"": ""1.3.78"", ""result"": [""abrAhmaRI"", """", ""ya"", ""l""]}, {""rule_source"": ""azwADyAyI"", ""rule"": ""3.1.35"", ""result"": [""abrAhmaRI"", """", ""ya"", ""Am"", ""l""]}, {""rule_source"": ""azwADyAyI"", ""rule"": ""3.1.40:1"", ""result"": [""abrAhmaRI"", """", ""ya"", ""Am"", ""BU"", ""l""]}, {""rule_source"": ""azwADyAyI"", ""rule"": ""3.4.78"", ""result"": [""abrAhmaRI"", """", ""ya"", ""Am"", ""BU"", ""tip""]}, {""rule_source"": ""azwADyAyI"", ""rule"": ""1.3.3"", ""result"": [""abrAhmaRI"", """", ""ya"", ""Am"", ""BU"", ""tip""]}, {""rule_source"": ""azwADyAyI"", ""rule"": ""1.3.9"", ""result"": [""abrAhmaRI"", """", ""ya"", ""Am"", ""BU"", ""ti""]}, {""rule_source"": ""azwADyAyI"", ""rule"": ""3.4.114"", ""result"": [""abrAhmaRI"", """", ""ya"", ""Am"", ""BU"", ""ti""]}, {""rule_source"": ""azwADyAyI"", ""rule"": ""3.4.115"", ""result"": [""abrAhmaRI"", """", ""ya"", ""Am"", ""BU"", ""ti""]}, {""rule_source"": ""azwADyAyI"", ""rule"": ""1.1.43"", ""result"": [""abrAhmaRI"", """", ""ya"", ""Am"", ""BU"", ""ti""]}, {""rule_source"": ""azwADyAyI"", ""rule"": ""3.4.82"", ""result"": [""abrAhmaRI"", """", ""ya"", ""Am"", ""BU"", ""Ral""]}, {""rule_source"": ""azwADyAyI"", ""rule"": ""1.3.3"", ""result"": [""abrAhmaRI"", """", ""ya"", ""Am"", ""BU"", ""Ral""]}, {""rule_source"": ""azwADyAyI"", ""rule"": ""1.3.7"", ""result"": [""abrAhmaRI"", """", ""ya"", ""Am"", ""BU"", ""Ral""]}, {""rule_source"": ""azwADyAyI"", ""rule"": ""1.3.9"", ""result"": [""abrAhmaRI"", """", ""ya"", ""Am"", ""BU"", ""a""]}, {""rule_source"": ""azwADyAyI"", ""rule"": ""3.4.115"", ""result"": [""abrAhmaRI"", """", ""ya"", ""Am"", ""BU"", ""a""]}, {""rule_source"": ""azwADyAyI"", ""rule"": ""1.1.43"", ""result"": [""abrAhmaRI"", """", ""ya"", ""Am"", ""BU"", ""a""]}, {""rule_source"": ""azwADyAyI"", ""rule"": ""6.1.8"", ""result"": [""abrAhmaRI"", """", ""ya"", ""Am"", ""BU"", ""BU"", ""a""]}, {""rule_source"": ""azwADyAyI"", ""rule"": ""6.1.4"", ""result"": [""abrAhmaRI"", """", ""ya"", ""Am"", ""BU"", ""BU"", ""a""]}, {""rule_source"": ""azwADyAyI"", ""rule"": ""6.1.5"", ""result"": [""abrAhmaRI"", """", ""ya"", ""Am"", ""BU"", ""BU"", ""a""]}, {""rule_source"": ""azwADyAyI"", ""rule"": ""1.4.13"", ""result"": [""abrAhmaRI"", """", ""ya"", ""Am"", ""BU"", ""BU"", ""a""]}, {""rule_source"": ""azwADyAyI"", ""rule"": ""6.4.48"", ""result"": [""abrAhmaRI"", """", ""y"", ""Am"", ""BU"", ""BU"", ""a""]}, {""rule_source"": ""azwADyAyI"", ""rule"": ""6.4.88"", ""result"": [""abrAhmaRI"", """", ""y"", ""Am"", ""BU"", ""BU"", ""vu~k"", ""a""]}, {""rule_source"": ""azwADyAyI"", ""rule"": ""1.3.2"", ""result"": [""abrAhmaRI"", """", ""y"", ""Am"", ""BU"", ""BU"", ""vu~k"", ""a""]}, {""rule_source"": ""azwADyAyI"", ""rule"": ""1.3.3"", ""result"": [""abrAhmaRI"", """", ""y"", ""Am"", ""BU"", ""BU"", ""vu~k"", ""a""]}, {""rule_source"": ""azwADyAyI"", ""rule"": ""1.3.9"", ""result"": [""abrAhmaRI"", """", ""y"", ""Am"", ""BU"", ""BU"", ""v"", ""a""]}, {""rule_source"": ""azwADyAyI"", ""rule"": ""7.4.25"", ""result"": [""abrAhmaRI"", """", ""y"", ""Am"", ""BU"", ""BU"", ""v"", ""a""]}, {""rule_source"": ""azwADyAyI"", ""rule"": ""7.4.59"", ""result"": [""abrAhmaRI"", """", ""y"", ""Am"", ""Bu"", ""BU"", ""v"", ""a""]}, {""rule_source"": ""azwADyAyI"", ""rule"": ""7.4.73"", ""result"": [""abrAhmaRI"", """", ""y"", ""Am"", ""Ba"", ""BU"", ""v"", ""a""]}, {""rule_source"": ""azwADyAyI"", ""rule"": ""1.4.15"", ""result"": [""abrAhmaRI"", """", ""y"", ""Am"", ""Ba"", ""BU"", ""v"", ""a""]}, {""rule_source"": ""azwADyAyI"", ""rule"": ""1.4.14"", ""result"": [""abrAhmaRI"", """", ""y"", ""Am"", ""Ba"", ""BU"", ""v"", ""a""]}, {""rule_source"": ""azwADyAyI"", ""rule"": ""8.3.24"", ""result"": [""abrAhmaRI"", """", ""y"", ""AM"", ""Ba"", ""BU"", ""v"", ""a""]}, {""rule_source"": ""azwADyAyI"", ""rule"": ""8.4.54"", ""result"": [""abrAhmaRI"", """", ""y"", ""AM"", ""ba"", ""BU"", ""v"", ""a""]}, {""rule_source"": ""azwADyAyI"", ""rule"": ""8.4.58"", ""result"": [""abrAhmaRI"", """", ""y"", ""Am"", ""ba"", ""BU"", ""v"", ""a""]}, {""rule_source"": ""azwADyAyI"", ""rule"": ""8.4.68"", ""result"": [""abrAhmaRI"", """", ""y"", ""Am"", ""ba"", ""BU"", ""v"", ""a""]}]}, {""form_slp1"": ""abrAhmaRIyAmAsa"", ""steps"": [{""rule_source"": ""azwADyAyI"", ""rule"": ""3.1.8"", ""result"": [""abrAhmaRa"", """", ""kyac""]}, {""rule_source"": ""azwADyAyI"", ""rule"": ""3.1.32"", ""result"": [""abrAhmaRa"", """", ""kyac""]}, {""rule_source"": ""azwADyAyI"", ""rule"": ""1.3.3"", ""result"": [""abrAhmaRa"", """", ""kyac""]}, {""rule_source"": ""azwADyAyI"", ""rule"": ""1.3.8"", ""result"": [""abrAhmaRa"", """", ""kyac""]}, {""rule_source"": ""azwADyAyI"", ""rule"": ""1.3.9"", ""result"": [""abrAhmaRa"", """", ""ya""]}, {""rule_source"": ""azwADyAyI"", ""rule"": ""1.2.45"", ""result"": [""abrAhmaRa"", """", ""ya""]}, {""rule_source"": ""azwADyAyI"", ""rule"": ""1.1.43"", ""result"": [""abrAhmaRa"", """", ""ya""]}, {""rule_source"": ""azwADyAyI"", ""rule"": ""1.1.43"", ""result"": [""abrAhmaRa"", """", ""ya""]}, {""rule_source"": ""azwADyAyI"", ""rule"": ""1.4.13"", ""result"": [""abrAhmaRa"", """", ""ya""]}, {""rule_source"": ""azwADyAyI"", ""rule"": ""7.4.33"", ""result"": [""abrAhmaRI"", """", ""ya""]}, {""rule_source"": ""azwADyAyI"", ""rule"": ""1.4.15"", ""result"": [""abrAhmaRI"", """", ""ya""]}, {""rule_source"": ""azwADyAyI"", ""rule"": ""3.2.115"", ""result"": [""abrAhmaRI"", """", ""ya"", ""li~w""]}, {""rule_source"": ""azwADyAyI"", ""rule"": ""1.3.2"", ""result"": [""abrAhmaRI"", """", ""ya"", ""li~w""]}, {""rule_source"": ""azwADyAyI"", ""rule"": ""1.3.3"", ""result"": [""abrAhmaRI"", """", ""ya"", ""li~w""]}, {""rule_source"": ""azwADyAyI"", ""rule"": ""1.3.9"", ""result"": [""abrAhmaRI"", """", ""ya"", ""l""]}, {""rule_source"": ""azwADyAyI"", ""rule"": ""1.3.78"", ""result"": [""abrAhmaRI"", """", ""ya"", ""l""]}, {""rule_source"": ""azwADyAyI"", ""rule"": ""3.1.35"", ""result"": [""abrAhmaRI"", """", ""ya"", ""Am"", ""l""]}, {""rule_source"": ""azwADyAyI"", ""rule"": ""3.1.40:2"", ""result"": [""abrAhmaRI"", """", ""ya"", ""Am"", ""as"", ""l""]}, {""rule_source"": ""azwADyAyI"", ""rule"": ""3.4.78"", ""result"": [""abrAhmaRI"", """", ""ya"", ""Am"", ""as"", ""tip""]}, {""rule_source"": ""azwADyAyI"", ""rule"": ""1.3.3"", ""result"": [""abrAhmaRI"", """", ""ya"", ""Am"", ""as"", ""tip""]}, {""rule_source"": ""azwADyAyI"", ""rule"": ""1.3.9"", ""result"": [""abrAhmaRI"", """", ""ya"", ""Am"", ""as"", ""ti""]}, {""rule_source"": ""azwADyAyI"", ""rule"": ""3.4.114"", ""result"": [""abrAhmaRI"", """", ""ya"", ""Am"", ""as"", ""ti""]}, {""rule_source"": ""azwADyAyI"", ""rule"": ""3.4.115"", ""result"": [""abrAhmaRI"", """", ""ya"", ""Am"", ""as"", ""ti""]}, {""rule_source"": ""azwADyAyI"", ""rule"": ""1.1.43"", ""result"": [""abrAhmaRI"", """", ""ya"", ""Am"", ""as"", ""ti""]}, {""rule_source"": ""azwADyAyI"", ""rule"": ""3.4.82"", ""result"": [""abrAhmaRI"", """", ""ya"", ""Am"", ""as"", ""Ral""]}, {""rule_source"": ""azwADyAyI"", ""rule"": ""1.3.3"", ""result"": [""abrAhmaRI"", """", ""ya"", ""Am"", ""as"", ""Ral""]}, {""rule_source"": ""azwADyAyI"", ""rule"": ""1.3.7"", ""result"": [""abrAhmaRI"", """", ""ya"", ""Am"", ""as"", ""Ral""]}, {""rule_source"": ""azwADyAyI"", ""rule"": ""1.3.9"", ""result"": [""abrAhmaRI"", """", ""ya"", ""Am"", ""as"", ""a""]}, {""rule_source"": ""azwADyAyI"", ""rule"": ""3.4.115"", ""result"": [""abrAhmaRI"", """", ""ya"", ""Am"", ""as"", ""a""]}, {""rule_source"": ""azwADyAyI"", ""rule"": ""1.1.43"", ""result"": [""abrAhmaRI"", """", ""ya"", ""Am"", ""as"", ""a""]}, {""rule_source"": ""azwADyAyI"", ""rule"": ""6.1.8"", ""result"": [""abrAhmaRI"", """", ""ya"", ""Am"", ""as"", ""as"", ""a""]}, {""rule_source"": ""azwADyAyI"", ""rule"": ""6.1.4"", ""result"": [""abrAhmaRI"", """", ""ya"", ""Am"", ""as"", ""as"", ""a""]}, {""rule_source"": ""azwADyAyI"", ""rule"": ""6.1.5"", ""result"": [""abrAhmaRI"", """", ""ya"", ""Am"", ""as"", ""as"", ""a""]}, {""rule_source"": ""azwADyAyI"", ""rule"": ""1.4.13"", ""result"": [""abrAhmaRI"", """", ""ya"", ""Am"", ""as"", ""as"", ""a""]}, {""rule_source"": ""azwADyAyI"", ""rule"": ""6.4.48"", ""result"": [""abrAhmaRI"", """", ""y"", ""Am"", ""as"", ""as"", ""a""]}, {""rule_source"": ""azwADyAyI"", ""rule"": ""7.2.116"", ""result"": [""abrAhmaRI"", """", ""y"", ""Am"", ""as"", ""As"", ""a""]}, {""rule_source"": ""azwADyAyI"", ""rule"": ""7.4.25"", ""result"": [""abrAhmaRI"", """", ""y"", ""Am"", ""as"", ""As"", ""a""]}, {""rule_source"": ""azwADyAyI"", ""rule"": ""7.4.60"", ""result"": [""abrAhmaRI"", """", ""y"", ""Am"", ""a"", ""As"", ""a""]}, {""rule_source"": ""azwADyAyI"", ""rule"": ""7.4.70"", ""result"": [""abrAhmaRI"", """", ""y"", ""Am"", ""A"", ""As"", ""a""]}, {""rule_source"": ""azwADyAyI"", ""rule"": ""1.4.15"", ""result"": [""abrAhmaRI"", """", ""y"", ""Am"", ""A"", ""As"", ""a""]}, {""rule_source"": ""azwADyAyI"", ""rule"": ""1.4.14"", ""result"": [""abrAhmaRI"", """", ""y"", ""Am"", ""A"", ""As"", ""a""]}, {""rule_source"": ""azwADyAyI"", ""rule"": ""6.1.101"", ""result"": [""abrAhmaRI"", """", ""y"", ""Am"", ""A"", ""s"", ""a""]}, {""rule_source"": ""azwADyAyI"", ""rule"": ""8.4.68"", ""result"": [""abrAhmaRI"", """", ""y"", ""Am"", ""A"", ""s"", ""a""]}]}, {""form_slp1"": ""abrAhmaRIyAYcakAra"", ""steps"": [{""rule_source"": ""azwADyAyI"", ""rule"": ""3.1.8"", ""result"": [""abrAhmaRa"", """", ""kyac""]}, {""rule_source"": ""azwADyAyI"", ""rule"": ""3.1.32"", ""result"": [""abrAhmaRa"", """", ""kyac""]}, {""rule_source"": ""azwADyAyI"", ""rule"": ""1.3.3"", ""result"": [""abrAhmaRa"", """", ""kyac""]}, {""rule_source"": ""azwADyAyI"", ""rule"": ""1.3.8"", ""result"": [""abrAhmaRa"", """", ""kyac""]}, {""rule_source"": ""azwADyAyI"", ""rule"": ""1.3.9"", ""result"": [""abrAhmaRa"", """", ""ya""]}, {""rule_source"": ""azwADyAyI"", ""rule"": ""1.2.45"", ""result"": [""abrAhmaRa"", """", ""ya""]}, {""rule_source"": ""azwADyAyI"", ""rule"": ""1.1.43"", ""result"": [""abrAhmaRa"", """", ""ya""]}, {""rule_source"": ""azwADyAyI"", ""rule"": ""1.1.43"", ""result"": [""abrAhmaRa"", """", ""ya""]}, {""rule_source"": ""azwADyAyI"", ""rule"": ""1.4.13"", ""result"": [""abrAhmaRa"", """", ""ya""]}, {""rule_source"": ""azwADyAyI"", ""rule"": ""7.4.33"", ""result"": [""abrAhmaRI"", """", ""ya""]}, {""rule_source"": ""azwADyAyI"", ""rule"": ""1.4.15"", ""result"": [""abrAhmaRI"", """", ""ya""]}, {""rule_source"": ""azwADyAyI"", ""rule"": ""3.2.115"", ""result"": [""abrAhmaRI"", """", ""ya"", ""li~w""]}, {""rule_source"": ""azwADyAyI"", ""rule"": ""1.3.2"", ""result"": [""abrAhmaRI"", """", ""ya"", ""li~w""]}, {""rule_source"": ""azwADyAyI"", ""rule"": ""1.3.3"", ""result"": [""abrAhmaRI"", """", ""ya"", ""li~w""]}, {""rule_source"": ""azwADyAyI"", ""rule"": ""1.3.9"", ""result"": [""abrAhmaRI"", """", ""ya"", ""l""]}, {""rule_source"": ""azwADyAyI"", ""rule"": ""1.3.78"", ""result"": [""abrAhmaRI"", """", ""ya"", ""l""]}, {""rule_source"": ""azwADyAyI"", ""rule"": ""3.1.35"", ""result"": [""abrAhmaRI"", """", ""ya"", ""Am"", ""l""]}, {""rule_source"": ""azwADyAyI"", ""rule"": ""3.1.40:kf"", ""result"": [""abrAhmaRI"", """", ""ya"", ""Am"", ""kf"", ""l""]}, {""rule_source"": ""azwADyAyI"", ""rule"": ""3.4.78"", ""result"": [""abrAhmaRI"", """", ""ya"", ""Am"", ""kf"", ""tip""]}, {""rule_source"": ""azwADyAyI"", ""rule"": ""1.3.3"", ""result"": [""abrAhmaRI"", """", ""ya"", ""Am"", ""kf"", ""tip""]}, {""rule_source"": ""azwADyAyI"", ""rule"": ""1.3.9"", ""result"": [""abrAhmaRI"", """", ""ya"", ""Am"", ""kf"", ""ti""]}, {""rule_source"": ""azwADyAyI"", ""rule"": ""3.4.114"", ""result"": [""abrAhmaRI"", """", ""ya"", ""Am"", ""kf"", ""ti""]}, {""rule_source"": ""azwADyAyI"", ""rule"": ""3.4.115"", ""result"": [""abrAhmaRI"", """", ""ya"", ""Am"", ""kf"", ""ti""]}, {""rule_source"": ""azwADyAyI"", ""rule"": ""1.1.43"", ""result"": [""abrAhmaRI"", """", ""ya"", ""Am"", ""kf"", ""ti""]}, {""rule_source"": ""azwADyAyI"", ""rule"": ""3.4.82"", ""result"": [""abrAhmaRI"", """", ""ya"", ""Am"", ""kf"", ""Ral""]}, {""rule_source"": ""azwADyAyI"", ""rule"": ""1.3.3"", ""result"": [""abrAhmaRI"", """", ""ya"", ""Am"", ""kf"", ""Ral""]}, {""rule_source"": ""azwADyAyI"", ""rule"": ""1.3.7"", ""result"": [""abrAhmaRI"", """", ""ya"", ""Am"", ""kf"", ""Ral""]}, {""rule_source"": ""azwADyAyI"", ""rule"": ""1.3.9"", ""result"": [""abrAhmaRI"", """", ""ya"", ""Am"", ""kf"", ""a""]}, {""rule_source"": ""azwADyAyI"", ""rule"": ""3.4.115"", ""result"": [""abrAhmaRI"", """", ""ya"", ""Am"", ""kf"", ""a""]}, {""rule_source"": ""azwADyAyI"", ""rule"": ""1.1.43"", ""result"": [""abrAhmaRI"", """", ""ya"", ""Am"", ""kf"", ""a""]}, {""rule_source"": ""azwADyAyI"", ""rule"": ""6.1.8"", ""result"": [""abrAhmaRI"", """", ""ya"", ""Am"", ""kf"", ""kf"", ""a""]}, {""rule_source"": ""azwADyAyI"", ""rule"": ""6.1.4"", ""result"": [""abrAhmaRI"", """", ""ya"", ""Am"", ""kf"", ""kf"", ""a""]}, {""rule_source"": ""azwADyAyI"", ""rule"": ""6.1.5"", ""result"": [""abrAhmaRI"", """", ""ya"", ""Am"", ""kf"", ""kf"", ""a""]}, {""rule_source"": ""azwADyAyI"", ""rule"": ""1.4.13"", ""result"": [""abrAhmaRI"", """", ""ya"", ""Am"", ""kf"", ""kf"", ""a""]}, {""rule_source"": ""azwADyAyI"", ""rule"": ""6.4.48"", ""result"": [""abrAhmaRI"", """", ""y"", ""Am"", ""kf"", ""kf"", ""a""]}, {""rule_source"": ""azwADyAyI"", ""rule"": ""7.2.115"", ""result"": [""abrAhmaRI"", """", ""y"", ""Am"", ""kf"", ""kAr"", ""a""]}, {""rule_source"": ""azwADyAyI"", ""rule"": ""7.4.25"", ""result"": [""abrAhmaRI"", """", ""y"", ""Am"", ""kf"", ""kAr"", ""a""]}, {""rule_source"": ""azwADyAyI"", ""rule"": ""7.4.62"", ""result"": [""abrAhmaRI"", """", ""y"", ""Am"", ""cf"", ""kAr"", ""a""]}, {""rule_source"": ""azwADyAyI"", ""rule"": ""7.4.66"", ""result"": [""abrAhmaRI"", """", ""y"", ""Am"", ""ca"", ""kAr"", ""a""]}, {""rule_source"": ""azwADyAyI"", ""rule"": ""1.4.15"", ""result"": [""abrAhmaRI"", """", ""y"", ""Am"", ""ca"", ""kAr"", ""a""]}, {""rule_source"": ""azwADyAyI"", ""rule"": ""1.4.14"", ""result"": [""abrAhmaRI"", """", ""y"", ""Am"", ""ca"", ""kAr"", ""a""]}, {""rule_source"": ""azwADyAyI"", ""rule"": ""8.3.24"", ""result"": [""abrAhmaRI"", """", ""y"", ""AM"", ""ca"", ""kAr"", ""a""]}, {""rule_source"": ""azwADyAyI"", ""rule"": ""8.4.58"", ""result"": [""abrAhmaRI"", """", ""y"", ""AY"", ""ca"", ""kAr"", ""a""]}, {""rule_source"": ""azwADyAyI"", ""rule"": ""8.4.68"", ""result"": [""abrAhmaRI"", """", ""y"", ""AY"", ""ca"", ""kAr"", ""a""]}]}], ""atmanepada"": []}"
compound_namadhatu:653996470a251f0a3d9e,compound_namadhatu,lut,लुट् (luṭ),periphrastic future,Prathama,Eka,abrAhmaRIyitA,,abrAhmaRIyitA,1,locally_regenerated,"{""parasmaipada"": [{""form_slp1"": ""abrAhmaRIyitA"", ""steps"": [{""rule_source"": ""azwADyAyI"", ""rule"": ""3.1.8"", ""result"": [""abrAhmaRa"", """", ""kyac""]}, {""rule_source"": ""azwADyAyI"", ""rule"": ""3.1.32"", ""result"": [""abrAhmaRa"", """", ""kyac""]}, {""rule_source"": ""azwADyAyI"", ""rule"": ""1.3.3"", ""result"": [""abrAhmaRa"", """", ""kyac""]}, {""rule_source"": ""azwADyAyI"", ""rule"": ""1.3.8"", ""result"": [""abrAhmaRa"", """", ""kyac""]}, {""rule_source"": ""azwADyAyI"", ""rule"": ""1.3.9"", ""result"": [""abrAhmaRa"", """", ""ya""]}, {""rule_source"": ""azwADyAyI"", ""rule"": ""1.2.45"", ""result"": [""abrAhmaRa"", """", ""ya""]}, {""rule_source"": ""azwADyAyI"", ""rule"": ""1.1.43"", ""result"": [""abrAhmaRa"", """", ""ya""]}, {""rule_source"": ""azwADyAyI"", ""rule"": ""1.1.43"", ""result"": [""abrAhmaRa"", """", ""ya""]}, {""rule_source"": ""azwADyAyI"", ""rule"": ""1.4.13"", ""result"": [""abrAhmaRa"", """", ""ya""]}, {""rule_source"": ""azwADyAyI"", ""rule"": ""7.4.33"", ""result"": [""abrAhmaRI"", """", ""ya""]}, {""rule_source"": ""azwADyAyI"", ""rule"": ""1.4.15"", ""result"": [""abrAhmaRI"", """", ""ya""]}, {""rule_source"": ""azwADyAyI"", ""rule"": ""3.3.15"", ""result"": [""abrAhmaRI"", """", ""ya"", ""lu~w""]}, {""rule_source"": ""azwADyAyI"", ""rule"": ""1.3.2"", ""result"": [""abrAhmaRI"", """", ""ya"", ""lu~w""]}, {""rule_source"": ""azwADyAyI"", ""rule"": ""1.3.3"", ""result"": [""abrAhmaRI"", """", ""ya"", ""lu~w""]}, {""rule_source"": ""azwADyAyI"", ""rule"": ""1.3.9"", ""result"": [""abrAhmaRI"", """", ""ya"", ""l""]}, {""rule_source"": ""azwADyAyI"", ""rule"": ""1.3.78"", ""result"": [""abrAhmaRI"", """", ""ya"", ""l""]}, {""rule_source"": ""azwADyAyI"", ""rule"": ""3.4.78"", ""result"": [""abrAhmaRI"", """", ""ya"", ""tip""]}, {""rule_source"": ""azwADyAyI"", ""rule"": ""1.3.3"", ""result"": [""abrAhmaRI"", """", ""ya"", ""tip""]}, {""rule_source"": ""azwADyAyI"", ""rule"": ""1.3.9"", ""result"": [""abrAhmaRI"", """", ""ya"", ""ti""]}, {""rule_source"": ""azwADyAyI"", ""rule"": ""3.4.113"", ""result"": [""abrAhmaRI"", """", ""ya"", ""ti""]}, {""rule_source"": ""azwADyAyI"", ""rule"": ""1.1.43"", ""result"": [""abrAhmaRI"", """", ""ya"", ""ti""]}, {""rule_source"": ""azwADyAyI"", ""rule"": ""3.1.33"", ""result"": [""abrAhmaRI"", """", ""ya"", ""tAsi~"", ""ti""]}, {""rule_source"": ""azwADyAyI"", ""rule"": ""1.3.2"", ""result"": [""abrAhmaRI"", """", ""ya"", ""tAsi~"", ""ti""]}, {""rule_source"": ""azwADyAyI"", ""rule"": ""1.3.9"", ""result"": [""abrAhmaRI"", """", ""ya"", ""tAs"", ""ti""]}, {""rule_source"": ""azwADyAyI"", ""rule"": ""3.4.114"", ""result"": [""abrAhmaRI"", """", ""ya"", ""tAs"", ""ti""]}, {""rule_source"": ""azwADyAyI"", ""rule"": ""1.1.43"", ""result"": [""abrAhmaRI"", """", ""ya"", ""tAs"", ""ti""]}, {""rule_source"": ""azwADyAyI"", ""rule"": ""2.4.85"", ""result"": [""abrAhmaRI"", """", ""ya"", ""tAs"", ""qA""]}, {""rule_source"": ""azwADyAyI"", ""rule"": ""1.3.7"", ""result"": [""abrAhmaRI"", """", ""ya"", ""tAs"", ""qA""]}, {""rule_source"": ""azwADyAyI"", ""rule"": ""1.3.9"", ""result"": [""abrAhmaRI"", """", ""ya"", ""tAs"", ""A""]}, {""rule_source"": ""azwADyAyI"", ""rule"": ""7.2.35"", ""result"": [""abrAhmaRI"", """", ""ya"", ""iw"", ""tAs"", ""A""]}, {""rule_source"": ""azwADyAyI"", ""rule"": ""1.3.3"", ""result"": [""abrAhmaRI"", """", ""ya"", ""iw"", ""tAs"", ""A""]}, {""rule_source"": ""azwADyAyI"", ""rule"": ""1.3.9"", ""result"": [""abrAhmaRI"", """", ""ya"", ""i"", ""tAs"", ""A""]}, {""rule_source"": ""azwADyAyI"", ""rule"": ""1.4.13"", ""result"": [""abrAhmaRI"", """", ""ya"", ""i"", ""tAs"", ""A""]}, {""rule_source"": ""azwADyAyI"", ""rule"": ""6.4.48"", ""result"": [""abrAhmaRI"", """", ""y"", ""i"", ""tAs"", ""A""]}, {""rule_source"": ""azwADyAyI"", ""rule"": ""7.4.25"", ""result"": [""abrAhmaRI"", """", ""y"", ""i"", ""tAs"", ""A""]}, {""rule_source"": ""azwADyAyI"", ""rule"": ""1.4.15"", ""result"": [""abrAhmaRI"", """", ""y"", ""i"", ""tAs"", ""A""]}, {""rule_source"": ""azwADyAyI"", ""rule"": ""1.4.14"", ""result"": [""abrAhmaRI"", """", ""y"", ""i"", ""tAs"", ""A""]}, {""rule_source"": ""azwADyAyI"", ""rule"": ""6.4.143"", ""result"": [""abrAhmaRI"", """", ""y"", ""i"", ""t"", ""A""]}, {""rule_source"": ""azwADyAyI"", ""rule"": ""8.4.68"", ""result"": [""abrAhmaRI"", """", ""y"", ""i"", ""t"", ""A""]}]}], ""atmanepada"": []}"
compound_namadhatu:653996470a251f0a3d9e,compound_namadhatu,lrt,लृट् (lṛṭ),future,Prathama,Eka,abrAhmaRIyizyati,,abrAhmaRIyizyati,1,locally_regenerated,"{""parasmaipada"": [{""form_slp1"": ""abrAhmaRIyizyati"", ""steps"": [{""rule_source"": ""azwADyAyI"", ""rule"": ""3.1.8"", ""result"": [""abrAhmaRa"", """", ""kyac""]}, {""rule_source"": ""azwADyAyI"", ""rule"": ""3.1.32"", ""result"": [""abrAhmaRa"", """", ""kyac""]}, {""rule_source"": ""azwADyAyI"", ""rule"": ""1.3.3"", ""result"": [""abrAhmaRa"", """", ""kyac""]}, {""rule_source"": ""azwADyAyI"", ""rule"": ""1.3.8"", ""result"": [""abrAhmaRa"", """", ""kyac""]}, {""rule_source"": ""azwADyAyI"", ""rule"": ""1.3.9"", ""result"": [""abrAhmaRa"", """", ""ya""]}, {""rule_source"": ""azwADyAyI"", ""rule"": ""1.2.45"", ""result"": [""abrAhmaRa"", """", ""ya""]}, {""rule_source"": ""azwADyAyI"", ""rule"": ""1.1.43"", ""result"": [""abrAhmaRa"", """", ""ya""]}, {""rule_source"": ""azwADyAyI"", ""rule"": ""1.1.43"", ""result"": [""abrAhmaRa"", """", ""ya""]}, {""rule_source"": ""azwADyAyI"", ""rule"": ""1.4.13"", ""result"": [""abrAhmaRa"", """", ""ya""]}, {""rule_source"": ""azwADyAyI"", ""rule"": ""7.4.33"", ""result"": [""abrAhmaRI"", """", ""ya""]}, {""rule_source"": ""azwADyAyI"", ""rule"": ""1.4.15"", ""result"": [""abrAhmaRI"", """", ""ya""]}, {""rule_source"": ""azwADyAyI"", ""rule"": ""3.3.13"", ""result"": [""abrAhmaRI"", """", ""ya"", ""lf~w""]}, {""rule_source"": ""azwADyAyI"", ""rule"": ""1.3.2"", ""result"": [""abrAhmaRI"", """", ""ya"", ""lf~w""]}, {""rule_source"": ""azwADyAyI"", ""rule"": ""1.3.3"", ""result"": [""abrAhmaRI"", """", ""ya"", ""lf~w""]}, {""rule_source"": ""azwADyAyI"", ""rule"": ""1.3.9"", ""result"": [""abrAhmaRI"", """", ""ya"", ""l""]}, {""rule_source"": ""azwADyAyI"", ""rule"": ""1.3.78"", ""result"": [""abrAhmaRI"", """", ""ya"", ""l""]}, {""rule_source"": ""azwADyAyI"", ""rule"": ""3.4.78"", ""result"": [""abrAhmaRI"", """", ""ya"", ""tip""]}, {""rule_source"": ""azwADyAyI"", ""rule"": ""1.3.3"", ""result"": [""abrAhmaRI"", """", ""ya"", ""tip""]}, {""rule_source"": ""azwADyAyI"", ""rule"": ""1.3.9"", ""result"": [""abrAhmaRI"", """", ""ya"", ""ti""]}, {""rule_source"": ""azwADyAyI"", ""rule"": ""3.4.113"", ""result"": [""abrAhmaRI"", """", ""ya"", ""ti""]}, {""rule_source"": ""azwADyAyI"", ""rule"": ""1.1.43"", ""result"": [""abrAhmaRI"", """", ""ya"", ""ti""]}, {""rule_source"": ""azwADyAyI"", ""rule"": ""3.1.33"", ""result"": [""abrAhmaRI"", """", ""ya"", ""sya"", ""ti""]}, {""rule_source"": ""azwADyAyI"", ""rule"": ""3.4.114"", ""result"": [""abrAhmaRI"", """", ""ya"", ""sya"", ""ti""]}, {""rule_source"": ""azwADyAyI"", ""rule"": ""1.1.43"", ""result"": [""abrAhmaRI"", """", ""ya"", ""sya"", ""ti""]}, {""rule_source"": ""azwADyAyI"", ""rule"": ""7.2.35"", ""result"": [""abrAhmaRI"", """", ""ya"", ""iw"", ""sya"", ""ti""]}, {""rule_source"": ""azwADyAyI"", ""rule"": ""1.3.3"", ""result"": [""abrAhmaRI"", """", ""ya"", ""iw"", ""sya"", ""ti""]}, {""rule_source"": ""azwADyAyI"", ""rule"": ""1.3.9"", ""result"": [""abrAhmaRI"", """", ""ya"", ""i"", ""sya"", ""ti""]}, {""rule_source"": ""azwADyAyI"", ""rule"": ""1.4.13"", ""result"": [""abrAhmaRI"", """", ""ya"", ""i"", ""sya"", ""ti""]}, {""rule_source"": ""azwADyAyI"", ""rule"": ""6.4.48"", ""result"": [""abrAhmaRI"", """", ""y"", ""i"", ""sya"", ""ti""]}, {""rule_source"": ""azwADyAyI"", ""rule"": ""7.4.25"", ""result"": [""abrAhmaRI"", """", ""y"", ""i"", ""sya"", ""ti""]}, {""rule_source"": ""azwADyAyI"", ""rule"": ""1.4.15"", ""result"": [""abrAhmaRI"", """", ""y"", ""i"", ""sya"", ""ti""]}, {""rule_source"": ""azwADyAyI"", ""rule"": ""1.4.14"", ""result"": [""abrAhmaRI"", """", ""y"", ""i"", ""sya"", ""ti""]}, {""rule_source"": ""azwADyAyI"", ""rule"": ""8.3.59"", ""result"": [""abrAhmaRI"", """", ""y"", ""i"", ""zya"", ""ti""]}, {""rule_source"": ""azwADyAyI"", ""rule"": ""8.4.68"", ""result"": [""abrAhmaRI"", """", ""y"", ""i"", ""zya"", ""ti""]}]}], ""atmanepada"": []}"
compound_namadhatu:653996470a251f0a3d9e,compound_namadhatu,lot,लोट् (loṭ),command or request,Prathama,Eka,abrAhmaRIyatAd;abrAhmaRIyatAt;abrAhmaRIyatu,,abrAhmaRIyatAd;abrAhmaRIyatAt;abrAhmaRIyatu,3,locally_regenerated,"{""parasmaipada"": [{""form_slp1"": ""abrAhmaRIyatAt"", ""steps"": [{""rule_source"": ""azwADyAyI"", ""rule"": ""3.1.8"", ""result"": [""abrAhmaRa"", """", ""kyac""]}, {""rule_source"": ""azwADyAyI"", ""rule"": ""3.1.32"", ""result"": [""abrAhmaRa"", """", ""kyac""]}, {""rule_source"": ""azwADyAyI"", ""rule"": ""1.3.3"", ""result"": [""abrAhmaRa"", """", ""kyac""]}, {""rule_source"": ""azwADyAyI"", ""rule"": ""1.3.8"", ""result"": [""abrAhmaRa"", """", ""kyac""]}, {""rule_source"": ""azwADyAyI"", ""rule"": ""1.3.9"", ""result"": [""abrAhmaRa"", """", ""ya""]}, {""rule_source"": ""azwADyAyI"", ""rule"": ""1.2.45"", ""result"": [""abrAhmaRa"", """", ""ya""]}, {""rule_source"": ""azwADyAyI"", ""rule"": ""1.1.43"", ""result"": [""abrAhmaRa"", """", ""ya""]}, {""rule_source"": ""azwADyAyI"", ""rule"": ""1.1.43"", ""result"": [""abrAhmaRa"", """", ""ya""]}, {""rule_source"": ""azwADyAyI"", ""rule"": ""1.4.13"", ""result"": [""abrAhmaRa"", """", ""ya""]}, {""rule_source"": ""azwADyAyI"", ""rule"": ""7.4.33"", ""result"": [""abrAhmaRI"", """", ""ya""]}, {""rule_source"": ""azwADyAyI"", ""rule"": ""1.4.15"", ""result"": [""abrAhmaRI"", """", ""ya""]}, {""rule_source"": ""azwADyAyI"", ""rule"": ""3.3.162"", ""result"": [""abrAhmaRI"", """", ""ya"", ""lo~w""]}, {""rule_source"": ""azwADyAyI"", ""rule"": ""1.3.2"", ""result"": [""abrAhmaRI"", """", ""ya"", ""lo~w""]}, {""rule_source"": ""azwADyAyI"", ""rule"": ""1.3.3"", ""result"": [""abrAhmaRI"", """", ""ya"", ""lo~w""]}, {""rule_source"": ""azwADyAyI"", ""rule"": ""1.3.9"", ""result"": [""abrAhmaRI"", """", ""ya"", ""l""]}, {""rule_source"": ""azwADyAyI"", ""rule"": ""1.3.78"", ""result"": [""abrAhmaRI"", """", ""ya"", ""l""]}, {""rule_source"": ""azwADyAyI"", ""rule"": ""3.4.78"", ""result"": [""abrAhmaRI"", """", ""ya"", ""tip""]}, {""rule_source"": ""azwADyAyI"", ""rule"": ""1.3.3"", ""result"": [""abrAhmaRI"", """", ""ya"", ""tip""]}, {""rule_source"": ""azwADyAyI"", ""rule"": ""1.3.9"", ""result"": [""abrAhmaRI"", """", ""ya"", ""ti""]}, {""rule_source"": ""azwADyAyI"", ""rule"": ""3.4.113"", ""result"": [""abrAhmaRI"", """", ""ya"", ""ti""]}, {""rule_source"": ""azwADyAyI"", ""rule"": ""1.1.43"", ""result"": [""abrAhmaRI"", """", ""ya"", ""ti""]}, {""rule_source"": ""azwADyAyI"", ""rule"": ""3.1.68"", ""result"": [""abrAhmaRI"", """", ""ya"", ""Sap"", ""ti""]}, {""rule_source"": ""azwADyAyI"", ""rule"": ""1.3.3"", ""result"": [""abrAhmaRI"", """", ""ya"", ""Sap"", ""ti""]}, {""rule_source"": ""azwADyAyI"", ""rule"": ""1.3.8"", ""result"": [""abrAhmaRI"", """", ""ya"", ""Sap"", ""ti""]}, {""rule_source"": ""azwADyAyI"", ""rule"": ""1.3.9"", ""result"": [""abrAhmaRI"", """", ""ya"", ""a"", ""ti""]}, {""rule_source"": ""azwADyAyI"", ""rule"": ""3.4.113"", ""result"": [""abrAhmaRI"", """", ""ya"", ""a"", ""ti""]}, {""rule_source"": ""azwADyAyI"", ""rule"": ""1.1.43"", ""result"": [""abrAhmaRI"", """", ""ya"", ""a"", ""ti""]}, {""rule_source"": ""azwADyAyI"", ""rule"": ""3.4.86"", ""result"": [""abrAhmaRI"", """", ""ya"", ""a"", ""tu""]}, {""rule_source"": ""azwADyAyI"", ""rule"": ""7.1.35"", ""result"": [""abrAhmaRI"", """", ""ya"", ""a"", ""tAta~N""]}, {""rule_source"": ""azwADyAyI"", ""rule"": ""1.3.2"", ""result"": [""abrAhmaRI"", """", ""ya"", ""a"", ""tAta~N""]}, {""rule_source"": ""azwADyAyI"", ""rule"": ""1.3.3"", ""result"": [""abrAhmaRI"", """", ""ya"", ""a"", ""tAta~N""]}, {""rule_source"": ""azwADyAyI"", ""rule"": ""1.3.9"", ""result"": [""abrAhmaRI"", """", ""ya"", ""a"", ""tAt""]}, {""rule_source"": ""azwADyAyI"", ""rule"": ""1.4.13"", ""result"": [""abrAhmaRI"", """", ""ya"", ""a"", ""tAt""]}, {""rule_source"": ""azwADyAyI"", ""rule"": ""7.4.25"", ""result"": [""abrAhmaRI"", """", ""ya"", ""a"", ""tAt""]}, {""rule_source"": ""azwADyAyI"", ""rule"": ""1.4.15"", ""result"": [""abrAhmaRI"", """", ""ya"", ""a"", ""tAt""]}, {""rule_source"": ""azwADyAyI"", ""rule"": ""1.4.14"", ""result"": [""abrAhmaRI"", """", ""ya"", ""a"", ""tAt""]}, {""rule_source"": ""azwADyAyI"", ""rule"": ""6.1.97"", ""result"": [""abrAhmaRI"", """", ""y"", ""a"", ""tAt""]}, {""rule_source"": ""azwADyAyI"", ""rule"": ""8.2.39"", ""result"": [""abrAhmaRI"", """", ""y"", ""a"", ""tAd""]}, {""rule_source"": ""azwADyAyI"", ""rule"": ""8.4.56"", ""result"": [""abrAhmaRI"", """", ""y"", ""a"", ""tAt""]}, {""rule_source"": ""azwADyAyI"", ""rule"": ""8.4.68"", ""result"": [""abrAhmaRI"", """", ""y"", ""a"", ""tAt""]}]}, {""form_slp1"": ""abrAhmaRIyatAd"", ""steps"": [{""rule_source"": ""azwADyAyI"", ""rule"": ""3.1.8"", ""result"": [""abrAhmaRa"", """", ""kyac""]}, {""rule_source"": ""azwADyAyI"", ""rule"": ""3.1.32"", ""result"": [""abrAhmaRa"", """", ""kyac""]}, {""rule_source"": ""azwADyAyI"", ""rule"": ""1.3.3"", ""result"": [""abrAhmaRa"", """", ""kyac""]}, {""rule_source"": ""azwADyAyI"", ""rule"": ""1.3.8"", ""result"": [""abrAhmaRa"", """", ""kyac""]}, {""rule_source"": ""azwADyAyI"", ""rule"": ""1.3.9"", ""result"": [""abrAhmaRa"", """", ""ya""]}, {""rule_source"": ""azwADyAyI"", ""rule"": ""1.2.45"", ""result"": [""abrAhmaRa"", """", ""ya""]}, {""rule_source"": ""azwADyAyI"", ""rule"": ""1.1.43"", ""result"": [""abrAhmaRa"", """", ""ya""]}, {""rule_source"": ""azwADyAyI"", ""rule"": ""1.1.43"", ""result"": [""abrAhmaRa"", """", ""ya""]}, {""rule_source"": ""azwADyAyI"", ""rule"": ""1.4.13"", ""result"": [""abrAhmaRa"", """", ""ya""]}, {""rule_source"": ""azwADyAyI"", ""rule"": ""7.4.33"", ""result"": [""abrAhmaRI"", """", ""ya""]}, {""rule_source"": ""azwADyAyI"", ""rule"": ""1.4.15"", ""result"": [""abrAhmaRI"", """", ""ya""]}, {""rule_source"": ""azwADyAyI"", ""rule"": ""3.3.162"", ""result"": [""abrAhmaRI"", """", ""ya"", ""lo~w""]}, {""rule_source"": ""azwADyAyI"", ""rule"": ""1.3.2"", ""result"": [""abrAhmaRI"", """", ""ya"", ""lo~w""]}, {""rule_source"": ""azwADyAyI"", ""rule"": ""1.3.3"", ""result"": [""abrAhmaRI"", """", ""ya"", ""lo~w""]}, {""rule_source"": ""azwADyAyI"", ""rule"": ""1.3.9"", ""result"": [""abrAhmaRI"", """", ""ya"", ""l""]}, {""rule_source"": ""azwADyAyI"", ""rule"": ""1.3.78"", ""result"": [""abrAhmaRI"", """", ""ya"", ""l""]}, {""rule_source"": ""azwADyAyI"", ""rule"": ""3.4.78"", ""result"": [""abrAhmaRI"", """", ""ya"", ""tip""]}, {""rule_source"": ""azwADyAyI"", ""rule"": ""1.3.3"", ""result"": [""abrAhmaRI"", """", ""ya"", ""tip""]}, {""rule_source"": ""azwADyAyI"", ""rule"": ""1.3.9"", ""result"": [""abrAhmaRI"", """", ""ya"", ""ti""]}, {""rule_source"": ""azwADyAyI"", ""rule"": ""3.4.113"", ""result"": [""abrAhmaRI"", """", ""ya"", ""ti""]}, {""rule_source"": ""azwADyAyI"", ""rule"": ""1.1.43"", ""result"": [""abrAhmaRI"", """", ""ya"", ""ti""]}, {""rule_source"": ""azwADyAyI"", ""rule"": ""3.1.68"", ""result"": [""abrAhmaRI"", """", ""ya"", ""Sap"", ""ti""]}, {""rule_source"": ""azwADyAyI"", ""rule"": ""1.3.3"", ""result"": [""abrAhmaRI"", """", ""ya"", ""Sap"", ""ti""]}, {""rule_source"": ""azwADyAyI"", ""rule"": ""1.3.8"", ""result"": [""abrAhmaRI"", """", ""ya"", ""Sap"", ""ti""]}, {""rule_source"": ""azwADyAyI"", ""rule"": ""1.3.9"", ""result"": [""abrAhmaRI"", """", ""ya"", ""a"", ""ti""]}, {""rule_source"": ""azwADyAyI"", ""rule"": ""3.4.113"", ""result"": [""abrAhmaRI"", """", ""ya"", ""a"", ""ti""]}, {""rule_source"": ""azwADyAyI"", ""rule"": ""1.1.43"", ""result"": [""abrAhmaRI"", """", ""ya"", ""a"", ""ti""]}, {""rule_source"": ""azwADyAyI"", ""rule"": ""3.4.86"", ""result"": [""abrAhmaRI"", """", ""ya"", ""a"", ""tu""]}, {""rule_source"": ""azwADyAyI"", ""rule"": ""7.1.35"", ""result"": [""abrAhmaRI"", """", ""ya"", ""a"", ""tAta~N""]}, {""rule_source"": ""azwADyAyI"", ""rule"": ""1.3.2"", ""result"": [""abrAhmaRI"", """", ""ya"", ""a"", ""tAta~N""]}, {""rule_source"": ""azwADyAyI"", ""rule"": ""1.3.3"", ""result"": [""abrAhmaRI"", """", ""ya"", ""a"", ""tAta~N""]}, {""rule_source"": ""azwADyAyI"", ""rule"": ""1.3.9"", ""result"": [""abrAhmaRI"", """", ""ya"", ""a"", ""tAt""]}, {""rule_source"": ""azwADyAyI"", ""rule"": ""1.4.13"", ""result"": [""abrAhmaRI"", """", ""ya"", ""a"", ""tAt""]}, {""rule_source"": ""azwADyAyI"", ""rule"": ""7.4.25"", ""result"": [""abrAhmaRI"", """", ""ya"", ""a"", ""tAt""]}, {""rule_source"": ""azwADyAyI"", ""rule"": ""1.4.15"", ""result"": [""abrAhmaRI"", """", ""ya"", ""a"", ""tAt""]}, {""rule_source"": ""azwADyAyI"", ""rule"": ""1.4.14"", ""result"": [""abrAhmaRI"", """", ""ya"", ""a"", ""tAt""]}, {""rule_source"": ""azwADyAyI"", ""rule"": ""6.1.97"", ""result"": [""abrAhmaRI"", """", ""y"", ""a"", ""tAt""]}, {""rule_source"": ""azwADyAyI"", ""rule"": ""8.2.39"", ""result"": [""abrAhmaRI"", """", ""y"", ""a"", ""tAd""]}, {""rule_source"": ""azwADyAyI"", ""rule"": ""8.4.68"", ""result"": [""abrAhmaRI"", """", ""y"", ""a"", ""tAd""]}]}, {""form_slp1"": ""abrAhmaRIyatu"", ""steps"": [{""rule_source"": ""azwADyAyI"", ""rule"": ""3.1.8"", ""result"": [""abrAhmaRa"", """", ""kyac""]}, {""rule_source"": ""azwADyAyI"", ""rule"": ""3.1.32"", ""result"": [""abrAhmaRa"", """", ""kyac""]}, {""rule_source"": ""azwADyAyI"", ""rule"": ""1.3.3"", ""result"": [""abrAhmaRa"", """", ""kyac""]}, {""rule_source"": ""azwADyAyI"", ""rule"": ""1.3.8"", ""result"": [""abrAhmaRa"", """", ""kyac""]}, {""rule_source"": ""azwADyAyI"", ""rule"": ""1.3.9"", ""result"": [""abrAhmaRa"", """", ""ya""]}, {""rule_source"": ""azwADyAyI"", ""rule"": ""1.2.45"", ""result"": [""abrAhmaRa"", """", ""ya""]}, {""rule_source"": ""azwADyAyI"", ""rule"": ""1.1.43"", ""result"": [""abrAhmaRa"", """", ""ya""]}, {""rule_source"": ""azwADyAyI"", ""rule"": ""1.1.43"", ""result"": [""abrAhmaRa"", """", ""ya""]}, {""rule_source"": ""azwADyAyI"", ""rule"": ""1.4.13"", ""result"": [""abrAhmaRa"", """", ""ya""]}, {""rule_source"": ""azwADyAyI"", ""rule"": ""7.4.33"", ""result"": [""abrAhmaRI"", """", ""ya""]}, {""rule_source"": ""azwADyAyI"", ""rule"": ""1.4.15"", ""result"": [""abrAhmaRI"", """", ""ya""]}, {""rule_source"": ""azwADyAyI"", ""rule"": ""3.3.162"", ""result"": [""abrAhmaRI"", """", ""ya"", ""lo~w""]}, {""rule_source"": ""azwADyAyI"", ""rule"": ""1.3.2"", ""result"": [""abrAhmaRI"", """", ""ya"", ""lo~w""]}, {""rule_source"": ""azwADyAyI"", ""rule"": ""1.3.3"", ""result"": [""abrAhmaRI"", """", ""ya"", ""lo~w""]}, {""rule_source"": ""azwADyAyI"", ""rule"": ""1.3.9"", ""result"": [""abrAhmaRI"", """", ""ya"", ""l""]}, {""rule_source"": ""azwADyAyI"", ""rule"": ""1.3.78"", ""result"": [""abrAhmaRI"", """", ""ya"", ""l""]}, {""rule_source"": ""azwADyAyI"", ""rule"": ""3.4.78"", ""result"": [""abrAhmaRI"", """", ""ya"", ""tip""]}, {""rule_source"": ""azwADyAyI"", ""rule"": ""1.3.3"", ""result"": [""abrAhmaRI"", """", ""ya"", ""tip""]}, {""rule_source"": ""azwADyAyI"", ""rule"": ""1.3.9"", ""result"": [""abrAhmaRI"", """", ""ya"", ""ti""]}, {""rule_source"": ""azwADyAyI"", ""rule"": ""3.4.113"", ""result"": [""abrAhmaRI"", """", ""ya"", ""ti""]}, {""rule_source"": ""azwADyAyI"", ""rule"": ""1.1.43"", ""result"": [""abrAhmaRI"", """", ""ya"", ""ti""]}, {""rule_source"": ""azwADyAyI"", ""rule"": ""3.1.68"", ""result"": [""abrAhmaRI"", """", ""ya"", ""Sap"", ""ti""]}, {""rule_source"": ""azwADyAyI"", ""rule"": ""1.3.3"", ""result"": [""abrAhmaRI"", """", ""ya"", ""Sap"", ""ti""]}, {""rule_source"": ""azwADyAyI"", ""rule"": ""1.3.8"", ""result"": [""abrAhmaRI"", """", ""ya"", ""Sap"", ""ti""]}, {""rule_source"": ""azwADyAyI"", ""rule"": ""1.3.9"", ""result"": [""abrAhmaRI"", """", ""ya"", ""a"", ""ti""]}, {""rule_source"": ""azwADyAyI"", ""rule"": ""3.4.113"", ""result"": [""abrAhmaRI"", """", ""ya"", ""a"", ""ti""]}, {""rule_source"": ""azwADyAyI"", ""rule"": ""1.1.43"", ""result"": [""abrAhmaRI"", """", ""ya"", ""a"", ""ti""]}, {""rule_source"": ""azwADyAyI"", ""rule"": ""3.4.86"", ""result"": [""abrAhmaRI"", """", ""ya"", ""a"", ""tu""]}, {""rule_source"": ""azwADyAyI"", ""rule"": ""1.4.13"", ""result"": [""abrAhmaRI"", """", ""ya"", ""a"", ""tu""]}, {""rule_source"": ""azwADyAyI"", ""rule"": ""7.4.25"", ""result"": [""abrAhmaRI"", """", ""ya"", ""a"", ""tu""]}, {""rule_source"": ""azwADyAyI"", ""rule"": ""1.4.15"", ""result"": [""abrAhmaRI"", """", ""ya"", ""a"", ""tu""]}, {""rule_source"": ""azwADyAyI"", ""rule"": ""1.4.14"", ""result"": [""abrAhmaRI"", """", ""ya"", ""a"", ""tu""]}, {""rule_source"": ""azwADyAyI"", ""rule"": ""6.1.97"", ""result"": [""abrAhmaRI"", """", ""y"", ""a"", ""tu""]}, {""rule_source"": ""azwADyAyI"", ""rule"": ""8.4.68"", ""result"": [""abrAhmaRI"", """", ""y"", ""a"", ""tu""]}]}], ""atmanepada"": []}"
compound_namadhatu:653996470a251f0a3d9e,compound_namadhatu,lan,लङ् (laṅ),imperfect past,Prathama,Eka,AbrAhmaRIyad;AbrAhmaRIyat,,AbrAhmaRIyad;AbrAhmaRIyat,2,locally_regenerated,"{""parasmaipada"": [{""form_slp1"": ""AbrAhmaRIyat"", ""steps"": [{""rule_source"": ""azwADyAyI"", ""rule"": ""3.1.8"", ""result"": [""abrAhmaRa"", """", ""kyac""]}, {""rule_source"": ""azwADyAyI"", ""rule"": ""3.1.32"", ""result"": [""abrAhmaRa"", """", ""kyac""]}, {""rule_source"": ""azwADyAyI"", ""rule"": ""1.3.3"", ""result"": [""abrAhmaRa"", """", ""kyac""]}, {""rule_source"": ""azwADyAyI"", ""rule"": ""1.3.8"", ""result"": [""abrAhmaRa"", """", ""kyac""]}, {""rule_source"": ""azwADyAyI"", ""rule"": ""1.3.9"", ""result"": [""abrAhmaRa"", """", ""ya""]}, {""rule_source"": ""azwADyAyI"", ""rule"": ""1.2.45"", ""result"": [""abrAhmaRa"", """", ""ya""]}, {""rule_source"": ""azwADyAyI"", ""rule"": ""1.1.43"", ""result"": [""abrAhmaRa"", """", ""ya""]}, {""rule_source"": ""azwADyAyI"", ""rule"": ""1.1.43"", ""result"": [""abrAhmaRa"", """", ""ya""]}, {""rule_source"": ""azwADyAyI"", ""rule"": ""1.4.13"", ""result"": [""abrAhmaRa"", """", ""ya""]}, {""rule_source"": ""azwADyAyI"", ""rule"": ""7.4.33"", ""result"": [""abrAhmaRI"", """", ""ya""]}, {""rule_source"": ""azwADyAyI"", ""rule"": ""1.4.15"", ""result"": [""abrAhmaRI"", """", ""ya""]}, {""rule_source"": ""azwADyAyI"", ""rule"": ""3.2.111"", ""result"": [""abrAhmaRI"", """", ""ya"", ""laN""]}, {""rule_source"": ""azwADyAyI"", ""rule"": ""1.3.3"", ""result"": [""abrAhmaRI"", """", ""ya"", ""laN""]}, {""rule_source"": ""azwADyAyI"", ""rule"": ""1.3.9"", ""result"": [""abrAhmaRI"", """", ""ya"", ""la""]}, {""rule_source"": ""azwADyAyI"", ""rule"": ""1.3.78"", ""result"": [""abrAhmaRI"", """", ""ya"", ""la""]}, {""rule_source"": ""azwADyAyI"", ""rule"": ""3.4.78"", ""result"": [""abrAhmaRI"", """", ""ya"", ""tip""]}, {""rule_source"": ""azwADyAyI"", ""rule"": ""1.3.3"", ""result"": [""abrAhmaRI"", """", ""ya"", ""tip""]}, {""rule_source"": ""azwADyAyI"", ""rule"": ""1.3.9"", ""result"": [""abrAhmaRI"", """", ""ya"", ""ti""]}, {""rule_source"": ""azwADyAyI"", ""rule"": ""3.4.113"", ""result"": [""abrAhmaRI"", """", ""ya"", ""ti""]}, {""rule_source"": ""azwADyAyI"", ""rule"": ""1.1.43"", ""result"": [""abrAhmaRI"", """", ""ya"", ""ti""]}, {""rule_source"": ""azwADyAyI"", ""rule"": ""3.1.68"", ""result"": [""abrAhmaRI"", """", ""ya"", ""Sap"", ""ti""]}, {""rule_source"": ""azwADyAyI"", ""rule"": ""1.3.3"", ""result"": [""abrAhmaRI"", """", ""ya"", ""Sap"", ""ti""]}, {""rule_source"": ""azwADyAyI"", ""rule"": ""1.3.8"", ""result"": [""abrAhmaRI"", """", ""ya"", ""Sap"", ""ti""]}, {""rule_source"": ""azwADyAyI"", ""rule"": ""1.3.9"", ""result"": [""abrAhmaRI"", """", ""ya"", ""a"", ""ti""]}, {""rule_source"": ""azwADyAyI"", ""rule"": ""3.4.113"", ""result"": [""abrAhmaRI"", """", ""ya"", ""a"", ""ti""]}, {""rule_source"": ""azwADyAyI"", ""rule"": ""1.1.43"", ""result"": [""abrAhmaRI"", """", ""ya"", ""a"", ""ti""]}, {""rule_source"": ""azwADyAyI"", ""rule"": ""3.4.100"", ""result"": [""abrAhmaRI"", """", ""ya"", ""a"", ""t""]}, {""rule_source"": ""azwADyAyI"", ""rule"": ""1.4.13"", ""result"": [""abrAhmaRI"", """", ""ya"", ""a"", ""t""]}, {""rule_source"": ""azwADyAyI"", ""rule"": ""6.4.72"", ""result"": [""Aw"", ""abrAhmaRI"", """", ""ya"", ""a"", ""t""]}, {""rule_source"": ""azwADyAyI"", ""rule"": ""1.3.3"", ""result"": [""Aw"", ""abrAhmaRI"", """", ""ya"", ""a"", ""t""]}, {""rule_source"": ""azwADyAyI"", ""rule"": ""1.3.9"", ""result"": [""A"", ""abrAhmaRI"", """", ""ya"", ""a"", ""t""]}, {""rule_source"": ""azwADyAyI"", ""rule"": ""7.4.25"", ""result"": [""A"", ""abrAhmaRI"", """", ""ya"", ""a"", ""t""]}, {""rule_source"": ""azwADyAyI"", ""rule"": ""1.4.15"", ""result"": [""A"", ""abrAhmaRI"", """", ""ya"", ""a"", ""t""]}, {""rule_source"": ""azwADyAyI"", ""rule"": ""1.4.14"", ""result"": [""A"", ""abrAhmaRI"", """", ""ya"", ""a"", ""t""]}, {""rule_source"": ""azwADyAyI"", ""rule"": ""6.1.90"", ""result"": ["""", ""AbrAhmaRI"", """", ""ya"", ""a"", ""t""]}, {""rule_source"": ""azwADyAyI"", ""rule"": ""6.1.97"", ""result"": ["""", ""AbrAhmaRI"", """", ""y"", ""a"", ""t""]}, {""rule_source"": ""azwADyAyI"", ""rule"": ""8.2.39"", ""result"": ["""", ""AbrAhmaRI"", """", ""y"", ""a"", ""d""]}, {""rule_source"": ""azwADyAyI"", ""rule"": ""8.4.56"", ""result"": ["""", ""AbrAhmaRI"", """", ""y"", ""a"", ""t""]}, {""rule_source"": ""azwADyAyI"", ""rule"": ""8.4.68"", ""result"": ["""", ""AbrAhmaRI"", """", ""y"", ""a"", ""t""]}]}, {""form_slp1"": ""AbrAhmaRIyad"", ""steps"": [{""rule_source"": ""azwADyAyI"", ""rule"": ""3.1.8"", ""result"": [""abrAhmaRa"", """", ""kyac""]}, {""rule_source"": ""azwADyAyI"", ""rule"": ""3.1.32"", ""result"": [""abrAhmaRa"", """", ""kyac""]}, {""rule_source"": ""azwADyAyI"", ""rule"": ""1.3.3"", ""result"": [""abrAhmaRa"", """", ""kyac""]}, {""rule_source"": ""azwADyAyI"", ""rule"": ""1.3.8"", ""result"": [""abrAhmaRa"", """", ""kyac""]}, {""rule_source"": ""azwADyAyI"", ""rule"": ""1.3.9"", ""result"": [""abrAhmaRa"", """", ""ya""]}, {""rule_source"": ""azwADyAyI"", ""rule"": ""1.2.45"", ""result"": [""abrAhmaRa"", """", ""ya""]}, {""rule_source"": ""azwADyAyI"", ""rule"": ""1.1.43"", ""result"": [""abrAhmaRa"", """", ""ya""]}, {""rule_source"": ""azwADyAyI"", ""rule"": ""1.1.43"", ""result"": [""abrAhmaRa"", """", ""ya""]}, {""rule_source"": ""azwADyAyI"", ""rule"": ""1.4.13"", ""result"": [""abrAhmaRa"", """", ""ya""]}, {""rule_source"": ""azwADyAyI"", ""rule"": ""7.4.33"", ""result"": [""abrAhmaRI"", """", ""ya""]}, {""rule_source"": ""azwADyAyI"", ""rule"": ""1.4.15"", ""result"": [""abrAhmaRI"", """", ""ya""]}, {""rule_source"": ""azwADyAyI"", ""rule"": ""3.2.111"", ""result"": [""abrAhmaRI"", """", ""ya"", ""laN""]}, {""rule_source"": ""azwADyAyI"", ""rule"": ""1.3.3"", ""result"": [""abrAhmaRI"", """", ""ya"", ""laN""]}, {""rule_source"": ""azwADyAyI"", ""rule"": ""1.3.9"", ""result"": [""abrAhmaRI"", """", ""ya"", ""la""]}, {""rule_source"": ""azwADyAyI"", ""rule"": ""1.3.78"", ""result"": [""abrAhmaRI"", """", ""ya"", ""la""]}, {""rule_source"": ""azwADyAyI"", ""rule"": ""3.4.78"", ""result"": [""abrAhmaRI"", """", ""ya"", ""tip""]}, {""rule_source"": ""azwADyAyI"", ""rule"": ""1.3.3"", ""result"": [""abrAhmaRI"", """", ""ya"", ""tip""]}, {""rule_source"": ""azwADyAyI"", ""rule"": ""1.3.9"", ""result"": [""abrAhmaRI"", """", ""ya"", ""ti""]}, {""rule_source"": ""azwADyAyI"", ""rule"": ""3.4.113"", ""result"": [""abrAhmaRI"", """", ""ya"", ""ti""]}, {""rule_source"": ""azwADyAyI"", ""rule"": ""1.1.43"", ""result"": [""abrAhmaRI"", """", ""ya"", ""ti""]}, {""rule_source"": ""azwADyAyI"", ""rule"": ""3.1.68"", ""result"": [""abrAhmaRI"", """", ""ya"", ""Sap"", ""ti""]}, {""rule_source"": ""azwADyAyI"", ""rule"": ""1.3.3"", ""result"": [""abrAhmaRI"", """", ""ya"", ""Sap"", ""ti""]}, {""rule_source"": ""azwADyAyI"", ""rule"": ""1.3.8"", ""result"": [""abrAhmaRI"", """", ""ya"", ""Sap"", ""ti""]}, {""rule_source"": ""azwADyAyI"", ""rule"": ""1.3.9"", ""result"": [""abrAhmaRI"", """", ""ya"", ""a"", ""ti""]}, {""rule_source"": ""azwADyAyI"", ""rule"": ""3.4.113"", ""result"": [""abrAhmaRI"", """", ""ya"", ""a"", ""ti""]}, {""rule_source"": ""azwADyAyI"", ""rule"": ""1.1.43"", ""result"": [""abrAhmaRI"", """", ""ya"", ""a"", ""ti""]}, {""rule_source"": ""azwADyAyI"", ""rule"": ""3.4.100"", ""result"": [""abrAhmaRI"", """", ""ya"", ""a"", ""t""]}, {""rule_source"": ""azwADyAyI"", ""rule"": ""1.4.13"", ""result"": [""abrAhmaRI"", """", ""ya"", ""a"", ""t""]}, {""rule_source"": ""azwADyAyI"", ""rule"": ""6.4.72"", ""result"": [""Aw"", ""abrAhmaRI"", """", ""ya"", ""a"", ""t""]}, {""rule_source"": ""azwADyAyI"", ""rule"": ""1.3.3"", ""result"": [""Aw"", ""abrAhmaRI"", """", ""ya"", ""a"", ""t""]}, {""rule_source"": ""azwADyAyI"", ""rule"": ""1.3.9"", ""result"": [""A"", ""abrAhmaRI"", """", ""ya"", ""a"", ""t""]}, {""rule_source"": ""azwADyAyI"", ""rule"": ""7.4.25"", ""result"": [""A"", ""abrAhmaRI"", """", ""ya"", ""a"", ""t""]}, {""rule_source"": ""azwADyAyI"", ""rule"": ""1.4.15"", ""result"": [""A"", ""abrAhmaRI"", """", ""ya"", ""a"", ""t""]}, {""rule_source"": ""azwADyAyI"", ""rule"": ""1.4.14"", ""result"": [""A"", ""abrAhmaRI"", """", ""ya"", ""a"", ""t""]}, {""rule_source"": ""azwADyAyI"", ""rule"": ""6.1.90"", ""result"": ["""", ""AbrAhmaRI"", """", ""ya"", ""a"", ""t""]}, {""rule_source"": ""azwADyAyI"", ""rule"": ""6.1.97"", ""result"": ["""", ""AbrAhmaRI"", """", ""y"", ""a"", ""t""]}, {""rule_source"": ""azwADyAyI"", ""rule"": ""8.2.39"", ""result"": ["""", ""AbrAhmaRI"", """", ""y"", ""a"", ""d""]}, {""rule_source"": ""azwADyAyI"", ""rule"": ""8.4.68"", ""result"": ["""", ""AbrAhmaRI"", """", ""y"", ""a"", ""d""]}]}], ""atmanepada"": []}"
compound_namadhatu:653996470a251f0a3d9e,compound_namadhatu,vidhilin,विधिलिङ् (vidhiliṅ),"possibility, prescription, or intention",Prathama,Eka,abrAhmaRIyed;abrAhmaRIyet,,abrAhmaRIyed;abrAhmaRIyet,2,locally_regenerated,"{""parasmaipada"": [{""form_slp1"": ""abrAhmaRIyet"", ""steps"": [{""rule_source"": ""azwADyAyI"", ""rule"": ""3.1.8"", ""result"": [""abrAhmaRa"", """", ""kyac""]}, {""rule_source"": ""azwADyAyI"", ""rule"": ""3.1.32"", ""result"": [""abrAhmaRa"", """", ""kyac""]}, {""rule_source"": ""azwADyAyI"", ""rule"": ""1.3.3"", ""result"": [""abrAhmaRa"", """", ""kyac""]}, {""rule_source"": ""azwADyAyI"", ""rule"": ""1.3.8"", ""result"": [""abrAhmaRa"", """", ""kyac""]}, {""rule_source"": ""azwADyAyI"", ""rule"": ""1.3.9"", ""result"": [""abrAhmaRa"", """", ""ya""]}, {""rule_source"": ""azwADyAyI"", ""rule"": ""1.2.45"", ""result"": [""abrAhmaRa"", """", ""ya""]}, {""rule_source"": ""azwADyAyI"", ""rule"": ""1.1.43"", ""result"": [""abrAhmaRa"", """", ""ya""]}, {""rule_source"": ""azwADyAyI"", ""rule"": ""1.1.43"", ""result"": [""abrAhmaRa"", """", ""ya""]}, {""rule_source"": ""azwADyAyI"", ""rule"": ""1.4.13"", ""result"": [""abrAhmaRa"", """", ""ya""]}, {""rule_source"": ""azwADyAyI"", ""rule"": ""7.4.33"", ""result"": [""abrAhmaRI"", """", ""ya""]}, {""rule_source"": ""azwADyAyI"", ""rule"": ""1.4.15"", ""result"": [""abrAhmaRI"", """", ""ya""]}, {""rule_source"": ""azwADyAyI"", ""rule"": ""3.3.161"", ""result"": [""abrAhmaRI"", """", ""ya"", ""li~N""]}, {""rule_source"": ""azwADyAyI"", ""rule"": ""1.3.2"", ""result"": [""abrAhmaRI"", """", ""ya"", ""li~N""]}, {""rule_source"": ""azwADyAyI"", ""rule"": ""1.3.3"", ""result"": [""abrAhmaRI"", """", ""ya"", ""li~N""]}, {""rule_source"": ""azwADyAyI"", ""rule"": ""1.3.9"", ""result"": [""abrAhmaRI"", """", ""ya"", ""l""]}, {""rule_source"": ""azwADyAyI"", ""rule"": ""1.3.78"", ""result"": [""abrAhmaRI"", """", ""ya"", ""l""]}, {""rule_source"": ""azwADyAyI"", ""rule"": ""3.4.78"", ""result"": [""abrAhmaRI"", """", ""ya"", ""tip""]}, {""rule_source"": ""azwADyAyI"", ""rule"": ""1.3.3"", ""result"": [""abrAhmaRI"", """", ""ya"", ""tip""]}, {""rule_source"": ""azwADyAyI"", ""rule"": ""1.3.9"", ""result"": [""abrAhmaRI"", """", ""ya"", ""ti""]}, {""rule_source"": ""azwADyAyI"", ""rule"": ""3.4.113"", ""result"": [""abrAhmaRI"", """", ""ya"", ""ti""]}, {""rule_source"": ""azwADyAyI"", ""rule"": ""1.1.43"", ""result"": [""abrAhmaRI"", """", ""ya"", ""ti""]}, {""rule_source"": ""azwADyAyI"", ""rule"": ""3.1.68"", ""result"": [""abrAhmaRI"", """", ""ya"", ""Sap"", ""ti""]}, {""rule_source"": ""azwADyAyI"", ""rule"": ""1.3.3"", ""result"": [""abrAhmaRI"", """", ""ya"", ""Sap"", ""ti""]}, {""rule_source"": ""azwADyAyI"", ""rule"": ""1.3.8"", ""result"": [""abrAhmaRI"", """", ""ya"", ""Sap"", ""ti""]}, {""rule_source"": ""azwADyAyI"", ""rule"": ""1.3.9"", ""result"": [""abrAhmaRI"", """", ""ya"", ""a"", ""ti""]}, {""rule_source"": ""azwADyAyI"", ""rule"": ""3.4.113"", ""result"": [""abrAhmaRI"", """", ""ya"", ""a"", ""ti""]}, {""rule_source"": ""azwADyAyI"", ""rule"": ""1.1.43"", ""result"": [""abrAhmaRI"", """", ""ya"", ""a"", ""ti""]}, {""rule_source"": ""azwADyAyI"", ""rule"": ""3.4.100"", ""result"": [""abrAhmaRI"", """", ""ya"", ""a"", ""t""]}, {""rule_source"": ""azwADyAyI"", ""rule"": ""3.4.103"", ""result"": [""abrAhmaRI"", """", ""ya"", ""a"", ""yAsu~w"", ""t""]}, {""rule_source"": ""azwADyAyI"", ""rule"": ""1.3.2"", ""result"": [""abrAhmaRI"", """", ""ya"", ""a"", ""yAsu~w"", ""t""]}, {""rule_source"": ""azwADyAyI"", ""rule"": ""1.3.3"", ""result"": [""abrAhmaRI"", """", ""ya"", ""a"", ""yAsu~w"", ""t""]}, {""rule_source"": ""azwADyAyI"", ""rule"": ""1.3.9"", ""result"": [""abrAhmaRI"", """", ""ya"", ""a"", ""yAs"", ""t""]}, {""rule_source"": ""azwADyAyI"", ""rule"": ""3.4.107"", ""result"": [""abrAhmaRI"", """", ""ya"", ""a"", ""yAs"", ""st""]}, {""rule_source"": ""azwADyAyI"", ""rule"": ""1.4.13"", ""result"": [""abrAhmaRI"", """", ""ya"", ""a"", ""yAs"", ""st""]}, {""rule_source"": ""azwADyAyI"", ""rule"": ""7.2.79"", ""result"": [""abrAhmaRI"", """", ""ya"", ""a"", ""yA"", ""t""]}, {""rule_source"": ""azwADyAyI"", ""rule"": ""7.2.80"", ""result"": [""abrAhmaRI"", """", ""ya"", ""a"", ""iy"", ""t""]}, {""rule_source"": ""azwADyAyI"", ""rule"": ""6.1.66"", ""result"": [""abrAhmaRI"", """", ""ya"", ""a"", ""i"", ""t""]}, {""rule_source"": ""azwADyAyI"", ""rule"": ""7.4.25"", ""result"": [""abrAhmaRI"", """", ""ya"", ""a"", ""i"", ""t""]}, {""rule_source"": ""azwADyAyI"", ""rule"": ""1.4.15"", ""result"": [""abrAhmaRI"", """", ""ya"", ""a"", ""i"", ""t""]}, {""rule_source"": ""azwADyAyI"", ""rule"": ""1.4.14"", ""result"": [""abrAhmaRI"", """", ""ya"", ""a"", ""i"", ""t""]}, {""rule_source"": ""azwADyAyI"", ""rule"": ""6.1.97"", ""result"": [""abrAhmaRI"", """", ""y"", ""a"", ""i"", ""t""]}, {""rule_source"": ""azwADyAyI"", ""rule"": ""6.1.87"", ""result"": [""abrAhmaRI"", """", ""y"", """", ""e"", ""t""]}, {""rule_source"": ""azwADyAyI"", ""rule"": ""8.2.39"", ""result"": [""abrAhmaRI"", """", ""y"", """", ""e"", ""d""]}, {""rule_source"": ""azwADyAyI"", ""rule"": ""8.4.56"", ""result"": [""abrAhmaRI"", """", ""y"", """", ""e"", ""t""]}, {""rule_source"": ""azwADyAyI"", ""rule"": ""8.4.68"", ""result"": [""abrAhmaRI"", """", ""y"", """", ""e"", ""t""]}]}, {""form_slp1"": ""abrAhmaRIyed"", ""steps"": [{""rule_source"": ""azwADyAyI"", ""rule"": ""3.1.8"", ""result"": [""abrAhmaRa"", """", ""kyac""]}, {""rule_source"": ""azwADyAyI"", ""rule"": ""3.1.32"", ""result"": [""abrAhmaRa"", """", ""kyac""]}, {""rule_source"": ""azwADyAyI"", ""rule"": ""1.3.3"", ""result"": [""abrAhmaRa"", """", ""kyac""]}, {""rule_source"": ""azwADyAyI"", ""rule"": ""1.3.8"", ""result"": [""abrAhmaRa"", """", ""kyac""]}, {""rule_source"": ""azwADyAyI"", ""rule"": ""1.3.9"", ""result"": [""abrAhmaRa"", """", ""ya""]}, {""rule_source"": ""azwADyAyI"", ""rule"": ""1.2.45"", ""result"": [""abrAhmaRa"", """", ""ya""]}, {""rule_source"": ""azwADyAyI"", ""rule"": ""1.1.43"", ""result"": [""abrAhmaRa"", """", ""ya""]}, {""rule_source"": ""azwADyAyI"", ""rule"": ""1.1.43"", ""result"": [""abrAhmaRa"", """", ""ya""]}, {""rule_source"": ""azwADyAyI"", ""rule"": ""1.4.13"", ""result"": [""abrAhmaRa"", """", ""ya""]}, {""rule_source"": ""azwADyAyI"", ""rule"": ""7.4.33"", ""result"": [""abrAhmaRI"", """", ""ya""]}, {""rule_source"": ""azwADyAyI"", ""rule"": ""1.4.15"", ""result"": [""abrAhmaRI"", """", ""ya""]}, {""rule_source"": ""azwADyAyI"", ""rule"": ""3.3.161"", ""result"": [""abrAhmaRI"", """", ""ya"", ""li~N""]}, {""rule_source"": ""azwADyAyI"", ""rule"": ""1.3.2"", ""result"": [""abrAhmaRI"", """", ""ya"", ""li~N""]}, {""rule_source"": ""azwADyAyI"", ""rule"": ""1.3.3"", ""result"": [""abrAhmaRI"", """", ""ya"", ""li~N""]}, {""rule_source"": ""azwADyAyI"", ""rule"": ""1.3.9"", ""result"": [""abrAhmaRI"", """", ""ya"", ""l""]}, {""rule_source"": ""azwADyAyI"", ""rule"": ""1.3.78"", ""result"": [""abrAhmaRI"", """", ""ya"", ""l""]}, {""rule_source"": ""azwADyAyI"", ""rule"": ""3.4.78"", ""result"": [""abrAhmaRI"", """", ""ya"", ""tip""]}, {""rule_source"": ""azwADyAyI"", ""rule"": ""1.3.3"", ""result"": [""abrAhmaRI"", """", ""ya"", ""tip""]}, {""rule_source"": ""azwADyAyI"", ""rule"": ""1.3.9"", ""result"": [""abrAhmaRI"", """", ""ya"", ""ti""]}, {""rule_source"": ""azwADyAyI"", ""rule"": ""3.4.113"", ""result"": [""abrAhmaRI"", """", ""ya"", ""ti""]}, {""rule_source"": ""azwADyAyI"", ""rule"": ""1.1.43"", ""result"": [""abrAhmaRI"", """", ""ya"", ""ti""]}, {""rule_source"": ""azwADyAyI"", ""rule"": ""3.1.68"", ""result"": [""abrAhmaRI"", """", ""ya"", ""Sap"", ""ti""]}, {""rule_source"": ""azwADyAyI"", ""rule"": ""1.3.3"", ""result"": [""abrAhmaRI"", """", ""ya"", ""Sap"", ""ti""]}, {""rule_source"": ""azwADyAyI"", ""rule"": ""1.3.8"", ""result"": [""abrAhmaRI"", """", ""ya"", ""Sap"", ""ti""]}, {""rule_source"": ""azwADyAyI"", ""rule"": ""1.3.9"", ""result"": [""abrAhmaRI"", """", ""ya"", ""a"", ""ti""]}, {""rule_source"": ""azwADyAyI"", ""rule"": ""3.4.113"", ""result"": [""abrAhmaRI"", """", ""ya"", ""a"", ""ti""]}, {""rule_source"": ""azwADyAyI"", ""rule"": ""1.1.43"", ""result"": [""abrAhmaRI"", """", ""ya"", ""a"", ""ti""]}, {""rule_source"": ""azwADyAyI"", ""rule"": ""3.4.100"", ""result"": [""abrAhmaRI"", """", ""ya"", ""a"", ""t""]}, {""rule_source"": ""azwADyAyI"", ""rule"": ""3.4.103"", ""result"": [""abrAhmaRI"", """", ""ya"", ""a"", ""yAsu~w"", ""t""]}, {""rule_source"": ""azwADyAyI"", ""rule"": ""1.3.2"", ""result"": [""abrAhmaRI"", """", ""ya"", ""a"", ""yAsu~w"", ""t""]}, {""rule_source"": ""azwADyAyI"", ""rule"": ""1.3.3"", ""result"": [""abrAhmaRI"", """", ""ya"", ""a"", ""yAsu~w"", ""t""]}, {""rule_source"": ""azwADyAyI"", ""rule"": ""1.3.9"", ""result"": [""abrAhmaRI"", """", ""ya"", ""a"", ""yAs"", ""t""]}, {""rule_source"": ""azwADyAyI"", ""rule"": ""3.4.107"", ""result"": [""abrAhmaRI"", """", ""ya"", ""a"", ""yAs"", ""st""]}, {""rule_source"": ""azwADyAyI"", ""rule"": ""1.4.13"", ""result"": [""abrAhmaRI"", """", ""ya"", ""a"", ""yAs"", ""st""]}, {""rule_source"": ""azwADyAyI"", ""rule"": ""7.2.79"", ""result"": [""abrAhmaRI"", """", ""ya"", ""a"", ""yA"", ""t""]}, {""rule_source"": ""azwADyAyI"", ""rule"": ""7.2.80"", ""result"": [""abrAhmaRI"", """", ""ya"", ""a"", ""iy"", ""t""]}, {""rule_source"": ""azwADyAyI"", ""rule"": ""6.1.66"", ""result"": [""abrAhmaRI"", """", ""ya"", ""a"", ""i"", ""t""]}, {""rule_source"": ""azwADyAyI"", ""rule"": ""7.4.25"", ""result"": [""abrAhmaRI"", """", ""ya"", ""a"", ""i"", ""t""]}, {""rule_source"": ""azwADyAyI"", ""rule"": ""1.4.15"", ""result"": [""abrAhmaRI"", """", ""ya"", ""a"", ""i"", ""t""]}, {""rule_source"": ""azwADyAyI"", ""rule"": ""1.4.14"", ""result"": [""abrAhmaRI"", """", ""ya"", ""a"", ""i"", ""t""]}, {""rule_source"": ""azwADyAyI"", ""rule"": ""6.1.97"", ""result"": [""abrAhmaRI"", """", ""y"", ""a"", ""i"", ""t""]}, {""rule_source"": ""azwADyAyI"", ""rule"": ""6.1.87"", ""result"": [""abrAhmaRI"", """", ""y"", """", ""e"", ""t""]}, {""rule_source"": ""azwADyAyI"", ""rule"": ""8.2.39"", ""result"": [""abrAhmaRI"", """", ""y"", """", ""e"", ""d""]}, {""rule_source"": ""azwADyAyI"", ""rule"": ""8.4.68"", ""result"": [""abrAhmaRI"", """", ""y"", """", ""e"", ""d""]}]}], ""atmanepada"": []}"
compound_namadhatu:653996470a251f0a3d9e,compound_namadhatu,ashirlin,आशीर्लिङ् (āśīrliṅ),blessing or wish,Prathama,Eka,abrAhmaRIyyAd;abrAhmaRIyyAt,,abrAhmaRIyyAd;abrAhmaRIyyAt,2,locally_regenerated,"{""parasmaipada"": [{""form_slp1"": ""abrAhmaRIyyAt"", ""steps"": [{""rule_source"": ""azwADyAyI"", ""rule"": ""3.1.8"", ""result"": [""abrAhmaRa"", """", ""kyac""]}, {""rule_source"": ""azwADyAyI"", ""rule"": ""3.1.32"", ""result"": [""abrAhmaRa"", """", ""kyac""]}, {""rule_source"": ""azwADyAyI"", ""rule"": ""1.3.3"", ""result"": [""abrAhmaRa"", """", ""kyac""]}, {""rule_source"": ""azwADyAyI"", ""rule"": ""1.3.8"", ""result"": [""abrAhmaRa"", """", ""kyac""]}, {""rule_source"": ""azwADyAyI"", ""rule"": ""1.3.9"", ""result"": [""abrAhmaRa"", """", ""ya""]}, {""rule_source"": ""azwADyAyI"", ""rule"": ""1.2.45"", ""result"": [""abrAhmaRa"", """", ""ya""]}, {""rule_source"": ""azwADyAyI"", ""rule"": ""1.1.43"", ""result"": [""abrAhmaRa"", """", ""ya""]}, {""rule_source"": ""azwADyAyI"", ""rule"": ""1.1.43"", ""result"": [""abrAhmaRa"", """", ""ya""]}, {""rule_source"": ""azwADyAyI"", ""rule"": ""1.4.13"", ""result"": [""abrAhmaRa"", """", ""ya""]}, {""rule_source"": ""azwADyAyI"", ""rule"": ""7.4.33"", ""result"": [""abrAhmaRI"", """", ""ya""]}, {""rule_source"": ""azwADyAyI"", ""rule"": ""1.4.15"", ""result"": [""abrAhmaRI"", """", ""ya""]}, {""rule_source"": ""azwADyAyI"", ""rule"": ""3.3.173"", ""result"": [""abrAhmaRI"", """", ""ya"", ""li~N""]}, {""rule_source"": ""azwADyAyI"", ""rule"": ""1.3.2"", ""result"": [""abrAhmaRI"", """", ""ya"", ""li~N""]}, {""rule_source"": ""azwADyAyI"", ""rule"": ""1.3.3"", ""result"": [""abrAhmaRI"", """", ""ya"", ""li~N""]}, {""rule_source"": ""azwADyAyI"", ""rule"": ""1.3.9"", ""result"": [""abrAhmaRI"", """", ""ya"", ""l""]}, {""rule_source"": ""azwADyAyI"", ""rule"": ""1.3.78"", ""result"": [""abrAhmaRI"", """", ""ya"", ""l""]}, {""rule_source"": ""azwADyAyI"", ""rule"": ""3.4.78"", ""result"": [""abrAhmaRI"", """", ""ya"", ""tip""]}, {""rule_source"": ""azwADyAyI"", ""rule"": ""1.3.3"", ""result"": [""abrAhmaRI"", """", ""ya"", ""tip""]}, {""rule_source"": ""azwADyAyI"", ""rule"": ""1.3.9"", ""result"": [""abrAhmaRI"", """", ""ya"", ""ti""]}, {""rule_source"": ""azwADyAyI"", ""rule"": ""3.4.116"", ""result"": [""abrAhmaRI"", """", ""ya"", ""ti""]}, {""rule_source"": ""azwADyAyI"", ""rule"": ""1.1.43"", ""result"": [""abrAhmaRI"", """", ""ya"", ""ti""]}, {""rule_source"": ""azwADyAyI"", ""rule"": ""3.4.100"", ""result"": [""abrAhmaRI"", """", ""ya"", ""t""]}, {""rule_source"": ""azwADyAyI"", ""rule"": ""3.4.104"", ""result"": [""abrAhmaRI"", """", ""ya"", ""yAsu~w"", ""t""]}, {""rule_source"": ""azwADyAyI"", ""rule"": ""1.3.2"", ""result"": [""abrAhmaRI"", """", ""ya"", ""yAsu~w"", ""t""]}, {""rule_source"": ""azwADyAyI"", ""rule"": ""1.3.3"", ""result"": [""abrAhmaRI"", """", ""ya"", ""yAsu~w"", ""t""]}, {""rule_source"": ""azwADyAyI"", ""rule"": ""1.3.9"", ""result"": [""abrAhmaRI"", """", ""ya"", ""yAs"", ""t""]}, {""rule_source"": ""azwADyAyI"", ""rule"": ""3.4.107"", ""result"": [""abrAhmaRI"", """", ""ya"", ""yAs"", ""st""]}, {""rule_source"": ""azwADyAyI"", ""rule"": ""3.4.116"", ""result"": [""abrAhmaRI"", """", ""ya"", ""yAs"", ""st""]}, {""rule_source"": ""azwADyAyI"", ""rule"": ""1.1.43"", ""result"": [""abrAhmaRI"", """", ""ya"", ""yAs"", ""st""]}, {""rule_source"": ""azwADyAyI"", ""rule"": ""1.4.13"", ""result"": [""abrAhmaRI"", """", ""ya"", ""yAs"", ""st""]}, {""rule_source"": ""azwADyAyI"", ""rule"": ""6.4.48"", ""result"": [""abrAhmaRI"", """", ""y"", ""yAs"", ""st""]}, {""rule_source"": ""azwADyAyI"", ""rule"": ""7.4.25"", ""result"": [""abrAhmaRI"", """", ""y"", ""yAs"", ""st""]}, {""rule_source"": ""azwADyAyI"", ""rule"": ""1.4.15"", ""result"": [""abrAhmaRI"", """", ""y"", ""yAs"", ""st""]}, {""rule_source"": ""azwADyAyI"", ""rule"": ""1.4.14"", ""result"": [""abrAhmaRI"", """", ""y"", ""yAs"", ""st""]}, {""rule_source"": ""azwADyAyI"", ""rule"": ""8.2.29"", ""result"": [""abrAhmaRI"", """", ""y"", ""yA"", ""st""]}, {""rule_source"": ""azwADyAyI"", ""rule"": ""8.2.29"", ""result"": [""abrAhmaRI"", """", ""y"", ""yA"", ""t""]}, {""rule_source"": ""azwADyAyI"", ""rule"": ""8.2.39"", ""result"": [""abrAhmaRI"", """", ""y"", ""yA"", ""d""]}, {""rule_source"": ""azwADyAyI"", ""rule"": ""8.4.56"", ""result"": [""abrAhmaRI"", """", ""y"", ""yA"", ""t""]}, {""rule_source"": ""azwADyAyI"", ""rule"": ""8.4.68"", ""result"": [""abrAhmaRI"", """", ""y"", ""yA"", ""t""]}]}, {""form_slp1"": ""abrAhmaRIyyAd"", ""steps"": [{""rule_source"": ""azwADyAyI"", ""rule"": ""3.1.8"", ""result"": [""abrAhmaRa"", """", ""kyac""]}, {""rule_source"": ""azwADyAyI"", ""rule"": ""3.1.32"", ""result"": [""abrAhmaRa"", """", ""kyac""]}, {""rule_source"": ""azwADyAyI"", ""rule"": ""1.3.3"", ""result"": [""abrAhmaRa"", """", ""kyac""]}, {""rule_source"": ""azwADyAyI"", ""rule"": ""1.3.8"", ""result"": [""abrAhmaRa"", """", ""kyac""]}, {""rule_source"": ""azwADyAyI"", ""rule"": ""1.3.9"", ""result"": [""abrAhmaRa"", """", ""ya""]}, {""rule_source"": ""azwADyAyI"", ""rule"": ""1.2.45"", ""result"": [""abrAhmaRa"", """", ""ya""]}, {""rule_source"": ""azwADyAyI"", ""rule"": ""1.1.43"", ""result"": [""abrAhmaRa"", """", ""ya""]}, {""rule_source"": ""azwADyAyI"", ""rule"": ""1.1.43"", ""result"": [""abrAhmaRa"", """", ""ya""]}, {""rule_source"": ""azwADyAyI"", ""rule"": ""1.4.13"", ""result"": [""abrAhmaRa"", """", ""ya""]}, {""rule_source"": ""azwADyAyI"", ""rule"": ""7.4.33"", ""result"": [""abrAhmaRI"", """", ""ya""]}, {""rule_source"": ""azwADyAyI"", ""rule"": ""1.4.15"", ""result"": [""abrAhmaRI"", """", ""ya""]}, {""rule_source"": ""azwADyAyI"", ""rule"": ""3.3.173"", ""result"": [""abrAhmaRI"", """", ""ya"", ""li~N""]}, {""rule_source"": ""azwADyAyI"", ""rule"": ""1.3.2"", ""result"": [""abrAhmaRI"", """", ""ya"", ""li~N""]}, {""rule_source"": ""azwADyAyI"", ""rule"": ""1.3.3"", ""result"": [""abrAhmaRI"", """", ""ya"", ""li~N""]}, {""rule_source"": ""azwADyAyI"", ""rule"": ""1.3.9"", ""result"": [""abrAhmaRI"", """", ""ya"", ""l""]}, {""rule_source"": ""azwADyAyI"", ""rule"": ""1.3.78"", ""result"": [""abrAhmaRI"", """", ""ya"", ""l""]}, {""rule_source"": ""azwADyAyI"", ""rule"": ""3.4.78"", ""result"": [""abrAhmaRI"", """", ""ya"", ""tip""]}, {""rule_source"": ""azwADyAyI"", ""rule"": ""1.3.3"", ""result"": [""abrAhmaRI"", """", ""ya"", ""tip""]}, {""rule_source"": ""azwADyAyI"", ""rule"": ""1.3.9"", ""result"": [""abrAhmaRI"", """", ""ya"", ""ti""]}, {""rule_source"": ""azwADyAyI"", ""rule"": ""3.4.116"", ""result"": [""abrAhmaRI"", """", ""ya"", ""ti""]}, {""rule_source"": ""azwADyAyI"", ""rule"": ""1.1.43"", ""result"": [""abrAhmaRI"", """", ""ya"", ""ti""]}, {""rule_source"": ""azwADyAyI"", ""rule"": ""3.4.100"", ""result"": [""abrAhmaRI"", """", ""ya"", ""t""]}, {""rule_source"": ""azwADyAyI"", ""rule"": ""3.4.104"", ""result"": [""abrAhmaRI"", """", ""ya"", ""yAsu~w"", ""t""]}, {""rule_source"": ""azwADyAyI"", ""rule"": ""1.3.2"", ""result"": [""abrAhmaRI"", """", ""ya"", ""yAsu~w"", ""t""]}, {""rule_source"": ""azwADyAyI"", ""rule"": ""1.3.3"", ""result"": [""abrAhmaRI"", """", ""ya"", ""yAsu~w"", ""t""]}, {""rule_source"": ""azwADyAyI"", ""rule"": ""1.3.9"", ""result"": [""abrAhmaRI"", """", ""ya"", ""yAs"", ""t""]}, {""rule_source"": ""azwADyAyI"", ""rule"": ""3.4.107"", ""result"": [""abrAhmaRI"", """", ""ya"", ""yAs"", ""st""]}, {""rule_source"": ""azwADyAyI"", ""rule"": ""3.4.116"", ""result"": [""abrAhmaRI"", """", ""ya"", ""yAs"", ""st""]}, {""rule_source"": ""azwADyAyI"", ""rule"": ""1.1.43"", ""result"": [""abrAhmaRI"", """", ""ya"", ""yAs"", ""st""]}, {""rule_source"": ""azwADyAyI"", ""rule"": ""1.4.13"", ""result"": [""abrAhmaRI"", """", ""ya"", ""yAs"", ""st""]}, {""rule_source"": ""azwADyAyI"", ""rule"": ""6.4.48"", ""result"": [""abrAhmaRI"", """", ""y"", ""yAs"", ""st""]}, {""rule_source"": ""azwADyAyI"", ""rule"": ""7.4.25"", ""result"": [""abrAhmaRI"", """", ""y"", ""yAs"", ""st""]}, {""rule_source"": ""azwADyAyI"", ""rule"": ""1.4.15"", ""result"": [""abrAhmaRI"", """", ""y"", ""yAs"", ""st""]}, {""rule_source"": ""azwADyAyI"", ""rule"": ""1.4.14"", ""result"": [""abrAhmaRI"", """", ""y"", ""yAs"", ""st""]}, {""rule_source"": ""azwADyAyI"", ""rule"": ""8.2.29"", ""result"": [""abrAhmaRI"", """", ""y"", ""yA"", ""st""]}, {""rule_source"": ""azwADyAyI"", ""rule"": ""8.2.29"", ""result"": [""abrAhmaRI"", """", ""y"", ""yA"", ""t""]}, {""rule_source"": ""azwADyAyI"", ""rule"": ""8.2.39"", ""result"": [""abrAhmaRI"", """", ""y"", ""yA"", ""d""]}, {""rule_source"": ""azwADyAyI"", ""rule"": ""8.4.68"", ""result"": [""abrAhmaRI"", """", ""y"", ""yA"", ""d""]}]}], ""atmanepada"": []}"
compound_namadhatu:653996470a251f0a3d9e,compound_namadhatu,lun,लुङ् (luṅ),aorist past,Prathama,Eka,AbrAhmaRIyId;AbrAhmaRIyIt,,AbrAhmaRIyId;AbrAhmaRIyIt,2,locally_regenerated,"{""parasmaipada"": [{""form_slp1"": ""AbrAhmaRIyIt"", ""steps"": [{""rule_source"": ""azwADyAyI"", ""rule"": ""3.1.8"", ""result"": [""abrAhmaRa"", """", ""kyac""]}, {""rule_source"": ""azwADyAyI"", ""rule"": ""3.1.32"", ""result"": [""abrAhmaRa"", """", ""kyac""]}, {""rule_source"": ""azwADyAyI"", ""rule"": ""1.3.3"", ""result"": [""abrAhmaRa"", """", ""kyac""]}, {""rule_source"": ""azwADyAyI"", ""rule"": ""1.3.8"", ""result"": [""abrAhmaRa"", """", ""kyac""]}, {""rule_source"": ""azwADyAyI"", ""rule"": ""1.3.9"", ""result"": [""abrAhmaRa"", """", ""ya""]}, {""rule_source"": ""azwADyAyI"", ""rule"": ""1.2.45"", ""result"": [""abrAhmaRa"", """", ""ya""]}, {""rule_source"": ""azwADyAyI"", ""rule"": ""1.1.43"", ""result"": [""abrAhmaRa"", """", ""ya""]}, {""rule_source"": ""azwADyAyI"", ""rule"": ""1.1.43"", ""result"": [""abrAhmaRa"", """", ""ya""]}, {""rule_source"": ""azwADyAyI"", ""rule"": ""1.4.13"", ""result"": [""abrAhmaRa"", """", ""ya""]}, {""rule_source"": ""azwADyAyI"", ""rule"": ""7.4.33"", ""result"": [""abrAhmaRI"", """", ""ya""]}, {""rule_source"": ""azwADyAyI"", ""rule"": ""1.4.15"", ""result"": [""abrAhmaRI"", """", ""ya""]}, {""rule_source"": ""azwADyAyI"", ""rule"": ""3.2.110"", ""result"": [""abrAhmaRI"", """", ""ya"", ""lu~N""]}, {""rule_source"": ""azwADyAyI"", ""rule"": ""1.3.2"", ""result"": [""abrAhmaRI"", """", ""ya"", ""lu~N""]}, {""rule_source"": ""azwADyAyI"", ""rule"": ""1.3.3"", ""result"": [""abrAhmaRI"", """", ""ya"", ""lu~N""]}, {""rule_source"": ""azwADyAyI"", ""rule"": ""1.3.9"", ""result"": [""abrAhmaRI"", """", ""ya"", ""l""]}, {""rule_source"": ""azwADyAyI"", ""rule"": ""1.3.78"", ""result"": [""abrAhmaRI"", """", ""ya"", ""l""]}, {""rule_source"": ""azwADyAyI"", ""rule"": ""3.4.78"", ""result"": [""abrAhmaRI"", """", ""ya"", ""tip""]}, {""rule_source"": ""azwADyAyI"", ""rule"": ""1.3.3"", ""result"": [""abrAhmaRI"", """", ""ya"", ""tip""]}, {""rule_source"": ""azwADyAyI"", ""rule"": ""1.3.9"", ""result"": [""abrAhmaRI"", """", ""ya"", ""ti""]}, {""rule_source"": ""azwADyAyI"", ""rule"": ""3.4.113"", ""result"": [""abrAhmaRI"", """", ""ya"", ""ti""]}, {""rule_source"": ""azwADyAyI"", ""rule"": ""1.1.43"", ""result"": [""abrAhmaRI"", """", ""ya"", ""ti""]}, {""rule_source"": ""azwADyAyI"", ""rule"": ""3.1.43"", ""result"": [""abrAhmaRI"", """", ""ya"", ""cli~"", ""ti""]}, {""rule_source"": ""azwADyAyI"", ""rule"": ""3.1.44"", ""result"": [""abrAhmaRI"", """", ""ya"", ""si~c"", ""ti""]}, {""rule_source"": ""azwADyAyI"", ""rule"": ""1.3.2"", ""result"": [""abrAhmaRI"", """", ""ya"", ""si~c"", ""ti""]}, {""rule_source"": ""azwADyAyI"", ""rule"": ""1.3.3"", ""result"": [""abrAhmaRI"", """", ""ya"", ""si~c"", ""ti""]}, {""rule_source"": ""azwADyAyI"", ""rule"": ""1.3.9"", ""result"": [""abrAhmaRI"", """", ""ya"", ""s"", ""ti""]}, {""rule_source"": ""azwADyAyI"", ""rule"": ""3.4.114"", ""result"": [""abrAhmaRI"", """", ""ya"", ""s"", ""ti""]}, {""rule_source"": ""azwADyAyI"", ""rule"": ""1.1.43"", ""result"": [""abrAhmaRI"", """", ""ya"", ""s"", ""ti""]}, {""rule_source"": ""azwADyAyI"", ""rule"": ""3.4.100"", ""result"": [""abrAhmaRI"", """", ""ya"", ""s"", ""t""]}, {""rule_source"": ""azwADyAyI"", ""rule"": ""7.2.35"", ""result"": [""abrAhmaRI"", """", ""ya"", ""iw"", ""s"", ""t""]}, {""rule_source"": ""azwADyAyI"", ""rule"": ""1.3.3"", ""result"": [""abrAhmaRI"", """", ""ya"", ""iw"", ""s"", ""t""]}, {""rule_source"": ""azwADyAyI"", ""rule"": ""1.3.9"", ""result"": [""abrAhmaRI"", """", ""ya"", ""i"", ""s"", ""t""]}, {""rule_source"": ""azwADyAyI"", ""rule"": ""1.4.13"", ""result"": [""abrAhmaRI"", """", ""ya"", ""i"", ""s"", ""t""]}, {""rule_source"": ""azwADyAyI"", ""rule"": ""7.3.96"", ""result"": [""abrAhmaRI"", """", ""ya"", ""i"", ""s"", ""Iw"", ""t""]}, {""rule_source"": ""azwADyAyI"", ""rule"": ""1.3.3"", ""result"": [""abrAhmaRI"", """", ""ya"", ""i"", ""s"", ""Iw"", ""t""]}, {""rule_source"": ""azwADyAyI"", ""rule"": ""1.3.9"", ""result"": [""abrAhmaRI"", """", ""ya"", ""i"", ""s"", ""I"", ""t""]}, {""rule_source"": ""azwADyAyI"", ""rule"": ""6.4.72"", ""result"": [""Aw"", ""abrAhmaRI"", """", ""ya"", ""i"", ""s"", ""I"", ""t""]}, {""rule_source"": ""azwADyAyI"", ""rule"": ""1.3.3"", ""result"": [""Aw"", ""abrAhmaRI"", """", ""ya"", ""i"", ""s"", ""I"", ""t""]}, {""rule_source"": ""azwADyAyI"", ""rule"": ""1.3.9"", ""result"": [""A"", ""abrAhmaRI"", """", ""ya"", ""i"", ""s"", ""I"", ""t""]}, {""rule_source"": ""azwADyAyI"", ""rule"": ""6.4.48"", ""result"": [""A"", ""abrAhmaRI"", """", ""y"", ""i"", ""s"", ""I"", ""t""]}, {""rule_source"": ""azwADyAyI"", ""rule"": ""7.4.25"", ""result"": [""A"", ""abrAhmaRI"", """", ""y"", ""i"", ""s"", ""I"", ""t""]}, {""rule_source"": ""azwADyAyI"", ""rule"": ""1.4.15"", ""result"": [""A"", ""abrAhmaRI"", """", ""y"", ""i"", ""s"", ""I"", ""t""]}, {""rule_source"": ""azwADyAyI"", ""rule"": ""1.4.14"", ""result"": [""A"", ""abrAhmaRI"", """", ""y"", ""i"", ""s"", ""I"", ""t""]}, {""rule_source"": ""azwADyAyI"", ""rule"": ""6.1.90"", ""result"": ["""", ""AbrAhmaRI"", """", ""y"", ""i"", ""s"", ""I"", ""t""]}, {""rule_source"": ""azwADyAyI"", ""rule"": ""8.2.28"", ""result"": ["""", ""AbrAhmaRI"", """", ""y"", ""i"", """", ""I"", ""t""]}, {""rule_source"": ""azwADyAyI"", ""rule"": ""6.1.101"", ""result"": ["""", ""AbrAhmaRI"", """", ""y"", ""I"", """", """", ""t""]}, {""rule_source"": ""azwADyAyI"", ""rule"": ""8.2.39"", ""result"": ["""", ""AbrAhmaRI"", """", ""y"", ""I"", """", """", ""d""]}, {""rule_source"": ""azwADyAyI"", ""rule"": ""8.4.56"", ""result"": ["""", ""AbrAhmaRI"", """", ""y"", ""I"", """", """", ""t""]}, {""rule_source"": ""azwADyAyI"", ""rule"": ""8.4.68"", ""result"": ["""", ""AbrAhmaRI"", """", ""y"", ""I"", """", """", ""t""]}]}, {""form_slp1"": ""AbrAhmaRIyId"", ""steps"": [{""rule_source"": ""azwADyAyI"", ""rule"": ""3.1.8"", ""result"": [""abrAhmaRa"", """", ""kyac""]}, {""rule_source"": ""azwADyAyI"", ""rule"": ""3.1.32"", ""result"": [""abrAhmaRa"", """", ""kyac""]}, {""rule_source"": ""azwADyAyI"", ""rule"": ""1.3.3"", ""result"": [""abrAhmaRa"", """", ""kyac""]}, {""rule_source"": ""azwADyAyI"", ""rule"": ""1.3.8"", ""result"": [""abrAhmaRa"", """", ""kyac""]}, {""rule_source"": ""azwADyAyI"", ""rule"": ""1.3.9"", ""result"": [""abrAhmaRa"", """", ""ya""]}, {""rule_source"": ""azwADyAyI"", ""rule"": ""1.2.45"", ""result"": [""abrAhmaRa"", """", ""ya""]}, {""rule_source"": ""azwADyAyI"", ""rule"": ""1.1.43"", ""result"": [""abrAhmaRa"", """", ""ya""]}, {""rule_source"": ""azwADyAyI"", ""rule"": ""1.1.43"", ""result"": [""abrAhmaRa"", """", ""ya""]}, {""rule_source"": ""azwADyAyI"", ""rule"": ""1.4.13"", ""result"": [""abrAhmaRa"", """", ""ya""]}, {""rule_source"": ""azwADyAyI"", ""rule"": ""7.4.33"", ""result"": [""abrAhmaRI"", """", ""ya""]}, {""rule_source"": ""azwADyAyI"", ""rule"": ""1.4.15"", ""result"": [""abrAhmaRI"", """", ""ya""]}, {""rule_source"": ""azwADyAyI"", ""rule"": ""3.2.110"", ""result"": [""abrAhmaRI"", """", ""ya"", ""lu~N""]}, {""rule_source"": ""azwADyAyI"", ""rule"": ""1.3.2"", ""result"": [""abrAhmaRI"", """", ""ya"", ""lu~N""]}, {""rule_source"": ""azwADyAyI"", ""rule"": ""1.3.3"", ""result"": [""abrAhmaRI"", """", ""ya"", ""lu~N""]}, {""rule_source"": ""azwADyAyI"", ""rule"": ""1.3.9"", ""result"": [""abrAhmaRI"", """", ""ya"", ""l""]}, {""rule_source"": ""azwADyAyI"", ""rule"": ""1.3.78"", ""result"": [""abrAhmaRI"", """", ""ya"", ""l""]}, {""rule_source"": ""azwADyAyI"", ""rule"": ""3.4.78"", ""result"": [""abrAhmaRI"", """", ""ya"", ""tip""]}, {""rule_source"": ""azwADyAyI"", ""rule"": ""1.3.3"", ""result"": [""abrAhmaRI"", """", ""ya"", ""tip""]}, {""rule_source"": ""azwADyAyI"", ""rule"": ""1.3.9"", ""result"": [""abrAhmaRI"", """", ""ya"", ""ti""]}, {""rule_source"": ""azwADyAyI"", ""rule"": ""3.4.113"", ""result"": [""abrAhmaRI"", """", ""ya"", ""ti""]}, {""rule_source"": ""azwADyAyI"", ""rule"": ""1.1.43"", ""result"": [""abrAhmaRI"", """", ""ya"", ""ti""]}, {""rule_source"": ""azwADyAyI"", ""rule"": ""3.1.43"", ""result"": [""abrAhmaRI"", """", ""ya"", ""cli~"", ""ti""]}, {""rule_source"": ""azwADyAyI"", ""rule"": ""3.1.44"", ""result"": [""abrAhmaRI"", """", ""ya"", ""si~c"", ""ti""]}, {""rule_source"": ""azwADyAyI"", ""rule"": ""1.3.2"", ""result"": [""abrAhmaRI"", """", ""ya"", ""si~c"", ""ti""]}, {""rule_source"": ""azwADyAyI"", ""rule"": ""1.3.3"", ""result"": [""abrAhmaRI"", """", ""ya"", ""si~c"", ""ti""]}, {""rule_source"": ""azwADyAyI"", ""rule"": ""1.3.9"", ""result"": [""abrAhmaRI"", """", ""ya"", ""s"", ""ti""]}, {""rule_source"": ""azwADyAyI"", ""rule"": ""3.4.114"", ""result"": [""abrAhmaRI"", """", ""ya"", ""s"", ""ti""]}, {""rule_source"": ""azwADyAyI"", ""rule"": ""1.1.43"", ""result"": [""abrAhmaRI"", """", ""ya"", ""s"", ""ti""]}, {""rule_source"": ""azwADyAyI"", ""rule"": ""3.4.100"", ""result"": [""abrAhmaRI"", """", ""ya"", ""s"", ""t""]}, {""rule_source"": ""azwADyAyI"", ""rule"": ""7.2.35"", ""result"": [""abrAhmaRI"", """", ""ya"", ""iw"", ""s"", ""t""]}, {""rule_source"": ""azwADyAyI"", ""rule"": ""1.3.3"", ""result"": [""abrAhmaRI"", """", ""ya"", ""iw"", ""s"", ""t""]}, {""rule_source"": ""azwADyAyI"", ""rule"": ""1.3.9"", ""result"": [""abrAhmaRI"", """", ""ya"", ""i"", ""s"", ""t""]}, {""rule_source"": ""azwADyAyI"", ""rule"": ""1.4.13"", ""result"": [""abrAhmaRI"", """", ""ya"", ""i"", ""s"", ""t""]}, {""rule_source"": ""azwADyAyI"", ""rule"": ""7.3.96"", ""result"": [""abrAhmaRI"", """", ""ya"", ""i"", ""s"", ""Iw"", ""t""]}, {""rule_source"": ""azwADyAyI"", ""rule"": ""1.3.3"", ""result"": [""abrAhmaRI"", """", ""ya"", ""i"", ""s"", ""Iw"", ""t""]}, {""rule_source"": ""azwADyAyI"", ""rule"": ""1.3.9"", ""result"": [""abrAhmaRI"", """", ""ya"", ""i"", ""s"", ""I"", ""t""]}, {""rule_source"": ""azwADyAyI"", ""rule"": ""6.4.72"", ""result"": [""Aw"", ""abrAhmaRI"", """", ""ya"", ""i"", ""s"", ""I"", ""t""]}, {""rule_source"": ""azwADyAyI"", ""rule"": ""1.3.3"", ""result"": [""Aw"", ""abrAhmaRI"", """", ""ya"", ""i"", ""s"", ""I"", ""t""]}, {""rule_source"": ""azwADyAyI"", ""rule"": ""1.3.9"", ""result"": [""A"", ""abrAhmaRI"", """", ""ya"", ""i"", ""s"", ""I"", ""t""]}, {""rule_source"": ""azwADyAyI"", ""rule"": ""6.4.48"", ""result"": [""A"", ""abrAhmaRI"", """", ""y"", ""i"", ""s"", ""I"", ""t""]}, {""rule_source"": ""azwADyAyI"", ""rule"": ""7.4.25"", ""result"": [""A"", ""abrAhmaRI"", """", ""y"", ""i"", ""s"", ""I"", ""t""]}, {""rule_source"": ""azwADyAyI"", ""rule"": ""1.4.15"", ""result"": [""A"", ""abrAhmaRI"", """", ""y"", ""i"", ""s"", ""I"", ""t""]}, {""rule_source"": ""azwADyAyI"", ""rule"": ""1.4.14"", ""result"": [""A"", ""abrAhmaRI"", """", ""y"", ""i"", ""s"", ""I"", ""t""]}, {""rule_source"": ""azwADyAyI"", ""rule"": ""6.1.90"", ""result"": ["""", ""AbrAhmaRI"", """", ""y"", ""i"", ""s"", ""I"", ""t""]}, {""rule_source"": ""azwADyAyI"", ""rule"": ""8.2.28"", ""result"": ["""", ""AbrAhmaRI"", """", ""y"", ""i"", """", ""I"", ""t""]}, {""rule_source"": ""azwADyAyI"", ""rule"": ""6.1.101"", ""result"": ["""", ""AbrAhmaRI"", """", ""y"", ""I"", """", """", ""t""]}, {""rule_source"": ""azwADyAyI"", ""rule"": ""8.2.39"", ""result"": ["""", ""AbrAhmaRI"", """", ""y"", ""I"", """", """", ""d""]}, {""rule_source"": ""azwADyAyI"", ""rule"": ""8.4.68"", ""result"": ["""", ""AbrAhmaRI"", """", ""y"", ""I"", """", """", ""d""]}]}], ""atmanepada"": []}"
compound_namadhatu:653996470a251f0a3d9e,compound_namadhatu,lrn,लृङ् (lṛṅ),conditional,Prathama,Eka,AbrAhmaRIyizyad;AbrAhmaRIyizyat,,AbrAhmaRIyizyad;AbrAhmaRIyizyat,2,locally_regenerated,"{""parasmaipada"": [{""form_slp1"": ""AbrAhmaRIyizyat"", ""steps"": [{""rule_source"": ""azwADyAyI"", ""rule"": ""3.1.8"", ""result"": [""abrAhmaRa"", """", ""kyac""]}, {""rule_source"": ""azwADyAyI"", ""rule"": ""3.1.32"", ""result"": [""abrAhmaRa"", """", ""kyac""]}, {""rule_source"": ""azwADyAyI"", ""rule"": ""1.3.3"", ""result"": [""abrAhmaRa"", """", ""kyac""]}, {""rule_source"": ""azwADyAyI"", ""rule"": ""1.3.8"", ""result"": [""abrAhmaRa"", """", ""kyac""]}, {""rule_source"": ""azwADyAyI"", ""rule"": ""1.3.9"", ""result"": [""abrAhmaRa"", """", ""ya""]}, {""rule_source"": ""azwADyAyI"", ""rule"": ""1.2.45"", ""result"": [""abrAhmaRa"", """", ""ya""]}, {""rule_source"": ""azwADyAyI"", ""rule"": ""1.1.43"", ""result"": [""abrAhmaRa"", """", ""ya""]}, {""rule_source"": ""azwADyAyI"", ""rule"": ""1.1.43"", ""result"": [""abrAhmaRa"", """", ""ya""]}, {""rule_source"": ""azwADyAyI"", ""rule"": ""1.4.13"", ""result"": [""abrAhmaRa"", """", ""ya""]}, {""rule_source"": ""azwADyAyI"", ""rule"": ""7.4.33"", ""result"": [""abrAhmaRI"", """", ""ya""]}, {""rule_source"": ""azwADyAyI"", ""rule"": ""1.4.15"", ""result"": [""abrAhmaRI"", """", ""ya""]}, {""rule_source"": ""azwADyAyI"", ""rule"": ""3.3.139"", ""result"": [""abrAhmaRI"", """", ""ya"", ""lf~N""]}, {""rule_source"": ""azwADyAyI"", ""rule"": ""1.3.2"", ""result"": [""abrAhmaRI"", """", ""ya"", ""lf~N""]}, {""rule_source"": ""azwADyAyI"", ""rule"": ""1.3.3"", ""result"": [""abrAhmaRI"", """", ""ya"", ""lf~N""]}, {""rule_source"": ""azwADyAyI"", ""rule"": ""1.3.9"", ""result"": [""abrAhmaRI"", """", ""ya"", ""l""]}, {""rule_source"": ""azwADyAyI"", ""rule"": ""1.3.78"", ""result"": [""abrAhmaRI"", """", ""ya"", ""l""]}, {""rule_source"": ""azwADyAyI"", ""rule"": ""3.4.78"", ""result"": [""abrAhmaRI"", """", ""ya"", ""tip""]}, {""rule_source"": ""azwADyAyI"", ""rule"": ""1.3.3"", ""result"": [""abrAhmaRI"", """", ""ya"", ""tip""]}, {""rule_source"": ""azwADyAyI"", ""rule"": ""1.3.9"", ""result"": [""abrAhmaRI"", """", ""ya"", ""ti""]}, {""rule_source"": ""azwADyAyI"", ""rule"": ""3.4.113"", ""result"": [""abrAhmaRI"", """", ""ya"", ""ti""]}, {""rule_source"": ""azwADyAyI"", ""rule"": ""1.1.43"", ""result"": [""abrAhmaRI"", """", ""ya"", ""ti""]}, {""rule_source"": ""azwADyAyI"", ""rule"": ""3.1.33"", ""result"": [""abrAhmaRI"", """", ""ya"", ""sya"", ""ti""]}, {""rule_source"": ""azwADyAyI"", ""rule"": ""3.4.114"", ""result"": [""abrAhmaRI"", """", ""ya"", ""sya"", ""ti""]}, {""rule_source"": ""azwADyAyI"", ""rule"": ""1.1.43"", ""result"": [""abrAhmaRI"", """", ""ya"", ""sya"", ""ti""]}, {""rule_source"": ""azwADyAyI"", ""rule"": ""3.4.100"", ""result"": [""abrAhmaRI"", """", ""ya"", ""sya"", ""t""]}, {""rule_source"": ""azwADyAyI"", ""rule"": ""7.2.35"", ""result"": [""abrAhmaRI"", """", ""ya"", ""iw"", ""sya"", ""t""]}, {""rule_source"": ""azwADyAyI"", ""rule"": ""1.3.3"", ""result"": [""abrAhmaRI"", """", ""ya"", ""iw"", ""sya"", ""t""]}, {""rule_source"": ""azwADyAyI"", ""rule"": ""1.3.9"", ""result"": [""abrAhmaRI"", """", ""ya"", ""i"", ""sya"", ""t""]}, {""rule_source"": ""azwADyAyI"", ""rule"": ""1.4.13"", ""result"": [""abrAhmaRI"", """", ""ya"", ""i"", ""sya"", ""t""]}, {""rule_source"": ""azwADyAyI"", ""rule"": ""6.4.72"", ""result"": [""Aw"", ""abrAhmaRI"", """", ""ya"", ""i"", ""sya"", ""t""]}, {""rule_source"": ""azwADyAyI"", ""rule"": ""1.3.3"", ""result"": [""Aw"", ""abrAhmaRI"", """", ""ya"", ""i"", ""sya"", ""t""]}, {""rule_source"": ""azwADyAyI"", ""rule"": ""1.3.9"", ""result"": [""A"", ""abrAhmaRI"", """", ""ya"", ""i"", ""sya"", ""t""]}, {""rule_source"": ""azwADyAyI"", ""rule"": ""6.4.48"", ""result"": [""A"", ""abrAhmaRI"", """", ""y"", ""i"", ""sya"", ""t""]}, {""rule_source"": ""azwADyAyI"", ""rule"": ""7.4.25"", ""result"": [""A"", ""abrAhmaRI"", """", ""y"", ""i"", ""sya"", ""t""]}, {""rule_source"": ""azwADyAyI"", ""rule"": ""1.4.15"", ""result"": [""A"", ""abrAhmaRI"", """", ""y"", ""i"", ""sya"", ""t""]}, {""rule_source"": ""azwADyAyI"", ""rule"": ""1.4.14"", ""result"": [""A"", ""abrAhmaRI"", """", ""y"", ""i"", ""sya"", ""t""]}, {""rule_source"": ""azwADyAyI"", ""rule"": ""6.1.90"", ""result"": ["""", ""AbrAhmaRI"", """", ""y"", ""i"", ""sya"", ""t""]}, {""rule_source"": ""azwADyAyI"", ""rule"": ""8.2.39"", ""result"": ["""", ""AbrAhmaRI"", """", ""y"", ""i"", ""sya"", ""d""]}, {""rule_source"": ""azwADyAyI"", ""rule"": ""8.3.59"", ""result"": ["""", ""AbrAhmaRI"", """", ""y"", ""i"", ""zya"", ""d""]}, {""rule_source"": ""azwADyAyI"", ""rule"": ""8.4.56"", ""result"": ["""", ""AbrAhmaRI"", """", ""y"", ""i"", ""zya"", ""t""]}, {""rule_source"": ""azwADyAyI"", ""rule"": ""8.4.68"", ""result"": ["""", ""AbrAhmaRI"", """", ""y"", ""i"", ""zya"", ""t""]}]}, {""form_slp1"": ""AbrAhmaRIyizyad"", ""steps"": [{""rule_source"": ""azwADyAyI"", ""rule"": ""3.1.8"", ""result"": [""abrAhmaRa"", """", ""kyac""]}, {""rule_source"": ""azwADyAyI"", ""rule"": ""3.1.32"", ""result"": [""abrAhmaRa"", """", ""kyac""]}, {""rule_source"": ""azwADyAyI"", ""rule"": ""1.3.3"", ""result"": [""abrAhmaRa"", """", ""kyac""]}, {""rule_source"": ""azwADyAyI"", ""rule"": ""1.3.8"", ""result"": [""abrAhmaRa"", """", ""kyac""]}, {""rule_source"": ""azwADyAyI"", ""rule"": ""1.3.9"", ""result"": [""abrAhmaRa"", """", ""ya""]}, {""rule_source"": ""azwADyAyI"", ""rule"": ""1.2.45"", ""result"": [""abrAhmaRa"", """", ""ya""]}, {""rule_source"": ""azwADyAyI"", ""rule"": ""1.1.43"", ""result"": [""abrAhmaRa"", """", ""ya""]}, {""rule_source"": ""azwADyAyI"", ""rule"": ""1.1.43"", ""result"": [""abrAhmaRa"", """", ""ya""]}, {""rule_source"": ""azwADyAyI"", ""rule"": ""1.4.13"", ""result"": [""abrAhmaRa"", """", ""ya""]}, {""rule_source"": ""azwADyAyI"", ""rule"": ""7.4.33"", ""result"": [""abrAhmaRI"", """", ""ya""]}, {""rule_source"": ""azwADyAyI"", ""rule"": ""1.4.15"", ""result"": [""abrAhmaRI"", """", ""ya""]}, {""rule_source"": ""azwADyAyI"", ""rule"": ""3.3.139"", ""result"": [""abrAhmaRI"", """", ""ya"", ""lf~N""]}, {""rule_source"": ""azwADyAyI"", ""rule"": ""1.3.2"", ""result"": [""abrAhmaRI"", """", ""ya"", ""lf~N""]}, {""rule_source"": ""azwADyAyI"", ""rule"": ""1.3.3"", ""result"": [""abrAhmaRI"", """", ""ya"", ""lf~N""]}, {""rule_source"": ""azwADyAyI"", ""rule"": ""1.3.9"", ""result"": [""abrAhmaRI"", """", ""ya"", ""l""]}, {""rule_source"": ""azwADyAyI"", ""rule"": ""1.3.78"", ""result"": [""abrAhmaRI"", """", ""ya"", ""l""]}, {""rule_source"": ""azwADyAyI"", ""rule"": ""3.4.78"", ""result"": [""abrAhmaRI"", """", ""ya"", ""tip""]}, {""rule_source"": ""azwADyAyI"", ""rule"": ""1.3.3"", ""result"": [""abrAhmaRI"", """", ""ya"", ""tip""]}, {""rule_source"": ""azwADyAyI"", ""rule"": ""1.3.9"", ""result"": [""abrAhmaRI"", """", ""ya"", ""ti""]}, {""rule_source"": ""azwADyAyI"", ""rule"": ""3.4.113"", ""result"": [""abrAhmaRI"", """", ""ya"", ""ti""]}, {""rule_source"": ""azwADyAyI"", ""rule"": ""1.1.43"", ""result"": [""abrAhmaRI"", """", ""ya"", ""ti""]}, {""rule_source"": ""azwADyAyI"", ""rule"": ""3.1.33"", ""result"": [""abrAhmaRI"", """", ""ya"", ""sya"", ""ti""]}, {""rule_source"": ""azwADyAyI"", ""rule"": ""3.4.114"", ""result"": [""abrAhmaRI"", """", ""ya"", ""sya"", ""ti""]}, {""rule_source"": ""azwADyAyI"", ""rule"": ""1.1.43"", ""result"": [""abrAhmaRI"", """", ""ya"", ""sya"", ""ti""]}, {""rule_source"": ""azwADyAyI"", ""rule"": ""3.4.100"", ""result"": [""abrAhmaRI"", """", ""ya"", ""sya"", ""t""]}, {""rule_source"": ""azwADyAyI"", ""rule"": ""7.2.35"", ""result"": [""abrAhmaRI"", """", ""ya"", ""iw"", ""sya"", ""t""]}, {""rule_source"": ""azwADyAyI"", ""rule"": ""1.3.3"", ""result"": [""abrAhmaRI"", """", ""ya"", ""iw"", ""sya"", ""t""]}, {""rule_source"": ""azwADyAyI"", ""rule"": ""1.3.9"", ""result"": [""abrAhmaRI"", """", ""ya"", ""i"", ""sya"", ""t""]}, {""rule_source"": ""azwADyAyI"", ""rule"": ""1.4.13"", ""result"": [""abrAhmaRI"", """", ""ya"", ""i"", ""sya"", ""t""]}, {""rule_source"": ""azwADyAyI"", ""rule"": ""6.4.72"", ""result"": [""Aw"", ""abrAhmaRI"", """", ""ya"", ""i"", ""sya"", ""t""]}, {""rule_source"": ""azwADyAyI"", ""rule"": ""1.3.3"", ""result"": [""Aw"", ""abrAhmaRI"", """", ""ya"", ""i"", ""sya"", ""t""]}, {""rule_source"": ""azwADyAyI"", ""rule"": ""1.3.9"", ""result"": [""A"", ""abrAhmaRI"", """", ""ya"", ""i"", ""sya"", ""t""]}, {""rule_source"": ""azwADyAyI"", ""rule"": ""6.4.48"", ""result"": [""A"", ""abrAhmaRI"", """", ""y"", ""i"", ""sya"", ""t""]}, {""rule_source"": ""azwADyAyI"", ""rule"": ""7.4.25"", ""result"": [""A"", ""abrAhmaRI"", """", ""y"", ""i"", ""sya"", ""t""]}, {""rule_source"": ""azwADyAyI"", ""rule"": ""1.4.15"", ""result"": [""A"", ""abrAhmaRI"", """", ""y"", ""i"", ""sya"", ""t""]}, {""rule_source"": ""azwADyAyI"", ""rule"": ""1.4.14"", ""result"": [""A"", ""abrAhmaRI"", """", ""y"", ""i"", ""sya"", ""t""]}, {""rule_source"": ""azwADyAyI"", ""rule"": ""6.1.90"", ""result"": ["""", ""AbrAhmaRI"", """", ""y"", ""i"", ""sya"", ""t""]}, {""rule_source"": ""azwADyAyI"", ""rule"": ""8.2.39"", ""result"": ["""", ""AbrAhmaRI"", """", ""y"", ""i"", ""sya"", ""d""]}, {""rule_source"": ""azwADyAyI"", ""rule"": ""8.3.59"", ""result"": ["""", ""AbrAhmaRI"", """", ""y"", ""i"", ""zya"", ""d""]}, {""rule_source"": ""azwADyAyI"", ""rule"": ""8.4.68"", ""result"": ["""", ""AbrAhmaRI"", """", ""y"", ""i"", ""zya"", ""d""]}]}], ""atmanepada"": []}"
