operation_id,base_count_key,base_source_codes,base_citations_slp1,base_meaning_slp1,base_meaning_display,output_forms_slp1,reason,count_status
causative,"[""10.0001"", ""meaning-ea619e8dba65""]",10.0001,cura~,steye,स्तेये (steye),cori,The first nic is class-forming under 3.1.25 for this curadigana base; a true causative requires a later stacked-nic pass.,not_counted_class_forming_nic
causative,"[""10.0002"", ""meaning-845705c28bfa""]",10.0002,citi~,smftyAm,स्मृत्याम् (smṛtyām),cinti,The first nic is class-forming under 3.1.25 for this curadigana base; a true causative requires a later stacked-nic pass.,not_counted_class_forming_nic
causative,"[""10.0003"", ""meaning-faacb3ea90c2""]",10.0003,yatri~,saNkoce,सङ्कोचे (saṅkoce),yantri,The first nic is class-forming under 3.1.25 for this curadigana base; a true causative requires a later stacked-nic pass.,not_counted_class_forming_nic
causative,"[""10.0004"", ""meaning-dca85de550b9""]",10.0004,sPuqi~,parihAse,परिहासे (parihāse),sPuRqi,The first nic is class-forming under 3.1.25 for this curadigana base; a true causative requires a later stacked-nic pass.,not_counted_class_forming_nic
causative,"[""10.0005"", ""meaning-dca85de550b9""]",10.0005,sPuwi~,parihAse,परिहासे (parihāse),sPuRwi,The first nic is class-forming under 3.1.25 for this curadigana base; a true causative requires a later stacked-nic pass.,not_counted_class_forming_nic
causative,"[""10.0006"", ""meaning-5042ee4bdbe7""]",10.0006;10.0219,lakza~,Alocane;darSane,आलोचने (ālocane);दर्शने (darśane),lakzi,The first nic is class-forming under 3.1.25 for this curadigana base; a true causative requires a later stacked-nic pass.,not_counted_class_forming_nic
causative,"[""10.0006"", ""meaning-ea5abf5b24b3""]",10.0006,lakza~,aNkane,अङ्कने (aṅkane),lakzi,The first nic is class-forming under 3.1.25 for this curadigana base; a true causative requires a later stacked-nic pass.,not_counted_class_forming_nic
causative,"[""10.0007"", ""meaning-a010c56017b0""]",10.0007,kudri~,anftaBAzaRe,अनृतभाषणे (anṛtabhāṣaṇe),kundri,The first nic is class-forming under 3.1.25 for this curadigana base; a true causative requires a later stacked-nic pass.,not_counted_class_forming_nic
causative,"[""10.0008"", ""meaning-a010c56017b0""]",10.0008,kudf~,anftaBAzaRe,अनृतभाषणे (anṛtabhāṣaṇe),kodi,The first nic is class-forming under 3.1.25 for this curadigana base; a true causative requires a later stacked-nic pass.,not_counted_class_forming_nic
causative,"[""10.0009"", ""meaning-dca85de550b9""]",10.0009,spuqi~,parihAse,परिहासे (parihāse),spuRqi,The first nic is class-forming under 3.1.25 for this curadigana base; a true causative requires a later stacked-nic pass.,not_counted_class_forming_nic
causative,"[""10.0010"", ""meaning-e70f6bac7ede""]",10.0010,laqa~,upasevAyAm,उपसेवायाम् (upasevāyām),lAqi,The first nic is class-forming under 3.1.25 for this curadigana base; a true causative requires a later stacked-nic pass.,not_counted_class_forming_nic
causative,"[""10.0011"", ""meaning-8c6231d20ac4""]",10.0011,midi~,snehane,स्नेहने (snehane),mindi,The first nic is class-forming under 3.1.25 for this curadigana base; a true causative requires a later stacked-nic pass.,not_counted_class_forming_nic
causative,"[""10.0012"", ""meaning-8c6231d20ac4""]",10.0012,mida~,snehane,स्नेहने (snehane),medi,The first nic is class-forming under 3.1.25 for this curadigana base; a true causative requires a later stacked-nic pass.,not_counted_class_forming_nic
causative,"[""10.0013"", ""meaning-8c6c87e51d61""]",10.0013,o~laqi~,utkzepaRe,उत्क्षेपणे (utkṣepaṇe),laRqi,The first nic is class-forming under 3.1.25 for this curadigana base; a true causative requires a later stacked-nic pass.,not_counted_class_forming_nic
causative,"[""10.0014"", ""meaning-8c6c87e51d61""]",10.0014,olaqi~,utkzepaRe,उत्क्षेपणे (utkṣepaṇe),olaRqi,The first nic is class-forming under 3.1.25 for this curadigana base; a true causative requires a later stacked-nic pass.,not_counted_class_forming_nic
causative,"[""10.0015"", ""meaning-456b48da5b7f""]",10.0015,jala~,apavAraRe,अपवारणे (apavāraṇe),jAli,The first nic is class-forming under 3.1.25 for this curadigana base; a true causative requires a later stacked-nic pass.,not_counted_class_forming_nic
causative,"[""10.0016"", ""meaning-456b48da5b7f""]",10.0016,laja~,apavAraRe,अपवारणे (apavāraṇe),lAji,The first nic is class-forming under 3.1.25 for this curadigana base; a true causative requires a later stacked-nic pass.,not_counted_class_forming_nic
causative,"[""10.0017"", ""meaning-bf6670b8e0f3""]",10.0017,pIqa~,avagAhane,अवगाहने (avagāhane),pIqi,The first nic is class-forming under 3.1.25 for this curadigana base; a true causative requires a later stacked-nic pass.,not_counted_class_forming_nic
causative,"[""10.0018"", ""meaning-8083d7b458fd""]",10.0018,nawa~,avaspandane,अवस्पन्दने (avaspandane),nAwi,The first nic is class-forming under 3.1.25 for this curadigana base; a true causative requires a later stacked-nic pass.,not_counted_class_forming_nic
causative,"[""10.0019"", ""meaning-52a2ffd5acb5""]",10.0019,SraTa~,prayatne,प्रयत्ने (prayatne),SrATi,The first nic is class-forming under 3.1.25 for this curadigana base; a true causative requires a later stacked-nic pass.,not_counted_class_forming_nic
causative,"[""10.0020"", ""meaning-b73be7b5e74a""]",10.0020,baDa~,saMyamane,संयमने (saṃyamane),bADi,The first nic is class-forming under 3.1.25 for this curadigana base; a true causative requires a later stacked-nic pass.,not_counted_class_forming_nic
causative,"[""10.0021"", ""meaning-b73be7b5e74a""]",10.0021,banDa~,saMyamane,संयमने (saṃyamane),banDi,The first nic is class-forming under 3.1.25 for this curadigana base; a true causative requires a later stacked-nic pass.,not_counted_class_forming_nic
causative,"[""10.0023"", ""meaning-56d911123328""]",10.0023,urja~,bale,बले (bale),Urji,The first nic is class-forming under 3.1.25 for this curadigana base; a true causative requires a later stacked-nic pass.,not_counted_class_forming_nic
causative,"[""10.0023"", ""meaning-8f0940e4608a""]",10.0023,urja~,prARane,प्राणने (prāṇane),Urji,The first nic is class-forming under 3.1.25 for this curadigana base; a true causative requires a later stacked-nic pass.,not_counted_class_forming_nic
causative,"[""10.0024"", ""meaning-bcd2fe1559df""]",10.0024,pakza~,parigrahe,परिग्रहे (parigrahe),pakzi,The first nic is class-forming under 3.1.25 for this curadigana base; a true causative requires a later stacked-nic pass.,not_counted_class_forming_nic
causative,"[""10.0025"", ""meaning-556802d0e7f6""]",10.0025,varRa~,preraRe,प्रेरणे (preraṇe),varRi,The first nic is class-forming under 3.1.25 for this curadigana base; a true causative requires a later stacked-nic pass.,not_counted_class_forming_nic
causative,"[""10.0026"", ""meaning-556802d0e7f6""]",10.0026,curRa~,preraRe,प्रेरणे (preraṇe),cUrRi,The first nic is class-forming under 3.1.25 for this curadigana base; a true causative requires a later stacked-nic pass.,not_counted_class_forming_nic
causative,"[""10.0027"", ""meaning-bcc0f228a822""]",10.0027,praTa~,praKyAne,प्रख्याने (prakhyāne),prATi,The first nic is class-forming under 3.1.25 for this curadigana base; a true causative requires a later stacked-nic pass.,not_counted_class_forming_nic
causative,"[""10.0028"", ""meaning-169a5b3eab06""]",10.0028,pfTa~,prakzepe,प्रक्षेपे (prakṣepe),parTi,The first nic is class-forming under 3.1.25 for this curadigana base; a true causative requires a later stacked-nic pass.,not_counted_class_forming_nic
causative,"[""10.0029"", ""meaning-169a5b3eab06""]",10.0029,paTa~,prakzepe,प्रक्षेपे (prakṣepe),pATi,The first nic is class-forming under 3.1.25 for this curadigana base; a true causative requires a later stacked-nic pass.,not_counted_class_forming_nic
causative,"[""10.0030"", ""meaning-c91eda6b781c""]",10.0030,zanba~,sambanDane,सम्बन्धने (sambandhane),sambi,The first nic is class-forming under 3.1.25 for this curadigana base; a true causative requires a later stacked-nic pass.,not_counted_class_forming_nic
causative,"[""10.0031"", ""meaning-c91eda6b781c""]",10.0031,Sanba~,sambanDane,सम्बन्धने (sambandhane),Sambi,The first nic is class-forming under 3.1.25 for this curadigana base; a true causative requires a later stacked-nic pass.,not_counted_class_forming_nic
causative,"[""10.0032"", ""meaning-c91eda6b781c""]",10.0032,sAnba~,sambanDane,सम्बन्धने (sambandhane),sAmbi,The first nic is class-forming under 3.1.25 for this curadigana base; a true causative requires a later stacked-nic pass.,not_counted_class_forming_nic
causative,"[""10.0033"", ""meaning-12098753fdb8""]",10.0033,Bakza~,adane,अदने (adane),Bakzi,The first nic is class-forming under 3.1.25 for this curadigana base; a true causative requires a later stacked-nic pass.,not_counted_class_forming_nic
causative,"[""10.0034"", ""meaning-419b680bba71""]",10.0034,kuwwa~,Bartsane,भर्त्सने (bhartsane),kuwwi,The first nic is class-forming under 3.1.25 for this curadigana base; a true causative requires a later stacked-nic pass.,not_counted_class_forming_nic
causative,"[""10.0034"", ""meaning-c070dfa2517d""]",10.0034,kuwwa~,Cedane,छेदने (chedane),kuwwi,The first nic is class-forming under 3.1.25 for this curadigana base; a true causative requires a later stacked-nic pass.,not_counted_class_forming_nic
causative,"[""10.0035"", ""meaning-281d6ceca229""]",10.0035,puwwa~,alpIBAve,अल्पीभावे (alpībhāve),puwwi,The first nic is class-forming under 3.1.25 for this curadigana base; a true causative requires a later stacked-nic pass.,not_counted_class_forming_nic
causative,"[""10.0036"", ""meaning-281d6ceca229""]",10.0036,cuwwa~,alpIBAve,अल्पीभावे (alpībhāve),cuwwi,The first nic is class-forming under 3.1.25 for this curadigana base; a true causative requires a later stacked-nic pass.,not_counted_class_forming_nic
causative,"[""10.0037"", ""meaning-f0e843d6616f""]",10.0037,adwa~,anAdare,अनादरे (anādare),awwi,The first nic is class-forming under 3.1.25 for this curadigana base; a true causative requires a later stacked-nic pass.,not_counted_class_forming_nic
causative,"[""10.0038"", ""meaning-f0e843d6616f""]",10.0038,zuwwa~,anAdare,अनादरे (anādare),suwwi,The first nic is class-forming under 3.1.25 for this curadigana base; a true causative requires a later stacked-nic pass.,not_counted_class_forming_nic
causative,"[""10.0039"", ""meaning-ea619e8dba65""]",10.0039,lunwa~,steye,स्तेये (steye),luRwi,The first nic is class-forming under 3.1.25 for this curadigana base; a true causative requires a later stacked-nic pass.,not_counted_class_forming_nic
causative,"[""10.0040"", ""meaning-ea619e8dba65""]",10.0040,lunWa~,steye,स्तेये (steye),luRWi,The first nic is class-forming under 3.1.25 for this curadigana base; a true causative requires a later stacked-nic pass.,not_counted_class_forming_nic
causative,"[""10.0041"", ""meaning-50de7e3502c9""]",10.0041,SaWa~,asaMskAre,असंस्कारे (asaṃskāre),SAWi,The first nic is class-forming under 3.1.25 for this curadigana base; a true causative requires a later stacked-nic pass.,not_counted_class_forming_nic
causative,"[""10.0041"", ""meaning-5fa3d59b62c4""]",10.0041,SaWa~,gatO,गतौ (gatau),SAWi,The first nic is class-forming under 3.1.25 for this curadigana base; a true causative requires a later stacked-nic pass.,not_counted_class_forming_nic
causative,"[""10.0042"", ""meaning-50de7e3502c9""]",10.0042,SvaWa~,asaMskAre,असंस्कारे (asaṃskāre),SvAWi,The first nic is class-forming under 3.1.25 for this curadigana base; a true causative requires a later stacked-nic pass.,not_counted_class_forming_nic
causative,"[""10.0042"", ""meaning-5fa3d59b62c4""]",10.0042,SvaWa~,gatO,गतौ (gatau),SvAWi,The first nic is class-forming under 3.1.25 for this curadigana base; a true causative requires a later stacked-nic pass.,not_counted_class_forming_nic
causative,"[""10.0043"", ""meaning-50de7e3502c9""]",10.0043,SvaWi~,asaMskAre,असंस्कारे (asaṃskāre),SvaRWi,The first nic is class-forming under 3.1.25 for this curadigana base; a true causative requires a later stacked-nic pass.,not_counted_class_forming_nic
causative,"[""10.0043"", ""meaning-5fa3d59b62c4""]",10.0043,SvaWi~,gatO,गतौ (gatau),SvaRWi,The first nic is class-forming under 3.1.25 for this curadigana base; a true causative requires a later stacked-nic pass.,not_counted_class_forming_nic
causative,"[""10.0044"", ""meaning-7d5a8a506fb0""]",10.0044,tuja~,niketane,निकेतने (niketane),toji,The first nic is class-forming under 3.1.25 for this curadigana base; a true causative requires a later stacked-nic pass.,not_counted_class_forming_nic
causative,"[""10.0044"", ""meaning-91cb8c95f040""]",10.0044,tuja~,balAdAne,बलादाने (balādāne),toji,The first nic is class-forming under 3.1.25 for this curadigana base; a true causative requires a later stacked-nic pass.,not_counted_class_forming_nic
causative,"[""10.0045"", ""meaning-3bf7963ee53c""]",10.0045,tuji~,hiMsAyAm,हिंसायाम् (hiṃsāyām),tuYji,The first nic is class-forming under 3.1.25 for this curadigana base; a true causative requires a later stacked-nic pass.,not_counted_class_forming_nic
causative,"[""10.0045"", ""meaning-7d5a8a506fb0""]",10.0045,tuji~,niketane,निकेतने (niketane),tuYji,The first nic is class-forming under 3.1.25 for this curadigana base; a true causative requires a later stacked-nic pass.,not_counted_class_forming_nic
causative,"[""10.0045"", ""meaning-91cb8c95f040""]",10.0045,tuji~,balAdAne,बलादाने (balādāne),tuYji,The first nic is class-forming under 3.1.25 for this curadigana base; a true causative requires a later stacked-nic pass.,not_counted_class_forming_nic
causative,"[""10.0046"", ""meaning-3bf7963ee53c""]",10.0046,pija~,hiMsAyAm,हिंसायाम् (hiṃsāyām),peji,The first nic is class-forming under 3.1.25 for this curadigana base; a true causative requires a later stacked-nic pass.,not_counted_class_forming_nic
causative,"[""10.0046"", ""meaning-7d5a8a506fb0""]",10.0046,pija~,niketane,निकेतने (niketane),peji,The first nic is class-forming under 3.1.25 for this curadigana base; a true causative requires a later stacked-nic pass.,not_counted_class_forming_nic
causative,"[""10.0046"", ""meaning-91cb8c95f040""]",10.0046,pija~,balAdAne,बलादाने (balādāne),peji,The first nic is class-forming under 3.1.25 for this curadigana base; a true causative requires a later stacked-nic pass.,not_counted_class_forming_nic
causative,"[""10.0047"", ""meaning-3bf7963ee53c""]",10.0047,piji~,hiMsAyAm,हिंसायाम् (hiṃsāyām),piYji,The first nic is class-forming under 3.1.25 for this curadigana base; a true causative requires a later stacked-nic pass.,not_counted_class_forming_nic
causative,"[""10.0047"", ""meaning-7d5a8a506fb0""]",10.0047,piji~,niketane,निकेतने (niketane),piYji,The first nic is class-forming under 3.1.25 for this curadigana base; a true causative requires a later stacked-nic pass.,not_counted_class_forming_nic
causative,"[""10.0047"", ""meaning-91cb8c95f040""]",10.0047,piji~,balAdAne,बलादाने (balādāne),piYji,The first nic is class-forming under 3.1.25 for this curadigana base; a true causative requires a later stacked-nic pass.,not_counted_class_forming_nic
causative,"[""10.0048"", ""meaning-3bf7963ee53c""]",10.0048,laji~,hiMsAyAm,हिंसायाम् (hiṃsāyām),laYji,The first nic is class-forming under 3.1.25 for this curadigana base; a true causative requires a later stacked-nic pass.,not_counted_class_forming_nic
causative,"[""10.0048"", ""meaning-7d5a8a506fb0""]",10.0048,laji~,niketane,निकेतने (niketane),laYji,The first nic is class-forming under 3.1.25 for this curadigana base; a true causative requires a later stacked-nic pass.,not_counted_class_forming_nic
causative,"[""10.0048"", ""meaning-91cb8c95f040""]",10.0048,laji~,balAdAne,बलादाने (balādāne),laYji,The first nic is class-forming under 3.1.25 for this curadigana base; a true causative requires a later stacked-nic pass.,not_counted_class_forming_nic
causative,"[""10.0049"", ""meaning-3bf7963ee53c""]",10.0049,luji~,hiMsAyAm,हिंसायाम् (hiṃsāyām),luYji,The first nic is class-forming under 3.1.25 for this curadigana base; a true causative requires a later stacked-nic pass.,not_counted_class_forming_nic
causative,"[""10.0049"", ""meaning-7d5a8a506fb0""]",10.0049,luji~,niketane,निकेतने (niketane),luYji,The first nic is class-forming under 3.1.25 for this curadigana base; a true causative requires a later stacked-nic pass.,not_counted_class_forming_nic
causative,"[""10.0049"", ""meaning-91cb8c95f040""]",10.0049,luji~,balAdAne,बलादाने (balādāne),luYji,The first nic is class-forming under 3.1.25 for this curadigana base; a true causative requires a later stacked-nic pass.,not_counted_class_forming_nic
causative,"[""10.0050"", ""meaning-5fa3d59b62c4""]",10.0050,pisa~,gatO,गतौ (gatau),pesi,The first nic is class-forming under 3.1.25 for this curadigana base; a true causative requires a later stacked-nic pass.,not_counted_class_forming_nic
causative,"[""10.0051"", ""meaning-9e25650c7acd""]",10.0051,zAntva~,sAmaprayoge,सामप्रयोगे (sāmaprayoge),sAntvi,The first nic is class-forming under 3.1.25 for this curadigana base; a true causative requires a later stacked-nic pass.,not_counted_class_forming_nic
causative,"[""10.0052"", ""meaning-9e25650c7acd""]",10.0052,sAntva~,sAmaprayoge,सामप्रयोगे (sāmaprayoge),sAntvi,The first nic is class-forming under 3.1.25 for this curadigana base; a true causative requires a later stacked-nic pass.,not_counted_class_forming_nic
causative,"[""10.0053"", ""meaning-6c1cf9a54ef6""]",10.0053,Svalka~,pariBAzaRe,परिभाषणे (paribhāṣaṇe),Svalki,The first nic is class-forming under 3.1.25 for this curadigana base; a true causative requires a later stacked-nic pass.,not_counted_class_forming_nic
causative,"[""10.0054"", ""meaning-6c1cf9a54ef6""]",10.0054,valka~,pariBAzaRe,परिभाषणे (paribhāṣaṇe),valki,The first nic is class-forming under 3.1.25 for this curadigana base; a true causative requires a later stacked-nic pass.,not_counted_class_forming_nic
causative,"[""10.0055"", ""meaning-8c6231d20ac4""]",10.0055,zRiha~,snehane,स्नेहने (snehane),snehi,The first nic is class-forming under 3.1.25 for this curadigana base; a true causative requires a later stacked-nic pass.,not_counted_class_forming_nic
causative,"[""10.0056"", ""meaning-3bf7963ee53c""]",10.0056,sPiwa~,hiMsAyAm,हिंसायाम् (hiṃsāyām),sPewi,The first nic is class-forming under 3.1.25 for this curadigana base; a true causative requires a later stacked-nic pass.,not_counted_class_forming_nic
causative,"[""10.0057"", ""meaning-f0e843d6616f""]",10.0057,smiwa~,anAdare,अनादरे (anādare),smewi,The first nic is class-forming under 3.1.25 for this curadigana base; a true causative requires a later stacked-nic pass.,not_counted_class_forming_nic
causative,"[""10.0058"", ""meaning-f0e843d6616f""]",10.0058,zmiN,anAdare,अनादरे (anādare),smAyi,The first nic is class-forming under 3.1.25 for this curadigana base; a true causative requires a later stacked-nic pass.,not_counted_class_forming_nic
causative,"[""10.0059"", ""meaning-d5f33ed970a6""]",10.0059,Sliza~,SlezaRe,श्लेषणे (śleṣaṇe),Slezi,The first nic is class-forming under 3.1.25 for this curadigana base; a true causative requires a later stacked-nic pass.,not_counted_class_forming_nic
causative,"[""10.0060"", ""meaning-5fa3d59b62c4""]",10.0060,paTi~,gatO,गतौ (gatau),panTi,The first nic is class-forming under 3.1.25 for this curadigana base; a true causative requires a later stacked-nic pass.,not_counted_class_forming_nic
causative,"[""10.0061"", ""meaning-85abd1bf967a""]",10.0061,piCa~,kuwwane,कुट्टने (kuṭṭane),picCi,The first nic is class-forming under 3.1.25 for this curadigana base; a true causative requires a later stacked-nic pass.,not_counted_class_forming_nic
causative,"[""10.0062"", ""meaning-f3eb70b0f3cb""]",10.0062,Cadi~,saMvaraRe,संवरणे (saṃvaraṇe),Candi,The first nic is class-forming under 3.1.25 for this curadigana base; a true causative requires a later stacked-nic pass.,not_counted_class_forming_nic
causative,"[""10.0063"", ""meaning-a71280a34aa6""]",10.0063,SraRa~,dAne,दाने (dāne),SrARi,The first nic is class-forming under 3.1.25 for this curadigana base; a true causative requires a later stacked-nic pass.,not_counted_class_forming_nic
causative,"[""10.0064"", ""meaning-9cadb6e10abf""]",10.0064,taqa~,AGAte,आघाते (āghāte),tAqi,The first nic is class-forming under 3.1.25 for this curadigana base; a true causative requires a later stacked-nic pass.,not_counted_class_forming_nic
causative,"[""10.0065"", ""meaning-12d930b48839""]",10.0065,Kaqa~,Bedane,भेदने (bhedane),KAqi,The first nic is class-forming under 3.1.25 for this curadigana base; a true causative requires a later stacked-nic pass.,not_counted_class_forming_nic
causative,"[""10.0066"", ""meaning-12d930b48839""]",10.0066,Kaqi~,Bedane,भेदने (bhedane),KaRqi,The first nic is class-forming under 3.1.25 for this curadigana base; a true causative requires a later stacked-nic pass.,not_counted_class_forming_nic
causative,"[""10.0067"", ""meaning-12d930b48839""]",10.0067,kaqi~,Bedane,भेदने (bhedane),kaRqi,The first nic is class-forming under 3.1.25 for this curadigana base; a true causative requires a later stacked-nic pass.,not_counted_class_forming_nic
causative,"[""10.0068"", ""meaning-0ce6231987c9""]",10.0068,kuqi~,rakzaRe,रक्षणे (rakṣaṇe),kuRqi,The first nic is class-forming under 3.1.25 for this curadigana base; a true causative requires a later stacked-nic pass.,not_counted_class_forming_nic
causative,"[""10.0069"", ""meaning-8d05d3af63ff""]",10.0069,guqi~,vezwane,वेष्टने (veṣṭane),guRqi,The first nic is class-forming under 3.1.25 for this curadigana base; a true causative requires a later stacked-nic pass.,not_counted_class_forming_nic
causative,"[""10.0070"", ""meaning-0ce6231987c9""]",10.0070,kuWi~,rakzaRe,रक्षणे (rakṣaṇe),kuRWi,The first nic is class-forming under 3.1.25 for this curadigana base; a true causative requires a later stacked-nic pass.,not_counted_class_forming_nic
causative,"[""10.0071"", ""meaning-0ce6231987c9""]",10.0071,guWi~,rakzaRe,रक्षणे (rakṣaṇe),guRWi,The first nic is class-forming under 3.1.25 for this curadigana base; a true causative requires a later stacked-nic pass.,not_counted_class_forming_nic
causative,"[""10.0072"", ""meaning-77ef3f7f93a8""]",10.0072,Kuqi~,KaRqane,खण्डने (khaṇḍane),KuRqi,The first nic is class-forming under 3.1.25 for this curadigana base; a true causative requires a later stacked-nic pass.,not_counted_class_forming_nic
causative,"[""10.0074"", ""meaning-9daa69aeb27e""]",10.0074,vaqi~,viBAjane,विभाजने (vibhājane),vaRqi,The first nic is class-forming under 3.1.25 for this curadigana base; a true causative requires a later stacked-nic pass.,not_counted_class_forming_nic
causative,"[""10.0075"", ""meaning-1ba393b460aa""]",10.0075,caqi~,kope,कोपे (kope),caRqi,The first nic is class-forming under 3.1.25 for this curadigana base; a true causative requires a later stacked-nic pass.,not_counted_class_forming_nic
causative,"[""10.0076"", ""meaning-a6f808d0cf60""]",10.0076,maqi~,harze,हर्षे (harṣe),maRqi,The first nic is class-forming under 3.1.25 for this curadigana base; a true causative requires a later stacked-nic pass.,not_counted_class_forming_nic
causative,"[""10.0077"", ""meaning-de3bcfd0d1d0""]",10.0077,Baqi~,kalyARe,कल्याणे (kalyāṇe),BaRqi,The first nic is class-forming under 3.1.25 for this curadigana base; a true causative requires a later stacked-nic pass.,not_counted_class_forming_nic
causative,"[""10.0078"", ""meaning-c3f774eabe82""]",10.0078,Carda~,vamane,वमने (vamane),Cardi,The first nic is class-forming under 3.1.25 for this curadigana base; a true causative requires a later stacked-nic pass.,not_counted_class_forming_nic
causative,"[""10.0079"", ""meaning-889fafdbed6d""]",10.0079,pusta~,Adare,आदरे (ādare),pusti,The first nic is class-forming under 3.1.25 for this curadigana base; a true causative requires a later stacked-nic pass.,not_counted_class_forming_nic
causative,"[""10.0079"", ""meaning-f0e843d6616f""]",10.0079,pusta~,anAdare,अनादरे (anādare),pusti,The first nic is class-forming under 3.1.25 for this curadigana base; a true causative requires a later stacked-nic pass.,not_counted_class_forming_nic
causative,"[""10.0080"", ""meaning-889fafdbed6d""]",10.0080,busta~,Adare,आदरे (ādare),busti,The first nic is class-forming under 3.1.25 for this curadigana base; a true causative requires a later stacked-nic pass.,not_counted_class_forming_nic
causative,"[""10.0080"", ""meaning-f0e843d6616f""]",10.0080,busta~,anAdare,अनादरे (anādare),busti,The first nic is class-forming under 3.1.25 for this curadigana base; a true causative requires a later stacked-nic pass.,not_counted_class_forming_nic
causative,"[""10.0081"", ""meaning-de6f6d76c11b""]",10.0081,cuda~,saYcodane,सञ्चोदने (sañcodane),codi,The first nic is class-forming under 3.1.25 for this curadigana base; a true causative requires a later stacked-nic pass.,not_counted_class_forming_nic
causative,"[""10.0082"", ""meaning-4c7246e8c3c8""]",10.0082,nakka~,nASane,नाशने (nāśane),nakki,The first nic is class-forming under 3.1.25 for this curadigana base; a true causative requires a later stacked-nic pass.,not_counted_class_forming_nic
causative,"[""10.0083"", ""meaning-4c7246e8c3c8""]",10.0083,Dakka~,nASane,नाशने (nāśane),Dakki,The first nic is class-forming under 3.1.25 for this curadigana base; a true causative requires a later stacked-nic pass.,not_counted_class_forming_nic
causative,"[""10.0084"", ""meaning-83c2bd6d47b1""]",10.0084,cakka~,vyaTane,व्यथने (vyathane),cakki,The first nic is class-forming under 3.1.25 for this curadigana base; a true causative requires a later stacked-nic pass.,not_counted_class_forming_nic
causative,"[""10.0085"", ""meaning-83c2bd6d47b1""]",10.0085,cukka~,vyaTane,व्यथने (vyathane),cukki,The first nic is class-forming under 3.1.25 for this curadigana base; a true causative requires a later stacked-nic pass.,not_counted_class_forming_nic
causative,"[""10.0086"", ""meaning-37bf2b36570a""]",10.0086,kzala~,SOcakarmaRi,शौचकर्मणि (śaucakarmaṇi),kzAli,The first nic is class-forming under 3.1.25 for this curadigana base; a true causative requires a later stacked-nic pass.,not_counted_class_forming_nic
causative,"[""10.0087"", ""meaning-83e37f3a87c4""]",10.0087,tala~,pratizWAyAm,प्रतिष्ठायाम् (pratiṣṭhāyām),tAli,The first nic is class-forming under 3.1.25 for this curadigana base; a true causative requires a later stacked-nic pass.,not_counted_class_forming_nic
causative,"[""10.0088"", ""meaning-ac2dcce56c30""]",10.0088,tula~,unmAne,उन्माने (unmāne),toli,The first nic is class-forming under 3.1.25 for this curadigana base; a true causative requires a later stacked-nic pass.,not_counted_class_forming_nic
causative,"[""10.0089"", ""meaning-acb7f40f2928""]",10.0089,dula~,utkzepe,उत्क्षेपे (utkṣepe),doli,The first nic is class-forming under 3.1.25 for this curadigana base; a true causative requires a later stacked-nic pass.,not_counted_class_forming_nic
causative,"[""10.0091"", ""meaning-0ccec38bfd14""]",10.0091,cula~,samucCrAye,समुच्छ्राये (samucchrāye),coli,The first nic is class-forming under 3.1.25 for this curadigana base; a true causative requires a later stacked-nic pass.,not_counted_class_forming_nic
causative,"[""10.0092"", ""meaning-5c8333df6b05""]",10.0092,mUla~,rohaRe,रोहणे (rohaṇe),mUli,The first nic is class-forming under 3.1.25 for this curadigana base; a true causative requires a later stacked-nic pass.,not_counted_class_forming_nic
causative,"[""10.0093"", ""meaning-029b9634ef9c""]",10.0093,kala~,kzepe,क्षेपे (kṣepe),kAli,The first nic is class-forming under 3.1.25 for this curadigana base; a true causative requires a later stacked-nic pass.,not_counted_class_forming_nic
causative,"[""10.0094"", ""meaning-029b9634ef9c""]",10.0094,vila~,kzepe,क्षेपे (kṣepe),veli,The first nic is class-forming under 3.1.25 for this curadigana base; a true causative requires a later stacked-nic pass.,not_counted_class_forming_nic
causative,"[""10.0097"", ""meaning-e454b0959a54""]",10.0097,cala~,BftO,भृतौ (bhṛtau),cAli,The first nic is class-forming under 3.1.25 for this curadigana base; a true causative requires a later stacked-nic pass.,not_counted_class_forming_nic
causative,"[""10.0098"", ""meaning-0ce6231987c9""]",10.0098,pAla~,rakzaRe,रक्षणे (rakṣaṇe),pAli,The first nic is class-forming under 3.1.25 for this curadigana base; a true causative requires a later stacked-nic pass.,not_counted_class_forming_nic
causative,"[""10.0099"", ""meaning-0ce6231987c9""]",10.0099,pala~,rakzaRe,रक्षणे (rakṣaṇe),pAli,The first nic is class-forming under 3.1.25 for this curadigana base; a true causative requires a later stacked-nic pass.,not_counted_class_forming_nic
causative,"[""10.0100"", ""meaning-3bf7963ee53c""]",10.0100,lUza~,hiMsAyAm,हिंसायाम् (hiṃsāyām),lUzi,The first nic is class-forming under 3.1.25 for this curadigana base; a true causative requires a later stacked-nic pass.,not_counted_class_forming_nic
causative,"[""10.0101"", ""meaning-8b8700ed2466""]",10.0101,Sulba~,mAne,माने (māne),Sulbi,The first nic is class-forming under 3.1.25 for this curadigana base; a true causative requires a later stacked-nic pass.,not_counted_class_forming_nic
causative,"[""10.0102"", ""meaning-8b8700ed2466""]",10.0102,SUrpa~,mAne,माने (māne),SUrpi,The first nic is class-forming under 3.1.25 for this curadigana base; a true causative requires a later stacked-nic pass.,not_counted_class_forming_nic
causative,"[""10.0104"", ""meaning-557772409059""]",10.0104,muwa~,saYcUrRane,सञ्चूर्णने (sañcūrṇane),mowi,The first nic is class-forming under 3.1.25 for this curadigana base; a true causative requires a later stacked-nic pass.,not_counted_class_forming_nic
causative,"[""10.0105"", ""meaning-8c6c87e51d61""]",10.0105,ulaqi~,utkzepaRe,उत्क्षेपणे (utkṣepaṇe),ulaRqi,The first nic is class-forming under 3.1.25 for this curadigana base; a true causative requires a later stacked-nic pass.,not_counted_class_forming_nic
causative,"[""10.0106"", ""meaning-4c7246e8c3c8""]",10.0106,paqi~,nASane,नाशने (nāśane),paRqi,The first nic is class-forming under 3.1.25 for this curadigana base; a true causative requires a later stacked-nic pass.,not_counted_class_forming_nic
causative,"[""10.0107"", ""meaning-4c7246e8c3c8""]",10.0107,pasi~,nASane,नाशने (nāśane),paMsi,The first nic is class-forming under 3.1.25 for this curadigana base; a true causative requires a later stacked-nic pass.,not_counted_class_forming_nic
causative,"[""10.0108"", ""meaning-22612fd355b3""]",10.0108,mArga,saMskAre,संस्कारे (saṃskāre),mArgi,The first nic is class-forming under 3.1.25 for this curadigana base; a true causative requires a later stacked-nic pass.,not_counted_class_forming_nic
causative,"[""10.0108"", ""meaning-5fa3d59b62c4""]",10.0108,mArga,gatO,गतौ (gatau),mArgi,The first nic is class-forming under 3.1.25 for this curadigana base; a true causative requires a later stacked-nic pass.,not_counted_class_forming_nic
causative,"[""10.0109"", ""meaning-22612fd355b3""]",10.0109,vraja~,saMskAre,संस्कारे (saṃskāre),vrAji,The first nic is class-forming under 3.1.25 for this curadigana base; a true causative requires a later stacked-nic pass.,not_counted_class_forming_nic
causative,"[""10.0110"", ""meaning-635311d3f114""]",10.0110,Sulka~,atisparSane,अतिस्पर्शने (atisparśane),Sulki,The first nic is class-forming under 3.1.25 for this curadigana base; a true causative requires a later stacked-nic pass.,not_counted_class_forming_nic
causative,"[""10.0111"", ""meaning-bebe0cdf773e""]",10.0111,capi~,gatyAm,गत्याम् (gatyām),campi,The first nic is class-forming under 3.1.25 for this curadigana base; a true causative requires a later stacked-nic pass.,not_counted_class_forming_nic
causative,"[""10.0112"", ""meaning-f065f9745917""]",10.0112,kzapi~,kzAntyAm,क्षान्त्याम् (kṣāntyām),kzampi,The first nic is class-forming under 3.1.25 for this curadigana base; a true causative requires a later stacked-nic pass.,not_counted_class_forming_nic
causative,"[""10.0113"", ""meaning-c86d0da0b44f""]",10.0113,kzaji~,kfcCrajIvane,कृच्छ्रजीवने (kṛcchrajīvane),kzaYji,The first nic is class-forming under 3.1.25 for this curadigana base; a true causative requires a later stacked-nic pass.,not_counted_class_forming_nic
causative,"[""10.0114"", ""meaning-c86d0da0b44f""]",10.0114,Caji~,kfcCrajIvane,कृच्छ्रजीवने (kṛcchrajīvane),CaYji,The first nic is class-forming under 3.1.25 for this curadigana base; a true causative requires a later stacked-nic pass.,not_counted_class_forming_nic
causative,"[""10.0115"", ""meaning-bebe0cdf773e""]",10.0115,Svarta~,gatyAm,गत्याम् (gatyām),Svarti,The first nic is class-forming under 3.1.25 for this curadigana base; a true causative requires a later stacked-nic pass.,not_counted_class_forming_nic
causative,"[""10.0116"", ""meaning-bebe0cdf773e""]",10.0116,svarta~,gatyAm,गत्याम् (gatyām),svarti,The first nic is class-forming under 3.1.25 for this curadigana base; a true causative requires a later stacked-nic pass.,not_counted_class_forming_nic
causative,"[""10.0116"", ""meaning-c86d0da0b44f""]",10.0116,svarta~,kfcCrajIvane,कृच्छ्रजीवने (kṛcchrajīvane),svarti,The first nic is class-forming under 3.1.25 for this curadigana base; a true causative requires a later stacked-nic pass.,not_counted_class_forming_nic
causative,"[""10.0117"", ""meaning-bebe0cdf773e""]",10.0117,SvaBra~,gatyAm,गत्याम् (gatyām),SvaBri,The first nic is class-forming under 3.1.25 for this curadigana base; a true causative requires a later stacked-nic pass.,not_counted_class_forming_nic
causative,"[""10.0118"", ""meaning-b8db2a479911""]",10.0118,jYapa~,jYAne,ज्ञाने (jñāne),jYapi,The first nic is class-forming under 3.1.25 for this curadigana base; a true causative requires a later stacked-nic pass.,not_counted_class_forming_nic
causative,"[""10.0118"", ""meaning-da80675a3d08""]",10.0118,jYapa~,jYApane,ज्ञापने (jñāpane),jYapi,The first nic is class-forming under 3.1.25 for this curadigana base; a true causative requires a later stacked-nic pass.,not_counted_class_forming_nic
causative,"[""10.0119"", ""meaning-bf696131e8cf""]",10.0119,yama~,parivezaRe,परिवेषणे (pariveṣaṇe),yami,The first nic is class-forming under 3.1.25 for this curadigana base; a true causative requires a later stacked-nic pass.,not_counted_class_forming_nic
causative,"[""10.0121"", ""meaning-749f57a3abd3""]",10.0121,capa~,parikalpane,परिकल्पने (parikalpane),capi,The first nic is class-forming under 3.1.25 for this curadigana base; a true causative requires a later stacked-nic pass.,not_counted_class_forming_nic
causative,"[""10.0124"", ""meaning-a4a3bd9dabd6""]",10.0124,ciY,cayane,चयने (cayane),capi;cayi,The first nic is class-forming under 3.1.25 for this curadigana base; a true causative requires a later stacked-nic pass.,not_counted_class_forming_nic
causative,"[""10.0125"", ""meaning-ded5b8f0e366""]",10.0125,Gawwa~,calane,चलने (calane),Gawwi,The first nic is class-forming under 3.1.25 for this curadigana base; a true causative requires a later stacked-nic pass.,not_counted_class_forming_nic
causative,"[""10.0126"", ""meaning-1685c224b9c2""]",10.0126,musta~,saNGAte,सङ्घाते (saṅghāte),musti,The first nic is class-forming under 3.1.25 for this curadigana base; a true causative requires a later stacked-nic pass.,not_counted_class_forming_nic
causative,"[""10.0127"", ""meaning-f3eb70b0f3cb""]",10.0127,Kawwa~,saMvaraRe,संवरणे (saṃvaraṇe),Kawwi,The first nic is class-forming under 3.1.25 for this curadigana base; a true causative requires a later stacked-nic pass.,not_counted_class_forming_nic
causative,"[""10.0128"", ""meaning-3bf7963ee53c""]",10.0128,zawwa~,hiMsAyAm,हिंसायाम् (hiṃsāyām),sawwi,The first nic is class-forming under 3.1.25 for this curadigana base; a true causative requires a later stacked-nic pass.,not_counted_class_forming_nic
causative,"[""10.0129"", ""meaning-3bf7963ee53c""]",10.0129,sPiwwa~,hiMsAyAm,हिंसायाम् (hiṃsāyām),sPiwwi,The first nic is class-forming under 3.1.25 for this curadigana base; a true causative requires a later stacked-nic pass.,not_counted_class_forming_nic
causative,"[""10.0130"", ""meaning-3bf7963ee53c""]",10.0130,cubi~,hiMsAyAm,हिंसायाम् (hiṃsāyām),cumbi,The first nic is class-forming under 3.1.25 for this curadigana base; a true causative requires a later stacked-nic pass.,not_counted_class_forming_nic
causative,"[""10.0131"", ""meaning-1685c224b9c2""]",10.0131,pula~,saNGAte,सङ्घाते (saṅghāte),poli,The first nic is class-forming under 3.1.25 for this curadigana base; a true causative requires a later stacked-nic pass.,not_counted_class_forming_nic
causative,"[""10.0132"", ""meaning-1685c224b9c2""]",10.0132,pUrRa~,saNGAte,सङ्घाते (saṅghāte),pUrRi,The first nic is class-forming under 3.1.25 for this curadigana base; a true causative requires a later stacked-nic pass.,not_counted_class_forming_nic
causative,"[""10.0133"", ""meaning-1685c224b9c2""]",10.0133,puRa~,saNGAte,सङ्घाते (saṅghāte),poRi,The first nic is class-forming under 3.1.25 for this curadigana base; a true causative requires a later stacked-nic pass.,not_counted_class_forming_nic
causative,"[""10.0134"", ""meaning-1556a33eeaae""]",10.0134,punsa~,aBivarDane,अभिवर्धने (abhivardhane),puMsi,The first nic is class-forming under 3.1.25 for this curadigana base; a true causative requires a later stacked-nic pass.,not_counted_class_forming_nic
causative,"[""10.0135"", ""meaning-8c20facfc0ac""]",10.0135,waki~,banDane,बन्धने (bandhane),waNki,The first nic is class-forming under 3.1.25 for this curadigana base; a true causative requires a later stacked-nic pass.,not_counted_class_forming_nic
causative,"[""10.0136"", ""meaning-33b0dcc01e79""]",10.0136,vyapa~,kzaye,क्षये (kṣaye),vyApi,The first nic is class-forming under 3.1.25 for this curadigana base; a true causative requires a later stacked-nic pass.,not_counted_class_forming_nic
causative,"[""10.0137"", ""meaning-33b0dcc01e79""]",10.0137,vyaya~,kzaye,क्षये (kṣaye),vyAyi,The first nic is class-forming under 3.1.25 for this curadigana base; a true causative requires a later stacked-nic pass.,not_counted_class_forming_nic
causative,"[""10.0139"", ""meaning-accea2e337d0""]",10.0139,DUsa~,kAntikaraRe,कान्तिकरणे (kāntikaraṇe),DUsi,The first nic is class-forming under 3.1.25 for this curadigana base; a true causative requires a later stacked-nic pass.,not_counted_class_forming_nic
causative,"[""10.0140"", ""meaning-accea2e337d0""]",10.0140,DUza~,kAntikaraRe,कान्तिकरणे (kāntikaraṇe),DUzi,The first nic is class-forming under 3.1.25 for this curadigana base; a true causative requires a later stacked-nic pass.,not_counted_class_forming_nic
causative,"[""10.0141"", ""meaning-accea2e337d0""]",10.0141,DUSa~,kAntikaraRe,कान्तिकरणे (kāntikaraṇe),DUSi,The first nic is class-forming under 3.1.25 for this curadigana base; a true causative requires a later stacked-nic pass.,not_counted_class_forming_nic
causative,"[""10.0142"", ""meaning-883d27e2b0bc""]",10.0142,kIwa~,varRe,वर्णे (varṇe),kIwi,The first nic is class-forming under 3.1.25 for this curadigana base; a true causative requires a later stacked-nic pass.,not_counted_class_forming_nic
causative,"[""10.0143"", ""meaning-00f1d7412e01""]",10.0143,cUrRa~,saNkocane,सङ्कोचने (saṅkocane),cUrRi,The first nic is class-forming under 3.1.25 for this curadigana base; a true causative requires a later stacked-nic pass.,not_counted_class_forming_nic
causative,"[""10.0144"", ""meaning-a8644e0580a4""]",10.0144,pUja~,pUjAyAm,पूजायाम् (pūjāyām),pUji,The first nic is class-forming under 3.1.25 for this curadigana base; a true causative requires a later stacked-nic pass.,not_counted_class_forming_nic
causative,"[""10.0145"", ""meaning-5b9ee2b51aea""]",10.0145,arka~,stavane,स्तवने (stavane),arki,The first nic is class-forming under 3.1.25 for this curadigana base; a true causative requires a later stacked-nic pass.,not_counted_class_forming_nic
causative,"[""10.0146"", ""meaning-55c57dae89ef""]",10.0146,SuWa~,Alasye,आलस्ये (ālasye),SoWi,The first nic is class-forming under 3.1.25 for this curadigana base; a true causative requires a later stacked-nic pass.,not_counted_class_forming_nic
causative,"[""10.0148"", ""meaning-556802d0e7f6""]",10.0148,juqa~,preraRe,प्रेरणे (preraṇe),joqi,The first nic is class-forming under 3.1.25 for this curadigana base; a true causative requires a later stacked-nic pass.,not_counted_class_forming_nic
causative,"[""10.0150"", ""meaning-3aceb4350b07""]",10.0150,mArja~,SabdArTe,शब्दार्थे (śabdārthe),mArji,The first nic is class-forming under 3.1.25 for this curadigana base; a true causative requires a later stacked-nic pass.,not_counted_class_forming_nic
causative,"[""10.0151"", ""meaning-3aceb4350b07""]",10.0151,marca~,SabdArTe,शब्दार्थे (śabdārthe),marci,The first nic is class-forming under 3.1.25 for this curadigana base; a true causative requires a later stacked-nic pass.,not_counted_class_forming_nic
causative,"[""10.0152"", ""meaning-7f40d6a1ba16""]",10.0152,Gf,prasravaRe,प्रस्रवणे (prasravaṇe),GAri,The first nic is class-forming under 3.1.25 for this curadigana base; a true causative requires a later stacked-nic pass.,not_counted_class_forming_nic
causative,"[""10.0153"", ""meaning-54d1e144629d""]",10.0153,paci~,vistAravacane,विस्तारवचने (vistāravacane),paYci,The first nic is class-forming under 3.1.25 for this curadigana base; a true causative requires a later stacked-nic pass.,not_counted_class_forming_nic
causative,"[""10.0154"", ""meaning-0dfaedb6863c""]",10.0154,tija~,niSAne,निशाने (niśāne),teji,The first nic is class-forming under 3.1.25 for this curadigana base; a true causative requires a later stacked-nic pass.,not_counted_class_forming_nic
causative,"[""10.0155"", ""meaning-b21f3779e95b""]",10.0155,kFta~,saMSabdane,संशब्दने (saṃśabdane),kIrti,The first nic is class-forming under 3.1.25 for this curadigana base; a true causative requires a later stacked-nic pass.,not_counted_class_forming_nic
causative,"[""10.0156"", ""meaning-c070dfa2517d""]",10.0156,varDa~,Cedane,छेदने (chedane),varDi,The first nic is class-forming under 3.1.25 for this curadigana base; a true causative requires a later stacked-nic pass.,not_counted_class_forming_nic
causative,"[""10.0156"", ""meaning-d763b2fae9b6""]",10.0156,varDa~,pUraRe,पूरणे (pūraṇe),varDi,The first nic is class-forming under 3.1.25 for this curadigana base; a true causative requires a later stacked-nic pass.,not_counted_class_forming_nic
causative,"[""10.0158"", ""meaning-abda6f362365""]",10.0158,kuBi~,AcCAdane,आच्छादने (ācchādane),kumBi,The first nic is class-forming under 3.1.25 for this curadigana base; a true causative requires a later stacked-nic pass.,not_counted_class_forming_nic
causative,"[""10.0159"", ""meaning-31bfd01a5120""]",10.0159,lubi~,adarSane,अदर्शने (adarśane),lumbi,The first nic is class-forming under 3.1.25 for this curadigana base; a true causative requires a later stacked-nic pass.,not_counted_class_forming_nic
causative,"[""10.0160"", ""meaning-31bfd01a5120""]",10.0160,tubi~,adarSane,अदर्शने (adarśane),tumbi,The first nic is class-forming under 3.1.25 for this curadigana base; a true causative requires a later stacked-nic pass.,not_counted_class_forming_nic
causative,"[""10.0161"", ""meaning-24b37b2743da""]",10.0161,hlapa~,vyaktAyAM vAci,व्यक्तायां वाचि (vyaktāyāṃ vāci),hlApi,The first nic is class-forming under 3.1.25 for this curadigana base; a true causative requires a later stacked-nic pass.,not_counted_class_forming_nic
causative,"[""10.0162"", ""meaning-24b37b2743da""]",10.0162,klapa~,vyaktAyAM vAci,व्यक्तायां वाचि (vyaktāyāṃ vāci),klApi,The first nic is class-forming under 3.1.25 for this curadigana base; a true causative requires a later stacked-nic pass.,not_counted_class_forming_nic
causative,"[""10.0163"", ""meaning-24b37b2743da""]",10.0163,hrapa~,vyaktAyAM vAci,व्यक्तायां वाचि (vyaktāyāṃ vāci),hrApi,The first nic is class-forming under 3.1.25 for this curadigana base; a true causative requires a later stacked-nic pass.,not_counted_class_forming_nic
causative,"[""10.0164"", ""meaning-c070dfa2517d""]",10.0164,cuwi~,Cedane,छेदने (chedane),cuRwi,The first nic is class-forming under 3.1.25 for this curadigana base; a true causative requires a later stacked-nic pass.,not_counted_class_forming_nic
causative,"[""10.0165"", ""meaning-3bf7963ee53c""]",10.0165,brIsa~,hiMsAyAm,हिंसायाम् (hiṃsāyām),brIsi,The first nic is class-forming under 3.1.25 for this curadigana base; a true causative requires a later stacked-nic pass.,not_counted_class_forming_nic
causative,"[""10.0166"", ""meaning-0ce6231987c9""]",10.0166,dahi~,rakzaRe,रक्षणे (rakṣaṇe),daMhi,The first nic is class-forming under 3.1.25 for this curadigana base; a true causative requires a later stacked-nic pass.,not_counted_class_forming_nic
causative,"[""10.0166"", ""meaning-e6c1f69b634c""]",10.0166,dahi~,mokzaRe,मोक्षणे (mokṣaṇe),daMhi,The first nic is class-forming under 3.1.25 for this curadigana base; a true causative requires a later stacked-nic pass.,not_counted_class_forming_nic
causative,"[""10.0167"", ""meaning-556802d0e7f6""]",10.0167,ila~,preraRe,प्रेरणे (preraṇe),eli,The first nic is class-forming under 3.1.25 for this curadigana base; a true causative requires a later stacked-nic pass.,not_counted_class_forming_nic
causative,"[""10.0168"", ""meaning-632596b6d16f""]",10.0168,mrakza~,mlecCane,म्लेच्छने (mlecchane),mrakzi,The first nic is class-forming under 3.1.25 for this curadigana base; a true causative requires a later stacked-nic pass.,not_counted_class_forming_nic
causative,"[""10.0169"", ""meaning-1685c224b9c2""]",10.0169,asta~,saNGAte,सङ्घाते (saṅghāte),asti,The first nic is class-forming under 3.1.25 for this curadigana base; a true causative requires a later stacked-nic pass.,not_counted_class_forming_nic
causative,"[""10.0171"", ""meaning-bebe0cdf773e""]",10.0171,Capi~,gatyAm,गत्याम् (gatyām),Campi,The first nic is class-forming under 3.1.25 for this curadigana base; a true causative requires a later stacked-nic pass.,not_counted_class_forming_nic
causative,"[""10.0172"", ""meaning-3bf7963ee53c""]",10.0172,brUsa~,hiMsAyAm,हिंसायाम् (hiṃsāyām),brUsi,The first nic is class-forming under 3.1.25 for this curadigana base; a true causative requires a later stacked-nic pass.,not_counted_class_forming_nic
causative,"[""10.0173"", ""meaning-3bf7963ee53c""]",10.0173,barha~,hiMsAyAm,हिंसायाम् (hiṃsāyām),barhi,The first nic is class-forming under 3.1.25 for this curadigana base; a true causative requires a later stacked-nic pass.,not_counted_class_forming_nic
causative,"[""10.0174"", ""meaning-a71280a34aa6""]",10.0174,SraRu~,dAne,दाने (dāne),SrARi,The first nic is class-forming under 3.1.25 for this curadigana base; a true causative requires a later stacked-nic pass.,not_counted_class_forming_nic
causative,"[""10.0175"", ""meaning-85abd1bf967a""]",10.0175,picca~,kuwwane,कुट्टने (kuṭṭane),picci,The first nic is class-forming under 3.1.25 for this curadigana base; a true causative requires a later stacked-nic pass.,not_counted_class_forming_nic
causative,"[""10.0176"", ""meaning-e10d81bdde67""]",10.0176,bula~,nimajjane,निमज्जने (nimajjane),boli,The first nic is class-forming under 3.1.25 for this curadigana base; a true causative requires a later stacked-nic pass.,not_counted_class_forming_nic
causative,"[""10.0179"", ""meaning-6ba2baa67738""]",10.0179,garDa~,aBikANkzAyAm,अभिकाङ्क्षायाम् (abhikāṅkṣāyām),garDi,The first nic is class-forming under 3.1.25 for this curadigana base; a true causative requires a later stacked-nic pass.,not_counted_class_forming_nic
causative,"[""10.0180"", ""meaning-6c00ddca8a5c""]",10.0180,gurda~,pUrvaniketane,पूर्वनिकेतने (pūrvaniketane),gUrdi,The first nic is class-forming under 3.1.25 for this curadigana base; a true causative requires a later stacked-nic pass.,not_counted_class_forming_nic
causative,"[""10.0181"", ""meaning-7d5a8a506fb0""]",10.0181,pUrva~,niketane,निकेतने (niketane),pUrvi,The first nic is class-forming under 3.1.25 for this curadigana base; a true causative requires a later stacked-nic pass.,not_counted_class_forming_nic
causative,"[""10.0182"", ""meaning-0ce6231987c9""]",10.0182,jasi~,rakzaRe,रक्षणे (rakṣaṇe),jaMsi,The first nic is class-forming under 3.1.25 for this curadigana base; a true causative requires a later stacked-nic pass.,not_counted_class_forming_nic
causative,"[""10.0182"", ""meaning-e6c1f69b634c""]",10.0182,jasi~,mokzaRe,मोक्षणे (mokṣaṇe),jaMsi,The first nic is class-forming under 3.1.25 for this curadigana base; a true causative requires a later stacked-nic pass.,not_counted_class_forming_nic
causative,"[""10.0183"", ""meaning-388ca6564d81""]",10.0183,Iqa~,stutO,स्तुतौ (stutau),Iqi,The first nic is class-forming under 3.1.25 for this curadigana base; a true causative requires a later stacked-nic pass.,not_counted_class_forming_nic
causative,"[""10.0184"", ""meaning-3bf7963ee53c""]",10.0184,jasu~,hiMsAyAm,हिंसायाम् (hiṃsāyām),jAsi,The first nic is class-forming under 3.1.25 for this curadigana base; a true causative requires a later stacked-nic pass.,not_counted_class_forming_nic
causative,"[""10.0185"", ""meaning-1685c224b9c2""]",10.0185,piqi~,saNGAte,सङ्घाते (saṅghāte),piRqi,The first nic is class-forming under 3.1.25 for this curadigana base; a true causative requires a later stacked-nic pass.,not_counted_class_forming_nic
causative,"[""10.0186"", ""meaning-169a5b3eab06""]",10.0186,parTa~,prakzepe,प्रक्षेपे (prakṣepe),parTi,The first nic is class-forming under 3.1.25 for this curadigana base; a true causative requires a later stacked-nic pass.,not_counted_class_forming_nic
causative,"[""10.0188"", ""meaning-0ce32571f69b""]",10.0188,ruwa~,roze,रोषे (roṣe),rowi,The first nic is class-forming under 3.1.25 for this curadigana base; a true causative requires a later stacked-nic pass.,not_counted_class_forming_nic
causative,"[""10.0192"", ""meaning-917d5fa53ac9""]",10.0192,cita~,saYcetane,सञ्चेतने (sañcetane),ceti,The first nic is class-forming under 3.1.25 for this curadigana base; a true causative requires a later stacked-nic pass.,not_counted_class_forming_nic
causative,"[""10.0193"", ""meaning-45d2b7e4dad1""]",10.0193,daSi~,daMSane,दंशने (daṃśane),daMSi,The first nic is class-forming under 3.1.25 for this curadigana base; a true causative requires a later stacked-nic pass.,not_counted_class_forming_nic
causative,"[""10.0194"", ""meaning-45d2b7e4dad1""]",10.0194,dasi~,daMSane,दंशने (daṃśane),daMsi,The first nic is class-forming under 3.1.25 for this curadigana base; a true causative requires a later stacked-nic pass.,not_counted_class_forming_nic
causative,"[""10.0194"", ""meaning-5042ee4bdbe7""]",10.0194,dasi~,darSane,दर्शने (darśane),daMsi,The first nic is class-forming under 3.1.25 for this curadigana base; a true causative requires a later stacked-nic pass.,not_counted_class_forming_nic
causative,"[""10.0195"", ""meaning-45d2b7e4dad1""]",10.0195,dasa~,daMSane,दंशने (daṃśane),dAsi,The first nic is class-forming under 3.1.25 for this curadigana base; a true causative requires a later stacked-nic pass.,not_counted_class_forming_nic
causative,"[""10.0195"", ""meaning-5042ee4bdbe7""]",10.0195,dasa~,darSane,दर्शने (darśane),dAsi,The first nic is class-forming under 3.1.25 for this curadigana base; a true causative requires a later stacked-nic pass.,not_counted_class_forming_nic
causative,"[""10.0196"", ""meaning-1685c224b9c2""]",10.0196,qapa~,saNGAte,सङ्घाते (saṅghāte),qApi,The first nic is class-forming under 3.1.25 for this curadigana base; a true causative requires a later stacked-nic pass.,not_counted_class_forming_nic
causative,"[""10.0197"", ""meaning-1685c224b9c2""]",10.0197,qipa~,saNGAte,सङ्घाते (saṅghāte),qepi,The first nic is class-forming under 3.1.25 for this curadigana base; a true causative requires a later stacked-nic pass.,not_counted_class_forming_nic
causative,"[""10.0198"", ""meaning-bc4a053f461d""]",10.0198,tatri~,kuwumbaDAraRe,कुटुम्बधारणे (kuṭumbadhāraṇe),tantri,The first nic is class-forming under 3.1.25 for this curadigana base; a true causative requires a later stacked-nic pass.,not_counted_class_forming_nic
causative,"[""10.0199"", ""meaning-135553d2620f""]",10.0199,matri~,guptapariBAzaRe,गुप्तपरिभाषणे (guptaparibhāṣaṇe),mantri,The first nic is class-forming under 3.1.25 for this curadigana base; a true causative requires a later stacked-nic pass.,not_counted_class_forming_nic
causative,"[""10.0200"", ""meaning-28f6ffe94fb0""]",10.0200,spaSa~,grahaRe,ग्रहणे (grahaṇe),spASi,The first nic is class-forming under 3.1.25 for this curadigana base; a true causative requires a later stacked-nic pass.,not_counted_class_forming_nic
causative,"[""10.0200"", ""meaning-e4d9d87d2a5b""]",10.0200,spaSa~,saMSlezaRe,संश्लेषणे (saṃśleṣaṇe),spASi,The first nic is class-forming under 3.1.25 for this curadigana base; a true causative requires a later stacked-nic pass.,not_counted_class_forming_nic
causative,"[""10.0202"", ""meaning-0d928599a6f6""]",10.0202,Bartsa~,tarjane,तर्जने (tarjane),Bartsi,The first nic is class-forming under 3.1.25 for this curadigana base; a true causative requires a later stacked-nic pass.,not_counted_class_forming_nic
causative,"[""10.0203"", ""meaning-a7c02e4ddde8""]",10.0203,basta~,ardane,अर्दने (ardane),basti,The first nic is class-forming under 3.1.25 for this curadigana base; a true causative requires a later stacked-nic pass.,not_counted_class_forming_nic
causative,"[""10.0204"", ""meaning-a7c02e4ddde8""]",10.0204,ganDa~,ardane,अर्दने (ardane),ganDi,The first nic is class-forming under 3.1.25 for this curadigana base; a true causative requires a later stacked-nic pass.,not_counted_class_forming_nic
causative,"[""10.0205"", ""meaning-029b9634ef9c""]",10.0205,kila~,kzepe,क्षेपे (kṣepe),keli,The first nic is class-forming under 3.1.25 for this curadigana base; a true causative requires a later stacked-nic pass.,not_counted_class_forming_nic
causative,"[""10.0206"", ""meaning-029b9634ef9c""]",10.0206,pila~,kzepe,क्षेपे (kṣepe),peli,The first nic is class-forming under 3.1.25 for this curadigana base; a true causative requires a later stacked-nic pass.,not_counted_class_forming_nic
causative,"[""10.0207"", ""meaning-3bf7963ee53c""]",10.0207,vizka~,hiMsAyAm,हिंसायाम् (hiṃsāyām),vizki,The first nic is class-forming under 3.1.25 for this curadigana base; a true causative requires a later stacked-nic pass.,not_counted_class_forming_nic
causative,"[""10.0208"", ""meaning-3bf7963ee53c""]",10.0208,hizka~,hiMsAyAm,हिंसायाम् (hiṃsāyām),hizki,The first nic is class-forming under 3.1.25 for this curadigana base; a true causative requires a later stacked-nic pass.,not_counted_class_forming_nic
causative,"[""10.0209"", ""meaning-56cad67568a0""]",10.0209,nizka~,parimARe,परिमाणे (parimāṇe),nizki,The first nic is class-forming under 3.1.25 for this curadigana base; a true causative requires a later stacked-nic pass.,not_counted_class_forming_nic
causative,"[""10.0210"", ""meaning-80dbd5e0e060""]",10.0210,lala~,IpsAyAm,ईप्सायाम् (īpsāyām),lAli,The first nic is class-forming under 3.1.25 for this curadigana base; a true causative requires a later stacked-nic pass.,not_counted_class_forming_nic
causative,"[""10.0211"", ""meaning-faacb3ea90c2""]",10.0211,kURa~,saNkoce,सङ्कोचे (saṅkoce),kURi,The first nic is class-forming under 3.1.25 for this curadigana base; a true causative requires a later stacked-nic pass.,not_counted_class_forming_nic
causative,"[""10.0212"", ""meaning-d763b2fae9b6""]",10.0212,tURa~,pUraRe,पूरणे (pūraṇe),tURi,The first nic is class-forming under 3.1.25 for this curadigana base; a true causative requires a later stacked-nic pass.,not_counted_class_forming_nic
causative,"[""10.0213"", ""meaning-51afe23eacf1""]",10.0213,BrURa~,viSaNkAyAm,विशङ्कायाम् (viśaṅkāyām),BrURi,The first nic is class-forming under 3.1.25 for this curadigana base; a true causative requires a later stacked-nic pass.,not_counted_class_forming_nic
causative,"[""10.0213"", ""meaning-896b47b19b9e""]",10.0213,BrURa~,ASAyAm,आशायाम् (āśāyām),BrURi,The first nic is class-forming under 3.1.25 for this curadigana base; a true causative requires a later stacked-nic pass.,not_counted_class_forming_nic
causative,"[""10.0214"", ""meaning-b00073dcdeb8""]",10.0214,SaWa~,SlAGAyAm,श्लाघायाम् (ślāghāyām),SAWi,The first nic is class-forming under 3.1.25 for this curadigana base; a true causative requires a later stacked-nic pass.,not_counted_class_forming_nic
causative,"[""10.0215"", ""meaning-a8644e0580a4""]",10.0215,yakza~,pUjAyAm,पूजायाम् (pūjāyām),yakzi,The first nic is class-forming under 3.1.25 for this curadigana base; a true causative requires a later stacked-nic pass.,not_counted_class_forming_nic
causative,"[""10.0216"", ""meaning-841d3bc58324""]",10.0216,syama~,vitarke,वितर्के (vitarke),syAmi,The first nic is class-forming under 3.1.25 for this curadigana base; a true causative requires a later stacked-nic pass.,not_counted_class_forming_nic
causative,"[""10.0217"", ""meaning-f75c00d8c12d""]",10.0217,gUra~,udyamane,उद्यमने (udyamane),gUri,The first nic is class-forming under 3.1.25 for this curadigana base; a true causative requires a later stacked-nic pass.,not_counted_class_forming_nic
causative,"[""10.0218"", ""meaning-7d14392139b1""]",10.0218,Sama~,Alocane,आलोचने (ālocane),SAmi,The first nic is class-forming under 3.1.25 for this curadigana base; a true causative requires a later stacked-nic pass.,not_counted_class_forming_nic
causative,"[""10.0220"", ""meaning-45083d13a8bf""]",10.0220,kutsa~,avakzepaRe,अवक्षेपणे (avakṣepaṇe),kutsi,The first nic is class-forming under 3.1.25 for this curadigana base; a true causative requires a later stacked-nic pass.,not_counted_class_forming_nic
causative,"[""10.0220"", ""meaning-df94dcdbdd1f""]",10.0220,kutsa~,nindane,निन्दने (nindane),kutsi,The first nic is class-forming under 3.1.25 for this curadigana base; a true causative requires a later stacked-nic pass.,not_counted_class_forming_nic
causative,"[""10.0222"", ""meaning-c070dfa2517d""]",10.0222,kuwa~,Cedane,छेदने (chedane),kowi,The first nic is class-forming under 3.1.25 for this curadigana base; a true causative requires a later stacked-nic pass.,not_counted_class_forming_nic
causative,"[""10.0224"", ""meaning-a3031f133753""]",10.0224,Bala~,ABaRqane,आभण्डने (ābhaṇḍane),BAli,The first nic is class-forming under 3.1.25 for this curadigana base; a true causative requires a later stacked-nic pass.,not_counted_class_forming_nic
causative,"[""10.0225"", ""meaning-7a7231a87885""]",10.0225,kUwa~,avasAdane,अवसादने (avasādane),kUwi,The first nic is class-forming under 3.1.25 for this curadigana base; a true causative requires a later stacked-nic pass.,not_counted_class_forming_nic
causative,"[""10.0225"", ""meaning-d8400192cd86""]",10.0225,kUwa~,ApradAne,आप्रदाने (āpradāne),kUwi,The first nic is class-forming under 3.1.25 for this curadigana base; a true causative requires a later stacked-nic pass.,not_counted_class_forming_nic
causative,"[""10.0226"", ""meaning-88c876bac4d5""]",10.0226,kuwwa~,pratApane,प्रतापने (pratāpane),kuwwi,The first nic is class-forming under 3.1.25 for this curadigana base; a true causative requires a later stacked-nic pass.,not_counted_class_forming_nic
causative,"[""10.0227"", ""meaning-ec29c8166eab""]",10.0227,vancu~,pralamBane,प्रलम्भने (pralambhane),vaYci,The first nic is class-forming under 3.1.25 for this curadigana base; a true causative requires a later stacked-nic pass.,not_counted_class_forming_nic
causative,"[""10.0228"", ""meaning-4308b7ea00d2""]",10.0228,vfza~,SaktibanDane,शक्तिबन्धने (śaktibandhane),varzi,The first nic is class-forming under 3.1.25 for this curadigana base; a true causative requires a later stacked-nic pass.,not_counted_class_forming_nic
causative,"[""10.0229"", ""meaning-2e94d706bc5a""]",10.0229,mada~,tfptiyoge,तृप्तियोगे (tṛptiyoge),mAdi,The first nic is class-forming under 3.1.25 for this curadigana base; a true causative requires a later stacked-nic pass.,not_counted_class_forming_nic
causative,"[""10.0230"", ""meaning-d2195629b3ae""]",10.0230,divu~,parikUjane,परिकूजने (parikūjane),devi,The first nic is class-forming under 3.1.25 for this curadigana base; a true causative requires a later stacked-nic pass.,not_counted_class_forming_nic
causative,"[""10.0231"", ""meaning-29d79ad23cf1""]",10.0231,gf,vijYAne,विज्ञाने (vijñāne),gAri,The first nic is class-forming under 3.1.25 for this curadigana base; a true causative requires a later stacked-nic pass.,not_counted_class_forming_nic
causative,"[""10.0232"", ""meaning-693173100d63""]",10.0232,vida~,nivAse,निवासे (nivāse),vedi,The first nic is class-forming under 3.1.25 for this curadigana base; a true causative requires a later stacked-nic pass.,not_counted_class_forming_nic
causative,"[""10.0232"", ""meaning-70b17255fdf7""]",10.0232,vida~,cetane,चेतने (cetane),vedi,The first nic is class-forming under 3.1.25 for this curadigana base; a true causative requires a later stacked-nic pass.,not_counted_class_forming_nic
causative,"[""10.0232"", ""meaning-91ea2305a048""]",10.0232,vida~,AKyAne,आख्याने (ākhyāne),vedi,The first nic is class-forming under 3.1.25 for this curadigana base; a true causative requires a later stacked-nic pass.,not_counted_class_forming_nic
causative,"[""10.0233"", ""meaning-9568358ba7dc""]",10.0233,mAna~,stamBe,स्तम्भे (stambhe),mAni,The first nic is class-forming under 3.1.25 for this curadigana base; a true causative requires a later stacked-nic pass.,not_counted_class_forming_nic
causative,"[""10.0234"", ""meaning-9568358ba7dc""]",10.0234,mana~,stamBe,स्तम्भे (stambhe),mAni,The first nic is class-forming under 3.1.25 for this curadigana base; a true causative requires a later stacked-nic pass.,not_counted_class_forming_nic
causative,"[""10.0235"", ""meaning-d68b32096b1d""]",10.0235,yu,jugupsAyAm,जुगुप्सायाम् (jugupsāyām),yAvi,The first nic is class-forming under 3.1.25 for this curadigana base; a true causative requires a later stacked-nic pass.,not_counted_class_forming_nic
causative,"[""10.0236"", ""meaning-202c604bfb3d""]",10.0236,kusma~,kutsitasmaye,कुत्सितस्मये (kutsitasmaye),kusmi,The first nic is class-forming under 3.1.25 for this curadigana base; a true causative requires a later stacked-nic pass.,not_counted_class_forming_nic
causative,"[""10.0237"", ""meaning-7d1ea56b4ecd""]",10.0237,carca~,aDyayane,अध्ययने (adhyayane),carci,The first nic is class-forming under 3.1.25 for this curadigana base; a true causative requires a later stacked-nic pass.,not_counted_class_forming_nic
causative,"[""10.0239"", ""meaning-43f953f0956e""]",10.0239,Sabda~,AvizkAre,आविष्कारे (āviṣkāre),Sabdi,The first nic is class-forming under 3.1.25 for this curadigana base; a true causative requires a later stacked-nic pass.,not_counted_class_forming_nic
causative,"[""10.0239"", ""meaning-96a4bb068d1c""]",10.0239,Sabda~,BazaRe,भषणे (bhaṣaṇe),Sabdi,The first nic is class-forming under 3.1.25 for this curadigana base; a true causative requires a later stacked-nic pass.,not_counted_class_forming_nic
causative,"[""10.0240"", ""meaning-b69ca1ec0cf6""]",10.0240,kaRa~,nimIlane,निमीलने (nimīlane),kARi,The first nic is class-forming under 3.1.25 for this curadigana base; a true causative requires a later stacked-nic pass.,not_counted_class_forming_nic
causative,"[""10.0241"", ""meaning-4c7246e8c3c8""]",10.0241,jaBi~,nASane,नाशने (nāśane),jamBi,The first nic is class-forming under 3.1.25 for this curadigana base; a true causative requires a later stacked-nic pass.,not_counted_class_forming_nic
causative,"[""10.0242"", ""meaning-00323a78b7df""]",10.0242,zUda~,ApravaRe,आप्रवणे (āpravaṇe),sUdi,The first nic is class-forming under 3.1.25 for this curadigana base; a true causative requires a later stacked-nic pass.,not_counted_class_forming_nic
causative,"[""10.0242"", ""meaning-5a185fe0f337""]",10.0242,zUda~,GAte,घाते (ghāte),sUdi,The first nic is class-forming under 3.1.25 for this curadigana base; a true causative requires a later stacked-nic pass.,not_counted_class_forming_nic
causative,"[""10.0242"", ""meaning-ac19f6d5c506""]",10.0242,zUda~,AsravaRe,आस्रवणे (āsravaṇe),sUdi,The first nic is class-forming under 3.1.25 for this curadigana base; a true causative requires a later stacked-nic pass.,not_counted_class_forming_nic
causative,"[""10.0242"", ""meaning-dd1adc78b9c7""]",10.0242,zUda~,kzaraRe,क्षरणे (kṣaraṇe),sUdi,The first nic is class-forming under 3.1.25 for this curadigana base; a true causative requires a later stacked-nic pass.,not_counted_class_forming_nic
causative,"[""10.0243"", ""meaning-a8c78a0cc5ef""]",10.0243,jasu~,tAqane,ताडने (tāḍane),jAsi,The first nic is class-forming under 3.1.25 for this curadigana base; a true causative requires a later stacked-nic pass.,not_counted_class_forming_nic
causative,"[""10.0244"", ""meaning-8c20facfc0ac""]",10.0244,paSa~,banDane,बन्धने (bandhane),pASi,The first nic is class-forming under 3.1.25 for this curadigana base; a true causative requires a later stacked-nic pass.,not_counted_class_forming_nic
causative,"[""10.0245"", ""meaning-6c70da685e63""]",10.0245,ama~,roge,रोगे (roge),Ami,The first nic is class-forming under 3.1.25 for this curadigana base; a true causative requires a later stacked-nic pass.,not_counted_class_forming_nic
causative,"[""10.0246"", ""meaning-12d930b48839""]",10.0246,cawa~,Bedane,भेदने (bhedane),cAwi,The first nic is class-forming under 3.1.25 for this curadigana base; a true causative requires a later stacked-nic pass.,not_counted_class_forming_nic
causative,"[""10.0247"", ""meaning-12d930b48839""]",10.0247,sPuwa~,Bedane,भेदने (bhedane),sPowi,The first nic is class-forming under 3.1.25 for this curadigana base; a true causative requires a later stacked-nic pass.,not_counted_class_forming_nic
causative,"[""10.0248"", ""meaning-1685c224b9c2""]",10.0248,Gawa~,saNGAte,सङ्घाते (saṅghāte),GAwi,The first nic is class-forming under 3.1.25 for this curadigana base; a true causative requires a later stacked-nic pass.,not_counted_class_forming_nic
causative,"[""10.0249"", ""meaning-3d78634f5d6d""]",10.0249,divu~,mardane,मर्दने (mardane),devi,The first nic is class-forming under 3.1.25 for this curadigana base; a true causative requires a later stacked-nic pass.,not_counted_class_forming_nic
causative,"[""10.0250"", ""meaning-266df56f138b""]",10.0250,arja~,pratiyatne,प्रतियत्ने (pratiyatne),arji,The first nic is class-forming under 3.1.25 for this curadigana base; a true causative requires a later stacked-nic pass.,not_counted_class_forming_nic
causative,"[""10.0251"", ""meaning-1b016eb41ed6""]",10.0251,Guzi~r,viSabdane,विशब्दने (viśabdane),Gozi,The first nic is class-forming under 3.1.25 for this curadigana base; a true causative requires a later stacked-nic pass.,not_counted_class_forming_nic
causative,"[""10.0252"", ""meaning-91868dbd1926""]",10.0252,kranda~,sAtatye,सातत्ये (sātatye),krandi,The first nic is class-forming under 3.1.25 for this curadigana base; a true causative requires a later stacked-nic pass.,not_counted_class_forming_nic
causative,"[""10.0253"", ""meaning-6fb719e05d14""]",10.0253,lasa~,Silpayoge,शिल्पयोगे (śilpayoge),lAsi,The first nic is class-forming under 3.1.25 for this curadigana base; a true causative requires a later stacked-nic pass.,not_counted_class_forming_nic
causative,"[""10.0254"", ""meaning-2c16c6e7ad42""]",10.0254,tasi~,alaNkaraRe,अलङ्करणे (alaṅkaraṇe),taMsi,The first nic is class-forming under 3.1.25 for this curadigana base; a true causative requires a later stacked-nic pass.,not_counted_class_forming_nic
causative,"[""10.0256"", ""meaning-e14f62215afa""]",10.0256,mokza~,mocane,मोचने (mocane),mokzi,The first nic is class-forming under 3.1.25 for this curadigana base; a true causative requires a later stacked-nic pass.,not_counted_class_forming_nic
causative,"[""10.0258"", ""meaning-62e5485df2c0""]",10.0258,jYA,niyoge,नियोगे (niyoge),jYApi,The first nic is class-forming under 3.1.25 for this curadigana base; a true causative requires a later stacked-nic pass.,not_counted_class_forming_nic
causative,"[""10.0259"", ""meaning-37997538f090""]",10.0259,Baja~,viSrARane,विश्राणने (viśrāṇane),BAji,The first nic is class-forming under 3.1.25 for this curadigana base; a true causative requires a later stacked-nic pass.,not_counted_class_forming_nic
causative,"[""10.0260"", ""meaning-44d18687435d""]",10.0260,SfDu~,prasahane,प्रसहने (prasahane),SarDi,The first nic is class-forming under 3.1.25 for this curadigana base; a true causative requires a later stacked-nic pass.,not_counted_class_forming_nic
causative,"[""10.0260"", ""meaning-9a4c132c6b15""]",10.0260,SfDu~,prahasane,प्रहसने (prahasane),SarDi,The first nic is class-forming under 3.1.25 for this curadigana base; a true causative requires a later stacked-nic pass.,not_counted_class_forming_nic
causative,"[""10.0261"", ""meaning-a7221fe0d98d""]",10.0261,yata~,upaskAre,उपस्कारे (upaskāre),yAti,The first nic is class-forming under 3.1.25 for this curadigana base; a true causative requires a later stacked-nic pass.,not_counted_class_forming_nic
causative,"[""10.0261"", ""meaning-cf72fcf28ec5""]",10.0261,yata~,nikAre,निकारे (nikāre),yAti,The first nic is class-forming under 3.1.25 for this curadigana base; a true causative requires a later stacked-nic pass.,not_counted_class_forming_nic
causative,"[""10.0262"", ""meaning-c1e1d650336a""]",10.0262,raka~,AsvAdane,आस्वादने (āsvādane),rAki,The first nic is class-forming under 3.1.25 for this curadigana base; a true causative requires a later stacked-nic pass.,not_counted_class_forming_nic
causative,"[""10.0263"", ""meaning-c1e1d650336a""]",10.0263,laga~,AsvAdane,आस्वादने (āsvādane),lAgi,The first nic is class-forming under 3.1.25 for this curadigana base; a true causative requires a later stacked-nic pass.,not_counted_class_forming_nic
causative,"[""10.0264"", ""meaning-c1e1d650336a""]",10.0264,raGa~,AsvAdane,आस्वादने (āsvādane),rAGi,The first nic is class-forming under 3.1.25 for this curadigana base; a true causative requires a later stacked-nic pass.,not_counted_class_forming_nic
causative,"[""10.0265"", ""meaning-c1e1d650336a""]",10.0265,raga~,AsvAdane,आस्वादने (āsvādane),rAgi,The first nic is class-forming under 3.1.25 for this curadigana base; a true causative requires a later stacked-nic pass.,not_counted_class_forming_nic
causative,"[""10.0266"", ""meaning-0b5b260d05a5""]",10.0266,ancu~,viSezaRe,विशेषणे (viśeṣaṇe),aYci,The first nic is class-forming under 3.1.25 for this curadigana base; a true causative requires a later stacked-nic pass.,not_counted_class_forming_nic
causative,"[""10.0267"", ""meaning-e4f08cdd86e6""]",10.0267,ligi~,citrIkaraRe,चित्रीकरणे (citrīkaraṇe),liNgi,The first nic is class-forming under 3.1.25 for this curadigana base; a true causative requires a later stacked-nic pass.,not_counted_class_forming_nic
causative,"[""10.0268"", ""meaning-095018db5bb6""]",10.0268,muda~,saMsarge,संसर्गे (saṃsarge),modi,The first nic is class-forming under 3.1.25 for this curadigana base; a true causative requires a later stacked-nic pass.,not_counted_class_forming_nic
causative,"[""10.0269"", ""meaning-28f6ffe94fb0""]",10.0269,trasa~,grahaRe,ग्रहणे (grahaṇe),trAsi,The first nic is class-forming under 3.1.25 for this curadigana base; a true causative requires a later stacked-nic pass.,not_counted_class_forming_nic
causative,"[""10.0269"", ""meaning-9b1cca11bfc6""]",10.0269,trasa~,vAraRe,वारणे (vāraṇe),trAsi,The first nic is class-forming under 3.1.25 for this curadigana base; a true causative requires a later stacked-nic pass.,not_counted_class_forming_nic
causative,"[""10.0269"", ""meaning-bb23f8c5982d""]",10.0269,trasa~,DAraRe,धारणे (dhāraṇe),trAsi,The first nic is class-forming under 3.1.25 for this curadigana base; a true causative requires a later stacked-nic pass.,not_counted_class_forming_nic
causative,"[""10.0271"", ""meaning-27632454bb31""]",10.0271,uDrasa~,uYCe,उञ्छे (uñche),uDrAsi,The first nic is class-forming under 3.1.25 for this curadigana base; a true causative requires a later stacked-nic pass.,not_counted_class_forming_nic
causative,"[""10.0272"", ""meaning-6a0d781831bc""]",10.0272,muca~,pramocane,प्रमोचने (pramocane),moci,The first nic is class-forming under 3.1.25 for this curadigana base; a true causative requires a later stacked-nic pass.,not_counted_class_forming_nic
causative,"[""10.0272"", ""meaning-ae74203a49e4""]",10.0272,muca~,modane,मोदने (modane),moci,The first nic is class-forming under 3.1.25 for this curadigana base; a true causative requires a later stacked-nic pass.,not_counted_class_forming_nic
causative,"[""10.0273"", ""meaning-8c6231d20ac4""]",10.0273,vasa~,snehane,स्नेहने (snehane),vAsi,The first nic is class-forming under 3.1.25 for this curadigana base; a true causative requires a later stacked-nic pass.,not_counted_class_forming_nic
causative,"[""10.0273"", ""meaning-a5ea25936945""]",10.0273,vasa~,apaharaRe,अपहरणे (apaharaṇe),vAsi,The first nic is class-forming under 3.1.25 for this curadigana base; a true causative requires a later stacked-nic pass.,not_counted_class_forming_nic
causative,"[""10.0273"", ""meaning-c070dfa2517d""]",10.0273,vasa~,Cedane,छेदने (chedane),vAsi,The first nic is class-forming under 3.1.25 for this curadigana base; a true causative requires a later stacked-nic pass.,not_counted_class_forming_nic
causative,"[""10.0274"", ""meaning-f80bddf33be6""]",10.0274,cara~,saMSaye,संशये (saṃśaye),cAri,The first nic is class-forming under 3.1.25 for this curadigana base; a true causative requires a later stacked-nic pass.,not_counted_class_forming_nic
causative,"[""10.0275"", ""meaning-2c5fa406c2d3""]",10.0275,cyu,sahane,सहने (sahane),cyAvi,The first nic is class-forming under 3.1.25 for this curadigana base; a true causative requires a later stacked-nic pass.,not_counted_class_forming_nic
causative,"[""10.0275"", ""meaning-dd4a01bcb5d7""]",10.0275,cyu,hasane,हसने (hasane),cyAvi,The first nic is class-forming under 3.1.25 for this curadigana base; a true causative requires a later stacked-nic pass.,not_counted_class_forming_nic
causative,"[""10.0276"", ""meaning-2c5fa406c2d3""]",10.0276,cyusa~,sahane,सहने (sahane),cyosi,The first nic is class-forming under 3.1.25 for this curadigana base; a true causative requires a later stacked-nic pass.,not_counted_class_forming_nic
causative,"[""10.0276"", ""meaning-dd4a01bcb5d7""]",10.0276,cyusa~,hasane,हसने (hasane),cyosi,The first nic is class-forming under 3.1.25 for this curadigana base; a true causative requires a later stacked-nic pass.,not_counted_class_forming_nic
causative,"[""10.0277"", ""meaning-de23b2763dfb""]",10.0277,BU,avakalkane,अवकल्कने (avakalkane),BAvi,The first nic is class-forming under 3.1.25 for this curadigana base; a true causative requires a later stacked-nic pass.,not_counted_class_forming_nic
causative,"[""10.0278"", ""meaning-de23b2763dfb""]",10.0278,kfpa~,avakalkane,अवकल्कने (avakalkane),kalpi,The first nic is class-forming under 3.1.25 for this curadigana base; a true causative requires a later stacked-nic pass.,not_counted_class_forming_nic
causative,"[""10.0279"", ""meaning-28f6ffe94fb0""]",10.0279,grasa~,grahaRe,ग्रहणे (grahaṇe),grAsi,The first nic is class-forming under 3.1.25 for this curadigana base; a true causative requires a later stacked-nic pass.,not_counted_class_forming_nic
causative,"[""10.0280"", ""meaning-bb23f8c5982d""]",10.0280,puza~,DAraRe,धारणे (dhāraṇe),pozi,The first nic is class-forming under 3.1.25 for this curadigana base; a true causative requires a later stacked-nic pass.,not_counted_class_forming_nic
causative,"[""10.0281"", ""meaning-5b765df1482e""]",10.0281,dala~,vidAraRe,विदारणे (vidāraṇe),dAli,The first nic is class-forming under 3.1.25 for this curadigana base; a true causative requires a later stacked-nic pass.,not_counted_class_forming_nic
causative,"[""10.0282"", ""meaning-ea0ca4b6a28b""]",10.0282,pawa~,BAzAyAm,भाषायाम् (bhāṣāyām),pAwi,The first nic is class-forming under 3.1.25 for this curadigana base; a true causative requires a later stacked-nic pass.,not_counted_class_forming_nic
causative,"[""10.0283"", ""meaning-ea0ca4b6a28b""]",10.0283,puwa~,BAzAyAm,भाषायाम् (bhāṣāyām),powi,The first nic is class-forming under 3.1.25 for this curadigana base; a true causative requires a later stacked-nic pass.,not_counted_class_forming_nic
causative,"[""10.0284"", ""meaning-ea0ca4b6a28b""]",10.0284,luwa~,BAzAyAm,भाषायाम् (bhāṣāyām),lowi,The first nic is class-forming under 3.1.25 for this curadigana base; a true causative requires a later stacked-nic pass.,not_counted_class_forming_nic
causative,"[""10.0285"", ""meaning-ea0ca4b6a28b""]",10.0285,tuji~,BAzAyAm,भाषायाम् (bhāṣāyām),tuYji,The first nic is class-forming under 3.1.25 for this curadigana base; a true causative requires a later stacked-nic pass.,not_counted_class_forming_nic
causative,"[""10.0286"", ""meaning-ea0ca4b6a28b""]",10.0286,miji~,BAzAyAm,भाषायाम् (bhāṣāyām),miYji,The first nic is class-forming under 3.1.25 for this curadigana base; a true causative requires a later stacked-nic pass.,not_counted_class_forming_nic
causative,"[""10.0287"", ""meaning-ea0ca4b6a28b""]",10.0287,piji~,BAzAyAm,भाषायाम् (bhāṣāyām),piYji,The first nic is class-forming under 3.1.25 for this curadigana base; a true causative requires a later stacked-nic pass.,not_counted_class_forming_nic
causative,"[""10.0288"", ""meaning-c1e1d650336a""]",10.0288,laka~,AsvAdane,आस्वादने (āsvādane),lAki,The first nic is class-forming under 3.1.25 for this curadigana base; a true causative requires a later stacked-nic pass.,not_counted_class_forming_nic
causative,"[""10.0289"", ""meaning-ea0ca4b6a28b""]",10.0289,luji~,BAzAyAm,भाषायाम् (bhāṣāyām),luYji,The first nic is class-forming under 3.1.25 for this curadigana base; a true causative requires a later stacked-nic pass.,not_counted_class_forming_nic
causative,"[""10.0290"", ""meaning-ea0ca4b6a28b""]",10.0290,Baji~,BAzAyAm,भाषायाम् (bhāṣāyām),BaYji,The first nic is class-forming under 3.1.25 for this curadigana base; a true causative requires a later stacked-nic pass.,not_counted_class_forming_nic
causative,"[""10.0291"", ""meaning-ea0ca4b6a28b""]",10.0291,laGi~,BAzAyAm,भाषायाम् (bhāṣāyām),laNGi,The first nic is class-forming under 3.1.25 for this curadigana base; a true causative requires a later stacked-nic pass.,not_counted_class_forming_nic
causative,"[""10.0292"", ""meaning-ea0ca4b6a28b""]",10.0292,trasi~,BAzAyAm,भाषायाम् (bhāṣāyām),traMsi,The first nic is class-forming under 3.1.25 for this curadigana base; a true causative requires a later stacked-nic pass.,not_counted_class_forming_nic
causative,"[""10.0293"", ""meaning-ea0ca4b6a28b""]",10.0293,pisi~,BAzAyAm,भाषायाम् (bhāṣāyām),piMsi,The first nic is class-forming under 3.1.25 for this curadigana base; a true causative requires a later stacked-nic pass.,not_counted_class_forming_nic
causative,"[""10.0294"", ""meaning-ea0ca4b6a28b""]",10.0294,kusi~,BAzAyAm,भाषायाम् (bhāṣāyām),kuMsi,The first nic is class-forming under 3.1.25 for this curadigana base; a true causative requires a later stacked-nic pass.,not_counted_class_forming_nic
causative,"[""10.0295"", ""meaning-ea0ca4b6a28b""]",10.0295,daSi~,BAzAyAm,भाषायाम् (bhāṣāyām),daMSi,The first nic is class-forming under 3.1.25 for this curadigana base; a true causative requires a later stacked-nic pass.,not_counted_class_forming_nic
causative,"[""10.0296"", ""meaning-ea0ca4b6a28b""]",10.0296,kuSi~,BAzAyAm,भाषायाम् (bhāṣāyām),kuMSi,The first nic is class-forming under 3.1.25 for this curadigana base; a true causative requires a later stacked-nic pass.,not_counted_class_forming_nic
causative,"[""10.0297"", ""meaning-ea0ca4b6a28b""]",10.0297,Gawa~,BAzAyAm,भाषायाम् (bhāṣāyām),GAwi,The first nic is class-forming under 3.1.25 for this curadigana base; a true causative requires a later stacked-nic pass.,not_counted_class_forming_nic
causative,"[""10.0298"", ""meaning-ea0ca4b6a28b""]",10.0298,Gawi~,BAzAyAm,भाषायाम् (bhāṣāyām),GaRwi,The first nic is class-forming under 3.1.25 for this curadigana base; a true causative requires a later stacked-nic pass.,not_counted_class_forming_nic
causative,"[""10.0299"", ""meaning-ea0ca4b6a28b""]",10.0299,bfhi~,BAzAyAm,भाषायाम् (bhāṣāyām),bfMhi,The first nic is class-forming under 3.1.25 for this curadigana base; a true causative requires a later stacked-nic pass.,not_counted_class_forming_nic
causative,"[""10.0300"", ""meaning-ea0ca4b6a28b""]",10.0300,barha~,BAzAyAm,भाषायाम् (bhāṣāyām),barhi,The first nic is class-forming under 3.1.25 for this curadigana base; a true causative requires a later stacked-nic pass.,not_counted_class_forming_nic
causative,"[""10.0301"", ""meaning-ea0ca4b6a28b""]",10.0301,balha~,BAzAyAm,भाषायाम् (bhāṣāyām),balhi,The first nic is class-forming under 3.1.25 for this curadigana base; a true causative requires a later stacked-nic pass.,not_counted_class_forming_nic
causative,"[""10.0302"", ""meaning-ea0ca4b6a28b""]",10.0302,gupa~,BAzAyAm,भाषायाम् (bhāṣāyām),gopi,The first nic is class-forming under 3.1.25 for this curadigana base; a true causative requires a later stacked-nic pass.,not_counted_class_forming_nic
causative,"[""10.0303"", ""meaning-ea0ca4b6a28b""]",10.0303,DUpa~,BAzAyAm,भाषायाम् (bhāṣāyām),DUpAyi;DUpi,The first nic is class-forming under 3.1.25 for this curadigana base; a true causative requires a later stacked-nic pass.,not_counted_class_forming_nic
causative,"[""10.0304"", ""meaning-ea0ca4b6a28b""]",10.0304,viCa~,BAzAyAm,भाषायाम् (bhāṣāyām),vicCAyi;vicCi,The first nic is class-forming under 3.1.25 for this curadigana base; a true causative requires a later stacked-nic pass.,not_counted_class_forming_nic
causative,"[""10.0305"", ""meaning-ea0ca4b6a28b""]",10.0305,cIva~,BAzAyAm,भाषायाम् (bhāṣāyām),cIvi,The first nic is class-forming under 3.1.25 for this curadigana base; a true causative requires a later stacked-nic pass.,not_counted_class_forming_nic
causative,"[""10.0306"", ""meaning-ea0ca4b6a28b""]",10.0306,puTa~,BAzAyAm,भाषायाम् (bhāṣāyām),poTi,The first nic is class-forming under 3.1.25 for this curadigana base; a true causative requires a later stacked-nic pass.,not_counted_class_forming_nic
causative,"[""10.0307"", ""meaning-ea0ca4b6a28b""]",10.0307,lokf~,BAzAyAm,भाषायाम् (bhāṣāyām),loki,The first nic is class-forming under 3.1.25 for this curadigana base; a true causative requires a later stacked-nic pass.,not_counted_class_forming_nic
causative,"[""10.0308"", ""meaning-ea0ca4b6a28b""]",10.0308,locf~,BAzAyAm,भाषायाम् (bhāṣāyām),loci,The first nic is class-forming under 3.1.25 for this curadigana base; a true causative requires a later stacked-nic pass.,not_counted_class_forming_nic
causative,"[""10.0309"", ""meaning-ea0ca4b6a28b""]",10.0309,Rada~,BAzAyAm,भाषायाम् (bhāṣāyām),nAdi,The first nic is class-forming under 3.1.25 for this curadigana base; a true causative requires a later stacked-nic pass.,not_counted_class_forming_nic
causative,"[""10.0310"", ""meaning-ea0ca4b6a28b""]",10.0310,kupa~,BAzAyAm,भाषायाम् (bhāṣāyām),kopi,The first nic is class-forming under 3.1.25 for this curadigana base; a true causative requires a later stacked-nic pass.,not_counted_class_forming_nic
causative,"[""10.0311"", ""meaning-ea0ca4b6a28b""]",10.0311,tarka~,BAzAyAm,भाषायाम् (bhāṣāyām),tarki,The first nic is class-forming under 3.1.25 for this curadigana base; a true causative requires a later stacked-nic pass.,not_counted_class_forming_nic
causative,"[""10.0312"", ""meaning-ea0ca4b6a28b""]",10.0312,vftu~,BAzAyAm,भाषायाम् (bhāṣāyām),varti,The first nic is class-forming under 3.1.25 for this curadigana base; a true causative requires a later stacked-nic pass.,not_counted_class_forming_nic
causative,"[""10.0313"", ""meaning-ea0ca4b6a28b""]",10.0313,vfDu~,BAzAyAm,भाषायाम् (bhāṣāyām),varDi,The first nic is class-forming under 3.1.25 for this curadigana base; a true causative requires a later stacked-nic pass.,not_counted_class_forming_nic
causative,"[""10.0314"", ""meaning-ea0ca4b6a28b""]",10.0314,ruwa~,BAzAyAm,भाषायाम् (bhāṣāyām),rowi,The first nic is class-forming under 3.1.25 for this curadigana base; a true causative requires a later stacked-nic pass.,not_counted_class_forming_nic
causative,"[""10.0315"", ""meaning-ea0ca4b6a28b""]",10.0315,laji~,BAzAyAm,भाषायाम् (bhāṣāyām),laYji,The first nic is class-forming under 3.1.25 for this curadigana base; a true causative requires a later stacked-nic pass.,not_counted_class_forming_nic
causative,"[""10.0316"", ""meaning-ea0ca4b6a28b""]",10.0316,aji~,BAzAyAm,भाषायाम् (bhāṣāyām),aYji,The first nic is class-forming under 3.1.25 for this curadigana base; a true causative requires a later stacked-nic pass.,not_counted_class_forming_nic
causative,"[""10.0317"", ""meaning-ea0ca4b6a28b""]",10.0317,dasi~,BAzAyAm,भाषायाम् (bhāṣāyām),daMsi,The first nic is class-forming under 3.1.25 for this curadigana base; a true causative requires a later stacked-nic pass.,not_counted_class_forming_nic
causative,"[""10.0318"", ""meaning-ea0ca4b6a28b""]",10.0318,BfSi~,BAzAyAm,भाषायाम् (bhāṣāyām),BfMSi,The first nic is class-forming under 3.1.25 for this curadigana base; a true causative requires a later stacked-nic pass.,not_counted_class_forming_nic
causative,"[""10.0319"", ""meaning-ea0ca4b6a28b""]",10.0319,ruSi~,BAzAyAm,भाषायाम् (bhāṣāyām),ruMSi,The first nic is class-forming under 3.1.25 for this curadigana base; a true causative requires a later stacked-nic pass.,not_counted_class_forming_nic
causative,"[""10.0320"", ""meaning-ea0ca4b6a28b""]",10.0320,SIka~,BAzAyAm,भाषायाम् (bhāṣāyām),SIki,The first nic is class-forming under 3.1.25 for this curadigana base; a true causative requires a later stacked-nic pass.,not_counted_class_forming_nic
causative,"[""10.0321"", ""meaning-ea0ca4b6a28b""]",10.0321,rusi~,BAzAyAm,भाषायाम् (bhāṣāyām),ruMsi,The first nic is class-forming under 3.1.25 for this curadigana base; a true causative requires a later stacked-nic pass.,not_counted_class_forming_nic
causative,"[""10.0322"", ""meaning-ea0ca4b6a28b""]",10.0322,nawi~,BAzAyAm,भाषायाम् (bhāṣāyām),naRwi,The first nic is class-forming under 3.1.25 for this curadigana base; a true causative requires a later stacked-nic pass.,not_counted_class_forming_nic
causative,"[""10.0323"", ""meaning-ea0ca4b6a28b""]",10.0323,puwi~,BAzAyAm,भाषायाम् (bhāṣāyām),puRwi,The first nic is class-forming under 3.1.25 for this curadigana base; a true causative requires a later stacked-nic pass.,not_counted_class_forming_nic
causative,"[""10.0324"", ""meaning-ea0ca4b6a28b""]",10.0324,ji,BAzAyAm,भाषायाम् (bhāṣāyām),jAyi,The first nic is class-forming under 3.1.25 for this curadigana base; a true causative requires a later stacked-nic pass.,not_counted_class_forming_nic
causative,"[""10.0325"", ""meaning-ea0ca4b6a28b""]",10.0325,ci,BAzAyAm,भाषायाम् (bhāṣāyām),cAyi,The first nic is class-forming under 3.1.25 for this curadigana base; a true causative requires a later stacked-nic pass.,not_counted_class_forming_nic
causative,"[""10.0326"", ""meaning-ea0ca4b6a28b""]",10.0326,raDi~,BAzAyAm,भाषायाम् (bhāṣāyām),ranDi,The first nic is class-forming under 3.1.25 for this curadigana base; a true causative requires a later stacked-nic pass.,not_counted_class_forming_nic
causative,"[""10.0327"", ""meaning-ea0ca4b6a28b""]",10.0327,laGi~,BAzAyAm,भाषायाम् (bhāṣāyām),laNGi,The first nic is class-forming under 3.1.25 for this curadigana base; a true causative requires a later stacked-nic pass.,not_counted_class_forming_nic
causative,"[""10.0328"", ""meaning-ea0ca4b6a28b""]",10.0328,ahi~,BAzAyAm,भाषायाम् (bhāṣāyām),aMhi,The first nic is class-forming under 3.1.25 for this curadigana base; a true causative requires a later stacked-nic pass.,not_counted_class_forming_nic
causative,"[""10.0329"", ""meaning-ea0ca4b6a28b""]",10.0329,rahi~,BAzAyAm,भाषायाम् (bhāṣāyām),raMhi,The first nic is class-forming under 3.1.25 for this curadigana base; a true causative requires a later stacked-nic pass.,not_counted_class_forming_nic
causative,"[""10.0330"", ""meaning-ea0ca4b6a28b""]",10.0330,mahi~,BAzAyAm,भाषायाम् (bhāṣāyām),maMhi,The first nic is class-forming under 3.1.25 for this curadigana base; a true causative requires a later stacked-nic pass.,not_counted_class_forming_nic
causative,"[""10.0331"", ""meaning-ea0ca4b6a28b""]",10.0331,laqi~,BAzAyAm,भाषायाम् (bhāṣāyām),laRqi,The first nic is class-forming under 3.1.25 for this curadigana base; a true causative requires a later stacked-nic pass.,not_counted_class_forming_nic
causative,"[""10.0332"", ""meaning-ea0ca4b6a28b""]",10.0332,taqa~,BAzAyAm,भाषायाम् (bhāṣāyām),tAqi,The first nic is class-forming under 3.1.25 for this curadigana base; a true causative requires a later stacked-nic pass.,not_counted_class_forming_nic
causative,"[""10.0333"", ""meaning-ea0ca4b6a28b""]",10.0333,nala~,BAzAyAm,भाषायाम् (bhāṣāyām),nAli,The first nic is class-forming under 3.1.25 for this curadigana base; a true causative requires a later stacked-nic pass.,not_counted_class_forming_nic
causative,"[""10.0334"", ""meaning-f7e2a350d6b2""]",10.0334,pUrI~,ApyAyane,आप्यायने (āpyāyane),pUri,The first nic is class-forming under 3.1.25 for this curadigana base; a true causative requires a later stacked-nic pass.,not_counted_class_forming_nic
causative,"[""10.0335"", ""meaning-3bf7963ee53c""]",10.0335,ruja~,hiMsAyAm,हिंसायाम् (hiṃsāyām),roji,The first nic is class-forming under 3.1.25 for this curadigana base; a true causative requires a later stacked-nic pass.,not_counted_class_forming_nic
causative,"[""10.0336"", ""meaning-c1e1d650336a""]",10.0336,zvada~,AsvAdane,आस्वादने (āsvādane),svAdi,The first nic is class-forming under 3.1.25 for this curadigana base; a true causative requires a later stacked-nic pass.,not_counted_class_forming_nic
causative,"[""10.0337"", ""meaning-c1e1d650336a""]",10.0337,svAda~,AsvAdane,आस्वादने (āsvādane),svAdi,The first nic is class-forming under 3.1.25 for this curadigana base; a true causative requires a later stacked-nic pass.,not_counted_class_forming_nic
causative,"[""10.0338"", ""meaning-b73be7b5e74a""]",10.0338,yu\ja~,saMyamane,संयमने (saṃyamane),yoji,The first nic is class-forming under 3.1.25 for this curadigana base; a true causative requires a later stacked-nic pass.,not_counted_class_forming_nic
causative,"[""10.0339"", ""meaning-b73be7b5e74a""]",10.0339,pfca~,saMyamane,संयमने (saṃyamane),parci,The first nic is class-forming under 3.1.25 for this curadigana base; a true causative requires a later stacked-nic pass.,not_counted_class_forming_nic
causative,"[""10.0341"", ""meaning-9a9f74cc2daf""]",10.0341,zaha~,marzaRe,मर्षणे (marṣaṇe),sAhi,The first nic is class-forming under 3.1.25 for this curadigana base; a true causative requires a later stacked-nic pass.,not_counted_class_forming_nic
causative,"[""10.0342"", ""meaning-029b9634ef9c""]",10.0342,Ira~,kzepe,क्षेपे (kṣepe),Iri,The first nic is class-forming under 3.1.25 for this curadigana base; a true causative requires a later stacked-nic pass.,not_counted_class_forming_nic
causative,"[""10.0343"", ""meaning-cfcfa2ee31b2""]",10.0343,lI,dravIkaraRe,द्रवीकरणे (dravīkaraṇe),lAyi,The first nic is class-forming under 3.1.25 for this curadigana base; a true causative requires a later stacked-nic pass.,not_counted_class_forming_nic
causative,"[""10.0345"", ""meaning-75e1514440b6""]",10.0345,vfY,AvaraRe,आवरणे (āvaraṇe),vAri,The first nic is class-forming under 3.1.25 for this curadigana base; a true causative requires a later stacked-nic pass.,not_counted_class_forming_nic
causative,"[""10.0347"", ""meaning-f4f871269354""]",10.0347,jri\,vayohAnO,वयोहानौ (vayohānau),jrAyi,The first nic is class-forming under 3.1.25 for this curadigana base; a true causative requires a later stacked-nic pass.,not_counted_class_forming_nic
causative,"[""10.0348"", ""meaning-16660739c5e3""]",10.0348,ri\ca~,samparcane,सम्पर्चने (samparcane),reci,The first nic is class-forming under 3.1.25 for this curadigana base; a true causative requires a later stacked-nic pass.,not_counted_class_forming_nic
causative,"[""10.0348"", ""meaning-609b3ec3e5cc""]",10.0348,ri\ca~,viyojane,वियोजने (viyojane),reci,The first nic is class-forming under 3.1.25 for this curadigana base; a true causative requires a later stacked-nic pass.,not_counted_class_forming_nic
causative,"[""10.0349"", ""meaning-769d84391cbc""]",10.0349,Si\za~,asarvopayoge,असर्वोपयोगे (asarvopayoge),Sezi,The first nic is class-forming under 3.1.25 for this curadigana base; a true causative requires a later stacked-nic pass.,not_counted_class_forming_nic
causative,"[""10.0350"", ""meaning-bd0d14a06dd9""]",10.0350,ta\pa~,dAhe,दाहे (dāhe),tApi,The first nic is class-forming under 3.1.25 for this curadigana base; a true causative requires a later stacked-nic pass.,not_counted_class_forming_nic
causative,"[""10.0351"", ""meaning-423c54f111b8""]",10.0351,tfpa~,sandIpane,सन्दीपने (sandīpane),tarpi,The first nic is class-forming under 3.1.25 for this curadigana base; a true causative requires a later stacked-nic pass.,not_counted_class_forming_nic
causative,"[""10.0351"", ""meaning-6aee88eda8c6""]",10.0351,tfpa~,prIRane,प्रीणने (prīṇane),tarpi,The first nic is class-forming under 3.1.25 for this curadigana base; a true causative requires a later stacked-nic pass.,not_counted_class_forming_nic
causative,"[""10.0352"", ""meaning-423c54f111b8""]",10.0352,CfdI~,sandIpane,सन्दीपने (sandīpane),Cardi,The first nic is class-forming under 3.1.25 for this curadigana base; a true causative requires a later stacked-nic pass.,not_counted_class_forming_nic
causative,"[""10.0353"", ""meaning-423c54f111b8""]",10.0353,cfpa~,sandIpane,सन्दीपने (sandīpane),carpi,The first nic is class-forming under 3.1.25 for this curadigana base; a true causative requires a later stacked-nic pass.,not_counted_class_forming_nic
causative,"[""10.0354"", ""meaning-423c54f111b8""]",10.0354,Cfpa~,sandIpane,सन्दीपने (sandīpane),Carpi,The first nic is class-forming under 3.1.25 for this curadigana base; a true causative requires a later stacked-nic pass.,not_counted_class_forming_nic
causative,"[""10.0355"", ""meaning-423c54f111b8""]",10.0355,tfpa~,sandIpane,सन्दीपने (sandīpane),tarpi,The first nic is class-forming under 3.1.25 for this curadigana base; a true causative requires a later stacked-nic pass.,not_counted_class_forming_nic
causative,"[""10.0356"", ""meaning-423c54f111b8""]",10.0356,dfpa~,sandIpane,सन्दीपने (sandīpane),darpi,The first nic is class-forming under 3.1.25 for this curadigana base; a true causative requires a later stacked-nic pass.,not_counted_class_forming_nic
causative,"[""10.0357"", ""meaning-9d2ac4ce5ff0""]",10.0357,dfBI~,Baye,भये (bhaye),darBi,The first nic is class-forming under 3.1.25 for this curadigana base; a true causative requires a later stacked-nic pass.,not_counted_class_forming_nic
causative,"[""10.0358"", ""meaning-9aa28e66196f""]",10.0358,dfBa~,sandarBe,सन्दर्भे (sandarbhe),darBi,The first nic is class-forming under 3.1.25 for this curadigana base; a true causative requires a later stacked-nic pass.,not_counted_class_forming_nic
causative,"[""10.0359"", ""meaning-ea0ca4b6a28b""]",10.0359,lawa~,BAzAyAm,भाषायाम् (bhāṣāyām),lAwi,The first nic is class-forming under 3.1.25 for this curadigana base; a true causative requires a later stacked-nic pass.,not_counted_class_forming_nic
causative,"[""10.0360"", ""meaning-71acb423bc7c""]",10.0360,SraTa~,hiMsAyAM,हिंसायां (hiṃsāyāṃ),SrATi,The first nic is class-forming under 3.1.25 for this curadigana base; a true causative requires a later stacked-nic pass.,not_counted_class_forming_nic
causative,"[""10.0360"", ""meaning-e6c1f69b634c""]",10.0360,SraTa~,mokzaRe,मोक्षणे (mokṣaṇe),SrATi,The first nic is class-forming under 3.1.25 for this curadigana base; a true causative requires a later stacked-nic pass.,not_counted_class_forming_nic
causative,"[""10.0361"", ""meaning-5fa3d59b62c4""]",10.0361,mI\,gatO,गतौ (gatau),mAyi,The first nic is class-forming under 3.1.25 for this curadigana base; a true causative requires a later stacked-nic pass.,not_counted_class_forming_nic
causative,"[""10.0363"", ""meaning-7e9fb005cd19""]",10.0363,SIka~,AmarzaRe,आमर्षणे (āmarṣaṇe),SIki,The first nic is class-forming under 3.1.25 for this curadigana base; a true causative requires a later stacked-nic pass.,not_counted_class_forming_nic
causative,"[""10.0364"", ""meaning-7e9fb005cd19""]",10.0364,cIka~,AmarzaRe,आमर्षणे (āmarṣaṇe),cIki,The first nic is class-forming under 3.1.25 for this curadigana base; a true causative requires a later stacked-nic pass.,not_counted_class_forming_nic
causative,"[""10.0365"", ""meaning-3bf7963ee53c""]",10.0365,arda~^,hiMsAyAm,हिंसायाम् (hiṃsāyām),ardi,The first nic is class-forming under 3.1.25 for this curadigana base; a true causative requires a later stacked-nic pass.,not_counted_class_forming_nic
causative,"[""10.0367"", ""meaning-a8644e0580a4""]",10.0367,arha~,pUjAyAm,पूजायाम् (pūjāyām),arhi,The first nic is class-forming under 3.1.25 for this curadigana base; a true causative requires a later stacked-nic pass.,not_counted_class_forming_nic
causative,"[""10.0368"", ""meaning-5fa3d59b62c4""]",10.0368,za\da~,gatO,गतौ (gatau),AsAdi,The first nic is class-forming under 3.1.25 for this curadigana base; a true causative requires a later stacked-nic pass.,not_counted_class_forming_nic
causative,"[""10.0369"", ""meaning-37bf2b36570a""]",10.0369,SunDa~,SOcakarmaRi,शौचकर्मणि (śaucakarmaṇi),SunDi,The first nic is class-forming under 3.1.25 for this curadigana base; a true causative requires a later stacked-nic pass.,not_counted_class_forming_nic
causative,"[""10.0370"", ""meaning-456b48da5b7f""]",10.0370,Cada~,apavAraRe,अपवारणे (apavāraṇe),CAdi,The first nic is class-forming under 3.1.25 for this curadigana base; a true causative requires a later stacked-nic pass.,not_counted_class_forming_nic
causative,"[""10.0371"", ""meaning-8aa2d8befdbd""]",10.0371,juza~,paritarpaRe,परितर्पणे (paritarpaṇe),jozi,The first nic is class-forming under 3.1.25 for this curadigana base; a true causative requires a later stacked-nic pass.,not_counted_class_forming_nic
causative,"[""10.0371"", ""meaning-c173e33f8057""]",10.0371,juza~,paritarkaRe,परितर्कणे (paritarkaṇe),jozi,The first nic is class-forming under 3.1.25 for this curadigana base; a true causative requires a later stacked-nic pass.,not_counted_class_forming_nic
causative,"[""10.0373"", ""meaning-7ba414f5e3c0""]",10.0373,prIY,kAntO,कान्तौ (kāntau),prAyi;prIRi,The first nic is class-forming under 3.1.25 for this curadigana base; a true causative requires a later stacked-nic pass.,not_counted_class_forming_nic
causative,"[""10.0373"", ""meaning-f4e1fb6b01ff""]",10.0373,prIY,tarpaRe,तर्पणे (tarpaṇe),prAyi;prIRi,The first nic is class-forming under 3.1.25 for this curadigana base; a true causative requires a later stacked-nic pass.,not_counted_class_forming_nic
causative,"[""10.0376"", ""meaning-d82c7cb8502c""]",10.0376,Apx~,lamBane,लम्भने (lambhane),Api,The first nic is class-forming under 3.1.25 for this curadigana base; a true causative requires a later stacked-nic pass.,not_counted_class_forming_nic
causative,"[""10.0377"", ""meaning-0296b1b2fc41""]",10.0377,tanu~,upakaraRe,उपकरणे (upakaraṇe),tAni,The first nic is class-forming under 3.1.25 for this curadigana base; a true causative requires a later stacked-nic pass.,not_counted_class_forming_nic
causative,"[""10.0377"", ""meaning-fa515f1aec01""]",10.0377,tanu~,SradDAyAm,श्रद्धायाम् (śraddhāyām),tAni,The first nic is class-forming under 3.1.25 for this curadigana base; a true causative requires a later stacked-nic pass.,not_counted_class_forming_nic
causative,"[""10.0378"", ""meaning-06206738193e""]",10.0378,cana~,upahanane,उपहनने (upahanane),cAni,The first nic is class-forming under 3.1.25 for this curadigana base; a true causative requires a later stacked-nic pass.,not_counted_class_forming_nic
causative,"[""10.0378"", ""meaning-fa515f1aec01""]",10.0378,cana~,SradDAyAm,श्रद्धायाम् (śraddhāyām),cAni,The first nic is class-forming under 3.1.25 for this curadigana base; a true causative requires a later stacked-nic pass.,not_counted_class_forming_nic
causative,"[""10.0379"", ""meaning-6780f41decac""]",10.0379,vada~^,sandeSavacane,सन्देशवचने (sandeśavacane),vAdi,The first nic is class-forming under 3.1.25 for this curadigana base; a true causative requires a later stacked-nic pass.,not_counted_class_forming_nic
causative,"[""10.0381"", ""meaning-a8644e0580a4""]",10.0381,mAna~,pUjAyAm,पूजायाम् (pūjāyām),mAni,The first nic is class-forming under 3.1.25 for this curadigana base; a true causative requires a later stacked-nic pass.,not_counted_class_forming_nic
causative,"[""10.0382"", ""meaning-8623ae1c435c""]",10.0382,BU,prAptO,प्राप्तौ (prāptau),BAvi,The first nic is class-forming under 3.1.25 for this curadigana base; a true causative requires a later stacked-nic pass.,not_counted_class_forming_nic
causative,"[""10.0383"", ""meaning-585e89218f8f""]",10.0383,garha~,vinindane,विनिन्दने (vinindane),garhi,The first nic is class-forming under 3.1.25 for this curadigana base; a true causative requires a later stacked-nic pass.,not_counted_class_forming_nic
causative,"[""10.0384"", ""meaning-377dc9a3857c""]",10.0384,mArga~,anvezaRe,अन्वेषणे (anveṣaṇe),mArgi,The first nic is class-forming under 3.1.25 for this curadigana base; a true causative requires a later stacked-nic pass.,not_counted_class_forming_nic
causative,"[""10.0385"", ""meaning-3cfd754b3668""]",10.0385,kaWi~,Soke,शोके (śoke),kaRWi,The first nic is class-forming under 3.1.25 for this curadigana base; a true causative requires a later stacked-nic pass.,not_counted_class_forming_nic
causative,"[""10.0386"", ""meaning-6f44f5f69133""]",10.0386,mfjU~,alaNkAre,अलङ्कारे (alaṅkāre),mArji,The first nic is class-forming under 3.1.25 for this curadigana base; a true causative requires a later stacked-nic pass.,not_counted_class_forming_nic
causative,"[""10.0388"", ""meaning-44d18687435d""]",10.0388,Dfza~,prasahane,प्रसहने (prasahane),Darzi,The first nic is class-forming under 3.1.25 for this curadigana base; a true causative requires a later stacked-nic pass.,not_counted_class_forming_nic
causative,"[""10.0389"", ""meaning-3d227f7ef282""]",10.0389,kaTa,vAkyaprabanDe,वाक्यप्रबन्धे (vākyaprabandhe),kaTi,The first nic is class-forming under 3.1.25 for this curadigana base; a true causative requires a later stacked-nic pass.,not_counted_class_forming_nic
causative,"[""10.0390"", ""meaning-80dbd5e0e060""]",10.0390,vara,IpsAyAm,ईप्सायाम् (īpsāyām),vari,The first nic is class-forming under 3.1.25 for this curadigana base; a true causative requires a later stacked-nic pass.,not_counted_class_forming_nic
causative,"[""10.0391"", ""meaning-40fb4852c7e6""]",10.0391,gaRa,saNKyAne,सङ्ख्याने (saṅkhyāne),gaRi,The first nic is class-forming under 3.1.25 for this curadigana base; a true causative requires a later stacked-nic pass.,not_counted_class_forming_nic
causative,"[""10.0392"", ""meaning-0beca42a06a6""]",10.0392,SaWa,samyagavaBAzaRe,सम्यगवभाषणे (samyagavabhāṣaṇe),SaWi,The first nic is class-forming under 3.1.25 for this curadigana base; a true causative requires a later stacked-nic pass.,not_counted_class_forming_nic
causative,"[""10.0393"", ""meaning-0beca42a06a6""]",10.0393,SvaWa,samyagavaBAzaRe,सम्यगवभाषणे (samyagavabhāṣaṇe),SvaWi,The first nic is class-forming under 3.1.25 for this curadigana base; a true causative requires a later stacked-nic pass.,not_counted_class_forming_nic
causative,"[""10.0394"", ""meaning-8d05d3af63ff""]",10.0394,paWa,vezwane,वेष्टने (veṣṭane),paWi,The first nic is class-forming under 3.1.25 for this curadigana base; a true causative requires a later stacked-nic pass.,not_counted_class_forming_nic
causative,"[""10.0394"", ""meaning-b687ba9bbadc""]",10.0394,paWa,granTe,ग्रन्थे (granthe),paWi,The first nic is class-forming under 3.1.25 for this curadigana base; a true causative requires a later stacked-nic pass.,not_counted_class_forming_nic
causative,"[""10.0395"", ""meaning-b687ba9bbadc""]",10.0395,vaWa,granTe,ग्रन्थे (granthe),vaWi,The first nic is class-forming under 3.1.25 for this curadigana base; a true causative requires a later stacked-nic pass.,not_counted_class_forming_nic
causative,"[""10.0396"", ""meaning-7c4ba67b4987""]",10.0396,raha,tyAge,त्यागे (tyāge),rahi,The first nic is class-forming under 3.1.25 for this curadigana base; a true causative requires a later stacked-nic pass.,not_counted_class_forming_nic
causative,"[""10.0397"", ""meaning-5fa3d59b62c4""]",10.0397,raNga~,gatO,गतौ (gatau),raNgi,The first nic is class-forming under 3.1.25 for this curadigana base; a true causative requires a later stacked-nic pass.,not_counted_class_forming_nic
causative,"[""10.0398"", ""meaning-4ca67caaf1fa""]",10.0398,stana,devaSabde,देवशब्दे (devaśabde),stani,The first nic is class-forming under 3.1.25 for this curadigana base; a true causative requires a later stacked-nic pass.,not_counted_class_forming_nic
causative,"[""10.0399"", ""meaning-4ca67caaf1fa""]",10.0399,gada,devaSabde,देवशब्दे (devaśabde),gadi,The first nic is class-forming under 3.1.25 for this curadigana base; a true causative requires a later stacked-nic pass.,not_counted_class_forming_nic
causative,"[""10.0400"", ""meaning-5fa3d59b62c4""]",10.0400,pata,gatO,गतौ (gatau),pAti;pati,The first nic is class-forming under 3.1.25 for this curadigana base; a true causative requires a later stacked-nic pass.,not_counted_class_forming_nic
causative,"[""10.0401"", ""meaning-5fa3d59b62c4""]",10.0401,paza,gatO,गतौ (gatau),pazi,The first nic is class-forming under 3.1.25 for this curadigana base; a true causative requires a later stacked-nic pass.,not_counted_class_forming_nic
causative,"[""10.0402"", ""meaning-4258b7ef0143""]",10.0402,svara,Akzepe,आक्षेपे (ākṣepe),svari,The first nic is class-forming under 3.1.25 for this curadigana base; a true causative requires a later stacked-nic pass.,not_counted_class_forming_nic
causative,"[""10.0403"", ""meaning-266df56f138b""]",10.0403,raca,pratiyatne,प्रतियत्ने (pratiyatne),raci,The first nic is class-forming under 3.1.25 for this curadigana base; a true causative requires a later stacked-nic pass.,not_counted_class_forming_nic
causative,"[""10.0404"", ""meaning-40fb4852c7e6""]",10.0404,kala,saNKyAne,सङ्ख्याने (saṅkhyāne),kali,The first nic is class-forming under 3.1.25 for this curadigana base; a true causative requires a later stacked-nic pass.,not_counted_class_forming_nic
causative,"[""10.0404"", ""meaning-5fa3d59b62c4""]",10.0404,kala,gatO,गतौ (gatau),kali,The first nic is class-forming under 3.1.25 for this curadigana base; a true causative requires a later stacked-nic pass.,not_counted_class_forming_nic
causative,"[""10.0405"", ""meaning-be5b199a79af""]",10.0405,caha,parikalkane,परिकल्कने (parikalkane),cahi,The first nic is class-forming under 3.1.25 for this curadigana base; a true causative requires a later stacked-nic pass.,not_counted_class_forming_nic
causative,"[""10.0406"", ""meaning-a8644e0580a4""]",10.0406,maha,pUjAyAm,पूजायाम् (pūjāyām),mahi,The first nic is class-forming under 3.1.25 for this curadigana base; a true causative requires a later stacked-nic pass.,not_counted_class_forming_nic
causative,"[""10.0407"", ""meaning-26c2ff3c1448""]",10.0407,sAra,dOrbalye,दौर्बल्ये (daurbalye),sAri,The first nic is class-forming under 3.1.25 for this curadigana base; a true causative requires a later stacked-nic pass.,not_counted_class_forming_nic
causative,"[""10.0408"", ""meaning-26c2ff3c1448""]",10.0408,kfpa,dOrbalye,दौर्बल्ये (daurbalye),kfpi,The first nic is class-forming under 3.1.25 for this curadigana base; a true causative requires a later stacked-nic pass.,not_counted_class_forming_nic
causative,"[""10.0409"", ""meaning-26c2ff3c1448""]",10.0409,SraTa,dOrbalye,दौर्बल्ये (daurbalye),SraTi,The first nic is class-forming under 3.1.25 for this curadigana base; a true causative requires a later stacked-nic pass.,not_counted_class_forming_nic
causative,"[""10.0410"", ""meaning-80dbd5e0e060""]",10.0410,spfha,IpsAyAm,ईप्सायाम् (īpsāyām),spfhi,The first nic is class-forming under 3.1.25 for this curadigana base; a true causative requires a later stacked-nic pass.,not_counted_class_forming_nic
causative,"[""10.0411"", ""meaning-8c45333a5370""]",10.0411,BAma,kroDe,क्रोधे (krodhe),BAmi,The first nic is class-forming under 3.1.25 for this curadigana base; a true causative requires a later stacked-nic pass.,not_counted_class_forming_nic
causative,"[""10.0412"", ""meaning-565d07220b44""]",10.0412,sUca,pESunye,पैशुन्ये (paiśunye),sUci,The first nic is class-forming under 3.1.25 for this curadigana base; a true causative requires a later stacked-nic pass.,not_counted_class_forming_nic
causative,"[""10.0413"", ""meaning-943364736a74""]",10.0413,Kewa,BakzaRe,भक्षणे (bhakṣaṇe),Kewi,The first nic is class-forming under 3.1.25 for this curadigana base; a true causative requires a later stacked-nic pass.,not_counted_class_forming_nic
causative,"[""10.0414"", ""meaning-943364736a74""]",10.0414,Keqa~,BakzaRe,भक्षणे (bhakṣaṇe),Keqi,The first nic is class-forming under 3.1.25 for this curadigana base; a true causative requires a later stacked-nic pass.,not_counted_class_forming_nic
causative,"[""10.0415"", ""meaning-943364736a74""]",10.0415,Kowa,BakzaRe,भक्षणे (bhakṣaṇe),Kowi,The first nic is class-forming under 3.1.25 for this curadigana base; a true causative requires a later stacked-nic pass.,not_counted_class_forming_nic
causative,"[""10.0416"", ""meaning-029b9634ef9c""]",10.0416,kzowa,kzepe,क्षेपे (kṣepe),kzowi,The first nic is class-forming under 3.1.25 for this curadigana base; a true causative requires a later stacked-nic pass.,not_counted_class_forming_nic
causative,"[""10.0417"", ""meaning-4e22e1ca3b1f""]",10.0417,goma,upalepane,उपलेपने (upalepane),gomi,The first nic is class-forming under 3.1.25 for this curadigana base; a true causative requires a later stacked-nic pass.,not_counted_class_forming_nic
causative,"[""10.0418"", ""meaning-82f93da02a9e""]",10.0418,kumAra,krIqAyAm,क्रीडायाम् (krīḍāyām),kumAri,The first nic is class-forming under 3.1.25 for this curadigana base; a true causative requires a later stacked-nic pass.,not_counted_class_forming_nic
causative,"[""10.0419"", ""meaning-8da8159c068f""]",10.0419,SIla,upaDAraRe,उपधारणे (upadhāraṇe),SIli,The first nic is class-forming under 3.1.25 for this curadigana base; a true causative requires a later stacked-nic pass.,not_counted_class_forming_nic
causative,"[""10.0420"", ""meaning-9f2059f3a709""]",10.0420,sAma,sAntvaprayoge,सान्त्वप्रयोगे (sāntvaprayoge),sAmi,The first nic is class-forming under 3.1.25 for this curadigana base; a true causative requires a later stacked-nic pass.,not_counted_class_forming_nic
causative,"[""10.0421"", ""meaning-23977a02043c""]",10.0421,vela,kAlopadeSe,कालोपदेशे (kālopadeśe),veli,The first nic is class-forming under 3.1.25 for this curadigana base; a true causative requires a later stacked-nic pass.,not_counted_class_forming_nic
causative,"[""10.0422"", ""meaning-23977a02043c""]",10.0422,kAla,kAlopadeSe,कालोपदेशे (kālopadeśe),kAli,The first nic is class-forming under 3.1.25 for this curadigana base; a true causative requires a later stacked-nic pass.,not_counted_class_forming_nic
causative,"[""10.0423"", ""meaning-293bd91852a3""]",10.0423,palpUla,lavane,लवने (lavane),palpUli,The first nic is class-forming under 3.1.25 for this curadigana base; a true causative requires a later stacked-nic pass.,not_counted_class_forming_nic
causative,"[""10.0423"", ""meaning-a18deec65001""]",10.0423,palpUla,vapane,वपने (vapane),palpUli,The first nic is class-forming under 3.1.25 for this curadigana base; a true causative requires a later stacked-nic pass.,not_counted_class_forming_nic
causative,"[""10.0424"", ""meaning-361d9b94e80f""]",10.0424,vAta,suKe,सुखे (sukhe),vAti,The first nic is class-forming under 3.1.25 for this curadigana base; a true causative requires a later stacked-nic pass.,not_counted_class_forming_nic
causative,"[""10.0424"", ""meaning-b802243c84a6""]",10.0424,vAta,sevane,सेवने (sevane),vAti,The first nic is class-forming under 3.1.25 for this curadigana base; a true causative requires a later stacked-nic pass.,not_counted_class_forming_nic
causative,"[""10.0425"", ""meaning-754cec1e9866""]",10.0425,gaveza,mArgaRe,मार्गणे (mārgaṇe),gavezi,The first nic is class-forming under 3.1.25 for this curadigana base; a true causative requires a later stacked-nic pass.,not_counted_class_forming_nic
causative,"[""10.0426"", ""meaning-e70f6bac7ede""]",10.0426,vAsa,upasevAyAm,उपसेवायाम् (upasevāyām),vAsi,The first nic is class-forming under 3.1.25 for this curadigana base; a true causative requires a later stacked-nic pass.,not_counted_class_forming_nic
causative,"[""10.0427"", ""meaning-abda6f362365""]",10.0427,nivAsa,AcCAdane,आच्छादने (ācchādane),nivAsi,The first nic is class-forming under 3.1.25 for this curadigana base; a true causative requires a later stacked-nic pass.,not_counted_class_forming_nic
causative,"[""10.0428"", ""meaning-de2d1b627111""]",10.0428,BAja,pfTakkarmaRi,पृथक्कर्मणि (pṛthakkarmaṇi),BAji,The first nic is class-forming under 3.1.25 for this curadigana base; a true causative requires a later stacked-nic pass.,not_counted_class_forming_nic
causative,"[""10.0429"", ""meaning-5042ee4bdbe7""]",10.0429,saBAja,darSane,दर्शने (darśane),saBAji,The first nic is class-forming under 3.1.25 for this curadigana base; a true causative requires a later stacked-nic pass.,not_counted_class_forming_nic
causative,"[""10.0429"", ""meaning-8fbcbfeedd5e""]",10.0429,saBAja,prItO,प्रीतौ (prītau),saBAji,The first nic is class-forming under 3.1.25 for this curadigana base; a true causative requires a later stacked-nic pass.,not_counted_class_forming_nic
causative,"[""10.0429"", ""meaning-b802243c84a6""]",10.0429,saBAja,sevane,सेवने (sevane),saBAji,The first nic is class-forming under 3.1.25 for this curadigana base; a true causative requires a later stacked-nic pass.,not_counted_class_forming_nic
causative,"[""10.0430"", ""meaning-1cf93e50fb68""]",10.0430,Una,parihARe,परिहाणे (parihāṇe),Uni,The first nic is class-forming under 3.1.25 for this curadigana base; a true causative requires a later stacked-nic pass.,not_counted_class_forming_nic
causative,"[""10.0431"", ""meaning-2dcb1894fd9b""]",10.0431,Dvana,Sabde,शब्दे (śabde),Dvani,The first nic is class-forming under 3.1.25 for this curadigana base; a true causative requires a later stacked-nic pass.,not_counted_class_forming_nic
causative,"[""10.0432"", ""meaning-aebd0560f239""]",10.0432,kUwa,paritApe,परितापे (paritāpe),kUwi,The first nic is class-forming under 3.1.25 for this curadigana base; a true causative requires a later stacked-nic pass.,not_counted_class_forming_nic
causative,"[""10.0432"", ""meaning-e8ecfd14a63f""]",10.0432,kUwa,paridAhe,परिदाहे (paridāhe),kUwi,The first nic is class-forming under 3.1.25 for this curadigana base; a true causative requires a later stacked-nic pass.,not_counted_class_forming_nic
causative,"[""10.0433"", ""meaning-375c830e29cb""]",10.0433,sanketa,AmantraRe,आमन्त्रणे (āmantraṇe),saNketi,The first nic is class-forming under 3.1.25 for this curadigana base; a true causative requires a later stacked-nic pass.,not_counted_class_forming_nic
causative,"[""10.0434"", ""meaning-375c830e29cb""]",10.0434,grAma,AmantraRe,आमन्त्रणे (āmantraṇe),grAmi,The first nic is class-forming under 3.1.25 for this curadigana base; a true causative requires a later stacked-nic pass.,not_counted_class_forming_nic
causative,"[""10.0435"", ""meaning-375c830e29cb""]",10.0435,kuRa,AmantraRe,आमन्त्रणे (āmantraṇe),kuRi,The first nic is class-forming under 3.1.25 for this curadigana base; a true causative requires a later stacked-nic pass.,not_counted_class_forming_nic
causative,"[""10.0436"", ""meaning-375c830e29cb""]",10.0436,guRa,AmantraRe,आमन्त्रणे (āmantraṇe),guRi,The first nic is class-forming under 3.1.25 for this curadigana base; a true causative requires a later stacked-nic pass.,not_counted_class_forming_nic
causative,"[""10.0437"", ""meaning-05ab36b55aa3""]",10.0437,keta,SrAvaRe,श्रावणे (śrāvaṇe),keti,The first nic is class-forming under 3.1.25 for this curadigana base; a true causative requires a later stacked-nic pass.,not_counted_class_forming_nic
causative,"[""10.0437"", ""meaning-375c830e29cb""]",10.0437,keta,AmantraRe,आमन्त्रणे (āmantraṇe),keti,The first nic is class-forming under 3.1.25 for this curadigana base; a true causative requires a later stacked-nic pass.,not_counted_class_forming_nic
causative,"[""10.0438"", ""meaning-00f1d7412e01""]",10.0438,kURa~,saNkocane,सङ्कोचने (saṅkocane),kURi,The first nic is class-forming under 3.1.25 for this curadigana base; a true causative requires a later stacked-nic pass.,not_counted_class_forming_nic
causative,"[""10.0439"", ""meaning-c9f31f914c6a""]",10.0439,stena,cOrye,चौर्ये (caurye),steni,The first nic is class-forming under 3.1.25 for this curadigana base; a true causative requires a later stacked-nic pass.,not_counted_class_forming_nic
causative,"[""10.0440"", ""meaning-5fa3d59b62c4""]",10.0440,pada,gatO,गतौ (gatau),padi,The first nic is class-forming under 3.1.25 for this curadigana base; a true causative requires a later stacked-nic pass.,not_counted_class_forming_nic
causative,"[""10.0441"", ""meaning-28f6ffe94fb0""]",10.0441,gfha,grahaRe,ग्रहणे (grahaṇe),gfhi,The first nic is class-forming under 3.1.25 for this curadigana base; a true causative requires a later stacked-nic pass.,not_counted_class_forming_nic
causative,"[""10.0442"", ""meaning-377dc9a3857c""]",10.0442,mfga,anvezaRe,अन्वेषणे (anveṣaṇe),mfgi,The first nic is class-forming under 3.1.25 for this curadigana base; a true causative requires a later stacked-nic pass.,not_counted_class_forming_nic
causative,"[""10.0443"", ""meaning-66f699b72aec""]",10.0443,kuha,vismApane,विस्मापने (vismāpane),kuhi,The first nic is class-forming under 3.1.25 for this curadigana base; a true causative requires a later stacked-nic pass.,not_counted_class_forming_nic
causative,"[""10.0444"", ""meaning-ccbc7393bcd1""]",10.0444,SUra,vikrAntO,विक्रान्तौ (vikrāntau),SUri,The first nic is class-forming under 3.1.25 for this curadigana base; a true causative requires a later stacked-nic pass.,not_counted_class_forming_nic
causative,"[""10.0445"", ""meaning-ccbc7393bcd1""]",10.0445,vIra,vikrAntO,विक्रान्तौ (vikrāntau),vIri,The first nic is class-forming under 3.1.25 for this curadigana base; a true causative requires a later stacked-nic pass.,not_counted_class_forming_nic
causative,"[""10.0446"", ""meaning-9ef4b80672ea""]",10.0446,sTUla,paribfhaRe,परिबृहणे (paribṛhaṇe),sTUli,The first nic is class-forming under 3.1.25 for this curadigana base; a true causative requires a later stacked-nic pass.,not_counted_class_forming_nic
causative,"[""10.0447"", ""meaning-1539fda05cdc""]",10.0447,arTa,upayAcYAyAm,उपयाच्ञायाम् (upayācñāyām),arTi,The first nic is class-forming under 3.1.25 for this curadigana base; a true causative requires a later stacked-nic pass.,not_counted_class_forming_nic
causative,"[""10.0448"", ""meaning-7247b9269428""]",10.0448,satra,santAnakriyAyAm,सन्तानक्रियायाम् (santānakriyāyām),satri,The first nic is class-forming under 3.1.25 for this curadigana base; a true causative requires a later stacked-nic pass.,not_counted_class_forming_nic
causative,"[""10.0449"", ""meaning-8b8700ed2466""]",10.0449,garva,mAne,माने (māne),garvi,The first nic is class-forming under 3.1.25 for this curadigana base; a true causative requires a later stacked-nic pass.,not_counted_class_forming_nic
causative,"[""10.0450"", ""meaning-8d05d3af63ff""]",10.0450,sUtra,vezwane,वेष्टने (veṣṭane),sUtri,The first nic is class-forming under 3.1.25 for this curadigana base; a true causative requires a later stacked-nic pass.,not_counted_class_forming_nic
causative,"[""10.0450"", ""meaning-9c0253acf8c6""]",10.0450,sUtra,vimocane,विमोचने (vimocane),sUtri,The first nic is class-forming under 3.1.25 for this curadigana base; a true causative requires a later stacked-nic pass.,not_counted_class_forming_nic
causative,"[""10.0450"", ""meaning-d80fd69de7af""]",10.0450,sUtra,granTane,ग्रन्थने (granthane),sUtri,The first nic is class-forming under 3.1.25 for this curadigana base; a true causative requires a later stacked-nic pass.,not_counted_class_forming_nic
causative,"[""10.0451"", ""meaning-7f40d6a1ba16""]",10.0451,mUtra,prasravaRe,प्रस्रवणे (prasravaṇe),mUtri,The first nic is class-forming under 3.1.25 for this curadigana base; a true causative requires a later stacked-nic pass.,not_counted_class_forming_nic
causative,"[""10.0452"", ""meaning-814a68cdac65""]",10.0452,rUkza,pAruzye,पारुष्ये (pāruṣye),rUkzi,The first nic is class-forming under 3.1.25 for this curadigana base; a true causative requires a later stacked-nic pass.,not_counted_class_forming_nic
causative,"[""10.0453"", ""meaning-cec19e58bd1a""]",10.0453,pAra,karmasamAptO,कर्मसमाप्तौ (karmasamāptau),pAri,The first nic is class-forming under 3.1.25 for this curadigana base; a true causative requires a later stacked-nic pass.,not_counted_class_forming_nic
causative,"[""10.0454"", ""meaning-cec19e58bd1a""]",10.0454,tIra,karmasamAptO,कर्मसमाप्तौ (karmasamāptau),tIri,The first nic is class-forming under 3.1.25 for this curadigana base; a true causative requires a later stacked-nic pass.,not_counted_class_forming_nic
causative,"[""10.0455"", ""meaning-095018db5bb6""]",10.0455,puwa,saMsarge,संसर्गे (saṃsarge),puwi,The first nic is class-forming under 3.1.25 for this curadigana base; a true causative requires a later stacked-nic pass.,not_counted_class_forming_nic
causative,"[""10.0456"", ""meaning-148cd30ab525""]",10.0456,katra,SETilye,शैथिल्ये (śaithilye),katri,The first nic is class-forming under 3.1.25 for this curadigana base; a true causative requires a later stacked-nic pass.,not_counted_class_forming_nic
causative,"[""10.0457"", ""meaning-148cd30ab525""]",10.0457,karta~,SETilye,शैथिल्ये (śaithilye),karti,The first nic is class-forming under 3.1.25 for this curadigana base; a true causative requires a later stacked-nic pass.,not_counted_class_forming_nic
causative,"[""10.0458"", ""meaning-5042ee4bdbe7""]",10.0458,valka,darSane,दर्शने (darśane),valki,The first nic is class-forming under 3.1.25 for this curadigana base; a true causative requires a later stacked-nic pass.,not_counted_class_forming_nic
causative,"[""10.0459"", ""meaning-e4f08cdd86e6""]",10.0459,citra,citrIkaraRe,चित्रीकरणे (citrīkaraṇe),citri,The first nic is class-forming under 3.1.25 for this curadigana base; a true causative requires a later stacked-nic pass.,not_counted_class_forming_nic
causative,"[""10.0460"", ""meaning-4d2df59be516""]",10.0460,ansa,samAGAte,समाघाते (samāghāte),aMsi,The first nic is class-forming under 3.1.25 for this curadigana base; a true causative requires a later stacked-nic pass.,not_counted_class_forming_nic
causative,"[""10.0461"", ""meaning-9daa69aeb27e""]",10.0461,vawa,viBAjane,विभाजने (vibhājane),vawi,The first nic is class-forming under 3.1.25 for this curadigana base; a true causative requires a later stacked-nic pass.,not_counted_class_forming_nic
causative,"[""10.0463"", ""meaning-51c5f3f69cf6""]",10.0463,laja,prakASane,प्रकाशने (prakāśane),laji,The first nic is class-forming under 3.1.25 for this curadigana base; a true causative requires a later stacked-nic pass.,not_counted_class_forming_nic
causative,"[""10.0464"", ""meaning-51c5f3f69cf6""]",10.0464,vawi~,prakASane,प्रकाशने (prakāśane),vaRwi,The first nic is class-forming under 3.1.25 for this curadigana base; a true causative requires a later stacked-nic pass.,not_counted_class_forming_nic
causative,"[""10.0465"", ""meaning-51c5f3f69cf6""]",10.0465,laji~,prakASane,प्रकाशने (prakāśane),laYji,The first nic is class-forming under 3.1.25 for this curadigana base; a true causative requires a later stacked-nic pass.,not_counted_class_forming_nic
causative,"[""10.0466"", ""meaning-1e740bff9515""]",10.0466,miSra,samparke,सम्पर्के (samparke),miSri,The first nic is class-forming under 3.1.25 for this curadigana base; a true causative requires a later stacked-nic pass.,not_counted_class_forming_nic
causative,"[""10.0467"", ""meaning-cb8f3f842a8a""]",10.0467,sangrAma,yudDe,युद्धे (yuddhe),saNgrAmi,The first nic is class-forming under 3.1.25 for this curadigana base; a true causative requires a later stacked-nic pass.,not_counted_class_forming_nic
causative,"[""10.0468"", ""meaning-b00073dcdeb8""]",10.0468,stoma,SlAGAyAm,श्लाघायाम् (ślāghāyām),stomi,The first nic is class-forming under 3.1.25 for this curadigana base; a true causative requires a later stacked-nic pass.,not_counted_class_forming_nic
causative,"[""10.0469"", ""meaning-02d8bbaca932""]",10.0469,Cidra,karRaBedane,कर्णभेदने (karṇabhedane),Cidri,The first nic is class-forming under 3.1.25 for this curadigana base; a true causative requires a later stacked-nic pass.,not_counted_class_forming_nic
causative,"[""10.0470"", ""meaning-12d930b48839""]",10.0470,karRa~,Bedane,भेदने (bhedane),karRi,The first nic is class-forming under 3.1.25 for this curadigana base; a true causative requires a later stacked-nic pass.,not_counted_class_forming_nic
causative,"[""10.0471"", ""meaning-d3384a4fdfc9""]",10.0471,anDa,dfzwyupaGAte,दृष्ट्युपघाते (dṛṣṭyupaghāte),anDi,The first nic is class-forming under 3.1.25 for this curadigana base; a true causative requires a later stacked-nic pass.,not_counted_class_forming_nic
causative,"[""10.0472"", ""meaning-f3b765b4edd4""]",10.0472,danqa,daRqanipAte,दण्डनिपाते (daṇḍanipāte),daRqi,The first nic is class-forming under 3.1.25 for this curadigana base; a true causative requires a later stacked-nic pass.,not_counted_class_forming_nic
causative,"[""10.0473"", ""meaning-975c9f9c5b51""]",10.0473,anka,lakzaRe,लक्षणे (lakṣaṇe),aNki,The first nic is class-forming under 3.1.25 for this curadigana base; a true causative requires a later stacked-nic pass.,not_counted_class_forming_nic
causative,"[""10.0473"", ""meaning-9ef7816105a9""]",10.0473,anka,pade,पदे (pade),aNki,The first nic is class-forming under 3.1.25 for this curadigana base; a true causative requires a later stacked-nic pass.,not_counted_class_forming_nic
causative,"[""10.0474"", ""meaning-975c9f9c5b51""]",10.0474,anga,lakzaRe,लक्षणे (lakṣaṇe),aNgi,The first nic is class-forming under 3.1.25 for this curadigana base; a true causative requires a later stacked-nic pass.,not_counted_class_forming_nic
causative,"[""10.0474"", ""meaning-9ef7816105a9""]",10.0474,anga,pade,पदे (pade),aNgi,The first nic is class-forming under 3.1.25 for this curadigana base; a true causative requires a later stacked-nic pass.,not_counted_class_forming_nic
causative,"[""10.0475"", ""meaning-c078a7d5c7b1""]",10.0475,suKa,suKakriyAyAm,सुखक्रियायाम् (sukhakriyāyām),suKi,The first nic is class-forming under 3.1.25 for this curadigana base; a true causative requires a later stacked-nic pass.,not_counted_class_forming_nic
causative,"[""10.0476"", ""meaning-c2b948787e9c""]",10.0476,duHKa,duHKakriyAyAm,दुःखक्रियायाम् (duḥkhakriyāyām),duHKi,The first nic is class-forming under 3.1.25 for this curadigana base; a true causative requires a later stacked-nic pass.,not_counted_class_forming_nic
causative,"[""10.0477"", ""meaning-8c6231d20ac4""]",10.0477,rasa,snehane,स्नेहने (snehane),rasi,The first nic is class-forming under 3.1.25 for this curadigana base; a true causative requires a later stacked-nic pass.,not_counted_class_forming_nic
causative,"[""10.0477"", ""meaning-c1e1d650336a""]",10.0477,rasa,AsvAdane,आस्वादने (āsvādane),rasi,The first nic is class-forming under 3.1.25 for this curadigana base; a true causative requires a later stacked-nic pass.,not_counted_class_forming_nic
causative,"[""10.0478"", ""meaning-b5dcdd5aa6ce""]",10.0478,vyaya,vittasamutsarge,वित्तसमुत्सर्गे (vittasamutsarge),vyayi,The first nic is class-forming under 3.1.25 for this curadigana base; a true causative requires a later stacked-nic pass.,not_counted_class_forming_nic
causative,"[""10.0479"", ""meaning-0319540fb7b8""]",10.0479,rUpa,rUpakriyAyAm,रूपक्रियायाम् (rūpakriyāyām),rUpi,The first nic is class-forming under 3.1.25 for this curadigana base; a true causative requires a later stacked-nic pass.,not_counted_class_forming_nic
causative,"[""10.0480"", ""meaning-1908fa34250a""]",10.0480,Ceda,dvEDIkaraRe,द्वैधीकरणे (dvaidhīkaraṇe),Cedi,The first nic is class-forming under 3.1.25 for this curadigana base; a true causative requires a later stacked-nic pass.,not_counted_class_forming_nic
causative,"[""10.0481"", ""meaning-456b48da5b7f""]",10.0481,Cada,apavAraRe,अपवारणे (apavāraṇe),Cadi,The first nic is class-forming under 3.1.25 for this curadigana base; a true causative requires a later stacked-nic pass.,not_counted_class_forming_nic
causative,"[""10.0482"", ""meaning-556802d0e7f6""]",10.0482,lABa,preraRe,प्रेरणे (preraṇe),lABi,The first nic is class-forming under 3.1.25 for this curadigana base; a true causative requires a later stacked-nic pass.,not_counted_class_forming_nic
causative,"[""10.0483"", ""meaning-87b8005a2075""]",10.0483,vraRa,gAtravicUrRane,गात्रविचूर्णने (gātravicūrṇane),vraRi,The first nic is class-forming under 3.1.25 for this curadigana base; a true causative requires a later stacked-nic pass.,not_counted_class_forming_nic
causative,"[""10.0484"", ""meaning-1b2ff3bc375f""]",10.0484,varRa,varRakriyAyAm,वर्णक्रियायाम् (varṇakriyāyām),varRi,The first nic is class-forming under 3.1.25 for this curadigana base; a true causative requires a later stacked-nic pass.,not_counted_class_forming_nic
causative,"[""10.0484"", ""meaning-8d51499c0ccf""]",10.0484,varRa,vistAre,विस्तारे (vistāre),varRi,The first nic is class-forming under 3.1.25 for this curadigana base; a true causative requires a later stacked-nic pass.,not_counted_class_forming_nic
causative,"[""10.0484"", ""meaning-df048d311df0""]",10.0484,varRa,guRavacane,गुणवचने (guṇavacane),varRi,The first nic is class-forming under 3.1.25 for this curadigana base; a true causative requires a later stacked-nic pass.,not_counted_class_forming_nic
causative,"[""10.0485"", ""meaning-79a15719d64a""]",10.0485,parRa,haritaBAve,हरितभावे (haritabhāve),parRi,The first nic is class-forming under 3.1.25 for this curadigana base; a true causative requires a later stacked-nic pass.,not_counted_class_forming_nic
causative,"[""10.0486"", ""meaning-5042ee4bdbe7""]",10.0486,vizka,darSane,दर्शने (darśane),vizki,The first nic is class-forming under 3.1.25 for this curadigana base; a true causative requires a later stacked-nic pass.,not_counted_class_forming_nic
causative,"[""10.0487"", ""meaning-556802d0e7f6""]",10.0487,kzipa,preraRe,प्रेरणे (preraṇe),kzipi,The first nic is class-forming under 3.1.25 for this curadigana base; a true causative requires a later stacked-nic pass.,not_counted_class_forming_nic
causative,"[""10.0488"", ""meaning-693173100d63""]",10.0488,vasa,nivAse,निवासे (nivāse),vasi,The first nic is class-forming under 3.1.25 for this curadigana base; a true causative requires a later stacked-nic pass.,not_counted_class_forming_nic
causative,"[""10.0489"", ""meaning-75e1514440b6""]",10.0489,tutTa,AvaraRe,आवरणे (āvaraṇe),tutTi,The first nic is class-forming under 3.1.25 for this curadigana base; a true causative requires a later stacked-nic pass.,not_counted_class_forming_nic
causative,"[""10.0490"", ""meaning-293bd91852a3""]",10.0490,palyUla,lavane,लवने (lavane),palyUli,The first nic is class-forming under 3.1.25 for this curadigana base; a true causative requires a later stacked-nic pass.,not_counted_class_forming_nic
causative,"[""10.0490"", ""meaning-a18deec65001""]",10.0490,palyUla,vapane,वपने (vapane),palyUli,The first nic is class-forming under 3.1.25 for this curadigana base; a true causative requires a later stacked-nic pass.,not_counted_class_forming_nic
causative,"[""10.0491"", ""meaning-ea0ca4b6a28b""]",10.0491,ruWa~,BAzAyAm,भाषायाम् (bhāṣāyām),roWi,The first nic is class-forming under 3.1.25 for this curadigana base; a true causative requires a later stacked-nic pass.,not_counted_class_forming_nic
causative,"[""10.0492"", ""meaning-5042ee4bdbe7""]",10.0492,Deka,darSane,दर्शने (darśane),Deki,The first nic is class-forming under 3.1.25 for this curadigana base; a true causative requires a later stacked-nic pass.,not_counted_class_forming_nic
intensive,"[""01.0002"", ""meaning-7e172f9d8575""]",01.0002,eDa~\,vfdDO,वृद्धौ (vṛddhau),,Vidyut 0.4.0 produced no form in the bounded one-operation run; no grammatical prohibition is inferred.,not_admitted_engine_zero_unresolved
intensive,"[""01.0020"", ""meaning-1dbf3e09c297""]",01.0020,urda~\,krIqAyAM,क्रीडायां (krīḍāyāṃ),,Vidyut 0.4.0 produced no form in the bounded one-operation run; no grammatical prohibition is inferred.,not_admitted_engine_zero_unresolved
intensive,"[""01.0020"", ""meaning-8b8700ed2466""]",01.0020,urda~\,mAne,माने (māne),,Vidyut 0.4.0 produced no form in the bounded one-operation run; no grammatical prohibition is inferred.,not_admitted_engine_zero_unresolved
intensive,"[""01.0020"", ""meaning-c1e1d650336a""]",01.0020,urda~\,AsvAdane,आस्वादने (āsvādane),,Vidyut 0.4.0 produced no form in the bounded one-operation run; no grammatical prohibition is inferred.,not_admitted_engine_zero_unresolved
intensive,"[""01.0038"", ""meaning-eab2190db789""]",01.0038,ata~,sAtatyagamane,सातत्यगमने (sātatyagamane),,Vidyut 0.4.0 produced no form in the bounded one-operation run; no grammatical prohibition is inferred.,not_admitted_engine_zero_unresolved
intensive,"[""01.0057"", ""meaning-3a332ba259da""]",01.0057,arda~,yAcane,याचने (yācane),,Vidyut 0.4.0 produced no form in the bounded one-operation run; no grammatical prohibition is inferred.,not_admitted_engine_zero_unresolved
intensive,"[""01.0057"", ""meaning-5fa3d59b62c4""]",01.0057,arda~,gatO,गतौ (gatau),,Vidyut 0.4.0 produced no form in the bounded one-operation run; no grammatical prohibition is inferred.,not_admitted_engine_zero_unresolved
intensive,"[""01.0063"", ""meaning-8c20facfc0ac""]",01.0063,ati~,banDane,बन्धने (bandhane),,Vidyut 0.4.0 produced no form in the bounded one-operation run; no grammatical prohibition is inferred.,not_admitted_engine_zero_unresolved
intensive,"[""01.0064"", ""meaning-8c20facfc0ac""]",01.0064,adi~,banDane,बन्धने (bandhane),,Vidyut 0.4.0 produced no form in the bounded one-operation run; no grammatical prohibition is inferred.,not_admitted_engine_zero_unresolved
intensive,"[""01.0065"", ""meaning-b058a55ed986""]",01.0065,idi~,paramESvarye,परमैश्वर्ये (paramaiśvarye),,Vidyut 0.4.0 produced no form in the bounded one-operation run; no grammatical prohibition is inferred.,not_admitted_engine_zero_unresolved
intensive,"[""01.0092"", ""meaning-975c9f9c5b51""]",01.0092,aki~\,lakzaRe,लक्षणे (lakṣaṇe),,Vidyut 0.4.0 produced no form in the bounded one-operation run; no grammatical prohibition is inferred.,not_admitted_engine_zero_unresolved
intensive,"[""01.0115"", ""meaning-a1cfd39df9cf""]",01.0115,aGi~\,gatyAkzepe,गत्याक्षेपे (gatyākṣepe),,Vidyut 0.4.0 produced no form in the bounded one-operation run; no grammatical prohibition is inferred.,not_admitted_engine_zero_unresolved
intensive,"[""01.0129"", ""meaning-3556957d2199""]",01.0129,oKf~,SozaRe,शोषणे (śoṣaṇe),,Vidyut 0.4.0 produced no form in the bounded one-operation run; no grammatical prohibition is inferred.,not_admitted_engine_zero_unresolved
intensive,"[""01.0129"", ""meaning-c79bf14862df""]",01.0129,oKf~,alamarTe,अलमर्थे (alamarthe),,Vidyut 0.4.0 produced no form in the bounded one-operation run; no grammatical prohibition is inferred.,not_admitted_engine_zero_unresolved
intensive,"[""01.0136"", ""meaning-5fa3d59b62c4""]",01.0136,uKa~,gatO,गतौ (gatau),,Vidyut 0.4.0 produced no form in the bounded one-operation run; no grammatical prohibition is inferred.,not_admitted_engine_zero_unresolved
intensive,"[""01.0137"", ""meaning-5fa3d59b62c4""]",01.0137,uKi~,gatO,गतौ (gatau),,Vidyut 0.4.0 produced no form in the bounded one-operation run; no grammatical prohibition is inferred.,not_admitted_engine_zero_unresolved
intensive,"[""01.0148"", ""meaning-5fa3d59b62c4""]",01.0148,iKa~,gatO,गतौ (gatau),,Vidyut 0.4.0 produced no form in the bounded one-operation run; no grammatical prohibition is inferred.,not_admitted_engine_zero_unresolved
intensive,"[""01.0149"", ""meaning-5fa3d59b62c4""]",01.0149,iKi~,gatO,गतौ (gatau),,Vidyut 0.4.0 produced no form in the bounded one-operation run; no grammatical prohibition is inferred.,not_admitted_engine_zero_unresolved
intensive,"[""01.0151"", ""meaning-5fa3d59b62c4""]",01.0151,IKi~,gatO,गतौ (gatau),,Vidyut 0.4.0 produced no form in the bounded one-operation run; no grammatical prohibition is inferred.,not_admitted_engine_zero_unresolved
intensive,"[""01.0155"", ""meaning-5fa3d59b62c4""]",01.0155,agi~,gatO,गतौ (gatau),,Vidyut 0.4.0 produced no form in the bounded one-operation run; no grammatical prohibition is inferred.,not_admitted_engine_zero_unresolved
intensive,"[""01.0163"", ""meaning-5fa3d59b62c4""]",01.0163,igi~,gatO,गतौ (gatau),,Vidyut 0.4.0 produced no form in the bounded one-operation run; no grammatical prohibition is inferred.,not_admitted_engine_zero_unresolved
intensive,"[""01.0167"", ""meaning-dd4a01bcb5d7""]",01.0167,kakKa,hasane,हसने (hasane),,Vidyut 0.4.0 produced no form in the bounded one-operation run; no grammatical prohibition is inferred.,not_admitted_engine_zero_unresolved
intensive,"[""01.0200"", ""meaning-5fa3d59b62c4""]",01.0200,fja~\,gatO,गतौ (gatau),,Vidyut 0.4.0 produced no form in the bounded one-operation run; no grammatical prohibition is inferred.,not_admitted_engine_zero_unresolved
intensive,"[""01.0200"", ""meaning-c181e82a6fb2""]",01.0200,fja~\,sTAne,स्थाने (sthāne),,Vidyut 0.4.0 produced no form in the bounded one-operation run; no grammatical prohibition is inferred.,not_admitted_engine_zero_unresolved
intensive,"[""01.0200"", ""meaning-e477550c3b40""]",01.0200,fja~\,upArjane,उपार्जने (upārjane),,Vidyut 0.4.0 produced no form in the bounded one-operation run; no grammatical prohibition is inferred.,not_admitted_engine_zero_unresolved
intensive,"[""01.0200"", ""meaning-fec94d3f9774""]",01.0200,fja~\,arjane,अर्जने (arjane),,Vidyut 0.4.0 produced no form in the bounded one-operation run; no grammatical prohibition is inferred.,not_admitted_engine_zero_unresolved
intensive,"[""01.0201"", ""meaning-b304649056dc""]",01.0201,fji~\,Barjane,भर्जने (bharjane),,Vidyut 0.4.0 produced no form in the bounded one-operation run; no grammatical prohibition is inferred.,not_admitted_engine_zero_unresolved
intensive,"[""01.0203"", ""meaning-7345560b9c17""]",01.0203,ejf~\,dIptO,दीप्तौ (dīptau),,Vidyut 0.4.0 produced no form in the bounded one-operation run; no grammatical prohibition is inferred.,not_admitted_engine_zero_unresolved
intensive,"[""01.0207"", ""meaning-5fa3d59b62c4""]",01.0207,Ija~\,gatO,गतौ (gatau),,Vidyut 0.4.0 produced no form in the bounded one-operation run; no grammatical prohibition is inferred.,not_admitted_engine_zero_unresolved
intensive,"[""01.0207"", ""meaning-8a0e4dd1754b""]",01.0207,Ija~\,kutsAyAm,कुत्सायाम् (kutsāyām),,Vidyut 0.4.0 produced no form in the bounded one-operation run; no grammatical prohibition is inferred.,not_admitted_engine_zero_unresolved
intensive,"[""01.0215"", ""meaning-5fa3d59b62c4""]",01.0215,ancu~,gatO,गतौ (gatau),,Vidyut 0.4.0 produced no form in the bounded one-operation run; no grammatical prohibition is inferred.,not_admitted_engine_zero_unresolved
intensive,"[""01.0215"", ""meaning-ce196a1fe316""]",01.0215,ancu~,pUjane,पूजने (pūjane),,Vidyut 0.4.0 produced no form in the bounded one-operation run; no grammatical prohibition is inferred.,not_admitted_engine_zero_unresolved
intensive,"[""01.0232"", ""meaning-a8644e0580a4""]",01.0232;10.0340,arca~,pUjAyAm,पूजायाम् (pūjāyām),,Vidyut 0.4.0 produced no form in the bounded one-operation run; no grammatical prohibition is inferred.,not_admitted_engine_zero_unresolved
intensive,"[""01.0237"", ""meaning-79d30fdb993b""]",01.0237,ACi~,AyAme,आयामे (āyāme),,Vidyut 0.4.0 produced no form in the bounded one-operation run; no grammatical prohibition is inferred.,not_admitted_engine_zero_unresolved
intensive,"[""01.0243"", ""meaning-27632454bb31""]",01.0243;06.0014,uCi~,uYCe,उञ्छे (uñche),,Vidyut 0.4.0 produced no form in the bounded one-operation run; no grammatical prohibition is inferred.,not_admitted_engine_zero_unresolved
intensive,"[""01.0244"", ""meaning-b9318a41b007""]",01.0244;06.0015,uCI~,vivAse,विवासे (vivāse),,Vidyut 0.4.0 produced no form in the bounded one-operation run; no grammatical prohibition is inferred.,not_admitted_engine_zero_unresolved
intensive,"[""01.0247"", ""meaning-5fa3d59b62c4""]",01.0247,awi~\,gatO,गतौ (gatau),,Vidyut 0.4.0 produced no form in the bounded one-operation run; no grammatical prohibition is inferred.,not_admitted_engine_zero_unresolved
intensive,"[""01.0256"", ""meaning-fec94d3f9774""]",01.0256,arja~,arjane,अर्जने (arjane),,Vidyut 0.4.0 produced no form in the bounded one-operation run; no grammatical prohibition is inferred.,not_admitted_engine_zero_unresolved
intensive,"[""01.0262"", ""meaning-5fa3d59b62c4""]",01.0262,aja~,gatO,गतौ (gatau),,Vidyut 0.4.0 produced no form in the bounded one-operation run; no grammatical prohibition is inferred.,not_admitted_engine_zero_unresolved
intensive,"[""01.0262"", ""meaning-cf85e55c7b9a""]",01.0262,aja~,kzepaRe,क्षेपणे (kṣepaṇe),,Vidyut 0.4.0 produced no form in the bounded one-operation run; no grammatical prohibition is inferred.,not_admitted_engine_zero_unresolved
intensive,"[""01.0267"", ""meaning-60fd95557908""]",01.0267,ejf~,kampane,कम्पने (kampane),,Vidyut 0.4.0 produced no form in the bounded one-operation run; no grammatical prohibition is inferred.,not_admitted_engine_zero_unresolved
intensive,"[""01.0287"", ""meaning-375c48b41a01""]",01.0287,awwa~\,atikrame,अतिक्रमे (atikrame),,Vidyut 0.4.0 produced no form in the bounded one-operation run; no grammatical prohibition is inferred.,not_admitted_engine_zero_unresolved
intensive,"[""01.0287"", ""meaning-3bf7963ee53c""]",01.0287,awwa~\,hiMsAyAm,हिंसायाम् (hiṃsāyām),,Vidyut 0.4.0 produced no form in the bounded one-operation run; no grammatical prohibition is inferred.,not_admitted_engine_zero_unresolved
intensive,"[""01.0294"", ""meaning-5fa3d59b62c4""]",01.0294,aWi~\,gatO,गतौ (gatau),,Vidyut 0.4.0 produced no form in the bounded one-operation run; no grammatical prohibition is inferred.,not_admitted_engine_zero_unresolved
intensive,"[""01.0300"", ""meaning-c9d6b2c78da3""]",01.0300,eWa~\,vibADAyAm,विबाधायाम् (vibādhāyām),,Vidyut 0.4.0 produced no form in the bounded one-operation run; no grammatical prohibition is inferred.,not_admitted_engine_zero_unresolved
intensive,"[""01.0357"", ""meaning-5fa3d59b62c4""]",01.0357,iwa~,gatO,गतौ (gatau),,Vidyut 0.4.0 produced no form in the bounded one-operation run; no grammatical prohibition is inferred.,not_admitted_engine_zero_unresolved
intensive,"[""01.0391"", ""meaning-4424d865f048""]",01.0391,UWa~,upaGAte,उपघाते (upaghāte),,Vidyut 0.4.0 produced no form in the bounded one-operation run; no grammatical prohibition is inferred.,not_admitted_engine_zero_unresolved
intensive,"[""01.0392"", ""meaning-4424d865f048""]",01.0392,uWa~,upaGAte,उपघाते (upaghāte),,Vidyut 0.4.0 produced no form in the bounded one-operation run; no grammatical prohibition is inferred.,not_admitted_engine_zero_unresolved
intensive,"[""01.0403"", ""meaning-aff675742529""]",01.0403,aqqa~,aBiyoge,अभियोगे (abhiyoge),,Vidyut 0.4.0 produced no form in the bounded one-operation run; no grammatical prohibition is inferred.,not_admitted_engine_zero_unresolved
intensive,"[""01.0414"", ""meaning-ca77245785ac""]",01.0414,aqa~,udyame,उद्यमे (udyame),,Vidyut 0.4.0 produced no form in the bounded one-operation run; no grammatical prohibition is inferred.,not_admitted_engine_zero_unresolved
intensive,"[""01.0438"", ""meaning-2dcb1894fd9b""]",01.0438,abi~\,Sabde,शब्दे (śabde),,Vidyut 0.4.0 produced no form in the bounded one-operation run; no grammatical prohibition is inferred.,not_admitted_engine_zero_unresolved
intensive,"[""01.0448"", ""meaning-2dcb1894fd9b""]",01.0448,aBi~\,Sabde,शब्दे (śabde),,Vidyut 0.4.0 produced no form in the bounded one-operation run; no grammatical prohibition is inferred.,not_admitted_engine_zero_unresolved
intensive,"[""01.0461"", ""meaning-0ce6231987c9""]",01.0461,gupU~,rakzaRe,रक्षणे (rakṣaṇe),,Vidyut 0.4.0 produced no form in the bounded one-operation run; no grammatical prohibition is inferred.,not_admitted_engine_zero_unresolved
intensive,"[""01.0462"", ""meaning-7f3a5b5d2c60""]",01.0462,DUpa~,santApe,सन्तापे (santāpe),,Vidyut 0.4.0 produced no form in the bounded one-operation run; no grammatical prohibition is inferred.,not_admitted_engine_zero_unresolved
intensive,"[""01.0481"", ""meaning-5fa3d59b62c4""]",01.0481,arba~,gatO,गतौ (gatau),,Vidyut 0.4.0 produced no form in the bounded one-operation run; no grammatical prohibition is inferred.,not_admitted_engine_zero_unresolved
intensive,"[""01.0508"", ""meaning-388ca6564d81""]",01.0508,pana~\,stutO,स्तुतौ (stutau),,Vidyut 0.4.0 produced no form in the bounded one-operation run; no grammatical prohibition is inferred.,not_admitted_engine_zero_unresolved
intensive,"[""01.0508"", ""meaning-6d1500ec3723""]",01.0508,pana~\,vyavahAre,व्यवहारे (vyavahāre),,Vidyut 0.4.0 produced no form in the bounded one-operation run; no grammatical prohibition is inferred.,not_admitted_engine_zero_unresolved
intensive,"[""01.0511"", ""meaning-7ba414f5e3c0""]",01.0511,kamu~\,kAntO,कान्तौ (kāntau),,Vidyut 0.4.0 produced no form in the bounded one-operation run; no grammatical prohibition is inferred.,not_admitted_engine_zero_unresolved
intensive,"[""01.0512"", ""meaning-2dcb1894fd9b""]",01.0512,aRa~,Sabde,शब्दे (śabde),,Vidyut 0.4.0 produced no form in the bounded one-operation run; no grammatical prohibition is inferred.,not_admitted_engine_zero_unresolved
intensive,"[""01.0523"", ""meaning-2bc418d8f2c8""]",01.0523,oRf~,apanayane,अपनयने (apanayane),,Vidyut 0.4.0 produced no form in the bounded one-operation run; no grammatical prohibition is inferred.,not_admitted_engine_zero_unresolved
intensive,"[""01.0536"", ""meaning-2dcb1894fd9b""]",01.0536,ama~,Sabde,शब्दे (śabde),,Vidyut 0.4.0 produced no form in the bounded one-operation run; no grammatical prohibition is inferred.,not_admitted_engine_zero_unresolved
intensive,"[""01.0536"", ""meaning-52a7a50d7eec""]",01.0536,ama~,samBaktO,सम्भक्तौ (sambhaktau),,Vidyut 0.4.0 produced no form in the bounded one-operation run; no grammatical prohibition is inferred.,not_admitted_engine_zero_unresolved
intensive,"[""01.0536"", ""meaning-5fa3d59b62c4""]",01.0536,ama~,gatO,गतौ (gatau),,Vidyut 0.4.0 produced no form in the bounded one-operation run; no grammatical prohibition is inferred.,not_admitted_engine_zero_unresolved
intensive,"[""01.0546"", ""meaning-5fa3d59b62c4""]",01.0546,aya~\,gatO,गतौ (gatau),,Vidyut 0.4.0 produced no form in the bounded one-operation run; no grammatical prohibition is inferred.,not_admitted_engine_zero_unresolved
intensive,"[""01.0556"", ""meaning-4d33cc68d587""]",01.0556,UyI~\,tantusantAne,तन्तुसन्ताने (tantusantāne),,Vidyut 0.4.0 produced no form in the bounded one-operation run; no grammatical prohibition is inferred.,not_admitted_engine_zero_unresolved
intensive,"[""01.0587"", ""meaning-9f6d863cd942""]",01.0587,Irkzya~,IrzyAyAm,ईर्ष्यायाम् (īrṣyāyām),,Vidyut 0.4.0 produced no form in the bounded one-operation run; no grammatical prohibition is inferred.,not_admitted_engine_zero_unresolved
intensive,"[""01.0588"", ""meaning-9f6d863cd942""]",01.0588,Irzya~,IrzyAyAm,ईर्ष्यायाम् (īrṣyāyām),,Vidyut 0.4.0 produced no form in the bounded one-operation run; no grammatical prohibition is inferred.,not_admitted_engine_zero_unresolved
intensive,"[""01.0593"", ""meaning-403895d005b0""]",01.0593,ala~,BUzaRe,भूषणे (bhūṣaṇe),,Vidyut 0.4.0 produced no form in the bounded one-operation run; no grammatical prohibition is inferred.,not_admitted_engine_zero_unresolved
intensive,"[""01.0593"", ""meaning-6f74ee7888b4""]",01.0593,ala~,paryAptO,पर्याप्तौ (paryāptau),,Vidyut 0.4.0 produced no form in the bounded one-operation run; no grammatical prohibition is inferred.,not_admitted_engine_zero_unresolved
intensive,"[""01.0593"", ""meaning-9b1cca11bfc6""]",01.0593,ala~,vAraRe,वारणे (vāraṇe),,Vidyut 0.4.0 produced no form in the bounded one-operation run; no grammatical prohibition is inferred.,not_admitted_engine_zero_unresolved
intensive,"[""01.0637"", ""meaning-5fa3d59b62c4""]",01.0637,aBra~,gatO,गतौ (gatau),,Vidyut 0.4.0 produced no form in the bounded one-operation run; no grammatical prohibition is inferred.,not_admitted_engine_zero_unresolved
intensive,"[""01.0650"", ""meaning-3bf7963ee53c""]",01.0650,urvI~,hiMsAyAm,हिंसायाम् (hiṃsāyām),,Vidyut 0.4.0 produced no form in the bounded one-operation run; no grammatical prohibition is inferred.,not_admitted_engine_zero_unresolved
intensive,"[""01.0667"", ""meaning-3bf7963ee53c""]",01.0667,arva~,hiMsAyAm,हिंसायाम् (hiṃsāyām),,Vidyut 0.4.0 produced no form in the bounded one-operation run; no grammatical prohibition is inferred.,not_admitted_engine_zero_unresolved
intensive,"[""01.0670"", ""meaning-0563d826057f""]",01.0670,ivi~,vyAptO,व्याप्तौ (vyāptau),,Vidyut 0.4.0 produced no form in the bounded one-operation run; no grammatical prohibition is inferred.,not_admitted_engine_zero_unresolved
intensive,"[""01.0684"", ""meaning-0ce6231987c9""]",01.0684,ava~,rakzaRe,रक्षणे (rakṣaṇe),,Vidyut 0.4.0 produced no form in the bounded one-operation run; no grammatical prohibition is inferred.,not_admitted_engine_zero_unresolved
intensive,"[""01.0684"", ""meaning-30407da3762d""]",01.0684,ava~,kriyAyAm,क्रियायाम् (kriyāyām),,Vidyut 0.4.0 produced no form in the bounded one-operation run; no grammatical prohibition is inferred.,not_admitted_engine_zero_unresolved
intensive,"[""01.0684"", ""meaning-3083989e9275""]",01.0684,ava~,AliNgane,आलिङ्गने (āliṅgane),,Vidyut 0.4.0 produced no form in the bounded one-operation run; no grammatical prohibition is inferred.,not_admitted_engine_zero_unresolved
intensive,"[""01.0684"", ""meaning-3a332ba259da""]",01.0684,ava~,yAcane,याचने (yācane),,Vidyut 0.4.0 produced no form in the bounded one-operation run; no grammatical prohibition is inferred.,not_admitted_engine_zero_unresolved
intensive,"[""01.0684"", ""meaning-3bf7963ee53c""]",01.0684,ava~,hiMsAyAm,हिंसायाम् (hiṃsāyām),,Vidyut 0.4.0 produced no form in the bounded one-operation run; no grammatical prohibition is inferred.,not_admitted_engine_zero_unresolved
intensive,"[""01.0684"", ""meaning-3eaa28a5ea5f""]",01.0684,ava~,praveSe,प्रवेशे (praveśe),,Vidyut 0.4.0 produced no form in the bounded one-operation run; no grammatical prohibition is inferred.,not_admitted_engine_zero_unresolved
intensive,"[""01.0684"", ""meaning-4d0ef93cc7a1""]",01.0684,ava~,icCAyAm,इच्छायाम् (icchāyām),,Vidyut 0.4.0 produced no form in the bounded one-operation run; no grammatical prohibition is inferred.,not_admitted_engine_zero_unresolved
intensive,"[""01.0684"", ""meaning-5fa3d59b62c4""]",01.0684,ava~,gatO,गतौ (gatau),,Vidyut 0.4.0 produced no form in the bounded one-operation run; no grammatical prohibition is inferred.,not_admitted_engine_zero_unresolved
intensive,"[""01.0684"", ""meaning-6831ef31cc3b""]",01.0684,ava~,SravaRe,श्रवणे (śravaṇe),,Vidyut 0.4.0 produced no form in the bounded one-operation run; no grammatical prohibition is inferred.,not_admitted_engine_zero_unresolved
intensive,"[""01.0684"", ""meaning-7345560b9c17""]",01.0684,ava~,dIptO,दीप्तौ (dīptau),,Vidyut 0.4.0 produced no form in the bounded one-operation run; no grammatical prohibition is inferred.,not_admitted_engine_zero_unresolved
intensive,"[""01.0684"", ""meaning-7a3fbf4cf662""]",01.0684,ava~,avAptO,अवाप्तौ (avāptau),,Vidyut 0.4.0 produced no form in the bounded one-operation run; no grammatical prohibition is inferred.,not_admitted_engine_zero_unresolved
intensive,"[""01.0684"", ""meaning-7ba414f5e3c0""]",01.0684,ava~,kAntO,कान्तौ (kāntau),,Vidyut 0.4.0 produced no form in the bounded one-operation run; no grammatical prohibition is inferred.,not_admitted_engine_zero_unresolved
intensive,"[""01.0684"", ""meaning-7e172f9d8575""]",01.0684,ava~,vfdDO,वृद्धौ (vṛddhau),,Vidyut 0.4.0 produced no form in the bounded one-operation run; no grammatical prohibition is inferred.,not_admitted_engine_zero_unresolved
intensive,"[""01.0684"", ""meaning-8b2f1bcf6032""]",01.0684,ava~,avagame,अवगमे (avagame),,Vidyut 0.4.0 produced no form in the bounded one-operation run; no grammatical prohibition is inferred.,not_admitted_engine_zero_unresolved
intensive,"[""01.0684"", ""meaning-8fbcbfeedd5e""]",01.0684,ava~,prItO,प्रीतौ (prītau),,Vidyut 0.4.0 produced no form in the bounded one-operation run; no grammatical prohibition is inferred.,not_admitted_engine_zero_unresolved
intensive,"[""01.0684"", ""meaning-a4e107d0ddc7""]",01.0684,ava~,svAmyarTe,स्वाम्यर्थे (svāmyarthe),,Vidyut 0.4.0 produced no form in the bounded one-operation run; no grammatical prohibition is inferred.,not_admitted_engine_zero_unresolved
intensive,"[""01.0684"", ""meaning-a71280a34aa6""]",01.0684,ava~,dAne,दाने (dāne),,Vidyut 0.4.0 produced no form in the bounded one-operation run; no grammatical prohibition is inferred.,not_admitted_engine_zero_unresolved
intensive,"[""01.0684"", ""meaning-e3377ee0c7a0""]",01.0684,ava~,BAge,भागे (bhāge),,Vidyut 0.4.0 produced no form in the bounded one-operation run; no grammatical prohibition is inferred.,not_admitted_engine_zero_unresolved
intensive,"[""01.0684"", ""meaning-f8fe29ea6417""]",01.0684,ava~,tfptO,तृप्तौ (tṛptau),,Vidyut 0.4.0 produced no form in the bounded one-operation run; no grammatical prohibition is inferred.,not_admitted_engine_zero_unresolved
intensive,"[""01.0694"", ""meaning-5042ee4bdbe7""]",01.0694,Ikza~\,darSane,दर्शने (darśane),,Vidyut 0.4.0 produced no form in the bounded one-operation run; no grammatical prohibition is inferred.,not_admitted_engine_zero_unresolved
intensive,"[""01.0695"", ""meaning-3bf7963ee53c""]",01.0695,Iza~\,hiMsAyAm,हिंसायाम् (hiṃsāyām),,Vidyut 0.4.0 produced no form in the bounded one-operation run; no grammatical prohibition is inferred.,not_admitted_engine_zero_unresolved
intensive,"[""01.0695"", ""meaning-5042ee4bdbe7""]",01.0695,Iza~\,darSane,दर्शने (darśane),,Vidyut 0.4.0 produced no form in the bounded one-operation run; no grammatical prohibition is inferred.,not_admitted_engine_zero_unresolved
intensive,"[""01.0695"", ""meaning-5fa3d59b62c4""]",01.0695,Iza~\,gatO,गतौ (gatau),,Vidyut 0.4.0 produced no form in the bounded one-operation run; no grammatical prohibition is inferred.,not_admitted_engine_zero_unresolved
intensive,"[""01.0701"", ""meaning-52a2ffd5acb5""]",01.0701,ezf~\,prayatne,प्रयत्ने (prayatne),,Vidyut 0.4.0 produced no form in the bounded one-operation run; no grammatical prohibition is inferred.,not_admitted_engine_zero_unresolved
intensive,"[""01.0705"", ""meaning-5fa3d59b62c4""]",01.0705,ezf~\,gatO,गतौ (gatau),,Vidyut 0.4.0 produced no form in the bounded one-operation run; no grammatical prohibition is inferred.,not_admitted_engine_zero_unresolved
intensive,"[""01.0719"", ""meaning-b7d536d607be""]",01.0719,Iha~\,cezwAyAm,चेष्टायाम् (ceṣṭāyām),,Vidyut 0.4.0 produced no form in the bounded one-operation run; no grammatical prohibition is inferred.,not_admitted_engine_zero_unresolved
intensive,"[""01.0722"", ""meaning-5fa3d59b62c4""]",01.0722,ahi~\,gatO,गतौ (gatau),,Vidyut 0.4.0 produced no form in the bounded one-operation run; no grammatical prohibition is inferred.,not_admitted_engine_zero_unresolved
intensive,"[""01.0735"", ""meaning-841d3bc58324""]",01.0735,Uha~\,vitarke,वितर्के (vitarke),,Vidyut 0.4.0 produced no form in the bounded one-operation run; no grammatical prohibition is inferred.,not_admitted_engine_zero_unresolved
intensive,"[""01.0742"", ""meaning-0563d826057f""]",01.0742,akzU~,vyAptO,व्याप्तौ (vyāptau),,Vidyut 0.4.0 produced no form in the bounded one-operation run; no grammatical prohibition is inferred.,not_admitted_engine_zero_unresolved
intensive,"[""01.0745"", ""meaning-5b3b4eb5a8ec""]",01.0745,ukza~,secane,सेचने (secane),,Vidyut 0.4.0 produced no form in the bounded one-operation run; no grammatical prohibition is inferred.,not_admitted_engine_zero_unresolved
intensive,"[""01.0779"", ""meaning-f154b1e308a8""]",01.0779,Uza~,rujAyAm,रुजायाम् (rujāyām),,Vidyut 0.4.0 produced no form in the bounded one-operation run; no grammatical prohibition is inferred.,not_admitted_engine_zero_unresolved
intensive,"[""01.0780"", ""meaning-27632454bb31""]",01.0780,Iza~,uYCe,उञ्छे (uñche),,Vidyut 0.4.0 produced no form in the bounded one-operation run; no grammatical prohibition is inferred.,not_admitted_engine_zero_unresolved
intensive,"[""01.0792"", ""meaning-bd0d14a06dd9""]",01.0792,uza~,dAhe,दाहे (dāhe),,Vidyut 0.4.0 produced no form in the bounded one-operation run; no grammatical prohibition is inferred.,not_admitted_engine_zero_unresolved
intensive,"[""01.0840"", ""meaning-a7c02e4ddde8""]",01.0840,uhi~r,ardane,अर्दने (ardane),,Vidyut 0.4.0 produced no form in the bounded one-operation run; no grammatical prohibition is inferred.,not_admitted_engine_zero_unresolved
intensive,"[""01.0841"", ""meaning-a8644e0580a4""]",01.0841;10.0257,arha~,pUjAyAm,पूजायाम् (pūjāyām),,Vidyut 0.4.0 produced no form in the bounded one-operation run; no grammatical prohibition is inferred.,not_admitted_engine_zero_unresolved
intensive,"[""01.0901"", ""meaning-f0963c4573e8""]",01.0901,aka~,kuwilAyAM gatO,कुटिलायां गतौ (kuṭilāyāṃ gatau),,Vidyut 0.4.0 produced no form in the bounded one-operation run; no grammatical prohibition is inferred.,not_admitted_engine_zero_unresolved
intensive,"[""01.0902"", ""meaning-f0963c4573e8""]",01.0902,aga~,kuwilAyAM gatO,कुटिलायां गतौ (kuṭilāyāṃ gatau),,Vidyut 0.4.0 produced no form in the bounded one-operation run; no grammatical prohibition is inferred.,not_admitted_engine_zero_unresolved
intensive,"[""01.0998"", ""meaning-3a332ba259da""]",01.0998,ancu~^,yAcane,याचने (yācane),,Vidyut 0.4.0 produced no form in the bounded one-operation run; no grammatical prohibition is inferred.,not_admitted_engine_zero_unresolved
intensive,"[""01.0998"", ""meaning-5fa3d59b62c4""]",01.0998,ancu~^,gatO,गतौ (gatau),,Vidyut 0.4.0 produced no form in the bounded one-operation run; no grammatical prohibition is inferred.,not_admitted_engine_zero_unresolved
intensive,"[""01.0999"", ""meaning-3a332ba259da""]",01.0999,acu~^,yAcane,याचने (yācane),,Vidyut 0.4.0 produced no form in the bounded one-operation run; no grammatical prohibition is inferred.,not_admitted_engine_zero_unresolved
intensive,"[""01.0999"", ""meaning-5fa3d59b62c4""]",01.0999,acu~^,gatO,गतौ (gatau),,Vidyut 0.4.0 produced no form in the bounded one-operation run; no grammatical prohibition is inferred.,not_admitted_engine_zero_unresolved
intensive,"[""01.1000"", ""meaning-3a332ba259da""]",01.1000,aci~^,yAcane,याचने (yācane),,Vidyut 0.4.0 produced no form in the bounded one-operation run; no grammatical prohibition is inferred.,not_admitted_engine_zero_unresolved
intensive,"[""01.1000"", ""meaning-5fa3d59b62c4""]",01.1000,aci~^,gatO,गतौ (gatau),,Vidyut 0.4.0 produced no form in the bounded one-operation run; no grammatical prohibition is inferred.,not_admitted_engine_zero_unresolved
intensive,"[""01.1029"", ""meaning-57eea3ba0513""]",01.1029,asa~^,AdAne,आदाने (ādāne),,Vidyut 0.4.0 produced no form in the bounded one-operation run; no grammatical prohibition is inferred.,not_admitted_engine_zero_unresolved
intensive,"[""01.1029"", ""meaning-5fa3d59b62c4""]",01.1029,asa~^,gatO,गतौ (gatau),,Vidyut 0.4.0 produced no form in the bounded one-operation run; no grammatical prohibition is inferred.,not_admitted_engine_zero_unresolved
intensive,"[""01.1029"", ""meaning-7345560b9c17""]",01.1029,asa~^,dIptO,दीप्तौ (dīptau),,Vidyut 0.4.0 produced no form in the bounded one-operation run; no grammatical prohibition is inferred.,not_admitted_engine_zero_unresolved
intensive,"[""01.1030"", ""meaning-57eea3ba0513""]",01.1030,aza~^,AdAne,आदाने (ādāne),,Vidyut 0.4.0 produced no form in the bounded one-operation run; no grammatical prohibition is inferred.,not_admitted_engine_zero_unresolved
intensive,"[""01.1030"", ""meaning-5fa3d59b62c4""]",01.1030,aza~^,gatO,गतौ (gatau),,Vidyut 0.4.0 produced no form in the bounded one-operation run; no grammatical prohibition is inferred.,not_admitted_engine_zero_unresolved
intensive,"[""01.1030"", ""meaning-7345560b9c17""]",01.1030,aza~^,dIptO,दीप्तौ (dīptau),,Vidyut 0.4.0 produced no form in the bounded one-operation run; no grammatical prohibition is inferred.,not_admitted_engine_zero_unresolved
intensive,"[""01.1102"", ""meaning-2dcb1894fd9b""]",01.1102,u\N,Sabde,शब्दे (śabde),,Vidyut 0.4.0 produced no form in the bounded one-operation run; no grammatical prohibition is inferred.,not_admitted_engine_zero_unresolved
intensive,"[""01.1166"", ""meaning-e2643841bb96""]",01.1166,fti,jugupsAyAM,जुगुप्सायां (jugupsāyāṃ),,Vidyut 0.4.0 produced no form in the bounded one-operation run; no grammatical prohibition is inferred.,not_admitted_engine_zero_unresolved
intensive,"[""01.1166"", ""meaning-fbfb5717600b""]",01.1166,fti,kfpAyAM,कृपायां (kṛpāyāṃ),,Vidyut 0.4.0 produced no form in the bounded one-operation run; no grammatical prohibition is inferred.,not_admitted_engine_zero_unresolved
intensive,"[""02.0001"", ""meaning-943364736a74""]",02.0001,a\da~,BakzaRe,भक्षणे (bhakṣaṇe),,Vidyut 0.4.0 produced no form in the bounded one-operation run; no grammatical prohibition is inferred.,not_admitted_engine_zero_unresolved
intensive,"[""02.0008"", ""meaning-5fa3d59b62c4""]",02.0008,Ira~\,gatO,गतौ (gatau),,Vidyut 0.4.0 produced no form in the bounded one-operation run; no grammatical prohibition is inferred.,not_admitted_engine_zero_unresolved
intensive,"[""02.0008"", ""meaning-60fd95557908""]",02.0008,Ira~\,kampane,कम्पने (kampane),,Vidyut 0.4.0 produced no form in the bounded one-operation run; no grammatical prohibition is inferred.,not_admitted_engine_zero_unresolved
intensive,"[""02.0009"", ""meaning-388ca6564d81""]",02.0009,Iqa~\,stutO,स्तुतौ (stutau),,Vidyut 0.4.0 produced no form in the bounded one-operation run; no grammatical prohibition is inferred.,not_admitted_engine_zero_unresolved
intensive,"[""02.0010"", ""meaning-ade77b0908ab""]",02.0010,ISa~\,ESvarye,ऐश्वर्ये (aiśvarye),,Vidyut 0.4.0 produced no form in the bounded one-operation run; no grammatical prohibition is inferred.,not_admitted_engine_zero_unresolved
intensive,"[""02.0011"", ""meaning-9f24bbad5468""]",02.0011,Asa~\,upaveSane,उपवेशने (upaveśane),,Vidyut 0.4.0 produced no form in the bounded one-operation run; no grammatical prohibition is inferred.,not_admitted_engine_zero_unresolved
intensive,"[""02.0040"", ""meaning-5fa3d59b62c4""]",02.0040,i\R,gatO,गतौ (gatau),,Vidyut 0.4.0 produced no form in the bounded one-operation run; no grammatical prohibition is inferred.,not_admitted_engine_zero_unresolved
intensive,"[""02.0041"", ""meaning-7d1ea56b4ecd""]",02.0041,i\N,aDyayane,अध्ययने (adhyayane),,Vidyut 0.4.0 produced no form in the bounded one-operation run; no grammatical prohibition is inferred.,not_admitted_engine_zero_unresolved
intensive,"[""02.0042"", ""meaning-5f776bf60821""]",02.0042,i\k,smaraRe,स्मरणे (smaraṇe),,Vidyut 0.4.0 produced no form in the bounded one-operation run; no grammatical prohibition is inferred.,not_admitted_engine_zero_unresolved
intensive,"[""02.0060"", ""meaning-9b7befdcf8ca""]",02.0060,asa~,Buvi,भुवि (bhuvi),,Vidyut 0.4.0 produced no form in the bounded one-operation run; no grammatical prohibition is inferred.,not_admitted_engine_zero_unresolved
intensive,"[""02.0065"", ""meaning-8f0940e4608a""]",02.0065,ana~,prARane,प्राणने (prāṇane),,Vidyut 0.4.0 produced no form in the bounded one-operation run; no grammatical prohibition is inferred.,not_admitted_engine_zero_unresolved
intensive,"[""02.0067"", ""meaning-116af7dadb06""]",02.0067,jAgf,nidrAkzaye,निद्राक्षये (nidrākṣaye),,Vidyut 0.4.0 produced no form in the bounded one-operation run; no grammatical prohibition is inferred.,not_admitted_engine_zero_unresolved
intensive,"[""02.0068"", ""meaning-aa8d8698dbb9""]",02.0068,daridrA,durgatO,दुर्गतौ (durgatau),,Vidyut 0.4.0 produced no form in the bounded one-operation run; no grammatical prohibition is inferred.,not_admitted_engine_zero_unresolved
intensive,"[""02.0069"", ""meaning-7345560b9c17""]",02.0069,cakAsf~,dIptO,दीप्तौ (dīptau),,Vidyut 0.4.0 produced no form in the bounded one-operation run; no grammatical prohibition is inferred.,not_admitted_engine_zero_unresolved
intensive,"[""02.0071"", ""meaning-7345560b9c17""]",02.0071,dIDIN,dIptO,दीप्तौ (dīptau),,Vidyut 0.4.0 produced no form in the bounded one-operation run; no grammatical prohibition is inferred.,not_admitted_engine_zero_unresolved
intensive,"[""02.0071"", ""meaning-f38ca9c22f32""]",02.0071,dIDIN,devane,देवने (devane),,Vidyut 0.4.0 produced no form in the bounded one-operation run; no grammatical prohibition is inferred.,not_admitted_engine_zero_unresolved
intensive,"[""02.0072"", ""meaning-0563d826057f""]",02.0072,vevIN,vyAptO,व्याप्तौ (vyāptau),,Vidyut 0.4.0 produced no form in the bounded one-operation run; no grammatical prohibition is inferred.,not_admitted_engine_zero_unresolved
intensive,"[""02.0072"", ""meaning-10c71a70cd57""]",02.0072,vevIN,asane,असने (asane),,Vidyut 0.4.0 produced no form in the bounded one-operation run; no grammatical prohibition is inferred.,not_admitted_engine_zero_unresolved
intensive,"[""02.0072"", ""meaning-5fa3d59b62c4""]",02.0072,vevIN,gatO,गतौ (gatau),,Vidyut 0.4.0 produced no form in the bounded one-operation run; no grammatical prohibition is inferred.,not_admitted_engine_zero_unresolved
intensive,"[""02.0072"", ""meaning-7ba414f5e3c0""]",02.0072,vevIN,kAntO,कान्तौ (kāntau),,Vidyut 0.4.0 produced no form in the bounded one-operation run; no grammatical prohibition is inferred.,not_admitted_engine_zero_unresolved
intensive,"[""02.0072"", ""meaning-7cd7d2a1fce1""]",02.0072,vevIN,KAdane,खादने (khādane),,Vidyut 0.4.0 produced no form in the bounded one-operation run; no grammatical prohibition is inferred.,not_admitted_engine_zero_unresolved
intensive,"[""02.0072"", ""meaning-b23eab757d13""]",02.0072,vevIN,prajanane,प्रजनने (prajanane),,Vidyut 0.4.0 produced no form in the bounded one-operation run; no grammatical prohibition is inferred.,not_admitted_engine_zero_unresolved
intensive,"[""04.0022"", ""meaning-5fa3d59b62c4""]",04.0022,iza~,gatO,गतौ (gatau),,Vidyut 0.4.0 produced no form in the bounded one-operation run; no grammatical prohibition is inferred.,not_admitted_engine_zero_unresolved
intensive,"[""04.0038"", ""meaning-5fa3d59b62c4""]",04.0038,I\N,gatO,गतौ (gatau),,Vidyut 0.4.0 produced no form in the bounded one-operation run; no grammatical prohibition is inferred.,not_admitted_engine_zero_unresolved
intensive,"[""04.0056"", ""meaning-50ac4cab38a0""]",04.0056,vAvftu~\,varaRe,वरणे (varaṇe),,Vidyut 0.4.0 produced no form in the bounded one-operation run; no grammatical prohibition is inferred.,not_admitted_engine_zero_unresolved
intensive,"[""04.0071"", ""meaning-8f0940e4608a""]",04.0071,aRa~\,prARane,प्राणने (prāṇane),,Vidyut 0.4.0 produced no form in the bounded one-operation run; no grammatical prohibition is inferred.,not_admitted_engine_zero_unresolved
intensive,"[""04.0072"", ""meaning-8f0940e4608a""]",04.0072,ana~\,prARane,प्राणने (prāṇane),,Vidyut 0.4.0 produced no form in the bounded one-operation run; no grammatical prohibition is inferred.,not_admitted_engine_zero_unresolved
intensive,"[""04.0106"", ""meaning-cf85e55c7b9a""]",04.0106,asu~,kzepaRe,क्षेपणे (kṣepaṇe),,Vidyut 0.4.0 produced no form in the bounded one-operation run; no grammatical prohibition is inferred.,not_admitted_engine_zero_unresolved
intensive,"[""04.0135"", ""meaning-0cddf6b2fb7d""]",04.0135,uca~,samavAye,समवाये (samavāye),,Vidyut 0.4.0 produced no form in the bounded one-operation run; no grammatical prohibition is inferred.,not_admitted_engine_zero_unresolved
intensive,"[""04.0160"", ""meaning-7e172f9d8575""]",04.0160;05.0027,fDu~,vfdDO,वृद्धौ (vṛddhau),,Vidyut 0.4.0 produced no form in the bounded one-operation run; no grammatical prohibition is inferred.,not_admitted_engine_zero_unresolved
intensive,"[""05.0016"", ""meaning-0563d826057f""]",05.0016,A\px~,vyAptO,व्याप्तौ (vyāptau),,Vidyut 0.4.0 produced no form in the bounded one-operation run; no grammatical prohibition is inferred.,not_admitted_engine_zero_unresolved
intensive,"[""05.0029"", ""meaning-0563d826057f""]",05.0029,aha~,vyAptO,व्याप्तौ (vyāptau),,Vidyut 0.4.0 produced no form in the bounded one-operation run; no grammatical prohibition is inferred.,not_admitted_engine_zero_unresolved
intensive,"[""05.0034"", ""meaning-3bf7963ee53c""]",05.0034,ciri,hiMsAyAm,हिंसायाम् (hiṃsāyām),,Vidyut 0.4.0 produced no form in the bounded one-operation run; no grammatical prohibition is inferred.,not_admitted_engine_zero_unresolved
intensive,"[""05.0035"", ""meaning-3bf7963ee53c""]",05.0035,jiri,hiMsAyAm,हिंसायाम् (hiṃsāyām),,Vidyut 0.4.0 produced no form in the bounded one-operation run; no grammatical prohibition is inferred.,not_admitted_engine_zero_unresolved
intensive,"[""05.0038"", ""meaning-3bf7963ee53c""]",05.0038,f\kzi,hiMsAyAm,हिंसायाम् (hiṃsāyām),,Vidyut 0.4.0 produced no form in the bounded one-operation run; no grammatical prohibition is inferred.,not_admitted_engine_zero_unresolved
intensive,"[""06.0007"", ""meaning-5fa3d59b62c4""]",06.0007,fzI~,gatO,गतौ (gatau),,Vidyut 0.4.0 produced no form in the bounded one-operation run; no grammatical prohibition is inferred.,not_admitted_engine_zero_unresolved
intensive,"[""06.0016"", ""meaning-0d4257390ece""]",06.0016,fCa~,indriyapralaye,इन्द्रियप्रलये (indriyapralaye),,Vidyut 0.4.0 produced no form in the bounded one-operation run; no grammatical prohibition is inferred.,not_admitted_engine_zero_unresolved
intensive,"[""06.0016"", ""meaning-5fa3d59b62c4""]",06.0016,fCa~,gatO,गतौ (gatau),,Vidyut 0.4.0 produced no form in the bounded one-operation run; no grammatical prohibition is inferred.,not_admitted_engine_zero_unresolved
intensive,"[""06.0016"", ""meaning-b85b23756efc""]",06.0016,fCa~,mUrtiBAve,मूर्तिभावे (mūrtibhāve),,Vidyut 0.4.0 produced no form in the bounded one-operation run; no grammatical prohibition is inferred.,not_admitted_engine_zero_unresolved
intensive,"[""06.0022"", ""meaning-388ca6564d81""]",06.0022,fca~,stutO,स्तुतौ (stutau),,Vidyut 0.4.0 produced no form in the bounded one-operation run; no grammatical prohibition is inferred.,not_admitted_engine_zero_unresolved
intensive,"[""06.0022"", ""meaning-7345560b9c17""]",06.0022,fca~,dIptO,दीप्तौ (dīptau),,Vidyut 0.4.0 produced no form in the bounded one-operation run; no grammatical prohibition is inferred.,not_admitted_engine_zero_unresolved
intensive,"[""06.0023"", ""meaning-016eccac7f8b""]",06.0023,ubja~,Arjave,आर्जवे (ārjave),,Vidyut 0.4.0 produced no form in the bounded one-operation run; no grammatical prohibition is inferred.,not_admitted_engine_zero_unresolved
intensive,"[""06.0024"", ""meaning-e094055595ea""]",06.0024,ujJa~,utsarge,उत्सर्गे (utsarge),,Vidyut 0.4.0 produced no form in the bounded one-operation run; no grammatical prohibition is inferred.,not_admitted_engine_zero_unresolved
intensive,"[""06.0029"", ""meaning-3bf7963ee53c""]",06.0029,fha~,hiMsAyAm,हिंसायाम् (hiṃsāyām),,Vidyut 0.4.0 produced no form in the bounded one-operation run; no grammatical prohibition is inferred.,not_admitted_engine_zero_unresolved
intensive,"[""06.0029"", ""meaning-4ba2f112e2a1""]",06.0029,fha~,katTane,कत्थने (katthane),,Vidyut 0.4.0 produced no form in the bounded one-operation run; no grammatical prohibition is inferred.,not_admitted_engine_zero_unresolved
intensive,"[""06.0029"", ""meaning-53034c510d04""]",06.0029,fha~,nindAyAm,निन्दायाम् (nindāyām),,Vidyut 0.4.0 produced no form in the bounded one-operation run; no grammatical prohibition is inferred.,not_admitted_engine_zero_unresolved
intensive,"[""06.0029"", ""meaning-a71280a34aa6""]",06.0029,fha~,dAne,दाने (dāne),,Vidyut 0.4.0 produced no form in the bounded one-operation run; no grammatical prohibition is inferred.,not_admitted_engine_zero_unresolved
intensive,"[""06.0029"", ""meaning-cb8f3f842a8a""]",06.0029,fha~,yudDe,युद्धे (yuddhe),,Vidyut 0.4.0 produced no form in the bounded one-operation run; no grammatical prohibition is inferred.,not_admitted_engine_zero_unresolved
intensive,"[""06.0040"", ""meaning-3bf7963ee53c""]",06.0040,fPa~,hiMsAyAm,हिंसायाम् (hiṃsāyām),,Vidyut 0.4.0 produced no form in the bounded one-operation run; no grammatical prohibition is inferred.,not_admitted_engine_zero_unresolved
intensive,"[""06.0041"", ""meaning-3bf7963ee53c""]",06.0041,fnPa~,hiMsAyAm,हिंसायाम् (hiṃsāyām),,Vidyut 0.4.0 produced no form in the bounded one-operation run; no grammatical prohibition is inferred.,not_admitted_engine_zero_unresolved
intensive,"[""06.0044"", ""meaning-d763b2fae9b6""]",06.0044,uBa~,pUraRe,पूरणे (pūraṇe),,Vidyut 0.4.0 produced no form in the bounded one-operation run; no grammatical prohibition is inferred.,not_admitted_engine_zero_unresolved
intensive,"[""06.0045"", ""meaning-d763b2fae9b6""]",06.0045,unBa~,pUraRe,पूरणे (pūraṇe),,Vidyut 0.4.0 produced no form in the bounded one-operation run; no grammatical prohibition is inferred.,not_admitted_engine_zero_unresolved
intensive,"[""06.0078"", ""meaning-4d0ef93cc7a1""]",06.0078,izu~,icCAyAm,इच्छायाम् (icchāyām),,Vidyut 0.4.0 produced no form in the bounded one-operation run; no grammatical prohibition is inferred.,not_admitted_engine_zero_unresolved
intensive,"[""06.0084"", ""meaning-a4fa07c9086e""]",06.0084,ila~,svapne,स्वप्ने (svapne),,Vidyut 0.4.0 produced no form in the bounded one-operation run; no grammatical prohibition is inferred.,not_admitted_engine_zero_unresolved
intensive,"[""06.0084"", ""meaning-cf85e55c7b9a""]",06.0084,ila~,kzepaRe,क्षेपणे (kṣepaṇe),,Vidyut 0.4.0 produced no form in the bounded one-operation run; no grammatical prohibition is inferred.,not_admitted_engine_zero_unresolved
intensive,"[""06.0159"", ""meaning-5fa3d59b62c4""]",06.0159,viCa~,gatO,गतौ (gatau),,Vidyut 0.4.0 produced no form in the bounded one-operation run; no grammatical prohibition is inferred.,not_admitted_engine_zero_unresolved
intensive,"[""07.0011"", ""meaning-7345560b9c17""]",07.0011,YiinDI~\,dIptO,दीप्तौ (dīptau),,Vidyut 0.4.0 produced no form in the bounded one-operation run; no grammatical prohibition is inferred.,not_admitted_engine_zero_unresolved
intensive,"[""07.0020"", ""meaning-1aae1b74be2d""]",07.0020,undI~,kledane,क्लेदने (kledane),,Vidyut 0.4.0 produced no form in the bounded one-operation run; no grammatical prohibition is inferred.,not_admitted_engine_zero_unresolved
intensive,"[""07.0021"", ""meaning-5fa3d59b62c4""]",07.0021,anjU~,gatO,गतौ (gatau),,Vidyut 0.4.0 produced no form in the bounded one-operation run; no grammatical prohibition is inferred.,not_admitted_engine_zero_unresolved
intensive,"[""07.0021"", ""meaning-7ba414f5e3c0""]",07.0021,anjU~,kAntO,कान्तौ (kāntau),,Vidyut 0.4.0 produced no form in the bounded one-operation run; no grammatical prohibition is inferred.,not_admitted_engine_zero_unresolved
intensive,"[""07.0021"", ""meaning-a495a5bf9aca""]",07.0021,anjU~,mrakzaRe,म्रक्षणे (mrakṣaṇe),,Vidyut 0.4.0 produced no form in the bounded one-operation run; no grammatical prohibition is inferred.,not_admitted_engine_zero_unresolved
intensive,"[""07.0021"", ""meaning-d83aa0b8b803""]",07.0021,anjU~,vyaktO,व्यक्तौ (vyaktau),,Vidyut 0.4.0 produced no form in the bounded one-operation run; no grammatical prohibition is inferred.,not_admitted_engine_zero_unresolved
intensive,"[""08.0005"", ""meaning-5fa3d59b62c4""]",08.0005,fRu~^,gatO,गतौ (gatau),,Vidyut 0.4.0 produced no form in the bounded one-operation run; no grammatical prohibition is inferred.,not_admitted_engine_zero_unresolved
intensive,"[""09.0032"", ""meaning-5fa3d59b62c4""]",09.0032,F,gatO,गतौ (gatau),,Vidyut 0.4.0 produced no form in the bounded one-operation run; no grammatical prohibition is inferred.,not_admitted_engine_zero_unresolved
intensive,"[""09.0061"", ""meaning-7dc9cb001b4a""]",09.0061,iza~,ABIkzRye,आभीक्ष्ण्ये (ābhīkṣṇye),,Vidyut 0.4.0 produced no form in the bounded one-operation run; no grammatical prohibition is inferred.,not_admitted_engine_zero_unresolved
intensive,"[""10.0001"", ""meaning-ea619e8dba65""]",10.0001,cura~,steye,स्तेये (steye),,Vidyut 0.4.0 produced no form in the bounded one-operation run; no grammatical prohibition is inferred.,not_admitted_engine_zero_unresolved
intensive,"[""10.0006"", ""meaning-5042ee4bdbe7""]",10.0006;10.0219,lakza~,Alocane;darSane,आलोचने (ālocane);दर्शने (darśane),,Vidyut 0.4.0 produced no form in the bounded one-operation run; no grammatical prohibition is inferred.,not_admitted_engine_zero_unresolved
intensive,"[""10.0006"", ""meaning-ea5abf5b24b3""]",10.0006,lakza~,aNkane,अङ्कने (aṅkane),,Vidyut 0.4.0 produced no form in the bounded one-operation run; no grammatical prohibition is inferred.,not_admitted_engine_zero_unresolved
intensive,"[""10.0008"", ""meaning-a010c56017b0""]",10.0008,kudf~,anftaBAzaRe,अनृतभाषणे (anṛtabhāṣaṇe),,Vidyut 0.4.0 produced no form in the bounded one-operation run; no grammatical prohibition is inferred.,not_admitted_engine_zero_unresolved
intensive,"[""10.0010"", ""meaning-e70f6bac7ede""]",10.0010,laqa~,upasevAyAm,उपसेवायाम् (upasevāyām),,Vidyut 0.4.0 produced no form in the bounded one-operation run; no grammatical prohibition is inferred.,not_admitted_engine_zero_unresolved
intensive,"[""10.0012"", ""meaning-8c6231d20ac4""]",10.0012,mida~,snehane,स्नेहने (snehane),,Vidyut 0.4.0 produced no form in the bounded one-operation run; no grammatical prohibition is inferred.,not_admitted_engine_zero_unresolved
intensive,"[""10.0014"", ""meaning-8c6c87e51d61""]",10.0014,olaqi~,utkzepaRe,उत्क्षेपणे (utkṣepaṇe),,Vidyut 0.4.0 produced no form in the bounded one-operation run; no grammatical prohibition is inferred.,not_admitted_engine_zero_unresolved
intensive,"[""10.0015"", ""meaning-456b48da5b7f""]",10.0015,jala~,apavAraRe,अपवारणे (apavāraṇe),,Vidyut 0.4.0 produced no form in the bounded one-operation run; no grammatical prohibition is inferred.,not_admitted_engine_zero_unresolved
intensive,"[""10.0016"", ""meaning-456b48da5b7f""]",10.0016,laja~,apavAraRe,अपवारणे (apavāraṇe),,Vidyut 0.4.0 produced no form in the bounded one-operation run; no grammatical prohibition is inferred.,not_admitted_engine_zero_unresolved
intensive,"[""10.0017"", ""meaning-bf6670b8e0f3""]",10.0017,pIqa~,avagAhane,अवगाहने (avagāhane),,Vidyut 0.4.0 produced no form in the bounded one-operation run; no grammatical prohibition is inferred.,not_admitted_engine_zero_unresolved
intensive,"[""10.0018"", ""meaning-8083d7b458fd""]",10.0018,nawa~,avaspandane,अवस्पन्दने (avaspandane),,Vidyut 0.4.0 produced no form in the bounded one-operation run; no grammatical prohibition is inferred.,not_admitted_engine_zero_unresolved
intensive,"[""10.0019"", ""meaning-52a2ffd5acb5""]",10.0019,SraTa~,prayatne,प्रयत्ने (prayatne),,Vidyut 0.4.0 produced no form in the bounded one-operation run; no grammatical prohibition is inferred.,not_admitted_engine_zero_unresolved
intensive,"[""10.0020"", ""meaning-b73be7b5e74a""]",10.0020,baDa~,saMyamane,संयमने (saṃyamane),,Vidyut 0.4.0 produced no form in the bounded one-operation run; no grammatical prohibition is inferred.,not_admitted_engine_zero_unresolved
intensive,"[""10.0021"", ""meaning-b73be7b5e74a""]",10.0021,banDa~,saMyamane,संयमने (saṃyamane),,Vidyut 0.4.0 produced no form in the bounded one-operation run; no grammatical prohibition is inferred.,not_admitted_engine_zero_unresolved
intensive,"[""10.0023"", ""meaning-56d911123328""]",10.0023,urja~,bale,बले (bale),,Vidyut 0.4.0 produced no form in the bounded one-operation run; no grammatical prohibition is inferred.,not_admitted_engine_zero_unresolved
intensive,"[""10.0023"", ""meaning-8f0940e4608a""]",10.0023,urja~,prARane,प्राणने (prāṇane),,Vidyut 0.4.0 produced no form in the bounded one-operation run; no grammatical prohibition is inferred.,not_admitted_engine_zero_unresolved
intensive,"[""10.0024"", ""meaning-bcd2fe1559df""]",10.0024,pakza~,parigrahe,परिग्रहे (parigrahe),,Vidyut 0.4.0 produced no form in the bounded one-operation run; no grammatical prohibition is inferred.,not_admitted_engine_zero_unresolved
intensive,"[""10.0025"", ""meaning-556802d0e7f6""]",10.0025,varRa~,preraRe,प्रेरणे (preraṇe),,Vidyut 0.4.0 produced no form in the bounded one-operation run; no grammatical prohibition is inferred.,not_admitted_engine_zero_unresolved
intensive,"[""10.0026"", ""meaning-556802d0e7f6""]",10.0026,curRa~,preraRe,प्रेरणे (preraṇe),,Vidyut 0.4.0 produced no form in the bounded one-operation run; no grammatical prohibition is inferred.,not_admitted_engine_zero_unresolved
intensive,"[""10.0027"", ""meaning-bcc0f228a822""]",10.0027,praTa~,praKyAne,प्रख्याने (prakhyāne),,Vidyut 0.4.0 produced no form in the bounded one-operation run; no grammatical prohibition is inferred.,not_admitted_engine_zero_unresolved
intensive,"[""10.0028"", ""meaning-169a5b3eab06""]",10.0028,pfTa~,prakzepe,प्रक्षेपे (prakṣepe),,Vidyut 0.4.0 produced no form in the bounded one-operation run; no grammatical prohibition is inferred.,not_admitted_engine_zero_unresolved
intensive,"[""10.0029"", ""meaning-169a5b3eab06""]",10.0029,paTa~,prakzepe,प्रक्षेपे (prakṣepe),,Vidyut 0.4.0 produced no form in the bounded one-operation run; no grammatical prohibition is inferred.,not_admitted_engine_zero_unresolved
intensive,"[""10.0030"", ""meaning-c91eda6b781c""]",10.0030,zanba~,sambanDane,सम्बन्धने (sambandhane),,Vidyut 0.4.0 produced no form in the bounded one-operation run; no grammatical prohibition is inferred.,not_admitted_engine_zero_unresolved
intensive,"[""10.0031"", ""meaning-c91eda6b781c""]",10.0031,Sanba~,sambanDane,सम्बन्धने (sambandhane),,Vidyut 0.4.0 produced no form in the bounded one-operation run; no grammatical prohibition is inferred.,not_admitted_engine_zero_unresolved
intensive,"[""10.0032"", ""meaning-c91eda6b781c""]",10.0032,sAnba~,sambanDane,सम्बन्धने (sambandhane),,Vidyut 0.4.0 produced no form in the bounded one-operation run; no grammatical prohibition is inferred.,not_admitted_engine_zero_unresolved
intensive,"[""10.0033"", ""meaning-12098753fdb8""]",10.0033,Bakza~,adane,अदने (adane),,Vidyut 0.4.0 produced no form in the bounded one-operation run; no grammatical prohibition is inferred.,not_admitted_engine_zero_unresolved
intensive,"[""10.0034"", ""meaning-419b680bba71""]",10.0034,kuwwa~,Bartsane,भर्त्सने (bhartsane),,Vidyut 0.4.0 produced no form in the bounded one-operation run; no grammatical prohibition is inferred.,not_admitted_engine_zero_unresolved
intensive,"[""10.0034"", ""meaning-c070dfa2517d""]",10.0034,kuwwa~,Cedane,छेदने (chedane),,Vidyut 0.4.0 produced no form in the bounded one-operation run; no grammatical prohibition is inferred.,not_admitted_engine_zero_unresolved
intensive,"[""10.0035"", ""meaning-281d6ceca229""]",10.0035,puwwa~,alpIBAve,अल्पीभावे (alpībhāve),,Vidyut 0.4.0 produced no form in the bounded one-operation run; no grammatical prohibition is inferred.,not_admitted_engine_zero_unresolved
intensive,"[""10.0036"", ""meaning-281d6ceca229""]",10.0036,cuwwa~,alpIBAve,अल्पीभावे (alpībhāve),,Vidyut 0.4.0 produced no form in the bounded one-operation run; no grammatical prohibition is inferred.,not_admitted_engine_zero_unresolved
intensive,"[""10.0037"", ""meaning-f0e843d6616f""]",10.0037,adwa~,anAdare,अनादरे (anādare),,Vidyut 0.4.0 produced no form in the bounded one-operation run; no grammatical prohibition is inferred.,not_admitted_engine_zero_unresolved
intensive,"[""10.0038"", ""meaning-f0e843d6616f""]",10.0038,zuwwa~,anAdare,अनादरे (anādare),,Vidyut 0.4.0 produced no form in the bounded one-operation run; no grammatical prohibition is inferred.,not_admitted_engine_zero_unresolved
intensive,"[""10.0039"", ""meaning-ea619e8dba65""]",10.0039,lunwa~,steye,स्तेये (steye),,Vidyut 0.4.0 produced no form in the bounded one-operation run; no grammatical prohibition is inferred.,not_admitted_engine_zero_unresolved
intensive,"[""10.0040"", ""meaning-ea619e8dba65""]",10.0040,lunWa~,steye,स्तेये (steye),,Vidyut 0.4.0 produced no form in the bounded one-operation run; no grammatical prohibition is inferred.,not_admitted_engine_zero_unresolved
intensive,"[""10.0041"", ""meaning-50de7e3502c9""]",10.0041,SaWa~,asaMskAre,असंस्कारे (asaṃskāre),,Vidyut 0.4.0 produced no form in the bounded one-operation run; no grammatical prohibition is inferred.,not_admitted_engine_zero_unresolved
intensive,"[""10.0041"", ""meaning-5fa3d59b62c4""]",10.0041,SaWa~,gatO,गतौ (gatau),,Vidyut 0.4.0 produced no form in the bounded one-operation run; no grammatical prohibition is inferred.,not_admitted_engine_zero_unresolved
intensive,"[""10.0042"", ""meaning-50de7e3502c9""]",10.0042,SvaWa~,asaMskAre,असंस्कारे (asaṃskāre),,Vidyut 0.4.0 produced no form in the bounded one-operation run; no grammatical prohibition is inferred.,not_admitted_engine_zero_unresolved
intensive,"[""10.0042"", ""meaning-5fa3d59b62c4""]",10.0042,SvaWa~,gatO,गतौ (gatau),,Vidyut 0.4.0 produced no form in the bounded one-operation run; no grammatical prohibition is inferred.,not_admitted_engine_zero_unresolved
intensive,"[""10.0044"", ""meaning-7d5a8a506fb0""]",10.0044,tuja~,niketane,निकेतने (niketane),,Vidyut 0.4.0 produced no form in the bounded one-operation run; no grammatical prohibition is inferred.,not_admitted_engine_zero_unresolved
intensive,"[""10.0044"", ""meaning-91cb8c95f040""]",10.0044,tuja~,balAdAne,बलादाने (balādāne),,Vidyut 0.4.0 produced no form in the bounded one-operation run; no grammatical prohibition is inferred.,not_admitted_engine_zero_unresolved
intensive,"[""10.0046"", ""meaning-3bf7963ee53c""]",10.0046,pija~,hiMsAyAm,हिंसायाम् (hiṃsāyām),,Vidyut 0.4.0 produced no form in the bounded one-operation run; no grammatical prohibition is inferred.,not_admitted_engine_zero_unresolved
intensive,"[""10.0046"", ""meaning-7d5a8a506fb0""]",10.0046,pija~,niketane,निकेतने (niketane),,Vidyut 0.4.0 produced no form in the bounded one-operation run; no grammatical prohibition is inferred.,not_admitted_engine_zero_unresolved
intensive,"[""10.0046"", ""meaning-91cb8c95f040""]",10.0046,pija~,balAdAne,बलादाने (balādāne),,Vidyut 0.4.0 produced no form in the bounded one-operation run; no grammatical prohibition is inferred.,not_admitted_engine_zero_unresolved
intensive,"[""10.0050"", ""meaning-5fa3d59b62c4""]",10.0050,pisa~,gatO,गतौ (gatau),,Vidyut 0.4.0 produced no form in the bounded one-operation run; no grammatical prohibition is inferred.,not_admitted_engine_zero_unresolved
intensive,"[""10.0051"", ""meaning-9e25650c7acd""]",10.0051,zAntva~,sAmaprayoge,सामप्रयोगे (sāmaprayoge),,Vidyut 0.4.0 produced no form in the bounded one-operation run; no grammatical prohibition is inferred.,not_admitted_engine_zero_unresolved
intensive,"[""10.0052"", ""meaning-9e25650c7acd""]",10.0052,sAntva~,sAmaprayoge,सामप्रयोगे (sāmaprayoge),,Vidyut 0.4.0 produced no form in the bounded one-operation run; no grammatical prohibition is inferred.,not_admitted_engine_zero_unresolved
intensive,"[""10.0053"", ""meaning-6c1cf9a54ef6""]",10.0053,Svalka~,pariBAzaRe,परिभाषणे (paribhāṣaṇe),,Vidyut 0.4.0 produced no form in the bounded one-operation run; no grammatical prohibition is inferred.,not_admitted_engine_zero_unresolved
intensive,"[""10.0054"", ""meaning-6c1cf9a54ef6""]",10.0054,valka~,pariBAzaRe,परिभाषणे (paribhāṣaṇe),,Vidyut 0.4.0 produced no form in the bounded one-operation run; no grammatical prohibition is inferred.,not_admitted_engine_zero_unresolved
intensive,"[""10.0055"", ""meaning-8c6231d20ac4""]",10.0055,zRiha~,snehane,स्नेहने (snehane),,Vidyut 0.4.0 produced no form in the bounded one-operation run; no grammatical prohibition is inferred.,not_admitted_engine_zero_unresolved
intensive,"[""10.0056"", ""meaning-3bf7963ee53c""]",10.0056,sPiwa~,hiMsAyAm,हिंसायाम् (hiṃsāyām),,Vidyut 0.4.0 produced no form in the bounded one-operation run; no grammatical prohibition is inferred.,not_admitted_engine_zero_unresolved
intensive,"[""10.0057"", ""meaning-f0e843d6616f""]",10.0057,smiwa~,anAdare,अनादरे (anādare),,Vidyut 0.4.0 produced no form in the bounded one-operation run; no grammatical prohibition is inferred.,not_admitted_engine_zero_unresolved
intensive,"[""10.0058"", ""meaning-f0e843d6616f""]",10.0058,zmiN,anAdare,अनादरे (anādare),,Vidyut 0.4.0 produced no form in the bounded one-operation run; no grammatical prohibition is inferred.,not_admitted_engine_zero_unresolved
intensive,"[""10.0059"", ""meaning-d5f33ed970a6""]",10.0059,Sliza~,SlezaRe,श्लेषणे (śleṣaṇe),,Vidyut 0.4.0 produced no form in the bounded one-operation run; no grammatical prohibition is inferred.,not_admitted_engine_zero_unresolved
intensive,"[""10.0061"", ""meaning-85abd1bf967a""]",10.0061,piCa~,kuwwane,कुट्टने (kuṭṭane),,Vidyut 0.4.0 produced no form in the bounded one-operation run; no grammatical prohibition is inferred.,not_admitted_engine_zero_unresolved
intensive,"[""10.0063"", ""meaning-a71280a34aa6""]",10.0063,SraRa~,dAne,दाने (dāne),,Vidyut 0.4.0 produced no form in the bounded one-operation run; no grammatical prohibition is inferred.,not_admitted_engine_zero_unresolved
intensive,"[""10.0064"", ""meaning-9cadb6e10abf""]",10.0064,taqa~,AGAte,आघाते (āghāte),,Vidyut 0.4.0 produced no form in the bounded one-operation run; no grammatical prohibition is inferred.,not_admitted_engine_zero_unresolved
intensive,"[""10.0065"", ""meaning-12d930b48839""]",10.0065,Kaqa~,Bedane,भेदने (bhedane),,Vidyut 0.4.0 produced no form in the bounded one-operation run; no grammatical prohibition is inferred.,not_admitted_engine_zero_unresolved
intensive,"[""10.0078"", ""meaning-c3f774eabe82""]",10.0078,Carda~,vamane,वमने (vamane),,Vidyut 0.4.0 produced no form in the bounded one-operation run; no grammatical prohibition is inferred.,not_admitted_engine_zero_unresolved
intensive,"[""10.0079"", ""meaning-889fafdbed6d""]",10.0079,pusta~,Adare,आदरे (ādare),,Vidyut 0.4.0 produced no form in the bounded one-operation run; no grammatical prohibition is inferred.,not_admitted_engine_zero_unresolved
intensive,"[""10.0079"", ""meaning-f0e843d6616f""]",10.0079,pusta~,anAdare,अनादरे (anādare),,Vidyut 0.4.0 produced no form in the bounded one-operation run; no grammatical prohibition is inferred.,not_admitted_engine_zero_unresolved
intensive,"[""10.0080"", ""meaning-889fafdbed6d""]",10.0080,busta~,Adare,आदरे (ādare),,Vidyut 0.4.0 produced no form in the bounded one-operation run; no grammatical prohibition is inferred.,not_admitted_engine_zero_unresolved
intensive,"[""10.0080"", ""meaning-f0e843d6616f""]",10.0080,busta~,anAdare,अनादरे (anādare),,Vidyut 0.4.0 produced no form in the bounded one-operation run; no grammatical prohibition is inferred.,not_admitted_engine_zero_unresolved
intensive,"[""10.0081"", ""meaning-de6f6d76c11b""]",10.0081,cuda~,saYcodane,सञ्चोदने (sañcodane),,Vidyut 0.4.0 produced no form in the bounded one-operation run; no grammatical prohibition is inferred.,not_admitted_engine_zero_unresolved
intensive,"[""10.0082"", ""meaning-4c7246e8c3c8""]",10.0082,nakka~,nASane,नाशने (nāśane),,Vidyut 0.4.0 produced no form in the bounded one-operation run; no grammatical prohibition is inferred.,not_admitted_engine_zero_unresolved
intensive,"[""10.0083"", ""meaning-4c7246e8c3c8""]",10.0083,Dakka~,nASane,नाशने (nāśane),,Vidyut 0.4.0 produced no form in the bounded one-operation run; no grammatical prohibition is inferred.,not_admitted_engine_zero_unresolved
intensive,"[""10.0084"", ""meaning-83c2bd6d47b1""]",10.0084,cakka~,vyaTane,व्यथने (vyathane),,Vidyut 0.4.0 produced no form in the bounded one-operation run; no grammatical prohibition is inferred.,not_admitted_engine_zero_unresolved
intensive,"[""10.0085"", ""meaning-83c2bd6d47b1""]",10.0085,cukka~,vyaTane,व्यथने (vyathane),,Vidyut 0.4.0 produced no form in the bounded one-operation run; no grammatical prohibition is inferred.,not_admitted_engine_zero_unresolved
intensive,"[""10.0086"", ""meaning-37bf2b36570a""]",10.0086,kzala~,SOcakarmaRi,शौचकर्मणि (śaucakarmaṇi),,Vidyut 0.4.0 produced no form in the bounded one-operation run; no grammatical prohibition is inferred.,not_admitted_engine_zero_unresolved
intensive,"[""10.0087"", ""meaning-83e37f3a87c4""]",10.0087,tala~,pratizWAyAm,प्रतिष्ठायाम् (pratiṣṭhāyām),,Vidyut 0.4.0 produced no form in the bounded one-operation run; no grammatical prohibition is inferred.,not_admitted_engine_zero_unresolved
intensive,"[""10.0088"", ""meaning-ac2dcce56c30""]",10.0088,tula~,unmAne,उन्माने (unmāne),,Vidyut 0.4.0 produced no form in the bounded one-operation run; no grammatical prohibition is inferred.,not_admitted_engine_zero_unresolved
intensive,"[""10.0089"", ""meaning-acb7f40f2928""]",10.0089,dula~,utkzepe,उत्क्षेपे (utkṣepe),,Vidyut 0.4.0 produced no form in the bounded one-operation run; no grammatical prohibition is inferred.,not_admitted_engine_zero_unresolved
intensive,"[""10.0091"", ""meaning-0ccec38bfd14""]",10.0091,cula~,samucCrAye,समुच्छ्राये (samucchrāye),,Vidyut 0.4.0 produced no form in the bounded one-operation run; no grammatical prohibition is inferred.,not_admitted_engine_zero_unresolved
intensive,"[""10.0092"", ""meaning-5c8333df6b05""]",10.0092,mUla~,rohaRe,रोहणे (rohaṇe),,Vidyut 0.4.0 produced no form in the bounded one-operation run; no grammatical prohibition is inferred.,not_admitted_engine_zero_unresolved
intensive,"[""10.0093"", ""meaning-029b9634ef9c""]",10.0093,kala~,kzepe,क्षेपे (kṣepe),,Vidyut 0.4.0 produced no form in the bounded one-operation run; no grammatical prohibition is inferred.,not_admitted_engine_zero_unresolved
intensive,"[""10.0094"", ""meaning-029b9634ef9c""]",10.0094,vila~,kzepe,क्षेपे (kṣepe),,Vidyut 0.4.0 produced no form in the bounded one-operation run; no grammatical prohibition is inferred.,not_admitted_engine_zero_unresolved
intensive,"[""10.0097"", ""meaning-e454b0959a54""]",10.0097,cala~,BftO,भृतौ (bhṛtau),,Vidyut 0.4.0 produced no form in the bounded one-operation run; no grammatical prohibition is inferred.,not_admitted_engine_zero_unresolved
intensive,"[""10.0098"", ""meaning-0ce6231987c9""]",10.0098,pAla~,rakzaRe,रक्षणे (rakṣaṇe),,Vidyut 0.4.0 produced no form in the bounded one-operation run; no grammatical prohibition is inferred.,not_admitted_engine_zero_unresolved
intensive,"[""10.0099"", ""meaning-0ce6231987c9""]",10.0099,pala~,rakzaRe,रक्षणे (rakṣaṇe),,Vidyut 0.4.0 produced no form in the bounded one-operation run; no grammatical prohibition is inferred.,not_admitted_engine_zero_unresolved
intensive,"[""10.0100"", ""meaning-3bf7963ee53c""]",10.0100,lUza~,hiMsAyAm,हिंसायाम् (hiṃsāyām),,Vidyut 0.4.0 produced no form in the bounded one-operation run; no grammatical prohibition is inferred.,not_admitted_engine_zero_unresolved
intensive,"[""10.0101"", ""meaning-8b8700ed2466""]",10.0101,Sulba~,mAne,माने (māne),,Vidyut 0.4.0 produced no form in the bounded one-operation run; no grammatical prohibition is inferred.,not_admitted_engine_zero_unresolved
intensive,"[""10.0102"", ""meaning-8b8700ed2466""]",10.0102,SUrpa~,mAne,माने (māne),,Vidyut 0.4.0 produced no form in the bounded one-operation run; no grammatical prohibition is inferred.,not_admitted_engine_zero_unresolved
intensive,"[""10.0104"", ""meaning-557772409059""]",10.0104,muwa~,saYcUrRane,सञ्चूर्णने (sañcūrṇane),,Vidyut 0.4.0 produced no form in the bounded one-operation run; no grammatical prohibition is inferred.,not_admitted_engine_zero_unresolved
intensive,"[""10.0105"", ""meaning-8c6c87e51d61""]",10.0105,ulaqi~,utkzepaRe,उत्क्षेपणे (utkṣepaṇe),,Vidyut 0.4.0 produced no form in the bounded one-operation run; no grammatical prohibition is inferred.,not_admitted_engine_zero_unresolved
intensive,"[""10.0108"", ""meaning-22612fd355b3""]",10.0108,mArga,saMskAre,संस्कारे (saṃskāre),,Vidyut 0.4.0 produced no form in the bounded one-operation run; no grammatical prohibition is inferred.,not_admitted_engine_zero_unresolved
intensive,"[""10.0108"", ""meaning-5fa3d59b62c4""]",10.0108,mArga,gatO,गतौ (gatau),,Vidyut 0.4.0 produced no form in the bounded one-operation run; no grammatical prohibition is inferred.,not_admitted_engine_zero_unresolved
intensive,"[""10.0109"", ""meaning-22612fd355b3""]",10.0109,vraja~,saMskAre,संस्कारे (saṃskāre),,Vidyut 0.4.0 produced no form in the bounded one-operation run; no grammatical prohibition is inferred.,not_admitted_engine_zero_unresolved
intensive,"[""10.0110"", ""meaning-635311d3f114""]",10.0110,Sulka~,atisparSane,अतिस्पर्शने (atisparśane),,Vidyut 0.4.0 produced no form in the bounded one-operation run; no grammatical prohibition is inferred.,not_admitted_engine_zero_unresolved
intensive,"[""10.0115"", ""meaning-bebe0cdf773e""]",10.0115,Svarta~,gatyAm,गत्याम् (gatyām),,Vidyut 0.4.0 produced no form in the bounded one-operation run; no grammatical prohibition is inferred.,not_admitted_engine_zero_unresolved
intensive,"[""10.0116"", ""meaning-bebe0cdf773e""]",10.0116,svarta~,gatyAm,गत्याम् (gatyām),,Vidyut 0.4.0 produced no form in the bounded one-operation run; no grammatical prohibition is inferred.,not_admitted_engine_zero_unresolved
intensive,"[""10.0116"", ""meaning-c86d0da0b44f""]",10.0116,svarta~,kfcCrajIvane,कृच्छ्रजीवने (kṛcchrajīvane),,Vidyut 0.4.0 produced no form in the bounded one-operation run; no grammatical prohibition is inferred.,not_admitted_engine_zero_unresolved
intensive,"[""10.0117"", ""meaning-bebe0cdf773e""]",10.0117,SvaBra~,gatyAm,गत्याम् (gatyām),,Vidyut 0.4.0 produced no form in the bounded one-operation run; no grammatical prohibition is inferred.,not_admitted_engine_zero_unresolved
intensive,"[""10.0118"", ""meaning-b8db2a479911""]",10.0118,jYapa~,jYAne,ज्ञाने (jñāne),,Vidyut 0.4.0 produced no form in the bounded one-operation run; no grammatical prohibition is inferred.,not_admitted_engine_zero_unresolved
intensive,"[""10.0118"", ""meaning-da80675a3d08""]",10.0118,jYapa~,jYApane,ज्ञापने (jñāpane),,Vidyut 0.4.0 produced no form in the bounded one-operation run; no grammatical prohibition is inferred.,not_admitted_engine_zero_unresolved
intensive,"[""10.0119"", ""meaning-bf696131e8cf""]",10.0119,yama~,parivezaRe,परिवेषणे (pariveṣaṇe),,Vidyut 0.4.0 produced no form in the bounded one-operation run; no grammatical prohibition is inferred.,not_admitted_engine_zero_unresolved
intensive,"[""10.0121"", ""meaning-749f57a3abd3""]",10.0121,capa~,parikalpane,परिकल्पने (parikalpane),,Vidyut 0.4.0 produced no form in the bounded one-operation run; no grammatical prohibition is inferred.,not_admitted_engine_zero_unresolved
intensive,"[""10.0125"", ""meaning-ded5b8f0e366""]",10.0125,Gawwa~,calane,चलने (calane),,Vidyut 0.4.0 produced no form in the bounded one-operation run; no grammatical prohibition is inferred.,not_admitted_engine_zero_unresolved
intensive,"[""10.0126"", ""meaning-1685c224b9c2""]",10.0126,musta~,saNGAte,सङ्घाते (saṅghāte),,Vidyut 0.4.0 produced no form in the bounded one-operation run; no grammatical prohibition is inferred.,not_admitted_engine_zero_unresolved
intensive,"[""10.0127"", ""meaning-f3eb70b0f3cb""]",10.0127,Kawwa~,saMvaraRe,संवरणे (saṃvaraṇe),,Vidyut 0.4.0 produced no form in the bounded one-operation run; no grammatical prohibition is inferred.,not_admitted_engine_zero_unresolved
intensive,"[""10.0128"", ""meaning-3bf7963ee53c""]",10.0128,zawwa~,hiMsAyAm,हिंसायाम् (hiṃsāyām),,Vidyut 0.4.0 produced no form in the bounded one-operation run; no grammatical prohibition is inferred.,not_admitted_engine_zero_unresolved
intensive,"[""10.0129"", ""meaning-3bf7963ee53c""]",10.0129,sPiwwa~,hiMsAyAm,हिंसायाम् (hiṃsāyām),,Vidyut 0.4.0 produced no form in the bounded one-operation run; no grammatical prohibition is inferred.,not_admitted_engine_zero_unresolved
intensive,"[""10.0131"", ""meaning-1685c224b9c2""]",10.0131,pula~,saNGAte,सङ्घाते (saṅghāte),,Vidyut 0.4.0 produced no form in the bounded one-operation run; no grammatical prohibition is inferred.,not_admitted_engine_zero_unresolved
intensive,"[""10.0132"", ""meaning-1685c224b9c2""]",10.0132,pUrRa~,saNGAte,सङ्घाते (saṅghāte),,Vidyut 0.4.0 produced no form in the bounded one-operation run; no grammatical prohibition is inferred.,not_admitted_engine_zero_unresolved
intensive,"[""10.0133"", ""meaning-1685c224b9c2""]",10.0133,puRa~,saNGAte,सङ्घाते (saṅghāte),,Vidyut 0.4.0 produced no form in the bounded one-operation run; no grammatical prohibition is inferred.,not_admitted_engine_zero_unresolved
intensive,"[""10.0134"", ""meaning-1556a33eeaae""]",10.0134,punsa~,aBivarDane,अभिवर्धने (abhivardhane),,Vidyut 0.4.0 produced no form in the bounded one-operation run; no grammatical prohibition is inferred.,not_admitted_engine_zero_unresolved
intensive,"[""10.0136"", ""meaning-33b0dcc01e79""]",10.0136,vyapa~,kzaye,क्षये (kṣaye),,Vidyut 0.4.0 produced no form in the bounded one-operation run; no grammatical prohibition is inferred.,not_admitted_engine_zero_unresolved
intensive,"[""10.0137"", ""meaning-33b0dcc01e79""]",10.0137,vyaya~,kzaye,क्षये (kṣaye),,Vidyut 0.4.0 produced no form in the bounded one-operation run; no grammatical prohibition is inferred.,not_admitted_engine_zero_unresolved
intensive,"[""10.0139"", ""meaning-accea2e337d0""]",10.0139,DUsa~,kAntikaraRe,कान्तिकरणे (kāntikaraṇe),,Vidyut 0.4.0 produced no form in the bounded one-operation run; no grammatical prohibition is inferred.,not_admitted_engine_zero_unresolved
intensive,"[""10.0140"", ""meaning-accea2e337d0""]",10.0140,DUza~,kAntikaraRe,कान्तिकरणे (kāntikaraṇe),,Vidyut 0.4.0 produced no form in the bounded one-operation run; no grammatical prohibition is inferred.,not_admitted_engine_zero_unresolved
intensive,"[""10.0141"", ""meaning-accea2e337d0""]",10.0141,DUSa~,kAntikaraRe,कान्तिकरणे (kāntikaraṇe),,Vidyut 0.4.0 produced no form in the bounded one-operation run; no grammatical prohibition is inferred.,not_admitted_engine_zero_unresolved
intensive,"[""10.0142"", ""meaning-883d27e2b0bc""]",10.0142,kIwa~,varRe,वर्णे (varṇe),,Vidyut 0.4.0 produced no form in the bounded one-operation run; no grammatical prohibition is inferred.,not_admitted_engine_zero_unresolved
intensive,"[""10.0143"", ""meaning-00f1d7412e01""]",10.0143,cUrRa~,saNkocane,सङ्कोचने (saṅkocane),,Vidyut 0.4.0 produced no form in the bounded one-operation run; no grammatical prohibition is inferred.,not_admitted_engine_zero_unresolved
intensive,"[""10.0144"", ""meaning-a8644e0580a4""]",10.0144,pUja~,pUjAyAm,पूजायाम् (pūjāyām),,Vidyut 0.4.0 produced no form in the bounded one-operation run; no grammatical prohibition is inferred.,not_admitted_engine_zero_unresolved
intensive,"[""10.0145"", ""meaning-5b9ee2b51aea""]",10.0145,arka~,stavane,स्तवने (stavane),,Vidyut 0.4.0 produced no form in the bounded one-operation run; no grammatical prohibition is inferred.,not_admitted_engine_zero_unresolved
intensive,"[""10.0146"", ""meaning-55c57dae89ef""]",10.0146,SuWa~,Alasye,आलस्ये (ālasye),,Vidyut 0.4.0 produced no form in the bounded one-operation run; no grammatical prohibition is inferred.,not_admitted_engine_zero_unresolved
intensive,"[""10.0148"", ""meaning-556802d0e7f6""]",10.0148,juqa~,preraRe,प्रेरणे (preraṇe),,Vidyut 0.4.0 produced no form in the bounded one-operation run; no grammatical prohibition is inferred.,not_admitted_engine_zero_unresolved
intensive,"[""10.0150"", ""meaning-3aceb4350b07""]",10.0150,mArja~,SabdArTe,शब्दार्थे (śabdārthe),,Vidyut 0.4.0 produced no form in the bounded one-operation run; no grammatical prohibition is inferred.,not_admitted_engine_zero_unresolved
intensive,"[""10.0151"", ""meaning-3aceb4350b07""]",10.0151,marca~,SabdArTe,शब्दार्थे (śabdārthe),,Vidyut 0.4.0 produced no form in the bounded one-operation run; no grammatical prohibition is inferred.,not_admitted_engine_zero_unresolved
intensive,"[""10.0152"", ""meaning-7f40d6a1ba16""]",10.0152,Gf,prasravaRe,प्रस्रवणे (prasravaṇe),,Vidyut 0.4.0 produced no form in the bounded one-operation run; no grammatical prohibition is inferred.,not_admitted_engine_zero_unresolved
intensive,"[""10.0154"", ""meaning-0dfaedb6863c""]",10.0154,tija~,niSAne,निशाने (niśāne),,Vidyut 0.4.0 produced no form in the bounded one-operation run; no grammatical prohibition is inferred.,not_admitted_engine_zero_unresolved
intensive,"[""10.0155"", ""meaning-b21f3779e95b""]",10.0155,kFta~,saMSabdane,संशब्दने (saṃśabdane),,Vidyut 0.4.0 produced no form in the bounded one-operation run; no grammatical prohibition is inferred.,not_admitted_engine_zero_unresolved
intensive,"[""10.0156"", ""meaning-c070dfa2517d""]",10.0156,varDa~,Cedane,छेदने (chedane),,Vidyut 0.4.0 produced no form in the bounded one-operation run; no grammatical prohibition is inferred.,not_admitted_engine_zero_unresolved
intensive,"[""10.0156"", ""meaning-d763b2fae9b6""]",10.0156,varDa~,pUraRe,पूरणे (pūraṇe),,Vidyut 0.4.0 produced no form in the bounded one-operation run; no grammatical prohibition is inferred.,not_admitted_engine_zero_unresolved
intensive,"[""10.0161"", ""meaning-24b37b2743da""]",10.0161,hlapa~,vyaktAyAM vAci,व्यक्तायां वाचि (vyaktāyāṃ vāci),,Vidyut 0.4.0 produced no form in the bounded one-operation run; no grammatical prohibition is inferred.,not_admitted_engine_zero_unresolved
intensive,"[""10.0162"", ""meaning-24b37b2743da""]",10.0162,klapa~,vyaktAyAM vAci,व्यक्तायां वाचि (vyaktāyāṃ vāci),,Vidyut 0.4.0 produced no form in the bounded one-operation run; no grammatical prohibition is inferred.,not_admitted_engine_zero_unresolved
intensive,"[""10.0163"", ""meaning-24b37b2743da""]",10.0163,hrapa~,vyaktAyAM vAci,व्यक्तायां वाचि (vyaktāyāṃ vāci),,Vidyut 0.4.0 produced no form in the bounded one-operation run; no grammatical prohibition is inferred.,not_admitted_engine_zero_unresolved
intensive,"[""10.0165"", ""meaning-3bf7963ee53c""]",10.0165,brIsa~,hiMsAyAm,हिंसायाम् (hiṃsāyām),,Vidyut 0.4.0 produced no form in the bounded one-operation run; no grammatical prohibition is inferred.,not_admitted_engine_zero_unresolved
intensive,"[""10.0167"", ""meaning-556802d0e7f6""]",10.0167,ila~,preraRe,प्रेरणे (preraṇe),,Vidyut 0.4.0 produced no form in the bounded one-operation run; no grammatical prohibition is inferred.,not_admitted_engine_zero_unresolved
intensive,"[""10.0168"", ""meaning-632596b6d16f""]",10.0168,mrakza~,mlecCane,म्लेच्छने (mlecchane),,Vidyut 0.4.0 produced no form in the bounded one-operation run; no grammatical prohibition is inferred.,not_admitted_engine_zero_unresolved
intensive,"[""10.0169"", ""meaning-1685c224b9c2""]",10.0169,asta~,saNGAte,सङ्घाते (saṅghāte),,Vidyut 0.4.0 produced no form in the bounded one-operation run; no grammatical prohibition is inferred.,not_admitted_engine_zero_unresolved
intensive,"[""10.0172"", ""meaning-3bf7963ee53c""]",10.0172,brUsa~,hiMsAyAm,हिंसायाम् (hiṃsāyām),,Vidyut 0.4.0 produced no form in the bounded one-operation run; no grammatical prohibition is inferred.,not_admitted_engine_zero_unresolved
intensive,"[""10.0173"", ""meaning-3bf7963ee53c""]",10.0173,barha~,hiMsAyAm,हिंसायाम् (hiṃsāyām),,Vidyut 0.4.0 produced no form in the bounded one-operation run; no grammatical prohibition is inferred.,not_admitted_engine_zero_unresolved
intensive,"[""10.0175"", ""meaning-85abd1bf967a""]",10.0175,picca~,kuwwane,कुट्टने (kuṭṭane),,Vidyut 0.4.0 produced no form in the bounded one-operation run; no grammatical prohibition is inferred.,not_admitted_engine_zero_unresolved
intensive,"[""10.0176"", ""meaning-e10d81bdde67""]",10.0176,bula~,nimajjane,निमज्जने (nimajjane),,Vidyut 0.4.0 produced no form in the bounded one-operation run; no grammatical prohibition is inferred.,not_admitted_engine_zero_unresolved
intensive,"[""10.0179"", ""meaning-6ba2baa67738""]",10.0179,garDa~,aBikANkzAyAm,अभिकाङ्क्षायाम् (abhikāṅkṣāyām),,Vidyut 0.4.0 produced no form in the bounded one-operation run; no grammatical prohibition is inferred.,not_admitted_engine_zero_unresolved
intensive,"[""10.0180"", ""meaning-6c00ddca8a5c""]",10.0180,gurda~,pUrvaniketane,पूर्वनिकेतने (pūrvaniketane),,Vidyut 0.4.0 produced no form in the bounded one-operation run; no grammatical prohibition is inferred.,not_admitted_engine_zero_unresolved
intensive,"[""10.0181"", ""meaning-7d5a8a506fb0""]",10.0181,pUrva~,niketane,निकेतने (niketane),,Vidyut 0.4.0 produced no form in the bounded one-operation run; no grammatical prohibition is inferred.,not_admitted_engine_zero_unresolved
intensive,"[""10.0183"", ""meaning-388ca6564d81""]",10.0183,Iqa~,stutO,स्तुतौ (stutau),,Vidyut 0.4.0 produced no form in the bounded one-operation run; no grammatical prohibition is inferred.,not_admitted_engine_zero_unresolved
intensive,"[""10.0186"", ""meaning-169a5b3eab06""]",10.0186,parTa~,prakzepe,प्रक्षेपे (prakṣepe),,Vidyut 0.4.0 produced no form in the bounded one-operation run; no grammatical prohibition is inferred.,not_admitted_engine_zero_unresolved
intensive,"[""10.0188"", ""meaning-0ce32571f69b""]",10.0188,ruwa~,roze,रोषे (roṣe),,Vidyut 0.4.0 produced no form in the bounded one-operation run; no grammatical prohibition is inferred.,not_admitted_engine_zero_unresolved
intensive,"[""10.0192"", ""meaning-917d5fa53ac9""]",10.0192,cita~,saYcetane,सञ्चेतने (sañcetane),,Vidyut 0.4.0 produced no form in the bounded one-operation run; no grammatical prohibition is inferred.,not_admitted_engine_zero_unresolved
intensive,"[""10.0195"", ""meaning-45d2b7e4dad1""]",10.0195,dasa~,daMSane,दंशने (daṃśane),,Vidyut 0.4.0 produced no form in the bounded one-operation run; no grammatical prohibition is inferred.,not_admitted_engine_zero_unresolved
intensive,"[""10.0195"", ""meaning-5042ee4bdbe7""]",10.0195,dasa~,darSane,दर्शने (darśane),,Vidyut 0.4.0 produced no form in the bounded one-operation run; no grammatical prohibition is inferred.,not_admitted_engine_zero_unresolved
intensive,"[""10.0196"", ""meaning-1685c224b9c2""]",10.0196,qapa~,saNGAte,सङ्घाते (saṅghāte),,Vidyut 0.4.0 produced no form in the bounded one-operation run; no grammatical prohibition is inferred.,not_admitted_engine_zero_unresolved
intensive,"[""10.0197"", ""meaning-1685c224b9c2""]",10.0197,qipa~,saNGAte,सङ्घाते (saṅghāte),,Vidyut 0.4.0 produced no form in the bounded one-operation run; no grammatical prohibition is inferred.,not_admitted_engine_zero_unresolved
intensive,"[""10.0200"", ""meaning-28f6ffe94fb0""]",10.0200,spaSa~,grahaRe,ग्रहणे (grahaṇe),,Vidyut 0.4.0 produced no form in the bounded one-operation run; no grammatical prohibition is inferred.,not_admitted_engine_zero_unresolved
intensive,"[""10.0200"", ""meaning-e4d9d87d2a5b""]",10.0200,spaSa~,saMSlezaRe,संश्लेषणे (saṃśleṣaṇe),,Vidyut 0.4.0 produced no form in the bounded one-operation run; no grammatical prohibition is inferred.,not_admitted_engine_zero_unresolved
intensive,"[""10.0202"", ""meaning-0d928599a6f6""]",10.0202,Bartsa~,tarjane,तर्जने (tarjane),,Vidyut 0.4.0 produced no form in the bounded one-operation run; no grammatical prohibition is inferred.,not_admitted_engine_zero_unresolved
intensive,"[""10.0203"", ""meaning-a7c02e4ddde8""]",10.0203,basta~,ardane,अर्दने (ardane),,Vidyut 0.4.0 produced no form in the bounded one-operation run; no grammatical prohibition is inferred.,not_admitted_engine_zero_unresolved
intensive,"[""10.0204"", ""meaning-a7c02e4ddde8""]",10.0204,ganDa~,ardane,अर्दने (ardane),,Vidyut 0.4.0 produced no form in the bounded one-operation run; no grammatical prohibition is inferred.,not_admitted_engine_zero_unresolved
intensive,"[""10.0205"", ""meaning-029b9634ef9c""]",10.0205,kila~,kzepe,क्षेपे (kṣepe),,Vidyut 0.4.0 produced no form in the bounded one-operation run; no grammatical prohibition is inferred.,not_admitted_engine_zero_unresolved
intensive,"[""10.0206"", ""meaning-029b9634ef9c""]",10.0206,pila~,kzepe,क्षेपे (kṣepe),,Vidyut 0.4.0 produced no form in the bounded one-operation run; no grammatical prohibition is inferred.,not_admitted_engine_zero_unresolved
intensive,"[""10.0207"", ""meaning-3bf7963ee53c""]",10.0207,vizka~,hiMsAyAm,हिंसायाम् (hiṃsāyām),,Vidyut 0.4.0 produced no form in the bounded one-operation run; no grammatical prohibition is inferred.,not_admitted_engine_zero_unresolved
intensive,"[""10.0208"", ""meaning-3bf7963ee53c""]",10.0208,hizka~,hiMsAyAm,हिंसायाम् (hiṃsāyām),,Vidyut 0.4.0 produced no form in the bounded one-operation run; no grammatical prohibition is inferred.,not_admitted_engine_zero_unresolved
intensive,"[""10.0209"", ""meaning-56cad67568a0""]",10.0209,nizka~,parimARe,परिमाणे (parimāṇe),,Vidyut 0.4.0 produced no form in the bounded one-operation run; no grammatical prohibition is inferred.,not_admitted_engine_zero_unresolved
intensive,"[""10.0210"", ""meaning-80dbd5e0e060""]",10.0210,lala~,IpsAyAm,ईप्सायाम् (īpsāyām),,Vidyut 0.4.0 produced no form in the bounded one-operation run; no grammatical prohibition is inferred.,not_admitted_engine_zero_unresolved
intensive,"[""10.0211"", ""meaning-faacb3ea90c2""]",10.0211,kURa~,saNkoce,सङ्कोचे (saṅkoce),,Vidyut 0.4.0 produced no form in the bounded one-operation run; no grammatical prohibition is inferred.,not_admitted_engine_zero_unresolved
intensive,"[""10.0212"", ""meaning-d763b2fae9b6""]",10.0212,tURa~,pUraRe,पूरणे (pūraṇe),,Vidyut 0.4.0 produced no form in the bounded one-operation run; no grammatical prohibition is inferred.,not_admitted_engine_zero_unresolved
intensive,"[""10.0213"", ""meaning-51afe23eacf1""]",10.0213,BrURa~,viSaNkAyAm,विशङ्कायाम् (viśaṅkāyām),,Vidyut 0.4.0 produced no form in the bounded one-operation run; no grammatical prohibition is inferred.,not_admitted_engine_zero_unresolved
intensive,"[""10.0213"", ""meaning-896b47b19b9e""]",10.0213,BrURa~,ASAyAm,आशायाम् (āśāyām),,Vidyut 0.4.0 produced no form in the bounded one-operation run; no grammatical prohibition is inferred.,not_admitted_engine_zero_unresolved
intensive,"[""10.0214"", ""meaning-b00073dcdeb8""]",10.0214,SaWa~,SlAGAyAm,श्लाघायाम् (ślāghāyām),,Vidyut 0.4.0 produced no form in the bounded one-operation run; no grammatical prohibition is inferred.,not_admitted_engine_zero_unresolved
intensive,"[""10.0215"", ""meaning-a8644e0580a4""]",10.0215,yakza~,pUjAyAm,पूजायाम् (pūjāyām),,Vidyut 0.4.0 produced no form in the bounded one-operation run; no grammatical prohibition is inferred.,not_admitted_engine_zero_unresolved
intensive,"[""10.0216"", ""meaning-841d3bc58324""]",10.0216,syama~,vitarke,वितर्के (vitarke),,Vidyut 0.4.0 produced no form in the bounded one-operation run; no grammatical prohibition is inferred.,not_admitted_engine_zero_unresolved
intensive,"[""10.0217"", ""meaning-f75c00d8c12d""]",10.0217,gUra~,udyamane,उद्यमने (udyamane),,Vidyut 0.4.0 produced no form in the bounded one-operation run; no grammatical prohibition is inferred.,not_admitted_engine_zero_unresolved
intensive,"[""10.0218"", ""meaning-7d14392139b1""]",10.0218,Sama~,Alocane,आलोचने (ālocane),,Vidyut 0.4.0 produced no form in the bounded one-operation run; no grammatical prohibition is inferred.,not_admitted_engine_zero_unresolved
intensive,"[""10.0220"", ""meaning-45083d13a8bf""]",10.0220,kutsa~,avakzepaRe,अवक्षेपणे (avakṣepaṇe),,Vidyut 0.4.0 produced no form in the bounded one-operation run; no grammatical prohibition is inferred.,not_admitted_engine_zero_unresolved
intensive,"[""10.0220"", ""meaning-df94dcdbdd1f""]",10.0220,kutsa~,nindane,निन्दने (nindane),,Vidyut 0.4.0 produced no form in the bounded one-operation run; no grammatical prohibition is inferred.,not_admitted_engine_zero_unresolved
intensive,"[""10.0222"", ""meaning-c070dfa2517d""]",10.0222,kuwa~,Cedane,छेदने (chedane),,Vidyut 0.4.0 produced no form in the bounded one-operation run; no grammatical prohibition is inferred.,not_admitted_engine_zero_unresolved
intensive,"[""10.0224"", ""meaning-a3031f133753""]",10.0224,Bala~,ABaRqane,आभण्डने (ābhaṇḍane),,Vidyut 0.4.0 produced no form in the bounded one-operation run; no grammatical prohibition is inferred.,not_admitted_engine_zero_unresolved
intensive,"[""10.0225"", ""meaning-7a7231a87885""]",10.0225,kUwa~,avasAdane,अवसादने (avasādane),,Vidyut 0.4.0 produced no form in the bounded one-operation run; no grammatical prohibition is inferred.,not_admitted_engine_zero_unresolved
intensive,"[""10.0225"", ""meaning-d8400192cd86""]",10.0225,kUwa~,ApradAne,आप्रदाने (āpradāne),,Vidyut 0.4.0 produced no form in the bounded one-operation run; no grammatical prohibition is inferred.,not_admitted_engine_zero_unresolved
intensive,"[""10.0226"", ""meaning-88c876bac4d5""]",10.0226,kuwwa~,pratApane,प्रतापने (pratāpane),,Vidyut 0.4.0 produced no form in the bounded one-operation run; no grammatical prohibition is inferred.,not_admitted_engine_zero_unresolved
intensive,"[""10.0228"", ""meaning-4308b7ea00d2""]",10.0228,vfza~,SaktibanDane,शक्तिबन्धने (śaktibandhane),,Vidyut 0.4.0 produced no form in the bounded one-operation run; no grammatical prohibition is inferred.,not_admitted_engine_zero_unresolved
intensive,"[""10.0229"", ""meaning-2e94d706bc5a""]",10.0229,mada~,tfptiyoge,तृप्तियोगे (tṛptiyoge),,Vidyut 0.4.0 produced no form in the bounded one-operation run; no grammatical prohibition is inferred.,not_admitted_engine_zero_unresolved
intensive,"[""10.0231"", ""meaning-29d79ad23cf1""]",10.0231,gf,vijYAne,विज्ञाने (vijñāne),,Vidyut 0.4.0 produced no form in the bounded one-operation run; no grammatical prohibition is inferred.,not_admitted_engine_zero_unresolved
intensive,"[""10.0232"", ""meaning-693173100d63""]",10.0232,vida~,nivAse,निवासे (nivāse),,Vidyut 0.4.0 produced no form in the bounded one-operation run; no grammatical prohibition is inferred.,not_admitted_engine_zero_unresolved
intensive,"[""10.0232"", ""meaning-70b17255fdf7""]",10.0232,vida~,cetane,चेतने (cetane),,Vidyut 0.4.0 produced no form in the bounded one-operation run; no grammatical prohibition is inferred.,not_admitted_engine_zero_unresolved
intensive,"[""10.0232"", ""meaning-91ea2305a048""]",10.0232,vida~,AKyAne,आख्याने (ākhyāne),,Vidyut 0.4.0 produced no form in the bounded one-operation run; no grammatical prohibition is inferred.,not_admitted_engine_zero_unresolved
intensive,"[""10.0233"", ""meaning-9568358ba7dc""]",10.0233,mAna~,stamBe,स्तम्भे (stambhe),,Vidyut 0.4.0 produced no form in the bounded one-operation run; no grammatical prohibition is inferred.,not_admitted_engine_zero_unresolved
intensive,"[""10.0234"", ""meaning-9568358ba7dc""]",10.0234,mana~,stamBe,स्तम्भे (stambhe),,Vidyut 0.4.0 produced no form in the bounded one-operation run; no grammatical prohibition is inferred.,not_admitted_engine_zero_unresolved
intensive,"[""10.0235"", ""meaning-d68b32096b1d""]",10.0235,yu,jugupsAyAm,जुगुप्सायाम् (jugupsāyām),,Vidyut 0.4.0 produced no form in the bounded one-operation run; no grammatical prohibition is inferred.,not_admitted_engine_zero_unresolved
intensive,"[""10.0236"", ""meaning-202c604bfb3d""]",10.0236,kusma~,kutsitasmaye,कुत्सितस्मये (kutsitasmaye),,Vidyut 0.4.0 produced no form in the bounded one-operation run; no grammatical prohibition is inferred.,not_admitted_engine_zero_unresolved
intensive,"[""10.0237"", ""meaning-7d1ea56b4ecd""]",10.0237,carca~,aDyayane,अध्ययने (adhyayane),,Vidyut 0.4.0 produced no form in the bounded one-operation run; no grammatical prohibition is inferred.,not_admitted_engine_zero_unresolved
intensive,"[""10.0239"", ""meaning-43f953f0956e""]",10.0239,Sabda~,AvizkAre,आविष्कारे (āviṣkāre),,Vidyut 0.4.0 produced no form in the bounded one-operation run; no grammatical prohibition is inferred.,not_admitted_engine_zero_unresolved
intensive,"[""10.0239"", ""meaning-96a4bb068d1c""]",10.0239,Sabda~,BazaRe,भषणे (bhaṣaṇe),,Vidyut 0.4.0 produced no form in the bounded one-operation run; no grammatical prohibition is inferred.,not_admitted_engine_zero_unresolved
intensive,"[""10.0240"", ""meaning-b69ca1ec0cf6""]",10.0240,kaRa~,nimIlane,निमीलने (nimīlane),,Vidyut 0.4.0 produced no form in the bounded one-operation run; no grammatical prohibition is inferred.,not_admitted_engine_zero_unresolved
intensive,"[""10.0242"", ""meaning-00323a78b7df""]",10.0242,zUda~,ApravaRe,आप्रवणे (āpravaṇe),,Vidyut 0.4.0 produced no form in the bounded one-operation run; no grammatical prohibition is inferred.,not_admitted_engine_zero_unresolved
intensive,"[""10.0242"", ""meaning-5a185fe0f337""]",10.0242,zUda~,GAte,घाते (ghāte),,Vidyut 0.4.0 produced no form in the bounded one-operation run; no grammatical prohibition is inferred.,not_admitted_engine_zero_unresolved
intensive,"[""10.0242"", ""meaning-ac19f6d5c506""]",10.0242,zUda~,AsravaRe,आस्रवणे (āsravaṇe),,Vidyut 0.4.0 produced no form in the bounded one-operation run; no grammatical prohibition is inferred.,not_admitted_engine_zero_unresolved
intensive,"[""10.0242"", ""meaning-dd1adc78b9c7""]",10.0242,zUda~,kzaraRe,क्षरणे (kṣaraṇe),,Vidyut 0.4.0 produced no form in the bounded one-operation run; no grammatical prohibition is inferred.,not_admitted_engine_zero_unresolved
intensive,"[""10.0244"", ""meaning-8c20facfc0ac""]",10.0244,paSa~,banDane,बन्धने (bandhane),,Vidyut 0.4.0 produced no form in the bounded one-operation run; no grammatical prohibition is inferred.,not_admitted_engine_zero_unresolved
intensive,"[""10.0245"", ""meaning-6c70da685e63""]",10.0245,ama~,roge,रोगे (roge),,Vidyut 0.4.0 produced no form in the bounded one-operation run; no grammatical prohibition is inferred.,not_admitted_engine_zero_unresolved
intensive,"[""10.0246"", ""meaning-12d930b48839""]",10.0246,cawa~,Bedane,भेदने (bhedane),,Vidyut 0.4.0 produced no form in the bounded one-operation run; no grammatical prohibition is inferred.,not_admitted_engine_zero_unresolved
intensive,"[""10.0247"", ""meaning-12d930b48839""]",10.0247,sPuwa~,Bedane,भेदने (bhedane),,Vidyut 0.4.0 produced no form in the bounded one-operation run; no grammatical prohibition is inferred.,not_admitted_engine_zero_unresolved
intensive,"[""10.0248"", ""meaning-1685c224b9c2""]",10.0248,Gawa~,saNGAte,सङ्घाते (saṅghāte),,Vidyut 0.4.0 produced no form in the bounded one-operation run; no grammatical prohibition is inferred.,not_admitted_engine_zero_unresolved
intensive,"[""10.0250"", ""meaning-266df56f138b""]",10.0250,arja~,pratiyatne,प्रतियत्ने (pratiyatne),,Vidyut 0.4.0 produced no form in the bounded one-operation run; no grammatical prohibition is inferred.,not_admitted_engine_zero_unresolved
intensive,"[""10.0252"", ""meaning-91868dbd1926""]",10.0252,kranda~,sAtatye,सातत्ये (sātatye),,Vidyut 0.4.0 produced no form in the bounded one-operation run; no grammatical prohibition is inferred.,not_admitted_engine_zero_unresolved
intensive,"[""10.0253"", ""meaning-6fb719e05d14""]",10.0253,lasa~,Silpayoge,शिल्पयोगे (śilpayoge),,Vidyut 0.4.0 produced no form in the bounded one-operation run; no grammatical prohibition is inferred.,not_admitted_engine_zero_unresolved
intensive,"[""10.0256"", ""meaning-e14f62215afa""]",10.0256,mokza~,mocane,मोचने (mocane),,Vidyut 0.4.0 produced no form in the bounded one-operation run; no grammatical prohibition is inferred.,not_admitted_engine_zero_unresolved
intensive,"[""10.0258"", ""meaning-62e5485df2c0""]",10.0258,jYA,niyoge,नियोगे (niyoge),,Vidyut 0.4.0 produced no form in the bounded one-operation run; no grammatical prohibition is inferred.,not_admitted_engine_zero_unresolved
intensive,"[""10.0259"", ""meaning-37997538f090""]",10.0259,Baja~,viSrARane,विश्राणने (viśrāṇane),,Vidyut 0.4.0 produced no form in the bounded one-operation run; no grammatical prohibition is inferred.,not_admitted_engine_zero_unresolved
intensive,"[""10.0261"", ""meaning-a7221fe0d98d""]",10.0261,yata~,upaskAre,उपस्कारे (upaskāre),,Vidyut 0.4.0 produced no form in the bounded one-operation run; no grammatical prohibition is inferred.,not_admitted_engine_zero_unresolved
intensive,"[""10.0261"", ""meaning-cf72fcf28ec5""]",10.0261,yata~,nikAre,निकारे (nikāre),,Vidyut 0.4.0 produced no form in the bounded one-operation run; no grammatical prohibition is inferred.,not_admitted_engine_zero_unresolved
intensive,"[""10.0262"", ""meaning-c1e1d650336a""]",10.0262,raka~,AsvAdane,आस्वादने (āsvādane),,Vidyut 0.4.0 produced no form in the bounded one-operation run; no grammatical prohibition is inferred.,not_admitted_engine_zero_unresolved
intensive,"[""10.0263"", ""meaning-c1e1d650336a""]",10.0263,laga~,AsvAdane,आस्वादने (āsvādane),,Vidyut 0.4.0 produced no form in the bounded one-operation run; no grammatical prohibition is inferred.,not_admitted_engine_zero_unresolved
intensive,"[""10.0264"", ""meaning-c1e1d650336a""]",10.0264,raGa~,AsvAdane,आस्वादने (āsvādane),,Vidyut 0.4.0 produced no form in the bounded one-operation run; no grammatical prohibition is inferred.,not_admitted_engine_zero_unresolved
intensive,"[""10.0265"", ""meaning-c1e1d650336a""]",10.0265,raga~,AsvAdane,आस्वादने (āsvādane),,Vidyut 0.4.0 produced no form in the bounded one-operation run; no grammatical prohibition is inferred.,not_admitted_engine_zero_unresolved
intensive,"[""10.0266"", ""meaning-0b5b260d05a5""]",10.0266,ancu~,viSezaRe,विशेषणे (viśeṣaṇe),,Vidyut 0.4.0 produced no form in the bounded one-operation run; no grammatical prohibition is inferred.,not_admitted_engine_zero_unresolved
intensive,"[""10.0268"", ""meaning-095018db5bb6""]",10.0268,muda~,saMsarge,संसर्गे (saṃsarge),,Vidyut 0.4.0 produced no form in the bounded one-operation run; no grammatical prohibition is inferred.,not_admitted_engine_zero_unresolved
intensive,"[""10.0269"", ""meaning-28f6ffe94fb0""]",10.0269,trasa~,grahaRe,ग्रहणे (grahaṇe),,Vidyut 0.4.0 produced no form in the bounded one-operation run; no grammatical prohibition is inferred.,not_admitted_engine_zero_unresolved
intensive,"[""10.0269"", ""meaning-9b1cca11bfc6""]",10.0269,trasa~,vAraRe,वारणे (vāraṇe),,Vidyut 0.4.0 produced no form in the bounded one-operation run; no grammatical prohibition is inferred.,not_admitted_engine_zero_unresolved
intensive,"[""10.0269"", ""meaning-bb23f8c5982d""]",10.0269,trasa~,DAraRe,धारणे (dhāraṇe),,Vidyut 0.4.0 produced no form in the bounded one-operation run; no grammatical prohibition is inferred.,not_admitted_engine_zero_unresolved
intensive,"[""10.0271"", ""meaning-27632454bb31""]",10.0271,uDrasa~,uYCe,उञ्छे (uñche),,Vidyut 0.4.0 produced no form in the bounded one-operation run; no grammatical prohibition is inferred.,not_admitted_engine_zero_unresolved
intensive,"[""10.0272"", ""meaning-6a0d781831bc""]",10.0272,muca~,pramocane,प्रमोचने (pramocane),,Vidyut 0.4.0 produced no form in the bounded one-operation run; no grammatical prohibition is inferred.,not_admitted_engine_zero_unresolved
intensive,"[""10.0272"", ""meaning-ae74203a49e4""]",10.0272,muca~,modane,मोदने (modane),,Vidyut 0.4.0 produced no form in the bounded one-operation run; no grammatical prohibition is inferred.,not_admitted_engine_zero_unresolved
intensive,"[""10.0273"", ""meaning-8c6231d20ac4""]",10.0273,vasa~,snehane,स्नेहने (snehane),,Vidyut 0.4.0 produced no form in the bounded one-operation run; no grammatical prohibition is inferred.,not_admitted_engine_zero_unresolved
intensive,"[""10.0273"", ""meaning-a5ea25936945""]",10.0273,vasa~,apaharaRe,अपहरणे (apaharaṇe),,Vidyut 0.4.0 produced no form in the bounded one-operation run; no grammatical prohibition is inferred.,not_admitted_engine_zero_unresolved
intensive,"[""10.0273"", ""meaning-c070dfa2517d""]",10.0273,vasa~,Cedane,छेदने (chedane),,Vidyut 0.4.0 produced no form in the bounded one-operation run; no grammatical prohibition is inferred.,not_admitted_engine_zero_unresolved
intensive,"[""10.0274"", ""meaning-f80bddf33be6""]",10.0274,cara~,saMSaye,संशये (saṃśaye),,Vidyut 0.4.0 produced no form in the bounded one-operation run; no grammatical prohibition is inferred.,not_admitted_engine_zero_unresolved
intensive,"[""10.0275"", ""meaning-2c5fa406c2d3""]",10.0275,cyu,sahane,सहने (sahane),,Vidyut 0.4.0 produced no form in the bounded one-operation run; no grammatical prohibition is inferred.,not_admitted_engine_zero_unresolved
intensive,"[""10.0275"", ""meaning-dd4a01bcb5d7""]",10.0275,cyu,hasane,हसने (hasane),,Vidyut 0.4.0 produced no form in the bounded one-operation run; no grammatical prohibition is inferred.,not_admitted_engine_zero_unresolved
intensive,"[""10.0276"", ""meaning-2c5fa406c2d3""]",10.0276,cyusa~,sahane,सहने (sahane),,Vidyut 0.4.0 produced no form in the bounded one-operation run; no grammatical prohibition is inferred.,not_admitted_engine_zero_unresolved
intensive,"[""10.0276"", ""meaning-dd4a01bcb5d7""]",10.0276,cyusa~,hasane,हसने (hasane),,Vidyut 0.4.0 produced no form in the bounded one-operation run; no grammatical prohibition is inferred.,not_admitted_engine_zero_unresolved
intensive,"[""10.0277"", ""meaning-de23b2763dfb""]",10.0277,BU,avakalkane,अवकल्कने (avakalkane),,Vidyut 0.4.0 produced no form in the bounded one-operation run; no grammatical prohibition is inferred.,not_admitted_engine_zero_unresolved
intensive,"[""10.0278"", ""meaning-de23b2763dfb""]",10.0278,kfpa~,avakalkane,अवकल्कने (avakalkane),,Vidyut 0.4.0 produced no form in the bounded one-operation run; no grammatical prohibition is inferred.,not_admitted_engine_zero_unresolved
intensive,"[""10.0303"", ""meaning-ea0ca4b6a28b""]",10.0303,DUpa~,BAzAyAm,भाषायाम् (bhāṣāyām),,Vidyut 0.4.0 produced no form in the bounded one-operation run; no grammatical prohibition is inferred.,not_admitted_engine_zero_unresolved
intensive,"[""10.0304"", ""meaning-ea0ca4b6a28b""]",10.0304,viCa~,BAzAyAm,भाषायाम् (bhāṣāyām),,Vidyut 0.4.0 produced no form in the bounded one-operation run; no grammatical prohibition is inferred.,not_admitted_engine_zero_unresolved
intensive,"[""10.0316"", ""meaning-ea0ca4b6a28b""]",10.0316,aji~,BAzAyAm,भाषायाम् (bhāṣāyām),,Vidyut 0.4.0 produced no form in the bounded one-operation run; no grammatical prohibition is inferred.,not_admitted_engine_zero_unresolved
intensive,"[""10.0328"", ""meaning-ea0ca4b6a28b""]",10.0328,ahi~,BAzAyAm,भाषायाम् (bhāṣāyām),,Vidyut 0.4.0 produced no form in the bounded one-operation run; no grammatical prohibition is inferred.,not_admitted_engine_zero_unresolved
intensive,"[""10.0342"", ""meaning-029b9634ef9c""]",10.0342,Ira~,kzepe,क्षेपे (kṣepe),,Vidyut 0.4.0 produced no form in the bounded one-operation run; no grammatical prohibition is inferred.,not_admitted_engine_zero_unresolved
intensive,"[""10.0365"", ""meaning-3bf7963ee53c""]",10.0365,arda~^,hiMsAyAm,हिंसायाम् (hiṃsāyām),,Vidyut 0.4.0 produced no form in the bounded one-operation run; no grammatical prohibition is inferred.,not_admitted_engine_zero_unresolved
intensive,"[""10.0367"", ""meaning-a8644e0580a4""]",10.0367,arha~,pUjAyAm,पूजायाम् (pūjāyām),,Vidyut 0.4.0 produced no form in the bounded one-operation run; no grammatical prohibition is inferred.,not_admitted_engine_zero_unresolved
intensive,"[""10.0376"", ""meaning-d82c7cb8502c""]",10.0376,Apx~,lamBane,लम्भने (lambhane),,Vidyut 0.4.0 produced no form in the bounded one-operation run; no grammatical prohibition is inferred.,not_admitted_engine_zero_unresolved
intensive,"[""10.0389"", ""meaning-3d227f7ef282""]",10.0389,kaTa,vAkyaprabanDe,वाक्यप्रबन्धे (vākyaprabandhe),,Vidyut 0.4.0 produced no form in the bounded one-operation run; no grammatical prohibition is inferred.,not_admitted_engine_zero_unresolved
intensive,"[""10.0390"", ""meaning-80dbd5e0e060""]",10.0390,vara,IpsAyAm,ईप्सायाम् (īpsāyām),,Vidyut 0.4.0 produced no form in the bounded one-operation run; no grammatical prohibition is inferred.,not_admitted_engine_zero_unresolved
intensive,"[""10.0391"", ""meaning-40fb4852c7e6""]",10.0391,gaRa,saNKyAne,सङ्ख्याने (saṅkhyāne),,Vidyut 0.4.0 produced no form in the bounded one-operation run; no grammatical prohibition is inferred.,not_admitted_engine_zero_unresolved
intensive,"[""10.0392"", ""meaning-0beca42a06a6""]",10.0392,SaWa,samyagavaBAzaRe,सम्यगवभाषणे (samyagavabhāṣaṇe),,Vidyut 0.4.0 produced no form in the bounded one-operation run; no grammatical prohibition is inferred.,not_admitted_engine_zero_unresolved
intensive,"[""10.0393"", ""meaning-0beca42a06a6""]",10.0393,SvaWa,samyagavaBAzaRe,सम्यगवभाषणे (samyagavabhāṣaṇe),,Vidyut 0.4.0 produced no form in the bounded one-operation run; no grammatical prohibition is inferred.,not_admitted_engine_zero_unresolved
intensive,"[""10.0394"", ""meaning-8d05d3af63ff""]",10.0394,paWa,vezwane,वेष्टने (veṣṭane),,Vidyut 0.4.0 produced no form in the bounded one-operation run; no grammatical prohibition is inferred.,not_admitted_engine_zero_unresolved
intensive,"[""10.0394"", ""meaning-b687ba9bbadc""]",10.0394,paWa,granTe,ग्रन्थे (granthe),,Vidyut 0.4.0 produced no form in the bounded one-operation run; no grammatical prohibition is inferred.,not_admitted_engine_zero_unresolved
intensive,"[""10.0395"", ""meaning-b687ba9bbadc""]",10.0395,vaWa,granTe,ग्रन्थे (granthe),,Vidyut 0.4.0 produced no form in the bounded one-operation run; no grammatical prohibition is inferred.,not_admitted_engine_zero_unresolved
intensive,"[""10.0396"", ""meaning-7c4ba67b4987""]",10.0396,raha,tyAge,त्यागे (tyāge),,Vidyut 0.4.0 produced no form in the bounded one-operation run; no grammatical prohibition is inferred.,not_admitted_engine_zero_unresolved
intensive,"[""10.0397"", ""meaning-5fa3d59b62c4""]",10.0397,raNga~,gatO,गतौ (gatau),,Vidyut 0.4.0 produced no form in the bounded one-operation run; no grammatical prohibition is inferred.,not_admitted_engine_zero_unresolved
intensive,"[""10.0398"", ""meaning-4ca67caaf1fa""]",10.0398,stana,devaSabde,देवशब्दे (devaśabde),,Vidyut 0.4.0 produced no form in the bounded one-operation run; no grammatical prohibition is inferred.,not_admitted_engine_zero_unresolved
intensive,"[""10.0399"", ""meaning-4ca67caaf1fa""]",10.0399,gada,devaSabde,देवशब्दे (devaśabde),,Vidyut 0.4.0 produced no form in the bounded one-operation run; no grammatical prohibition is inferred.,not_admitted_engine_zero_unresolved
intensive,"[""10.0400"", ""meaning-5fa3d59b62c4""]",10.0400,pata,gatO,गतौ (gatau),,Vidyut 0.4.0 produced no form in the bounded one-operation run; no grammatical prohibition is inferred.,not_admitted_engine_zero_unresolved
intensive,"[""10.0401"", ""meaning-5fa3d59b62c4""]",10.0401,paza,gatO,गतौ (gatau),,Vidyut 0.4.0 produced no form in the bounded one-operation run; no grammatical prohibition is inferred.,not_admitted_engine_zero_unresolved
intensive,"[""10.0402"", ""meaning-4258b7ef0143""]",10.0402,svara,Akzepe,आक्षेपे (ākṣepe),,Vidyut 0.4.0 produced no form in the bounded one-operation run; no grammatical prohibition is inferred.,not_admitted_engine_zero_unresolved
intensive,"[""10.0403"", ""meaning-266df56f138b""]",10.0403,raca,pratiyatne,प्रतियत्ने (pratiyatne),,Vidyut 0.4.0 produced no form in the bounded one-operation run; no grammatical prohibition is inferred.,not_admitted_engine_zero_unresolved
intensive,"[""10.0404"", ""meaning-40fb4852c7e6""]",10.0404,kala,saNKyAne,सङ्ख्याने (saṅkhyāne),,Vidyut 0.4.0 produced no form in the bounded one-operation run; no grammatical prohibition is inferred.,not_admitted_engine_zero_unresolved
intensive,"[""10.0404"", ""meaning-5fa3d59b62c4""]",10.0404,kala,gatO,गतौ (gatau),,Vidyut 0.4.0 produced no form in the bounded one-operation run; no grammatical prohibition is inferred.,not_admitted_engine_zero_unresolved
intensive,"[""10.0405"", ""meaning-be5b199a79af""]",10.0405,caha,parikalkane,परिकल्कने (parikalkane),,Vidyut 0.4.0 produced no form in the bounded one-operation run; no grammatical prohibition is inferred.,not_admitted_engine_zero_unresolved
intensive,"[""10.0406"", ""meaning-a8644e0580a4""]",10.0406,maha,pUjAyAm,पूजायाम् (pūjāyām),,Vidyut 0.4.0 produced no form in the bounded one-operation run; no grammatical prohibition is inferred.,not_admitted_engine_zero_unresolved
intensive,"[""10.0407"", ""meaning-26c2ff3c1448""]",10.0407,sAra,dOrbalye,दौर्बल्ये (daurbalye),,Vidyut 0.4.0 produced no form in the bounded one-operation run; no grammatical prohibition is inferred.,not_admitted_engine_zero_unresolved
intensive,"[""10.0408"", ""meaning-26c2ff3c1448""]",10.0408,kfpa,dOrbalye,दौर्बल्ये (daurbalye),,Vidyut 0.4.0 produced no form in the bounded one-operation run; no grammatical prohibition is inferred.,not_admitted_engine_zero_unresolved
intensive,"[""10.0409"", ""meaning-26c2ff3c1448""]",10.0409,SraTa,dOrbalye,दौर्बल्ये (daurbalye),,Vidyut 0.4.0 produced no form in the bounded one-operation run; no grammatical prohibition is inferred.,not_admitted_engine_zero_unresolved
intensive,"[""10.0410"", ""meaning-80dbd5e0e060""]",10.0410,spfha,IpsAyAm,ईप्सायाम् (īpsāyām),,Vidyut 0.4.0 produced no form in the bounded one-operation run; no grammatical prohibition is inferred.,not_admitted_engine_zero_unresolved
intensive,"[""10.0411"", ""meaning-8c45333a5370""]",10.0411,BAma,kroDe,क्रोधे (krodhe),,Vidyut 0.4.0 produced no form in the bounded one-operation run; no grammatical prohibition is inferred.,not_admitted_engine_zero_unresolved
intensive,"[""10.0413"", ""meaning-943364736a74""]",10.0413,Kewa,BakzaRe,भक्षणे (bhakṣaṇe),,Vidyut 0.4.0 produced no form in the bounded one-operation run; no grammatical prohibition is inferred.,not_admitted_engine_zero_unresolved
intensive,"[""10.0414"", ""meaning-943364736a74""]",10.0414,Keqa~,BakzaRe,भक्षणे (bhakṣaṇe),,Vidyut 0.4.0 produced no form in the bounded one-operation run; no grammatical prohibition is inferred.,not_admitted_engine_zero_unresolved
intensive,"[""10.0415"", ""meaning-943364736a74""]",10.0415,Kowa,BakzaRe,भक्षणे (bhakṣaṇe),,Vidyut 0.4.0 produced no form in the bounded one-operation run; no grammatical prohibition is inferred.,not_admitted_engine_zero_unresolved
intensive,"[""10.0416"", ""meaning-029b9634ef9c""]",10.0416,kzowa,kzepe,क्षेपे (kṣepe),,Vidyut 0.4.0 produced no form in the bounded one-operation run; no grammatical prohibition is inferred.,not_admitted_engine_zero_unresolved
intensive,"[""10.0417"", ""meaning-4e22e1ca3b1f""]",10.0417,goma,upalepane,उपलेपने (upalepane),,Vidyut 0.4.0 produced no form in the bounded one-operation run; no grammatical prohibition is inferred.,not_admitted_engine_zero_unresolved
intensive,"[""10.0418"", ""meaning-82f93da02a9e""]",10.0418,kumAra,krIqAyAm,क्रीडायाम् (krīḍāyām),,Vidyut 0.4.0 produced no form in the bounded one-operation run; no grammatical prohibition is inferred.,not_admitted_engine_zero_unresolved
intensive,"[""10.0419"", ""meaning-8da8159c068f""]",10.0419,SIla,upaDAraRe,उपधारणे (upadhāraṇe),,Vidyut 0.4.0 produced no form in the bounded one-operation run; no grammatical prohibition is inferred.,not_admitted_engine_zero_unresolved
intensive,"[""10.0420"", ""meaning-9f2059f3a709""]",10.0420,sAma,sAntvaprayoge,सान्त्वप्रयोगे (sāntvaprayoge),,Vidyut 0.4.0 produced no form in the bounded one-operation run; no grammatical prohibition is inferred.,not_admitted_engine_zero_unresolved
intensive,"[""10.0421"", ""meaning-23977a02043c""]",10.0421,vela,kAlopadeSe,कालोपदेशे (kālopadeśe),,Vidyut 0.4.0 produced no form in the bounded one-operation run; no grammatical prohibition is inferred.,not_admitted_engine_zero_unresolved
intensive,"[""10.0422"", ""meaning-23977a02043c""]",10.0422,kAla,kAlopadeSe,कालोपदेशे (kālopadeśe),,Vidyut 0.4.0 produced no form in the bounded one-operation run; no grammatical prohibition is inferred.,not_admitted_engine_zero_unresolved
intensive,"[""10.0423"", ""meaning-293bd91852a3""]",10.0423,palpUla,lavane,लवने (lavane),,Vidyut 0.4.0 produced no form in the bounded one-operation run; no grammatical prohibition is inferred.,not_admitted_engine_zero_unresolved
intensive,"[""10.0423"", ""meaning-a18deec65001""]",10.0423,palpUla,vapane,वपने (vapane),,Vidyut 0.4.0 produced no form in the bounded one-operation run; no grammatical prohibition is inferred.,not_admitted_engine_zero_unresolved
intensive,"[""10.0424"", ""meaning-361d9b94e80f""]",10.0424,vAta,suKe,सुखे (sukhe),,Vidyut 0.4.0 produced no form in the bounded one-operation run; no grammatical prohibition is inferred.,not_admitted_engine_zero_unresolved
intensive,"[""10.0424"", ""meaning-b802243c84a6""]",10.0424,vAta,sevane,सेवने (sevane),,Vidyut 0.4.0 produced no form in the bounded one-operation run; no grammatical prohibition is inferred.,not_admitted_engine_zero_unresolved
intensive,"[""10.0425"", ""meaning-754cec1e9866""]",10.0425,gaveza,mArgaRe,मार्गणे (mārgaṇe),,Vidyut 0.4.0 produced no form in the bounded one-operation run; no grammatical prohibition is inferred.,not_admitted_engine_zero_unresolved
intensive,"[""10.0426"", ""meaning-e70f6bac7ede""]",10.0426,vAsa,upasevAyAm,उपसेवायाम् (upasevāyām),,Vidyut 0.4.0 produced no form in the bounded one-operation run; no grammatical prohibition is inferred.,not_admitted_engine_zero_unresolved
intensive,"[""10.0427"", ""meaning-abda6f362365""]",10.0427,nivAsa,AcCAdane,आच्छादने (ācchādane),,Vidyut 0.4.0 produced no form in the bounded one-operation run; no grammatical prohibition is inferred.,not_admitted_engine_zero_unresolved
intensive,"[""10.0428"", ""meaning-de2d1b627111""]",10.0428,BAja,pfTakkarmaRi,पृथक्कर्मणि (pṛthakkarmaṇi),,Vidyut 0.4.0 produced no form in the bounded one-operation run; no grammatical prohibition is inferred.,not_admitted_engine_zero_unresolved
intensive,"[""10.0429"", ""meaning-5042ee4bdbe7""]",10.0429,saBAja,darSane,दर्शने (darśane),,Vidyut 0.4.0 produced no form in the bounded one-operation run; no grammatical prohibition is inferred.,not_admitted_engine_zero_unresolved
intensive,"[""10.0429"", ""meaning-8fbcbfeedd5e""]",10.0429,saBAja,prItO,प्रीतौ (prītau),,Vidyut 0.4.0 produced no form in the bounded one-operation run; no grammatical prohibition is inferred.,not_admitted_engine_zero_unresolved
intensive,"[""10.0429"", ""meaning-b802243c84a6""]",10.0429,saBAja,sevane,सेवने (sevane),,Vidyut 0.4.0 produced no form in the bounded one-operation run; no grammatical prohibition is inferred.,not_admitted_engine_zero_unresolved
intensive,"[""10.0430"", ""meaning-1cf93e50fb68""]",10.0430,Una,parihARe,परिहाणे (parihāṇe),,Vidyut 0.4.0 produced no form in the bounded one-operation run; no grammatical prohibition is inferred.,not_admitted_engine_zero_unresolved
intensive,"[""10.0431"", ""meaning-2dcb1894fd9b""]",10.0431,Dvana,Sabde,शब्दे (śabde),,Vidyut 0.4.0 produced no form in the bounded one-operation run; no grammatical prohibition is inferred.,not_admitted_engine_zero_unresolved
intensive,"[""10.0432"", ""meaning-aebd0560f239""]",10.0432,kUwa,paritApe,परितापे (paritāpe),,Vidyut 0.4.0 produced no form in the bounded one-operation run; no grammatical prohibition is inferred.,not_admitted_engine_zero_unresolved
intensive,"[""10.0432"", ""meaning-e8ecfd14a63f""]",10.0432,kUwa,paridAhe,परिदाहे (paridāhe),,Vidyut 0.4.0 produced no form in the bounded one-operation run; no grammatical prohibition is inferred.,not_admitted_engine_zero_unresolved
intensive,"[""10.0433"", ""meaning-375c830e29cb""]",10.0433,sanketa,AmantraRe,आमन्त्रणे (āmantraṇe),,Vidyut 0.4.0 produced no form in the bounded one-operation run; no grammatical prohibition is inferred.,not_admitted_engine_zero_unresolved
intensive,"[""10.0434"", ""meaning-375c830e29cb""]",10.0434,grAma,AmantraRe,आमन्त्रणे (āmantraṇe),,Vidyut 0.4.0 produced no form in the bounded one-operation run; no grammatical prohibition is inferred.,not_admitted_engine_zero_unresolved
intensive,"[""10.0435"", ""meaning-375c830e29cb""]",10.0435,kuRa,AmantraRe,आमन्त्रणे (āmantraṇe),,Vidyut 0.4.0 produced no form in the bounded one-operation run; no grammatical prohibition is inferred.,not_admitted_engine_zero_unresolved
intensive,"[""10.0436"", ""meaning-375c830e29cb""]",10.0436,guRa,AmantraRe,आमन्त्रणे (āmantraṇe),,Vidyut 0.4.0 produced no form in the bounded one-operation run; no grammatical prohibition is inferred.,not_admitted_engine_zero_unresolved
intensive,"[""10.0437"", ""meaning-05ab36b55aa3""]",10.0437,keta,SrAvaRe,श्रावणे (śrāvaṇe),,Vidyut 0.4.0 produced no form in the bounded one-operation run; no grammatical prohibition is inferred.,not_admitted_engine_zero_unresolved
intensive,"[""10.0437"", ""meaning-375c830e29cb""]",10.0437,keta,AmantraRe,आमन्त्रणे (āmantraṇe),,Vidyut 0.4.0 produced no form in the bounded one-operation run; no grammatical prohibition is inferred.,not_admitted_engine_zero_unresolved
intensive,"[""10.0438"", ""meaning-00f1d7412e01""]",10.0438,kURa~,saNkocane,सङ्कोचने (saṅkocane),,Vidyut 0.4.0 produced no form in the bounded one-operation run; no grammatical prohibition is inferred.,not_admitted_engine_zero_unresolved
intensive,"[""10.0439"", ""meaning-c9f31f914c6a""]",10.0439,stena,cOrye,चौर्ये (caurye),,Vidyut 0.4.0 produced no form in the bounded one-operation run; no grammatical prohibition is inferred.,not_admitted_engine_zero_unresolved
intensive,"[""10.0440"", ""meaning-5fa3d59b62c4""]",10.0440,pada,gatO,गतौ (gatau),,Vidyut 0.4.0 produced no form in the bounded one-operation run; no grammatical prohibition is inferred.,not_admitted_engine_zero_unresolved
intensive,"[""10.0441"", ""meaning-28f6ffe94fb0""]",10.0441,gfha,grahaRe,ग्रहणे (grahaṇe),,Vidyut 0.4.0 produced no form in the bounded one-operation run; no grammatical prohibition is inferred.,not_admitted_engine_zero_unresolved
intensive,"[""10.0442"", ""meaning-377dc9a3857c""]",10.0442,mfga,anvezaRe,अन्वेषणे (anveṣaṇe),,Vidyut 0.4.0 produced no form in the bounded one-operation run; no grammatical prohibition is inferred.,not_admitted_engine_zero_unresolved
intensive,"[""10.0443"", ""meaning-66f699b72aec""]",10.0443,kuha,vismApane,विस्मापने (vismāpane),,Vidyut 0.4.0 produced no form in the bounded one-operation run; no grammatical prohibition is inferred.,not_admitted_engine_zero_unresolved
intensive,"[""10.0444"", ""meaning-ccbc7393bcd1""]",10.0444,SUra,vikrAntO,विक्रान्तौ (vikrāntau),,Vidyut 0.4.0 produced no form in the bounded one-operation run; no grammatical prohibition is inferred.,not_admitted_engine_zero_unresolved
intensive,"[""10.0445"", ""meaning-ccbc7393bcd1""]",10.0445,vIra,vikrAntO,विक्रान्तौ (vikrāntau),,Vidyut 0.4.0 produced no form in the bounded one-operation run; no grammatical prohibition is inferred.,not_admitted_engine_zero_unresolved
intensive,"[""10.0446"", ""meaning-9ef4b80672ea""]",10.0446,sTUla,paribfhaRe,परिबृहणे (paribṛhaṇe),,Vidyut 0.4.0 produced no form in the bounded one-operation run; no grammatical prohibition is inferred.,not_admitted_engine_zero_unresolved
intensive,"[""10.0447"", ""meaning-1539fda05cdc""]",10.0447,arTa,upayAcYAyAm,उपयाच्ञायाम् (upayācñāyām),,Vidyut 0.4.0 produced no form in the bounded one-operation run; no grammatical prohibition is inferred.,not_admitted_engine_zero_unresolved
intensive,"[""10.0448"", ""meaning-7247b9269428""]",10.0448,satra,santAnakriyAyAm,सन्तानक्रियायाम् (santānakriyāyām),,Vidyut 0.4.0 produced no form in the bounded one-operation run; no grammatical prohibition is inferred.,not_admitted_engine_zero_unresolved
intensive,"[""10.0449"", ""meaning-8b8700ed2466""]",10.0449,garva,mAne,माने (māne),,Vidyut 0.4.0 produced no form in the bounded one-operation run; no grammatical prohibition is inferred.,not_admitted_engine_zero_unresolved
intensive,"[""10.0452"", ""meaning-814a68cdac65""]",10.0452,rUkza,pAruzye,पारुष्ये (pāruṣye),,Vidyut 0.4.0 produced no form in the bounded one-operation run; no grammatical prohibition is inferred.,not_admitted_engine_zero_unresolved
intensive,"[""10.0453"", ""meaning-cec19e58bd1a""]",10.0453,pAra,karmasamAptO,कर्मसमाप्तौ (karmasamāptau),,Vidyut 0.4.0 produced no form in the bounded one-operation run; no grammatical prohibition is inferred.,not_admitted_engine_zero_unresolved
intensive,"[""10.0454"", ""meaning-cec19e58bd1a""]",10.0454,tIra,karmasamAptO,कर्मसमाप्तौ (karmasamāptau),,Vidyut 0.4.0 produced no form in the bounded one-operation run; no grammatical prohibition is inferred.,not_admitted_engine_zero_unresolved
intensive,"[""10.0455"", ""meaning-095018db5bb6""]",10.0455,puwa,saMsarge,संसर्गे (saṃsarge),,Vidyut 0.4.0 produced no form in the bounded one-operation run; no grammatical prohibition is inferred.,not_admitted_engine_zero_unresolved
intensive,"[""10.0456"", ""meaning-148cd30ab525""]",10.0456,katra,SETilye,शैथिल्ये (śaithilye),,Vidyut 0.4.0 produced no form in the bounded one-operation run; no grammatical prohibition is inferred.,not_admitted_engine_zero_unresolved
intensive,"[""10.0457"", ""meaning-148cd30ab525""]",10.0457,karta~,SETilye,शैथिल्ये (śaithilye),,Vidyut 0.4.0 produced no form in the bounded one-operation run; no grammatical prohibition is inferred.,not_admitted_engine_zero_unresolved
intensive,"[""10.0458"", ""meaning-5042ee4bdbe7""]",10.0458,valka,darSane,दर्शने (darśane),,Vidyut 0.4.0 produced no form in the bounded one-operation run; no grammatical prohibition is inferred.,not_admitted_engine_zero_unresolved
intensive,"[""10.0459"", ""meaning-e4f08cdd86e6""]",10.0459,citra,citrIkaraRe,चित्रीकरणे (citrīkaraṇe),,Vidyut 0.4.0 produced no form in the bounded one-operation run; no grammatical prohibition is inferred.,not_admitted_engine_zero_unresolved
intensive,"[""10.0460"", ""meaning-4d2df59be516""]",10.0460,ansa,samAGAte,समाघाते (samāghāte),,Vidyut 0.4.0 produced no form in the bounded one-operation run; no grammatical prohibition is inferred.,not_admitted_engine_zero_unresolved
intensive,"[""10.0461"", ""meaning-9daa69aeb27e""]",10.0461,vawa,viBAjane,विभाजने (vibhājane),,Vidyut 0.4.0 produced no form in the bounded one-operation run; no grammatical prohibition is inferred.,not_admitted_engine_zero_unresolved
intensive,"[""10.0463"", ""meaning-51c5f3f69cf6""]",10.0463,laja,prakASane,प्रकाशने (prakāśane),,Vidyut 0.4.0 produced no form in the bounded one-operation run; no grammatical prohibition is inferred.,not_admitted_engine_zero_unresolved
intensive,"[""10.0466"", ""meaning-1e740bff9515""]",10.0466,miSra,samparke,सम्पर्के (samparke),,Vidyut 0.4.0 produced no form in the bounded one-operation run; no grammatical prohibition is inferred.,not_admitted_engine_zero_unresolved
intensive,"[""10.0467"", ""meaning-cb8f3f842a8a""]",10.0467,sangrAma,yudDe,युद्धे (yuddhe),,Vidyut 0.4.0 produced no form in the bounded one-operation run; no grammatical prohibition is inferred.,not_admitted_engine_zero_unresolved
intensive,"[""10.0468"", ""meaning-b00073dcdeb8""]",10.0468,stoma,SlAGAyAm,श्लाघायाम् (ślāghāyām),,Vidyut 0.4.0 produced no form in the bounded one-operation run; no grammatical prohibition is inferred.,not_admitted_engine_zero_unresolved
intensive,"[""10.0469"", ""meaning-02d8bbaca932""]",10.0469,Cidra,karRaBedane,कर्णभेदने (karṇabhedane),,Vidyut 0.4.0 produced no form in the bounded one-operation run; no grammatical prohibition is inferred.,not_admitted_engine_zero_unresolved
intensive,"[""10.0470"", ""meaning-12d930b48839""]",10.0470,karRa~,Bedane,भेदने (bhedane),,Vidyut 0.4.0 produced no form in the bounded one-operation run; no grammatical prohibition is inferred.,not_admitted_engine_zero_unresolved
intensive,"[""10.0471"", ""meaning-d3384a4fdfc9""]",10.0471,anDa,dfzwyupaGAte,दृष्ट्युपघाते (dṛṣṭyupaghāte),,Vidyut 0.4.0 produced no form in the bounded one-operation run; no grammatical prohibition is inferred.,not_admitted_engine_zero_unresolved
intensive,"[""10.0472"", ""meaning-f3b765b4edd4""]",10.0472,danqa,daRqanipAte,दण्डनिपाते (daṇḍanipāte),,Vidyut 0.4.0 produced no form in the bounded one-operation run; no grammatical prohibition is inferred.,not_admitted_engine_zero_unresolved
intensive,"[""10.0473"", ""meaning-975c9f9c5b51""]",10.0473,anka,lakzaRe,लक्षणे (lakṣaṇe),,Vidyut 0.4.0 produced no form in the bounded one-operation run; no grammatical prohibition is inferred.,not_admitted_engine_zero_unresolved
intensive,"[""10.0473"", ""meaning-9ef7816105a9""]",10.0473,anka,pade,पदे (pade),,Vidyut 0.4.0 produced no form in the bounded one-operation run; no grammatical prohibition is inferred.,not_admitted_engine_zero_unresolved
intensive,"[""10.0474"", ""meaning-975c9f9c5b51""]",10.0474,anga,lakzaRe,लक्षणे (lakṣaṇe),,Vidyut 0.4.0 produced no form in the bounded one-operation run; no grammatical prohibition is inferred.,not_admitted_engine_zero_unresolved
intensive,"[""10.0474"", ""meaning-9ef7816105a9""]",10.0474,anga,pade,पदे (pade),,Vidyut 0.4.0 produced no form in the bounded one-operation run; no grammatical prohibition is inferred.,not_admitted_engine_zero_unresolved
intensive,"[""10.0475"", ""meaning-c078a7d5c7b1""]",10.0475,suKa,suKakriyAyAm,सुखक्रियायाम् (sukhakriyāyām),,Vidyut 0.4.0 produced no form in the bounded one-operation run; no grammatical prohibition is inferred.,not_admitted_engine_zero_unresolved
intensive,"[""10.0476"", ""meaning-c2b948787e9c""]",10.0476,duHKa,duHKakriyAyAm,दुःखक्रियायाम् (duḥkhakriyāyām),,Vidyut 0.4.0 produced no form in the bounded one-operation run; no grammatical prohibition is inferred.,not_admitted_engine_zero_unresolved
intensive,"[""10.0477"", ""meaning-8c6231d20ac4""]",10.0477,rasa,snehane,स्नेहने (snehane),,Vidyut 0.4.0 produced no form in the bounded one-operation run; no grammatical prohibition is inferred.,not_admitted_engine_zero_unresolved
intensive,"[""10.0477"", ""meaning-c1e1d650336a""]",10.0477,rasa,AsvAdane,आस्वादने (āsvādane),,Vidyut 0.4.0 produced no form in the bounded one-operation run; no grammatical prohibition is inferred.,not_admitted_engine_zero_unresolved
intensive,"[""10.0478"", ""meaning-b5dcdd5aa6ce""]",10.0478,vyaya,vittasamutsarge,वित्तसमुत्सर्गे (vittasamutsarge),,Vidyut 0.4.0 produced no form in the bounded one-operation run; no grammatical prohibition is inferred.,not_admitted_engine_zero_unresolved
intensive,"[""10.0479"", ""meaning-0319540fb7b8""]",10.0479,rUpa,rUpakriyAyAm,रूपक्रियायाम् (rūpakriyāyām),,Vidyut 0.4.0 produced no form in the bounded one-operation run; no grammatical prohibition is inferred.,not_admitted_engine_zero_unresolved
intensive,"[""10.0480"", ""meaning-1908fa34250a""]",10.0480,Ceda,dvEDIkaraRe,द्वैधीकरणे (dvaidhīkaraṇe),,Vidyut 0.4.0 produced no form in the bounded one-operation run; no grammatical prohibition is inferred.,not_admitted_engine_zero_unresolved
intensive,"[""10.0481"", ""meaning-456b48da5b7f""]",10.0481,Cada,apavAraRe,अपवारणे (apavāraṇe),,Vidyut 0.4.0 produced no form in the bounded one-operation run; no grammatical prohibition is inferred.,not_admitted_engine_zero_unresolved
intensive,"[""10.0482"", ""meaning-556802d0e7f6""]",10.0482,lABa,preraRe,प्रेरणे (preraṇe),,Vidyut 0.4.0 produced no form in the bounded one-operation run; no grammatical prohibition is inferred.,not_admitted_engine_zero_unresolved
intensive,"[""10.0483"", ""meaning-87b8005a2075""]",10.0483,vraRa,gAtravicUrRane,गात्रविचूर्णने (gātravicūrṇane),,Vidyut 0.4.0 produced no form in the bounded one-operation run; no grammatical prohibition is inferred.,not_admitted_engine_zero_unresolved
intensive,"[""10.0484"", ""meaning-1b2ff3bc375f""]",10.0484,varRa,varRakriyAyAm,वर्णक्रियायाम् (varṇakriyāyām),,Vidyut 0.4.0 produced no form in the bounded one-operation run; no grammatical prohibition is inferred.,not_admitted_engine_zero_unresolved
intensive,"[""10.0484"", ""meaning-8d51499c0ccf""]",10.0484,varRa,vistAre,विस्तारे (vistāre),,Vidyut 0.4.0 produced no form in the bounded one-operation run; no grammatical prohibition is inferred.,not_admitted_engine_zero_unresolved
intensive,"[""10.0484"", ""meaning-df048d311df0""]",10.0484,varRa,guRavacane,गुणवचने (guṇavacane),,Vidyut 0.4.0 produced no form in the bounded one-operation run; no grammatical prohibition is inferred.,not_admitted_engine_zero_unresolved
intensive,"[""10.0485"", ""meaning-79a15719d64a""]",10.0485,parRa,haritaBAve,हरितभावे (haritabhāve),,Vidyut 0.4.0 produced no form in the bounded one-operation run; no grammatical prohibition is inferred.,not_admitted_engine_zero_unresolved
intensive,"[""10.0486"", ""meaning-5042ee4bdbe7""]",10.0486,vizka,darSane,दर्शने (darśane),,Vidyut 0.4.0 produced no form in the bounded one-operation run; no grammatical prohibition is inferred.,not_admitted_engine_zero_unresolved
intensive,"[""10.0487"", ""meaning-556802d0e7f6""]",10.0487,kzipa,preraRe,प्रेरणे (preraṇe),,Vidyut 0.4.0 produced no form in the bounded one-operation run; no grammatical prohibition is inferred.,not_admitted_engine_zero_unresolved
intensive,"[""10.0488"", ""meaning-693173100d63""]",10.0488,vasa,nivAse,निवासे (nivāse),,Vidyut 0.4.0 produced no form in the bounded one-operation run; no grammatical prohibition is inferred.,not_admitted_engine_zero_unresolved
intensive,"[""10.0489"", ""meaning-75e1514440b6""]",10.0489,tutTa,AvaraRe,आवरणे (āvaraṇe),,Vidyut 0.4.0 produced no form in the bounded one-operation run; no grammatical prohibition is inferred.,not_admitted_engine_zero_unresolved
intensive,"[""10.0490"", ""meaning-293bd91852a3""]",10.0490,palyUla,lavane,लवने (lavane),,Vidyut 0.4.0 produced no form in the bounded one-operation run; no grammatical prohibition is inferred.,not_admitted_engine_zero_unresolved
intensive,"[""10.0490"", ""meaning-a18deec65001""]",10.0490,palyUla,vapane,वपने (vapane),,Vidyut 0.4.0 produced no form in the bounded one-operation run; no grammatical prohibition is inferred.,not_admitted_engine_zero_unresolved
intensive,"[""10.0491"", ""meaning-ea0ca4b6a28b""]",10.0491,ruWa~,BAzAyAm,भाषायाम् (bhāṣāyām),,Vidyut 0.4.0 produced no form in the bounded one-operation run; no grammatical prohibition is inferred.,not_admitted_engine_zero_unresolved
intensive,"[""10.0492"", ""meaning-5042ee4bdbe7""]",10.0492,Deka,darSane,दर्शने (darśane),,Vidyut 0.4.0 produced no form in the bounded one-operation run; no grammatical prohibition is inferred.,not_admitted_engine_zero_unresolved
intensive,"[""01.0847"", ""meaning-05aa802de198""]",01.0847,ruca~\,aBiprItO,अभिप्रीतौ (abhiprītau),rorucya,The Kashika under 3.1.22 explicitly excludes the shobh and ruc formations through anabhidhana.,not_counted_anabhidhana
intensive,"[""01.0847"", ""meaning-7345560b9c17""]",01.0847,ruca~\,dIptO,दीप्तौ (dīptau),rorucya,The Kashika under 3.1.22 explicitly excludes the shobh and ruc formations through anabhidhana.,not_counted_anabhidhana
intensive,"[""06.0046"", ""meaning-23a5ff050ddc""]",06.0046,SuBa~,SoBAyAm,शोभायाम् (śobhāyām),SoSuBya,The Kashika under 3.1.22 explicitly excludes the shobh and ruc formations through anabhidhana.,not_counted_anabhidhana
intensive_luk,"[""01.0002"", ""meaning-7e172f9d8575""]",01.0002,eDa~\,vfdDO,वृद्धौ (vṛddhau),,Vidyut 0.4.0 produced no form in the bounded one-operation run; no grammatical prohibition is inferred.,not_admitted_engine_zero_unresolved
intensive_luk,"[""01.0020"", ""meaning-1dbf3e09c297""]",01.0020,urda~\,krIqAyAM,क्रीडायां (krīḍāyāṃ),,Vidyut 0.4.0 produced no form in the bounded one-operation run; no grammatical prohibition is inferred.,not_admitted_engine_zero_unresolved
intensive_luk,"[""01.0020"", ""meaning-8b8700ed2466""]",01.0020,urda~\,mAne,माने (māne),,Vidyut 0.4.0 produced no form in the bounded one-operation run; no grammatical prohibition is inferred.,not_admitted_engine_zero_unresolved
intensive_luk,"[""01.0020"", ""meaning-c1e1d650336a""]",01.0020,urda~\,AsvAdane,आस्वादने (āsvādane),,Vidyut 0.4.0 produced no form in the bounded one-operation run; no grammatical prohibition is inferred.,not_admitted_engine_zero_unresolved
intensive_luk,"[""01.0038"", ""meaning-eab2190db789""]",01.0038,ata~,sAtatyagamane,सातत्यगमने (sātatyagamane),,Vidyut 0.4.0 produced no form in the bounded one-operation run; no grammatical prohibition is inferred.,not_admitted_engine_zero_unresolved
intensive_luk,"[""01.0057"", ""meaning-3a332ba259da""]",01.0057,arda~,yAcane,याचने (yācane),,Vidyut 0.4.0 produced no form in the bounded one-operation run; no grammatical prohibition is inferred.,not_admitted_engine_zero_unresolved
intensive_luk,"[""01.0057"", ""meaning-5fa3d59b62c4""]",01.0057,arda~,gatO,गतौ (gatau),,Vidyut 0.4.0 produced no form in the bounded one-operation run; no grammatical prohibition is inferred.,not_admitted_engine_zero_unresolved
intensive_luk,"[""01.0063"", ""meaning-8c20facfc0ac""]",01.0063,ati~,banDane,बन्धने (bandhane),,Vidyut 0.4.0 produced no form in the bounded one-operation run; no grammatical prohibition is inferred.,not_admitted_engine_zero_unresolved
intensive_luk,"[""01.0064"", ""meaning-8c20facfc0ac""]",01.0064,adi~,banDane,बन्धने (bandhane),,Vidyut 0.4.0 produced no form in the bounded one-operation run; no grammatical prohibition is inferred.,not_admitted_engine_zero_unresolved
intensive_luk,"[""01.0065"", ""meaning-b058a55ed986""]",01.0065,idi~,paramESvarye,परमैश्वर्ये (paramaiśvarye),,Vidyut 0.4.0 produced no form in the bounded one-operation run; no grammatical prohibition is inferred.,not_admitted_engine_zero_unresolved
intensive_luk,"[""01.0092"", ""meaning-975c9f9c5b51""]",01.0092,aki~\,lakzaRe,लक्षणे (lakṣaṇe),,Vidyut 0.4.0 produced no form in the bounded one-operation run; no grammatical prohibition is inferred.,not_admitted_engine_zero_unresolved
intensive_luk,"[""01.0115"", ""meaning-a1cfd39df9cf""]",01.0115,aGi~\,gatyAkzepe,गत्याक्षेपे (gatyākṣepe),,Vidyut 0.4.0 produced no form in the bounded one-operation run; no grammatical prohibition is inferred.,not_admitted_engine_zero_unresolved
intensive_luk,"[""01.0129"", ""meaning-3556957d2199""]",01.0129,oKf~,SozaRe,शोषणे (śoṣaṇe),,Vidyut 0.4.0 produced no form in the bounded one-operation run; no grammatical prohibition is inferred.,not_admitted_engine_zero_unresolved
intensive_luk,"[""01.0129"", ""meaning-c79bf14862df""]",01.0129,oKf~,alamarTe,अलमर्थे (alamarthe),,Vidyut 0.4.0 produced no form in the bounded one-operation run; no grammatical prohibition is inferred.,not_admitted_engine_zero_unresolved
intensive_luk,"[""01.0136"", ""meaning-5fa3d59b62c4""]",01.0136,uKa~,gatO,गतौ (gatau),,Vidyut 0.4.0 produced no form in the bounded one-operation run; no grammatical prohibition is inferred.,not_admitted_engine_zero_unresolved
intensive_luk,"[""01.0137"", ""meaning-5fa3d59b62c4""]",01.0137,uKi~,gatO,गतौ (gatau),,Vidyut 0.4.0 produced no form in the bounded one-operation run; no grammatical prohibition is inferred.,not_admitted_engine_zero_unresolved
intensive_luk,"[""01.0148"", ""meaning-5fa3d59b62c4""]",01.0148,iKa~,gatO,गतौ (gatau),,Vidyut 0.4.0 produced no form in the bounded one-operation run; no grammatical prohibition is inferred.,not_admitted_engine_zero_unresolved
intensive_luk,"[""01.0149"", ""meaning-5fa3d59b62c4""]",01.0149,iKi~,gatO,गतौ (gatau),,Vidyut 0.4.0 produced no form in the bounded one-operation run; no grammatical prohibition is inferred.,not_admitted_engine_zero_unresolved
intensive_luk,"[""01.0151"", ""meaning-5fa3d59b62c4""]",01.0151,IKi~,gatO,गतौ (gatau),,Vidyut 0.4.0 produced no form in the bounded one-operation run; no grammatical prohibition is inferred.,not_admitted_engine_zero_unresolved
intensive_luk,"[""01.0155"", ""meaning-5fa3d59b62c4""]",01.0155,agi~,gatO,गतौ (gatau),,Vidyut 0.4.0 produced no form in the bounded one-operation run; no grammatical prohibition is inferred.,not_admitted_engine_zero_unresolved
intensive_luk,"[""01.0163"", ""meaning-5fa3d59b62c4""]",01.0163,igi~,gatO,गतौ (gatau),,Vidyut 0.4.0 produced no form in the bounded one-operation run; no grammatical prohibition is inferred.,not_admitted_engine_zero_unresolved
intensive_luk,"[""01.0167"", ""meaning-dd4a01bcb5d7""]",01.0167,kakKa,hasane,हसने (hasane),,Vidyut 0.4.0 produced no form in the bounded one-operation run; no grammatical prohibition is inferred.,not_admitted_engine_zero_unresolved
intensive_luk,"[""01.0200"", ""meaning-5fa3d59b62c4""]",01.0200,fja~\,gatO,गतौ (gatau),,Vidyut 0.4.0 produced no form in the bounded one-operation run; no grammatical prohibition is inferred.,not_admitted_engine_zero_unresolved
intensive_luk,"[""01.0200"", ""meaning-c181e82a6fb2""]",01.0200,fja~\,sTAne,स्थाने (sthāne),,Vidyut 0.4.0 produced no form in the bounded one-operation run; no grammatical prohibition is inferred.,not_admitted_engine_zero_unresolved
intensive_luk,"[""01.0200"", ""meaning-e477550c3b40""]",01.0200,fja~\,upArjane,उपार्जने (upārjane),,Vidyut 0.4.0 produced no form in the bounded one-operation run; no grammatical prohibition is inferred.,not_admitted_engine_zero_unresolved
intensive_luk,"[""01.0200"", ""meaning-fec94d3f9774""]",01.0200,fja~\,arjane,अर्जने (arjane),,Vidyut 0.4.0 produced no form in the bounded one-operation run; no grammatical prohibition is inferred.,not_admitted_engine_zero_unresolved
intensive_luk,"[""01.0201"", ""meaning-b304649056dc""]",01.0201,fji~\,Barjane,भर्जने (bharjane),,Vidyut 0.4.0 produced no form in the bounded one-operation run; no grammatical prohibition is inferred.,not_admitted_engine_zero_unresolved
intensive_luk,"[""01.0203"", ""meaning-7345560b9c17""]",01.0203,ejf~\,dIptO,दीप्तौ (dīptau),,Vidyut 0.4.0 produced no form in the bounded one-operation run; no grammatical prohibition is inferred.,not_admitted_engine_zero_unresolved
intensive_luk,"[""01.0207"", ""meaning-5fa3d59b62c4""]",01.0207,Ija~\,gatO,गतौ (gatau),,Vidyut 0.4.0 produced no form in the bounded one-operation run; no grammatical prohibition is inferred.,not_admitted_engine_zero_unresolved
intensive_luk,"[""01.0207"", ""meaning-8a0e4dd1754b""]",01.0207,Ija~\,kutsAyAm,कुत्सायाम् (kutsāyām),,Vidyut 0.4.0 produced no form in the bounded one-operation run; no grammatical prohibition is inferred.,not_admitted_engine_zero_unresolved
intensive_luk,"[""01.0215"", ""meaning-5fa3d59b62c4""]",01.0215,ancu~,gatO,गतौ (gatau),,Vidyut 0.4.0 produced no form in the bounded one-operation run; no grammatical prohibition is inferred.,not_admitted_engine_zero_unresolved
intensive_luk,"[""01.0215"", ""meaning-ce196a1fe316""]",01.0215,ancu~,pUjane,पूजने (pūjane),,Vidyut 0.4.0 produced no form in the bounded one-operation run; no grammatical prohibition is inferred.,not_admitted_engine_zero_unresolved
intensive_luk,"[""01.0232"", ""meaning-a8644e0580a4""]",01.0232;10.0340,arca~,pUjAyAm,पूजायाम् (pūjāyām),,Vidyut 0.4.0 produced no form in the bounded one-operation run; no grammatical prohibition is inferred.,not_admitted_engine_zero_unresolved
intensive_luk,"[""01.0237"", ""meaning-79d30fdb993b""]",01.0237,ACi~,AyAme,आयामे (āyāme),,Vidyut 0.4.0 produced no form in the bounded one-operation run; no grammatical prohibition is inferred.,not_admitted_engine_zero_unresolved
intensive_luk,"[""01.0243"", ""meaning-27632454bb31""]",01.0243;06.0014,uCi~,uYCe,उञ्छे (uñche),,Vidyut 0.4.0 produced no form in the bounded one-operation run; no grammatical prohibition is inferred.,not_admitted_engine_zero_unresolved
intensive_luk,"[""01.0244"", ""meaning-b9318a41b007""]",01.0244;06.0015,uCI~,vivAse,विवासे (vivāse),,Vidyut 0.4.0 produced no form in the bounded one-operation run; no grammatical prohibition is inferred.,not_admitted_engine_zero_unresolved
intensive_luk,"[""01.0247"", ""meaning-5fa3d59b62c4""]",01.0247,awi~\,gatO,गतौ (gatau),,Vidyut 0.4.0 produced no form in the bounded one-operation run; no grammatical prohibition is inferred.,not_admitted_engine_zero_unresolved
intensive_luk,"[""01.0256"", ""meaning-fec94d3f9774""]",01.0256,arja~,arjane,अर्जने (arjane),,Vidyut 0.4.0 produced no form in the bounded one-operation run; no grammatical prohibition is inferred.,not_admitted_engine_zero_unresolved
intensive_luk,"[""01.0262"", ""meaning-5fa3d59b62c4""]",01.0262,aja~,gatO,गतौ (gatau),,Vidyut 0.4.0 produced no form in the bounded one-operation run; no grammatical prohibition is inferred.,not_admitted_engine_zero_unresolved
intensive_luk,"[""01.0262"", ""meaning-cf85e55c7b9a""]",01.0262,aja~,kzepaRe,क्षेपणे (kṣepaṇe),,Vidyut 0.4.0 produced no form in the bounded one-operation run; no grammatical prohibition is inferred.,not_admitted_engine_zero_unresolved
intensive_luk,"[""01.0267"", ""meaning-60fd95557908""]",01.0267,ejf~,kampane,कम्पने (kampane),,Vidyut 0.4.0 produced no form in the bounded one-operation run; no grammatical prohibition is inferred.,not_admitted_engine_zero_unresolved
intensive_luk,"[""01.0287"", ""meaning-375c48b41a01""]",01.0287,awwa~\,atikrame,अतिक्रमे (atikrame),,Vidyut 0.4.0 produced no form in the bounded one-operation run; no grammatical prohibition is inferred.,not_admitted_engine_zero_unresolved
intensive_luk,"[""01.0287"", ""meaning-3bf7963ee53c""]",01.0287,awwa~\,hiMsAyAm,हिंसायाम् (hiṃsāyām),,Vidyut 0.4.0 produced no form in the bounded one-operation run; no grammatical prohibition is inferred.,not_admitted_engine_zero_unresolved
intensive_luk,"[""01.0294"", ""meaning-5fa3d59b62c4""]",01.0294,aWi~\,gatO,गतौ (gatau),,Vidyut 0.4.0 produced no form in the bounded one-operation run; no grammatical prohibition is inferred.,not_admitted_engine_zero_unresolved
intensive_luk,"[""01.0300"", ""meaning-c9d6b2c78da3""]",01.0300,eWa~\,vibADAyAm,विबाधायाम् (vibādhāyām),,Vidyut 0.4.0 produced no form in the bounded one-operation run; no grammatical prohibition is inferred.,not_admitted_engine_zero_unresolved
intensive_luk,"[""01.0357"", ""meaning-5fa3d59b62c4""]",01.0357,iwa~,gatO,गतौ (gatau),,Vidyut 0.4.0 produced no form in the bounded one-operation run; no grammatical prohibition is inferred.,not_admitted_engine_zero_unresolved
intensive_luk,"[""01.0391"", ""meaning-4424d865f048""]",01.0391,UWa~,upaGAte,उपघाते (upaghāte),,Vidyut 0.4.0 produced no form in the bounded one-operation run; no grammatical prohibition is inferred.,not_admitted_engine_zero_unresolved
intensive_luk,"[""01.0392"", ""meaning-4424d865f048""]",01.0392,uWa~,upaGAte,उपघाते (upaghāte),,Vidyut 0.4.0 produced no form in the bounded one-operation run; no grammatical prohibition is inferred.,not_admitted_engine_zero_unresolved
intensive_luk,"[""01.0403"", ""meaning-aff675742529""]",01.0403,aqqa~,aBiyoge,अभियोगे (abhiyoge),,Vidyut 0.4.0 produced no form in the bounded one-operation run; no grammatical prohibition is inferred.,not_admitted_engine_zero_unresolved
intensive_luk,"[""01.0414"", ""meaning-ca77245785ac""]",01.0414,aqa~,udyame,उद्यमे (udyame),,Vidyut 0.4.0 produced no form in the bounded one-operation run; no grammatical prohibition is inferred.,not_admitted_engine_zero_unresolved
intensive_luk,"[""01.0438"", ""meaning-2dcb1894fd9b""]",01.0438,abi~\,Sabde,शब्दे (śabde),,Vidyut 0.4.0 produced no form in the bounded one-operation run; no grammatical prohibition is inferred.,not_admitted_engine_zero_unresolved
intensive_luk,"[""01.0448"", ""meaning-2dcb1894fd9b""]",01.0448,aBi~\,Sabde,शब्दे (śabde),,Vidyut 0.4.0 produced no form in the bounded one-operation run; no grammatical prohibition is inferred.,not_admitted_engine_zero_unresolved
intensive_luk,"[""01.0461"", ""meaning-0ce6231987c9""]",01.0461,gupU~,rakzaRe,रक्षणे (rakṣaṇe),,Vidyut 0.4.0 produced no form in the bounded one-operation run; no grammatical prohibition is inferred.,not_admitted_engine_zero_unresolved
intensive_luk,"[""01.0462"", ""meaning-7f3a5b5d2c60""]",01.0462,DUpa~,santApe,सन्तापे (santāpe),,Vidyut 0.4.0 produced no form in the bounded one-operation run; no grammatical prohibition is inferred.,not_admitted_engine_zero_unresolved
intensive_luk,"[""01.0481"", ""meaning-5fa3d59b62c4""]",01.0481,arba~,gatO,गतौ (gatau),,Vidyut 0.4.0 produced no form in the bounded one-operation run; no grammatical prohibition is inferred.,not_admitted_engine_zero_unresolved
intensive_luk,"[""01.0508"", ""meaning-388ca6564d81""]",01.0508,pana~\,stutO,स्तुतौ (stutau),,Vidyut 0.4.0 produced no form in the bounded one-operation run; no grammatical prohibition is inferred.,not_admitted_engine_zero_unresolved
intensive_luk,"[""01.0508"", ""meaning-6d1500ec3723""]",01.0508,pana~\,vyavahAre,व्यवहारे (vyavahāre),,Vidyut 0.4.0 produced no form in the bounded one-operation run; no grammatical prohibition is inferred.,not_admitted_engine_zero_unresolved
intensive_luk,"[""01.0511"", ""meaning-7ba414f5e3c0""]",01.0511,kamu~\,kAntO,कान्तौ (kāntau),,Vidyut 0.4.0 produced no form in the bounded one-operation run; no grammatical prohibition is inferred.,not_admitted_engine_zero_unresolved
intensive_luk,"[""01.0512"", ""meaning-2dcb1894fd9b""]",01.0512,aRa~,Sabde,शब्दे (śabde),,Vidyut 0.4.0 produced no form in the bounded one-operation run; no grammatical prohibition is inferred.,not_admitted_engine_zero_unresolved
intensive_luk,"[""01.0523"", ""meaning-2bc418d8f2c8""]",01.0523,oRf~,apanayane,अपनयने (apanayane),,Vidyut 0.4.0 produced no form in the bounded one-operation run; no grammatical prohibition is inferred.,not_admitted_engine_zero_unresolved
intensive_luk,"[""01.0536"", ""meaning-2dcb1894fd9b""]",01.0536,ama~,Sabde,शब्दे (śabde),,Vidyut 0.4.0 produced no form in the bounded one-operation run; no grammatical prohibition is inferred.,not_admitted_engine_zero_unresolved
intensive_luk,"[""01.0536"", ""meaning-52a7a50d7eec""]",01.0536,ama~,samBaktO,सम्भक्तौ (sambhaktau),,Vidyut 0.4.0 produced no form in the bounded one-operation run; no grammatical prohibition is inferred.,not_admitted_engine_zero_unresolved
intensive_luk,"[""01.0536"", ""meaning-5fa3d59b62c4""]",01.0536,ama~,gatO,गतौ (gatau),,Vidyut 0.4.0 produced no form in the bounded one-operation run; no grammatical prohibition is inferred.,not_admitted_engine_zero_unresolved
intensive_luk,"[""01.0546"", ""meaning-5fa3d59b62c4""]",01.0546,aya~\,gatO,गतौ (gatau),,Vidyut 0.4.0 produced no form in the bounded one-operation run; no grammatical prohibition is inferred.,not_admitted_engine_zero_unresolved
intensive_luk,"[""01.0556"", ""meaning-4d33cc68d587""]",01.0556,UyI~\,tantusantAne,तन्तुसन्ताने (tantusantāne),,Vidyut 0.4.0 produced no form in the bounded one-operation run; no grammatical prohibition is inferred.,not_admitted_engine_zero_unresolved
intensive_luk,"[""01.0587"", ""meaning-9f6d863cd942""]",01.0587,Irkzya~,IrzyAyAm,ईर्ष्यायाम् (īrṣyāyām),,Vidyut 0.4.0 produced no form in the bounded one-operation run; no grammatical prohibition is inferred.,not_admitted_engine_zero_unresolved
intensive_luk,"[""01.0588"", ""meaning-9f6d863cd942""]",01.0588,Irzya~,IrzyAyAm,ईर्ष्यायाम् (īrṣyāyām),,Vidyut 0.4.0 produced no form in the bounded one-operation run; no grammatical prohibition is inferred.,not_admitted_engine_zero_unresolved
intensive_luk,"[""01.0593"", ""meaning-403895d005b0""]",01.0593,ala~,BUzaRe,भूषणे (bhūṣaṇe),,Vidyut 0.4.0 produced no form in the bounded one-operation run; no grammatical prohibition is inferred.,not_admitted_engine_zero_unresolved
intensive_luk,"[""01.0593"", ""meaning-6f74ee7888b4""]",01.0593,ala~,paryAptO,पर्याप्तौ (paryāptau),,Vidyut 0.4.0 produced no form in the bounded one-operation run; no grammatical prohibition is inferred.,not_admitted_engine_zero_unresolved
intensive_luk,"[""01.0593"", ""meaning-9b1cca11bfc6""]",01.0593,ala~,vAraRe,वारणे (vāraṇe),,Vidyut 0.4.0 produced no form in the bounded one-operation run; no grammatical prohibition is inferred.,not_admitted_engine_zero_unresolved
intensive_luk,"[""01.0637"", ""meaning-5fa3d59b62c4""]",01.0637,aBra~,gatO,गतौ (gatau),,Vidyut 0.4.0 produced no form in the bounded one-operation run; no grammatical prohibition is inferred.,not_admitted_engine_zero_unresolved
intensive_luk,"[""01.0650"", ""meaning-3bf7963ee53c""]",01.0650,urvI~,hiMsAyAm,हिंसायाम् (hiṃsāyām),,Vidyut 0.4.0 produced no form in the bounded one-operation run; no grammatical prohibition is inferred.,not_admitted_engine_zero_unresolved
intensive_luk,"[""01.0667"", ""meaning-3bf7963ee53c""]",01.0667,arva~,hiMsAyAm,हिंसायाम् (hiṃsāyām),,Vidyut 0.4.0 produced no form in the bounded one-operation run; no grammatical prohibition is inferred.,not_admitted_engine_zero_unresolved
intensive_luk,"[""01.0670"", ""meaning-0563d826057f""]",01.0670,ivi~,vyAptO,व्याप्तौ (vyāptau),,Vidyut 0.4.0 produced no form in the bounded one-operation run; no grammatical prohibition is inferred.,not_admitted_engine_zero_unresolved
intensive_luk,"[""01.0684"", ""meaning-0ce6231987c9""]",01.0684,ava~,rakzaRe,रक्षणे (rakṣaṇe),,Vidyut 0.4.0 produced no form in the bounded one-operation run; no grammatical prohibition is inferred.,not_admitted_engine_zero_unresolved
intensive_luk,"[""01.0684"", ""meaning-30407da3762d""]",01.0684,ava~,kriyAyAm,क्रियायाम् (kriyāyām),,Vidyut 0.4.0 produced no form in the bounded one-operation run; no grammatical prohibition is inferred.,not_admitted_engine_zero_unresolved
intensive_luk,"[""01.0684"", ""meaning-3083989e9275""]",01.0684,ava~,AliNgane,आलिङ्गने (āliṅgane),,Vidyut 0.4.0 produced no form in the bounded one-operation run; no grammatical prohibition is inferred.,not_admitted_engine_zero_unresolved
intensive_luk,"[""01.0684"", ""meaning-3a332ba259da""]",01.0684,ava~,yAcane,याचने (yācane),,Vidyut 0.4.0 produced no form in the bounded one-operation run; no grammatical prohibition is inferred.,not_admitted_engine_zero_unresolved
intensive_luk,"[""01.0684"", ""meaning-3bf7963ee53c""]",01.0684,ava~,hiMsAyAm,हिंसायाम् (hiṃsāyām),,Vidyut 0.4.0 produced no form in the bounded one-operation run; no grammatical prohibition is inferred.,not_admitted_engine_zero_unresolved
intensive_luk,"[""01.0684"", ""meaning-3eaa28a5ea5f""]",01.0684,ava~,praveSe,प्रवेशे (praveśe),,Vidyut 0.4.0 produced no form in the bounded one-operation run; no grammatical prohibition is inferred.,not_admitted_engine_zero_unresolved
intensive_luk,"[""01.0684"", ""meaning-4d0ef93cc7a1""]",01.0684,ava~,icCAyAm,इच्छायाम् (icchāyām),,Vidyut 0.4.0 produced no form in the bounded one-operation run; no grammatical prohibition is inferred.,not_admitted_engine_zero_unresolved
intensive_luk,"[""01.0684"", ""meaning-5fa3d59b62c4""]",01.0684,ava~,gatO,गतौ (gatau),,Vidyut 0.4.0 produced no form in the bounded one-operation run; no grammatical prohibition is inferred.,not_admitted_engine_zero_unresolved
intensive_luk,"[""01.0684"", ""meaning-6831ef31cc3b""]",01.0684,ava~,SravaRe,श्रवणे (śravaṇe),,Vidyut 0.4.0 produced no form in the bounded one-operation run; no grammatical prohibition is inferred.,not_admitted_engine_zero_unresolved
intensive_luk,"[""01.0684"", ""meaning-7345560b9c17""]",01.0684,ava~,dIptO,दीप्तौ (dīptau),,Vidyut 0.4.0 produced no form in the bounded one-operation run; no grammatical prohibition is inferred.,not_admitted_engine_zero_unresolved
intensive_luk,"[""01.0684"", ""meaning-7a3fbf4cf662""]",01.0684,ava~,avAptO,अवाप्तौ (avāptau),,Vidyut 0.4.0 produced no form in the bounded one-operation run; no grammatical prohibition is inferred.,not_admitted_engine_zero_unresolved
intensive_luk,"[""01.0684"", ""meaning-7ba414f5e3c0""]",01.0684,ava~,kAntO,कान्तौ (kāntau),,Vidyut 0.4.0 produced no form in the bounded one-operation run; no grammatical prohibition is inferred.,not_admitted_engine_zero_unresolved
intensive_luk,"[""01.0684"", ""meaning-7e172f9d8575""]",01.0684,ava~,vfdDO,वृद्धौ (vṛddhau),,Vidyut 0.4.0 produced no form in the bounded one-operation run; no grammatical prohibition is inferred.,not_admitted_engine_zero_unresolved
intensive_luk,"[""01.0684"", ""meaning-8b2f1bcf6032""]",01.0684,ava~,avagame,अवगमे (avagame),,Vidyut 0.4.0 produced no form in the bounded one-operation run; no grammatical prohibition is inferred.,not_admitted_engine_zero_unresolved
intensive_luk,"[""01.0684"", ""meaning-8fbcbfeedd5e""]",01.0684,ava~,prItO,प्रीतौ (prītau),,Vidyut 0.4.0 produced no form in the bounded one-operation run; no grammatical prohibition is inferred.,not_admitted_engine_zero_unresolved
intensive_luk,"[""01.0684"", ""meaning-a4e107d0ddc7""]",01.0684,ava~,svAmyarTe,स्वाम्यर्थे (svāmyarthe),,Vidyut 0.4.0 produced no form in the bounded one-operation run; no grammatical prohibition is inferred.,not_admitted_engine_zero_unresolved
intensive_luk,"[""01.0684"", ""meaning-a71280a34aa6""]",01.0684,ava~,dAne,दाने (dāne),,Vidyut 0.4.0 produced no form in the bounded one-operation run; no grammatical prohibition is inferred.,not_admitted_engine_zero_unresolved
intensive_luk,"[""01.0684"", ""meaning-e3377ee0c7a0""]",01.0684,ava~,BAge,भागे (bhāge),,Vidyut 0.4.0 produced no form in the bounded one-operation run; no grammatical prohibition is inferred.,not_admitted_engine_zero_unresolved
intensive_luk,"[""01.0684"", ""meaning-f8fe29ea6417""]",01.0684,ava~,tfptO,तृप्तौ (tṛptau),,Vidyut 0.4.0 produced no form in the bounded one-operation run; no grammatical prohibition is inferred.,not_admitted_engine_zero_unresolved
intensive_luk,"[""01.0694"", ""meaning-5042ee4bdbe7""]",01.0694,Ikza~\,darSane,दर्शने (darśane),,Vidyut 0.4.0 produced no form in the bounded one-operation run; no grammatical prohibition is inferred.,not_admitted_engine_zero_unresolved
intensive_luk,"[""01.0695"", ""meaning-3bf7963ee53c""]",01.0695,Iza~\,hiMsAyAm,हिंसायाम् (hiṃsāyām),,Vidyut 0.4.0 produced no form in the bounded one-operation run; no grammatical prohibition is inferred.,not_admitted_engine_zero_unresolved
intensive_luk,"[""01.0695"", ""meaning-5042ee4bdbe7""]",01.0695,Iza~\,darSane,दर्शने (darśane),,Vidyut 0.4.0 produced no form in the bounded one-operation run; no grammatical prohibition is inferred.,not_admitted_engine_zero_unresolved
intensive_luk,"[""01.0695"", ""meaning-5fa3d59b62c4""]",01.0695,Iza~\,gatO,गतौ (gatau),,Vidyut 0.4.0 produced no form in the bounded one-operation run; no grammatical prohibition is inferred.,not_admitted_engine_zero_unresolved
intensive_luk,"[""01.0701"", ""meaning-52a2ffd5acb5""]",01.0701,ezf~\,prayatne,प्रयत्ने (prayatne),,Vidyut 0.4.0 produced no form in the bounded one-operation run; no grammatical prohibition is inferred.,not_admitted_engine_zero_unresolved
intensive_luk,"[""01.0705"", ""meaning-5fa3d59b62c4""]",01.0705,ezf~\,gatO,गतौ (gatau),,Vidyut 0.4.0 produced no form in the bounded one-operation run; no grammatical prohibition is inferred.,not_admitted_engine_zero_unresolved
intensive_luk,"[""01.0719"", ""meaning-b7d536d607be""]",01.0719,Iha~\,cezwAyAm,चेष्टायाम् (ceṣṭāyām),,Vidyut 0.4.0 produced no form in the bounded one-operation run; no grammatical prohibition is inferred.,not_admitted_engine_zero_unresolved
intensive_luk,"[""01.0722"", ""meaning-5fa3d59b62c4""]",01.0722,ahi~\,gatO,गतौ (gatau),,Vidyut 0.4.0 produced no form in the bounded one-operation run; no grammatical prohibition is inferred.,not_admitted_engine_zero_unresolved
intensive_luk,"[""01.0735"", ""meaning-841d3bc58324""]",01.0735,Uha~\,vitarke,वितर्के (vitarke),,Vidyut 0.4.0 produced no form in the bounded one-operation run; no grammatical prohibition is inferred.,not_admitted_engine_zero_unresolved
intensive_luk,"[""01.0742"", ""meaning-0563d826057f""]",01.0742,akzU~,vyAptO,व्याप्तौ (vyāptau),,Vidyut 0.4.0 produced no form in the bounded one-operation run; no grammatical prohibition is inferred.,not_admitted_engine_zero_unresolved
intensive_luk,"[""01.0745"", ""meaning-5b3b4eb5a8ec""]",01.0745,ukza~,secane,सेचने (secane),,Vidyut 0.4.0 produced no form in the bounded one-operation run; no grammatical prohibition is inferred.,not_admitted_engine_zero_unresolved
intensive_luk,"[""01.0779"", ""meaning-f154b1e308a8""]",01.0779,Uza~,rujAyAm,रुजायाम् (rujāyām),,Vidyut 0.4.0 produced no form in the bounded one-operation run; no grammatical prohibition is inferred.,not_admitted_engine_zero_unresolved
intensive_luk,"[""01.0780"", ""meaning-27632454bb31""]",01.0780,Iza~,uYCe,उञ्छे (uñche),,Vidyut 0.4.0 produced no form in the bounded one-operation run; no grammatical prohibition is inferred.,not_admitted_engine_zero_unresolved
intensive_luk,"[""01.0792"", ""meaning-bd0d14a06dd9""]",01.0792,uza~,dAhe,दाहे (dāhe),,Vidyut 0.4.0 produced no form in the bounded one-operation run; no grammatical prohibition is inferred.,not_admitted_engine_zero_unresolved
intensive_luk,"[""01.0840"", ""meaning-a7c02e4ddde8""]",01.0840,uhi~r,ardane,अर्दने (ardane),,Vidyut 0.4.0 produced no form in the bounded one-operation run; no grammatical prohibition is inferred.,not_admitted_engine_zero_unresolved
intensive_luk,"[""01.0841"", ""meaning-a8644e0580a4""]",01.0841;10.0257,arha~,pUjAyAm,पूजायाम् (pūjāyām),,Vidyut 0.4.0 produced no form in the bounded one-operation run; no grammatical prohibition is inferred.,not_admitted_engine_zero_unresolved
intensive_luk,"[""01.0901"", ""meaning-f0963c4573e8""]",01.0901,aka~,kuwilAyAM gatO,कुटिलायां गतौ (kuṭilāyāṃ gatau),,Vidyut 0.4.0 produced no form in the bounded one-operation run; no grammatical prohibition is inferred.,not_admitted_engine_zero_unresolved
intensive_luk,"[""01.0902"", ""meaning-f0963c4573e8""]",01.0902,aga~,kuwilAyAM gatO,कुटिलायां गतौ (kuṭilāyāṃ gatau),,Vidyut 0.4.0 produced no form in the bounded one-operation run; no grammatical prohibition is inferred.,not_admitted_engine_zero_unresolved
intensive_luk,"[""01.0998"", ""meaning-3a332ba259da""]",01.0998,ancu~^,yAcane,याचने (yācane),,Vidyut 0.4.0 produced no form in the bounded one-operation run; no grammatical prohibition is inferred.,not_admitted_engine_zero_unresolved
intensive_luk,"[""01.0998"", ""meaning-5fa3d59b62c4""]",01.0998,ancu~^,gatO,गतौ (gatau),,Vidyut 0.4.0 produced no form in the bounded one-operation run; no grammatical prohibition is inferred.,not_admitted_engine_zero_unresolved
intensive_luk,"[""01.0999"", ""meaning-3a332ba259da""]",01.0999,acu~^,yAcane,याचने (yācane),,Vidyut 0.4.0 produced no form in the bounded one-operation run; no grammatical prohibition is inferred.,not_admitted_engine_zero_unresolved
intensive_luk,"[""01.0999"", ""meaning-5fa3d59b62c4""]",01.0999,acu~^,gatO,गतौ (gatau),,Vidyut 0.4.0 produced no form in the bounded one-operation run; no grammatical prohibition is inferred.,not_admitted_engine_zero_unresolved
intensive_luk,"[""01.1000"", ""meaning-3a332ba259da""]",01.1000,aci~^,yAcane,याचने (yācane),,Vidyut 0.4.0 produced no form in the bounded one-operation run; no grammatical prohibition is inferred.,not_admitted_engine_zero_unresolved
intensive_luk,"[""01.1000"", ""meaning-5fa3d59b62c4""]",01.1000,aci~^,gatO,गतौ (gatau),,Vidyut 0.4.0 produced no form in the bounded one-operation run; no grammatical prohibition is inferred.,not_admitted_engine_zero_unresolved
intensive_luk,"[""01.1029"", ""meaning-57eea3ba0513""]",01.1029,asa~^,AdAne,आदाने (ādāne),,Vidyut 0.4.0 produced no form in the bounded one-operation run; no grammatical prohibition is inferred.,not_admitted_engine_zero_unresolved
intensive_luk,"[""01.1029"", ""meaning-5fa3d59b62c4""]",01.1029,asa~^,gatO,गतौ (gatau),,Vidyut 0.4.0 produced no form in the bounded one-operation run; no grammatical prohibition is inferred.,not_admitted_engine_zero_unresolved
intensive_luk,"[""01.1029"", ""meaning-7345560b9c17""]",01.1029,asa~^,dIptO,दीप्तौ (dīptau),,Vidyut 0.4.0 produced no form in the bounded one-operation run; no grammatical prohibition is inferred.,not_admitted_engine_zero_unresolved
intensive_luk,"[""01.1030"", ""meaning-57eea3ba0513""]",01.1030,aza~^,AdAne,आदाने (ādāne),,Vidyut 0.4.0 produced no form in the bounded one-operation run; no grammatical prohibition is inferred.,not_admitted_engine_zero_unresolved
intensive_luk,"[""01.1030"", ""meaning-5fa3d59b62c4""]",01.1030,aza~^,gatO,गतौ (gatau),,Vidyut 0.4.0 produced no form in the bounded one-operation run; no grammatical prohibition is inferred.,not_admitted_engine_zero_unresolved
intensive_luk,"[""01.1030"", ""meaning-7345560b9c17""]",01.1030,aza~^,dIptO,दीप्तौ (dīptau),,Vidyut 0.4.0 produced no form in the bounded one-operation run; no grammatical prohibition is inferred.,not_admitted_engine_zero_unresolved
intensive_luk,"[""01.1102"", ""meaning-2dcb1894fd9b""]",01.1102,u\N,Sabde,शब्दे (śabde),,Vidyut 0.4.0 produced no form in the bounded one-operation run; no grammatical prohibition is inferred.,not_admitted_engine_zero_unresolved
intensive_luk,"[""01.1166"", ""meaning-e2643841bb96""]",01.1166,fti,jugupsAyAM,जुगुप्सायां (jugupsāyāṃ),,Vidyut 0.4.0 produced no form in the bounded one-operation run; no grammatical prohibition is inferred.,not_admitted_engine_zero_unresolved
intensive_luk,"[""01.1166"", ""meaning-fbfb5717600b""]",01.1166,fti,kfpAyAM,कृपायां (kṛpāyāṃ),,Vidyut 0.4.0 produced no form in the bounded one-operation run; no grammatical prohibition is inferred.,not_admitted_engine_zero_unresolved
intensive_luk,"[""02.0001"", ""meaning-943364736a74""]",02.0001,a\da~,BakzaRe,भक्षणे (bhakṣaṇe),,Vidyut 0.4.0 produced no form in the bounded one-operation run; no grammatical prohibition is inferred.,not_admitted_engine_zero_unresolved
intensive_luk,"[""02.0008"", ""meaning-5fa3d59b62c4""]",02.0008,Ira~\,gatO,गतौ (gatau),,Vidyut 0.4.0 produced no form in the bounded one-operation run; no grammatical prohibition is inferred.,not_admitted_engine_zero_unresolved
intensive_luk,"[""02.0008"", ""meaning-60fd95557908""]",02.0008,Ira~\,kampane,कम्पने (kampane),,Vidyut 0.4.0 produced no form in the bounded one-operation run; no grammatical prohibition is inferred.,not_admitted_engine_zero_unresolved
intensive_luk,"[""02.0009"", ""meaning-388ca6564d81""]",02.0009,Iqa~\,stutO,स्तुतौ (stutau),,Vidyut 0.4.0 produced no form in the bounded one-operation run; no grammatical prohibition is inferred.,not_admitted_engine_zero_unresolved
intensive_luk,"[""02.0010"", ""meaning-ade77b0908ab""]",02.0010,ISa~\,ESvarye,ऐश्वर्ये (aiśvarye),,Vidyut 0.4.0 produced no form in the bounded one-operation run; no grammatical prohibition is inferred.,not_admitted_engine_zero_unresolved
intensive_luk,"[""02.0011"", ""meaning-9f24bbad5468""]",02.0011,Asa~\,upaveSane,उपवेशने (upaveśane),,Vidyut 0.4.0 produced no form in the bounded one-operation run; no grammatical prohibition is inferred.,not_admitted_engine_zero_unresolved
intensive_luk,"[""02.0040"", ""meaning-5fa3d59b62c4""]",02.0040,i\R,gatO,गतौ (gatau),,Vidyut 0.4.0 produced no form in the bounded one-operation run; no grammatical prohibition is inferred.,not_admitted_engine_zero_unresolved
intensive_luk,"[""02.0041"", ""meaning-7d1ea56b4ecd""]",02.0041,i\N,aDyayane,अध्ययने (adhyayane),,Vidyut 0.4.0 produced no form in the bounded one-operation run; no grammatical prohibition is inferred.,not_admitted_engine_zero_unresolved
intensive_luk,"[""02.0042"", ""meaning-5f776bf60821""]",02.0042,i\k,smaraRe,स्मरणे (smaraṇe),,Vidyut 0.4.0 produced no form in the bounded one-operation run; no grammatical prohibition is inferred.,not_admitted_engine_zero_unresolved
intensive_luk,"[""02.0060"", ""meaning-9b7befdcf8ca""]",02.0060,asa~,Buvi,भुवि (bhuvi),,Vidyut 0.4.0 produced no form in the bounded one-operation run; no grammatical prohibition is inferred.,not_admitted_engine_zero_unresolved
intensive_luk,"[""02.0065"", ""meaning-8f0940e4608a""]",02.0065,ana~,prARane,प्राणने (prāṇane),,Vidyut 0.4.0 produced no form in the bounded one-operation run; no grammatical prohibition is inferred.,not_admitted_engine_zero_unresolved
intensive_luk,"[""02.0067"", ""meaning-116af7dadb06""]",02.0067,jAgf,nidrAkzaye,निद्राक्षये (nidrākṣaye),,Vidyut 0.4.0 produced no form in the bounded one-operation run; no grammatical prohibition is inferred.,not_admitted_engine_zero_unresolved
intensive_luk,"[""02.0068"", ""meaning-aa8d8698dbb9""]",02.0068,daridrA,durgatO,दुर्गतौ (durgatau),,Vidyut 0.4.0 produced no form in the bounded one-operation run; no grammatical prohibition is inferred.,not_admitted_engine_zero_unresolved
intensive_luk,"[""02.0069"", ""meaning-7345560b9c17""]",02.0069,cakAsf~,dIptO,दीप्तौ (dīptau),,Vidyut 0.4.0 produced no form in the bounded one-operation run; no grammatical prohibition is inferred.,not_admitted_engine_zero_unresolved
intensive_luk,"[""02.0071"", ""meaning-7345560b9c17""]",02.0071,dIDIN,dIptO,दीप्तौ (dīptau),,Vidyut 0.4.0 produced no form in the bounded one-operation run; no grammatical prohibition is inferred.,not_admitted_engine_zero_unresolved
intensive_luk,"[""02.0071"", ""meaning-f38ca9c22f32""]",02.0071,dIDIN,devane,देवने (devane),,Vidyut 0.4.0 produced no form in the bounded one-operation run; no grammatical prohibition is inferred.,not_admitted_engine_zero_unresolved
intensive_luk,"[""02.0072"", ""meaning-0563d826057f""]",02.0072,vevIN,vyAptO,व्याप्तौ (vyāptau),,Vidyut 0.4.0 produced no form in the bounded one-operation run; no grammatical prohibition is inferred.,not_admitted_engine_zero_unresolved
intensive_luk,"[""02.0072"", ""meaning-10c71a70cd57""]",02.0072,vevIN,asane,असने (asane),,Vidyut 0.4.0 produced no form in the bounded one-operation run; no grammatical prohibition is inferred.,not_admitted_engine_zero_unresolved
intensive_luk,"[""02.0072"", ""meaning-5fa3d59b62c4""]",02.0072,vevIN,gatO,गतौ (gatau),,Vidyut 0.4.0 produced no form in the bounded one-operation run; no grammatical prohibition is inferred.,not_admitted_engine_zero_unresolved
intensive_luk,"[""02.0072"", ""meaning-7ba414f5e3c0""]",02.0072,vevIN,kAntO,कान्तौ (kāntau),,Vidyut 0.4.0 produced no form in the bounded one-operation run; no grammatical prohibition is inferred.,not_admitted_engine_zero_unresolved
intensive_luk,"[""02.0072"", ""meaning-7cd7d2a1fce1""]",02.0072,vevIN,KAdane,खादने (khādane),,Vidyut 0.4.0 produced no form in the bounded one-operation run; no grammatical prohibition is inferred.,not_admitted_engine_zero_unresolved
intensive_luk,"[""02.0072"", ""meaning-b23eab757d13""]",02.0072,vevIN,prajanane,प्रजनने (prajanane),,Vidyut 0.4.0 produced no form in the bounded one-operation run; no grammatical prohibition is inferred.,not_admitted_engine_zero_unresolved
intensive_luk,"[""04.0022"", ""meaning-5fa3d59b62c4""]",04.0022,iza~,gatO,गतौ (gatau),,Vidyut 0.4.0 produced no form in the bounded one-operation run; no grammatical prohibition is inferred.,not_admitted_engine_zero_unresolved
intensive_luk,"[""04.0038"", ""meaning-5fa3d59b62c4""]",04.0038,I\N,gatO,गतौ (gatau),,Vidyut 0.4.0 produced no form in the bounded one-operation run; no grammatical prohibition is inferred.,not_admitted_engine_zero_unresolved
intensive_luk,"[""04.0056"", ""meaning-50ac4cab38a0""]",04.0056,vAvftu~\,varaRe,वरणे (varaṇe),,Vidyut 0.4.0 produced no form in the bounded one-operation run; no grammatical prohibition is inferred.,not_admitted_engine_zero_unresolved
intensive_luk,"[""04.0071"", ""meaning-8f0940e4608a""]",04.0071,aRa~\,prARane,प्राणने (prāṇane),,Vidyut 0.4.0 produced no form in the bounded one-operation run; no grammatical prohibition is inferred.,not_admitted_engine_zero_unresolved
intensive_luk,"[""04.0072"", ""meaning-8f0940e4608a""]",04.0072,ana~\,prARane,प्राणने (prāṇane),,Vidyut 0.4.0 produced no form in the bounded one-operation run; no grammatical prohibition is inferred.,not_admitted_engine_zero_unresolved
intensive_luk,"[""04.0106"", ""meaning-cf85e55c7b9a""]",04.0106,asu~,kzepaRe,क्षेपणे (kṣepaṇe),,Vidyut 0.4.0 produced no form in the bounded one-operation run; no grammatical prohibition is inferred.,not_admitted_engine_zero_unresolved
intensive_luk,"[""04.0135"", ""meaning-0cddf6b2fb7d""]",04.0135,uca~,samavAye,समवाये (samavāye),,Vidyut 0.4.0 produced no form in the bounded one-operation run; no grammatical prohibition is inferred.,not_admitted_engine_zero_unresolved
intensive_luk,"[""04.0160"", ""meaning-7e172f9d8575""]",04.0160;05.0027,fDu~,vfdDO,वृद्धौ (vṛddhau),,Vidyut 0.4.0 produced no form in the bounded one-operation run; no grammatical prohibition is inferred.,not_admitted_engine_zero_unresolved
intensive_luk,"[""05.0016"", ""meaning-0563d826057f""]",05.0016,A\px~,vyAptO,व्याप्तौ (vyāptau),,Vidyut 0.4.0 produced no form in the bounded one-operation run; no grammatical prohibition is inferred.,not_admitted_engine_zero_unresolved
intensive_luk,"[""05.0029"", ""meaning-0563d826057f""]",05.0029,aha~,vyAptO,व्याप्तौ (vyāptau),,Vidyut 0.4.0 produced no form in the bounded one-operation run; no grammatical prohibition is inferred.,not_admitted_engine_zero_unresolved
intensive_luk,"[""05.0034"", ""meaning-3bf7963ee53c""]",05.0034,ciri,hiMsAyAm,हिंसायाम् (hiṃsāyām),,Vidyut 0.4.0 produced no form in the bounded one-operation run; no grammatical prohibition is inferred.,not_admitted_engine_zero_unresolved
intensive_luk,"[""05.0035"", ""meaning-3bf7963ee53c""]",05.0035,jiri,hiMsAyAm,हिंसायाम् (hiṃsāyām),,Vidyut 0.4.0 produced no form in the bounded one-operation run; no grammatical prohibition is inferred.,not_admitted_engine_zero_unresolved
intensive_luk,"[""05.0038"", ""meaning-3bf7963ee53c""]",05.0038,f\kzi,hiMsAyAm,हिंसायाम् (hiṃsāyām),,Vidyut 0.4.0 produced no form in the bounded one-operation run; no grammatical prohibition is inferred.,not_admitted_engine_zero_unresolved
intensive_luk,"[""06.0007"", ""meaning-5fa3d59b62c4""]",06.0007,fzI~,gatO,गतौ (gatau),,Vidyut 0.4.0 produced no form in the bounded one-operation run; no grammatical prohibition is inferred.,not_admitted_engine_zero_unresolved
intensive_luk,"[""06.0016"", ""meaning-0d4257390ece""]",06.0016,fCa~,indriyapralaye,इन्द्रियप्रलये (indriyapralaye),,Vidyut 0.4.0 produced no form in the bounded one-operation run; no grammatical prohibition is inferred.,not_admitted_engine_zero_unresolved
intensive_luk,"[""06.0016"", ""meaning-5fa3d59b62c4""]",06.0016,fCa~,gatO,गतौ (gatau),,Vidyut 0.4.0 produced no form in the bounded one-operation run; no grammatical prohibition is inferred.,not_admitted_engine_zero_unresolved
intensive_luk,"[""06.0016"", ""meaning-b85b23756efc""]",06.0016,fCa~,mUrtiBAve,मूर्तिभावे (mūrtibhāve),,Vidyut 0.4.0 produced no form in the bounded one-operation run; no grammatical prohibition is inferred.,not_admitted_engine_zero_unresolved
intensive_luk,"[""06.0022"", ""meaning-388ca6564d81""]",06.0022,fca~,stutO,स्तुतौ (stutau),,Vidyut 0.4.0 produced no form in the bounded one-operation run; no grammatical prohibition is inferred.,not_admitted_engine_zero_unresolved
intensive_luk,"[""06.0022"", ""meaning-7345560b9c17""]",06.0022,fca~,dIptO,दीप्तौ (dīptau),,Vidyut 0.4.0 produced no form in the bounded one-operation run; no grammatical prohibition is inferred.,not_admitted_engine_zero_unresolved
intensive_luk,"[""06.0023"", ""meaning-016eccac7f8b""]",06.0023,ubja~,Arjave,आर्जवे (ārjave),,Vidyut 0.4.0 produced no form in the bounded one-operation run; no grammatical prohibition is inferred.,not_admitted_engine_zero_unresolved
intensive_luk,"[""06.0024"", ""meaning-e094055595ea""]",06.0024,ujJa~,utsarge,उत्सर्गे (utsarge),,Vidyut 0.4.0 produced no form in the bounded one-operation run; no grammatical prohibition is inferred.,not_admitted_engine_zero_unresolved
intensive_luk,"[""06.0029"", ""meaning-3bf7963ee53c""]",06.0029,fha~,hiMsAyAm,हिंसायाम् (hiṃsāyām),,Vidyut 0.4.0 produced no form in the bounded one-operation run; no grammatical prohibition is inferred.,not_admitted_engine_zero_unresolved
intensive_luk,"[""06.0029"", ""meaning-4ba2f112e2a1""]",06.0029,fha~,katTane,कत्थने (katthane),,Vidyut 0.4.0 produced no form in the bounded one-operation run; no grammatical prohibition is inferred.,not_admitted_engine_zero_unresolved
intensive_luk,"[""06.0029"", ""meaning-53034c510d04""]",06.0029,fha~,nindAyAm,निन्दायाम् (nindāyām),,Vidyut 0.4.0 produced no form in the bounded one-operation run; no grammatical prohibition is inferred.,not_admitted_engine_zero_unresolved
intensive_luk,"[""06.0029"", ""meaning-a71280a34aa6""]",06.0029,fha~,dAne,दाने (dāne),,Vidyut 0.4.0 produced no form in the bounded one-operation run; no grammatical prohibition is inferred.,not_admitted_engine_zero_unresolved
intensive_luk,"[""06.0029"", ""meaning-cb8f3f842a8a""]",06.0029,fha~,yudDe,युद्धे (yuddhe),,Vidyut 0.4.0 produced no form in the bounded one-operation run; no grammatical prohibition is inferred.,not_admitted_engine_zero_unresolved
intensive_luk,"[""06.0040"", ""meaning-3bf7963ee53c""]",06.0040,fPa~,hiMsAyAm,हिंसायाम् (hiṃsāyām),,Vidyut 0.4.0 produced no form in the bounded one-operation run; no grammatical prohibition is inferred.,not_admitted_engine_zero_unresolved
intensive_luk,"[""06.0041"", ""meaning-3bf7963ee53c""]",06.0041,fnPa~,hiMsAyAm,हिंसायाम् (hiṃsāyām),,Vidyut 0.4.0 produced no form in the bounded one-operation run; no grammatical prohibition is inferred.,not_admitted_engine_zero_unresolved
intensive_luk,"[""06.0044"", ""meaning-d763b2fae9b6""]",06.0044,uBa~,pUraRe,पूरणे (pūraṇe),,Vidyut 0.4.0 produced no form in the bounded one-operation run; no grammatical prohibition is inferred.,not_admitted_engine_zero_unresolved
intensive_luk,"[""06.0045"", ""meaning-d763b2fae9b6""]",06.0045,unBa~,pUraRe,पूरणे (pūraṇe),,Vidyut 0.4.0 produced no form in the bounded one-operation run; no grammatical prohibition is inferred.,not_admitted_engine_zero_unresolved
intensive_luk,"[""06.0078"", ""meaning-4d0ef93cc7a1""]",06.0078,izu~,icCAyAm,इच्छायाम् (icchāyām),,Vidyut 0.4.0 produced no form in the bounded one-operation run; no grammatical prohibition is inferred.,not_admitted_engine_zero_unresolved
intensive_luk,"[""06.0084"", ""meaning-a4fa07c9086e""]",06.0084,ila~,svapne,स्वप्ने (svapne),,Vidyut 0.4.0 produced no form in the bounded one-operation run; no grammatical prohibition is inferred.,not_admitted_engine_zero_unresolved
intensive_luk,"[""06.0084"", ""meaning-cf85e55c7b9a""]",06.0084,ila~,kzepaRe,क्षेपणे (kṣepaṇe),,Vidyut 0.4.0 produced no form in the bounded one-operation run; no grammatical prohibition is inferred.,not_admitted_engine_zero_unresolved
intensive_luk,"[""06.0159"", ""meaning-5fa3d59b62c4""]",06.0159,viCa~,gatO,गतौ (gatau),,Vidyut 0.4.0 produced no form in the bounded one-operation run; no grammatical prohibition is inferred.,not_admitted_engine_zero_unresolved
intensive_luk,"[""07.0011"", ""meaning-7345560b9c17""]",07.0011,YiinDI~\,dIptO,दीप्तौ (dīptau),,Vidyut 0.4.0 produced no form in the bounded one-operation run; no grammatical prohibition is inferred.,not_admitted_engine_zero_unresolved
intensive_luk,"[""07.0020"", ""meaning-1aae1b74be2d""]",07.0020,undI~,kledane,क्लेदने (kledane),,Vidyut 0.4.0 produced no form in the bounded one-operation run; no grammatical prohibition is inferred.,not_admitted_engine_zero_unresolved
intensive_luk,"[""07.0021"", ""meaning-5fa3d59b62c4""]",07.0021,anjU~,gatO,गतौ (gatau),,Vidyut 0.4.0 produced no form in the bounded one-operation run; no grammatical prohibition is inferred.,not_admitted_engine_zero_unresolved
intensive_luk,"[""07.0021"", ""meaning-7ba414f5e3c0""]",07.0021,anjU~,kAntO,कान्तौ (kāntau),,Vidyut 0.4.0 produced no form in the bounded one-operation run; no grammatical prohibition is inferred.,not_admitted_engine_zero_unresolved
intensive_luk,"[""07.0021"", ""meaning-a495a5bf9aca""]",07.0021,anjU~,mrakzaRe,म्रक्षणे (mrakṣaṇe),,Vidyut 0.4.0 produced no form in the bounded one-operation run; no grammatical prohibition is inferred.,not_admitted_engine_zero_unresolved
intensive_luk,"[""07.0021"", ""meaning-d83aa0b8b803""]",07.0021,anjU~,vyaktO,व्यक्तौ (vyaktau),,Vidyut 0.4.0 produced no form in the bounded one-operation run; no grammatical prohibition is inferred.,not_admitted_engine_zero_unresolved
intensive_luk,"[""08.0005"", ""meaning-5fa3d59b62c4""]",08.0005,fRu~^,gatO,गतौ (gatau),,Vidyut 0.4.0 produced no form in the bounded one-operation run; no grammatical prohibition is inferred.,not_admitted_engine_zero_unresolved
intensive_luk,"[""09.0032"", ""meaning-5fa3d59b62c4""]",09.0032,F,gatO,गतौ (gatau),,Vidyut 0.4.0 produced no form in the bounded one-operation run; no grammatical prohibition is inferred.,not_admitted_engine_zero_unresolved
intensive_luk,"[""09.0061"", ""meaning-7dc9cb001b4a""]",09.0061,iza~,ABIkzRye,आभीक्ष्ण्ये (ābhīkṣṇye),,Vidyut 0.4.0 produced no form in the bounded one-operation run; no grammatical prohibition is inferred.,not_admitted_engine_zero_unresolved
intensive_luk,"[""10.0001"", ""meaning-ea619e8dba65""]",10.0001,cura~,steye,स्तेये (steye),,Vidyut 0.4.0 produced no form in the bounded one-operation run; no grammatical prohibition is inferred.,not_admitted_engine_zero_unresolved
intensive_luk,"[""10.0006"", ""meaning-5042ee4bdbe7""]",10.0006;10.0219,lakza~,Alocane;darSane,आलोचने (ālocane);दर्शने (darśane),,Vidyut 0.4.0 produced no form in the bounded one-operation run; no grammatical prohibition is inferred.,not_admitted_engine_zero_unresolved
intensive_luk,"[""10.0006"", ""meaning-ea5abf5b24b3""]",10.0006,lakza~,aNkane,अङ्कने (aṅkane),,Vidyut 0.4.0 produced no form in the bounded one-operation run; no grammatical prohibition is inferred.,not_admitted_engine_zero_unresolved
intensive_luk,"[""10.0008"", ""meaning-a010c56017b0""]",10.0008,kudf~,anftaBAzaRe,अनृतभाषणे (anṛtabhāṣaṇe),,Vidyut 0.4.0 produced no form in the bounded one-operation run; no grammatical prohibition is inferred.,not_admitted_engine_zero_unresolved
intensive_luk,"[""10.0010"", ""meaning-e70f6bac7ede""]",10.0010,laqa~,upasevAyAm,उपसेवायाम् (upasevāyām),,Vidyut 0.4.0 produced no form in the bounded one-operation run; no grammatical prohibition is inferred.,not_admitted_engine_zero_unresolved
intensive_luk,"[""10.0012"", ""meaning-8c6231d20ac4""]",10.0012,mida~,snehane,स्नेहने (snehane),,Vidyut 0.4.0 produced no form in the bounded one-operation run; no grammatical prohibition is inferred.,not_admitted_engine_zero_unresolved
intensive_luk,"[""10.0014"", ""meaning-8c6c87e51d61""]",10.0014,olaqi~,utkzepaRe,उत्क्षेपणे (utkṣepaṇe),,Vidyut 0.4.0 produced no form in the bounded one-operation run; no grammatical prohibition is inferred.,not_admitted_engine_zero_unresolved
intensive_luk,"[""10.0015"", ""meaning-456b48da5b7f""]",10.0015,jala~,apavAraRe,अपवारणे (apavāraṇe),,Vidyut 0.4.0 produced no form in the bounded one-operation run; no grammatical prohibition is inferred.,not_admitted_engine_zero_unresolved
intensive_luk,"[""10.0016"", ""meaning-456b48da5b7f""]",10.0016,laja~,apavAraRe,अपवारणे (apavāraṇe),,Vidyut 0.4.0 produced no form in the bounded one-operation run; no grammatical prohibition is inferred.,not_admitted_engine_zero_unresolved
intensive_luk,"[""10.0017"", ""meaning-bf6670b8e0f3""]",10.0017,pIqa~,avagAhane,अवगाहने (avagāhane),,Vidyut 0.4.0 produced no form in the bounded one-operation run; no grammatical prohibition is inferred.,not_admitted_engine_zero_unresolved
intensive_luk,"[""10.0018"", ""meaning-8083d7b458fd""]",10.0018,nawa~,avaspandane,अवस्पन्दने (avaspandane),,Vidyut 0.4.0 produced no form in the bounded one-operation run; no grammatical prohibition is inferred.,not_admitted_engine_zero_unresolved
intensive_luk,"[""10.0019"", ""meaning-52a2ffd5acb5""]",10.0019,SraTa~,prayatne,प्रयत्ने (prayatne),,Vidyut 0.4.0 produced no form in the bounded one-operation run; no grammatical prohibition is inferred.,not_admitted_engine_zero_unresolved
intensive_luk,"[""10.0020"", ""meaning-b73be7b5e74a""]",10.0020,baDa~,saMyamane,संयमने (saṃyamane),,Vidyut 0.4.0 produced no form in the bounded one-operation run; no grammatical prohibition is inferred.,not_admitted_engine_zero_unresolved
intensive_luk,"[""10.0021"", ""meaning-b73be7b5e74a""]",10.0021,banDa~,saMyamane,संयमने (saṃyamane),,Vidyut 0.4.0 produced no form in the bounded one-operation run; no grammatical prohibition is inferred.,not_admitted_engine_zero_unresolved
intensive_luk,"[""10.0023"", ""meaning-56d911123328""]",10.0023,urja~,bale,बले (bale),,Vidyut 0.4.0 produced no form in the bounded one-operation run; no grammatical prohibition is inferred.,not_admitted_engine_zero_unresolved
intensive_luk,"[""10.0023"", ""meaning-8f0940e4608a""]",10.0023,urja~,prARane,प्राणने (prāṇane),,Vidyut 0.4.0 produced no form in the bounded one-operation run; no grammatical prohibition is inferred.,not_admitted_engine_zero_unresolved
intensive_luk,"[""10.0024"", ""meaning-bcd2fe1559df""]",10.0024,pakza~,parigrahe,परिग्रहे (parigrahe),,Vidyut 0.4.0 produced no form in the bounded one-operation run; no grammatical prohibition is inferred.,not_admitted_engine_zero_unresolved
intensive_luk,"[""10.0025"", ""meaning-556802d0e7f6""]",10.0025,varRa~,preraRe,प्रेरणे (preraṇe),,Vidyut 0.4.0 produced no form in the bounded one-operation run; no grammatical prohibition is inferred.,not_admitted_engine_zero_unresolved
intensive_luk,"[""10.0026"", ""meaning-556802d0e7f6""]",10.0026,curRa~,preraRe,प्रेरणे (preraṇe),,Vidyut 0.4.0 produced no form in the bounded one-operation run; no grammatical prohibition is inferred.,not_admitted_engine_zero_unresolved
intensive_luk,"[""10.0027"", ""meaning-bcc0f228a822""]",10.0027,praTa~,praKyAne,प्रख्याने (prakhyāne),,Vidyut 0.4.0 produced no form in the bounded one-operation run; no grammatical prohibition is inferred.,not_admitted_engine_zero_unresolved
intensive_luk,"[""10.0028"", ""meaning-169a5b3eab06""]",10.0028,pfTa~,prakzepe,प्रक्षेपे (prakṣepe),,Vidyut 0.4.0 produced no form in the bounded one-operation run; no grammatical prohibition is inferred.,not_admitted_engine_zero_unresolved
intensive_luk,"[""10.0029"", ""meaning-169a5b3eab06""]",10.0029,paTa~,prakzepe,प्रक्षेपे (prakṣepe),,Vidyut 0.4.0 produced no form in the bounded one-operation run; no grammatical prohibition is inferred.,not_admitted_engine_zero_unresolved
intensive_luk,"[""10.0030"", ""meaning-c91eda6b781c""]",10.0030,zanba~,sambanDane,सम्बन्धने (sambandhane),,Vidyut 0.4.0 produced no form in the bounded one-operation run; no grammatical prohibition is inferred.,not_admitted_engine_zero_unresolved
intensive_luk,"[""10.0031"", ""meaning-c91eda6b781c""]",10.0031,Sanba~,sambanDane,सम्बन्धने (sambandhane),,Vidyut 0.4.0 produced no form in the bounded one-operation run; no grammatical prohibition is inferred.,not_admitted_engine_zero_unresolved
intensive_luk,"[""10.0032"", ""meaning-c91eda6b781c""]",10.0032,sAnba~,sambanDane,सम्बन्धने (sambandhane),,Vidyut 0.4.0 produced no form in the bounded one-operation run; no grammatical prohibition is inferred.,not_admitted_engine_zero_unresolved
intensive_luk,"[""10.0033"", ""meaning-12098753fdb8""]",10.0033,Bakza~,adane,अदने (adane),,Vidyut 0.4.0 produced no form in the bounded one-operation run; no grammatical prohibition is inferred.,not_admitted_engine_zero_unresolved
intensive_luk,"[""10.0034"", ""meaning-419b680bba71""]",10.0034,kuwwa~,Bartsane,भर्त्सने (bhartsane),,Vidyut 0.4.0 produced no form in the bounded one-operation run; no grammatical prohibition is inferred.,not_admitted_engine_zero_unresolved
intensive_luk,"[""10.0034"", ""meaning-c070dfa2517d""]",10.0034,kuwwa~,Cedane,छेदने (chedane),,Vidyut 0.4.0 produced no form in the bounded one-operation run; no grammatical prohibition is inferred.,not_admitted_engine_zero_unresolved
intensive_luk,"[""10.0035"", ""meaning-281d6ceca229""]",10.0035,puwwa~,alpIBAve,अल्पीभावे (alpībhāve),,Vidyut 0.4.0 produced no form in the bounded one-operation run; no grammatical prohibition is inferred.,not_admitted_engine_zero_unresolved
intensive_luk,"[""10.0036"", ""meaning-281d6ceca229""]",10.0036,cuwwa~,alpIBAve,अल्पीभावे (alpībhāve),,Vidyut 0.4.0 produced no form in the bounded one-operation run; no grammatical prohibition is inferred.,not_admitted_engine_zero_unresolved
intensive_luk,"[""10.0037"", ""meaning-f0e843d6616f""]",10.0037,adwa~,anAdare,अनादरे (anādare),,Vidyut 0.4.0 produced no form in the bounded one-operation run; no grammatical prohibition is inferred.,not_admitted_engine_zero_unresolved
intensive_luk,"[""10.0038"", ""meaning-f0e843d6616f""]",10.0038,zuwwa~,anAdare,अनादरे (anādare),,Vidyut 0.4.0 produced no form in the bounded one-operation run; no grammatical prohibition is inferred.,not_admitted_engine_zero_unresolved
intensive_luk,"[""10.0039"", ""meaning-ea619e8dba65""]",10.0039,lunwa~,steye,स्तेये (steye),,Vidyut 0.4.0 produced no form in the bounded one-operation run; no grammatical prohibition is inferred.,not_admitted_engine_zero_unresolved
intensive_luk,"[""10.0040"", ""meaning-ea619e8dba65""]",10.0040,lunWa~,steye,स्तेये (steye),,Vidyut 0.4.0 produced no form in the bounded one-operation run; no grammatical prohibition is inferred.,not_admitted_engine_zero_unresolved
intensive_luk,"[""10.0041"", ""meaning-50de7e3502c9""]",10.0041,SaWa~,asaMskAre,असंस्कारे (asaṃskāre),,Vidyut 0.4.0 produced no form in the bounded one-operation run; no grammatical prohibition is inferred.,not_admitted_engine_zero_unresolved
intensive_luk,"[""10.0041"", ""meaning-5fa3d59b62c4""]",10.0041,SaWa~,gatO,गतौ (gatau),,Vidyut 0.4.0 produced no form in the bounded one-operation run; no grammatical prohibition is inferred.,not_admitted_engine_zero_unresolved
intensive_luk,"[""10.0042"", ""meaning-50de7e3502c9""]",10.0042,SvaWa~,asaMskAre,असंस्कारे (asaṃskāre),,Vidyut 0.4.0 produced no form in the bounded one-operation run; no grammatical prohibition is inferred.,not_admitted_engine_zero_unresolved
intensive_luk,"[""10.0042"", ""meaning-5fa3d59b62c4""]",10.0042,SvaWa~,gatO,गतौ (gatau),,Vidyut 0.4.0 produced no form in the bounded one-operation run; no grammatical prohibition is inferred.,not_admitted_engine_zero_unresolved
intensive_luk,"[""10.0044"", ""meaning-7d5a8a506fb0""]",10.0044,tuja~,niketane,निकेतने (niketane),,Vidyut 0.4.0 produced no form in the bounded one-operation run; no grammatical prohibition is inferred.,not_admitted_engine_zero_unresolved
intensive_luk,"[""10.0044"", ""meaning-91cb8c95f040""]",10.0044,tuja~,balAdAne,बलादाने (balādāne),,Vidyut 0.4.0 produced no form in the bounded one-operation run; no grammatical prohibition is inferred.,not_admitted_engine_zero_unresolved
intensive_luk,"[""10.0046"", ""meaning-3bf7963ee53c""]",10.0046,pija~,hiMsAyAm,हिंसायाम् (hiṃsāyām),,Vidyut 0.4.0 produced no form in the bounded one-operation run; no grammatical prohibition is inferred.,not_admitted_engine_zero_unresolved
intensive_luk,"[""10.0046"", ""meaning-7d5a8a506fb0""]",10.0046,pija~,niketane,निकेतने (niketane),,Vidyut 0.4.0 produced no form in the bounded one-operation run; no grammatical prohibition is inferred.,not_admitted_engine_zero_unresolved
intensive_luk,"[""10.0046"", ""meaning-91cb8c95f040""]",10.0046,pija~,balAdAne,बलादाने (balādāne),,Vidyut 0.4.0 produced no form in the bounded one-operation run; no grammatical prohibition is inferred.,not_admitted_engine_zero_unresolved
intensive_luk,"[""10.0050"", ""meaning-5fa3d59b62c4""]",10.0050,pisa~,gatO,गतौ (gatau),,Vidyut 0.4.0 produced no form in the bounded one-operation run; no grammatical prohibition is inferred.,not_admitted_engine_zero_unresolved
intensive_luk,"[""10.0051"", ""meaning-9e25650c7acd""]",10.0051,zAntva~,sAmaprayoge,सामप्रयोगे (sāmaprayoge),,Vidyut 0.4.0 produced no form in the bounded one-operation run; no grammatical prohibition is inferred.,not_admitted_engine_zero_unresolved
intensive_luk,"[""10.0052"", ""meaning-9e25650c7acd""]",10.0052,sAntva~,sAmaprayoge,सामप्रयोगे (sāmaprayoge),,Vidyut 0.4.0 produced no form in the bounded one-operation run; no grammatical prohibition is inferred.,not_admitted_engine_zero_unresolved
intensive_luk,"[""10.0053"", ""meaning-6c1cf9a54ef6""]",10.0053,Svalka~,pariBAzaRe,परिभाषणे (paribhāṣaṇe),,Vidyut 0.4.0 produced no form in the bounded one-operation run; no grammatical prohibition is inferred.,not_admitted_engine_zero_unresolved
intensive_luk,"[""10.0054"", ""meaning-6c1cf9a54ef6""]",10.0054,valka~,pariBAzaRe,परिभाषणे (paribhāṣaṇe),,Vidyut 0.4.0 produced no form in the bounded one-operation run; no grammatical prohibition is inferred.,not_admitted_engine_zero_unresolved
intensive_luk,"[""10.0055"", ""meaning-8c6231d20ac4""]",10.0055,zRiha~,snehane,स्नेहने (snehane),,Vidyut 0.4.0 produced no form in the bounded one-operation run; no grammatical prohibition is inferred.,not_admitted_engine_zero_unresolved
intensive_luk,"[""10.0056"", ""meaning-3bf7963ee53c""]",10.0056,sPiwa~,hiMsAyAm,हिंसायाम् (hiṃsāyām),,Vidyut 0.4.0 produced no form in the bounded one-operation run; no grammatical prohibition is inferred.,not_admitted_engine_zero_unresolved
intensive_luk,"[""10.0057"", ""meaning-f0e843d6616f""]",10.0057,smiwa~,anAdare,अनादरे (anādare),,Vidyut 0.4.0 produced no form in the bounded one-operation run; no grammatical prohibition is inferred.,not_admitted_engine_zero_unresolved
intensive_luk,"[""10.0058"", ""meaning-f0e843d6616f""]",10.0058,zmiN,anAdare,अनादरे (anādare),,Vidyut 0.4.0 produced no form in the bounded one-operation run; no grammatical prohibition is inferred.,not_admitted_engine_zero_unresolved
intensive_luk,"[""10.0059"", ""meaning-d5f33ed970a6""]",10.0059,Sliza~,SlezaRe,श्लेषणे (śleṣaṇe),,Vidyut 0.4.0 produced no form in the bounded one-operation run; no grammatical prohibition is inferred.,not_admitted_engine_zero_unresolved
intensive_luk,"[""10.0061"", ""meaning-85abd1bf967a""]",10.0061,piCa~,kuwwane,कुट्टने (kuṭṭane),,Vidyut 0.4.0 produced no form in the bounded one-operation run; no grammatical prohibition is inferred.,not_admitted_engine_zero_unresolved
intensive_luk,"[""10.0063"", ""meaning-a71280a34aa6""]",10.0063,SraRa~,dAne,दाने (dāne),,Vidyut 0.4.0 produced no form in the bounded one-operation run; no grammatical prohibition is inferred.,not_admitted_engine_zero_unresolved
intensive_luk,"[""10.0064"", ""meaning-9cadb6e10abf""]",10.0064,taqa~,AGAte,आघाते (āghāte),,Vidyut 0.4.0 produced no form in the bounded one-operation run; no grammatical prohibition is inferred.,not_admitted_engine_zero_unresolved
intensive_luk,"[""10.0065"", ""meaning-12d930b48839""]",10.0065,Kaqa~,Bedane,भेदने (bhedane),,Vidyut 0.4.0 produced no form in the bounded one-operation run; no grammatical prohibition is inferred.,not_admitted_engine_zero_unresolved
intensive_luk,"[""10.0078"", ""meaning-c3f774eabe82""]",10.0078,Carda~,vamane,वमने (vamane),,Vidyut 0.4.0 produced no form in the bounded one-operation run; no grammatical prohibition is inferred.,not_admitted_engine_zero_unresolved
intensive_luk,"[""10.0079"", ""meaning-889fafdbed6d""]",10.0079,pusta~,Adare,आदरे (ādare),,Vidyut 0.4.0 produced no form in the bounded one-operation run; no grammatical prohibition is inferred.,not_admitted_engine_zero_unresolved
intensive_luk,"[""10.0079"", ""meaning-f0e843d6616f""]",10.0079,pusta~,anAdare,अनादरे (anādare),,Vidyut 0.4.0 produced no form in the bounded one-operation run; no grammatical prohibition is inferred.,not_admitted_engine_zero_unresolved
intensive_luk,"[""10.0080"", ""meaning-889fafdbed6d""]",10.0080,busta~,Adare,आदरे (ādare),,Vidyut 0.4.0 produced no form in the bounded one-operation run; no grammatical prohibition is inferred.,not_admitted_engine_zero_unresolved
intensive_luk,"[""10.0080"", ""meaning-f0e843d6616f""]",10.0080,busta~,anAdare,अनादरे (anādare),,Vidyut 0.4.0 produced no form in the bounded one-operation run; no grammatical prohibition is inferred.,not_admitted_engine_zero_unresolved
intensive_luk,"[""10.0081"", ""meaning-de6f6d76c11b""]",10.0081,cuda~,saYcodane,सञ्चोदने (sañcodane),,Vidyut 0.4.0 produced no form in the bounded one-operation run; no grammatical prohibition is inferred.,not_admitted_engine_zero_unresolved
intensive_luk,"[""10.0082"", ""meaning-4c7246e8c3c8""]",10.0082,nakka~,nASane,नाशने (nāśane),,Vidyut 0.4.0 produced no form in the bounded one-operation run; no grammatical prohibition is inferred.,not_admitted_engine_zero_unresolved
intensive_luk,"[""10.0083"", ""meaning-4c7246e8c3c8""]",10.0083,Dakka~,nASane,नाशने (nāśane),,Vidyut 0.4.0 produced no form in the bounded one-operation run; no grammatical prohibition is inferred.,not_admitted_engine_zero_unresolved
intensive_luk,"[""10.0084"", ""meaning-83c2bd6d47b1""]",10.0084,cakka~,vyaTane,व्यथने (vyathane),,Vidyut 0.4.0 produced no form in the bounded one-operation run; no grammatical prohibition is inferred.,not_admitted_engine_zero_unresolved
intensive_luk,"[""10.0085"", ""meaning-83c2bd6d47b1""]",10.0085,cukka~,vyaTane,व्यथने (vyathane),,Vidyut 0.4.0 produced no form in the bounded one-operation run; no grammatical prohibition is inferred.,not_admitted_engine_zero_unresolved
intensive_luk,"[""10.0086"", ""meaning-37bf2b36570a""]",10.0086,kzala~,SOcakarmaRi,शौचकर्मणि (śaucakarmaṇi),,Vidyut 0.4.0 produced no form in the bounded one-operation run; no grammatical prohibition is inferred.,not_admitted_engine_zero_unresolved
intensive_luk,"[""10.0087"", ""meaning-83e37f3a87c4""]",10.0087,tala~,pratizWAyAm,प्रतिष्ठायाम् (pratiṣṭhāyām),,Vidyut 0.4.0 produced no form in the bounded one-operation run; no grammatical prohibition is inferred.,not_admitted_engine_zero_unresolved
intensive_luk,"[""10.0088"", ""meaning-ac2dcce56c30""]",10.0088,tula~,unmAne,उन्माने (unmāne),,Vidyut 0.4.0 produced no form in the bounded one-operation run; no grammatical prohibition is inferred.,not_admitted_engine_zero_unresolved
intensive_luk,"[""10.0089"", ""meaning-acb7f40f2928""]",10.0089,dula~,utkzepe,उत्क्षेपे (utkṣepe),,Vidyut 0.4.0 produced no form in the bounded one-operation run; no grammatical prohibition is inferred.,not_admitted_engine_zero_unresolved
intensive_luk,"[""10.0091"", ""meaning-0ccec38bfd14""]",10.0091,cula~,samucCrAye,समुच्छ्राये (samucchrāye),,Vidyut 0.4.0 produced no form in the bounded one-operation run; no grammatical prohibition is inferred.,not_admitted_engine_zero_unresolved
intensive_luk,"[""10.0092"", ""meaning-5c8333df6b05""]",10.0092,mUla~,rohaRe,रोहणे (rohaṇe),,Vidyut 0.4.0 produced no form in the bounded one-operation run; no grammatical prohibition is inferred.,not_admitted_engine_zero_unresolved
intensive_luk,"[""10.0093"", ""meaning-029b9634ef9c""]",10.0093,kala~,kzepe,क्षेपे (kṣepe),,Vidyut 0.4.0 produced no form in the bounded one-operation run; no grammatical prohibition is inferred.,not_admitted_engine_zero_unresolved
intensive_luk,"[""10.0094"", ""meaning-029b9634ef9c""]",10.0094,vila~,kzepe,क्षेपे (kṣepe),,Vidyut 0.4.0 produced no form in the bounded one-operation run; no grammatical prohibition is inferred.,not_admitted_engine_zero_unresolved
intensive_luk,"[""10.0097"", ""meaning-e454b0959a54""]",10.0097,cala~,BftO,भृतौ (bhṛtau),,Vidyut 0.4.0 produced no form in the bounded one-operation run; no grammatical prohibition is inferred.,not_admitted_engine_zero_unresolved
intensive_luk,"[""10.0098"", ""meaning-0ce6231987c9""]",10.0098,pAla~,rakzaRe,रक्षणे (rakṣaṇe),,Vidyut 0.4.0 produced no form in the bounded one-operation run; no grammatical prohibition is inferred.,not_admitted_engine_zero_unresolved
intensive_luk,"[""10.0099"", ""meaning-0ce6231987c9""]",10.0099,pala~,rakzaRe,रक्षणे (rakṣaṇe),,Vidyut 0.4.0 produced no form in the bounded one-operation run; no grammatical prohibition is inferred.,not_admitted_engine_zero_unresolved
intensive_luk,"[""10.0100"", ""meaning-3bf7963ee53c""]",10.0100,lUza~,hiMsAyAm,हिंसायाम् (hiṃsāyām),,Vidyut 0.4.0 produced no form in the bounded one-operation run; no grammatical prohibition is inferred.,not_admitted_engine_zero_unresolved
intensive_luk,"[""10.0101"", ""meaning-8b8700ed2466""]",10.0101,Sulba~,mAne,माने (māne),,Vidyut 0.4.0 produced no form in the bounded one-operation run; no grammatical prohibition is inferred.,not_admitted_engine_zero_unresolved
intensive_luk,"[""10.0102"", ""meaning-8b8700ed2466""]",10.0102,SUrpa~,mAne,माने (māne),,Vidyut 0.4.0 produced no form in the bounded one-operation run; no grammatical prohibition is inferred.,not_admitted_engine_zero_unresolved
intensive_luk,"[""10.0104"", ""meaning-557772409059""]",10.0104,muwa~,saYcUrRane,सञ्चूर्णने (sañcūrṇane),,Vidyut 0.4.0 produced no form in the bounded one-operation run; no grammatical prohibition is inferred.,not_admitted_engine_zero_unresolved
intensive_luk,"[""10.0105"", ""meaning-8c6c87e51d61""]",10.0105,ulaqi~,utkzepaRe,उत्क्षेपणे (utkṣepaṇe),,Vidyut 0.4.0 produced no form in the bounded one-operation run; no grammatical prohibition is inferred.,not_admitted_engine_zero_unresolved
intensive_luk,"[""10.0108"", ""meaning-22612fd355b3""]",10.0108,mArga,saMskAre,संस्कारे (saṃskāre),,Vidyut 0.4.0 produced no form in the bounded one-operation run; no grammatical prohibition is inferred.,not_admitted_engine_zero_unresolved
intensive_luk,"[""10.0108"", ""meaning-5fa3d59b62c4""]",10.0108,mArga,gatO,गतौ (gatau),,Vidyut 0.4.0 produced no form in the bounded one-operation run; no grammatical prohibition is inferred.,not_admitted_engine_zero_unresolved
intensive_luk,"[""10.0109"", ""meaning-22612fd355b3""]",10.0109,vraja~,saMskAre,संस्कारे (saṃskāre),,Vidyut 0.4.0 produced no form in the bounded one-operation run; no grammatical prohibition is inferred.,not_admitted_engine_zero_unresolved
intensive_luk,"[""10.0110"", ""meaning-635311d3f114""]",10.0110,Sulka~,atisparSane,अतिस्पर्शने (atisparśane),,Vidyut 0.4.0 produced no form in the bounded one-operation run; no grammatical prohibition is inferred.,not_admitted_engine_zero_unresolved
intensive_luk,"[""10.0115"", ""meaning-bebe0cdf773e""]",10.0115,Svarta~,gatyAm,गत्याम् (gatyām),,Vidyut 0.4.0 produced no form in the bounded one-operation run; no grammatical prohibition is inferred.,not_admitted_engine_zero_unresolved
intensive_luk,"[""10.0116"", ""meaning-bebe0cdf773e""]",10.0116,svarta~,gatyAm,गत्याम् (gatyām),,Vidyut 0.4.0 produced no form in the bounded one-operation run; no grammatical prohibition is inferred.,not_admitted_engine_zero_unresolved
intensive_luk,"[""10.0116"", ""meaning-c86d0da0b44f""]",10.0116,svarta~,kfcCrajIvane,कृच्छ्रजीवने (kṛcchrajīvane),,Vidyut 0.4.0 produced no form in the bounded one-operation run; no grammatical prohibition is inferred.,not_admitted_engine_zero_unresolved
intensive_luk,"[""10.0117"", ""meaning-bebe0cdf773e""]",10.0117,SvaBra~,gatyAm,गत्याम् (gatyām),,Vidyut 0.4.0 produced no form in the bounded one-operation run; no grammatical prohibition is inferred.,not_admitted_engine_zero_unresolved
intensive_luk,"[""10.0118"", ""meaning-b8db2a479911""]",10.0118,jYapa~,jYAne,ज्ञाने (jñāne),,Vidyut 0.4.0 produced no form in the bounded one-operation run; no grammatical prohibition is inferred.,not_admitted_engine_zero_unresolved
intensive_luk,"[""10.0118"", ""meaning-da80675a3d08""]",10.0118,jYapa~,jYApane,ज्ञापने (jñāpane),,Vidyut 0.4.0 produced no form in the bounded one-operation run; no grammatical prohibition is inferred.,not_admitted_engine_zero_unresolved
intensive_luk,"[""10.0119"", ""meaning-bf696131e8cf""]",10.0119,yama~,parivezaRe,परिवेषणे (pariveṣaṇe),,Vidyut 0.4.0 produced no form in the bounded one-operation run; no grammatical prohibition is inferred.,not_admitted_engine_zero_unresolved
intensive_luk,"[""10.0121"", ""meaning-749f57a3abd3""]",10.0121,capa~,parikalpane,परिकल्पने (parikalpane),,Vidyut 0.4.0 produced no form in the bounded one-operation run; no grammatical prohibition is inferred.,not_admitted_engine_zero_unresolved
intensive_luk,"[""10.0125"", ""meaning-ded5b8f0e366""]",10.0125,Gawwa~,calane,चलने (calane),,Vidyut 0.4.0 produced no form in the bounded one-operation run; no grammatical prohibition is inferred.,not_admitted_engine_zero_unresolved
intensive_luk,"[""10.0126"", ""meaning-1685c224b9c2""]",10.0126,musta~,saNGAte,सङ्घाते (saṅghāte),,Vidyut 0.4.0 produced no form in the bounded one-operation run; no grammatical prohibition is inferred.,not_admitted_engine_zero_unresolved
intensive_luk,"[""10.0127"", ""meaning-f3eb70b0f3cb""]",10.0127,Kawwa~,saMvaraRe,संवरणे (saṃvaraṇe),,Vidyut 0.4.0 produced no form in the bounded one-operation run; no grammatical prohibition is inferred.,not_admitted_engine_zero_unresolved
intensive_luk,"[""10.0128"", ""meaning-3bf7963ee53c""]",10.0128,zawwa~,hiMsAyAm,हिंसायाम् (hiṃsāyām),,Vidyut 0.4.0 produced no form in the bounded one-operation run; no grammatical prohibition is inferred.,not_admitted_engine_zero_unresolved
intensive_luk,"[""10.0129"", ""meaning-3bf7963ee53c""]",10.0129,sPiwwa~,hiMsAyAm,हिंसायाम् (hiṃsāyām),,Vidyut 0.4.0 produced no form in the bounded one-operation run; no grammatical prohibition is inferred.,not_admitted_engine_zero_unresolved
intensive_luk,"[""10.0131"", ""meaning-1685c224b9c2""]",10.0131,pula~,saNGAte,सङ्घाते (saṅghāte),,Vidyut 0.4.0 produced no form in the bounded one-operation run; no grammatical prohibition is inferred.,not_admitted_engine_zero_unresolved
intensive_luk,"[""10.0132"", ""meaning-1685c224b9c2""]",10.0132,pUrRa~,saNGAte,सङ्घाते (saṅghāte),,Vidyut 0.4.0 produced no form in the bounded one-operation run; no grammatical prohibition is inferred.,not_admitted_engine_zero_unresolved
intensive_luk,"[""10.0133"", ""meaning-1685c224b9c2""]",10.0133,puRa~,saNGAte,सङ्घाते (saṅghāte),,Vidyut 0.4.0 produced no form in the bounded one-operation run; no grammatical prohibition is inferred.,not_admitted_engine_zero_unresolved
intensive_luk,"[""10.0134"", ""meaning-1556a33eeaae""]",10.0134,punsa~,aBivarDane,अभिवर्धने (abhivardhane),,Vidyut 0.4.0 produced no form in the bounded one-operation run; no grammatical prohibition is inferred.,not_admitted_engine_zero_unresolved
intensive_luk,"[""10.0136"", ""meaning-33b0dcc01e79""]",10.0136,vyapa~,kzaye,क्षये (kṣaye),,Vidyut 0.4.0 produced no form in the bounded one-operation run; no grammatical prohibition is inferred.,not_admitted_engine_zero_unresolved
intensive_luk,"[""10.0137"", ""meaning-33b0dcc01e79""]",10.0137,vyaya~,kzaye,क्षये (kṣaye),,Vidyut 0.4.0 produced no form in the bounded one-operation run; no grammatical prohibition is inferred.,not_admitted_engine_zero_unresolved
intensive_luk,"[""10.0139"", ""meaning-accea2e337d0""]",10.0139,DUsa~,kAntikaraRe,कान्तिकरणे (kāntikaraṇe),,Vidyut 0.4.0 produced no form in the bounded one-operation run; no grammatical prohibition is inferred.,not_admitted_engine_zero_unresolved
intensive_luk,"[""10.0140"", ""meaning-accea2e337d0""]",10.0140,DUza~,kAntikaraRe,कान्तिकरणे (kāntikaraṇe),,Vidyut 0.4.0 produced no form in the bounded one-operation run; no grammatical prohibition is inferred.,not_admitted_engine_zero_unresolved
intensive_luk,"[""10.0141"", ""meaning-accea2e337d0""]",10.0141,DUSa~,kAntikaraRe,कान्तिकरणे (kāntikaraṇe),,Vidyut 0.4.0 produced no form in the bounded one-operation run; no grammatical prohibition is inferred.,not_admitted_engine_zero_unresolved
intensive_luk,"[""10.0142"", ""meaning-883d27e2b0bc""]",10.0142,kIwa~,varRe,वर्णे (varṇe),,Vidyut 0.4.0 produced no form in the bounded one-operation run; no grammatical prohibition is inferred.,not_admitted_engine_zero_unresolved
intensive_luk,"[""10.0143"", ""meaning-00f1d7412e01""]",10.0143,cUrRa~,saNkocane,सङ्कोचने (saṅkocane),,Vidyut 0.4.0 produced no form in the bounded one-operation run; no grammatical prohibition is inferred.,not_admitted_engine_zero_unresolved
intensive_luk,"[""10.0144"", ""meaning-a8644e0580a4""]",10.0144,pUja~,pUjAyAm,पूजायाम् (pūjāyām),,Vidyut 0.4.0 produced no form in the bounded one-operation run; no grammatical prohibition is inferred.,not_admitted_engine_zero_unresolved
intensive_luk,"[""10.0145"", ""meaning-5b9ee2b51aea""]",10.0145,arka~,stavane,स्तवने (stavane),,Vidyut 0.4.0 produced no form in the bounded one-operation run; no grammatical prohibition is inferred.,not_admitted_engine_zero_unresolved
intensive_luk,"[""10.0146"", ""meaning-55c57dae89ef""]",10.0146,SuWa~,Alasye,आलस्ये (ālasye),,Vidyut 0.4.0 produced no form in the bounded one-operation run; no grammatical prohibition is inferred.,not_admitted_engine_zero_unresolved
intensive_luk,"[""10.0148"", ""meaning-556802d0e7f6""]",10.0148,juqa~,preraRe,प्रेरणे (preraṇe),,Vidyut 0.4.0 produced no form in the bounded one-operation run; no grammatical prohibition is inferred.,not_admitted_engine_zero_unresolved
intensive_luk,"[""10.0150"", ""meaning-3aceb4350b07""]",10.0150,mArja~,SabdArTe,शब्दार्थे (śabdārthe),,Vidyut 0.4.0 produced no form in the bounded one-operation run; no grammatical prohibition is inferred.,not_admitted_engine_zero_unresolved
intensive_luk,"[""10.0151"", ""meaning-3aceb4350b07""]",10.0151,marca~,SabdArTe,शब्दार्थे (śabdārthe),,Vidyut 0.4.0 produced no form in the bounded one-operation run; no grammatical prohibition is inferred.,not_admitted_engine_zero_unresolved
intensive_luk,"[""10.0152"", ""meaning-7f40d6a1ba16""]",10.0152,Gf,prasravaRe,प्रस्रवणे (prasravaṇe),,Vidyut 0.4.0 produced no form in the bounded one-operation run; no grammatical prohibition is inferred.,not_admitted_engine_zero_unresolved
intensive_luk,"[""10.0154"", ""meaning-0dfaedb6863c""]",10.0154,tija~,niSAne,निशाने (niśāne),,Vidyut 0.4.0 produced no form in the bounded one-operation run; no grammatical prohibition is inferred.,not_admitted_engine_zero_unresolved
intensive_luk,"[""10.0155"", ""meaning-b21f3779e95b""]",10.0155,kFta~,saMSabdane,संशब्दने (saṃśabdane),,Vidyut 0.4.0 produced no form in the bounded one-operation run; no grammatical prohibition is inferred.,not_admitted_engine_zero_unresolved
intensive_luk,"[""10.0156"", ""meaning-c070dfa2517d""]",10.0156,varDa~,Cedane,छेदने (chedane),,Vidyut 0.4.0 produced no form in the bounded one-operation run; no grammatical prohibition is inferred.,not_admitted_engine_zero_unresolved
intensive_luk,"[""10.0156"", ""meaning-d763b2fae9b6""]",10.0156,varDa~,pUraRe,पूरणे (pūraṇe),,Vidyut 0.4.0 produced no form in the bounded one-operation run; no grammatical prohibition is inferred.,not_admitted_engine_zero_unresolved
intensive_luk,"[""10.0161"", ""meaning-24b37b2743da""]",10.0161,hlapa~,vyaktAyAM vAci,व्यक्तायां वाचि (vyaktāyāṃ vāci),,Vidyut 0.4.0 produced no form in the bounded one-operation run; no grammatical prohibition is inferred.,not_admitted_engine_zero_unresolved
intensive_luk,"[""10.0162"", ""meaning-24b37b2743da""]",10.0162,klapa~,vyaktAyAM vAci,व्यक्तायां वाचि (vyaktāyāṃ vāci),,Vidyut 0.4.0 produced no form in the bounded one-operation run; no grammatical prohibition is inferred.,not_admitted_engine_zero_unresolved
intensive_luk,"[""10.0163"", ""meaning-24b37b2743da""]",10.0163,hrapa~,vyaktAyAM vAci,व्यक्तायां वाचि (vyaktāyāṃ vāci),,Vidyut 0.4.0 produced no form in the bounded one-operation run; no grammatical prohibition is inferred.,not_admitted_engine_zero_unresolved
intensive_luk,"[""10.0165"", ""meaning-3bf7963ee53c""]",10.0165,brIsa~,hiMsAyAm,हिंसायाम् (hiṃsāyām),,Vidyut 0.4.0 produced no form in the bounded one-operation run; no grammatical prohibition is inferred.,not_admitted_engine_zero_unresolved
intensive_luk,"[""10.0167"", ""meaning-556802d0e7f6""]",10.0167,ila~,preraRe,प्रेरणे (preraṇe),,Vidyut 0.4.0 produced no form in the bounded one-operation run; no grammatical prohibition is inferred.,not_admitted_engine_zero_unresolved
intensive_luk,"[""10.0168"", ""meaning-632596b6d16f""]",10.0168,mrakza~,mlecCane,म्लेच्छने (mlecchane),,Vidyut 0.4.0 produced no form in the bounded one-operation run; no grammatical prohibition is inferred.,not_admitted_engine_zero_unresolved
intensive_luk,"[""10.0169"", ""meaning-1685c224b9c2""]",10.0169,asta~,saNGAte,सङ्घाते (saṅghāte),,Vidyut 0.4.0 produced no form in the bounded one-operation run; no grammatical prohibition is inferred.,not_admitted_engine_zero_unresolved
intensive_luk,"[""10.0172"", ""meaning-3bf7963ee53c""]",10.0172,brUsa~,hiMsAyAm,हिंसायाम् (hiṃsāyām),,Vidyut 0.4.0 produced no form in the bounded one-operation run; no grammatical prohibition is inferred.,not_admitted_engine_zero_unresolved
intensive_luk,"[""10.0173"", ""meaning-3bf7963ee53c""]",10.0173,barha~,hiMsAyAm,हिंसायाम् (hiṃsāyām),,Vidyut 0.4.0 produced no form in the bounded one-operation run; no grammatical prohibition is inferred.,not_admitted_engine_zero_unresolved
intensive_luk,"[""10.0175"", ""meaning-85abd1bf967a""]",10.0175,picca~,kuwwane,कुट्टने (kuṭṭane),,Vidyut 0.4.0 produced no form in the bounded one-operation run; no grammatical prohibition is inferred.,not_admitted_engine_zero_unresolved
intensive_luk,"[""10.0176"", ""meaning-e10d81bdde67""]",10.0176,bula~,nimajjane,निमज्जने (nimajjane),,Vidyut 0.4.0 produced no form in the bounded one-operation run; no grammatical prohibition is inferred.,not_admitted_engine_zero_unresolved
intensive_luk,"[""10.0179"", ""meaning-6ba2baa67738""]",10.0179,garDa~,aBikANkzAyAm,अभिकाङ्क्षायाम् (abhikāṅkṣāyām),,Vidyut 0.4.0 produced no form in the bounded one-operation run; no grammatical prohibition is inferred.,not_admitted_engine_zero_unresolved
intensive_luk,"[""10.0180"", ""meaning-6c00ddca8a5c""]",10.0180,gurda~,pUrvaniketane,पूर्वनिकेतने (pūrvaniketane),,Vidyut 0.4.0 produced no form in the bounded one-operation run; no grammatical prohibition is inferred.,not_admitted_engine_zero_unresolved
intensive_luk,"[""10.0181"", ""meaning-7d5a8a506fb0""]",10.0181,pUrva~,niketane,निकेतने (niketane),,Vidyut 0.4.0 produced no form in the bounded one-operation run; no grammatical prohibition is inferred.,not_admitted_engine_zero_unresolved
intensive_luk,"[""10.0183"", ""meaning-388ca6564d81""]",10.0183,Iqa~,stutO,स्तुतौ (stutau),,Vidyut 0.4.0 produced no form in the bounded one-operation run; no grammatical prohibition is inferred.,not_admitted_engine_zero_unresolved
intensive_luk,"[""10.0186"", ""meaning-169a5b3eab06""]",10.0186,parTa~,prakzepe,प्रक्षेपे (prakṣepe),,Vidyut 0.4.0 produced no form in the bounded one-operation run; no grammatical prohibition is inferred.,not_admitted_engine_zero_unresolved
intensive_luk,"[""10.0188"", ""meaning-0ce32571f69b""]",10.0188,ruwa~,roze,रोषे (roṣe),,Vidyut 0.4.0 produced no form in the bounded one-operation run; no grammatical prohibition is inferred.,not_admitted_engine_zero_unresolved
intensive_luk,"[""10.0192"", ""meaning-917d5fa53ac9""]",10.0192,cita~,saYcetane,सञ्चेतने (sañcetane),,Vidyut 0.4.0 produced no form in the bounded one-operation run; no grammatical prohibition is inferred.,not_admitted_engine_zero_unresolved
intensive_luk,"[""10.0195"", ""meaning-45d2b7e4dad1""]",10.0195,dasa~,daMSane,दंशने (daṃśane),,Vidyut 0.4.0 produced no form in the bounded one-operation run; no grammatical prohibition is inferred.,not_admitted_engine_zero_unresolved
intensive_luk,"[""10.0195"", ""meaning-5042ee4bdbe7""]",10.0195,dasa~,darSane,दर्शने (darśane),,Vidyut 0.4.0 produced no form in the bounded one-operation run; no grammatical prohibition is inferred.,not_admitted_engine_zero_unresolved
intensive_luk,"[""10.0196"", ""meaning-1685c224b9c2""]",10.0196,qapa~,saNGAte,सङ्घाते (saṅghāte),,Vidyut 0.4.0 produced no form in the bounded one-operation run; no grammatical prohibition is inferred.,not_admitted_engine_zero_unresolved
intensive_luk,"[""10.0197"", ""meaning-1685c224b9c2""]",10.0197,qipa~,saNGAte,सङ्घाते (saṅghāte),,Vidyut 0.4.0 produced no form in the bounded one-operation run; no grammatical prohibition is inferred.,not_admitted_engine_zero_unresolved
intensive_luk,"[""10.0200"", ""meaning-28f6ffe94fb0""]",10.0200,spaSa~,grahaRe,ग्रहणे (grahaṇe),,Vidyut 0.4.0 produced no form in the bounded one-operation run; no grammatical prohibition is inferred.,not_admitted_engine_zero_unresolved
intensive_luk,"[""10.0200"", ""meaning-e4d9d87d2a5b""]",10.0200,spaSa~,saMSlezaRe,संश्लेषणे (saṃśleṣaṇe),,Vidyut 0.4.0 produced no form in the bounded one-operation run; no grammatical prohibition is inferred.,not_admitted_engine_zero_unresolved
intensive_luk,"[""10.0202"", ""meaning-0d928599a6f6""]",10.0202,Bartsa~,tarjane,तर्जने (tarjane),,Vidyut 0.4.0 produced no form in the bounded one-operation run; no grammatical prohibition is inferred.,not_admitted_engine_zero_unresolved
intensive_luk,"[""10.0203"", ""meaning-a7c02e4ddde8""]",10.0203,basta~,ardane,अर्दने (ardane),,Vidyut 0.4.0 produced no form in the bounded one-operation run; no grammatical prohibition is inferred.,not_admitted_engine_zero_unresolved
intensive_luk,"[""10.0204"", ""meaning-a7c02e4ddde8""]",10.0204,ganDa~,ardane,अर्दने (ardane),,Vidyut 0.4.0 produced no form in the bounded one-operation run; no grammatical prohibition is inferred.,not_admitted_engine_zero_unresolved
intensive_luk,"[""10.0205"", ""meaning-029b9634ef9c""]",10.0205,kila~,kzepe,क्षेपे (kṣepe),,Vidyut 0.4.0 produced no form in the bounded one-operation run; no grammatical prohibition is inferred.,not_admitted_engine_zero_unresolved
intensive_luk,"[""10.0206"", ""meaning-029b9634ef9c""]",10.0206,pila~,kzepe,क्षेपे (kṣepe),,Vidyut 0.4.0 produced no form in the bounded one-operation run; no grammatical prohibition is inferred.,not_admitted_engine_zero_unresolved
intensive_luk,"[""10.0207"", ""meaning-3bf7963ee53c""]",10.0207,vizka~,hiMsAyAm,हिंसायाम् (hiṃsāyām),,Vidyut 0.4.0 produced no form in the bounded one-operation run; no grammatical prohibition is inferred.,not_admitted_engine_zero_unresolved
intensive_luk,"[""10.0208"", ""meaning-3bf7963ee53c""]",10.0208,hizka~,hiMsAyAm,हिंसायाम् (hiṃsāyām),,Vidyut 0.4.0 produced no form in the bounded one-operation run; no grammatical prohibition is inferred.,not_admitted_engine_zero_unresolved
intensive_luk,"[""10.0209"", ""meaning-56cad67568a0""]",10.0209,nizka~,parimARe,परिमाणे (parimāṇe),,Vidyut 0.4.0 produced no form in the bounded one-operation run; no grammatical prohibition is inferred.,not_admitted_engine_zero_unresolved
intensive_luk,"[""10.0210"", ""meaning-80dbd5e0e060""]",10.0210,lala~,IpsAyAm,ईप्सायाम् (īpsāyām),,Vidyut 0.4.0 produced no form in the bounded one-operation run; no grammatical prohibition is inferred.,not_admitted_engine_zero_unresolved
intensive_luk,"[""10.0211"", ""meaning-faacb3ea90c2""]",10.0211,kURa~,saNkoce,सङ्कोचे (saṅkoce),,Vidyut 0.4.0 produced no form in the bounded one-operation run; no grammatical prohibition is inferred.,not_admitted_engine_zero_unresolved
intensive_luk,"[""10.0212"", ""meaning-d763b2fae9b6""]",10.0212,tURa~,pUraRe,पूरणे (pūraṇe),,Vidyut 0.4.0 produced no form in the bounded one-operation run; no grammatical prohibition is inferred.,not_admitted_engine_zero_unresolved
intensive_luk,"[""10.0213"", ""meaning-51afe23eacf1""]",10.0213,BrURa~,viSaNkAyAm,विशङ्कायाम् (viśaṅkāyām),,Vidyut 0.4.0 produced no form in the bounded one-operation run; no grammatical prohibition is inferred.,not_admitted_engine_zero_unresolved
intensive_luk,"[""10.0213"", ""meaning-896b47b19b9e""]",10.0213,BrURa~,ASAyAm,आशायाम् (āśāyām),,Vidyut 0.4.0 produced no form in the bounded one-operation run; no grammatical prohibition is inferred.,not_admitted_engine_zero_unresolved
intensive_luk,"[""10.0214"", ""meaning-b00073dcdeb8""]",10.0214,SaWa~,SlAGAyAm,श्लाघायाम् (ślāghāyām),,Vidyut 0.4.0 produced no form in the bounded one-operation run; no grammatical prohibition is inferred.,not_admitted_engine_zero_unresolved
intensive_luk,"[""10.0215"", ""meaning-a8644e0580a4""]",10.0215,yakza~,pUjAyAm,पूजायाम् (pūjāyām),,Vidyut 0.4.0 produced no form in the bounded one-operation run; no grammatical prohibition is inferred.,not_admitted_engine_zero_unresolved
intensive_luk,"[""10.0216"", ""meaning-841d3bc58324""]",10.0216,syama~,vitarke,वितर्के (vitarke),,Vidyut 0.4.0 produced no form in the bounded one-operation run; no grammatical prohibition is inferred.,not_admitted_engine_zero_unresolved
intensive_luk,"[""10.0217"", ""meaning-f75c00d8c12d""]",10.0217,gUra~,udyamane,उद्यमने (udyamane),,Vidyut 0.4.0 produced no form in the bounded one-operation run; no grammatical prohibition is inferred.,not_admitted_engine_zero_unresolved
intensive_luk,"[""10.0218"", ""meaning-7d14392139b1""]",10.0218,Sama~,Alocane,आलोचने (ālocane),,Vidyut 0.4.0 produced no form in the bounded one-operation run; no grammatical prohibition is inferred.,not_admitted_engine_zero_unresolved
intensive_luk,"[""10.0220"", ""meaning-45083d13a8bf""]",10.0220,kutsa~,avakzepaRe,अवक्षेपणे (avakṣepaṇe),,Vidyut 0.4.0 produced no form in the bounded one-operation run; no grammatical prohibition is inferred.,not_admitted_engine_zero_unresolved
intensive_luk,"[""10.0220"", ""meaning-df94dcdbdd1f""]",10.0220,kutsa~,nindane,निन्दने (nindane),,Vidyut 0.4.0 produced no form in the bounded one-operation run; no grammatical prohibition is inferred.,not_admitted_engine_zero_unresolved
intensive_luk,"[""10.0222"", ""meaning-c070dfa2517d""]",10.0222,kuwa~,Cedane,छेदने (chedane),,Vidyut 0.4.0 produced no form in the bounded one-operation run; no grammatical prohibition is inferred.,not_admitted_engine_zero_unresolved
intensive_luk,"[""10.0224"", ""meaning-a3031f133753""]",10.0224,Bala~,ABaRqane,आभण्डने (ābhaṇḍane),,Vidyut 0.4.0 produced no form in the bounded one-operation run; no grammatical prohibition is inferred.,not_admitted_engine_zero_unresolved
intensive_luk,"[""10.0225"", ""meaning-7a7231a87885""]",10.0225,kUwa~,avasAdane,अवसादने (avasādane),,Vidyut 0.4.0 produced no form in the bounded one-operation run; no grammatical prohibition is inferred.,not_admitted_engine_zero_unresolved
intensive_luk,"[""10.0225"", ""meaning-d8400192cd86""]",10.0225,kUwa~,ApradAne,आप्रदाने (āpradāne),,Vidyut 0.4.0 produced no form in the bounded one-operation run; no grammatical prohibition is inferred.,not_admitted_engine_zero_unresolved
intensive_luk,"[""10.0226"", ""meaning-88c876bac4d5""]",10.0226,kuwwa~,pratApane,प्रतापने (pratāpane),,Vidyut 0.4.0 produced no form in the bounded one-operation run; no grammatical prohibition is inferred.,not_admitted_engine_zero_unresolved
intensive_luk,"[""10.0228"", ""meaning-4308b7ea00d2""]",10.0228,vfza~,SaktibanDane,शक्तिबन्धने (śaktibandhane),,Vidyut 0.4.0 produced no form in the bounded one-operation run; no grammatical prohibition is inferred.,not_admitted_engine_zero_unresolved
intensive_luk,"[""10.0229"", ""meaning-2e94d706bc5a""]",10.0229,mada~,tfptiyoge,तृप्तियोगे (tṛptiyoge),,Vidyut 0.4.0 produced no form in the bounded one-operation run; no grammatical prohibition is inferred.,not_admitted_engine_zero_unresolved
intensive_luk,"[""10.0231"", ""meaning-29d79ad23cf1""]",10.0231,gf,vijYAne,विज्ञाने (vijñāne),,Vidyut 0.4.0 produced no form in the bounded one-operation run; no grammatical prohibition is inferred.,not_admitted_engine_zero_unresolved
intensive_luk,"[""10.0232"", ""meaning-693173100d63""]",10.0232,vida~,nivAse,निवासे (nivāse),,Vidyut 0.4.0 produced no form in the bounded one-operation run; no grammatical prohibition is inferred.,not_admitted_engine_zero_unresolved
intensive_luk,"[""10.0232"", ""meaning-70b17255fdf7""]",10.0232,vida~,cetane,चेतने (cetane),,Vidyut 0.4.0 produced no form in the bounded one-operation run; no grammatical prohibition is inferred.,not_admitted_engine_zero_unresolved
intensive_luk,"[""10.0232"", ""meaning-91ea2305a048""]",10.0232,vida~,AKyAne,आख्याने (ākhyāne),,Vidyut 0.4.0 produced no form in the bounded one-operation run; no grammatical prohibition is inferred.,not_admitted_engine_zero_unresolved
intensive_luk,"[""10.0233"", ""meaning-9568358ba7dc""]",10.0233,mAna~,stamBe,स्तम्भे (stambhe),,Vidyut 0.4.0 produced no form in the bounded one-operation run; no grammatical prohibition is inferred.,not_admitted_engine_zero_unresolved
intensive_luk,"[""10.0234"", ""meaning-9568358ba7dc""]",10.0234,mana~,stamBe,स्तम्भे (stambhe),,Vidyut 0.4.0 produced no form in the bounded one-operation run; no grammatical prohibition is inferred.,not_admitted_engine_zero_unresolved
intensive_luk,"[""10.0235"", ""meaning-d68b32096b1d""]",10.0235,yu,jugupsAyAm,जुगुप्सायाम् (jugupsāyām),,Vidyut 0.4.0 produced no form in the bounded one-operation run; no grammatical prohibition is inferred.,not_admitted_engine_zero_unresolved
intensive_luk,"[""10.0236"", ""meaning-202c604bfb3d""]",10.0236,kusma~,kutsitasmaye,कुत्सितस्मये (kutsitasmaye),,Vidyut 0.4.0 produced no form in the bounded one-operation run; no grammatical prohibition is inferred.,not_admitted_engine_zero_unresolved
intensive_luk,"[""10.0237"", ""meaning-7d1ea56b4ecd""]",10.0237,carca~,aDyayane,अध्ययने (adhyayane),,Vidyut 0.4.0 produced no form in the bounded one-operation run; no grammatical prohibition is inferred.,not_admitted_engine_zero_unresolved
intensive_luk,"[""10.0239"", ""meaning-43f953f0956e""]",10.0239,Sabda~,AvizkAre,आविष्कारे (āviṣkāre),,Vidyut 0.4.0 produced no form in the bounded one-operation run; no grammatical prohibition is inferred.,not_admitted_engine_zero_unresolved
intensive_luk,"[""10.0239"", ""meaning-96a4bb068d1c""]",10.0239,Sabda~,BazaRe,भषणे (bhaṣaṇe),,Vidyut 0.4.0 produced no form in the bounded one-operation run; no grammatical prohibition is inferred.,not_admitted_engine_zero_unresolved
intensive_luk,"[""10.0240"", ""meaning-b69ca1ec0cf6""]",10.0240,kaRa~,nimIlane,निमीलने (nimīlane),,Vidyut 0.4.0 produced no form in the bounded one-operation run; no grammatical prohibition is inferred.,not_admitted_engine_zero_unresolved
intensive_luk,"[""10.0242"", ""meaning-00323a78b7df""]",10.0242,zUda~,ApravaRe,आप्रवणे (āpravaṇe),,Vidyut 0.4.0 produced no form in the bounded one-operation run; no grammatical prohibition is inferred.,not_admitted_engine_zero_unresolved
intensive_luk,"[""10.0242"", ""meaning-5a185fe0f337""]",10.0242,zUda~,GAte,घाते (ghāte),,Vidyut 0.4.0 produced no form in the bounded one-operation run; no grammatical prohibition is inferred.,not_admitted_engine_zero_unresolved
intensive_luk,"[""10.0242"", ""meaning-ac19f6d5c506""]",10.0242,zUda~,AsravaRe,आस्रवणे (āsravaṇe),,Vidyut 0.4.0 produced no form in the bounded one-operation run; no grammatical prohibition is inferred.,not_admitted_engine_zero_unresolved
intensive_luk,"[""10.0242"", ""meaning-dd1adc78b9c7""]",10.0242,zUda~,kzaraRe,क्षरणे (kṣaraṇe),,Vidyut 0.4.0 produced no form in the bounded one-operation run; no grammatical prohibition is inferred.,not_admitted_engine_zero_unresolved
intensive_luk,"[""10.0244"", ""meaning-8c20facfc0ac""]",10.0244,paSa~,banDane,बन्धने (bandhane),,Vidyut 0.4.0 produced no form in the bounded one-operation run; no grammatical prohibition is inferred.,not_admitted_engine_zero_unresolved
intensive_luk,"[""10.0245"", ""meaning-6c70da685e63""]",10.0245,ama~,roge,रोगे (roge),,Vidyut 0.4.0 produced no form in the bounded one-operation run; no grammatical prohibition is inferred.,not_admitted_engine_zero_unresolved
intensive_luk,"[""10.0246"", ""meaning-12d930b48839""]",10.0246,cawa~,Bedane,भेदने (bhedane),,Vidyut 0.4.0 produced no form in the bounded one-operation run; no grammatical prohibition is inferred.,not_admitted_engine_zero_unresolved
intensive_luk,"[""10.0247"", ""meaning-12d930b48839""]",10.0247,sPuwa~,Bedane,भेदने (bhedane),,Vidyut 0.4.0 produced no form in the bounded one-operation run; no grammatical prohibition is inferred.,not_admitted_engine_zero_unresolved
intensive_luk,"[""10.0248"", ""meaning-1685c224b9c2""]",10.0248,Gawa~,saNGAte,सङ्घाते (saṅghāte),,Vidyut 0.4.0 produced no form in the bounded one-operation run; no grammatical prohibition is inferred.,not_admitted_engine_zero_unresolved
intensive_luk,"[""10.0250"", ""meaning-266df56f138b""]",10.0250,arja~,pratiyatne,प्रतियत्ने (pratiyatne),,Vidyut 0.4.0 produced no form in the bounded one-operation run; no grammatical prohibition is inferred.,not_admitted_engine_zero_unresolved
intensive_luk,"[""10.0252"", ""meaning-91868dbd1926""]",10.0252,kranda~,sAtatye,सातत्ये (sātatye),,Vidyut 0.4.0 produced no form in the bounded one-operation run; no grammatical prohibition is inferred.,not_admitted_engine_zero_unresolved
intensive_luk,"[""10.0253"", ""meaning-6fb719e05d14""]",10.0253,lasa~,Silpayoge,शिल्पयोगे (śilpayoge),,Vidyut 0.4.0 produced no form in the bounded one-operation run; no grammatical prohibition is inferred.,not_admitted_engine_zero_unresolved
intensive_luk,"[""10.0256"", ""meaning-e14f62215afa""]",10.0256,mokza~,mocane,मोचने (mocane),,Vidyut 0.4.0 produced no form in the bounded one-operation run; no grammatical prohibition is inferred.,not_admitted_engine_zero_unresolved
intensive_luk,"[""10.0258"", ""meaning-62e5485df2c0""]",10.0258,jYA,niyoge,नियोगे (niyoge),,Vidyut 0.4.0 produced no form in the bounded one-operation run; no grammatical prohibition is inferred.,not_admitted_engine_zero_unresolved
intensive_luk,"[""10.0259"", ""meaning-37997538f090""]",10.0259,Baja~,viSrARane,विश्राणने (viśrāṇane),,Vidyut 0.4.0 produced no form in the bounded one-operation run; no grammatical prohibition is inferred.,not_admitted_engine_zero_unresolved
intensive_luk,"[""10.0261"", ""meaning-a7221fe0d98d""]",10.0261,yata~,upaskAre,उपस्कारे (upaskāre),,Vidyut 0.4.0 produced no form in the bounded one-operation run; no grammatical prohibition is inferred.,not_admitted_engine_zero_unresolved
intensive_luk,"[""10.0261"", ""meaning-cf72fcf28ec5""]",10.0261,yata~,nikAre,निकारे (nikāre),,Vidyut 0.4.0 produced no form in the bounded one-operation run; no grammatical prohibition is inferred.,not_admitted_engine_zero_unresolved
intensive_luk,"[""10.0262"", ""meaning-c1e1d650336a""]",10.0262,raka~,AsvAdane,आस्वादने (āsvādane),,Vidyut 0.4.0 produced no form in the bounded one-operation run; no grammatical prohibition is inferred.,not_admitted_engine_zero_unresolved
intensive_luk,"[""10.0263"", ""meaning-c1e1d650336a""]",10.0263,laga~,AsvAdane,आस्वादने (āsvādane),,Vidyut 0.4.0 produced no form in the bounded one-operation run; no grammatical prohibition is inferred.,not_admitted_engine_zero_unresolved
intensive_luk,"[""10.0264"", ""meaning-c1e1d650336a""]",10.0264,raGa~,AsvAdane,आस्वादने (āsvādane),,Vidyut 0.4.0 produced no form in the bounded one-operation run; no grammatical prohibition is inferred.,not_admitted_engine_zero_unresolved
intensive_luk,"[""10.0265"", ""meaning-c1e1d650336a""]",10.0265,raga~,AsvAdane,आस्वादने (āsvādane),,Vidyut 0.4.0 produced no form in the bounded one-operation run; no grammatical prohibition is inferred.,not_admitted_engine_zero_unresolved
intensive_luk,"[""10.0266"", ""meaning-0b5b260d05a5""]",10.0266,ancu~,viSezaRe,विशेषणे (viśeṣaṇe),,Vidyut 0.4.0 produced no form in the bounded one-operation run; no grammatical prohibition is inferred.,not_admitted_engine_zero_unresolved
intensive_luk,"[""10.0268"", ""meaning-095018db5bb6""]",10.0268,muda~,saMsarge,संसर्गे (saṃsarge),,Vidyut 0.4.0 produced no form in the bounded one-operation run; no grammatical prohibition is inferred.,not_admitted_engine_zero_unresolved
intensive_luk,"[""10.0269"", ""meaning-28f6ffe94fb0""]",10.0269,trasa~,grahaRe,ग्रहणे (grahaṇe),,Vidyut 0.4.0 produced no form in the bounded one-operation run; no grammatical prohibition is inferred.,not_admitted_engine_zero_unresolved
intensive_luk,"[""10.0269"", ""meaning-9b1cca11bfc6""]",10.0269,trasa~,vAraRe,वारणे (vāraṇe),,Vidyut 0.4.0 produced no form in the bounded one-operation run; no grammatical prohibition is inferred.,not_admitted_engine_zero_unresolved
intensive_luk,"[""10.0269"", ""meaning-bb23f8c5982d""]",10.0269,trasa~,DAraRe,धारणे (dhāraṇe),,Vidyut 0.4.0 produced no form in the bounded one-operation run; no grammatical prohibition is inferred.,not_admitted_engine_zero_unresolved
intensive_luk,"[""10.0271"", ""meaning-27632454bb31""]",10.0271,uDrasa~,uYCe,उञ्छे (uñche),,Vidyut 0.4.0 produced no form in the bounded one-operation run; no grammatical prohibition is inferred.,not_admitted_engine_zero_unresolved
intensive_luk,"[""10.0272"", ""meaning-6a0d781831bc""]",10.0272,muca~,pramocane,प्रमोचने (pramocane),,Vidyut 0.4.0 produced no form in the bounded one-operation run; no grammatical prohibition is inferred.,not_admitted_engine_zero_unresolved
intensive_luk,"[""10.0272"", ""meaning-ae74203a49e4""]",10.0272,muca~,modane,मोदने (modane),,Vidyut 0.4.0 produced no form in the bounded one-operation run; no grammatical prohibition is inferred.,not_admitted_engine_zero_unresolved
intensive_luk,"[""10.0273"", ""meaning-8c6231d20ac4""]",10.0273,vasa~,snehane,स्नेहने (snehane),,Vidyut 0.4.0 produced no form in the bounded one-operation run; no grammatical prohibition is inferred.,not_admitted_engine_zero_unresolved
intensive_luk,"[""10.0273"", ""meaning-a5ea25936945""]",10.0273,vasa~,apaharaRe,अपहरणे (apaharaṇe),,Vidyut 0.4.0 produced no form in the bounded one-operation run; no grammatical prohibition is inferred.,not_admitted_engine_zero_unresolved
intensive_luk,"[""10.0273"", ""meaning-c070dfa2517d""]",10.0273,vasa~,Cedane,छेदने (chedane),,Vidyut 0.4.0 produced no form in the bounded one-operation run; no grammatical prohibition is inferred.,not_admitted_engine_zero_unresolved
intensive_luk,"[""10.0274"", ""meaning-f80bddf33be6""]",10.0274,cara~,saMSaye,संशये (saṃśaye),,Vidyut 0.4.0 produced no form in the bounded one-operation run; no grammatical prohibition is inferred.,not_admitted_engine_zero_unresolved
intensive_luk,"[""10.0275"", ""meaning-2c5fa406c2d3""]",10.0275,cyu,sahane,सहने (sahane),,Vidyut 0.4.0 produced no form in the bounded one-operation run; no grammatical prohibition is inferred.,not_admitted_engine_zero_unresolved
intensive_luk,"[""10.0275"", ""meaning-dd4a01bcb5d7""]",10.0275,cyu,hasane,हसने (hasane),,Vidyut 0.4.0 produced no form in the bounded one-operation run; no grammatical prohibition is inferred.,not_admitted_engine_zero_unresolved
intensive_luk,"[""10.0276"", ""meaning-2c5fa406c2d3""]",10.0276,cyusa~,sahane,सहने (sahane),,Vidyut 0.4.0 produced no form in the bounded one-operation run; no grammatical prohibition is inferred.,not_admitted_engine_zero_unresolved
intensive_luk,"[""10.0276"", ""meaning-dd4a01bcb5d7""]",10.0276,cyusa~,hasane,हसने (hasane),,Vidyut 0.4.0 produced no form in the bounded one-operation run; no grammatical prohibition is inferred.,not_admitted_engine_zero_unresolved
intensive_luk,"[""10.0277"", ""meaning-de23b2763dfb""]",10.0277,BU,avakalkane,अवकल्कने (avakalkane),,Vidyut 0.4.0 produced no form in the bounded one-operation run; no grammatical prohibition is inferred.,not_admitted_engine_zero_unresolved
intensive_luk,"[""10.0278"", ""meaning-de23b2763dfb""]",10.0278,kfpa~,avakalkane,अवकल्कने (avakalkane),,Vidyut 0.4.0 produced no form in the bounded one-operation run; no grammatical prohibition is inferred.,not_admitted_engine_zero_unresolved
intensive_luk,"[""10.0303"", ""meaning-ea0ca4b6a28b""]",10.0303,DUpa~,BAzAyAm,भाषायाम् (bhāṣāyām),,Vidyut 0.4.0 produced no form in the bounded one-operation run; no grammatical prohibition is inferred.,not_admitted_engine_zero_unresolved
intensive_luk,"[""10.0304"", ""meaning-ea0ca4b6a28b""]",10.0304,viCa~,BAzAyAm,भाषायाम् (bhāṣāyām),,Vidyut 0.4.0 produced no form in the bounded one-operation run; no grammatical prohibition is inferred.,not_admitted_engine_zero_unresolved
intensive_luk,"[""10.0316"", ""meaning-ea0ca4b6a28b""]",10.0316,aji~,BAzAyAm,भाषायाम् (bhāṣāyām),,Vidyut 0.4.0 produced no form in the bounded one-operation run; no grammatical prohibition is inferred.,not_admitted_engine_zero_unresolved
intensive_luk,"[""10.0328"", ""meaning-ea0ca4b6a28b""]",10.0328,ahi~,BAzAyAm,भाषायाम् (bhāṣāyām),,Vidyut 0.4.0 produced no form in the bounded one-operation run; no grammatical prohibition is inferred.,not_admitted_engine_zero_unresolved
intensive_luk,"[""10.0342"", ""meaning-029b9634ef9c""]",10.0342,Ira~,kzepe,क्षेपे (kṣepe),,Vidyut 0.4.0 produced no form in the bounded one-operation run; no grammatical prohibition is inferred.,not_admitted_engine_zero_unresolved
intensive_luk,"[""10.0365"", ""meaning-3bf7963ee53c""]",10.0365,arda~^,hiMsAyAm,हिंसायाम् (hiṃsāyām),,Vidyut 0.4.0 produced no form in the bounded one-operation run; no grammatical prohibition is inferred.,not_admitted_engine_zero_unresolved
intensive_luk,"[""10.0367"", ""meaning-a8644e0580a4""]",10.0367,arha~,pUjAyAm,पूजायाम् (pūjāyām),,Vidyut 0.4.0 produced no form in the bounded one-operation run; no grammatical prohibition is inferred.,not_admitted_engine_zero_unresolved
intensive_luk,"[""10.0376"", ""meaning-d82c7cb8502c""]",10.0376,Apx~,lamBane,लम्भने (lambhane),,Vidyut 0.4.0 produced no form in the bounded one-operation run; no grammatical prohibition is inferred.,not_admitted_engine_zero_unresolved
intensive_luk,"[""10.0389"", ""meaning-3d227f7ef282""]",10.0389,kaTa,vAkyaprabanDe,वाक्यप्रबन्धे (vākyaprabandhe),,Vidyut 0.4.0 produced no form in the bounded one-operation run; no grammatical prohibition is inferred.,not_admitted_engine_zero_unresolved
intensive_luk,"[""10.0390"", ""meaning-80dbd5e0e060""]",10.0390,vara,IpsAyAm,ईप्सायाम् (īpsāyām),,Vidyut 0.4.0 produced no form in the bounded one-operation run; no grammatical prohibition is inferred.,not_admitted_engine_zero_unresolved
intensive_luk,"[""10.0391"", ""meaning-40fb4852c7e6""]",10.0391,gaRa,saNKyAne,सङ्ख्याने (saṅkhyāne),,Vidyut 0.4.0 produced no form in the bounded one-operation run; no grammatical prohibition is inferred.,not_admitted_engine_zero_unresolved
intensive_luk,"[""10.0392"", ""meaning-0beca42a06a6""]",10.0392,SaWa,samyagavaBAzaRe,सम्यगवभाषणे (samyagavabhāṣaṇe),,Vidyut 0.4.0 produced no form in the bounded one-operation run; no grammatical prohibition is inferred.,not_admitted_engine_zero_unresolved
intensive_luk,"[""10.0393"", ""meaning-0beca42a06a6""]",10.0393,SvaWa,samyagavaBAzaRe,सम्यगवभाषणे (samyagavabhāṣaṇe),,Vidyut 0.4.0 produced no form in the bounded one-operation run; no grammatical prohibition is inferred.,not_admitted_engine_zero_unresolved
intensive_luk,"[""10.0394"", ""meaning-8d05d3af63ff""]",10.0394,paWa,vezwane,वेष्टने (veṣṭane),,Vidyut 0.4.0 produced no form in the bounded one-operation run; no grammatical prohibition is inferred.,not_admitted_engine_zero_unresolved
intensive_luk,"[""10.0394"", ""meaning-b687ba9bbadc""]",10.0394,paWa,granTe,ग्रन्थे (granthe),,Vidyut 0.4.0 produced no form in the bounded one-operation run; no grammatical prohibition is inferred.,not_admitted_engine_zero_unresolved
intensive_luk,"[""10.0395"", ""meaning-b687ba9bbadc""]",10.0395,vaWa,granTe,ग्रन्थे (granthe),,Vidyut 0.4.0 produced no form in the bounded one-operation run; no grammatical prohibition is inferred.,not_admitted_engine_zero_unresolved
intensive_luk,"[""10.0396"", ""meaning-7c4ba67b4987""]",10.0396,raha,tyAge,त्यागे (tyāge),,Vidyut 0.4.0 produced no form in the bounded one-operation run; no grammatical prohibition is inferred.,not_admitted_engine_zero_unresolved
intensive_luk,"[""10.0397"", ""meaning-5fa3d59b62c4""]",10.0397,raNga~,gatO,गतौ (gatau),,Vidyut 0.4.0 produced no form in the bounded one-operation run; no grammatical prohibition is inferred.,not_admitted_engine_zero_unresolved
intensive_luk,"[""10.0398"", ""meaning-4ca67caaf1fa""]",10.0398,stana,devaSabde,देवशब्दे (devaśabde),,Vidyut 0.4.0 produced no form in the bounded one-operation run; no grammatical prohibition is inferred.,not_admitted_engine_zero_unresolved
intensive_luk,"[""10.0399"", ""meaning-4ca67caaf1fa""]",10.0399,gada,devaSabde,देवशब्दे (devaśabde),,Vidyut 0.4.0 produced no form in the bounded one-operation run; no grammatical prohibition is inferred.,not_admitted_engine_zero_unresolved
intensive_luk,"[""10.0400"", ""meaning-5fa3d59b62c4""]",10.0400,pata,gatO,गतौ (gatau),,Vidyut 0.4.0 produced no form in the bounded one-operation run; no grammatical prohibition is inferred.,not_admitted_engine_zero_unresolved
intensive_luk,"[""10.0401"", ""meaning-5fa3d59b62c4""]",10.0401,paza,gatO,गतौ (gatau),,Vidyut 0.4.0 produced no form in the bounded one-operation run; no grammatical prohibition is inferred.,not_admitted_engine_zero_unresolved
intensive_luk,"[""10.0402"", ""meaning-4258b7ef0143""]",10.0402,svara,Akzepe,आक्षेपे (ākṣepe),,Vidyut 0.4.0 produced no form in the bounded one-operation run; no grammatical prohibition is inferred.,not_admitted_engine_zero_unresolved
intensive_luk,"[""10.0403"", ""meaning-266df56f138b""]",10.0403,raca,pratiyatne,प्रतियत्ने (pratiyatne),,Vidyut 0.4.0 produced no form in the bounded one-operation run; no grammatical prohibition is inferred.,not_admitted_engine_zero_unresolved
intensive_luk,"[""10.0404"", ""meaning-40fb4852c7e6""]",10.0404,kala,saNKyAne,सङ्ख्याने (saṅkhyāne),,Vidyut 0.4.0 produced no form in the bounded one-operation run; no grammatical prohibition is inferred.,not_admitted_engine_zero_unresolved
intensive_luk,"[""10.0404"", ""meaning-5fa3d59b62c4""]",10.0404,kala,gatO,गतौ (gatau),,Vidyut 0.4.0 produced no form in the bounded one-operation run; no grammatical prohibition is inferred.,not_admitted_engine_zero_unresolved
intensive_luk,"[""10.0405"", ""meaning-be5b199a79af""]",10.0405,caha,parikalkane,परिकल्कने (parikalkane),,Vidyut 0.4.0 produced no form in the bounded one-operation run; no grammatical prohibition is inferred.,not_admitted_engine_zero_unresolved
intensive_luk,"[""10.0406"", ""meaning-a8644e0580a4""]",10.0406,maha,pUjAyAm,पूजायाम् (pūjāyām),,Vidyut 0.4.0 produced no form in the bounded one-operation run; no grammatical prohibition is inferred.,not_admitted_engine_zero_unresolved
intensive_luk,"[""10.0407"", ""meaning-26c2ff3c1448""]",10.0407,sAra,dOrbalye,दौर्बल्ये (daurbalye),,Vidyut 0.4.0 produced no form in the bounded one-operation run; no grammatical prohibition is inferred.,not_admitted_engine_zero_unresolved
intensive_luk,"[""10.0408"", ""meaning-26c2ff3c1448""]",10.0408,kfpa,dOrbalye,दौर्बल्ये (daurbalye),,Vidyut 0.4.0 produced no form in the bounded one-operation run; no grammatical prohibition is inferred.,not_admitted_engine_zero_unresolved
intensive_luk,"[""10.0409"", ""meaning-26c2ff3c1448""]",10.0409,SraTa,dOrbalye,दौर्बल्ये (daurbalye),,Vidyut 0.4.0 produced no form in the bounded one-operation run; no grammatical prohibition is inferred.,not_admitted_engine_zero_unresolved
intensive_luk,"[""10.0410"", ""meaning-80dbd5e0e060""]",10.0410,spfha,IpsAyAm,ईप्सायाम् (īpsāyām),,Vidyut 0.4.0 produced no form in the bounded one-operation run; no grammatical prohibition is inferred.,not_admitted_engine_zero_unresolved
intensive_luk,"[""10.0411"", ""meaning-8c45333a5370""]",10.0411,BAma,kroDe,क्रोधे (krodhe),,Vidyut 0.4.0 produced no form in the bounded one-operation run; no grammatical prohibition is inferred.,not_admitted_engine_zero_unresolved
intensive_luk,"[""10.0413"", ""meaning-943364736a74""]",10.0413,Kewa,BakzaRe,भक्षणे (bhakṣaṇe),,Vidyut 0.4.0 produced no form in the bounded one-operation run; no grammatical prohibition is inferred.,not_admitted_engine_zero_unresolved
intensive_luk,"[""10.0414"", ""meaning-943364736a74""]",10.0414,Keqa~,BakzaRe,भक्षणे (bhakṣaṇe),,Vidyut 0.4.0 produced no form in the bounded one-operation run; no grammatical prohibition is inferred.,not_admitted_engine_zero_unresolved
intensive_luk,"[""10.0415"", ""meaning-943364736a74""]",10.0415,Kowa,BakzaRe,भक्षणे (bhakṣaṇe),,Vidyut 0.4.0 produced no form in the bounded one-operation run; no grammatical prohibition is inferred.,not_admitted_engine_zero_unresolved
intensive_luk,"[""10.0416"", ""meaning-029b9634ef9c""]",10.0416,kzowa,kzepe,क्षेपे (kṣepe),,Vidyut 0.4.0 produced no form in the bounded one-operation run; no grammatical prohibition is inferred.,not_admitted_engine_zero_unresolved
intensive_luk,"[""10.0417"", ""meaning-4e22e1ca3b1f""]",10.0417,goma,upalepane,उपलेपने (upalepane),,Vidyut 0.4.0 produced no form in the bounded one-operation run; no grammatical prohibition is inferred.,not_admitted_engine_zero_unresolved
intensive_luk,"[""10.0418"", ""meaning-82f93da02a9e""]",10.0418,kumAra,krIqAyAm,क्रीडायाम् (krīḍāyām),,Vidyut 0.4.0 produced no form in the bounded one-operation run; no grammatical prohibition is inferred.,not_admitted_engine_zero_unresolved
intensive_luk,"[""10.0419"", ""meaning-8da8159c068f""]",10.0419,SIla,upaDAraRe,उपधारणे (upadhāraṇe),,Vidyut 0.4.0 produced no form in the bounded one-operation run; no grammatical prohibition is inferred.,not_admitted_engine_zero_unresolved
intensive_luk,"[""10.0420"", ""meaning-9f2059f3a709""]",10.0420,sAma,sAntvaprayoge,सान्त्वप्रयोगे (sāntvaprayoge),,Vidyut 0.4.0 produced no form in the bounded one-operation run; no grammatical prohibition is inferred.,not_admitted_engine_zero_unresolved
intensive_luk,"[""10.0421"", ""meaning-23977a02043c""]",10.0421,vela,kAlopadeSe,कालोपदेशे (kālopadeśe),,Vidyut 0.4.0 produced no form in the bounded one-operation run; no grammatical prohibition is inferred.,not_admitted_engine_zero_unresolved
intensive_luk,"[""10.0422"", ""meaning-23977a02043c""]",10.0422,kAla,kAlopadeSe,कालोपदेशे (kālopadeśe),,Vidyut 0.4.0 produced no form in the bounded one-operation run; no grammatical prohibition is inferred.,not_admitted_engine_zero_unresolved
intensive_luk,"[""10.0423"", ""meaning-293bd91852a3""]",10.0423,palpUla,lavane,लवने (lavane),,Vidyut 0.4.0 produced no form in the bounded one-operation run; no grammatical prohibition is inferred.,not_admitted_engine_zero_unresolved
intensive_luk,"[""10.0423"", ""meaning-a18deec65001""]",10.0423,palpUla,vapane,वपने (vapane),,Vidyut 0.4.0 produced no form in the bounded one-operation run; no grammatical prohibition is inferred.,not_admitted_engine_zero_unresolved
intensive_luk,"[""10.0424"", ""meaning-361d9b94e80f""]",10.0424,vAta,suKe,सुखे (sukhe),,Vidyut 0.4.0 produced no form in the bounded one-operation run; no grammatical prohibition is inferred.,not_admitted_engine_zero_unresolved
intensive_luk,"[""10.0424"", ""meaning-b802243c84a6""]",10.0424,vAta,sevane,सेवने (sevane),,Vidyut 0.4.0 produced no form in the bounded one-operation run; no grammatical prohibition is inferred.,not_admitted_engine_zero_unresolved
intensive_luk,"[""10.0425"", ""meaning-754cec1e9866""]",10.0425,gaveza,mArgaRe,मार्गणे (mārgaṇe),,Vidyut 0.4.0 produced no form in the bounded one-operation run; no grammatical prohibition is inferred.,not_admitted_engine_zero_unresolved
intensive_luk,"[""10.0426"", ""meaning-e70f6bac7ede""]",10.0426,vAsa,upasevAyAm,उपसेवायाम् (upasevāyām),,Vidyut 0.4.0 produced no form in the bounded one-operation run; no grammatical prohibition is inferred.,not_admitted_engine_zero_unresolved
intensive_luk,"[""10.0427"", ""meaning-abda6f362365""]",10.0427,nivAsa,AcCAdane,आच्छादने (ācchādane),,Vidyut 0.4.0 produced no form in the bounded one-operation run; no grammatical prohibition is inferred.,not_admitted_engine_zero_unresolved
intensive_luk,"[""10.0428"", ""meaning-de2d1b627111""]",10.0428,BAja,pfTakkarmaRi,पृथक्कर्मणि (pṛthakkarmaṇi),,Vidyut 0.4.0 produced no form in the bounded one-operation run; no grammatical prohibition is inferred.,not_admitted_engine_zero_unresolved
intensive_luk,"[""10.0429"", ""meaning-5042ee4bdbe7""]",10.0429,saBAja,darSane,दर्शने (darśane),,Vidyut 0.4.0 produced no form in the bounded one-operation run; no grammatical prohibition is inferred.,not_admitted_engine_zero_unresolved
intensive_luk,"[""10.0429"", ""meaning-8fbcbfeedd5e""]",10.0429,saBAja,prItO,प्रीतौ (prītau),,Vidyut 0.4.0 produced no form in the bounded one-operation run; no grammatical prohibition is inferred.,not_admitted_engine_zero_unresolved
intensive_luk,"[""10.0429"", ""meaning-b802243c84a6""]",10.0429,saBAja,sevane,सेवने (sevane),,Vidyut 0.4.0 produced no form in the bounded one-operation run; no grammatical prohibition is inferred.,not_admitted_engine_zero_unresolved
intensive_luk,"[""10.0430"", ""meaning-1cf93e50fb68""]",10.0430,Una,parihARe,परिहाणे (parihāṇe),,Vidyut 0.4.0 produced no form in the bounded one-operation run; no grammatical prohibition is inferred.,not_admitted_engine_zero_unresolved
intensive_luk,"[""10.0431"", ""meaning-2dcb1894fd9b""]",10.0431,Dvana,Sabde,शब्दे (śabde),,Vidyut 0.4.0 produced no form in the bounded one-operation run; no grammatical prohibition is inferred.,not_admitted_engine_zero_unresolved
intensive_luk,"[""10.0432"", ""meaning-aebd0560f239""]",10.0432,kUwa,paritApe,परितापे (paritāpe),,Vidyut 0.4.0 produced no form in the bounded one-operation run; no grammatical prohibition is inferred.,not_admitted_engine_zero_unresolved
intensive_luk,"[""10.0432"", ""meaning-e8ecfd14a63f""]",10.0432,kUwa,paridAhe,परिदाहे (paridāhe),,Vidyut 0.4.0 produced no form in the bounded one-operation run; no grammatical prohibition is inferred.,not_admitted_engine_zero_unresolved
intensive_luk,"[""10.0433"", ""meaning-375c830e29cb""]",10.0433,sanketa,AmantraRe,आमन्त्रणे (āmantraṇe),,Vidyut 0.4.0 produced no form in the bounded one-operation run; no grammatical prohibition is inferred.,not_admitted_engine_zero_unresolved
intensive_luk,"[""10.0434"", ""meaning-375c830e29cb""]",10.0434,grAma,AmantraRe,आमन्त्रणे (āmantraṇe),,Vidyut 0.4.0 produced no form in the bounded one-operation run; no grammatical prohibition is inferred.,not_admitted_engine_zero_unresolved
intensive_luk,"[""10.0435"", ""meaning-375c830e29cb""]",10.0435,kuRa,AmantraRe,आमन्त्रणे (āmantraṇe),,Vidyut 0.4.0 produced no form in the bounded one-operation run; no grammatical prohibition is inferred.,not_admitted_engine_zero_unresolved
intensive_luk,"[""10.0436"", ""meaning-375c830e29cb""]",10.0436,guRa,AmantraRe,आमन्त्रणे (āmantraṇe),,Vidyut 0.4.0 produced no form in the bounded one-operation run; no grammatical prohibition is inferred.,not_admitted_engine_zero_unresolved
intensive_luk,"[""10.0437"", ""meaning-05ab36b55aa3""]",10.0437,keta,SrAvaRe,श्रावणे (śrāvaṇe),,Vidyut 0.4.0 produced no form in the bounded one-operation run; no grammatical prohibition is inferred.,not_admitted_engine_zero_unresolved
intensive_luk,"[""10.0437"", ""meaning-375c830e29cb""]",10.0437,keta,AmantraRe,आमन्त्रणे (āmantraṇe),,Vidyut 0.4.0 produced no form in the bounded one-operation run; no grammatical prohibition is inferred.,not_admitted_engine_zero_unresolved
intensive_luk,"[""10.0438"", ""meaning-00f1d7412e01""]",10.0438,kURa~,saNkocane,सङ्कोचने (saṅkocane),,Vidyut 0.4.0 produced no form in the bounded one-operation run; no grammatical prohibition is inferred.,not_admitted_engine_zero_unresolved
intensive_luk,"[""10.0439"", ""meaning-c9f31f914c6a""]",10.0439,stena,cOrye,चौर्ये (caurye),,Vidyut 0.4.0 produced no form in the bounded one-operation run; no grammatical prohibition is inferred.,not_admitted_engine_zero_unresolved
intensive_luk,"[""10.0440"", ""meaning-5fa3d59b62c4""]",10.0440,pada,gatO,गतौ (gatau),,Vidyut 0.4.0 produced no form in the bounded one-operation run; no grammatical prohibition is inferred.,not_admitted_engine_zero_unresolved
intensive_luk,"[""10.0441"", ""meaning-28f6ffe94fb0""]",10.0441,gfha,grahaRe,ग्रहणे (grahaṇe),,Vidyut 0.4.0 produced no form in the bounded one-operation run; no grammatical prohibition is inferred.,not_admitted_engine_zero_unresolved
intensive_luk,"[""10.0442"", ""meaning-377dc9a3857c""]",10.0442,mfga,anvezaRe,अन्वेषणे (anveṣaṇe),,Vidyut 0.4.0 produced no form in the bounded one-operation run; no grammatical prohibition is inferred.,not_admitted_engine_zero_unresolved
intensive_luk,"[""10.0443"", ""meaning-66f699b72aec""]",10.0443,kuha,vismApane,विस्मापने (vismāpane),,Vidyut 0.4.0 produced no form in the bounded one-operation run; no grammatical prohibition is inferred.,not_admitted_engine_zero_unresolved
intensive_luk,"[""10.0444"", ""meaning-ccbc7393bcd1""]",10.0444,SUra,vikrAntO,विक्रान्तौ (vikrāntau),,Vidyut 0.4.0 produced no form in the bounded one-operation run; no grammatical prohibition is inferred.,not_admitted_engine_zero_unresolved
intensive_luk,"[""10.0445"", ""meaning-ccbc7393bcd1""]",10.0445,vIra,vikrAntO,विक्रान्तौ (vikrāntau),,Vidyut 0.4.0 produced no form in the bounded one-operation run; no grammatical prohibition is inferred.,not_admitted_engine_zero_unresolved
intensive_luk,"[""10.0446"", ""meaning-9ef4b80672ea""]",10.0446,sTUla,paribfhaRe,परिबृहणे (paribṛhaṇe),,Vidyut 0.4.0 produced no form in the bounded one-operation run; no grammatical prohibition is inferred.,not_admitted_engine_zero_unresolved
intensive_luk,"[""10.0447"", ""meaning-1539fda05cdc""]",10.0447,arTa,upayAcYAyAm,उपयाच्ञायाम् (upayācñāyām),,Vidyut 0.4.0 produced no form in the bounded one-operation run; no grammatical prohibition is inferred.,not_admitted_engine_zero_unresolved
intensive_luk,"[""10.0448"", ""meaning-7247b9269428""]",10.0448,satra,santAnakriyAyAm,सन्तानक्रियायाम् (santānakriyāyām),,Vidyut 0.4.0 produced no form in the bounded one-operation run; no grammatical prohibition is inferred.,not_admitted_engine_zero_unresolved
intensive_luk,"[""10.0449"", ""meaning-8b8700ed2466""]",10.0449,garva,mAne,माने (māne),,Vidyut 0.4.0 produced no form in the bounded one-operation run; no grammatical prohibition is inferred.,not_admitted_engine_zero_unresolved
intensive_luk,"[""10.0452"", ""meaning-814a68cdac65""]",10.0452,rUkza,pAruzye,पारुष्ये (pāruṣye),,Vidyut 0.4.0 produced no form in the bounded one-operation run; no grammatical prohibition is inferred.,not_admitted_engine_zero_unresolved
intensive_luk,"[""10.0453"", ""meaning-cec19e58bd1a""]",10.0453,pAra,karmasamAptO,कर्मसमाप्तौ (karmasamāptau),,Vidyut 0.4.0 produced no form in the bounded one-operation run; no grammatical prohibition is inferred.,not_admitted_engine_zero_unresolved
intensive_luk,"[""10.0454"", ""meaning-cec19e58bd1a""]",10.0454,tIra,karmasamAptO,कर्मसमाप्तौ (karmasamāptau),,Vidyut 0.4.0 produced no form in the bounded one-operation run; no grammatical prohibition is inferred.,not_admitted_engine_zero_unresolved
intensive_luk,"[""10.0455"", ""meaning-095018db5bb6""]",10.0455,puwa,saMsarge,संसर्गे (saṃsarge),,Vidyut 0.4.0 produced no form in the bounded one-operation run; no grammatical prohibition is inferred.,not_admitted_engine_zero_unresolved
intensive_luk,"[""10.0456"", ""meaning-148cd30ab525""]",10.0456,katra,SETilye,शैथिल्ये (śaithilye),,Vidyut 0.4.0 produced no form in the bounded one-operation run; no grammatical prohibition is inferred.,not_admitted_engine_zero_unresolved
intensive_luk,"[""10.0457"", ""meaning-148cd30ab525""]",10.0457,karta~,SETilye,शैथिल्ये (śaithilye),,Vidyut 0.4.0 produced no form in the bounded one-operation run; no grammatical prohibition is inferred.,not_admitted_engine_zero_unresolved
intensive_luk,"[""10.0458"", ""meaning-5042ee4bdbe7""]",10.0458,valka,darSane,दर्शने (darśane),,Vidyut 0.4.0 produced no form in the bounded one-operation run; no grammatical prohibition is inferred.,not_admitted_engine_zero_unresolved
intensive_luk,"[""10.0459"", ""meaning-e4f08cdd86e6""]",10.0459,citra,citrIkaraRe,चित्रीकरणे (citrīkaraṇe),,Vidyut 0.4.0 produced no form in the bounded one-operation run; no grammatical prohibition is inferred.,not_admitted_engine_zero_unresolved
intensive_luk,"[""10.0460"", ""meaning-4d2df59be516""]",10.0460,ansa,samAGAte,समाघाते (samāghāte),,Vidyut 0.4.0 produced no form in the bounded one-operation run; no grammatical prohibition is inferred.,not_admitted_engine_zero_unresolved
intensive_luk,"[""10.0461"", ""meaning-9daa69aeb27e""]",10.0461,vawa,viBAjane,विभाजने (vibhājane),,Vidyut 0.4.0 produced no form in the bounded one-operation run; no grammatical prohibition is inferred.,not_admitted_engine_zero_unresolved
intensive_luk,"[""10.0463"", ""meaning-51c5f3f69cf6""]",10.0463,laja,prakASane,प्रकाशने (prakāśane),,Vidyut 0.4.0 produced no form in the bounded one-operation run; no grammatical prohibition is inferred.,not_admitted_engine_zero_unresolved
intensive_luk,"[""10.0466"", ""meaning-1e740bff9515""]",10.0466,miSra,samparke,सम्पर्के (samparke),,Vidyut 0.4.0 produced no form in the bounded one-operation run; no grammatical prohibition is inferred.,not_admitted_engine_zero_unresolved
intensive_luk,"[""10.0467"", ""meaning-cb8f3f842a8a""]",10.0467,sangrAma,yudDe,युद्धे (yuddhe),,Vidyut 0.4.0 produced no form in the bounded one-operation run; no grammatical prohibition is inferred.,not_admitted_engine_zero_unresolved
intensive_luk,"[""10.0468"", ""meaning-b00073dcdeb8""]",10.0468,stoma,SlAGAyAm,श्लाघायाम् (ślāghāyām),,Vidyut 0.4.0 produced no form in the bounded one-operation run; no grammatical prohibition is inferred.,not_admitted_engine_zero_unresolved
intensive_luk,"[""10.0469"", ""meaning-02d8bbaca932""]",10.0469,Cidra,karRaBedane,कर्णभेदने (karṇabhedane),,Vidyut 0.4.0 produced no form in the bounded one-operation run; no grammatical prohibition is inferred.,not_admitted_engine_zero_unresolved
intensive_luk,"[""10.0470"", ""meaning-12d930b48839""]",10.0470,karRa~,Bedane,भेदने (bhedane),,Vidyut 0.4.0 produced no form in the bounded one-operation run; no grammatical prohibition is inferred.,not_admitted_engine_zero_unresolved
intensive_luk,"[""10.0471"", ""meaning-d3384a4fdfc9""]",10.0471,anDa,dfzwyupaGAte,दृष्ट्युपघाते (dṛṣṭyupaghāte),,Vidyut 0.4.0 produced no form in the bounded one-operation run; no grammatical prohibition is inferred.,not_admitted_engine_zero_unresolved
intensive_luk,"[""10.0472"", ""meaning-f3b765b4edd4""]",10.0472,danqa,daRqanipAte,दण्डनिपाते (daṇḍanipāte),,Vidyut 0.4.0 produced no form in the bounded one-operation run; no grammatical prohibition is inferred.,not_admitted_engine_zero_unresolved
intensive_luk,"[""10.0473"", ""meaning-975c9f9c5b51""]",10.0473,anka,lakzaRe,लक्षणे (lakṣaṇe),,Vidyut 0.4.0 produced no form in the bounded one-operation run; no grammatical prohibition is inferred.,not_admitted_engine_zero_unresolved
intensive_luk,"[""10.0473"", ""meaning-9ef7816105a9""]",10.0473,anka,pade,पदे (pade),,Vidyut 0.4.0 produced no form in the bounded one-operation run; no grammatical prohibition is inferred.,not_admitted_engine_zero_unresolved
intensive_luk,"[""10.0474"", ""meaning-975c9f9c5b51""]",10.0474,anga,lakzaRe,लक्षणे (lakṣaṇe),,Vidyut 0.4.0 produced no form in the bounded one-operation run; no grammatical prohibition is inferred.,not_admitted_engine_zero_unresolved
intensive_luk,"[""10.0474"", ""meaning-9ef7816105a9""]",10.0474,anga,pade,पदे (pade),,Vidyut 0.4.0 produced no form in the bounded one-operation run; no grammatical prohibition is inferred.,not_admitted_engine_zero_unresolved
intensive_luk,"[""10.0475"", ""meaning-c078a7d5c7b1""]",10.0475,suKa,suKakriyAyAm,सुखक्रियायाम् (sukhakriyāyām),,Vidyut 0.4.0 produced no form in the bounded one-operation run; no grammatical prohibition is inferred.,not_admitted_engine_zero_unresolved
intensive_luk,"[""10.0476"", ""meaning-c2b948787e9c""]",10.0476,duHKa,duHKakriyAyAm,दुःखक्रियायाम् (duḥkhakriyāyām),,Vidyut 0.4.0 produced no form in the bounded one-operation run; no grammatical prohibition is inferred.,not_admitted_engine_zero_unresolved
intensive_luk,"[""10.0477"", ""meaning-8c6231d20ac4""]",10.0477,rasa,snehane,स्नेहने (snehane),,Vidyut 0.4.0 produced no form in the bounded one-operation run; no grammatical prohibition is inferred.,not_admitted_engine_zero_unresolved
intensive_luk,"[""10.0477"", ""meaning-c1e1d650336a""]",10.0477,rasa,AsvAdane,आस्वादने (āsvādane),,Vidyut 0.4.0 produced no form in the bounded one-operation run; no grammatical prohibition is inferred.,not_admitted_engine_zero_unresolved
intensive_luk,"[""10.0478"", ""meaning-b5dcdd5aa6ce""]",10.0478,vyaya,vittasamutsarge,वित्तसमुत्सर्गे (vittasamutsarge),,Vidyut 0.4.0 produced no form in the bounded one-operation run; no grammatical prohibition is inferred.,not_admitted_engine_zero_unresolved
intensive_luk,"[""10.0479"", ""meaning-0319540fb7b8""]",10.0479,rUpa,rUpakriyAyAm,रूपक्रियायाम् (rūpakriyāyām),,Vidyut 0.4.0 produced no form in the bounded one-operation run; no grammatical prohibition is inferred.,not_admitted_engine_zero_unresolved
intensive_luk,"[""10.0480"", ""meaning-1908fa34250a""]",10.0480,Ceda,dvEDIkaraRe,द्वैधीकरणे (dvaidhīkaraṇe),,Vidyut 0.4.0 produced no form in the bounded one-operation run; no grammatical prohibition is inferred.,not_admitted_engine_zero_unresolved
intensive_luk,"[""10.0481"", ""meaning-456b48da5b7f""]",10.0481,Cada,apavAraRe,अपवारणे (apavāraṇe),,Vidyut 0.4.0 produced no form in the bounded one-operation run; no grammatical prohibition is inferred.,not_admitted_engine_zero_unresolved
intensive_luk,"[""10.0482"", ""meaning-556802d0e7f6""]",10.0482,lABa,preraRe,प्रेरणे (preraṇe),,Vidyut 0.4.0 produced no form in the bounded one-operation run; no grammatical prohibition is inferred.,not_admitted_engine_zero_unresolved
intensive_luk,"[""10.0483"", ""meaning-87b8005a2075""]",10.0483,vraRa,gAtravicUrRane,गात्रविचूर्णने (gātravicūrṇane),,Vidyut 0.4.0 produced no form in the bounded one-operation run; no grammatical prohibition is inferred.,not_admitted_engine_zero_unresolved
intensive_luk,"[""10.0484"", ""meaning-1b2ff3bc375f""]",10.0484,varRa,varRakriyAyAm,वर्णक्रियायाम् (varṇakriyāyām),,Vidyut 0.4.0 produced no form in the bounded one-operation run; no grammatical prohibition is inferred.,not_admitted_engine_zero_unresolved
intensive_luk,"[""10.0484"", ""meaning-8d51499c0ccf""]",10.0484,varRa,vistAre,विस्तारे (vistāre),,Vidyut 0.4.0 produced no form in the bounded one-operation run; no grammatical prohibition is inferred.,not_admitted_engine_zero_unresolved
intensive_luk,"[""10.0484"", ""meaning-df048d311df0""]",10.0484,varRa,guRavacane,गुणवचने (guṇavacane),,Vidyut 0.4.0 produced no form in the bounded one-operation run; no grammatical prohibition is inferred.,not_admitted_engine_zero_unresolved
intensive_luk,"[""10.0485"", ""meaning-79a15719d64a""]",10.0485,parRa,haritaBAve,हरितभावे (haritabhāve),,Vidyut 0.4.0 produced no form in the bounded one-operation run; no grammatical prohibition is inferred.,not_admitted_engine_zero_unresolved
intensive_luk,"[""10.0486"", ""meaning-5042ee4bdbe7""]",10.0486,vizka,darSane,दर्शने (darśane),,Vidyut 0.4.0 produced no form in the bounded one-operation run; no grammatical prohibition is inferred.,not_admitted_engine_zero_unresolved
intensive_luk,"[""10.0487"", ""meaning-556802d0e7f6""]",10.0487,kzipa,preraRe,प्रेरणे (preraṇe),,Vidyut 0.4.0 produced no form in the bounded one-operation run; no grammatical prohibition is inferred.,not_admitted_engine_zero_unresolved
intensive_luk,"[""10.0488"", ""meaning-693173100d63""]",10.0488,vasa,nivAse,निवासे (nivāse),,Vidyut 0.4.0 produced no form in the bounded one-operation run; no grammatical prohibition is inferred.,not_admitted_engine_zero_unresolved
intensive_luk,"[""10.0489"", ""meaning-75e1514440b6""]",10.0489,tutTa,AvaraRe,आवरणे (āvaraṇe),,Vidyut 0.4.0 produced no form in the bounded one-operation run; no grammatical prohibition is inferred.,not_admitted_engine_zero_unresolved
intensive_luk,"[""10.0490"", ""meaning-293bd91852a3""]",10.0490,palyUla,lavane,लवने (lavane),,Vidyut 0.4.0 produced no form in the bounded one-operation run; no grammatical prohibition is inferred.,not_admitted_engine_zero_unresolved
intensive_luk,"[""10.0490"", ""meaning-a18deec65001""]",10.0490,palyUla,vapane,वपने (vapane),,Vidyut 0.4.0 produced no form in the bounded one-operation run; no grammatical prohibition is inferred.,not_admitted_engine_zero_unresolved
intensive_luk,"[""10.0491"", ""meaning-ea0ca4b6a28b""]",10.0491,ruWa~,BAzAyAm,भाषायाम् (bhāṣāyām),,Vidyut 0.4.0 produced no form in the bounded one-operation run; no grammatical prohibition is inferred.,not_admitted_engine_zero_unresolved
intensive_luk,"[""10.0492"", ""meaning-5042ee4bdbe7""]",10.0492,Deka,darSane,दर्शने (darśane),,Vidyut 0.4.0 produced no form in the bounded one-operation run; no grammatical prohibition is inferred.,not_admitted_engine_zero_unresolved
intensive_luk,"[""01.0847"", ""meaning-05aa802de198""]",01.0847,ruca~\,aBiprItO,अभिप्रीतौ (abhiprītau),roruc,The Kashika under 3.1.22 explicitly excludes the shobh and ruc formations through anabhidhana.,not_counted_anabhidhana
intensive_luk,"[""01.0847"", ""meaning-7345560b9c17""]",01.0847,ruca~\,dIptO,दीप्तौ (dīptau),roruc,The Kashika under 3.1.22 explicitly excludes the shobh and ruc formations through anabhidhana.,not_counted_anabhidhana
intensive_luk,"[""06.0046"", ""meaning-23a5ff050ddc""]",06.0046,SuBa~,SoBAyAm,शोभायाम् (śobhāyām),SoSuB,The Kashika under 3.1.22 explicitly excludes the shobh and ruc formations through anabhidhana.,not_counted_anabhidhana
