source_code,normalized_citation_slp1,base_count_key,base_meaning_slp1,base_meaning_display,matched_screens,matched_tokens,output_forms_slp1,classification,rule_treatment,rationale,count_status
01.0013,madi~\,"[""01.0013"", ""meaning-5fa3d59b62c4""]",gatO,गतौ (gatau),gati,gatO,mAmandya,direct_movement,3.1.23_crooked_movement_candidate,"The source meaning itself denotes going, movement, motion, flight, swimming, or reaching; classify under 3.1.23 pending lexical admission.",lexical_admission_review_pending
01.0014,spadi~\,"[""01.0014"", ""meaning-84fe2d02b5f1""]",kiYciccalane,किञ्चिच्चलने (kiñciccalane),movement,calan,pAspandya,direct_movement,3.1.23_crooked_movement_candidate,"The source meaning itself denotes going, movement, motion, flight, swimming, or reaching; classify under 3.1.23 pending lexical admission.",lexical_admission_review_pending
01.0049,ziDa~,"[""01.0049"", ""meaning-bebe0cdf773e""]",gatyAm,गत्याम् (gatyām),gati,gaty,seziDya,direct_movement,3.1.23_crooked_movement_candidate,"The source meaning itself denotes going, movement, motion, flight, swimming, or reaching; classify under 3.1.23 pending lexical admission.",lexical_admission_review_pending
01.0082,Srekf~\,"[""01.0082"", ""meaning-5fa3d59b62c4""]",gatO,गतौ (gatau),gati,gatO,SeSrekya,direct_movement,3.1.23_crooked_movement_candidate,"The source meaning itself denotes going, movement, motion, flight, swimming, or reaching; classify under 3.1.23 pending lexical admission.",lexical_admission_review_pending
01.0086,sekf~\,"[""01.0086"", ""meaning-5fa3d59b62c4""]",gatO,गतौ (gatau),gati,gatO,sesekya,direct_movement,3.1.23_crooked_movement_candidate,"The source meaning itself denotes going, movement, motion, flight, swimming, or reaching; classify under 3.1.23 pending lexical admission.",lexical_admission_review_pending
01.0087,srekf~\,"[""01.0087"", ""meaning-5fa3d59b62c4""]",gatO,गतौ (gatau),gati,gatO,sesrekya,direct_movement,3.1.23_crooked_movement_candidate,"The source meaning itself denotes going, movement, motion, flight, swimming, or reaching; classify under 3.1.23 pending lexical admission.",lexical_admission_review_pending
01.0088,sraki~\,"[""01.0088"", ""meaning-5fa3d59b62c4""]",gatO,गतौ (gatau),gati,gatO,sAsraNkya,direct_movement,3.1.23_crooked_movement_candidate,"The source meaning itself denotes going, movement, motion, flight, swimming, or reaching; classify under 3.1.23 pending lexical admission.",lexical_admission_review_pending
01.0089,Sraki~\,"[""01.0089"", ""meaning-5fa3d59b62c4""]",gatO,गतौ (gatau),gati,gatO,SASraNkya,direct_movement,3.1.23_crooked_movement_candidate,"The source meaning itself denotes going, movement, motion, flight, swimming, or reaching; classify under 3.1.23 pending lexical admission.",lexical_admission_review_pending
01.0090,Slaki~\,"[""01.0090"", ""meaning-5fa3d59b62c4""]",gatO,गतौ (gatau),gati,gatO,SASlaNkya,direct_movement,3.1.23_crooked_movement_candidate,"The source meaning itself denotes going, movement, motion, flight, swimming, or reaching; classify under 3.1.23 pending lexical admission.",lexical_admission_review_pending
01.0099,kaki~\,"[""01.0099"", ""meaning-5fa3d59b62c4""]",gatO,गतौ (gatau),gati,gatO,cAkaNkya,direct_movement,3.1.23_crooked_movement_candidate,"The source meaning itself denotes going, movement, motion, flight, swimming, or reaching; classify under 3.1.23 pending lexical admission.",lexical_admission_review_pending
01.0100,vaki~\,"[""01.0100"", ""meaning-5fa3d59b62c4""]",gatO,गतौ (gatau),gati,gatO,vAvaNkya,direct_movement,3.1.23_crooked_movement_candidate,"The source meaning itself denotes going, movement, motion, flight, swimming, or reaching; classify under 3.1.23 pending lexical admission.",lexical_admission_review_pending
01.0101,Svaki~\,"[""01.0101"", ""meaning-5fa3d59b62c4""]",gatO,गतौ (gatau),gati,gatO,SASvaNkya,direct_movement,3.1.23_crooked_movement_candidate,"The source meaning itself denotes going, movement, motion, flight, swimming, or reaching; classify under 3.1.23 pending lexical admission.",lexical_admission_review_pending
01.0102,traki~\,"[""01.0102"", ""meaning-5fa3d59b62c4""]",gatO,गतौ (gatau),gati,gatO,tAtraNkya,direct_movement,3.1.23_crooked_movement_candidate,"The source meaning itself denotes going, movement, motion, flight, swimming, or reaching; classify under 3.1.23 pending lexical admission.",lexical_admission_review_pending
01.0103,QOkf~\,"[""01.0103"", ""meaning-5fa3d59b62c4""]",gatO,गतौ (gatau),gati,gatO,qoQOkya,direct_movement,3.1.23_crooked_movement_candidate,"The source meaning itself denotes going, movement, motion, flight, swimming, or reaching; classify under 3.1.23 pending lexical admission.",lexical_admission_review_pending
01.0104,trOkf~\,"[""01.0104"", ""meaning-5fa3d59b62c4""]",gatO,गतौ (gatau),gati,gatO,totrOkya,direct_movement,3.1.23_crooked_movement_candidate,"The source meaning itself denotes going, movement, motion, flight, swimming, or reaching; classify under 3.1.23 pending lexical admission.",lexical_admission_review_pending
01.0105,zvazka~\,"[""01.0105"", ""meaning-5fa3d59b62c4""]",gatO,गतौ (gatau),gati,gatO,zAzvazkya,direct_movement,3.1.23_crooked_movement_candidate,"The source meaning itself denotes going, movement, motion, flight, swimming, or reaching; classify under 3.1.23 pending lexical admission.",lexical_admission_review_pending
01.0106,vaska~\,"[""01.0106"", ""meaning-5fa3d59b62c4""]",gatO,गतौ (gatau),gati,gatO,vAvaskya,direct_movement,3.1.23_crooked_movement_candidate,"The source meaning itself denotes going, movement, motion, flight, swimming, or reaching; classify under 3.1.23 pending lexical admission.",lexical_admission_review_pending
01.0107,maska~\,"[""01.0107"", ""meaning-5fa3d59b62c4""]",gatO,गतौ (gatau),gati,gatO,mAmaskya,direct_movement,3.1.23_crooked_movement_candidate,"The source meaning itself denotes going, movement, motion, flight, swimming, or reaching; classify under 3.1.23 pending lexical admission.",lexical_admission_review_pending
01.0108,wikf~\,"[""01.0108"", ""meaning-5fa3d59b62c4""]",gatO,गतौ (gatau),gati,gatO,wewikya,direct_movement,3.1.23_crooked_movement_candidate,"The source meaning itself denotes going, movement, motion, flight, swimming, or reaching; classify under 3.1.23 pending lexical admission.",lexical_admission_review_pending
01.0109,wIkf~\,"[""01.0109"", ""meaning-5fa3d59b62c4""]",gatO,गतौ (gatau),gati,gatO,wewIkya,direct_movement,3.1.23_crooked_movement_candidate,"The source meaning itself denotes going, movement, motion, flight, swimming, or reaching; classify under 3.1.23 pending lexical admission.",lexical_admission_review_pending
01.0110,tikf~\,"[""01.0110"", ""meaning-5fa3d59b62c4""]",gatO,गतौ (gatau),gati,gatO,tetikya,direct_movement,3.1.23_crooked_movement_candidate,"The source meaning itself denotes going, movement, motion, flight, swimming, or reaching; classify under 3.1.23 pending lexical admission.",lexical_admission_review_pending
01.0111,tIkf~\,"[""01.0111"", ""meaning-5fa3d59b62c4""]",gatO,गतौ (gatau),gati,gatO,tetIkya,direct_movement,3.1.23_crooked_movement_candidate,"The source meaning itself denotes going, movement, motion, flight, swimming, or reaching; classify under 3.1.23 pending lexical admission.",lexical_admission_review_pending
01.0112,raGi~\,"[""01.0112"", ""meaning-5fa3d59b62c4""]",gatO,गतौ (gatau),gati,gatO,rAraNGya,direct_movement,3.1.23_crooked_movement_candidate,"The source meaning itself denotes going, movement, motion, flight, swimming, or reaching; classify under 3.1.23 pending lexical admission.",lexical_admission_review_pending
01.0113,laGi~\,"[""01.0113"", ""meaning-5fa3d59b62c4""]",gatO,गतौ (gatau),gati,gatO,lAlaNGya,direct_movement,3.1.23_crooked_movement_candidate,"The source meaning itself denotes going, movement, motion, flight, swimming, or reaching; classify under 3.1.23 pending lexical admission.",lexical_admission_review_pending
01.0114,zvakka~\,"[""01.0114"", ""meaning-5fa3d59b62c4""]",gatO,गतौ (gatau),gati,gatO,sAsvakkya,direct_movement,3.1.23_crooked_movement_candidate,"The source meaning itself denotes going, movement, motion, flight, swimming, or reaching; classify under 3.1.23 pending lexical admission.",lexical_admission_review_pending
01.0123,Pakka~,"[""01.0123"", ""meaning-0b88f146c078""]",nIcErgatO,नीचैर्गतौ (nīcairgatau),gati,gatO,pAPakkya,direct_movement,3.1.23_crooked_movement_candidate,"The source meaning itself denotes going, movement, motion, flight, swimming, or reaching; classify under 3.1.23 pending lexical admission.",lexical_admission_review_pending
01.0127,Suka~,"[""01.0127"", ""meaning-5fa3d59b62c4""]",gatO,गतौ (gatau),gati,gatO,SoSukya,direct_movement,3.1.23_crooked_movement_candidate,"The source meaning itself denotes going, movement, motion, flight, swimming, or reaching; classify under 3.1.23 pending lexical admission.",lexical_admission_review_pending
01.0138,vaKa~,"[""01.0138"", ""meaning-5fa3d59b62c4""]",gatO,गतौ (gatau),gati,gatO,vAvaKya,direct_movement,3.1.23_crooked_movement_candidate,"The source meaning itself denotes going, movement, motion, flight, swimming, or reaching; classify under 3.1.23 pending lexical admission.",lexical_admission_review_pending
01.0139,vaKi~,"[""01.0139"", ""meaning-5fa3d59b62c4""]",gatO,गतौ (gatau),gati,gatO,vAvaNKya,direct_movement,3.1.23_crooked_movement_candidate,"The source meaning itself denotes going, movement, motion, flight, swimming, or reaching; classify under 3.1.23 pending lexical admission.",lexical_admission_review_pending
01.0140,maKa~,"[""01.0140"", ""meaning-5fa3d59b62c4""]",gatO,गतौ (gatau),gati,gatO,mAmaKya,direct_movement,3.1.23_crooked_movement_candidate,"The source meaning itself denotes going, movement, motion, flight, swimming, or reaching; classify under 3.1.23 pending lexical admission.",lexical_admission_review_pending
01.0141,maKi~,"[""01.0141"", ""meaning-5fa3d59b62c4""]",gatO,गतौ (gatau),gati,gatO,mAmaNKya,direct_movement,3.1.23_crooked_movement_candidate,"The source meaning itself denotes going, movement, motion, flight, swimming, or reaching; classify under 3.1.23 pending lexical admission.",lexical_admission_review_pending
01.0142,RaKa~,"[""01.0142"", ""meaning-5fa3d59b62c4""]",gatO,गतौ (gatau),gati,gatO,nAnaKya,direct_movement,3.1.23_crooked_movement_candidate,"The source meaning itself denotes going, movement, motion, flight, swimming, or reaching; classify under 3.1.23 pending lexical admission.",lexical_admission_review_pending
01.0143,RaKi~,"[""01.0143"", ""meaning-5fa3d59b62c4""]",gatO,गतौ (gatau),gati,gatO,nAnaNKya,direct_movement,3.1.23_crooked_movement_candidate,"The source meaning itself denotes going, movement, motion, flight, swimming, or reaching; classify under 3.1.23 pending lexical admission.",lexical_admission_review_pending
01.0144,raKa~,"[""01.0144"", ""meaning-5fa3d59b62c4""]",gatO,गतौ (gatau),gati,gatO,rAraKya,direct_movement,3.1.23_crooked_movement_candidate,"The source meaning itself denotes going, movement, motion, flight, swimming, or reaching; classify under 3.1.23 pending lexical admission.",lexical_admission_review_pending
01.0145,raKi~,"[""01.0145"", ""meaning-5fa3d59b62c4""]",gatO,गतौ (gatau),gati,gatO,rAraNKya,direct_movement,3.1.23_crooked_movement_candidate,"The source meaning itself denotes going, movement, motion, flight, swimming, or reaching; classify under 3.1.23 pending lexical admission.",lexical_admission_review_pending
01.0146,laKa~,"[""01.0146"", ""meaning-5fa3d59b62c4""]",gatO,गतौ (gatau),gati,gatO,lAlaKya,direct_movement,3.1.23_crooked_movement_candidate,"The source meaning itself denotes going, movement, motion, flight, swimming, or reaching; classify under 3.1.23 pending lexical admission.",lexical_admission_review_pending
01.0147,laKi~,"[""01.0147"", ""meaning-5fa3d59b62c4""]",gatO,गतौ (gatau),gati,gatO,lAlaNKya,direct_movement,3.1.23_crooked_movement_candidate,"The source meaning itself denotes going, movement, motion, flight, swimming, or reaching; classify under 3.1.23 pending lexical admission.",lexical_admission_review_pending
01.0152,valga~,"[""01.0152"", ""meaning-5fa3d59b62c4""]",gatO,गतौ (gatau),gati,gatO,vAvalgya,direct_movement,3.1.23_crooked_movement_candidate,"The source meaning itself denotes going, movement, motion, flight, swimming, or reaching; classify under 3.1.23 pending lexical admission.",lexical_admission_review_pending
01.0153,ragi~,"[""01.0153"", ""meaning-5fa3d59b62c4""]",gatO,गतौ (gatau),gati,gatO,rAraNgya,direct_movement,3.1.23_crooked_movement_candidate,"The source meaning itself denotes going, movement, motion, flight, swimming, or reaching; classify under 3.1.23 pending lexical admission.",lexical_admission_review_pending
01.0154,lagi~,"[""01.0154"", ""meaning-5fa3d59b62c4""]",gatO,गतौ (gatau),gati,gatO,lAlaNgya,direct_movement,3.1.23_crooked_movement_candidate,"The source meaning itself denotes going, movement, motion, flight, swimming, or reaching; classify under 3.1.23 pending lexical admission.",lexical_admission_review_pending
01.0156,vagi~,"[""01.0156"", ""meaning-5fa3d59b62c4""]",gatO,गतौ (gatau),gati,gatO,vAvaNgya,direct_movement,3.1.23_crooked_movement_candidate,"The source meaning itself denotes going, movement, motion, flight, swimming, or reaching; classify under 3.1.23 pending lexical admission.",lexical_admission_review_pending
01.0157,magi~,"[""01.0157"", ""meaning-5fa3d59b62c4""]",gatO,गतौ (gatau),gati,gatO,mAmaNgya,direct_movement,3.1.23_crooked_movement_candidate,"The source meaning itself denotes going, movement, motion, flight, swimming, or reaching; classify under 3.1.23 pending lexical admission.",lexical_admission_review_pending
01.0158,tagi~,"[""01.0158"", ""meaning-5fa3d59b62c4""]",gatO,गतौ (gatau),gati,gatO,tAtaNgya,direct_movement,3.1.23_crooked_movement_candidate,"The source meaning itself denotes going, movement, motion, flight, swimming, or reaching; classify under 3.1.23 pending lexical admission.",lexical_admission_review_pending
01.0159,tvagi~,"[""01.0159"", ""meaning-5fa3d59b62c4""]",gatO,गतौ (gatau),gati,gatO,tAtvaNgya,direct_movement,3.1.23_crooked_movement_candidate,"The source meaning itself denotes going, movement, motion, flight, swimming, or reaching; classify under 3.1.23 pending lexical admission.",lexical_admission_review_pending
01.0160,Svelf~,"[""01.0160"", ""meaning-ded5b8f0e366""]",calane,चलने (calane),movement,calan,SeSvelya,direct_movement,3.1.23_crooked_movement_candidate,"The source meaning itself denotes going, movement, motion, flight, swimming, or reaching; classify under 3.1.23 pending lexical admission.",lexical_admission_review_pending
01.0161,Sragi~,"[""01.0161"", ""meaning-5fa3d59b62c4""]",gatO,गतौ (gatau),gati,gatO,SASraNgya,direct_movement,3.1.23_crooked_movement_candidate,"The source meaning itself denotes going, movement, motion, flight, swimming, or reaching; classify under 3.1.23 pending lexical admission.",lexical_admission_review_pending
01.0162,Slagi~,"[""01.0162"", ""meaning-5fa3d59b62c4""]",gatO,गतौ (gatau),gati,gatO,SASlaNgya,direct_movement,3.1.23_crooked_movement_candidate,"The source meaning itself denotes going, movement, motion, flight, swimming, or reaching; classify under 3.1.23 pending lexical admission.",lexical_admission_review_pending
01.0164,rigi~,"[""01.0164"", ""meaning-5fa3d59b62c4""]",gatO,गतौ (gatau),gati,gatO,reriNgya,direct_movement,3.1.23_crooked_movement_candidate,"The source meaning itself denotes going, movement, motion, flight, swimming, or reaching; classify under 3.1.23 pending lexical admission.",lexical_admission_review_pending
01.0165,ligi~,"[""01.0165"", ""meaning-5fa3d59b62c4""]",gatO,गतौ (gatau),gati,gatO,leliNgya,direct_movement,3.1.23_crooked_movement_candidate,"The source meaning itself denotes going, movement, motion, flight, swimming, or reaching; classify under 3.1.23 pending lexical admission.",lexical_admission_review_pending
01.0168,riKa~,"[""01.0168"", ""meaning-5fa3d59b62c4""]",gatO,गतौ (gatau),gati,gatO,reriKya,direct_movement,3.1.23_crooked_movement_candidate,"The source meaning itself denotes going, movement, motion, flight, swimming, or reaching; classify under 3.1.23 pending lexical admission.",lexical_admission_review_pending
01.0169,Garba~,"[""01.0169"", ""meaning-5fa3d59b62c4""]",gatO,गतौ (gatau),gati,gatO,jAGarbya,direct_movement,3.1.23_crooked_movement_candidate,"The source meaning itself denotes going, movement, motion, flight, swimming, or reaching; classify under 3.1.23 pending lexical admission.",lexical_admission_review_pending
01.0170,narba~,"[""01.0170"", ""meaning-5fa3d59b62c4""]",gatO,गतौ (gatau),gati,gatO,nAnarbya,direct_movement,3.1.23_crooked_movement_candidate,"The source meaning itself denotes going, movement, motion, flight, swimming, or reaching; classify under 3.1.23 pending lexical admission.",lexical_admission_review_pending
01.0171,Barba~,"[""01.0171"", ""meaning-5fa3d59b62c4""]",gatO,गतौ (gatau),gati,gatO,bABarbya,direct_movement,3.1.23_crooked_movement_candidate,"The source meaning itself denotes going, movement, motion, flight, swimming, or reaching; classify under 3.1.23 pending lexical admission.",lexical_admission_review_pending
01.0172,traKa~,"[""01.0172"", ""meaning-5fa3d59b62c4""]",gatO,गतौ (gatau),gati,gatO,tAtraKya,direct_movement,3.1.23_crooked_movement_candidate,"The source meaning itself denotes going, movement, motion, flight, swimming, or reaching; classify under 3.1.23 pending lexical admission.",lexical_admission_review_pending
01.0173,triKi~,"[""01.0173"", ""meaning-5fa3d59b62c4""]",gatO,गतौ (gatau),gati,gatO,tetriNKya,direct_movement,3.1.23_crooked_movement_candidate,"The source meaning itself denotes going, movement, motion, flight, swimming, or reaching; classify under 3.1.23 pending lexical admission.",lexical_admission_review_pending
01.0174,SiKi~,"[""01.0174"", ""meaning-5fa3d59b62c4""]",gatO,गतौ (gatau),gati,gatO,SeSiNKya,direct_movement,3.1.23_crooked_movement_candidate,"The source meaning itself denotes going, movement, motion, flight, swimming, or reaching; classify under 3.1.23 pending lexical admission.",lexical_admission_review_pending
01.0181,varba~,"[""01.0181"", ""meaning-5fa3d59b62c4""]",gatO,गतौ (gatau),gati,gatO,vAvarbya,direct_movement,3.1.23_crooked_movement_candidate,"The source meaning itself denotes going, movement, motion, flight, swimming, or reaching; classify under 3.1.23 pending lexical admission.",lexical_admission_review_pending
01.0182,baBra~,"[""01.0182"", ""meaning-5fa3d59b62c4""]",gatO,गतौ (gatau),gati,gatO,bAbaBrya,direct_movement,3.1.23_crooked_movement_candidate,"The source meaning itself denotes going, movement, motion, flight, swimming, or reaching; classify under 3.1.23 pending lexical admission.",lexical_admission_review_pending
01.0190,Svaca~\,"[""01.0190"", ""meaning-5fa3d59b62c4""]",gatO,गतौ (gatau),gati,gatO,SASvacya,direct_movement,3.1.23_crooked_movement_candidate,"The source meaning itself denotes going, movement, motion, flight, swimming, or reaching; classify under 3.1.23 pending lexical admission.",lexical_admission_review_pending
01.0191,Svaci~\,"[""01.0191"", ""meaning-5fa3d59b62c4""]",gatO,गतौ (gatau),gati,gatO,SASvaYcya,direct_movement,3.1.23_crooked_movement_candidate,"The source meaning itself denotes going, movement, motion, flight, swimming, or reaching; classify under 3.1.23 pending lexical admission.",lexical_admission_review_pending
01.0212,kunca~,"[""01.0212"", ""meaning-5fa3d59b62c4""]",gatO,गतौ (gatau),gati,gatO,cokucya,direct_movement,3.1.23_crooked_movement_candidate,"The source meaning itself denotes going, movement, motion, flight, swimming, or reaching; classify under 3.1.23 pending lexical admission.",lexical_admission_review_pending
01.0213,krunca~,"[""01.0213"", ""meaning-5fa3d59b62c4""]",gatO,गतौ (gatau),gati,gatO,cokrucya,direct_movement,3.1.23_crooked_movement_candidate,"The source meaning itself denotes going, movement, motion, flight, swimming, or reaching; classify under 3.1.23 pending lexical admission.",lexical_admission_review_pending
01.0216,vancu~,"[""01.0216"", ""meaning-5fa3d59b62c4""]",gatO,गतौ (gatau),gati,gatO,vanIvacya,direct_movement,3.1.23_crooked_movement_candidate,"The source meaning itself denotes going, movement, motion, flight, swimming, or reaching; classify under 3.1.23 pending lexical admission.",lexical_admission_review_pending
01.0217,cancu~,"[""01.0217"", ""meaning-5fa3d59b62c4""]",gatO,गतौ (gatau),gati,gatO,cAcacya,direct_movement,3.1.23_crooked_movement_candidate,"The source meaning itself denotes going, movement, motion, flight, swimming, or reaching; classify under 3.1.23 pending lexical admission.",lexical_admission_review_pending
01.0218,tancu~,"[""01.0218"", ""meaning-5fa3d59b62c4""]",gatO,गतौ (gatau),gati,gatO,tAtacya,direct_movement,3.1.23_crooked_movement_candidate,"The source meaning itself denotes going, movement, motion, flight, swimming, or reaching; classify under 3.1.23 pending lexical admission.",lexical_admission_review_pending
01.0219,tvancu~,"[""01.0219"", ""meaning-5fa3d59b62c4""]",gatO,गतौ (gatau),gati,gatO,tAtvacya,direct_movement,3.1.23_crooked_movement_candidate,"The source meaning itself denotes going, movement, motion, flight, swimming, or reaching; classify under 3.1.23 pending lexical admission.",lexical_admission_review_pending
01.0220,mruncu~,"[""01.0220"", ""meaning-5fa3d59b62c4""]",gatO,गतौ (gatau),gati,gatO,momrucya,direct_movement,3.1.23_crooked_movement_candidate,"The source meaning itself denotes going, movement, motion, flight, swimming, or reaching; classify under 3.1.23 pending lexical admission.",lexical_admission_review_pending
01.0221,mluncu~,"[""01.0221"", ""meaning-5fa3d59b62c4""]",gatO,गतौ (gatau),gati,gatO,momlucya,direct_movement,3.1.23_crooked_movement_candidate,"The source meaning itself denotes going, movement, motion, flight, swimming, or reaching; classify under 3.1.23 pending lexical admission.",lexical_admission_review_pending
01.0222,mrucu~,"[""01.0222"", ""meaning-5fa3d59b62c4""]",gatO,गतौ (gatau),gati,gatO,momrucya,direct_movement,3.1.23_crooked_movement_candidate,"The source meaning itself denotes going, movement, motion, flight, swimming, or reaching; classify under 3.1.23 pending lexical admission.",lexical_admission_review_pending
01.0223,mlucu~,"[""01.0223"", ""meaning-5fa3d59b62c4""]",gatO,गतौ (gatau),gati,gatO,momlucya,direct_movement,3.1.23_crooked_movement_candidate,"The source meaning itself denotes going, movement, motion, flight, swimming, or reaching; classify under 3.1.23 pending lexical admission.",lexical_admission_review_pending
01.0228,gluncu~,"[""01.0228"", ""meaning-5fa3d59b62c4""]",gatO,गतौ (gatau),gati,gatO,joglucya,direct_movement,3.1.23_crooked_movement_candidate,"The source meaning itself denotes going, movement, motion, flight, swimming, or reaching; classify under 3.1.23 pending lexical admission.",lexical_admission_review_pending
01.0229,zasja~,"[""01.0229"", ""meaning-5fa3d59b62c4""]",gatO,गतौ (gatau),gati,gatO,sAsajjya,direct_movement,3.1.23_crooked_movement_candidate,"The source meaning itself denotes going, movement, motion, flight, swimming, or reaching; classify under 3.1.23 pending lexical admission.",lexical_admission_review_pending
01.0245,Draja~,"[""01.0245"", ""meaning-5fa3d59b62c4""]",gatO,गतौ (gatau),gati,gatO,dADrajya,direct_movement,3.1.23_crooked_movement_candidate,"The source meaning itself denotes going, movement, motion, flight, swimming, or reaching; classify under 3.1.23 pending lexical admission.",lexical_admission_review_pending
01.0246,Draji~,"[""01.0246"", ""meaning-5fa3d59b62c4""]",gatO,गतौ (gatau),gati,gatO,dADraYjya,direct_movement,3.1.23_crooked_movement_candidate,"The source meaning itself denotes going, movement, motion, flight, swimming, or reaching; classify under 3.1.23 pending lexical admission.",lexical_admission_review_pending
01.0248,rebf~,"[""01.0248"", ""meaning-189a48161e35""]",plavagatO,प्लवगतौ (plavagatau),gati,gatO,rerebya,direct_movement,3.1.23_crooked_movement_candidate,"The source meaning itself denotes going, movement, motion, flight, swimming, or reaching; classify under 3.1.23 pending lexical admission.",lexical_admission_review_pending
01.0249,Dfja~,"[""01.0249"", ""meaning-5fa3d59b62c4""]",gatO,गतौ (gatau),gati,gatO,darIDfjya,direct_movement,3.1.23_crooked_movement_candidate,"The source meaning itself denotes going, movement, motion, flight, swimming, or reaching; classify under 3.1.23 pending lexical admission.",lexical_admission_review_pending
01.0250,Dfji~,"[""01.0250"", ""meaning-5fa3d59b62c4""]",gatO,गतौ (gatau),gati,gatO,darIDfYjya,direct_movement,3.1.23_crooked_movement_candidate,"The source meaning itself denotes going, movement, motion, flight, swimming, or reaching; classify under 3.1.23 pending lexical admission.",lexical_admission_review_pending
01.0251,Dvaja~,"[""01.0251"", ""meaning-5fa3d59b62c4""]",gatO,गतौ (gatau),gati,gatO,dADvajya,direct_movement,3.1.23_crooked_movement_candidate,"The source meaning itself denotes going, movement, motion, flight, swimming, or reaching; classify under 3.1.23 pending lexical admission.",lexical_admission_review_pending
01.0252,Dvaji~,"[""01.0252"", ""meaning-5fa3d59b62c4""]",gatO,गतौ (gatau),gati,gatO,dADvaYjya,direct_movement,3.1.23_crooked_movement_candidate,"The source meaning itself denotes going, movement, motion, flight, swimming, or reaching; classify under 3.1.23 pending lexical admission.",lexical_admission_review_pending
01.0253,zalf~,"[""01.0253"", ""meaning-5fa3d59b62c4""]",gatO,गतौ (gatau),gati,gatO,sAsalya,direct_movement,3.1.23_crooked_movement_candidate,"The source meaning itself denotes going, movement, motion, flight, swimming, or reaching; classify under 3.1.23 pending lexical admission.",lexical_admission_review_pending
01.0285,vaja~,"[""01.0285"", ""meaning-5fa3d59b62c4""]",gatO,गतौ (gatau),gati,gatO,vAvajya,direct_movement,3.1.23_crooked_movement_candidate,"The source meaning itself denotes going, movement, motion, flight, swimming, or reaching; classify under 3.1.23 pending lexical admission.",lexical_admission_review_pending
01.0286,vraja~,"[""01.0286"", ""meaning-5fa3d59b62c4""]",gatO,गतौ (gatau),gati,gatO,vAvrajya,direct_movement,3.1.23_crooked_movement_candidate,"The source meaning itself denotes going, movement, motion, flight, swimming, or reaching; classify under 3.1.23 pending lexical admission.",lexical_admission_review_pending
01.0292,Gawwa~\,"[""01.0292"", ""meaning-ded5b8f0e366""]",calane,चलने (calane),movement,calan,jAGawwya,direct_movement,3.1.23_crooked_movement_candidate,"The source meaning itself denotes going, movement, motion, flight, swimming, or reaching; classify under 3.1.23 pending lexical admission.",lexical_admission_review_pending
01.0301,hiqi~\,"[""01.0301"", ""meaning-5fa3d59b62c4""]",gatO,गतौ (gatau),gati,gatO,jehiRqya,direct_movement,3.1.23_crooked_movement_candidate,"The source meaning itself denotes going, movement, motion, flight, swimming, or reaching; classify under 3.1.23 pending lexical admission.",lexical_admission_review_pending
01.0315,paqi~\,"[""01.0315"", ""meaning-5fa3d59b62c4""]",gatO,गतौ (gatau),gati,gatO,pApaRqya,direct_movement,3.1.23_crooked_movement_candidate,"The source meaning itself denotes going, movement, motion, flight, swimming, or reaching; classify under 3.1.23 pending lexical admission.",lexical_admission_review_pending
01.0332,awa~,"[""01.0332"", ""meaning-5fa3d59b62c4""]",gatO,गतौ (gatau),gati,gatO,awAwya,direct_movement,3.1.23_crooked_movement_candidate,"The source meaning itself denotes going, movement, motion, flight, swimming, or reaching; classify under 3.1.23 pending lexical admission.",lexical_admission_review_pending
01.0333,pawa~,"[""01.0333"", ""meaning-5fa3d59b62c4""]",gatO,गतौ (gatau),gati,gatO,pApawya,direct_movement,3.1.23_crooked_movement_candidate,"The source meaning itself denotes going, movement, motion, flight, swimming, or reaching; classify under 3.1.23 pending lexical admission.",lexical_admission_review_pending
01.0336,Sawa~,"[""01.0336"", ""meaning-5fa3d59b62c4""]",gatO,गतौ (gatau),gati,gatO,SASawya,direct_movement,3.1.23_crooked_movement_candidate,"The source meaning itself denotes going, movement, motion, flight, swimming, or reaching; classify under 3.1.23 pending lexical admission.",lexical_admission_review_pending
01.0358,kiwa~,"[""01.0358"", ""meaning-5fa3d59b62c4""]",gatO,गतौ (gatau),gati,gatO,cekiwya,direct_movement,3.1.23_crooked_movement_candidate,"The source meaning itself denotes going, movement, motion, flight, swimming, or reaching; classify under 3.1.23 pending lexical admission.",lexical_admission_review_pending
01.0359,kawI~,"[""01.0359"", ""meaning-5fa3d59b62c4""]",gatO,गतौ (gatau),gati,gatO,cAkawya,direct_movement,3.1.23_crooked_movement_candidate,"The source meaning itself denotes going, movement, motion, flight, swimming, or reaching; classify under 3.1.23 pending lexical admission.",lexical_admission_review_pending
01.0383,hOqf~,"[""01.0383"", ""meaning-5fa3d59b62c4""]",gatO,गतौ (gatau),gati,gatO,johOqya,direct_movement,3.1.23_crooked_movement_candidate,"The source meaning itself denotes going, movement, motion, flight, swimming, or reaching; classify under 3.1.23 pending lexical admission.",lexical_admission_review_pending
01.0400,ruWi~,"[""01.0400"", ""meaning-5fa3d59b62c4""]",gatO,गतौ (gatau),gati,gatO,roruRWya,direct_movement,3.1.23_crooked_movement_candidate,"The source meaning itself denotes going, movement, motion, flight, swimming, or reaching; classify under 3.1.23 pending lexical admission.",lexical_admission_review_pending
01.0401,luWi~,"[""01.0401"", ""meaning-5fa3d59b62c4""]",gatO,गतौ (gatau),gati,gatO,loluRWya,direct_movement,3.1.23_crooked_movement_candidate,"The source meaning itself denotes going, movement, motion, flight, swimming, or reaching; classify under 3.1.23 pending lexical admission.",lexical_admission_review_pending
01.0408,huqf~,"[""01.0408"", ""meaning-5fa3d59b62c4""]",gatO,गतौ (gatau),gati,gatO,johuqya,direct_movement,3.1.23_crooked_movement_candidate,"The source meaning itself denotes going, movement, motion, flight, swimming, or reaching; classify under 3.1.23 pending lexical admission.",lexical_admission_review_pending
01.0409,hUqf~,"[""01.0409"", ""meaning-5fa3d59b62c4""]",gatO,गतौ (gatau),gati,gatO,johUqya,direct_movement,3.1.23_crooked_movement_candidate,"The source meaning itself denotes going, movement, motion, flight, swimming, or reaching; classify under 3.1.23 pending lexical admission.",lexical_admission_review_pending
01.0410,hoqf~,"[""01.0410"", ""meaning-5fa3d59b62c4""]",gatO,गतौ (gatau),gati,gatO,johoqya,direct_movement,3.1.23_crooked_movement_candidate,"The source meaning itself denotes going, movement, motion, flight, swimming, or reaching; classify under 3.1.23 pending lexical admission.",lexical_admission_review_pending
01.0426,kepf~\,"[""01.0426"", ""meaning-5fa3d59b62c4""]",gatO,गतौ (gatau),gati,gatO,cekepya,direct_movement,3.1.23_crooked_movement_candidate,"The source meaning itself denotes going, movement, motion, flight, swimming, or reaching; classify under 3.1.23 pending lexical admission.",lexical_admission_review_pending
01.0427,gepf~\,"[""01.0427"", ""meaning-5fa3d59b62c4""]",gatO,गतौ (gatau),gati,gatO,jegepya,direct_movement,3.1.23_crooked_movement_candidate,"The source meaning itself denotes going, movement, motion, flight, swimming, or reaching; classify under 3.1.23 pending lexical admission.",lexical_admission_review_pending
01.0428,glepf~\,"[""01.0428"", ""meaning-5fa3d59b62c4""]",gatO,गतौ (gatau),gati,gatO,jeglepya,direct_movement,3.1.23_crooked_movement_candidate,"The source meaning itself denotes going, movement, motion, flight, swimming, or reaching; classify under 3.1.23 pending lexical admission.",lexical_admission_review_pending
01.0429,mepf~\,"[""01.0429"", ""meaning-5fa3d59b62c4""]",gatO,गतौ (gatau),gati,gatO,memepya,direct_movement,3.1.23_crooked_movement_candidate,"The source meaning itself denotes going, movement, motion, flight, swimming, or reaching; classify under 3.1.23 pending lexical admission.",lexical_admission_review_pending
01.0430,repf~\,"[""01.0430"", ""meaning-5fa3d59b62c4""]",gatO,गतौ (gatau),gati,gatO,rerepya,direct_movement,3.1.23_crooked_movement_candidate,"The source meaning itself denotes going, movement, motion, flight, swimming, or reaching; classify under 3.1.23 pending lexical admission.",lexical_admission_review_pending
01.0431,lepf~\,"[""01.0431"", ""meaning-5fa3d59b62c4""]",gatO,गतौ (gatau),gati,gatO,lelepya,direct_movement,3.1.23_crooked_movement_candidate,"The source meaning itself denotes going, movement, motion, flight, swimming, or reaching; classify under 3.1.23 pending lexical admission.",lexical_admission_review_pending
01.0432,hepf~\,"[""01.0432"", ""meaning-5fa3d59b62c4""]",gatO,गतौ (gatau),gati,gatO,jehepya,direct_movement,3.1.23_crooked_movement_candidate,"The source meaning itself denotes going, movement, motion, flight, swimming, or reaching; classify under 3.1.23 pending lexical admission.",lexical_admission_review_pending
01.0433,Depf~\,"[""01.0433"", ""meaning-5fa3d59b62c4""]",gatO,गतौ (gatau),gati,gatO,deDepya,direct_movement,3.1.23_crooked_movement_candidate,"The source meaning itself denotes going, movement, motion, flight, swimming, or reaching; classify under 3.1.23 pending lexical admission.",lexical_admission_review_pending
01.0435,kapi~\,"[""01.0435"", ""meaning-ded5b8f0e366""]",calane,चलने (calane),movement,calan,cAkampya,direct_movement,3.1.23_crooked_movement_candidate,"The source meaning itself denotes going, movement, motion, flight, swimming, or reaching; classify under 3.1.23 pending lexical admission.",lexical_admission_review_pending
01.0450,ziDu~,"[""01.0450"", ""meaning-bebe0cdf773e""]",gatyAm,गत्याम् (gatyām),gati,gaty,seziDya,direct_movement,3.1.23_crooked_movement_candidate,"The source meaning itself denotes going, movement, motion, flight, swimming, or reaching; classify under 3.1.23 pending lexical admission.",lexical_admission_review_pending
01.0469,cupa~,"[""01.0469"", ""meaning-f442011c74cd""]",mandAyAM gatO,मन्दायां गतौ (mandāyāṃ gatau),gati,gatO,cocupya,direct_movement,3.1.23_crooked_movement_candidate,"The source meaning itself denotes going, movement, motion, flight, swimming, or reaching; classify under 3.1.23 pending lexical admission.",lexical_admission_review_pending
01.0478,parpa~,"[""01.0478"", ""meaning-5fa3d59b62c4""]",gatO,गतौ (gatau),gati,gatO,pAparpya,direct_movement,3.1.23_crooked_movement_candidate,"The source meaning itself denotes going, movement, motion, flight, swimming, or reaching; classify under 3.1.23 pending lexical admission.",lexical_admission_review_pending
01.0479,raPa~,"[""01.0479"", ""meaning-5fa3d59b62c4""]",gatO,गतौ (gatau),gati,gatO,rAraPya,direct_movement,3.1.23_crooked_movement_candidate,"The source meaning itself denotes going, movement, motion, flight, swimming, or reaching; classify under 3.1.23 pending lexical admission.",lexical_admission_review_pending
01.0480,raPi~,"[""01.0480"", ""meaning-5fa3d59b62c4""]",gatO,गतौ (gatau),gati,gatO,rAramPya,direct_movement,3.1.23_crooked_movement_candidate,"The source meaning itself denotes going, movement, motion, flight, swimming, or reaching; classify under 3.1.23 pending lexical admission.",lexical_admission_review_pending
01.0482,parba~,"[""01.0482"", ""meaning-5fa3d59b62c4""]",gatO,गतौ (gatau),gati,gatO,pAparbya,direct_movement,3.1.23_crooked_movement_candidate,"The source meaning itself denotes going, movement, motion, flight, swimming, or reaching; classify under 3.1.23 pending lexical admission.",lexical_admission_review_pending
01.0483,larba~,"[""01.0483"", ""meaning-5fa3d59b62c4""]",gatO,गतौ (gatau),gati,gatO,lAlarbya,direct_movement,3.1.23_crooked_movement_candidate,"The source meaning itself denotes going, movement, motion, flight, swimming, or reaching; classify under 3.1.23 pending lexical admission.",lexical_admission_review_pending
01.0484,barba~,"[""01.0484"", ""meaning-5fa3d59b62c4""]",gatO,गतौ (gatau),gati,gatO,bAbarbya,direct_movement,3.1.23_crooked_movement_candidate,"The source meaning itself denotes going, movement, motion, flight, swimming, or reaching; classify under 3.1.23 pending lexical admission.",lexical_admission_review_pending
01.0485,marba~,"[""01.0485"", ""meaning-5fa3d59b62c4""]",gatO,गतौ (gatau),gati,gatO,mAmarbya,direct_movement,3.1.23_crooked_movement_candidate,"The source meaning itself denotes going, movement, motion, flight, swimming, or reaching; classify under 3.1.23 pending lexical admission.",lexical_admission_review_pending
01.0486,karba~,"[""01.0486"", ""meaning-5fa3d59b62c4""]",gatO,गतौ (gatau),gati,gatO,cAkarbya,direct_movement,3.1.23_crooked_movement_candidate,"The source meaning itself denotes going, movement, motion, flight, swimming, or reaching; classify under 3.1.23 pending lexical admission.",lexical_admission_review_pending
01.0487,Karba~,"[""01.0487"", ""meaning-5fa3d59b62c4""]",gatO,गतौ (gatau),gati,gatO,cAKarbya,direct_movement,3.1.23_crooked_movement_candidate,"The source meaning itself denotes going, movement, motion, flight, swimming, or reaching; classify under 3.1.23 pending lexical admission.",lexical_admission_review_pending
01.0488,garba~,"[""01.0488"", ""meaning-5fa3d59b62c4""]",gatO,गतौ (gatau),gati,gatO,jAgarbya,direct_movement,3.1.23_crooked_movement_candidate,"The source meaning itself denotes going, movement, motion, flight, swimming, or reaching; classify under 3.1.23 pending lexical admission.",lexical_admission_review_pending
01.0489,Sarba~,"[""01.0489"", ""meaning-5fa3d59b62c4""]",gatO,गतौ (gatau),gati,gatO,SASarbya,direct_movement,3.1.23_crooked_movement_candidate,"The source meaning itself denotes going, movement, motion, flight, swimming, or reaching; classify under 3.1.23 pending lexical admission.",lexical_admission_review_pending
01.0490,zarba~,"[""01.0490"", ""meaning-5fa3d59b62c4""]",gatO,गतौ (gatau),gati,gatO,sAsarbya,direct_movement,3.1.23_crooked_movement_candidate,"The source meaning itself denotes going, movement, motion, flight, swimming, or reaching; classify under 3.1.23 pending lexical admission.",lexical_admission_review_pending
01.0491,carba~,"[""01.0491"", ""meaning-5fa3d59b62c4""]",gatO,गतौ (gatau),gati,gatO,cAcarbya,direct_movement,3.1.23_crooked_movement_candidate,"The source meaning itself denotes going, movement, motion, flight, swimming, or reaching; classify under 3.1.23 pending lexical admission.",lexical_admission_review_pending
01.0524,SoRf~,"[""01.0524"", ""meaning-5fa3d59b62c4""]",gatO,गतौ (gatau),gati,gatO,SoSoRya,direct_movement,3.1.23_crooked_movement_candidate,"The source meaning itself denotes going, movement, motion, flight, swimming, or reaching; classify under 3.1.23 pending lexical admission.",lexical_admission_review_pending
01.0527,pERf~,"[""01.0527"", ""meaning-5fa3d59b62c4""]",gatO,गतौ (gatau),gati,gatO,pepERya,direct_movement,3.1.23_crooked_movement_candidate,"The source meaning itself denotes going, movement, motion, flight, swimming, or reaching; classify under 3.1.23 pending lexical admission.",lexical_admission_review_pending
01.0528,prERf~,"[""01.0528"", ""meaning-5fa3d59b62c4""]",gatO,गतौ (gatau),gati,gatO,peprERya,direct_movement,3.1.23_crooked_movement_candidate,"The source meaning itself denotes going, movement, motion, flight, swimming, or reaching; classify under 3.1.23 pending lexical admission.",lexical_admission_review_pending
01.0531,kanI~,"[""01.0531"", ""meaning-5fa3d59b62c4""]",gatO,गतौ (gatau),gati,gatO,caMkanya;caNkanya,direct_movement,3.1.23_crooked_movement_candidate,"The source meaning itself denotes going, movement, motion, flight, swimming, or reaching; classify under 3.1.23 pending lexical admission.",lexical_admission_review_pending
01.0537,drama~,"[""01.0537"", ""meaning-5fa3d59b62c4""]",gatO,गतौ (gatau),gati,gatO,daMdramya;dandramya,direct_movement,3.1.23_crooked_movement_candidate,"The source meaning itself denotes going, movement, motion, flight, swimming, or reaching; classify under 3.1.23 pending lexical admission.",lexical_admission_review_pending
01.0538,hamma~,"[""01.0538"", ""meaning-5fa3d59b62c4""]",gatO,गतौ (gatau),gati,gatO,jaMhammya,direct_movement,3.1.23_crooked_movement_candidate,"The source meaning itself denotes going, movement, motion, flight, swimming, or reaching; classify under 3.1.23 pending lexical admission.",lexical_admission_review_pending
01.0539,mImf~,"[""01.0539"", ""meaning-5fa3d59b62c4""]",gatO,गतौ (gatau),gati,gatO,memImya,direct_movement,3.1.23_crooked_movement_candidate,"The source meaning itself denotes going, movement, motion, flight, swimming, or reaching; classify under 3.1.23 pending lexical admission.",lexical_admission_review_pending
01.0547,vaya~\,"[""01.0547"", ""meaning-5fa3d59b62c4""]",gatO,गतौ (gatau),gati,gatO,vAvayya,direct_movement,3.1.23_crooked_movement_candidate,"The source meaning itself denotes going, movement, motion, flight, swimming, or reaching; classify under 3.1.23 pending lexical admission.",lexical_admission_review_pending
01.0548,paya~\,"[""01.0548"", ""meaning-5fa3d59b62c4""]",gatO,गतौ (gatau),gati,gatO,pApayya,direct_movement,3.1.23_crooked_movement_candidate,"The source meaning itself denotes going, movement, motion, flight, swimming, or reaching; classify under 3.1.23 pending lexical admission.",lexical_admission_review_pending
01.0549,maya~\,"[""01.0549"", ""meaning-5fa3d59b62c4""]",gatO,गतौ (gatau),gati,gatO,mAmayya,direct_movement,3.1.23_crooked_movement_candidate,"The source meaning itself denotes going, movement, motion, flight, swimming, or reaching; classify under 3.1.23 pending lexical admission.",lexical_admission_review_pending
01.0550,caya~\,"[""01.0550"", ""meaning-5fa3d59b62c4""]",gatO,गतौ (gatau),gati,gatO,cAcayya,direct_movement,3.1.23_crooked_movement_candidate,"The source meaning itself denotes going, movement, motion, flight, swimming, or reaching; classify under 3.1.23 pending lexical admission.",lexical_admission_review_pending
01.0551,taya~\,"[""01.0551"", ""meaning-5fa3d59b62c4""]",gatO,गतौ (gatau),gati,gatO,tAtayya,direct_movement,3.1.23_crooked_movement_candidate,"The source meaning itself denotes going, movement, motion, flight, swimming, or reaching; classify under 3.1.23 pending lexical admission.",lexical_admission_review_pending
01.0552,Raya~\,"[""01.0552"", ""meaning-5fa3d59b62c4""]",gatO,गतौ (gatau),gati,gatO,nAnayya,direct_movement,3.1.23_crooked_movement_candidate,"The source meaning itself denotes going, movement, motion, flight, swimming, or reaching; classify under 3.1.23 pending lexical admission.",lexical_admission_review_pending
01.0553,daya~\,"[""01.0553"", ""meaning-5fa3d59b62c4""]",gatO,गतौ (gatau),gati,gatO,dAdayya,direct_movement,3.1.23_crooked_movement_candidate,"The source meaning itself denotes going, movement, motion, flight, swimming, or reaching; classify under 3.1.23 pending lexical admission.",lexical_admission_review_pending
01.0554,raya~\,"[""01.0554"", ""meaning-5fa3d59b62c4""]",gatO,गतौ (gatau),gati,gatO,rArayya,direct_movement,3.1.23_crooked_movement_candidate,"The source meaning itself denotes going, movement, motion, flight, swimming, or reaching; classify under 3.1.23 pending lexical admission.",lexical_admission_review_pending
01.0555,yaya~\,"[""01.0555"", ""meaning-5fa3d59b62c4""]",gatO,गतौ (gatau),gati,gatO,yAyayya,direct_movement,3.1.23_crooked_movement_candidate,"The source meaning itself denotes going, movement, motion, flight, swimming, or reaching; classify under 3.1.23 pending lexical admission.",lexical_admission_review_pending
01.0563,Sala~\,"[""01.0563"", ""meaning-ded5b8f0e366""]",calane,चलने (calane),movement,calan,SASalya,direct_movement,3.1.23_crooked_movement_candidate,"The source meaning itself denotes going, movement, motion, flight, swimming, or reaching; classify under 3.1.23 pending lexical admission.",lexical_admission_review_pending
01.0564,vala~\,"[""01.0564"", ""meaning-3bcbdeefa197""]",saYcaraRe,सञ्चरणे (sañcaraṇe),movement,caraR,vAvalya,direct_movement,3.1.23_crooked_movement_candidate,"The source meaning itself denotes going, movement, motion, flight, swimming, or reaching; classify under 3.1.23 pending lexical admission.",lexical_admission_review_pending
01.0565,valla~\,"[""01.0565"", ""meaning-3bcbdeefa197""]",saYcaraRe,सञ्चरणे (sañcaraṇe),movement,caraR,vAvallya,direct_movement,3.1.23_crooked_movement_candidate,"The source meaning itself denotes going, movement, motion, flight, swimming, or reaching; classify under 3.1.23 pending lexical admission.",lexical_admission_review_pending
01.0584,revf~\,"[""01.0584"", ""meaning-189a48161e35""]",plavagatO,प्लवगतौ (plavagatau),gati,gatO,rerevya,direct_movement,3.1.23_crooked_movement_candidate,"The source meaning itself denotes going, movement, motion, flight, swimming, or reaching; classify under 3.1.23 pending lexical admission.",lexical_admission_review_pending
01.0589,haya~,"[""01.0589"", ""meaning-5fa3d59b62c4""]",gatO,गतौ (gatau),gati,gatO,jAhayya,direct_movement,3.1.23_crooked_movement_candidate,"The source meaning itself denotes going, movement, motion, flight, swimming, or reaching; classify under 3.1.23 pending lexical admission.",lexical_admission_review_pending
01.0592,harya~,"[""01.0592"", ""meaning-5fa3d59b62c4""]",gatO,गतौ (gatau),gati,gatO,jAharya;jAharyya,direct_movement,3.1.23_crooked_movement_candidate,"The source meaning itself denotes going, movement, motion, flight, swimming, or reaching; classify under 3.1.23 pending lexical admission.",lexical_admission_review_pending
01.0612,tila~,"[""01.0612"", ""meaning-5fa3d59b62c4""]",gatO,गतौ (gatau),gati,gatO,tetilya,direct_movement,3.1.23_crooked_movement_candidate,"The source meaning itself denotes going, movement, motion, flight, swimming, or reaching; classify under 3.1.23 pending lexical admission.",lexical_admission_review_pending
01.0613,tilla~,"[""01.0613"", ""meaning-5fa3d59b62c4""]",gatO,गतौ (gatau),gati,gatO,tetillya,direct_movement,3.1.23_crooked_movement_candidate,"The source meaning itself denotes going, movement, motion, flight, swimming, or reaching; classify under 3.1.23 pending lexical admission.",lexical_admission_review_pending
01.0614,velf~,"[""01.0614"", ""meaning-ded5b8f0e366""]",calane,चलने (calane),movement,calan,vevelya,direct_movement,3.1.23_crooked_movement_candidate,"The source meaning itself denotes going, movement, motion, flight, swimming, or reaching; classify under 3.1.23 pending lexical admission.",lexical_admission_review_pending
01.0615,celf~,"[""01.0615"", ""meaning-ded5b8f0e366""]",calane,चलने (calane),movement,calan,cecelya,direct_movement,3.1.23_crooked_movement_candidate,"The source meaning itself denotes going, movement, motion, flight, swimming, or reaching; classify under 3.1.23 pending lexical admission.",lexical_admission_review_pending
01.0616,kelf~,"[""01.0616"", ""meaning-ded5b8f0e366""]",calane,चलने (calane),movement,calan,cekelya,direct_movement,3.1.23_crooked_movement_candidate,"The source meaning itself denotes going, movement, motion, flight, swimming, or reaching; classify under 3.1.23 pending lexical admission.",lexical_admission_review_pending
01.0617,Kelf~,"[""01.0617"", ""meaning-ded5b8f0e366""]",calane,चलने (calane),movement,calan,ceKelya,direct_movement,3.1.23_crooked_movement_candidate,"The source meaning itself denotes going, movement, motion, flight, swimming, or reaching; classify under 3.1.23 pending lexical admission.",lexical_admission_review_pending
01.0618,kzvelf~,"[""01.0618"", ""meaning-ded5b8f0e366""]",calane,चलने (calane),movement,calan,cekzvelya,direct_movement,3.1.23_crooked_movement_candidate,"The source meaning itself denotes going, movement, motion, flight, swimming, or reaching; classify under 3.1.23 pending lexical admission.",lexical_admission_review_pending
01.0619,vella~,"[""01.0619"", ""meaning-ded5b8f0e366""]",calane,चलने (calane),movement,calan,vevellya,direct_movement,3.1.23_crooked_movement_candidate,"The source meaning itself denotes going, movement, motion, flight, swimming, or reaching; classify under 3.1.23 pending lexical admission.",lexical_admission_review_pending
01.0620,cella~,"[""01.0620"", ""meaning-ded5b8f0e366""]",calane,चलने (calane),movement,calan,cecellya,direct_movement,3.1.23_crooked_movement_candidate,"The source meaning itself denotes going, movement, motion, flight, swimming, or reaching; classify under 3.1.23 pending lexical admission.",lexical_admission_review_pending
01.0621,pelf~,"[""01.0621"", ""meaning-5fa3d59b62c4""]",gatO,गतौ (gatau),gati,gatO,pepelya,direct_movement,3.1.23_crooked_movement_candidate,"The source meaning itself denotes going, movement, motion, flight, swimming, or reaching; classify under 3.1.23 pending lexical admission.",lexical_admission_review_pending
01.0622,Pelf~,"[""01.0622"", ""meaning-5fa3d59b62c4""]",gatO,गतौ (gatau),gati,gatO,pePelya,direct_movement,3.1.23_crooked_movement_candidate,"The source meaning itself denotes going, movement, motion, flight, swimming, or reaching; classify under 3.1.23 pending lexical admission.",lexical_admission_review_pending
01.0623,Self~,"[""01.0623"", ""meaning-5fa3d59b62c4""]",gatO,गतौ (gatau),gati,gatO,SeSelya,direct_movement,3.1.23_crooked_movement_candidate,"The source meaning itself denotes going, movement, motion, flight, swimming, or reaching; classify under 3.1.23 pending lexical admission.",lexical_admission_review_pending
01.0624,zelf~,"[""01.0624"", ""meaning-5fa3d59b62c4""]",gatO,गतौ (gatau),gati,gatO,sezelya,direct_movement,3.1.23_crooked_movement_candidate,"The source meaning itself denotes going, movement, motion, flight, swimming, or reaching; classify under 3.1.23 pending lexical admission.",lexical_admission_review_pending
01.0625,sKala~,"[""01.0625"", ""meaning-5154b8069dc7""]",saYcalane,सञ्चलने (sañcalane),movement,calan,cAsKalya,direct_movement,3.1.23_crooked_movement_candidate,"The source meaning itself denotes going, movement, motion, flight, swimming, or reaching; classify under 3.1.23 pending lexical admission.",lexical_admission_review_pending
01.0626,Kala~,"[""01.0626"", ""meaning-ded5b8f0e366""]",calane,चलने (calane),movement,calan,cAKalya,direct_movement,3.1.23_crooked_movement_candidate,"The source meaning itself denotes going, movement, motion, flight, swimming, or reaching; classify under 3.1.23 pending lexical admission.",lexical_admission_review_pending
01.0628,zala~,"[""01.0628"", ""meaning-5fa3d59b62c4""]",gatO,गतौ (gatau),gati,gatO,sAsalya,direct_movement,3.1.23_crooked_movement_candidate,"The source meaning itself denotes going, movement, motion, flight, swimming, or reaching; classify under 3.1.23 pending lexical admission.",lexical_admission_review_pending
01.0630,Svala~,"[""01.0630"", ""meaning-bfbc9bd67140""]",ASugamane,आशुगमने (āśugamane),gati,gaman,SASvalya,direct_movement,3.1.23_crooked_movement_candidate,"The source meaning itself denotes going, movement, motion, flight, swimming, or reaching; classify under 3.1.23 pending lexical admission.",lexical_admission_review_pending
01.0631,Svalla~,"[""01.0631"", ""meaning-bfbc9bd67140""]",ASugamane,आशुगमने (āśugamane),gati,gaman,SASvallya,direct_movement,3.1.23_crooked_movement_candidate,"The source meaning itself denotes going, movement, motion, flight, swimming, or reaching; classify under 3.1.23 pending lexical admission.",lexical_admission_review_pending
01.0635,tsara~,"[""01.0635"", ""meaning-c132c2d03f5e""]",CadmagatO,छद्मगतौ (chadmagatau),gati,gatO,tAtsarya,direct_movement,3.1.23_crooked_movement_candidate,"The source meaning itself denotes going, movement, motion, flight, swimming, or reaching; classify under 3.1.23 pending lexical admission.",lexical_admission_review_pending
01.0638,vaBra~,"[""01.0638"", ""meaning-5fa3d59b62c4""]",gatO,गतौ (gatau),gati,gatO,vAvaBrya,direct_movement,3.1.23_crooked_movement_candidate,"The source meaning itself denotes going, movement, motion, flight, swimming, or reaching; classify under 3.1.23 pending lexical admission.",lexical_admission_review_pending
01.0639,maBra~,"[""01.0639"", ""meaning-5fa3d59b62c4""]",gatO,गतौ (gatau),gati,gatO,mAmaBrya,direct_movement,3.1.23_crooked_movement_candidate,"The source meaning itself denotes going, movement, motion, flight, swimming, or reaching; classify under 3.1.23 pending lexical admission.",lexical_admission_review_pending
01.0679,rivi~,"[""01.0679"", ""meaning-5fa3d59b62c4""]",gatO,गतौ (gatau),gati,gatO,reriRvya,direct_movement,3.1.23_crooked_movement_candidate,"The source meaning itself denotes going, movement, motion, flight, swimming, or reaching; classify under 3.1.23 pending lexical admission.",lexical_admission_review_pending
01.0680,ravi~,"[""01.0680"", ""meaning-5fa3d59b62c4""]",gatO,गतौ (gatau),gati,gatO,rAraRvya,direct_movement,3.1.23_crooked_movement_candidate,"The source meaning itself denotes going, movement, motion, flight, swimming, or reaching; classify under 3.1.23 pending lexical admission.",lexical_admission_review_pending
01.0681,Davi~,"[""01.0681"", ""meaning-5fa3d59b62c4""]",gatO,गतौ (gatau),gati,gatO,dADanvya,direct_movement,3.1.23_crooked_movement_candidate,"The source meaning itself denotes going, movement, motion, flight, swimming, or reaching; classify under 3.1.23 pending lexical admission.",lexical_admission_review_pending
01.0682,kfvi~,"[""01.0682"", ""meaning-5fa3d59b62c4""]",gatO,गतौ (gatau),gati,gatO,carIkfRvya,direct_movement,3.1.23_crooked_movement_candidate,"The source meaning itself denotes going, movement, motion, flight, swimming, or reaching; classify under 3.1.23 pending lexical admission.",lexical_admission_review_pending
01.0685,DAvu~^,"[""01.0685"", ""meaning-5fa3d59b62c4""]",gatO,गतौ (gatau),gati,gatO,dADAvya,direct_movement,3.1.23_crooked_movement_candidate,"The source meaning itself denotes going, movement, motion, flight, swimming, or reaching; classify under 3.1.23 pending lexical admission.",lexical_admission_review_pending
01.0703,jezf~\,"[""01.0703"", ""meaning-5fa3d59b62c4""]",gatO,गतौ (gatau),gati,gatO,jejezya,direct_movement,3.1.23_crooked_movement_candidate,"The source meaning itself denotes going, movement, motion, flight, swimming, or reaching; classify under 3.1.23 pending lexical admission.",lexical_admission_review_pending
01.0704,Rezf~\,"[""01.0704"", ""meaning-5fa3d59b62c4""]",gatO,गतौ (gatau),gati,gatO,nenezya,direct_movement,3.1.23_crooked_movement_candidate,"The source meaning itself denotes going, movement, motion, flight, swimming, or reaching; classify under 3.1.23 pending lexical admission.",lexical_admission_review_pending
01.0706,prezf~\,"[""01.0706"", ""meaning-5fa3d59b62c4""]",gatO,गतौ (gatau),gati,gatO,peprezya,direct_movement,3.1.23_crooked_movement_candidate,"The source meaning itself denotes going, movement, motion, flight, swimming, or reaching; classify under 3.1.23 pending lexical admission.",lexical_admission_review_pending
01.0729,pliha~\,"[""01.0729"", ""meaning-5fa3d59b62c4""]",gatO,गतौ (gatau),gati,gatO,peplihya,direct_movement,3.1.23_crooked_movement_candidate,"The source meaning itself denotes going, movement, motion, flight, swimming, or reaching; classify under 3.1.23 pending lexical admission.",lexical_admission_review_pending
01.0731,jehf~\,"[""01.0731"", ""meaning-5fa3d59b62c4""]",gatO,गतौ (gatau),gati,gatO,jejehya,direct_movement,3.1.23_crooked_movement_candidate,"The source meaning itself denotes going, movement, motion, flight, swimming, or reaching; classify under 3.1.23 pending lexical admission.",lexical_admission_review_pending
01.0748,trakza~,"[""01.0748"", ""meaning-5fa3d59b62c4""]",gatO,गतौ (gatau),gati,gatO,tAtrakzya,direct_movement,3.1.23_crooked_movement_candidate,"The source meaning itself denotes going, movement, motion, flight, swimming, or reaching; classify under 3.1.23 pending lexical admission.",lexical_admission_review_pending
01.0749,zwrakza~,"[""01.0749"", ""meaning-5fa3d59b62c4""]",gatO,गतौ (gatau),gati,gatO,tAstrakzya,direct_movement,3.1.23_crooked_movement_candidate,"The source meaning itself denotes going, movement, motion, flight, swimming, or reaching; classify under 3.1.23 pending lexical admission.",lexical_admission_review_pending
01.0750,tfkza~,"[""01.0750"", ""meaning-5fa3d59b62c4""]",gatO,गतौ (gatau),gati,gatO,tarItfkzya,direct_movement,3.1.23_crooked_movement_candidate,"The source meaning itself denotes going, movement, motion, flight, swimming, or reaching; classify under 3.1.23 pending lexical admission.",lexical_admission_review_pending
01.0751,zwfkza~,"[""01.0751"", ""meaning-5fa3d59b62c4""]",gatO,गतौ (gatau),gati,gatO,tarIzwfkzya,direct_movement,3.1.23_crooked_movement_candidate,"The source meaning itself denotes going, movement, motion, flight, swimming, or reaching; classify under 3.1.23 pending lexical admission.",lexical_admission_review_pending
01.0752,Rakza~,"[""01.0752"", ""meaning-5fa3d59b62c4""]",gatO,गतौ (gatau),gati,gatO,nAnakzya,direct_movement,3.1.23_crooked_movement_candidate,"The source meaning itself denotes going, movement, motion, flight, swimming, or reaching; classify under 3.1.23 pending lexical admission.",lexical_admission_review_pending
01.0759,zalf~,"[""01.0759"", ""meaning-5fa3d59b62c4""]",gatO,गतौ (gatau),gati,gatO,sAsalya,direct_movement,3.1.23_crooked_movement_candidate,"The source meaning itself denotes going, movement, motion, flight, swimming, or reaching; classify under 3.1.23 pending lexical admission.",lexical_admission_review_pending
01.0816,pisf~,"[""01.0816"", ""meaning-5fa3d59b62c4""]",gatO,गतौ (gatau),gati,gatO,pepisya,direct_movement,3.1.23_crooked_movement_candidate,"The source meaning itself denotes going, movement, motion, flight, swimming, or reaching; classify under 3.1.23 pending lexical admission.",lexical_admission_review_pending
01.0817,pesf~,"[""01.0817"", ""meaning-5fa3d59b62c4""]",gatO,गतौ (gatau),gati,gatO,pepesya,direct_movement,3.1.23_crooked_movement_candidate,"The source meaning itself denotes going, movement, motion, flight, swimming, or reaching; classify under 3.1.23 pending lexical admission.",lexical_admission_review_pending
01.0818,visf~,"[""01.0818"", ""meaning-5fa3d59b62c4""]",gatO,गतौ (gatau),gati,gatO,vevisya,direct_movement,3.1.23_crooked_movement_candidate,"The source meaning itself denotes going, movement, motion, flight, swimming, or reaching; classify under 3.1.23 pending lexical admission.",lexical_admission_review_pending
01.0819,vesf~,"[""01.0819"", ""meaning-5fa3d59b62c4""]",gatO,गतौ (gatau),gati,gatO,vevesya,direct_movement,3.1.23_crooked_movement_candidate,"The source meaning itself denotes going, movement, motion, flight, swimming, or reaching; classify under 3.1.23 pending lexical admission.",lexical_admission_review_pending
01.0820,piSf~,"[""01.0820"", ""meaning-5fa3d59b62c4""]",gatO,गतौ (gatau),gati,gatO,pepiSya,direct_movement,3.1.23_crooked_movement_candidate,"The source meaning itself denotes going, movement, motion, flight, swimming, or reaching; classify under 3.1.23 pending lexical admission.",lexical_admission_review_pending
01.0821,peSf~,"[""01.0821"", ""meaning-5fa3d59b62c4""]",gatO,गतौ (gatau),gati,gatO,pepeSya,direct_movement,3.1.23_crooked_movement_candidate,"The source meaning itself denotes going, movement, motion, flight, swimming, or reaching; classify under 3.1.23 pending lexical admission.",lexical_admission_review_pending
01.0824,miSa~,"[""01.0824"", ""meaning-5fa3d59b62c4""]",gatO,गतौ (gatau),gati,gatO,memiSya,direct_movement,3.1.23_crooked_movement_candidate,"The source meaning itself denotes going, movement, motion, flight, swimming, or reaching; classify under 3.1.23 pending lexical admission.",lexical_admission_review_pending
01.0825,maSa~,"[""01.0825"", ""meaning-5fa3d59b62c4""]",gatO,गतौ (gatau),gati,gatO,mAmaSya,direct_movement,3.1.23_crooked_movement_candidate,"The source meaning itself denotes going, movement, motion, flight, swimming, or reaching; classify under 3.1.23 pending lexical admission.",lexical_admission_review_pending
01.0826,Sava~,"[""01.0826"", ""meaning-5fa3d59b62c4""]",gatO,गतौ (gatau),gati,gatO,SASavya,direct_movement,3.1.23_crooked_movement_candidate,"The source meaning itself denotes going, movement, motion, flight, swimming, or reaching; classify under 3.1.23 pending lexical admission.",lexical_admission_review_pending
01.0827,SaSa~,"[""01.0827"", ""meaning-6374c7c6adbe""]",plutagatO,प्लुतगतौ (plutagatau),gati,gatO,SASaSya,direct_movement,3.1.23_crooked_movement_candidate,"The source meaning itself denotes going, movement, motion, flight, swimming, or reaching; classify under 3.1.23 pending lexical admission.",lexical_admission_review_pending
01.0833,rahi~,"[""01.0833"", ""meaning-5fa3d59b62c4""]",gatO,गतौ (gatau),gati,gatO,rAraMhya,direct_movement,3.1.23_crooked_movement_candidate,"The source meaning itself denotes going, movement, motion, flight, swimming, or reaching; classify under 3.1.23 pending lexical admission.",lexical_admission_review_pending
01.0854,kzuBa~\,"[""01.0854"", ""meaning-5154b8069dc7""]",saYcalane,सञ्चलने (sañcalane),movement,calan,cokzuBya,direct_movement,3.1.23_crooked_movement_candidate,"The source meaning itself denotes going, movement, motion, flight, swimming, or reaching; classify under 3.1.23 pending lexical admission.",lexical_admission_review_pending
01.0858,Dvansu~\,"[""01.0858"", ""meaning-5fa3d59b62c4""]",gatO,गतौ (gatau),gati,gatO,danIDvasya,direct_movement,3.1.23_crooked_movement_candidate,"The source meaning itself denotes going, movement, motion, flight, swimming, or reaching; classify under 3.1.23 pending lexical admission.",lexical_admission_review_pending
01.0868,vyaTa~\,"[""01.0868"", ""meaning-5154b8069dc7""]",saYcalane,सञ्चलने (sañcalane),movement,calan,vAvyaTya,direct_movement,3.1.23_crooked_movement_candidate,"The source meaning itself denotes going, movement, motion, flight, swimming, or reaching; classify under 3.1.23 pending lexical admission.",lexical_admission_review_pending
01.0873,kzaji~\,"[""01.0873"", ""meaning-5fa3d59b62c4""]",gatO,गतौ (gatau),gati,gatO,cAkzaYjya,direct_movement,3.1.23_crooked_movement_candidate,"The source meaning itself denotes going, movement, motion, flight, swimming, or reaching; classify under 3.1.23 pending lexical admission.",lexical_admission_review_pending
01.0874,dakza~\,"[""01.0874"", ""meaning-5fa3d59b62c4""]",gatO,गतौ (gatau),gati,gatO,dAdakzya,direct_movement,3.1.23_crooked_movement_candidate,"The source meaning itself denotes going, movement, motion, flight, swimming, or reaching; classify under 3.1.23 pending lexical admission.",lexical_admission_review_pending
01.0875,kfpa~\,"[""01.0875"", ""meaning-5fa3d59b62c4""]",gatO,गतौ (gatau),gati,gatO,calIkxpya,direct_movement,3.1.23_crooked_movement_candidate,"The source meaning itself denotes going, movement, motion, flight, swimming, or reaching; classify under 3.1.23 pending lexical admission.",lexical_admission_review_pending
01.0876,krapa~\,"[""01.0876"", ""meaning-5fa3d59b62c4""]",gatO,गतौ (gatau),gati,gatO,cAkrapya,direct_movement,3.1.23_crooked_movement_candidate,"The source meaning itself denotes going, movement, motion, flight, swimming, or reaching; classify under 3.1.23 pending lexical admission.",lexical_admission_review_pending
01.0890,Rawa~,"[""01.0890"", ""meaning-5fa3d59b62c4""]",gatO,गतौ (gatau),gati,gatO,nAnawya,direct_movement,3.1.23_crooked_movement_candidate,"The source meaning itself denotes going, movement, motion, flight, swimming, or reaching; classify under 3.1.23 pending lexical admission.",lexical_admission_review_pending
01.0903,kaRa~,"[""01.0903"", ""meaning-5fa3d59b62c4""]",gatO,गतौ (gatau),gati,gatO,caMkaRya;caNkaRya,direct_movement,3.1.23_crooked_movement_candidate,"The source meaning itself denotes going, movement, motion, flight, swimming, or reaching; classify under 3.1.23 pending lexical admission.",lexical_admission_review_pending
01.0904,raRa~,"[""01.0904"", ""meaning-5fa3d59b62c4""]",gatO,गतौ (gatau),gati,gatO,raMraRya,direct_movement,3.1.23_crooked_movement_candidate,"The source meaning itself denotes going, movement, motion, flight, swimming, or reaching; classify under 3.1.23 pending lexical admission.",lexical_admission_review_pending
01.0905,caRa~,"[""01.0905"", ""meaning-5fa3d59b62c4""]",gatO,गतौ (gatau),gati,gatO,caMcaRya;caYcaRya,direct_movement,3.1.23_crooked_movement_candidate,"The source meaning itself denotes going, movement, motion, flight, swimming, or reaching; classify under 3.1.23 pending lexical admission.",lexical_admission_review_pending
01.0906,SaRa~,"[""01.0906"", ""meaning-5fa3d59b62c4""]",gatO,गतौ (gatau),gati,gatO,SaMSaRya,direct_movement,3.1.23_crooked_movement_candidate,"The source meaning itself denotes going, movement, motion, flight, swimming, or reaching; classify under 3.1.23 pending lexical admission.",lexical_admission_review_pending
01.0907,SraRa~,"[""01.0907"", ""meaning-5fa3d59b62c4""]",gatO,गतौ (gatau),gati,gatO,SaMSraRya,direct_movement,3.1.23_crooked_movement_candidate,"The source meaning itself denotes going, movement, motion, flight, swimming, or reaching; classify under 3.1.23 pending lexical admission.",lexical_admission_review_pending
01.0917,hvala~,"[""01.0917"", ""meaning-ded5b8f0e366""]",calane,चलने (calane),movement,calan,jAhvalya,direct_movement,3.1.23_crooked_movement_candidate,"The source meaning itself denotes going, movement, motion, flight, swimming, or reaching; classify under 3.1.23 pending lexical admission.",lexical_admission_review_pending
01.0918,hmala~,"[""01.0918"", ""meaning-ded5b8f0e366""]",calane,चलने (calane),movement,calan,jAhmalya,direct_movement,3.1.23_crooked_movement_candidate,"The source meaning itself denotes going, movement, motion, flight, swimming, or reaching; classify under 3.1.23 pending lexical admission.",lexical_admission_review_pending
01.0955,PaRa~,"[""01.0955"", ""meaning-5fa3d59b62c4""]",gatO,गतौ (gatau),gati,gatO,paMPaRya;pamPaRya,direct_movement,3.1.23_crooked_movement_candidate,"The source meaning itself denotes going, movement, motion, flight, swimming, or reaching; classify under 3.1.23 pending lexical admission.",lexical_admission_review_pending
01.0973,pala~,"[""01.0973"", ""meaning-5fa3d59b62c4""]",gatO,गतौ (gatau),gati,gatO,pApalya,direct_movement,3.1.23_crooked_movement_candidate,"The source meaning itself denotes going, movement, motion, flight, swimming, or reaching; classify under 3.1.23 pending lexical admission.",lexical_admission_review_pending
01.0977,Sala~,"[""01.0977"", ""meaning-5fa3d59b62c4""]",gatO,गतौ (gatau),gati,gatO,SASalya,direct_movement,3.1.23_crooked_movement_candidate,"The source meaning itself denotes going, movement, motion, flight, swimming, or reaching; classify under 3.1.23 pending lexical admission.",lexical_admission_review_pending
01.0978,hula~,"[""01.0978"", ""meaning-5fa3d59b62c4""]",gatO,गतौ (gatau),gati,gatO,johulya,direct_movement,3.1.23_crooked_movement_candidate,"The source meaning itself denotes going, movement, motion, flight, swimming, or reaching; classify under 3.1.23 pending lexical admission.",lexical_admission_review_pending
01.0979,patx~,"[""01.0979"", ""meaning-5fa3d59b62c4""]",gatO,गतौ (gatau),gati,gatO,panIpatya,direct_movement,3.1.23_crooked_movement_candidate,"The source meaning itself denotes going, movement, motion, flight, swimming, or reaching; classify under 3.1.23 pending lexical admission.",lexical_admission_review_pending
01.0980,kzala~,"[""01.0980"", ""meaning-5154b8069dc7""]",saYcalane,सञ्चलने (sañcalane),movement,calan,cAkzalya,direct_movement,3.1.23_crooked_movement_candidate,"The source meaning itself denotes going, movement, motion, flight, swimming, or reaching; classify under 3.1.23 pending lexical admission.",lexical_admission_review_pending
01.0982,paTe~,"[""01.0982"", ""meaning-5fa3d59b62c4""]",gatO,गतौ (gatau),gati,gatO,pApaTya,direct_movement,3.1.23_crooked_movement_candidate,"The source meaning itself denotes going, movement, motion, flight, swimming, or reaching; classify under 3.1.23 pending lexical admission.",lexical_admission_review_pending
01.0985,Bramu~,"[""01.0985"", ""meaning-ded5b8f0e366""]",calane,चलने (calane),movement,calan,baMBramya;bamBramya,direct_movement,3.1.23_crooked_movement_candidate,"The source meaning itself denotes going, movement, motion, flight, swimming, or reaching; classify under 3.1.23 pending lexical admission.",lexical_admission_review_pending
01.0986,kzara~,"[""01.0986"", ""meaning-5154b8069dc7""]",saYcalane,सञ्चलने (sañcalane),movement,calan,cAkzarya,direct_movement,3.1.23_crooked_movement_candidate,"The source meaning itself denotes going, movement, motion, flight, swimming, or reaching; classify under 3.1.23 pending lexical admission.",lexical_admission_review_pending
01.0996,kasa~,"[""01.0996"", ""meaning-5fa3d59b62c4""]",gatO,गतौ (gatau),gati,gatO,canIkasya,direct_movement,3.1.23_crooked_movement_candidate,"The source meaning itself denotes going, movement, motion, flight, swimming, or reaching; classify under 3.1.23 pending lexical admission.",lexical_admission_review_pending
01.1018,veRf~^,"[""01.1018"", ""meaning-5fa3d59b62c4""]",gatO,गतौ (gatau),gati,gatO,veveRya,direct_movement,3.1.23_crooked_movement_candidate,"The source meaning itself denotes going, movement, motion, flight, swimming, or reaching; classify under 3.1.23 pending lexical admission.",lexical_admission_review_pending
01.1019,venf~^,"[""01.1019"", ""meaning-5fa3d59b62c4""]",gatO,गतौ (gatau),gati,gatO,vevenya,direct_movement,3.1.23_crooked_movement_candidate,"The source meaning itself denotes going, movement, motion, flight, swimming, or reaching; classify under 3.1.23 pending lexical admission.",lexical_admission_review_pending
01.1024,vyaya~^,"[""01.1024"", ""meaning-5fa3d59b62c4""]",gatO,गतौ (gatau),gati,gatO,vAvyayya,direct_movement,3.1.23_crooked_movement_candidate,"The source meaning itself denotes going, movement, motion, flight, swimming, or reaching; classify under 3.1.23 pending lexical admission.",lexical_admission_review_pending
01.1027,Brezf~^,"[""01.1027"", ""meaning-5fa3d59b62c4""]",gatO,गतौ (gatau),gati,gatO,beBrezya,direct_movement,3.1.23_crooked_movement_candidate,"The source meaning itself denotes going, movement, motion, flight, swimming, or reaching; classify under 3.1.23 pending lexical admission.",lexical_admission_review_pending
01.1028,Blezf~^,"[""01.1028"", ""meaning-5fa3d59b62c4""]",gatO,गतौ (gatau),gati,gatO,beBlezya,direct_movement,3.1.23_crooked_movement_candidate,"The source meaning itself denotes going, movement, motion, flight, swimming, or reaching; classify under 3.1.23 pending lexical admission.",lexical_admission_review_pending
01.1031,aya~^,"[""01.1031"", ""meaning-3f5211d7ba81""]",gatO,उपरमे (uparame),gati,gatO,yaMyamya,direct_movement,3.1.23_crooked_movement_candidate,"The source meaning itself denotes going, movement, motion, flight, swimming, or reaching; classify under 3.1.23 pending lexical admission.",lexical_admission_review_pending
01.1049,RI\Y,"[""01.1049"", ""meaning-f532c8290972""]",prApaRe,प्रापणे (prāpaṇe),reaching,prApaR,nenIya,direct_movement,3.1.23_crooked_movement_candidate,"The source meaning itself denotes going, movement, motion, flight, swimming, or reaching; classify under 3.1.23 pending lexical admission.",lexical_admission_review_pending
01.1085,sf\,"[""01.1085"", ""meaning-5fa3d59b62c4""]",gatO,गतौ (gatau),gati,gatO,sesrIya,direct_movement,3.1.23_crooked_movement_candidate,"The source meaning itself denotes going, movement, motion, flight, swimming, or reaching; classify under 3.1.23 pending lexical admission.",lexical_admission_review_pending
01.1086,f\,"[""01.1086"", ""meaning-5fa3d59b62c4""]",gatO,गतौ (gatau),gati,gatO,arArya,direct_movement,3.1.23_crooked_movement_candidate,"The source meaning itself denotes going, movement, motion, flight, swimming, or reaching; classify under 3.1.23 pending lexical admission.",lexical_admission_review_pending
01.1086,f\,"[""01.1086"", ""meaning-f532c8290972""]",prApaRe,प्रापणे (prāpaṇe),reaching,prApaR,arArya,direct_movement,3.1.23_crooked_movement_candidate,"The source meaning itself denotes going, movement, motion, flight, swimming, or reaching; classify under 3.1.23 pending lexical admission.",lexical_admission_review_pending
01.1090,sru\,"[""01.1090"", ""meaning-5fa3d59b62c4""]",gatO,गतौ (gatau),gati,gatO,sosrUya,direct_movement,3.1.23_crooked_movement_candidate,"The source meaning itself denotes going, movement, motion, flight, swimming, or reaching; classify under 3.1.23 pending lexical admission.",lexical_admission_review_pending
01.1094,du\,"[""01.1094"", ""meaning-5fa3d59b62c4""]",gatO,गतौ (gatau),gati,gatO,dodUya,direct_movement,3.1.23_crooked_movement_candidate,"The source meaning itself denotes going, movement, motion, flight, swimming, or reaching; classify under 3.1.23 pending lexical admission.",lexical_admission_review_pending
01.1095,dru\,"[""01.1095"", ""meaning-5fa3d59b62c4""]",gatO,गतौ (gatau),gati,gatO,dodrUya,direct_movement,3.1.23_crooked_movement_candidate,"The source meaning itself denotes going, movement, motion, flight, swimming, or reaching; classify under 3.1.23 pending lexical admission.",lexical_admission_review_pending
01.1098,jf\,"[""01.1098"", ""meaning-5fa3d59b62c4""]",gatO,गतौ (gatau),gati,gatO,jejrIya,direct_movement,3.1.23_crooked_movement_candidate,"The source meaning itself denotes going, movement, motion, flight, swimming, or reaching; classify under 3.1.23 pending lexical admission.",lexical_admission_review_pending
01.1101,gA\N,"[""01.1101"", ""meaning-5fa3d59b62c4""]",gatO,गतौ (gatau),gati,gatO,jegIya,direct_movement,3.1.23_crooked_movement_candidate,"The source meaning itself denotes going, movement, motion, flight, swimming, or reaching; classify under 3.1.23 pending lexical admission.",lexical_admission_review_pending
01.1108,cyu\N,"[""01.1108"", ""meaning-5fa3d59b62c4""]",gatO,गतौ (gatau),gati,gatO,cocyUya,direct_movement,3.1.23_crooked_movement_candidate,"The source meaning itself denotes going, movement, motion, flight, swimming, or reaching; classify under 3.1.23 pending lexical admission.",lexical_admission_review_pending
01.1109,jyu\N,"[""01.1109"", ""meaning-5fa3d59b62c4""]",gatO,गतौ (gatau),gati,gatO,jojyUya,direct_movement,3.1.23_crooked_movement_candidate,"The source meaning itself denotes going, movement, motion, flight, swimming, or reaching; classify under 3.1.23 pending lexical admission.",lexical_admission_review_pending
01.1110,Cyu\N,"[""01.1110"", ""meaning-5fa3d59b62c4""]",gatO,गतौ (gatau),gati,gatO,cocCyUya,direct_movement,3.1.23_crooked_movement_candidate,"The source meaning itself denotes going, movement, motion, flight, swimming, or reaching; classify under 3.1.23 pending lexical admission.",lexical_admission_review_pending
01.1111,pru\N,"[""01.1111"", ""meaning-5fa3d59b62c4""]",gatO,गतौ (gatau),gati,gatO,poprUya,direct_movement,3.1.23_crooked_movement_candidate,"The source meaning itself denotes going, movement, motion, flight, swimming, or reaching; classify under 3.1.23 pending lexical admission.",lexical_admission_review_pending
01.1112,plu\N,"[""01.1112"", ""meaning-5fa3d59b62c4""]",gatO,गतौ (gatau),gati,gatO,poplUya,direct_movement,3.1.23_crooked_movement_candidate,"The source meaning itself denotes going, movement, motion, flight, swimming, or reaching; classify under 3.1.23 pending lexical admission.",lexical_admission_review_pending
01.1113,klu\N,"[""01.1113"", ""meaning-5fa3d59b62c4""]",gatO,गतौ (gatau),gati,gatO,coklUya,direct_movement,3.1.23_crooked_movement_candidate,"The source meaning itself denotes going, movement, motion, flight, swimming, or reaching; classify under 3.1.23 pending lexical admission.",lexical_admission_review_pending
01.1114,ru\N,"[""01.1114"", ""meaning-5fa3d59b62c4""]",gatO,गतौ (gatau),gati,gatO,rorUya,direct_movement,3.1.23_crooked_movement_candidate,"The source meaning itself denotes going, movement, motion, flight, swimming, or reaching; classify under 3.1.23 pending lexical admission.",lexical_admission_review_pending
01.1118,SyE\N,"[""01.1118"", ""meaning-5fa3d59b62c4""]",gatO,गतौ (gatau),gati,gatO,SASyAya,direct_movement,3.1.23_crooked_movement_candidate,"The source meaning itself denotes going, movement, motion, flight, swimming, or reaching; classify under 3.1.23 pending lexical admission.",lexical_admission_review_pending
01.1123,qIN,"[""01.1123"", ""meaning-463e8ff3542d""]",vihAyasA gatO,विहायसा गतौ (vihāyasā gatau),gati,gatO,qeqIya,direct_movement,3.1.23_crooked_movement_candidate,"The source meaning itself denotes going, movement, motion, flight, swimming, or reaching; classify under 3.1.23 pending lexical admission.",lexical_admission_review_pending
01.1124,tF,"[""01.1124"", ""meaning-b37fa0209ba9""]",plavane,प्लवने (plavane),flying/falling,plavan,tetIrya,direct_movement,3.1.23_crooked_movement_candidate,"The source meaning itself denotes going, movement, motion, flight, swimming, or reaching; classify under 3.1.23 pending lexical admission.",lexical_admission_review_pending
01.1134,ska\ndi~r,"[""01.1134"", ""meaning-5fa3d59b62c4""]",gatO,गतौ (gatau),gati,gatO,canIskadya,direct_movement,3.1.23_crooked_movement_candidate,"The source meaning itself denotes going, movement, motion, flight, swimming, or reaching; classify under 3.1.23 pending lexical admission.",lexical_admission_review_pending
01.1137,ga\mx~,"[""01.1137"", ""meaning-5fa3d59b62c4""]",gatO,गतौ (gatau),gati,gatO,jaMgamya;jaNgamya,direct_movement,3.1.23_crooked_movement_candidate,"The source meaning itself denotes going, movement, motion, flight, swimming, or reaching; classify under 3.1.23 pending lexical admission.",lexical_admission_review_pending
01.1138,sf\px~,"[""01.1138"", ""meaning-5fa3d59b62c4""]",gatO,गतौ (gatau),gati,gatO,sarIsfpya,direct_movement,3.1.23_crooked_movement_candidate,"The source meaning itself denotes going, movement, motion, flight, swimming, or reaching; classify under 3.1.23 pending lexical admission.",lexical_admission_review_pending
01.1159,va\ha~^,"[""01.1159"", ""meaning-f532c8290972""]",prApaRe,प्रापणे (prāpaṇe),reaching,prApaR,vAvahya,direct_movement,3.1.23_crooked_movement_candidate,"The source meaning itself denotes going, movement, motion, flight, swimming, or reaching; classify under 3.1.23 pending lexical admission.",lexical_admission_review_pending
01.1165,wuo~Svi,"[""01.1165"", ""meaning-5fa3d59b62c4""]",gatO,गतौ (gatau),gati,gatO,SeSvIya;SoSUya,direct_movement,3.1.23_crooked_movement_candidate,"The source meaning itself denotes going, movement, motion, flight, swimming, or reaching; classify under 3.1.23 pending lexical admission.",lexical_admission_review_pending
02.0002,ha\na~,"[""02.0002"", ""meaning-5fa3d59b62c4""]",gatO,गतौ (gatau),gati,gatO,jaMGanya;jaNGanya;jeGnIya,direct_movement,3.1.23_crooked_movement_candidate,"The source meaning itself denotes going, movement, motion, flight, swimming, or reaching; classify under 3.1.23 pending lexical admission.",lexical_admission_review_pending
02.0014,kasi~\,"[""02.0014"", ""meaning-5fa3d59b62c4""]",gatO,गतौ (gatau),gati,gatO,cAkaMsya,direct_movement,3.1.23_crooked_movement_candidate,"The source meaning itself denotes going, movement, motion, flight, swimming, or reaching; classify under 3.1.23 pending lexical admission.",lexical_admission_review_pending
02.0015,kasa~\,"[""02.0015"", ""meaning-5fa3d59b62c4""]",gatO,गतौ (gatau),gati,gatO,cAkasya,direct_movement,3.1.23_crooked_movement_candidate,"The source meaning itself denotes going, movement, motion, flight, swimming, or reaching; classify under 3.1.23 pending lexical admission.",lexical_admission_review_pending
02.0016,kaSa~\,"[""02.0016"", ""meaning-5fa3d59b62c4""]",gatO,गतौ (gatau),gati,gatO,cAkaSya,direct_movement,3.1.23_crooked_movement_candidate,"The source meaning itself denotes going, movement, motion, flight, swimming, or reaching; classify under 3.1.23 pending lexical admission.",lexical_admission_review_pending
02.0029,tu\,"[""02.0029"", ""meaning-5fa3d59b62c4""]",gatO,गतौ (gatau),gati,gatO,totUya,direct_movement,3.1.23_crooked_movement_candidate,"The source meaning itself denotes going, movement, motion, flight, swimming, or reaching; classify under 3.1.23 pending lexical admission.",lexical_admission_review_pending
02.0035,dyu\,"[""02.0035"", ""meaning-c8b6c5dece78""]",aBigamane,अभिगमने (abhigamane),gati,gaman,dodyUya,direct_movement,3.1.23_crooked_movement_candidate,"The source meaning itself denotes going, movement, motion, flight, swimming, or reaching; classify under 3.1.23 pending lexical admission.",lexical_admission_review_pending
02.0043,vI\,"[""02.0043"", ""meaning-5fa3d59b62c4""]",gatO,गतौ (gatau),gati,gatO,vevIya,direct_movement,3.1.23_crooked_movement_candidate,"The source meaning itself denotes going, movement, motion, flight, swimming, or reaching; classify under 3.1.23 pending lexical admission.",lexical_admission_review_pending
02.0044,yA\,"[""02.0044"", ""meaning-f532c8290972""]",prApaRe,प्रापणे (prāpaṇe),reaching,prApaR,yAyAya,direct_movement,3.1.23_crooked_movement_candidate,"The source meaning itself denotes going, movement, motion, flight, swimming, or reaching; classify under 3.1.23 pending lexical admission.",lexical_admission_review_pending
02.0045,vA\,"[""02.0045"", ""meaning-5fa3d59b62c4""]",gatO,गतौ (gatau),gati,gatO,vAvAya,direct_movement,3.1.23_crooked_movement_candidate,"The source meaning itself denotes going, movement, motion, flight, swimming, or reaching; classify under 3.1.23 pending lexical admission.",lexical_admission_review_pending
02.0049,drA\,"[""02.0049"", ""meaning-3a02148e044f""]",kutsite gamane,कुत्सिते गमने (kutsite gamane),gati,gaman,dAdrAya,direct_movement,3.1.23_crooked_movement_candidate,"The source meaning itself denotes going, movement, motion, flight, swimming, or reaching; classify under 3.1.23 pending lexical admission.",lexical_admission_review_pending
03.0008,o~hA\N,"[""03.0008"", ""meaning-5fa3d59b62c4""]",gatO,गतौ (gatau),gati,gatO,jAhAya,direct_movement,3.1.23_crooked_movement_candidate,"The source meaning itself denotes going, movement, motion, flight, swimming, or reaching; classify under 3.1.23 pending lexical admission.",lexical_admission_review_pending
04.0001,divu~,"[""04.0001"", ""meaning-5fa3d59b62c4""]",gatO,गतौ (gatau),gati,gatO,dedIvya,direct_movement,3.1.23_crooked_movement_candidate,"The source meaning itself denotes going, movement, motion, flight, swimming, or reaching; classify under 3.1.23 pending lexical admission.",lexical_admission_review_pending
04.0003,srivu~,"[""04.0003"", ""meaning-5fa3d59b62c4""]",gatO,गतौ (gatau),gati,gatO,sesrIvya,direct_movement,3.1.23_crooked_movement_candidate,"The source meaning itself denotes going, movement, motion, flight, swimming, or reaching; classify under 3.1.23 pending lexical admission.",lexical_admission_review_pending
04.0048,DUrI~\,"[""04.0048"", ""meaning-5fa3d59b62c4""]",gatO,गतौ (gatau),gati,gatO,doDUrya,direct_movement,3.1.23_crooked_movement_candidate,"The source meaning itself denotes going, movement, motion, flight, swimming, or reaching; classify under 3.1.23 pending lexical admission.",lexical_admission_review_pending
04.0049,gUrI~\,"[""04.0049"", ""meaning-5fa3d59b62c4""]",gatO,गतौ (gatau),gati,gatO,jogUrya,direct_movement,3.1.23_crooked_movement_candidate,"The source meaning itself denotes going, movement, motion, flight, swimming, or reaching; classify under 3.1.23 pending lexical admission.",lexical_admission_review_pending
04.0065,pa\da~\,"[""04.0065"", ""meaning-5fa3d59b62c4""]",gatO,गतौ (gatau),gati,gatO,panIpadya,direct_movement,3.1.23_crooked_movement_candidate,"The source meaning itself denotes going, movement, motion, flight, swimming, or reaching; classify under 3.1.23 pending lexical admission.",lexical_admission_review_pending
04.0154,kzuBa~,"[""04.0154"", ""meaning-5154b8069dc7""]",saYcalane,सञ्चलने (sañcalane),movement,calan,cokzuBya,direct_movement,3.1.23_crooked_movement_candidate,"The source meaning itself denotes going, movement, motion, flight, swimming, or reaching; classify under 3.1.23 pending lexical admission.",lexical_admission_review_pending
05.0012,hi\,"[""05.0012"", ""meaning-5fa3d59b62c4""]",gatO,गतौ (gatau),gati,gatO,jeGIya,direct_movement,3.1.23_crooked_movement_candidate,"The source meaning itself denotes going, movement, motion, flight, swimming, or reaching; classify under 3.1.23 pending lexical admission.",lexical_admission_review_pending
05.0022,tika~,"[""05.0022"", ""meaning-5fa3d59b62c4""]",gatO,गतौ (gatau),gati,gatO,tetikya,direct_movement,3.1.23_crooked_movement_candidate,"The source meaning itself denotes going, movement, motion, flight, swimming, or reaching; classify under 3.1.23 pending lexical admission.",lexical_admission_review_pending
05.0023,tiga~,"[""05.0023"", ""meaning-5fa3d59b62c4""]",gatO,गतौ (gatau),gati,gatO,tetigya,direct_movement,3.1.23_crooked_movement_candidate,"The source meaning itself denotes going, movement, motion, flight, swimming, or reaching; classify under 3.1.23 pending lexical admission.",lexical_admission_review_pending
06.0009,o~vijI~\,"[""06.0009"", ""meaning-ded5b8f0e366""]",calane,चलने (calane),movement,calan,vevijya,direct_movement,3.1.23_crooked_movement_candidate,"The source meaning itself denotes going, movement, motion, flight, swimming, or reaching; classify under 3.1.23 pending lexical admission.",lexical_admission_review_pending
06.0051,juqa~,"[""06.0051"", ""meaning-5fa3d59b62c4""]",gatO,गतौ (gatau),gati,gatO,jojuqya,direct_movement,3.1.23_crooked_movement_candidate,"The source meaning itself denotes going, movement, motion, flight, swimming, or reaching; classify under 3.1.23 pending lexical admission.",lexical_admission_review_pending
06.0052,juna~,"[""06.0052"", ""meaning-5fa3d59b62c4""]",gatO,गतौ (gatau),gati,gatO,jojunya,direct_movement,3.1.23_crooked_movement_candidate,"The source meaning itself denotes going, movement, motion, flight, swimming, or reaching; classify under 3.1.23 pending lexical admission.",lexical_admission_review_pending
06.0062,Suna~,"[""06.0062"", ""meaning-5fa3d59b62c4""]",gatO,गतौ (gatau),gati,gatO,SoSunya,direct_movement,3.1.23_crooked_movement_candidate,"The source meaning itself denotes going, movement, motion, flight, swimming, or reaching; classify under 3.1.23 pending lexical admission.",lexical_admission_review_pending
06.0063,druRa~,"[""06.0063"", ""meaning-5fa3d59b62c4""]",gatO,गतौ (gatau),gati,gatO,dodruRya,direct_movement,3.1.23_crooked_movement_candidate,"The source meaning itself denotes going, movement, motion, flight, swimming, or reaching; classify under 3.1.23 pending lexical admission.",lexical_admission_review_pending
06.0072,pura~,"[""06.0072"", ""meaning-a2629bdadebe""]",agragamane,अग्रगमने (agragamane),gati,gaman,popUrya,direct_movement,3.1.23_crooked_movement_candidate,"The source meaning itself denotes going, movement, motion, flight, swimming, or reaching; classify under 3.1.23 pending lexical admission.",lexical_admission_review_pending
06.0121,sPura~,"[""06.0121"", ""meaning-5154b8069dc7""]",saYcalane,सञ्चलने (sañcalane),movement,calan,posPUrya,direct_movement,3.1.23_crooked_movement_candidate,"The source meaning itself denotes going, movement, motion, flight, swimming, or reaching; classify under 3.1.23 pending lexical admission.",lexical_admission_review_pending
06.0122,sPula~,"[""06.0122"", ""meaning-5154b8069dc7""]",saYcalane,सञ्चलने (sañcalane),movement,calan,posPulya,direct_movement,3.1.23_crooked_movement_candidate,"The source meaning itself denotes going, movement, motion, flight, swimming, or reaching; classify under 3.1.23 pending lexical admission.",lexical_admission_review_pending
06.0123,sPara~,"[""06.0123"", ""meaning-5154b8069dc7""]",saYcalane,सञ्चलने (sañcalane),movement,calan,pAsParya,direct_movement,3.1.23_crooked_movement_candidate,"The source meaning itself denotes going, movement, motion, flight, swimming, or reaching; classify under 3.1.23 pending lexical admission.",lexical_admission_review_pending
06.0124,sPala~,"[""06.0124"", ""meaning-5154b8069dc7""]",saYcalane,सञ्चलने (sañcalane),movement,calan,pAsPalya,direct_movement,3.1.23_crooked_movement_candidate,"The source meaning itself denotes going, movement, motion, flight, swimming, or reaching; classify under 3.1.23 pending lexical admission.",lexical_admission_review_pending
06.0135,Dru\,"[""06.0135"", ""meaning-5fa3d59b62c4""]",gatO,गतौ (gatau),gati,gatO,doDrUya,direct_movement,3.1.23_crooked_movement_candidate,"The source meaning itself denotes going, movement, motion, flight, swimming, or reaching; classify under 3.1.23 pending lexical admission.",lexical_admission_review_pending
06.0140,ri\,"[""06.0140"", ""meaning-5fa3d59b62c4""]",gatO,गतौ (gatau),gati,gatO,rerIya,direct_movement,3.1.23_crooked_movement_candidate,"The source meaning itself denotes going, movement, motion, flight, swimming, or reaching; classify under 3.1.23 pending lexical admission.",lexical_admission_review_pending
06.0141,pi\,"[""06.0141"", ""meaning-5fa3d59b62c4""]",gatO,गतौ (gatau),gati,gatO,pepIya,direct_movement,3.1.23_crooked_movement_candidate,"The source meaning itself denotes going, movement, motion, flight, swimming, or reaching; classify under 3.1.23 pending lexical admission.",lexical_admission_review_pending
06.0143,kzi\,"[""06.0143"", ""meaning-5fa3d59b62c4""]",gatO,गतौ (gatau),gati,gatO,cekzIya,direct_movement,3.1.23_crooked_movement_candidate,"The source meaning itself denotes going, movement, motion, flight, swimming, or reaching; classify under 3.1.23 pending lexical admission.",lexical_admission_review_pending
06.0157,li\Sa~,"[""06.0157"", ""meaning-5fa3d59b62c4""]",gatO,गतौ (gatau),gati,gatO,leliSya,direct_movement,3.1.23_crooked_movement_candidate,"The source meaning itself denotes going, movement, motion, flight, swimming, or reaching; classify under 3.1.23 pending lexical admission.",lexical_admission_review_pending
06.0174,Pula~,"[""06.0174"", ""meaning-5154b8069dc7""]",saYcalane,सञ्चलने (sañcalane),movement,calan,poPulya,direct_movement,3.1.23_crooked_movement_candidate,"The source meaning itself denotes going, movement, motion, flight, swimming, or reaching; classify under 3.1.23 pending lexical admission.",lexical_admission_review_pending
07.0023,o~vijI~,"[""07.0023"", ""meaning-ded5b8f0e366""]",calane,चलने (calane),movement,calan,vevijya,direct_movement,3.1.23_crooked_movement_candidate,"The source meaning itself denotes going, movement, motion, flight, swimming, or reaching; classify under 3.1.23 pending lexical admission.",lexical_admission_review_pending
09.0035,rI\,"[""09.0035"", ""meaning-5fa3d59b62c4""]",gatO,गतौ (gatau),gati,gatO,rerIya,direct_movement,3.1.23_crooked_movement_candidate,"The source meaning itself denotes going, movement, motion, flight, swimming, or reaching; classify under 3.1.23 pending lexical admission.",lexical_admission_review_pending
09.0039,plI\,"[""09.0039"", ""meaning-5fa3d59b62c4""]",gatO,गतौ (gatau),gati,gatO,peplIya,direct_movement,3.1.23_crooked_movement_candidate,"The source meaning itself denotes going, movement, motion, flight, swimming, or reaching; classify under 3.1.23 pending lexical admission.",lexical_admission_review_pending
10.0043,SvaWi~,"[""10.0043"", ""meaning-5fa3d59b62c4""]",gatO,गतौ (gatau),gati,gatO,SASvaRWya,direct_movement,3.1.23_crooked_movement_candidate,"The source meaning itself denotes going, movement, motion, flight, swimming, or reaching; classify under 3.1.23 pending lexical admission.",lexical_admission_review_pending
10.0060,paTi~,"[""10.0060"", ""meaning-5fa3d59b62c4""]",gatO,गतौ (gatau),gati,gatO,pApanTya,direct_movement,3.1.23_crooked_movement_candidate,"The source meaning itself denotes going, movement, motion, flight, swimming, or reaching; classify under 3.1.23 pending lexical admission.",lexical_admission_review_pending
10.0111,capi~,"[""10.0111"", ""meaning-bebe0cdf773e""]",gatyAm,गत्याम् (gatyām),gati,gaty,cAcampya,direct_movement,3.1.23_crooked_movement_candidate,"The source meaning itself denotes going, movement, motion, flight, swimming, or reaching; classify under 3.1.23 pending lexical admission.",lexical_admission_review_pending
10.0171,Capi~,"[""10.0171"", ""meaning-bebe0cdf773e""]",gatyAm,गत्याम् (gatyām),gati,gaty,cAcCampya,direct_movement,3.1.23_crooked_movement_candidate,"The source meaning itself denotes going, movement, motion, flight, swimming, or reaching; classify under 3.1.23 pending lexical admission.",lexical_admission_review_pending
10.0361,mI\,"[""10.0361"", ""meaning-5fa3d59b62c4""]",gatO,गतौ (gatau),gati,gatO,memIya,direct_movement,3.1.23_crooked_movement_candidate,"The source meaning itself denotes going, movement, motion, flight, swimming, or reaching; classify under 3.1.23 pending lexical admission.",lexical_admission_review_pending
01.0116,vaGi~\,"[""01.0116"", ""meaning-a1cfd39df9cf""]",gatyAkzepe,गत्याक्षेपे (gatyākṣepe),gati,gaty,vAvaNGya,not_movement,return_to_3.1.22_repetition_intensity_review,"The source meaning does not denote movement itself. It names an action at the edge of movement, mentions movement as an object, or contains a coincidental search substring; return it to general 3.1.22 review.",lexical_admission_review_pending
01.0117,maGi~\,"[""01.0117"", ""meaning-a1cfd39df9cf""]",gatyAkzepe,गत्याक्षेपे (gatyākṣepe),gati,gaty,mAmaNGya,not_movement,return_to_3.1.22_repetition_intensity_review,"The source meaning does not denote movement itself. It names an action at the edge of movement, mentions movement as an object, or contains a coincidental search substring; return it to general 3.1.22 review.",lexical_admission_review_pending
01.0117,maGi~\,"[""01.0117"", ""meaning-e0f1e705b8d5""]",gatyAramBe,गत्यारम्भे (gatyārambhe),gati,gaty,mAmaNGya,not_movement,return_to_3.1.22_repetition_intensity_review,"The source meaning does not denote movement itself. It names an action at the edge of movement, mentions movement as an object, or contains a coincidental search substring; return it to general 3.1.22 review.",lexical_admission_review_pending
01.0266,Kaji~,"[""01.0266"", ""meaning-25445656c9dd""]",gativEkalye,गतिवैकल्ये (gativaikalye),gati,gati,cAKaYjya,not_movement,return_to_3.1.22_repetition_intensity_review,"The source meaning does not denote movement itself. It names an action at the edge of movement, mentions movement as an object, or contains a coincidental search substring; return it to general 3.1.22 review.",lexical_admission_review_pending
01.0395,SuWa~,"[""01.0395"", ""meaning-7d7bc1a9fd82""]",gatipratiGAte,गतिप्रतिघाते (gatipratighāte),gati,gati,SoSuWya,not_movement,return_to_3.1.22_repetition_intensity_review,"The source meaning does not denote movement itself. It names an action at the edge of movement, mentions movement as an object, or contains a coincidental search substring; return it to general 3.1.22 review.",lexical_admission_review_pending
01.0396,SUWa~,"[""01.0396"", ""meaning-7d7bc1a9fd82""]",gatipratiGAte,गतिप्रतिघाते (gatipratighāte),gati,gati,SoSUWya,not_movement,return_to_3.1.22_repetition_intensity_review,"The source meaning does not denote movement itself. It names an action at the edge of movement, mentions movement as an object, or contains a coincidental search substring; return it to general 3.1.22 review.",lexical_admission_review_pending
01.0570,kala~\,"[""01.0570"", ""meaning-40fb4852c7e6""]",saNKyAne,सङ्ख्याने (saṅkhyāne),going,yAn,cAkalya,not_movement,return_to_3.1.22_repetition_intensity_review,"The source meaning does not denote movement itself. It names an action at the edge of movement, mentions movement as an object, or contains a coincidental search substring; return it to general 3.1.22 review.",lexical_admission_review_pending
01.0632,Kolf~,"[""01.0632"", ""meaning-7d7bc1a9fd82""]",gatipratiGAte,गतिप्रतिघाते (gatipratighāte),gati,gati,coKolya,not_movement,return_to_3.1.22_repetition_intensity_review,"The source meaning does not denote movement itself. It names an action at the edge of movement, mentions movement as an object, or contains a coincidental search substring; return it to general 3.1.22 review.",lexical_admission_review_pending
01.0633,Korf~,"[""01.0633"", ""meaning-7d7bc1a9fd82""]",gatipratiGAte,गतिप्रतिघाते (gatipratighāte),gati,gati,coKorya,not_movement,return_to_3.1.22_repetition_intensity_review,"The source meaning does not denote movement itself. It names an action at the edge of movement, mentions movement as an object, or contains a coincidental search substring; return it to general 3.1.22 review.",lexical_admission_review_pending
01.0634,Dorf~,"[""01.0634"", ""meaning-9cc4562b5d8f""]",gaticAturye,गतिचातुर्ये (gaticāturye),gati,gati,doDorya,not_movement,return_to_3.1.22_repetition_intensity_review,"The source meaning does not denote movement itself. It names an action at the edge of movement, mentions movement as an object, or contains a coincidental search substring; return it to general 3.1.22 review.",lexical_admission_review_pending
01.0869,praTa~\,"[""01.0869"", ""meaning-bcc0f228a822""]",praKyAne,प्रख्याने (prakhyāne),going,yAn,pApraTya,not_movement,return_to_3.1.22_repetition_intensity_review,"The source meaning does not denote movement itself. It names an action at the edge of movement, mentions movement as an object, or contains a coincidental search substring; return it to general 3.1.22 review.",lexical_admission_review_pending
01.0919,smf\,"[""01.0919"", ""meaning-ce1a8263ee54""]",ADyAne,आध्याने (ādhyāne),going,yAn,sAsmarya,not_movement,return_to_3.1.22_repetition_intensity_review,"The source meaning does not denote movement itself. It names an action at the edge of movement, mentions movement as an object, or contains a coincidental search substring; return it to general 3.1.22 review.",lexical_admission_review_pending
01.0946,Kuqi~,"[""01.0946"", ""meaning-25445656c9dd""]",gativEkalye,गतिवैकल्ये (gativaikalye),gati,gati,coKuRqya,not_movement,return_to_3.1.22_repetition_intensity_review,"The source meaning does not denote movement itself. It names an action at the edge of movement, mentions movement as an object, or contains a coincidental search substring; return it to general 3.1.22 review.",lexical_admission_review_pending
01.0976,kula~,"[""01.0976"", ""meaning-3a81766933c4""]",saMstyAne,संस्त्याने (saṃstyāne),going,yAn,cokulya,not_movement,return_to_3.1.22_repetition_intensity_review,"The source meaning does not denote movement itself. It names an action at the edge of movement, mentions movement as an object, or contains a coincidental search substring; return it to general 3.1.22 review.",lexical_admission_review_pending
01.0994,buDa~,"[""01.0994"", ""meaning-147854e2a06e""]",avagamane,अवगमने (avagamane),gati,gaman,bobuDya,not_movement,return_to_3.1.22_repetition_intensity_review,"The source meaning does not denote movement itself. It names an action at the edge of movement, mentions movement as an object, or contains a coincidental search substring; return it to general 3.1.22 review.",lexical_admission_review_pending
01.1077,zWA\,"[""01.1077"", ""meaning-318e04cef73b""]",gatinivfttO,गतिनिवृत्तौ (gatinivṛttau),gati,gati,tezWIya,not_movement,return_to_3.1.22_repetition_intensity_review,"The source meaning does not denote movement itself. It names an action at the edge of movement, mentions movement as an object, or contains a coincidental search substring; return it to general 3.1.22 review.",lexical_admission_review_pending
01.1130,qula\Ba~\z,"[""01.1130"", ""meaning-8623ae1c435c""]",prAptO,प्राप्तौ (prāptau),reaching,prApt,lAlaBya,not_movement,return_to_3.1.22_repetition_intensity_review,"The source meaning does not denote movement itself. It names an action at the edge of movement, mentions movement as an object, or contains a coincidental search substring; return it to general 3.1.22 review.",lexical_admission_review_pending
01.1157,ya\ja~^,"[""01.1157"", ""meaning-366b4a37ad7d""]",saNgatikaraRe,सङ्गतिकरणे (saṅgatikaraṇe),gati,gati,yAyajya,not_movement,return_to_3.1.22_repetition_intensity_review,"The source meaning does not denote movement itself. It names an action at the edge of movement, mentions movement as an object, or contains a coincidental search substring; return it to general 3.1.22 review.",lexical_admission_review_pending
04.0047,tUrI~\,"[""04.0047"", ""meaning-75fec4a96202""]",gatitvaraRe,गतित्वरणे (gatitvaraṇe),gati,gati,totUrya,not_movement,return_to_3.1.22_repetition_intensity_review,"The source meaning does not denote movement itself. It names an action at the edge of movement, mentions movement as an object, or contains a coincidental search substring; return it to general 3.1.22 review.",lexical_admission_review_pending
04.0068,bu\Da~\,"[""04.0068"", ""meaning-147854e2a06e""]",avagamane,अवगमने (avagamane),gati,gaman,bobuDya,not_movement,return_to_3.1.22_repetition_intensity_review,"The source meaning does not denote movement itself. It names an action at the edge of movement, mentions movement as an object, or contains a coincidental search substring; return it to general 3.1.22 review.",lexical_admission_review_pending
09.0001,qukrI\Y,"[""09.0001"", ""meaning-4344a7ca6314""]",dravyavinimaye,द्रव्यविनिमये (dravyavinimaye),flowing,drav,cekrIya,not_movement,return_to_3.1.22_repetition_intensity_review,"The source meaning does not denote movement itself. It names an action at the edge of movement, mentions movement as an object, or contains a coincidental search substring; return it to general 3.1.22 review.",lexical_admission_review_pending
10.0343,lI,"[""10.0343"", ""meaning-cfcfa2ee31b2""]",dravIkaraRe,द्रवीकरणे (dravīkaraṇe),flowing,drav,lelIya,not_movement,return_to_3.1.22_repetition_intensity_review,"The source meaning does not denote movement itself. It names an action at the edge of movement, mentions movement as an object, or contains a coincidental search substring; return it to general 3.1.22 review.",lexical_admission_review_pending
10.0382,BU,"[""10.0382"", ""meaning-8623ae1c435c""]",prAptO,प्राप्तौ (prāptau),reaching,prApt,boBUya,not_movement,return_to_3.1.22_repetition_intensity_review,"The source meaning does not denote movement itself. It names an action at the edge of movement, mentions movement as an object, or contains a coincidental search substring; return it to general 3.1.22 review.",lexical_admission_review_pending
