row_id,target,expected,token_id,reference,surface,normalized_surface,lemma,gram_class,case,gender,number,person,mood,tense,voice,decision,reason,source
PL-04,yaḥ,NOM/ACC.PL.F comparison suffix,b01_h003_12_zur_c_01,RV 1.3.12c,dhíyaḥ,dhiyaḥ,dhī́-,nominal stem,ACC,F,PL,,,,,accepted,acc plural feminine,VedaWeb TEI 6d94702e078b2d8fc04af1241aba63132c4601a3
PL-04,īḥ,NOM/ACC.PL.F candidate suffix,b01_h007_01_zur_c_02,RV 1.7.1c,vā́ṇīḥ,vāṇīḥ,vā́ṇī-,nominal stem,NOM,F,PL,,,,,accepted,nom plural feminine,VedaWeb TEI 6d94702e078b2d8fc04af1241aba63132c4601a3
NU-05,pañca,syntax review: uninflected numeral,b01_h007_09_zur_c_02,RV 1.7.9c,páñca,pañca,páñca-,nominal stem,,,PL,,,,,review,token morphology cannot decide the construction,VedaWeb TEI 6d94702e078b2d8fc04af1241aba63132c4601a3
SG-27,asme,DAT/LOC.PL pronoun,b01_h009_07_zur_b_01,RV 1.9.7b,asmé,asme,ahám,pronoun,,,PL,,,,,accepted,plural pronoun; relation untagged,VedaWeb TEI 6d94702e078b2d8fc04af1241aba63132c4601a3
SG-27,asme,DAT/LOC.PL pronoun,b01_h009_08_zur_a_01,RV 1.9.8a,asmé,asme,ahám,pronoun,,,PL,,,,,accepted,plural pronoun; relation untagged,VedaWeb TEI 6d94702e078b2d8fc04af1241aba63132c4601a3
NU-06,sahasram,syntax review: uninflected collective,b01_h011_08_zur_c_01,RV 1.11.8c,sahásram,sahasram,sahásra-,nominal stem,,N,SG,,,,,review,token morphology cannot decide the construction,VedaWeb TEI 6d94702e078b2d8fc04af1241aba63132c4601a3
PL-04,īḥ,NOM/ACC.PL.F candidate suffix,b01_h013_06_zur_b_02,RV 1.13.6b,devī́ḥ,devīḥ,devī́-,nominal stem,NOM,F,PL,,,,,accepted,nom plural feminine,VedaWeb TEI 6d94702e078b2d8fc04af1241aba63132c4601a3
PL-04,īḥ,NOM/ACC.PL.F candidate suffix,b01_h013_09_zur_b_02,RV 1.13.9b,devī́ḥ,devīḥ,devī́-,nominal stem,NOM,F,PL,,,,,accepted,nom plural feminine,VedaWeb TEI 6d94702e078b2d8fc04af1241aba63132c4601a3
PL-04,yaḥ,NOM/ACC.PL.F comparison suffix,b01_h014_02_zur_b_04,RV 1.14.2b,dhíyaḥ,dhiyaḥ,dhī́-,nominal stem,ACC,F,PL,,,,,accepted,acc plural feminine,VedaWeb TEI 6d94702e078b2d8fc04af1241aba63132c4601a3
PL-04,īḥ,NOM/ACC.PL.F candidate suffix,b01_h014_12_zur_a_03,RV 1.14.12a,áruṣīḥ,aruṣīḥ,áruṣī-,nominal stem,ACC,F,PL,,,,,accepted,acc plural feminine,VedaWeb TEI 6d94702e078b2d8fc04af1241aba63132c4601a3
PL-20,yāni,NOM/ACC.PL.N relative,b01_h015_08_zur_b_02,RV 1.15.8b,yā́ni,yāni,yá-,pronoun,,N,PL,,,,,accepted, plural neuter,VedaWeb TEI 6d94702e078b2d8fc04af1241aba63132c4601a3
PL-04,īḥ,NOM/ACC.PL.F candidate suffix,b01_h022_09_zur_a_02,RV 1.22.9a,pátnīḥ,patnīḥ,pátnī-,nominal stem,ACC,F,PL,,,,,accepted,acc plural feminine,VedaWeb TEI 6d94702e078b2d8fc04af1241aba63132c4601a3
PL-04,īḥ,NOM/ACC.PL.F candidate suffix,b01_h022_11_zur_a_03,RV 1.22.11a,devī́ḥ,devīḥ,devī́-,nominal stem,NOM,F,PL,,,,,accepted,nom plural feminine,VedaWeb TEI 6d94702e078b2d8fc04af1241aba63132c4601a3
PL-04,īḥ,NOM/ACC.PL.F candidate suffix,b01_h022_11_zur_b_03,RV 1.22.11b,nr̥pátnīḥ,nṛpatnīḥ,nr̥pátnī-,nominal stem,NOM,F,PL,,,,,accepted,nom plural feminine,VedaWeb TEI 6d94702e078b2d8fc04af1241aba63132c4601a3
NU-02,trīṇi,NOM/ACC.PL.N numeral,b01_h022_18_zur_a_01,RV 1.22.18a,trī́ṇi,trīṇi,trí-,nominal stem,ACC,N,PL,,,,,accepted,acc plural neuter,VedaWeb TEI 6d94702e078b2d8fc04af1241aba63132c4601a3
PL-04,īḥ,NOM/ACC.PL.F candidate suffix,b01_h023_18_zur_a_02,RV 1.23.18a,devī́ḥ,devīḥ,devī́-,nominal stem,ACC,F,PL,,,,,accepted,acc plural feminine,VedaWeb TEI 6d94702e078b2d8fc04af1241aba63132c4601a3
SG-27,asme,DAT/LOC.PL pronoun,b01_h024_07_zur_d_01,RV 1.24.7d,asmé,asme,ahám,pronoun,LOC,,PL,,,,,accepted,loc plural pronoun,VedaWeb TEI 6d94702e078b2d8fc04af1241aba63132c4601a3
NU-06,śatam,syntax review: uninflected collective,b01_h024_09_zur_a_01,RV 1.24.9a,śatám,śatam,śatá-,nominal stem,NOM,N,SG,,,,,review,token morphology cannot decide the construction,VedaWeb TEI 6d94702e078b2d8fc04af1241aba63132c4601a3
NU-06,sahasram,syntax review: uninflected collective,b01_h024_09_zur_a_05,RV 1.24.9a,sahásram,sahasram,sahásra-,nominal stem,NOM,N,SG,,,,,review,token morphology cannot decide the construction,VedaWeb TEI 6d94702e078b2d8fc04af1241aba63132c4601a3
PL-20,yā,NOM/ACC.PL.N relative,b01_h025_11_zur_c_02,RV 1.25.11c,yā́,yā,yá-,pronoun,ACC,N,PL,,,,,accepted,acc plural neuter,VedaWeb TEI 6d94702e078b2d8fc04af1241aba63132c4601a3
NU-06,śatam,syntax review: uninflected collective,b01_h030_02_zur_a_01,RV 1.30.2a,śatám,śatam,śatá-,nominal stem,,N,SG,,,,,review,token morphology cannot decide the construction,VedaWeb TEI 6d94702e078b2d8fc04af1241aba63132c4601a3
NU-06,sahasram,syntax review: uninflected collective,b01_h030_02_zur_b_01,RV 1.30.2b,sahásram,sahasram,sahásra-,nominal stem,,N,SG,,,,,review,token morphology cannot decide the construction,VedaWeb TEI 6d94702e078b2d8fc04af1241aba63132c4601a3
SG-28,enā,INS.SG demonstrative or adverbial,b01_h030_03_zur_b_01,RV 1.30.3b,enā́,enā,ayám,pronoun,INS,,SG,,,,,accepted,instrumental singular,VedaWeb TEI 6d94702e078b2d8fc04af1241aba63132c4601a3
SG-27,asme,DAT/LOC.PL pronoun,b01_h030_22_zur_c_01,RV 1.30.22c,asmé,asme,ahám,pronoun,LOC,,PL,,,,,accepted,loc plural pronoun,VedaWeb TEI 6d94702e078b2d8fc04af1241aba63132c4601a3
PL-20,yāni,NOM/ACC.PL.N relative,b01_h032_01_zur_b_01,RV 1.32.1b,yā́ni,yāni,yá-,pronoun,,N,PL,,,,,accepted, plural neuter,VedaWeb TEI 6d94702e078b2d8fc04af1241aba63132c4601a3
PL-04,īḥ,NOM/ACC.PL.F candidate suffix,b01_h032_11_zur_a_01,RV 1.32.11a,dāsápatnīḥ,dāsapatnīḥ,dāsápatnī-,nominal stem,NOM,F,PL,,,,,accepted,nom plural feminine,VedaWeb TEI 6d94702e078b2d8fc04af1241aba63132c4601a3
SG-27,asme,DAT/LOC.PL pronoun,b01_h034_04_zur_d_03,RV 1.34.4d,asmé,asme,ahám,pronoun,DAT,,PL,,,,,accepted,dat plural pronoun,VedaWeb TEI 6d94702e078b2d8fc04af1241aba63132c4601a3
PL-04,yaḥ,NOM/ACC.PL.F comparison suffix,b01_h034_05_zur_b_06,RV 1.34.5b,dhíyaḥ,dhiyaḥ,dhī́-,nominal stem,ACC,F,PL,,,,,accepted,acc plural feminine,VedaWeb TEI 6d94702e078b2d8fc04af1241aba63132c4601a3
PL-04,īḥ,NOM/ACC.PL.F candidate suffix,b01_h034_08_zur_c_02,RV 1.34.8c,pr̥thivī́ḥ,pṛthivīḥ,pr̥thivī́-,nominal stem,ACC,F,PL,,,,,accepted,acc plural feminine,VedaWeb TEI 6d94702e078b2d8fc04af1241aba63132c4601a3
NU-02,trī,NOM/ACC.PL.N numeral,b01_h034_09_zur_a_02,RV 1.34.9a,trī́,trī,trí-,nominal stem,NOM,N,PL,,,,,accepted,nom plural neuter,VedaWeb TEI 6d94702e078b2d8fc04af1241aba63132c4601a3
NU-04,aṣṭau,NOM/ACC numeral,b01_h035_08_zur_a_01,RV 1.35.8a,aṣṭaú,aṣṭau,aṣṭā́-,nominal stem,ACC,F,PL,,,,,accepted,annotated with the numeral lemma,VedaWeb TEI 6d94702e078b2d8fc04af1241aba63132c4601a3
NU-02,trī,NOM/ACC.PL.N numeral,b01_h035_08_zur_b_01,RV 1.35.8b,trī́,trī,trí-,nominal stem,ACC,N,PL,,,,,accepted,acc plural neuter,VedaWeb TEI 6d94702e078b2d8fc04af1241aba63132c4601a3
PL-20,yāni,NOM/ACC.PL.N relative,b01_h036_05_zur_d_01,RV 1.36.5d,yā́ni,yāni,yá-,pronoun,ACC,N,PL,,,,,accepted,acc plural neuter,VedaWeb TEI 6d94702e078b2d8fc04af1241aba63132c4601a3
SG-27,asme,DAT/LOC.PL pronoun,b01_h038_15_zur_c_01,RV 1.38.15c,asmé,asme,ahám,pronoun,LOC,,PL,,,,,accepted,loc plural pronoun,VedaWeb TEI 6d94702e078b2d8fc04af1241aba63132c4601a3
SG-27,asme,DAT/LOC.PL pronoun,b01_h043_07_zur_a_01,RV 1.43.7a,asmé,asme,ahám,pronoun,,,PL,,,,,accepted,plural pronoun; relation untagged,VedaWeb TEI 6d94702e078b2d8fc04af1241aba63132c4601a3
SG-27,asme,DAT/LOC.PL pronoun,b01_h044_02_zur_d_01,RV 1.44.2d,asmé,asme,ahám,pronoun,,,PL,,,,,accepted,plural pronoun; relation untagged,VedaWeb TEI 6d94702e078b2d8fc04af1241aba63132c4601a3
SG-27,asme,DAT/LOC.PL pronoun,b01_h046_06_zur_c_02,RV 1.46.6c,asmé,asme,ahám,pronoun,DAT,,PL,,,,,accepted,dat plural pronoun,VedaWeb TEI 6d94702e078b2d8fc04af1241aba63132c4601a3
SG-27,asme,DAT/LOC.PL pronoun,b01_h047_06_zur_d_01,RV 1.47.6d,asmé,asme,ahám,pronoun,,,PL,,,,,accepted,plural pronoun; relation untagged,VedaWeb TEI 6d94702e078b2d8fc04af1241aba63132c4601a3
NU-06,śatam,syntax review: uninflected collective,b01_h048_07_zur_c_01,RV 1.48.7c,śatám,śatam,śatá-,nominal stem,,N,SG,,,,,review,token morphology cannot decide the construction,VedaWeb TEI 6d94702e078b2d8fc04af1241aba63132c4601a3
PL-04,yaḥ,NOM/ACC.PL.F comparison suffix,b01_h050_09_zur_b_03,RV 1.50.9b,naptyàḥ,naptyaḥ,naptī́-,nominal stem,ACC,F,PL,,,,,accepted,acc plural feminine,VedaWeb TEI 6d94702e078b2d8fc04af1241aba63132c4601a3
NU-06,śatam,syntax review: uninflected collective,b01_h052_01_zur_b_01,RV 1.52.1b,śatám,śatam,śatá-,nominal stem,NOM,N,SG,,,,,review,token morphology cannot decide the construction,VedaWeb TEI 6d94702e078b2d8fc04af1241aba63132c4601a3
PL-20,yāni,NOM/ACC.PL.N relative,b01_h052_07_zur_b_04,RV 1.52.7b,yā́ni,yāni,yá-,pronoun,,N,PL,,,,,accepted, plural neuter,VedaWeb TEI 6d94702e078b2d8fc04af1241aba63132c4601a3
PL-04,yaḥ,NOM/ACC.PL.F comparison suffix,b01_h054_01_zur_c_02,RV 1.54.1c,nadyàḥ,nadyaḥ,nadī́-,nominal stem,ACC,F,PL,,,,,accepted,acc plural feminine,VedaWeb TEI 6d94702e078b2d8fc04af1241aba63132c4601a3
PL-04,īḥ,NOM/ACC.PL.F candidate suffix,b01_h054_01_zur_d_03,RV 1.54.1d,kṣoṇī́ḥ,kṣoṇīḥ,kṣoṇí- ~ kṣoṇī́-,nominal stem,NOM,F,PL,,,,,accepted,nom plural feminine,VedaWeb TEI 6d94702e078b2d8fc04af1241aba63132c4601a3
SG-27,asme,DAT/LOC.PL pronoun,b01_h054_11_zur_a_06,RV 1.54.11a,asmé,asme,ahám,pronoun,,,PL,,,,,accepted,plural pronoun; relation untagged,VedaWeb TEI 6d94702e078b2d8fc04af1241aba63132c4601a3
PL-04,yaḥ,NOM/ACC.PL.F comparison suffix,b01_h055_02_zur_a_04,RV 1.55.2a,nadyàḥ,nadyaḥ,nadī́-,nominal stem,ACC,F,PL,,,,,accepted,acc plural feminine,VedaWeb TEI 6d94702e078b2d8fc04af1241aba63132c4601a3
PL-04,īḥ,NOM/ACC.PL.F candidate suffix,b01_h057_04_zur_d_01,RV 1.57.4d,kṣoṇī́ḥ,kṣoṇīḥ,kṣoṇí- ~ kṣoṇī́-,nominal stem,ACC,F,PL,,,,,accepted,acc plural feminine,VedaWeb TEI 6d94702e078b2d8fc04af1241aba63132c4601a3
PL-20,yā,NOM/ACC.PL.N relative,b01_h059_03_zur_c_01,RV 1.59.3c,yā́,yā,yá-,pronoun,NOM,N,PL,,,,,accepted,nom plural neuter,VedaWeb TEI 6d94702e078b2d8fc04af1241aba63132c4601a3
PL-20,yā,NOM/ACC.PL.N relative,b01_h059_03_zur_d_01,RV 1.59.3d,yā́,yā,yá-,pronoun,NOM,N,PL,,,,,accepted,nom plural neuter,VedaWeb TEI 6d94702e078b2d8fc04af1241aba63132c4601a3
PL-04,īḥ,NOM/ACC.PL.F candidate suffix,b01_h059_04_zur_d_03,RV 1.59.4d,yahvī́ḥ,yahvīḥ,yahvī́-,nominal stem,NOM,F,PL,,,,,accepted,nom plural feminine,VedaWeb TEI 6d94702e078b2d8fc04af1241aba63132c4601a3
PL-04,yaḥ,NOM/ACC.PL.F comparison suffix,b01_h061_02_zur_d_03,RV 1.61.2d,dhíyaḥ,dhiyaḥ,dhī́-,nominal stem,NOM,F,PL,,,,,accepted,nom plural feminine,VedaWeb TEI 6d94702e078b2d8fc04af1241aba63132c4601a3
PL-04,īḥ,NOM/ACC.PL.F candidate suffix,b01_h061_08_zur_a_06,RV 1.61.8a,devápatnīḥ,devapatnīḥ,devápatnī-,nominal stem,NOM,F,PL,,,,,accepted,nom plural feminine,VedaWeb TEI 6d94702e078b2d8fc04af1241aba63132c4601a3
PL-04,yaḥ,NOM/ACC.PL.F comparison suffix,b01_h062_06_zur_d_02,RV 1.62.6d,nadyàḥ,nadyaḥ,nadī́-,nominal stem,ACC,F,PL,,,,,accepted,acc plural feminine,VedaWeb TEI 6d94702e078b2d8fc04af1241aba63132c4601a3
PL-04,īḥ,NOM/ACC.PL.F candidate suffix,b01_h062_10_zur_c_05,RV 1.62.10c,pátnīḥ,patnīḥ,pátnī-,nominal stem,NOM,F,PL,,,,,accepted,nom plural feminine,VedaWeb TEI 6d94702e078b2d8fc04af1241aba63132c4601a3
PL-04,īḥ,NOM/ACC.PL.F candidate suffix,b01_h062_11_zur_c_03,RV 1.62.11c,pátnīḥ,patnīḥ,pátnī-,nominal stem,NOM,F,PL,,,,,accepted,nom plural feminine,VedaWeb TEI 6d94702e078b2d8fc04af1241aba63132c4601a3
PL-04,īḥ,NOM/ACC.PL.F candidate suffix,b01_h064_07_zur_d_03,RV 1.64.7d,táviṣīḥ,taviṣīḥ,táviṣī-,nominal stem,ACC,F,PL,,,,,accepted,acc plural feminine,VedaWeb TEI 6d94702e078b2d8fc04af1241aba63132c4601a3
NU-06,śatam,syntax review: uninflected collective,b01_h064_14_zur_d_04,RV 1.64.14d,śatám,śatam,śatá-,nominal stem,ACC,N,SG,,,,,review,token morphology cannot decide the construction,VedaWeb TEI 6d94702e078b2d8fc04af1241aba63132c4601a3
SG-27,asme,DAT/LOC.PL pronoun,b01_h071_02_zur_c_05,RV 1.71.2c,asmé,asme,ahám,pronoun,DAT,,PL,,,,,accepted,dat plural pronoun,VedaWeb TEI 6d94702e078b2d8fc04af1241aba63132c4601a3
PL-04,yaḥ,NOM/ACC.PL.F comparison suffix,b01_h071_05_zur_b_03,RV 1.71.5b,pr̥śanyàḥ,pṛśanyaḥ,pr̥śanī́-,nominal stem,ACC,F,PL,,,,,accepted,acc plural feminine,VedaWeb TEI 6d94702e078b2d8fc04af1241aba63132c4601a3
PL-04,īḥ,NOM/ACC.PL.F candidate suffix,b01_h071_07_zur_b_05,RV 1.71.7b,yahvī́ḥ,yahvīḥ,yahvī́-,nominal stem,NOM,F,PL,,,,,accepted,nom plural feminine,VedaWeb TEI 6d94702e078b2d8fc04af1241aba63132c4601a3
SG-27,asme,DAT/LOC.PL pronoun,b01_h072_02_zur_a_01,RV 1.72.2a,asmé,asme,ahám,pronoun,LOC,,PL,,,,,accepted,loc plural pronoun,VedaWeb TEI 6d94702e078b2d8fc04af1241aba63132c4601a3
PL-04,īḥ,NOM/ACC.PL.F candidate suffix,b01_h072_08_zur_a_05,RV 1.72.8a,yahvī́ḥ,yahvīḥ,yahvī́-,nominal stem,ACC,F,PL,,,,,accepted,acc plural feminine,VedaWeb TEI 6d94702e078b2d8fc04af1241aba63132c4601a3
PL-04,īḥ,NOM/ACC.PL.F candidate suffix,b01_h072_10_zur_d_04,RV 1.72.10d,áruṣīḥ,aruṣīḥ,áruṣī-,nominal stem,ACC,F,PL,,,,,accepted,acc plural feminine,VedaWeb TEI 6d94702e078b2d8fc04af1241aba63132c4601a3
SG-27,asme,DAT/LOC.PL pronoun,b01_h074_01_zur_c_02,RV 1.74.1c,asmé,asme,ahám,pronoun,LOC,,PL,,,,,accepted,loc plural pronoun,VedaWeb TEI 6d94702e078b2d8fc04af1241aba63132c4601a3
SG-27,asme,DAT/LOC.PL pronoun,b01_h079_04_zur_c_01,RV 1.79.4c,asmé,asme,ahám,pronoun,,,PL,,,,,accepted,plural pronoun; relation untagged,VedaWeb TEI 6d94702e078b2d8fc04af1241aba63132c4601a3
NU-06,sahasram,syntax review: uninflected collective,b01_h080_09_zur_a_01,RV 1.80.9a,sahásram,sahasram,sahásra-,nominal stem,,N,SG,,,,,review,token morphology cannot decide the construction,VedaWeb TEI 6d94702e078b2d8fc04af1241aba63132c4601a3
PL-04,īḥ,NOM/ACC.PL.F candidate suffix,b01_h083_02_zur_a_03,RV 1.83.2a,devī́ḥ,devīḥ,devī́-,nominal stem,NOM,F,PL,,,,,accepted,nom plural feminine,VedaWeb TEI 6d94702e078b2d8fc04af1241aba63132c4601a3
PL-04,yaḥ,NOM/ACC.PL.F comparison suffix,b01_h084_10_zur_b_03,RV 1.84.10b,gauryàḥ,gauryaḥ,gaurī́-,nominal stem,NOM,F,PL,,,,,accepted,nom plural feminine,VedaWeb TEI 6d94702e078b2d8fc04af1241aba63132c4601a3
PL-04,yaḥ,NOM/ACC.PL.F comparison suffix,b01_h085_02_zur_d_02,RV 1.85.2d,śríyaḥ,śriyaḥ,śrī́-,nominal stem,ACC,F,PL,,,,,accepted,acc plural feminine,VedaWeb TEI 6d94702e078b2d8fc04af1241aba63132c4601a3
PL-20,yā,NOM/ACC.PL.N relative,b01_h085_12_zur_a_01,RV 1.85.12a,yā́,yā,yá-,pronoun,NOM,N,PL,,,,,accepted,nom plural neuter,VedaWeb TEI 6d94702e078b2d8fc04af1241aba63132c4601a3
SG-16,śami,INS.SG.F,b01_h087_05_zur_c_04,RV 1.87.5c,śámi,śami,śámī-,nominal stem,INS,F,SG,,,,,accepted,instrumental singular feminine,VedaWeb TEI 6d94702e078b2d8fc04af1241aba63132c4601a3
PL-04,īḥ,NOM/ACC.PL.F candidate suffix,b01_h088_03_zur_a_06,RV 1.88.3a,vā́śīḥ,vāśīḥ,vā́śī-,nominal stem,NOM,F,PL,,,,,accepted,nom plural feminine,VedaWeb TEI 6d94702e078b2d8fc04af1241aba63132c4601a3
NU-06,śatam,syntax review: uninflected collective,b01_h089_09_zur_a_01,RV 1.89.9a,śatám,śatam,śatá-,nominal stem,NOM,N,SG,,,,,review,token morphology cannot decide the construction,VedaWeb TEI 6d94702e078b2d8fc04af1241aba63132c4601a3
NU-05,pañca,syntax review: uninflected numeral,b01_h089_10_zur_c_04,RV 1.89.10c,páñca,pañca,páñca-,nominal stem,NOM,M,PL,,,,,review,token morphology cannot decide the construction,VedaWeb TEI 6d94702e078b2d8fc04af1241aba63132c4601a3
PL-04,yaḥ,NOM/ACC.PL.F comparison suffix,b01_h090_05_zur_a_03,RV 1.90.5a,dhíyaḥ,dhiyaḥ,dhī́-,nominal stem,ACC,F,PL,,,,,accepted,acc plural feminine,VedaWeb TEI 6d94702e078b2d8fc04af1241aba63132c4601a3
PL-04,īḥ,NOM/ACC.PL.F candidate suffix,b01_h090_06_zur_c_01,RV 1.90.6c,mā́dhvīḥ,mādhvīḥ,mā́dhvī-,nominal stem,NOM,F,PL,,,,,accepted,nom plural feminine,VedaWeb TEI 6d94702e078b2d8fc04af1241aba63132c4601a3
PL-04,īḥ,NOM/ACC.PL.F candidate suffix,b01_h090_06_zur_c_04,RV 1.90.6c,óṣadhīḥ,oṣadhīḥ,óṣadhī-,nominal stem,NOM,F,PL,,,,,accepted,nom plural feminine,VedaWeb TEI 6d94702e078b2d8fc04af1241aba63132c4601a3
PL-04,īḥ,NOM/ACC.PL.F candidate suffix,b01_h090_08_zur_c_01,RV 1.90.8c,mā́dhvīḥ,mādhvīḥ,mā́dhvī-,nominal stem,NOM,F,PL,,,,,accepted,nom plural feminine,VedaWeb TEI 6d94702e078b2d8fc04af1241aba63132c4601a3
PL-20,yā,NOM/ACC.PL.N relative,b01_h091_04_zur_a_01,RV 1.91.4a,yā́,yā,yá-,pronoun,NOM,N,PL,,,,,accepted,nom plural neuter,VedaWeb TEI 6d94702e078b2d8fc04af1241aba63132c4601a3
PL-20,yā,NOM/ACC.PL.N relative,b01_h091_04_zur_a_05,RV 1.91.4a,yā́,yā,yá-,pronoun,NOM,N,PL,,,,,accepted,nom plural neuter,VedaWeb TEI 6d94702e078b2d8fc04af1241aba63132c4601a3
PL-20,yā,NOM/ACC.PL.N relative,b01_h091_04_zur_b_01,RV 1.91.4b,yā́,yā,yá-,pronoun,NOM,N,PL,,,,,accepted,nom plural neuter,VedaWeb TEI 6d94702e078b2d8fc04af1241aba63132c4601a3
PL-20,yā,NOM/ACC.PL.N relative,b01_h091_19_zur_a_01,RV 1.91.19a,yā́,yā,yá-,pronoun,ACC,N,PL,,,,,accepted,acc plural neuter,VedaWeb TEI 6d94702e078b2d8fc04af1241aba63132c4601a3
PL-04,īḥ,NOM/ACC.PL.F candidate suffix,b01_h091_22_zur_a_03,RV 1.91.22a,óṣadhīḥ,oṣadhīḥ,óṣadhī-,nominal stem,ACC,F,PL,,,,,accepted,acc plural feminine,VedaWeb TEI 6d94702e078b2d8fc04af1241aba63132c4601a3
PL-04,īḥ,NOM/ACC.PL.F candidate suffix,b01_h092_01_zur_d_03,RV 1.92.1d,áruṣīḥ,aruṣīḥ,áruṣī-,nominal stem,NOM,F,PL,,,,,accepted,nom plural feminine,VedaWeb TEI 6d94702e078b2d8fc04af1241aba63132c4601a3
PL-04,īḥ,NOM/ACC.PL.F candidate suffix,b01_h092_02_zur_b_02,RV 1.92.2b,áruṣīḥ,aruṣīḥ,áruṣī-,nominal stem,ACC,F,PL,,,,,accepted,acc plural feminine,VedaWeb TEI 6d94702e078b2d8fc04af1241aba63132c4601a3
PL-04,īḥ,NOM/ACC.PL.F candidate suffix,b01_h092_02_zur_d_03,RV 1.92.2d,áruṣīḥ,aruṣīḥ,áruṣī-,nominal stem,NOM,F,PL,,,,,accepted,nom plural feminine,VedaWeb TEI 6d94702e078b2d8fc04af1241aba63132c4601a3
PL-04,īḥ,NOM/ACC.PL.F candidate suffix,b01_h092_03_zur_a_02,RV 1.92.3a,nā́rīḥ,nārīḥ,nā́rī-,nominal stem,NOM,F,PL,,,,,accepted,nom plural feminine,VedaWeb TEI 6d94702e078b2d8fc04af1241aba63132c4601a3
SG-27,asme,DAT/LOC.PL pronoun,b01_h092_14_zur_c_02,RV 1.92.14c,asmé,asme,ahám,pronoun,DAT,,PL,,,,,accepted,dat plural pronoun,VedaWeb TEI 6d94702e078b2d8fc04af1241aba63132c4601a3
PL-19,imāni,NOM/ACC.PL.N demonstrative,b01_h093_11_zur_a_02,RV 1.93.11a,imā́ni,imāni,ayám,pronoun,,N,PL,,,,,accepted, plural neuter,VedaWeb TEI 6d94702e078b2d8fc04af1241aba63132c4601a3
SG-27,asme,DAT/LOC.PL pronoun,b01_h093_12_zur_c_01,RV 1.93.12c,asmé,asme,ahám,pronoun,,,PL,,,,,accepted,plural pronoun; relation untagged,VedaWeb TEI 6d94702e078b2d8fc04af1241aba63132c4601a3
PL-04,yaḥ,NOM/ACC.PL.F comparison suffix,b01_h094_03_zur_a_05,RV 1.94.3a,dhíyaḥ,dhiyaḥ,dhī́-,nominal stem,ACC,F,PL,,,,,accepted,acc plural feminine,VedaWeb TEI 6d94702e078b2d8fc04af1241aba63132c4601a3
PL-04,yaḥ,NOM/ACC.PL.F comparison suffix,b01_h094_04_zur_c_04,RV 1.94.4c,dhíyaḥ,dhiyaḥ,dhī́-,nominal stem,ACC,F,PL,,,,,accepted,acc plural feminine,VedaWeb TEI 6d94702e078b2d8fc04af1241aba63132c4601a3
NU-02,trīṇi,NOM/ACC.PL.N numeral,b01_h095_03_zur_a_01,RV 1.95.3a,trī́ṇi,trīṇi,trí-,nominal stem,ACC,N,PL,,,,,accepted,acc plural neuter,VedaWeb TEI 6d94702e078b2d8fc04af1241aba63132c4601a3
PL-04,īḥ,NOM/ACC.PL.F candidate suffix,b01_h098_02_zur_b_03,RV 1.98.2b,óṣadhīḥ,oṣadhīḥ,óṣadhī-,nominal stem,ACC,F,PL,,,,,accepted,acc plural feminine,VedaWeb TEI 6d94702e078b2d8fc04af1241aba63132c4601a3
PL-04,yaḥ,NOM/ACC.PL.F comparison suffix,b01_h102_02_zur_a_03,RV 1.102.2a,nadyàḥ,nadyaḥ,nadī́-,nominal stem,NOM,F,PL,,,,,accepted,nom plural feminine,VedaWeb TEI 6d94702e078b2d8fc04af1241aba63132c4601a3
SG-27,asme,DAT/LOC.PL pronoun,b01_h102_02_zur_c_01,RV 1.102.2c,asmé,asme,ahám,pronoun,DAT,,PL,,,,,accepted,dat plural pronoun,VedaWeb TEI 6d94702e078b2d8fc04af1241aba63132c4601a3
NU-02,trīṇi,NOM/ACC.PL.N numeral,b01_h102_08_zur_b_04,RV 1.102.8b,trī́ṇi,trīṇi,trí-,nominal stem,ACC,N,PL,,,,,accepted,acc plural neuter,VedaWeb TEI 6d94702e078b2d8fc04af1241aba63132c4601a3
PL-04,īḥ,NOM/ACC.PL.F candidate suffix,b01_h103_03_zur_b_05,RV 1.103.3b,dā́sīḥ,dāsīḥ,dā́sī-,nominal stem,ACC,F,PL,,,,,accepted,acc plural feminine,VedaWeb TEI 6d94702e078b2d8fc04af1241aba63132c4601a3
PL-19,imā,NOM/ACC.PL.N demonstrative,b01_h103_04_zur_a_04,RV 1.103.4a,imā́,imā,ayám,pronoun,NOM,N,PL,,,,,accepted,nom plural neuter,VedaWeb TEI 6d94702e078b2d8fc04af1241aba63132c4601a3
PL-04,īḥ,NOM/ACC.PL.F candidate suffix,b01_h103_05_zur_d_02,RV 1.103.5d,óṣadhīḥ,oṣadhīḥ,óṣadhī-,nominal stem,ACC,F,PL,,,,,accepted,acc plural feminine,VedaWeb TEI 6d94702e078b2d8fc04af1241aba63132c4601a3
PL-04,īḥ,NOM/ACC.PL.F candidate suffix,b01_h103_07_zur_c_03,RV 1.103.7c,pátnīḥ,patnīḥ,pátnī-,nominal stem,NOM,F,PL,,,,,accepted,nom plural feminine,VedaWeb TEI 6d94702e078b2d8fc04af1241aba63132c4601a3
PL-04,yaḥ,NOM/ACC.PL.F comparison suffix,b01_h105_07_zur_c_04,RV 1.105.7c,ādhyàḥ,ādhyaḥ,ādhī́-,nominal stem,NOM,F,PL,,,,,accepted,nom plural feminine,VedaWeb TEI 6d94702e078b2d8fc04af1241aba63132c4601a3
PL-04,īḥ,NOM/ACC.PL.F candidate suffix,b01_h105_08_zur_b_01,RV 1.105.8b,sapátnīḥ,sapatnīḥ,sapátnī-,nominal stem,NOM,F,PL,,,,,accepted,nom plural feminine,VedaWeb TEI 6d94702e078b2d8fc04af1241aba63132c4601a3
PL-04,yaḥ,NOM/ACC.PL.F comparison suffix,b01_h105_08_zur_c_07,RV 1.105.8c,ādhyàḥ,ādhyaḥ,ādhī́-,nominal stem,NOM,F,PL,,,,,accepted,nom plural feminine,VedaWeb TEI 6d94702e078b2d8fc04af1241aba63132c4601a3
NU-05,pañca,syntax review: uninflected numeral,b01_h105_10_zur_a_03,RV 1.105.10a,páñca,pañca,páñca-,nominal stem,NOM,M,PL,,,,,review,token morphology cannot decide the construction,VedaWeb TEI 6d94702e078b2d8fc04af1241aba63132c4601a3
SG-28,enā,INS.SG demonstrative or adverbial,b01_h105_19_zur_a_01,RV 1.105.19a,enā́,enā,ayám,pronoun,INS,,SG,,,,,accepted,instrumental singular,VedaWeb TEI 6d94702e078b2d8fc04af1241aba63132c4601a3
PL-20,yāni,NOM/ACC.PL.N relative,b01_h108_05_zur_a_01,RV 1.108.5a,yā́ni,yāni,yá-,pronoun,,N,PL,,,,,accepted, plural neuter,VedaWeb TEI 6d94702e078b2d8fc04af1241aba63132c4601a3
PL-20,yāni,NOM/ACC.PL.N relative,b01_h108_05_zur_b_01,RV 1.108.5b,yā́ni,yāni,yá-,pronoun,,N,PL,,,,,accepted, plural neuter,VedaWeb TEI 6d94702e078b2d8fc04af1241aba63132c4601a3
PL-20,yā,NOM/ACC.PL.N relative,b01_h108_05_zur_c_01,RV 1.108.5c,yā́,yā,yá-,pronoun,NOM,N,PL,,,,,accepted,nom plural neuter,VedaWeb TEI 6d94702e078b2d8fc04af1241aba63132c4601a3
SG-16,śamī,INS.SG.F,b01_h110_04_zur_a_02,RV 1.110.4a,śámī,śamī,śámī-,nominal stem,INS,F,SG,,,,,accepted,instrumental singular feminine,VedaWeb TEI 6d94702e078b2d8fc04af1241aba63132c4601a3
PL-04,yaḥ,NOM/ACC.PL.F comparison suffix,b01_h112_02_zur_c_02,RV 1.112.2c,dhíyaḥ,dhiyaḥ,dhī́-,nominal stem,ACC,F,PL,,,,,accepted,acc plural feminine,VedaWeb TEI 6d94702e078b2d8fc04af1241aba63132c4601a3
PL-04,īḥ,NOM/ACC.PL.F candidate suffix,b01_h112_16_zur_c_02,RV 1.112.16c,śā́rīḥ,śārīḥ,śā́rī-,nominal stem,ACC,F,PL,,,,,accepted,acc plural feminine,VedaWeb TEI 6d94702e078b2d8fc04af1241aba63132c4601a3
PL-04,īḥ,NOM/ACC.PL.F candidate suffix,b01_h112_19_zur_a_02,RV 1.112.19a,pátnīḥ,patnīḥ,pátnī-,nominal stem,ACC,F,PL,,,,,accepted,acc plural feminine,VedaWeb TEI 6d94702e078b2d8fc04af1241aba63132c4601a3
SG-27,asme,DAT/LOC.PL pronoun,b01_h112_24_zur_a_04,RV 1.112.24a,asmé,asme,ahám,pronoun,,,PL,,,,,accepted,plural pronoun; relation untagged,VedaWeb TEI 6d94702e078b2d8fc04af1241aba63132c4601a3
SG-27,asme,DAT/LOC.PL pronoun,b01_h113_17_zur_d_01,RV 1.113.17d,asmé,asme,ahám,pronoun,,,PL,,,,,accepted,plural pronoun; relation untagged,VedaWeb TEI 6d94702e078b2d8fc04af1241aba63132c4601a3
SG-27,asme,DAT/LOC.PL pronoun,b01_h114_09_zur_b_05,RV 1.114.9b,asmé,asme,ahám,pronoun,,,PL,,,,,accepted,plural pronoun; relation untagged,VedaWeb TEI 6d94702e078b2d8fc04af1241aba63132c4601a3
SG-27,asme,DAT/LOC.PL pronoun,b01_h114_10_zur_b_03,RV 1.114.10b,asmé,asme,ahám,pronoun,,,PL,,,,,accepted,plural pronoun; relation untagged,VedaWeb TEI 6d94702e078b2d8fc04af1241aba63132c4601a3
NU-06,sahasram,syntax review: uninflected collective,b01_h116_02_zur_c_04,RV 1.116.2c,sahásram,sahasram,sahásra-,nominal stem,,N,SG,,,,,review,token morphology cannot decide the construction,VedaWeb TEI 6d94702e078b2d8fc04af1241aba63132c4601a3
NU-06,śatam,syntax review: uninflected collective,b01_h116_07_zur_d_01,RV 1.116.7d,śatám,śatam,śatá-,nominal stem,ACC,N,SG,,,,,review,token morphology cannot decide the construction,VedaWeb TEI 6d94702e078b2d8fc04af1241aba63132c4601a3
NU-06,śatam,syntax review: uninflected collective,b01_h116_16_zur_a_01,RV 1.116.16a,śatám,śatam,śatá-,nominal stem,ACC,N,SG,,,,,review,token morphology cannot decide the construction,VedaWeb TEI 6d94702e078b2d8fc04af1241aba63132c4601a3
PL-04,īḥ,NOM/ACC.PL.F candidate suffix,b01_h116_24_zur_a_02,RV 1.116.24a,rā́trīḥ,rātrīḥ,rā́trī-,nominal stem,ACC,F,PL,,,,,accepted,acc plural feminine,VedaWeb TEI 6d94702e078b2d8fc04af1241aba63132c4601a3
NU-06,śatam,syntax review: uninflected collective,b01_h117_06_zur_d_01,RV 1.117.6d,śatám,śatam,śatá-,nominal stem,ACC,N,SG,,,,,review,token morphology cannot decide the construction,VedaWeb TEI 6d94702e078b2d8fc04af1241aba63132c4601a3
NU-06,śatam,syntax review: uninflected collective,b01_h117_17_zur_a_01,RV 1.117.17a,śatám,śatam,śatá-,nominal stem,ACC,N,SG,,,,,review,token morphology cannot decide the construction,VedaWeb TEI 6d94702e078b2d8fc04af1241aba63132c4601a3
NU-06,śatam,syntax review: uninflected collective,b01_h117_18_zur_d_02,RV 1.117.18d,śatám,śatam,śatá-,nominal stem,ACC,N,SG,,,,,review,token morphology cannot decide the construction,VedaWeb TEI 6d94702e078b2d8fc04af1241aba63132c4601a3
PL-04,yaḥ,NOM/ACC.PL.F comparison suffix,b01_h117_23_zur_b_02,RV 1.117.23b,dhíyaḥ,dhiyaḥ,dhī́-,nominal stem,ACC,F,PL,,,,,accepted,acc plural feminine,VedaWeb TEI 6d94702e078b2d8fc04af1241aba63132c4601a3
SG-27,asme,DAT/LOC.PL pronoun,b01_h117_23_zur_c_01,RV 1.117.23c,asmé,asme,ahám,pronoun,,,PL,,,,,accepted,plural pronoun; relation untagged,VedaWeb TEI 6d94702e078b2d8fc04af1241aba63132c4601a3
SG-27,asme,DAT/LOC.PL pronoun,b01_h118_02_zur_d_04,RV 1.118.2d,asmé,asme,ahám,pronoun,,,PL,,,,,accepted,plural pronoun; relation untagged,VedaWeb TEI 6d94702e078b2d8fc04af1241aba63132c4601a3
SG-27,asme,DAT/LOC.PL pronoun,b01_h118_11_zur_b_01,RV 1.118.11b,asmé,asme,ahám,pronoun,,,PL,,,,,accepted,plural pronoun; relation untagged,VedaWeb TEI 6d94702e078b2d8fc04af1241aba63132c4601a3
NU-04,aṣṭā,NOM/ACC numeral,b01_h121_08_zur_a_01,RV 1.121.8a,aṣṭā́,aṣṭā,aṣṭár-,nominal stem,NOM,M,DU,,,,,accepted,annotated with the numeral lemma,VedaWeb TEI 6d94702e078b2d8fc04af1241aba63132c4601a3
PL-19,imā,NOM/ACC.PL.N demonstrative,b01_h122_06_zur_a_05,RV 1.122.6a,imā́,imā,ayám,pronoun,ACC,N,PL,,,,,accepted,acc plural neuter,VedaWeb TEI 6d94702e078b2d8fc04af1241aba63132c4601a3
NU-05,pañca,syntax review: uninflected numeral,b01_h122_13_zur_b_03,RV 1.122.13b,páñca,pañca,páñca-,nominal stem,,,PL,,,,,review,token morphology cannot decide the construction,VedaWeb TEI 6d94702e078b2d8fc04af1241aba63132c4601a3
SG-27,asme,DAT/LOC.PL pronoun,b01_h122_14_zur_d_04,RV 1.122.14d,asmé,asme,ahám,pronoun,,,PL,,,,,accepted,plural pronoun; relation untagged,VedaWeb TEI 6d94702e078b2d8fc04af1241aba63132c4601a3
DU-07,anī,NOM/ACC/VOC.DU.N candidate suffix,b01_h123_07_zur_b_02,RV 1.123.7b,áhanī,ahanī,áhar ~ áhan-,nominal stem,NOM,N,DU,,,,,accepted,neuter dual,VedaWeb TEI 6d94702e078b2d8fc04af1241aba63132c4601a3
SG-27,asme,DAT/LOC.PL pronoun,b01_h124_09_zur_c_05,RV 1.124.9c,asmé,asme,ahám,pronoun,,,PL,,,,,accepted,plural pronoun; relation untagged,VedaWeb TEI 6d94702e078b2d8fc04af1241aba63132c4601a3
PL-19,imāni,NOM/ACC.PL.N demonstrative,b01_h125_06_zur_a_03,RV 1.125.6a,imā́ni,imāni,ayám,pronoun,,N,PL,,,,,accepted, plural neuter,VedaWeb TEI 6d94702e078b2d8fc04af1241aba63132c4601a3
NU-06,sahasram,syntax review: uninflected collective,b01_h126_01_zur_c_03,RV 1.126.1c,sahásram,sahasram,sahásra-,nominal stem,,N,SG,,,,,review,token morphology cannot decide the construction,VedaWeb TEI 6d94702e078b2d8fc04af1241aba63132c4601a3
NU-06,śatam,syntax review: uninflected collective,b01_h126_02_zur_a_01,RV 1.126.2a,śatám,śatam,śatá-,nominal stem,,N,SG,,,,,review,token morphology cannot decide the construction,VedaWeb TEI 6d94702e078b2d8fc04af1241aba63132c4601a3
NU-06,śatam,syntax review: uninflected collective,b01_h126_02_zur_b_01,RV 1.126.2b,śatám,śatam,śatá-,nominal stem,ACC,N,SG,,,,,review,token morphology cannot decide the construction,VedaWeb TEI 6d94702e078b2d8fc04af1241aba63132c4601a3
NU-06,śatam,syntax review: uninflected collective,b01_h126_02_zur_c_01,RV 1.126.2c,śatám,śatam,śatá-,nominal stem,,N,SG,,,,,review,token morphology cannot decide the construction,VedaWeb TEI 6d94702e078b2d8fc04af1241aba63132c4601a3
NU-06,sahasram,syntax review: uninflected collective,b01_h126_03_zur_c_02,RV 1.126.3c,sahásram,sahasram,sahásra-,nominal stem,,N,SG,,,,,review,token morphology cannot decide the construction,VedaWeb TEI 6d94702e078b2d8fc04af1241aba63132c4601a3
NU-04,aṣṭau,NOM/ACC numeral,b01_h126_05_zur_b_03,RV 1.126.5b,aṣṭaú,aṣṭau,aṣṭā́-,nominal stem,ACC,F,PL,,,,,accepted,annotated with the numeral lemma,VedaWeb TEI 6d94702e078b2d8fc04af1241aba63132c4601a3
SG-28,ayā,INS.SG demonstrative or adverbial,b01_h128_02_zur_e_01,RV 1.128.2e,ayā́,ayā,ayám,pronoun,INS,F,SG,,,,,accepted,instrumental singular,VedaWeb TEI 6d94702e078b2d8fc04af1241aba63132c4601a3
NU-06,śatam,syntax review: uninflected collective,b01_h128_03_zur_d_01,RV 1.128.3d,śatám,śatam,śatá-,nominal stem,,N,SG,,,,,review,token morphology cannot decide the construction,VedaWeb TEI 6d94702e078b2d8fc04af1241aba63132c4601a3
SG-27,asme,DAT/LOC.PL pronoun,b01_h129_08_zur_a_03,RV 1.129.8a,asmé,asme,ahám,pronoun,,,PL,,,,,accepted,plural pronoun; relation untagged,VedaWeb TEI 6d94702e078b2d8fc04af1241aba63132c4601a3
PL-04,yaḥ,NOM/ACC.PL.F comparison suffix,b01_h130_05_zur_a_03,RV 1.130.5a,nadyàḥ,nadyaḥ,nadī́-,nominal stem,ACC,F,PL,,,,,accepted,acc plural feminine,VedaWeb TEI 6d94702e078b2d8fc04af1241aba63132c4601a3
PL-04,yaḥ,NOM/ACC.PL.F comparison suffix,b01_h134_02_zur_f_04,RV 1.134.2f,dhíyaḥ,dhiyaḥ,dhī́-,nominal stem,NOM,F,PL,,,,,accepted,nom plural feminine,VedaWeb TEI 6d94702e078b2d8fc04af1241aba63132c4601a3
PL-04,yaḥ,NOM/ACC.PL.F comparison suffix,b01_h134_02_zur_g_04,RV 1.134.2g,dhíyaḥ,dhiyaḥ,dhī́-,nominal stem,NOM,F,PL,,,,,accepted,nom plural feminine,VedaWeb TEI 6d94702e078b2d8fc04af1241aba63132c4601a3
PL-04,yaḥ,NOM/ACC.PL.F comparison suffix,b01_h135_05_zur_a_03,RV 1.135.5a,dhíyaḥ,dhiyaḥ,dhī́-,nominal stem,NOM,F,PL,,,,,accepted,nom plural feminine,VedaWeb TEI 6d94702e078b2d8fc04af1241aba63132c4601a3
SG-27,asme,DAT/LOC.PL pronoun,b01_h135_08_zur_c_01,RV 1.135.8c,asmé,asme,ahám,pronoun,,,PL,,,,,accepted,plural pronoun; relation untagged,VedaWeb TEI 6d94702e078b2d8fc04af1241aba63132c4601a3
PL-04,yaḥ,NOM/ACC.PL.F comparison suffix,b01_h139_03_zur_d_04,RV 1.139.3d,śríyaḥ,śriyaḥ,śrī́-,nominal stem,NOM,F,PL,,,,,accepted,nom plural feminine,VedaWeb TEI 6d94702e078b2d8fc04af1241aba63132c4601a3
SG-18,kartari,LOC.SG comparison,b01_h139_07_zur_f_05,RV 1.139.7f,kartári,kartari,kartár-,nominal stem,LOC,M,SG,,,,,accepted,locative singular,VedaWeb TEI 6d94702e078b2d8fc04af1241aba63132c4601a3
PL-04,īḥ,NOM/ACC.PL.F candidate suffix,b01_h140_06_zur_b_03,RV 1.140.6b,pátnīḥ,patnīḥ,pátnī-,nominal stem,ACC,F,PL,,,,,accepted,acc plural feminine,VedaWeb TEI 6d94702e078b2d8fc04af1241aba63132c4601a3
SG-27,asme,DAT/LOC.PL pronoun,b01_h141_11_zur_a_01,RV 1.141.11a,asmé,asme,ahám,pronoun,,,PL,,,,,accepted,plural pronoun; relation untagged,VedaWeb TEI 6d94702e078b2d8fc04af1241aba63132c4601a3
DU-07,anī,NOM/ACC/VOC.DU.N candidate suffix,b01_h141_11_zur_c_05,RV 1.141.11c,jánmanī,janmanī,jánman-,nominal stem,ACC,N,DU,,,,,accepted,neuter dual,VedaWeb TEI 6d94702e078b2d8fc04af1241aba63132c4601a3
PL-04,īḥ,NOM/ACC.PL.F candidate suffix,b01_h142_06_zur_d_02,RV 1.142.6d,devī́ḥ,devīḥ,devī́-,nominal stem,NOM,F,PL,,,,,accepted,nom plural feminine,VedaWeb TEI 6d94702e078b2d8fc04af1241aba63132c4601a3
PL-04,yaḥ,NOM/ACC.PL.F comparison suffix,b01_h143_06_zur_c_05,RV 1.143.6c,dhíyaḥ,dhiyaḥ,dhī́-,nominal stem,ACC,F,PL,,,,,accepted,acc plural feminine,VedaWeb TEI 6d94702e078b2d8fc04af1241aba63132c4601a3
SG-28,ayā,INS.SG demonstrative or adverbial,b01_h143_06_zur_d_03,RV 1.143.6d,ayā́,ayā,ayám,pronoun,INS,F,SG,,,,,accepted,instrumental singular,VedaWeb TEI 6d94702e078b2d8fc04af1241aba63132c4601a3
PL-04,īḥ,NOM/ACC.PL.F candidate suffix,b01_h145_03_zur_a_06,RV 1.145.3a,árvatīḥ,arvatīḥ,árvatī-,nominal stem,NOM,F,PL,,,,,accepted,nom plural feminine,VedaWeb TEI 6d94702e078b2d8fc04af1241aba63132c4601a3
NU-02,trī,NOM/ACC.PL.N numeral,b01_h149_04_zur_a_03,RV 1.149.4a,trī́,trī,trí-,nominal stem,ACC,N,PL,,,,,accepted,acc plural neuter,VedaWeb TEI 6d94702e078b2d8fc04af1241aba63132c4601a3
PL-04,yaḥ,NOM/ACC.PL.F comparison suffix,b01_h151_06_zur_c_05,RV 1.151.6c,dhíyaḥ,dhiyaḥ,dhī́-,nominal stem,ACC,F,PL,,,,,accepted,acc plural feminine,VedaWeb TEI 6d94702e078b2d8fc04af1241aba63132c4601a3
SG-27,asme,DAT/LOC.PL pronoun,b01_h153_01_zur_c_06,RV 1.153.1c,asmé,asme,ahám,pronoun,,,PL,,,,,accepted,plural pronoun; relation untagged,VedaWeb TEI 6d94702e078b2d8fc04af1241aba63132c4601a3
PL-04,īḥ,NOM/ACC.PL.F candidate suffix,b01_h153_04_zur_b_05,RV 1.153.4b,devī́ḥ,devīḥ,devī́-,nominal stem,NOM,F,PL,,,,,accepted,nom plural feminine,VedaWeb TEI 6d94702e078b2d8fc04af1241aba63132c4601a3
NU-02,trī,NOM/ACC.PL.N numeral,b01_h154_04_zur_a_02,RV 1.154.4a,trī́,trī,trí-,nominal stem,NOM,N,PL,,,,,accepted,nom plural neuter,VedaWeb TEI 6d94702e078b2d8fc04af1241aba63132c4601a3
SG-27,asme,DAT/LOC.PL pronoun,b01_h158_02_zur_c_02,RV 1.158.2c,asmé,asme,ahám,pronoun,,,PL,,,,,accepted,plural pronoun; relation untagged,VedaWeb TEI 6d94702e078b2d8fc04af1241aba63132c4601a3
PL-04,yaḥ,NOM/ACC.PL.F comparison suffix,b01_h158_05_zur_a_04,RV 1.158.5a,nadyàḥ,nadyaḥ,nadī́-,nominal stem,NOM,F,PL,,,,,accepted,nom plural feminine,VedaWeb TEI 6d94702e078b2d8fc04af1241aba63132c4601a3
SG-27,asme,DAT/LOC.PL pronoun,b01_h160_05_zur_d_03,RV 1.160.5d,asmé,asme,ahám,pronoun,,,PL,,,,,accepted,plural pronoun; relation untagged,VedaWeb TEI 6d94702e078b2d8fc04af1241aba63132c4601a3
PL-20,yā,NOM/ACC.PL.N relative,b01_h162_13_zur_b_01,RV 1.162.13b,yā́,yā,yá-,pronoun,NOM,N,PL,,,,,accepted,nom plural neuter,VedaWeb TEI 6d94702e078b2d8fc04af1241aba63132c4601a3
PL-20,yā,NOM/ACC.PL.N relative,b01_h162_16_zur_b_02,RV 1.162.16b,yā́,yā,yá-,pronoun,ACC,N,PL,,,,,accepted,acc plural neuter,VedaWeb TEI 6d94702e078b2d8fc04af1241aba63132c4601a3
PL-20,yā,NOM/ACC.PL.N relative,b01_h162_19_zur_c_01,RV 1.162.19c,yā́,yā,yá-,pronoun,ACC,N,PL,,,,,accepted,acc plural neuter,VedaWeb TEI 6d94702e078b2d8fc04af1241aba63132c4601a3
NU-02,trīṇi,NOM/ACC.PL.N numeral,b01_h163_03_zur_d_03,RV 1.163.3d,trī́ṇi,trīṇi,trí-,nominal stem,NOM,N,PL,,,,,accepted,nom plural neuter,VedaWeb TEI 6d94702e078b2d8fc04af1241aba63132c4601a3
NU-02,trīṇi,NOM/ACC.PL.N numeral,b01_h163_04_zur_a_01,RV 1.163.4a,trī́ṇi,trīṇi,trí-,nominal stem,NOM,N,PL,,,,,accepted,nom plural neuter,VedaWeb TEI 6d94702e078b2d8fc04af1241aba63132c4601a3
NU-02,trīṇi,NOM/ACC.PL.N numeral,b01_h163_04_zur_b_01,RV 1.163.4b,trī́ṇi,trīṇi,trí-,nominal stem,NOM,N,PL,,,,,accepted,nom plural neuter,VedaWeb TEI 6d94702e078b2d8fc04af1241aba63132c4601a3
NU-02,trīṇi,NOM/ACC.PL.N numeral,b01_h163_04_zur_b_03,RV 1.163.4b,trī́ṇi,trīṇi,trí-,nominal stem,NOM,N,PL,,,,,accepted,nom plural neuter,VedaWeb TEI 6d94702e078b2d8fc04af1241aba63132c4601a3
PL-19,imā,NOM/ACC.PL.N demonstrative,b01_h163_05_zur_a_01,RV 1.163.5a,imā́,imā,ayám,pronoun,NOM,N,PL,,,,,accepted,nom plural neuter,VedaWeb TEI 6d94702e078b2d8fc04af1241aba63132c4601a3
PL-19,imā,NOM/ACC.PL.N demonstrative,b01_h163_05_zur_b_01,RV 1.163.5b,imā́,imā,ayám,pronoun,NOM,N,PL,,,,,accepted,nom plural neuter,VedaWeb TEI 6d94702e078b2d8fc04af1241aba63132c4601a3
PL-04,īḥ,NOM/ACC.PL.F candidate suffix,b01_h163_07_zur_d_04,RV 1.163.7d,óṣadhīḥ,oṣadhīḥ,óṣadhī-,nominal stem,ACC,F,PL,,,,,accepted,acc plural feminine,VedaWeb TEI 6d94702e078b2d8fc04af1241aba63132c4601a3
PL-19,imā,NOM/ACC.PL.N demonstrative,b01_h164_02_zur_d_02,RV 1.164.2d,imā́,imā,ayám,pronoun,NOM,N,PL,,,,,accepted,nom plural neuter,VedaWeb TEI 6d94702e078b2d8fc04af1241aba63132c4601a3
SG-28,enā,INS.SG demonstrative or adverbial,b01_h164_05_zur_b_02,RV 1.164.5b,enā́,enā,ayám,pronoun,INS,,SG,,,,,accepted,instrumental singular,VedaWeb TEI 6d94702e078b2d8fc04af1241aba63132c4601a3
PL-19,imā,NOM/ACC.PL.N demonstrative,b01_h164_06_zur_c_05,RV 1.164.6c,imā́,imā,ayám,pronoun,ACC,N,PL,,,,,accepted,acc plural neuter,VedaWeb TEI 6d94702e078b2d8fc04af1241aba63132c4601a3
PL-04,yaḥ,NOM/ACC.PL.F comparison suffix,b01_h164_16_zur_a_01,RV 1.164.16a,stríyaḥ,striyaḥ,strī́-,nominal stem,ACC,F,PL,,,,,accepted,acc plural feminine,VedaWeb TEI 6d94702e078b2d8fc04af1241aba63132c4601a3
SG-28,enā,INS.SG demonstrative or adverbial,b01_h164_17_zur_a_04,RV 1.164.17a,enā́,enā,ayám,pronoun,INS,,SG,,,,,accepted,instrumental singular,VedaWeb TEI 6d94702e078b2d8fc04af1241aba63132c4601a3
SG-28,enā,INS.SG demonstrative or adverbial,b01_h164_18_zur_b_03,RV 1.164.18b,enā́,enā,ayám,pronoun,INS,,SG,,,,,accepted,instrumental singular,VedaWeb TEI 6d94702e078b2d8fc04af1241aba63132c4601a3
PL-20,yā,NOM/ACC.PL.N relative,b01_h164_19_zur_c_03,RV 1.164.19c,yā́,yā,yá-,pronoun,ACC,N,PL,,,,,accepted,acc plural neuter,VedaWeb TEI 6d94702e078b2d8fc04af1241aba63132c4601a3
PL-04,īḥ,NOM/ACC.PL.F candidate suffix,b01_h164_24_zur_d_04,RV 1.164.24d,vā́ṇīḥ,vāṇīḥ,vā́ṇī-,nominal stem,ACC,F,PL,,,,,accepted,acc plural feminine,VedaWeb TEI 6d94702e078b2d8fc04af1241aba63132c4601a3
SG-28,enā,INS.SG demonstrative or adverbial,b01_h164_43_zur_b_03,RV 1.164.43b,enā́,enā,ayám,pronoun,INS,,SG,,,,,accepted,instrumental singular,VedaWeb TEI 6d94702e078b2d8fc04af1241aba63132c4601a3
NU-02,trīṇi,NOM/ACC.PL.N numeral,b01_h164_45_zur_c_02,RV 1.164.45c,trī́ṇi,trīṇi,trí-,nominal stem,ACC,N,PL,,,,,accepted,acc plural neuter,VedaWeb TEI 6d94702e078b2d8fc04af1241aba63132c4601a3
NU-02,trīṇi,NOM/ACC.PL.N numeral,b01_h164_48_zur_b_01,RV 1.164.48b,trī́ṇi,trīṇi,trí-,nominal stem,NOM,N,PL,,,,,accepted,nom plural neuter,VedaWeb TEI 6d94702e078b2d8fc04af1241aba63132c4601a3
SG-27,asme,DAT/LOC.PL pronoun,b01_h165_03_zur_d_07,RV 1.165.3d,asmé,asme,ahám,pronoun,,,PL,,,,,accepted,plural pronoun; relation untagged,VedaWeb TEI 6d94702e078b2d8fc04af1241aba63132c4601a3
SG-27,asme,DAT/LOC.PL pronoun,b01_h165_07_zur_a_04,RV 1.165.7a,asmé,asme,ahám,pronoun,,,PL,,,,,accepted,plural pronoun; relation untagged,VedaWeb TEI 6d94702e078b2d8fc04af1241aba63132c4601a3
PL-20,yāni,NOM/ACC.PL.N relative,b01_h165_09_zur_d_01,RV 1.165.9d,yā́ni,yāni,yá-,pronoun,,N,PL,,,,,accepted, plural neuter,VedaWeb TEI 6d94702e078b2d8fc04af1241aba63132c4601a3
PL-20,yā,NOM/ACC.PL.N relative,b01_h165_10_zur_b_01,RV 1.165.10b,yā́,yā,yá-,pronoun,ACC,N,PL,,,,,accepted,acc plural neuter,VedaWeb TEI 6d94702e078b2d8fc04af1241aba63132c4601a3
PL-20,yāni,NOM/ACC.PL.N relative,b01_h165_10_zur_d_01,RV 1.165.10d,yā́ni,yāni,yá-,pronoun,,N,PL,,,,,accepted, plural neuter,VedaWeb TEI 6d94702e078b2d8fc04af1241aba63132c4601a3
PL-19,imā,NOM/ACC.PL.N demonstrative,b01_h165_14_zur_d_01,RV 1.165.14d,imā́,imā,ayám,pronoun,ACC,N,PL,,,,,accepted,acc plural neuter,VedaWeb TEI 6d94702e078b2d8fc04af1241aba63132c4601a3
PL-04,yaḥ,NOM/ACC.PL.F comparison suffix,b01_h166_10_zur_d_06,RV 1.166.10d,śríyaḥ,śriyaḥ,śrī́-,nominal stem,ACC,F,PL,,,,,accepted,acc plural feminine,VedaWeb TEI 6d94702e078b2d8fc04af1241aba63132c4601a3
SG-28,ayā,INS.SG demonstrative or adverbial,b01_h166_13_zur_c_01,RV 1.166.13c,ayā́,ayā,ayám,pronoun,INS,F,SG,,,,,accepted,instrumental singular,VedaWeb TEI 6d94702e078b2d8fc04af1241aba63132c4601a3
NU-06,sahasram,syntax review: uninflected collective,b01_h167_01_zur_a_01,RV 1.167.1a,sahásram,sahasram,sahásra-,nominal stem,,N,SG,,,,,review,token morphology cannot decide the construction,VedaWeb TEI 6d94702e078b2d8fc04af1241aba63132c4601a3
NU-06,sahasram,syntax review: uninflected collective,b01_h167_01_zur_b_01,RV 1.167.1b,sahásram,sahasram,sahásra-,nominal stem,,N,SG,,,,,review,token morphology cannot decide the construction,VedaWeb TEI 6d94702e078b2d8fc04af1241aba63132c4601a3
NU-06,sahasram,syntax review: uninflected collective,b01_h167_01_zur_c_01,RV 1.167.1c,sahásram,sahasram,sahásra-,nominal stem,,N,SG,,,,,review,token morphology cannot decide the construction,VedaWeb TEI 6d94702e078b2d8fc04af1241aba63132c4601a3
SG-27,asme,DAT/LOC.PL pronoun,b01_h167_09_zur_a_06,RV 1.167.9a,asmé,asme,ahám,pronoun,,,PL,,,,,accepted,plural pronoun; relation untagged,VedaWeb TEI 6d94702e078b2d8fc04af1241aba63132c4601a3
SG-27,asme,DAT/LOC.PL pronoun,b01_h169_03_zur_a_06,RV 1.169.3a,asmé,asme,ahám,pronoun,,,PL,,,,,accepted,plural pronoun; relation untagged,VedaWeb TEI 6d94702e078b2d8fc04af1241aba63132c4601a3
SG-28,enā,INS.SG demonstrative or adverbial,b01_h171_01_zur_a_03,RV 1.171.1a,enā́,enā,ayám,pronoun,INS,,SG,,,,,accepted,instrumental singular,VedaWeb TEI 6d94702e078b2d8fc04af1241aba63132c4601a3
PL-04,īḥ,NOM/ACC.PL.F candidate suffix,b01_h173_07_zur_c_04,RV 1.173.7c,kṣoṇī́ḥ,kṣoṇīḥ,kṣoṇí- ~ kṣoṇī́-,nominal stem,NOM,F,PL,,,,,accepted,nom plural feminine,VedaWeb TEI 6d94702e078b2d8fc04af1241aba63132c4601a3
PL-04,īḥ,NOM/ACC.PL.F candidate suffix,b01_h173_08_zur_b_06,RV 1.173.8b,devī́ḥ,devīḥ,devī́-,nominal stem,NOM,F,PL,,,,,accepted,nom plural feminine,VedaWeb TEI 6d94702e078b2d8fc04af1241aba63132c4601a3
SG-27,asme,DAT/LOC.PL pronoun,b01_h173_13_zur_a_05,RV 1.173.13a,asmé,asme,ahám,pronoun,,,PL,,,,,accepted,plural pronoun; relation untagged,VedaWeb TEI 6d94702e078b2d8fc04af1241aba63132c4601a3
PL-04,īḥ,NOM/ACC.PL.F candidate suffix,b01_h174_03_zur_a_04,RV 1.174.3a,śū́rapatnīḥ,śūrapatnīḥ,śū́rapatnī-,nominal stem,ACC,F,PL,,,,,accepted,acc plural feminine,VedaWeb TEI 6d94702e078b2d8fc04af1241aba63132c4601a3
NU-05,pañca,syntax review: uninflected numeral,b01_h176_03_zur_b_01,RV 1.176.3b,páñca,pañca,páñca-,nominal stem,,,PL,,,,,review,token morphology cannot decide the construction,VedaWeb TEI 6d94702e078b2d8fc04af1241aba63132c4601a3
PL-19,imā,NOM/ACC.PL.N demonstrative,b01_h177_04_zur_b_01,RV 1.177.4b,imā́,imā,ayám,pronoun,NOM,N,PL,,,,,accepted,nom plural neuter,VedaWeb TEI 6d94702e078b2d8fc04af1241aba63132c4601a3
PL-20,yā,NOM/ACC.PL.N relative,b01_h178_02_zur_b_01,RV 1.178.2b,yā́,yā,yá-,pronoun,ACC,N,PL,,,,,accepted,acc plural neuter,VedaWeb TEI 6d94702e078b2d8fc04af1241aba63132c4601a3
PL-04,īḥ,NOM/ACC.PL.F candidate suffix,b01_h179_01_zur_d_04,RV 1.179.1d,pátnīḥ,patnīḥ,pátnī-,nominal stem,ACC,F,PL,,,,,accepted,acc plural feminine,VedaWeb TEI 6d94702e078b2d8fc04af1241aba63132c4601a3
PL-04,īḥ,NOM/ACC.PL.F candidate suffix,b01_h179_02_zur_d_04,RV 1.179.2d,pátnīḥ,patnīḥ,pátnī-,nominal stem,NOM,F,PL,,,,,accepted,nom plural feminine,VedaWeb TEI 6d94702e078b2d8fc04af1241aba63132c4601a3
PL-04,yaḥ,NOM/ACC.PL.F comparison suffix,b01_h181_06_zur_d_03,RV 1.181.6d,nadyàḥ,nadyaḥ,nadī́-,nominal stem,NOM,F,PL,,,,,accepted,nom plural feminine,VedaWeb TEI 6d94702e078b2d8fc04af1241aba63132c4601a3
SG-27,asme,DAT/LOC.PL pronoun,b01_h184_02_zur_a_01,RV 1.184.2a,asmé,asme,ahám,pronoun,,,PL,,,,,accepted,plural pronoun; relation untagged,VedaWeb TEI 6d94702e078b2d8fc04af1241aba63132c4601a3
SG-27,asme,DAT/LOC.PL pronoun,b01_h184_04_zur_a_01,RV 1.184.4a,asmé,asme,ahám,pronoun,,,PL,,,,,accepted,plural pronoun; relation untagged,VedaWeb TEI 6d94702e078b2d8fc04af1241aba63132c4601a3
DU-07,anī,NOM/ACC/VOC.DU.N candidate suffix,b01_h185_01_zur_d_03,RV 1.185.1d,áhanī,ahanī,áhar ~ áhan-,nominal stem,NOM,N,DU,,,,,accepted,neuter dual,VedaWeb TEI 6d94702e078b2d8fc04af1241aba63132c4601a3
DU-07,anī,NOM/ACC/VOC.DU.N candidate suffix,b01_h185_06_zur_a_02,RV 1.185.6a,sádmanī,sadmanī,sádman-,nominal stem,ACC,N,DU,,,,,accepted,neuter dual,VedaWeb TEI 6d94702e078b2d8fc04af1241aba63132c4601a3
PL-04,īḥ,NOM/ACC.PL.F candidate suffix,b01_h186_07_zur_c_06,RV 1.186.7c,pátnīḥ,patnīḥ,pátnī-,nominal stem,NOM,F,PL,,,,,accepted,nom plural feminine,VedaWeb TEI 6d94702e078b2d8fc04af1241aba63132c4601a3
SG-27,asme,DAT/LOC.PL pronoun,b01_h186_11_zur_a_04,RV 1.186.11a,asmé,asme,ahám,pronoun,,,PL,,,,,accepted,plural pronoun; relation untagged,VedaWeb TEI 6d94702e078b2d8fc04af1241aba63132c4601a3
NU-06,sahasram,syntax review: uninflected collective,b01_h189_08_zur_c_02,RV 1.189.8c,sahásram,sahasram,sahásra-,nominal stem,,N,SG,,,,,review,token morphology cannot decide the construction,VedaWeb TEI 6d94702e078b2d8fc04af1241aba63132c4601a3
PL-04,yaḥ,NOM/ACC.PL.F comparison suffix,b01_h191_08_zur_d_03,RV 1.191.8d,yātudhānyàḥ,yātudhānyaḥ,yātudhānī́-,nominal stem,ACC,F,PL,,,,,accepted,acc plural feminine,VedaWeb TEI 6d94702e078b2d8fc04af1241aba63132c4601a3
PL-04,yaḥ,NOM/ACC.PL.F comparison suffix,b01_h191_14_zur_a_03,RV 1.191.14a,mayūryàḥ,mayūryaḥ,mayūrī́-,nominal stem,NOM,F,PL,,,,,accepted,nom plural feminine,VedaWeb TEI 6d94702e078b2d8fc04af1241aba63132c4601a3
PL-04,yaḥ,NOM/ACC.PL.F comparison suffix,b02_h001_12_zur_b_06,RV 2.1.12b,śríyaḥ,śriyaḥ,śrī́-,nominal stem,NOM,F,PL,,,,,accepted,nom plural feminine,VedaWeb TEI 6d94702e078b2d8fc04af1241aba63132c4601a3
PL-04,īḥ,NOM/ACC.PL.F candidate suffix,b02_h002_02_zur_a_03,RV 2.2.2a,náktīḥ,naktīḥ,náktī-,nominal stem,NOM,F,PL,,,,,accepted,nom plural feminine,VedaWeb TEI 6d94702e078b2d8fc04af1241aba63132c4601a3
NU-05,pañca,syntax review: uninflected numeral,b02_h002_10_zur_c_04,RV 2.2.10c,páñca,pañca,páñca-,nominal stem,,,PL,,,,,review,token morphology cannot decide the construction,VedaWeb TEI 6d94702e078b2d8fc04af1241aba63132c4601a3
PL-04,īḥ,NOM/ACC.PL.F candidate suffix,b02_h003_05_zur_b_02,RV 2.3.5b,devī́ḥ,devīḥ,devī́-,nominal stem,NOM,F,PL,,,,,accepted,nom plural feminine,VedaWeb TEI 6d94702e078b2d8fc04af1241aba63132c4601a3
PL-04,īḥ,NOM/ACC.PL.F candidate suffix,b02_h003_08_zur_c_02,RV 2.3.8c,devī́ḥ,devīḥ,devī́-,nominal stem,NOM,F,PL,,,,,accepted,nom plural feminine,VedaWeb TEI 6d94702e078b2d8fc04af1241aba63132c4601a3
SG-27,asme,DAT/LOC.PL pronoun,b02_h003_09_zur_c_06,RV 2.3.9c,asmé,asme,ahám,pronoun,DAT,,PL,,,,,accepted,dat plural pronoun,VedaWeb TEI 6d94702e078b2d8fc04af1241aba63132c4601a3
SG-27,asme,DAT/LOC.PL pronoun,b02_h004_08_zur_c_01,RV 2.4.8c,asmé,asme,ahám,pronoun,,,PL,,,,,accepted,plural pronoun; relation untagged,VedaWeb TEI 6d94702e078b2d8fc04af1241aba63132c4601a3
SG-28,ayā,INS.SG demonstrative or adverbial,b02_h006_02_zur_a_01,RV 2.6.2a,ayā́,ayā,ayám,pronoun,INS,F,SG,,,,,accepted,instrumental singular,VedaWeb TEI 6d94702e078b2d8fc04af1241aba63132c4601a3
SG-28,enā,INS.SG demonstrative or adverbial,b02_h006_02_zur_c_01,RV 2.6.2c,enā́,enā,ayám,pronoun,INS,,SG,,,,,accepted,instrumental singular,VedaWeb TEI 6d94702e078b2d8fc04af1241aba63132c4601a3
SG-28,enā,INS.SG demonstrative or adverbial,b02_h009_06_zur_a_02,RV 2.9.6a,enā́,enā,ayám,pronoun,INS,,SG,,,,,accepted,instrumental singular,VedaWeb TEI 6d94702e078b2d8fc04af1241aba63132c4601a3
SG-27,asme,DAT/LOC.PL pronoun,b02_h009_06_zur_a_05,RV 2.9.6a,asmé,asme,ahám,pronoun,,,PL,,,,,accepted,plural pronoun; relation untagged,VedaWeb TEI 6d94702e078b2d8fc04af1241aba63132c4601a3
SG-27,asme,DAT/LOC.PL pronoun,b02_h011_04_zur_c_05,RV 2.11.4c,asmé,asme,ahám,pronoun,DAT,,PL,,,,,accepted,dat plural pronoun,VedaWeb TEI 6d94702e078b2d8fc04af1241aba63132c4601a3
PL-04,īḥ,NOM/ACC.PL.F candidate suffix,b02_h011_04_zur_d_01,RV 2.11.4d,dā́sīḥ,dāsīḥ,dā́sī-,nominal stem,ACC,F,PL,,,,,accepted,acc plural feminine,VedaWeb TEI 6d94702e078b2d8fc04af1241aba63132c4601a3
SG-27,asme,DAT/LOC.PL pronoun,b02_h011_13_zur_d_01,RV 2.11.13d,asmé,asme,ahám,pronoun,DAT,,PL,,,,,accepted,dat plural pronoun,VedaWeb TEI 6d94702e078b2d8fc04af1241aba63132c4601a3
SG-27,asme,DAT/LOC.PL pronoun,b02_h011_14_zur_a_05,RV 2.11.14a,asmé,asme,ahám,pronoun,DAT,,PL,,,,,accepted,dat plural pronoun,VedaWeb TEI 6d94702e078b2d8fc04af1241aba63132c4601a3
PL-19,imā,NOM/ACC.PL.N demonstrative,b02_h012_04_zur_a_02,RV 2.12.4a,imā́,imā,ayám,pronoun,NOM,N,PL,,,,,accepted,nom plural neuter,VedaWeb TEI 6d94702e078b2d8fc04af1241aba63132c4601a3
NU-06,śatam,syntax review: uninflected collective,b02_h013_09_zur_a_01,RV 2.13.9a,śatám,śatam,śatá-,nominal stem,,N,SG,,,,,review,token morphology cannot decide the construction,VedaWeb TEI 6d94702e078b2d8fc04af1241aba63132c4601a3
NU-05,pañca,syntax review: uninflected numeral,b02_h013_10_zur_c_04,RV 2.13.10c,páñca,pañca,páñca-,nominal stem,ACC,,PL,,,,,review,token morphology cannot decide the construction,VedaWeb TEI 6d94702e078b2d8fc04af1241aba63132c4601a3
PL-20,yā,NOM/ACC.PL.N relative,b02_h013_11_zur_d_01,RV 2.13.11d,yā́,yā,yá-,pronoun,ACC,N,PL,,,,,accepted,acc plural neuter,VedaWeb TEI 6d94702e078b2d8fc04af1241aba63132c4601a3
NU-06,śatam,syntax review: uninflected collective,b02_h014_06_zur_a_03,RV 2.14.6a,śatám,śatam,śatá-,nominal stem,,N,SG,,,,,review,token morphology cannot decide the construction,VedaWeb TEI 6d94702e078b2d8fc04af1241aba63132c4601a3
NU-06,śatam,syntax review: uninflected collective,b02_h014_06_zur_c_03,RV 2.14.6c,śatám,śatam,śatá-,nominal stem,,N,SG,,,,,review,token morphology cannot decide the construction,VedaWeb TEI 6d94702e078b2d8fc04af1241aba63132c4601a3
NU-06,sahasram,syntax review: uninflected collective,b02_h014_06_zur_c_05,RV 2.14.6c,sahásram,sahasram,sahásra-,nominal stem,,N,SG,,,,,review,token morphology cannot decide the construction,VedaWeb TEI 6d94702e078b2d8fc04af1241aba63132c4601a3
NU-06,śatam,syntax review: uninflected collective,b02_h014_07_zur_a_03,RV 2.14.7a,śatám,śatam,śatá-,nominal stem,,N,SG,,,,,review,token morphology cannot decide the construction,VedaWeb TEI 6d94702e078b2d8fc04af1241aba63132c4601a3
NU-06,sahasram,syntax review: uninflected collective,b02_h014_07_zur_a_05,RV 2.14.7a,sahásram,sahasram,sahásra-,nominal stem,,N,SG,,,,,review,token morphology cannot decide the construction,VedaWeb TEI 6d94702e078b2d8fc04af1241aba63132c4601a3
PL-04,īḥ,NOM/ACC.PL.F candidate suffix,b02_h020_07_zur_b_02,RV 2.20.7b,dā́sīḥ,dāsīḥ,dā́sī-,nominal stem,ACC,F,PL,,,,,accepted,acc plural feminine,VedaWeb TEI 6d94702e078b2d8fc04af1241aba63132c4601a3
PL-04,yaḥ,NOM/ACC.PL.F comparison suffix,b02_h021_05_zur_b_01,RV 2.21.5b,dhíyaḥ,dhiyaḥ,dhī́-,nominal stem,ACC,F,PL,,,,,accepted,acc plural feminine,VedaWeb TEI 6d94702e078b2d8fc04af1241aba63132c4601a3
SG-27,asme,DAT/LOC.PL pronoun,b02_h021_06_zur_b_04,RV 2.21.6b,asmé,asme,ahám,pronoun,,,PL,,,,,accepted,plural pronoun; relation untagged,VedaWeb TEI 6d94702e078b2d8fc04af1241aba63132c4601a3
SG-28,ayā,INS.SG demonstrative or adverbial,b02_h024_01_zur_b_01,RV 2.24.1b,ayā́,ayā,ayám,pronoun,INS,F,SG,,,,,accepted,instrumental singular,VedaWeb TEI 6d94702e078b2d8fc04af1241aba63132c4601a3
PL-20,yā,NOM/ACC.PL.N relative,b02_h024_05_zur_d_01,RV 2.24.5d,yā́,yā,yá-,pronoun,ACC,N,PL,,,,,accepted,acc plural neuter,VedaWeb TEI 6d94702e078b2d8fc04af1241aba63132c4601a3
PL-19,imā,NOM/ACC.PL.N demonstrative,b02_h024_10_zur_c_01,RV 2.24.10c,imā́,imā,ayám,pronoun,NOM,N,PL,,,,,accepted,nom plural neuter,VedaWeb TEI 6d94702e078b2d8fc04af1241aba63132c4601a3
NU-02,trīṇi,NOM/ACC.PL.N numeral,b02_h027_08_zur_b_01,RV 2.27.8b,trī́ṇi,trīṇi,trí-,nominal stem,NOM,N,PL,,,,,accepted,nom plural neuter,VedaWeb TEI 6d94702e078b2d8fc04af1241aba63132c4601a3
NU-02,trī,NOM/ACC.PL.N numeral,b02_h027_09_zur_a_01,RV 2.27.9a,trī́,trī,trí-,nominal stem,ACC,N,PL,,,,,accepted,acc plural neuter,VedaWeb TEI 6d94702e078b2d8fc04af1241aba63132c4601a3
NU-06,śatam,syntax review: uninflected collective,b02_h027_10_zur_c_01,RV 2.27.10c,śatám,śatam,śatá-,nominal stem,ACC,N,SG,,,,,review,token morphology cannot decide the construction,VedaWeb TEI 6d94702e078b2d8fc04af1241aba63132c4601a3
PL-20,yāni,NOM/ACC.PL.N relative,b02_h030_10_zur_b_03,RV 2.30.10b,yā́ni,yāni,yá-,pronoun,,N,PL,,,,,accepted, plural neuter,VedaWeb TEI 6d94702e078b2d8fc04af1241aba63132c4601a3
SG-16,śami,INS.SG.F,b02_h031_06_zur_d_05,RV 2.31.6d,śámi,śami,śámī-,nominal stem,INS,F,SG,,,,,accepted,instrumental singular feminine,VedaWeb TEI 6d94702e078b2d8fc04af1241aba63132c4601a3
NU-06,śatam,syntax review: uninflected collective,b02_h033_02_zur_b_01,RV 2.33.2b,śatám,śatam,śatá-,nominal stem,ACC,N,SG,,,,,review,token morphology cannot decide the construction,VedaWeb TEI 6d94702e078b2d8fc04af1241aba63132c4601a3
SG-27,asme,DAT/LOC.PL pronoun,b02_h033_12_zur_d_05,RV 2.33.12d,asmé,asme,ahám,pronoun,,,PL,,,,,accepted,plural pronoun; relation untagged,VedaWeb TEI 6d94702e078b2d8fc04af1241aba63132c4601a3
PL-20,yā,NOM/ACC.PL.N relative,b02_h033_13_zur_a_01,RV 2.33.13a,yā́,yā,yá-,pronoun,NOM,N,PL,,,,,accepted,nom plural neuter,VedaWeb TEI 6d94702e078b2d8fc04af1241aba63132c4601a3
PL-20,yā,NOM/ACC.PL.N relative,b02_h033_13_zur_b_01,RV 2.33.13b,yā́,yā,yá-,pronoun,NOM,N,PL,,,,,accepted,nom plural neuter,VedaWeb TEI 6d94702e078b2d8fc04af1241aba63132c4601a3
PL-20,yā,NOM/ACC.PL.N relative,b02_h033_13_zur_b_04,RV 2.33.13b,yā́,yā,yá-,pronoun,NOM,N,PL,,,,,accepted,nom plural neuter,VedaWeb TEI 6d94702e078b2d8fc04af1241aba63132c4601a3
PL-20,yāni,NOM/ACC.PL.N relative,b02_h033_13_zur_c_01,RV 2.33.13c,yā́ni,yāni,yá-,pronoun,ACC,N,PL,,,,,accepted,acc plural neuter,VedaWeb TEI 6d94702e078b2d8fc04af1241aba63132c4601a3
PL-04,īḥ,NOM/ACC.PL.F candidate suffix,b02_h034_12_zur_c_03,RV 2.34.12c,rāmī́ḥ,rāmīḥ,rāmī́-,nominal stem,ACC,F,PL,,,,,accepted,acc plural feminine,VedaWeb TEI 6d94702e078b2d8fc04af1241aba63132c4601a3
SG-28,enā,INS.SG demonstrative or adverbial,b02_h034_14_zur_b_04,RV 2.34.14b,enā́,enā,ayám,pronoun,INS,,SG,,,,,accepted,instrumental singular,VedaWeb TEI 6d94702e078b2d8fc04af1241aba63132c4601a3
NU-05,pañca,syntax review: uninflected numeral,b02_h034_14_zur_c_04,RV 2.34.14c,páñca,pañca,páñca-,nominal stem,ACC,M,PL,,,,,review,token morphology cannot decide the construction,VedaWeb TEI 6d94702e078b2d8fc04af1241aba63132c4601a3
PL-04,yaḥ,NOM/ACC.PL.F comparison suffix,b02_h035_03_zur_b_03,RV 2.35.3b,nadyàḥ,nadyaḥ,nadī́-,nominal stem,NOM,F,PL,,,,,accepted,nom plural feminine,VedaWeb TEI 6d94702e078b2d8fc04af1241aba63132c4601a3
SG-27,asme,DAT/LOC.PL pronoun,b02_h035_04_zur_c_05,RV 2.35.4c,asmé,asme,ahám,pronoun,,,PL,,,,,accepted,plural pronoun; relation untagged,VedaWeb TEI 6d94702e078b2d8fc04af1241aba63132c4601a3
PL-04,īḥ,NOM/ACC.PL.F candidate suffix,b02_h035_05_zur_a_04,RV 2.35.5a,nā́rīḥ,nārīḥ,nā́rī-,nominal stem,NOM,F,PL,,,,,accepted,nom plural feminine,VedaWeb TEI 6d94702e078b2d8fc04af1241aba63132c4601a3
PL-04,īḥ,NOM/ACC.PL.F candidate suffix,b02_h035_05_zur_b_02,RV 2.35.5b,devī́ḥ,devīḥ,devī́-,nominal stem,NOM,F,PL,,,,,accepted,nom plural feminine,VedaWeb TEI 6d94702e078b2d8fc04af1241aba63132c4601a3
PL-04,īḥ,NOM/ACC.PL.F candidate suffix,b02_h035_09_zur_d_04,RV 2.35.9d,yahvī́ḥ,yahvīḥ,yahvī́-,nominal stem,NOM,F,PL,,,,,accepted,nom plural feminine,VedaWeb TEI 6d94702e078b2d8fc04af1241aba63132c4601a3
PL-04,īḥ,NOM/ACC.PL.F candidate suffix,b02_h035_14_zur_d_05,RV 2.35.14d,yahvī́ḥ,yahvīḥ,yahvī́-,nominal stem,NOM,F,PL,,,,,accepted,nom plural feminine,VedaWeb TEI 6d94702e078b2d8fc04af1241aba63132c4601a3
SG-27,asme,DAT/LOC.PL pronoun,b02_h039_06_zur_d_05,RV 2.39.6d,asmé,asme,ahám,pronoun,,,PL,,,,,accepted,plural pronoun; relation untagged,VedaWeb TEI 6d94702e078b2d8fc04af1241aba63132c4601a3
SG-27,asme,DAT/LOC.PL pronoun,b02_h040_04_zur_d_06,RV 2.40.4d,asmé,asme,ahám,pronoun,,,PL,,,,,accepted,plural pronoun; relation untagged,VedaWeb TEI 6d94702e078b2d8fc04af1241aba63132c4601a3
PL-19,imā,NOM/ACC.PL.N demonstrative,b02_h041_18_zur_a_01,RV 2.41.18a,imā́,imā,ayám,pronoun,ACC,N,PL,,,,,accepted,acc plural neuter,VedaWeb TEI 6d94702e078b2d8fc04af1241aba63132c4601a3
PL-20,yā,NOM/ACC.PL.N relative,b02_h041_18_zur_c_01,RV 2.41.18c,yā́,yā,yá-,pronoun,ACC,N,PL,,,,,accepted,acc plural neuter,VedaWeb TEI 6d94702e078b2d8fc04af1241aba63132c4601a3
PL-04,īḥ,NOM/ACC.PL.F candidate suffix,b03_h001_04_zur_a_04,RV 3.1.4a,yahvī́ḥ,yahvīḥ,yahvī́-,nominal stem,NOM,F,PL,,,,,accepted,nom plural feminine,VedaWeb TEI 6d94702e078b2d8fc04af1241aba63132c4601a3
PL-04,yaḥ,NOM/ACC.PL.F comparison suffix,b03_h001_05_zur_d_01,RV 3.1.5d,śríyaḥ,śriyaḥ,śrī́-,nominal stem,ACC,F,PL,,,,,accepted,acc plural feminine,VedaWeb TEI 6d94702e078b2d8fc04af1241aba63132c4601a3
PL-04,īḥ,NOM/ACC.PL.F candidate suffix,b03_h001_06_zur_b_02,RV 3.1.6b,yahvī́ḥ,yahvīḥ,yahvī́-,nominal stem,ACC,F,PL,,,,,accepted,acc plural feminine,VedaWeb TEI 6d94702e078b2d8fc04af1241aba63132c4601a3
PL-04,īḥ,NOM/ACC.PL.F candidate suffix,b03_h001_06_zur_d_05,RV 3.1.6d,vā́ṇīḥ,vāṇīḥ,vā́ṇī-,nominal stem,NOM,F,PL,,,,,accepted,nom plural feminine,VedaWeb TEI 6d94702e078b2d8fc04af1241aba63132c4601a3
SG-27,asme,DAT/LOC.PL pronoun,b03_h001_19_zur_c_01,RV 3.1.19c,asmé,asme,ahám,pronoun,,,PL,,,,,accepted,plural pronoun; relation untagged,VedaWeb TEI 6d94702e078b2d8fc04af1241aba63132c4601a3
PL-19,imā,NOM/ACC.PL.N demonstrative,b03_h001_20_zur_c_05,RV 3.1.20c,imā́,imā,ayám,pronoun,NOM,N,PL,,,,,accepted,nom plural neuter,VedaWeb TEI 6d94702e078b2d8fc04af1241aba63132c4601a3
SG-27,asme,DAT/LOC.PL pronoun,b03_h001_23_zur_d_06,RV 3.1.23d,asmé,asme,ahám,pronoun,,,PL,,,,,accepted,plural pronoun; relation untagged,VedaWeb TEI 6d94702e078b2d8fc04af1241aba63132c4601a3
SG-27,asme,DAT/LOC.PL pronoun,b03_h004_01_zur_a_04,RV 3.4.1a,asmé,asme,ahám,pronoun,,,PL,,,,,accepted,plural pronoun; relation untagged,VedaWeb TEI 6d94702e078b2d8fc04af1241aba63132c4601a3
PL-04,īḥ,NOM/ACC.PL.F candidate suffix,b03_h004_08_zur_d_02,RV 3.4.8d,devī́ḥ,devīḥ,devī́-,nominal stem,NOM,F,PL,,,,,accepted,nom plural feminine,VedaWeb TEI 6d94702e078b2d8fc04af1241aba63132c4601a3
SG-27,asme,DAT/LOC.PL pronoun,b03_h005_11_zur_d_06,RV 3.5.11d,asmé,asme,ahám,pronoun,,,PL,,,,,accepted,plural pronoun; relation untagged,VedaWeb TEI 6d94702e078b2d8fc04af1241aba63132c4601a3
PL-04,yaḥ,NOM/ACC.PL.F comparison suffix,b03_h006_08_zur_d_02,RV 3.6.8d,rathyàḥ,rathyaḥ,rathī́-,nominal stem,NOM,F,PL,,,,,accepted,nom plural feminine,VedaWeb TEI 6d94702e078b2d8fc04af1241aba63132c4601a3
SG-27,asme,DAT/LOC.PL pronoun,b03_h006_11_zur_d_06,RV 3.6.11d,asmé,asme,ahám,pronoun,,,PL,,,,,accepted,plural pronoun; relation untagged,VedaWeb TEI 6d94702e078b2d8fc04af1241aba63132c4601a3
PL-04,īḥ,NOM/ACC.PL.F candidate suffix,b03_h007_01_zur_b_05,RV 3.7.1b,vā́ṇīḥ,vāṇīḥ,vā́ṇī-,nominal stem,NOM,F,PL,,,,,accepted,nom plural feminine,VedaWeb TEI 6d94702e078b2d8fc04af1241aba63132c4601a3
PL-04,īḥ,NOM/ACC.PL.F candidate suffix,b03_h007_02_zur_b_01,RV 3.7.2b,devī́ḥ,devīḥ,devī́-,nominal stem,ACC,F,PL,,,,,accepted,acc plural feminine,VedaWeb TEI 6d94702e078b2d8fc04af1241aba63132c4601a3
SG-27,asme,DAT/LOC.PL pronoun,b03_h007_11_zur_d_06,RV 3.7.11d,asmé,asme,ahám,pronoun,,,PL,,,,,accepted,plural pronoun; relation untagged,VedaWeb TEI 6d94702e078b2d8fc04af1241aba63132c4601a3
SG-27,asme,DAT/LOC.PL pronoun,b03_h008_06_zur_d_02,RV 3.8.6d,asmé,asme,ahám,pronoun,,,PL,,,,,accepted,plural pronoun; relation untagged,VedaWeb TEI 6d94702e078b2d8fc04af1241aba63132c4601a3
NU-02,trīṇi,NOM/ACC.PL.N numeral,b03_h009_09_zur_a_01,RV 3.9.9a,trī́ṇi,trīṇi,trí-,nominal stem,NOM,N,PL,,,,,accepted,nom plural neuter,VedaWeb TEI 6d94702e078b2d8fc04af1241aba63132c4601a3
NU-02,trī,NOM/ACC.PL.N numeral,b03_h009_09_zur_a_03,RV 3.9.9a,trī́,trī,trí-,nominal stem,NOM,N,PL,,,,,accepted,nom plural neuter,VedaWeb TEI 6d94702e078b2d8fc04af1241aba63132c4601a3
SG-27,asme,DAT/LOC.PL pronoun,b03_h010_08_zur_b_02,RV 3.10.8b,asmé,asme,ahám,pronoun,,,PL,,,,,accepted,plural pronoun; relation untagged,VedaWeb TEI 6d94702e078b2d8fc04af1241aba63132c4601a3
SG-28,ayā,INS.SG demonstrative or adverbial,b03_h012_02_zur_c_01,RV 3.12.2c,ayā́,ayā,ayám,pronoun,INS,F,SG,,,,,accepted,instrumental singular,VedaWeb TEI 6d94702e078b2d8fc04af1241aba63132c4601a3
PL-04,īḥ,NOM/ACC.PL.F candidate suffix,b03_h012_06_zur_b_01,RV 3.12.6b,dāsápatnīḥ,dāsapatnīḥ,dāsápatnī-,nominal stem,ACC,F,PL,,,,,accepted,acc plural feminine,VedaWeb TEI 6d94702e078b2d8fc04af1241aba63132c4601a3
PL-20,yāni,NOM/ACC.PL.N relative,b03_h014_07_zur_a_04,RV 3.14.7a,yā́ni,yāni,yá-,pronoun,,N,PL,,,,,accepted, plural neuter,VedaWeb TEI 6d94702e078b2d8fc04af1241aba63132c4601a3
PL-19,imā,NOM/ACC.PL.N demonstrative,b03_h014_07_zur_a_05,RV 3.14.7a,imā́,imā,ayám,pronoun,NOM,N,PL,,,,,accepted,nom plural neuter,VedaWeb TEI 6d94702e078b2d8fc04af1241aba63132c4601a3
SG-27,asme,DAT/LOC.PL pronoun,b03_h015_07_zur_d_06,RV 3.15.7d,asmé,asme,ahám,pronoun,,,PL,,,,,accepted,plural pronoun; relation untagged,VedaWeb TEI 6d94702e078b2d8fc04af1241aba63132c4601a3
NU-02,trīṇi,NOM/ACC.PL.N numeral,b03_h017_03_zur_a_01,RV 3.17.3a,trī́ṇi,trīṇi,trí-,nominal stem,NOM,N,PL,,,,,accepted,nom plural neuter,VedaWeb TEI 6d94702e078b2d8fc04af1241aba63132c4601a3
NU-02,trī,NOM/ACC.PL.N numeral,b03_h020_02_zur_a_02,RV 3.20.2a,trī́,trī,trí-,nominal stem,NOM,N,PL,,,,,accepted,nom plural neuter,VedaWeb TEI 6d94702e078b2d8fc04af1241aba63132c4601a3
NU-02,trī,NOM/ACC.PL.N numeral,b03_h020_02_zur_a_05,RV 3.20.2a,trī́,trī,trí-,nominal stem,NOM,N,PL,,,,,accepted,nom plural neuter,VedaWeb TEI 6d94702e078b2d8fc04af1241aba63132c4601a3
PL-19,imā,NOM/ACC.PL.N demonstrative,b03_h021_01_zur_b_01,RV 3.21.1b,imā́,imā,ayám,pronoun,ACC,N,PL,,,,,accepted,acc plural neuter,VedaWeb TEI 6d94702e078b2d8fc04af1241aba63132c4601a3
SG-27,asme,DAT/LOC.PL pronoun,b03_h022_05_zur_d_06,RV 3.22.5d,asmé,asme,ahám,pronoun,,,PL,,,,,accepted,plural pronoun; relation untagged,VedaWeb TEI 6d94702e078b2d8fc04af1241aba63132c4601a3
SG-27,asme,DAT/LOC.PL pronoun,b03_h023_05_zur_d_06,RV 3.23.5d,asmé,asme,ahám,pronoun,,,PL,,,,,accepted,plural pronoun; relation untagged,VedaWeb TEI 6d94702e078b2d8fc04af1241aba63132c4601a3
PL-19,imā,NOM/ACC.PL.N demonstrative,b03_h030_02_zur_c_05,RV 3.30.2c,imā́,imā,ayám,pronoun,NOM,N,PL,,,,,accepted,nom plural neuter,VedaWeb TEI 6d94702e078b2d8fc04af1241aba63132c4601a3
PL-04,īḥ,NOM/ACC.PL.F candidate suffix,b03_h030_10_zur_d_03,RV 3.30.10d,vā́ṇīḥ,vāṇīḥ,vā́ṇī-,nominal stem,NOM,F,PL,,,,,accepted,nom plural feminine,VedaWeb TEI 6d94702e078b2d8fc04af1241aba63132c4601a3
SG-27,asme,DAT/LOC.PL pronoun,b03_h030_18_zur_d_01,RV 3.30.18d,asmé,asme,ahám,pronoun,,,PL,,,,,accepted,plural pronoun; relation untagged,VedaWeb TEI 6d94702e078b2d8fc04af1241aba63132c4601a3
SG-27,asme,DAT/LOC.PL pronoun,b03_h030_19_zur_c_05,RV 3.30.19c,asmé,asme,ahám,pronoun,,,PL,,,,,accepted,plural pronoun; relation untagged,VedaWeb TEI 6d94702e078b2d8fc04af1241aba63132c4601a3
PL-04,īḥ,NOM/ACC.PL.F candidate suffix,b03_h031_13_zur_d_03,RV 3.31.13d,táviṣīḥ,taviṣīḥ,táviṣī-,nominal stem,NOM,F,PL,,,,,accepted,nom plural feminine,VedaWeb TEI 6d94702e078b2d8fc04af1241aba63132c4601a3
PL-04,īḥ,NOM/ACC.PL.F candidate suffix,b03_h032_06_zur_d_03,RV 3.32.6d,devī́ḥ,devīḥ,devī́-,nominal stem,ACC,F,PL,,,,,accepted,acc plural feminine,VedaWeb TEI 6d94702e078b2d8fc04af1241aba63132c4601a3
SG-28,enā,INS.SG demonstrative or adverbial,b03_h033_04_zur_a_01,RV 3.33.4a,enā́,enā,ayám,pronoun,INS,,SG,,,,,accepted,instrumental singular,VedaWeb TEI 6d94702e078b2d8fc04af1241aba63132c4601a3
PL-04,yaḥ,NOM/ACC.PL.F comparison suffix,b03_h033_04_zur_d_03,RV 3.33.4d,nadyàḥ,nadyaḥ,nadī́-,nominal stem,ACC,F,PL,,,,,accepted,acc plural feminine,VedaWeb TEI 6d94702e078b2d8fc04af1241aba63132c4601a3
PL-04,yaḥ,NOM/ACC.PL.F comparison suffix,b03_h034_05_zur_c_02,RV 3.34.5c,dhíyaḥ,dhiyaḥ,dhī́-,nominal stem,ACC,F,PL,,,,,accepted,acc plural feminine,VedaWeb TEI 6d94702e078b2d8fc04af1241aba63132c4601a3
PL-04,īḥ,NOM/ACC.PL.F candidate suffix,b03_h034_08_zur_b_05,RV 3.34.8b,devī́ḥ,devīḥ,devī́-,nominal stem,ACC,F,PL,,,,,accepted,acc plural feminine,VedaWeb TEI 6d94702e078b2d8fc04af1241aba63132c4601a3
PL-04,īḥ,NOM/ACC.PL.F candidate suffix,b03_h034_10_zur_a_02,RV 3.34.10a,óṣadhīḥ,oṣadhīḥ,óṣadhī-,nominal stem,ACC,F,PL,,,,,accepted,acc plural feminine,VedaWeb TEI 6d94702e078b2d8fc04af1241aba63132c4601a3
SG-27,asme,DAT/LOC.PL pronoun,b03_h035_01_zur_c_04,RV 3.35.1c,asmé,asme,ahám,pronoun,,,PL,,,,,accepted,plural pronoun; relation untagged,VedaWeb TEI 6d94702e078b2d8fc04af1241aba63132c4601a3
SG-27,asme,DAT/LOC.PL pronoun,b03_h036_10_zur_a_01,RV 3.36.10a,asmé,asme,ahám,pronoun,,,PL,,,,,accepted,plural pronoun; relation untagged,VedaWeb TEI 6d94702e078b2d8fc04af1241aba63132c4601a3
SG-27,asme,DAT/LOC.PL pronoun,b03_h036_10_zur_c_01,RV 3.36.10c,asmé,asme,ahám,pronoun,,,PL,,,,,accepted,plural pronoun; relation untagged,VedaWeb TEI 6d94702e078b2d8fc04af1241aba63132c4601a3
NU-06,śatam,syntax review: uninflected collective,b03_h036_10_zur_c_02,RV 3.36.10c,śatám,śatam,śatá-,nominal stem,,N,SG,,,,,review,token morphology cannot decide the construction,VedaWeb TEI 6d94702e078b2d8fc04af1241aba63132c4601a3
SG-27,asme,DAT/LOC.PL pronoun,b03_h036_10_zur_d_01,RV 3.36.10d,asmé,asme,ahám,pronoun,,,PL,,,,,accepted,plural pronoun; relation untagged,VedaWeb TEI 6d94702e078b2d8fc04af1241aba63132c4601a3
PL-20,yā,NOM/ACC.PL.N relative,b03_h037_09_zur_b_01,RV 3.37.9b,yā́,yā,yá-,pronoun,NOM,N,PL,,,,,accepted,nom plural neuter,VedaWeb TEI 6d94702e078b2d8fc04af1241aba63132c4601a3
PL-04,yaḥ,NOM/ACC.PL.F comparison suffix,b03_h038_02_zur_c_04,RV 3.38.2c,praṇyàḥ,praṇyaḥ,praṇī́-,nominal stem,NOM,F,PL,,,,,accepted,nom plural feminine,VedaWeb TEI 6d94702e078b2d8fc04af1241aba63132c4601a3
PL-04,yaḥ,NOM/ACC.PL.F comparison suffix,b03_h038_04_zur_b_01,RV 3.38.4b,śríyaḥ,śriyaḥ,śrī́-,nominal stem,ACC,F,PL,,,,,accepted,acc plural feminine,VedaWeb TEI 6d94702e078b2d8fc04af1241aba63132c4601a3
NU-02,trīṇi,NOM/ACC.PL.N numeral,b03_h038_06_zur_a_01,RV 3.38.6a,trī́ṇi,trīṇi,trí-,nominal stem,ACC,N,PL,,,,,accepted,acc plural neuter,VedaWeb TEI 6d94702e078b2d8fc04af1241aba63132c4601a3
SG-27,asme,DAT/LOC.PL pronoun,b03_h039_02_zur_d_03,RV 3.39.2d,asmé,asme,ahám,pronoun,,,PL,,,,,accepted,plural pronoun; relation untagged,VedaWeb TEI 6d94702e078b2d8fc04af1241aba63132c4601a3
PL-19,imā,NOM/ACC.PL.N demonstrative,b03_h041_03_zur_a_01,RV 3.41.3a,imā́,imā,ayám,pronoun,NOM,N,PL,,,,,accepted,nom plural neuter,VedaWeb TEI 6d94702e078b2d8fc04af1241aba63132c4601a3
PL-04,yaḥ,NOM/ACC.PL.F comparison suffix,b03_h044_02_zur_d_04,RV 3.44.2d,śríyaḥ,śriyaḥ,śrī́-,nominal stem,ACC,F,PL,,,,,accepted,acc plural feminine,VedaWeb TEI 6d94702e078b2d8fc04af1241aba63132c4601a3
PL-20,yā,NOM/ACC.PL.N relative,b03_h054_05_zur_d_02,RV 3.54.5d,yā́,yā,yá-,pronoun,NOM,N,PL,,,,,accepted,nom plural neuter,VedaWeb TEI 6d94702e078b2d8fc04af1241aba63132c4601a3
PL-04,īḥ,NOM/ACC.PL.F candidate suffix,b03_h054_14_zur_d_04,RV 3.54.14d,jánitrīḥ,janitrīḥ,jánitrī-,nominal stem,NOM,F,PL,,,,,accepted,nom plural feminine,VedaWeb TEI 6d94702e078b2d8fc04af1241aba63132c4601a3
PL-04,īḥ,NOM/ACC.PL.F candidate suffix,b03_h054_21_zur_b_03,RV 3.54.21b,óṣadhīḥ,oṣadhīḥ,óṣadhī-,nominal stem,ACC,F,PL,,,,,accepted,acc plural feminine,VedaWeb TEI 6d94702e078b2d8fc04af1241aba63132c4601a3
SG-16,śami,INS.SG.F,b03_h055_03_zur_b_01,RV 3.55.3b,śámi,śami,śámī-,nominal stem,INS,F,SG,,,,,accepted,instrumental singular feminine,VedaWeb TEI 6d94702e078b2d8fc04af1241aba63132c4601a3
PL-19,imā,NOM/ACC.PL.N demonstrative,b03_h055_19_zur_c_01,RV 3.55.19c,imā́,imā,ayám,pronoun,NOM,N,PL,,,,,accepted,nom plural neuter,VedaWeb TEI 6d94702e078b2d8fc04af1241aba63132c4601a3
PL-04,īḥ,NOM/ACC.PL.F candidate suffix,b03_h055_22_zur_a_03,RV 3.55.22a,óṣadhīḥ,oṣadhīḥ,óṣadhī-,nominal stem,NOM,F,PL,,,,,accepted,nom plural feminine,VedaWeb TEI 6d94702e078b2d8fc04af1241aba63132c4601a3
PL-04,īḥ,NOM/ACC.PL.F candidate suffix,b03_h056_04_zur_c_05,RV 3.56.4c,devī́ḥ,devīḥ,devī́-,nominal stem,NOM,F,PL,,,,,accepted,nom plural feminine,VedaWeb TEI 6d94702e078b2d8fc04af1241aba63132c4601a3
NU-02,trī,NOM/ACC.PL.N numeral,b03_h056_05_zur_a_01,RV 3.56.5a,trī́,trī,trí-,nominal stem,NOM,N,PL,,,,,accepted,nom plural neuter,VedaWeb TEI 6d94702e078b2d8fc04af1241aba63132c4601a3
PL-19,imā,NOM/ACC.PL.N demonstrative,b03_h058_04_zur_c_01,RV 3.58.4c,imā́,imā,ayám,pronoun,ACC,N,PL,,,,,accepted,acc plural neuter,VedaWeb TEI 6d94702e078b2d8fc04af1241aba63132c4601a3
PL-04,īḥ,NOM/ACC.PL.F candidate suffix,b03_h058_08_zur_a_05,RV 3.58.8a,purūcī́ḥ,purūcīḥ,purūcī́-,nominal stem,NOM,F,PL,,,,,accepted,nom plural feminine,VedaWeb TEI 6d94702e078b2d8fc04af1241aba63132c4601a3
NU-05,pañca,syntax review: uninflected numeral,b03_h059_08_zur_a_02,RV 3.59.8a,páñca,pañca,páñca-,nominal stem,NOM,M,PL,,,,,review,token morphology cannot decide the construction,VedaWeb TEI 6d94702e078b2d8fc04af1241aba63132c4601a3
PL-19,imāni,NOM/ACC.PL.N demonstrative,b03_h060_06_zur_c_01,RV 3.60.6c,imā́ni,imāni,ayám,pronoun,,N,PL,,,,,accepted, plural neuter,VedaWeb TEI 6d94702e078b2d8fc04af1241aba63132c4601a3
NU-06,śatam,syntax review: uninflected collective,b03_h060_07_zur_c_01,RV 3.60.7c,śatám,śatam,śatá-,nominal stem,,N,SG,,,,,review,token morphology cannot decide the construction,VedaWeb TEI 6d94702e078b2d8fc04af1241aba63132c4601a3
SG-27,asme,DAT/LOC.PL pronoun,b03_h062_03_zur_a_01,RV 3.62.3a,asmé,asme,ahám,pronoun,DAT,,PL,,,,,accepted,dat plural pronoun,VedaWeb TEI 6d94702e078b2d8fc04af1241aba63132c4601a3
SG-27,asme,DAT/LOC.PL pronoun,b03_h062_03_zur_b_01,RV 3.62.3b,asmé,asme,ahám,pronoun,DAT,,PL,,,,,accepted,dat plural pronoun,VedaWeb TEI 6d94702e078b2d8fc04af1241aba63132c4601a3
PL-04,īḥ,NOM/ACC.PL.F candidate suffix,b03_h062_03_zur_c_02,RV 3.62.3c,várūtrīḥ,varūtrīḥ,várūtrī-,nominal stem,NOM,F,PL,,,,,accepted,nom plural feminine,VedaWeb TEI 6d94702e078b2d8fc04af1241aba63132c4601a3
PL-04,yaḥ,NOM/ACC.PL.F comparison suffix,b03_h062_10_zur_c_01,RV 3.62.10c,dhíyaḥ,dhiyaḥ,dhī́-,nominal stem,ACC,F,PL,,,,,accepted,acc plural feminine,VedaWeb TEI 6d94702e078b2d8fc04af1241aba63132c4601a3
PL-04,īḥ,NOM/ACC.PL.F candidate suffix,b04_h002_18_zur_c_03,RV 4.2.18c,urváśīḥ,urvaśīḥ,urváśī-,nominal stem,NOM,F,PL,,,,,accepted,nom plural feminine,VedaWeb TEI 6d94702e078b2d8fc04af1241aba63132c4601a3
PL-04,īḥ,NOM/ACC.PL.F candidate suffix,b04_h003_12_zur_a_02,RV 4.3.12a,devī́ḥ,devīḥ,devī́-,nominal stem,NOM,F,PL,,,,,accepted,nom plural feminine,VedaWeb TEI 6d94702e078b2d8fc04af1241aba63132c4601a3
SG-27,asme,DAT/LOC.PL pronoun,b04_h004_08_zur_d_01,RV 4.4.8d,asmé,asme,ahám,pronoun,LOC,,PL,,,,,accepted,loc plural pronoun,VedaWeb TEI 6d94702e078b2d8fc04af1241aba63132c4601a3
SG-28,ayā,INS.SG demonstrative or adverbial,b04_h004_15_zur_a_01,RV 4.4.15a,ayā́,ayā,ayám,pronoun,INS,F,SG,,,,,accepted,instrumental singular,VedaWeb TEI 6d94702e078b2d8fc04af1241aba63132c4601a3
PL-04,īḥ,NOM/ACC.PL.F candidate suffix,b04_h005_13_zur_c_03,RV 4.5.13c,devī́ḥ,devīḥ,devī́-,nominal stem,NOM,F,PL,,,,,accepted,nom plural feminine,VedaWeb TEI 6d94702e078b2d8fc04af1241aba63132c4601a3
PL-04,īḥ,NOM/ACC.PL.F candidate suffix,b04_h005_13_zur_c_05,RV 4.5.13c,pátnīḥ,patnīḥ,pátnī-,nominal stem,NOM,F,PL,,,,,accepted,nom plural feminine,VedaWeb TEI 6d94702e078b2d8fc04af1241aba63132c4601a3
NU-05,pañca,syntax review: uninflected numeral,b04_h006_08_zur_a_03,RV 4.6.8a,páñca,pañca,páñca-,nominal stem,NOM,,PL,,,,,review,token morphology cannot decide the construction,VedaWeb TEI 6d94702e078b2d8fc04af1241aba63132c4601a3
SG-27,asme,DAT/LOC.PL pronoun,b04_h008_07_zur_a_01,RV 4.8.7a,asmé,asme,ahám,pronoun,DAT,,PL,,,,,accepted,dat plural pronoun,VedaWeb TEI 6d94702e078b2d8fc04af1241aba63132c4601a3
SG-27,asme,DAT/LOC.PL pronoun,b04_h008_07_zur_c_01,RV 4.8.7c,asmé,asme,ahám,pronoun,DAT,,PL,,,,,accepted,dat plural pronoun,VedaWeb TEI 6d94702e078b2d8fc04af1241aba63132c4601a3
SG-27,yuṣme,DAT/LOC.PL pronoun,b04_h010_08_zur_c_02,RV 4.10.8c,yuṣmé,yuṣme,tvám,pronoun,LOC,,PL,,,,,accepted,loc plural pronoun,VedaWeb TEI 6d94702e078b2d8fc04af1241aba63132c4601a3
PL-04,īḥ,NOM/ACC.PL.F candidate suffix,b04_h013_03_zur_c_05,RV 4.13.3c,yahvī́ḥ,yahvīḥ,yahvī́-,nominal stem,NOM,F,PL,,,,,accepted,nom plural feminine,VedaWeb TEI 6d94702e078b2d8fc04af1241aba63132c4601a3
PL-04,yaḥ,NOM/ACC.PL.F comparison suffix,b04_h016_21_zur_b_03,RV 4.16.21b,nadyàḥ,nadyaḥ,nadī́-,nominal stem,NOM,F,PL,,,,,accepted,nom plural feminine,VedaWeb TEI 6d94702e078b2d8fc04af1241aba63132c4601a3
SG-27,asme,DAT/LOC.PL pronoun,b04_h017_20_zur_c_05,RV 4.17.20c,asmé,asme,ahám,pronoun,,,PL,,,,,accepted,plural pronoun; relation untagged,VedaWeb TEI 6d94702e078b2d8fc04af1241aba63132c4601a3
PL-04,yaḥ,NOM/ACC.PL.F comparison suffix,b04_h017_21_zur_b_03,RV 4.17.21b,nadyàḥ,nadyaḥ,nadī́-,nominal stem,NOM,F,PL,,,,,accepted,nom plural feminine,VedaWeb TEI 6d94702e078b2d8fc04af1241aba63132c4601a3
NU-06,sahasram,syntax review: uninflected collective,b04_h018_04_zur_a_06,RV 4.18.4a,sahásram,sahasram,sahásra-,nominal stem,,N,SG,,,,,review,token morphology cannot decide the construction,VedaWeb TEI 6d94702e078b2d8fc04af1241aba63132c4601a3
PL-04,yaḥ,NOM/ACC.PL.F comparison suffix,b04_h019_07_zur_d_03,RV 4.19.7d,staryàḥ,staryaḥ,starī́-,nominal stem,ACC,F,PL,,,,,accepted,acc plural feminine,VedaWeb TEI 6d94702e078b2d8fc04af1241aba63132c4601a3
PL-04,īḥ,NOM/ACC.PL.F candidate suffix,b04_h019_07_zur_d_04,RV 4.19.7d,dáṁsupatnīḥ,daṁsupatnīḥ,dáṁsupatnī-,nominal stem,ACC,F,PL,,,,,accepted,acc plural feminine,VedaWeb TEI 6d94702e078b2d8fc04af1241aba63132c4601a3
PL-04,yaḥ,NOM/ACC.PL.F comparison suffix,b04_h019_11_zur_b_03,RV 4.19.11b,nadyàḥ,nadyaḥ,nadī́-,nominal stem,NOM,F,PL,,,,,accepted,nom plural feminine,VedaWeb TEI 6d94702e078b2d8fc04af1241aba63132c4601a3
PL-04,yaḥ,NOM/ACC.PL.F comparison suffix,b04_h020_11_zur_b_03,RV 4.20.11b,nadyàḥ,nadyaḥ,nadī́-,nominal stem,NOM,F,PL,,,,,accepted,nom plural feminine,VedaWeb TEI 6d94702e078b2d8fc04af1241aba63132c4601a3
PL-04,īḥ,NOM/ACC.PL.F candidate suffix,b04_h021_01_zur_c_02,RV 4.21.1c,táviṣīḥ,taviṣīḥ,táviṣī-,nominal stem,ACC,F,PL,,,,,accepted,acc plural feminine,VedaWeb TEI 6d94702e078b2d8fc04af1241aba63132c4601a3
PL-04,yaḥ,NOM/ACC.PL.F comparison suffix,b04_h021_11_zur_b_03,RV 4.21.11b,nadyàḥ,nadyaḥ,nadī́-,nominal stem,NOM,F,PL,,,,,accepted,nom plural feminine,VedaWeb TEI 6d94702e078b2d8fc04af1241aba63132c4601a3
PL-04,īḥ,NOM/ACC.PL.F candidate suffix,b04_h022_07_zur_a_07,RV 4.22.7a,devī́ḥ,devīḥ,devī́-,nominal stem,NOM,F,PL,,,,,accepted,nom plural feminine,VedaWeb TEI 6d94702e078b2d8fc04af1241aba63132c4601a3
SG-16,śamī,INS.SG.F,b04_h022_08_zur_b_03,RV 4.22.8b,śámī,śamī,śámī-,nominal stem,INS,F,SG,,,,,accepted,instrumental singular feminine,VedaWeb TEI 6d94702e078b2d8fc04af1241aba63132c4601a3
SG-27,asme,DAT/LOC.PL pronoun,b04_h022_09_zur_a_01,RV 4.22.9a,asmé,asme,ahám,pronoun,,,PL,,,,,accepted,plural pronoun; relation untagged,VedaWeb TEI 6d94702e078b2d8fc04af1241aba63132c4601a3
PL-04,yaḥ,NOM/ACC.PL.F comparison suffix,b04_h022_11_zur_b_03,RV 4.22.11b,nadyàḥ,nadyaḥ,nadī́-,nominal stem,NOM,F,PL,,,,,accepted,nom plural feminine,VedaWeb TEI 6d94702e078b2d8fc04af1241aba63132c4601a3
PL-04,yaḥ,NOM/ACC.PL.F comparison suffix,b04_h023_11_zur_b_03,RV 4.23.11b,nadyàḥ,nadyaḥ,nadī́-,nominal stem,NOM,F,PL,,,,,accepted,nom plural feminine,VedaWeb TEI 6d94702e078b2d8fc04af1241aba63132c4601a3
PL-04,yaḥ,NOM/ACC.PL.F comparison suffix,b04_h024_11_zur_b_03,RV 4.24.11b,nadyàḥ,nadyaḥ,nadī́-,nominal stem,NOM,F,PL,,,,,accepted,nom plural feminine,VedaWeb TEI 6d94702e078b2d8fc04af1241aba63132c4601a3
NU-06,sahasram,syntax review: uninflected collective,b04_h026_07_zur_b_01,RV 4.26.7b,sahásram,sahasram,sahásra-,nominal stem,,N,SG,,,,,review,token morphology cannot decide the construction,VedaWeb TEI 6d94702e078b2d8fc04af1241aba63132c4601a3
NU-06,śatam,syntax review: uninflected collective,b04_h027_01_zur_c_01,RV 4.27.1c,śatám,śatam,śatá-,nominal stem,NOM,N,SG,,,,,review,token morphology cannot decide the construction,VedaWeb TEI 6d94702e078b2d8fc04af1241aba63132c4601a3
SG-26,tvā,INS.SG pronoun,b04_h028_01_zur_a_01,RV 4.28.1a,tvā́,tvā,tvám,pronoun,INS,,SG,,,,,accepted,instrumental singular pronoun,VedaWeb TEI 6d94702e078b2d8fc04af1241aba63132c4601a3
SG-26,tvā,INS.SG pronoun,b04_h028_02_zur_a_01,RV 4.28.2a,tvā́,tvā,tvám,pronoun,INS,,SG,,,,,accepted,instrumental singular pronoun,VedaWeb TEI 6d94702e078b2d8fc04af1241aba63132c4601a3
PL-04,īḥ,NOM/ACC.PL.F candidate suffix,b04_h028_04_zur_b_02,RV 4.28.4b,dā́sīḥ,dāsīḥ,dā́sī-,nominal stem,ACC,F,PL,,,,,accepted,acc plural feminine,VedaWeb TEI 6d94702e078b2d8fc04af1241aba63132c4601a3
NU-05,pañca,syntax review: uninflected numeral,b04_h030_15_zur_c_02,RV 4.30.15c,páñca,pañca,páñca-,nominal stem,ACC,M,PL,,,,,review,token morphology cannot decide the construction,VedaWeb TEI 6d94702e078b2d8fc04af1241aba63132c4601a3
NU-06,śatam,syntax review: uninflected collective,b04_h030_20_zur_a_01,RV 4.30.20a,śatám,śatam,śatá-,nominal stem,,N,SG,,,,,review,token morphology cannot decide the construction,VedaWeb TEI 6d94702e078b2d8fc04af1241aba63132c4601a3
NU-06,śatam,syntax review: uninflected collective,b04_h031_03_zur_c_01,RV 4.31.3c,śatám,śatam,śatá-,nominal stem,,N,SG,,,,,review,token morphology cannot decide the construction,VedaWeb TEI 6d94702e078b2d8fc04af1241aba63132c4601a3
NU-06,śatam,syntax review: uninflected collective,b04_h031_09_zur_a_04,RV 4.31.9a,śatám,śatam,śatá-,nominal stem,NOM,N,SG,,,,,review,token morphology cannot decide the construction,VedaWeb TEI 6d94702e078b2d8fc04af1241aba63132c4601a3
NU-06,śatam,syntax review: uninflected collective,b04_h031_10_zur_a_04,RV 4.31.10a,śatám,śatam,śatá-,nominal stem,NOM,N,SG,,,,,review,token morphology cannot decide the construction,VedaWeb TEI 6d94702e078b2d8fc04af1241aba63132c4601a3
NU-06,sahasram,syntax review: uninflected collective,b04_h031_10_zur_b_02,RV 4.31.10b,sahásram,sahasram,sahásra-,nominal stem,,N,SG,,,,,review,token morphology cannot decide the construction,VedaWeb TEI 6d94702e078b2d8fc04af1241aba63132c4601a3
PL-04,īḥ,NOM/ACC.PL.F candidate suffix,b04_h032_10_zur_c_02,RV 4.32.10c,dā́sīḥ,dāsīḥ,dā́sī-,nominal stem,ACC,F,PL,,,,,accepted,acc plural feminine,VedaWeb TEI 6d94702e078b2d8fc04af1241aba63132c4601a3
PL-20,yāni,NOM/ACC.PL.N relative,b04_h032_11_zur_b_01,RV 4.32.11b,yā́ni,yāni,yá-,pronoun,,N,PL,,,,,accepted, plural neuter,VedaWeb TEI 6d94702e078b2d8fc04af1241aba63132c4601a3
SG-27,asme,DAT/LOC.PL pronoun,b04_h032_14_zur_b_01,RV 4.32.14b,asmé,asme,ahám,pronoun,,,PL,,,,,accepted,plural pronoun; relation untagged,VedaWeb TEI 6d94702e078b2d8fc04af1241aba63132c4601a3
NU-06,sahasram,syntax review: uninflected collective,b04_h032_17_zur_a_01,RV 4.32.17a,sahásram,sahasram,sahásra-,nominal stem,,N,SG,,,,,review,token morphology cannot decide the construction,VedaWeb TEI 6d94702e078b2d8fc04af1241aba63132c4601a3
NU-06,śatam,syntax review: uninflected collective,b04_h032_17_zur_c_01,RV 4.32.17c,śatám,śatam,śatá-,nominal stem,,N,SG,,,,,review,token morphology cannot decide the construction,VedaWeb TEI 6d94702e078b2d8fc04af1241aba63132c4601a3
PL-04,yaḥ,NOM/ACC.PL.F comparison suffix,b04_h032_17_zur_c_03,RV 4.32.17c,khāryàḥ,khāryaḥ,khārī́-,nominal stem,ACC,F,PL,,,,,accepted,acc plural feminine,VedaWeb TEI 6d94702e078b2d8fc04af1241aba63132c4601a3
PL-04,īḥ,NOM/ACC.PL.F candidate suffix,b04_h033_07_zur_d_04,RV 4.33.7d,óṣadhīḥ,oṣadhīḥ,óṣadhī-,nominal stem,NOM,F,PL,,,,,accepted,nom plural feminine,VedaWeb TEI 6d94702e078b2d8fc04af1241aba63132c4601a3
SG-27,asme,DAT/LOC.PL pronoun,b04_h033_10_zur_c_05,RV 4.33.10c,asmé,asme,ahám,pronoun,,,PL,,,,,accepted,plural pronoun; relation untagged,VedaWeb TEI 6d94702e078b2d8fc04af1241aba63132c4601a3
SG-27,asme,DAT/LOC.PL pronoun,b04_h033_11_zur_c_03,RV 4.33.11c,asmé,asme,ahám,pronoun,,,PL,,,,,accepted,plural pronoun; relation untagged,VedaWeb TEI 6d94702e078b2d8fc04af1241aba63132c4601a3
SG-27,asme,DAT/LOC.PL pronoun,b04_h034_02_zur_d_02,RV 4.34.2d,asmé,asme,ahám,pronoun,,,PL,,,,,accepted,plural pronoun; relation untagged,VedaWeb TEI 6d94702e078b2d8fc04af1241aba63132c4601a3
SG-27,asme,DAT/LOC.PL pronoun,b04_h034_10_zur_d_01,RV 4.34.10d,asmé,asme,ahám,pronoun,,,PL,,,,,accepted,plural pronoun; relation untagged,VedaWeb TEI 6d94702e078b2d8fc04af1241aba63132c4601a3
SG-28,enā,INS.SG demonstrative or adverbial,b04_h036_07_zur_d_03,RV 4.36.7d,enā́,enā,ayám,pronoun,INS,,SG,,,,,accepted,instrumental singular,VedaWeb TEI 6d94702e078b2d8fc04af1241aba63132c4601a3
SG-27,yuṣme,DAT/LOC.PL pronoun,b04_h037_03_zur_d_01,RV 4.37.3d,yuṣmé,yuṣme,tvám,pronoun,LOC,,PL,,,,,accepted,loc plural pronoun,VedaWeb TEI 6d94702e078b2d8fc04af1241aba63132c4601a3
PL-20,yā,NOM/ACC.PL.N relative,b04_h038_01_zur_b_01,RV 4.38.1b,yā́,yā,yá-,pronoun,ACC,N,PL,,,,,accepted,acc plural neuter,VedaWeb TEI 6d94702e078b2d8fc04af1241aba63132c4601a3
NU-06,sahasram,syntax review: uninflected collective,b04_h038_08_zur_c_02,RV 4.38.8c,sahásram,sahasram,sahásra-,nominal stem,,N,SG,,,,,review,token morphology cannot decide the construction,VedaWeb TEI 6d94702e078b2d8fc04af1241aba63132c4601a3
NU-05,pañca,syntax review: uninflected numeral,b04_h038_10_zur_a_04,RV 4.38.10a,páñca,pañca,páñca-,nominal stem,ACC,F,PL,,,,,review,token morphology cannot decide the construction,VedaWeb TEI 6d94702e078b2d8fc04af1241aba63132c4601a3
PL-19,imā,NOM/ACC.PL.N demonstrative,b04_h038_10_zur_d_04,RV 4.38.10d,imā́,imā,ayám,pronoun,ACC,N,PL,,,,,accepted,acc plural neuter,VedaWeb TEI 6d94702e078b2d8fc04af1241aba63132c4601a3
PL-04,yaḥ,NOM/ACC.PL.F comparison suffix,b04_h041_08_zur_a_03,RV 4.41.8a,dhíyaḥ,dhiyaḥ,dhī́-,nominal stem,NOM,F,PL,,,,,accepted,nom plural feminine,VedaWeb TEI 6d94702e078b2d8fc04af1241aba63132c4601a3
SG-27,asme,DAT/LOC.PL pronoun,b04_h043_07_zur_b_03,RV 4.43.7b,asmé,asme,ahám,pronoun,,,PL,,,,,accepted,plural pronoun; relation untagged,VedaWeb TEI 6d94702e078b2d8fc04af1241aba63132c4601a3
SG-27,asme,DAT/LOC.PL pronoun,b04_h044_06_zur_b_04,RV 4.44.6b,asmé,asme,ahám,pronoun,LOC,,PL,,,,,accepted,loc plural pronoun,VedaWeb TEI 6d94702e078b2d8fc04af1241aba63132c4601a3
SG-27,asme,DAT/LOC.PL pronoun,b04_h044_07_zur_b_03,RV 4.44.7b,asmé,asme,ahám,pronoun,,,PL,,,,,accepted,plural pronoun; relation untagged,VedaWeb TEI 6d94702e078b2d8fc04af1241aba63132c4601a3
NU-06,sahasram,syntax review: uninflected collective,b04_h046_03_zur_a_03,RV 4.46.3a,sahásram,sahasram,sahásra-,nominal stem,,N,SG,,,,,review,token morphology cannot decide the construction,VedaWeb TEI 6d94702e078b2d8fc04af1241aba63132c4601a3
SG-27,asme,DAT/LOC.PL pronoun,b04_h047_04_zur_c_01,RV 4.47.4c,asmé,asme,ahám,pronoun,,,PL,,,,,accepted,plural pronoun; relation untagged,VedaWeb TEI 6d94702e078b2d8fc04af1241aba63132c4601a3
NU-06,śatam,syntax review: uninflected collective,b04_h048_05_zur_a_02,RV 4.48.5a,śatám,śatam,śatá-,nominal stem,,N,SG,,,,,review,token morphology cannot decide the construction,VedaWeb TEI 6d94702e078b2d8fc04af1241aba63132c4601a3
SG-27,asme,DAT/LOC.PL pronoun,b04_h049_04_zur_a_01,RV 4.49.4a,asmé,asme,ahám,pronoun,,,PL,,,,,accepted,plural pronoun; relation untagged,VedaWeb TEI 6d94702e078b2d8fc04af1241aba63132c4601a3
PL-20,yā,NOM/ACC.PL.N relative,b04_h050_09_zur_b_03,RV 4.50.9b,yā́,yā,yá-,pronoun,NOM,N,PL,,,,,accepted,nom plural neuter,VedaWeb TEI 6d94702e078b2d8fc04af1241aba63132c4601a3
SG-27,asme,DAT/LOC.PL pronoun,b04_h050_10_zur_d_01,RV 4.50.10d,asmé,asme,ahám,pronoun,,,PL,,,,,accepted,plural pronoun; relation untagged,VedaWeb TEI 6d94702e078b2d8fc04af1241aba63132c4601a3
SG-27,asme,DAT/LOC.PL pronoun,b04_h050_11_zur_b_06,RV 4.50.11b,asmé,asme,ahám,pronoun,,,PL,,,,,accepted,plural pronoun; relation untagged,VedaWeb TEI 6d94702e078b2d8fc04af1241aba63132c4601a3
PL-04,yaḥ,NOM/ACC.PL.F comparison suffix,b04_h050_11_zur_c_02,RV 4.50.11c,dhíyaḥ,dhiyaḥ,dhī́-,nominal stem,ACC,F,PL,,,,,accepted,acc plural feminine,VedaWeb TEI 6d94702e078b2d8fc04af1241aba63132c4601a3
PL-04,īḥ,NOM/ACC.PL.F candidate suffix,b04_h051_08_zur_c_02,RV 4.51.8c,devī́ḥ,devīḥ,devī́-,nominal stem,NOM,F,PL,,,,,accepted,nom plural feminine,VedaWeb TEI 6d94702e078b2d8fc04af1241aba63132c4601a3
NU-02,trī,NOM/ACC.PL.N numeral,b04_h053_05_zur_b_01,RV 4.53.5b,trī́,trī,trí-,nominal stem,ACC,N,PL,,,,,accepted,acc plural neuter,VedaWeb TEI 6d94702e078b2d8fc04af1241aba63132c4601a3
NU-02,trīṇi,NOM/ACC.PL.N numeral,b04_h053_05_zur_b_04,RV 4.53.5b,trī́ṇi,trīṇi,trí-,nominal stem,ACC,N,PL,,,,,accepted,acc plural neuter,VedaWeb TEI 6d94702e078b2d8fc04af1241aba63132c4601a3
PL-04,īḥ,NOM/ACC.PL.F candidate suffix,b04_h053_05_zur_c_03,RV 4.53.5c,pr̥thivī́ḥ,pṛthivīḥ,pr̥thivī́-,nominal stem,ACC,F,PL,,,,,accepted,acc plural feminine,VedaWeb TEI 6d94702e078b2d8fc04af1241aba63132c4601a3
SG-27,asme,DAT/LOC.PL pronoun,b04_h053_06_zur_d_01,RV 4.53.6d,asmé,asme,ahám,pronoun,,,PL,,,,,accepted,plural pronoun; relation untagged,VedaWeb TEI 6d94702e078b2d8fc04af1241aba63132c4601a3
SG-27,asme,DAT/LOC.PL pronoun,b04_h053_07_zur_d_03,RV 4.53.7d,asmé,asme,ahám,pronoun,,,PL,,,,,accepted,plural pronoun; relation untagged,VedaWeb TEI 6d94702e078b2d8fc04af1241aba63132c4601a3
DU-07,anī,NOM/ACC/VOC.DU.N candidate suffix,b04_h055_03_zur_c_04,RV 4.55.3c,áhanī,ahanī,áhar ~ áhan-,nominal stem,NOM,N,DU,,,,,accepted,neuter dual,VedaWeb TEI 6d94702e078b2d8fc04af1241aba63132c4601a3
PL-04,yaḥ,NOM/ACC.PL.F comparison suffix,b04_h055_06_zur_d_02,RV 4.55.6d,nadyàḥ,nadyaḥ,nadī́-,nominal stem,ACC,F,PL,,,,,accepted,acc plural feminine,VedaWeb TEI 6d94702e078b2d8fc04af1241aba63132c4601a3
PL-04,īḥ,NOM/ACC.PL.F candidate suffix,b04_h057_03_zur_a_02,RV 4.57.3a,óṣadhīḥ,oṣadhīḥ,óṣadhī-,nominal stem,NOM,F,PL,,,,,accepted,nom plural feminine,VedaWeb TEI 6d94702e078b2d8fc04af1241aba63132c4601a3
PL-04,yaḥ,NOM/ACC.PL.F comparison suffix,b04_h058_07_zur_b_01,RV 4.58.7b,vā́tapramiyaḥ,vātapramiyaḥ,vā́tapramī-,nominal stem,NOM,F,PL,,,,,accepted,nom plural feminine,VedaWeb TEI 6d94702e078b2d8fc04af1241aba63132c4601a3
SG-27,asme,DAT/LOC.PL pronoun,b05_h004_02_zur_b_04,RV 5.4.2b,asmé,asme,ahám,pronoun,,,PL,,,,,accepted,plural pronoun; relation untagged,VedaWeb TEI 6d94702e078b2d8fc04af1241aba63132c4601a3
SG-27,asme,DAT/LOC.PL pronoun,b05_h004_07_zur_c_01,RV 5.4.7c,asmé,asme,ahám,pronoun,,,PL,,,,,accepted,plural pronoun; relation untagged,VedaWeb TEI 6d94702e078b2d8fc04af1241aba63132c4601a3
SG-27,asme,DAT/LOC.PL pronoun,b05_h004_07_zur_d_01,RV 5.4.7d,asmé,asme,ahám,pronoun,,,PL,,,,,accepted,plural pronoun; relation untagged,VedaWeb TEI 6d94702e078b2d8fc04af1241aba63132c4601a3
PL-04,īḥ,NOM/ACC.PL.F candidate suffix,b05_h005_08_zur_b_02,RV 5.5.8b,devī́ḥ,devīḥ,devī́-,nominal stem,NOM,F,PL,,,,,accepted,nom plural feminine,VedaWeb TEI 6d94702e078b2d8fc04af1241aba63132c4601a3
SG-27,asme,DAT/LOC.PL pronoun,b05_h006_10_zur_c_02,RV 5.6.10c,asmé,asme,ahám,pronoun,,,PL,,,,,accepted,plural pronoun; relation untagged,VedaWeb TEI 6d94702e078b2d8fc04af1241aba63132c4601a3
SG-28,enā,INS.SG demonstrative or adverbial,b05_h019_03_zur_d_01,RV 5.19.3d,enā́,enā,ayám,pronoun,INS,,SG,,,,,accepted,instrumental singular,VedaWeb TEI 6d94702e078b2d8fc04af1241aba63132c4601a3
PL-04,yaḥ,NOM/ACC.PL.F comparison suffix,b05_h019_05_zur_d_02,RV 5.19.5d,vakṣyàḥ,vakṣyaḥ,vakṣī́-,nominal stem,ACC,F,PL,,,,,accepted,acc plural feminine,VedaWeb TEI 6d94702e078b2d8fc04af1241aba63132c4601a3
NU-06,śatam,syntax review: uninflected collective,b05_h027_05_zur_a_04,RV 5.27.5a,śatám,śatam,śatá-,nominal stem,,N,SG,,,,,review,token morphology cannot decide the construction,VedaWeb TEI 6d94702e078b2d8fc04af1241aba63132c4601a3
NU-02,trī,NOM/ACC.PL.N numeral,b05_h029_01_zur_a_01,RV 5.29.1a,trī́,trī,trí-,nominal stem,ACC,N,PL,,,,,accepted,acc plural neuter,VedaWeb TEI 6d94702e078b2d8fc04af1241aba63132c4601a3
NU-02,trī,NOM/ACC.PL.N numeral,b05_h029_01_zur_b_01,RV 5.29.1b,trī́,trī,trí-,nominal stem,ACC,N,PL,,,,,accepted,acc plural neuter,VedaWeb TEI 6d94702e078b2d8fc04af1241aba63132c4601a3
PL-04,īḥ,NOM/ACC.PL.F candidate suffix,b05_h029_02_zur_d_02,RV 5.29.2d,yahvī́ḥ,yahvīḥ,yahvī́-,nominal stem,ACC,F,PL,,,,,accepted,acc plural feminine,VedaWeb TEI 6d94702e078b2d8fc04af1241aba63132c4601a3
NU-02,trī,NOM/ACC.PL.N numeral,b05_h029_07_zur_b_04,RV 5.29.7b,trī́,trī,trí-,nominal stem,ACC,N,PL,,,,,accepted,acc plural neuter,VedaWeb TEI 6d94702e078b2d8fc04af1241aba63132c4601a3
NU-02,trī,NOM/ACC.PL.N numeral,b05_h029_07_zur_c_01,RV 5.29.7c,trī́,trī,trí-,nominal stem,ACC,N,PL,,,,,accepted,acc plural neuter,VedaWeb TEI 6d94702e078b2d8fc04af1241aba63132c4601a3
NU-02,trī,NOM/ACC.PL.N numeral,b05_h029_08_zur_a_01,RV 5.29.8a,trī́,trī,trí-,nominal stem,ACC,N,PL,,,,,accepted,acc plural neuter,VedaWeb TEI 6d94702e078b2d8fc04af1241aba63132c4601a3
NU-02,trī,NOM/ACC.PL.N numeral,b05_h029_08_zur_b_01,RV 5.29.8b,trī́,trī,trí-,nominal stem,ACC,N,PL,,,,,accepted,acc plural neuter,VedaWeb TEI 6d94702e078b2d8fc04af1241aba63132c4601a3
PL-20,yā,NOM/ACC.PL.N relative,b05_h029_13_zur_b_03,RV 5.29.13b,yā́,yā,yá-,pronoun,ACC,N,PL,,,,,accepted,acc plural neuter,VedaWeb TEI 6d94702e078b2d8fc04af1241aba63132c4601a3
PL-20,yā,NOM/ACC.PL.N relative,b05_h029_13_zur_c_01,RV 5.29.13c,yā́,yā,yá-,pronoun,ACC,N,PL,,,,,accepted,acc plural neuter,VedaWeb TEI 6d94702e078b2d8fc04af1241aba63132c4601a3
PL-20,yā,NOM/ACC.PL.N relative,b05_h029_14_zur_c_01,RV 5.29.14c,yā́,yā,yá-,pronoun,ACC,N,PL,,,,,accepted,acc plural neuter,VedaWeb TEI 6d94702e078b2d8fc04af1241aba63132c4601a3
PL-20,yā,NOM/ACC.PL.N relative,b05_h029_15_zur_b_01,RV 5.29.15b,yā́,yā,yá-,pronoun,ACC,N,PL,,,,,accepted,acc plural neuter,VedaWeb TEI 6d94702e078b2d8fc04af1241aba63132c4601a3
PL-20,yā,NOM/ACC.PL.N relative,b05_h030_03_zur_a_05,RV 5.30.3a,yā́,yā,yá-,pronoun,ACC,N,PL,,,,,accepted,acc plural neuter,VedaWeb TEI 6d94702e078b2d8fc04af1241aba63132c4601a3
PL-20,yāni,NOM/ACC.PL.N relative,b05_h030_03_zur_b_03,RV 5.30.3b,yā́ni,yāni,yá-,pronoun,,N,PL,,,,,accepted, plural neuter,VedaWeb TEI 6d94702e078b2d8fc04af1241aba63132c4601a3
PL-04,īḥ,NOM/ACC.PL.F candidate suffix,b05_h030_05_zur_d_04,RV 5.30.5d,dāsápatnīḥ,dāsapatnīḥ,dāsápatnī-,nominal stem,ACC,F,PL,,,,,accepted,acc plural feminine,VedaWeb TEI 6d94702e078b2d8fc04af1241aba63132c4601a3
PL-04,yaḥ,NOM/ACC.PL.F comparison suffix,b05_h030_09_zur_a_01,RV 5.30.9a,stríyaḥ,striyaḥ,strī́-,nominal stem,ACC,F,PL,,,,,accepted,acc plural feminine,VedaWeb TEI 6d94702e078b2d8fc04af1241aba63132c4601a3
PL-20,yā,NOM/ACC.PL.N relative,b05_h031_06_zur_b_04,RV 5.31.6b,yā́,yā,yá-,pronoun,ACC,N,PL,,,,,accepted,acc plural neuter,VedaWeb TEI 6d94702e078b2d8fc04af1241aba63132c4601a3
NU-05,pañca,syntax review: uninflected numeral,b05_h035_02_zur_c_03,RV 5.35.2c,páñca,pañca,páñca-,nominal stem,NOM,F,PL,,,,,review,token morphology cannot decide the construction,VedaWeb TEI 6d94702e078b2d8fc04af1241aba63132c4601a3
PL-04,īḥ,NOM/ACC.PL.F candidate suffix,b05_h041_06_zur_d_04,RV 5.41.6d,pátnīḥ,patnīḥ,pátnī-,nominal stem,NOM,F,PL,,,,,accepted,nom plural feminine,VedaWeb TEI 6d94702e078b2d8fc04af1241aba63132c4601a3
PL-04,īḥ,NOM/ACC.PL.F candidate suffix,b05_h041_08_zur_d_02,RV 5.41.8d,óṣadhīḥ,oṣadhīḥ,óṣadhī-,nominal stem,ACC,F,PL,,,,,accepted,acc plural feminine,VedaWeb TEI 6d94702e078b2d8fc04af1241aba63132c4601a3
PL-04,īḥ,NOM/ACC.PL.F candidate suffix,b05_h041_11_zur_c_02,RV 5.41.11c,óṣadhīḥ,oṣadhīḥ,óṣadhī-,nominal stem,NOM,F,PL,,,,,accepted,nom plural feminine,VedaWeb TEI 6d94702e078b2d8fc04af1241aba63132c4601a3
PL-04,īḥ,NOM/ACC.PL.F candidate suffix,b05_h042_12_zur_b_02,RV 5.42.12b,pátnīḥ,patnīḥ,pátnī-,nominal stem,NOM,F,PL,,,,,accepted,nom plural feminine,VedaWeb TEI 6d94702e078b2d8fc04af1241aba63132c4601a3
PL-04,yaḥ,NOM/ACC.PL.F comparison suffix,b05_h042_12_zur_b_03,RV 5.42.12b,nadyàḥ,nadyaḥ,nadī́-,nominal stem,NOM,F,PL,,,,,accepted,nom plural feminine,VedaWeb TEI 6d94702e078b2d8fc04af1241aba63132c4601a3
PL-04,īḥ,NOM/ACC.PL.F candidate suffix,b05_h042_16_zur_b_02,RV 5.42.16b,óṣadhīḥ,oṣadhīḥ,óṣadhī-,nominal stem,ACC,F,PL,,,,,accepted,acc plural feminine,VedaWeb TEI 6d94702e078b2d8fc04af1241aba63132c4601a3
PL-04,īḥ,NOM/ACC.PL.F candidate suffix,b05_h043_13_zur_c_03,RV 5.43.13c,óṣadhīḥ,oṣadhīḥ,óṣadhī-,nominal stem,ACC,F,PL,,,,,accepted,acc plural feminine,VedaWeb TEI 6d94702e078b2d8fc04af1241aba63132c4601a3
PL-04,yaḥ,NOM/ACC.PL.F comparison suffix,b05_h044_04_zur_b_03,RV 5.44.4b,yamyàḥ,yamyaḥ,yamī́-,nominal stem,NOM,F,PL,,,,,accepted,nom plural feminine,VedaWeb TEI 6d94702e078b2d8fc04af1241aba63132c4601a3
PL-04,īḥ,NOM/ACC.PL.F candidate suffix,b05_h044_05_zur_d_02,RV 5.44.5d,pátnīḥ,patnīḥ,pátnī-,nominal stem,ACC,F,PL,,,,,accepted,acc plural feminine,VedaWeb TEI 6d94702e078b2d8fc04af1241aba63132c4601a3
PL-04,yaḥ,NOM/ACC.PL.F comparison suffix,b05_h045_02_zur_c_02,RV 5.45.2c,nadyàḥ,nadyaḥ,nadī́-,nominal stem,NOM,F,PL,,,,,accepted,nom plural feminine,VedaWeb TEI 6d94702e078b2d8fc04af1241aba63132c4601a3
SG-28,ayā,INS.SG demonstrative or adverbial,b05_h045_11_zur_c_01,RV 5.45.11c,ayā́,ayā,ayám,pronoun,INS,F,SG,,,,,accepted,instrumental singular,VedaWeb TEI 6d94702e078b2d8fc04af1241aba63132c4601a3
SG-28,ayā,INS.SG demonstrative or adverbial,b05_h045_11_zur_d_01,RV 5.45.11d,ayā́,ayā,ayám,pronoun,INS,F,SG,,,,,accepted,instrumental singular,VedaWeb TEI 6d94702e078b2d8fc04af1241aba63132c4601a3
PL-04,yaḥ,NOM/ACC.PL.F comparison suffix,b05_h046_06_zur_b_02,RV 5.46.6b,nadyàḥ,nadyaḥ,nadī́-,nominal stem,NOM,F,PL,,,,,accepted,nom plural feminine,VedaWeb TEI 6d94702e078b2d8fc04af1241aba63132c4601a3
PL-04,īḥ,NOM/ACC.PL.F candidate suffix,b05_h046_07_zur_a_02,RV 5.46.7a,pátnīḥ,patnīḥ,pátnī-,nominal stem,NOM,F,PL,,,,,accepted,nom plural feminine,VedaWeb TEI 6d94702e078b2d8fc04af1241aba63132c4601a3
PL-04,īḥ,NOM/ACC.PL.F candidate suffix,b05_h046_08_zur_a_04,RV 5.46.8a,devápatnīḥ,devapatnīḥ,devápatnī-,nominal stem,NOM,F,PL,,,,,accepted,nom plural feminine,VedaWeb TEI 6d94702e078b2d8fc04af1241aba63132c4601a3
PL-04,īḥ,NOM/ACC.PL.F candidate suffix,b05_h046_08_zur_d_02,RV 5.46.8d,devī́ḥ,devīḥ,devī́-,nominal stem,NOM,F,PL,,,,,accepted,nom plural feminine,VedaWeb TEI 6d94702e078b2d8fc04af1241aba63132c4601a3
PL-04,yaḥ,NOM/ACC.PL.F comparison suffix,b05_h047_05_zur_b_03,RV 5.47.5b,nadyàḥ,nadyaḥ,nadī́-,nominal stem,NOM,F,PL,,,,,accepted,nom plural feminine,VedaWeb TEI 6d94702e078b2d8fc04af1241aba63132c4601a3
PL-04,yaḥ,NOM/ACC.PL.F comparison suffix,b05_h047_06_zur_a_03,RV 5.47.6a,dhíyaḥ,dhiyaḥ,dhī́-,nominal stem,ACC,F,PL,,,,,accepted,acc plural feminine,VedaWeb TEI 6d94702e078b2d8fc04af1241aba63132c4601a3
NU-06,śatam,syntax review: uninflected collective,b05_h048_03_zur_c_01,RV 5.48.3c,śatám,śatam,śatá-,nominal stem,,N,SG,,,,,review,token morphology cannot decide the construction,VedaWeb TEI 6d94702e078b2d8fc04af1241aba63132c4601a3
PL-04,īḥ,NOM/ACC.PL.F candidate suffix,b05_h050_03_zur_b_02,RV 5.50.3b,pátnīḥ,patnīḥ,pátnī-,nominal stem,ACC,F,PL,,,,,accepted,acc plural feminine,VedaWeb TEI 6d94702e078b2d8fc04af1241aba63132c4601a3
PL-04,īḥ,NOM/ACC.PL.F candidate suffix,b05_h052_03_zur_b_03,RV 5.52.3b,śárvarīḥ,śarvarīḥ,śárvarī-,nominal stem,ACC,F,PL,,,,,accepted,acc plural feminine,VedaWeb TEI 6d94702e078b2d8fc04af1241aba63132c4601a3
SG-27,asme,DAT/LOC.PL pronoun,b05_h053_09_zur_d_01,RV 5.53.9d,asmé,asme,ahám,pronoun,,,PL,,,,,accepted,plural pronoun; relation untagged,VedaWeb TEI 6d94702e078b2d8fc04af1241aba63132c4601a3
SG-28,enā,INS.SG demonstrative or adverbial,b05_h053_12_zur_c_01,RV 5.53.12c,enā́,enā,ayám,pronoun,INS,,SG,,,,,accepted,instrumental singular,VedaWeb TEI 6d94702e078b2d8fc04af1241aba63132c4601a3
SG-27,asme,DAT/LOC.PL pronoun,b05_h054_13_zur_d_01,RV 5.54.13d,asmé,asme,ahám,pronoun,,,PL,,,,,accepted,plural pronoun; relation untagged,VedaWeb TEI 6d94702e078b2d8fc04af1241aba63132c4601a3
NU-06,śatam,syntax review: uninflected collective,b05_h054_15_zur_d_04,RV 5.54.15d,śatám,śatam,śatá-,nominal stem,,N,SG,,,,,review,token morphology cannot decide the construction,VedaWeb TEI 6d94702e078b2d8fc04af1241aba63132c4601a3
PL-04,yaḥ,NOM/ACC.PL.F comparison suffix,b05_h055_07_zur_a_04,RV 5.55.7a,nadyàḥ,nadyaḥ,nadī́-,nominal stem,NOM,F,PL,,,,,accepted,nom plural feminine,VedaWeb TEI 6d94702e078b2d8fc04af1241aba63132c4601a3
NU-06,śatam,syntax review: uninflected collective,b05_h061_10_zur_a_04,RV 5.61.10a,śatám,śatam,śatá-,nominal stem,,N,SG,,,,,review,token morphology cannot decide the construction,VedaWeb TEI 6d94702e078b2d8fc04af1241aba63132c4601a3
PL-04,īḥ,NOM/ACC.PL.F candidate suffix,b05_h062_03_zur_c_02,RV 5.62.3c,óṣadhīḥ,oṣadhīḥ,óṣadhī-,nominal stem,ACC,F,PL,,,,,accepted,acc plural feminine,VedaWeb TEI 6d94702e078b2d8fc04af1241aba63132c4601a3
NU-02,trī,NOM/ACC.PL.N numeral,b05_h069_01_zur_a_01,RV 5.69.1a,trī́,trī,trí-,nominal stem,ACC,N,PL,,,,,accepted,acc plural neuter,VedaWeb TEI 6d94702e078b2d8fc04af1241aba63132c4601a3
NU-02,trīṇi,NOM/ACC.PL.N numeral,b05_h069_01_zur_b_01,RV 5.69.1b,trī́ṇi,trīṇi,trí-,nominal stem,ACC,N,PL,,,,,accepted,acc plural neuter,VedaWeb TEI 6d94702e078b2d8fc04af1241aba63132c4601a3
PL-04,yaḥ,NOM/ACC.PL.F comparison suffix,b05_h071_02_zur_c_03,RV 5.71.2c,dhíyaḥ,dhiyaḥ,dhī́-,nominal stem,ACC,F,PL,,,,,accepted,acc plural feminine,VedaWeb TEI 6d94702e078b2d8fc04af1241aba63132c4601a3
SG-28,enā,INS.SG demonstrative or adverbial,b05_h073_04_zur_a_05,RV 5.73.4a,enā́,enā,ayám,pronoun,INS,,SG,,,,,accepted,instrumental singular,VedaWeb TEI 6d94702e078b2d8fc04af1241aba63132c4601a3
SG-27,asme,DAT/LOC.PL pronoun,b05_h073_04_zur_d_02,RV 5.73.4d,asmé,asme,ahám,pronoun,,,PL,,,,,accepted,plural pronoun; relation untagged,VedaWeb TEI 6d94702e078b2d8fc04af1241aba63132c4601a3
PL-19,imā,NOM/ACC.PL.N demonstrative,b05_h073_10_zur_a_01,RV 5.73.10a,imā́,imā,ayám,pronoun,NOM,N,PL,,,,,accepted,nom plural neuter,VedaWeb TEI 6d94702e078b2d8fc04af1241aba63132c4601a3
PL-20,yā,NOM/ACC.PL.N relative,b05_h073_10_zur_c_01,RV 5.73.10c,yā́,yā,yá-,pronoun,ACC,N,PL,,,,,accepted,acc plural neuter,VedaWeb TEI 6d94702e078b2d8fc04af1241aba63132c4601a3
PL-04,yaḥ,NOM/ACC.PL.F comparison suffix,b05_h081_01_zur_a_05,RV 5.81.1a,dhíyaḥ,dhiyaḥ,dhī́-,nominal stem,ACC,F,PL,,,,,accepted,acc plural feminine,VedaWeb TEI 6d94702e078b2d8fc04af1241aba63132c4601a3
NU-02,trīṇi,NOM/ACC.PL.N numeral,b05_h081_04_zur_a_04,RV 5.81.4a,trī́ṇi,trīṇi,trí-,nominal stem,ACC,N,PL,,,,,accepted,acc plural neuter,VedaWeb TEI 6d94702e078b2d8fc04af1241aba63132c4601a3
DU-07,anī,NOM/ACC/VOC.DU.N candidate suffix,b05_h082_08_zur_a_04,RV 5.82.8a,áhanī,ahanī,áhar ~ áhan-,nominal stem,ACC,N,DU,,,,,accepted,neuter dual,VedaWeb TEI 6d94702e078b2d8fc04af1241aba63132c4601a3
PL-19,imā,NOM/ACC.PL.N demonstrative,b05_h082_09_zur_a_02,RV 5.82.9a,imā́,imā,ayám,pronoun,ACC,N,PL,,,,,accepted,acc plural neuter,VedaWeb TEI 6d94702e078b2d8fc04af1241aba63132c4601a3
PL-04,īḥ,NOM/ACC.PL.F candidate suffix,b05_h083_04_zur_b_02,RV 5.83.4b,óṣadhīḥ,oṣadhīḥ,óṣadhī-,nominal stem,NOM,F,PL,,,,,accepted,nom plural feminine,VedaWeb TEI 6d94702e078b2d8fc04af1241aba63132c4601a3
PL-04,īḥ,NOM/ACC.PL.F candidate suffix,b05_h083_05_zur_c_03,RV 5.83.5c,óṣadhīḥ,oṣadhīḥ,óṣadhī-,nominal stem,NOM,F,PL,,,,,accepted,nom plural feminine,VedaWeb TEI 6d94702e078b2d8fc04af1241aba63132c4601a3
PL-04,īḥ,NOM/ACC.PL.F candidate suffix,b05_h083_10_zur_c_02,RV 5.83.10c,óṣadhīḥ,oṣadhīḥ,óṣadhī-,nominal stem,ACC,F,PL,,,,,accepted,acc plural feminine,VedaWeb TEI 6d94702e078b2d8fc04af1241aba63132c4601a3
PL-04,īḥ,NOM/ACC.PL.F candidate suffix,b05_h086_01_zur_d_02,RV 5.86.1d,vā́ṇīḥ,vāṇīḥ,vā́ṇī-,nominal stem,ACC,F,PL,,,,,accepted,acc plural feminine,VedaWeb TEI 6d94702e078b2d8fc04af1241aba63132c4601a3
NU-05,pañca,syntax review: uninflected numeral,b05_h086_02_zur_c_02,RV 5.86.2c,páñca,pañca,páñca-,nominal stem,ACC,F,PL,,,,,review,token morphology cannot decide the construction,VedaWeb TEI 6d94702e078b2d8fc04af1241aba63132c4601a3
SG-27,asme,DAT/LOC.PL pronoun,b06_h001_11_zur_c_04,RV 6.1.11c,asmé,asme,ahám,pronoun,,,PL,,,,,accepted,plural pronoun; relation untagged,VedaWeb TEI 6d94702e078b2d8fc04af1241aba63132c4601a3
SG-27,asme,DAT/LOC.PL pronoun,b06_h001_12_zur_a_06,RV 6.1.12a,asmé,asme,ahám,pronoun,,,PL,,,,,accepted,plural pronoun; relation untagged,VedaWeb TEI 6d94702e078b2d8fc04af1241aba63132c4601a3
SG-27,asme,DAT/LOC.PL pronoun,b06_h001_12_zur_d_01,RV 6.1.12d,asmé,asme,ahám,pronoun,,,PL,,,,,accepted,plural pronoun; relation untagged,VedaWeb TEI 6d94702e078b2d8fc04af1241aba63132c4601a3
SG-27,asme,DAT/LOC.PL pronoun,b06_h006_07_zur_a_05,RV 6.6.7a,asmé,asme,ahám,pronoun,,,PL,,,,,accepted,plural pronoun; relation untagged,VedaWeb TEI 6d94702e078b2d8fc04af1241aba63132c4601a3
DU-07,aṇī,NOM/ACC/VOC.DU.N candidate suffix,b06_h008_03_zur_c_02,RV 6.8.3c,cármaṇī,carmaṇī,cárman-,nominal stem,ACC,N,DU,,,,,accepted,neuter dual,VedaWeb TEI 6d94702e078b2d8fc04af1241aba63132c4601a3
NU-05,pañca,syntax review: uninflected numeral,b06_h011_04_zur_d_03,RV 6.11.4d,páñca,pañca,páñca-,nominal stem,NOM,M,PL,,,,,review,token morphology cannot decide the construction,VedaWeb TEI 6d94702e078b2d8fc04af1241aba63132c4601a3
PL-20,yā,NOM/ACC.PL.N relative,b06_h015_14_zur_d_04,RV 6.15.14d,yā́,yā,yá-,pronoun,NOM,N,PL,,,,,accepted,nom plural neuter,VedaWeb TEI 6d94702e078b2d8fc04af1241aba63132c4601a3
PL-19,imā,NOM/ACC.PL.N demonstrative,b06_h016_05_zur_a_02,RV 6.16.5a,imā́,imā,ayám,pronoun,ACC,N,PL,,,,,accepted,acc plural neuter,VedaWeb TEI 6d94702e078b2d8fc04af1241aba63132c4601a3
NU-06,śatam,syntax review: uninflected collective,b06_h017_11_zur_b_02,RV 6.17.11b,śatám,śatam,śatá-,nominal stem,,N,SG,,,,,review,token morphology cannot decide the construction,VedaWeb TEI 6d94702e078b2d8fc04af1241aba63132c4601a3
NU-02,trīṇi,NOM/ACC.PL.N numeral,b06_h017_11_zur_c_03,RV 6.17.11c,trī́ṇi,trīṇi,trí-,nominal stem,ACC,N,PL,,,,,accepted,acc plural neuter,VedaWeb TEI 6d94702e078b2d8fc04af1241aba63132c4601a3
SG-28,ayā,INS.SG demonstrative or adverbial,b06_h017_15_zur_a_01,RV 6.17.15a,ayā́,ayā,ayám,pronoun,INS,F,SG,,,,,accepted,instrumental singular,VedaWeb TEI 6d94702e078b2d8fc04af1241aba63132c4601a3
SG-27,yuṣme,DAT/LOC.PL pronoun,b06_h018_05_zur_a_06,RV 6.18.5a,yuṣmé,yuṣme,tvám,pronoun,LOC,,PL,,,,,accepted,loc plural pronoun,VedaWeb TEI 6d94702e078b2d8fc04af1241aba63132c4601a3
NU-06,sahasram,syntax review: uninflected collective,b06_h018_11_zur_a_02,RV 6.18.11a,sahásram,sahasram,sahásra-,nominal stem,,N,SG,,,,,review,token morphology cannot decide the construction,VedaWeb TEI 6d94702e078b2d8fc04af1241aba63132c4601a3
SG-27,asme,DAT/LOC.PL pronoun,b06_h019_09_zur_d_05,RV 6.19.9d,asmé,asme,ahám,pronoun,,,PL,,,,,accepted,plural pronoun; relation untagged,VedaWeb TEI 6d94702e078b2d8fc04af1241aba63132c4601a3
SG-28,enā,INS.SG demonstrative or adverbial,b06_h020_10_zur_b_04,RV 6.20.10b,enā́,enā,ayám,pronoun,INS,,SG,,,,,accepted,instrumental singular,VedaWeb TEI 6d94702e078b2d8fc04af1241aba63132c4601a3
PL-04,īḥ,NOM/ACC.PL.F candidate suffix,b06_h020_10_zur_d_02,RV 6.20.10d,dā́sīḥ,dāsīḥ,dā́sī-,nominal stem,ACC,F,PL,,,,,accepted,acc plural feminine,VedaWeb TEI 6d94702e078b2d8fc04af1241aba63132c4601a3
PL-19,imā,NOM/ACC.PL.N demonstrative,b06_h021_01_zur_a_01,RV 6.21.1a,imā́,imā,ayám,pronoun,NOM,N,PL,,,,,accepted,nom plural neuter,VedaWeb TEI 6d94702e078b2d8fc04af1241aba63132c4601a3
PL-04,yaḥ,NOM/ACC.PL.F comparison suffix,b06_h021_01_zur_c_01,RV 6.21.1c,dhíyaḥ,dhiyaḥ,dhī́-,nominal stem,NOM,F,PL,,,,,accepted,nom plural feminine,VedaWeb TEI 6d94702e078b2d8fc04af1241aba63132c4601a3
PL-04,īḥ,NOM/ACC.PL.F candidate suffix,b06_h021_09_zur_d_02,RV 6.21.9d,óṣadhīḥ,oṣadhīḥ,óṣadhī-,nominal stem,ACC,F,PL,,,,,accepted,acc plural feminine,VedaWeb TEI 6d94702e078b2d8fc04af1241aba63132c4601a3
SG-28,ayā,INS.SG demonstrative or adverbial,b06_h022_06_zur_a_01,RV 6.22.6a,ayā́,ayā,ayám,pronoun,INS,F,SG,,,,,accepted,instrumental singular,VedaWeb TEI 6d94702e078b2d8fc04af1241aba63132c4601a3
SG-27,asme,DAT/LOC.PL pronoun,b06_h023_08_zur_c_05,RV 6.23.8c,asmé,asme,ahám,pronoun,,,PL,,,,,accepted,plural pronoun; relation untagged,VedaWeb TEI 6d94702e078b2d8fc04af1241aba63132c4601a3
PL-04,īḥ,NOM/ACC.PL.F candidate suffix,b06_h025_02_zur_d_05,RV 6.25.2d,dā́sīḥ,dāsīḥ,dā́sī-,nominal stem,ACC,F,PL,,,,,accepted,acc plural feminine,VedaWeb TEI 6d94702e078b2d8fc04af1241aba63132c4601a3
SG-27,asme,DAT/LOC.PL pronoun,b06_h028_01_zur_b_04,RV 6.28.1b,asmé,asme,ahám,pronoun,,,PL,,,,,accepted,plural pronoun; relation untagged,VedaWeb TEI 6d94702e078b2d8fc04af1241aba63132c4601a3
PL-20,yāni,NOM/ACC.PL.N relative,b06_h030_02_zur_b_01,RV 6.30.2b,yā́ni,yāni,yá-,pronoun,,N,PL,,,,,accepted, plural neuter,VedaWeb TEI 6d94702e078b2d8fc04af1241aba63132c4601a3
PL-04,īḥ,NOM/ACC.PL.F candidate suffix,b06_h034_03_zur_a_06,RV 6.34.3a,vā́ṇīḥ,vāṇīḥ,vā́ṇī-,nominal stem,NOM,F,PL,,,,,accepted,nom plural feminine,VedaWeb TEI 6d94702e078b2d8fc04af1241aba63132c4601a3
NU-06,śatam,syntax review: uninflected collective,b06_h034_03_zur_c_03,RV 6.34.3c,śatám,śatam,śatá-,nominal stem,,N,SG,,,,,review,token morphology cannot decide the construction,VedaWeb TEI 6d94702e078b2d8fc04af1241aba63132c4601a3
NU-06,sahasram,syntax review: uninflected collective,b06_h034_03_zur_c_05,RV 6.34.3c,sahásram,sahasram,sahásra-,nominal stem,,N,SG,,,,,review,token morphology cannot decide the construction,VedaWeb TEI 6d94702e078b2d8fc04af1241aba63132c4601a3
PL-04,yaḥ,NOM/ACC.PL.F comparison suffix,b06_h035_01_zur_d_02,RV 6.35.1d,dhíyaḥ,dhiyaḥ,dhī́-,nominal stem,ACC,F,PL,,,,,accepted,acc plural feminine,VedaWeb TEI 6d94702e078b2d8fc04af1241aba63132c4601a3
SG-27,asme,DAT/LOC.PL pronoun,b06_h035_02_zur_d_05,RV 6.35.2d,asmé,asme,ahám,pronoun,,,PL,,,,,accepted,plural pronoun; relation untagged,VedaWeb TEI 6d94702e078b2d8fc04af1241aba63132c4601a3
PL-04,yaḥ,NOM/ACC.PL.F comparison suffix,b06_h035_03_zur_c_02,RV 6.35.3c,dhíyaḥ,dhiyaḥ,dhī́-,nominal stem,ACC,F,PL,,,,,accepted,acc plural feminine,VedaWeb TEI 6d94702e078b2d8fc04af1241aba63132c4601a3
PL-04,īḥ,NOM/ACC.PL.F candidate suffix,b06_h039_05_zur_c_02,RV 6.39.5c,óṣadhīḥ,oṣadhīḥ,óṣadhī-,nominal stem,ACC,F,PL,,,,,accepted,acc plural feminine,VedaWeb TEI 6d94702e078b2d8fc04af1241aba63132c4601a3
PL-19,imā,NOM/ACC.PL.N demonstrative,b06_h040_04_zur_c_04,RV 6.40.4c,imā́,imā,ayám,pronoun,ACC,N,PL,,,,,accepted,acc plural neuter,VedaWeb TEI 6d94702e078b2d8fc04af1241aba63132c4601a3
PL-04,īḥ,NOM/ACC.PL.F candidate suffix,b06_h041_04_zur_d_03,RV 6.41.4d,táviṣīḥ,taviṣīḥ,táviṣī-,nominal stem,ACC,F,PL,,,,,accepted,acc plural feminine,VedaWeb TEI 6d94702e078b2d8fc04af1241aba63132c4601a3
SG-27,asme,DAT/LOC.PL pronoun,b06_h044_09_zur_a_04,RV 6.44.9a,asmé,asme,ahám,pronoun,,,PL,,,,,accepted,plural pronoun; relation untagged,VedaWeb TEI 6d94702e078b2d8fc04af1241aba63132c4601a3
SG-28,enā,INS.SG demonstrative or adverbial,b06_h044_17_zur_a_01,RV 6.44.17a,enā́,enā,ayám,pronoun,INS,,SG,,,,,accepted,instrumental singular,VedaWeb TEI 6d94702e078b2d8fc04af1241aba63132c4601a3
PL-04,īḥ,NOM/ACC.PL.F candidate suffix,b06_h044_23_zur_a_04,RV 6.44.23a,supátnīḥ,supatnīḥ,supátnī-,nominal stem,ACC,F,PL,,,,,accepted,acc plural feminine,VedaWeb TEI 6d94702e078b2d8fc04af1241aba63132c4601a3
NU-05,pañca,syntax review: uninflected numeral,b06_h046_07_zur_c_03,RV 6.46.7c,páñca,pañca,páñca-,nominal stem,,,PL,,,,,review,token morphology cannot decide the construction,VedaWeb TEI 6d94702e078b2d8fc04af1241aba63132c4601a3
PL-04,yaḥ,NOM/ACC.PL.F comparison suffix,b06_h047_02_zur_d_05,RV 6.47.2d,dehyàḥ,dehyaḥ,dehī́-,nominal stem,ACC,F,PL,,,,,accepted,acc plural feminine,VedaWeb TEI 6d94702e078b2d8fc04af1241aba63132c4601a3
SG-27,asme,DAT/LOC.PL pronoun,b06_h047_13_zur_c_05,RV 6.47.13c,asmé,asme,ahám,pronoun,,,PL,,,,,accepted,plural pronoun; relation untagged,VedaWeb TEI 6d94702e078b2d8fc04af1241aba63132c4601a3
PL-04,īḥ,NOM/ACC.PL.F candidate suffix,b06_h047_22_zur_b_02,RV 6.47.22b,kóśayīḥ,kośayīḥ,kóśayī-,nominal stem,ACC,F,PL,,,,,accepted,acc plural feminine,VedaWeb TEI 6d94702e078b2d8fc04af1241aba63132c4601a3
NU-06,śatam,syntax review: uninflected collective,b06_h047_24_zur_b_01,RV 6.47.24b,śatám,śatam,śatá-,nominal stem,,N,SG,,,,,review,token morphology cannot decide the construction,VedaWeb TEI 6d94702e078b2d8fc04af1241aba63132c4601a3
NU-06,śatam,syntax review: uninflected collective,b06_h048_08_zur_c_01,RV 6.48.8c,śatám,śatam,śatá-,nominal stem,,N,SG,,,,,review,token morphology cannot decide the construction,VedaWeb TEI 6d94702e078b2d8fc04af1241aba63132c4601a3
NU-06,śatam,syntax review: uninflected collective,b06_h048_08_zur_d_02,RV 6.48.8d,śatám,śatam,śatá-,nominal stem,,N,SG,,,,,review,token morphology cannot decide the construction,VedaWeb TEI 6d94702e078b2d8fc04af1241aba63132c4601a3
SG-27,asme,DAT/LOC.PL pronoun,b06_h050_03_zur_d_01,RV 6.50.3d,asmé,asme,ahám,pronoun,,,PL,,,,,accepted,plural pronoun; relation untagged,VedaWeb TEI 6d94702e078b2d8fc04af1241aba63132c4601a3
PL-04,īḥ,NOM/ACC.PL.F candidate suffix,b06_h050_07_zur_d_04,RV 6.50.7d,jánitrīḥ,janitrīḥ,jánitrī-,nominal stem,NOM,F,PL,,,,,accepted,nom plural feminine,VedaWeb TEI 6d94702e078b2d8fc04af1241aba63132c4601a3
NU-02,trīṇi,NOM/ACC.PL.N numeral,b06_h051_02_zur_a_03,RV 6.51.2a,trī́ṇi,trīṇi,trí-,nominal stem,ACC,N,PL,,,,,accepted,acc plural neuter,VedaWeb TEI 6d94702e078b2d8fc04af1241aba63132c4601a3
NU-05,pañca,syntax review: uninflected numeral,b06_h051_11_zur_b_04,RV 6.51.11b,páñca,pañca,páñca-,nominal stem,NOM,,PL,,,,,review,token morphology cannot decide the construction,VedaWeb TEI 6d94702e078b2d8fc04af1241aba63132c4601a3
PL-19,imā,NOM/ACC.PL.N demonstrative,b06_h052_11_zur_c_01,RV 6.52.11c,imā́,imā,ayám,pronoun,ACC,N,PL,,,,,accepted,acc plural neuter,VedaWeb TEI 6d94702e078b2d8fc04af1241aba63132c4601a3
SG-27,asme,DAT/LOC.PL pronoun,b06_h052_16_zur_d_05,RV 6.52.16d,asmé,asme,ahám,pronoun,,,PL,,,,,accepted,plural pronoun; relation untagged,VedaWeb TEI 6d94702e078b2d8fc04af1241aba63132c4601a3
PL-04,yaḥ,NOM/ACC.PL.F comparison suffix,b06_h053_04_zur_c_04,RV 6.53.4c,dhíyaḥ,dhiyaḥ,dhī́-,nominal stem,NOM,F,PL,,,,,accepted,nom plural feminine,VedaWeb TEI 6d94702e078b2d8fc04af1241aba63132c4601a3
DU-07,anī,NOM/ACC/VOC.DU.N candidate suffix,b06_h058_01_zur_b_02,RV 6.58.1b,áhanī,ahanī,áhar ~ áhan-,nominal stem,ACC,N,DU,,,,,accepted,neuter dual,VedaWeb TEI 6d94702e078b2d8fc04af1241aba63132c4601a3
PL-20,yāni,NOM/ACC.PL.N relative,b06_h059_01_zur_b_02,RV 6.59.1b,yā́ni,yāni,yá-,pronoun,,N,PL,,,,,accepted, plural neuter,VedaWeb TEI 6d94702e078b2d8fc04af1241aba63132c4601a3
SG-27,asme,DAT/LOC.PL pronoun,b06_h060_03_zur_d_02,RV 6.60.3d,asmé,asme,ahám,pronoun,,,PL,,,,,accepted,plural pronoun; relation untagged,VedaWeb TEI 6d94702e078b2d8fc04af1241aba63132c4601a3
NU-05,pañca,syntax review: uninflected numeral,b06_h061_12_zur_b_01,RV 6.61.12b,páñca,pañca,páñca-,nominal stem,ACC,N,PL,,,,,review,token morphology cannot decide the construction,VedaWeb TEI 6d94702e078b2d8fc04af1241aba63132c4601a3
PL-04,yaḥ,NOM/ACC.PL.F comparison suffix,b06_h062_03_zur_b_02,RV 6.62.3b,dhíyaḥ,dhiyaḥ,dhī́-,nominal stem,ACC,F,PL,,,,,accepted,acc plural feminine,VedaWeb TEI 6d94702e078b2d8fc04af1241aba63132c4601a3
NU-06,śatam,syntax review: uninflected collective,b06_h063_09_zur_b_02,RV 6.63.9b,śatám,śatam,śatá-,nominal stem,,N,SG,,,,,review,token morphology cannot decide the construction,VedaWeb TEI 6d94702e078b2d8fc04af1241aba63132c4601a3
PL-04,īḥ,NOM/ACC.PL.F candidate suffix,b06_h065_02_zur_c_04,RV 6.65.2c,náyantīḥ,nayantīḥ,√nī-,root,NOM,F,PL,,,PRS,ACT,accepted,nom plural feminine,VedaWeb TEI 6d94702e078b2d8fc04af1241aba63132c4601a3
SG-28,ayā,INS.SG demonstrative or adverbial,b06_h066_04_zur_a_05,RV 6.66.4a,áyā,ayā,ayám,pronoun,INS,F,SG,,,,,accepted,instrumental singular,VedaWeb TEI 6d94702e078b2d8fc04af1241aba63132c4601a3
SG-27,asme,DAT/LOC.PL pronoun,b06_h068_06_zur_c_01,RV 6.68.6c,asmé,asme,ahám,pronoun,,,PL,,,,,accepted,plural pronoun; relation untagged,VedaWeb TEI 6d94702e078b2d8fc04af1241aba63132c4601a3
SG-27,asme,DAT/LOC.PL pronoun,b06_h068_11_zur_c_05,RV 6.68.11c,asmé,asme,ahám,pronoun,,,PL,,,,,accepted,plural pronoun; relation untagged,VedaWeb TEI 6d94702e078b2d8fc04af1241aba63132c4601a3
SG-27,asme,DAT/LOC.PL pronoun,b06_h069_06_zur_c_04,RV 6.69.6c,asmé,asme,ahám,pronoun,,,PL,,,,,accepted,plural pronoun; relation untagged,VedaWeb TEI 6d94702e078b2d8fc04af1241aba63132c4601a3
NU-06,sahasram,syntax review: uninflected collective,b06_h069_08_zur_d_02,RV 6.69.8d,sahásram,sahasram,sahásra-,nominal stem,,N,SG,,,,,review,token morphology cannot decide the construction,VedaWeb TEI 6d94702e078b2d8fc04af1241aba63132c4601a3
SG-27,asme,DAT/LOC.PL pronoun,b06_h070_02_zur_d_01,RV 6.70.2d,asmé,asme,ahám,pronoun,,,PL,,,,,accepted,plural pronoun; relation untagged,VedaWeb TEI 6d94702e078b2d8fc04af1241aba63132c4601a3
SG-27,asme,DAT/LOC.PL pronoun,b06_h070_05_zur_d_04,RV 6.70.5d,asmé,asme,ahám,pronoun,,,PL,,,,,accepted,plural pronoun; relation untagged,VedaWeb TEI 6d94702e078b2d8fc04af1241aba63132c4601a3
SG-27,asme,DAT/LOC.PL pronoun,b06_h070_06_zur_d_04,RV 6.70.6d,asmé,asme,ahám,pronoun,,,PL,,,,,accepted,plural pronoun; relation untagged,VedaWeb TEI 6d94702e078b2d8fc04af1241aba63132c4601a3
SG-28,ayā,INS.SG demonstrative or adverbial,b06_h071_06_zur_d_01,RV 6.71.6d,ayā́,ayā,ayám,pronoun,INS,F,SG,,,,,accepted,instrumental singular,VedaWeb TEI 6d94702e078b2d8fc04af1241aba63132c4601a3
SG-27,asme,DAT/LOC.PL pronoun,b06_h074_02_zur_d_01,RV 6.74.2d,asmé,asme,ahám,pronoun,,,PL,,,,,accepted,plural pronoun; relation untagged,VedaWeb TEI 6d94702e078b2d8fc04af1241aba63132c4601a3
SG-27,asme,DAT/LOC.PL pronoun,b06_h074_03_zur_a_04,RV 6.74.3a,asmé,asme,ahám,pronoun,,,PL,,,,,accepted,plural pronoun; relation untagged,VedaWeb TEI 6d94702e078b2d8fc04af1241aba63132c4601a3
SG-26,tvā,INS.SG pronoun,b07_h001_13_zur_c_01,RV 7.1.13c,tvā́,tvā,tvám,pronoun,INS,,SG,,,,,accepted,instrumental singular pronoun,VedaWeb TEI 6d94702e078b2d8fc04af1241aba63132c4601a3
PL-19,imā,NOM/ACC.PL.N demonstrative,b07_h001_18_zur_a_01,RV 7.1.18a,imā́,imā,ayám,pronoun,ACC,N,PL,,,,,accepted,acc plural neuter,VedaWeb TEI 6d94702e078b2d8fc04af1241aba63132c4601a3
PL-04,īḥ,NOM/ACC.PL.F candidate suffix,b07_h002_08_zur_d_02,RV 7.2.8d,devī́ḥ,devīḥ,devī́-,nominal stem,NOM,F,PL,,,,,accepted,nom plural feminine,VedaWeb TEI 6d94702e078b2d8fc04af1241aba63132c4601a3
NU-06,śatam,syntax review: uninflected collective,b07_h003_07_zur_d_01,RV 7.3.7d,śatám,śatam,śatá-,nominal stem,,N,SG,,,,,review,token morphology cannot decide the construction,VedaWeb TEI 6d94702e078b2d8fc04af1241aba63132c4601a3
PL-04,īḥ,NOM/ACC.PL.F candidate suffix,b07_h004_05_zur_c_02,RV 7.4.5c,óṣadhīḥ,oṣadhīḥ,óṣadhī-,nominal stem,NOM,F,PL,,,,,accepted,nom plural feminine,VedaWeb TEI 6d94702e078b2d8fc04af1241aba63132c4601a3
SG-27,asme,DAT/LOC.PL pronoun,b07_h005_08_zur_a_03,RV 7.5.8a,asmé,asme,ahám,pronoun,,,PL,,,,,accepted,plural pronoun; relation untagged,VedaWeb TEI 6d94702e078b2d8fc04af1241aba63132c4601a3
PL-04,yaḥ,NOM/ACC.PL.F comparison suffix,b07_h006_05_zur_a_02,RV 7.6.5a,dehyàḥ,dehyaḥ,dehī́-,nominal stem,ACC,F,PL,,,,,accepted,acc plural feminine,VedaWeb TEI 6d94702e078b2d8fc04af1241aba63132c4601a3
PL-04,īḥ,NOM/ACC.PL.F candidate suffix,b07_h006_05_zur_b_02,RV 7.6.5b,aryápatnīḥ,aryapatnīḥ,aryápatnī-,nominal stem,ACC,F,PL,,,,,accepted,acc plural feminine,VedaWeb TEI 6d94702e078b2d8fc04af1241aba63132c4601a3
PL-04,yaḥ,NOM/ACC.PL.F comparison suffix,b07_h010_01_zur_d_01,RV 7.10.1d,dhíyaḥ,dhiyaḥ,dhī́-,nominal stem,ACC,F,PL,,,,,accepted,acc plural feminine,VedaWeb TEI 6d94702e078b2d8fc04af1241aba63132c4601a3
NU-05,pañca,syntax review: uninflected numeral,b07_h015_02_zur_a_02,RV 7.15.2a,páñca,pañca,páñca-,nominal stem,ACC,F,PL,,,,,review,token morphology cannot decide the construction,VedaWeb TEI 6d94702e078b2d8fc04af1241aba63132c4601a3
PL-04,yaḥ,NOM/ACC.PL.F comparison suffix,b07_h015_05_zur_a_03,RV 7.15.5a,śríyaḥ,śriyaḥ,śrī́-,nominal stem,NOM,F,PL,,,,,accepted,nom plural feminine,VedaWeb TEI 6d94702e078b2d8fc04af1241aba63132c4601a3
SG-28,enā,INS.SG demonstrative or adverbial,b07_h016_01_zur_a_01,RV 7.16.1a,enā́,enā,ayám,pronoun,INS,,SG,,,,,accepted,instrumental singular,VedaWeb TEI 6d94702e078b2d8fc04af1241aba63132c4601a3
NU-06,śatam,syntax review: uninflected collective,b07_h016_10_zur_d_01,RV 7.16.10d,śatám,śatam,śatá-,nominal stem,,N,SG,,,,,review,token morphology cannot decide the construction,VedaWeb TEI 6d94702e078b2d8fc04af1241aba63132c4601a3
SG-27,asme,DAT/LOC.PL pronoun,b07_h021_08_zur_c_04,RV 7.21.8c,asmé,asme,ahám,pronoun,,,PL,,,,,accepted,plural pronoun; relation untagged,VedaWeb TEI 6d94702e078b2d8fc04af1241aba63132c4601a3
PL-19,imā,NOM/ACC.PL.N demonstrative,b07_h022_03_zur_c_01,RV 7.22.3c,imā́,imā,ayám,pronoun,ACC,N,PL,,,,,accepted,acc plural neuter,VedaWeb TEI 6d94702e078b2d8fc04af1241aba63132c4601a3
PL-19,imā,NOM/ACC.PL.N demonstrative,b07_h022_04_zur_c_05,RV 7.22.4c,imā́,imā,ayám,pronoun,ACC,N,PL,,,,,accepted,acc plural neuter,VedaWeb TEI 6d94702e078b2d8fc04af1241aba63132c4601a3
PL-19,imā,NOM/ACC.PL.N demonstrative,b07_h022_07_zur_a_03,RV 7.22.7a,imā́,imā,ayám,pronoun,NOM,N,PL,,,,,accepted,nom plural neuter,VedaWeb TEI 6d94702e078b2d8fc04af1241aba63132c4601a3
SG-27,asme,DAT/LOC.PL pronoun,b07_h022_09_zur_c_01,RV 7.22.9c,asmé,asme,ahám,pronoun,,,PL,,,,,accepted,plural pronoun; relation untagged,VedaWeb TEI 6d94702e078b2d8fc04af1241aba63132c4601a3
PL-04,yaḥ,NOM/ACC.PL.F comparison suffix,b07_h023_04_zur_a_04,RV 7.23.4a,staryàḥ,staryaḥ,starī́-,nominal stem,NOM,F,PL,,,,,accepted,nom plural feminine,VedaWeb TEI 6d94702e078b2d8fc04af1241aba63132c4601a3
SG-27,asme,DAT/LOC.PL pronoun,b07_h024_04_zur_d_01,RV 7.24.4d,asmé,asme,ahám,pronoun,,,PL,,,,,accepted,plural pronoun; relation untagged,VedaWeb TEI 6d94702e078b2d8fc04af1241aba63132c4601a3
NU-06,śatam,syntax review: uninflected collective,b07_h025_03_zur_a_01,RV 7.25.3a,śatám,śatam,śatá-,nominal stem,,N,SG,,,,,review,token morphology cannot decide the construction,VedaWeb TEI 6d94702e078b2d8fc04af1241aba63132c4601a3
NU-06,sahasram,syntax review: uninflected collective,b07_h025_03_zur_b_01,RV 7.25.3b,sahásram,sahasram,sahásra-,nominal stem,,N,SG,,,,,review,token morphology cannot decide the construction,VedaWeb TEI 6d94702e078b2d8fc04af1241aba63132c4601a3
SG-27,asme,DAT/LOC.PL pronoun,b07_h025_03_zur_d_01,RV 7.25.3d,asmé,asme,ahám,pronoun,,,PL,,,,,accepted,plural pronoun; relation untagged,VedaWeb TEI 6d94702e078b2d8fc04af1241aba63132c4601a3
PL-20,yāni,NOM/ACC.PL.N relative,b07_h026_03_zur_b_01,RV 7.26.3b,yā́ni,yāni,yá-,pronoun,ACC,N,PL,,,,,accepted,acc plural neuter,VedaWeb TEI 6d94702e078b2d8fc04af1241aba63132c4601a3
SG-27,asme,DAT/LOC.PL pronoun,b07_h026_04_zur_d_01,RV 7.26.4d,asmé,asme,ahám,pronoun,,,PL,,,,,accepted,plural pronoun; relation untagged,VedaWeb TEI 6d94702e078b2d8fc04af1241aba63132c4601a3
PL-04,yaḥ,NOM/ACC.PL.F comparison suffix,b07_h027_01_zur_b_04,RV 7.27.1b,dhíyaḥ,dhiyaḥ,dhī́-,nominal stem,ACC,F,PL,,,,,accepted,acc plural feminine,VedaWeb TEI 6d94702e078b2d8fc04af1241aba63132c4601a3
PL-19,imā,NOM/ACC.PL.N demonstrative,b07_h029_02_zur_d_04,RV 7.29.2d,imā́,imā,ayám,pronoun,ACC,N,PL,,,,,accepted,acc plural neuter,VedaWeb TEI 6d94702e078b2d8fc04af1241aba63132c4601a3
PL-19,imā,NOM/ACC.PL.N demonstrative,b07_h029_03_zur_d_06,RV 7.29.3d,imā́,imā,ayám,pronoun,ACC,N,PL,,,,,accepted,acc plural neuter,VedaWeb TEI 6d94702e078b2d8fc04af1241aba63132c4601a3
PL-04,īḥ,NOM/ACC.PL.F candidate suffix,b07_h031_12_zur_a_02,RV 7.31.12a,vā́ṇīḥ,vāṇīḥ,vā́ṇī-,nominal stem,NOM,F,PL,,,,,accepted,nom plural feminine,VedaWeb TEI 6d94702e078b2d8fc04af1241aba63132c4601a3
PL-04,īḥ,NOM/ACC.PL.F candidate suffix,b07_h034_20_zur_a_04,RV 7.34.20a,pátnīḥ,patnīḥ,pátnī-,nominal stem,NOM,F,PL,,,,,accepted,nom plural feminine,VedaWeb TEI 6d94702e078b2d8fc04af1241aba63132c4601a3
SG-27,asme,DAT/LOC.PL pronoun,b07_h034_21_zur_b_02,RV 7.34.21b,asmé,asme,ahám,pronoun,,,PL,,,,,accepted,plural pronoun; relation untagged,VedaWeb TEI 6d94702e078b2d8fc04af1241aba63132c4601a3
PL-04,īḥ,NOM/ACC.PL.F candidate suffix,b07_h034_23_zur_b_03,RV 7.34.23b,óṣadhīḥ,oṣadhīḥ,óṣadhī-,nominal stem,NOM,F,PL,,,,,accepted,nom plural feminine,VedaWeb TEI 6d94702e078b2d8fc04af1241aba63132c4601a3
PL-04,īḥ,NOM/ACC.PL.F candidate suffix,b07_h034_25_zur_b_02,RV 7.34.25b,óṣadhīḥ,oṣadhīḥ,óṣadhī-,nominal stem,NOM,F,PL,,,,,accepted,nom plural feminine,VedaWeb TEI 6d94702e078b2d8fc04af1241aba63132c4601a3
PL-04,īḥ,NOM/ACC.PL.F candidate suffix,b07_h035_05_zur_c_03,RV 7.35.5c,óṣadhīḥ,oṣadhīḥ,óṣadhī-,nominal stem,NOM,F,PL,,,,,accepted,nom plural feminine,VedaWeb TEI 6d94702e078b2d8fc04af1241aba63132c4601a3
SG-27,asme,DAT/LOC.PL pronoun,b07_h042_06_zur_c_05,RV 7.42.6c,asmé,asme,ahám,pronoun,,,PL,,,,,accepted,plural pronoun; relation untagged,VedaWeb TEI 6d94702e078b2d8fc04af1241aba63132c4601a3
SG-27,asme,DAT/LOC.PL pronoun,b07_h045_04_zur_c_04,RV 7.45.4c,asmé,asme,ahám,pronoun,,,PL,,,,,accepted,plural pronoun; relation untagged,VedaWeb TEI 6d94702e078b2d8fc04af1241aba63132c4601a3
NU-06,sahasram,syntax review: uninflected collective,b07_h046_03_zur_c_01,RV 7.46.3c,sahásram,sahasram,sahásra-,nominal stem,,N,SG,,,,,review,token morphology cannot decide the construction,VedaWeb TEI 6d94702e078b2d8fc04af1241aba63132c4601a3
PL-04,īḥ,NOM/ACC.PL.F candidate suffix,b07_h047_03_zur_b_01,RV 7.47.3b,devī́ḥ,devīḥ,devī́-,nominal stem,NOM,F,PL,,,,,accepted,nom plural feminine,VedaWeb TEI 6d94702e078b2d8fc04af1241aba63132c4601a3
SG-27,asme,DAT/LOC.PL pronoun,b07_h048_01_zur_b_01,RV 7.48.1b,asmé,asme,ahám,pronoun,,,PL,,,,,accepted,plural pronoun; relation untagged,VedaWeb TEI 6d94702e078b2d8fc04af1241aba63132c4601a3
SG-27,asme,DAT/LOC.PL pronoun,b07_h048_04_zur_c_02,RV 7.48.4c,asmé,asme,ahám,pronoun,,,PL,,,,,accepted,plural pronoun; relation untagged,VedaWeb TEI 6d94702e078b2d8fc04af1241aba63132c4601a3
PL-04,īḥ,NOM/ACC.PL.F candidate suffix,b07_h049_01_zur_d_03,RV 7.49.1d,devī́ḥ,devīḥ,devī́-,nominal stem,NOM,F,PL,,,,,accepted,nom plural feminine,VedaWeb TEI 6d94702e078b2d8fc04af1241aba63132c4601a3
PL-04,īḥ,NOM/ACC.PL.F candidate suffix,b07_h049_02_zur_d_03,RV 7.49.2d,devī́ḥ,devīḥ,devī́-,nominal stem,NOM,F,PL,,,,,accepted,nom plural feminine,VedaWeb TEI 6d94702e078b2d8fc04af1241aba63132c4601a3
PL-04,īḥ,NOM/ACC.PL.F candidate suffix,b07_h049_03_zur_d_03,RV 7.49.3d,devī́ḥ,devīḥ,devī́-,nominal stem,NOM,F,PL,,,,,accepted,nom plural feminine,VedaWeb TEI 6d94702e078b2d8fc04af1241aba63132c4601a3
PL-04,īḥ,NOM/ACC.PL.F candidate suffix,b07_h049_04_zur_d_03,RV 7.49.4d,devī́ḥ,devīḥ,devī́-,nominal stem,NOM,F,PL,,,,,accepted,nom plural feminine,VedaWeb TEI 6d94702e078b2d8fc04af1241aba63132c4601a3
PL-04,īḥ,NOM/ACC.PL.F candidate suffix,b07_h050_04_zur_d_02,RV 7.50.4d,devī́ḥ,devīḥ,devī́-,nominal stem,NOM,F,PL,,,,,accepted,nom plural feminine,VedaWeb TEI 6d94702e078b2d8fc04af1241aba63132c4601a3
PL-04,yaḥ,NOM/ACC.PL.F comparison suffix,b07_h050_04_zur_e_02,RV 7.50.4e,nadyàḥ,nadyaḥ,nadī́-,nominal stem,NOM,F,PL,,,,,accepted,nom plural feminine,VedaWeb TEI 6d94702e078b2d8fc04af1241aba63132c4601a3
SG-27,asme,DAT/LOC.PL pronoun,b07_h053_03_zur_c_01,RV 7.53.3c,asmé,asme,ahám,pronoun,,,PL,,,,,accepted,plural pronoun; relation untagged,VedaWeb TEI 6d94702e078b2d8fc04af1241aba63132c4601a3
PL-04,īḥ,NOM/ACC.PL.F candidate suffix,b07_h055_08_zur_b_01,RV 7.55.8b,nā́rīḥ,nārīḥ,nā́rī-,nominal stem,NOM,F,PL,,,,,accepted,nom plural feminine,VedaWeb TEI 6d94702e078b2d8fc04af1241aba63132c4601a3
PL-04,yaḥ,NOM/ACC.PL.F comparison suffix,b07_h055_08_zur_c_01,RV 7.55.8c,stríyaḥ,striyaḥ,strī́-,nominal stem,NOM,F,PL,,,,,accepted,nom plural feminine,VedaWeb TEI 6d94702e078b2d8fc04af1241aba63132c4601a3
SG-27,asme,DAT/LOC.PL pronoun,b07_h056_17_zur_d_02,RV 7.56.17d,asmé,asme,ahám,pronoun,,,PL,,,,,accepted,plural pronoun; relation untagged,VedaWeb TEI 6d94702e078b2d8fc04af1241aba63132c4601a3
SG-27,asme,DAT/LOC.PL pronoun,b07_h056_20_zur_d_05,RV 7.56.20d,asmé,asme,ahám,pronoun,,,PL,,,,,accepted,plural pronoun; relation untagged,VedaWeb TEI 6d94702e078b2d8fc04af1241aba63132c4601a3
PL-20,yā,NOM/ACC.PL.N relative,b07_h056_23_zur_b_02,RV 7.56.23b,yā́,yā,yá-,pronoun,NOM,N,PL,,,,,accepted,nom plural neuter,VedaWeb TEI 6d94702e078b2d8fc04af1241aba63132c4601a3
SG-27,asme,DAT/LOC.PL pronoun,b07_h056_24_zur_a_01,RV 7.56.24a,asmé,asme,ahám,pronoun,,,PL,,,,,accepted,plural pronoun; relation untagged,VedaWeb TEI 6d94702e078b2d8fc04af1241aba63132c4601a3
SG-27,asme,DAT/LOC.PL pronoun,b07_h057_04_zur_d_01,RV 7.57.4d,asmé,asme,ahám,pronoun,,,PL,,,,,accepted,plural pronoun; relation untagged,VedaWeb TEI 6d94702e078b2d8fc04af1241aba63132c4601a3
PL-19,imā,NOM/ACC.PL.N demonstrative,b07_h059_05_zur_c_01,RV 7.59.5c,imā́,imā,ayám,pronoun,ACC,N,PL,,,,,accepted,acc plural neuter,VedaWeb TEI 6d94702e078b2d8fc04af1241aba63132c4601a3
PL-19,imāni,NOM/ACC.PL.N demonstrative,b07_h061_06_zur_d_04,RV 7.61.6d,imā́ni,imāni,ayám,pronoun,,N,PL,,,,,accepted, plural neuter,VedaWeb TEI 6d94702e078b2d8fc04af1241aba63132c4601a3
NU-06,sahasram,syntax review: uninflected collective,b07_h062_03_zur_a_03,RV 7.62.3a,sahásram,sahasram,sahásra-,nominal stem,,N,SG,,,,,review,token morphology cannot decide the construction,VedaWeb TEI 6d94702e078b2d8fc04af1241aba63132c4601a3
PL-19,imā,NOM/ACC.PL.N demonstrative,b07_h062_05_zur_d_05,RV 7.62.5d,imā́,imā,ayám,pronoun,ACC,N,PL,,,,,accepted,acc plural neuter,VedaWeb TEI 6d94702e078b2d8fc04af1241aba63132c4601a3
PL-04,yaḥ,NOM/ACC.PL.F comparison suffix,b07_h064_05_zur_c_02,RV 7.64.5c,dhíyaḥ,dhiyaḥ,dhī́-,nominal stem,ACC,F,PL,,,,,accepted,acc plural feminine,VedaWeb TEI 6d94702e078b2d8fc04af1241aba63132c4601a3
PL-04,yaḥ,NOM/ACC.PL.F comparison suffix,b07_h066_03_zur_c_03,RV 7.66.3c,dhíyaḥ,dhiyaḥ,dhī́-,nominal stem,ACC,F,PL,,,,,accepted,acc plural feminine,VedaWeb TEI 6d94702e078b2d8fc04af1241aba63132c4601a3
NU-02,trīṇi,NOM/ACC.PL.N numeral,b07_h066_10_zur_c_01,RV 7.66.10c,trī́ṇi,trīṇi,trí-,nominal stem,ACC,N,PL,,,,,accepted,acc plural neuter,VedaWeb TEI 6d94702e078b2d8fc04af1241aba63132c4601a3
NU-06,śatam,syntax review: uninflected collective,b07_h066_16_zur_b_03,RV 7.66.16b,śatám,śatam,śatá-,nominal stem,,N,SG,,,,,review,token morphology cannot decide the construction,VedaWeb TEI 6d94702e078b2d8fc04af1241aba63132c4601a3
NU-06,śatam,syntax review: uninflected collective,b07_h066_16_zur_c_03,RV 7.66.16c,śatám,śatam,śatá-,nominal stem,,N,SG,,,,,review,token morphology cannot decide the construction,VedaWeb TEI 6d94702e078b2d8fc04af1241aba63132c4601a3
SG-27,asme,DAT/LOC.PL pronoun,b07_h067_02_zur_a_04,RV 7.67.2a,asmé,asme,ahám,pronoun,,,PL,,,,,accepted,plural pronoun; relation untagged,VedaWeb TEI 6d94702e078b2d8fc04af1241aba63132c4601a3
SG-27,asme,DAT/LOC.PL pronoun,b07_h067_04_zur_d_02,RV 7.67.4d,asmé,asme,ahám,pronoun,,,PL,,,,,accepted,plural pronoun; relation untagged,VedaWeb TEI 6d94702e078b2d8fc04af1241aba63132c4601a3
SG-27,asme,DAT/LOC.PL pronoun,b07_h067_07_zur_b_05,RV 7.67.7b,asmé,asme,ahám,pronoun,,,PL,,,,,accepted,plural pronoun; relation untagged,VedaWeb TEI 6d94702e078b2d8fc04af1241aba63132c4601a3
NU-05,pañca,syntax review: uninflected numeral,b07_h069_02_zur_a_04,RV 7.69.2a,páñca,pañca,páñca-,nominal stem,ACC,N,PL,,,,,review,token morphology cannot decide the construction,VedaWeb TEI 6d94702e078b2d8fc04af1241aba63132c4601a3
PL-20,yāni,NOM/ACC.PL.N relative,b07_h070_03_zur_a_01,RV 7.70.3a,yā́ni,yāni,yá-,pronoun,,N,PL,,,,,accepted, plural neuter,VedaWeb TEI 6d94702e078b2d8fc04af1241aba63132c4601a3
SG-27,asme,DAT/LOC.PL pronoun,b07_h070_04_zur_c_05,RV 7.70.4c,asmé,asme,ahám,pronoun,,,PL,,,,,accepted,plural pronoun; relation untagged,VedaWeb TEI 6d94702e078b2d8fc04af1241aba63132c4601a3
SG-27,asme,DAT/LOC.PL pronoun,b07_h070_05_zur_d_01,RV 7.70.5d,asmé,asme,ahám,pronoun,,,PL,,,,,accepted,plural pronoun; relation untagged,VedaWeb TEI 6d94702e078b2d8fc04af1241aba63132c4601a3
PL-19,imā,NOM/ACC.PL.N demonstrative,b07_h070_06_zur_d_01,RV 7.70.6d,imā́,imā,ayám,pronoun,NOM,N,PL,,,,,accepted,nom plural neuter,VedaWeb TEI 6d94702e078b2d8fc04af1241aba63132c4601a3
PL-19,imā,NOM/ACC.PL.N demonstrative,b07_h070_07_zur_c_01,RV 7.70.7c,imā́,imā,ayám,pronoun,NOM,N,PL,,,,,accepted,nom plural neuter,VedaWeb TEI 6d94702e078b2d8fc04af1241aba63132c4601a3
SG-28,enā,INS.SG demonstrative or adverbial,b07_h071_04_zur_c_03,RV 7.71.4c,enā́,enā,ayám,pronoun,INS,,SG,,,,,accepted,instrumental singular,VedaWeb TEI 6d94702e078b2d8fc04af1241aba63132c4601a3
PL-19,imā,NOM/ACC.PL.N demonstrative,b07_h071_06_zur_c_01,RV 7.71.6c,imā́,imā,ayám,pronoun,NOM,N,PL,,,,,accepted,nom plural neuter,VedaWeb TEI 6d94702e078b2d8fc04af1241aba63132c4601a3
PL-04,īḥ,NOM/ACC.PL.F candidate suffix,b07_h072_03_zur_b_05,RV 7.72.3b,devī́ḥ,devīḥ,devī́-,nominal stem,NOM,F,PL,,,,,accepted,nom plural feminine,VedaWeb TEI 6d94702e078b2d8fc04af1241aba63132c4601a3
SG-27,asme,DAT/LOC.PL pronoun,b07_h075_02_zur_c_05,RV 7.75.2c,asmé,asme,ahám,pronoun,,,PL,,,,,accepted,plural pronoun; relation untagged,VedaWeb TEI 6d94702e078b2d8fc04af1241aba63132c4601a3
NU-05,pañca,syntax review: uninflected numeral,b07_h075_04_zur_b_01,RV 7.75.4b,páñca,pañca,páñca-,nominal stem,ACC,F,PL,,,,,review,token morphology cannot decide the construction,VedaWeb TEI 6d94702e078b2d8fc04af1241aba63132c4601a3
SG-27,asme,DAT/LOC.PL pronoun,b07_h075_08_zur_b_04,RV 7.75.8b,asmé,asme,ahám,pronoun,,,PL,,,,,accepted,plural pronoun; relation untagged,VedaWeb TEI 6d94702e078b2d8fc04af1241aba63132c4601a3
PL-20,yā,NOM/ACC.PL.N relative,b07_h076_03_zur_b_01,RV 7.76.3b,yā́,yā,yá-,pronoun,NOM,N,PL,,,,,accepted,nom plural neuter,VedaWeb TEI 6d94702e078b2d8fc04af1241aba63132c4601a3
SG-27,asme,DAT/LOC.PL pronoun,b07_h076_07_zur_c_03,RV 7.76.7c,asmé,asme,ahám,pronoun,,,PL,,,,,accepted,plural pronoun; relation untagged,VedaWeb TEI 6d94702e078b2d8fc04af1241aba63132c4601a3
SG-27,asme,DAT/LOC.PL pronoun,b07_h077_05_zur_a_01,RV 7.77.5a,asmé,asme,ahám,pronoun,,,PL,,,,,accepted,plural pronoun; relation untagged,VedaWeb TEI 6d94702e078b2d8fc04af1241aba63132c4601a3
NU-05,pañca,syntax review: uninflected numeral,b07_h079_01_zur_b_01,RV 7.79.1b,páñca,pañca,páñca-,nominal stem,ACC,F,PL,,,,,review,token morphology cannot decide the construction,VedaWeb TEI 6d94702e078b2d8fc04af1241aba63132c4601a3
PL-04,yaḥ,NOM/ACC.PL.F comparison suffix,b07_h079_05_zur_c_04,RV 7.79.5c,dhíyaḥ,dhiyaḥ,dhī́-,nominal stem,ACC,F,PL,,,,,accepted,acc plural feminine,VedaWeb TEI 6d94702e078b2d8fc04af1241aba63132c4601a3
PL-04,yaḥ,NOM/ACC.PL.F comparison suffix,b07_h082_03_zur_d_04,RV 7.82.3d,dhíyaḥ,dhiyaḥ,dhī́-,nominal stem,ACC,F,PL,,,,,accepted,acc plural feminine,VedaWeb TEI 6d94702e078b2d8fc04af1241aba63132c4601a3
PL-19,imāni,NOM/ACC.PL.N demonstrative,b07_h082_05_zur_a_03,RV 7.82.5a,imā́ni,imāni,ayám,pronoun,ACC,N,PL,,,,,accepted,acc plural neuter,VedaWeb TEI 6d94702e078b2d8fc04af1241aba63132c4601a3
SG-27,asme,DAT/LOC.PL pronoun,b07_h082_10_zur_a_01,RV 7.82.10a,asmé,asme,ahám,pronoun,,,PL,,,,,accepted,plural pronoun; relation untagged,VedaWeb TEI 6d94702e078b2d8fc04af1241aba63132c4601a3
SG-27,asme,DAT/LOC.PL pronoun,b07_h083_09_zur_d_01,RV 7.83.9d,asmé,asme,ahám,pronoun,,,PL,,,,,accepted,plural pronoun; relation untagged,VedaWeb TEI 6d94702e078b2d8fc04af1241aba63132c4601a3
SG-27,asme,DAT/LOC.PL pronoun,b07_h083_10_zur_a_01,RV 7.83.10a,asmé,asme,ahám,pronoun,,,PL,,,,,accepted,plural pronoun; relation untagged,VedaWeb TEI 6d94702e078b2d8fc04af1241aba63132c4601a3
SG-27,asme,DAT/LOC.PL pronoun,b07_h084_04_zur_a_01,RV 7.84.4a,asmé,asme,ahám,pronoun,,,PL,,,,,accepted,plural pronoun; relation untagged,VedaWeb TEI 6d94702e078b2d8fc04af1241aba63132c4601a3
PL-04,īḥ,NOM/ACC.PL.F candidate suffix,b07_h085_03_zur_b_01,RV 7.85.3b,devī́ḥ,devīḥ,devī́-,nominal stem,NOM,F,PL,,,,,accepted,nom plural feminine,VedaWeb TEI 6d94702e078b2d8fc04af1241aba63132c4601a3
PL-20,yā,NOM/ACC.PL.N relative,b07_h086_05_zur_b_02,RV 7.86.5b,yā́,yā,yá-,pronoun,ACC,N,PL,,,,,accepted,acc plural neuter,VedaWeb TEI 6d94702e078b2d8fc04af1241aba63132c4601a3
PL-04,īḥ,NOM/ACC.PL.F candidate suffix,b07_h087_01_zur_c_04,RV 7.87.1c,árvatīḥ,arvatīḥ,árvatī-,nominal stem,ACC,F,PL,,,,,accepted,acc plural feminine,VedaWeb TEI 6d94702e078b2d8fc04af1241aba63132c4601a3
SG-27,asme,DAT/LOC.PL pronoun,b07_h091_04_zur_c_05,RV 7.91.4c,asmé,asme,ahám,pronoun,,,PL,,,,,accepted,plural pronoun; relation untagged,VedaWeb TEI 6d94702e078b2d8fc04af1241aba63132c4601a3
SG-27,asme,DAT/LOC.PL pronoun,b07_h091_05_zur_d_05,RV 7.91.5d,asmé,asme,ahám,pronoun,,,PL,,,,,accepted,plural pronoun; relation untagged,VedaWeb TEI 6d94702e078b2d8fc04af1241aba63132c4601a3
NU-06,śatam,syntax review: uninflected collective,b07_h091_06_zur_a_03,RV 7.91.6a,śatám,śatam,śatá-,nominal stem,,N,SG,,,,,review,token morphology cannot decide the construction,VedaWeb TEI 6d94702e078b2d8fc04af1241aba63132c4601a3
NU-06,sahasram,syntax review: uninflected collective,b07_h091_06_zur_a_06,RV 7.91.6a,sahásram,sahasram,sahásra-,nominal stem,,N,SG,,,,,review,token morphology cannot decide the construction,VedaWeb TEI 6d94702e078b2d8fc04af1241aba63132c4601a3
NU-06,sahasram,syntax review: uninflected collective,b07_h092_01_zur_b_01,RV 7.92.1b,sahásram,sahasram,sahásra-,nominal stem,,N,SG,,,,,review,token morphology cannot decide the construction,VedaWeb TEI 6d94702e078b2d8fc04af1241aba63132c4601a3
SG-28,enā,INS.SG demonstrative or adverbial,b07_h093_07_zur_a_03,RV 7.93.7a,enā́,enā,ayám,pronoun,INS,,SG,,,,,accepted,instrumental singular,VedaWeb TEI 6d94702e078b2d8fc04af1241aba63132c4601a3
PL-04,yaḥ,NOM/ACC.PL.F comparison suffix,b07_h094_02_zur_c_03,RV 7.94.2c,dhíyaḥ,dhiyaḥ,dhī́-,nominal stem,ACC,F,PL,,,,,accepted,acc plural feminine,VedaWeb TEI 6d94702e078b2d8fc04af1241aba63132c4601a3
PL-19,imā,NOM/ACC.PL.N demonstrative,b07_h095_05_zur_a_01,RV 7.95.5a,imā́,imā,ayám,pronoun,ACC,N,PL,,,,,accepted,acc plural neuter,VedaWeb TEI 6d94702e078b2d8fc04af1241aba63132c4601a3
PL-04,yaḥ,NOM/ACC.PL.F comparison suffix,b07_h097_09_zur_c_02,RV 7.97.9c,dhíyaḥ,dhiyaḥ,dhī́-,nominal stem,ACC,F,PL,,,,,accepted,acc plural feminine,VedaWeb TEI 6d94702e078b2d8fc04af1241aba63132c4601a3
PL-20,yā,NOM/ACC.PL.N relative,b07_h098_05_zur_b_04,RV 7.98.5b,yā́,yā,yá-,pronoun,ACC,N,PL,,,,,accepted,acc plural neuter,VedaWeb TEI 6d94702e078b2d8fc04af1241aba63132c4601a3
NU-06,śatam,syntax review: uninflected collective,b07_h099_05_zur_c_01,RV 7.99.5c,śatám,śatam,śatá-,nominal stem,,N,SG,,,,,review,token morphology cannot decide the construction,VedaWeb TEI 6d94702e078b2d8fc04af1241aba63132c4601a3
NU-06,sahasram,syntax review: uninflected collective,b07_h099_05_zur_c_03,RV 7.99.5c,sahásram,sahasram,sahásra-,nominal stem,,N,SG,,,,,review,token morphology cannot decide the construction,VedaWeb TEI 6d94702e078b2d8fc04af1241aba63132c4601a3
SG-27,asme,DAT/LOC.PL pronoun,b07_h101_02_zur_d_04,RV 7.101.2d,asmé,asme,ahám,pronoun,,,PL,,,,,accepted,plural pronoun; relation untagged,VedaWeb TEI 6d94702e078b2d8fc04af1241aba63132c4601a3
SG-27,asme,DAT/LOC.PL pronoun,b07_h101_05_zur_c_04,RV 7.101.5c,asmé,asme,ahám,pronoun,,,PL,,,,,accepted,plural pronoun; relation untagged,VedaWeb TEI 6d94702e078b2d8fc04af1241aba63132c4601a3
PL-04,īḥ,NOM/ACC.PL.F candidate suffix,b07_h101_05_zur_d_02,RV 7.101.5d,óṣadhīḥ,oṣadhīḥ,óṣadhī-,nominal stem,NOM,F,PL,,,,,accepted,nom plural feminine,VedaWeb TEI 6d94702e078b2d8fc04af1241aba63132c4601a3
PL-19,imā,NOM/ACC.PL.N demonstrative,b07_h104_06_zur_d_01,RV 7.104.6d,imā́,imā,ayám,pronoun,ACC,N,PL,,,,,accepted,acc plural neuter,VedaWeb TEI 6d94702e078b2d8fc04af1241aba63132c4601a3
PL-04,īḥ,NOM/ACC.PL.F candidate suffix,b07_h104_11_zur_b_02,RV 7.104.11b,pr̥thivī́ḥ,pṛthivīḥ,pr̥thivī́-,nominal stem,ACC,F,PL,,,,,accepted,acc plural feminine,VedaWeb TEI 6d94702e078b2d8fc04af1241aba63132c4601a3
SG-28,ayā,INS.SG demonstrative or adverbial,b08_h001_18_zur_c_01,RV 8.1.18c,ayā́,ayā,ayám,pronoun,INS,F,SG,,,,,accepted,instrumental singular,VedaWeb TEI 6d94702e078b2d8fc04af1241aba63132c4601a3
NU-06,sahasram,syntax review: uninflected collective,b08_h001_24_zur_a_03,RV 8.1.24a,sahásram,sahasram,sahásra-,nominal stem,,N,SG,,,,,review,token morphology cannot decide the construction,VedaWeb TEI 6d94702e078b2d8fc04af1241aba63132c4601a3
NU-06,śatam,syntax review: uninflected collective,b08_h001_24_zur_a_05,RV 8.1.24a,śatám,śatam,śatá-,nominal stem,,N,SG,,,,,review,token morphology cannot decide the construction,VedaWeb TEI 6d94702e078b2d8fc04af1241aba63132c4601a3
SG-27,asme,DAT/LOC.PL pronoun,b08_h002_10_zur_b_02,RV 8.2.10b,asmé,asme,ahám,pronoun,,,PL,,,,,accepted,plural pronoun; relation untagged,VedaWeb TEI 6d94702e078b2d8fc04af1241aba63132c4601a3
NU-04,aṣṭā,NOM/ACC numeral,b08_h002_41_zur_c_01,RV 8.2.41c,aṣṭā́,aṣṭā,aṣṭā́-,nominal stem,ACC,N,PL,,,,,accepted,annotated with the numeral lemma,VedaWeb TEI 6d94702e078b2d8fc04af1241aba63132c4601a3
PL-04,yaḥ,NOM/ACC.PL.F comparison suffix,b08_h003_01_zur_d_04,RV 8.3.1d,dhíyaḥ,dhiyaḥ,dhī́-,nominal stem,NOM,F,PL,,,,,accepted,nom plural feminine,VedaWeb TEI 6d94702e078b2d8fc04af1241aba63132c4601a3
NU-06,sahasram,syntax review: uninflected collective,b08_h003_04_zur_a_02,RV 8.3.4a,sahásram,sahasram,sahásra-,nominal stem,,N,SG,,,,,review,token morphology cannot decide the construction,VedaWeb TEI 6d94702e078b2d8fc04af1241aba63132c4601a3
PL-04,yaḥ,NOM/ACC.PL.F comparison suffix,b08_h003_12_zur_b_01,RV 8.3.12b,dhíyaḥ,dhiyaḥ,dhī́-,nominal stem,ACC,F,PL,,,,,accepted,acc plural feminine,VedaWeb TEI 6d94702e078b2d8fc04af1241aba63132c4601a3
SG-27,asme,DAT/LOC.PL pronoun,b08_h005_15_zur_a_01,RV 8.5.15a,asmé,asme,ahám,pronoun,,,PL,,,,,accepted,plural pronoun; relation untagged,VedaWeb TEI 6d94702e078b2d8fc04af1241aba63132c4601a3
PL-04,īḥ,NOM/ACC.PL.F candidate suffix,b08_h005_31_zur_c_02,RV 8.5.31c,dā́sīḥ,dāsīḥ,dā́sī-,nominal stem,ACC,F,PL,,,,,accepted,acc plural feminine,VedaWeb TEI 6d94702e078b2d8fc04af1241aba63132c4601a3
NU-06,śatam,syntax review: uninflected collective,b08_h005_37_zur_d_01,RV 8.5.37d,śatám,śatam,śatá-,nominal stem,,N,SG,,,,,review,token morphology cannot decide the construction,VedaWeb TEI 6d94702e078b2d8fc04af1241aba63132c4601a3
SG-28,enā,INS.SG demonstrative or adverbial,b08_h005_39_zur_a_02,RV 8.5.39a,enā́,enā,ayám,pronoun,INS,,SG,,,,,accepted,instrumental singular,VedaWeb TEI 6d94702e078b2d8fc04af1241aba63132c4601a3
NU-06,śatam,syntax review: uninflected collective,b08_h006_42_zur_c_01,RV 8.6.42c,śatám,śatam,śatá-,nominal stem,NOM,N,SG,,,,,review,token morphology cannot decide the construction,VedaWeb TEI 6d94702e078b2d8fc04af1241aba63132c4601a3
NU-06,śatam,syntax review: uninflected collective,b08_h006_46_zur_a_01,RV 8.6.46a,śatám,śatam,śatá-,nominal stem,,N,SG,,,,,review,token morphology cannot decide the construction,VedaWeb TEI 6d94702e078b2d8fc04af1241aba63132c4601a3
NU-06,sahasram,syntax review: uninflected collective,b08_h006_46_zur_b_01,RV 8.6.46b,sahásram,sahasram,sahásra-,nominal stem,,N,SG,,,,,review,token morphology cannot decide the construction,VedaWeb TEI 6d94702e078b2d8fc04af1241aba63132c4601a3
NU-02,trīṇi,NOM/ACC.PL.N numeral,b08_h006_47_zur_a_01,RV 8.6.47a,trī́ṇi,trīṇi,trí-,nominal stem,ACC,N,PL,,,,,accepted,acc plural neuter,VedaWeb TEI 6d94702e078b2d8fc04af1241aba63132c4601a3
NU-02,trīṇi,NOM/ACC.PL.N numeral,b08_h007_10_zur_a_01,RV 8.7.10a,trī́ṇi,trīṇi,trí-,nominal stem,ACC,N,PL,,,,,accepted,acc plural neuter,VedaWeb TEI 6d94702e078b2d8fc04af1241aba63132c4601a3
PL-19,imā,NOM/ACC.PL.N demonstrative,b08_h008_17_zur_d_01,RV 8.8.17d,imā́,imā,ayám,pronoun,ACC,N,PL,,,,,accepted,acc plural neuter,VedaWeb TEI 6d94702e078b2d8fc04af1241aba63132c4601a3
NU-02,trīṇi,NOM/ACC.PL.N numeral,b08_h008_23_zur_a_01,RV 8.8.23a,trī́ṇi,trīṇi,trí-,nominal stem,NOM,N,PL,,,,,accepted,nom plural neuter,VedaWeb TEI 6d94702e078b2d8fc04af1241aba63132c4601a3
NU-05,pañca,syntax review: uninflected numeral,b08_h009_02_zur_b_02,RV 8.9.2b,páñca,pañca,páñca-,nominal stem,ACC,M,PL,,,,,review,token morphology cannot decide the construction,VedaWeb TEI 6d94702e078b2d8fc04af1241aba63132c4601a3
PL-19,imā,NOM/ACC.PL.N demonstrative,b08_h009_14_zur_b_01,RV 8.9.14b,imā́,imā,ayám,pronoun,NOM,N,PL,,,,,accepted,nom plural neuter,VedaWeb TEI 6d94702e078b2d8fc04af1241aba63132c4601a3
PL-04,īḥ,NOM/ACC.PL.F candidate suffix,b08_h009_19_zur_c_03,RV 8.9.19c,vā́ṇīḥ,vāṇīḥ,vā́ṇī-,nominal stem,NOM,F,PL,,,,,accepted,nom plural feminine,VedaWeb TEI 6d94702e078b2d8fc04af1241aba63132c4601a3
NU-06,sahasram,syntax review: uninflected collective,b08_h012_08_zur_b_01,RV 8.12.8b,sahásram,sahasram,sahásra-,nominal stem,,N,SG,,,,,review,token morphology cannot decide the construction,VedaWeb TEI 6d94702e078b2d8fc04af1241aba63132c4601a3
PL-04,īḥ,NOM/ACC.PL.F candidate suffix,b08_h012_22_zur_c_02,RV 8.12.22c,vā́ṇīḥ,vāṇīḥ,vā́ṇī-,nominal stem,NOM,F,PL,,,,,accepted,nom plural feminine,VedaWeb TEI 6d94702e078b2d8fc04af1241aba63132c4601a3
NU-02,trīṇi,NOM/ACC.PL.N numeral,b08_h012_27_zur_b_01,RV 8.12.27b,trī́ṇi,trīṇi,trí-,nominal stem,ACC,N,PL,,,,,accepted,acc plural neuter,VedaWeb TEI 6d94702e078b2d8fc04af1241aba63132c4601a3
SG-28,ayā,INS.SG demonstrative or adverbial,b08_h013_08_zur_c_01,RV 8.13.8c,ayā́,ayā,ayám,pronoun,INS,F,SG,,,,,accepted,instrumental singular,VedaWeb TEI 6d94702e078b2d8fc04af1241aba63132c4601a3
PL-04,īḥ,NOM/ACC.PL.F candidate suffix,b08_h013_17_zur_c_02,RV 8.13.17c,kṣoṇī́ḥ,kṣoṇīḥ,kṣoṇí- ~ kṣoṇī́-,nominal stem,NOM,F,PL,,,,,accepted,nom plural feminine,VedaWeb TEI 6d94702e078b2d8fc04af1241aba63132c4601a3
PL-04,īḥ,NOM/ACC.PL.F candidate suffix,b08_h015_06_zur_c_01,RV 8.15.6c,vŕ̥ṣapatnīḥ,vr̥ṣapatnīḥ,vŕ̥ṣapatnī-,nominal stem,ACC,F,PL,,,,,accepted,acc plural feminine,VedaWeb TEI 6d94702e078b2d8fc04af1241aba63132c4601a3
SG-27,yuṣme,DAT/LOC.PL pronoun,b08_h018_19_zur_c_01,RV 8.18.19c,yuṣmé,yuṣme,tvám,pronoun,LOC,,PL,,,,,accepted,loc plural pronoun,VedaWeb TEI 6d94702e078b2d8fc04af1241aba63132c4601a3
PL-04,yaḥ,NOM/ACC.PL.F comparison suffix,b08_h020_12_zur_d_03,RV 8.20.12d,śríyaḥ,śriyaḥ,śrī́-,nominal stem,NOM,F,PL,,,,,accepted,nom plural feminine,VedaWeb TEI 6d94702e078b2d8fc04af1241aba63132c4601a3
PL-20,yā,NOM/ACC.PL.N relative,b08_h021_04_zur_c_01,RV 8.21.4c,yā́,yā,yá-,pronoun,NOM,N,PL,,,,,accepted,nom plural neuter,VedaWeb TEI 6d94702e078b2d8fc04af1241aba63132c4601a3
SG-28,enā,INS.SG demonstrative or adverbial,b08_h021_06_zur_a_04,RV 8.21.6a,enā́,enā,ayám,pronoun,INS,,SG,,,,,accepted,instrumental singular,VedaWeb TEI 6d94702e078b2d8fc04af1241aba63132c4601a3
PL-04,yaḥ,NOM/ACC.PL.F comparison suffix,b08_h021_06_zur_d_05,RV 8.21.6d,dhíyaḥ,dhiyaḥ,dhī́-,nominal stem,NOM,F,PL,,,,,accepted,nom plural feminine,VedaWeb TEI 6d94702e078b2d8fc04af1241aba63132c4601a3
NU-06,śatam,syntax review: uninflected collective,b08_h021_10_zur_d_03,RV 8.21.10d,śatám,śatam,śatá-,nominal stem,,N,SG,,,,,review,token morphology cannot decide the construction,VedaWeb TEI 6d94702e078b2d8fc04af1241aba63132c4601a3
PL-04,yaḥ,NOM/ACC.PL.F comparison suffix,b08_h021_12_zur_d_05,RV 8.21.12d,dhíyaḥ,dhiyaḥ,dhī́-,nominal stem,ACC,F,PL,,,,,accepted,acc plural feminine,VedaWeb TEI 6d94702e078b2d8fc04af1241aba63132c4601a3
NU-06,sahasram,syntax review: uninflected collective,b08_h021_18_zur_d_01,RV 8.21.18d,sahásram,sahasram,sahásra-,nominal stem,,N,SG,,,,,review,token morphology cannot decide the construction,VedaWeb TEI 6d94702e078b2d8fc04af1241aba63132c4601a3
SG-27,asme,DAT/LOC.PL pronoun,b08_h022_16_zur_c_04,RV 8.22.16c,asmé,asme,ahám,pronoun,,,PL,,,,,accepted,plural pronoun; relation untagged,VedaWeb TEI 6d94702e078b2d8fc04af1241aba63132c4601a3
SG-28,ayā,INS.SG demonstrative or adverbial,b08_h023_07_zur_c_02,RV 8.23.7c,ayā́,ayā,ayám,pronoun,INS,F,SG,,,,,accepted,instrumental singular,VedaWeb TEI 6d94702e078b2d8fc04af1241aba63132c4601a3
PL-04,yaḥ,NOM/ACC.PL.F comparison suffix,b08_h026_25_zur_c_04,RV 8.26.25c,dhíyaḥ,dhiyaḥ,dhī́-,nominal stem,ACC,F,PL,,,,,accepted,acc plural feminine,VedaWeb TEI 6d94702e078b2d8fc04af1241aba63132c4601a3
PL-04,īḥ,NOM/ACC.PL.F candidate suffix,b08_h027_02_zur_b_03,RV 8.27.2b,óṣadhīḥ,oṣadhīḥ,óṣadhī-,nominal stem,ACC,F,PL,,,,,accepted,acc plural feminine,VedaWeb TEI 6d94702e078b2d8fc04af1241aba63132c4601a3
PL-20,yā,NOM/ACC.PL.N relative,b08_h027_06_zur_a_04,RV 8.27.6a,yā́,yā,yá-,pronoun,ACC,N,PL,,,,,accepted,acc plural neuter,VedaWeb TEI 6d94702e078b2d8fc04af1241aba63132c4601a3
PL-04,yaḥ,NOM/ACC.PL.F comparison suffix,b08_h028_05_zur_c_04,RV 8.28.5c,śríyaḥ,śriyaḥ,śrī́-,nominal stem,ACC,F,PL,,,,,accepted,acc plural feminine,VedaWeb TEI 6d94702e078b2d8fc04af1241aba63132c4601a3
NU-02,trīṇi,NOM/ACC.PL.N numeral,b08_h029_07_zur_a_01,RV 8.29.7a,trī́ṇi,trīṇi,trí-,nominal stem,ACC,N,PL,,,,,accepted,acc plural neuter,VedaWeb TEI 6d94702e078b2d8fc04af1241aba63132c4601a3
NU-05,pañca,syntax review: uninflected numeral,b08_h032_22_zur_b_02,RV 8.32.22b,páñca,pañca,páñca-,nominal stem,ACC,,PL,,,,,review,token morphology cannot decide the construction,VedaWeb TEI 6d94702e078b2d8fc04af1241aba63132c4601a3
PL-20,yā,NOM/ACC.PL.N relative,b08_h033_14_zur_d_02,RV 8.33.14d,yā́,yā,yá-,pronoun,NOM,N,PL,,,,,accepted,nom plural neuter,VedaWeb TEI 6d94702e078b2d8fc04af1241aba63132c4601a3
NU-06,sahasram,syntax review: uninflected collective,b08_h034_16_zur_b_01,RV 8.34.16b,sahásram,sahasram,sahásra-,nominal stem,ACC,N,SG,,,,,review,token morphology cannot decide the construction,VedaWeb TEI 6d94702e078b2d8fc04af1241aba63132c4601a3
PL-04,yaḥ,NOM/ACC.PL.F comparison suffix,b08_h035_16_zur_a_05,RV 8.35.16a,dhíyaḥ,dhiyaḥ,dhī́-,nominal stem,ACC,F,PL,,,,,accepted,acc plural feminine,VedaWeb TEI 6d94702e078b2d8fc04af1241aba63132c4601a3
PL-19,imā,NOM/ACC.PL.N demonstrative,b08_h038_05_zur_a_01,RV 8.38.5a,imā́,imā,ayám,pronoun,ACC,N,PL,,,,,accepted,acc plural neuter,VedaWeb TEI 6d94702e078b2d8fc04af1241aba63132c4601a3
NU-02,trīṇi,NOM/ACC.PL.N numeral,b08_h039_09_zur_a_02,RV 8.39.9a,trī́ṇi,trīṇi,trí-,nominal stem,ACC,N,PL,,,,,accepted,acc plural neuter,VedaWeb TEI 6d94702e078b2d8fc04af1241aba63132c4601a3
PL-04,yaḥ,NOM/ACC.PL.F comparison suffix,b08_h040_09_zur_e_05,RV 8.40.9e,dhíyaḥ,dhiyaḥ,dhī́-,nominal stem,NOM,F,PL,,,,,accepted,nom plural feminine,VedaWeb TEI 6d94702e078b2d8fc04af1241aba63132c4601a3
PL-04,īḥ,NOM/ACC.PL.F candidate suffix,b08_h043_07_zur_a_03,RV 8.43.7a,óṣadhīḥ,oṣadhīḥ,óṣadhī-,nominal stem,ACC,F,PL,,,,,accepted,acc plural feminine,VedaWeb TEI 6d94702e078b2d8fc04af1241aba63132c4601a3
PL-04,īḥ,NOM/ACC.PL.F candidate suffix,b08_h043_09_zur_b_02,RV 8.43.9b,óṣadhīḥ,oṣadhīḥ,óṣadhī-,nominal stem,ACC,F,PL,,,,,accepted,acc plural feminine,VedaWeb TEI 6d94702e078b2d8fc04af1241aba63132c4601a3
PL-19,imā,NOM/ACC.PL.N demonstrative,b08_h044_08_zur_b_01,RV 8.44.8b,imā́,imā,ayám,pronoun,ACC,N,PL,,,,,accepted,acc plural neuter,VedaWeb TEI 6d94702e078b2d8fc04af1241aba63132c4601a3
PL-20,yā,NOM/ACC.PL.N relative,b08_h045_25_zur_a_01,RV 8.45.25a,yā́,yā,yá-,pronoun,ACC,N,PL,,,,,accepted,acc plural neuter,VedaWeb TEI 6d94702e078b2d8fc04af1241aba63132c4601a3
SG-16,śami,INS.SG.F,b08_h045_27_zur_c_04,RV 8.45.27c,śámi,śami,śámī-,nominal stem,INS,F,SG,,,,,accepted,instrumental singular feminine,VedaWeb TEI 6d94702e078b2d8fc04af1241aba63132c4601a3
PL-04,yaḥ,NOM/ACC.PL.F comparison suffix,b08_h046_11_zur_d_01,RV 8.46.11d,dhíyaḥ,dhiyaḥ,dhī́-,nominal stem,ACC,F,PL,,,,,accepted,acc plural feminine,VedaWeb TEI 6d94702e078b2d8fc04af1241aba63132c4601a3
NU-06,śatam,syntax review: uninflected collective,b08_h046_31_zur_b_01,RV 8.46.31b,śatám,śatam,śatá-,nominal stem,,N,SG,,,,,review,token morphology cannot decide the construction,VedaWeb TEI 6d94702e078b2d8fc04af1241aba63132c4601a3
NU-06,śatam,syntax review: uninflected collective,b08_h046_32_zur_a_01,RV 8.46.32a,śatám,śatam,śatá-,nominal stem,,N,SG,,,,,review,token morphology cannot decide the construction,VedaWeb TEI 6d94702e078b2d8fc04af1241aba63132c4601a3
SG-27,asme,DAT/LOC.PL pronoun,b08_h047_02_zur_d_02,RV 8.47.2d,asmé,asme,ahám,pronoun,,,PL,,,,,accepted,plural pronoun; relation untagged,VedaWeb TEI 6d94702e078b2d8fc04af1241aba63132c4601a3
SG-27,asme,DAT/LOC.PL pronoun,b08_h047_03_zur_a_02,RV 8.47.3a,asmé,asme,ahám,pronoun,,,PL,,,,,accepted,plural pronoun; relation untagged,VedaWeb TEI 6d94702e078b2d8fc04af1241aba63132c4601a3
SG-27,yuṣme,DAT/LOC.PL pronoun,b08_h047_08_zur_a_01,RV 8.47.8a,yuṣmé,yuṣme,tvám,pronoun,LOC,,PL,,,,,accepted,loc plural pronoun,VedaWeb TEI 6d94702e078b2d8fc04af1241aba63132c4601a3
SG-27,asme,DAT/LOC.PL pronoun,b08_h047_14_zur_b_03,RV 8.47.14b,asmé,asme,ahám,pronoun,,,PL,,,,,accepted,plural pronoun; relation untagged,VedaWeb TEI 6d94702e078b2d8fc04af1241aba63132c4601a3
SG-27,asme,DAT/LOC.PL pronoun,b08_h048_10_zur_c_06,RV 8.48.10c,asmé,asme,ahám,pronoun,,,PL,,,,,accepted,plural pronoun; relation untagged,VedaWeb TEI 6d94702e078b2d8fc04af1241aba63132c4601a3
PL-04,īḥ,NOM/ACC.PL.F candidate suffix,b08_h048_11_zur_b_03,RV 8.48.11b,támiṣīcīḥ,tamiṣīcīḥ,támiṣīcī-,nominal stem,NOM,F,PL,,,,,accepted,nom plural feminine,VedaWeb TEI 6d94702e078b2d8fc04af1241aba63132c4601a3
PL-19,imā,NOM/ACC.PL.N demonstrative,b08_h051_04_zur_c_03,RV 8.51.4c,imā́,imā,ayám,pronoun,ACC,N,PL,,,,,accepted,acc plural neuter,VedaWeb TEI 6d94702e078b2d8fc04af1241aba63132c4601a3
SG-27,asme,DAT/LOC.PL pronoun,b08_h051_10_zur_c_01,RV 8.51.10c,asmé,asme,ahám,pronoun,,,PL,,,,,accepted,plural pronoun; relation untagged,VedaWeb TEI 6d94702e078b2d8fc04af1241aba63132c4601a3
SG-27,asme,DAT/LOC.PL pronoun,b08_h051_10_zur_d_01,RV 8.51.10d,asmé,asme,ahám,pronoun,,,PL,,,,,accepted,plural pronoun; relation untagged,VedaWeb TEI 6d94702e078b2d8fc04af1241aba63132c4601a3
NU-02,trīṇi,NOM/ACC.PL.N numeral,b08_h052_03_zur_c_03,RV 8.52.3c,trī́ṇi,trīṇi,trí-,nominal stem,ACC,N,PL,,,,,accepted,acc plural neuter,VedaWeb TEI 6d94702e078b2d8fc04af1241aba63132c4601a3
DU-07,anī,NOM/ACC/VOC.DU.N candidate suffix,b08_h052_07_zur_b_04,RV 8.52.7b,jánmanī,janmanī,jánman-,nominal stem,ACC,N,DU,,,,,accepted,neuter dual,VedaWeb TEI 6d94702e078b2d8fc04af1241aba63132c4601a3
SG-27,asme,DAT/LOC.PL pronoun,b08_h054_02_zur_d_02,RV 8.54.2d,asmé,asme,ahám,pronoun,,,PL,,,,,accepted,plural pronoun; relation untagged,VedaWeb TEI 6d94702e078b2d8fc04af1241aba63132c4601a3
NU-06,śatam,syntax review: uninflected collective,b08_h055_02_zur_a_01,RV 8.55.2a,śatám,śatam,śatá-,nominal stem,,N,SG,,,,,review,token morphology cannot decide the construction,VedaWeb TEI 6d94702e078b2d8fc04af1241aba63132c4601a3
NU-06,śatam,syntax review: uninflected collective,b08_h055_03_zur_a_01,RV 8.55.3a,śatám,śatam,śatá-,nominal stem,,N,SG,,,,,review,token morphology cannot decide the construction,VedaWeb TEI 6d94702e078b2d8fc04af1241aba63132c4601a3
NU-06,śatam,syntax review: uninflected collective,b08_h055_03_zur_a_03,RV 8.55.3a,śatám,śatam,śatá-,nominal stem,,N,SG,,,,,review,token morphology cannot decide the construction,VedaWeb TEI 6d94702e078b2d8fc04af1241aba63132c4601a3
NU-06,śatam,syntax review: uninflected collective,b08_h055_03_zur_b_01,RV 8.55.3b,śatám,śatam,śatá-,nominal stem,,N,SG,,,,,review,token morphology cannot decide the construction,VedaWeb TEI 6d94702e078b2d8fc04af1241aba63132c4601a3
NU-06,śatam,syntax review: uninflected collective,b08_h055_03_zur_c_01,RV 8.55.3c,śatám,śatam,śatá-,nominal stem,,N,SG,,,,,review,token morphology cannot decide the construction,VedaWeb TEI 6d94702e078b2d8fc04af1241aba63132c4601a3
PL-04,īḥ,NOM/ACC.PL.F candidate suffix,b08_h055_05_zur_c_01,RV 8.55.5c,śyā́vīḥ,śyāvīḥ,śyā́vī-,nominal stem,NOM,F,PL,,,,,accepted,nom plural feminine,VedaWeb TEI 6d94702e078b2d8fc04af1241aba63132c4601a3
NU-06,śatam,syntax review: uninflected collective,b08_h056_03_zur_a_01,RV 8.56.3a,śatám,śatam,śatá-,nominal stem,,N,SG,,,,,review,token morphology cannot decide the construction,VedaWeb TEI 6d94702e078b2d8fc04af1241aba63132c4601a3
NU-06,śatam,syntax review: uninflected collective,b08_h056_03_zur_b_01,RV 8.56.3b,śatám,śatam,śatá-,nominal stem,,N,SG,,,,,review,token morphology cannot decide the construction,VedaWeb TEI 6d94702e078b2d8fc04af1241aba63132c4601a3
NU-06,śatam,syntax review: uninflected collective,b08_h056_03_zur_c_01,RV 8.56.3c,śatám,śatam,śatá-,nominal stem,,N,SG,,,,,review,token morphology cannot decide the construction,VedaWeb TEI 6d94702e078b2d8fc04af1241aba63132c4601a3
NU-06,sahasram,syntax review: uninflected collective,b08_h057_03_zur_c_01,RV 8.57.3c,sahásram,sahasram,sahásra-,nominal stem,,N,SG,,,,,review,token morphology cannot decide the construction,VedaWeb TEI 6d94702e078b2d8fc04af1241aba63132c4601a3
SG-27,asme,DAT/LOC.PL pronoun,b08_h057_04_zur_c_04,RV 8.57.4c,asmé,asme,ahám,pronoun,,,PL,,,,,accepted,plural pronoun; relation untagged,VedaWeb TEI 6d94702e078b2d8fc04af1241aba63132c4601a3
PL-19,imāni,NOM/ACC.PL.N demonstrative,b08_h059_01_zur_a_01,RV 8.59.1a,imā́ni,imāni,ayám,pronoun,,N,PL,,,,,accepted, plural neuter,VedaWeb TEI 6d94702e078b2d8fc04af1241aba63132c4601a3
PL-04,īḥ,NOM/ACC.PL.F candidate suffix,b08_h059_02_zur_a_02,RV 8.59.2a,óṣadhīḥ,oṣadhīḥ,óṣadhī-,nominal stem,NOM,F,PL,,,,,accepted,nom plural feminine,VedaWeb TEI 6d94702e078b2d8fc04af1241aba63132c4601a3
PL-04,īḥ,NOM/ACC.PL.F candidate suffix,b08_h059_03_zur_b_05,RV 8.59.3b,vā́ṇīḥ,vāṇīḥ,vā́ṇī-,nominal stem,NOM,F,PL,,,,,accepted,nom plural feminine,VedaWeb TEI 6d94702e078b2d8fc04af1241aba63132c4601a3
PL-20,yāni,NOM/ACC.PL.N relative,b08_h059_06_zur_c_01,RV 8.59.6c,yā́ni,yāni,yá-,pronoun,,N,PL,,,,,accepted, plural neuter,VedaWeb TEI 6d94702e078b2d8fc04af1241aba63132c4601a3
PL-04,yaḥ,NOM/ACC.PL.F comparison suffix,b08_h060_12_zur_d_02,RV 8.60.12d,dhíyaḥ,dhiyaḥ,dhī́-,nominal stem,ACC,F,PL,,,,,accepted,acc plural feminine,VedaWeb TEI 6d94702e078b2d8fc04af1241aba63132c4601a3
PL-04,yaḥ,NOM/ACC.PL.F comparison suffix,b08_h063_01_zur_d_02,RV 8.63.1d,dhíyaḥ,dhiyaḥ,dhī́-,nominal stem,ACC,F,PL,,,,,accepted,acc plural feminine,VedaWeb TEI 6d94702e078b2d8fc04af1241aba63132c4601a3
SG-27,asme,DAT/LOC.PL pronoun,b08_h063_12_zur_a_01,RV 8.63.12a,asmé,asme,ahám,pronoun,,,PL,,,,,accepted,plural pronoun; relation untagged,VedaWeb TEI 6d94702e078b2d8fc04af1241aba63132c4601a3
SG-27,asme,DAT/LOC.PL pronoun,b08_h065_09_zur_c_01,RV 8.65.9c,asmé,asme,ahám,pronoun,,,PL,,,,,accepted,plural pronoun; relation untagged,VedaWeb TEI 6d94702e078b2d8fc04af1241aba63132c4601a3
PL-04,īḥ,NOM/ACC.PL.F candidate suffix,b08_h066_10_zur_a_06,RV 8.66.10a,táviṣīḥ,taviṣīḥ,táviṣī-,nominal stem,NOM,F,PL,,,,,accepted,nom plural feminine,VedaWeb TEI 6d94702e078b2d8fc04af1241aba63132c4601a3
SG-26,tvā,INS.SG pronoun,b08_h068_09_zur_a_02,RV 8.68.9a,tvā́,tvā,tvám,pronoun,INS,,SG,,,,,accepted,instrumental singular pronoun,VedaWeb TEI 6d94702e078b2d8fc04af1241aba63132c4601a3
SG-27,yuṣme,DAT/LOC.PL pronoun,b08_h068_19_zur_a_02,RV 8.68.19a,yuṣmé,yuṣme,tvám,pronoun,LOC,,PL,,,,,accepted,loc plural pronoun,VedaWeb TEI 6d94702e078b2d8fc04af1241aba63132c4601a3
PL-04,īḥ,NOM/ACC.PL.F candidate suffix,b08_h069_05_zur_b_01,RV 8.69.5b,áruṣīḥ,aruṣīḥ,áruṣī-,nominal stem,ACC,F,PL,,,,,accepted,acc plural feminine,VedaWeb TEI 6d94702e078b2d8fc04af1241aba63132c4601a3
NU-06,śatam,syntax review: uninflected collective,b08_h070_05_zur_a_05,RV 8.70.5a,śatám,śatam,śatá-,nominal stem,,N,SG,,,,,review,token morphology cannot decide the construction,VedaWeb TEI 6d94702e078b2d8fc04af1241aba63132c4601a3
NU-06,śatam,syntax review: uninflected collective,b08_h070_05_zur_b_01,RV 8.70.5b,śatám,śatam,śatá-,nominal stem,,N,SG,,,,,review,token morphology cannot decide the construction,VedaWeb TEI 6d94702e078b2d8fc04af1241aba63132c4601a3
NU-06,sahasram,syntax review: uninflected collective,b08_h070_05_zur_c_04,RV 8.70.5c,sahásram,sahasram,sahásra-,nominal stem,,N,SG,,,,,review,token morphology cannot decide the construction,VedaWeb TEI 6d94702e078b2d8fc04af1241aba63132c4601a3
NU-05,pañca,syntax review: uninflected numeral,b08_h072_07_zur_b_03,RV 8.72.7b,páñca,pañca,páñca-,nominal stem,,,PL,,,,,review,token morphology cannot decide the construction,VedaWeb TEI 6d94702e078b2d8fc04af1241aba63132c4601a3
NU-06,śatam,syntax review: uninflected collective,b08_h077_10_zur_c_01,RV 8.77.10c,śatám,śatam,śatá-,nominal stem,ACC,N,SG,,,,,review,token morphology cannot decide the construction,VedaWeb TEI 6d94702e078b2d8fc04af1241aba63132c4601a3
NU-06,sahasram,syntax review: uninflected collective,b08_h078_01_zur_b_02,RV 8.78.1b,sahásram,sahasram,sahásra-,nominal stem,,N,SG,,,,,review,token morphology cannot decide the construction,VedaWeb TEI 6d94702e078b2d8fc04af1241aba63132c4601a3
SG-27,asme,DAT/LOC.PL pronoun,b08_h082_06_zur_b_01,RV 8.82.6b,asmé,asme,ahám,pronoun,,,PL,,,,,accepted,plural pronoun; relation untagged,VedaWeb TEI 6d94702e078b2d8fc04af1241aba63132c4601a3
PL-04,yaḥ,NOM/ACC.PL.F comparison suffix,b08_h084_07_zur_b_01,RV 8.84.7b,dhíyaḥ,dhiyaḥ,dhī́-,nominal stem,ACC,F,PL,,,,,accepted,acc plural feminine,VedaWeb TEI 6d94702e078b2d8fc04af1241aba63132c4601a3
PL-19,imā,NOM/ACC.PL.N demonstrative,b08_h090_03_zur_c_01,RV 8.90.3c,imā́,imā,ayám,pronoun,ACC,N,PL,,,,,accepted,acc plural neuter,VedaWeb TEI 6d94702e078b2d8fc04af1241aba63132c4601a3
PL-20,yā,NOM/ACC.PL.N relative,b08_h090_03_zur_d_02,RV 8.90.3d,yā́,yā,yá-,pronoun,ACC,N,PL,,,,,accepted,acc plural neuter,VedaWeb TEI 6d94702e078b2d8fc04af1241aba63132c4601a3
PL-19,imāni,NOM/ACC.PL.N demonstrative,b08_h091_05_zur_a_01,RV 8.91.5a,imā́ni,imāni,ayám,pronoun,,N,PL,,,,,accepted, plural neuter,VedaWeb TEI 6d94702e078b2d8fc04af1241aba63132c4601a3
NU-02,trīṇi,NOM/ACC.PL.N numeral,b08_h091_05_zur_a_02,RV 8.91.5a,trī́ṇi,trīṇi,trí-,nominal stem,ACC,N,PL,,,,,accepted,acc plural neuter,VedaWeb TEI 6d94702e078b2d8fc04af1241aba63132c4601a3
PL-04,yaḥ,NOM/ACC.PL.F comparison suffix,b08_h092_11_zur_a_03,RV 8.92.11a,dhíyaḥ,dhiyaḥ,dhī́-,nominal stem,ACC,F,PL,,,,,accepted,acc plural feminine,VedaWeb TEI 6d94702e078b2d8fc04af1241aba63132c4601a3
PL-04,yaḥ,NOM/ACC.PL.F comparison suffix,b08_h092_20_zur_a_04,RV 8.92.20a,śríyaḥ,śriyaḥ,śrī́-,nominal stem,NOM,F,PL,,,,,accepted,nom plural feminine,VedaWeb TEI 6d94702e078b2d8fc04af1241aba63132c4601a3
SG-26,tvā,INS.SG pronoun,b08_h092_31_zur_c_01,RV 8.92.31c,tvā́,tvā,tvám,pronoun,INS,,SG,,,,,accepted,instrumental singular pronoun,VedaWeb TEI 6d94702e078b2d8fc04af1241aba63132c4601a3
SG-28,ayā,INS.SG demonstrative or adverbial,b08_h093_17_zur_a_01,RV 8.93.17a,ayā́,ayā,ayám,pronoun,INS,F,SG,,,,,accepted,instrumental singular,VedaWeb TEI 6d94702e078b2d8fc04af1241aba63132c4601a3
PL-04,īḥ,NOM/ACC.PL.F candidate suffix,b08_h095_01_zur_a_04,RV 8.95.1a,rathī́ḥ,rathīḥ,rathī́-,nominal stem,NOM,F,PL,,,,,accepted,nom plural feminine,VedaWeb TEI 6d94702e078b2d8fc04af1241aba63132c4601a3
PL-20,yāni,NOM/ACC.PL.N relative,b08_h096_02_zur_d_01,RV 8.96.2d,yā́ni,yāni,yá-,pronoun,,N,PL,,,,,accepted, plural neuter,VedaWeb TEI 6d94702e078b2d8fc04af1241aba63132c4601a3
PL-19,imā,NOM/ACC.PL.N demonstrative,b08_h096_06_zur_a_05,RV 8.96.6a,imā́,imā,ayám,pronoun,ACC,N,PL,,,,,accepted,acc plural neuter,VedaWeb TEI 6d94702e078b2d8fc04af1241aba63132c4601a3
SG-28,enā,INS.SG demonstrative or adverbial,b08_h096_08_zur_d_03,RV 8.96.8d,enā́,enā,ayám,pronoun,INS,,SG,,,,,accepted,instrumental singular,VedaWeb TEI 6d94702e078b2d8fc04af1241aba63132c4601a3
PL-04,īḥ,NOM/ACC.PL.F candidate suffix,b08_h096_18_zur_d_04,RV 8.96.18d,dāsápatnīḥ,dāsapatnīḥ,dāsápatnī-,nominal stem,ACC,F,PL,,,,,accepted,acc plural feminine,VedaWeb TEI 6d94702e078b2d8fc04af1241aba63132c4601a3
SG-27,asme,DAT/LOC.PL pronoun,b08_h097_08_zur_a_01,RV 8.97.8a,asmé,asme,ahám,pronoun,,,PL,,,,,accepted,plural pronoun; relation untagged,VedaWeb TEI 6d94702e078b2d8fc04af1241aba63132c4601a3
SG-27,asme,DAT/LOC.PL pronoun,b08_h097_08_zur_d_01,RV 8.97.8d,asmé,asme,ahám,pronoun,,,PL,,,,,accepted,plural pronoun; relation untagged,VedaWeb TEI 6d94702e078b2d8fc04af1241aba63132c4601a3
PL-20,yā,NOM/ACC.PL.N relative,b08_h100_06_zur_b_01,RV 8.100.6b,yā́,yā,yá-,pronoun,ACC,N,PL,,,,,accepted,acc plural neuter,VedaWeb TEI 6d94702e078b2d8fc04af1241aba63132c4601a3
PL-04,yaḥ,NOM/ACC.PL.F comparison suffix,b08_h102_09_zur_a_04,RV 8.102.9a,śríyaḥ,śriyaḥ,śrī́-,nominal stem,ACC,F,PL,,,,,accepted,acc plural feminine,VedaWeb TEI 6d94702e078b2d8fc04af1241aba63132c4601a3
PL-04,īḥ,NOM/ACC.PL.F candidate suffix,b09_h001_07_zur_a_03,RV 9.1.7a,áṇvīḥ,aṇvīḥ,áṇvī-,nominal stem,NOM,F,PL,,,,,accepted,nom plural feminine,VedaWeb TEI 6d94702e078b2d8fc04af1241aba63132c4601a3
PL-04,īḥ,NOM/ACC.PL.F candidate suffix,b09_h005_05_zur_b_02,RV 9.5.5b,devī́ḥ,devīḥ,devī́-,nominal stem,NOM,F,PL,,,,,accepted,nom plural feminine,VedaWeb TEI 6d94702e078b2d8fc04af1241aba63132c4601a3
PL-04,īḥ,NOM/ACC.PL.F candidate suffix,b09_h005_08_zur_d_02,RV 9.5.8d,devī́ḥ,devīḥ,devī́-,nominal stem,NOM,F,PL,,,,,accepted,nom plural feminine,VedaWeb TEI 6d94702e078b2d8fc04af1241aba63132c4601a3
PL-04,yaḥ,NOM/ACC.PL.F comparison suffix,b09_h008_05_zur_b_03,RV 9.8.5b,meṣyàḥ,meṣyaḥ,meṣī́-,nominal stem,ACC,F,PL,,,,,accepted,acc plural feminine,VedaWeb TEI 6d94702e078b2d8fc04af1241aba63132c4601a3
PL-04,yaḥ,NOM/ACC.PL.F comparison suffix,b09_h009_04_zur_b_01,RV 9.9.4b,nadyàḥ,nadyaḥ,nadī́-,nominal stem,ACC,F,PL,,,,,accepted,acc plural feminine,VedaWeb TEI 6d94702e078b2d8fc04af1241aba63132c4601a3
PL-04,īḥ,NOM/ACC.PL.F candidate suffix,b09_h009_06_zur_c_02,RV 9.9.6c,devī́ḥ,devīḥ,devī́-,nominal stem,ACC,F,PL,,,,,accepted,acc plural feminine,VedaWeb TEI 6d94702e078b2d8fc04af1241aba63132c4601a3
SG-17,gaurī,LOC.SG.F,b09_h012_03_zur_c_02,RV 9.12.3c,gaurī́,gaurī,gaurī́-,nominal stem,LOC,F,SG,,,,,accepted,locative singular feminine,VedaWeb TEI 6d94702e078b2d8fc04af1241aba63132c4601a3
SG-27,asme,DAT/LOC.PL pronoun,b09_h012_09_zur_c_01,RV 9.12.9c,asmé,asme,ahám,pronoun,,,PL,,,,,accepted,plural pronoun; relation untagged,VedaWeb TEI 6d94702e078b2d8fc04af1241aba63132c4601a3
NU-05,pañca,syntax review: uninflected numeral,b09_h014_02_zur_b_01,RV 9.14.2b,páñca,pañca,páñca-,nominal stem,NOM,M,PL,,,,,review,token morphology cannot decide the construction,VedaWeb TEI 6d94702e078b2d8fc04af1241aba63132c4601a3
PL-04,yaḥ,NOM/ACC.PL.F comparison suffix,b09_h016_06_zur_b_04,RV 9.16.6b,śríyaḥ,śriyaḥ,śrī́-,nominal stem,ACC,F,PL,,,,,accepted,acc plural feminine,VedaWeb TEI 6d94702e078b2d8fc04af1241aba63132c4601a3
NU-02,trī,NOM/ACC.PL.N numeral,b09_h017_05_zur_a_02,RV 9.17.5a,trī́,trī,trí-,nominal stem,ACC,N,PL,,,,,accepted,acc plural neuter,VedaWeb TEI 6d94702e078b2d8fc04af1241aba63132c4601a3
PL-04,yaḥ,NOM/ACC.PL.F comparison suffix,b09_h019_02_zur_c_03,RV 9.19.2c,dhíyaḥ,dhiyaḥ,dhī́-,nominal stem,ACC,F,PL,,,,,accepted,acc plural feminine,VedaWeb TEI 6d94702e078b2d8fc04af1241aba63132c4601a3
PL-04,yaḥ,NOM/ACC.PL.F comparison suffix,b09_h022_03_zur_c_04,RV 9.22.3c,dhíyaḥ,dhiyaḥ,dhī́-,nominal stem,ACC,F,PL,,,,,accepted,acc plural feminine,VedaWeb TEI 6d94702e078b2d8fc04af1241aba63132c4601a3
SG-27,asme,DAT/LOC.PL pronoun,b09_h032_06_zur_a_01,RV 9.32.6a,asmé,asme,ahám,pronoun,,,PL,,,,,accepted,plural pronoun; relation untagged,VedaWeb TEI 6d94702e078b2d8fc04af1241aba63132c4601a3
PL-04,īḥ,NOM/ACC.PL.F candidate suffix,b09_h033_05_zur_a_02,RV 9.33.5a,bráhmīḥ,brahmīḥ,bráhmī-,nominal stem,NOM,F,PL,,,,,accepted,nom plural feminine,VedaWeb TEI 6d94702e078b2d8fc04af1241aba63132c4601a3
PL-04,īḥ,NOM/ACC.PL.F candidate suffix,b09_h033_05_zur_b_01,RV 9.33.5b,yahvī́ḥ,yahvīḥ,yahvī́-,nominal stem,NOM,F,PL,,,,,accepted,nom plural feminine,VedaWeb TEI 6d94702e078b2d8fc04af1241aba63132c4601a3
SG-28,ayā,INS.SG demonstrative or adverbial,b09_h047_01_zur_a_01,RV 9.47.1a,ayā́,ayā,ayám,pronoun,INS,F,SG,,,,,accepted,instrumental singular,VedaWeb TEI 6d94702e078b2d8fc04af1241aba63132c4601a3
PL-04,yaḥ,NOM/ACC.PL.F comparison suffix,b09_h047_04_zur_c_03,RV 9.47.4c,dhíyaḥ,dhiyaḥ,dhī́-,nominal stem,ACC,F,PL,,,,,accepted,acc plural feminine,VedaWeb TEI 6d94702e078b2d8fc04af1241aba63132c4601a3
NU-06,śatam,syntax review: uninflected collective,b09_h048_02_zur_c_01,RV 9.48.2c,śatám,śatam,śatá-,nominal stem,ACC,N,SG,,,,,review,token morphology cannot decide the construction,VedaWeb TEI 6d94702e078b2d8fc04af1241aba63132c4601a3
NU-06,śatam,syntax review: uninflected collective,b09_h052_05_zur_a_01,RV 9.52.5a,śatám,śatam,śatá-,nominal stem,,N,SG,,,,,review,token morphology cannot decide the construction,VedaWeb TEI 6d94702e078b2d8fc04af1241aba63132c4601a3
NU-06,sahasram,syntax review: uninflected collective,b09_h052_05_zur_b_01,RV 9.52.5b,sahásram,sahasram,sahásra-,nominal stem,,N,SG,,,,,review,token morphology cannot decide the construction,VedaWeb TEI 6d94702e078b2d8fc04af1241aba63132c4601a3
SG-28,ayā,INS.SG demonstrative or adverbial,b09_h053_02_zur_a_01,RV 9.53.2a,ayā́,ayā,ayám,pronoun,INS,F,SG,,,,,accepted,instrumental singular,VedaWeb TEI 6d94702e078b2d8fc04af1241aba63132c4601a3
NU-06,śatam,syntax review: uninflected collective,b09_h056_02_zur_b_01,RV 9.56.2b,śatám,śatam,śatá-,nominal stem,,N,SG,,,,,review,token morphology cannot decide the construction,VedaWeb TEI 6d94702e078b2d8fc04af1241aba63132c4601a3
SG-28,ayā,INS.SG demonstrative or adverbial,b09_h061_01_zur_a_01,RV 9.61.1a,ayā́,ayā,ayám,pronoun,INS,F,SG,,,,,accepted,instrumental singular,VedaWeb TEI 6d94702e078b2d8fc04af1241aba63132c4601a3
SG-28,enā,INS.SG demonstrative or adverbial,b09_h061_11_zur_a_01,RV 9.61.11a,enā́,enā,ayám,pronoun,INS,,SG,,,,,accepted,instrumental singular,VedaWeb TEI 6d94702e078b2d8fc04af1241aba63132c4601a3
NU-06,śatam,syntax review: uninflected collective,b09_h061_27_zur_a_03,RV 9.61.27a,śatám,śatam,śatá-,nominal stem,,N,SG,,,,,review,token morphology cannot decide the construction,VedaWeb TEI 6d94702e078b2d8fc04af1241aba63132c4601a3
PL-20,yā,NOM/ACC.PL.N relative,b09_h061_30_zur_a_01,RV 9.61.30a,yā́,yā,yá-,pronoun,ACC,N,PL,,,,,accepted,acc plural neuter,VedaWeb TEI 6d94702e078b2d8fc04af1241aba63132c4601a3
PL-04,yaḥ,NOM/ACC.PL.F comparison suffix,b09_h062_19_zur_b_04,RV 9.62.19b,śríyaḥ,śriyaḥ,śrī́-,nominal stem,ACC,F,PL,,,,,accepted,acc plural feminine,VedaWeb TEI 6d94702e078b2d8fc04af1241aba63132c4601a3
PL-19,imā,NOM/ACC.PL.N demonstrative,b09_h062_27_zur_a_02,RV 9.62.27a,imā́,imā,ayám,pronoun,NOM,N,PL,,,,,accepted,nom plural neuter,VedaWeb TEI 6d94702e078b2d8fc04af1241aba63132c4601a3
SG-27,asme,DAT/LOC.PL pronoun,b09_h063_01_zur_c_01,RV 9.63.1c,asmé,asme,ahám,pronoun,,,PL,,,,,accepted,plural pronoun; relation untagged,VedaWeb TEI 6d94702e078b2d8fc04af1241aba63132c4601a3
SG-28,ayā,INS.SG demonstrative or adverbial,b09_h063_07_zur_a_01,RV 9.63.7a,ayā́,ayā,ayám,pronoun,INS,F,SG,,,,,accepted,instrumental singular,VedaWeb TEI 6d94702e078b2d8fc04af1241aba63132c4601a3
SG-27,asme,DAT/LOC.PL pronoun,b09_h063_30_zur_a_01,RV 9.63.30a,asmé,asme,ahám,pronoun,,,PL,,,,,accepted,plural pronoun; relation untagged,VedaWeb TEI 6d94702e078b2d8fc04af1241aba63132c4601a3
SG-28,ayā,INS.SG demonstrative or adverbial,b09_h065_12_zur_a_01,RV 9.65.12a,ayā́,ayā,ayám,pronoun,INS,F,SG,,,,,accepted,instrumental singular,VedaWeb TEI 6d94702e078b2d8fc04af1241aba63132c4601a3
DU-07,anī,NOM/ACC/VOC.DU.N candidate suffix,b09_h066_02_zur_b_03,RV 9.66.2b,dhā́manī,dhāmanī,dhā́man-,nominal stem,NOM,N,DU,,,,,accepted,neuter dual,VedaWeb TEI 6d94702e078b2d8fc04af1241aba63132c4601a3
PL-20,yāni,NOM/ACC.PL.N relative,b09_h066_03_zur_a_03,RV 9.66.3a,yā́ni,yāni,yá-,pronoun,,N,PL,,,,,accepted, plural neuter,VedaWeb TEI 6d94702e078b2d8fc04af1241aba63132c4601a3
SG-27,asme,DAT/LOC.PL pronoun,b09_h066_21_zur_b_01,RV 9.66.21b,asmé,asme,ahám,pronoun,,,PL,,,,,accepted,plural pronoun; relation untagged,VedaWeb TEI 6d94702e078b2d8fc04af1241aba63132c4601a3
PL-04,īḥ,NOM/ACC.PL.F candidate suffix,b09_h067_31_zur_a_02,RV 9.67.31a,pāvamānī́ḥ,pāvamānīḥ,pāvamānī́-,nominal stem,ACC,F,PL,,,,,accepted,acc plural feminine,VedaWeb TEI 6d94702e078b2d8fc04af1241aba63132c4601a3
PL-04,īḥ,NOM/ACC.PL.F candidate suffix,b09_h067_32_zur_a_01,RV 9.67.32a,pāvamānī́ḥ,pāvamānīḥ,pāvamānī́-,nominal stem,ACC,F,PL,,,,,accepted,acc plural feminine,VedaWeb TEI 6d94702e078b2d8fc04af1241aba63132c4601a3
SG-27,asme,DAT/LOC.PL pronoun,b09_h068_10_zur_d_04,RV 9.68.10d,asmé,asme,ahám,pronoun,,,PL,,,,,accepted,plural pronoun; relation untagged,VedaWeb TEI 6d94702e078b2d8fc04af1241aba63132c4601a3
PL-04,īḥ,NOM/ACC.PL.F candidate suffix,b09_h069_04_zur_b_02,RV 9.69.4b,devī́ḥ,devīḥ,devī́-,nominal stem,NOM,F,PL,,,,,accepted,nom plural feminine,VedaWeb TEI 6d94702e078b2d8fc04af1241aba63132c4601a3
SG-27,asme,DAT/LOC.PL pronoun,b09_h069_07_zur_d_01,RV 9.69.7d,asmé,asme,ahám,pronoun,,,PL,,,,,accepted,plural pronoun; relation untagged,VedaWeb TEI 6d94702e078b2d8fc04af1241aba63132c4601a3
DU-05,hariṇī,NOM/ACC/VOC.DU.N later-form candidate,b09_h070_07_zur_b_03,RV 9.70.7b,háriṇī,hariṇī,hárita-,nominal stem,ACC,N,DU,,,,,accepted,neuter dual,VedaWeb TEI 6d94702e078b2d8fc04af1241aba63132c4601a3
NU-02,trī,NOM/ACC.PL.N numeral,b09_h073_08_zur_b_01,RV 9.73.8b,trī́,trī,trí-,nominal stem,ACC,N,PL,,,,,accepted,acc plural neuter,VedaWeb TEI 6d94702e078b2d8fc04af1241aba63132c4601a3
SG-16,śamī,INS.SG.F,b09_h074_07_zur_c_02,RV 9.74.7c,śámī,śamī,śámī-,nominal stem,INS,F,SG,,,,,accepted,instrumental singular feminine,VedaWeb TEI 6d94702e078b2d8fc04af1241aba63132c4601a3
PL-04,yaḥ,NOM/ACC.PL.F comparison suffix,b09_h077_03_zur_c_02,RV 9.77.3c,ahyàḥ,ahyaḥ,ahī́-,nominal stem,NOM,F,PL,,,,,accepted,nom plural feminine,VedaWeb TEI 6d94702e078b2d8fc04af1241aba63132c4601a3
NU-06,sahasram,syntax review: uninflected collective,b09_h078_02_zur_d_01,RV 9.78.2d,sahásram,sahasram,sahásra-,nominal stem,,N,SG,,,,,review,token morphology cannot decide the construction,VedaWeb TEI 6d94702e078b2d8fc04af1241aba63132c4601a3
PL-04,yaḥ,NOM/ACC.PL.F comparison suffix,b09_h079_01_zur_d_05,RV 9.79.1d,dhíyaḥ,dhiyaḥ,dhī́-,nominal stem,NOM,F,PL,,,,,accepted,nom plural feminine,VedaWeb TEI 6d94702e078b2d8fc04af1241aba63132c4601a3
PL-04,yaḥ,NOM/ACC.PL.F comparison suffix,b09_h086_08_zur_a_03,RV 9.86.8a,nadyàḥ,nadyaḥ,nadī́-,nominal stem,ACC,F,PL,,,,,accepted,acc plural feminine,VedaWeb TEI 6d94702e078b2d8fc04af1241aba63132c4601a3
PL-04,yaḥ,NOM/ACC.PL.F comparison suffix,b09_h086_17_zur_a_03,RV 9.86.17a,dhíyaḥ,dhiyaḥ,dhī́-,nominal stem,NOM,F,PL,,,,,accepted,nom plural feminine,VedaWeb TEI 6d94702e078b2d8fc04af1241aba63132c4601a3
PL-04,yaḥ,NOM/ACC.PL.F comparison suffix,b09_h086_27_zur_a_03,RV 9.86.27a,abhiśríyaḥ,abhiśriyaḥ,abhiśrī́-,nominal stem,NOM,F,PL,,,,,accepted,nom plural feminine,VedaWeb TEI 6d94702e078b2d8fc04af1241aba63132c4601a3
NU-05,pañca,syntax review: uninflected numeral,b09_h086_29_zur_b_03,RV 9.86.29b,páñca,pañca,páñca-,nominal stem,ACC,F,PL,,,,,review,token morphology cannot decide the construction,VedaWeb TEI 6d94702e078b2d8fc04af1241aba63132c4601a3
PL-19,imā,NOM/ACC.PL.N demonstrative,b09_h086_30_zur_d_02,RV 9.86.30d,imā́,imā,ayám,pronoun,NOM,N,PL,,,,,accepted,nom plural neuter,VedaWeb TEI 6d94702e078b2d8fc04af1241aba63132c4601a3
PL-19,imā,NOM/ACC.PL.N demonstrative,b09_h086_37_zur_a_02,RV 9.86.37a,imā́,imā,ayám,pronoun,ACC,N,PL,,,,,accepted,acc plural neuter,VedaWeb TEI 6d94702e078b2d8fc04af1241aba63132c4601a3
SG-27,asme,DAT/LOC.PL pronoun,b09_h089_01_zur_c_04,RV 9.89.1c,asmé,asme,ahám,pronoun,,,PL,,,,,accepted,plural pronoun; relation untagged,VedaWeb TEI 6d94702e078b2d8fc04af1241aba63132c4601a3
PL-04,īḥ,NOM/ACC.PL.F candidate suffix,b09_h090_02_zur_b_03,RV 9.90.2b,vā́ṇīḥ,vāṇīḥ,vā́ṇī-,nominal stem,NOM,F,PL,,,,,accepted,nom plural feminine,VedaWeb TEI 6d94702e078b2d8fc04af1241aba63132c4601a3
NU-06,sahasram,syntax review: uninflected collective,b09_h091_03_zur_c_01,RV 9.91.3c,sahásram,sahasram,sahásra-,nominal stem,,N,SG,,,,,review,token morphology cannot decide the construction,VedaWeb TEI 6d94702e078b2d8fc04af1241aba63132c4601a3
NU-05,pañca,syntax review: uninflected numeral,b09_h092_03_zur_d_04,RV 9.92.3d,páñca,pañca,páñca-,nominal stem,ACC,M,PL,,,,,review,token morphology cannot decide the construction,VedaWeb TEI 6d94702e078b2d8fc04af1241aba63132c4601a3
PL-04,yaḥ,NOM/ACC.PL.F comparison suffix,b09_h092_04_zur_d_03,RV 9.92.4d,nadyàḥ,nadyaḥ,nadī́-,nominal stem,NOM,F,PL,,,,,accepted,nom plural feminine,VedaWeb TEI 6d94702e078b2d8fc04af1241aba63132c4601a3
PL-04,īḥ,NOM/ACC.PL.F candidate suffix,b09_h092_04_zur_d_05,RV 9.92.4d,yahvī́ḥ,yahvīḥ,yahvī́-,nominal stem,NOM,F,PL,,,,,accepted,nom plural feminine,VedaWeb TEI 6d94702e078b2d8fc04af1241aba63132c4601a3
PL-04,yaḥ,NOM/ACC.PL.F comparison suffix,b09_h094_01_zur_b_02,RV 9.94.1b,dhíyaḥ,dhiyaḥ,dhī́-,nominal stem,NOM,F,PL,,,,,accepted,nom plural feminine,VedaWeb TEI 6d94702e078b2d8fc04af1241aba63132c4601a3
PL-04,yaḥ,NOM/ACC.PL.F comparison suffix,b09_h094_02_zur_c_01,RV 9.94.2c,dhíyaḥ,dhiyaḥ,dhī́-,nominal stem,NOM,F,PL,,,,,accepted,nom plural feminine,VedaWeb TEI 6d94702e078b2d8fc04af1241aba63132c4601a3
PL-19,imā,NOM/ACC.PL.N demonstrative,b09_h096_07_zur_c_04,RV 9.96.7c,imā́,imā,ayám,pronoun,ACC,N,PL,,,,,accepted,acc plural neuter,VedaWeb TEI 6d94702e078b2d8fc04af1241aba63132c4601a3
SG-27,asme,DAT/LOC.PL pronoun,b09_h097_03_zur_b_04,RV 9.97.3b,asmé,asme,ahám,pronoun,,,PL,,,,,accepted,plural pronoun; relation untagged,VedaWeb TEI 6d94702e078b2d8fc04af1241aba63132c4601a3
NU-06,śatam,syntax review: uninflected collective,b09_h097_29_zur_a_01,RV 9.97.29a,śatám,śatam,śatá-,nominal stem,,N,SG,,,,,review,token morphology cannot decide the construction,VedaWeb TEI 6d94702e078b2d8fc04af1241aba63132c4601a3
NU-06,sahasram,syntax review: uninflected collective,b09_h097_29_zur_b_01,RV 9.97.29b,sahásram,sahasram,sahásra-,nominal stem,,N,SG,,,,,review,token morphology cannot decide the construction,VedaWeb TEI 6d94702e078b2d8fc04af1241aba63132c4601a3
SG-28,ayā,INS.SG demonstrative or adverbial,b09_h097_52_zur_a_01,RV 9.97.52a,ayā́,ayā,ayám,pronoun,INS,F,SG,,,,,accepted,instrumental singular,VedaWeb TEI 6d94702e078b2d8fc04af1241aba63132c4601a3
SG-28,enā,INS.SG demonstrative or adverbial,b09_h097_52_zur_a_04,RV 9.97.52a,enā́,enā,ayám,pronoun,INS,,SG,,,,,accepted,instrumental singular,VedaWeb TEI 6d94702e078b2d8fc04af1241aba63132c4601a3
SG-28,enā,INS.SG demonstrative or adverbial,b09_h097_53_zur_a_03,RV 9.97.53a,enā́,enā,ayám,pronoun,INS,,SG,,,,,accepted,instrumental singular,VedaWeb TEI 6d94702e078b2d8fc04af1241aba63132c4601a3
NU-02,trī,NOM/ACC.PL.N numeral,b09_h097_55_zur_a_02,RV 9.97.55a,trī́,trī,trí-,nominal stem,ACC,N,PL,,,,,accepted,acc plural neuter,VedaWeb TEI 6d94702e078b2d8fc04af1241aba63132c4601a3
NU-05,pañca,syntax review: uninflected numeral,b09_h098_06_zur_a_03,RV 9.98.6a,páñca,pañca,páñca-,nominal stem,NOM,,PL,,,,,review,token morphology cannot decide the construction,VedaWeb TEI 6d94702e078b2d8fc04af1241aba63132c4601a3
PL-04,yaḥ,NOM/ACC.PL.F comparison suffix,b09_h099_02_zur_c_03,RV 9.99.2c,dhíyaḥ,dhiyaḥ,dhī́-,nominal stem,NOM,F,PL,,,,,accepted,nom plural feminine,VedaWeb TEI 6d94702e078b2d8fc04af1241aba63132c4601a3
NU-05,pañca,syntax review: uninflected numeral,b09_h101_09_zur_c_02,RV 9.101.9c,páñca,pañca,páñca-,nominal stem,ACC,,PL,,,,,review,token morphology cannot decide the construction,VedaWeb TEI 6d94702e078b2d8fc04af1241aba63132c4601a3
NU-02,trīṇi,NOM/ACC.PL.N numeral,b09_h102_03_zur_a_01,RV 9.102.3a,trī́ṇi,trīṇi,trí-,nominal stem,ACC,N,PL,,,,,accepted,acc plural neuter,VedaWeb TEI 6d94702e078b2d8fc04af1241aba63132c4601a3
NU-02,trī,NOM/ACC.PL.N numeral,b09_h103_02_zur_c_01,RV 9.103.2c,trī́,trī,trí-,nominal stem,ACC,N,PL,,,,,accepted,acc plural neuter,VedaWeb TEI 6d94702e078b2d8fc04af1241aba63132c4601a3
PL-04,īḥ,NOM/ACC.PL.F candidate suffix,b09_h103_03_zur_c_02,RV 9.103.3c,vā́ṇīḥ,vāṇīḥ,vā́ṇī-,nominal stem,NOM,F,PL,,,,,accepted,nom plural feminine,VedaWeb TEI 6d94702e078b2d8fc04af1241aba63132c4601a3
PL-04,īḥ,NOM/ACC.PL.F candidate suffix,b09_h103_05_zur_a_02,RV 9.103.5a,daívīḥ,daivīḥ,daívī-,nominal stem,ACC,F,PL,,,,,accepted,acc plural feminine,VedaWeb TEI 6d94702e078b2d8fc04af1241aba63132c4601a3
PL-04,īḥ,NOM/ACC.PL.F candidate suffix,b09_h104_04_zur_b_02,RV 9.104.4b,vā́ṇīḥ,vāṇīḥ,vā́ṇī-,nominal stem,NOM,F,PL,,,,,accepted,nom plural feminine,VedaWeb TEI 6d94702e078b2d8fc04af1241aba63132c4601a3
NU-06,sahasram,syntax review: uninflected collective,b09_h106_06_zur_c_01,RV 9.106.6c,sahásram,sahasram,sahásra-,nominal stem,,N,SG,,,,,review,token morphology cannot decide the construction,VedaWeb TEI 6d94702e078b2d8fc04af1241aba63132c4601a3
SG-28,ayā,INS.SG demonstrative or adverbial,b09_h106_14_zur_a_01,RV 9.106.14a,ayā́,ayā,ayám,pronoun,INS,F,SG,,,,,accepted,instrumental singular,VedaWeb TEI 6d94702e078b2d8fc04af1241aba63132c4601a3
PL-04,yaḥ,NOM/ACC.PL.F comparison suffix,b09_h108_10_zur_d_03,RV 9.108.10d,dhíyaḥ,dhiyaḥ,dhī́-,nominal stem,ACC,F,PL,,,,,accepted,acc plural feminine,VedaWeb TEI 6d94702e078b2d8fc04af1241aba63132c4601a3
PL-19,imā,NOM/ACC.PL.N demonstrative,b09_h110_09_zur_b_01,RV 9.110.9b,imā́,imā,ayám,pronoun,ACC,N,PL,,,,,accepted,acc plural neuter,VedaWeb TEI 6d94702e078b2d8fc04af1241aba63132c4601a3
SG-28,ayā,INS.SG demonstrative or adverbial,b09_h111_01_zur_a_01,RV 9.111.1a,ayā́,ayā,ayám,pronoun,INS,F,SG,,,,,accepted,instrumental singular,VedaWeb TEI 6d94702e078b2d8fc04af1241aba63132c4601a3
PL-04,yaḥ,NOM/ACC.PL.F comparison suffix,b09_h112_01_zur_a_05,RV 9.112.1a,dhíyaḥ,dhiyaḥ,dhī́-,nominal stem,NOM,F,PL,,,,,accepted,nom plural feminine,VedaWeb TEI 6d94702e078b2d8fc04af1241aba63132c4601a3
PL-04,īḥ,NOM/ACC.PL.F candidate suffix,b10_h001_04_zur_a_05,RV 10.1.4a,jánitrīḥ,janitrīḥ,jánitrī-,nominal stem,NOM,F,PL,,,,,accepted,nom plural feminine,VedaWeb TEI 6d94702e078b2d8fc04af1241aba63132c4601a3
PL-04,īḥ,NOM/ACC.PL.F candidate suffix,b10_h005_05_zur_a_03,RV 10.5.5a,áruṣīḥ,aruṣīḥ,áruṣī-,nominal stem,ACC,F,PL,,,,,accepted,acc plural feminine,VedaWeb TEI 6d94702e078b2d8fc04af1241aba63132c4601a3
SG-27,asme,DAT/LOC.PL pronoun,b10_h006_06_zur_c_01,RV 10.6.6c,asmé,asme,ahám,pronoun,,,PL,,,,,accepted,plural pronoun; relation untagged,VedaWeb TEI 6d94702e078b2d8fc04af1241aba63132c4601a3
PL-04,yaḥ,NOM/ACC.PL.F comparison suffix,b10_h007_04_zur_a_03,RV 10.7.4a,dhíyaḥ,dhiyaḥ,dhī́-,nominal stem,NOM,F,PL,,,,,accepted,nom plural feminine,VedaWeb TEI 6d94702e078b2d8fc04af1241aba63132c4601a3
SG-27,asme,DAT/LOC.PL pronoun,b10_h007_04_zur_a_04,RV 10.7.4a,asmé,asme,ahám,pronoun,,,PL,,,,,accepted,plural pronoun; relation untagged,VedaWeb TEI 6d94702e078b2d8fc04af1241aba63132c4601a3
PL-04,īḥ,NOM/ACC.PL.F candidate suffix,b10_h008_03_zur_c_03,RV 10.8.3c,áruṣīḥ,aruṣīḥ,áruṣī-,nominal stem,NOM,F,PL,,,,,accepted,nom plural feminine,VedaWeb TEI 6d94702e078b2d8fc04af1241aba63132c4601a3
NU-02,trīṇi,NOM/ACC.PL.N numeral,b10_h008_09_zur_d_02,RV 10.8.9d,trī́ṇi,trīṇi,trí-,nominal stem,ACC,N,PL,,,,,accepted,acc plural neuter,VedaWeb TEI 6d94702e078b2d8fc04af1241aba63132c4601a3
PL-04,īḥ,NOM/ACC.PL.F candidate suffix,b10_h009_04_zur_a_03,RV 10.9.4a,devī́ḥ,devīḥ,devī́-,nominal stem,NOM,F,PL,,,,,accepted,nom plural feminine,VedaWeb TEI 6d94702e078b2d8fc04af1241aba63132c4601a3
SG-27,asme,DAT/LOC.PL pronoun,b10_h010_03_zur_c_06,RV 10.10.3c,asmé,asme,ahám,pronoun,,,PL,,,,,accepted,plural pronoun; relation untagged,VedaWeb TEI 6d94702e078b2d8fc04af1241aba63132c4601a3
NU-05,pañca,syntax review: uninflected numeral,b10_h013_03_zur_a_01,RV 10.13.3a,páñca,pañca,páñca-,nominal stem,,N,PL,,,,,review,token morphology cannot decide the construction,VedaWeb TEI 6d94702e078b2d8fc04af1241aba63132c4601a3
SG-28,enā,INS.SG demonstrative or adverbial,b10_h014_02_zur_d_01,RV 10.14.2d,enā́,enā,ayám,pronoun,INS,,SG,,,,,accepted,instrumental singular,VedaWeb TEI 6d94702e078b2d8fc04af1241aba63132c4601a3
SG-28,enā,INS.SG demonstrative or adverbial,b10_h014_04_zur_d_01,RV 10.14.4d,enā́,enā,ayám,pronoun,INS,,SG,,,,,accepted,instrumental singular,VedaWeb TEI 6d94702e078b2d8fc04af1241aba63132c4601a3
PL-19,imā,NOM/ACC.PL.N demonstrative,b10_h015_04_zur_b_01,RV 10.15.4b,imā́,imā,ayám,pronoun,ACC,N,PL,,,,,accepted,acc plural neuter,VedaWeb TEI 6d94702e078b2d8fc04af1241aba63132c4601a3
NU-06,sahasram,syntax review: uninflected collective,b10_h015_10_zur_c_04,RV 10.15.10c,sahásram,sahasram,sahásra-,nominal stem,,N,SG,,,,,review,token morphology cannot decide the construction,VedaWeb TEI 6d94702e078b2d8fc04af1241aba63132c4601a3
PL-19,imā,NOM/ACC.PL.N demonstrative,b10_h017_05_zur_a_02,RV 10.17.5a,imā́,imā,ayám,pronoun,ACC,N,PL,,,,,accepted,acc plural neuter,VedaWeb TEI 6d94702e078b2d8fc04af1241aba63132c4601a3
SG-27,asme,DAT/LOC.PL pronoun,b10_h017_08_zur_d_05,RV 10.17.8d,asmé,asme,ahám,pronoun,,,PL,,,,,accepted,plural pronoun; relation untagged,VedaWeb TEI 6d94702e078b2d8fc04af1241aba63132c4601a3
PL-04,īḥ,NOM/ACC.PL.F candidate suffix,b10_h017_10_zur_c_05,RV 10.17.10c,devī́ḥ,devīḥ,devī́-,nominal stem,NOM,F,PL,,,,,accepted,nom plural feminine,VedaWeb TEI 6d94702e078b2d8fc04af1241aba63132c4601a3
NU-06,śatam,syntax review: uninflected collective,b10_h018_04_zur_c_01,RV 10.18.4c,śatám,śatam,śatá-,nominal stem,,N,SG,,,,,review,token morphology cannot decide the construction,VedaWeb TEI 6d94702e078b2d8fc04af1241aba63132c4601a3
PL-04,īḥ,NOM/ACC.PL.F candidate suffix,b10_h018_04_zur_c_04,RV 10.18.4c,purūcī́ḥ,purūcīḥ,purūcī́-,nominal stem,ACC,F,PL,,,,,accepted,acc plural feminine,VedaWeb TEI 6d94702e078b2d8fc04af1241aba63132c4601a3
PL-04,īḥ,NOM/ACC.PL.F candidate suffix,b10_h018_07_zur_a_02,RV 10.18.7a,nā́rīḥ,nārīḥ,nā́rī-,nominal stem,NOM,F,PL,,,,,accepted,nom plural feminine,VedaWeb TEI 6d94702e078b2d8fc04af1241aba63132c4601a3
PL-04,īḥ,NOM/ACC.PL.F candidate suffix,b10_h018_07_zur_a_04,RV 10.18.7a,supátnīḥ,supatnīḥ,supátnī-,nominal stem,NOM,F,PL,,,,,accepted,nom plural feminine,VedaWeb TEI 6d94702e078b2d8fc04af1241aba63132c4601a3
SG-27,asme,DAT/LOC.PL pronoun,b10_h018_09_zur_b_01,RV 10.18.9b,asmé,asme,ahám,pronoun,,,PL,,,,,accepted,plural pronoun; relation untagged,VedaWeb TEI 6d94702e078b2d8fc04af1241aba63132c4601a3
NU-06,sahasram,syntax review: uninflected collective,b10_h018_12_zur_b_01,RV 10.18.12b,sahásram,sahasram,sahásra-,nominal stem,,N,SG,,,,,review,token morphology cannot decide the construction,VedaWeb TEI 6d94702e078b2d8fc04af1241aba63132c4601a3
SG-27,asme,DAT/LOC.PL pronoun,b10_h019_01_zur_d_01,RV 10.19.1d,asmé,asme,ahám,pronoun,,,PL,,,,,accepted,plural pronoun; relation untagged,VedaWeb TEI 6d94702e078b2d8fc04af1241aba63132c4601a3
PL-04,yaḥ,NOM/ACC.PL.F comparison suffix,b10_h021_03_zur_e_03,RV 10.21.3e,śríyaḥ,śriyaḥ,śrī́-,nominal stem,ACC,F,PL,,,,,accepted,acc plural feminine,VedaWeb TEI 6d94702e078b2d8fc04af1241aba63132c4601a3
SG-27,asme,DAT/LOC.PL pronoun,b10_h022_02_zur_a_04,RV 10.22.2a,asmé,asme,ahám,pronoun,,,PL,,,,,accepted,plural pronoun; relation untagged,VedaWeb TEI 6d94702e078b2d8fc04af1241aba63132c4601a3
PL-04,yaḥ,NOM/ACC.PL.F comparison suffix,b10_h022_09_zur_d_02,RV 10.22.9d,kṣoṇáyaḥ,kṣoṇayaḥ,kṣoṇí- ~ kṣoṇī́-,nominal stem,NOM,F,PL,,,,,accepted,nom plural feminine,VedaWeb TEI 6d94702e078b2d8fc04af1241aba63132c4601a3
SG-27,asme,DAT/LOC.PL pronoun,b10_h022_12_zur_b_01,RV 10.22.12b,asmé,asme,ahám,pronoun,,,PL,,,,,accepted,plural pronoun; relation untagged,VedaWeb TEI 6d94702e078b2d8fc04af1241aba63132c4601a3
SG-27,asme,DAT/LOC.PL pronoun,b10_h022_13_zur_a_01,RV 10.22.13a,asmé,asme,ahám,pronoun,,,PL,,,,,accepted,plural pronoun; relation untagged,VedaWeb TEI 6d94702e078b2d8fc04af1241aba63132c4601a3
PL-20,yā,NOM/ACC.PL.N relative,b10_h023_02_zur_a_04,RV 10.23.2a,yā́,yā,yá-,pronoun,NOM,N,PL,,,,,accepted,nom plural neuter,VedaWeb TEI 6d94702e078b2d8fc04af1241aba63132c4601a3
SG-28,enā,INS.SG demonstrative or adverbial,b10_h023_07_zur_a_03,RV 10.23.7a,enā́,enā,ayám,pronoun,INS,,SG,,,,,accepted,instrumental singular,VedaWeb TEI 6d94702e078b2d8fc04af1241aba63132c4601a3
SG-27,asme,DAT/LOC.PL pronoun,b10_h023_07_zur_d_01,RV 10.23.7d,asmé,asme,ahám,pronoun,,,PL,,,,,accepted,plural pronoun; relation untagged,VedaWeb TEI 6d94702e078b2d8fc04af1241aba63132c4601a3
SG-27,asme,DAT/LOC.PL pronoun,b10_h024_01_zur_c_01,RV 10.24.1c,asmé,asme,ahám,pronoun,,,PL,,,,,accepted,plural pronoun; relation untagged,VedaWeb TEI 6d94702e078b2d8fc04af1241aba63132c4601a3
NU-04,aṣṭa,NOM/ACC numeral,b10_h027_15_zur_b_01,RV 10.27.15b,aṣṭá,aṣṭa,aṣṭā́-,nominal stem,NOM,M,PL,,,,,accepted,annotated with the numeral lemma,VedaWeb TEI 6d94702e078b2d8fc04af1241aba63132c4601a3
SG-28,enā,INS.SG demonstrative or adverbial,b10_h027_21_zur_c_03,RV 10.27.21c,enā́,enā,ayám,pronoun,INS,,SG,,,,,accepted,instrumental singular,VedaWeb TEI 6d94702e078b2d8fc04af1241aba63132c4601a3
PL-04,yaḥ,NOM/ACC.PL.F comparison suffix,b10_h028_04_zur_b_03,RV 10.28.4b,nadyàḥ,nadyaḥ,nadī́-,nominal stem,NOM,F,PL,,,,,accepted,nom plural feminine,VedaWeb TEI 6d94702e078b2d8fc04af1241aba63132c4601a3
NU-06,śatam,syntax review: uninflected collective,b10_h029_02_zur_c_03,RV 10.29.2c,śatám,śatam,śatá-,nominal stem,ACC,N,SG,,,,,review,token morphology cannot decide the construction,VedaWeb TEI 6d94702e078b2d8fc04af1241aba63132c4601a3
PL-04,īḥ,NOM/ACC.PL.F candidate suffix,b10_h030_06_zur_d_05,RV 10.30.6d,devī́ḥ,devīḥ,devī́-,nominal stem,NOM,F,PL,,,,,accepted,nom plural feminine,VedaWeb TEI 6d94702e078b2d8fc04af1241aba63132c4601a3
PL-04,īḥ,NOM/ACC.PL.F candidate suffix,b10_h030_10_zur_c_02,RV 10.30.10c,jánitrīḥ,janitrīḥ,jánitrī-,nominal stem,ACC,F,PL,,,,,accepted,acc plural feminine,VedaWeb TEI 6d94702e078b2d8fc04af1241aba63132c4601a3
PL-04,īḥ,NOM/ACC.PL.F candidate suffix,b10_h030_10_zur_c_04,RV 10.30.10c,pátnīḥ,patnīḥ,pátnī-,nominal stem,ACC,F,PL,,,,,accepted,acc plural feminine,VedaWeb TEI 6d94702e078b2d8fc04af1241aba63132c4601a3
PL-04,īḥ,NOM/ACC.PL.F candidate suffix,b10_h030_12_zur_c_05,RV 10.30.12c,pátnīḥ,patnīḥ,pátnī-,nominal stem,NOM,F,PL,,,,,accepted,nom plural feminine,VedaWeb TEI 6d94702e078b2d8fc04af1241aba63132c4601a3
SG-28,enā,INS.SG demonstrative or adverbial,b10_h031_08_zur_a_03,RV 10.31.8a,enā́,enā,ayám,pronoun,INS,,SG,,,,,accepted,instrumental singular,VedaWeb TEI 6d94702e078b2d8fc04af1241aba63132c4601a3
PL-19,imā,NOM/ACC.PL.N demonstrative,b10_h032_08_zur_a_07,RV 10.32.8a,imā́,imā,ayám,pronoun,ACC,N,PL,,,,,accepted,acc plural neuter,VedaWeb TEI 6d94702e078b2d8fc04af1241aba63132c4601a3
PL-04,īḥ,NOM/ACC.PL.F candidate suffix,b10_h033_02_zur_b_01,RV 10.33.2b,sapátnīḥ,sapatnīḥ,sapátnī-,nominal stem,NOM,F,PL,,,,,accepted,nom plural feminine,VedaWeb TEI 6d94702e078b2d8fc04af1241aba63132c4601a3
PL-04,yaḥ,NOM/ACC.PL.F comparison suffix,b10_h033_03_zur_a_07,RV 10.33.3a,ādhyàḥ,ādhyaḥ,ādhī́-,nominal stem,NOM,F,PL,,,,,accepted,nom plural feminine,VedaWeb TEI 6d94702e078b2d8fc04af1241aba63132c4601a3
SG-27,asme,DAT/LOC.PL pronoun,b10_h035_13_zur_d_05,RV 10.35.13d,asmé,asme,ahám,pronoun,,,PL,,,,,accepted,plural pronoun; relation untagged,VedaWeb TEI 6d94702e078b2d8fc04af1241aba63132c4601a3
SG-27,asme,DAT/LOC.PL pronoun,b10_h036_13_zur_d_04,RV 10.36.13d,asmé,asme,ahám,pronoun,,,PL,,,,,accepted,plural pronoun; relation untagged,VedaWeb TEI 6d94702e078b2d8fc04af1241aba63132c4601a3
SG-27,asme,DAT/LOC.PL pronoun,b10_h037_11_zur_d_02,RV 10.37.11d,asmé,asme,ahám,pronoun,,,PL,,,,,accepted,plural pronoun; relation untagged,VedaWeb TEI 6d94702e078b2d8fc04af1241aba63132c4601a3
PL-04,yaḥ,NOM/ACC.PL.F comparison suffix,b10_h039_02_zur_a_04,RV 10.39.2a,dhíyaḥ,dhiyaḥ,dhī́-,nominal stem,ACC,F,PL,,,,,accepted,acc plural feminine,VedaWeb TEI 6d94702e078b2d8fc04af1241aba63132c4601a3
DU-07,anī,NOM/ACC/VOC.DU.N candidate suffix,b10_h039_12_zur_d_02,RV 10.39.12d,áhanī,ahanī,áhar ~ áhan-,nominal stem,NOM,N,DU,,,,,accepted,neuter dual,VedaWeb TEI 6d94702e078b2d8fc04af1241aba63132c4601a3
SG-16,śami,INS.SG.F,b10_h040_01_zur_d_04,RV 10.40.1d,śámi,śami,śámī-,nominal stem,INS,F,SG,,,,,accepted,instrumental singular feminine,VedaWeb TEI 6d94702e078b2d8fc04af1241aba63132c4601a3
SG-27,asme,DAT/LOC.PL pronoun,b10_h042_06_zur_b_05,RV 10.42.6b,asmé,asme,ahám,pronoun,,,PL,,,,,accepted,plural pronoun; relation untagged,VedaWeb TEI 6d94702e078b2d8fc04af1241aba63132c4601a3
SG-27,asme,DAT/LOC.PL pronoun,b10_h042_07_zur_c_01,RV 10.42.7c,asmé,asme,ahám,pronoun,,,PL,,,,,accepted,plural pronoun; relation untagged,VedaWeb TEI 6d94702e078b2d8fc04af1241aba63132c4601a3
PL-04,īḥ,NOM/ACC.PL.F candidate suffix,b10_h043_08_zur_b_02,RV 10.43.8b,aryápatnīḥ,aryapatnīḥ,aryápatnī-,nominal stem,ACC,F,PL,,,,,accepted,acc plural feminine,VedaWeb TEI 6d94702e078b2d8fc04af1241aba63132c4601a3
SG-27,asme,DAT/LOC.PL pronoun,b10_h044_05_zur_a_02,RV 10.44.5a,asmé,asme,ahám,pronoun,,,PL,,,,,accepted,plural pronoun; relation untagged,VedaWeb TEI 6d94702e078b2d8fc04af1241aba63132c4601a3
NU-05,pañca,syntax review: uninflected numeral,b10_h045_06_zur_d_05,RV 10.45.6d,páñca,pañca,páñca-,nominal stem,NOM,M,PL,,,,,review,token morphology cannot decide the construction,VedaWeb TEI 6d94702e078b2d8fc04af1241aba63132c4601a3
SG-27,asme,DAT/LOC.PL pronoun,b10_h045_12_zur_d_04,RV 10.45.12d,asmé,asme,ahám,pronoun,,,PL,,,,,accepted,plural pronoun; relation untagged,VedaWeb TEI 6d94702e078b2d8fc04af1241aba63132c4601a3
PL-20,yāni,NOM/ACC.PL.N relative,b10_h050_06_zur_b_04,RV 10.50.6b,yā́ni,yāni,yá-,pronoun,,N,PL,,,,,accepted, plural neuter,VedaWeb TEI 6d94702e078b2d8fc04af1241aba63132c4601a3
NU-02,trīṇi,NOM/ACC.PL.N numeral,b10_h052_06_zur_a_01,RV 10.52.6a,trī́ṇi,trīṇi,trí-,nominal stem,NOM,N,PL,,,,,accepted,nom plural neuter,VedaWeb TEI 6d94702e078b2d8fc04af1241aba63132c4601a3
NU-02,trī,NOM/ACC.PL.N numeral,b10_h052_06_zur_a_03,RV 10.52.6a,trī́,trī,trí-,nominal stem,NOM,N,PL,,,,,accepted,nom plural neuter,VedaWeb TEI 6d94702e078b2d8fc04af1241aba63132c4601a3
NU-05,pañca,syntax review: uninflected numeral,b10_h053_04_zur_d_01,RV 10.53.4d,páñca,pañca,páñca-,nominal stem,NOM,M,PL,,,,,review,token morphology cannot decide the construction,VedaWeb TEI 6d94702e078b2d8fc04af1241aba63132c4601a3
NU-05,pañca,syntax review: uninflected numeral,b10_h053_05_zur_a_01,RV 10.53.5a,páñca,pañca,páñca-,nominal stem,NOM,M,PL,,,,,review,token morphology cannot decide the construction,VedaWeb TEI 6d94702e078b2d8fc04af1241aba63132c4601a3
PL-20,yāni,NOM/ACC.PL.N relative,b10_h054_02_zur_c_05,RV 10.54.2c,yā́ni,yāni,yá-,pronoun,,N,PL,,,,,accepted, plural neuter,VedaWeb TEI 6d94702e078b2d8fc04af1241aba63132c4601a3
PL-20,yāni,NOM/ACC.PL.N relative,b10_h054_05_zur_b_01,RV 10.54.5b,yā́ni,yāni,yá-,pronoun,,N,PL,,,,,accepted, plural neuter,VedaWeb TEI 6d94702e078b2d8fc04af1241aba63132c4601a3
PL-20,yā,NOM/ACC.PL.N relative,b10_h054_05_zur_b_03,RV 10.54.5b,yā́,yā,yá-,pronoun,NOM,N,PL,,,,,accepted,nom plural neuter,VedaWeb TEI 6d94702e078b2d8fc04af1241aba63132c4601a3
NU-05,pañca,syntax review: uninflected numeral,b10_h055_02_zur_d_05,RV 10.55.2d,páñca,pañca,páñca-,nominal stem,NOM,M,PL,,,,,review,token morphology cannot decide the construction,VedaWeb TEI 6d94702e078b2d8fc04af1241aba63132c4601a3
NU-05,pañca,syntax review: uninflected numeral,b10_h055_03_zur_b_01,RV 10.55.3b,páñca,pañca,páñca-,nominal stem,ACC,M,PL,,,,,review,token morphology cannot decide the construction,VedaWeb TEI 6d94702e078b2d8fc04af1241aba63132c4601a3
PL-20,yāni,NOM/ACC.PL.N relative,b10_h056_04_zur_c_04,RV 10.56.4c,yā́ni,yāni,yá-,pronoun,,N,PL,,,,,accepted, plural neuter,VedaWeb TEI 6d94702e078b2d8fc04af1241aba63132c4601a3
PL-04,īḥ,NOM/ACC.PL.F candidate suffix,b10_h058_07_zur_a_05,RV 10.58.7a,óṣadhīḥ,oṣadhīḥ,óṣadhī-,nominal stem,ACC,F,PL,,,,,accepted,acc plural feminine,VedaWeb TEI 6d94702e078b2d8fc04af1241aba63132c4601a3
NU-05,pañca,syntax review: uninflected numeral,b10_h060_04_zur_c_03,RV 10.60.4c,páñca,pañca,páñca-,nominal stem,NOM,F,PL,,,,,review,token morphology cannot decide the construction,VedaWeb TEI 6d94702e078b2d8fc04af1241aba63132c4601a3
PL-04,yaḥ,NOM/ACC.PL.F comparison suffix,b10_h061_08_zur_d_05,RV 10.61.8d,pr̥śanyàḥ,pṛśanyaḥ,pr̥śanī́-,nominal stem,NOM,F,PL,,,,,accepted,nom plural feminine,VedaWeb TEI 6d94702e078b2d8fc04af1241aba63132c4601a3
SG-27,asme,DAT/LOC.PL pronoun,b10_h061_25_zur_a_04,RV 10.61.25a,asmé,asme,ahám,pronoun,,,PL,,,,,accepted,plural pronoun; relation untagged,VedaWeb TEI 6d94702e078b2d8fc04af1241aba63132c4601a3
NU-06,sahasram,syntax review: uninflected collective,b10_h062_07_zur_c_01,RV 10.62.7c,sahásram,sahasram,sahásra-,nominal stem,ACC,N,SG,,,,,review,token morphology cannot decide the construction,VedaWeb TEI 6d94702e078b2d8fc04af1241aba63132c4601a3
NU-06,sahasram,syntax review: uninflected collective,b10_h062_08_zur_c_02,RV 10.62.8c,sahásram,sahasram,sahásra-,nominal stem,,N,SG,,,,,review,token morphology cannot decide the construction,VedaWeb TEI 6d94702e078b2d8fc04af1241aba63132c4601a3
PL-04,yaḥ,NOM/ACC.PL.F comparison suffix,b10_h064_08_zur_a_04,RV 10.64.8a,nadyàḥ,nadyaḥ,nadī́-,nominal stem,ACC,F,PL,,,,,accepted,acc plural feminine,VedaWeb TEI 6d94702e078b2d8fc04af1241aba63132c4601a3
PL-04,īḥ,NOM/ACC.PL.F candidate suffix,b10_h064_09_zur_c_01,RV 10.64.9c,devī́ḥ,devīḥ,devī́-,nominal stem,NOM,F,PL,,,,,accepted,nom plural feminine,VedaWeb TEI 6d94702e078b2d8fc04af1241aba63132c4601a3
PL-04,īḥ,NOM/ACC.PL.F candidate suffix,b10_h065_11_zur_a_05,RV 10.65.11a,óṣadhīḥ,oṣadhīḥ,óṣadhī-,nominal stem,ACC,F,PL,,,,,accepted,acc plural feminine,VedaWeb TEI 6d94702e078b2d8fc04af1241aba63132c4601a3
PL-04,īḥ,NOM/ACC.PL.F candidate suffix,b10_h066_09_zur_b_02,RV 10.66.9b,óṣadhīḥ,oṣadhīḥ,óṣadhī-,nominal stem,ACC,F,PL,,,,,accepted,acc plural feminine,VedaWeb TEI 6d94702e078b2d8fc04af1241aba63132c4601a3
PL-04,īḥ,NOM/ACC.PL.F candidate suffix,b10_h066_10_zur_c_02,RV 10.66.10c,óṣadhīḥ,oṣadhīḥ,óṣadhī-,nominal stem,NOM,F,PL,,,,,accepted,nom plural feminine,VedaWeb TEI 6d94702e078b2d8fc04af1241aba63132c4601a3
PL-19,imā,NOM/ACC.PL.N demonstrative,b10_h066_12_zur_d_01,RV 10.66.12d,imā́,imā,ayám,pronoun,ACC,N,PL,,,,,accepted,acc plural neuter,VedaWeb TEI 6d94702e078b2d8fc04af1241aba63132c4601a3
SG-27,asme,DAT/LOC.PL pronoun,b10_h066_14_zur_d_01,RV 10.66.14d,asmé,asme,ahám,pronoun,,,PL,,,,,accepted,plural pronoun; relation untagged,VedaWeb TEI 6d94702e078b2d8fc04af1241aba63132c4601a3
NU-02,trīṇi,NOM/ACC.PL.N numeral,b10_h067_05_zur_b_02,RV 10.67.5b,trī́ṇi,trīṇi,trí-,nominal stem,ACC,N,PL,,,,,accepted,acc plural neuter,VedaWeb TEI 6d94702e078b2d8fc04af1241aba63132c4601a3
SG-27,asme,DAT/LOC.PL pronoun,b10_h069_04_zur_d_06,RV 10.69.4d,asmé,asme,ahám,pronoun,,,PL,,,,,accepted,plural pronoun; relation untagged,VedaWeb TEI 6d94702e078b2d8fc04af1241aba63132c4601a3
SG-27,asme,DAT/LOC.PL pronoun,b10_h070_04_zur_b_05,RV 10.70.4b,asmé,asme,ahám,pronoun,,,PL,,,,,accepted,plural pronoun; relation untagged,VedaWeb TEI 6d94702e078b2d8fc04af1241aba63132c4601a3
PL-04,īḥ,NOM/ACC.PL.F candidate suffix,b10_h071_09_zur_d_01,RV 10.71.9d,sirī́ḥ,sirīḥ,sirī́-,nominal stem,NOM,F,PL,,,,,accepted,nom plural feminine,VedaWeb TEI 6d94702e078b2d8fc04af1241aba63132c4601a3
NU-04,aṣṭau,NOM/ACC numeral,b10_h072_08_zur_a_01,RV 10.72.8a,aṣṭaú,aṣṭau,aṣṭā́-,nominal stem,NOM,M,PL,,,,,accepted,annotated with the numeral lemma,VedaWeb TEI 6d94702e078b2d8fc04af1241aba63132c4601a3
NU-06,sahasram,syntax review: uninflected collective,b10_h073_03_zur_c_04,RV 10.73.3c,sahásram,sahasram,sahásra-,nominal stem,,N,SG,,,,,review,token morphology cannot decide the construction,VedaWeb TEI 6d94702e078b2d8fc04af1241aba63132c4601a3
SG-29,tyā,INS.SG.F demonstrative,b10_h075_06_zur_b_04,RV 10.75.6b,tyā́,tyā,syá- ~ tyá-,pronoun,INS,F,SG,,,,,accepted,instrumental singular feminine,VedaWeb TEI 6d94702e078b2d8fc04af1241aba63132c4601a3
DU-07,anī,NOM/ACC/VOC.DU.N candidate suffix,b10_h076_01_zur_c_04,RV 10.76.1c,áhanī,ahanī,áhar ~ áhan-,nominal stem,NOM,N,DU,,,,,accepted,neuter dual,VedaWeb TEI 6d94702e078b2d8fc04af1241aba63132c4601a3
NU-06,sahasram,syntax review: uninflected collective,b10_h079_05_zur_c_02,RV 10.79.5c,sahásram,sahasram,sahásra-,nominal stem,,N,SG,,,,,review,token morphology cannot decide the construction,VedaWeb TEI 6d94702e078b2d8fc04af1241aba63132c4601a3
PL-19,imā,NOM/ACC.PL.N demonstrative,b10_h081_01_zur_a_02,RV 10.81.1a,imā́,imā,ayám,pronoun,ACC,N,PL,,,,,accepted,acc plural neuter,VedaWeb TEI 6d94702e078b2d8fc04af1241aba63132c4601a3
PL-20,yā,NOM/ACC.PL.N relative,b10_h081_05_zur_a_01,RV 10.81.5a,yā́,yā,yá-,pronoun,NOM,N,PL,,,,,accepted,nom plural neuter,VedaWeb TEI 6d94702e078b2d8fc04af1241aba63132c4601a3
PL-20,yā,NOM/ACC.PL.N relative,b10_h081_05_zur_a_05,RV 10.81.5a,yā́,yā,yá-,pronoun,NOM,N,PL,,,,,accepted,nom plural neuter,VedaWeb TEI 6d94702e078b2d8fc04af1241aba63132c4601a3
PL-20,yā,NOM/ACC.PL.N relative,b10_h081_05_zur_b_01,RV 10.81.5b,yā́,yā,yá-,pronoun,NOM,N,PL,,,,,accepted,nom plural neuter,VedaWeb TEI 6d94702e078b2d8fc04af1241aba63132c4601a3
PL-19,imā,NOM/ACC.PL.N demonstrative,b10_h081_05_zur_b_05,RV 10.81.5b,imā́,imā,ayám,pronoun,ACC,N,PL,,,,,accepted,acc plural neuter,VedaWeb TEI 6d94702e078b2d8fc04af1241aba63132c4601a3
PL-19,imāni,NOM/ACC.PL.N demonstrative,b10_h082_04_zur_d_04,RV 10.82.4d,imā́ni,imāni,ayám,pronoun,,N,PL,,,,,accepted, plural neuter,VedaWeb TEI 6d94702e078b2d8fc04af1241aba63132c4601a3
SG-28,enā,INS.SG demonstrative or adverbial,b10_h082_05_zur_a_04,RV 10.82.5a,enā́,enā,ayám,pronoun,INS,,SG,,,,,accepted,instrumental singular,VedaWeb TEI 6d94702e078b2d8fc04af1241aba63132c4601a3
PL-19,imā,NOM/ACC.PL.N demonstrative,b10_h082_07_zur_a_05,RV 10.82.7a,imā́,imā,ayám,pronoun,ACC,N,PL,,,,,accepted,acc plural neuter,VedaWeb TEI 6d94702e078b2d8fc04af1241aba63132c4601a3
SG-27,asme,DAT/LOC.PL pronoun,b10_h084_03_zur_a_04,RV 10.84.3a,asmé,asme,ahám,pronoun,DAT,,PL,,,,,accepted,dat plural pronoun,VedaWeb TEI 6d94702e078b2d8fc04af1241aba63132c4601a3
DU-05,śucī,NOM/ACC/VOC.DU.N short form,b10_h085_12_zur_a_01,RV 10.85.12a,śúcī,śucī,śúci-,nominal stem,NOM,N,DU,,,,,accepted,neuter dual,VedaWeb TEI 6d94702e078b2d8fc04af1241aba63132c4601a3
SG-28,enā,INS.SG demonstrative or adverbial,b10_h085_27_zur_c_01,RV 10.85.27c,enā́,enā,ayám,pronoun,INS,,SG,,,,,accepted,instrumental singular,VedaWeb TEI 6d94702e078b2d8fc04af1241aba63132c4601a3
NU-06,śatam,syntax review: uninflected collective,b10_h085_39_zur_d_03,RV 10.85.39d,śatám,śatam,śatá-,nominal stem,,N,SG,,,,,review,token morphology cannot decide the construction,VedaWeb TEI 6d94702e078b2d8fc04af1241aba63132c4601a3
NU-02,trīṇi,NOM/ACC.PL.N numeral,b10_h087_10_zur_b_02,RV 10.87.10b,trī́ṇi,trīṇi,trí-,nominal stem,ACC,N,PL,,,,,accepted,acc plural neuter,VedaWeb TEI 6d94702e078b2d8fc04af1241aba63132c4601a3
PL-04,īḥ,NOM/ACC.PL.F candidate suffix,b10_h088_02_zur_d_02,RV 10.88.2d,óṣadhīḥ,oṣadhīḥ,óṣadhī-,nominal stem,NOM,F,PL,,,,,accepted,nom plural feminine,VedaWeb TEI 6d94702e078b2d8fc04af1241aba63132c4601a3
PL-04,īḥ,NOM/ACC.PL.F candidate suffix,b10_h088_10_zur_d_02,RV 10.88.10d,óṣadhīḥ,oṣadhīḥ,óṣadhī-,nominal stem,ACC,F,PL,,,,,accepted,acc plural feminine,VedaWeb TEI 6d94702e078b2d8fc04af1241aba63132c4601a3
PL-04,īḥ,NOM/ACC.PL.F candidate suffix,b10_h089_13_zur_b_02,RV 10.89.13b,óṣadhīḥ,oṣadhīḥ,óṣadhī-,nominal stem,NOM,F,PL,,,,,accepted,nom plural feminine,VedaWeb TEI 6d94702e078b2d8fc04af1241aba63132c4601a3
PL-20,yāni,NOM/ACC.PL.N relative,b10_h091_03_zur_d_03,RV 10.91.3d,yā́ni,yāni,yá-,pronoun,,N,PL,,,,,accepted, plural neuter,VedaWeb TEI 6d94702e078b2d8fc04af1241aba63132c4601a3
PL-04,yaḥ,NOM/ACC.PL.F comparison suffix,b10_h091_05_zur_a_02,RV 10.91.5a,śríyaḥ,śriyaḥ,śrī́-,nominal stem,NOM,F,PL,,,,,accepted,nom plural feminine,VedaWeb TEI 6d94702e078b2d8fc04af1241aba63132c4601a3
PL-04,īḥ,NOM/ACC.PL.F candidate suffix,b10_h091_05_zur_c_02,RV 10.91.5c,óṣadhīḥ,oṣadhīḥ,óṣadhī-,nominal stem,ACC,F,PL,,,,,accepted,acc plural feminine,VedaWeb TEI 6d94702e078b2d8fc04af1241aba63132c4601a3
PL-04,īḥ,NOM/ACC.PL.F candidate suffix,b10_h091_06_zur_a_02,RV 10.91.6a,óṣadhīḥ,oṣadhīḥ,óṣadhī-,nominal stem,NOM,F,PL,,,,,accepted,nom plural feminine,VedaWeb TEI 6d94702e078b2d8fc04af1241aba63132c4601a3
SG-27,asme,DAT/LOC.PL pronoun,b10_h091_15_zur_c_03,RV 10.91.15c,asmé,asme,ahám,pronoun,,,PL,,,,,accepted,plural pronoun; relation untagged,VedaWeb TEI 6d94702e078b2d8fc04af1241aba63132c4601a3
SG-27,asme,DAT/LOC.PL pronoun,b10_h093_10_zur_b_01,RV 10.93.10b,asmé,asme,ahám,pronoun,,,PL,,,,,accepted,plural pronoun; relation untagged,VedaWeb TEI 6d94702e078b2d8fc04af1241aba63132c4601a3
NU-05,pañca,syntax review: uninflected numeral,b10_h093_14_zur_c_03,RV 10.93.14c,páñca,pañca,páñca-,nominal stem,ACC,N,PL,,,,,review,token morphology cannot decide the construction,VedaWeb TEI 6d94702e078b2d8fc04af1241aba63132c4601a3
PL-04,yaḥ,NOM/ACC.PL.F comparison suffix,b10_h095_07_zur_b_04,RV 10.95.7b,nadyàḥ,nadyaḥ,nadī́-,nominal stem,NOM,F,PL,,,,,accepted,nom plural feminine,VedaWeb TEI 6d94702e078b2d8fc04af1241aba63132c4601a3
SG-27,asme,DAT/LOC.PL pronoun,b10_h095_13_zur_c_07,RV 10.95.13c,asmé,asme,ahám,pronoun,LOC,,PL,,,,,accepted,loc plural pronoun,VedaWeb TEI 6d94702e078b2d8fc04af1241aba63132c4601a3
PL-04,īḥ,NOM/ACC.PL.F candidate suffix,b10_h095_16_zur_b_02,RV 10.95.16b,rā́trīḥ,rātrīḥ,rā́trī-,nominal stem,ACC,F,PL,,,,,accepted,acc plural feminine,VedaWeb TEI 6d94702e078b2d8fc04af1241aba63132c4601a3
PL-04,īḥ,NOM/ACC.PL.F candidate suffix,b10_h097_01_zur_a_02,RV 10.97.1a,óṣadhīḥ,oṣadhīḥ,óṣadhī-,nominal stem,NOM,F,PL,,,,,accepted,nom plural feminine,VedaWeb TEI 6d94702e078b2d8fc04af1241aba63132c4601a3
NU-06,śatam,syntax review: uninflected collective,b10_h097_01_zur_d_01,RV 10.97.1d,śatám,śatam,śatá-,nominal stem,ACC,N,SG,,,,,review,token morphology cannot decide the construction,VedaWeb TEI 6d94702e078b2d8fc04af1241aba63132c4601a3
NU-06,śatam,syntax review: uninflected collective,b10_h097_02_zur_a_01,RV 10.97.2a,śatám,śatam,śatá-,nominal stem,,N,SG,,,,,review,token morphology cannot decide the construction,VedaWeb TEI 6d94702e078b2d8fc04af1241aba63132c4601a3
NU-06,sahasram,syntax review: uninflected collective,b10_h097_02_zur_b_01,RV 10.97.2b,sahásram,sahasram,sahásra-,nominal stem,,N,SG,,,,,review,token morphology cannot decide the construction,VedaWeb TEI 6d94702e078b2d8fc04af1241aba63132c4601a3
PL-04,īḥ,NOM/ACC.PL.F candidate suffix,b10_h097_06_zur_a_02,RV 10.97.6a,óṣadhīḥ,oṣadhīḥ,óṣadhī-,nominal stem,NOM,F,PL,,,,,accepted,nom plural feminine,VedaWeb TEI 6d94702e078b2d8fc04af1241aba63132c4601a3
PL-04,īḥ,NOM/ACC.PL.F candidate suffix,b10_h097_07_zur_c_04,RV 10.97.7c,óṣadhīḥ,oṣadhīḥ,óṣadhī-,nominal stem,ACC,F,PL,,,,,accepted,acc plural feminine,VedaWeb TEI 6d94702e078b2d8fc04af1241aba63132c4601a3
PL-04,īḥ,NOM/ACC.PL.F candidate suffix,b10_h097_10_zur_c_01,RV 10.97.10c,óṣadhīḥ,oṣadhīḥ,óṣadhī-,nominal stem,NOM,F,PL,,,,,accepted,nom plural feminine,VedaWeb TEI 6d94702e078b2d8fc04af1241aba63132c4601a3
PL-04,īḥ,NOM/ACC.PL.F candidate suffix,b10_h097_11_zur_b_01,RV 10.97.11b,óṣadhīḥ,oṣadhīḥ,óṣadhī-,nominal stem,ACC,F,PL,,,,,accepted,acc plural feminine,VedaWeb TEI 6d94702e078b2d8fc04af1241aba63132c4601a3
PL-04,īḥ,NOM/ACC.PL.F candidate suffix,b10_h097_18_zur_a_02,RV 10.97.18a,óṣadhīḥ,oṣadhīḥ,óṣadhī-,nominal stem,NOM,F,PL,,,,,accepted,nom plural feminine,VedaWeb TEI 6d94702e078b2d8fc04af1241aba63132c4601a3
PL-04,īḥ,NOM/ACC.PL.F candidate suffix,b10_h097_19_zur_a_02,RV 10.97.19a,óṣadhīḥ,oṣadhīḥ,óṣadhī-,nominal stem,NOM,F,PL,,,,,accepted,nom plural feminine,VedaWeb TEI 6d94702e078b2d8fc04af1241aba63132c4601a3
SG-27,asme,DAT/LOC.PL pronoun,b10_h098_03_zur_a_01,RV 10.98.3a,asmé,asme,ahám,pronoun,,,PL,,,,,accepted,plural pronoun; relation untagged,VedaWeb TEI 6d94702e078b2d8fc04af1241aba63132c4601a3
NU-06,sahasram,syntax review: uninflected collective,b10_h098_04_zur_b_04,RV 10.98.4b,sahásram,sahasram,sahásra-,nominal stem,,N,SG,,,,,review,token morphology cannot decide the construction,VedaWeb TEI 6d94702e078b2d8fc04af1241aba63132c4601a3
SG-27,asme,DAT/LOC.PL pronoun,b10_h098_09_zur_c_03,RV 10.98.9c,asmé,asme,ahám,pronoun,,,PL,,,,,accepted,plural pronoun; relation untagged,VedaWeb TEI 6d94702e078b2d8fc04af1241aba63132c4601a3
PL-04,yaḥ,NOM/ACC.PL.F comparison suffix,b10_h099_04_zur_a_02,RV 10.99.4a,yahvyàḥ,yahvyaḥ,yahvī́-,nominal stem,ACC,F,PL,,,,,accepted,acc plural feminine,VedaWeb TEI 6d94702e078b2d8fc04af1241aba63132c4601a3
SG-27,asme,DAT/LOC.PL pronoun,b10_h099_08_zur_b_05,RV 10.99.8b,asmé,asme,ahám,pronoun,,,PL,,,,,accepted,plural pronoun; relation untagged,VedaWeb TEI 6d94702e078b2d8fc04af1241aba63132c4601a3
SG-27,asme,DAT/LOC.PL pronoun,b10_h100_04_zur_a_02,RV 10.100.4a,asmé,asme,ahám,pronoun,,,PL,,,,,accepted,plural pronoun; relation untagged,VedaWeb TEI 6d94702e078b2d8fc04af1241aba63132c4601a3
PL-04,yaḥ,NOM/ACC.PL.F comparison suffix,b10_h101_02_zur_a_03,RV 10.101.2a,dhíyaḥ,dhiyaḥ,dhī́-,nominal stem,ACC,F,PL,,,,,accepted,acc plural feminine,VedaWeb TEI 6d94702e078b2d8fc04af1241aba63132c4601a3
PL-04,yaḥ,NOM/ACC.PL.F comparison suffix,b10_h101_03_zur_d_03,RV 10.101.3d,sr̥ṇyàḥ,sṛṇyaḥ,sr̥ṇī́-,nominal stem,ACC,F,PL,,,,,accepted,acc plural feminine,VedaWeb TEI 6d94702e078b2d8fc04af1241aba63132c4601a3
NU-06,sahasram,syntax review: uninflected collective,b10_h102_02_zur_b_04,RV 10.102.2b,sahásram,sahasram,sahásra-,nominal stem,,N,SG,,,,,review,token morphology cannot decide the construction,VedaWeb TEI 6d94702e078b2d8fc04af1241aba63132c4601a3
NU-06,sahasram,syntax review: uninflected collective,b10_h102_05_zur_c_04,RV 10.102.5c,sahásram,sahasram,sahásra-,nominal stem,,N,SG,,,,,review,token morphology cannot decide the construction,VedaWeb TEI 6d94702e078b2d8fc04af1241aba63132c4601a3
PL-04,īḥ,NOM/ACC.PL.F candidate suffix,b10_h102_08_zur_d_03,RV 10.102.8d,táviṣīḥ,taviṣīḥ,táviṣī-,nominal stem,ACC,F,PL,,,,,accepted,acc plural feminine,VedaWeb TEI 6d94702e078b2d8fc04af1241aba63132c4601a3
NU-06,sahasram,syntax review: uninflected collective,b10_h102_09_zur_c_04,RV 10.102.9c,sahásram,sahasram,sahásra-,nominal stem,,N,SG,,,,,review,token morphology cannot decide the construction,VedaWeb TEI 6d94702e078b2d8fc04af1241aba63132c4601a3
NU-06,śatam,syntax review: uninflected collective,b10_h103_01_zur_d_01,RV 10.103.1d,śatám,śatam,śatá-,nominal stem,,N,SG,,,,,review,token morphology cannot decide the construction,VedaWeb TEI 6d94702e078b2d8fc04af1241aba63132c4601a3
PL-04,īḥ,NOM/ACC.PL.F candidate suffix,b10_h104_08_zur_a_03,RV 10.104.8a,devī́ḥ,devīḥ,devī́-,nominal stem,NOM,F,PL,,,,,accepted,nom plural feminine,VedaWeb TEI 6d94702e078b2d8fc04af1241aba63132c4601a3
NU-06,śatam,syntax review: uninflected collective,b10_h105_11_zur_a_01,RV 10.105.11a,śatám,śatam,śatá-,nominal stem,,N,SG,,,,,review,token morphology cannot decide the construction,VedaWeb TEI 6d94702e078b2d8fc04af1241aba63132c4601a3
PL-04,yaḥ,NOM/ACC.PL.F comparison suffix,b10_h106_01_zur_b_03,RV 10.106.1b,dhíyaḥ,dhiyaḥ,dhī́-,nominal stem,ACC,F,PL,,,,,accepted,acc plural feminine,VedaWeb TEI 6d94702e078b2d8fc04af1241aba63132c4601a3
SG-27,asme,DAT/LOC.PL pronoun,b10_h106_04_zur_a_03,RV 10.106.4a,asmé,asme,ahám,pronoun,,,PL,,,,,accepted,plural pronoun; relation untagged,VedaWeb TEI 6d94702e078b2d8fc04af1241aba63132c4601a3
PL-04,īḥ,NOM/ACC.PL.F candidate suffix,b10_h109_01_zur_d_02,RV 10.109.1d,devī́ḥ,devīḥ,devī́-,nominal stem,NOM,F,PL,,,,,accepted,nom plural feminine,VedaWeb TEI 6d94702e078b2d8fc04af1241aba63132c4601a3
PL-04,īḥ,NOM/ACC.PL.F candidate suffix,b10_h110_08_zur_c_02,RV 10.110.8c,devī́ḥ,devīḥ,devī́-,nominal stem,NOM,F,PL,,,,,accepted,nom plural feminine,VedaWeb TEI 6d94702e078b2d8fc04af1241aba63132c4601a3
SG-27,asme,DAT/LOC.PL pronoun,b10_h111_10_zur_d_01,RV 10.111.10d,asmé,asme,ahám,pronoun,LOC,,PL,,,,,accepted,loc plural pronoun,VedaWeb TEI 6d94702e078b2d8fc04af1241aba63132c4601a3
SG-28,enā,INS.SG demonstrative or adverbial,b10_h112_06_zur_b_03,RV 10.112.6b,enā́,enā,ayám,pronoun,INS,,SG,,,,,accepted,instrumental singular,VedaWeb TEI 6d94702e078b2d8fc04af1241aba63132c4601a3
PL-19,imā,NOM/ACC.PL.N demonstrative,b10_h112_07_zur_d_01,RV 10.112.7d,imā́,imā,ayám,pronoun,NOM,N,PL,,,,,accepted,nom plural neuter,VedaWeb TEI 6d94702e078b2d8fc04af1241aba63132c4601a3
PL-04,īḥ,NOM/ACC.PL.F candidate suffix,b10_h113_05_zur_a_04,RV 10.113.5a,táviṣīḥ,taviṣīḥ,táviṣī-,nominal stem,ACC,F,PL,,,,,accepted,acc plural feminine,VedaWeb TEI 6d94702e078b2d8fc04af1241aba63132c4601a3
PL-20,yā,NOM/ACC.PL.N relative,b10_h114_02_zur_d_02,RV 10.114.2d,yā́,yā,yá-,pronoun,NOM,N,PL,,,,,accepted,nom plural neuter,VedaWeb TEI 6d94702e078b2d8fc04af1241aba63132c4601a3
NU-06,sahasram,syntax review: uninflected collective,b10_h114_08_zur_c_03,RV 10.114.8c,sahásram,sahasram,sahásra-,nominal stem,,N,SG,,,,,review,token morphology cannot decide the construction,VedaWeb TEI 6d94702e078b2d8fc04af1241aba63132c4601a3
PL-19,imā,NOM/ACC.PL.N demonstrative,b10_h116_08_zur_a_05,RV 10.116.8a,imā́,imā,ayám,pronoun,ACC,N,PL,,,,,accepted,acc plural neuter,VedaWeb TEI 6d94702e078b2d8fc04af1241aba63132c4601a3
PL-04,yaḥ,NOM/ACC.PL.F comparison suffix,b10_h118_08_zur_b_03,RV 10.118.8b,yātudhānyàḥ,yātudhānyaḥ,yātudhānī́-,nominal stem,ACC,F,PL,,,,,accepted,acc plural feminine,VedaWeb TEI 6d94702e078b2d8fc04af1241aba63132c4601a3
NU-05,pañca,syntax review: uninflected numeral,b10_h119_06_zur_b_02,RV 10.119.6b,páñca,pañca,páñca-,nominal stem,NOM,F,PL,,,,,review,token morphology cannot decide the construction,VedaWeb TEI 6d94702e078b2d8fc04af1241aba63132c4601a3
PL-19,imā,NOM/ACC.PL.N demonstrative,b10_h120_08_zur_a_01,RV 10.120.8a,imā́,imā,ayám,pronoun,ACC,N,PL,,,,,accepted,acc plural neuter,VedaWeb TEI 6d94702e078b2d8fc04af1241aba63132c4601a3
PL-04,īḥ,NOM/ACC.PL.F candidate suffix,b10_h123_03_zur_d_04,RV 10.123.3d,vā́ṇīḥ,vāṇīḥ,vā́ṇī-,nominal stem,NOM,F,PL,,,,,accepted,nom plural feminine,VedaWeb TEI 6d94702e078b2d8fc04af1241aba63132c4601a3
SG-28,enā,INS.SG demonstrative or adverbial,b10_h125_08_zur_c_04,RV 10.125.8c,enā́,enā,ayám,pronoun,INS,,SG,,,,,accepted,instrumental singular,VedaWeb TEI 6d94702e078b2d8fc04af1241aba63132c4601a3
PL-04,yaḥ,NOM/ACC.PL.F comparison suffix,b10_h127_01_zur_c_03,RV 10.127.1c,śríyaḥ,śriyaḥ,śrī́-,nominal stem,ACC,F,PL,,,,,accepted,acc plural feminine,VedaWeb TEI 6d94702e078b2d8fc04af1241aba63132c4601a3
PL-20,yāni,NOM/ACC.PL.N relative,b10_h128_04_zur_a_04,RV 10.128.4a,yā́ni,yāni,yá-,pronoun,,N,PL,,,,,accepted, plural neuter,VedaWeb TEI 6d94702e078b2d8fc04af1241aba63132c4601a3
SG-27,asme,DAT/LOC.PL pronoun,b10_h131_07_zur_c_05,RV 10.131.7c,asmé,asme,ahám,pronoun,,,PL,,,,,accepted,plural pronoun; relation untagged,VedaWeb TEI 6d94702e078b2d8fc04af1241aba63132c4601a3
PL-04,yaḥ,NOM/ACC.PL.F comparison suffix,b10_h133_03_zur_b_04,RV 10.133.3b,dhíyaḥ,dhiyaḥ,dhī́-,nominal stem,NOM,F,PL,,,,,accepted,nom plural feminine,VedaWeb TEI 6d94702e078b2d8fc04af1241aba63132c4601a3
PL-04,yaḥ,NOM/ACC.PL.F comparison suffix,b10_h138_01_zur_d_03,RV 10.138.1d,ahyàḥ,ahyaḥ,ahī́-,nominal stem,ACC,F,PL,,,,,accepted,acc plural feminine,VedaWeb TEI 6d94702e078b2d8fc04af1241aba63132c4601a3
PL-04,īḥ,NOM/ACC.PL.F candidate suffix,b10_h139_02_zur_c_02,RV 10.139.2c,viśvā́cīḥ,viśvācīḥ,viśvā́cī-,nominal stem,ACC,F,PL,,,,,accepted,acc plural feminine,VedaWeb TEI 6d94702e078b2d8fc04af1241aba63132c4601a3
PL-04,yaḥ,NOM/ACC.PL.F comparison suffix,b10_h139_05_zur_d_01,RV 10.139.5d,dhíyaḥ,dhiyaḥ,dhī́-,nominal stem,ACC,F,PL,,,,,accepted,acc plural feminine,VedaWeb TEI 6d94702e078b2d8fc04af1241aba63132c4601a3
PL-04,yaḥ,NOM/ACC.PL.F comparison suffix,b10_h139_05_zur_d_03,RV 10.139.5d,dhíyaḥ,dhiyaḥ,dhī́-,nominal stem,ACC,F,PL,,,,,accepted,acc plural feminine,VedaWeb TEI 6d94702e078b2d8fc04af1241aba63132c4601a3
SG-27,asme,DAT/LOC.PL pronoun,b10_h140_04_zur_b_01,RV 10.140.4b,asmé,asme,ahám,pronoun,,,PL,,,,,accepted,plural pronoun; relation untagged,VedaWeb TEI 6d94702e078b2d8fc04af1241aba63132c4601a3
PL-04,yaḥ,NOM/ACC.PL.F comparison suffix,b10_h142_02_zur_c_06,RV 10.142.2c,dhíyaḥ,dhiyaḥ,dhī́-,nominal stem,NOM,F,PL,,,,,accepted,nom plural feminine,VedaWeb TEI 6d94702e078b2d8fc04af1241aba63132c4601a3
PL-04,yaḥ,NOM/ACC.PL.F comparison suffix,b10_h143_03_zur_b_03,RV 10.143.3b,dhíyaḥ,dhiyaḥ,dhī́-,nominal stem,ACC,F,PL,,,,,accepted,acc plural feminine,VedaWeb TEI 6d94702e078b2d8fc04af1241aba63132c4601a3
SG-27,asme,DAT/LOC.PL pronoun,b10_h143_06_zur_c_02,RV 10.143.6c,asmé,asme,ahám,pronoun,,,PL,,,,,accepted,plural pronoun; relation untagged,VedaWeb TEI 6d94702e078b2d8fc04af1241aba63132c4601a3
SG-28,enā,INS.SG demonstrative or adverbial,b10_h144_05_zur_c_01,RV 10.144.5c,enā́,enā,ayám,pronoun,INS,,SG,,,,,accepted,instrumental singular,VedaWeb TEI 6d94702e078b2d8fc04af1241aba63132c4601a3
SG-28,enā,INS.SG demonstrative or adverbial,b10_h144_05_zur_d_01,RV 10.144.5d,enā́,enā,ayám,pronoun,INS,,SG,,,,,accepted,instrumental singular,VedaWeb TEI 6d94702e078b2d8fc04af1241aba63132c4601a3
PL-04,īḥ,NOM/ACC.PL.F candidate suffix,b10_h148_02_zur_b_01,RV 10.148.2b,dā́sīḥ,dāsīḥ,dā́sī-,nominal stem,ACC,F,PL,,,,,accepted,acc plural feminine,VedaWeb TEI 6d94702e078b2d8fc04af1241aba63132c4601a3
SG-28,enā,INS.SG demonstrative or adverbial,b10_h148_03_zur_d_01,RV 10.148.3d,enā́,enā,ayám,pronoun,INS,,SG,,,,,accepted,instrumental singular,VedaWeb TEI 6d94702e078b2d8fc04af1241aba63132c4601a3
PL-19,imā,NOM/ACC.PL.N demonstrative,b10_h148_04_zur_a_01,RV 10.148.4a,imā́,imā,ayám,pronoun,NOM,N,PL,,,,,accepted,nom plural neuter,VedaWeb TEI 6d94702e078b2d8fc04af1241aba63132c4601a3
PL-04,yaḥ,NOM/ACC.PL.F comparison suffix,b10_h156_01_zur_a_04,RV 10.156.1a,dhíyaḥ,dhiyaḥ,dhī́-,nominal stem,NOM,F,PL,,,,,accepted,nom plural feminine,VedaWeb TEI 6d94702e078b2d8fc04af1241aba63132c4601a3
PL-19,imā,NOM/ACC.PL.N demonstrative,b10_h157_01_zur_a_01,RV 10.157.1a,imā́,imā,ayám,pronoun,ACC,N,PL,,,,,accepted,acc plural neuter,VedaWeb TEI 6d94702e078b2d8fc04af1241aba63132c4601a3
NU-06,śatam,syntax review: uninflected collective,b10_h158_02_zur_b_02,RV 10.158.2b,śatám,śatam,śatá-,nominal stem,ACC,N,SG,,,,,review,token morphology cannot decide the construction,VedaWeb TEI 6d94702e078b2d8fc04af1241aba63132c4601a3
PL-04,īḥ,NOM/ACC.PL.F candidate suffix,b10_h159_06_zur_b_01,RV 10.159.6b,sapátnīḥ,sapatnīḥ,sapátnī-,nominal stem,ACC,F,PL,,,,,accepted,acc plural feminine,VedaWeb TEI 6d94702e078b2d8fc04af1241aba63132c4601a3
NU-06,śatam,syntax review: uninflected collective,b10_h161_03_zur_c_01,RV 10.161.3c,śatám,śatam,śatá-,nominal stem,ACC,N,SG,,,,,review,token morphology cannot decide the construction,VedaWeb TEI 6d94702e078b2d8fc04af1241aba63132c4601a3
NU-06,śatam,syntax review: uninflected collective,b10_h161_04_zur_a_01,RV 10.161.4a,śatám,śatam,śatá-,nominal stem,ACC,N,SG,,,,,review,token morphology cannot decide the construction,VedaWeb TEI 6d94702e078b2d8fc04af1241aba63132c4601a3
NU-06,śatam,syntax review: uninflected collective,b10_h161_04_zur_b_01,RV 10.161.4b,śatám,śatam,śatá-,nominal stem,ACC,N,SG,,,,,review,token morphology cannot decide the construction,VedaWeb TEI 6d94702e078b2d8fc04af1241aba63132c4601a3
NU-06,śatam,syntax review: uninflected collective,b10_h161_04_zur_b_03,RV 10.161.4b,śatám,śatam,śatá-,nominal stem,ACC,N,SG,,,,,review,token morphology cannot decide the construction,VedaWeb TEI 6d94702e078b2d8fc04af1241aba63132c4601a3
NU-06,śatam,syntax review: uninflected collective,b10_h161_04_zur_c_01,RV 10.161.4c,śatám,śatam,śatá-,nominal stem,ACC,N,SG,,,,,review,token morphology cannot decide the construction,VedaWeb TEI 6d94702e078b2d8fc04af1241aba63132c4601a3
PL-04,īḥ,NOM/ACC.PL.F candidate suffix,b10_h169_01_zur_b_02,RV 10.169.1b,óṣadhīḥ,oṣadhīḥ,óṣadhī-,nominal stem,ACC,F,PL,,,,,accepted,acc plural feminine,VedaWeb TEI 6d94702e078b2d8fc04af1241aba63132c4601a3
PL-19,imā,NOM/ACC.PL.N demonstrative,b10_h170_04_zur_c_02,RV 10.170.4c,imā́,imā,ayám,pronoun,NOM,N,PL,,,,,accepted,nom plural neuter,VedaWeb TEI 6d94702e078b2d8fc04af1241aba63132c4601a3
NU-05,pañca,syntax review: uninflected numeral,b10_h178_03_zur_a_05,RV 10.178.3a,páñca,pañca,páñca-,nominal stem,ACC,F,PL,,,,,review,token morphology cannot decide the construction,VedaWeb TEI 6d94702e078b2d8fc04af1241aba63132c4601a3
