root,valency,tokens,first_consonant,vowel,articulation_place,varga_column,bonding_cluster
kṛ,1062,50155,k,ṛ,kavarga,C1 (unvoiced unaspirate),0
bhū,504,44848,bh,ū,pavarga,C4 (voiced aspirate),1
dhā,386,17082,dh,ā,tavarga,C4 (voiced aspirate),6
hṛ,368,9296,h,ṛ,glottal,non-varga (glottal),17
vṛt,293,8572,v,ṛ,semivowel,non-varga (semivowel),18
gam,291,29902,g,a,kavarga,C3 (voiced unaspirate),4
nī,253,5852,n,ī,tavarga,C5 (nasal),28
kram,244,4314,k,a,kavarga,C1 (unvoiced unaspirate),35
han,216,14364,h,a,glottal,non-varga (glottal),9
pad,207,7629,p,a,pavarga,C1 (unvoiced unaspirate),19
yā,205,10316,y,ā,semivowel,non-varga (semivowel),13
vartay,194,1814,v,a,semivowel,non-varga (semivowel),
grah,182,10607,g,a,kavarga,C3 (voiced unaspirate),12
sṛj,182,6260,s,ṛ,sibilant,non-varga (sibilant),23
dā,176,17897,d,ā,tavarga,C3 (voiced unaspirate),5
jñā,176,9816,j,ā,cavarga,C3 (voiced unaspirate),15
yuj,172,10312,y,u,semivowel,non-varga (semivowel),14
car,170,7504,c,a,cavarga,C1 (unvoiced unaspirate),20
sthā,166,15989,s,ā,sibilant,non-varga (sibilant),7
pat,164,6052,p,a,pavarga,C1 (unvoiced unaspirate),25
viś,163,7095,v,i,semivowel,non-varga (semivowel),21
kṣip,154,4955,k,i,kavarga,C1 (unvoiced unaspirate),33
ruh,153,2855,r,u,semivowel,non-varga (semivowel),47
yam,146,5299,y,a,semivowel,non-varga (semivowel),30
diś,136,2654,d,i,tavarga,C3 (voiced unaspirate),54
muc,135,6170,m,u,pavarga,C5 (nasal),24
vah,133,2676,v,a,semivowel,non-varga (semivowel),51
kṛṣ,132,1336,k,ṛ,kavarga,C1 (unvoiced unaspirate),
vas,128,4122,v,a,semivowel,non-varga (semivowel),38
vad,125,4785,v,a,semivowel,non-varga (semivowel),24
gā,124,2915,g,ā,kavarga,C3 (voiced unaspirate),46
vṛ,121,5094,v,ṛ,semivowel,non-varga (semivowel),32
rudh,114,3045,r,u,semivowel,non-varga (semivowel),41
sṛp,113,689,s,ṛ,sibilant,non-varga (sibilant),
sṛ,112,1356,s,ṛ,sibilant,non-varga (sibilant),
jan,108,11478,j,a,cavarga,C3 (voiced unaspirate),11
śri,108,2792,ś,i,sibilant,non-varga (sibilant),49
vap,107,2188,v,a,semivowel,non-varga (semivowel),38
dru,105,2765,d,u,tavarga,C3 (voiced unaspirate),46
bandh,104,3539,b,a,pavarga,C3 (voiced unaspirate),41
hā,101,3780,h,ā,glottal,non-varga (glottal),40
ji,100,5666,j,i,cavarga,C3 (voiced unaspirate),10
labh,100,5263,l,a,semivowel,non-varga (semivowel),31
dah,100,2965,d,a,tavarga,C3 (voiced unaspirate),24
pāday,100,1513,p,ā,pavarga,C1 (unvoiced unaspirate),
kalpay,99,1909,k,a,kavarga,C1 (unvoiced unaspirate),
vac,98,38480,v,a,semivowel,non-varga (semivowel),2
mṛj,97,1072,m,ṛ,pavarga,C5 (nasal),
tap,96,3111,t,a,tavarga,C1 (unvoiced unaspirate),22
dhāv,96,1549,dh,ā,tavarga,C4 (voiced aspirate),
veśay,96,1136,v,e,semivowel,non-varga (semivowel),
bhāṣ,95,2471,bh,ā,pavarga,C4 (voiced aspirate),56
khyā,94,4255,kh,ā,kavarga,C2 (unvoiced aspirate),37
sthāpay,93,1954,s,ā,sibilant,non-varga (sibilant),
sāday,91,3019,s,ā,sibilant,non-varga (sibilant),45
sad,90,3020,s,a,sibilant,non-varga (sibilant),44
budh,89,2409,b,u,pavarga,C3 (voiced unaspirate),58
mantray,88,2155,m,a,pavarga,C5 (nasal),65
ci,88,1768,c,i,cavarga,C1 (unvoiced unaspirate),
dhāray,87,2182,dh,ā,tavarga,C4 (voiced aspirate),38
vāray,87,1860,v,ā,semivowel,non-varga (semivowel),
yojay,86,1821,y,o,semivowel,non-varga (semivowel),
śaṃs,85,3408,ś,a,sibilant,non-varga (sibilant),37
mā,85,2734,m,ā,pavarga,C5 (nasal),41
vāsay,85,671,v,ā,semivowel,non-varga (semivowel),
tṛ,84,1947,t,ṛ,tavarga,C1 (unvoiced unaspirate),
stṛ,84,1586,s,ṛ,sibilant,non-varga (sibilant),
vyadh,83,2304,v,a,semivowel,non-varga (semivowel),56
pātay,81,1521,p,ā,pavarga,C1 (unvoiced unaspirate),
bhuj,80,3076,bh,u,pavarga,C4 (voiced aspirate),41
bhaj,80,2054,bh,a,pavarga,C4 (voiced aspirate),66
mṛś,80,985,m,ṛ,pavarga,C5 (nasal),
dṛś,79,15392,d,ṛ,tavarga,C3 (voiced unaspirate),8
pā,79,5661,p,ā,pavarga,C1 (unvoiced unaspirate),29
bhāvay,79,2033,bh,ā,pavarga,C4 (voiced aspirate),67
sāray,79,708,s,ā,sibilant,non-varga (sibilant),
śru,78,11586,ś,u,sibilant,non-varga (sibilant),8
tan,78,1677,t,a,tavarga,C1 (unvoiced unaspirate),
ṣṭhā,77,2822,ṣ,ā,sibilant,non-varga (sibilant),48
darśay,77,1850,d,a,tavarga,C3 (voiced unaspirate),
vraj,77,1749,v,a,semivowel,non-varga (semivowel),
pīḍay,77,1381,p,ī,pavarga,C1 (unvoiced unaspirate),
sic,77,1165,s,i,sibilant,non-varga (sibilant),
hvā,76,2404,h,ā,glottal,non-varga (glottal),59
as,75,36765,—,a,vowel-initial,non-varga (vowel-initial),3
ram,75,2367,r,a,semivowel,non-varga (semivowel),61
man,74,6008,m,a,pavarga,C5 (nasal),27
kṛt,74,650,k,ṛ,kavarga,C1 (unvoiced unaspirate),
paś,73,5473,p,a,pavarga,C1 (unvoiced unaspirate),22
vāhay,73,553,v,ā,semivowel,non-varga (semivowel),
bhṛ,72,2737,bh,ṛ,pavarga,C4 (voiced aspirate),50
bhid,72,2661,bh,i,pavarga,C4 (voiced aspirate),52
cintay,72,2313,c,i,cavarga,C1 (unvoiced unaspirate),24
kruś,72,540,k,u,kavarga,C1 (unvoiced unaspirate),
pūray,71,1132,p,ū,pavarga,C1 (unvoiced unaspirate),
rabh,70,1847,r,a,semivowel,non-varga (semivowel),
veday,70,1308,v,e,semivowel,non-varga (semivowel),
vid,69,11773,v,i,semivowel,non-varga (semivowel),10
ropay,69,739,r,o,semivowel,non-varga (semivowel),
cchid,69,596,c,i,cavarga,C1 (unvoiced unaspirate),
plu,68,1028,p,u,pavarga,C1 (unvoiced unaspirate),
cakṣ,67,1563,c,a,cavarga,C1 (unvoiced unaspirate),
vṛj,67,494,v,ṛ,semivowel,non-varga (semivowel),
pūjay,66,4071,p,ū,pavarga,C1 (unvoiced unaspirate),39
yaj,65,7015,y,a,semivowel,non-varga (semivowel),22
smṛ,65,4689,s,ṛ,sibilant,non-varga (sibilant),2
jñāpay,64,650,j,ā,cavarga,C3 (voiced unaspirate),
śvas,63,852,ś,a,sibilant,non-varga (sibilant),
dhyā,62,1380,dh,ā,tavarga,C4 (voiced aspirate),
ūh,62,683,—,ū,vowel-initial,non-varga (vowel-initial),
cāray,62,614,c,ā,cavarga,C1 (unvoiced unaspirate),
rakṣ,61,2376,r,a,semivowel,non-varga (semivowel),22
bodhay,61,427,b,o,pavarga,C3 (voiced unaspirate),
thā,60,2216,th,ā,tavarga,C2 (unvoiced aspirate),64
lip,60,1333,l,i,semivowel,non-varga (semivowel),
śās,60,1295,ś,ā,sibilant,non-varga (sibilant),
nam,60,1293,n,a,tavarga,C5 (nasal),
likh,60,867,l,i,semivowel,non-varga (semivowel),
sru,60,768,s,u,sibilant,non-varga (sibilant),
dhū,60,712,dh,ū,tavarga,C4 (voiced aspirate),
bādh,60,646,b,ā,pavarga,C3 (voiced unaspirate),
i,59,4271,—,i,vowel-initial,non-varga (vowel-initial),36
vṛdh,59,2321,v,ṛ,semivowel,non-varga (semivowel),62
math,59,794,m,a,pavarga,C5 (nasal),
lī,59,717,l,ī,semivowel,non-varga (semivowel),
pracch,57,3286,p,a,pavarga,C1 (unvoiced unaspirate),42
mṛd,57,833,m,ṛ,pavarga,C5 (nasal),
śī,56,1336,ś,ī,sibilant,non-varga (sibilant),
śṛ,56,541,ś,ṛ,sibilant,non-varga (sibilant),
spṛś,55,2031,s,ṛ,sibilant,non-varga (sibilant),65
sev,55,1587,s,e,sibilant,non-varga (sibilant),
lokay,55,1061,l,o,semivowel,non-varga (semivowel),
vāday,55,724,v,ā,semivowel,non-varga (semivowel),
brū,54,10603,b,ū,pavarga,C3 (voiced unaspirate),2
ṇī,54,799,ṇ,ī,ṭavarga,C5 (nasal),
tāray,54,491,t,ā,tavarga,C1 (unvoiced unaspirate),
ṣic,53,1189,ṣ,i,sibilant,non-varga (sibilant),
gāh,53,442,g,ā,kavarga,C3 (voiced unaspirate),
ghrā,53,437,gh,ā,kavarga,C4 (voiced aspirate),
lamb,52,494,l,a,semivowel,non-varga (semivowel),
lup,52,241,l,u,semivowel,non-varga (semivowel),
śam,51,1651,ś,a,sibilant,non-varga (sibilant),
veṣṭay,51,703,v,e,semivowel,non-varga (semivowel),
sah,50,1353,s,a,sibilant,non-varga (sibilant),
lakṣay,50,1016,l,a,semivowel,non-varga (semivowel),
vā,50,487,v,ā,semivowel,non-varga (semivowel),
yu,50,393,y,u,semivowel,non-varga (semivowel),
dham,49,1470,dh,a,tavarga,C4 (voiced aspirate),
kṣi,49,1400,k,i,kavarga,C1 (unvoiced unaspirate),
has,49,1075,h,a,glottal,non-varga (glottal),
pālay,49,878,p,ā,pavarga,C1 (unvoiced unaspirate),
śrāvay,49,750,ś,ā,sibilant,non-varga (sibilant),
vardhay,49,710,v,a,semivowel,non-varga (semivowel),
śaṅk,49,447,ś,a,sibilant,non-varga (sibilant),
hāray,49,190,h,ā,glottal,non-varga (glottal),
tyaj,48,3337,t,a,tavarga,C1 (unvoiced unaspirate),39
jīv,48,2504,j,ī,cavarga,C3 (voiced unaspirate),55
varjay,48,2455,v,a,semivowel,non-varga (semivowel),57
dhṛ,48,1506,dh,ṛ,tavarga,C4 (voiced aspirate),
sā,48,500,s,ā,sibilant,non-varga (sibilant),
hu,47,6881,h,u,glottal,non-varga (glottal),10
āp,47,3101,—,ā,vowel-initial,non-varga (vowel-initial),43
īkṣ,47,1333,—,ī,vowel-initial,non-varga (vowel-initial),
śiṣ,47,1286,ś,i,sibilant,non-varga (sibilant),
sañj,47,1254,s,a,sibilant,non-varga (sibilant),
gamay,47,525,g,a,kavarga,C3 (voiced unaspirate),
dīpay,47,242,d,ī,tavarga,C3 (voiced unaspirate),
bhā,46,1450,bh,ā,pavarga,C4 (voiced aspirate),
yudh,46,1409,y,u,semivowel,non-varga (semivowel),
plāvay,46,209,p,ā,pavarga,C1 (unvoiced unaspirate),
stu,45,2575,s,u,sibilant,non-varga (sibilant),55
pū,45,2430,p,ū,pavarga,C1 (unvoiced unaspirate),22
aś,44,2164,—,a,vowel-initial,non-varga (vowel-initial),16
coday,44,1049,c,o,cavarga,C1 (unvoiced unaspirate),
dṛ,44,586,d,ṛ,tavarga,C3 (voiced unaspirate),
gṛ,43,552,g,ṛ,kavarga,C3 (voiced unaspirate),
varṇay,43,431,v,a,semivowel,non-varga (semivowel),
mad,42,1392,m,a,pavarga,C5 (nasal),
ṣad,42,992,ṣ,a,sibilant,non-varga (sibilant),
yāc,42,847,y,ā,semivowel,non-varga (semivowel),
khan,42,631,kh,a,kavarga,C2 (unvoiced aspirate),
nud,42,452,n,u,tavarga,C5 (nasal),
vāpay,42,321,v,ā,semivowel,non-varga (semivowel),
guh,41,680,g,u,kavarga,C3 (voiced unaspirate),
nah,41,598,n,a,tavarga,C5 (nasal),
lap,41,427,l,a,semivowel,non-varga (semivowel),
kamp,41,422,k,a,kavarga,C1 (unvoiced unaspirate),
śvāsay,41,415,ś,ā,sibilant,non-varga (sibilant),
tāpay,41,345,t,ā,tavarga,C1 (unvoiced unaspirate),
janay,40,1851,j,a,cavarga,C3 (voiced unaspirate),
sādhay,40,1424,s,ā,sibilant,non-varga (sibilant),
sū,40,1327,s,ū,sibilant,non-varga (sibilant),
piṣ,40,1186,p,i,pavarga,C1 (unvoiced unaspirate),
śuc,40,907,ś,u,sibilant,non-varga (sibilant),
cchāday,40,514,c,ā,cavarga,C1 (unvoiced unaspirate),
pṛ,39,2105,p,ṛ,pavarga,C1 (unvoiced unaspirate),42
kīrtay,39,1874,k,ī,kavarga,C1 (unvoiced unaspirate),
krī,39,668,k,ī,kavarga,C1 (unvoiced unaspirate),
rādhay,39,517,r,ā,semivowel,non-varga (semivowel),
lobhay,39,112,l,o,semivowel,non-varga (semivowel),
hṛṣ,38,1950,h,ṛ,glottal,non-varga (glottal),
kāray,38,1733,k,ā,kavarga,C1 (unvoiced unaspirate),
añj,38,1217,—,a,vowel-initial,non-varga (vowel-initial),
ric,38,901,r,i,semivowel,non-varga (semivowel),
kﾱp,38,714,k,?,kavarga,C1 (unvoiced unaspirate),
nand,38,625,n,a,tavarga,C5 (nasal),
mānay,38,514,m,ā,pavarga,C5 (nasal),
vṛh,38,139,v,ṛ,semivowel,non-varga (semivowel),
nāmay,38,101,n,ā,tavarga,C5 (nasal),
pac,37,2238,p,a,pavarga,C1 (unvoiced unaspirate),62
cyu,37,923,c,u,cavarga,C1 (unvoiced unaspirate),
vṛṣ,37,807,v,ṛ,semivowel,non-varga (semivowel),
mohay,37,643,m,o,pavarga,C5 (nasal),
krīḍ,37,565,k,ī,kavarga,C1 (unvoiced unaspirate),
dāpay,36,821,d,ā,tavarga,C3 (voiced unaspirate),
cal,36,722,c,a,cavarga,C1 (unvoiced unaspirate),
śodhay,36,700,ś,o,sibilant,non-varga (sibilant),
śoṣay,36,580,ś,o,sibilant,non-varga (sibilant),
ghātay,36,290,gh,ā,kavarga,C4 (voiced aspirate),
pāṭay,36,264,p,ā,pavarga,C1 (unvoiced unaspirate),
cālay,36,215,c,ā,cavarga,C1 (unvoiced unaspirate),
srāvay,36,169,s,ā,sibilant,non-varga (sibilant),
jap,35,1807,j,a,cavarga,C3 (voiced unaspirate),
tarpay,35,1153,t,a,tavarga,C1 (unvoiced unaspirate),
yat,35,1010,y,a,semivowel,non-varga (semivowel),
duh,35,845,d,u,tavarga,C3 (voiced unaspirate),
dhāpay,35,212,dh,ā,tavarga,C4 (voiced aspirate),
sidh,34,2659,s,i,sibilant,non-varga (sibilant),53
muh,34,1308,m,u,pavarga,C5 (nasal),
ṛdh,34,1072,—,ṛ,vowel-initial,non-varga (vowel-initial),
kāṅkṣ,34,417,k,ā,kavarga,C1 (unvoiced unaspirate),
rādh,34,388,r,ā,semivowel,non-varga (semivowel),
rocay,34,329,r,o,semivowel,non-varga (semivowel),
arcay,33,965,—,a,vowel-initial,non-varga (vowel-initial),
bhram,33,963,bh,a,pavarga,C4 (voiced aspirate),
indh,33,821,—,i,vowel-initial,non-varga (vowel-initial),
jñapay,33,342,j,a,cavarga,C3 (voiced unaspirate),
ruj,33,208,r,u,semivowel,non-varga (semivowel),
tṛd,33,146,t,ṛ,tavarga,C1 (unvoiced unaspirate),
jval,32,1079,j,a,cavarga,C3 (voiced unaspirate),
rāj,32,855,r,ā,semivowel,non-varga (semivowel),
rañj,32,705,r,a,semivowel,non-varga (semivowel),
śamay,32,512,ś,a,sibilant,non-varga (sibilant),
lih,32,486,l,i,semivowel,non-varga (semivowel),
harṣay,32,258,h,a,glottal,non-varga (glottal),
pṛc,32,229,p,ṛ,pavarga,C1 (unvoiced unaspirate),
gaṇay,32,202,g,a,kavarga,C3 (voiced unaspirate),
mi,32,179,m,i,pavarga,C5 (nasal),
śram,31,778,ś,a,sibilant,non-varga (sibilant),
lepay,31,692,l,e,semivowel,non-varga (semivowel),
ṛch,31,612,—,ṛ,vowel-initial,non-varga (vowel-initial),
majj,31,589,m,a,pavarga,C5 (nasal),
dhṛṣ,31,260,dh,ṛ,tavarga,C4 (voiced aspirate),
śuṣ,31,240,ś,u,sibilant,non-varga (sibilant),
mocay,31,208,m,o,pavarga,C5 (nasal),
marday,30,1971,m,a,pavarga,C5 (nasal),
ruc,30,659,r,u,semivowel,non-varga (semivowel),
tras,30,524,t,a,tavarga,C1 (unvoiced unaspirate),
bhraṃś,30,520,bh,a,pavarga,C4 (voiced aspirate),
nṛt,30,432,n,ṛ,tavarga,C5 (nasal),
ṣidh,30,305,ṣ,i,sibilant,non-varga (sibilant),
śliṣ,30,278,ś,i,sibilant,non-varga (sibilant),
ṣañj,30,264,ṣ,a,sibilant,non-varga (sibilant),
arthay,30,219,—,a,vowel-initial,non-varga (vowel-initial),
kampay,30,214,k,a,kavarga,C1 (unvoiced unaspirate),
vadh,29,1307,v,a,semivowel,non-varga (semivowel),
gad,29,765,g,a,kavarga,C3 (voiced unaspirate),
arpay,29,716,—,a,vowel-initial,non-varga (vowel-initial),
arc,29,638,—,a,vowel-initial,non-varga (vowel-initial),
nāśay,29,634,n,ā,tavarga,C5 (nasal),
tāḍay,29,500,t,ā,tavarga,C1 (unvoiced unaspirate),
kṣar,29,283,k,a,kavarga,C1 (unvoiced unaspirate),
yātay,29,162,y,ā,semivowel,non-varga (semivowel),
khyāpay,29,116,kh,ā,kavarga,C2 (unvoiced aspirate),
mṛ,28,2665,m,ṛ,pavarga,C5 (nasal),41
ās,28,2061,—,ā,vowel-initial,non-varga (vowel-initial),34
prī,28,1847,p,ī,pavarga,C1 (unvoiced unaspirate),
bhañj,28,875,bh,a,pavarga,C4 (voiced aspirate),
cūrṇay,28,759,c,ū,cavarga,C1 (unvoiced unaspirate),
rud,28,739,r,u,semivowel,non-varga (semivowel),
vand,28,704,v,a,semivowel,non-varga (semivowel),
śāmay,28,501,ś,ā,sibilant,non-varga (sibilant),
kāśay,28,347,k,ā,kavarga,C1 (unvoiced unaspirate),
skand,28,313,s,a,sibilant,non-varga (sibilant),
dhvaṃs,28,288,dh,a,tavarga,C4 (voiced aspirate),
vraśc,28,211,v,a,semivowel,non-varga (semivowel),
tuṣ,27,1104,t,u,tavarga,C1 (unvoiced unaspirate),
su,27,939,s,u,sibilant,non-varga (sibilant),
mud,27,845,m,u,pavarga,C5 (nasal),
hi,27,666,h,i,glottal,non-varga (glottal),
sphur,27,471,s,u,sibilant,non-varga (sibilant),
dih,27,351,d,i,tavarga,C3 (voiced unaspirate),
dāray,27,350,d,ā,tavarga,C3 (voiced unaspirate),
toṣay,27,331,t,o,tavarga,C1 (unvoiced unaspirate),
nāday,27,311,n,ā,tavarga,C5 (nasal),
grāhay,27,233,g,ā,kavarga,C3 (voiced unaspirate),
bhās,27,190,bh,ā,pavarga,C4 (voiced aspirate),
pāray,27,158,p,ā,pavarga,C1 (unvoiced unaspirate),
ghuṣ,27,112,gh,u,kavarga,C4 (voiced aspirate),
kathay,26,3507,k,a,kavarga,C1 (unvoiced unaspirate),2
krudh,26,2250,k,u,kavarga,C1 (unvoiced unaspirate),39
naś,26,2022,n,a,tavarga,C5 (nasal),
kāmay,26,1071,k,ā,kavarga,C1 (unvoiced unaspirate),
nad,26,705,n,a,tavarga,C5 (nasal),
smi,26,620,s,i,sibilant,non-varga (sibilant),
dūṣay,26,405,d,ū,tavarga,C3 (voiced unaspirate),
śikṣ,26,378,ś,i,sibilant,non-varga (sibilant),
vye,26,299,v,e,semivowel,non-varga (semivowel),
jvālay,26,272,j,ā,cavarga,C3 (voiced unaspirate),
krand,26,225,k,a,kavarga,C1 (unvoiced unaspirate),
ṇud,26,194,ṇ,u,ṭavarga,C5 (nasal),
tud,26,159,t,u,tavarga,C1 (unvoiced unaspirate),
kālay,26,90,k,ā,kavarga,C1 (unvoiced unaspirate),
ghoṣay,26,89,gh,o,kavarga,C4 (voiced aspirate),
bhakṣay,25,1456,bh,a,pavarga,C4 (voiced aspirate),
jṛ,25,1441,j,ṛ,cavarga,C3 (voiced unaspirate),
tṛp,25,751,t,ṛ,tavarga,C1 (unvoiced unaspirate),
nind,25,701,n,i,tavarga,C5 (nasal),
kup,25,698,k,u,kavarga,C1 (unvoiced unaspirate),
drāvay,25,409,d,ā,tavarga,C3 (voiced unaspirate),
stambh,25,367,s,a,sibilant,non-varga (sibilant),
rañjay,25,359,r,a,semivowel,non-varga (semivowel),
deśay,25,346,d,e,tavarga,C3 (voiced unaspirate),
ceṣṭ,25,291,c,e,cavarga,C1 (unvoiced unaspirate),
mī,25,222,m,ī,pavarga,C5 (nasal),
khid,25,218,kh,i,kavarga,C2 (unvoiced aspirate),
loḍay,25,171,l,o,semivowel,non-varga (semivowel),
bhāsay,25,148,bh,ā,pavarga,C4 (voiced aspirate),
tarkay,25,139,t,a,tavarga,C1 (unvoiced unaspirate),
rohay,25,119,r,o,semivowel,non-varga (semivowel),
krāmay,25,62,k,ā,kavarga,C1 (unvoiced unaspirate),
śak,24,1961,ś,a,sibilant,non-varga (sibilant),
dīp,24,1480,d,ī,tavarga,C3 (voiced unaspirate),
hiṃs,24,816,h,i,glottal,non-varga (glottal),
paṭh,24,609,p,a,pavarga,C1 (unvoiced unaspirate),
do,24,584,d,o,tavarga,C3 (voiced unaspirate),
śap,24,515,ś,a,sibilant,non-varga (sibilant),
yodhay,24,298,y,o,semivowel,non-varga (semivowel),
kṣubh,24,290,k,u,kavarga,C1 (unvoiced unaspirate),
rūpay,24,223,r,ū,semivowel,non-varga (semivowel),
muṣ,24,196,m,u,pavarga,C5 (nasal),
dharṣay,24,173,dh,a,tavarga,C4 (voiced aspirate),
jīvay,24,172,j,ī,cavarga,C3 (voiced unaspirate),
veṣṭ,24,92,v,e,semivowel,non-varga (semivowel),
chid,23,2203,ch,i,cavarga,C2 (unvoiced aspirate),34
snā,23,1683,s,ā,sibilant,non-varga (sibilant),
ṇam,23,1136,ṇ,a,ṭavarga,C5 (nasal),
duṣ,23,954,d,u,tavarga,C3 (voiced unaspirate),
daṃś,23,369,d,a,tavarga,C3 (voiced unaspirate),
mārjay,23,255,m,ā,pavarga,C5 (nasal),
kṣobhay,23,196,k,o,kavarga,C1 (unvoiced unaspirate),
rodhay,23,170,r,o,semivowel,non-varga (semivowel),
āpay,23,97,—,ā,vowel-initial,non-varga (vowel-initial),
kramay,23,87,k,a,kavarga,C1 (unvoiced unaspirate),
karṣay,23,82,k,a,kavarga,C1 (unvoiced unaspirate),
svap,22,1326,s,a,sibilant,non-varga (sibilant),
kṣālay,22,623,k,ā,kavarga,C1 (unvoiced unaspirate),
pācay,22,537,p,ā,pavarga,C1 (unvoiced unaspirate),
thāpay,22,286,th,ā,tavarga,C2 (unvoiced aspirate),
sraṃs,22,252,s,a,sibilant,non-varga (sibilant),
ghṛṣ,22,217,gh,ṛ,kavarga,C4 (voiced aspirate),
ve,22,214,v,e,semivowel,non-varga (semivowel),
mṛṣ,22,165,m,ṛ,pavarga,C5 (nasal),
dīv,22,161,d,ī,tavarga,C3 (voiced unaspirate),
bhartsay,22,110,bh,a,pavarga,C4 (voiced aspirate),
nanday,22,83,n,a,tavarga,C5 (nasal),
dhvaṃsay,22,60,dh,a,tavarga,C4 (voiced aspirate),
vī,21,774,v,ī,semivowel,non-varga (semivowel),
pāyay,21,403,p,ā,pavarga,C1 (unvoiced unaspirate),
ukṣ,21,395,—,u,vowel-initial,non-varga (vowel-initial),
vam,21,245,v,a,semivowel,non-varga (semivowel),
sāntvay,21,223,s,ā,sibilant,non-varga (sibilant),
mokṣay,21,182,m,o,pavarga,C5 (nasal),
vic,21,178,v,i,semivowel,non-varga (semivowel),
jalp,21,160,j,a,cavarga,C3 (voiced unaspirate),
mīlay,21,137,m,ī,pavarga,C5 (nasal),
cyāvay,21,130,c,ā,cavarga,C1 (unvoiced unaspirate),
kūj,21,128,k,ū,kavarga,C1 (unvoiced unaspirate),
mih,21,110,m,i,pavarga,C5 (nasal),
māpay,21,86,m,ā,pavarga,C5 (nasal),
bhūṣ,21,69,bh,ū,pavarga,C4 (voiced aspirate),
śudh,20,3171,ś,u,sibilant,non-varga (sibilant),2
dviṣ,20,1414,d,i,tavarga,C3 (voiced unaspirate),
vācay,20,620,v,ā,semivowel,non-varga (semivowel),
trā,20,520,t,ā,tavarga,C1 (unvoiced unaspirate),
kliś,20,326,k,i,kavarga,C1 (unvoiced unaspirate),
garh,20,310,g,a,kavarga,C3 (voiced unaspirate),
recay,20,207,r,e,semivowel,non-varga (semivowel),
vip,20,206,v,i,semivowel,non-varga (semivowel),
yāpay,20,155,y,ā,semivowel,non-varga (semivowel),
druh,20,114,d,u,tavarga,C3 (voiced unaspirate),
dyotay,20,99,d,o,tavarga,C3 (voiced unaspirate),
moday,20,99,m,o,pavarga,C5 (nasal),
śātay,20,73,ś,ā,sibilant,non-varga (sibilant),
īray,19,662,—,ī,vowel-initial,non-varga (vowel-initial),
gup,19,636,g,u,kavarga,C3 (voiced unaspirate),
ṣṭhāpay,19,582,ṣ,ā,sibilant,non-varga (sibilant),
gras,19,525,g,a,kavarga,C3 (voiced unaspirate),
puṣ,19,452,p,u,pavarga,C1 (unvoiced unaspirate),
ghāray,19,434,gh,ā,kavarga,C4 (voiced aspirate),
vyath,19,426,v,a,semivowel,non-varga (semivowel),
pyā,19,386,p,ā,pavarga,C1 (unvoiced unaspirate),
racay,19,340,r,a,semivowel,non-varga (semivowel),
riṣ,19,302,r,i,semivowel,non-varga (semivowel),
ṣṭu,19,201,ṣ,u,sibilant,non-varga (sibilant),
nard,19,150,n,a,tavarga,C5 (nasal),
ru,19,134,r,u,semivowel,non-varga (semivowel),
tam,19,123,t,a,tavarga,C1 (unvoiced unaspirate),
sphoṭay,19,91,s,o,sibilant,non-varga (sibilant),
ṣṭhīv,19,73,ṣ,ī,sibilant,non-varga (sibilant),
dīkṣ,18,879,d,ī,tavarga,C3 (voiced unaspirate),
tvar,18,577,t,a,tavarga,C1 (unvoiced unaspirate),
yājay,18,437,y,ā,semivowel,non-varga (semivowel),
ṇaś,18,331,ṇ,a,ṭavarga,C5 (nasal),
bhrāj,18,301,bh,ā,pavarga,C4 (voiced aspirate),
gal,18,292,g,a,kavarga,C3 (voiced unaspirate),
miśray,18,290,m,i,pavarga,C5 (nasal),
garj,18,223,g,a,kavarga,C3 (voiced unaspirate),
cikīrṣ,18,218,c,i,cavarga,C1 (unvoiced unaspirate),
trāsay,18,201,t,ā,tavarga,C1 (unvoiced unaspirate),
takṣ,18,175,t,a,tavarga,C1 (unvoiced unaspirate),
jṛmbh,18,171,j,ṛ,cavarga,C3 (voiced unaspirate),
stambhay,18,162,s,a,sibilant,non-varga (sibilant),
dhūpay,18,157,dh,ū,tavarga,C4 (voiced aspirate),
laṅghay,18,153,l,a,semivowel,non-varga (semivowel),
ghaṭ,18,134,gh,a,kavarga,C4 (voiced aspirate),
sūcay,18,132,s,ū,sibilant,non-varga (sibilant),
cikits,18,131,c,i,cavarga,C1 (unvoiced unaspirate),
mārg,18,110,m,ā,pavarga,C5 (nasal),
cāy,18,96,c,ā,cavarga,C1 (unvoiced unaspirate),
cṛt,18,69,c,ṛ,cavarga,C1 (unvoiced unaspirate),
ghaṭay,18,57,gh,a,kavarga,C4 (voiced aspirate),
juṣ,17,1236,j,u,cavarga,C3 (voiced unaspirate),
ad,17,703,—,a,vowel-initial,non-varga (vowel-initial),
śobhay,17,569,ś,o,sibilant,non-varga (sibilant),
bhojay,17,526,bh,o,pavarga,C4 (voiced aspirate),
kṣam,17,442,k,a,kavarga,C1 (unvoiced unaspirate),
ṣev,17,399,ṣ,e,sibilant,non-varga (sibilant),
sveday,17,389,s,e,sibilant,non-varga (sibilant),
māray,17,385,m,ā,pavarga,C5 (nasal),
chāday,17,371,ch,ā,cavarga,C2 (unvoiced aspirate),
ṣvaj,17,359,ṣ,a,sibilant,non-varga (sibilant),
jāgṛ,17,346,j,ā,cavarga,C3 (voiced unaspirate),
kāś,17,327,k,ā,kavarga,C1 (unvoiced unaspirate),
van,17,230,v,a,semivowel,non-varga (semivowel),
ṣecay,17,215,ṣ,e,sibilant,non-varga (sibilant),
śeṣay,17,195,ś,e,sibilant,non-varga (sibilant),
kalay,17,189,k,a,kavarga,C1 (unvoiced unaspirate),
vij,17,146,v,i,semivowel,non-varga (semivowel),
nāyay,17,145,n,ā,tavarga,C5 (nasal),
kopay,17,141,k,o,kavarga,C1 (unvoiced unaspirate),
und,17,103,—,u,vowel-initial,non-varga (vowel-initial),
bheday,17,101,bh,e,pavarga,C4 (voiced aspirate),
pothay,17,95,p,o,pavarga,C1 (unvoiced unaspirate),
viṣ,17,93,v,i,semivowel,non-varga (semivowel),
namay,17,79,n,a,tavarga,C5 (nasal),
sarpay,17,39,s,a,sibilant,non-varga (sibilant),
prāp,16,6022,p,ā,pavarga,C1 (unvoiced unaspirate),26
iṣ,16,4844,—,i,vowel-initial,non-varga (vowel-initial),34
upe,16,2226,—,u,vowel-initial,non-varga (vowel-initial),63
bhūṣay,16,924,bh,ū,pavarga,C4 (voiced aspirate),
av,16,869,—,a,vowel-initial,non-varga (vowel-initial),
arday,16,591,—,a,vowel-initial,non-varga (vowel-initial),
pyāyay,16,357,p,ā,pavarga,C1 (unvoiced unaspirate),
peṣay,16,323,p,e,pavarga,C1 (unvoiced unaspirate),
cit,16,274,c,i,cavarga,C1 (unvoiced unaspirate),
granth,16,178,g,a,kavarga,C3 (voiced unaspirate),
bhakṣ,16,173,bh,a,pavarga,C4 (voiced aspirate),
palāy,16,163,p,a,pavarga,C1 (unvoiced unaspirate),
ramay,16,154,r,a,semivowel,non-varga (semivowel),
ghaṭṭay,16,107,gh,a,kavarga,C4 (voiced aspirate),
hnu,16,95,h,u,glottal,non-varga (glottal),
lips,16,88,l,i,semivowel,non-varga (semivowel),
spand,16,73,s,a,sibilant,non-varga (sibilant),
sparśay,16,72,s,a,sibilant,non-varga (sibilant),
an,16,35,—,a,vowel-initial,non-varga (vowel-initial),
bhī,15,1387,bh,ī,pavarga,C4 (voiced aspirate),
śrī,15,655,ś,ī,sibilant,non-varga (sibilant),
śubh,15,557,ś,u,sibilant,non-varga (sibilant),
sarjay,15,284,s,a,sibilant,non-varga (sibilant),
snāpay,15,201,s,ā,sibilant,non-varga (sibilant),
san,15,197,s,a,sibilant,non-varga (sibilant),
gālay,15,177,g,ā,kavarga,C3 (voiced unaspirate),
spṛ,15,166,s,ṛ,sibilant,non-varga (sibilant),
bandhay,15,143,b,a,pavarga,C3 (voiced unaspirate),
dyut,15,129,d,u,tavarga,C3 (voiced unaspirate),
prathay,15,115,p,a,pavarga,C1 (unvoiced unaspirate),
jigīṣ,15,85,j,i,cavarga,C3 (voiced unaspirate),
majjay,15,78,m,a,pavarga,C5 (nasal),
das,15,76,d,a,tavarga,C3 (voiced unaspirate),
hāpay,15,71,h,ā,glottal,non-varga (glottal),
valg,15,63,v,a,semivowel,non-varga (semivowel),
smāray,15,57,s,ā,sibilant,non-varga (sibilant),
svar,15,56,s,a,sibilant,non-varga (sibilant),
dhāvay,15,49,dh,ā,tavarga,C4 (voiced aspirate),
gur,15,48,g,u,kavarga,C3 (voiced unaspirate),
mīl,15,48,m,ī,pavarga,C5 (nasal),
vlī,15,31,v,ī,semivowel,non-varga (semivowel),
antardhā,14,1011,—,a,vowel-initial,non-varga (vowel-initial),
jāray,14,671,j,ā,cavarga,C3 (voiced unaspirate),
cam,14,476,c,a,cavarga,C1 (unvoiced unaspirate),
ardhay,14,407,—,a,vowel-initial,non-varga (vowel-initial),
prath,14,370,p,a,pavarga,C1 (unvoiced unaspirate),
sac,14,324,s,a,sibilant,non-varga (sibilant),
mūrch,14,256,m,ū,pavarga,C5 (nasal),
varay,14,215,v,a,semivowel,non-varga (semivowel),
spṛdh,14,198,s,ṛ,sibilant,non-varga (sibilant),
kṣapay,14,166,k,a,kavarga,C1 (unvoiced unaspirate),
sphuṭ,14,166,s,u,sibilant,non-varga (sibilant),
skhal,14,152,s,a,sibilant,non-varga (sibilant),
bhrāmay,14,141,bh,ā,pavarga,C4 (voiced aspirate),
syand,14,120,s,a,sibilant,non-varga (sibilant),
du,14,104,d,u,tavarga,C3 (voiced unaspirate),
dabh,14,100,d,a,tavarga,C3 (voiced unaspirate),
śīlay,14,96,ś,ī,sibilant,non-varga (sibilant),
dhmāpay,14,94,dh,ā,tavarga,C4 (voiced aspirate),
jijñās,14,90,j,i,cavarga,C3 (voiced unaspirate),
svāday,14,88,s,ā,sibilant,non-varga (sibilant),
marṣay,14,81,m,a,pavarga,C5 (nasal),
garhay,14,76,g,a,kavarga,C3 (voiced unaspirate),
śocay,14,70,ś,o,sibilant,non-varga (sibilant),
tarjay,14,68,t,a,tavarga,C1 (unvoiced unaspirate),
hlāday,14,55,h,ā,glottal,non-varga (glottal),
jihīrṣ,14,43,j,i,cavarga,C3 (voiced unaspirate),
kṣepay,14,24,k,e,kavarga,C1 (unvoiced unaspirate),
śleṣay,14,20,ś,e,sibilant,non-varga (sibilant),
avāp,13,1574,—,a,vowel-initial,non-varga (vowel-initial),
śā,13,1165,ś,ā,sibilant,non-varga (sibilant),
upās,13,1140,—,u,vowel-initial,non-varga (vowel-initial),
prekṣ,13,576,p,e,pavarga,C1 (unvoiced unaspirate),
pratī,13,423,p,a,pavarga,C1 (unvoiced unaspirate),
khād,13,375,kh,ā,kavarga,C2 (unvoiced aspirate),
anviṣ,13,361,—,a,vowel-initial,non-varga (vowel-initial),
unnī,13,311,—,u,vowel-initial,non-varga (vowel-initial),
gopāy,13,272,g,o,kavarga,C3 (voiced unaspirate),
jighāṃs,13,204,j,i,cavarga,C3 (voiced unaspirate),
edh,13,201,—,e,vowel-initial,non-varga (vowel-initial),
pṛṇ,13,141,p,ṛ,pavarga,C1 (unvoiced unaspirate),
īh,13,141,—,ī,vowel-initial,non-varga (vowel-initial),
phal,13,136,ph,a,pavarga,C2 (unvoiced aspirate),
īr,13,118,—,ī,vowel-initial,non-varga (vowel-initial),
mlā,13,115,m,ā,pavarga,C5 (nasal),
nū,13,106,n,ū,tavarga,C5 (nasal),
kuñc,13,103,k,u,kavarga,C1 (unvoiced unaspirate),
sīv,13,103,s,ī,sibilant,non-varga (sibilant),
uṣ,13,102,—,u,vowel-initial,non-varga (vowel-initial),
cetay,13,98,c,e,cavarga,C1 (unvoiced unaspirate),
khaṇḍay,13,78,kh,a,kavarga,C2 (unvoiced aspirate),
dhī,13,76,dh,ī,tavarga,C4 (voiced aspirate),
dāhay,13,74,d,ā,tavarga,C3 (voiced unaspirate),
añjay,13,71,—,a,vowel-initial,non-varga (vowel-initial),
lālay,13,71,l,ā,semivowel,non-varga (semivowel),
tṛṣ,13,71,t,ṛ,tavarga,C1 (unvoiced unaspirate),
bhājay,13,54,bh,ā,pavarga,C4 (voiced aspirate),
kleśay,13,52,k,e,kavarga,C1 (unvoiced unaspirate),
mruc,13,49,m,u,pavarga,C5 (nasal),
ran,13,48,r,a,semivowel,non-varga (semivowel),
stāray,13,39,s,ā,sibilant,non-varga (sibilant),
lambay,13,26,l,a,semivowel,non-varga (semivowel),
dhūnay,13,18,dh,ū,tavarga,C4 (voiced aspirate),
uddhṛ,12,1056,—,u,vowel-initial,non-varga (vowel-initial),
udi,12,960,—,u,vowel-initial,non-varga (vowel-initial),
avekṣ,12,690,—,a,vowel-initial,non-varga (vowel-initial),
vīkṣ,12,497,v,ī,semivowel,non-varga (semivowel),
prārthay,12,424,p,ā,pavarga,C1 (unvoiced unaspirate),
svid,12,397,s,i,sibilant,non-varga (sibilant),
mūrchay,12,369,m,ū,pavarga,C5 (nasal),
parīkṣ,12,349,p,a,pavarga,C1 (unvoiced unaspirate),
lag,12,291,l,a,semivowel,non-varga (semivowel),
rā,12,233,r,ā,semivowel,non-varga (semivowel),
pratīkṣ,12,231,p,a,pavarga,C1 (unvoiced unaspirate),
arjay,12,214,—,a,vowel-initial,non-varga (vowel-initial),
maṇḍay,12,195,m,a,pavarga,C5 (nasal),
klid,12,183,k,i,kavarga,C1 (unvoiced unaspirate),
vañcay,12,181,v,a,semivowel,non-varga (semivowel),
bṛṃhay,12,122,b,ṛ,pavarga,C3 (voiced unaspirate),
yantray,12,110,y,a,semivowel,non-varga (semivowel),
ghūrṇ,12,100,gh,ū,kavarga,C4 (voiced aspirate),
lū,12,96,l,ū,semivowel,non-varga (semivowel),
mand,12,90,m,a,pavarga,C5 (nasal),
cumb,12,77,c,u,cavarga,C1 (unvoiced unaspirate),
gṛdh,12,70,g,ṛ,kavarga,C3 (voiced unaspirate),
dits,12,68,d,i,tavarga,C3 (voiced unaspirate),
śvi,12,68,ś,i,sibilant,non-varga (sibilant),
gopay,12,65,g,o,kavarga,C3 (voiced unaspirate),
vījay,12,65,v,ī,semivowel,non-varga (semivowel),
udghāṭay,12,63,—,u,vowel-initial,non-varga (vowel-initial),
mahay,12,62,m,a,pavarga,C5 (nasal),
bhīṣay,12,51,bh,ī,pavarga,C4 (voiced aspirate),
lāpay,12,41,l,ā,semivowel,non-varga (semivowel),
noday,12,41,n,o,tavarga,C5 (nasal),
paṇ,12,39,p,a,pavarga,C1 (unvoiced unaspirate),
kleday,12,32,k,e,kavarga,C1 (unvoiced unaspirate),
varṣay,12,32,v,a,semivowel,non-varga (semivowel),
kṣāray,12,27,k,ā,kavarga,C1 (unvoiced unaspirate),
lopay,12,26,l,o,semivowel,non-varga (semivowel),
dhits,12,20,dh,i,tavarga,C4 (voiced aspirate),
arh,11,2382,—,a,vowel-initial,non-varga (vowel-initial),60
e,11,1409,—,e,vowel-initial,non-varga (vowel-initial),
adhī,11,887,—,a,vowel-initial,non-varga (vowel-initial),
samprāp,11,804,s,a,sibilant,non-varga (sibilant),
nyas,11,798,n,a,tavarga,C5 (nasal),
alaṃkṛ,11,677,—,a,vowel-initial,non-varga (vowel-initial),
parī,11,581,p,a,pavarga,C1 (unvoiced unaspirate),
ṣkram,11,386,ṣ,a,sibilant,non-varga (sibilant),
kṣan,11,373,k,a,kavarga,C1 (unvoiced unaspirate),
udgā,11,283,—,u,vowel-initial,non-varga (vowel-initial),
dṛh,11,279,d,ṛ,tavarga,C3 (voiced unaspirate),
upekṣ,11,248,—,u,vowel-initial,non-varga (vowel-initial),
karśay,11,224,k,a,kavarga,C1 (unvoiced unaspirate),
vāñch,11,217,v,ā,semivowel,non-varga (semivowel),
mnā,11,198,m,ā,pavarga,C5 (nasal),
preray,11,195,p,e,pavarga,C1 (unvoiced unaspirate),
ṣu,11,159,ṣ,u,sibilant,non-varga (sibilant),
prāpay,11,155,p,ā,pavarga,C1 (unvoiced unaspirate),
dis,11,146,d,i,tavarga,C3 (voiced unaspirate),
ṇāmay,11,143,ṇ,ā,ṭavarga,C5 (nasal),
uccāray,11,139,—,u,vowel-initial,non-varga (vowel-initial),
pāvay,11,137,p,ā,pavarga,C1 (unvoiced unaspirate),
mṛgay,11,108,m,ṛ,pavarga,C5 (nasal),
bhikṣ,11,104,bh,i,pavarga,C4 (voiced aspirate),
kvāthay,11,98,k,ā,kavarga,C1 (unvoiced unaspirate),
so,11,92,s,o,sibilant,non-varga (sibilant),
sūday,11,88,s,ū,sibilant,non-varga (sibilant),
svad,11,84,s,a,sibilant,non-varga (sibilant),
vāś,11,77,v,ā,semivowel,non-varga (semivowel),
prach,11,68,p,a,pavarga,C1 (unvoiced unaspirate),
mah,11,64,m,a,pavarga,C5 (nasal),
aj,11,61,—,a,vowel-initial,non-varga (vowel-initial),
vyathay,11,61,v,a,semivowel,non-varga (semivowel),
laṅgh,11,57,l,a,semivowel,non-varga (semivowel),
liṅg,11,54,l,i,semivowel,non-varga (semivowel),
hary,11,53,h,a,glottal,non-varga (glottal),
lolay,11,47,l,o,semivowel,non-varga (semivowel),
sraṃsay,11,43,s,a,sibilant,non-varga (sibilant),
īkṣay,11,41,—,ī,vowel-initial,non-varga (vowel-initial),
cākaś,11,35,c,ā,cavarga,C1 (unvoiced unaspirate),
ṣū,11,35,ṣ,ū,sibilant,non-varga (sibilant),
vañc,11,34,v,a,semivowel,non-varga (semivowel),
tolay,11,32,t,o,tavarga,C1 (unvoiced unaspirate),
bṛṃh,11,31,b,ṛ,pavarga,C3 (voiced unaspirate),
udyam,10,942,—,u,vowel-initial,non-varga (vowel-initial),
pre,10,818,p,e,pavarga,C1 (unvoiced unaspirate),
prāś,10,583,p,ā,pavarga,C1 (unvoiced unaspirate),
upasaṃkram,10,476,—,u,vowel-initial,non-varga (vowel-initial),
īś,10,425,—,ī,vowel-initial,non-varga (vowel-initial),
ucchri,10,360,—,u,vowel-initial,non-varga (vowel-initial),
īḍ,10,353,—,ī,vowel-initial,non-varga (vowel-initial),
cchad,10,298,c,a,cavarga,C1 (unvoiced unaspirate),
ākarṇay,10,236,—,ā,vowel-initial,non-varga (vowel-initial),
udgrah,10,235,—,u,vowel-initial,non-varga (vowel-initial),
dīdī,10,200,d,ī,tavarga,C3 (voiced unaspirate),
udvah,10,189,—,u,vowel-initial,non-varga (vowel-initial),
abhyupe,10,183,—,a,vowel-initial,non-varga (vowel-initial),
secay,10,171,s,e,sibilant,non-varga (sibilant),
ṣṭambh,10,157,ṣ,a,sibilant,non-varga (sibilant),
ṛṣ,10,156,—,ṛ,vowel-initial,non-varga (vowel-initial),
liṅgay,10,154,l,i,semivowel,non-varga (semivowel),
laṣ,10,149,l,a,semivowel,non-varga (semivowel),
paryupās,10,149,p,a,pavarga,C1 (unvoiced unaspirate),
adhyāpay,10,130,—,a,vowel-initial,non-varga (vowel-initial),
ṣah,10,120,ṣ,a,sibilant,non-varga (sibilant),
rch,10,102,r,?,semivowel,non-varga (semivowel),
vivakṣ,10,94,v,i,semivowel,non-varga (semivowel),
glā,10,92,g,ā,kavarga,C3 (voiced unaspirate),
mudray,10,91,m,u,pavarga,C5 (nasal),
prīṇay,10,89,p,ī,pavarga,C1 (unvoiced unaspirate),
sādh,10,86,s,ā,sibilant,non-varga (sibilant),
upasaṃhṛ,10,83,—,u,vowel-initial,non-varga (vowel-initial),
hvṛ,10,74,h,ṛ,glottal,non-varga (glottal),
yamay,10,70,y,a,semivowel,non-varga (semivowel),
ri,10,69,r,i,semivowel,non-varga (semivowel),
katth,10,68,k,a,kavarga,C1 (unvoiced unaspirate),
śabday,10,63,ś,a,sibilant,non-varga (sibilant),
kan,10,62,k,a,kavarga,C1 (unvoiced unaspirate),
ucchid,10,59,—,u,vowel-initial,non-varga (vowel-initial),
dhanv,10,56,dh,a,tavarga,C4 (voiced aspirate),
ras,10,53,r,a,semivowel,non-varga (semivowel),
ḍhālay,10,50,ḍh,ā,ṭavarga,C4 (voiced aspirate),
gharṣay,10,49,gh,a,kavarga,C4 (voiced aspirate),
asūy,10,43,—,a,vowel-initial,non-varga (vowel-initial),
lambhay,10,43,l,a,semivowel,non-varga (semivowel),
poṣay,10,38,p,o,pavarga,C1 (unvoiced unaspirate),
skanday,10,37,s,a,sibilant,non-varga (sibilant),
lekhay,10,35,l,e,semivowel,non-varga (semivowel),
vecay,10,35,v,e,semivowel,non-varga (semivowel),
tyājay,10,30,t,ā,tavarga,C1 (unvoiced unaspirate),
dagh,10,25,d,a,tavarga,C3 (voiced unaspirate),
sāyay,10,24,s,ā,sibilant,non-varga (sibilant),
trap,10,23,t,a,tavarga,C1 (unvoiced unaspirate),
tṛh,10,21,t,ṛ,tavarga,C1 (unvoiced unaspirate),
j,10,19,j,?,cavarga,C3 (voiced unaspirate),
krīḍay,10,19,k,ī,kavarga,C1 (unvoiced unaspirate),
śas,10,19,ś,a,sibilant,non-varga (sibilant),
atī,9,856,—,a,vowel-initial,non-varga (vowel-initial),
preṣay,9,476,p,e,pavarga,C1 (unvoiced unaspirate),
prokṣ,9,461,p,o,pavarga,C1 (unvoiced unaspirate),
puṭ,9,448,p,u,pavarga,C1 (unvoiced unaspirate),
ści,9,410,ś,i,sibilant,non-varga (sibilant),
mil,9,358,m,i,pavarga,C5 (nasal),
preṣ,9,304,p,e,pavarga,C1 (unvoiced unaspirate),
śrapay,9,290,ś,a,sibilant,non-varga (sibilant),
anvi,9,258,—,a,vowel-initial,non-varga (vowel-initial),
ujji,9,238,—,u,vowel-initial,non-varga (vowel-initial),
abhī,9,228,—,a,vowel-initial,non-varga (vowel-initial),
vyapoh,9,202,v,a,semivowel,non-varga (semivowel),
śikṣay,9,177,ś,i,sibilant,non-varga (sibilant),
dīkṣay,9,162,d,ī,tavarga,C3 (voiced unaspirate),
prāṇ,9,156,p,ā,pavarga,C1 (unvoiced unaspirate),
māday,9,153,m,ā,pavarga,C5 (nasal),
devay,9,136,d,e,tavarga,C3 (voiced unaspirate),
adhyās,9,131,—,a,vowel-initial,non-varga (vowel-initial),
ave,9,130,—,a,vowel-initial,non-varga (vowel-initial),
udīkṣ,9,112,—,u,vowel-initial,non-varga (vowel-initial),
bubhūṣ,9,108,b,u,pavarga,C3 (voiced unaspirate),
jyā,9,93,j,ā,cavarga,C3 (voiced unaspirate),
jugups,9,82,j,u,cavarga,C3 (voiced unaspirate),
kṣud,9,80,k,u,kavarga,C1 (unvoiced unaspirate),
pavay,9,77,p,a,pavarga,C1 (unvoiced unaspirate),
dhyai,9,73,dh,a,tavarga,C4 (voiced aspirate),
īps,9,72,—,ī,vowel-initial,non-varga (vowel-initial),
rakṣay,9,69,r,a,semivowel,non-varga (semivowel),
ṣkrī,9,67,ṣ,ī,sibilant,non-varga (sibilant),
sapary,9,66,s,a,sibilant,non-varga (sibilant),
tulay,9,62,t,u,tavarga,C1 (unvoiced unaspirate),
cheday,9,56,ch,e,cavarga,C2 (unvoiced aspirate),
ujh,9,56,—,u,vowel-initial,non-varga (vowel-initial),
vrājay,9,52,v,ā,semivowel,non-varga (semivowel),
snehay,9,51,s,e,sibilant,non-varga (sibilant),
anvavekṣ,9,50,—,a,vowel-initial,non-varga (vowel-initial),
nenij,9,48,n,e,tavarga,C5 (nasal),
pratyavekṣ,9,48,p,a,pavarga,C1 (unvoiced unaspirate),
anvās,9,47,—,a,vowel-initial,non-varga (vowel-initial),
titikṣ,9,47,t,i,tavarga,C1 (unvoiced unaspirate),
tvaray,9,43,t,a,tavarga,C1 (unvoiced unaspirate),
khānay,9,42,kh,ā,kavarga,C2 (unvoiced aspirate),
rad,9,39,r,a,semivowel,non-varga (semivowel),
nāhay,9,38,n,ā,tavarga,C5 (nasal),
sphūrj,9,38,s,ū,sibilant,non-varga (sibilant),
cud,9,37,c,u,cavarga,C1 (unvoiced unaspirate),
ṣṭan,9,33,ṣ,a,sibilant,non-varga (sibilant),
am,9,28,—,a,vowel-initial,non-varga (vowel-initial),
pāṭhay,9,27,p,ā,pavarga,C1 (unvoiced unaspirate),
sabhājay,9,27,s,a,sibilant,non-varga (sibilant),
samucchid,9,26,s,a,sibilant,non-varga (sibilant),
svan,9,26,s,a,sibilant,non-varga (sibilant),
jvar,9,23,j,a,cavarga,C3 (voiced unaspirate),
s,9,23,s,?,sibilant,non-varga (sibilant),
ṇāśay,9,18,ṇ,ā,ṭavarga,C5 (nasal),
vīj,9,16,v,ī,semivowel,non-varga (semivowel),
kśā,9,14,k,ā,kavarga,C1 (unvoiced unaspirate),
ścotay,9,14,ś,o,sibilant,non-varga (sibilant),
marśay,9,13,m,a,pavarga,C5 (nasal),
kartay,9,12,k,a,kavarga,C1 (unvoiced unaspirate),
uddiś,8,557,—,u,vowel-initial,non-varga (vowel-initial),
samuddhṛ,8,447,s,a,sibilant,non-varga (sibilant),
lubh,8,335,l,u,semivowel,non-varga (semivowel),
vaś,8,302,v,a,semivowel,non-varga (semivowel),
dāś,8,290,d,ā,tavarga,C3 (voiced unaspirate),
jinv,8,289,j,i,cavarga,C3 (voiced unaspirate),
vedhay,8,261,v,e,semivowel,non-varga (semivowel),
uddhan,8,253,—,u,vowel-initial,non-varga (vowel-initial),
apekṣ,8,238,—,a,vowel-initial,non-varga (vowel-initial),
pare,8,201,p,a,pavarga,C1 (unvoiced unaspirate),
daṇḍay,8,176,d,a,tavarga,C3 (voiced unaspirate),
udgam,8,172,—,u,vowel-initial,non-varga (vowel-initial),
abhisaṃbudh,8,148,—,a,vowel-initial,non-varga (vowel-initial),
las,8,147,l,a,semivowel,non-varga (semivowel),
udīr,8,142,—,u,vowel-initial,non-varga (vowel-initial),
ucchiṣ,8,140,—,u,vowel-initial,non-varga (vowel-initial),
k￞,8,133,k,?,kavarga,C1 (unvoiced unaspirate),
paryavāp,8,131,p,a,pavarga,C1 (unvoiced unaspirate),
śuśrūṣ,8,110,ś,u,sibilant,non-varga (sibilant),
pratyudyā,8,105,p,a,pavarga,C1 (unvoiced unaspirate),
sphāray,8,105,s,ā,sibilant,non-varga (sibilant),
saṃnyas,8,102,s,a,sibilant,non-varga (sibilant),
kuñcay,8,100,k,u,kavarga,C1 (unvoiced unaspirate),
tirodhā,8,96,t,i,tavarga,C1 (unvoiced unaspirate),
vājay,8,96,v,ā,semivowel,non-varga (semivowel),
abhivīkṣ,8,90,—,a,vowel-initial,non-varga (vowel-initial),
samavāp,8,89,s,a,sibilant,non-varga (sibilant),
piṇḍay,8,83,p,i,pavarga,C1 (unvoiced unaspirate),
āvirbhū,8,80,—,ā,vowel-initial,non-varga (vowel-initial),
upārjay,8,79,—,u,vowel-initial,non-varga (vowel-initial),
vratay,8,79,v,a,semivowel,non-varga (semivowel),
bhaṇ,8,73,bh,a,pavarga,C4 (voiced aspirate),
bhiṣajy,8,70,bh,i,pavarga,C4 (voiced aspirate),
paryaṭ,8,64,p,a,pavarga,C1 (unvoiced unaspirate),
mīmāṃs,8,62,m,ī,pavarga,C5 (nasal),
kuṭṭay,8,60,k,u,kavarga,C1 (unvoiced unaspirate),
apān,8,59,—,a,vowel-initial,non-varga (vowel-initial),
ṣkāsay,8,58,ṣ,ā,sibilant,non-varga (sibilant),
lakṣ,8,52,l,a,semivowel,non-varga (semivowel),
rāgay,8,51,r,ā,semivowel,non-varga (semivowel),
jaray,8,49,j,a,cavarga,C3 (voiced unaspirate),
randhay,8,45,r,a,semivowel,non-varga (semivowel),
anvave,8,43,—,a,vowel-initial,non-varga (vowel-initial),
abhyuddhṛ,8,42,—,a,vowel-initial,non-varga (vowel-initial),
bhraṃśay,8,42,bh,a,pavarga,C4 (voiced aspirate),
carcay,8,41,c,a,cavarga,C1 (unvoiced unaspirate),
nij,8,41,n,i,tavarga,C5 (nasal),
svaj,8,40,s,a,sibilant,non-varga (sibilant),
unmūlay,8,40,—,u,vowel-initial,non-varga (vowel-initial),
ḍambay,8,40,ḍ,a,ṭavarga,C3 (voiced unaspirate),
añc,8,38,—,a,vowel-initial,non-varga (vowel-initial),
snapay,8,38,s,a,sibilant,non-varga (sibilant),
tañc,8,36,t,a,tavarga,C1 (unvoiced unaspirate),
śāyay,8,36,ś,ā,sibilant,non-varga (sibilant),
yāvay,8,33,y,ā,semivowel,non-varga (semivowel),
heṣ,8,30,h,e,glottal,non-varga (glottal),
jaṅghan,8,30,j,a,cavarga,C3 (voiced unaspirate),
ṣyand,8,30,ṣ,a,sibilant,non-varga (sibilant),
hiṇḍ,8,29,h,i,glottal,non-varga (glottal),
anusaṃdhā,8,28,—,a,vowel-initial,non-varga (vowel-initial),
bhāṣay,8,27,bh,ā,pavarga,C4 (voiced aspirate),
cūṣ,8,26,c,ū,cavarga,C1 (unvoiced unaspirate),
dardar,8,23,d,a,tavarga,C3 (voiced unaspirate),
hve,8,23,h,e,glottal,non-varga (glottal),
mṛdh,8,23,m,ṛ,pavarga,C5 (nasal),
snu,8,23,s,u,sibilant,non-varga (sibilant),
ven,8,22,v,e,semivowel,non-varga (semivowel),
ubj,8,21,—,u,vowel-initial,non-varga (vowel-initial),
jvalay,8,20,j,a,cavarga,C3 (voiced unaspirate),
kaṣ,8,18,k,a,kavarga,C1 (unvoiced unaspirate),
pratisaṃdhā,8,17,p,a,pavarga,C1 (unvoiced unaspirate),
titīrṣ,8,17,t,i,tavarga,C1 (unvoiced unaspirate),
dī,8,16,d,ī,tavarga,C3 (voiced unaspirate),
hiṃsay,8,15,h,i,glottal,non-varga (glottal),
taṃsay,8,12,t,a,tavarga,C1 (unvoiced unaspirate),
sañjay,8,11,s,a,sibilant,non-varga (sibilant),
hāsay,8,10,h,ā,glottal,non-varga (glottal),
manthay,8,10,m,a,pavarga,C5 (nasal),
lok,8,8,l,o,semivowel,non-varga (semivowel),
same,7,641,s,a,sibilant,non-varga (sibilant),
dam,7,342,d,a,tavarga,C3 (voiced unaspirate),
udīray,7,301,—,u,vowel-initial,non-varga (vowel-initial),
abhye,7,292,—,a,vowel-initial,non-varga (vowel-initial),
ape,7,272,—,a,vowel-initial,non-varga (vowel-initial),
vidh,7,209,v,i,semivowel,non-varga (semivowel),
udvāsay,7,188,—,u,vowel-initial,non-varga (vowel-initial),
paryāp,7,184,p,a,pavarga,C1 (unvoiced unaspirate),
apī,7,178,—,a,vowel-initial,non-varga (vowel-initial),
namasy,7,161,n,a,tavarga,C5 (nasal),
carv,7,160,c,a,cavarga,C1 (unvoiced unaspirate),
daṃśay,7,145,d,a,tavarga,C3 (voiced unaspirate),
apās,7,144,—,a,vowel-initial,non-varga (vowel-initial),
snih,7,141,s,i,sibilant,non-varga (sibilant),
lajj,7,126,l,a,semivowel,non-varga (semivowel),
apoh,7,124,—,a,vowel-initial,non-varga (vowel-initial),
locay,7,121,l,o,semivowel,non-varga (semivowel),
jakṣ,7,118,j,a,cavarga,C3 (voiced unaspirate),
melay,7,113,m,e,pavarga,C5 (nasal),
ṣpat,7,108,ṣ,a,sibilant,non-varga (sibilant),
p￞,7,99,p,?,pavarga,C1 (unvoiced unaspirate),
kas,7,95,k,a,kavarga,C1 (unvoiced unaspirate),
bhṛjj,7,94,bh,ṛ,pavarga,C4 (voiced aspirate),
paryas,7,92,p,a,pavarga,C1 (unvoiced unaspirate),
kam,7,84,k,a,kavarga,C1 (unvoiced unaspirate),
ude,7,83,—,u,vowel-initial,non-varga (vowel-initial),
ñj,7,83,ñ,?,cavarga,C5 (nasal),
abhyave,7,82,—,a,vowel-initial,non-varga (vowel-initial),
kutsay,7,78,k,u,kavarga,C1 (unvoiced unaspirate),
unmṛj,7,75,—,u,vowel-initial,non-varga (vowel-initial),
abhisaṃdhā,7,74,—,a,vowel-initial,non-varga (vowel-initial),
ghas,7,73,gh,a,kavarga,C4 (voiced aspirate),
vivās,7,73,v,i,semivowel,non-varga (semivowel),
johav,7,72,j,o,cavarga,C3 (voiced unaspirate),
lehay,7,69,l,e,semivowel,non-varga (semivowel),
guṇṭhay,7,68,g,u,kavarga,C3 (voiced unaspirate),
unmuc,7,65,—,u,vowel-initial,non-varga (vowel-initial),
ṣā,7,64,ṣ,ā,sibilant,non-varga (sibilant),
nakṣ,7,62,n,a,tavarga,C5 (nasal),
svaday,7,60,s,a,sibilant,non-varga (sibilant),
upāp,7,55,—,u,vowel-initial,non-varga (vowel-initial),
ṣpāday,7,52,ṣ,ā,sibilant,non-varga (sibilant),
saṃpreṣay,7,50,s,a,sibilant,non-varga (sibilant),
yas,7,48,y,a,semivowel,non-varga (semivowel),
anusaṃcar,7,47,—,a,vowel-initial,non-varga (vowel-initial),
parīṣ,7,46,p,a,pavarga,C1 (unvoiced unaspirate),
radh,7,45,r,a,semivowel,non-varga (semivowel),
ṣkṛṣ,7,42,ṣ,ṛ,sibilant,non-varga (sibilant),
unmajj,7,41,—,u,vowel-initial,non-varga (vowel-initial),
chanday,7,40,ch,a,cavarga,C2 (unvoiced aspirate),
ṣedhay,7,40,ṣ,e,sibilant,non-varga (sibilant),
kaṇḍūy,7,37,k,a,kavarga,C1 (unvoiced unaspirate),
roṣay,7,36,r,o,semivowel,non-varga (semivowel),
udvartay,7,35,—,u,vowel-initial,non-varga (vowel-initial),
tambh,7,34,t,a,tavarga,C1 (unvoiced unaspirate),
dhi,7,33,dh,i,tavarga,C4 (voiced aspirate),
īṣ,7,33,—,ī,vowel-initial,non-varga (vowel-initial),
mṛṇ,7,30,m,ṛ,pavarga,C5 (nasal),
drā,7,29,d,ā,tavarga,C3 (voiced unaspirate),
svāpay,7,29,s,ā,sibilant,non-varga (sibilant),
gaveṣay,7,23,g,a,kavarga,C3 (voiced unaspirate),
parinirvāpay,7,23,p,a,pavarga,C1 (unvoiced unaspirate),
marjay,7,22,m,a,pavarga,C5 (nasal),
nyubj,7,21,n,u,tavarga,C5 (nasal),
vyac,7,21,v,a,semivowel,non-varga (semivowel),
śnath,7,21,ś,a,sibilant,non-varga (sibilant),
ṣāday,7,21,ṣ,ā,sibilant,non-varga (sibilant),
samupās,7,20,s,a,sibilant,non-varga (sibilant),
śrath,7,20,ś,a,sibilant,non-varga (sibilant),
pratisaṃhṛ,7,19,p,a,pavarga,C1 (unvoiced unaspirate),
raṭ,7,19,r,a,semivowel,non-varga (semivowel),
sisṛkṣ,7,18,s,i,sibilant,non-varga (sibilant),
yācay,7,18,y,ā,semivowel,non-varga (semivowel),
barhay,7,16,b,a,pavarga,C3 (voiced unaspirate),
bhaṣ,7,16,bh,a,pavarga,C4 (voiced aspirate),
rūkṣay,7,14,r,ū,semivowel,non-varga (semivowel),
sajjay,7,14,s,a,sibilant,non-varga (sibilant),
āyay,7,14,—,ā,vowel-initial,non-varga (vowel-initial),
ṣkrāmay,7,14,ṣ,ā,sibilant,non-varga (sibilant),
anveṣay,7,13,—,a,vowel-initial,non-varga (vowel-initial),
bādhay,7,12,b,ā,pavarga,C3 (voiced unaspirate),
gāpay,7,12,g,ā,kavarga,C3 (voiced unaspirate),
gūhay,7,12,g,ū,kavarga,C3 (voiced unaspirate),
syanday,7,12,s,a,sibilant,non-varga (sibilant),
ṣyanday,7,12,ṣ,a,sibilant,non-varga (sibilant),
kṛś,7,11,k,ṛ,kavarga,C1 (unvoiced unaspirate),
pru,7,11,p,u,pavarga,C1 (unvoiced unaspirate),
pruth,7,11,p,u,pavarga,C1 (unvoiced unaspirate),
rambhay,7,11,r,a,semivowel,non-varga (semivowel),
yāmay,7,10,y,ā,semivowel,non-varga (semivowel),
kuṭ,7,9,k,u,kavarga,C1 (unvoiced unaspirate),
ṣkand,7,8,ṣ,a,sibilant,non-varga (sibilant),
unnam,6,333,—,u,vowel-initial,non-varga (vowel-initial),
mahīy,6,300,m,a,pavarga,C5 (nasal),
abhipre,6,186,—,a,vowel-initial,non-varga (vowel-initial),
ślāgh,6,186,ś,ā,sibilant,non-varga (sibilant),
aṅkay,6,183,—,a,vowel-initial,non-varga (vowel-initial),
pinv,6,182,p,i,pavarga,C1 (unvoiced unaspirate),
guṇay,6,160,g,u,kavarga,C3 (voiced unaspirate),
mṛḍ,6,131,m,ṛ,pavarga,C5 (nasal),
abhyudi,6,121,—,a,vowel-initial,non-varga (vowel-initial),
vinirdiś,6,118,v,i,semivowel,non-varga (semivowel),
ṣpad,6,115,ṣ,a,sibilant,non-varga (sibilant),
dās,6,99,d,ā,tavarga,C3 (voiced unaspirate),
ullikh,6,96,—,u,vowel-initial,non-varga (vowel-initial),
prāśay,6,95,p,ā,pavarga,C1 (unvoiced unaspirate),
uccar,6,95,—,u,vowel-initial,non-varga (vowel-initial),
prās,6,94,p,ā,pavarga,C1 (unvoiced unaspirate),
jū,6,88,j,ū,cavarga,C3 (voiced unaspirate),
ej,6,85,—,e,vowel-initial,non-varga (vowel-initial),
vinirgam,6,76,v,i,semivowel,non-varga (semivowel),
samupe,6,73,s,a,sibilant,non-varga (sibilant),
pratyudgam,6,72,p,a,pavarga,C1 (unvoiced unaspirate),
anvīkṣ,6,71,—,a,vowel-initial,non-varga (vowel-initial),
pratye,6,71,p,a,pavarga,C1 (unvoiced unaspirate),
mṛḍay,6,67,m,ṛ,pavarga,C5 (nasal),
pratīṣ,6,67,p,a,pavarga,C1 (unvoiced unaspirate),
spṛhay,6,66,s,ṛ,sibilant,non-varga (sibilant),
lul,6,65,l,u,semivowel,non-varga (semivowel),
udvap,6,64,—,u,vowel-initial,non-varga (vowel-initial),
dohay,6,62,d,o,tavarga,C3 (voiced unaspirate),
vāmay,6,61,v,ā,semivowel,non-varga (semivowel),
prā,6,60,p,ā,pavarga,C1 (unvoiced unaspirate),
abhiniṣkram,6,59,—,a,vowel-initial,non-varga (vowel-initial),
kath,6,57,k,a,kavarga,C1 (unvoiced unaspirate),
samuttejay,6,57,s,a,sibilant,non-varga (sibilant),
samavekṣ,6,56,s,a,sibilant,non-varga (sibilant),
stubh,6,56,s,u,sibilant,non-varga (sibilant),
ṣpīḍay,6,56,ṣ,ī,sibilant,non-varga (sibilant),
āviṣkṛ,6,55,—,ā,vowel-initial,non-varga (vowel-initial),
ścar,6,55,ś,a,sibilant,non-varga (sibilant),
iṣay,6,54,—,i,vowel-initial,non-varga (vowel-initial),
uc,6,53,—,u,vowel-initial,non-varga (vowel-initial),
vṛṣāy,6,52,v,ṛ,semivowel,non-varga (semivowel),
cihnay,6,50,c,i,cavarga,C1 (unvoiced unaspirate),
dhūrv,6,50,dh,ū,tavarga,C4 (voiced aspirate),
proh,6,50,p,o,pavarga,C1 (unvoiced unaspirate),
udbhid,6,49,—,u,vowel-initial,non-varga (vowel-initial),
viparyas,6,49,v,i,semivowel,non-varga (semivowel),
samudīray,6,48,s,a,sibilant,non-varga (sibilant),
upasaṃpad,6,48,—,u,vowel-initial,non-varga (vowel-initial),
siṣās,6,46,s,i,sibilant,non-varga (sibilant),
sthagay,6,46,s,a,sibilant,non-varga (sibilant),
viniṣkram,6,45,v,i,semivowel,non-varga (semivowel),
ṛj,6,44,—,ṛ,vowel-initial,non-varga (vowel-initial),
purodhā,6,43,p,u,pavarga,C1 (unvoiced unaspirate),
ṣūday,6,43,ṣ,ū,sibilant,non-varga (sibilant),
t￞,6,41,t,?,tavarga,C1 (unvoiced unaspirate),
ghṛ,6,38,gh,ṛ,kavarga,C4 (voiced aspirate),
piś,6,37,p,i,pavarga,C1 (unvoiced unaspirate),
duvasy,6,36,d,u,tavarga,C3 (voiced unaspirate),
tuj,6,36,t,u,tavarga,C1 (unvoiced unaspirate),
unnamay,6,36,—,u,vowel-initial,non-varga (vowel-initial),
abhinirvartay,6,35,—,a,vowel-initial,non-varga (vowel-initial),
arhay,6,35,—,a,vowel-initial,non-varga (vowel-initial),
nartay,6,35,n,a,tavarga,C5 (nasal),
sukhay,6,34,s,u,sibilant,non-varga (sibilant),
udūh,6,33,—,u,vowel-initial,non-varga (vowel-initial),
mārgay,6,31,m,ā,pavarga,C5 (nasal),
marmṛj,6,30,m,a,pavarga,C5 (nasal),
prativyūh,6,30,p,a,pavarga,C1 (unvoiced unaspirate),
ullaṅghay,6,30,—,u,vowel-initial,non-varga (vowel-initial),
kṣu,6,28,k,u,kavarga,C1 (unvoiced unaspirate),
luṭh,6,28,l,u,semivowel,non-varga (semivowel),
bhas,6,27,bh,a,pavarga,C4 (voiced aspirate),
caṅkram,6,27,c,a,cavarga,C1 (unvoiced unaspirate),
kheday,6,27,kh,e,kavarga,C2 (unvoiced aspirate),
ribh,6,27,r,i,semivowel,non-varga (semivowel),
udañc,6,27,—,u,vowel-initial,non-varga (vowel-initial),
uddru,6,27,—,u,vowel-initial,non-varga (vowel-initial),
bhramay,6,26,bh,a,pavarga,C4 (voiced aspirate),
ṇū,6,26,ṇ,ū,ṭavarga,C5 (nasal),
ghrāpay,6,25,gh,ā,kavarga,C4 (voiced aspirate),
varvṛt,6,25,v,a,semivowel,non-varga (semivowel),
citay,6,24,c,i,cavarga,C1 (unvoiced unaspirate),
pratyudi,6,24,p,a,pavarga,C1 (unvoiced unaspirate),
vyave,6,24,v,a,semivowel,non-varga (semivowel),
yopay,6,24,y,o,semivowel,non-varga (semivowel),
abhiniryā,6,23,—,a,vowel-initial,non-varga (vowel-initial),
cchā,6,23,c,ā,cavarga,C1 (unvoiced unaspirate),
sap,6,23,s,a,sibilant,non-varga (sibilant),
udās,6,21,—,u,vowel-initial,non-varga (vowel-initial),
ṇah,6,20,ṇ,a,ṭavarga,C5 (nasal),
ṣkambh,6,20,ṣ,a,sibilant,non-varga (sibilant),
ṣkṛ,6,20,ṣ,ṛ,sibilant,non-varga (sibilant),
coray,6,19,c,o,cavarga,C1 (unvoiced unaspirate),
samudvah,6,19,s,a,sibilant,non-varga (sibilant),
śaṃsay,6,18,ś,a,sibilant,non-varga (sibilant),
bībhats,6,17,b,ī,pavarga,C3 (voiced unaspirate),
eṣay,6,17,—,e,vowel-initial,non-varga (vowel-initial),
hrāsay,6,17,h,ā,glottal,non-varga (glottal),
kṣap,6,17,k,a,kavarga,C1 (unvoiced unaspirate),
rundhay,6,17,r,u,semivowel,non-varga (semivowel),
ṣīv,6,17,ṣ,ī,sibilant,non-varga (sibilant),
jāgaray,6,16,j,ā,cavarga,C3 (voiced unaspirate),
kṣamay,6,16,k,a,kavarga,C1 (unvoiced unaspirate),
upāv,6,16,—,u,vowel-initial,non-varga (vowel-initial),
śabdāpay,6,16,ś,a,sibilant,non-varga (sibilant),
jigamiṣ,6,15,j,i,cavarga,C3 (voiced unaspirate),
sphālay,6,15,s,ā,sibilant,non-varga (sibilant),
tānay,6,15,t,ā,tavarga,C1 (unvoiced unaspirate),
anvas,6,14,—,a,vowel-initial,non-varga (vowel-initial),
kranday,6,14,k,a,kavarga,C1 (unvoiced unaspirate),
kṛp,6,14,k,ṛ,kavarga,C1 (unvoiced unaspirate),
luñc,6,14,l,u,semivowel,non-varga (semivowel),
si,6,14,s,i,sibilant,non-varga (sibilant),
veṣay,6,14,v,e,semivowel,non-varga (semivowel),
vāvad,6,14,v,ā,semivowel,non-varga (semivowel),
yāsay,6,14,y,ā,semivowel,non-varga (semivowel),
abhyavekṣ,6,13,—,a,vowel-initial,non-varga (vowel-initial),
atisaṃdhā,6,13,—,a,vowel-initial,non-varga (vowel-initial),
dhukṣ,6,13,dh,u,tavarga,C4 (voiced aspirate),
didhiṣ,6,13,d,i,tavarga,C3 (voiced unaspirate),
manth,6,13,m,a,pavarga,C5 (nasal),
jūrv,6,12,j,ū,cavarga,C3 (voiced unaspirate),
bobhav,6,11,b,o,pavarga,C3 (voiced unaspirate),
karṇay,6,11,k,a,kavarga,C1 (unvoiced unaspirate),
udan,6,11,—,u,vowel-initial,non-varga (vowel-initial),
udvāhay,6,11,—,u,vowel-initial,non-varga (vowel-initial),
udyojay,6,11,—,u,vowel-initial,non-varga (vowel-initial),
ṛd,6,11,—,ṛ,vowel-initial,non-varga (vowel-initial),
sūtray,6,10,s,ū,sibilant,non-varga (sibilant),
śrathay,6,10,ś,a,sibilant,non-varga (sibilant),
dediś,6,9,d,e,tavarga,C3 (voiced unaspirate),
pan,6,9,p,a,pavarga,C1 (unvoiced unaspirate),
unmīlay,6,9,—,u,vowel-initial,non-varga (vowel-initial),
śrāmay,6,9,ś,ā,sibilant,non-varga (sibilant),
koṭay,6,8,k,o,kavarga,C1 (unvoiced unaspirate),
ruruts,6,8,r,u,semivowel,non-varga (semivowel),
rāmay,6,8,r,ā,semivowel,non-varga (semivowel),
sāhay,6,8,s,ā,sibilant,non-varga (sibilant),
smaray,6,6,s,a,sibilant,non-varga (sibilant),
ah,5,9590,—,a,vowel-initial,non-varga (vowel-initial),16
anuprāp,5,372,—,a,vowel-initial,non-varga (vowel-initial),
vinyas,5,300,v,i,semivowel,non-varga (semivowel),
udvij,5,270,—,u,vowel-initial,non-varga (vowel-initial),
udbhū,5,236,—,u,vowel-initial,non-varga (vowel-initial),
vyatī,5,143,v,a,semivowel,non-varga (semivowel),
samudbhū,5,135,s,a,sibilant,non-varga (sibilant),
samave,5,127,s,a,sibilant,non-varga (sibilant),
miṣ,5,111,m,i,pavarga,C5 (nasal),
śrambh,5,110,ś,a,sibilant,non-varga (sibilant),
dṛp,5,107,d,ṛ,tavarga,C3 (voiced unaspirate),
ruṣ,5,103,r,u,semivowel,non-varga (semivowel),
upasaṃgrah,5,92,—,u,vowel-initial,non-varga (vowel-initial),
āśay,5,88,—,ā,vowel-initial,non-varga (vowel-initial),
abhivyañj,5,82,—,a,vowel-initial,non-varga (vowel-initial),
vyape,5,82,v,a,semivowel,non-varga (semivowel),
ṣpiṣ,5,82,ṣ,i,sibilant,non-varga (sibilant),
ṣṭap,5,81,ṣ,a,sibilant,non-varga (sibilant),
paryūh,5,75,p,a,pavarga,C1 (unvoiced unaspirate),
avokṣ,5,73,—,a,vowel-initial,non-varga (vowel-initial),
ñc,5,71,ñ,?,cavarga,C5 (nasal),
adhyūh,5,70,—,a,vowel-initial,non-varga (vowel-initial),
unmath,5,69,—,u,vowel-initial,non-varga (vowel-initial),
prāduṣkṛ,5,65,p,ā,pavarga,C1 (unvoiced unaspirate),
pṛtany,5,65,p,ṛ,pavarga,C1 (unvoiced unaspirate),
val,5,64,v,a,semivowel,non-varga (semivowel),
ucchvas,5,63,—,u,vowel-initial,non-varga (vowel-initial),
ṇad,5,60,ṇ,a,ṭavarga,C5 (nasal),
unmīl,5,59,—,u,vowel-initial,non-varga (vowel-initial),
udgṛ,5,57,—,u,vowel-initial,non-varga (vowel-initial),
upasaṃdhā,5,56,—,u,vowel-initial,non-varga (vowel-initial),
bharjay,5,53,bh,a,pavarga,C4 (voiced aspirate),
lelih,5,52,l,e,semivowel,non-varga (semivowel),
uruṣy,5,51,—,u,vowel-initial,non-varga (vowel-initial),
dhāmay,5,47,dh,ā,tavarga,C4 (voiced aspirate),
vakṣ,5,47,v,a,semivowel,non-varga (semivowel),
dal,5,46,d,a,tavarga,C3 (voiced unaspirate),
parisaṃkhyā,5,46,p,a,pavarga,C1 (unvoiced unaspirate),
ścāray,5,46,ś,ā,sibilant,non-varga (sibilant),
nonāv,5,43,n,o,tavarga,C5 (nasal),
anunirvap,5,42,—,a,vowel-initial,non-varga (vowel-initial),
jijiñās,5,41,j,i,cavarga,C3 (voiced unaspirate),
rej,5,40,r,e,semivowel,non-varga (semivowel),
yuyuts,5,39,y,u,semivowel,non-varga (semivowel),
day,5,38,d,a,tavarga,C3 (voiced unaspirate),
antarbhū,5,36,—,a,vowel-initial,non-varga (vowel-initial),
nānad,5,36,n,ā,tavarga,C5 (nasal),
prokṣay,5,36,p,o,pavarga,C1 (unvoiced unaspirate),
añcay,5,34,—,a,vowel-initial,non-varga (vowel-initial),
dhvan,5,34,dh,a,tavarga,C4 (voiced aspirate),
upapre,5,32,—,u,vowel-initial,non-varga (vowel-initial),
raṇ,5,30,r,a,semivowel,non-varga (semivowel),
abhyasūy,5,29,—,a,vowel-initial,non-varga (vowel-initial),
anusaṃtan,5,29,—,a,vowel-initial,non-varga (vowel-initial),
damay,5,29,d,a,tavarga,C3 (voiced unaspirate),
hīḍ,5,29,h,ī,glottal,non-varga (glottal),
nyūṅkhay,5,29,n,ū,tavarga,C5 (nasal),
truṭ,5,29,t,u,tavarga,C1 (unvoiced unaspirate),
hrī,5,28,h,ī,glottal,non-varga (glottal),
parye,5,28,p,a,pavarga,C1 (unvoiced unaspirate),
mith,5,27,m,i,pavarga,C5 (nasal),
preps,5,26,p,e,pavarga,C1 (unvoiced unaspirate),
abhyunnī,5,25,—,a,vowel-initial,non-varga (vowel-initial),
utprekṣ,5,24,—,u,vowel-initial,non-varga (vowel-initial),
viniṣpat,5,23,v,i,semivowel,non-varga (semivowel),
chand,5,22,ch,a,cavarga,C2 (unvoiced aspirate),
dhukṣay,5,22,dh,u,tavarga,C4 (voiced aspirate),
carkar,5,21,c,a,cavarga,C1 (unvoiced unaspirate),
ninīṣ,5,21,n,i,tavarga,C5 (nasal),
samupekṣ,5,21,s,a,sibilant,non-varga (sibilant),
śāpay,5,21,ś,ā,sibilant,non-varga (sibilant),
abhisaṃśri,5,20,—,a,vowel-initial,non-varga (vowel-initial),
anupre,5,20,—,a,vowel-initial,non-varga (vowel-initial),
joṣay,5,20,j,o,cavarga,C3 (voiced unaspirate),
veviṣ,5,20,v,e,semivowel,non-varga (semivowel),
vyudas,5,20,v,u,semivowel,non-varga (semivowel),
anuvīkṣ,5,19,—,a,vowel-initial,non-varga (vowel-initial),
anve,5,19,—,a,vowel-initial,non-varga (vowel-initial),
abhinirdiś,5,18,—,a,vowel-initial,non-varga (vowel-initial),
tejay,5,18,t,e,tavarga,C1 (unvoiced unaspirate),
uccal,5,18,—,u,vowel-initial,non-varga (vowel-initial),
pravāh,5,17,p,a,pavarga,C1 (unvoiced unaspirate),
samunnī,5,17,s,a,sibilant,non-varga (sibilant),
unmāday,5,17,—,u,vowel-initial,non-varga (vowel-initial),
iṅgay,5,16,—,i,vowel-initial,non-varga (vowel-initial),
sevay,5,16,s,e,sibilant,non-varga (sibilant),
tur,5,16,t,u,tavarga,C1 (unvoiced unaspirate),
choray,5,15,ch,o,cavarga,C2 (unvoiced aspirate),
maday,5,15,m,a,pavarga,C5 (nasal),
pruṣ,5,15,p,u,pavarga,C1 (unvoiced unaspirate),
samanviṣ,5,15,s,a,sibilant,non-varga (sibilant),
uccāṭay,5,15,—,u,vowel-initial,non-varga (vowel-initial),
uddīp,5,15,—,u,vowel-initial,non-varga (vowel-initial),
ṣpalāy,5,15,ṣ,a,sibilant,non-varga (sibilant),
calay,5,14,c,a,cavarga,C1 (unvoiced unaspirate),
tirobhū,5,14,t,i,tavarga,C1 (unvoiced unaspirate),
vyaṃsay,5,14,v,a,semivowel,non-varga (semivowel),
abhisaṃgam,5,13,—,a,vowel-initial,non-varga (vowel-initial),
abhisaṃpāday,5,13,—,a,vowel-initial,non-varga (vowel-initial),
anūde,5,13,—,a,vowel-initial,non-varga (vowel-initial),
avekṣay,5,13,—,a,vowel-initial,non-varga (vowel-initial),
karikṛ,5,13,k,a,kavarga,C1 (unvoiced unaspirate),
raṇay,5,13,r,a,semivowel,non-varga (semivowel),
stabhāy,5,13,s,a,sibilant,non-varga (sibilant),
sūrkṣ,5,13,s,ū,sibilant,non-varga (sibilant),
dhvṛ,5,12,dh,ṛ,tavarga,C4 (voiced aspirate),
kṣā,5,12,k,ā,kavarga,C1 (unvoiced unaspirate),
sridh,5,12,s,i,sibilant,non-varga (sibilant),
āsay,5,12,—,ā,vowel-initial,non-varga (vowel-initial),
ūhay,5,12,—,ū,vowel-initial,non-varga (vowel-initial),
bharts,5,11,bh,a,pavarga,C4 (voiced aspirate),
edhay,5,11,—,e,vowel-initial,non-varga (vowel-initial),
kṝ,5,11,k,ṝ,kavarga,C1 (unvoiced unaspirate),
pūy,5,11,p,ū,pavarga,C1 (unvoiced unaspirate),
rap,5,11,r,a,semivowel,non-varga (semivowel),
grāsay,5,10,g,ā,kavarga,C3 (voiced unaspirate),
jas,5,10,j,a,cavarga,C3 (voiced unaspirate),
jigāṃs,5,10,j,i,cavarga,C3 (voiced unaspirate),
luṇṭh,5,10,l,u,semivowel,non-varga (semivowel),
mumukṣ,5,10,m,u,pavarga,C5 (nasal),
yoyu,5,10,y,o,semivowel,non-varga (semivowel),
ḍhauk,5,10,ḍh,au,ṭavarga,C4 (voiced aspirate),
tarṣay,5,9,t,a,tavarga,C1 (unvoiced unaspirate),
tsar,5,9,t,a,tavarga,C1 (unvoiced unaspirate),
ukṣay,5,9,—,u,vowel-initial,non-varga (vowel-initial),
vedh,5,9,v,e,semivowel,non-varga (semivowel),
vāśay,5,9,v,ā,semivowel,non-varga (semivowel),
dambhay,5,8,d,a,tavarga,C3 (voiced unaspirate),
sampratīkṣ,5,8,s,a,sibilant,non-varga (sibilant),
śāsay,5,8,ś,ā,sibilant,non-varga (sibilant),
ḍhaukay,5,8,ḍh,au,ṭavarga,C4 (voiced aspirate),
ṣkṛt,5,8,ṣ,ṛ,sibilant,non-varga (sibilant),
kūlay,5,7,k,ū,kavarga,C1 (unvoiced unaspirate),
kṛpay,5,7,k,ṛ,kavarga,C1 (unvoiced unaspirate),
psā,5,7,p,ā,pavarga,C1 (unvoiced unaspirate),
ghaṭṭ,5,6,gh,a,kavarga,C4 (voiced aspirate),
hrāday,5,6,h,ā,glottal,non-varga (glottal),
manāy,5,6,m,a,pavarga,C5 (nasal),
ujjīvay,5,6,—,u,vowel-initial,non-varga (vowel-initial),
vejay,5,6,v,e,semivowel,non-varga (semivowel),
akṣ,5,5,—,a,vowel-initial,non-varga (vowel-initial),
chad,4,368,ch,a,cavarga,C2 (unvoiced aspirate),
unmad,4,278,—,u,vowel-initial,non-varga (vowel-initial),
samudyam,4,125,s,a,sibilant,non-varga (sibilant),
samuddiś,4,116,s,a,sibilant,non-varga (sibilant),
unmā,4,109,—,u,vowel-initial,non-varga (vowel-initial),
abhīps,4,106,—,a,vowel-initial,non-varga (vowel-initial),
lal,4,102,l,a,semivowel,non-varga (semivowel),
samudi,4,101,s,a,sibilant,non-varga (sibilant),
kṣudh,4,100,k,u,kavarga,C1 (unvoiced unaspirate),
kvath,4,99,k,a,kavarga,C1 (unvoiced unaspirate),
abhiprekṣ,4,89,—,a,vowel-initial,non-varga (vowel-initial),
andhay,4,81,—,a,vowel-initial,non-varga (vowel-initial),
parīps,4,71,p,a,pavarga,C1 (unvoiced unaspirate),
bahiṣkṛ,4,65,b,a,pavarga,C3 (voiced unaspirate),
stanay,4,65,s,a,sibilant,non-varga (sibilant),
kanikrad,4,61,k,a,kavarga,C1 (unvoiced unaspirate),
paryukṣ,4,61,p,a,pavarga,C1 (unvoiced unaspirate),
avān,4,60,—,a,vowel-initial,non-varga (vowel-initial),
aṭ,4,60,—,a,vowel-initial,non-varga (vowel-initial),
udvṛt,4,58,—,u,vowel-initial,non-varga (vowel-initial),
ṇij,4,57,ṇ,i,ṭavarga,C5 (nasal),
udbhram,4,56,—,u,vowel-initial,non-varga (vowel-initial),
prāv,4,54,p,ā,pavarga,C1 (unvoiced unaspirate),
nāth,4,53,n,ā,tavarga,C5 (nasal),
upāś,4,53,—,u,vowel-initial,non-varga (vowel-initial),
rih,4,50,r,i,semivowel,non-varga (semivowel),
rah,4,49,r,a,semivowel,non-varga (semivowel),
ullas,4,46,—,u,vowel-initial,non-varga (vowel-initial),
charday,4,44,ch,a,cavarga,C2 (unvoiced aspirate),
prakaṭay,4,44,p,a,pavarga,C1 (unvoiced unaspirate),
samudīkṣ,4,44,s,a,sibilant,non-varga (sibilant),
upasaṃgam,4,41,—,u,vowel-initial,non-varga (vowel-initial),
viniryā,4,41,v,i,semivowel,non-varga (semivowel),
vyatyas,4,41,v,a,semivowel,non-varga (semivowel),
upanyas,4,40,—,u,vowel-initial,non-varga (vowel-initial),
parinirvā,4,39,p,a,pavarga,C1 (unvoiced unaspirate),
udvejay,4,39,—,u,vowel-initial,non-varga (vowel-initial),
hval,4,38,h,a,glottal,non-varga (glottal),
inv,4,38,—,i,vowel-initial,non-varga (vowel-initial),
udvīkṣ,4,38,—,u,vowel-initial,non-varga (vowel-initial),
srambh,4,37,s,a,sibilant,non-varga (sibilant),
nyañc,4,35,n,a,tavarga,C5 (nasal),
didṛkṣ,4,34,d,i,tavarga,C3 (voiced unaspirate),
upasame,4,34,—,u,vowel-initial,non-varga (vowel-initial),
daśasy,4,33,d,a,tavarga,C3 (voiced unaspirate),
udvam,4,32,—,u,vowel-initial,non-varga (vowel-initial),
cāmay,4,31,c,ā,cavarga,C1 (unvoiced unaspirate),
dips,4,31,d,i,tavarga,C3 (voiced unaspirate),
abhinirmā,4,30,—,a,vowel-initial,non-varga (vowel-initial),
samuccāray,4,30,s,a,sibilant,non-varga (sibilant),
kvaṇ,4,29,k,a,kavarga,C1 (unvoiced unaspirate),
anuparī,4,28,—,a,vowel-initial,non-varga (vowel-initial),
jambhay,4,28,j,a,cavarga,C3 (voiced unaspirate),
jājval,4,28,j,ā,cavarga,C3 (voiced unaspirate),
abhīndh,4,27,—,a,vowel-initial,non-varga (vowel-initial),
dhūmāy,4,27,dh,ū,tavarga,C4 (voiced aspirate),
iyakṣ,4,27,—,i,vowel-initial,non-varga (vowel-initial),
jāpay,4,27,j,ā,cavarga,C3 (voiced unaspirate),
adhīṣ,4,26,—,a,vowel-initial,non-varga (vowel-initial),
kocay,4,26,k,o,kavarga,C1 (unvoiced unaspirate),
mikṣ,4,26,m,i,pavarga,C5 (nasal),
mūtray,4,26,m,ū,pavarga,C5 (nasal),
uddīpay,4,24,—,u,vowel-initial,non-varga (vowel-initial),
vepay,4,24,v,e,semivowel,non-varga (semivowel),
dhamay,4,23,dh,a,tavarga,C4 (voiced aspirate),
pluṣ,4,23,p,u,pavarga,C1 (unvoiced unaspirate),
sas,4,23,s,a,sibilant,non-varga (sibilant),
anuprāṇ,4,22,—,a,vowel-initial,non-varga (vowel-initial),
paryave,4,22,p,a,pavarga,C1 (unvoiced unaspirate),
ṣṭambhay,4,22,ṣ,a,sibilant,non-varga (sibilant),
abhiprāṇ,4,21,—,a,vowel-initial,non-varga (vowel-initial),
śyā,4,21,ś,ā,sibilant,non-varga (sibilant),
cakās,4,20,c,a,cavarga,C1 (unvoiced unaspirate),
ceṣṭay,4,20,c,e,cavarga,C1 (unvoiced unaspirate),
protsāhay,4,20,p,o,pavarga,C1 (unvoiced unaspirate),
skambh,4,20,s,a,sibilant,non-varga (sibilant),
stan,4,20,s,a,sibilant,non-varga (sibilant),
aśanāy,4,19,—,a,vowel-initial,non-varga (vowel-initial),
kṣamāpay,4,19,k,a,kavarga,C1 (unvoiced unaspirate),
śad,4,19,ś,a,sibilant,non-varga (sibilant),
prer,4,18,p,e,pavarga,C1 (unvoiced unaspirate),
udbhṛ,4,18,—,u,vowel-initial,non-varga (vowel-initial),
vīray,4,18,v,ī,semivowel,non-varga (semivowel),
ścut,4,18,ś,u,sibilant,non-varga (sibilant),
adhyas,4,17,—,a,vowel-initial,non-varga (vowel-initial),
davidyut,4,17,d,a,tavarga,C3 (voiced unaspirate),
nyañj,4,17,n,a,tavarga,C5 (nasal),
tviṣ,4,17,t,i,tavarga,C1 (unvoiced unaspirate),
udyā,4,17,—,u,vowel-initial,non-varga (vowel-initial),
upaparīkṣ,4,17,—,u,vowel-initial,non-varga (vowel-initial),
vipare,4,17,v,i,semivowel,non-varga (semivowel),
abhinirhṛ,4,16,—,a,vowel-initial,non-varga (vowel-initial),
chalay,4,16,ch,a,cavarga,C2 (unvoiced aspirate),
samucci,4,16,s,a,sibilant,non-varga (sibilant),
spṛs,4,16,s,ṛ,sibilant,non-varga (sibilant),
vinirdah,4,16,v,i,semivowel,non-varga (semivowel),
anvabhyave,4,15,—,a,vowel-initial,non-varga (vowel-initial),
dhe,4,15,dh,e,tavarga,C4 (voiced aspirate),
heṭhay,4,15,h,e,glottal,non-varga (glottal),
tūrv,4,15,t,ū,tavarga,C1 (unvoiced unaspirate),
upapreṣ,4,15,—,u,vowel-initial,non-varga (vowel-initial),
yiyās,4,15,y,i,semivowel,non-varga (semivowel),
anulomay,4,14,—,a,vowel-initial,non-varga (vowel-initial),
cātay,4,14,c,ā,cavarga,C1 (unvoiced unaspirate),
irajy,4,14,—,i,vowel-initial,non-varga (vowel-initial),
lelāy,4,14,l,e,semivowel,non-varga (semivowel),
palyay,4,14,p,a,pavarga,C1 (unvoiced unaspirate),
riṣaṇy,4,14,r,i,semivowel,non-varga (semivowel),
skabhāy,4,14,s,a,sibilant,non-varga (sibilant),
udvā,4,14,—,u,vowel-initial,non-varga (vowel-initial),
upasaṃnah,4,14,—,u,vowel-initial,non-varga (vowel-initial),
sagh,4,13,s,a,sibilant,non-varga (sibilant),
sūd,4,13,s,ū,sibilant,non-varga (sibilant),
udaj,4,13,—,u,vowel-initial,non-varga (vowel-initial),
unnāmay,4,13,—,u,vowel-initial,non-varga (vowel-initial),
vell,4,13,v,e,semivowel,non-varga (semivowel),
śiñj,4,13,ś,i,sibilant,non-varga (sibilant),
ṣṭubh,4,13,ṣ,u,sibilant,non-varga (sibilant),
atyaś,4,12,—,a,vowel-initial,non-varga (vowel-initial),
dṛṃhay,4,12,d,ṛ,tavarga,C3 (voiced unaspirate),
galbh,4,12,g,a,kavarga,C3 (voiced unaspirate),
rājay,4,12,r,ā,semivowel,non-varga (semivowel),
spaṣṭay,4,12,s,a,sibilant,non-varga (sibilant),
viprekṣ,4,12,v,i,semivowel,non-varga (semivowel),
īṅkhay,4,12,—,ī,vowel-initial,non-varga (vowel-initial),
jarbhur,4,11,j,a,cavarga,C3 (voiced unaspirate),
krodhay,4,11,k,o,kavarga,C1 (unvoiced unaspirate),
med,4,11,m,e,pavarga,C5 (nasal),
muṣāy,4,11,m,u,pavarga,C5 (nasal),
nas,4,11,n,a,tavarga,C5 (nasal),
raṃh,4,11,r,a,semivowel,non-varga (semivowel),
abhisame,4,10,—,a,vowel-initial,non-varga (vowel-initial),
abhisaṃyuj,4,10,—,a,vowel-initial,non-varga (vowel-initial),
jijīviṣ,4,10,j,i,cavarga,C3 (voiced unaspirate),
kadarthay,4,10,k,a,kavarga,C1 (unvoiced unaspirate),
khanay,4,10,kh,a,kavarga,C2 (unvoiced aspirate),
kuṇṭhay,4,10,k,u,kavarga,C1 (unvoiced unaspirate),
kās,4,10,k,ā,kavarga,C1 (unvoiced unaspirate),
rasay,4,10,r,a,semivowel,non-varga (semivowel),
smāpay,4,10,s,ā,sibilant,non-varga (sibilant),
upasaṃpāday,4,10,—,u,vowel-initial,non-varga (vowel-initial),
upeps,4,10,—,u,vowel-initial,non-varga (vowel-initial),
ṇamay,4,10,ṇ,a,ṭavarga,C5 (nasal),
apombh,4,9,—,a,vowel-initial,non-varga (vowel-initial),
chaday,4,9,ch,a,cavarga,C2 (unvoiced aspirate),
dalay,4,9,d,a,tavarga,C3 (voiced unaspirate),
paryṛṣ,4,9,p,a,pavarga,C1 (unvoiced unaspirate),
rāpay,4,9,r,ā,semivowel,non-varga (semivowel),
vivikṣ,4,9,v,i,semivowel,non-varga (semivowel),
āday,4,9,—,ā,vowel-initial,non-varga (vowel-initial),
atipāvay,4,8,—,a,vowel-initial,non-varga (vowel-initial),
dakṣ,4,8,d,a,tavarga,C3 (voiced unaspirate),
hāvay,4,8,h,ā,glottal,non-varga (glottal),
kṣoday,4,8,k,o,kavarga,C1 (unvoiced unaspirate),
manasy,4,8,m,a,pavarga,C5 (nasal),
marmṛś,4,8,m,a,pavarga,C5 (nasal),
nannam,4,8,n,a,tavarga,C5 (nasal),
paryās,4,8,p,a,pavarga,C1 (unvoiced unaspirate),
pratisaṃveday,4,8,p,a,pavarga,C1 (unvoiced unaspirate),
samprārthay,4,8,s,a,sibilant,non-varga (sibilant),
sukhāy,4,8,s,u,sibilant,non-varga (sibilant),
tak,4,8,t,a,tavarga,C1 (unvoiced unaspirate),
tambhay,4,8,t,a,tavarga,C1 (unvoiced unaspirate),
tij,4,8,t,i,tavarga,C1 (unvoiced unaspirate),
vanday,4,8,v,a,semivowel,non-varga (semivowel),
abhyudīkṣ,4,7,—,a,vowel-initial,non-varga (vowel-initial),
apodi,4,7,—,a,vowel-initial,non-varga (vowel-initial),
dhvanay,4,7,dh,a,tavarga,C4 (voiced aspirate),
dṛbh,4,7,d,ṛ,tavarga,C3 (voiced unaspirate),
haviṣkṛ,4,7,h,a,glottal,non-varga (glottal),
jighats,4,7,j,i,cavarga,C3 (voiced unaspirate),
kuṣ,4,7,k,u,kavarga,C1 (unvoiced unaspirate),
kṣad,4,7,k,a,kavarga,C1 (unvoiced unaspirate),
parisaṃsthāpay,4,7,p,a,pavarga,C1 (unvoiced unaspirate),
praśnay,4,7,p,a,pavarga,C1 (unvoiced unaspirate),
uduṣ,4,7,—,u,vowel-initial,non-varga (vowel-initial),
vevid,4,7,v,e,semivowel,non-varga (semivowel),
adhyeṣay,4,6,—,a,vowel-initial,non-varga (vowel-initial),
anusaṃsthā,4,6,—,a,vowel-initial,non-varga (vowel-initial),
anusaṃyā,4,6,—,a,vowel-initial,non-varga (vowel-initial),
atyas,4,6,—,a,vowel-initial,non-varga (vowel-initial),
kṛntay,4,6,k,ṛ,kavarga,C1 (unvoiced unaspirate),
kṣveḍay,4,6,k,e,kavarga,C1 (unvoiced unaspirate),
priyāy,4,6,p,i,pavarga,C1 (unvoiced unaspirate),
ubh,4,6,—,u,vowel-initial,non-varga (vowel-initial),
cchanday,4,5,c,a,cavarga,C1 (unvoiced unaspirate),
didās,4,5,d,i,tavarga,C3 (voiced unaspirate),
dolay,4,5,d,o,tavarga,C3 (voiced unaspirate),
ghāṭay,4,5,gh,ā,kavarga,C4 (voiced aspirate),
glāpay,4,5,g,ā,kavarga,C3 (voiced unaspirate),
kū,4,5,k,ū,kavarga,C1 (unvoiced unaspirate),
kṣāpay,4,5,k,ā,kavarga,C1 (unvoiced unaspirate),
lajjay,4,5,l,a,semivowel,non-varga (semivowel),
upāj,4,5,—,u,vowel-initial,non-varga (vowel-initial),
anusaṃvraj,4,4,—,a,vowel-initial,non-varga (vowel-initial),
indhay,4,4,—,i,vowel-initial,non-varga (vowel-initial),
krūḍay,4,4,k,ū,kavarga,C1 (unvoiced unaspirate),
prapañcay,4,4,p,a,pavarga,C1 (unvoiced unaspirate),
samunmūlay,4,4,s,a,sibilant,non-varga (sibilant),
vyavekṣ,4,4,v,a,semivowel,non-varga (semivowel),
saṃpreṣ,3,336,s,a,sibilant,non-varga (sibilant),
samprekṣ,3,203,s,a,sibilant,non-varga (sibilant),
ī,3,193,—,ī,vowel-initial,non-varga (vowel-initial),
uddhū,3,145,—,u,vowel-initial,non-varga (vowel-initial),
darpay,3,119,d,a,tavarga,C3 (voiced unaspirate),
upaniṣkram,3,113,—,u,vowel-initial,non-varga (vowel-initial),
klam,3,92,k,a,kavarga,C1 (unvoiced unaspirate),
ūrjay,3,90,—,ū,vowel-initial,non-varga (vowel-initial),
abhīṣ,3,82,—,a,vowel-initial,non-varga (vowel-initial),
samabhyarcay,3,82,s,a,sibilant,non-varga (sibilant),
udyuj,3,80,—,u,vowel-initial,non-varga (vowel-initial),
udric,3,70,—,u,vowel-initial,non-varga (vowel-initial),
śośuc,3,68,ś,o,sibilant,non-varga (sibilant),
abhinirvṛt,3,64,—,a,vowel-initial,non-varga (vowel-initial),
dvaṃdvay,3,54,d,a,tavarga,C3 (voiced unaspirate),
vinirbhid,3,54,v,i,semivowel,non-varga (semivowel),
vinirji,3,54,v,i,semivowel,non-varga (semivowel),
samabhye,3,53,s,a,sibilant,non-varga (sibilant),
tapasy,3,53,t,a,tavarga,C1 (unvoiced unaspirate),
cchṛd,3,51,c,ṛ,cavarga,C1 (unvoiced unaspirate),
prāviṣkṛ,3,49,p,ā,pavarga,C1 (unvoiced unaspirate),
samatī,3,49,s,a,sibilant,non-varga (sibilant),
arātīy,3,42,—,a,vowel-initial,non-varga (vowel-initial),
samabhyas,3,40,s,a,sibilant,non-varga (sibilant),
yavay,3,39,y,a,semivowel,non-varga (semivowel),
patay,3,35,p,a,pavarga,C1 (unvoiced unaspirate),
roro,3,35,r,o,semivowel,non-varga (semivowel),
spṛh,3,35,s,ṛ,sibilant,non-varga (sibilant),
jighṛkṣay,3,34,j,i,cavarga,C3 (voiced unaspirate),
unmiṣ,3,34,—,u,vowel-initial,non-varga (vowel-initial),
eray,3,31,—,e,vowel-initial,non-varga (vowel-initial),
gṛbhāy,3,29,g,ṛ,kavarga,C3 (voiced unaspirate),
samunnam,3,29,s,a,sibilant,non-varga (sibilant),
hras,3,28,h,a,glottal,non-varga (glottal),
paty,3,28,p,a,pavarga,C1 (unvoiced unaspirate),
prasaṃkhyā,3,27,p,a,pavarga,C1 (unvoiced unaspirate),
utkaṇṭh,3,27,—,u,vowel-initial,non-varga (vowel-initial),
āmay,3,27,—,ā,vowel-initial,non-varga (vowel-initial),
unnad,3,25,—,u,vowel-initial,non-varga (vowel-initial),
pratiparī,3,24,p,a,pavarga,C1 (unvoiced unaspirate),
śṛdh,3,23,ś,ṛ,sibilant,non-varga (sibilant),
abhiparī,3,22,—,a,vowel-initial,non-varga (vowel-initial),
samuttāray,3,22,s,a,sibilant,non-varga (sibilant),
vīḍay,3,22,v,ī,semivowel,non-varga (semivowel),
styai,3,20,s,a,sibilant,non-varga (sibilant),
uddyotay,3,20,—,u,vowel-initial,non-varga (vowel-initial),
udgranth,3,20,—,u,vowel-initial,non-varga (vowel-initial),
ujjval,3,20,—,u,vowel-initial,non-varga (vowel-initial),
aghāy,3,19,—,a,vowel-initial,non-varga (vowel-initial),
mukharay,3,19,m,u,pavarga,C5 (nasal),
ṣkas,3,19,ṣ,a,sibilant,non-varga (sibilant),
glapay,3,18,g,a,kavarga,C3 (voiced unaspirate),
pallavay,3,18,p,a,pavarga,C1 (unvoiced unaspirate),
pipās,3,18,p,i,pavarga,C1 (unvoiced unaspirate),
preṅkh,3,18,p,e,pavarga,C1 (unvoiced unaspirate),
vanuṣy,3,18,v,a,semivowel,non-varga (semivowel),
anupreṣay,3,17,—,a,vowel-initial,non-varga (vowel-initial),
dhan,3,17,dh,a,tavarga,C4 (voiced aspirate),
kṣviḍ,3,17,k,i,kavarga,C1 (unvoiced unaspirate),
samuccar,3,17,s,a,sibilant,non-varga (sibilant),
samudvij,3,17,s,a,sibilant,non-varga (sibilant),
abhyatī,3,16,—,a,vowel-initial,non-varga (vowel-initial),
samprakās,3,16,s,a,sibilant,non-varga (sibilant),
unnah,3,16,—,u,vowel-initial,non-varga (vowel-initial),
upoh,3,16,—,u,vowel-initial,non-varga (vowel-initial),
chṛd,3,15,ch,ṛ,cavarga,C2 (unvoiced aspirate),
khāday,3,15,kh,ā,kavarga,C2 (unvoiced aspirate),
rerih,3,15,r,e,semivowel,non-varga (semivowel),
atyṛj,3,14,—,a,vowel-initial,non-varga (vowel-initial),
ilay,3,14,—,i,vowel-initial,non-varga (vowel-initial),
samunmṛj,3,14,s,a,sibilant,non-varga (sibilant),
udbandh,3,14,—,u,vowel-initial,non-varga (vowel-initial),
vinirdhū,3,14,v,i,semivowel,non-varga (semivowel),
abhyucchri,3,13,—,a,vowel-initial,non-varga (vowel-initial),
antargā,3,13,—,a,vowel-initial,non-varga (vowel-initial),
badbadh,3,13,b,a,pavarga,C3 (voiced unaspirate),
guñj,3,13,g,u,kavarga,C3 (voiced unaspirate),
myakṣ,3,13,m,a,pavarga,C5 (nasal),
projh,3,13,p,o,pavarga,C1 (unvoiced unaspirate),
stakṣ,3,13,s,a,sibilant,non-varga (sibilant),
tuś,3,13,t,u,tavarga,C1 (unvoiced unaspirate),
ujjhā,3,13,—,u,vowel-initial,non-varga (vowel-initial),
abhiniṣpad,3,12,—,a,vowel-initial,non-varga (vowel-initial),
apyas,3,12,—,a,vowel-initial,non-varga (vowel-initial),
camay,3,12,c,a,cavarga,C1 (unvoiced unaspirate),
ccho,3,12,c,o,cavarga,C1 (unvoiced unaspirate),
dakṣay,3,12,d,a,tavarga,C3 (voiced unaspirate),
dodhu,3,12,d,o,tavarga,C3 (voiced unaspirate),
marcay,3,12,m,a,pavarga,C5 (nasal),
ṣac,3,12,ṣ,a,sibilant,non-varga (sibilant),
abhisaṃci,3,11,—,a,vowel-initial,non-varga (vowel-initial),
inakṣ,3,11,—,i,vowel-initial,non-varga (vowel-initial),
jihās,3,11,j,i,cavarga,C3 (voiced unaspirate),
kīlay,3,11,k,ī,kavarga,C1 (unvoiced unaspirate),
pratyudyam,3,11,p,a,pavarga,C1 (unvoiced unaspirate),
samullas,3,11,s,a,sibilant,non-varga (sibilant),
upanirhṛ,3,11,—,u,vowel-initial,non-varga (vowel-initial),
upoṣ,3,11,—,u,vowel-initial,non-varga (vowel-initial),
vinirvṛt,3,11,v,i,semivowel,non-varga (semivowel),
yup,3,11,y,u,semivowel,non-varga (semivowel),
śamāy,3,11,ś,a,sibilant,non-varga (sibilant),
anūdi,3,10,—,a,vowel-initial,non-varga (vowel-initial),
anūjji,3,10,—,a,vowel-initial,non-varga (vowel-initial),
at,3,10,—,a,vowel-initial,non-varga (vowel-initial),
citrīy,3,10,c,i,cavarga,C1 (unvoiced unaspirate),
dālay,3,10,d,ā,tavarga,C3 (voiced unaspirate),
kṣṇu,3,10,k,u,kavarga,C1 (unvoiced unaspirate),
nyāsay,3,10,n,ā,tavarga,C5 (nasal),
turaṇy,3,10,t,u,tavarga,C1 (unvoiced unaspirate),
vrādh,3,10,v,ā,semivowel,non-varga (semivowel),
ṣpā,3,10,ṣ,ā,sibilant,non-varga (sibilant),
andhray,3,9,—,a,vowel-initial,non-varga (vowel-initial),
antardhāpay,3,9,—,a,vowel-initial,non-varga (vowel-initial),
draḍhay,3,9,d,a,tavarga,C3 (voiced unaspirate),
eṣ,3,9,—,e,vowel-initial,non-varga (vowel-initial),
glah,3,9,g,a,kavarga,C3 (voiced unaspirate),
panay,3,9,p,a,pavarga,C1 (unvoiced unaspirate),
pratisaṃmoday,3,9,p,a,pavarga,C1 (unvoiced unaspirate),
pruṣāy,3,9,p,u,pavarga,C1 (unvoiced unaspirate),
prāj,3,9,p,ā,pavarga,C1 (unvoiced unaspirate),
roday,3,9,r,o,semivowel,non-varga (semivowel),
tartar,3,9,t,a,tavarga,C1 (unvoiced unaspirate),
ucchvāsay,3,9,—,u,vowel-initial,non-varga (vowel-initial),
uddharṣay,3,9,—,u,vowel-initial,non-varga (vowel-initial),
upaghrāpay,3,9,—,u,vowel-initial,non-varga (vowel-initial),
vyavān,3,9,v,a,semivowel,non-varga (semivowel),
śim,3,9,ś,i,sibilant,non-varga (sibilant),
ṣpū,3,9,ṣ,ū,sibilant,non-varga (sibilant),
abhisaṃjñā,3,8,—,a,vowel-initial,non-varga (vowel-initial),
apaplāvay,3,8,—,a,vowel-initial,non-varga (vowel-initial),
carkṛṣ,3,8,c,a,cavarga,C1 (unvoiced unaspirate),
citray,3,8,c,i,cavarga,C1 (unvoiced unaspirate),
cyut,3,8,c,u,cavarga,C1 (unvoiced unaspirate),
durasy,3,8,d,u,tavarga,C3 (voiced unaspirate),
gāhay,3,8,g,ā,kavarga,C3 (voiced unaspirate),
pravī,3,8,p,a,pavarga,C1 (unvoiced unaspirate),
pī,3,8,p,ī,pavarga,C1 (unvoiced unaspirate),
sampre,3,8,s,a,sibilant,non-varga (sibilant),
sarsṛ,3,8,s,a,sibilant,non-varga (sibilant),
uddhā,3,8,—,u,vowel-initial,non-varga (vowel-initial),
uddhāray,3,8,—,u,vowel-initial,non-varga (vowel-initial),
valay,3,8,v,a,semivowel,non-varga (semivowel),
vanīvāh,3,8,v,a,semivowel,non-varga (semivowel),
vyuccar,3,8,v,u,semivowel,non-varga (semivowel),
vīṣ,3,8,v,ī,semivowel,non-varga (semivowel),
anūcchri,3,7,—,a,vowel-initial,non-varga (vowel-initial),
apacikramiṣ,3,7,—,a,vowel-initial,non-varga (vowel-initial),
bharibhṛ,3,7,bh,a,pavarga,C4 (voiced aspirate),
bibhits,3,7,b,i,pavarga,C3 (voiced unaspirate),
chā,3,7,ch,ā,cavarga,C2 (unvoiced aspirate),
iṣaṇy,3,7,—,i,vowel-initial,non-varga (vowel-initial),
jañjabh,3,7,j,a,cavarga,C3 (voiced unaspirate),
kāsay,3,7,k,ā,kavarga,C1 (unvoiced unaspirate),
liś,3,7,l,i,semivowel,non-varga (semivowel),
manday,3,7,m,a,pavarga,C5 (nasal),
mandāy,3,7,m,a,pavarga,C5 (nasal),
ned,3,7,n,e,tavarga,C5 (nasal),
nenīy,3,7,n,e,tavarga,C5 (nasal),
nikṣ,3,7,n,i,tavarga,C5 (nasal),
niṃs,3,7,n,i,tavarga,C5 (nasal),
nyṛṣ,3,7,n,ṛ,tavarga,C5 (nasal),
prārc,3,7,p,ā,pavarga,C1 (unvoiced unaspirate),
riñc,3,7,r,i,semivowel,non-varga (semivowel),
rurukṣ,3,7,r,u,semivowel,non-varga (semivowel),
ucchoṣay,3,7,—,u,vowel-initial,non-varga (vowel-initial),
udāp,3,7,—,u,vowel-initial,non-varga (vowel-initial),
upasaṃtan,3,7,—,u,vowel-initial,non-varga (vowel-initial),
viniścar,3,7,v,i,semivowel,non-varga (semivowel),
abhiprokṣ,3,6,—,a,vowel-initial,non-varga (vowel-initial),
abhiprāp,3,6,—,a,vowel-initial,non-varga (vowel-initial),
abhisaṃkram,3,6,—,a,vowel-initial,non-varga (vowel-initial),
abhyutpūray,3,6,—,a,vowel-initial,non-varga (vowel-initial),
anusaṃsmṛ,3,6,—,a,vowel-initial,non-varga (vowel-initial),
bharay,3,6,bh,a,pavarga,C4 (voiced aspirate),
jyotay,3,6,j,o,cavarga,C3 (voiced unaspirate),
lāsay,3,6,l,ā,semivowel,non-varga (semivowel),
mlāpay,3,6,m,ā,pavarga,C5 (nasal),
naṭ,3,6,n,a,tavarga,C5 (nasal),
nejay,3,6,n,e,tavarga,C5 (nasal),
ninday,3,6,n,i,tavarga,C5 (nasal),
pavitray,3,6,p,a,pavarga,C1 (unvoiced unaspirate),
pratisaṃgrah,3,6,p,a,pavarga,C1 (unvoiced unaspirate),
rahay,3,6,r,a,semivowel,non-varga (semivowel),
rup,3,6,r,u,semivowel,non-varga (semivowel),
samullikh,3,6,s,a,sibilant,non-varga (sibilant),
sedhay,3,6,s,e,sibilant,non-varga (sibilant),
sphūrjay,3,6,s,ū,sibilant,non-varga (sibilant),
tamay,3,6,t,a,tavarga,C1 (unvoiced unaspirate),
udīṣ,3,6,—,u,vowel-initial,non-varga (vowel-initial),
unmocay,3,6,—,u,vowel-initial,non-varga (vowel-initial),
upapare,3,6,—,u,vowel-initial,non-varga (vowel-initial),
upasaṃsṛj,3,6,—,u,vowel-initial,non-varga (vowel-initial),
vaśay,3,6,v,a,semivowel,non-varga (semivowel),
vyucchid,3,6,v,u,semivowel,non-varga (semivowel),
yoyup,3,6,y,o,semivowel,non-varga (semivowel),
ārdray,3,6,—,ā,vowel-initial,non-varga (vowel-initial),
śruṣ,3,6,ś,u,sibilant,non-varga (sibilant),
śulkay,3,6,ś,u,sibilant,non-varga (sibilant),
ṛtīy,3,6,—,ṛ,vowel-initial,non-varga (vowel-initial),
abhyapān,3,5,—,a,vowel-initial,non-varga (vowel-initial),
anuprekṣ,3,5,—,a,vowel-initial,non-varga (vowel-initial),
avadhīray,3,5,—,a,vowel-initial,non-varga (vowel-initial),
bhiṣaj,3,5,bh,i,pavarga,C4 (voiced aspirate),
bubhuts,3,5,b,u,pavarga,C3 (voiced unaspirate),
cakṣay,3,5,c,a,cavarga,C1 (unvoiced unaspirate),
caraṇy,3,5,c,a,cavarga,C1 (unvoiced unaspirate),
cikīṣ,3,5,c,i,cavarga,C1 (unvoiced unaspirate),
dhīps,3,5,dh,ī,tavarga,C4 (voiced aspirate),
gaveṣ,3,5,g,a,kavarga,C3 (voiced unaspirate),
hvāyay,3,5,h,ā,glottal,non-varga (glottal),
iñjay,3,5,—,i,vowel-initial,non-varga (vowel-initial),
kal,3,5,k,a,kavarga,C1 (unvoiced unaspirate),
kṛpāy,3,5,k,ṛ,kavarga,C1 (unvoiced unaspirate),
mathāy,3,5,m,a,pavarga,C5 (nasal),
mīv,3,5,m,ī,pavarga,C5 (nasal),
nirakṣ,3,5,n,i,tavarga,C5 (nasal),
prekṣay,3,5,p,e,pavarga,C1 (unvoiced unaspirate),
rapś,3,5,r,a,semivowel,non-varga (semivowel),
rejay,3,5,r,e,semivowel,non-varga (semivowel),
sampratī,3,5,s,a,sibilant,non-varga (sibilant),
spāśay,3,5,s,ā,sibilant,non-varga (sibilant),
surabhay,3,5,s,u,sibilant,non-varga (sibilant),
tirobhāvay,3,5,t,i,tavarga,C1 (unvoiced unaspirate),
trikoṭay,3,5,t,i,tavarga,C1 (unvoiced unaspirate),
tu,3,5,t,u,tavarga,C1 (unvoiced unaspirate),
uddhvaṃs,3,5,—,u,vowel-initial,non-varga (vowel-initial),
udgāh,3,5,—,u,vowel-initial,non-varga (vowel-initial),
udvad,3,5,—,u,vowel-initial,non-varga (vowel-initial),
udve,3,5,—,u,vowel-initial,non-varga (vowel-initial),
udveṣṭ,3,5,—,u,vowel-initial,non-varga (vowel-initial),
upode,3,5,—,u,vowel-initial,non-varga (vowel-initial),
vighnay,3,5,v,i,semivowel,non-varga (semivowel),
vātay,3,5,v,ā,semivowel,non-varga (semivowel),
āvirbhāvay,3,5,—,ā,vowel-initial,non-varga (vowel-initial),
īrṣy,3,5,—,ī,vowel-initial,non-varga (vowel-initial),
ś,3,5,ś,?,sibilant,non-varga (sibilant),
śubhay,3,5,ś,u,sibilant,non-varga (sibilant),
abhinirgam,3,4,—,a,vowel-initial,non-varga (vowel-initial),
anukūlay,3,4,—,a,vowel-initial,non-varga (vowel-initial),
barbṛh,3,4,b,a,pavarga,C3 (voiced unaspirate),
dehay,3,4,d,e,tavarga,C3 (voiced unaspirate),
dhanay,3,4,dh,a,tavarga,C4 (voiced aspirate),
dhav,3,4,dh,a,tavarga,C4 (voiced aspirate),
dhūlay,3,4,dh,ū,tavarga,C4 (voiced aspirate),
dudhūrṣ,3,4,d,u,tavarga,C3 (voiced unaspirate),
hlād,3,4,h,ā,glottal,non-varga (glottal),
irasy,3,4,—,i,vowel-initial,non-varga (vowel-initial),
jabh,3,4,j,a,cavarga,C3 (voiced unaspirate),
jalpay,3,4,j,a,cavarga,C3 (voiced unaspirate),
kelāy,3,4,k,e,kavarga,C1 (unvoiced unaspirate),
lālap,3,4,l,ā,semivowel,non-varga (semivowel),
mamāy,3,4,m,a,pavarga,C5 (nasal),
nidrāy,3,4,n,i,tavarga,C5 (nasal),
preṅkhay,3,4,p,e,pavarga,C1 (unvoiced unaspirate),
proccāray,3,4,p,o,pavarga,C1 (unvoiced unaspirate),
proddhṛ,3,4,p,o,pavarga,C1 (unvoiced unaspirate),
protay,3,4,p,o,pavarga,C1 (unvoiced unaspirate),
samabhyave,3,4,s,a,sibilant,non-varga (sibilant),
samadhī,3,4,s,a,sibilant,non-varga (sibilant),
samucchvas,3,4,s,a,sibilant,non-varga (sibilant),
samudgrah,3,4,s,a,sibilant,non-varga (sibilant),
samunmajj,3,4,s,a,sibilant,non-varga (sibilant),
skhalay,3,4,s,a,sibilant,non-varga (sibilant),
spanday,3,4,s,a,sibilant,non-varga (sibilant),
sphuṭay,3,4,s,u,sibilant,non-varga (sibilant),
sīkṣ,3,4,s,ī,sibilant,non-varga (sibilant),
tantray,3,4,t,a,tavarga,C1 (unvoiced unaspirate),
unmṛś,3,4,—,u,vowel-initial,non-varga (vowel-initial),
upasaṃśri,3,4,—,u,vowel-initial,non-varga (vowel-initial),
uḍḍīy,3,4,—,u,vowel-initial,non-varga (vowel-initial),
vat,3,4,v,a,semivowel,non-varga (semivowel),
vinirhan,3,4,v,i,semivowel,non-varga (semivowel),
visaṃvad,3,4,v,i,semivowel,non-varga (semivowel),
yakṣ,3,4,y,a,semivowel,non-varga (semivowel),
ārogyay,3,4,—,ā,vowel-initial,non-varga (vowel-initial),
śnathay,3,4,ś,a,sibilant,non-varga (sibilant),
śrambhay,3,4,ś,a,sibilant,non-varga (sibilant),
śravay,3,4,ś,a,sibilant,non-varga (sibilant),
ṣevay,3,4,ṣ,e,sibilant,non-varga (sibilant),
abhinirvap,3,3,—,a,vowel-initial,non-varga (vowel-initial),
abhiniṣpat,3,3,—,a,vowel-initial,non-varga (vowel-initial),
abhyuddru,3,3,—,a,vowel-initial,non-varga (vowel-initial),
abhyutkramay,3,3,—,a,vowel-initial,non-varga (vowel-initial),
anusaṃkram,3,3,—,a,vowel-initial,non-varga (vowel-initial),
apāj,3,3,—,a,vowel-initial,non-varga (vowel-initial),
bhur,3,3,bh,u,pavarga,C4 (voiced aspirate),
ccheday,3,3,c,e,cavarga,C1 (unvoiced unaspirate),
damāy,3,3,d,a,tavarga,C3 (voiced unaspirate),
gandhay,3,3,g,a,kavarga,C3 (voiced unaspirate),
ganīgam,3,3,g,a,kavarga,C3 (voiced unaspirate),
garjay,3,3,g,a,kavarga,C3 (voiced unaspirate),
gātuy,3,3,g,ā,kavarga,C3 (voiced unaspirate),
hūrch,3,3,h,ū,glottal,non-varga (glottal),
jighṛkṣ,3,3,j,i,cavarga,C3 (voiced unaspirate),
juhūṣ,3,3,j,u,cavarga,C3 (voiced unaspirate),
larday,3,3,l,a,semivowel,non-varga (semivowel),
narday,3,3,n,a,tavarga,C5 (nasal),
nāṭay,3,3,n,ā,tavarga,C5 (nasal),
palyaṅy,3,3,p,a,pavarga,C1 (unvoiced unaspirate),
parikarmay,3,3,p,a,pavarga,C1 (unvoiced unaspirate),
paryudas,3,3,p,a,pavarga,C1 (unvoiced unaspirate),
pipatiṣ,3,3,p,i,pavarga,C1 (unvoiced unaspirate),
pratimīv,3,3,p,a,pavarga,C1 (unvoiced unaspirate),
pratisaṃdiś,3,3,p,a,pavarga,C1 (unvoiced unaspirate),
pratyudīkṣ,3,3,p,a,pavarga,C1 (unvoiced unaspirate),
pratyupe,3,3,p,a,pavarga,C1 (unvoiced unaspirate),
raṃhay,3,3,r,a,semivowel,non-varga (semivowel),
reṣay,3,3,r,e,semivowel,non-varga (semivowel),
riś,3,3,r,i,semivowel,non-varga (semivowel),
rāraj,3,3,r,ā,semivowel,non-varga (semivowel),
rāvay,3,3,r,ā,semivowel,non-varga (semivowel),
samparī,3,3,s,a,sibilant,non-varga (sibilant),
samunmīl,3,3,s,a,sibilant,non-varga (sibilant),
srevay,3,3,s,e,sibilant,non-varga (sibilant),
subh,3,3,s,u,sibilant,non-varga (sibilant),
takṣay,3,3,t,a,tavarga,C1 (unvoiced unaspirate),
taray,3,3,t,a,tavarga,C1 (unvoiced unaspirate),
udgrāhay,3,3,—,u,vowel-initial,non-varga (vowel-initial),
udvraj,3,3,—,u,vowel-initial,non-varga (vowel-initial),
unmanāy,3,3,—,u,vowel-initial,non-varga (vowel-initial),
unmṛd,3,3,—,u,vowel-initial,non-varga (vowel-initial),
upodgrah,3,3,—,u,vowel-initial,non-varga (vowel-initial),
upāvekṣ,3,3,—,u,vowel-initial,non-varga (vowel-initial),
vivats,3,3,v,i,semivowel,non-varga (semivowel),
yuyukṣ,3,3,y,u,semivowel,non-varga (semivowel),
śriṣ,3,3,ś,i,sibilant,non-varga (sibilant),
śyetīkṛ,3,3,ś,e,sibilant,non-varga (sibilant),
ḍamb,3,3,ḍ,a,ṭavarga,C3 (voiced unaspirate),
vinirmuc,2,229,v,i,semivowel,non-varga (semivowel),
viniści,2,92,v,i,semivowel,non-varga (semivowel),
vrīḍ,2,84,v,ī,semivowel,non-varga (semivowel),
samanuprāp,2,79,s,a,sibilant,non-varga (sibilant),
bubhukṣ,2,73,b,u,pavarga,C3 (voiced unaspirate),
abhisaṃvṛ,2,71,—,a,vowel-initial,non-varga (vowel-initial),
samucchri,2,66,s,a,sibilant,non-varga (sibilant),
kalkay,2,62,k,a,kavarga,C1 (unvoiced unaspirate),
abhisaṃtap,2,55,—,a,vowel-initial,non-varga (vowel-initial),
jvaray,2,49,j,a,cavarga,C3 (voiced unaspirate),
tandray,2,45,t,a,tavarga,C1 (unvoiced unaspirate),
nabh,2,42,n,a,tavarga,C5 (nasal),
samprokṣ,2,38,s,a,sibilant,non-varga (sibilant),
abhisaṃviś,2,36,—,a,vowel-initial,non-varga (vowel-initial),
didhakṣ,2,35,d,i,tavarga,C3 (voiced unaspirate),
pṛtanāy,2,33,p,ṛ,pavarga,C1 (unvoiced unaspirate),
samudgam,2,28,s,a,sibilant,non-varga (sibilant),
samuddhū,2,27,s,a,sibilant,non-varga (sibilant),
ṛtāy,2,27,—,ṛ,vowel-initial,non-varga (vowel-initial),
mumūrṣ,2,26,m,u,pavarga,C5 (nasal),
saṃprokṣay,2,25,s,a,sibilant,non-varga (sibilant),
cañc,2,23,c,a,cavarga,C1 (unvoiced unaspirate),
dhavalay,2,23,dh,a,tavarga,C4 (voiced aspirate),
lālapy,2,23,l,ā,semivowel,non-varga (semivowel),
uḍḍī,2,23,—,u,vowel-initial,non-varga (vowel-initial),
ṣkvāthay,2,23,ṣ,ā,sibilant,non-varga (sibilant),
dolāy,2,22,d,o,tavarga,C3 (voiced unaspirate),
śatrūy,2,22,ś,a,sibilant,non-varga (sibilant),
anvañj,2,21,—,a,vowel-initial,non-varga (vowel-initial),
cekit,2,21,c,e,cavarga,C1 (unvoiced unaspirate),
dhyāyay,2,21,dh,ā,tavarga,C4 (voiced aspirate),
rpay,2,21,r,a,semivowel,non-varga (semivowel),
parīkṣay,2,20,p,a,pavarga,C1 (unvoiced unaspirate),
pratibimb,2,20,p,a,pavarga,C1 (unvoiced unaspirate),
udghuṣ,2,20,—,u,vowel-initial,non-varga (vowel-initial),
parisaṃvah,2,19,p,a,pavarga,C1 (unvoiced unaspirate),
prativīkṣ,2,19,p,a,pavarga,C1 (unvoiced unaspirate),
anusaṃsṛp,2,18,—,a,vowel-initial,non-varga (vowel-initial),
lohitāy,2,18,l,o,semivowel,non-varga (semivowel),
rorūy,2,18,r,o,semivowel,non-varga (semivowel),
anusamprāp,2,17,—,a,vowel-initial,non-varga (vowel-initial),
bhasmay,2,17,bh,a,pavarga,C4 (voiced aspirate),
saṃnirmā,2,17,s,a,sibilant,non-varga (sibilant),
vi,2,17,v,i,semivowel,non-varga (semivowel),
al,2,16,—,a,vowel-initial,non-varga (vowel-initial),
jarhṛṣ,2,16,j,a,cavarga,C3 (voiced unaspirate),
ullāsay,2,16,—,u,vowel-initial,non-varga (vowel-initial),
upāñj,2,16,—,u,vowel-initial,non-varga (vowel-initial),
viniṣpiṣ,2,16,v,i,semivowel,non-varga (semivowel),
dodhūy,2,15,d,o,tavarga,C3 (voiced unaspirate),
iṅg,2,15,—,i,vowel-initial,non-varga (vowel-initial),
iṣudhy,2,15,—,i,vowel-initial,non-varga (vowel-initial),
pratisaṃsṛj,2,13,p,a,pavarga,C1 (unvoiced unaspirate),
āvay,2,13,—,ā,vowel-initial,non-varga (vowel-initial),
śravasy,2,13,ś,a,sibilant,non-varga (sibilant),
anūnnī,2,12,—,a,vowel-initial,non-varga (vowel-initial),
cirāy,2,12,c,i,cavarga,C1 (unvoiced unaspirate),
pulakay,2,12,p,u,pavarga,C1 (unvoiced unaspirate),
ucci,2,12,—,u,vowel-initial,non-varga (vowel-initial),
ullup,2,12,—,u,vowel-initial,non-varga (vowel-initial),
viparī,2,12,v,i,semivowel,non-varga (semivowel),
anūddru,2,11,—,a,vowel-initial,non-varga (vowel-initial),
cat,2,11,c,a,cavarga,C1 (unvoiced unaspirate),
dedīpy,2,11,d,e,tavarga,C3 (voiced unaspirate),
j￞,2,11,j,?,cavarga,C3 (voiced unaspirate),
pravinyas,2,11,p,a,pavarga,C1 (unvoiced unaspirate),
stud,2,11,s,u,sibilant,non-varga (sibilant),
udvepay,2,11,—,u,vowel-initial,non-varga (vowel-initial),
vamay,2,11,v,a,semivowel,non-varga (semivowel),
varey,2,11,v,a,semivowel,non-varga (semivowel),
vivits,2,11,v,i,semivowel,non-varga (semivowel),
śithilay,2,11,ś,i,sibilant,non-varga (sibilant),
abhisaṃrabh,2,10,—,a,vowel-initial,non-varga (vowel-initial),
kaṇḍay,2,10,k,a,kavarga,C1 (unvoiced unaspirate),
prādhī,2,10,p,ā,pavarga,C1 (unvoiced unaspirate),
samutkruś,2,10,s,a,sibilant,non-varga (sibilant),
tarj,2,10,t,a,tavarga,C1 (unvoiced unaspirate),
upasaṃprāp,2,10,—,u,vowel-initial,non-varga (vowel-initial),
upātī,2,10,—,u,vowel-initial,non-varga (vowel-initial),
śabdāy,2,10,ś,a,sibilant,non-varga (sibilant),
ṇed,2,10,ṇ,e,ṭavarga,C5 (nasal),
abhinirji,2,9,—,a,vowel-initial,non-varga (vowel-initial),
adhvarīy,2,9,—,a,vowel-initial,non-varga (vowel-initial),
bhuraṇy,2,9,bh,u,pavarga,C4 (voiced aspirate),
cañcūry,2,9,c,a,cavarga,C1 (unvoiced unaspirate),
endh,2,9,—,e,vowel-initial,non-varga (vowel-initial),
nigaḍay,2,9,n,i,tavarga,C5 (nasal),
uñch,2,9,—,u,vowel-initial,non-varga (vowel-initial),
vinirhṛ,2,9,v,i,semivowel,non-varga (semivowel),
abhyude,2,8,—,a,vowel-initial,non-varga (vowel-initial),
avās,2,8,—,a,vowel-initial,non-varga (vowel-initial),
cimicimāy,2,8,c,i,cavarga,C1 (unvoiced unaspirate),
dhraj,2,8,dh,a,tavarga,C4 (voiced aspirate),
luj,2,8,l,u,semivowel,non-varga (semivowel),
mithyākṛ,2,8,m,i,pavarga,C5 (nasal),
muṇḍay,2,8,m,u,pavarga,C5 (nasal),
pratisaṃrabh,2,8,p,a,pavarga,C1 (unvoiced unaspirate),
prārpay,2,8,p,ā,pavarga,C1 (unvoiced unaspirate),
prāyaścittīy,2,8,p,ā,pavarga,C1 (unvoiced unaspirate),
samutkliś,2,8,s,a,sibilant,non-varga (sibilant),
udbhās,2,8,—,u,vowel-initial,non-varga (vowel-initial),
udvyadh,2,8,—,u,vowel-initial,non-varga (vowel-initial),
utsarj,2,8,—,u,vowel-initial,non-varga (vowel-initial),
varivasy,2,8,v,a,semivowel,non-varga (semivowel),
vālay,2,8,v,ā,semivowel,non-varga (semivowel),
vṛṣaṇy,2,8,v,ṛ,semivowel,non-varga (semivowel),
ṇenij,2,8,ṇ,e,ṭavarga,C5 (nasal),
ṛghāy,2,8,—,ṛ,vowel-initial,non-varga (vowel-initial),
abhisaṃvas,2,7,—,a,vowel-initial,non-varga (vowel-initial),
abhivyāp,2,7,—,a,vowel-initial,non-varga (vowel-initial),
aperay,2,7,—,a,vowel-initial,non-varga (vowel-initial),
apyṛj,2,7,—,a,vowel-initial,non-varga (vowel-initial),
bruḍ,2,7,b,u,pavarga,C3 (voiced unaspirate),
khel,2,7,kh,e,kavarga,C2 (unvoiced aspirate),
mūtr,2,7,m,ū,pavarga,C5 (nasal),
nidrā,2,7,n,i,tavarga,C5 (nasal),
paryavekṣ,2,7,p,a,pavarga,C1 (unvoiced unaspirate),
pratisaṃlī,2,7,p,a,pavarga,C1 (unvoiced unaspirate),
pratisaṃmud,2,7,p,a,pavarga,C1 (unvoiced unaspirate),
pyai,2,7,p,a,pavarga,C1 (unvoiced unaspirate),
taṃs,2,7,t,a,tavarga,C1 (unvoiced unaspirate),
tustūrṣ,2,7,t,u,tavarga,C1 (unvoiced unaspirate),
upaprekṣ,2,7,—,u,vowel-initial,non-varga (vowel-initial),
upokṣ,2,7,—,u,vowel-initial,non-varga (vowel-initial),
vyuddhṛ,2,7,v,u,semivowel,non-varga (semivowel),
śramay,2,7,ś,a,sibilant,non-varga (sibilant),
ṣkhid,2,7,ṣ,i,sibilant,non-varga (sibilant),
abhisamprāp,2,6,—,a,vowel-initial,non-varga (vowel-initial),
abhisaṃtan,2,6,—,a,vowel-initial,non-varga (vowel-initial),
anuvī,2,6,—,a,vowel-initial,non-varga (vowel-initial),
anūpe,2,6,—,a,vowel-initial,non-varga (vowel-initial),
dāsay,2,6,d,ā,tavarga,C3 (voiced unaspirate),
jeh,2,6,j,e,cavarga,C3 (voiced unaspirate),
kavalay,2,6,k,a,kavarga,C1 (unvoiced unaspirate),
kaṇṭhay,2,6,k,a,kavarga,C1 (unvoiced unaspirate),
kumbhay,2,6,k,u,kavarga,C1 (unvoiced unaspirate),
malinay,2,6,m,a,pavarga,C5 (nasal),
mreḍay,2,6,m,e,pavarga,C5 (nasal),
pariniści,2,6,p,a,pavarga,C1 (unvoiced unaspirate),
paryam,2,6,p,a,pavarga,C1 (unvoiced unaspirate),
pratyave,2,6,p,a,pavarga,C1 (unvoiced unaspirate),
retay,2,6,r,e,semivowel,non-varga (semivowel),
samabhī,2,6,s,a,sibilant,non-varga (sibilant),
siñcay,2,6,s,i,sibilant,non-varga (sibilant),
tetij,2,6,t,e,tavarga,C1 (unvoiced unaspirate),
udveṣṭay,2,6,—,u,vowel-initial,non-varga (vowel-initial),
ullih,2,6,—,u,vowel-initial,non-varga (vowel-initial),
unmiśray,2,6,—,u,vowel-initial,non-varga (vowel-initial),
upāve,2,6,—,u,vowel-initial,non-varga (vowel-initial),
ār,2,6,—,ā,vowel-initial,non-varga (vowel-initial),
ṛjūy,2,6,—,ṛ,vowel-initial,non-varga (vowel-initial),
abhisaṃbhṛ,2,5,—,a,vowel-initial,non-varga (vowel-initial),
abhisaṃgrah,2,5,—,a,vowel-initial,non-varga (vowel-initial),
adhyupekṣ,2,5,—,a,vowel-initial,non-varga (vowel-initial),
anuprāpay,2,5,—,a,vowel-initial,non-varga (vowel-initial),
anūtsṛj,2,5,—,a,vowel-initial,non-varga (vowel-initial),
araṇy,2,5,—,a,vowel-initial,non-varga (vowel-initial),
bhand,2,5,bh,a,pavarga,C4 (voiced aspirate),
ccharday,2,5,c,a,cavarga,C1 (unvoiced unaspirate),
daray,2,5,d,a,tavarga,C3 (voiced unaspirate),
dhanāy,2,5,dh,a,tavarga,C4 (voiced aspirate),
didhyās,2,5,d,i,tavarga,C3 (voiced unaspirate),
ihīrṣ,2,5,—,i,vowel-initial,non-varga (vowel-initial),
jargur,2,5,j,a,cavarga,C3 (voiced unaspirate),
jijyās,2,5,j,i,cavarga,C3 (voiced unaspirate),
jijyūṣ,2,5,j,i,cavarga,C3 (voiced unaspirate),
kaluṣay,2,5,k,a,kavarga,C1 (unvoiced unaspirate),
ketay,2,5,k,e,kavarga,C1 (unvoiced unaspirate),
kūrd,2,5,k,ū,kavarga,C1 (unvoiced unaspirate),
mokṣ,2,5,m,o,pavarga,C5 (nasal),
niravahan,2,5,n,i,tavarga,C5 (nasal),
niḥśī,2,5,n,i,tavarga,C5 (nasal),
nāvay,2,5,n,ā,tavarga,C5 (nasal),
pratyucchri,2,5,p,a,pavarga,C1 (unvoiced unaspirate),
pratyuddīp,2,5,p,a,pavarga,C1 (unvoiced unaspirate),
prollas,2,5,p,o,pavarga,C1 (unvoiced unaspirate),
samudghāṭay,2,5,s,a,sibilant,non-varga (sibilant),
saṃpare,2,5,s,a,sibilant,non-varga (sibilant),
saṃpreray,2,5,s,a,sibilant,non-varga (sibilant),
sku,2,5,s,u,sibilant,non-varga (sibilant),
taviṣy,2,5,t,a,tavarga,C1 (unvoiced unaspirate),
udvṛh,2,5,—,u,vowel-initial,non-varga (vowel-initial),
unmudray,2,5,—,u,vowel-initial,non-varga (vowel-initial),
upasaṃvye,2,5,—,u,vowel-initial,non-varga (vowel-initial),
vipalyaṅgay,2,5,v,i,semivowel,non-varga (semivowel),
vipre,2,5,v,i,semivowel,non-varga (semivowel),
viṣṭ,2,5,v,i,semivowel,non-varga (semivowel),
vyapās,2,5,v,a,semivowel,non-varga (semivowel),
ṇoday,2,5,ṇ,o,ṭavarga,C5 (nasal),
ṣkramay,2,5,ṣ,a,sibilant,non-varga (sibilant),
abhinyubj,2,4,—,a,vowel-initial,non-varga (vowel-initial),
abhisaṃnam,2,4,—,a,vowel-initial,non-varga (vowel-initial),
anusaṃhṛ,2,4,—,a,vowel-initial,non-varga (vowel-initial),
ativālay,2,4,—,a,vowel-initial,non-varga (vowel-initial),
bhan,2,4,bh,a,pavarga,C4 (voiced aspirate),
bhañjay,2,4,bh,a,pavarga,C4 (voiced aspirate),
bhreṣ,2,4,bh,e,pavarga,C4 (voiced aspirate),
bhrājay,2,4,bh,ā,pavarga,C4 (voiced aspirate),
caṭ,2,4,c,a,cavarga,C1 (unvoiced unaspirate),
chidray,2,4,ch,i,cavarga,C2 (unvoiced aspirate),
dandah,2,4,d,a,tavarga,C3 (voiced unaspirate),
dhandhāy,2,4,dh,a,tavarga,C4 (voiced aspirate),
dhīkṣ,2,4,dh,ī,tavarga,C4 (voiced aspirate),
granthay,2,4,g,a,kavarga,C3 (voiced unaspirate),
hrepay,2,4,h,e,glottal,non-varga (glottal),
kalahay,2,4,k,a,kavarga,C1 (unvoiced unaspirate),
likhāpay,2,4,l,i,semivowel,non-varga (semivowel),
līlāy,2,4,l,ī,semivowel,non-varga (semivowel),
meday,2,4,m,e,pavarga,C5 (nasal),
nabhay,2,4,n,a,tavarga,C5 (nasal),
paryañj,2,4,p,a,pavarga,C1 (unvoiced unaspirate),
paryaś,2,4,p,a,pavarga,C1 (unvoiced unaspirate),
paryeṣay,2,4,p,a,pavarga,C1 (unvoiced unaspirate),
phālay,2,4,ph,ā,pavarga,C2 (unvoiced aspirate),
pipīṣ,2,4,p,i,pavarga,C1 (unvoiced unaspirate),
poplūy,2,4,p,o,pavarga,C1 (unvoiced unaspirate),
pratinirvap,2,4,p,a,pavarga,C1 (unvoiced unaspirate),
pratipare,2,4,p,a,pavarga,C1 (unvoiced unaspirate),
pratisaṃkhyā,2,4,p,a,pavarga,C1 (unvoiced unaspirate),
rī,2,4,r,ī,semivowel,non-varga (semivowel),
samude,2,4,s,a,sibilant,non-varga (sibilant),
samutkṛ,2,4,s,a,sibilant,non-varga (sibilant),
stenay,2,4,s,e,sibilant,non-varga (sibilant),
svapasy,2,4,s,a,sibilant,non-varga (sibilant),
sīvay,2,4,s,ī,sibilant,non-varga (sibilant),
taralay,2,4,t,a,tavarga,C1 (unvoiced unaspirate),
titṛps,2,4,t,i,tavarga,C1 (unvoiced unaspirate),
udubj,2,4,—,u,vowel-initial,non-varga (vowel-initial),
upaniḥsṛp,2,4,—,u,vowel-initial,non-varga (vowel-initial),
vasay,2,4,v,a,semivowel,non-varga (semivowel),
vācālay,2,4,v,ā,semivowel,non-varga (semivowel),
ākulay,2,4,—,ā,vowel-initial,non-varga (vowel-initial),
āmahīy,2,4,—,ā,vowel-initial,non-varga (vowel-initial),
ṣṭyai,2,4,ṣ,a,sibilant,non-varga (sibilant),
abhijvalay,2,3,—,a,vowel-initial,non-varga (vowel-initial),
abhiniras,2,3,—,a,vowel-initial,non-varga (vowel-initial),
abhyupekṣ,2,3,—,a,vowel-initial,non-varga (vowel-initial),
adhihan,2,3,—,a,vowel-initial,non-varga (vowel-initial),
anuniṣkram,2,3,—,a,vowel-initial,non-varga (vowel-initial),
anvarj,2,3,—,a,vowel-initial,non-varga (vowel-initial),
anvavān,2,3,—,a,vowel-initial,non-varga (vowel-initial),
anvāp,2,3,—,a,vowel-initial,non-varga (vowel-initial),
anūtkram,2,3,—,a,vowel-initial,non-varga (vowel-initial),
arth,2,3,—,a,vowel-initial,non-varga (vowel-initial),
atikṛ,2,3,—,a,vowel-initial,non-varga (vowel-initial),
atikṣāray,2,3,—,a,vowel-initial,non-varga (vowel-initial),
avakarṇay,2,3,—,a,vowel-initial,non-varga (vowel-initial),
avarohay,2,3,—,a,vowel-initial,non-varga (vowel-initial),
aśiśiṣ,2,3,—,a,vowel-initial,non-varga (vowel-initial),
bharv,2,3,bh,a,pavarga,C4 (voiced aspirate),
chup,2,3,ch,u,cavarga,C2 (unvoiced aspirate),
cicīṣ,2,3,c,i,cavarga,C1 (unvoiced unaspirate),
ciray,2,3,c,i,cavarga,C1 (unvoiced unaspirate),
coṣkūy,2,3,c,o,cavarga,C1 (unvoiced unaspirate),
cumbay,2,3,c,u,cavarga,C1 (unvoiced unaspirate),
dasyusādbhū,2,3,d,a,tavarga,C3 (voiced unaspirate),
dhūmay,2,3,dh,ū,tavarga,C4 (voiced aspirate),
dudukṣ,2,3,d,u,tavarga,C3 (voiced unaspirate),
ghar,2,3,gh,a,kavarga,C4 (voiced aspirate),
ghūrṇay,2,3,gh,ū,kavarga,C4 (voiced aspirate),
golay,2,3,g,o,kavarga,C3 (voiced unaspirate),
hvānay,2,3,h,ā,glottal,non-varga (glottal),
hās,2,3,h,ā,glottal,non-varga (glottal),
jaṅgah,2,3,j,a,cavarga,C3 (voiced unaspirate),
joguv,2,3,j,o,cavarga,C3 (voiced unaspirate),
jāsay,2,3,j,ā,cavarga,C3 (voiced unaspirate),
kandalay,2,3,k,a,kavarga,C1 (unvoiced unaspirate),
kaṇ,2,3,k,a,kavarga,C1 (unvoiced unaspirate),
kaṭakaṭāyay,2,3,k,a,kavarga,C1 (unvoiced unaspirate),
kothay,2,3,k,o,kavarga,C1 (unvoiced unaspirate),
krīḍāpay,2,3,k,ī,kavarga,C1 (unvoiced unaspirate),
makhasy,2,3,m,a,pavarga,C5 (nasal),
maṃhay,2,3,m,a,pavarga,C5 (nasal),
memy,2,3,m,e,pavarga,C5 (nasal),
mūlay,2,3,m,ū,pavarga,C5 (nasal),
naday,2,3,n,a,tavarga,C5 (nasal),
nibhālay,2,3,n,i,tavarga,C5 (nasal),
nonud,2,3,n,o,tavarga,C5 (nasal),
nyund,2,3,n,u,tavarga,C5 (nasal),
nīrājay,2,3,n,ī,tavarga,C5 (nasal),
pariniṣpad,2,3,p,a,pavarga,C1 (unvoiced unaspirate),
parinyas,2,3,p,a,pavarga,C1 (unvoiced unaspirate),
parisaṃcakṣ,2,3,p,a,pavarga,C1 (unvoiced unaspirate),
paryanviṣ,2,3,p,a,pavarga,C1 (unvoiced unaspirate),
paṇāy,2,3,p,a,pavarga,C1 (unvoiced unaspirate),
pepīy,2,3,p,e,pavarga,C1 (unvoiced unaspirate),
phāṇay,2,3,ph,ā,pavarga,C2 (unvoiced aspirate),
pramāṇay,2,3,p,a,pavarga,C1 (unvoiced unaspirate),
pratiniryā,2,3,p,a,pavarga,C1 (unvoiced unaspirate),
pratisaṃyat,2,3,p,a,pavarga,C1 (unvoiced unaspirate),
pratyujjīv,2,3,p,a,pavarga,C1 (unvoiced unaspirate),
pratyādhāv,2,3,p,a,pavarga,C1 (unvoiced unaspirate),
pronmīlay,2,3,p,o,pavarga,C1 (unvoiced unaspirate),
rip,2,3,r,i,semivowel,non-varga (semivowel),
samanvīkṣ,2,3,s,a,sibilant,non-varga (sibilant),
samudyā,2,3,s,a,sibilant,non-varga (sibilant),
samunmath,2,3,s,a,sibilant,non-varga (sibilant),
saraṇy,2,3,s,a,sibilant,non-varga (sibilant),
sarj,2,3,s,a,sibilant,non-varga (sibilant),
saṃnirvap,2,3,s,a,sibilant,non-varga (sibilant),
saṃprāśay,2,3,s,a,sibilant,non-varga (sibilant),
spāray,2,3,s,ā,sibilant,non-varga (sibilant),
stigh,2,3,s,i,sibilant,non-varga (sibilant),
svādhyāy,2,3,s,ā,sibilant,non-varga (sibilant),
tand,2,3,t,a,tavarga,C1 (unvoiced unaspirate),
turay,2,3,t,u,tavarga,C1 (unvoiced unaspirate),
uccheday,2,3,—,u,vowel-initial,non-varga (vowel-initial),
udbādh,2,3,—,u,vowel-initial,non-varga (vowel-initial),
uddhvaṃsay,2,3,—,u,vowel-initial,non-varga (vowel-initial),
uddih,2,3,—,u,vowel-initial,non-varga (vowel-initial),
udghṛṣ,2,3,—,u,vowel-initial,non-varga (vowel-initial),
ujjvalay,2,3,—,u,vowel-initial,non-varga (vowel-initial),
ullambay,2,3,—,u,vowel-initial,non-varga (vowel-initial),
unmajjay,2,3,—,u,vowel-initial,non-varga (vowel-initial),
unmārjay,2,3,—,u,vowel-initial,non-varga (vowel-initial),
upamīmāṃs,2,3,—,u,vowel-initial,non-varga (vowel-initial),
upaniṣkramay,2,3,—,u,vowel-initial,non-varga (vowel-initial),
upasaṃveśay,2,3,—,u,vowel-initial,non-varga (vowel-initial),
upasaṃviś,2,3,—,u,vowel-initial,non-varga (vowel-initial),
upasaṃśaṃs,2,3,—,u,vowel-initial,non-varga (vowel-initial),
utsukay,2,3,—,u,vowel-initial,non-varga (vowel-initial),
valh,2,3,v,a,semivowel,non-varga (semivowel),
vasūy,2,3,v,a,semivowel,non-varga (semivowel),
vevij,2,3,v,e,semivowel,non-varga (semivowel),
viparyūh,2,3,v,i,semivowel,non-varga (semivowel),
vividiṣ,2,3,v,i,semivowel,non-varga (semivowel),
viśaday,2,3,v,i,semivowel,non-varga (semivowel),
vānay,2,3,v,ā,semivowel,non-varga (semivowel),
vāvāś,2,3,v,ā,semivowel,non-varga (semivowel),
yuyūṣ,2,3,y,u,semivowel,non-varga (semivowel),
śardhay,2,3,ś,a,sibilant,non-varga (sibilant),
śiśayiṣ,2,3,ś,i,sibilant,non-varga (sibilant),
śyānay,2,3,ś,ā,sibilant,non-varga (sibilant),
ṇāyay,2,3,ṇ,ā,ṭavarga,C5 (nasal),
abhinirmi,2,2,—,a,vowel-initial,non-varga (vowel-initial),
abhinirīkṣ,2,2,—,a,vowel-initial,non-varga (vowel-initial),
abhinyas,2,2,—,a,vowel-initial,non-varga (vowel-initial),
abhipratī,2,2,—,a,vowel-initial,non-varga (vowel-initial),
abhipreṣ,2,2,—,a,vowel-initial,non-varga (vowel-initial),
abhisaṃcar,2,2,—,a,vowel-initial,non-varga (vowel-initial),
abhisaṃmīl,2,2,—,a,vowel-initial,non-varga (vowel-initial),
abhisaṃnah,2,2,—,a,vowel-initial,non-varga (vowel-initial),
abhisaṃyam,2,2,—,a,vowel-initial,non-varga (vowel-initial),
abhisaṃśliṣ,2,2,—,a,vowel-initial,non-varga (vowel-initial),
abhivyañjay,2,2,—,a,vowel-initial,non-varga (vowel-initial),
abhyatyūh,2,2,—,a,vowel-initial,non-varga (vowel-initial),
abhyudīray,2,2,—,a,vowel-initial,non-varga (vowel-initial),
abhyujjīv,2,2,—,a,vowel-initial,non-varga (vowel-initial),
abhīkṣ,2,2,—,a,vowel-initial,non-varga (vowel-initial),
adhisaṃdhā,2,2,—,a,vowel-initial,non-varga (vowel-initial),
adhyāsay,2,2,—,a,vowel-initial,non-varga (vowel-initial),
ahaṃkṛ,2,2,—,a,vowel-initial,non-varga (vowel-initial),
anuparilikh,2,2,—,a,vowel-initial,non-varga (vowel-initial),
anuparind,2,2,—,a,vowel-initial,non-varga (vowel-initial),
anupariplu,2,2,—,a,vowel-initial,non-varga (vowel-initial),
anusaṃnud,2,2,—,a,vowel-initial,non-varga (vowel-initial),
anusaṃtṛ,2,2,—,a,vowel-initial,non-varga (vowel-initial),
anusaṃvarṇay,2,2,—,a,vowel-initial,non-varga (vowel-initial),
anusaṃvye,2,2,—,a,vowel-initial,non-varga (vowel-initial),
anuvyave,2,2,—,a,vowel-initial,non-varga (vowel-initial),
anvaś,2,2,—,a,vowel-initial,non-varga (vowel-initial),
anūpaviś,2,2,—,a,vowel-initial,non-varga (vowel-initial),
apuvāy,2,2,—,a,vowel-initial,non-varga (vowel-initial),
balay,2,2,b,a,pavarga,C3 (voiced unaspirate),
bhāray,2,2,bh,ā,pavarga,C4 (voiced aspirate),
bhārāy,2,2,bh,ā,pavarga,C4 (voiced aspirate),
bhāyay,2,2,bh,ā,pavarga,C4 (voiced aspirate),
canasy,2,2,c,a,cavarga,C1 (unvoiced unaspirate),
caniṣkad,2,2,c,a,cavarga,C1 (unvoiced unaspirate),
churay,2,2,ch,u,cavarga,C2 (unvoiced aspirate),
cikrīḍ,2,2,c,i,cavarga,C1 (unvoiced unaspirate),
cikrīṣ,2,2,c,i,cavarga,C1 (unvoiced unaspirate),
cyavay,2,2,c,a,cavarga,C1 (unvoiced unaspirate),
cyotay,2,2,c,o,cavarga,C1 (unvoiced unaspirate),
dad,2,2,d,a,tavarga,C3 (voiced unaspirate),
dasay,2,2,d,a,tavarga,C3 (voiced unaspirate),
daṃsay,2,2,d,a,tavarga,C3 (voiced unaspirate),
dhardhṛ,2,2,dh,a,tavarga,C4 (voiced aspirate),
dharmay,2,2,dh,a,tavarga,C4 (voiced aspirate),
dhiyāy,2,2,dh,i,tavarga,C4 (voiced aspirate),
dhunay,2,2,dh,u,tavarga,C4 (voiced aspirate),
dhyāpay,2,2,dh,ā,tavarga,C4 (voiced aspirate),
dhūsarīkṛ,2,2,dh,ū,tavarga,C4 (voiced aspirate),
didhīrṣ,2,2,d,i,tavarga,C3 (voiced unaspirate),
didīkṣiṣ,2,2,d,i,tavarga,C3 (voiced unaspirate),
div,2,2,d,i,tavarga,C3 (voiced unaspirate),
drumāy,2,2,d,u,tavarga,C3 (voiced unaspirate),
drāghay,2,2,d,ā,tavarga,C3 (voiced unaspirate),
durmanāy,2,2,d,u,tavarga,C3 (voiced unaspirate),
ejay,2,2,—,e,vowel-initial,non-varga (vowel-initial),
gadh,2,2,g,a,kavarga,C3 (voiced unaspirate),
grahay,2,2,g,a,kavarga,C3 (voiced unaspirate),
grathay,2,2,g,a,kavarga,C3 (voiced unaspirate),
haray,2,2,h,a,glottal,non-varga (glottal),
hreṣ,2,2,h,e,glottal,non-varga (glottal),
jaḍay,2,2,j,a,cavarga,C3 (voiced unaspirate),
jehrīy,2,2,j,e,cavarga,C3 (voiced unaspirate),
jṛmbhay,2,2,j,ṛ,cavarga,C3 (voiced unaspirate),
kac,2,2,k,a,kavarga,C1 (unvoiced unaspirate),
kadarth,2,2,k,a,kavarga,C1 (unvoiced unaspirate),
kaṭṭay,2,2,k,a,kavarga,C1 (unvoiced unaspirate),
khelay,2,2,kh,e,kavarga,C2 (unvoiced aspirate),
krāpay,2,2,k,ā,kavarga,C1 (unvoiced unaspirate),
kuts,2,2,k,u,kavarga,C1 (unvoiced unaspirate),
kārāpay,2,2,k,ā,kavarga,C1 (unvoiced unaspirate),
kūḍay,2,2,k,ū,kavarga,C1 (unvoiced unaspirate),
laghūy,2,2,l,a,semivowel,non-varga (semivowel),
luḍ,2,2,l,u,semivowel,non-varga (semivowel),
malay,2,2,m,a,pavarga,C5 (nasal),
mithunīsaṃbhū,2,2,m,i,pavarga,C5 (nasal),
mlech,2,2,m,e,pavarga,C5 (nasal),
moṣay,2,2,m,o,pavarga,C5 (nasal),
mrad,2,2,m,a,pavarga,C5 (nasal),
muñcay,2,2,m,u,pavarga,C5 (nasal),
mṛg,2,2,m,ṛ,pavarga,C5 (nasal),
nimrad,2,2,n,i,tavarga,C5 (nasal),
ninits,2,2,n,i,tavarga,C5 (nasal),
nirgṛ,2,2,n,i,tavarga,C5 (nasal),
niḥsvar,2,2,n,i,tavarga,C5 (nasal),
niṣpattray,2,2,n,i,tavarga,C5 (nasal),
nu,2,2,n,u,tavarga,C5 (nasal),
palpūlay,2,2,p,a,pavarga,C1 (unvoiced unaspirate),
parekṣ,2,2,p,a,pavarga,C1 (unvoiced unaspirate),
parisaṃstṛ,2,2,p,a,pavarga,C1 (unvoiced unaspirate),
paryupe,2,2,p,a,pavarga,C1 (unvoiced unaspirate),
parīndh,2,2,p,a,pavarga,C1 (unvoiced unaspirate),
paṅkay,2,2,p,a,pavarga,C1 (unvoiced unaspirate),
pibd,2,2,p,i,pavarga,C1 (unvoiced unaspirate),
praparīkṣ,2,2,p,a,pavarga,C1 (unvoiced unaspirate),
pratilomay,2,2,p,a,pavarga,C1 (unvoiced unaspirate),
pratisaṃhṛṣ,2,2,p,a,pavarga,C1 (unvoiced unaspirate),
pratisaṃkram,2,2,p,a,pavarga,C1 (unvoiced unaspirate),
pratyavarohay,2,2,p,a,pavarga,C1 (unvoiced unaspirate),
pratyuccāray,2,2,p,a,pavarga,C1 (unvoiced unaspirate),
pratyādhā,2,2,p,a,pavarga,C1 (unvoiced unaspirate),
praścotay,2,2,p,a,pavarga,C1 (unvoiced unaspirate),
praṇaś,2,2,p,a,pavarga,C1 (unvoiced unaspirate),
protkṛt,2,2,p,o,pavarga,C1 (unvoiced unaspirate),
prārjay,2,2,p,ā,pavarga,C1 (unvoiced unaspirate),
pāpac,2,2,p,ā,pavarga,C1 (unvoiced unaspirate),
pāpat,2,2,p,ā,pavarga,C1 (unvoiced unaspirate),
pūrṇay,2,2,p,ū,pavarga,C1 (unvoiced unaspirate),
rac,2,2,r,a,semivowel,non-varga (semivowel),
randhray,2,2,r,a,semivowel,non-varga (semivowel),
ririkṣ,2,2,r,i,semivowel,non-varga (semivowel),
rj,2,2,r,?,semivowel,non-varga (semivowel),
samavadhāray,2,2,s,a,sibilant,non-varga (sibilant),
samavaśamay,2,2,s,a,sibilant,non-varga (sibilant),
samunmuc,2,2,s,a,sibilant,non-varga (sibilant),
samārurukṣ,2,2,s,a,sibilant,non-varga (sibilant),
saphalay,2,2,s,a,sibilant,non-varga (sibilant),
saṃgrāmay,2,2,s,a,sibilant,non-varga (sibilant),
saṃniras,2,2,s,a,sibilant,non-varga (sibilant),
sisṛps,2,2,s,i,sibilant,non-varga (sibilant),
siñj,2,2,s,i,sibilant,non-varga (sibilant),
sphāy,2,2,s,ā,sibilant,non-varga (sibilant),
stobhay,2,2,s,o,sibilant,non-varga (sibilant),
stāvay,2,2,s,ā,sibilant,non-varga (sibilant),
svanay,2,2,s,a,sibilant,non-varga (sibilant),
taraṅgāy,2,2,t,a,tavarga,C1 (unvoiced unaspirate),
taruṣ,2,2,t,a,tavarga,C1 (unvoiced unaspirate),
taviṣīy,2,2,t,a,tavarga,C1 (unvoiced unaspirate),
timiray,2,2,t,i,tavarga,C1 (unvoiced unaspirate),
titṛd,2,2,t,i,tavarga,C1 (unvoiced unaspirate),
tośay,2,2,t,o,tavarga,C1 (unvoiced unaspirate),
tālay,2,2,t,ā,tavarga,C1 (unvoiced unaspirate),
ucchuṣ,2,2,—,u,vowel-initial,non-varga (vowel-initial),
ucchāday,2,2,—,u,vowel-initial,non-varga (vowel-initial),
udbrū,2,2,—,u,vowel-initial,non-varga (vowel-initial),
udukṣ,2,2,—,u,vowel-initial,non-varga (vowel-initial),
udyudh,2,2,—,u,vowel-initial,non-varga (vowel-initial),
ullap,2,2,—,u,vowel-initial,non-varga (vowel-initial),
upaprastu,2,2,—,u,vowel-initial,non-varga (vowel-initial),
upasaṃrudh,2,2,—,u,vowel-initial,non-varga (vowel-initial),
upeṣ,2,2,—,u,vowel-initial,non-varga (vowel-initial),
upārch,2,2,—,u,vowel-initial,non-varga (vowel-initial),
vapuṣy,2,2,v,a,semivowel,non-varga (semivowel),
vardhāpay,2,2,v,a,semivowel,non-varga (semivowel),
varīvṛj,2,2,v,a,semivowel,non-varga (semivowel),
vimukhay,2,2,v,i,semivowel,non-varga (semivowel),
vinirbhuj,2,2,v,i,semivowel,non-varga (semivowel),
vinirmathay,2,2,v,i,semivowel,non-varga (semivowel),
vipariśṛ,2,2,v,i,semivowel,non-varga (semivowel),
vivṛts,2,2,v,i,semivowel,non-varga (semivowel),
vyapohay,2,2,v,a,semivowel,non-varga (semivowel),
vyavokṣ,2,2,v,a,semivowel,non-varga (semivowel),
vyupaparīkṣ,2,2,v,u,semivowel,non-varga (semivowel),
vīrts,2,2,v,ī,semivowel,non-varga (semivowel),
yoktray,2,2,y,o,semivowel,non-varga (semivowel),
āmīv,2,2,—,ā,vowel-initial,non-varga (vowel-initial),
ārtīy,2,2,—,ā,vowel-initial,non-varga (vowel-initial),
śabalay,2,2,ś,a,sibilant,non-varga (sibilant),
śalyay,2,2,ś,a,sibilant,non-varga (sibilant),
śikṣāpay,2,2,ś,i,sibilant,non-varga (sibilant),
ślāghay,2,2,ś,ā,sibilant,non-varga (sibilant),
śośubh,2,2,ś,o,sibilant,non-varga (sibilant),
śrāṇay,2,2,ś,ā,sibilant,non-varga (sibilant),
śṛṅkhalay,2,2,ś,ṛ,sibilant,non-varga (sibilant),
ś￞,2,2,ś,?,sibilant,non-varga (sibilant),
ṣañjay,2,2,ṣ,a,sibilant,non-varga (sibilant),
prāh,1,1220,p,ā,pavarga,C1 (unvoiced unaspirate),
anvah,1,337,—,a,vowel-initial,non-varga (vowel-initial),
īpsay,1,280,—,ī,vowel-initial,non-varga (vowel-initial),
antargam,1,143,—,a,vowel-initial,non-varga (vowel-initial),
parinirvṛ,1,102,p,a,pavarga,C1 (unvoiced unaspirate),
pratyutpad,1,75,p,a,pavarga,C1 (unvoiced unaspirate),
puṭay,1,62,p,u,pavarga,C1 (unvoiced unaspirate),
cak,1,48,c,a,cavarga,C1 (unvoiced unaspirate),
homay,1,48,h,o,glottal,non-varga (glottal),
pratisaṃyuj,1,46,p,a,pavarga,C1 (unvoiced unaspirate),
nādh,1,28,n,ā,tavarga,C5 (nasal),
sumanasy,1,27,s,u,sibilant,non-varga (sibilant),
anūpasthā,1,25,—,a,vowel-initial,non-varga (vowel-initial),
vyākhyānay,1,23,v,ā,semivowel,non-varga (semivowel),
śuśubh,1,20,ś,u,sibilant,non-varga (sibilant),
khac,1,18,kh,a,kavarga,C2 (unvoiced aspirate),
prendh,1,18,p,e,pavarga,C1 (unvoiced unaspirate),
abhisamprekṣ,1,16,—,a,vowel-initial,non-varga (vowel-initial),
hṛṇīy,1,16,h,ṛ,glottal,non-varga (glottal),
abhisaṃkrudh,1,14,—,a,vowel-initial,non-varga (vowel-initial),
abhisaṃkṣip,1,13,—,a,vowel-initial,non-varga (vowel-initial),
unnabhay,1,13,—,u,vowel-initial,non-varga (vowel-initial),
er,1,12,—,e,vowel-initial,non-varga (vowel-initial),
mukulay,1,12,m,u,pavarga,C5 (nasal),
viday,1,12,v,i,semivowel,non-varga (semivowel),
dhūpāy,1,11,dh,ū,tavarga,C4 (voiced aspirate),
samupāś,1,11,s,a,sibilant,non-varga (sibilant),
udbudh,1,11,—,u,vowel-initial,non-varga (vowel-initial),
upodyam,1,11,—,u,vowel-initial,non-varga (vowel-initial),
parinirmā,1,10,p,a,pavarga,C1 (unvoiced unaspirate),
sīmantay,1,10,s,ī,sibilant,non-varga (sibilant),
unmaday,1,10,—,u,vowel-initial,non-varga (vowel-initial),
īrts,1,10,—,ī,vowel-initial,non-varga (vowel-initial),
ṣiñcay,1,10,ṣ,i,sibilant,non-varga (sibilant),
parisaṃlih,1,9,p,a,pavarga,C1 (unvoiced unaspirate),
sakhīy,1,9,s,a,sibilant,non-varga (sibilant),
samprāś,1,9,s,a,sibilant,non-varga (sibilant),
samupārjay,1,9,s,a,sibilant,non-varga (sibilant),
taruṇāy,1,9,t,a,tavarga,C1 (unvoiced unaspirate),
vyadhay,1,9,v,a,semivowel,non-varga (semivowel),
vātāy,1,9,v,ā,semivowel,non-varga (semivowel),
āndolay,1,9,—,ā,vowel-initial,non-varga (vowel-initial),
devāy,1,8,d,e,tavarga,C3 (voiced unaspirate),
dudh,1,8,d,u,tavarga,C3 (voiced unaspirate),
samudvīkṣ,1,8,s,a,sibilant,non-varga (sibilant),
śyāmāy,1,8,ś,ā,sibilant,non-varga (sibilant),
anuparihṛ,1,7,—,a,vowel-initial,non-varga (vowel-initial),
atyāśay,1,7,—,a,vowel-initial,non-varga (vowel-initial),
bhasm,1,7,bh,a,pavarga,C4 (voiced aspirate),
gumph,1,7,g,u,kavarga,C3 (voiced unaspirate),
karuṇāy,1,7,k,a,kavarga,C1 (unvoiced unaspirate),
laḍ,1,7,l,a,semivowel,non-varga (semivowel),
panipn,1,7,p,a,pavarga,C1 (unvoiced unaspirate),
raṇv,1,7,r,a,semivowel,non-varga (semivowel),
tim,1,7,t,i,tavarga,C1 (unvoiced unaspirate),
āvirbubhūṣ,1,7,—,ā,vowel-initial,non-varga (vowel-initial),
śrathāy,1,7,ś,a,sibilant,non-varga (sibilant),
abhyunnam,1,6,—,a,vowel-initial,non-varga (vowel-initial),
anusaṃrabh,1,6,—,a,vowel-initial,non-varga (vowel-initial),
brahmaṇy,1,6,b,a,pavarga,C3 (voiced unaspirate),
janīy,1,6,j,a,cavarga,C3 (voiced unaspirate),
paryah,1,6,p,a,pavarga,C1 (unvoiced unaspirate),
pratiyāśru,1,6,p,a,pavarga,C1 (unvoiced unaspirate),
prodi,1,6,p,o,pavarga,C1 (unvoiced unaspirate),
rjay,1,6,r,a,semivowel,non-varga (semivowel),
samunmiṣ,1,6,s,a,sibilant,non-varga (sibilant),
samunnah,1,6,s,a,sibilant,non-varga (sibilant),
śvit,1,6,ś,i,sibilant,non-varga (sibilant),
ṣekay,1,6,ṣ,e,sibilant,non-varga (sibilant),
abhinirmuc,1,5,—,a,vowel-initial,non-varga (vowel-initial),
abhisaṃtyaj,1,5,—,a,vowel-initial,non-varga (vowel-initial),
amitray,1,5,—,a,vowel-initial,non-varga (vowel-initial),
anuvyūh,1,5,—,a,vowel-initial,non-varga (vowel-initial),
anūtsad,1,5,—,a,vowel-initial,non-varga (vowel-initial),
avayātay,1,5,—,a,vowel-initial,non-varga (vowel-initial),
garbhīkṛ,1,5,g,a,kavarga,C3 (voiced unaspirate),
iñj,1,5,—,i,vowel-initial,non-varga (vowel-initial),
khañj,1,5,kh,a,kavarga,C2 (unvoiced aspirate),
nire,1,5,n,i,tavarga,C5 (nasal),
paryāsic,1,5,p,a,pavarga,C1 (unvoiced unaspirate),
pinvay,1,5,p,i,pavarga,C1 (unvoiced unaspirate),
pratinirgrah,1,5,p,a,pavarga,C1 (unvoiced unaspirate),
samabhyañj,1,5,s,a,sibilant,non-varga (sibilant),
samabhyukṣ,1,5,s,a,sibilant,non-varga (sibilant),
samujjval,1,5,s,a,sibilant,non-varga (sibilant),
samullaṅghay,1,5,s,a,sibilant,non-varga (sibilant),
saṃnirīkṣ,1,5,s,a,sibilant,non-varga (sibilant),
visaṃyuj,1,5,v,i,semivowel,non-varga (semivowel),
yād,1,5,y,ā,semivowel,non-varga (semivowel),
āñch,1,5,—,ā,vowel-initial,non-varga (vowel-initial),
ṣkṝ,1,5,ṣ,ṝ,sibilant,non-varga (sibilant),
abhyalaṃkṛ,1,4,—,a,vowel-initial,non-varga (vowel-initial),
abhyākṛ,1,4,—,a,vowel-initial,non-varga (vowel-initial),
anupare,1,4,—,a,vowel-initial,non-varga (vowel-initial),
anusaṃcintay,1,4,—,a,vowel-initial,non-varga (vowel-initial),
anusaṃjvar,1,4,—,a,vowel-initial,non-varga (vowel-initial),
anūdas,1,4,—,a,vowel-initial,non-varga (vowel-initial),
ativācay,1,4,—,a,vowel-initial,non-varga (vowel-initial),
aviṣy,1,4,—,a,vowel-initial,non-varga (vowel-initial),
avyaktay,1,4,—,a,vowel-initial,non-varga (vowel-initial),
aṅg,1,4,—,a,vowel-initial,non-varga (vowel-initial),
caṭāy,1,4,c,a,cavarga,C1 (unvoiced unaspirate),
cup,1,4,c,u,cavarga,C1 (unvoiced unaspirate),
cācal,1,4,c,ā,cavarga,C1 (unvoiced unaspirate),
duchunāy,1,4,d,u,tavarga,C3 (voiced unaspirate),
ghuraghurāy,1,4,gh,u,kavarga,C4 (voiced aspirate),
gṛhṇāpay,1,4,g,ṛ,kavarga,C3 (voiced unaspirate),
kuṭṭ,1,4,k,u,kavarga,C1 (unvoiced unaspirate),
luṇṭhay,1,4,l,u,semivowel,non-varga (semivowel),
nyer,1,4,n,e,tavarga,C5 (nasal),
ojāy,1,4,—,o,vowel-initial,non-varga (vowel-initial),
panasy,1,4,p,a,pavarga,C1 (unvoiced unaspirate),
panīphaṇ,1,4,p,a,pavarga,C1 (unvoiced unaspirate),
pariprāpay,1,4,p,a,pavarga,C1 (unvoiced unaspirate),
pronmiṣ,1,4,p,o,pavarga,C1 (unvoiced unaspirate),
rdh,1,4,r,?,semivowel,non-varga (semivowel),
rirakṣ,1,4,r,i,semivowel,non-varga (semivowel),
rṣ,1,4,r,?,semivowel,non-varga (semivowel),
samullup,1,4,s,a,sibilant,non-varga (sibilant),
saṃdhay,1,4,s,a,sibilant,non-varga (sibilant),
saṃvlī,1,4,s,a,sibilant,non-varga (sibilant),
troṭay,1,4,t,o,tavarga,C1 (unvoiced unaspirate),
udañj,1,4,—,u,vowel-initial,non-varga (vowel-initial),
udbhāsay,1,4,—,u,vowel-initial,non-varga (vowel-initial),
udguh,1,4,—,u,vowel-initial,non-varga (vowel-initial),
ujjāpay,1,4,—,u,vowel-initial,non-varga (vowel-initial),
ullokay,1,4,—,u,vowel-initial,non-varga (vowel-initial),
unnaś,1,4,—,u,vowel-initial,non-varga (vowel-initial),
upasaṃbhṛ,1,4,—,u,vowel-initial,non-varga (vowel-initial),
śūlay,1,4,ś,ū,sibilant,non-varga (sibilant),
abhinirbhid,1,3,—,a,vowel-initial,non-varga (vowel-initial),
abhisaṃgṛ,1,3,—,a,vowel-initial,non-varga (vowel-initial),
abhivyan,1,3,—,a,vowel-initial,non-varga (vowel-initial),
abhivyukṣ,1,3,—,a,vowel-initial,non-varga (vowel-initial),
abhyunnamay,1,3,—,a,vowel-initial,non-varga (vowel-initial),
abhyutkṣip,1,3,—,a,vowel-initial,non-varga (vowel-initial),
abhyutsad,1,3,—,a,vowel-initial,non-varga (vowel-initial),
amṛtāy,1,3,—,a,vowel-initial,non-varga (vowel-initial),
anuhu,1,3,—,a,vowel-initial,non-varga (vowel-initial),
anuninard,1,3,—,a,vowel-initial,non-varga (vowel-initial),
anuparyukṣ,1,3,—,a,vowel-initial,non-varga (vowel-initial),
anusaṃsāray,1,3,—,a,vowel-initial,non-varga (vowel-initial),
anusaṃvrājay,1,3,—,a,vowel-initial,non-varga (vowel-initial),
anūddiś,1,3,—,a,vowel-initial,non-varga (vowel-initial),
anūtpad,1,3,—,a,vowel-initial,non-varga (vowel-initial),
caṭacaṭāy,1,3,c,a,cavarga,C1 (unvoiced unaspirate),
cikalpay,1,3,c,i,cavarga,C1 (unvoiced unaspirate),
drū,1,3,d,ū,tavarga,C3 (voiced unaspirate),
dādhṛ,1,3,d,ā,tavarga,C3 (voiced unaspirate),
jhaṇajhaṇāy,1,3,jh,a,cavarga,C4 (voiced aspirate),
karālay,1,3,k,a,kavarga,C1 (unvoiced unaspirate),
kavīy,1,3,k,a,kavarga,C1 (unvoiced unaspirate),
markaṭībhū,1,3,m,a,pavarga,C5 (nasal),
masṛṇay,1,3,m,a,pavarga,C5 (nasal),
mukulāy,1,3,m,u,pavarga,C5 (nasal),
narīnart,1,3,n,a,tavarga,C5 (nasal),
paribibādh,1,3,p,a,pavarga,C1 (unvoiced unaspirate),
parisaṃtap,1,3,p,a,pavarga,C1 (unvoiced unaspirate),
pattray,1,3,p,a,pavarga,C1 (unvoiced unaspirate),
pay,1,3,p,a,pavarga,C1 (unvoiced unaspirate),
pepiś,1,3,p,e,pavarga,C1 (unvoiced unaspirate),
pratiniṣkram,1,3,p,a,pavarga,C1 (unvoiced unaspirate),
pratyupalamb,1,3,p,a,pavarga,C1 (unvoiced unaspirate),
pratyāsāday,1,3,p,a,pavarga,C1 (unvoiced unaspirate),
proccar,1,3,p,o,pavarga,C1 (unvoiced unaspirate),
puruṣāy,1,3,p,u,pavarga,C1 (unvoiced unaspirate),
puṣp,1,3,p,u,pavarga,C1 (unvoiced unaspirate),
rathary,1,3,r,a,semivowel,non-varga (semivowel),
rājāy,1,3,r,ā,semivowel,non-varga (semivowel),
samadhyās,1,3,s,a,sibilant,non-varga (sibilant),
samucchal,1,3,s,a,sibilant,non-varga (sibilant),
saniṣyad,1,3,s,a,sibilant,non-varga (sibilant),
stabhūy,1,3,s,a,sibilant,non-varga (sibilant),
sumnāy,1,3,s,u,sibilant,non-varga (sibilant),
svapnāy,1,3,s,a,sibilant,non-varga (sibilant),
sviṣṭakṛ,1,3,s,i,sibilant,non-varga (sibilant),
tvaṅg,1,3,t,a,tavarga,C1 (unvoiced unaspirate),
udbhā,1,3,—,u,vowel-initial,non-varga (vowel-initial),
udgal,1,3,—,u,vowel-initial,non-varga (vowel-initial),
udghaṭṭay,1,3,—,u,vowel-initial,non-varga (vowel-initial),
upapragrah,1,3,—,u,vowel-initial,non-varga (vowel-initial),
uperts,1,3,—,u,vowel-initial,non-varga (vowel-initial),
utpā,1,3,—,u,vowel-initial,non-varga (vowel-initial),
vevīy,1,3,v,e,semivowel,non-varga (semivowel),
vikṣālay,1,3,v,i,semivowel,non-varga (semivowel),
vilok,1,3,v,i,semivowel,non-varga (semivowel),
vinirbharts,1,3,v,i,semivowel,non-varga (semivowel),
viniṣkṛṣ,1,3,v,i,semivowel,non-varga (semivowel),
viniṣpad,1,3,v,i,semivowel,non-varga (semivowel),
visaṃhan,1,3,v,i,semivowel,non-varga (semivowel),
vyāyātay,1,3,v,ā,semivowel,non-varga (semivowel),
vīps,1,3,v,ī,semivowel,non-varga (semivowel),
ślathay,1,3,ś,a,sibilant,non-varga (sibilant),
śundhay,1,3,ś,u,sibilant,non-varga (sibilant),
ṣkuṣ,1,3,ṣ,u,sibilant,non-varga (sibilant),
ṣplāvay,1,3,ṣ,ā,sibilant,non-varga (sibilant),
ṣpṛ,1,3,ṣ,ṛ,sibilant,non-varga (sibilant),
abhiparyūh,1,2,—,a,vowel-initial,non-varga (vowel-initial),
abhipratye,1,2,—,a,vowel-initial,non-varga (vowel-initial),
abhipreray,1,2,—,a,vowel-initial,non-varga (vowel-initial),
abhiprārthay,1,2,—,a,vowel-initial,non-varga (vowel-initial),
abhiprāvṛ,1,2,—,a,vowel-initial,non-varga (vowel-initial),
abhisaṃgup,1,2,—,a,vowel-initial,non-varga (vowel-initial),
abhisaṃhan,1,2,—,a,vowel-initial,non-varga (vowel-initial),
abhisaṃnī,1,2,—,a,vowel-initial,non-varga (vowel-initial),
abhisaṃstambh,1,2,—,a,vowel-initial,non-varga (vowel-initial),
abhisaṃsthāpay,1,2,—,a,vowel-initial,non-varga (vowel-initial),
abhisaṃstu,1,2,—,a,vowel-initial,non-varga (vowel-initial),
abhisaṃtṛ,1,2,—,a,vowel-initial,non-varga (vowel-initial),
abhisaṃvye,1,2,—,a,vowel-initial,non-varga (vowel-initial),
abhisaṃvṛdh,1,2,—,a,vowel-initial,non-varga (vowel-initial),
abhivihan,1,2,—,a,vowel-initial,non-varga (vowel-initial),
abhivīkṣay,1,2,—,a,vowel-initial,non-varga (vowel-initial),
abhyadhiric,1,2,—,a,vowel-initial,non-varga (vowel-initial),
abhyam,1,2,—,a,vowel-initial,non-varga (vowel-initial),
abhyatirecay,1,2,—,a,vowel-initial,non-varga (vowel-initial),
abhyavanejay,1,2,—,a,vowel-initial,non-varga (vowel-initial),
abhyucchanday,1,2,—,a,vowel-initial,non-varga (vowel-initial),
abhyuddiś,1,2,—,a,vowel-initial,non-varga (vowel-initial),
abhyupasic,1,2,—,a,vowel-initial,non-varga (vowel-initial),
abhyutkrāmay,1,2,—,a,vowel-initial,non-varga (vowel-initial),
abhyākanikrad,1,2,—,a,vowel-initial,non-varga (vowel-initial),
adhikṛṣ,1,2,—,a,vowel-initial,non-varga (vowel-initial),
adhisaṃvas,1,2,—,a,vowel-initial,non-varga (vowel-initial),
adhvary,1,2,—,a,vowel-initial,non-varga (vowel-initial),
adhyavasāyay,1,2,—,a,vowel-initial,non-varga (vowel-initial),
agghay,1,2,—,a,vowel-initial,non-varga (vowel-initial),
alar,1,2,—,a,vowel-initial,non-varga (vowel-initial),
annīy,1,2,—,a,vowel-initial,non-varga (vowel-initial),
anuniveṣṭ,1,2,—,a,vowel-initial,non-varga (vowel-initial),
anuparikalpay,1,2,—,a,vowel-initial,non-varga (vowel-initial),
anuparimṛj,1,2,—,a,vowel-initial,non-varga (vowel-initial),
anuproh,1,2,—,a,vowel-initial,non-varga (vowel-initial),
anuprās,1,2,—,a,vowel-initial,non-varga (vowel-initial),
anusaṃdṛś,1,2,—,a,vowel-initial,non-varga (vowel-initial),
anusaṃkhyāpay,1,2,—,a,vowel-initial,non-varga (vowel-initial),
anusaṃsparśay,1,2,—,a,vowel-initial,non-varga (vowel-initial),
anusaṃvid,1,2,—,a,vowel-initial,non-varga (vowel-initial),
anusaṃvā,1,2,—,a,vowel-initial,non-varga (vowel-initial),
anuvardhay,1,2,—,a,vowel-initial,non-varga (vowel-initial),
anuvibhā,1,2,—,a,vowel-initial,non-varga (vowel-initial),
anūdan,1,2,—,a,vowel-initial,non-varga (vowel-initial),
anūdgā,1,2,—,a,vowel-initial,non-varga (vowel-initial),
anūdvā,1,2,—,a,vowel-initial,non-varga (vowel-initial),
anūpadas,1,2,—,a,vowel-initial,non-varga (vowel-initial),
apajval,1,2,—,a,vowel-initial,non-varga (vowel-initial),
apapre,1,2,—,a,vowel-initial,non-varga (vowel-initial),
aparībhū,1,2,—,a,vowel-initial,non-varga (vowel-initial),
apej,1,2,—,a,vowel-initial,non-varga (vowel-initial),
apodūh,1,2,—,a,vowel-initial,non-varga (vowel-initial),
apyarjay,1,2,—,a,vowel-initial,non-varga (vowel-initial),
apātī,1,2,—,a,vowel-initial,non-varga (vowel-initial),
atiji,1,2,—,a,vowel-initial,non-varga (vowel-initial),
atyarjay,1,2,—,a,vowel-initial,non-varga (vowel-initial),
atyākṛ,1,2,—,a,vowel-initial,non-varga (vowel-initial),
avoh,1,2,—,a,vowel-initial,non-varga (vowel-initial),
balīy,1,2,b,a,pavarga,C3 (voiced unaspirate),
baṃh,1,2,b,a,pavarga,C3 (voiced unaspirate),
baṃhay,1,2,b,a,pavarga,C3 (voiced unaspirate),
bhairavāy,1,2,bh,ai,pavarga,C4 (voiced aspirate),
bhaṇḍay,1,2,bh,a,pavarga,C4 (voiced aspirate),
bubhūrṣ,1,2,b,u,pavarga,C3 (voiced unaspirate),
būm,1,2,b,ū,pavarga,C3 (voiced unaspirate),
bṛhay,1,2,b,ṛ,pavarga,C3 (voiced unaspirate),
can,1,2,c,a,cavarga,C1 (unvoiced unaspirate),
carcar,1,2,c,a,cavarga,C1 (unvoiced unaspirate),
cichits,1,2,c,i,cavarga,C1 (unvoiced unaspirate),
cūṣay,1,2,c,ū,cavarga,C1 (unvoiced unaspirate),
dadhīy,1,2,d,a,tavarga,C3 (voiced unaspirate),
dhvasay,1,2,dh,a,tavarga,C4 (voiced aspirate),
dhīray,1,2,dh,ī,tavarga,C4 (voiced aspirate),
dhūrṇāpay,1,2,dh,ū,tavarga,C4 (voiced aspirate),
dodhav,1,2,d,o,tavarga,C3 (voiced unaspirate),
dudrukṣ,1,2,d,u,tavarga,C3 (voiced unaspirate),
duḥkh,1,2,d,u,tavarga,C3 (voiced unaspirate),
duḥkhay,1,2,d,u,tavarga,C3 (voiced unaspirate),
dvaṃdvībhū,1,2,d,a,tavarga,C3 (voiced unaspirate),
dveṣay,1,2,d,e,tavarga,C3 (voiced unaspirate),
heḍay,1,2,h,e,glottal,non-varga (glottal),
hikk,1,2,h,i,glottal,non-varga (glottal),
iṣaṇ,1,2,—,i,vowel-initial,non-varga (vowel-initial),
jijaniṣ,1,2,j,i,cavarga,C3 (voiced unaspirate),
jīvāpay,1,2,j,ī,cavarga,C3 (voiced unaspirate),
kalahāy,1,2,k,a,kavarga,C1 (unvoiced unaspirate),
kathāpay,1,2,k,a,kavarga,C1 (unvoiced unaspirate),
khal,1,2,kh,a,kavarga,C2 (unvoiced aspirate),
khaṇakhaṇāy,1,2,kh,a,kavarga,C2 (unvoiced aspirate),
klībay,1,2,k,ī,kavarga,C1 (unvoiced unaspirate),
kratūy,1,2,k,a,kavarga,C1 (unvoiced unaspirate),
kvaṇay,1,2,k,a,kavarga,C1 (unvoiced unaspirate),
kāṭay,1,2,k,ā,kavarga,C1 (unvoiced unaspirate),
kṣemay,1,2,k,e,kavarga,C1 (unvoiced unaspirate),
kṣāmay,1,2,k,ā,kavarga,C1 (unvoiced unaspirate),
lāgay,1,2,l,ā,semivowel,non-varga (semivowel),
lāḍay,1,2,l,ā,semivowel,non-varga (semivowel),
maitrāy,1,2,m,ai,pavarga,C5 (nasal),
may,1,2,m,a,pavarga,C5 (nasal),
maṇṭ,1,2,m,a,pavarga,C5 (nasal),
mekṣay,1,2,m,e,pavarga,C5 (nasal),
momuh,1,2,m,o,pavarga,C5 (nasal),
mreḍ,1,2,m,e,pavarga,C5 (nasal),
mānuṣībhū,1,2,m,ā,pavarga,C5 (nasal),
māṃsīy,1,2,m,ā,pavarga,C5 (nasal),
mūrchāpay,1,2,m,ū,pavarga,C5 (nasal),
mṛch,1,2,m,ṛ,pavarga,C5 (nasal),
mṛkṣay,1,2,m,ṛ,pavarga,C5 (nasal),
mṛt,1,2,m,ṛ,pavarga,C5 (nasal),
nagarāy,1,2,n,a,tavarga,C5 (nasal),
narmay,1,2,n,a,tavarga,C5 (nasal),
nikṛ,1,2,n,i,tavarga,C5 (nasal),
nimeṣay,1,2,n,i,tavarga,C5 (nasal),
nirjigamiṣ,1,2,n,i,tavarga,C5 (nasal),
niṣku,1,2,n,i,tavarga,C5 (nasal),
niṣvar,1,2,n,i,tavarga,C5 (nasal),
nyuṣ,1,2,n,u,tavarga,C5 (nasal),
nyūṅkh,1,2,n,ū,tavarga,C5 (nasal),
nyṛj,1,2,n,ṛ,tavarga,C5 (nasal),
nīlāy,1,2,n,ī,tavarga,C5 (nasal),
panāy,1,2,p,a,pavarga,C1 (unvoiced unaspirate),
pariprāp,1,2,p,a,pavarga,C1 (unvoiced unaspirate),
parisaṃsthā,1,2,p,a,pavarga,C1 (unvoiced unaspirate),
parisaṃstu,1,2,p,a,pavarga,C1 (unvoiced unaspirate),
pattīy,1,2,p,a,pavarga,C1 (unvoiced unaspirate),
patīy,1,2,p,a,pavarga,C1 (unvoiced unaspirate),
phenāy,1,2,ph,e,pavarga,C2 (unvoiced aspirate),
plavāy,1,2,p,a,pavarga,C1 (unvoiced unaspirate),
prasaṃdhā,1,2,p,a,pavarga,C1 (unvoiced unaspirate),
pratigranth,1,2,p,a,pavarga,C1 (unvoiced unaspirate),
pratinirdiś,1,2,p,a,pavarga,C1 (unvoiced unaspirate),
pratisaṃhan,1,2,p,a,pavarga,C1 (unvoiced unaspirate),
pratisaṃrudh,1,2,p,a,pavarga,C1 (unvoiced unaspirate),
pratisaṃviś,1,2,p,a,pavarga,C1 (unvoiced unaspirate),
pratyabhiṣic,1,2,p,a,pavarga,C1 (unvoiced unaspirate),
pratyudvāday,1,2,p,a,pavarga,C1 (unvoiced unaspirate),
pratīpay,1,2,p,a,pavarga,C1 (unvoiced unaspirate),
procchri,1,2,p,o,pavarga,C1 (unvoiced unaspirate),
prodyam,1,2,p,o,pavarga,C1 (unvoiced unaspirate),
pronnam,1,2,p,o,pavarga,C1 (unvoiced unaspirate),
protkaṇṭhay,1,2,p,o,pavarga,C1 (unvoiced unaspirate),
protkṣip,1,2,p,o,pavarga,C1 (unvoiced unaspirate),
proḍḍī,1,2,p,o,pavarga,C1 (unvoiced unaspirate),
pupukṣ,1,2,p,u,pavarga,C1 (unvoiced unaspirate),
pīḍ,1,2,p,ī,pavarga,C1 (unvoiced unaspirate),
rajay,1,2,r,a,semivowel,non-varga (semivowel),
rephāy,1,2,r,e,semivowel,non-varga (semivowel),
rips,1,2,r,i,semivowel,non-varga (semivowel),
rāhay,1,2,r,ā,semivowel,non-varga (semivowel),
sabhāgay,1,2,s,a,sibilant,non-varga (sibilant),
samabhipre,1,2,s,a,sibilant,non-varga (sibilant),
samabhiprekṣ,1,2,s,a,sibilant,non-varga (sibilant),
samabhisaṃdhā,1,2,s,a,sibilant,non-varga (sibilant),
samabhivyañj,1,2,s,a,sibilant,non-varga (sibilant),
samer,1,2,s,a,sibilant,non-varga (sibilant),
sampratīṣ,1,2,s,a,sibilant,non-varga (sibilant),
samucchvi,1,2,s,a,sibilant,non-varga (sibilant),
samudgā,1,2,s,a,sibilant,non-varga (sibilant),
samullāsay,1,2,s,a,sibilant,non-varga (sibilant),
samunmā,1,2,s,a,sibilant,non-varga (sibilant),
samunnamay,1,2,s,a,sibilant,non-varga (sibilant),
samutkvāthay,1,2,s,a,sibilant,non-varga (sibilant),
samutsāhay,1,2,s,a,sibilant,non-varga (sibilant),
samāśleṣay,1,2,s,a,sibilant,non-varga (sibilant),
saniṣṇ,1,2,s,a,sibilant,non-varga (sibilant),
saṃkṣṇu,1,2,s,a,sibilant,non-varga (sibilant),
saṃniṣpāday,1,2,s,a,sibilant,non-varga (sibilant),
saṃpradhāv,1,2,s,a,sibilant,non-varga (sibilant),
saṃprasarpay,1,2,s,a,sibilant,non-varga (sibilant),
saṃprendh,1,2,s,a,sibilant,non-varga (sibilant),
saṃprāh,1,2,s,a,sibilant,non-varga (sibilant),
saṃrej,1,2,s,a,sibilant,non-varga (sibilant),
sisīrṣ,1,2,s,i,sibilant,non-varga (sibilant),
sthirāy,1,2,s,i,sibilant,non-varga (sibilant),
sumnay,1,2,s,u,sibilant,non-varga (sibilant),
svaray,1,2,s,a,sibilant,non-varga (sibilant),
tanūkṛ,1,2,t,a,tavarga,C1 (unvoiced unaspirate),
timay,1,2,t,i,tavarga,C1 (unvoiced unaspirate),
tiray,1,2,t,i,tavarga,C1 (unvoiced unaspirate),
titarpay,1,2,t,i,tavarga,C1 (unvoiced unaspirate),
tujay,1,2,t,u,tavarga,C1 (unvoiced unaspirate),
tāv,1,2,t,ā,tavarga,C1 (unvoiced unaspirate),
ucchocay,1,2,—,u,vowel-initial,non-varga (vowel-initial),
udvadh,1,2,—,u,vowel-initial,non-varga (vowel-initial),
udvṛṣ,1,2,—,u,vowel-initial,non-varga (vowel-initial),
udṛṣ,1,2,—,u,vowel-initial,non-varga (vowel-initial),
ullāghay,1,2,—,u,vowel-initial,non-varga (vowel-initial),
ullālay,1,2,—,u,vowel-initial,non-varga (vowel-initial),
unmahay,1,2,—,u,vowel-initial,non-varga (vowel-initial),
unmeṣay,1,2,—,u,vowel-initial,non-varga (vowel-initial),
unnāday,1,2,—,u,vowel-initial,non-varga (vowel-initial),
upadhā,1,2,—,u,vowel-initial,non-varga (vowel-initial),
upanikṣ,1,2,—,u,vowel-initial,non-varga (vowel-initial),
upapalyāy,1,2,—,u,vowel-initial,non-varga (vowel-initial),
upaplāy,1,2,—,u,vowel-initial,non-varga (vowel-initial),
upasaṃprach,1,2,—,u,vowel-initial,non-varga (vowel-initial),
upasaṃyuj,1,2,—,u,vowel-initial,non-varga (vowel-initial),
upodi,1,2,—,u,vowel-initial,non-varga (vowel-initial),
utpradā,1,2,—,u,vowel-initial,non-varga (vowel-initial),
uñchay,1,2,—,u,vowel-initial,non-varga (vowel-initial),
vacasy,1,2,v,a,semivowel,non-varga (semivowel),
valgay,1,2,v,a,semivowel,non-varga (semivowel),
valgūy,1,2,v,a,semivowel,non-varga (semivowel),
vastray,1,2,v,a,semivowel,non-varga (semivowel),
veveṣṭ,1,2,v,e,semivowel,non-varga (semivowel),
vidhuray,1,2,v,i,semivowel,non-varga (semivowel),
vinirbhā,1,2,v,i,semivowel,non-varga (semivowel),
vinirlikh,1,2,v,i,semivowel,non-varga (semivowel),
vinirṇī,1,2,v,i,semivowel,non-varga (semivowel),
viniṣpīḍay,1,2,v,i,semivowel,non-varga (semivowel),
viprachid,1,2,v,i,semivowel,non-varga (semivowel),
visaṃmuh,1,2,v,i,semivowel,non-varga (semivowel),
visaṃvāday,1,2,v,i,semivowel,non-varga (semivowel),
viṣāy,1,2,v,i,semivowel,non-varga (semivowel),
vlag,1,2,v,a,semivowel,non-varga (semivowel),
vrīḍay,1,2,v,ī,semivowel,non-varga (semivowel),
vyavabhid,1,2,v,a,semivowel,non-varga (semivowel),
vyavaśad,1,2,v,a,semivowel,non-varga (semivowel),
vyavās,1,2,v,a,semivowel,non-varga (semivowel),
vyādhīy,1,2,v,ā,semivowel,non-varga (semivowel),
vīkṣay,1,2,v,ī,semivowel,non-varga (semivowel),
vīṅg,1,2,v,ī,semivowel,non-varga (semivowel),
yeṣ,1,2,y,e,semivowel,non-varga (semivowel),
śakalay,1,2,ś,a,sibilant,non-varga (sibilant),
śapathīy,1,2,ś,a,sibilant,non-varga (sibilant),
śaraṇīkṛ,1,2,ś,a,sibilant,non-varga (sibilant),
ślath,1,2,ś,a,sibilant,non-varga (sibilant),
ślokay,1,2,ś,o,sibilant,non-varga (sibilant),
śuj,1,2,ś,u,sibilant,non-varga (sibilant),
śāśvas,1,2,ś,ā,sibilant,non-varga (sibilant),
śītay,1,2,ś,ī,sibilant,non-varga (sibilant),
śṛṅgār,1,2,ś,ṛ,sibilant,non-varga (sibilant),
ūṣmāy,1,2,—,ū,vowel-initial,non-varga (vowel-initial),
ṇu,1,2,ṇ,u,ṭavarga,C5 (nasal),
ṛtay,1,2,—,ṛ,vowel-initial,non-varga (vowel-initial),
ṣkhan,1,2,ṣ,a,sibilant,non-varga (sibilant),
ṣkūj,1,2,ṣ,ū,sibilant,non-varga (sibilant),
ṣpātay,1,2,ṣ,ā,sibilant,non-varga (sibilant),
ṣpāyay,1,2,ṣ,ā,sibilant,non-varga (sibilant),
ṣpṛc,1,2,ṣ,ṛ,sibilant,non-varga (sibilant),
ṣvap,1,2,ṣ,a,sibilant,non-varga (sibilant),
abhavastṛ,1,1,—,a,vowel-initial,non-varga (vowel-initial),
abhici,1,1,—,a,vowel-initial,non-varga (vowel-initial),
abhicāray,1,1,—,a,vowel-initial,non-varga (vowel-initial),
abhidāhay,1,1,—,a,vowel-initial,non-varga (vowel-initial),
abhihas,1,1,—,a,vowel-initial,non-varga (vowel-initial),
abhimukhay,1,1,—,a,vowel-initial,non-varga (vowel-initial),
abhimīl,1,1,—,a,vowel-initial,non-varga (vowel-initial),
abhinidarśay,1,1,—,a,vowel-initial,non-varga (vowel-initial),
abhinigrah,1,1,—,a,vowel-initial,non-varga (vowel-initial),
abhinirbharts,1,1,—,a,vowel-initial,non-varga (vowel-initial),
abhinirvad,1,1,—,a,vowel-initial,non-varga (vowel-initial),
abhinirṇud,1,1,—,a,vowel-initial,non-varga (vowel-initial),
abhiniṣkrāmay,1,1,—,a,vowel-initial,non-varga (vowel-initial),
abhiniṣkṛ,1,1,—,a,vowel-initial,non-varga (vowel-initial),
abhiniṣpū,1,1,—,a,vowel-initial,non-varga (vowel-initial),
abhiparihan,1,1,—,a,vowel-initial,non-varga (vowel-initial),
abhiparihāray,1,1,—,a,vowel-initial,non-varga (vowel-initial),
abhiparyañj,1,1,—,a,vowel-initial,non-varga (vowel-initial),
abhiparyukṣ,1,1,—,a,vowel-initial,non-varga (vowel-initial),
abhipragam,1,1,—,a,vowel-initial,non-varga (vowel-initial),
abhipratyave,1,1,—,a,vowel-initial,non-varga (vowel-initial),
abhiprer,1,1,—,a,vowel-initial,non-varga (vowel-initial),
abhipreṣay,1,1,—,a,vowel-initial,non-varga (vowel-initial),
abhiprās,1,1,—,a,vowel-initial,non-varga (vowel-initial),
abhiroṣay,1,1,—,a,vowel-initial,non-varga (vowel-initial),
abhisaṃbhañj,1,1,—,a,vowel-initial,non-varga (vowel-initial),
abhisaṃchad,1,1,—,a,vowel-initial,non-varga (vowel-initial),
abhisaṃchāday,1,1,—,a,vowel-initial,non-varga (vowel-initial),
abhisaṃcintay,1,1,—,a,vowel-initial,non-varga (vowel-initial),
abhisaṃdah,1,1,—,a,vowel-initial,non-varga (vowel-initial),
abhisaṃdarśay,1,1,—,a,vowel-initial,non-varga (vowel-initial),
abhisaṃdih,1,1,—,a,vowel-initial,non-varga (vowel-initial),
abhisaṃhāray,1,1,—,a,vowel-initial,non-varga (vowel-initial),
abhisaṃhṛṣ,1,1,—,a,vowel-initial,non-varga (vowel-initial),
abhisaṃjvar,1,1,—,a,vowel-initial,non-varga (vowel-initial),
abhisaṃkalpay,1,1,—,a,vowel-initial,non-varga (vowel-initial),
abhisaṃkhyā,1,1,—,a,vowel-initial,non-varga (vowel-initial),
abhisaṃkruś,1,1,—,a,vowel-initial,non-varga (vowel-initial),
abhisaṃkṛ,1,1,—,a,vowel-initial,non-varga (vowel-initial),
abhisaṃlabh,1,1,—,a,vowel-initial,non-varga (vowel-initial),
abhisaṃmad,1,1,—,a,vowel-initial,non-varga (vowel-initial),
abhisaṃmuh,1,1,—,a,vowel-initial,non-varga (vowel-initial),
abhisaṃmṛś,1,1,—,a,vowel-initial,non-varga (vowel-initial),
abhisaṃrañj,1,1,—,a,vowel-initial,non-varga (vowel-initial),
abhisaṃrudh,1,1,—,a,vowel-initial,non-varga (vowel-initial),
abhisaṃsmṛ,1,1,—,a,vowel-initial,non-varga (vowel-initial),
abhisaṃspṛś,1,1,—,a,vowel-initial,non-varga (vowel-initial),
abhisaṃsthā,1,1,—,a,vowel-initial,non-varga (vowel-initial),
abhisaṃsvañj,1,1,—,a,vowel-initial,non-varga (vowel-initial),
abhisaṃsīv,1,1,—,a,vowel-initial,non-varga (vowel-initial),
abhisaṃsṛj,1,1,—,a,vowel-initial,non-varga (vowel-initial),
abhisaṃtras,1,1,—,a,vowel-initial,non-varga (vowel-initial),
abhisaṃvap,1,1,—,a,vowel-initial,non-varga (vowel-initial),
abhisaṃveṣṭ,1,1,—,a,vowel-initial,non-varga (vowel-initial),
abhisaṃvyadh,1,1,—,a,vowel-initial,non-varga (vowel-initial),
abhisaṃyat,1,1,—,a,vowel-initial,non-varga (vowel-initial),
abhisaṃyā,1,1,—,a,vowel-initial,non-varga (vowel-initial),
abhisaṃśleṣay,1,1,—,a,vowel-initial,non-varga (vowel-initial),
abhistanay,1,1,—,a,vowel-initial,non-varga (vowel-initial),
abhivinivartay,1,1,—,a,vowel-initial,non-varga (vowel-initial),
abhivinyas,1,1,—,a,vowel-initial,non-varga (vowel-initial),
abhiviparihṛ,1,1,—,a,vowel-initial,non-varga (vowel-initial),
abhiviṣyanday,1,1,—,a,vowel-initial,non-varga (vowel-initial),
abhivyavān,1,1,—,a,vowel-initial,non-varga (vowel-initial),
abhiśriṣ,1,1,—,a,vowel-initial,non-varga (vowel-initial),
abhyadhikībhū,1,1,—,a,vowel-initial,non-varga (vowel-initial),
abhyanumṛj,1,1,—,a,vowel-initial,non-varga (vowel-initial),
abhyarthīy,1,1,—,a,vowel-initial,non-varga (vowel-initial),
abhyatyṛj,1,1,—,a,vowel-initial,non-varga (vowel-initial),
abhyavagāhay,1,1,—,a,vowel-initial,non-varga (vowel-initial),
abhyavasnāpay,1,1,—,a,vowel-initial,non-varga (vowel-initial),
abhyavān,1,1,—,a,vowel-initial,non-varga (vowel-initial),
abhyavās,1,1,—,a,vowel-initial,non-varga (vowel-initial),
abhyudan,1,1,—,a,vowel-initial,non-varga (vowel-initial),
abhyudūh,1,1,—,a,vowel-initial,non-varga (vowel-initial),
abhyujji,1,1,—,a,vowel-initial,non-varga (vowel-initial),
abhyujjuṣ,1,1,—,a,vowel-initial,non-varga (vowel-initial),
abhyullas,1,1,—,a,vowel-initial,non-varga (vowel-initial),
abhyupās,1,1,—,a,vowel-initial,non-varga (vowel-initial),
abhyutsarj,1,1,—,a,vowel-initial,non-varga (vowel-initial),
abhyutsu,1,1,—,a,vowel-initial,non-varga (vowel-initial),
abhyutsṛp,1,1,—,a,vowel-initial,non-varga (vowel-initial),
adbhutāy,1,1,—,a,vowel-initial,non-varga (vowel-initial),
adharay,1,1,—,a,vowel-initial,non-varga (vowel-initial),
adhikhād,1,1,—,a,vowel-initial,non-varga (vowel-initial),
adhinirdham,1,1,—,a,vowel-initial,non-varga (vowel-initial),
adhinivap,1,1,—,a,vowel-initial,non-varga (vowel-initial),
adhinyas,1,1,—,a,vowel-initial,non-varga (vowel-initial),
adhipat,1,1,—,a,vowel-initial,non-varga (vowel-initial),
adhipraṇī,1,1,—,a,vowel-initial,non-varga (vowel-initial),
adhisaṃbhū,1,1,—,a,vowel-initial,non-varga (vowel-initial),
adhisaṃviś,1,1,—,a,vowel-initial,non-varga (vowel-initial),
adhisaṃyat,1,1,—,a,vowel-initial,non-varga (vowel-initial),
adhisnā,1,1,—,a,vowel-initial,non-varga (vowel-initial),
adhistṛ,1,1,—,a,vowel-initial,non-varga (vowel-initial),
adhyah,1,1,—,a,vowel-initial,non-varga (vowel-initial),
adhyaś,1,1,—,a,vowel-initial,non-varga (vowel-initial),
adhyupadhā,1,1,—,a,vowel-initial,non-varga (vowel-initial),
adhyāpat,1,1,—,a,vowel-initial,non-varga (vowel-initial),
adhyāyay,1,1,—,a,vowel-initial,non-varga (vowel-initial),
adhyṛdh,1,1,—,a,vowel-initial,non-varga (vowel-initial),
adhyṛṣ,1,1,—,a,vowel-initial,non-varga (vowel-initial),
adhīps,1,1,—,a,vowel-initial,non-varga (vowel-initial),
ajirāy,1,1,—,a,vowel-initial,non-varga (vowel-initial),
ajñānay,1,1,—,a,vowel-initial,non-varga (vowel-initial),
alasay,1,1,—,a,vowel-initial,non-varga (vowel-initial),
alaṃkāray,1,1,—,a,vowel-initial,non-varga (vowel-initial),
amalay,1,1,—,a,vowel-initial,non-varga (vowel-initial),
amitrāy,1,1,—,a,vowel-initial,non-varga (vowel-initial),
amṛtasādbhū,1,1,—,a,vowel-initial,non-varga (vowel-initial),
anaikāntikīkṛ,1,1,—,a,vowel-initial,non-varga (vowel-initial),
anaruṣkṛ,1,1,—,a,vowel-initial,non-varga (vowel-initial),
andhakāray,1,1,—,a,vowel-initial,non-varga (vowel-initial),
anniy,1,1,—,a,vowel-initial,non-varga (vowel-initial),
anubhakṣay,1,1,—,a,vowel-initial,non-varga (vowel-initial),
anuguṇībhū,1,1,—,a,vowel-initial,non-varga (vowel-initial),
anuhuṃkṛ,1,1,—,a,vowel-initial,non-varga (vowel-initial),
anukhan,1,1,—,a,vowel-initial,non-varga (vowel-initial),
anulamb,1,1,—,a,vowel-initial,non-varga (vowel-initial),
anunigad,1,1,—,a,vowel-initial,non-varga (vowel-initial),
anunirgam,1,1,—,a,vowel-initial,non-varga (vowel-initial),
anunyañj,1,1,—,a,vowel-initial,non-varga (vowel-initial),
anunyṛch,1,1,—,a,vowel-initial,non-varga (vowel-initial),
anupariviṣ,1,1,—,a,vowel-initial,non-varga (vowel-initial),
anuparye,1,1,—,a,vowel-initial,non-varga (vowel-initial),
anuparābhāvay,1,1,—,a,vowel-initial,non-varga (vowel-initial),
anupradiś,1,1,—,a,vowel-initial,non-varga (vowel-initial),
anuprajijñās,1,1,—,a,vowel-initial,non-varga (vowel-initial),
anupratihan,1,1,—,a,vowel-initial,non-varga (vowel-initial),
anupreray,1,1,—,a,vowel-initial,non-varga (vowel-initial),
anusamprayā,1,1,—,a,vowel-initial,non-varga (vowel-initial),
anusaṃbandh,1,1,—,a,vowel-initial,non-varga (vowel-initial),
anusaṃbhṛ,1,1,—,a,vowel-initial,non-varga (vowel-initial),
anusaṃci,1,1,—,a,vowel-initial,non-varga (vowel-initial),
anusaṃcāray,1,1,—,a,vowel-initial,non-varga (vowel-initial),
anusaṃdah,1,1,—,a,vowel-initial,non-varga (vowel-initial),
anusaṃdih,1,1,—,a,vowel-initial,non-varga (vowel-initial),
anusaṃdiś,1,1,—,a,vowel-initial,non-varga (vowel-initial),
anusaṃdru,1,1,—,a,vowel-initial,non-varga (vowel-initial),
anusaṃgrah,1,1,—,a,vowel-initial,non-varga (vowel-initial),
anusaṃjigamiṣ,1,1,—,a,vowel-initial,non-varga (vowel-initial),
anusaṃkālay,1,1,—,a,vowel-initial,non-varga (vowel-initial),
anusaṃmṛś,1,1,—,a,vowel-initial,non-varga (vowel-initial),
anusaṃpiṣ,1,1,—,a,vowel-initial,non-varga (vowel-initial),
anusaṃsādhay,1,1,—,a,vowel-initial,non-varga (vowel-initial),
anusaṃsṛ,1,1,—,a,vowel-initial,non-varga (vowel-initial),
anusaṃsṛj,1,1,—,a,vowel-initial,non-varga (vowel-initial),
anusaṃtṛp,1,1,—,a,vowel-initial,non-varga (vowel-initial),
anusaṃvah,1,1,—,a,vowel-initial,non-varga (vowel-initial),
anusaṃveday,1,1,—,a,vowel-initial,non-varga (vowel-initial),
anusaṃviś,1,1,—,a,vowel-initial,non-varga (vowel-initial),
anusaṃvāday,1,1,—,a,vowel-initial,non-varga (vowel-initial),
anusaṃvṛ,1,1,—,a,vowel-initial,non-varga (vowel-initial),
anuvimuc,1,1,—,a,vowel-initial,non-varga (vowel-initial),
anuvipravas,1,1,—,a,vowel-initial,non-varga (vowel-initial),
anuvyas,1,1,—,a,vowel-initial,non-varga (vowel-initial),
anuvyaś,1,1,—,a,vowel-initial,non-varga (vowel-initial),
anuṣvap,1,1,—,a,vowel-initial,non-varga (vowel-initial),
anvabhidhāv,1,1,—,a,vowel-initial,non-varga (vowel-initial),
anvapān,1,1,—,a,vowel-initial,non-varga (vowel-initial),
anvatī,1,1,—,a,vowel-initial,non-varga (vowel-initial),
anvavayaj,1,1,—,a,vowel-initial,non-varga (vowel-initial),
anvavekṣay,1,1,—,a,vowel-initial,non-varga (vowel-initial),
anvavās,1,1,—,a,vowel-initial,non-varga (vowel-initial),
anvāhan,1,1,—,a,vowel-initial,non-varga (vowel-initial),
anvāsāday,1,1,—,a,vowel-initial,non-varga (vowel-initial),
anvī,1,1,—,a,vowel-initial,non-varga (vowel-initial),
anvīkṣay,1,1,—,a,vowel-initial,non-varga (vowel-initial),
anūccāray,1,1,—,a,vowel-initial,non-varga (vowel-initial),
anūddhṛ,1,1,—,a,vowel-initial,non-varga (vowel-initial),
anūnmad,1,1,—,a,vowel-initial,non-varga (vowel-initial),
anūpadhāray,1,1,—,a,vowel-initial,non-varga (vowel-initial),
anūpayaj,1,1,—,a,vowel-initial,non-varga (vowel-initial),
anūtsāday,1,1,—,a,vowel-initial,non-varga (vowel-initial),
anūttiṣṭhās,1,1,—,a,vowel-initial,non-varga (vowel-initial),
apadhvaṃsay,1,1,—,a,vowel-initial,non-varga (vowel-initial),
apadā,1,1,—,a,vowel-initial,non-varga (vowel-initial),
apamṛś,1,1,—,a,vowel-initial,non-varga (vowel-initial),
apasaṃhṛ,1,1,—,a,vowel-initial,non-varga (vowel-initial),
apasaṃnah,1,1,—,a,vowel-initial,non-varga (vowel-initial),
apasaṃvas,1,1,—,a,vowel-initial,non-varga (vowel-initial),
apastambh,1,1,—,a,vowel-initial,non-varga (vowel-initial),
apasy,1,1,—,a,vowel-initial,non-varga (vowel-initial),
apavitray,1,1,—,a,vowel-initial,non-varga (vowel-initial),
apavātay,1,1,—,a,vowel-initial,non-varga (vowel-initial),
apekṣay,1,1,—,a,vowel-initial,non-varga (vowel-initial),
apipāthay,1,1,—,a,vowel-initial,non-varga (vowel-initial),
apive,1,1,—,a,vowel-initial,non-varga (vowel-initial),
apohay,1,1,—,a,vowel-initial,non-varga (vowel-initial),
apojjigāṃs,1,1,—,a,vowel-initial,non-varga (vowel-initial),
apotkram,1,1,—,a,vowel-initial,non-varga (vowel-initial),
apotsṛj,1,1,—,a,vowel-initial,non-varga (vowel-initial),
apyad,1,1,—,a,vowel-initial,non-varga (vowel-initial),
apyatyṛj,1,1,—,a,vowel-initial,non-varga (vowel-initial),
apye,1,1,—,a,vowel-initial,non-varga (vowel-initial),
apyūh,1,1,—,a,vowel-initial,non-varga (vowel-initial),
araṃkṛ,1,1,—,a,vowel-initial,non-varga (vowel-initial),
ardīy,1,1,—,a,vowel-initial,non-varga (vowel-initial),
argalay,1,1,—,a,vowel-initial,non-varga (vowel-initial),
aruṇāy,1,1,—,a,vowel-initial,non-varga (vowel-initial),
arātiy,1,1,—,a,vowel-initial,non-varga (vowel-initial),
arūkṛ,1,1,—,a,vowel-initial,non-varga (vowel-initial),
astaṃgamay,1,1,—,a,vowel-initial,non-varga (vowel-initial),
atipari,1,1,—,a,vowel-initial,non-varga (vowel-initial),
atipravṛ,1,1,—,a,vowel-initial,non-varga (vowel-initial),
atipreray,1,1,—,a,vowel-initial,non-varga (vowel-initial),
atipreṣ,1,1,—,a,vowel-initial,non-varga (vowel-initial),
atisad,1,1,—,a,vowel-initial,non-varga (vowel-initial),
atisaṃrudh,1,1,—,a,vowel-initial,non-varga (vowel-initial),
atisaṃvṛdh,1,1,—,a,vowel-initial,non-varga (vowel-initial),
atisisṛps,1,1,—,a,vowel-initial,non-varga (vowel-initial),
atitvaray,1,1,—,a,vowel-initial,non-varga (vowel-initial),
ativitsay,1,1,—,a,vowel-initial,non-varga (vowel-initial),
atyah,1,1,—,a,vowel-initial,non-varga (vowel-initial),
atye,1,1,—,a,vowel-initial,non-varga (vowel-initial),
atyujjhā,1,1,—,a,vowel-initial,non-varga (vowel-initial),
atyunnamay,1,1,—,a,vowel-initial,non-varga (vowel-initial),
atyupadhā,1,1,—,a,vowel-initial,non-varga (vowel-initial),
atyādhāv,1,1,—,a,vowel-initial,non-varga (vowel-initial),
atyānī,1,1,—,a,vowel-initial,non-varga (vowel-initial),
atyāvap,1,1,—,a,vowel-initial,non-varga (vowel-initial),
atīṣ,1,1,—,a,vowel-initial,non-varga (vowel-initial),
avadrā,1,1,—,a,vowel-initial,non-varga (vowel-initial),
avakampay,1,1,—,a,vowel-initial,non-varga (vowel-initial),
avamīmāṃs,1,1,—,a,vowel-initial,non-varga (vowel-initial),
avaplāvay,1,1,—,a,vowel-initial,non-varga (vowel-initial),
avarj,1,1,—,a,vowel-initial,non-varga (vowel-initial),
avasṛ,1,1,—,a,vowel-initial,non-varga (vowel-initial),
avatarpay,1,1,—,a,vowel-initial,non-varga (vowel-initial),
avavip,1,1,—,a,vowel-initial,non-varga (vowel-initial),
avavṛdh,1,1,—,a,vowel-initial,non-varga (vowel-initial),
avelay,1,1,—,a,vowel-initial,non-varga (vowel-initial),
aveṣ,1,1,—,a,vowel-initial,non-varga (vowel-initial),
aviśeṣay,1,1,—,a,vowel-initial,non-varga (vowel-initial),
avāj,1,1,—,a,vowel-initial,non-varga (vowel-initial),
avāpoh,1,1,—,a,vowel-initial,non-varga (vowel-initial),
avāvad,1,1,—,a,vowel-initial,non-varga (vowel-initial),
aśnāy,1,1,—,a,vowel-initial,non-varga (vowel-initial),
aḍhaṇḍholay,1,1,—,a,vowel-initial,non-varga (vowel-initial),
aṅkūy,1,1,—,a,vowel-initial,non-varga (vowel-initial),
baddhay,1,1,b,a,pavarga,C3 (voiced unaspirate),
badh,1,1,b,a,pavarga,C3 (voiced unaspirate),
badhiray,1,1,b,a,pavarga,C3 (voiced unaspirate),
baladībhū,1,1,b,a,pavarga,C3 (voiced unaspirate),
balbal,1,1,b,a,pavarga,C3 (voiced unaspirate),
bandīkṛ,1,1,b,a,pavarga,C3 (voiced unaspirate),
bebhid,1,1,b,e,pavarga,C3 (voiced unaspirate),
bhajay,1,1,bh,a,pavarga,C4 (voiced aspirate),
bhakṣaṃkṛ,1,1,bh,a,pavarga,C4 (voiced aspirate),
bhandanāy,1,1,bh,a,pavarga,C4 (voiced aspirate),
bhartsāpay,1,1,bh,a,pavarga,C4 (voiced aspirate),
bhaṅguray,1,1,bh,a,pavarga,C4 (voiced aspirate),
bheṣ,1,1,bh,e,pavarga,C4 (voiced aspirate),
bhikṣay,1,1,bh,i,pavarga,C4 (voiced aspirate),
bhiṣakkṛ,1,1,bh,i,pavarga,C4 (voiced aspirate),
bhrāśay,1,1,bh,ā,pavarga,C4 (voiced aspirate),
bhrī,1,1,bh,ī,pavarga,C4 (voiced aspirate),
bhuraj,1,1,bh,u,pavarga,C4 (voiced aspirate),
bhyas,1,1,bh,a,pavarga,C4 (voiced aspirate),
bhāpay,1,1,bh,ā,pavarga,C4 (voiced aspirate),
bhāṭay,1,1,bh,ā,pavarga,C4 (voiced aspirate),
bhūṣaṇīkṛ,1,1,bh,ū,pavarga,C4 (voiced aspirate),
bhṛtyāy,1,1,bh,ṛ,pavarga,C4 (voiced aspirate),
bhṛśāy,1,1,bh,ṛ,pavarga,C4 (voiced aspirate),
bhṛṅgāy,1,1,bh,ṛ,pavarga,C4 (voiced aspirate),
bibhakṣay,1,1,b,i,pavarga,C3 (voiced unaspirate),
bibhaṇiṣ,1,1,b,i,pavarga,C3 (voiced unaspirate),
bobudh,1,1,b,o,pavarga,C3 (voiced unaspirate),
bālāy,1,1,b,ā,pavarga,C3 (voiced unaspirate),
bāṇāy,1,1,b,ā,pavarga,C3 (voiced unaspirate),
bāṣpāy,1,1,b,ā,pavarga,C3 (voiced unaspirate),
cand,1,1,c,a,cavarga,C1 (unvoiced unaspirate),
candrāy,1,1,c,a,cavarga,C1 (unvoiced unaspirate),
capalāy,1,1,c,a,cavarga,C1 (unvoiced unaspirate),
caraṇīy,1,1,c,a,cavarga,C1 (unvoiced unaspirate),
carvay,1,1,c,a,cavarga,C1 (unvoiced unaspirate),
caṅkṣam,1,1,c,a,cavarga,C1 (unvoiced unaspirate),
caṭakāy,1,1,c,a,cavarga,C1 (unvoiced unaspirate),
cechid,1,1,c,e,cavarga,C1 (unvoiced unaspirate),
chal,1,1,ch,a,cavarga,C2 (unvoiced aspirate),
chatrāy,1,1,ch,a,cavarga,C2 (unvoiced aspirate),
chaṇṭay,1,1,ch,a,cavarga,C2 (unvoiced aspirate),
chāyay,1,1,ch,ā,cavarga,C2 (unvoiced aspirate),
cicar,1,1,c,i,cavarga,C1 (unvoiced unaspirate),
cichid,1,1,c,i,cavarga,C1 (unvoiced unaspirate),
cidānandāy,1,1,c,i,cavarga,C1 (unvoiced unaspirate),
cihnīkṛ,1,1,c,i,cavarga,C1 (unvoiced unaspirate),
cikhādiṣ,1,1,c,i,cavarga,C1 (unvoiced unaspirate),
cikīrtayiṣ,1,1,c,i,cavarga,C1 (unvoiced unaspirate),
cintāpay,1,1,c,i,cavarga,C1 (unvoiced unaspirate),
cittāy,1,1,c,i,cavarga,C1 (unvoiced unaspirate),
ciściṣākṛ,1,1,c,i,cavarga,C1 (unvoiced unaspirate),
ciṭiciṭāy,1,1,c,i,cavarga,C1 (unvoiced unaspirate),
cucumbiṣ,1,1,c,u,cavarga,C1 (unvoiced unaspirate),
culukay,1,1,c,u,cavarga,C1 (unvoiced unaspirate),
cumacumāy,1,1,c,u,cavarga,C1 (unvoiced unaspirate),
cūrṇīy,1,1,c,ū,cavarga,C1 (unvoiced unaspirate),
dabhāy,1,1,d,a,tavarga,C3 (voiced unaspirate),
damany,1,1,d,a,tavarga,C3 (voiced unaspirate),
dan,1,1,d,a,tavarga,C3 (voiced unaspirate),
dandaś,1,1,d,a,tavarga,C3 (voiced unaspirate),
danturay,1,1,d,a,tavarga,C3 (voiced unaspirate),
davay,1,1,d,a,tavarga,C3 (voiced unaspirate),
dayay,1,1,d,a,tavarga,C3 (voiced unaspirate),
dedī,1,1,d,e,tavarga,C3 (voiced unaspirate),
dhiṣaṇy,1,1,dh,i,tavarga,C4 (voiced aspirate),
dhvānay,1,1,dh,ā,tavarga,C4 (voiced aspirate),
dhūsarībhū,1,1,dh,ū,tavarga,C4 (voiced aspirate),
didhārayiṣ,1,1,d,i,tavarga,C3 (voiced unaspirate),
dodrav,1,1,d,o,tavarga,C3 (voiced unaspirate),
dodu,1,1,d,o,tavarga,C3 (voiced unaspirate),
dravay,1,1,d,a,tavarga,C3 (voiced unaspirate),
dudhukṣ,1,1,d,u,tavarga,C3 (voiced unaspirate),
dudhūṣ,1,1,d,u,tavarga,C3 (voiced unaspirate),
durbalībhū,1,1,d,u,tavarga,C3 (voiced unaspirate),
durgṛbhīy,1,1,d,u,tavarga,C3 (voiced unaspirate),
durhaṇāy,1,1,d,u,tavarga,C3 (voiced unaspirate),
durjanāy,1,1,d,u,tavarga,C3 (voiced unaspirate),
durlabhībhū,1,1,d,u,tavarga,C3 (voiced unaspirate),
duḥkhāy,1,1,d,u,tavarga,C3 (voiced unaspirate),
duḥkhīy,1,1,d,u,tavarga,C3 (voiced unaspirate),
dyutay,1,1,d,u,tavarga,C3 (voiced unaspirate),
dādhmā,1,1,d,ā,tavarga,C3 (voiced unaspirate),
dāyay,1,1,d,ā,tavarga,C3 (voiced unaspirate),
dīkṣāpay,1,1,d,ī,tavarga,C3 (voiced unaspirate),
dīrghay,1,1,d,ī,tavarga,C3 (voiced unaspirate),
erts,1,1,—,e,vowel-initial,non-varga (vowel-initial),
gadāy,1,1,g,a,kavarga,C3 (voiced unaspirate),
gai,1,1,g,ai,kavarga,C3 (voiced unaspirate),
gajībhū,1,1,g,a,kavarga,C3 (voiced unaspirate),
galahastay,1,1,g,a,kavarga,C3 (voiced unaspirate),
gard,1,1,g,a,kavarga,C3 (voiced unaspirate),
garuḍāy,1,1,g,a,kavarga,C3 (voiced unaspirate),
garv,1,1,g,a,kavarga,C3 (voiced unaspirate),
gaṅgūy,1,1,g,a,kavarga,C3 (voiced unaspirate),
gaṇḍūṣay,1,1,g,a,kavarga,C3 (voiced unaspirate),
ghoṣāpay,1,1,gh,o,kavarga,C4 (voiced aspirate),
ghṛṇāy,1,1,gh,ṛ,kavarga,C4 (voiced aspirate),
giray,1,1,g,i,kavarga,C3 (voiced unaspirate),
gomayāy,1,1,g,o,kavarga,C3 (voiced unaspirate),
guḍaguḍāy,1,1,g,u,kavarga,C3 (voiced unaspirate),
guḍguḍāy,1,1,g,u,kavarga,C3 (voiced unaspirate),
guṇṭh,1,1,g,u,kavarga,C3 (voiced unaspirate),
gāmay,1,1,g,ā,kavarga,C3 (voiced unaspirate),
gānīkṛ,1,1,g,ā,kavarga,C3 (voiced unaspirate),
gūrdhay,1,1,g,ū,kavarga,C3 (voiced unaspirate),
gṛbhay,1,1,g,ṛ,kavarga,C3 (voiced unaspirate),
hambhāy,1,1,h,a,glottal,non-varga (glottal),
haritāy,1,1,h,a,glottal,non-varga (glottal),
hastīkṛ,1,1,h,a,glottal,non-varga (glottal),
haṃsībhū,1,1,h,a,glottal,non-varga (glottal),
hel,1,1,h,e,glottal,non-varga (glottal),
hikkay,1,1,h,i,glottal,non-varga (glottal),
huvany,1,1,h,u,glottal,non-varga (glottal),
hvalay,1,1,h,a,glottal,non-varga (glottal),
hvāray,1,1,h,ā,glottal,non-varga (glottal),
hāsarasāy,1,1,h,ā,glottal,non-varga (glottal),
hūrchay,1,1,h,ū,glottal,non-varga (glottal),
hṛṇāy,1,1,h,ṛ,glottal,non-varga (glottal),
icchāpay,1,1,—,i,vowel-initial,non-varga (vowel-initial),
ikramiṣ,1,1,—,i,vowel-initial,non-varga (vowel-initial),
indhanībhū,1,1,—,i,vowel-initial,non-varga (vowel-initial),
indray,1,1,—,i,vowel-initial,non-varga (vowel-initial),
iradh,1,1,—,i,vowel-initial,non-varga (vowel-initial),
iyasy,1,1,—,i,vowel-initial,non-varga (vowel-initial),
iṣaṇay,1,1,—,i,vowel-initial,non-varga (vowel-initial),
iṣūy,1,1,—,i,vowel-initial,non-varga (vowel-initial),
jalāy,1,1,j,a,cavarga,C3 (voiced unaspirate),
janiy,1,1,j,a,cavarga,C3 (voiced unaspirate),
jarjaray,1,1,j,a,cavarga,C3 (voiced unaspirate),
jayadhvajāy,1,1,j,a,cavarga,C3 (voiced unaspirate),
jañj,1,1,j,a,cavarga,C3 (voiced unaspirate),
jaṭilay,1,1,j,a,cavarga,C3 (voiced unaspirate),
jaṭīkṛ,1,1,j,a,cavarga,C3 (voiced unaspirate),
jegīy,1,1,j,e,cavarga,C3 (voiced unaspirate),
jigrahayiṣ,1,1,j,i,cavarga,C3 (voiced unaspirate),
jigās,1,1,j,i,cavarga,C3 (voiced unaspirate),
jihmāy,1,1,j,i,cavarga,C3 (voiced unaspirate),
jri,1,1,j,i,cavarga,C3 (voiced unaspirate),
jugukṣ,1,1,j,u,cavarga,C3 (voiced unaspirate),
jvālāy,1,1,j,ā,cavarga,C3 (voiced unaspirate),
jyut,1,1,j,u,cavarga,C3 (voiced unaspirate),
jñīps,1,1,j,ī,cavarga,C3 (voiced unaspirate),
jājṛmbh,1,1,j,ā,cavarga,C3 (voiced unaspirate),
jālāy,1,1,j,ā,cavarga,C3 (voiced unaspirate),
jīrṇay,1,1,j,ī,cavarga,C3 (voiced unaspirate),
kacakac,1,1,k,a,kavarga,C1 (unvoiced unaspirate),
kacay,1,1,k,a,kavarga,C1 (unvoiced unaspirate),
kadalīvanāy,1,1,k,a,kavarga,C1 (unvoiced unaspirate),
kalpalatāvanāy,1,1,k,a,kavarga,C1 (unvoiced unaspirate),
kalpāy,1,1,k,a,kavarga,C1 (unvoiced unaspirate),
kalāpāy,1,1,k,a,kavarga,C1 (unvoiced unaspirate),
kamalāy,1,1,k,a,kavarga,C1 (unvoiced unaspirate),
kapilāy,1,1,k,a,kavarga,C1 (unvoiced unaspirate),
kapiśay,1,1,k,a,kavarga,C1 (unvoiced unaspirate),
karadīkṛ,1,1,k,a,kavarga,C1 (unvoiced unaspirate),
kavacay,1,1,k,a,kavarga,C1 (unvoiced unaspirate),
kaṇakaṇāy,1,1,k,a,kavarga,C1 (unvoiced unaspirate),
kaṇūkay,1,1,k,a,kavarga,C1 (unvoiced unaspirate),
kaṣay,1,1,k,a,kavarga,C1 (unvoiced unaspirate),
kaṣāyīkṛ,1,1,k,a,kavarga,C1 (unvoiced unaspirate),
kaṭākṣay,1,1,k,a,kavarga,C1 (unvoiced unaspirate),
kekāy,1,1,k,e,kavarga,C1 (unvoiced unaspirate),
kelay,1,1,k,e,kavarga,C1 (unvoiced unaspirate),
khaj,1,1,kh,a,kavarga,C2 (unvoiced aspirate),
khallay,1,1,kh,a,kavarga,C2 (unvoiced aspirate),
khanakhanāy,1,1,kh,a,kavarga,C2 (unvoiced aspirate),
kharj,1,1,kh,a,kavarga,C2 (unvoiced aspirate),
kharāy,1,1,kh,a,kavarga,C2 (unvoiced aspirate),
khaṭṭāy,1,1,kh,a,kavarga,C2 (unvoiced aspirate),
khoṭay,1,1,kh,o,kavarga,C2 (unvoiced aspirate),
khud,1,1,kh,u,kavarga,C2 (unvoiced aspirate),
khurakhurāy,1,1,kh,u,kavarga,C2 (unvoiced aspirate),
khurukhurāy,1,1,kh,u,kavarga,C2 (unvoiced aspirate),
khātay,1,1,kh,ā,kavarga,C2 (unvoiced aspirate),
kilakilāy,1,1,k,i,kavarga,C1 (unvoiced unaspirate),
kiṃkarīkṛ,1,1,k,i,kavarga,C1 (unvoiced unaspirate),
kiṭakiṭāy,1,1,k,i,kavarga,C1 (unvoiced unaspirate),
kiṭṭāy,1,1,k,i,kavarga,C1 (unvoiced unaspirate),
klāmay,1,1,k,ā,kavarga,C1 (unvoiced unaspirate),
knopay,1,1,k,o,kavarga,C1 (unvoiced unaspirate),
kokūj,1,1,k,o,kavarga,C1 (unvoiced unaspirate),
kokūy,1,1,k,o,kavarga,C1 (unvoiced unaspirate),
krośay,1,1,k,o,kavarga,C1 (unvoiced unaspirate),
krāth,1,1,k,ā,kavarga,C1 (unvoiced unaspirate),
krāthay,1,1,k,ā,kavarga,C1 (unvoiced unaspirate),
kuhukuhāy,1,1,k,u,kavarga,C1 (unvoiced unaspirate),
kulyāy,1,1,k,u,kavarga,C1 (unvoiced unaspirate),
kuraṅgāy,1,1,k,u,kavarga,C1 (unvoiced unaspirate),
kuḍ,1,1,k,u,kavarga,C1 (unvoiced unaspirate),
kālvālīkṛ,1,1,k,ā,kavarga,C1 (unvoiced unaspirate),
kāntāy,1,1,k,ā,kavarga,C1 (unvoiced unaspirate),
kāṅkṣay,1,1,k,ā,kavarga,C1 (unvoiced unaspirate),
kāṅkṣāy,1,1,k,ā,kavarga,C1 (unvoiced unaspirate),
kāṇkṣ,1,1,k,ā,kavarga,C1 (unvoiced unaspirate),
kīray,1,1,k,ī,kavarga,C1 (unvoiced unaspirate),
kśāpay,1,1,k,ā,kavarga,C1 (unvoiced unaspirate),
kūḍ,1,1,k,ū,kavarga,C1 (unvoiced unaspirate),
kūṇay,1,1,k,ū,kavarga,C1 (unvoiced unaspirate),
kūṭay,1,1,k,ū,kavarga,C1 (unvoiced unaspirate),
kṛcchrāy,1,1,k,ṛ,kavarga,C1 (unvoiced unaspirate),
kṛpaṇ,1,1,k,ṛ,kavarga,C1 (unvoiced unaspirate),
kṛpaṇy,1,1,k,ṛ,kavarga,C1 (unvoiced unaspirate),
kṛśay,1,1,k,ṛ,kavarga,C1 (unvoiced unaspirate),
kṛṣṇāy,1,1,k,ṛ,kavarga,C1 (unvoiced unaspirate),
kṣayay,1,1,k,a,kavarga,C1 (unvoiced unaspirate),
kṣāmatarīkṛ,1,1,k,ā,kavarga,C1 (unvoiced unaspirate),
kṣīrodāy,1,1,k,ī,kavarga,C1 (unvoiced unaspirate),
lagay,1,1,l,a,semivowel,non-varga (semivowel),
lambāy,1,1,l,a,semivowel,non-varga (semivowel),
lasay,1,1,l,a,semivowel,non-varga (semivowel),
lavaṇāy,1,1,l,a,semivowel,non-varga (semivowel),
lekhāpay,1,1,l,e,semivowel,non-varga (semivowel),
lekhāy,1,1,l,e,semivowel,non-varga (semivowel),
lilambiṣ,1,1,l,i,semivowel,non-varga (semivowel),
lilikṣ,1,1,l,i,semivowel,non-varga (semivowel),
lilāpayiṣ,1,1,l,i,semivowel,non-varga (semivowel),
lolup,1,1,l,o,semivowel,non-varga (semivowel),
lulobhay,1,1,l,u,semivowel,non-varga (semivowel),
luñcay,1,1,l,u,semivowel,non-varga (semivowel),
lālāpay,1,1,l,ā,semivowel,non-varga (semivowel),
lālāy,1,1,l,ā,semivowel,non-varga (semivowel),
lūlup,1,1,l,ū,semivowel,non-varga (semivowel),
madhukarāy,1,1,m,a,pavarga,C5 (nasal),
madhuray,1,1,m,a,pavarga,C5 (nasal),
madhurāy,1,1,m,a,pavarga,C5 (nasal),
makarāy,1,1,m,a,pavarga,C5 (nasal),
mamar,1,1,m,a,pavarga,C5 (nasal),
mandarāy,1,1,m,a,pavarga,C5 (nasal),
mandākinīpravāhāy,1,1,m,a,pavarga,C5 (nasal),
marīmṛj,1,1,m,a,pavarga,C5 (nasal),
mathay,1,1,m,a,pavarga,C5 (nasal),
maunāy,1,1,m,au,pavarga,C5 (nasal),
mayūkhāy,1,1,m,a,pavarga,C5 (nasal),
maṇḍalay,1,1,m,a,pavarga,C5 (nasal),
maṇṭay,1,1,m,a,pavarga,C5 (nasal),
mehay,1,1,m,e,pavarga,C5 (nasal),
mekhalāy,1,1,m,e,pavarga,C5 (nasal),
melāpay,1,1,m,e,pavarga,C5 (nasal),
micch,1,1,m,i,pavarga,C5 (nasal),
mitrīy,1,1,m,i,pavarga,C5 (nasal),
mokṣāy,1,1,m,o,pavarga,C5 (nasal),
mraday,1,1,m,a,pavarga,C5 (nasal),
mrit,1,1,m,i,pavarga,C5 (nasal),
mumudiṣ,1,1,m,u,pavarga,C5 (nasal),
mur,1,1,m,u,pavarga,C5 (nasal),
muṇḍāpay,1,1,m,u,pavarga,C5 (nasal),
mālyaguṇāy,1,1,m,ā,pavarga,C5 (nasal),
mālāy,1,1,m,ā,pavarga,C5 (nasal),
māmad,1,1,m,ā,pavarga,C5 (nasal),
mānavasy,1,1,m,ā,pavarga,C5 (nasal),
māthay,1,1,m,ā,pavarga,C5 (nasal),
māṇikyavṛkṣakavanāy,1,1,m,ā,pavarga,C5 (nasal),
mīmāṃsay,1,1,m,ī,pavarga,C5 (nasal),
mūkīkṛ,1,1,m,ū,pavarga,C5 (nasal),
mṛc,1,1,m,ṛ,pavarga,C5 (nasal),
mṛkṣ,1,1,m,ṛ,pavarga,C5 (nasal),
n,1,1,n,?,tavarga,C5 (nasal),
nabhaḥkusumāy,1,1,n,a,tavarga,C5 (nasal),
nadasy,1,1,n,a,tavarga,C5 (nasal),
nagnaṃkṛ,1,1,n,a,tavarga,C5 (nasal),
navanavāy,1,1,n,a,tavarga,C5 (nasal),
naśāy,1,1,n,a,tavarga,C5 (nasal),
nibhas,1,1,n,i,tavarga,C5 (nasal),
nidhānīkṛ,1,1,n,i,tavarga,C5 (nasal),
nidānay,1,1,n,i,tavarga,C5 (nasal),
nikaṣāy,1,1,n,i,tavarga,C5 (nasal),
nimnīkṛ,1,1,n,i,tavarga,C5 (nasal),
nipreṣ,1,1,n,i,tavarga,C5 (nasal),
niravaji,1,1,n,i,tavarga,C5 (nasal),
nirayāy,1,1,n,i,tavarga,C5 (nasal),
nirbhayībhū,1,1,n,i,tavarga,C5 (nasal),
nirjyā,1,1,n,i,tavarga,C5 (nasal),
nirutsic,1,1,n,i,tavarga,C5 (nasal),
nirvivarīkṛ,1,1,n,i,tavarga,C5 (nasal),
nirvleṣay,1,1,n,i,tavarga,C5 (nasal),
nirvyañj,1,1,n,i,tavarga,C5 (nasal),
nirvyūh,1,1,n,i,tavarga,C5 (nasal),
nirvṛṣ,1,1,n,i,tavarga,C5 (nasal),
nirṛd,1,1,n,i,tavarga,C5 (nasal),
niścintay,1,1,n,i,tavarga,C5 (nasal),
niḥspandīkṛ,1,1,n,i,tavarga,C5 (nasal),
niṣkrīḍay,1,1,n,i,tavarga,C5 (nasal),
niṣprekṣ,1,1,n,i,tavarga,C5 (nasal),
nyarpay,1,1,n,a,tavarga,C5 (nasal),
nye,1,1,n,e,tavarga,C5 (nasal),
nyūh,1,1,n,ū,tavarga,C5 (nasal),
nyṛch,1,1,n,ṛ,tavarga,C5 (nasal),
nāthay,1,1,n,ā,tavarga,C5 (nasal),
nīrandhray,1,1,n,ī,tavarga,C5 (nasal),
nīrogay,1,1,n,ī,tavarga,C5 (nasal),
nīḍay,1,1,n,ī,tavarga,C5 (nasal),
nṛmaṇasy,1,1,n,ṛ,tavarga,C5 (nasal),
pakṣ,1,1,p,a,pavarga,C1 (unvoiced unaspirate),
pakṣāy,1,1,p,a,pavarga,C1 (unvoiced unaspirate),
palyāy,1,1,p,a,pavarga,C1 (unvoiced unaspirate),
paridṛṃhay,1,1,p,a,pavarga,C1 (unvoiced unaspirate),
parighātay,1,1,p,a,pavarga,C1 (unvoiced unaspirate),
parighāy,1,1,p,a,pavarga,C1 (unvoiced unaspirate),
parigrāhay,1,1,p,a,pavarga,C1 (unvoiced unaspirate),
parijigāṃs,1,1,p,a,pavarga,C1 (unvoiced unaspirate),
parilips,1,1,p,a,pavarga,C1 (unvoiced unaspirate),
parimārg,1,1,p,a,pavarga,C1 (unvoiced unaspirate),
parinirhan,1,1,p,a,pavarga,C1 (unvoiced unaspirate),
parinirvap,1,1,p,a,pavarga,C1 (unvoiced unaspirate),
parinirṇij,1,1,p,a,pavarga,C1 (unvoiced unaspirate),
pariniścintay,1,1,p,a,pavarga,C1 (unvoiced unaspirate),
pariniṣpāday,1,1,p,a,pavarga,C1 (unvoiced unaspirate),
pariprahi,1,1,p,a,pavarga,C1 (unvoiced unaspirate),
pariprajan,1,1,p,a,pavarga,C1 (unvoiced unaspirate),
paripre,1,1,p,a,pavarga,C1 (unvoiced unaspirate),
pariprokṣ,1,1,p,a,pavarga,C1 (unvoiced unaspirate),
pariprokṣay,1,1,p,a,pavarga,C1 (unvoiced unaspirate),
parisamāpay,1,1,p,a,pavarga,C1 (unvoiced unaspirate),
parisamūhay,1,1,p,a,pavarga,C1 (unvoiced unaspirate),
parisaṃhṛṣ,1,1,p,a,pavarga,C1 (unvoiced unaspirate),
parisaṃkṣip,1,1,p,a,pavarga,C1 (unvoiced unaspirate),
parisaṃpat,1,1,p,a,pavarga,C1 (unvoiced unaspirate),
parisaṃplu,1,1,p,a,pavarga,C1 (unvoiced unaspirate),
parisaṃspṛś,1,1,p,a,pavarga,C1 (unvoiced unaspirate),
parisaṃsṛj,1,1,p,a,pavarga,C1 (unvoiced unaspirate),
parisaṃtuṣ,1,1,p,a,pavarga,C1 (unvoiced unaspirate),
parisaṃvāray,1,1,p,a,pavarga,C1 (unvoiced unaspirate),
parisaṃśudh,1,1,p,a,pavarga,C1 (unvoiced unaspirate),
parivirāj,1,1,p,a,pavarga,C1 (unvoiced unaspirate),
pariśāyay,1,1,p,a,pavarga,C1 (unvoiced unaspirate),
pariṣṭambh,1,1,p,a,pavarga,C1 (unvoiced unaspirate),
paruṣay,1,1,p,a,pavarga,C1 (unvoiced unaspirate),
paryavalup,1,1,p,a,pavarga,C1 (unvoiced unaspirate),
paryaṅkhay,1,1,p,a,pavarga,C1 (unvoiced unaspirate),
paryudvij,1,1,p,a,pavarga,C1 (unvoiced unaspirate),
paryunnī,1,1,p,a,pavarga,C1 (unvoiced unaspirate),
paryutpātay,1,1,p,a,pavarga,C1 (unvoiced unaspirate),
paryācikīrṣ,1,1,p,a,pavarga,C1 (unvoiced unaspirate),
paryākulay,1,1,p,a,pavarga,C1 (unvoiced unaspirate),
paryāplu,1,1,p,a,pavarga,C1 (unvoiced unaspirate),
paryāvah,1,1,p,a,pavarga,C1 (unvoiced unaspirate),
paryāṭay,1,1,p,a,pavarga,C1 (unvoiced unaspirate),
parāpruth,1,1,p,a,pavarga,C1 (unvoiced unaspirate),
parāstu,1,1,p,a,pavarga,C1 (unvoiced unaspirate),
parāyāpay,1,1,p,a,pavarga,C1 (unvoiced unaspirate),
pattīyāpay,1,1,p,a,pavarga,C1 (unvoiced unaspirate),
paṅktīkṛ,1,1,p,a,pavarga,C1 (unvoiced unaspirate),
paṇay,1,1,p,a,pavarga,C1 (unvoiced unaspirate),
phalāy,1,1,ph,a,pavarga,C2 (unvoiced aspirate),
phull,1,1,ph,u,pavarga,C2 (unvoiced aspirate),
picchilay,1,1,p,i,pavarga,C1 (unvoiced unaspirate),
piprīṣ,1,1,p,i,pavarga,C1 (unvoiced unaspirate),
pipāyiṣ,1,1,p,i,pavarga,C1 (unvoiced unaspirate),
pitūy,1,1,p,i,pavarga,C1 (unvoiced unaspirate),
piñjaray,1,1,p,i,pavarga,C1 (unvoiced unaspirate),
piśaṅgay,1,1,p,i,pavarga,C1 (unvoiced unaspirate),
piśunay,1,1,p,i,pavarga,C1 (unvoiced unaspirate),
popruth,1,1,p,o,pavarga,C1 (unvoiced unaspirate),
potay,1,1,p,o,pavarga,C1 (unvoiced unaspirate),
prabibhāvayiṣ,1,1,p,a,pavarga,C1 (unvoiced unaspirate),
pradhraj,1,1,p,a,pavarga,C1 (unvoiced unaspirate),
prahāvay,1,1,p,a,pavarga,C1 (unvoiced unaspirate),
prakṣviḍ,1,1,p,a,pavarga,C1 (unvoiced unaspirate),
pramadāy,1,1,p,a,pavarga,C1 (unvoiced unaspirate),
pramanday,1,1,p,a,pavarga,C1 (unvoiced unaspirate),
pramrad,1,1,p,a,pavarga,C1 (unvoiced unaspirate),
pramumodayiṣ,1,1,p,a,pavarga,C1 (unvoiced unaspirate),
prapay,1,1,p,a,pavarga,C1 (unvoiced unaspirate),
prarohay,1,1,p,a,pavarga,C1 (unvoiced unaspirate),
prasaṃcakṣ,1,1,p,a,pavarga,C1 (unvoiced unaspirate),
prasaṃpaś,1,1,p,a,pavarga,C1 (unvoiced unaspirate),
prastarīkṛ,1,1,p,a,pavarga,C1 (unvoiced unaspirate),
prasvar,1,1,p,a,pavarga,C1 (unvoiced unaspirate),
prasā,1,1,p,a,pavarga,C1 (unvoiced unaspirate),
pratibhuj,1,1,p,a,pavarga,C1 (unvoiced unaspirate),
pratidhā,1,1,p,a,pavarga,C1 (unvoiced unaspirate),
pratigup,1,1,p,a,pavarga,C1 (unvoiced unaspirate),
pratiharay,1,1,p,a,pavarga,C1 (unvoiced unaspirate),
pratihiṃkṛ,1,1,p,a,pavarga,C1 (unvoiced unaspirate),
pratimokṣ,1,1,p,a,pavarga,C1 (unvoiced unaspirate),
pratininī,1,1,p,a,pavarga,C1 (unvoiced unaspirate),
pratiniras,1,1,p,a,pavarga,C1 (unvoiced unaspirate),
pratinirji,1,1,p,a,pavarga,C1 (unvoiced unaspirate),
pratinirmā,1,1,p,a,pavarga,C1 (unvoiced unaspirate),
pratiniryātay,1,1,p,a,pavarga,C1 (unvoiced unaspirate),
pratinistṛ,1,1,p,a,pavarga,C1 (unvoiced unaspirate),
pratinivap,1,1,p,a,pavarga,C1 (unvoiced unaspirate),
pratiniṣpū,1,1,p,a,pavarga,C1 (unvoiced unaspirate),
pratinyas,1,1,p,a,pavarga,C1 (unvoiced unaspirate),
pratiprās,1,1,p,a,pavarga,C1 (unvoiced unaspirate),
pratisaṃbodhay,1,1,p,a,pavarga,C1 (unvoiced unaspirate),
pratisaṃbudh,1,1,p,a,pavarga,C1 (unvoiced unaspirate),
pratisaṃcar,1,1,p,a,pavarga,C1 (unvoiced unaspirate),
pratisaṃchad,1,1,p,a,pavarga,C1 (unvoiced unaspirate),
pratisaṃchāday,1,1,p,a,pavarga,C1 (unvoiced unaspirate),
pratisaṃhā,1,1,p,a,pavarga,C1 (unvoiced unaspirate),
pratisaṃhāray,1,1,p,a,pavarga,C1 (unvoiced unaspirate),
pratisaṃjan,1,1,p,a,pavarga,C1 (unvoiced unaspirate),
pratisaṃkrāmay,1,1,p,a,pavarga,C1 (unvoiced unaspirate),
pratisaṃkuñc,1,1,p,a,pavarga,C1 (unvoiced unaspirate),
pratisaṃmiśray,1,1,p,a,pavarga,C1 (unvoiced unaspirate),
pratisaṃsah,1,1,p,a,pavarga,C1 (unvoiced unaspirate),
pratisaṃstambh,1,1,p,a,pavarga,C1 (unvoiced unaspirate),
pratisaṃsthā,1,1,p,a,pavarga,C1 (unvoiced unaspirate),
pratisaṃveṣṭ,1,1,p,a,pavarga,C1 (unvoiced unaspirate),
pratisaṃvid,1,1,p,a,pavarga,C1 (unvoiced unaspirate),
pratisaṃvāray,1,1,p,a,pavarga,C1 (unvoiced unaspirate),
pratisaṃśru,1,1,p,a,pavarga,C1 (unvoiced unaspirate),
prativibhū,1,1,p,a,pavarga,C1 (unvoiced unaspirate),
prativiparī,1,1,p,a,pavarga,C1 (unvoiced unaspirate),
prativivad,1,1,p,a,pavarga,C1 (unvoiced unaspirate),
pratiśāyay,1,1,p,a,pavarga,C1 (unvoiced unaspirate),
pratyabhihiṃkṛ,1,1,p,a,pavarga,C1 (unvoiced unaspirate),
pratyabhihu,1,1,p,a,pavarga,C1 (unvoiced unaspirate),
pratyabhiniryā,1,1,p,a,pavarga,C1 (unvoiced unaspirate),
pratyabhiṣu,1,1,p,a,pavarga,C1 (unvoiced unaspirate),
pratyabhyarcay,1,1,p,a,pavarga,C1 (unvoiced unaspirate),
pratyakṣay,1,1,p,a,pavarga,C1 (unvoiced unaspirate),
pratyapakram,1,1,p,a,pavarga,C1 (unvoiced unaspirate),
pratyatikram,1,1,p,a,pavarga,C1 (unvoiced unaspirate),
pratyavanī,1,1,p,a,pavarga,C1 (unvoiced unaspirate),
pratyavasic,1,1,p,a,pavarga,C1 (unvoiced unaspirate),
pratyudgrah,1,1,p,a,pavarga,C1 (unvoiced unaspirate),
pratyudīr,1,1,p,a,pavarga,C1 (unvoiced unaspirate),
pratyunmiṣ,1,1,p,a,pavarga,C1 (unvoiced unaspirate),
pratyupanah,1,1,p,a,pavarga,C1 (unvoiced unaspirate),
pratyupekṣ,1,1,p,a,pavarga,C1 (unvoiced unaspirate),
pratyupās,1,1,p,a,pavarga,C1 (unvoiced unaspirate),
pratyutpā,1,1,p,a,pavarga,C1 (unvoiced unaspirate),
pratyādṛ,1,1,p,a,pavarga,C1 (unvoiced unaspirate),
pratyākṛ,1,1,p,a,pavarga,C1 (unvoiced unaspirate),
pratyāpān,1,1,p,a,pavarga,C1 (unvoiced unaspirate),
pravinirdhū,1,1,p,a,pavarga,C1 (unvoiced unaspirate),
probh,1,1,p,o,pavarga,C1 (unvoiced unaspirate),
proccaṭ,1,1,p,o,pavarga,C1 (unvoiced unaspirate),
procchal,1,1,p,o,pavarga,C1 (unvoiced unaspirate),
procchvāsay,1,1,p,o,pavarga,C1 (unvoiced unaspirate),
prodghāṭay,1,1,p,o,pavarga,C1 (unvoiced unaspirate),
prodvejay,1,1,p,o,pavarga,C1 (unvoiced unaspirate),
projjval,1,1,p,o,pavarga,C1 (unvoiced unaspirate),
prollikh,1,1,p,o,pavarga,C1 (unvoiced unaspirate),
pronmarday,1,1,p,o,pavarga,C1 (unvoiced unaspirate),
pronmṛj,1,1,p,o,pavarga,C1 (unvoiced unaspirate),
pronnī,1,1,p,o,pavarga,C1 (unvoiced unaspirate),
prothay,1,1,p,o,pavarga,C1 (unvoiced unaspirate),
prottolay,1,1,p,o,pavarga,C1 (unvoiced unaspirate),
proñch,1,1,p,o,pavarga,C1 (unvoiced unaspirate),
prārday,1,1,p,ā,pavarga,C1 (unvoiced unaspirate),
prāñj,1,1,p,ā,pavarga,C1 (unvoiced unaspirate),
prāṇāy,1,1,p,ā,pavarga,C1 (unvoiced unaspirate),
pulināy,1,1,p,u,pavarga,C1 (unvoiced unaspirate),
purobhāvay,1,1,p,u,pavarga,C1 (unvoiced unaspirate),
putriy,1,1,p,u,pavarga,C1 (unvoiced unaspirate),
putrīy,1,1,p,u,pavarga,C1 (unvoiced unaspirate),
puñjaray,1,1,p,u,pavarga,C1 (unvoiced unaspirate),
pānthāy,1,1,p,ā,pavarga,C1 (unvoiced unaspirate),
pāpaṭh,1,1,p,ā,pavarga,C1 (unvoiced unaspirate),
pātray,1,1,p,ā,pavarga,C1 (unvoiced unaspirate),
pāṇḍurīkṛ,1,1,p,ā,pavarga,C1 (unvoiced unaspirate),
pāṭalay,1,1,p,ā,pavarga,C1 (unvoiced unaspirate),
pīyūṣavarṣāy,1,1,p,ī,pavarga,C1 (unvoiced unaspirate),
pūrvapakṣay,1,1,p,ū,pavarga,C1 (unvoiced unaspirate),
pūtkṛ,1,1,p,ū,pavarga,C1 (unvoiced unaspirate),
pṛkṣ,1,1,p,ṛ,pavarga,C1 (unvoiced unaspirate),
pṛthulay,1,1,p,ṛ,pavarga,C1 (unvoiced unaspirate),
raktasūryāy,1,1,r,a,semivowel,non-varga (semivowel),
ramāpay,1,1,r,a,semivowel,non-varga (semivowel),
randhanāy,1,1,r,a,semivowel,non-varga (semivowel),
rathakām,1,1,r,a,semivowel,non-varga (semivowel),
rathirāy,1,1,r,a,semivowel,non-varga (semivowel),
rathīy,1,1,r,a,semivowel,non-varga (semivowel),
raśanāy,1,1,r,a,semivowel,non-varga (semivowel),
rebhāy,1,1,r,e,semivowel,non-varga (semivowel),
rekṇasy,1,1,r,e,semivowel,non-varga (semivowel),
riph,1,1,r,i,semivowel,non-varga (semivowel),
riṅg,1,1,r,i,semivowel,non-varga (semivowel),
romāñc,1,1,r,o,semivowel,non-varga (semivowel),
roruc,1,1,r,o,semivowel,non-varga (semivowel),
rorud,1,1,r,o,semivowel,non-varga (semivowel),
rucay,1,1,r,u,semivowel,non-varga (semivowel),
ruvaṇy,1,1,r,u,semivowel,non-varga (semivowel),
rājapathāy,1,1,r,ā,semivowel,non-varga (semivowel),
rārap,1,1,r,ā,semivowel,non-varga (semivowel),
rāsabhāy,1,1,r,ā,semivowel,non-varga (semivowel),
rāṇ,1,1,r,ā,semivowel,non-varga (semivowel),
rūpāy,1,1,r,ū,semivowel,non-varga (semivowel),
sacanasy,1,1,s,a,sibilant,non-varga (sibilant),
sacasy,1,1,s,a,sibilant,non-varga (sibilant),
samabhibhū,1,1,s,a,sibilant,non-varga (sibilant),
samabhivyāp,1,1,s,a,sibilant,non-varga (sibilant),
samabhivīkṣ,1,1,s,a,sibilant,non-varga (sibilant),
samabhyuddhṛ,1,1,s,a,sibilant,non-varga (sibilant),
samabhyudgam,1,1,s,a,sibilant,non-varga (sibilant),
samabhyūh,1,1,s,a,sibilant,non-varga (sibilant),
samabhīps,1,1,s,a,sibilant,non-varga (sibilant),
samadhiropay,1,1,s,a,sibilant,non-varga (sibilant),
samadhyas,1,1,s,a,sibilant,non-varga (sibilant),
samagray,1,1,s,a,sibilant,non-varga (sibilant),
samanveṣay,1,1,s,a,sibilant,non-varga (sibilant),
samanvi,1,1,s,a,sibilant,non-varga (sibilant),
samary,1,1,s,a,sibilant,non-varga (sibilant),
samavakṣi,1,1,s,a,sibilant,non-varga (sibilant),
samavavṛt,1,1,s,a,sibilant,non-varga (sibilant),
samavekṣay,1,1,s,a,sibilant,non-varga (sibilant),
samay,1,1,s,a,sibilant,non-varga (sibilant),
samparyāp,1,1,s,a,sibilant,non-varga (sibilant),
sampraṇidhā,1,1,s,a,sibilant,non-varga (sibilant),
samprer,1,1,s,a,sibilant,non-varga (sibilant),
samuccal,1,1,s,a,sibilant,non-varga (sibilant),
samucchad,1,1,s,a,sibilant,non-varga (sibilant),
samucchvāsay,1,1,s,a,sibilant,non-varga (sibilant),
samudbandh,1,1,s,a,sibilant,non-varga (sibilant),
samuddhā,1,1,s,a,sibilant,non-varga (sibilant),
samuddru,1,1,s,a,sibilant,non-varga (sibilant),
samuddīpay,1,1,s,a,sibilant,non-varga (sibilant),
samudgranth,1,1,s,a,sibilant,non-varga (sibilant),
samudyojay,1,1,s,a,sibilant,non-varga (sibilant),
samujjṛmbh,1,1,s,a,sibilant,non-varga (sibilant),
samunmīlay,1,1,s,a,sibilant,non-varga (sibilant),
samunnad,1,1,s,a,sibilant,non-varga (sibilant),
samunnāmay,1,1,s,a,sibilant,non-varga (sibilant),
samupagrah,1,1,s,a,sibilant,non-varga (sibilant),
samupanṛt,1,1,s,a,sibilant,non-varga (sibilant),
samupasaṃkram,1,1,s,a,sibilant,non-varga (sibilant),
samupasāday,1,1,s,a,sibilant,non-varga (sibilant),
samupaśliṣ,1,1,s,a,sibilant,non-varga (sibilant),
samutkalpay,1,1,s,a,sibilant,non-varga (sibilant),
samutkleśay,1,1,s,a,sibilant,non-varga (sibilant),
samutkūlay,1,1,s,a,sibilant,non-varga (sibilant),
samutpiṣ,1,1,s,a,sibilant,non-varga (sibilant),
samutpātay,1,1,s,a,sibilant,non-varga (sibilant),
samutpīḍay,1,1,s,a,sibilant,non-varga (sibilant),
samutpū,1,1,s,a,sibilant,non-varga (sibilant),
samutsad,1,1,s,a,sibilant,non-varga (sibilant),
samutsarpay,1,1,s,a,sibilant,non-varga (sibilant),
samuttras,1,1,s,a,sibilant,non-varga (sibilant),
samāman,1,1,s,a,sibilant,non-varga (sibilant),
samāvāp,1,1,s,a,sibilant,non-varga (sibilant),
samāyu,1,1,s,a,sibilant,non-varga (sibilant),
samāñj,1,1,s,a,sibilant,non-varga (sibilant),
saniṣvan,1,1,s,a,sibilant,non-varga (sibilant),
sanāy,1,1,s,a,sibilant,non-varga (sibilant),
sapatnāy,1,1,s,a,sibilant,non-varga (sibilant),
saray,1,1,s,a,sibilant,non-varga (sibilant),
sarīsṛp,1,1,s,a,sibilant,non-varga (sibilant),
sattrāy,1,1,s,a,sibilant,non-varga (sibilant),
satvanāy,1,1,s,a,sibilant,non-varga (sibilant),
saṃbṛṃh,1,1,s,a,sibilant,non-varga (sibilant),
saṃcākaś,1,1,s,a,sibilant,non-varga (sibilant),
saṃheṣ,1,1,s,a,sibilant,non-varga (sibilant),
saṃhāpay,1,1,s,a,sibilant,non-varga (sibilant),
saṃjṛmbhay,1,1,s,a,sibilant,non-varga (sibilant),
saṃkranday,1,1,s,a,sibilant,non-varga (sibilant),
saṃlaṅghay,1,1,s,a,sibilant,non-varga (sibilant),
saṃmukhyas,1,1,s,a,sibilant,non-varga (sibilant),
saṃnikṛ,1,1,s,a,sibilant,non-varga (sibilant),
saṃnipad,1,1,s,a,sibilant,non-varga (sibilant),
saṃnirvā,1,1,s,a,sibilant,non-varga (sibilant),
saṃniṣkṛṣ,1,1,s,a,sibilant,non-varga (sibilant),
saṃnyāsay,1,1,s,a,sibilant,non-varga (sibilant),
saṃpipādayiṣ,1,1,s,a,sibilant,non-varga (sibilant),
saṃprajvalay,1,1,s,a,sibilant,non-varga (sibilant),
saṃprakṣud,1,1,s,a,sibilant,non-varga (sibilant),
saṃpramlā,1,1,s,a,sibilant,non-varga (sibilant),
saṃpratipālay,1,1,s,a,sibilant,non-varga (sibilant),
saṃpratyah,1,1,s,a,sibilant,non-varga (sibilant),
saṃpratyāyay,1,1,s,a,sibilant,non-varga (sibilant),
saṃpravā,1,1,s,a,sibilant,non-varga (sibilant),
saṃprāpay,1,1,s,a,sibilant,non-varga (sibilant),
saṃprārth,1,1,s,a,sibilant,non-varga (sibilant),
saṃsphāy,1,1,s,a,sibilant,non-varga (sibilant),
saṃsraṃs,1,1,s,a,sibilant,non-varga (sibilant),
saṃvaś,1,1,s,a,sibilant,non-varga (sibilant),
saṃvici,1,1,s,a,sibilant,non-varga (sibilant),
saṃvyavahār,1,1,s,a,sibilant,non-varga (sibilant),
saṃvyāp,1,1,s,a,sibilant,non-varga (sibilant),
saṃvīkṣ,1,1,s,a,sibilant,non-varga (sibilant),
seṣidh,1,1,s,e,sibilant,non-varga (sibilant),
siprāy,1,1,s,i,sibilant,non-varga (sibilant),
siṃhāy,1,1,s,i,sibilant,non-varga (sibilant),
siṣādh,1,1,s,i,sibilant,non-varga (sibilant),
skubh,1,1,s,u,sibilant,non-varga (sibilant),
smeray,1,1,s,e,sibilant,non-varga (sibilant),
soṣav,1,1,s,o,sibilant,non-varga (sibilant),
sphar,1,1,s,a,sibilant,non-varga (sibilant),
sphuray,1,1,s,u,sibilant,non-varga (sibilant),
srambhay,1,1,s,a,sibilant,non-varga (sibilant),
sriv,1,1,s,i,sibilant,non-varga (sibilant),
stabakay,1,1,s,a,sibilant,non-varga (sibilant),
staumay,1,1,s,a,sibilant,non-varga (sibilant),
stavay,1,1,s,a,sibilant,non-varga (sibilant),
staṃs,1,1,s,a,sibilant,non-varga (sibilant),
sthūlasthūṇāghaṭāy,1,1,s,ū,sibilant,non-varga (sibilant),
stitīrṣ,1,1,s,i,sibilant,non-varga (sibilant),
stṛh,1,1,s,ṛ,sibilant,non-varga (sibilant),
subhagay,1,1,s,u,sibilant,non-varga (sibilant),
sukratūy,1,1,s,u,sibilant,non-varga (sibilant),
sup,1,1,s,u,sibilant,non-varga (sibilant),
susmūrṣ,1,1,s,u,sibilant,non-varga (sibilant),
suvarṇībhū,1,1,s,u,sibilant,non-varga (sibilant),
suṣups,1,1,s,u,sibilant,non-varga (sibilant),
svadhay,1,1,s,a,sibilant,non-varga (sibilant),
svahastay,1,1,s,a,sibilant,non-varga (sibilant),
svajanāy,1,1,s,a,sibilant,non-varga (sibilant),
svalpaśilāy,1,1,s,a,sibilant,non-varga (sibilant),
svatantrīkṛ,1,1,s,a,sibilant,non-varga (sibilant),
svād,1,1,s,ā,sibilant,non-varga (sibilant),
sākṣādbhū,1,1,s,ā,sibilant,non-varga (sibilant),
sāsah,1,1,s,ā,sibilant,non-varga (sibilant),
sātīy,1,1,s,ā,sibilant,non-varga (sibilant),
sāyakāy,1,1,s,ā,sibilant,non-varga (sibilant),
tandrāy,1,1,t,a,tavarga,C1 (unvoiced unaspirate),
tantas,1,1,t,a,tavarga,C1 (unvoiced unaspirate),
tantasy,1,1,t,a,tavarga,C1 (unvoiced unaspirate),
tanūbhū,1,1,t,a,tavarga,C1 (unvoiced unaspirate),
taptabaḍiśāy,1,1,t,a,tavarga,C1 (unvoiced unaspirate),
taralīkṛ,1,1,t,a,tavarga,C1 (unvoiced unaspirate),
tarjāpay,1,1,t,a,tavarga,C1 (unvoiced unaspirate),
taruṣy,1,1,t,a,tavarga,C1 (unvoiced unaspirate),
taḍ,1,1,t,a,tavarga,C1 (unvoiced unaspirate),
taṃstan,1,1,t,a,tavarga,C1 (unvoiced unaspirate),
taṭ,1,1,t,a,tavarga,C1 (unvoiced unaspirate),
tilvilāy,1,1,t,i,tavarga,C1 (unvoiced unaspirate),
titaṃs,1,1,t,i,tavarga,C1 (unvoiced unaspirate),
titṛts,1,1,t,i,tavarga,C1 (unvoiced unaspirate),
tiḍ,1,1,t,i,tavarga,C1 (unvoiced unaspirate),
tiṣṭhighiṣ,1,1,t,i,tavarga,C1 (unvoiced unaspirate),
tiṣṭhās,1,1,t,i,tavarga,C1 (unvoiced unaspirate),
totud,1,1,t,o,tavarga,C1 (unvoiced unaspirate),
toṣṭuv,1,1,t,o,tavarga,C1 (unvoiced unaspirate),
tudāy,1,1,t,u,tavarga,C1 (unvoiced unaspirate),
tup,1,1,t,u,tavarga,C1 (unvoiced unaspirate),
tuṇḍay,1,1,t,u,tavarga,C1 (unvoiced unaspirate),
tuṣay,1,1,t,u,tavarga,C1 (unvoiced unaspirate),
tvakṣ,1,1,t,a,tavarga,C1 (unvoiced unaspirate),
tvaṃkṛ,1,1,t,a,tavarga,C1 (unvoiced unaspirate),
tāntīkṛ,1,1,t,ā,tavarga,C1 (unvoiced unaspirate),
tātap,1,1,t,ā,tavarga,C1 (unvoiced unaspirate),
tīkṣṇīkṛ,1,1,t,ī,tavarga,C1 (unvoiced unaspirate),
tīmay,1,1,t,ī,tavarga,C1 (unvoiced unaspirate),
tūtūrṣ,1,1,t,ū,tavarga,C1 (unvoiced unaspirate),
tūṇīrāy,1,1,t,ū,tavarga,C1 (unvoiced unaspirate),
u,1,1,—,u,vowel-initial,non-varga (vowel-initial),
ucchiṣṭīkṛ,1,1,—,u,vowel-initial,non-varga (vowel-initial),
ucchī,1,1,—,u,vowel-initial,non-varga (vowel-initial),
uccyāvay,1,1,—,u,vowel-initial,non-varga (vowel-initial),
uccṛt,1,1,—,u,vowel-initial,non-varga (vowel-initial),
udah,1,1,—,u,vowel-initial,non-varga (vowel-initial),
udantīkṛ,1,1,—,u,vowel-initial,non-varga (vowel-initial),
udany,1,1,—,u,vowel-initial,non-varga (vowel-initial),
udavāp,1,1,—,u,vowel-initial,non-varga (vowel-initial),
uddham,1,1,—,u,vowel-initial,non-varga (vowel-initial),
uddhvā,1,1,—,u,vowel-initial,non-varga (vowel-initial),
uddṛh,1,1,—,u,vowel-initial,non-varga (vowel-initial),
udgamay,1,1,—,u,vowel-initial,non-varga (vowel-initial),
udgarj,1,1,—,u,vowel-initial,non-varga (vowel-initial),
udrecay,1,1,—,u,vowel-initial,non-varga (vowel-initial),
udruc,1,1,—,u,vowel-initial,non-varga (vowel-initial),
udrudh,1,1,—,u,vowel-initial,non-varga (vowel-initial),
udvas,1,1,—,u,vowel-initial,non-varga (vowel-initial),
udvelay,1,1,—,u,vowel-initial,non-varga (vowel-initial),
udvyudas,1,1,—,u,vowel-initial,non-varga (vowel-initial),
udvṛj,1,1,—,u,vowel-initial,non-varga (vowel-initial),
udāhvā,1,1,—,u,vowel-initial,non-varga (vowel-initial),
udāhāray,1,1,—,u,vowel-initial,non-varga (vowel-initial),
udāsṛ,1,1,—,u,vowel-initial,non-varga (vowel-initial),
ujjan,1,1,—,u,vowel-initial,non-varga (vowel-initial),
ujjigīṣ,1,1,—,u,vowel-initial,non-varga (vowel-initial),
ujjāgaray,1,1,—,u,vowel-initial,non-varga (vowel-initial),
ujjīv,1,1,—,u,vowel-initial,non-varga (vowel-initial),
ujjṛmbh,1,1,—,u,vowel-initial,non-varga (vowel-initial),
ukṣaṇy,1,1,—,u,vowel-initial,non-varga (vowel-initial),
ullasay,1,1,—,u,vowel-initial,non-varga (vowel-initial),
ullaṅgh,1,1,—,u,vowel-initial,non-varga (vowel-initial),
ullekhay,1,1,—,u,vowel-initial,non-varga (vowel-initial),
ullip,1,1,—,u,vowel-initial,non-varga (vowel-initial),
ulliṅg,1,1,—,u,vowel-initial,non-varga (vowel-initial),
ulliṅgay,1,1,—,u,vowel-initial,non-varga (vowel-initial),
ullok,1,1,—,u,vowel-initial,non-varga (vowel-initial),
ullolay,1,1,—,u,vowel-initial,non-varga (vowel-initial),
ulloḍay,1,1,—,u,vowel-initial,non-varga (vowel-initial),
ulluñc,1,1,—,u,vowel-initial,non-varga (vowel-initial),
ullāḍay,1,1,—,u,vowel-initial,non-varga (vowel-initial),
unmarday,1,1,—,u,vowel-initial,non-varga (vowel-initial),
unmathay,1,1,—,u,vowel-initial,non-varga (vowel-initial),
unmi,1,1,—,u,vowel-initial,non-varga (vowel-initial),
unmud,1,1,—,u,vowel-initial,non-varga (vowel-initial),
unmukulay,1,1,—,u,vowel-initial,non-varga (vowel-initial),
unmānay,1,1,—,u,vowel-initial,non-varga (vowel-initial),
unmāpay,1,1,—,u,vowel-initial,non-varga (vowel-initial),
unmūl,1,1,—,u,vowel-initial,non-varga (vowel-initial),
unninīṣ,1,1,—,u,vowel-initial,non-varga (vowel-initial),
upadhāvay,1,1,—,u,vowel-initial,non-varga (vowel-initial),
upadhṛ,1,1,—,u,vowel-initial,non-varga (vowel-initial),
upamīv,1,1,—,u,vowel-initial,non-varga (vowel-initial),
upanamasy,1,1,—,u,vowel-initial,non-varga (vowel-initial),
upanaś,1,1,—,u,vowel-initial,non-varga (vowel-initial),
upanirdiś,1,1,—,u,vowel-initial,non-varga (vowel-initial),
upanirvartay,1,1,—,u,vowel-initial,non-varga (vowel-initial),
upanī,1,1,—,u,vowel-initial,non-varga (vowel-initial),
upapalyay,1,1,—,u,vowel-initial,non-varga (vowel-initial),
upapipādayiṣ,1,1,—,u,vowel-initial,non-varga (vowel-initial),
upaprāp,1,1,—,u,vowel-initial,non-varga (vowel-initial),
upardh,1,1,—,u,vowel-initial,non-varga (vowel-initial),
upasamārabh,1,1,—,u,vowel-initial,non-varga (vowel-initial),
upasaṃbandh,1,1,—,u,vowel-initial,non-varga (vowel-initial),
upasaṃbhid,1,1,—,u,vowel-initial,non-varga (vowel-initial),
upasaṃbhram,1,1,—,u,vowel-initial,non-varga (vowel-initial),
upasaṃcar,1,1,—,u,vowel-initial,non-varga (vowel-initial),
upasaṃghuṣ,1,1,—,u,vowel-initial,non-varga (vowel-initial),
upasaṃjighṛkṣ,1,1,—,u,vowel-initial,non-varga (vowel-initial),
upasaṃkalpay,1,1,—,u,vowel-initial,non-varga (vowel-initial),
upasaṃkramay,1,1,—,u,vowel-initial,non-varga (vowel-initial),
upasaṃkrāmay,1,1,—,u,vowel-initial,non-varga (vowel-initial),
upasaṃkuñc,1,1,—,u,vowel-initial,non-varga (vowel-initial),
upasaṃkṣip,1,1,—,u,vowel-initial,non-varga (vowel-initial),
upasaṃkﾱp,1,1,—,u,vowel-initial,non-varga (vowel-initial),
upasaṃmṛj,1,1,—,u,vowel-initial,non-varga (vowel-initial),
upasaṃnyāsay,1,1,—,u,vowel-initial,non-varga (vowel-initial),
upasaṃrodhay,1,1,—,u,vowel-initial,non-varga (vowel-initial),
upasaṃruh,1,1,—,u,vowel-initial,non-varga (vowel-initial),
upasaṃspṛś,1,1,—,u,vowel-initial,non-varga (vowel-initial),
upasaṃsṛp,1,1,—,u,vowel-initial,non-varga (vowel-initial),
upasaṃvraj,1,1,—,u,vowel-initial,non-varga (vowel-initial),
upasaṃyam,1,1,—,u,vowel-initial,non-varga (vowel-initial),
upasaṃyojay,1,1,—,u,vowel-initial,non-varga (vowel-initial),
upasaṃyu,1,1,—,u,vowel-initial,non-varga (vowel-initial),
upasaṃyā,1,1,—,u,vowel-initial,non-varga (vowel-initial),
upasvar,1,1,—,u,vowel-initial,non-varga (vowel-initial),
upavid,1,1,—,u,vowel-initial,non-varga (vowel-initial),
upavyāvṛt,1,1,—,u,vowel-initial,non-varga (vowel-initial),
upavāday,1,1,—,u,vowel-initial,non-varga (vowel-initial),
upavīṇay,1,1,—,u,vowel-initial,non-varga (vowel-initial),
upendh,1,1,—,u,vowel-initial,non-varga (vowel-initial),
upond,1,1,—,u,vowel-initial,non-varga (vowel-initial),
upotkṛṣ,1,1,—,u,vowel-initial,non-varga (vowel-initial),
upotsnā,1,1,—,u,vowel-initial,non-varga (vowel-initial),
upoṣay,1,1,—,u,vowel-initial,non-varga (vowel-initial),
upānāyay,1,1,—,u,vowel-initial,non-varga (vowel-initial),
upārpay,1,1,—,u,vowel-initial,non-varga (vowel-initial),
upāvapat,1,1,—,u,vowel-initial,non-varga (vowel-initial),
upāñc,1,1,—,u,vowel-initial,non-varga (vowel-initial),
utkalāpay,1,1,—,u,vowel-initial,non-varga (vowel-initial),
utpipatiṣ,1,1,—,u,vowel-initial,non-varga (vowel-initial),
utprāsay,1,1,—,u,vowel-initial,non-varga (vowel-initial),
utpuṃsay,1,1,—,u,vowel-initial,non-varga (vowel-initial),
utpīḍāy,1,1,—,u,vowel-initial,non-varga (vowel-initial),
utsavay,1,1,—,u,vowel-initial,non-varga (vowel-initial),
utsavāy,1,1,—,u,vowel-initial,non-varga (vowel-initial),
utsyand,1,1,—,u,vowel-initial,non-varga (vowel-initial),
uttaṃsīkṛ,1,1,—,u,vowel-initial,non-varga (vowel-initial),
uṣṇāy,1,1,—,u,vowel-initial,non-varga (vowel-initial),
vadhary,1,1,v,a,semivowel,non-varga (semivowel),
vadiṣ,1,1,v,a,semivowel,non-varga (semivowel),
vairāy,1,1,v,ai,semivowel,non-varga (semivowel),
vajrāy,1,1,v,a,semivowel,non-varga (semivowel),
vakray,1,1,v,a,semivowel,non-varga (semivowel),
vakṣay,1,1,v,a,semivowel,non-varga (semivowel),
varcay,1,1,v,a,semivowel,non-varga (semivowel),
varīvar,1,1,v,a,semivowel,non-varga (semivowel),
varīvarjay,1,1,v,a,semivowel,non-varga (semivowel),
vasnay,1,1,v,a,semivowel,non-varga (semivowel),
vasāy,1,1,v,a,semivowel,non-varga (semivowel),
vaṇṭ,1,1,v,a,semivowel,non-varga (semivowel),
vehāy,1,1,v,e,semivowel,non-varga (semivowel),
vellay,1,1,v,e,semivowel,non-varga (semivowel),
vetālalīlāy,1,1,v,e,semivowel,non-varga (semivowel),
vevlīy,1,1,v,e,semivowel,non-varga (semivowel),
vicalay,1,1,v,i,semivowel,non-varga (semivowel),
vicikalpayiṣ,1,1,v,i,semivowel,non-varga (semivowel),
vidheyīkṛ,1,1,v,i,semivowel,non-varga (semivowel),
vidhūmay,1,1,v,i,semivowel,non-varga (semivowel),
vidṛh,1,1,v,i,semivowel,non-varga (semivowel),
vihvalīkṛ,1,1,v,i,semivowel,non-varga (semivowel),
vijigās,1,1,v,i,semivowel,non-varga (semivowel),
vijihās,1,1,v,i,semivowel,non-varga (semivowel),
vikrośay,1,1,v,i,semivowel,non-varga (semivowel),
vimāthīkṛ,1,1,v,i,semivowel,non-varga (semivowel),
vinirbandh,1,1,v,i,semivowel,non-varga (semivowel),
vinirbhañj,1,1,v,i,semivowel,non-varga (semivowel),
vinirbhrāmay,1,1,v,i,semivowel,non-varga (semivowel),
vinirdham,1,1,v,i,semivowel,non-varga (semivowel),
vinirgṛ,1,1,v,i,semivowel,non-varga (semivowel),
vinirjñā,1,1,v,i,semivowel,non-varga (semivowel),
vinirmajj,1,1,v,i,semivowel,non-varga (semivowel),
vinirmocay,1,1,v,i,semivowel,non-varga (semivowel),
vinirvartay,1,1,v,i,semivowel,non-varga (semivowel),
vinirvāsay,1,1,v,i,semivowel,non-varga (semivowel),
vinirvṛ,1,1,v,i,semivowel,non-varga (semivowel),
viniḥsṛp,1,1,v,i,semivowel,non-varga (semivowel),
viniṣkāray,1,1,v,i,semivowel,non-varga (semivowel),
viniṣkṛt,1,1,v,i,semivowel,non-varga (semivowel),
viniṣpiṇḍay,1,1,v,i,semivowel,non-varga (semivowel),
viniṣpāday,1,1,v,i,semivowel,non-varga (semivowel),
vinonud,1,1,v,i,semivowel,non-varga (semivowel),
viparisṛp,1,1,v,i,semivowel,non-varga (semivowel),
vipariṇī,1,1,v,i,semivowel,non-varga (semivowel),
vipay,1,1,v,i,semivowel,non-varga (semivowel),
vipināy,1,1,v,i,semivowel,non-varga (semivowel),
vipramad,1,1,v,i,semivowel,non-varga (semivowel),
viprokṣ,1,1,v,i,semivowel,non-varga (semivowel),
vipulay,1,1,v,i,semivowel,non-varga (semivowel),
visaṃkas,1,1,v,i,semivowel,non-varga (semivowel),
vitaṇḍ,1,1,v,i,semivowel,non-varga (semivowel),
vithury,1,1,v,i,semivowel,non-varga (semivowel),
vivejay,1,1,v,i,semivowel,non-varga (semivowel),
vivraj,1,1,v,i,semivowel,non-varga (semivowel),
vivyats,1,1,v,i,semivowel,non-varga (semivowel),
vivācayiṣ,1,1,v,i,semivowel,non-varga (semivowel),
vivṛkṣ,1,1,v,i,semivowel,non-varga (semivowel),
viśālay,1,1,v,i,semivowel,non-varga (semivowel),
viṣṭhay,1,1,v,i,semivowel,non-varga (semivowel),
vrad,1,1,v,a,semivowel,non-varga (semivowel),
vrajay,1,1,v,a,semivowel,non-varga (semivowel),
vraṇay,1,1,v,a,semivowel,non-varga (semivowel),
vyacaskṛ,1,1,v,a,semivowel,non-varga (semivowel),
vyapasaṃsṛ,1,1,v,a,semivowel,non-varga (semivowel),
vyapekṣ,1,1,v,a,semivowel,non-varga (semivowel),
vyapojh,1,1,v,a,semivowel,non-varga (semivowel),
vyatisaṃdah,1,1,v,a,semivowel,non-varga (semivowel),
vyativartay,1,1,v,a,semivowel,non-varga (semivowel),
vyatiśaṅk,1,1,v,a,semivowel,non-varga (semivowel),
vyavajihīrṣ,1,1,v,a,semivowel,non-varga (semivowel),
vyavalikh,1,1,v,a,semivowel,non-varga (semivowel),
vyavasṛ,1,1,v,a,semivowel,non-varga (semivowel),
vyavaśātay,1,1,v,a,semivowel,non-varga (semivowel),
vyudānī,1,1,v,u,semivowel,non-varga (semivowel),
vyutkṛṣ,1,1,v,u,semivowel,non-varga (semivowel),
vyābhuj,1,1,v,ā,semivowel,non-varga (semivowel),
vyādhay,1,1,v,ā,semivowel,non-varga (semivowel),
vyādhāy,1,1,v,ā,semivowel,non-varga (semivowel),
vyājvalay,1,1,v,ā,semivowel,non-varga (semivowel),
vyālabh,1,1,v,ā,semivowel,non-varga (semivowel),
vyāvap,1,1,v,ā,semivowel,non-varga (semivowel),
vāgurāy,1,1,v,ā,semivowel,non-varga (semivowel),
vārttībhū,1,1,v,ā,semivowel,non-varga (semivowel),
vās,1,1,v,ā,semivowel,non-varga (semivowel),
vāvac,1,1,v,ā,semivowel,non-varga (semivowel),
vāyay,1,1,v,ā,semivowel,non-varga (semivowel),
vīrarasāy,1,1,v,ī,semivowel,non-varga (semivowel),
vīṅkay,1,1,v,ī,semivowel,non-varga (semivowel),
vīṅkh,1,1,v,ī,semivowel,non-varga (semivowel),
vīṅkhay,1,1,v,ī,semivowel,non-varga (semivowel),
vṛjināy,1,1,v,ṛ,semivowel,non-varga (semivowel),
vṛkāy,1,1,v,ṛ,semivowel,non-varga (semivowel),
yabh,1,1,y,a,semivowel,non-varga (semivowel),
yajñāy,1,1,y,a,semivowel,non-varga (semivowel),
yamāy,1,1,y,a,semivowel,non-varga (semivowel),
yaṃyam,1,1,y,a,semivowel,non-varga (semivowel),
yiyaps,1,1,y,i,semivowel,non-varga (semivowel),
yiyaṃs,1,1,y,i,semivowel,non-varga (semivowel),
yogāy,1,1,y,o,semivowel,non-varga (semivowel),
yūh,1,1,y,ū,semivowel,non-varga (semivowel),
yūhay,1,1,y,ū,semivowel,non-varga (semivowel),
ñjay,1,1,ñ,a,cavarga,C5 (nasal),
ābharaṇāy,1,1,—,ā,vowel-initial,non-varga (vowel-initial),
ābṛṃh,1,1,—,ā,vowel-initial,non-varga (vowel-initial),
ācikhyās,1,1,—,ā,vowel-initial,non-varga (vowel-initial),
āhvāpay,1,1,—,ā,vowel-initial,non-varga (vowel-initial),
ākaṇ,1,1,—,ā,vowel-initial,non-varga (vowel-initial),
ālay,1,1,—,ā,vowel-initial,non-varga (vowel-initial),
āmahay,1,1,—,ā,vowel-initial,non-varga (vowel-initial),
āpipayiṣ,1,1,—,ā,vowel-initial,non-varga (vowel-initial),
ārogyāpay,1,1,—,ā,vowel-initial,non-varga (vowel-initial),
āsaṃji,1,1,—,ā,vowel-initial,non-varga (vowel-initial),
āsisaṅkṣ,1,1,—,ā,vowel-initial,non-varga (vowel-initial),
ātāray,1,1,—,ā,vowel-initial,non-varga (vowel-initial),
āvaraṇīkṛ,1,1,—,ā,vowel-initial,non-varga (vowel-initial),
āvekṣ,1,1,—,ā,vowel-initial,non-varga (vowel-initial),
āvirdhā,1,1,—,ā,vowel-initial,non-varga (vowel-initial),
āyāpay,1,1,—,ā,vowel-initial,non-varga (vowel-initial),
īhay,1,1,—,ī,vowel-initial,non-varga (vowel-initial),
īj,1,1,—,ī,vowel-initial,non-varga (vowel-initial),
īṃkṛ,1,1,—,ī,vowel-initial,non-varga (vowel-initial),
īṅkh,1,1,—,ī,vowel-initial,non-varga (vowel-initial),
śabalīkṛ,1,1,ś,a,sibilant,non-varga (sibilant),
śabd,1,1,ś,a,sibilant,non-varga (sibilant),
śakracāpāy,1,1,ś,a,sibilant,non-varga (sibilant),
śakrāy,1,1,ś,a,sibilant,non-varga (sibilant),
śarmay,1,1,ś,a,sibilant,non-varga (sibilant),
śastray,1,1,ś,a,sibilant,non-varga (sibilant),
śavalay,1,1,ś,a,sibilant,non-varga (sibilant),
śaṅkay,1,1,ś,a,sibilant,non-varga (sibilant),
śaṅkhāy,1,1,ś,a,sibilant,non-varga (sibilant),
ścal,1,1,ś,a,sibilant,non-varga (sibilant),
ścam,1,1,ś,a,sibilant,non-varga (sibilant),
ścyutay,1,1,ś,u,sibilant,non-varga (sibilant),
ścṛt,1,1,ś,ṛ,sibilant,non-varga (sibilant),
śekharay,1,1,ś,e,sibilant,non-varga (sibilant),
śikhāy,1,1,ś,i,sibilant,non-varga (sibilant),
śithilāy,1,1,ś,i,sibilant,non-varga (sibilant),
śiśiray,1,1,ś,i,sibilant,non-varga (sibilant),
ślathāy,1,1,ś,a,sibilant,non-varga (sibilant),
śodhāpay,1,1,ś,o,sibilant,non-varga (sibilant),
śrathary,1,1,ś,a,sibilant,non-varga (sibilant),
śrāpay,1,1,ś,ā,sibilant,non-varga (sibilant),
śubhray,1,1,ś,u,sibilant,non-varga (sibilant),
śubhāy,1,1,ś,u,sibilant,non-varga (sibilant),
śuṇ,1,1,ś,u,sibilant,non-varga (sibilant),
śvasay,1,1,ś,a,sibilant,non-varga (sibilant),
śvañcay,1,1,ś,a,sibilant,non-varga (sibilant),
śvetadvīpāy,1,1,ś,e,sibilant,non-varga (sibilant),
śvetāy,1,1,ś,e,sibilant,non-varga (sibilant),
śāntay,1,1,ś,ā,sibilant,non-varga (sibilant),
śārīkṛ,1,1,ś,ā,sibilant,non-varga (sibilant),
śīkāy,1,1,ś,ī,sibilant,non-varga (sibilant),
śīrṇay,1,1,ś,ī,sibilant,non-varga (sibilant),
śītalay,1,1,ś,ī,sibilant,non-varga (sibilant),
śūlāy,1,1,ś,ū,sibilant,non-varga (sibilant),
śūrīkṛ,1,1,ś,ū,sibilant,non-varga (sibilant),
śṛṅgāy,1,1,ś,ṛ,sibilant,non-varga (sibilant),
ūnay,1,1,—,ū,vowel-initial,non-varga (vowel-initial),
ūrdhvīkṛ,1,1,—,ū,vowel-initial,non-varga (vowel-initial),
ūṅkhay,1,1,—,ū,vowel-initial,non-varga (vowel-initial),
ḍhakkay,1,1,ḍh,a,ṭavarga,C4 (voiced aspirate),
ḍolay,1,1,ḍ,o,ṭavarga,C3 (voiced unaspirate),
ḍī,1,1,ḍ,ī,ṭavarga,C3 (voiced unaspirate),
ṇikṣ,1,1,ṇ,i,ṭavarga,C5 (nasal),
ṇāday,1,1,ṇ,ā,ṭavarga,C5 (nasal),
ṣan,1,1,ṣ,a,sibilant,non-varga (sibilant),
ṣenay,1,1,ṣ,e,sibilant,non-varga (sibilant),
ṣkambhay,1,1,ṣ,a,sibilant,non-varga (sibilant),
ṣpluṣ,1,1,ṣ,u,sibilant,non-varga (sibilant),
ṣvañj,1,1,ṣ,a,sibilant,non-varga (sibilant),
ṣvāday,1,1,ṣ,ā,sibilant,non-varga (sibilant),
ṣvāpay,1,1,ṣ,ā,sibilant,non-varga (sibilant),
ṣṇā,1,1,ṣ,ā,sibilant,non-varga (sibilant),
ṣṭhiv,1,1,ṣ,i,sibilant,non-varga (sibilant),
ṭaṅk,1,1,ṭ,a,ṭavarga,C1 (unvoiced unaspirate),
ṭīk,1,1,ṭ,ī,ṭavarga,C1 (unvoiced unaspirate),
