dhatu_id,gana,position,original_slp1,clean_sound_form_slp1,dhatu_iast,dhatu_devanagari,cv_pattern,particle_count,akshara_count,matra_count,racana_scaffold,attested_in_dcs,path_c_valency,path_c_token_count,path_c_distinct_preverbs,path_c_distinct_pratyayas,dhatu_iast_row_count
1.1,1,1,BU,BU,bhū,भू,CV,2,1,2.5,CV2,yes,504,44848,280,24,1
1.2,1,2,eDa~\,eD,edh,एध्,VC,2,1,2.5,V2C,yes,13,201,2,9,1
1.3,1,3,sparDa~\,sparD,spardh,स्पर्ध्,CCVCC,5,1,3.0,CCV1CC,no,0,0,0,0,1
1.4,1,4,gADf~\,gADf,gādhṛ,गाधृ,CVCV,4,2,4.0,CV2CV1,no,0,0,0,0,1
1.5,1,5,bADf~\,bADf,bādhṛ,बाधृ,CVCV,4,2,4.0,CV2CV1,no,0,0,0,0,1
1.6,1,6,nADf~\,nADf,nādhṛ,नाधृ,CVCV,4,2,4.0,CV2CV1,no,0,0,0,0,1
1.7,1,7,nATf~\,nATf,nāthṛ,नाथृ,CVCV,4,2,4.0,CV2CV1,no,0,0,0,0,1
1.8,1,8,daDa~\,daD,dadh,दध्,CVC,3,1,2.0,CV1C,no,0,0,0,0,1
1.9,1,9,skudi~\,skud,skud,स्कुद्,CCVC,4,1,2.5,CCV1C,no,0,0,0,0,1
1.10,1,10,Svidi~\,Svid,śvid,श्विद्,CCVC,4,1,2.5,CCV1C,no,0,0,0,0,1
1.11,1,11,vadi~\,vad,vad,वद्,CVC,3,1,2.0,CV1C,yes,125,4785,28,18,3
1.12,1,12,Badi~\,Bad,bhad,भद्,CVC,3,1,2.0,CV1C,no,0,0,0,0,1
1.13,1,13,madi~\,mad,mad,मद्,CVC,3,1,2.0,CV1C,yes,42,1392,13,15,2
1.14,1,14,spadi~\,spad,spad,स्पद्,CCVC,4,1,2.5,CCV1C,no,0,0,0,0,1
1.15,1,15,klidi~\,klid,klid,क्लिद्,CCVC,4,1,2.5,CCV1C,yes,12,183,9,4,2
1.16,1,16,muda~\,mud,mud,मुद्,CVC,3,1,2.0,CV1C,yes,27,845,6,10,2
1.17,1,17,dada~\,dad,dad,दद्,CVC,3,1,2.0,CV1C,yes,2,2,1,2,1
1.18,1,18,zvada~\,zvad,ṣvad,ष्वद्,CCVC,4,1,2.5,CCV1C,no,0,0,0,0,2
1.19,1,19,svarda~\,svard,svard,स्वर्द्,CCVCC,5,1,3.0,CCV1CC,no,0,0,0,0,1
1.20,1,20,urda~\,urd,urd,उर्द्,VCC,3,1,2.0,V1CC,no,0,0,0,0,1
1.21,1,21,kurda\,kurd,kurd,कुर्द्,CVCC,4,1,2.5,CV1CC,no,0,0,0,0,1
1.22,1,22,Kurda\,Kurd,khurd,खुर्द्,CVCC,4,1,2.5,CV1CC,no,0,0,0,0,1
1.23,1,23,gurda\,gurd,gurd,गुर्द्,CVCC,4,1,2.5,CV1CC,no,0,0,0,0,2
1.24,1,24,guda~\,gud,gud,गुद्,CVC,3,1,2.0,CV1C,no,0,0,0,0,1
1.25,1,25,zUda~\,zUd,ṣūd,षूद्,CVC,3,1,3.0,CV2C,no,0,0,0,0,2
1.26,1,26,hrAda~\,hrAd,hrād,ह्राद्,CCVC,4,1,3.5,CCV2C,no,0,0,0,0,1
1.27,1,27,hlAdI~\,hlAdI,hlādī,ह्लादी,CCVCV,5,2,5.5,CCV2CV2,no,0,0,0,0,1
1.28,1,28,svAda~\,svAd,svād,स्वाद्,CCVC,4,1,3.5,CCV2C,yes,1,1,1,1,2
1.29,1,29,parda~\,pard,pard,पर्द्,CVCC,4,1,2.5,CV1CC,no,0,0,0,0,1
1.30,1,30,yatI~\,yatI,yatī,यती,CVCV,4,2,4.0,CV1CV2,no,0,0,0,0,1
1.31,1,31,yutf~\,yutf,yutṛ,युतृ,CVCV,4,2,3.0,CV1CV1,no,0,0,0,0,1
1.32,1,32,jutf~\,jutf,jutṛ,जुतृ,CVCV,4,2,3.0,CV1CV1,no,0,0,0,0,1
1.33,1,33,viTf~\,viTf,vithṛ,विथृ,CVCV,4,2,3.0,CV1CV1,no,0,0,0,0,1
1.34,1,34,veTf~\,veTf,vethṛ,वेथृ,CVCV,4,2,4.0,CV2CV1,no,0,0,0,0,1
1.35,1,35,SraTi~\,SraT,śrath,श्रथ्,CCVC,4,1,2.5,CCV1C,yes,7,20,2,6,5
1.36,1,36,graTi~\,graT,grath,ग्रथ्,CCVC,4,1,2.5,CCV1C,no,0,0,0,0,1
1.37,1,37,katTa~\,katT,katth,कत्थ्,CVCC,4,1,2.5,CV1CC,yes,10,68,2,6,1
1.38,1,38,ata~,at,at,अत्,VC,2,1,1.5,V1C,yes,3,10,2,2,2
1.39,1,39,citI~,citI,citī,चिती,CVCV,4,2,4.0,CV1CV2,no,0,0,0,0,1
1.40,1,40,cyuti~r,cyutir,cyutir,च्युतिर्,CCVCVC,6,2,4.0,CCV1CV1C,no,0,0,0,0,1
1.41,1,41,Scuti~r,Scutir,ścutir,श्चुतिर्,CCVCVC,6,2,4.0,CCV1CV1C,no,0,0,0,0,1
1.42,1,42,Scyuti~r,Scyutir,ścyutir,श्च्युतिर्,CCCVCVC,7,2,4.5,CCCV1CV1C,no,0,0,0,0,1
1.43,1,43,jyuti~r,jyutir,jyutir,ज्युतिर्,CCVCVC,6,2,4.0,CCV1CV1C,no,0,0,0,0,1
1.44,1,44,manTa~,manT,manth,मन्थ्,CVCC,4,1,2.5,CV1CC,yes,6,13,2,5,2
1.45,1,45,kuTi~,kuT,kuth,कुथ्,CVC,3,1,2.0,CV1C,no,0,0,0,0,2
1.46,1,46,puTi~,puT,puth,पुथ्,CVC,3,1,2.0,CV1C,no,0,0,0,0,3
1.47,1,47,luTi~,luT,luth,लुथ्,CVC,3,1,2.0,CV1C,no,0,0,0,0,1
1.48,1,48,maTi~,maT,math,मथ्,CVC,3,1,2.0,CV1C,yes,59,794,11,15,1
1.49,1,49,ziDa~,ziD,ṣidh,षिध्,CVC,3,1,2.0,CV1C,yes,30,305,6,13,2
1.50,1,50,ziDU~,ziDU,ṣidhū,षिधू,CVCV,4,2,4.0,CV1CV2,no,0,0,0,0,1
1.51,1,51,KAdf~,KAdf,khādṛ,खादृ,CVCV,4,2,4.0,CV2CV1,no,0,0,0,0,1
1.52,1,52,Kada~,Kad,khad,खद्,CVC,3,1,2.0,CV1C,no,0,0,0,0,1
1.53,1,53,bada~,bad,bad,बद्,CVC,3,1,2.0,CV1C,no,0,0,0,0,1
1.54,1,54,gada~,gad,gad,गद्,CVC,3,1,2.0,CV1C,yes,29,765,9,13,1
1.55,1,55,rada~,rad,rad,रद्,CVC,3,1,2.0,CV1C,yes,9,39,2,8,1
1.56,1,56,Rada~,Rad,ṇad,णद्,CVC,3,1,2.0,CV1C,yes,5,60,2,4,1
1.57,1,57,arda~,ard,ard,अर्द्,VCC,3,1,2.0,V1CC,no,0,0,0,0,2
1.58,1,58,narda~,nard,nard,नर्द्,CVCC,4,1,2.5,CV1CC,yes,19,150,8,6,1
1.59,1,59,garda~,gard,gard,गर्द्,CVCC,4,1,2.5,CV1CC,yes,1,1,1,1,2
1.60,1,60,tarda~,tard,tard,तर्द्,CVCC,4,1,2.5,CV1CC,no,0,0,0,0,1
1.61,1,61,karda~,kard,kard,कर्द्,CVCC,4,1,2.5,CV1CC,no,0,0,0,0,1
1.62,1,62,Karda~,Kard,khard,खर्द्,CVCC,4,1,2.5,CV1CC,no,0,0,0,0,1
1.63,1,63,ati~,at,at,अत्,VC,2,1,1.5,V1C,yes,3,10,2,2,2
1.64,1,64,adi~,ad,ad,अद्,VC,2,1,1.5,V1C,yes,17,703,2,16,2
1.65,1,65,idi~,id,id,इद्,VC,2,1,1.5,V1C,no,0,0,0,0,1
1.66,1,66,bidi~,bid,bid,बिद्,CVC,3,1,2.0,CV1C,no,0,0,0,0,1
1.67,1,67,Bidi~,Bid,bhid,भिद्,CVC,3,1,2.0,CV1C,yes,72,2661,17,21,1
1.68,1,68,gaqi~,gaq,gaḍ,गड्,CVC,3,1,2.0,CV1C,no,0,0,0,0,3
1.69,1,69,Ridi~,Rid,ṇid,णिद्,CVC,3,1,2.0,CV1C,no,0,0,0,0,1
1.70,1,70,wunadi~,nad,nad,नद्,CVC,3,1,2.0,CV1C,yes,26,705,7,7,1
1.71,1,71,cadi~,cad,cad,चद्,CVC,3,1,2.0,CV1C,no,0,0,0,0,5
1.72,1,72,tradi~,trad,trad,त्रद्,CCVC,4,1,2.5,CCV1C,no,0,0,0,0,1
1.73,1,73,kadi~,kad,kad,कद्,CVC,3,1,2.0,CV1C,no,0,0,0,0,3
1.74,1,74,kradi~,krad,krad,क्रद्,CCVC,4,1,2.5,CCV1C,no,0,0,0,0,3
1.75,1,75,kladi~,klad,klad,क्लद्,CCVC,4,1,2.5,CCV1C,no,0,0,0,0,3
1.76,1,76,klidi~,klid,klid,क्लिद्,CCVC,4,1,2.5,CCV1C,yes,12,183,9,4,2
1.77,1,77,SunDa~,SunD,śundh,शुन्ध्,CVCC,4,1,2.5,CV1CC,no,0,0,0,0,2
1.78,1,78,SIkf~\,SIkf,śīkṛ,शीकृ,CVCV,4,2,4.0,CV2CV1,no,0,0,0,0,1
1.80,1,80,lokf~\,lokf,lokṛ,लोकृ,CVCV,4,2,4.0,CV2CV1,no,0,0,0,0,2
1.81,1,81,Slokf~\,Slokf,ślokṛ,श्लोकृ,CCVCV,5,2,4.5,CCV2CV1,no,0,0,0,0,1
1.82,1,82,srokf~\,srokf,srokṛ,स्रोकृ,CCVCV,5,2,4.5,CCV2CV1,no,0,0,0,0,1
1.83,1,83,drekf~\,drekf,drekṛ,द्रेकृ,CCVCV,5,2,4.5,CCV2CV1,no,0,0,0,0,1
1.84,1,84,Drekf~\,Drekf,dhrekṛ,ध्रेकृ,CCVCV,5,2,4.5,CCV2CV1,no,0,0,0,0,1
1.85,1,85,rekf~\,rekf,rekṛ,रेकृ,CVCV,4,2,4.0,CV2CV1,no,0,0,0,0,1
1.86,1,86,sekf~\,sekf,sekṛ,सेकृ,CVCV,4,2,4.0,CV2CV1,no,0,0,0,0,1
1.87,1,87,srekf~\,srekf,srekṛ,स्रेकृ,CCVCV,5,2,4.5,CCV2CV1,no,0,0,0,0,1
1.88,1,88,sraki~\,srak,srak,स्रक्,CCVC,4,1,2.5,CCV1C,no,0,0,0,0,1
1.89,1,89,Sraki~\,Srak,śrak,श्रक्,CCVC,4,1,2.5,CCV1C,no,0,0,0,0,1
1.90,1,90,Slaki~\,Slak,ślak,श्लक्,CCVC,4,1,2.5,CCV1C,no,0,0,0,0,1
1.91,1,91,Saki~\,Sak,śak,शक्,CVC,3,1,2.0,CV1C,yes,24,1961,7,17,2
1.92,1,92,aki~\,ak,ak,अक्,VC,2,1,1.5,V1C,no,0,0,0,0,2
1.93,1,93,vaki~\,vak,vak,वक्,CVC,3,1,2.0,CV1C,no,0,0,0,0,2
1.94,1,94,maki~\,mak,mak,मक्,CVC,3,1,2.0,CV1C,no,0,0,0,0,1
1.95,1,95,kaka~\,kak,kak,कक्,CVC,3,1,2.0,CV1C,no,0,0,0,0,2
1.96,1,96,kuka~\,kuk,kuk,कुक्,CVC,3,1,2.0,CV1C,no,0,0,0,0,1
1.97,1,97,vfka~\,vfk,vṛk,वृक्,CVC,3,1,2.0,CV1C,no,0,0,0,0,1
1.98,1,98,caka~\,cak,cak,चक्,CVC,3,1,2.0,CV1C,yes,1,48,1,1,2
1.99,1,99,kaki~\,kak,kak,कक्,CVC,3,1,2.0,CV1C,no,0,0,0,0,2
1.100,1,100,vaki~\,vak,vak,वक्,CVC,3,1,2.0,CV1C,no,0,0,0,0,2
1.101,1,101,Svaki~\,Svak,śvak,श्वक्,CCVC,4,1,2.5,CCV1C,no,0,0,0,0,1
1.102,1,102,traki~\,trak,trak,त्रक्,CCVC,4,1,2.5,CCV1C,no,0,0,0,0,1
1.103,1,103,QOkf~\,QOkf,ḍhaukṛ,ढौकृ,CVCV,4,2,4.0,CV2CV1,no,0,0,0,0,1
1.104,1,104,trOkf~\,trOkf,traukṛ,त्रौकृ,CCVCV,5,2,4.5,CCV2CV1,no,0,0,0,0,1
1.105,1,105,zvaska~\,zvask,ṣvask,ष्वस्क्,CCVCC,5,1,3.0,CCV1CC,no,0,0,0,0,1
1.106,1,106,vaska~\,vask,vask,वस्क्,CVCC,4,1,2.5,CV1CC,no,0,0,0,0,1
1.107,1,107,maska~\,mask,mask,मस्क्,CVCC,4,1,2.5,CV1CC,no,0,0,0,0,1
1.108,1,108,wikf~\,wikf,ṭikṛ,टिकृ,CVCV,4,2,3.0,CV1CV1,no,0,0,0,0,1
1.109,1,109,wIkf~\,wIkf,ṭīkṛ,टीकृ,CVCV,4,2,4.0,CV2CV1,no,0,0,0,0,1
1.110,1,110,tikf~\,tikf,tikṛ,तिकृ,CVCV,4,2,3.0,CV1CV1,no,0,0,0,0,1
1.111,1,111,tIkf~\,tIkf,tīkṛ,तीकृ,CVCV,4,2,4.0,CV2CV1,no,0,0,0,0,1
1.112,1,112,raGi~\,raG,ragh,रघ्,CVC,3,1,2.0,CV1C,no,0,0,0,0,3
1.113,1,113,laGi~\,laG,lagh,लघ्,CVC,3,1,2.0,CV1C,no,0,0,0,0,4
1.114,1,114,zvaki~\,zvak,ṣvak,ष्वक्,CCVC,4,1,2.5,CCV1C,no,0,0,0,0,1
1.115,1,115,aGi~\,aG,agh,अघ्,VC,2,1,1.5,V1C,no,0,0,0,0,1
1.116,1,116,vaGi~\,vaG,vagh,वघ्,CVC,3,1,2.0,CV1C,no,0,0,0,0,1
1.117,1,117,maGi~\,maG,magh,मघ्,CVC,3,1,2.0,CV1C,no,0,0,0,0,2
1.118,1,118,rAGf~\,rAGf,rāghṛ,राघृ,CVCV,4,2,4.0,CV2CV1,no,0,0,0,0,1
1.119,1,119,lAGf~\,lAGf,lāghṛ,लाघृ,CVCV,4,2,4.0,CV2CV1,no,0,0,0,0,1
1.120,1,120,drAGf~\,drAGf,drāghṛ,द्राघृ,CCVCV,5,2,4.5,CCV2CV1,no,0,0,0,0,1
1.121,1,121,DrAGf~\,DrAGf,dhrāghṛ,ध्राघृ,CCVCV,5,2,4.5,CCV2CV1,no,0,0,0,0,1
1.122,1,122,SlAGf~\,SlAGf,ślāghṛ,श्लाघृ,CCVCV,5,2,4.5,CCV2CV1,no,0,0,0,0,1
1.123,1,123,Pakka~,Pakk,phakk,फक्क्,CVCC,4,1,2.5,CV1CC,no,0,0,0,0,1
1.124,1,124,taka~,tak,tak,तक्,CVC,3,1,2.0,CV1C,yes,4,8,2,3,2
1.125,1,125,taki~,tak,tak,तक्,CVC,3,1,2.0,CV1C,yes,4,8,2,3,2
1.126,1,126,bukka~,bukk,bukk,बुक्क्,CVCC,4,1,2.5,CV1CC,no,0,0,0,0,2
1.127,1,127,Suka~,Suk,śuk,शुक्,CVC,3,1,2.0,CV1C,no,0,0,0,0,1
1.128,1,128,kaKa~,kaK,kakh,कख्,CVC,3,1,2.0,CV1C,no,0,0,0,0,1
1.129,1,129,oKf~,oKf,okhṛ,ओखृ,VCV,3,2,3.5,V2CV1,no,0,0,0,0,1
1.130,1,130,rAKf~,rAKf,rākhṛ,राखृ,CVCV,4,2,4.0,CV2CV1,no,0,0,0,0,1
1.131,1,131,lAKf~,lAKf,lākhṛ,लाखृ,CVCV,4,2,4.0,CV2CV1,no,0,0,0,0,1
1.132,1,132,drAKf~,drAKf,drākhṛ,द्राखृ,CCVCV,5,2,4.5,CCV2CV1,no,0,0,0,0,1
1.133,1,133,DrAKf~,DrAKf,dhrākhṛ,ध्राखृ,CCVCV,5,2,4.5,CCV2CV1,no,0,0,0,0,1
1.134,1,134,SAKf~,SAKf,śākhṛ,शाखृ,CVCV,4,2,4.0,CV2CV1,no,0,0,0,0,1
1.135,1,135,SlAKf~,SlAKf,ślākhṛ,श्लाखृ,CCVCV,5,2,4.5,CCV2CV1,no,0,0,0,0,1
1.136,1,136,uKa~,uK,ukh,उख्,VC,2,1,1.5,V1C,no,0,0,0,0,2
1.137,1,137,uKi~,uK,ukh,उख्,VC,2,1,1.5,V1C,no,0,0,0,0,2
1.138,1,138,vaKa~,vaK,vakh,वख्,CVC,3,1,2.0,CV1C,no,0,0,0,0,2
1.139,1,139,vaKi~,vaK,vakh,वख्,CVC,3,1,2.0,CV1C,no,0,0,0,0,2
1.140,1,140,maKa~,maK,makh,मख्,CVC,3,1,2.0,CV1C,no,0,0,0,0,2
1.141,1,141,maKi~,maK,makh,मख्,CVC,3,1,2.0,CV1C,no,0,0,0,0,2
1.142,1,142,RaKa~,RaK,ṇakh,णख्,CVC,3,1,2.0,CV1C,no,0,0,0,0,2
1.143,1,143,RaKi~,RaK,ṇakh,णख्,CVC,3,1,2.0,CV1C,no,0,0,0,0,2
1.144,1,144,raKa~,raK,rakh,रख्,CVC,3,1,2.0,CV1C,no,0,0,0,0,2
1.145,1,145,raKi~,raK,rakh,रख्,CVC,3,1,2.0,CV1C,no,0,0,0,0,2
1.146,1,146,laKa~,laK,lakh,लख्,CVC,3,1,2.0,CV1C,no,0,0,0,0,2
1.147,1,147,laKi~,laK,lakh,लख्,CVC,3,1,2.0,CV1C,no,0,0,0,0,2
1.148,1,148,iKa~,iK,ikh,इख्,VC,2,1,1.5,V1C,no,0,0,0,0,2
1.149,1,149,iKi~,iK,ikh,इख्,VC,2,1,1.5,V1C,no,0,0,0,0,2
1.150,1,150,IKa~,IK,īkh,ईख्,VC,2,1,2.5,V2C,no,0,0,0,0,2
1.151,1,151,IKi~,IK,īkh,ईख्,VC,2,1,2.5,V2C,no,0,0,0,0,2
1.152,1,152,valga~,valg,valg,वल्ग्,CVCC,4,1,2.5,CV1CC,yes,15,63,7,6,1
1.153,1,153,ragi~,rag,rag,रग्,CVC,3,1,2.0,CV1C,no,0,0,0,0,2
1.154,1,154,lagi~,lag,lag,लग्,CVC,3,1,2.0,CV1C,yes,12,291,7,5,2
1.155,1,155,agi~,ag,ag,अग्,VC,2,1,1.5,V1C,no,0,0,0,0,2
1.156,1,156,vagi~,vag,vag,वग्,CVC,3,1,2.0,CV1C,no,0,0,0,0,1
1.157,1,157,magi~,mag,mag,मग्,CVC,3,1,2.0,CV1C,no,0,0,0,0,1
1.158,1,158,tagi~,tag,tag,तग्,CVC,3,1,2.0,CV1C,no,0,0,0,0,1
1.159,1,159,tvagi~,tvag,tvag,त्वग्,CCVC,4,1,2.5,CCV1C,no,0,0,0,0,1
1.160,1,160,tragi~,trag,trag,त्रग्,CCVC,4,1,2.5,CCV1C,no,0,0,0,0,1
1.161,1,161,Sragi~,Srag,śrag,श्रग्,CCVC,4,1,2.5,CCV1C,no,0,0,0,0,1
1.162,1,162,Slagi~,Slag,ślag,श्लग्,CCVC,4,1,2.5,CCV1C,no,0,0,0,0,1
1.163,1,163,igi~,ig,ig,इग्,VC,2,1,1.5,V1C,no,0,0,0,0,1
1.164,1,164,rigi~,rig,rig,रिग्,CVC,3,1,2.0,CV1C,no,0,0,0,0,1
1.165,1,165,ligi~,lig,lig,लिग्,CVC,3,1,2.0,CV1C,no,0,0,0,0,2
1.168,1,168,riKa~,riK,rikh,रिख्,CVC,3,1,2.0,CV1C,no,0,0,0,0,2
1.169,1,169,riKi~,riK,rikh,रिख्,CVC,3,1,2.0,CV1C,no,0,0,0,0,2
1.170,1,170,liKa~,liK,likh,लिख्,CVC,3,1,2.0,CV1C,yes,60,867,13,15,3
1.171,1,171,liKi~,liK,likh,लिख्,CVC,3,1,2.0,CV1C,yes,60,867,13,15,3
1.172,1,172,traKa~,traK,trakh,त्रख्,CCVC,4,1,2.5,CCV1C,no,0,0,0,0,1
1.173,1,173,triKi~,triK,trikh,त्रिख्,CCVC,4,1,2.5,CCV1C,no,0,0,0,0,1
1.174,1,174,SiKi~,SiK,śikh,शिख्,CVC,3,1,2.0,CV1C,no,0,0,0,0,1
1.175,1,175,yugi~,yug,yug,युग्,CVC,3,1,2.0,CV1C,no,0,0,0,0,1
1.176,1,176,jugi~,jug,jug,जुग्,CVC,3,1,2.0,CV1C,no,0,0,0,0,1
1.177,1,177,bugi~,bug,bug,बुग्,CVC,3,1,2.0,CV1C,no,0,0,0,0,1
1.179,1,179,GaGa~,GaG,ghagh,घघ्,CVC,3,1,2.0,CV1C,no,0,0,0,0,1
1.181,1,181,daGi~,daG,dagh,दघ्,CVC,3,1,2.0,CV1C,yes,10,25,5,7,2
1.182,1,182,laGi~,laG,lagh,लघ्,CVC,3,1,2.0,CV1C,no,0,0,0,0,4
1.183,1,183,maGi~,maG,magh,मघ्,CVC,3,1,2.0,CV1C,no,0,0,0,0,2
1.184,1,184,SiGi~,SiG,śigh,शिघ्,CVC,3,1,2.0,CV1C,no,0,0,0,0,1
1.186,1,186,varca~\,varc,varc,वर्च्,CVCC,4,1,2.5,CV1CC,no,0,0,0,0,1
1.187,1,187,zaca~\,zac,ṣac,षच्,CVC,3,1,2.0,CV1C,yes,3,12,1,3,2
1.188,1,188,locf~\,locf,locṛ,लोचृ,CVCV,4,2,4.0,CV2CV1,no,0,0,0,0,2
1.189,1,189,Saca~\,Sac,śac,शच्,CVC,3,1,2.0,CV1C,no,0,0,0,0,1
1.190,1,190,Svaca~\,Svac,śvac,श्वच्,CCVC,4,1,2.5,CCV1C,no,0,0,0,0,2
1.191,1,191,Svaci~\,Svac,śvac,श्वच्,CCVC,4,1,2.5,CCV1C,no,0,0,0,0,2
1.192,1,192,kaca~\,kac,kac,कच्,CVC,3,1,2.0,CV1C,yes,2,2,2,1,2
1.193,1,193,kaci~\,kac,kac,कच्,CVC,3,1,2.0,CV1C,yes,2,2,2,1,2
1.194,1,194,kAci~\,kAc,kāc,काच्,CVC,3,1,3.0,CV2C,no,0,0,0,0,1
1.195,1,195,maca~\,mac,mac,मच्,CVC,3,1,2.0,CV1C,no,0,0,0,0,2
1.196,1,196,muci\,muc,muc,मुच्,CVC,3,1,2.0,CV1C,yes,135,6170,22,24,2
1.197,1,197,maci~\,mac,mac,मच्,CVC,3,1,2.0,CV1C,no,0,0,0,0,2
1.198,1,198,paci~\,pac,pac,पच्,CVC,3,1,2.0,CV1C,yes,37,2238,8,19,3
1.199,1,199,zwuca~\,zwuc,ṣṭuc,ष्टुच्,CCVC,4,1,2.5,CCV1C,no,0,0,0,0,1
1.200,1,200,fja~\,fj,ṛj,ऋज्,VC,2,1,1.5,V1C,yes,6,44,1,6,2
1.201,1,201,fji~\,fj,ṛj,ऋज्,VC,2,1,1.5,V1C,yes,6,44,1,6,2
1.202,1,202,BfjI~\,BfjI,bhṛjī,भृजी,CVCV,4,2,4.0,CV1CV2,no,0,0,0,0,1
1.203,1,203,ejf~\,ejf,ejṛ,एजृ,VCV,3,2,3.5,V2CV1,no,0,0,0,0,2
1.204,1,204,Brejf~\,Brejf,bhrejṛ,भ्रेजृ,CCVCV,5,2,4.5,CCV2CV1,no,0,0,0,0,1
1.205,1,205,BrAjf~\,BrAjf,bhrājṛ,भ्राजृ,CCVCV,5,2,4.5,CCV2CV1,no,0,0,0,0,2
1.207,1,207,Ija\,Ij,īj,ईज्,VC,2,1,2.5,V2C,yes,1,1,1,1,1
1.210,1,210,Suca~,Suc,śuc,शुच्,CVC,3,1,2.0,CV1C,yes,40,907,10,15,1
1.211,1,211,kuca~,kuc,kuc,कुच्,CVC,3,1,2.0,CV1C,no,0,0,0,0,3
1.212,1,212,kuYca~,kuYc,kuñc,कुञ्च्,CVCC,4,1,2.5,CV1CC,yes,13,103,6,6,1
1.213,1,213,kruYca~,kruYc,kruñc,क्रुञ्च्,CCVCC,5,1,3.0,CCV1CC,no,0,0,0,0,1
1.214,1,214,luYca~,luYc,luñc,लुञ्च्,CVCC,4,1,2.5,CV1CC,yes,6,14,3,5,1
1.215,1,215,aYcu~,aYc,añc,अञ्च्,VCC,3,1,2.0,V1CC,yes,8,38,3,5,3
1.216,1,216,vaYcu~,vaYc,vañc,वञ्च्,CVCC,4,1,2.5,CV1CC,yes,11,34,5,7,2
1.217,1,217,caYcu~,caYc,cañc,चञ्च्,CVCC,4,1,2.5,CV1CC,yes,2,23,1,2,1
1.218,1,218,taYcu~,taYc,tañc,तञ्च्,CVCC,4,1,2.5,CV1CC,yes,8,36,4,4,1
1.219,1,219,tvaYcu~,tvaYc,tvañc,त्वञ्च्,CCVCC,5,1,3.0,CCV1CC,no,0,0,0,0,1
1.220,1,220,mruYcu~,mruYc,mruñc,म्रुञ्च्,CCVCC,5,1,3.0,CCV1CC,no,0,0,0,0,1
1.221,1,221,mluYcu~,mluYc,mluñc,म्लुञ्च्,CCVCC,5,1,3.0,CCV1CC,no,0,0,0,0,1
1.222,1,222,mrucu~,mruc,mruc,म्रुच्,CCVC,4,1,2.5,CCV1C,yes,13,49,5,5,1
1.223,1,223,mlucu~,mluc,mluc,म्लुच्,CCVC,4,1,2.5,CCV1C,no,0,0,0,0,1
1.224,1,224,grucu~,gruc,gruc,ग्रुच्,CCVC,4,1,2.5,CCV1C,no,0,0,0,0,1
1.225,1,225,glucu~,gluc,gluc,ग्लुच्,CCVC,4,1,2.5,CCV1C,no,0,0,0,0,1
1.226,1,226,kuju~,kuj,kuj,कुज्,CVC,3,1,2.0,CV1C,no,0,0,0,0,2
1.227,1,227,Kuju~,Kuj,khuj,खुज्,CVC,3,1,2.0,CV1C,no,0,0,0,0,1
1.228,1,228,gluYca~,gluYc,gluñc,ग्लुञ्च्,CCVCC,5,1,3.0,CCV1CC,no,0,0,0,0,1
1.229,1,229,zasja~,zasj,ṣasj,षस्ज्,CVCC,4,1,2.5,CV1CC,no,0,0,0,0,1
1.230,1,230,guja~,guj,guj,गुज्,CVC,3,1,2.0,CV1C,no,0,0,0,0,3
1.231,1,231,guji~,guj,guj,गुज्,CVC,3,1,2.0,CV1C,no,0,0,0,0,3
1.232,1,232,arca~,arc,arc,अर्च्,VCC,3,1,2.0,V1CC,yes,29,638,4,14,2
1.233,1,233,mleca~,mlec,mlec,म्लेच्,CCVC,4,1,3.5,CCV2C,no,0,0,0,0,2
1.234,1,234,laca~,lac,lac,लच्,CVC,3,1,2.0,CV1C,no,0,0,0,0,1
1.235,1,235,lAci~,lAc,lāc,लाच्,CVC,3,1,3.0,CV2C,no,0,0,0,0,1
1.236,1,236,vAci~,vAc,vāc,वाच्,CVC,3,1,3.0,CV2C,no,0,0,0,0,1
1.237,1,237,Aci~,Ac,āc,आच्,VC,2,1,2.5,V2C,no,0,0,0,0,1
1.238,1,238,hrIca~,hrIc,hrīc,ह्रीच्,CCVC,4,1,3.5,CCV2C,no,0,0,0,0,1
1.239,1,239,hurcA~,hurcA,hurcā,हुर्चा,CVCCV,5,2,4.5,CV1CCV2,no,0,0,0,0,1
1.240,1,240,murcA~,murcA,murcā,मुर्चा,CVCCV,5,2,4.5,CV1CCV2,no,0,0,0,0,1
1.241,1,241,sPurcA~,sPurcA,sphurcā,स्फुर्चा,CCVCCV,6,2,5.0,CCV1CCV2,no,0,0,0,0,1
1.242,1,242,yuca~,yuc,yuc,युच्,CVC,3,1,2.0,CV1C,no,0,0,0,0,1
1.243,1,243,uci~,uc,uc,उच्,VC,2,1,1.5,V1C,yes,6,53,3,4,3
1.244,1,244,ucI~,ucI,ucī,उची,VCV,3,2,3.5,V1CV2,no,0,0,0,0,2
1.245,1,245,Draja~,Draj,dhraj,ध्रज्,CCVC,4,1,2.5,CCV1C,yes,2,8,1,2,2
1.246,1,246,Draji~,Draj,dhraj,ध्रज्,CCVC,4,1,2.5,CCV1C,yes,2,8,1,2,2
1.249,1,249,Dfja~,Dfj,dhṛj,धृज्,CVC,3,1,2.0,CV1C,no,0,0,0,0,2
1.250,1,250,Dfji~,Dfj,dhṛj,धृज्,CVC,3,1,2.0,CV1C,no,0,0,0,0,2
1.251,1,251,Dvaja~,Dvaj,dhvaj,ध्वज्,CCVC,4,1,2.5,CCV1C,no,0,0,0,0,2
1.252,1,252,Dvaji~,Dvaj,dhvaj,ध्वज्,CCVC,4,1,2.5,CCV1C,no,0,0,0,0,2
1.254,1,254,kUja~,kUj,kūj,कूज्,CVC,3,1,3.0,CV2C,yes,21,128,11,8,1
1.255,1,255,kuji~,kuj,kuj,कुज्,CVC,3,1,2.0,CV1C,no,0,0,0,0,2
1.256,1,256,arja~,arj,arj,अर्ज्,VCC,3,1,2.0,V1CC,no,0,0,0,0,2
1.257,1,257,zarja~,zarj,ṣarj,षर्ज्,CVCC,4,1,2.5,CV1CC,no,0,0,0,0,1
1.258,1,258,garja~,garj,garj,गर्ज्,CVCC,4,1,2.5,CV1CC,yes,18,223,8,7,2
1.259,1,259,tarja~,tarj,tarj,तर्ज्,CVCC,4,1,2.5,CV1CC,yes,2,10,2,2,2
1.260,1,260,karja~,karj,karj,कर्ज्,CVCC,4,1,2.5,CV1CC,no,0,0,0,0,1
1.261,1,261,Karja~,Karj,kharj,खर्ज्,CVCC,4,1,2.5,CV1CC,yes,1,1,1,1,1
1.262,1,262,aja~,aj,aj,अज्,VC,2,1,1.5,V1C,yes,11,61,4,7,2
1.263,1,263,teja~,tej,tej,तेज्,CVC,3,1,3.0,CV2C,no,0,0,0,0,1
1.264,1,264,Kaja~,Kaj,khaj,खज्,CVC,3,1,2.0,CV1C,yes,1,1,1,1,2
1.265,1,265,kaja~,kaj,kaj,कज्,CVC,3,1,2.0,CV1C,no,0,0,0,0,1
1.266,1,266,Kaji~,Kaj,khaj,खज्,CVC,3,1,2.0,CV1C,yes,1,1,1,1,2
1.267,1,267,ejf~,ejf,ejṛ,एजृ,VCV,3,2,3.5,V2CV1,no,0,0,0,0,2
1.268,1,268,wvo~sPUrjA~,wvosPUrjA,ṭvosphūrjā,ट्वोस्फूर्जा,CCVCCVCCV,9,3,9.0,CCV2CCV2CCV2,no,0,0,0,0,1
1.269,1,269,kzi\,kzi,kṣi,क्षि,CCV,3,1,2.0,CCV1,yes,49,1400,12,17,3
1.270,1,270,kzIja~,kzIj,kṣīj,क्षीज्,CCVC,4,1,3.5,CCV2C,no,0,0,0,0,1
1.271,1,271,laja~,laj,laj,लज्,CVC,3,1,2.0,CV1C,no,0,0,0,0,7
1.272,1,272,laji~,laj,laj,लज्,CVC,3,1,2.0,CV1C,no,0,0,0,0,7
1.273,1,273,lAja~,lAj,lāj,लाज्,CVC,3,1,3.0,CV2C,no,0,0,0,0,2
1.274,1,274,lAji~,lAj,lāj,लाज्,CVC,3,1,3.0,CV2C,no,0,0,0,0,2
1.275,1,275,jaja~,jaj,jaj,जज्,CVC,3,1,2.0,CV1C,no,0,0,0,0,2
1.276,1,276,jaji~,jaj,jaj,जज्,CVC,3,1,2.0,CV1C,no,0,0,0,0,2
1.277,1,277,tuja~,tuj,tuj,तुज्,CVC,3,1,2.0,CV1C,yes,6,36,2,5,5
1.278,1,278,tuji~,tuj,tuj,तुज्,CVC,3,1,2.0,CV1C,yes,6,36,2,5,5
1.279,1,279,gaja~,gaj,gaj,गज्,CVC,3,1,2.0,CV1C,no,0,0,0,0,3
1.280,1,280,gaji~,gaj,gaj,गज्,CVC,3,1,2.0,CV1C,no,0,0,0,0,3
1.281,1,281,gfja~,gfj,gṛj,गृज्,CVC,3,1,2.0,CV1C,no,0,0,0,0,2
1.282,1,282,gfji~,gfj,gṛj,गृज्,CVC,3,1,2.0,CV1C,no,0,0,0,0,2
1.283,1,283,muja~,muj,muj,मुज्,CVC,3,1,2.0,CV1C,no,0,0,0,0,2
1.284,1,284,muji~,muj,muj,मुज्,CVC,3,1,2.0,CV1C,no,0,0,0,0,2
1.285,1,285,vaja~,vaj,vaj,वज्,CVC,3,1,2.0,CV1C,no,0,0,0,0,1
1.286,1,286,vraja~,vraj,vraj,व्रज्,CCVC,4,1,2.5,CCV1C,yes,77,1749,22,11,2
1.287,1,287,awwa~\,aww,aṭṭ,अट्ट्,VCC,3,1,2.0,V1CC,no,0,0,0,0,2
1.288,1,288,vezwa~\,vezw,veṣṭ,वेष्ट्,CVCC,4,1,3.5,CV2CC,yes,24,92,13,9,1
1.289,1,289,cezwa~\,cezw,ceṣṭ,चेष्ट्,CVCC,4,1,3.5,CV2CC,yes,25,291,10,10,1
1.290,1,290,gozwa~\,gozw,goṣṭ,गोष्ट्,CVCC,4,1,3.5,CV2CC,no,0,0,0,0,1
1.291,1,291,lozwa~\,lozw,loṣṭ,लोष्ट्,CVCC,4,1,3.5,CV2CC,no,0,0,0,0,1
1.292,1,292,Gawwa~\,Gaww,ghaṭṭ,घट्ट्,CVCC,4,1,2.5,CV1CC,yes,5,6,4,4,2
1.293,1,293,sPuwa~\,sPuw,sphuṭ,स्फुट्,CCVC,4,1,2.5,CCV1C,yes,14,166,5,7,5
1.294,1,294,aWi~\,aW,aṭh,अठ्,VC,2,1,1.5,V1C,no,0,0,0,0,1
1.295,1,295,vaWi~\,vaW,vaṭh,वठ्,CVC,3,1,2.0,CV1C,no,0,0,0,0,2
1.296,1,296,maWi~\,maW,maṭh,मठ्,CVC,3,1,2.0,CV1C,no,0,0,0,0,2
1.297,1,297,kaWi~\,kaW,kaṭh,कठ्,CVC,3,1,2.0,CV1C,no,0,0,0,0,3
1.298,1,298,muWi~\,muW,muṭh,मुठ्,CVC,3,1,2.0,CV1C,no,0,0,0,0,1
1.299,1,299,heWa~\,heW,heṭh,हेठ्,CVC,3,1,3.0,CV2C,no,0,0,0,0,2
1.300,1,300,eWa~\,eW,eṭh,एठ्,VC,2,1,2.5,V2C,no,0,0,0,0,1
1.301,1,301,hiqi~\,hiq,hiḍ,हिड्,CVC,3,1,2.0,CV1C,no,0,0,0,0,1
1.302,1,302,huqi~\,huq,huḍ,हुड्,CVC,3,1,2.0,CV1C,no,0,0,0,0,2
1.303,1,303,kuqi~\,kuq,kuḍ,कुड्,CVC,3,1,2.0,CV1C,yes,1,1,1,1,5
1.304,1,304,vaqi~\,vaq,vaḍ,वड्,CVC,3,1,2.0,CV1C,no,0,0,0,0,2
1.305,1,305,maqi~\,maq,maḍ,मड्,CVC,3,1,2.0,CV1C,no,0,0,0,0,3
1.306,1,306,Baqi~\,Baq,bhaḍ,भड्,CVC,3,1,2.0,CV1C,no,0,0,0,0,2
1.307,1,307,piqi~\,piq,piḍ,पिड्,CVC,3,1,2.0,CV1C,no,0,0,0,0,2
1.308,1,308,muqi~\,muq,muḍ,मुड्,CVC,3,1,2.0,CV1C,no,0,0,0,0,3
1.309,1,309,tuqi~\,tuq,tuḍ,तुड्,CVC,3,1,2.0,CV1C,no,0,0,0,0,2
1.310,1,310,huqi~\,huq,huḍ,हुड्,CVC,3,1,2.0,CV1C,no,0,0,0,0,2
1.312,1,312,caqi~\,caq,caḍ,चड्,CVC,3,1,2.0,CV1C,no,0,0,0,0,2
1.313,1,313,Saqi~\,Saq,śaḍ,शड्,CVC,3,1,2.0,CV1C,no,0,0,0,0,1
1.314,1,314,taqi~\,taq,taḍ,तड्,CVC,3,1,2.0,CV1C,yes,1,1,1,1,3
1.315,1,315,paqi~\,paq,paḍ,पड्,CVC,3,1,2.0,CV1C,no,0,0,0,0,2
1.316,1,316,kaqi~\,kaq,kaḍ,कड्,CVC,3,1,2.0,CV1C,no,0,0,0,0,5
1.317,1,317,Kaqi~\,Kaq,khaḍ,खड्,CVC,3,1,2.0,CV1C,no,0,0,0,0,3
1.318,1,318,heqf~\,heqf,heḍṛ,हेडृ,CVCV,4,2,4.0,CV2CV1,no,0,0,0,0,1
1.319,1,319,hoqf~\,hoqf,hoḍṛ,होडृ,CVCV,4,2,4.0,CV2CV1,no,0,0,0,0,2
1.320,1,320,bAqf\,bAqf,bāḍṛ,बाडृ,CVCV,4,2,4.0,CV2CV1,no,0,0,0,0,1
1.322,1,322,drAqf~\,drAqf,drāḍṛ,द्राडृ,CCVCV,5,2,4.5,CCV2CV1,no,0,0,0,0,1
1.323,1,323,DrAqf~\,DrAqf,dhrāḍṛ,ध्राडृ,CCVCV,5,2,4.5,CCV2CV1,no,0,0,0,0,1
1.324,1,324,SAqf~\,SAqf,śāḍṛ,शाडृ,CVCV,4,2,4.0,CV2CV1,no,0,0,0,0,1
1.325,1,325,SOwf~,SOwf,śauṭṛ,शौटृ,CVCV,4,2,4.0,CV2CV1,no,0,0,0,0,1
1.326,1,326,yOwf~,yOwf,yauṭṛ,यौटृ,CVCV,4,2,4.0,CV2CV1,no,0,0,0,0,1
1.327,1,327,mrewf~,mrewf,mreṭṛ,म्रेटृ,CCVCV,5,2,4.5,CCV2CV1,no,0,0,0,0,1
1.328,1,328,mreqf~,mreqf,mreḍṛ,म्रेडृ,CCVCV,5,2,4.5,CCV2CV1,no,0,0,0,0,1
1.330,1,330,kawe~,kawe,kaṭe,कटे,CVCV,4,2,4.0,CV1CV2,no,0,0,0,0,1
1.331,1,331,cawe~,cawe,caṭe,चटे,CVCV,4,2,4.0,CV1CV2,no,0,0,0,0,1
1.332,1,332,awa~,aw,aṭ,अट्,VC,2,1,1.5,V1C,yes,4,60,1,4,1
1.333,1,333,pawa~,paw,paṭ,पट्,CVC,3,1,2.0,CV1C,no,0,0,0,0,3
1.334,1,334,rawa~,raw,raṭ,रट्,CVC,3,1,2.0,CV1C,yes,7,19,2,5,3
1.335,1,335,lawa~,law,laṭ,लट्,CVC,3,1,2.0,CV1C,no,0,0,0,0,1
1.336,1,336,Sawa~,Saw,śaṭ,शट्,CVC,3,1,2.0,CV1C,no,0,0,0,0,1
1.337,1,337,vawa~,vaw,vaṭ,वट्,CVC,3,1,2.0,CV1C,no,0,0,0,0,7
1.338,1,338,kiwa~,kiw,kiṭ,किट्,CVC,3,1,2.0,CV1C,no,0,0,0,0,2
1.339,1,339,Kiwa~,Kiw,khiṭ,खिट्,CVC,3,1,2.0,CV1C,no,0,0,0,0,1
1.340,1,340,Siwa~,Siw,śiṭ,शिट्,CVC,3,1,2.0,CV1C,no,0,0,0,0,1
1.341,1,341,ziwa~,ziw,ṣiṭ,षिट्,CVC,3,1,2.0,CV1C,no,0,0,0,0,1
1.342,1,342,jawa~,jaw,jaṭ,जट्,CVC,3,1,2.0,CV1C,no,0,0,0,0,1
1.343,1,343,Jawa~,Jaw,jhaṭ,झट्,CVC,3,1,2.0,CV1C,no,0,0,0,0,1
1.344,1,344,Bawa~,Baw,bhaṭ,भट्,CVC,3,1,2.0,CV1C,no,0,0,0,0,2
1.345,1,345,tawa~,taw,taṭ,तट्,CVC,3,1,2.0,CV1C,yes,1,1,1,1,1
1.346,1,346,Kawa~,Kaw,khaṭ,खट्,CVC,3,1,2.0,CV1C,no,0,0,0,0,1
1.347,1,347,Rawa~,Raw,ṇaṭ,णट्,CVC,3,1,2.0,CV1C,no,0,0,0,0,2
1.348,1,348,piwa~,piw,piṭ,पिट्,CVC,3,1,2.0,CV1C,no,0,0,0,0,1
1.349,1,349,hawa~,haw,haṭ,हट्,CVC,3,1,2.0,CV1C,no,0,0,0,0,1
1.350,1,350,zawa~,zaw,ṣaṭ,षट्,CVC,3,1,2.0,CV1C,no,0,0,0,0,1
1.351,1,351,luwa~,luw,luṭ,लुट्,CVC,3,1,2.0,CV1C,no,0,0,0,0,6
1.352,1,352,luqa~,luq,luḍ,लुड्,CVC,3,1,2.0,CV1C,yes,2,2,2,1,3
1.353,1,353,ciwa~,ciw,ciṭ,चिट्,CVC,3,1,2.0,CV1C,no,0,0,0,0,1
1.354,1,354,viwa~,viw,viṭ,विट्,CVC,3,1,2.0,CV1C,no,0,0,0,0,1
1.355,1,355,biwa~,biw,biṭ,बिट्,CVC,3,1,2.0,CV1C,no,0,0,0,0,1
1.356,1,356,hiwa~,hiw,hiṭ,हिट्,CVC,3,1,2.0,CV1C,no,0,0,0,0,1
1.357,1,357,iwa~,iw,iṭ,इट्,VC,2,1,1.5,V1C,no,0,0,0,0,1
1.358,1,358,kiwa~,kiw,kiṭ,किट्,CVC,3,1,2.0,CV1C,no,0,0,0,0,2
1.359,1,359,kawI~,kawI,kaṭī,कटी,CVCV,4,2,4.0,CV1CV2,no,0,0,0,0,1
1.361,1,361,maqi~,maq,maḍ,मड्,CVC,3,1,2.0,CV1C,no,0,0,0,0,3
1.362,1,362,kuqi~,kuq,kuḍ,कुड्,CVC,3,1,2.0,CV1C,yes,1,1,1,1,5
1.363,1,363,kuwi~,kuw,kuṭ,कुट्,CVC,3,1,2.0,CV1C,yes,7,9,5,3,3
1.364,1,364,muqa~,muq,muḍ,मुड्,CVC,3,1,2.0,CV1C,no,0,0,0,0,3
1.365,1,365,puqa~,puq,puḍ,पुड्,CVC,3,1,2.0,CV1C,no,0,0,0,0,3
1.366,1,366,muwa~,muw,muṭ,मुट्,CVC,3,1,2.0,CV1C,no,0,0,0,0,3
1.367,1,367,puwa~,puw,puṭ,पुट्,CVC,3,1,2.0,CV1C,yes,9,448,3,5,5
1.368,1,368,cuqi~,cuq,cuḍ,चुड्,CVC,3,1,2.0,CV1C,no,0,0,0,0,3
1.369,1,369,muqi~,muq,muḍ,मुड्,CVC,3,1,2.0,CV1C,no,0,0,0,0,3
1.370,1,370,puqi~,puq,puḍ,पुड्,CVC,3,1,2.0,CV1C,no,0,0,0,0,3
1.371,1,371,ruwi~,ruw,ruṭ,रुट्,CVC,3,1,2.0,CV1C,no,0,0,0,0,4
1.372,1,372,luwi~,luw,luṭ,लुट्,CVC,3,1,2.0,CV1C,no,0,0,0,0,6
1.373,1,373,ruWi~,ruW,ruṭh,रुठ्,CVC,3,1,2.0,CV1C,no,0,0,0,0,3
1.374,1,374,luWi~,luW,luṭh,लुठ्,CVC,3,1,2.0,CV1C,yes,6,28,3,5,6
1.375,1,375,ruqi~,ruq,ruḍ,रुड्,CVC,3,1,2.0,CV1C,no,0,0,0,0,1
1.376,1,376,luqi~,luq,luḍ,लुड्,CVC,3,1,2.0,CV1C,yes,2,2,2,1,3
1.377,1,377,vawi~,vaw,vaṭ,वट्,CVC,3,1,2.0,CV1C,no,0,0,0,0,7
1.379,1,379,sPuwi~r,sPuwir,sphuṭir,स्फुटिर्,CCVCVC,6,2,4.0,CCV1CV1C,no,0,0,0,0,1
1.380,1,380,sPuwi~,sPuw,sphuṭ,स्फुट्,CCVC,4,1,2.5,CCV1C,yes,14,166,5,7,5
1.381,1,381,paWa~,paW,paṭh,पठ्,CVC,3,1,2.0,CV1C,yes,24,609,6,14,1
1.382,1,382,vaWa~,vaW,vaṭh,वठ्,CVC,3,1,2.0,CV1C,no,0,0,0,0,2
1.384,1,384,maWa~,maW,maṭh,मठ्,CVC,3,1,2.0,CV1C,no,0,0,0,0,2
1.385,1,385,kaWa~,kaW,kaṭh,कठ्,CVC,3,1,2.0,CV1C,no,0,0,0,0,3
1.386,1,386,raWa~,raW,raṭh,रठ्,CVC,3,1,2.0,CV1C,no,0,0,0,0,1
1.387,1,387,rawa~,raw,raṭ,रट्,CVC,3,1,2.0,CV1C,yes,7,19,2,5,3
1.388,1,388,haWa~,haW,haṭh,हठ्,CVC,3,1,2.0,CV1C,no,0,0,0,0,1
1.389,1,389,ruWa~,ruW,ruṭh,रुठ्,CVC,3,1,2.0,CV1C,no,0,0,0,0,3
1.390,1,390,luWa~,luW,luṭh,लुठ्,CVC,3,1,2.0,CV1C,yes,6,28,3,5,6
1.391,1,391,UWa~,UW,ūṭh,ऊठ्,VC,2,1,2.5,V2C,no,0,0,0,0,1
1.392,1,392,uWa~,uW,uṭh,उठ्,VC,2,1,1.5,V1C,no,0,0,0,0,2
1.393,1,393,piWa~,piW,piṭh,पिठ्,CVC,3,1,2.0,CV1C,no,0,0,0,0,1
1.394,1,394,SaWa~,SaW,śaṭh,शठ्,CVC,3,1,2.0,CV1C,no,0,0,0,0,4
1.395,1,395,SuWa~,SuW,śuṭh,शुठ्,CVC,3,1,2.0,CV1C,no,0,0,0,0,5
1.396,1,396,SuWi~,SuW,śuṭh,शुठ्,CVC,3,1,2.0,CV1C,no,0,0,0,0,5
1.397,1,397,kuWi~,kuW,kuṭh,कुठ्,CVC,3,1,2.0,CV1C,no,0,0,0,0,2
1.398,1,398,luWi~,luW,luṭh,लुठ्,CVC,3,1,2.0,CV1C,yes,6,28,3,5,6
1.399,1,399,SuWi~,SuW,śuṭh,शुठ्,CVC,3,1,2.0,CV1C,no,0,0,0,0,5
1.400,1,400,ruWi~,ruW,ruṭh,रुठ्,CVC,3,1,2.0,CV1C,no,0,0,0,0,3
1.401,1,401,luWi~,luW,luṭh,लुठ्,CVC,3,1,2.0,CV1C,yes,6,28,3,5,6
1.402,1,402,cuqqa~,cuqq,cuḍḍ,चुड्ड्,CVCC,4,1,2.5,CV1CC,no,0,0,0,0,1
1.403,1,403,aqqa~,aqq,aḍḍ,अड्ड्,VCC,3,1,2.0,V1CC,no,0,0,0,0,1
1.404,1,404,kaqqa~,kaqq,kaḍḍ,कड्ड्,CVCC,4,1,2.5,CV1CC,no,0,0,0,0,1
1.405,1,405,krIqf~,krIqf,krīḍṛ,क्रीडृ,CCVCV,5,2,4.5,CCV2CV1,no,0,0,0,0,1
1.406,1,406,tuqf~,tuqf,tuḍṛ,तुडृ,CVCV,4,2,3.0,CV1CV1,no,0,0,0,0,1
1.407,1,407,tUqf~,tUqf,tūḍṛ,तूडृ,CVCV,4,2,4.0,CV2CV1,no,0,0,0,0,1
1.408,1,408,huqf~,huqf,huḍṛ,हुडृ,CVCV,4,2,3.0,CV1CV1,no,0,0,0,0,1
1.409,1,409,hUqf~,hUqf,hūḍṛ,हूडृ,CVCV,4,2,4.0,CV2CV1,no,0,0,0,0,1
1.410,1,410,hoqf~,hoqf,hoḍṛ,होडृ,CVCV,4,2,4.0,CV2CV1,no,0,0,0,0,2
1.411,1,411,rOqf~,rOqf,rauḍṛ,रौडृ,CVCV,4,2,4.0,CV2CV1,no,0,0,0,0,1
1.412,1,412,roqf~,roqf,roḍṛ,रोडृ,CVCV,4,2,4.0,CV2CV1,no,0,0,0,0,1
1.413,1,413,loqf~,loqf,loḍṛ,लोडृ,CVCV,4,2,4.0,CV2CV1,no,0,0,0,0,1
1.414,1,414,aqa~,aq,aḍ,अड्,VC,2,1,1.5,V1C,no,0,0,0,0,1
1.415,1,415,laqa~,laq,laḍ,लड्,CVC,3,1,2.0,CV1C,yes,1,7,1,1,3
1.416,1,416,lala~,lal,lal,लल्,CVC,3,1,2.0,CV1C,yes,4,102,2,3,2
1.417,1,417,kaqa~,kaq,kaḍ,कड्,CVC,3,1,2.0,CV1C,no,0,0,0,0,5
1.418,1,418,kaqi~,kaq,kaḍ,कड्,CVC,3,1,2.0,CV1C,no,0,0,0,0,5
1.419,1,419,gaqi~,gaq,gaḍ,गड्,CVC,3,1,2.0,CV1C,no,0,0,0,0,3
1.420,1,420,ti\pf~\,tipf,tipṛ,तिपृ,CVCV,4,2,3.0,CV1CV1,no,0,0,0,0,1
1.421,1,421,tepf~\,tepf,tepṛ,तेपृ,CVCV,4,2,4.0,CV2CV1,no,0,0,0,0,1
1.422,1,422,zwipf~\,zwipf,ṣṭipṛ,ष्टिपृ,CCVCV,5,2,3.5,CCV1CV1,no,0,0,0,0,1
1.423,1,423,zwepf~\,zwepf,ṣṭepṛ,ष्टेपृ,CCVCV,5,2,4.5,CCV2CV1,no,0,0,0,0,1
1.424,1,424,glepf~\,glepf,glepṛ,ग्लेपृ,CCVCV,5,2,4.5,CCV2CV1,no,0,0,0,0,2
1.425,1,425,wuvepf\,vepf,vepṛ,वेपृ,CVCV,4,2,4.0,CV2CV1,no,0,0,0,0,1
1.426,1,426,kepf~\,kepf,kepṛ,केपृ,CVCV,4,2,4.0,CV2CV1,no,0,0,0,0,1
1.427,1,427,gepf~\,gepf,gepṛ,गेपृ,CVCV,4,2,4.0,CV2CV1,no,0,0,0,0,1
1.428,1,428,glepf~\,glepf,glepṛ,ग्लेपृ,CCVCV,5,2,4.5,CCV2CV1,no,0,0,0,0,2
1.429,1,429,mepf~\,mepf,mepṛ,मेपृ,CVCV,4,2,4.0,CV2CV1,no,0,0,0,0,1
1.430,1,430,repf~\,repf,repṛ,रेपृ,CVCV,4,2,4.0,CV2CV1,no,0,0,0,0,1
1.431,1,431,lepf~\,lepf,lepṛ,लेपृ,CVCV,4,2,4.0,CV2CV1,no,0,0,0,0,1
1.432,1,432,hepf~\,hepf,hepṛ,हेपृ,CVCV,4,2,4.0,CV2CV1,no,0,0,0,0,1
1.433,1,433,Depf~\,Depf,dhepṛ,धेपृ,CVCV,4,2,4.0,CV2CV1,no,0,0,0,0,1
1.434,1,434,trapU~\z,trapU,trapū,त्रपू,CCVCV,5,2,4.5,CCV1CV2,no,0,0,0,0,1
1.435,1,435,kapi~\,kap,kap,कप्,CVC,3,1,2.0,CV1C,no,0,0,0,0,2
1.436,1,436,rabi~\,rab,rab,रब्,CVC,3,1,2.0,CV1C,no,0,0,0,0,1
1.437,1,437,labi~\,lab,lab,लब्,CVC,3,1,2.0,CV1C,no,0,0,0,0,2
1.438,1,438,abi~\,ab,ab,अब्,VC,2,1,1.5,V1C,no,0,0,0,0,1
1.439,1,439,labi~\,lab,lab,लब्,CVC,3,1,2.0,CV1C,no,0,0,0,0,2
1.440,1,440,kabf~\,kabf,kabṛ,कबृ,CVCV,4,2,3.0,CV1CV1,no,0,0,0,0,1
1.441,1,441,klIbf~\,klIbf,klībṛ,क्लीबृ,CCVCV,5,2,4.5,CCV2CV1,no,0,0,0,0,1
1.442,1,442,kzIbf~\,kzIbf,kṣībṛ,क्षीबृ,CCVCV,5,2,4.5,CCV2CV1,no,0,0,0,0,1
1.444,1,444,SIBf~\,SIBf,śībhṛ,शीभृ,CVCV,4,2,4.0,CV2CV1,no,0,0,0,0,1
1.445,1,445,bIBf~\,bIBf,bībhṛ,बीभृ,CVCV,4,2,4.0,CV2CV1,no,0,0,0,0,1
1.446,1,446,cIBf~\,cIBf,cībhṛ,चीभृ,CVCV,4,2,4.0,CV2CV1,no,0,0,0,0,1
1.447,1,447,reBf~\,reBf,rebhṛ,रेभृ,CVCV,4,2,4.0,CV2CV1,no,0,0,0,0,1
1.448,1,448,aBi~\,aB,abh,अभ्,VC,2,1,1.5,V1C,no,0,0,0,0,1
1.449,1,449,raBi~\,raB,rabh,रभ्,CVC,3,1,2.0,CV1C,yes,70,1847,15,17,2
1.450,1,450,laBi~\,laB,labh,लभ्,CVC,3,1,2.0,CV1C,yes,100,5263,18,17,2
1.451,1,451,zwaBi~\,zwaB,ṣṭabh,ष्टभ्,CCVC,4,1,2.5,CCV1C,no,0,0,0,0,1
1.452,1,452,skaBi~\,skaB,skabh,स्कभ्,CCVC,4,1,2.5,CCV1C,no,0,0,0,0,1
1.453,1,453,jaBI~\,jaBI,jabhī,जभी,CVCV,4,2,4.0,CV1CV2,no,0,0,0,0,1
1.454,1,454,jfBi~\,jfB,jṛbh,जृभ्,CVC,3,1,2.0,CV1C,no,0,0,0,0,1
1.455,1,455,SalBa~\,SalB,śalbh,शल्भ्,CVCC,4,1,2.5,CV1CC,no,0,0,0,0,1
1.456,1,456,valBa~\,valB,valbh,वल्भ्,CVCC,4,1,2.5,CV1CC,no,0,0,0,0,1
1.457,1,457,galBa~\,galB,galbh,गल्भ्,CVCC,4,1,2.5,CV1CC,yes,4,12,2,3,1
1.458,1,458,SramBu~\,SramB,śrambh,श्रम्भ्,CCVCC,5,1,3.0,CCV1CC,yes,5,110,2,4,1
1.459,1,459,sramBu~\,sramB,srambh,स्रम्भ्,CCVCC,5,1,3.0,CCV1CC,yes,4,37,2,3,2
1.460,1,460,zwuBu~\,zwuB,ṣṭubh,ष्टुभ्,CCVC,4,1,2.5,CCV1C,yes,4,13,2,4,1
1.461,1,461,gupU~,gupU,gupū,गुपू,CVCV,4,2,4.0,CV1CV2,no,0,0,0,0,1
1.462,1,462,DUpa~,DUp,dhūp,धूप्,CVC,3,1,3.0,CV2C,no,0,0,0,0,2
1.463,1,463,japa~,jap,jap,जप्,CVC,3,1,2.0,CV1C,yes,35,1807,9,11,1
1.464,1,464,jalpa~,jalp,jalp,जल्प्,CVCC,4,1,2.5,CV1CC,yes,21,160,8,9,1
1.465,1,465,capa~,cap,cap,चप्,CVC,3,1,2.0,CV1C,no,0,0,0,0,3
1.466,1,466,zapa~,zap,ṣap,षप्,CVC,3,1,2.0,CV1C,no,0,0,0,0,1
1.467,1,467,rapa~,rap,rap,रप्,CVC,3,1,2.0,CV1C,yes,5,11,1,5,1
1.468,1,468,lapa~,lap,lap,लप्,CVC,3,1,2.0,CV1C,yes,41,427,9,12,1
1.469,1,469,cupa~,cup,cup,चुप्,CVC,3,1,2.0,CV1C,yes,1,4,1,1,2
1.470,1,470,tupa~,tup,tup,तुप्,CVC,3,1,2.0,CV1C,yes,1,1,1,1,2
1.471,1,471,tumpa~,tump,tump,तुम्प्,CVCC,4,1,2.5,CV1CC,no,0,0,0,0,2
1.472,1,472,trupa~,trup,trup,त्रुप्,CCVC,4,1,2.5,CCV1C,no,0,0,0,0,1
1.473,1,473,trumpa~,trump,trump,त्रुम्प्,CCVCC,5,1,3.0,CCV1CC,no,0,0,0,0,1
1.474,1,474,tuPa~,tuP,tuph,तुफ्,CVC,3,1,2.0,CV1C,no,0,0,0,0,2
1.475,1,475,tumPa~,tumP,tumph,तुम्फ्,CVCC,4,1,2.5,CV1CC,no,0,0,0,0,2
1.476,1,476,truPa~,truP,truph,त्रुफ्,CCVC,4,1,2.5,CCV1C,no,0,0,0,0,1
1.477,1,477,trumPa~,trumP,trumph,त्रुम्फ्,CCVCC,5,1,3.0,CCV1CC,no,0,0,0,0,1
1.478,1,478,parpa~,parp,parp,पर्प्,CVCC,4,1,2.5,CV1CC,no,0,0,0,0,1
1.479,1,479,raPa~,raP,raph,रफ्,CVC,3,1,2.0,CV1C,no,0,0,0,0,2
1.480,1,480,raPi~,raP,raph,रफ्,CVC,3,1,2.0,CV1C,no,0,0,0,0,2
1.481,1,481,arba~,arb,arb,अर्ब्,VCC,3,1,2.0,V1CC,no,0,0,0,0,1
1.482,1,482,parba~,parb,parb,पर्ब्,CVCC,4,1,2.5,CV1CC,no,0,0,0,0,1
1.483,1,483,larba~,larb,larb,लर्ब्,CVCC,4,1,2.5,CV1CC,no,0,0,0,0,1
1.484,1,484,barba~,barb,barb,बर्ब्,CVCC,4,1,2.5,CV1CC,no,0,0,0,0,1
1.485,1,485,marba~,marb,marb,मर्ब्,CVCC,4,1,2.5,CV1CC,no,0,0,0,0,1
1.486,1,486,karba~,karb,karb,कर्ब्,CVCC,4,1,2.5,CV1CC,no,0,0,0,0,1
1.487,1,487,Karba~,Karb,kharb,खर्ब्,CVCC,4,1,2.5,CV1CC,no,0,0,0,0,1
1.488,1,488,garba~,garb,garb,गर्ब्,CVCC,4,1,2.5,CV1CC,no,0,0,0,0,1
1.489,1,489,Sarba~,Sarb,śarb,शर्ब्,CVCC,4,1,2.5,CV1CC,no,0,0,0,0,1
1.490,1,490,zarba~,zarb,ṣarb,षर्ब्,CVCC,4,1,2.5,CV1CC,no,0,0,0,0,1
1.491,1,491,carba~,carb,carb,चर्ब्,CVCC,4,1,2.5,CV1CC,no,0,0,0,0,1
1.492,1,492,kubi~,kub,kub,कुब्,CVC,3,1,2.0,CV1C,no,0,0,0,0,2
1.493,1,493,lubi~,lub,lub,लुब्,CVC,3,1,2.0,CV1C,no,0,0,0,0,2
1.494,1,494,tubi~,tub,tub,तुब्,CVC,3,1,2.0,CV1C,no,0,0,0,0,2
1.495,1,495,cubi~,cub,cub,चुब्,CVC,3,1,2.0,CV1C,no,0,0,0,0,2
1.496,1,496,zfBu~,zfB,ṣṛbh,षृभ्,CVC,3,1,2.0,CV1C,no,0,0,0,0,1
1.497,1,497,zfmBu~,zfmB,ṣṛmbh,षृम्भ्,CVCC,4,1,2.5,CV1CC,no,0,0,0,0,1
1.498,1,498,ziBu~,ziB,ṣibh,षिभ्,CVC,3,1,2.0,CV1C,no,0,0,0,0,1
1.499,1,499,zimBu~,zimB,ṣimbh,षिम्भ्,CVCC,4,1,2.5,CV1CC,no,0,0,0,0,1
1.500,1,500,SuBa~,SuB,śubh,शुभ्,CVC,3,1,2.0,CV1C,yes,15,557,6,10,3
1.501,1,501,SumBa~,SumB,śumbh,शुम्भ्,CVCC,4,1,2.5,CV1CC,no,0,0,0,0,2
1.502,1,502,GiRi~\,GiR,ghiṇ,घिण्,CVC,3,1,2.0,CV1C,no,0,0,0,0,1
1.503,1,503,GuRi~\,GuR,ghuṇ,घुण्,CVC,3,1,2.0,CV1C,no,0,0,0,0,3
1.504,1,504,GfRi~\,GfR,ghṛṇ,घृण्,CVC,3,1,2.0,CV1C,no,0,0,0,0,2
1.505,1,505,GuRa~\,GuR,ghuṇ,घुण्,CVC,3,1,2.0,CV1C,no,0,0,0,0,3
1.506,1,506,GUrRa~\,GUrR,ghūrṇ,घूर्ण्,CVCC,4,1,3.5,CV2CC,yes,12,100,6,4,2
1.507,1,507,paRa~\,paR,paṇ,पण्,CVC,3,1,2.0,CV1C,yes,12,39,2,9,1
1.508,1,508,pana~\,pan,pan,पन्,CVC,3,1,2.0,CV1C,yes,6,9,2,6,1
1.509,1,509,BAma~\,BAm,bhām,भाम्,CVC,3,1,3.0,CV2C,no,0,0,0,0,2
1.510,1,510,kzamU~\z,kzamU,kṣamū,क्षमू,CCVCV,5,2,4.5,CCV1CV2,no,0,0,0,0,2
1.511,1,511,kamu~\,kam,kam,कम्,CVC,3,1,2.0,CV1C,yes,7,84,3,5,1
1.512,1,512,aRa~,aR,aṇ,अण्,VC,2,1,1.5,V1C,no,0,0,0,0,2
1.513,1,513,raRa~,raR,raṇ,रण्,CVC,3,1,2.0,CV1C,yes,5,30,1,5,3
1.514,1,514,vaRa~,vaR,vaṇ,वण्,CVC,3,1,2.0,CV1C,no,0,0,0,0,1
1.515,1,515,BaRa~,BaR,bhaṇ,भण्,CVC,3,1,2.0,CV1C,yes,8,73,1,8,1
1.516,1,516,maRa~,maR,maṇ,मण्,CVC,3,1,2.0,CV1C,no,0,0,0,0,1
1.517,1,517,kaRa~,kaR,kaṇ,कण्,CVC,3,1,2.0,CV1C,yes,2,3,1,2,3
1.518,1,518,kvaRa~,kvaR,kvaṇ,क्वण्,CCVC,4,1,2.5,CCV1C,yes,4,29,2,3,1
1.519,1,519,vraRa~,vraR,vraṇ,व्रण्,CCVC,4,1,2.5,CCV1C,no,0,0,0,0,2
1.520,1,520,BraRa~,BraR,bhraṇ,भ्रण्,CCVC,4,1,2.5,CCV1C,no,0,0,0,0,1
1.521,1,521,DvaRa~,DvaR,dhvaṇ,ध्वण्,CCVC,4,1,2.5,CCV1C,no,0,0,0,0,1
1.522,1,522,DaRa~,DaR,dhaṇ,धण्,CVC,3,1,2.0,CV1C,no,0,0,0,0,1
1.523,1,523,oRf~,oRf,oṇṛ,ओणृ,VCV,3,2,3.5,V2CV1,no,0,0,0,0,1
1.524,1,524,SoRf~,SoRf,śoṇṛ,शोणृ,CVCV,4,2,4.0,CV2CV1,no,0,0,0,0,1
1.525,1,525,SroRf~,SroRf,śroṇṛ,श्रोणृ,CCVCV,5,2,4.5,CCV2CV1,no,0,0,0,0,1
1.526,1,526,SloRf~,SloRf,śloṇṛ,श्लोणृ,CCVCV,5,2,4.5,CCV2CV1,no,0,0,0,0,1
1.527,1,527,pERf~,pERf,paiṇṛ,पैणृ,CVCV,4,2,4.0,CV2CV1,no,0,0,0,0,1
1.528,1,528,prERf~,prERf,praiṇṛ,प्रैणृ,CCVCV,5,2,4.5,CCV2CV1,no,0,0,0,0,1
1.529,1,529,DraRa~,DraR,dhraṇ,ध्रण्,CCVC,4,1,2.5,CCV1C,no,0,0,0,0,1
1.530,1,530,baRa~,baR,baṇ,बण्,CVC,3,1,2.0,CV1C,no,0,0,0,0,1
1.531,1,531,kanI~,kanI,kanī,कनी,CVCV,4,2,4.0,CV1CV2,no,0,0,0,0,1
1.532,1,532,zwana~,zwan,ṣṭan,ष्टन्,CCVC,4,1,2.5,CCV1C,yes,9,33,4,4,1
1.533,1,533,vana~,van,van,वन्,CVC,3,1,2.0,CV1C,yes,17,230,4,16,5
1.534,1,534,vana~,van,van,वन्,CVC,3,1,2.0,CV1C,yes,17,230,4,16,5
1.535,1,535,zana~,zan,ṣan,षन्,CVC,3,1,2.0,CV1C,yes,1,1,1,1,2
1.536,1,536,ama~,am,am,अम्,VC,2,1,1.5,V1C,yes,9,28,3,7,3
1.537,1,537,drama~,dram,dram,द्रम्,CCVC,4,1,2.5,CCV1C,no,0,0,0,0,1
1.538,1,538,hamma~,hamm,hamm,हम्म्,CVCC,4,1,2.5,CV1CC,no,0,0,0,0,1
1.539,1,539,mImf~,mImf,mīmṛ,मीमृ,CVCV,4,2,4.0,CV2CV1,no,0,0,0,0,1
1.540,1,540,camu~,cam,cam,चम्,CVC,3,1,2.0,CV1C,yes,14,476,4,8,3
1.541,1,541,camu~,cam,cam,चम्,CVC,3,1,2.0,CV1C,yes,14,476,4,8,3
1.542,1,542,jamu~,jam,jam,जम्,CVC,3,1,2.0,CV1C,no,0,0,0,0,1
1.543,1,543,Jamu~,Jam,jham,झम्,CVC,3,1,2.0,CV1C,no,0,0,0,0,1
1.544,1,544,jimu~,jim,jim,जिम्,CVC,3,1,2.0,CV1C,no,0,0,0,0,1
1.545,1,545,kramu~,kram,kram,क्रम्,CCVC,4,1,2.5,CCV1C,yes,244,4314,54,20,1
1.546,1,546,aya~\,ay,ay,अय्,VC,2,1,1.5,V1C,no,0,0,0,0,1
1.547,1,547,vaya~\,vay,vay,वय्,CVC,3,1,2.0,CV1C,no,0,0,0,0,1
1.548,1,548,paya~\,pay,pay,पय्,CVC,3,1,2.0,CV1C,yes,1,3,1,1,1
1.549,1,549,maya~\,may,may,मय्,CVC,3,1,2.0,CV1C,yes,1,2,1,1,1
1.550,1,550,caya~\,cay,cay,चय्,CVC,3,1,2.0,CV1C,no,0,0,0,0,1
1.551,1,551,taya~\,tay,tay,तय्,CVC,3,1,2.0,CV1C,no,0,0,0,0,1
1.552,1,552,Raya~\,Ray,ṇay,णय्,CVC,3,1,2.0,CV1C,no,0,0,0,0,1
1.553,1,553,daya~\,day,day,दय्,CVC,3,1,2.0,CV1C,yes,5,38,1,5,1
1.554,1,554,raya~\,ray,ray,रय्,CVC,3,1,2.0,CV1C,no,0,0,0,0,1
1.555,1,555,laya~\,lay,lay,लय्,CVC,3,1,2.0,CV1C,no,0,0,0,0,1
1.556,1,556,UyI~\,UyI,ūyī,ऊयी,VCV,3,2,4.5,V2CV2,no,0,0,0,0,1
1.557,1,557,pUyI~\,pUyI,pūyī,पूयी,CVCV,4,2,5.0,CV2CV2,no,0,0,0,0,1
1.558,1,558,knUyI~\,knUyI,knūyī,क्नूयी,CCVCV,5,2,5.5,CCV2CV2,no,0,0,0,0,1
1.559,1,559,kzmAyI~\,kzmAyI,kṣmāyī,क्ष्मायी,CCCVCV,6,2,6.0,CCCV2CV2,no,0,0,0,0,1
1.560,1,560,sPAyI~\,sPAyI,sphāyī,स्फायी,CCVCV,5,2,5.5,CCV2CV2,no,0,0,0,0,1
1.561,1,561,o~pyAyI~\,opyAyI,opyāyī,ओप्यायी,VCCVCV,6,3,7.5,V2CCV2CV2,no,0,0,0,0,1
1.562,1,562,tAyf~\,tAyf,tāyṛ,तायृ,CVCV,4,2,4.0,CV2CV1,no,0,0,0,0,1
1.563,1,563,Sala~\,Sal,śal,शल्,CVC,3,1,2.0,CV1C,no,0,0,0,0,2
1.564,1,564,vala\,val,val,वल्,CVC,3,1,2.0,CV1C,yes,5,64,4,2,2
1.565,1,565,valla~\,vall,vall,वल्ल्,CVCC,4,1,2.5,CV1CC,no,0,0,0,0,1
1.566,1,566,mala~\,mal,mal,मल्,CVC,3,1,2.0,CV1C,no,0,0,0,0,1
1.567,1,567,malla~\,mall,mall,मल्ल्,CVCC,4,1,2.5,CV1CC,no,0,0,0,0,1
1.568,1,568,Bala~\,Bal,bhal,भल्,CVC,3,1,2.0,CV1C,no,0,0,0,0,2
1.569,1,569,Balla~\,Ball,bhall,भल्ल्,CVCC,4,1,2.5,CV1CC,no,0,0,0,0,1
1.570,1,570,kala~\,kal,kal,कल्,CVC,3,1,2.0,CV1C,yes,3,5,3,3,3
1.571,1,571,kalla~\,kall,kall,कल्ल्,CVCC,4,1,2.5,CV1CC,no,0,0,0,0,1
1.572,1,572,tevf~\,tevf,tevṛ,तेवृ,CVCV,4,2,4.0,CV2CV1,no,0,0,0,0,1
1.573,1,573,devf~\,devf,devṛ,देवृ,CVCV,4,2,4.0,CV2CV1,no,0,0,0,0,1
1.574,1,574,zevf~\,zevf,ṣevṛ,षेवृ,CVCV,4,2,4.0,CV2CV1,no,0,0,0,0,1
1.575,1,575,gevf~\,gevf,gevṛ,गेवृ,CVCV,4,2,4.0,CV2CV1,no,0,0,0,0,1
1.576,1,576,glevf~\,glevf,glevṛ,ग्लेवृ,CCVCV,5,2,4.5,CCV2CV1,no,0,0,0,0,1
1.577,1,577,pevf~\,pevf,pevṛ,पेवृ,CVCV,4,2,4.0,CV2CV1,no,0,0,0,0,1
1.578,1,578,mevf~\,mevf,mevṛ,मेवृ,CVCV,4,2,4.0,CV2CV1,no,0,0,0,0,1
1.579,1,579,mlevf~\,mlevf,mlevṛ,म्लेवृ,CCVCV,5,2,4.5,CCV2CV1,no,0,0,0,0,1
1.580,1,580,Sevf~\,Sevf,śevṛ,शेवृ,CVCV,4,2,4.0,CV2CV1,no,0,0,0,0,1
1.581,1,581,Kevf~\,Kevf,khevṛ,खेवृ,CVCV,4,2,4.0,CV2CV1,no,0,0,0,0,1
1.582,1,582,plevf~\,plevf,plevṛ,प्लेवृ,CCVCV,5,2,4.5,CCV2CV1,no,0,0,0,0,1
1.583,1,583,kevf~\,kevf,kevṛ,केवृ,CVCV,4,2,4.0,CV2CV1,no,0,0,0,0,1
1.584,1,584,revf~\,revf,revṛ,रेवृ,CVCV,4,2,4.0,CV2CV1,no,0,0,0,0,1
1.585,1,585,mavya~,mavy,mavy,मव्य्,CVCC,4,1,2.5,CV1CC,no,0,0,0,0,1
1.586,1,586,zUrkzya~,zUrkzy,ṣūrkṣy,षूर्क्ष्य्,CVCCCC,6,1,4.5,CV2CCCC,no,0,0,0,0,1
1.587,1,587,Irkzya~,Irkzy,īrkṣy,ईर्क्ष्य्,VCCCC,5,1,4.0,V2CCCC,no,0,0,0,0,1
1.588,1,588,Irzya~,Irzy,īrṣy,ईर्ष्य्,VCCC,4,1,3.5,V2CCC,yes,3,5,2,2,1
1.589,1,589,haya~,hay,hay,हय्,CVC,3,1,2.0,CV1C,no,0,0,0,0,1
1.590,1,590,Sucya~,Sucy,śucy,शुच्य्,CVCC,4,1,2.5,CV1CC,no,0,0,0,0,1
1.591,1,591,cucya~,cucy,cucy,चुच्य्,CVCC,4,1,2.5,CV1CC,no,0,0,0,0,1
1.592,1,592,harya~,hary,hary,हर्य्,CVCC,4,1,2.5,CV1CC,yes,11,53,3,6,1
1.593,1,593,ala~,al,al,अल्,VC,2,1,1.5,V1C,yes,2,16,1,2,1
1.594,1,594,YiPalA~,PalA,phalā,फला,CVCV,4,2,4.0,CV1CV2,no,0,0,0,0,1
1.595,1,595,mIla~,mIl,mīl,मील्,CVC,3,1,3.0,CV2C,yes,15,48,5,7,1
1.596,1,596,SmIla~,SmIl,śmīl,श्मील्,CCVC,4,1,3.5,CCV2C,no,0,0,0,0,1
1.597,1,597,smIla~,smIl,smīl,स्मील्,CCVC,4,1,3.5,CCV2C,no,0,0,0,0,1
1.598,1,598,kzmIla~,kzmIl,kṣmīl,क्ष्मील्,CCCVC,5,1,4.0,CCCV2C,no,0,0,0,0,1
1.599,1,599,pIla~,pIl,pīl,पील्,CVC,3,1,3.0,CV2C,no,0,0,0,0,1
1.600,1,600,RIla~,RIl,ṇīl,णील्,CVC,3,1,3.0,CV2C,no,0,0,0,0,1
1.601,1,601,SIla~,SIl,śīl,शील्,CVC,3,1,3.0,CV2C,no,0,0,0,0,2
1.602,1,602,kIla~,kIl,kīl,कील्,CVC,3,1,3.0,CV2C,no,0,0,0,0,1
1.603,1,603,kUla~,kUl,kūl,कूल्,CVC,3,1,3.0,CV2C,no,0,0,0,0,1
1.604,1,604,SUla~,SUl,śūl,शूल्,CVC,3,1,3.0,CV2C,no,0,0,0,0,1
1.605,1,605,tUla~,tUl,tūl,तूल्,CVC,3,1,3.0,CV2C,no,0,0,0,0,1
1.606,1,606,pUla~,pUl,pūl,पूल्,CVC,3,1,3.0,CV2C,no,0,0,0,0,2
1.607,1,607,mUla~,mUl,mūl,मूल्,CVC,3,1,3.0,CV2C,no,0,0,0,0,2
1.608,1,608,Pala~,Pal,phal,फल्,CVC,3,1,2.0,CV1C,yes,13,136,4,7,1
1.609,1,609,culla~,cull,cull,चुल्ल्,CVCC,4,1,2.5,CV1CC,no,0,0,0,0,1
1.610,1,610,Pulla~,Pull,phull,फुल्ल्,CVCC,4,1,2.5,CV1CC,yes,1,1,1,1,1
1.611,1,611,cilla~,cill,cill,चिल्ल्,CVCC,4,1,2.5,CV1CC,no,0,0,0,0,1
1.612,1,612,tila~,til,til,तिल्,CVC,3,1,2.0,CV1C,no,0,0,0,0,3
1.613,1,613,tilla~,till,till,तिल्ल्,CVCC,4,1,2.5,CV1CC,no,0,0,0,0,1
1.614,1,614,velf~,velf,velṛ,वेलृ,CVCV,4,2,4.0,CV2CV1,no,0,0,0,0,1
1.615,1,615,celf~,celf,celṛ,चेलृ,CVCV,4,2,4.0,CV2CV1,no,0,0,0,0,1
1.616,1,616,kelf~,kelf,kelṛ,केलृ,CVCV,4,2,4.0,CV2CV1,no,0,0,0,0,1
1.617,1,617,Kelf~,Kelf,khelṛ,खेलृ,CVCV,4,2,4.0,CV2CV1,no,0,0,0,0,1
1.618,1,618,kzvelf~,kzvelf,kṣvelṛ,क्ष्वेलृ,CCCVCV,6,2,5.0,CCCV2CV1,no,0,0,0,0,1
1.619,1,619,vella~,vell,vell,वेल्ल्,CVCC,4,1,3.5,CV2CC,yes,4,13,3,2,1
1.621,1,621,pelf~,pelf,pelṛ,पेलृ,CVCV,4,2,4.0,CV2CV1,no,0,0,0,0,1
1.622,1,622,Pelf~,Pelf,phelṛ,फेलृ,CVCV,4,2,4.0,CV2CV1,no,0,0,0,0,1
1.623,1,623,Self~,Self,śelṛ,शेलृ,CVCV,4,2,4.0,CV2CV1,no,0,0,0,0,1
1.624,1,624,zelf~,zelf,ṣelṛ,षेलृ,CVCV,4,2,4.0,CV2CV1,no,0,0,0,0,1
1.625,1,625,sKala~,sKal,skhal,स्खल्,CCVC,4,1,2.5,CCV1C,yes,14,152,5,5,2
1.626,1,626,Kala~,Kal,khal,खल्,CVC,3,1,2.0,CV1C,yes,1,2,1,1,1
1.627,1,627,gala~,gal,gal,गल्,CVC,3,1,2.0,CV1C,yes,18,292,10,7,2
1.628,1,628,zala~,zal,ṣal,षल्,CVC,3,1,2.0,CV1C,no,0,0,0,0,1
1.629,1,629,dala~,dal,dal,दल्,CVC,3,1,2.0,CV1C,yes,5,46,3,3,3
1.630,1,630,Svala~,Sval,śval,श्वल्,CCVC,4,1,2.5,CCV1C,no,0,0,0,0,1
1.631,1,631,Svalla~,Svall,śvall,श्वल्ल्,CCVCC,5,1,3.0,CCV1CC,no,0,0,0,0,1
1.632,1,632,Kolf~,Kolf,kholṛ,खोलृ,CVCV,4,2,4.0,CV2CV1,no,0,0,0,0,1
1.633,1,633,Korf~,Korf,khorṛ,खोरृ,CVCV,4,2,4.0,CV2CV1,no,0,0,0,0,1
1.634,1,634,Dorf~,Dorf,dhorṛ,धोरृ,CVCV,4,2,4.0,CV2CV1,no,0,0,0,0,1
1.635,1,635,tsara~,tsar,tsar,त्सर्,CCVC,4,1,2.5,CCV1C,yes,5,9,2,4,1
1.636,1,636,kmara~,kmar,kmar,क्मर्,CCVC,4,1,2.5,CCV1C,no,0,0,0,0,1
1.637,1,637,aBra~,aBr,abhr,अभ्र्,VCC,3,1,2.0,V1CC,no,0,0,0,0,1
1.638,1,638,vaBra~,vaBr,vabhr,वभ्र्,CVCC,4,1,2.5,CV1CC,no,0,0,0,0,1
1.639,1,639,maBra~,maBr,mabhr,मभ्र्,CVCC,4,1,2.5,CV1CC,no,0,0,0,0,1
1.640,1,640,cara~,car,car,चर्,CVC,3,1,2.0,CV1C,yes,170,7504,38,16,1
1.641,1,641,zWivu~,zWiv,ṣṭhiv,ष्ठिव्,CCVC,4,1,2.5,CCV1C,yes,1,1,1,1,2
1.642,1,642,ji~\,ji,ji,जि,CV,2,1,1.5,CV1,yes,100,5666,16,21,3
1.643,1,643,jIva~,jIv,jīv,जीव्,CVC,3,1,3.0,CV2C,yes,48,2504,7,16,1
1.644,1,644,pIva~,pIv,pīv,पीव्,CVC,3,1,3.0,CV2C,no,0,0,0,0,1
1.645,1,645,mIva~,mIv,mīv,मीव्,CVC,3,1,3.0,CV2C,yes,3,5,2,3,1
1.646,1,646,tIva~,tIv,tīv,तीव्,CVC,3,1,3.0,CV2C,no,0,0,0,0,1
1.647,1,647,RIva~,RIv,ṇīv,णीव्,CVC,3,1,3.0,CV2C,no,0,0,0,0,1
1.648,1,648,kzivu~,kziv,kṣiv,क्षिव्,CCVC,4,1,2.5,CCV1C,no,0,0,0,0,1
1.649,1,649,kzevu~,kzev,kṣev,क्षेव्,CCVC,4,1,3.5,CCV2C,no,0,0,0,0,1
1.650,1,650,urvI~,urvI,urvī,उर्वी,VCCV,4,2,4.0,V1CCV2,no,0,0,0,0,1
1.651,1,651,turvI,turvI,turvī,तुर्वी,CVCCV,5,2,4.5,CV1CCV2,no,0,0,0,0,1
1.652,1,652,TurvI,TurvI,thurvī,थुर्वी,CVCCV,5,2,4.5,CV1CCV2,no,0,0,0,0,1
1.653,1,653,durvI~,durvI,durvī,दुर्वी,CVCCV,5,2,4.5,CV1CCV2,no,0,0,0,0,1
1.654,1,654,DurvI~,DurvI,dhurvī,धुर्वी,CVCCV,5,2,4.5,CV1CCV2,no,0,0,0,0,1
1.655,1,655,gurvI~,gurvI,gurvī,गुर्वी,CVCCV,5,2,4.5,CV1CCV2,no,0,0,0,0,1
1.656,1,656,murvI~,murvI,murvī,मुर्वी,CVCCV,5,2,4.5,CV1CCV2,no,0,0,0,0,1
1.657,1,657,purva~,purv,purv,पुर्व्,CVCC,4,1,2.5,CV1CC,no,0,0,0,0,1
1.658,1,658,parva~,parv,parv,पर्व्,CVCC,4,1,2.5,CV1CC,no,0,0,0,0,1
1.659,1,659,marva~,marv,marv,मर्व्,CVCC,4,1,2.5,CV1CC,no,0,0,0,0,1
1.660,1,660,carva~,carv,carv,चर्व्,CVCC,4,1,2.5,CV1CC,yes,7,160,4,4,1
1.661,1,661,Barva~,Barv,bharv,भर्व्,CVCC,4,1,2.5,CV1CC,yes,2,3,1,2,1
1.664,1,664,karva~,karv,karv,कर्व्,CVCC,4,1,2.5,CV1CC,no,0,0,0,0,1
1.665,1,665,Karva~,Karv,kharv,खर्व्,CVCC,4,1,2.5,CV1CC,no,0,0,0,0,1
1.666,1,666,garva~,garv,garv,गर्व्,CVCC,4,1,2.5,CV1CC,yes,1,1,1,1,2
1.667,1,667,arva~,arv,arv,अर्व्,VCC,3,1,2.0,V1CC,no,0,0,0,0,1
1.668,1,668,Sarva~,Sarv,śarv,शर्व्,CVCC,4,1,2.5,CV1CC,no,0,0,0,0,1
1.669,1,669,zarva~,zarv,ṣarv,षर्व्,CVCC,4,1,2.5,CV1CC,no,0,0,0,0,1
1.670,1,670,ivi~,iv,iv,इव्,VC,2,1,1.5,V1C,no,0,0,0,0,1
1.671,1,671,pivi~,piv,piv,पिव्,CVC,3,1,2.0,CV1C,no,0,0,0,0,1
1.672,1,672,mivi~,miv,miv,मिव्,CVC,3,1,2.0,CV1C,no,0,0,0,0,1
1.673,1,673,Rivi~,Riv,ṇiv,णिव्,CVC,3,1,2.0,CV1C,no,0,0,0,0,1
1.674,1,674,zivi~,ziv,ṣiv,षिव्,CVC,3,1,2.0,CV1C,no,0,0,0,0,2
1.675,1,675,hivi~,hiv,hiv,हिव्,CVC,3,1,2.0,CV1C,no,0,0,0,0,1
1.676,1,676,divi~,div,div,दिव्,CVC,3,1,2.0,CV1C,yes,2,2,1,2,3
1.677,1,677,Divi~,Div,dhiv,धिव्,CVC,3,1,2.0,CV1C,no,0,0,0,0,1
1.678,1,678,jivi~,jiv,jiv,जिव्,CVC,3,1,2.0,CV1C,no,0,0,0,0,1
1.679,1,679,rivi~,riv,riv,रिव्,CVC,3,1,2.0,CV1C,no,0,0,0,0,1
1.680,1,680,ravi~,rav,rav,रव्,CVC,3,1,2.0,CV1C,no,0,0,0,0,1
1.681,1,681,Davi~,Dav,dhav,धव्,CVC,3,1,2.0,CV1C,yes,3,4,2,3,1
1.682,1,682,kfvi~,kfv,kṛv,कृव्,CVC,3,1,2.0,CV1C,no,0,0,0,0,1
1.683,1,683,mava~,mav,mav,मव्,CVC,3,1,2.0,CV1C,no,0,0,0,0,1
1.684,1,684,ava~,av,av,अव्,VC,2,1,1.5,V1C,yes,16,869,3,14,1
1.685,1,685,DAvu~^,DAv,dhāv,धाव्,CVC,3,1,3.0,CV2C,yes,96,1549,31,13,1
1.686,1,686,Dukza~\,Dukz,dhukṣ,धुक्ष्,CVCC,4,1,2.5,CV1CC,yes,6,13,2,5,1
1.687,1,687,Dikza~\,Dikz,dhikṣ,धिक्ष्,CVCC,4,1,2.5,CV1CC,no,0,0,0,0,1
1.688,1,688,vfkza~\,vfkz,vṛkṣ,वृक्ष्,CVCC,4,1,2.5,CV1CC,no,0,0,0,0,1
1.689,1,689,Sikza~\,Sikz,śikṣ,शिक्ष्,CVCC,4,1,2.5,CV1CC,yes,26,378,4,13,1
1.690,1,690,Bikza~\,Bikz,bhikṣ,भिक्ष्,CVCC,4,1,2.5,CV1CC,yes,11,104,2,10,1
1.691,1,691,kleSa~\,kleS,kleś,क्लेश्,CCVC,4,1,3.5,CCV2C,no,0,0,0,0,1
1.692,1,692,dakza~\,dakz,dakṣ,दक्ष्,CVCC,4,1,2.5,CV1CC,yes,4,8,1,4,2
1.693,1,693,dIkza~\,dIkz,dīkṣ,दीक्ष्,CVCC,4,1,3.5,CV2CC,yes,18,879,6,10,1
1.694,1,694,Ikza~\,Ikz,īkṣ,ईक्ष्,VCC,3,1,3.0,V2CC,yes,47,1333,6,15,1
1.695,1,695,Iza~\,Iz,īṣ,ईष्,VC,2,1,2.5,V2C,yes,7,33,3,5,2
1.696,1,696,BAza~\,BAz,bhāṣ,भाष्,CVC,3,1,3.0,CV2C,yes,95,2471,20,15,1
1.697,1,697,varza~\,varz,varṣ,वर्ष्,CVCC,4,1,2.5,CV1CC,no,0,0,0,0,1
1.698,1,698,gezf~\,gezf,geṣṛ,गेषृ,CVCV,4,2,4.0,CV2CV1,no,0,0,0,0,1
1.699,1,699,glezf~,glezf,gleṣṛ,ग्लेषृ,CCVCV,5,2,4.5,CCV2CV1,no,0,0,0,0,1
1.700,1,700,pezf~\,pezf,peṣṛ,पेषृ,CVCV,4,2,4.0,CV2CV1,no,0,0,0,0,1
1.701,1,701,ezf~\,ezf,eṣṛ,एषृ,VCV,3,2,3.5,V2CV1,no,0,0,0,0,2
1.702,1,702,yezf~\,yezf,yeṣṛ,येषृ,CVCV,4,2,4.0,CV2CV1,no,0,0,0,0,1
1.703,1,703,jezf~\,jezf,jeṣṛ,जेषृ,CVCV,4,2,4.0,CV2CV1,no,0,0,0,0,1
1.704,1,704,Rezf~\,Rezf,ṇeṣṛ,णेषृ,CVCV,4,2,4.0,CV2CV1,no,0,0,0,0,1
1.705,1,705,ezf~\,ezf,eṣṛ,एषृ,VCV,3,2,3.5,V2CV1,no,0,0,0,0,2
1.706,1,706,prezf~\,prezf,preṣṛ,प्रेषृ,CCVCV,5,2,4.5,CCV2CV1,no,0,0,0,0,1
1.707,1,707,rezf~\,rezf,reṣṛ,रेषृ,CVCV,4,2,4.0,CV2CV1,no,0,0,0,0,1
1.708,1,708,hezf~\,hezf,heṣṛ,हेषृ,CVCV,4,2,4.0,CV2CV1,no,0,0,0,0,1
1.709,1,709,hrezf~\,hrezf,hreṣṛ,ह्रेषृ,CCVCV,5,2,4.5,CCV2CV1,no,0,0,0,0,1
1.710,1,710,kAsf~\,kAsf,kāsṛ,कासृ,CVCV,4,2,4.0,CV2CV1,no,0,0,0,0,1
1.711,1,711,BAsf~\,BAsf,bhāsṛ,भासृ,CVCV,4,2,4.0,CV2CV1,no,0,0,0,0,1
1.712,1,712,RAsf~\,RAsf,ṇāsṛ,णासृ,CVCV,4,2,4.0,CV2CV1,no,0,0,0,0,1
1.713,1,713,rAsf~\,rAsf,rāsṛ,रासृ,CVCV,4,2,4.0,CV2CV1,no,0,0,0,0,1
1.714,1,714,Rasa~\,Ras,ṇas,णस्,CVC,3,1,2.0,CV1C,no,0,0,0,0,1
1.715,1,715,Byasa~\,Byas,bhyas,भ्यस्,CCVC,4,1,2.5,CCV1C,yes,1,1,1,1,1
1.716,1,716,ANaH\,ANaH,āṅaḥ,आङः्,VCVC,4,2,4.0,V2CV1C,no,0,0,0,0,4
1.717,1,717,grasu~\,gras,gras,ग्रस्,CCVC,4,1,2.5,CCV1C,yes,19,525,6,14,2
1.718,1,718,glasu~\,glas,glas,ग्लस्,CCVC,4,1,2.5,CCV1C,no,0,0,0,0,1
1.719,1,719,Iha~\,Ih,īh,ईह्,VC,2,1,2.5,V2C,yes,13,141,2,7,1
1.720,1,720,bahi~\,bah,bah,बह्,CVC,3,1,2.0,CV1C,no,0,0,0,0,1
1.721,1,721,mahi~\,mah,mah,मह्,CVC,3,1,2.0,CV1C,yes,11,64,3,9,4
1.722,1,722,ahi~\,ah,ah,अह्,VC,2,1,1.5,V1C,yes,5,9590,5,1,3
1.723,1,723,garha~\,garh,garh,गर्ह्,CVCC,4,1,2.5,CV1CC,yes,20,310,4,10,2
1.724,1,724,galha~\,galh,galh,गल्ह्,CVCC,4,1,2.5,CV1CC,no,0,0,0,0,1
1.725,1,725,barha~\,barh,barh,बर्ह्,CVCC,4,1,2.5,CV1CC,no,0,0,0,0,3
1.726,1,726,balha~\,balh,balh,बल्ह्,CVCC,4,1,2.5,CV1CC,no,0,0,0,0,2
1.727,1,727,varha~\,varh,varh,वर्ह्,CVCC,4,1,2.5,CV1CC,no,0,0,0,0,1
1.728,1,728,valha~\,valh,valh,वल्ह्,CVCC,4,1,2.5,CV1CC,yes,2,3,2,2,1
1.729,1,729,pliha~\,plih,plih,प्लिह्,CCVC,4,1,2.5,CCV1C,no,0,0,0,0,1
1.730,1,730,vehf~\,vehf,vehṛ,वेहृ,CVCV,4,2,4.0,CV2CV1,no,0,0,0,0,1
1.731,1,731,jehf~\,jehf,jehṛ,जेहृ,CVCV,4,2,4.0,CV2CV1,no,0,0,0,0,1
1.732,1,732,bAhf~\,bAhf,bāhṛ,बाहृ,CVCV,4,2,4.0,CV2CV1,no,0,0,0,0,1
1.733,1,733,drAhf~\,drAhf,drāhṛ,द्राहृ,CCVCV,5,2,4.5,CCV2CV1,no,0,0,0,0,1
1.734,1,734,kASf~\,kASf,kāśṛ,काशृ,CVCV,4,2,4.0,CV2CV1,no,0,0,0,0,2
1.735,1,735,Uha~\,Uh,ūh,ऊह्,VC,2,1,2.5,V2C,yes,62,683,12,13,1
1.736,1,736,gAhU~\,gAhU,gāhū,गाहू,CVCV,4,2,5.0,CV2CV2,no,0,0,0,0,1
1.737,1,737,gfhU~\,gfhU,gṛhū,गृहू,CVCV,4,2,4.0,CV1CV2,no,0,0,0,0,1
1.738,1,738,glaha~\,glah,glah,ग्लह्,CCVC,4,1,2.5,CCV1C,yes,3,9,1,3,1
1.739,1,739,Guzi~\,Guz,ghuṣ,घुष्,CVC,3,1,2.0,CV1C,yes,27,112,14,12,1
1.740,1,740,Gaza~\,Gaz,ghaṣ,घष्,CVC,3,1,2.0,CV1C,no,0,0,0,0,1
1.741,1,741,Guzi~r,Guzir,ghuṣir,घुषिर्,CVCVC,5,2,3.5,CV1CV1C,no,0,0,0,0,2
1.742,1,742,akzU~,akzU,akṣū,अक्षू,VCCV,4,2,4.0,V1CCV2,no,0,0,0,0,1
1.743,1,743,takzU~,takzU,takṣū,तक्षू,CVCCV,5,2,4.5,CV1CCV2,no,0,0,0,0,1
1.744,1,744,tvakzU~,tvakzU,tvakṣū,त्वक्षू,CCVCCV,6,2,5.0,CCV1CCV2,no,0,0,0,0,1
1.745,1,745,ukza~,ukz,ukṣ,उक्ष्,VCC,3,1,2.0,V1CC,yes,21,395,7,7,1
1.746,1,746,rakza~,rakz,rakṣ,रक्ष्,CVCC,4,1,2.5,CV1CC,yes,61,2376,10,18,1
1.747,1,747,Rikza~,Rikz,ṇikṣ,णिक्ष्,CVCC,4,1,2.5,CV1CC,yes,1,1,1,1,1
1.748,1,748,trakza~,trakz,trakṣ,त्रक्ष्,CCVCC,5,1,3.0,CCV1CC,no,0,0,0,0,1
1.749,1,749,zwrakza~,zwrakz,ṣṭrakṣ,ष्ट्रक्ष्,CCCVCC,6,1,3.5,CCCV1CC,no,0,0,0,0,1
1.750,1,750,tfkza~,tfkz,tṛkṣ,तृक्ष्,CVCC,4,1,2.5,CV1CC,no,0,0,0,0,1
1.751,1,751,zwfkza~,zwfkz,ṣṭṛkṣ,ष्टृक्ष्,CCVCC,5,1,3.0,CCV1CC,no,0,0,0,0,1
1.752,1,752,Rakza~,Rakz,ṇakṣ,णक्ष्,CVCC,4,1,2.5,CV1CC,no,0,0,0,0,1
1.753,1,753,vakza~,vakz,vakṣ,वक्ष्,CVCC,4,1,2.5,CV1CC,yes,5,47,3,3,1
1.754,1,754,mfkza~,mfkz,mṛkṣ,मृक्ष्,CVCC,4,1,2.5,CV1CC,yes,1,1,1,1,1
1.755,1,755,mrakza~,mrakz,mrakṣ,म्रक्ष्,CCVCC,5,1,3.0,CCV1CC,no,0,0,0,0,3
1.756,1,756,takza~,takz,takṣ,तक्ष्,CVCC,4,1,2.5,CV1CC,yes,18,175,6,10,1
1.757,1,757,pakza~,pakz,pakṣ,पक्ष्,CVCC,4,1,2.5,CV1CC,yes,1,1,1,1,2
1.758,1,758,sUrkza~,sUrkz,sūrkṣ,सूर्क्ष्,CVCCC,5,1,4.0,CV2CCC,yes,5,13,1,5,1
1.759,1,759,zarkza~,zarkz,ṣarkṣ,षर्क्ष्,CVCCC,5,1,3.0,CV1CCC,no,0,0,0,0,1
1.760,1,760,kAkzi~,kAkz,kākṣ,काक्ष्,CVCC,4,1,3.5,CV2CC,no,0,0,0,0,1
1.761,1,761,vAkzi~,vAkz,vākṣ,वाक्ष्,CVCC,4,1,3.5,CV2CC,no,0,0,0,0,1
1.762,1,762,mAkzi~,mAkz,mākṣ,माक्ष्,CVCC,4,1,3.5,CV2CC,no,0,0,0,0,1
1.763,1,763,drAkzi~,drAkz,drākṣ,द्राक्ष्,CCVCC,5,1,4.0,CCV2CC,no,0,0,0,0,1
1.764,1,764,DrAkzi~,DrAkz,dhrākṣ,ध्राक्ष्,CCVCC,5,1,4.0,CCV2CC,no,0,0,0,0,1
1.765,1,765,DvAkzi~,DvAkz,dhvākṣ,ध्वाक्ष्,CCVCC,5,1,4.0,CCV2CC,no,0,0,0,0,1
1.767,1,767,cUza~,cUz,cūṣ,चूष्,CVC,3,1,3.0,CV2C,yes,8,26,3,5,1
1.768,1,768,tUza~,tUz,tūṣ,तूष्,CVC,3,1,3.0,CV2C,no,0,0,0,0,1
1.769,1,769,pUza~,pUz,pūṣ,पूष्,CVC,3,1,3.0,CV2C,no,0,0,0,0,1
1.770,1,770,mUza~,mUz,mūṣ,मूष्,CVC,3,1,3.0,CV2C,no,0,0,0,0,1
1.771,1,771,lUza~,lUz,lūṣ,लूष्,CVC,3,1,3.0,CV2C,no,0,0,0,0,2
1.772,1,772,rUza~,rUz,rūṣ,रूष्,CVC,3,1,3.0,CV2C,no,0,0,0,0,1
1.773,1,773,SUza~,SUz,śūṣ,शूष्,CVC,3,1,3.0,CV2C,no,0,0,0,0,1
1.775,1,775,yUza~,yUz,yūṣ,यूष्,CVC,3,1,3.0,CV2C,no,0,0,0,0,1
1.776,1,776,jUza~,jUz,jūṣ,जूष्,CVC,3,1,3.0,CV2C,no,0,0,0,0,1
1.777,1,777,BUza~,BUz,bhūṣ,भूष्,CVC,3,1,3.0,CV2C,yes,21,69,6,8,2
1.778,1,778,tasi~,tas,tas,तस्,CVC,3,1,2.0,CV1C,no,0,0,0,0,3
1.779,1,779,Uza~,Uz,ūṣ,ऊष्,VC,2,1,2.5,V2C,no,0,0,0,0,1
1.780,1,780,Iza~,Iz,īṣ,ईष्,VC,2,1,2.5,V2C,yes,7,33,3,5,2
1.781,1,781,kaza~,kaz,kaṣ,कष्,CVC,3,1,2.0,CV1C,yes,8,18,4,6,1
1.782,1,782,Kaza~,Kaz,khaṣ,खष्,CVC,3,1,2.0,CV1C,no,0,0,0,0,1
1.783,1,783,Siza~,Siz,śiṣ,शिष्,CVC,3,1,2.0,CV1C,yes,47,1286,10,13,2
1.784,1,784,jaza~,jaz,jaṣ,जष्,CVC,3,1,2.0,CV1C,no,0,0,0,0,1
1.785,1,785,Jaza~,Jaz,jhaṣ,झष्,CVC,3,1,2.0,CV1C,no,0,0,0,0,2
1.786,1,786,Saza~,Saz,śaṣ,शष्,CVC,3,1,2.0,CV1C,no,0,0,0,0,1
1.787,1,787,vaza~,vaz,vaṣ,वष्,CVC,3,1,2.0,CV1C,no,0,0,0,0,1
1.788,1,788,maza~,maz,maṣ,मष्,CVC,3,1,2.0,CV1C,no,0,0,0,0,1
1.789,1,789,ruza~,ruz,ruṣ,रुष्,CVC,3,1,2.0,CV1C,yes,5,103,2,4,3
1.790,1,790,riza~,riz,riṣ,रिष्,CVC,3,1,2.0,CV1C,yes,19,302,4,13,2
1.791,1,791,Baza~,Baz,bhaṣ,भष्,CVC,3,1,2.0,CV1C,yes,7,16,3,5,1
1.792,1,792,uza~,uz,uṣ,उष्,VC,2,1,1.5,V1C,yes,13,102,4,9,1
1.793,1,793,jizu~,jiz,jiṣ,जिष्,CVC,3,1,2.0,CV1C,no,0,0,0,0,1
1.794,1,794,vizu~,viz,viṣ,विष्,CVC,3,1,2.0,CV1C,yes,17,93,4,14,2
1.795,1,795,mizu~,miz,miṣ,मिष्,CVC,3,1,2.0,CV1C,yes,5,111,2,3,2
1.796,1,796,Rizu~,Riz,ṇiṣ,णिष्,CVC,3,1,2.0,CV1C,no,0,0,0,0,1
1.797,1,797,puza~,puz,puṣ,पुष्,CVC,3,1,2.0,CV1C,yes,19,452,6,14,4
1.798,1,798,Srizu~,Sriz,śriṣ,श्रिष्,CCVC,4,1,2.5,CCV1C,yes,3,3,2,2,1
1.799,1,799,Slizu~,Sliz,śliṣ,श्लिष्,CCVC,4,1,2.5,CCV1C,yes,30,278,9,9,3
1.800,1,800,pruzu~,pruz,pruṣ,प्रुष्,CCVC,4,1,2.5,CCV1C,yes,5,15,2,4,2
1.801,1,801,pluzu~,pluz,pluṣ,प्लुष्,CCVC,4,1,2.5,CCV1C,yes,4,23,3,2,4
1.802,1,802,pfzu~,pfz,pṛṣ,पृष्,CVC,3,1,2.0,CV1C,no,0,0,0,0,1
1.803,1,803,vfzu~,vfz,vṛṣ,वृष्,CVC,3,1,2.0,CV1C,yes,37,807,12,11,2
1.804,1,804,mfzu~,mfz,mṛṣ,मृष्,CVC,3,1,2.0,CV1C,yes,22,165,6,11,3
1.805,1,805,Gfzu~,Gfz,ghṛṣ,घृष्,CVC,3,1,2.0,CV1C,yes,22,217,10,6,1
1.806,1,806,hfzu~,hfz,hṛṣ,हृष्,CVC,3,1,2.0,CV1C,yes,38,1950,10,12,2
1.807,1,807,tusa~,tus,tus,तुस्,CVC,3,1,2.0,CV1C,no,0,0,0,0,1
1.808,1,808,hrasa~,hras,hras,ह्रस्,CCVC,4,1,2.5,CCV1C,yes,3,28,1,3,1
1.809,1,809,hlasa~,hlas,hlas,ह्लस्,CCVC,4,1,2.5,CCV1C,no,0,0,0,0,1
1.810,1,810,rasa~,ras,ras,रस्,CVC,3,1,2.0,CV1C,yes,10,53,3,8,2
1.811,1,811,lasa~,las,las,लस्,CVC,3,1,2.0,CV1C,yes,8,147,3,4,2
1.812,1,812,Gasx~,Gasx,ghasḷ,घसॢ,CVCV,4,2,3.0,CV1CV1,no,0,0,0,0,1
1.813,1,813,jartsa~,jarts,jarts,जर्त्स्,CVCCC,5,1,3.0,CV1CCC,no,0,0,0,0,1
1.814,1,814,carca~,carc,carc,चर्च्,CVCC,4,1,2.5,CV1CC,no,0,0,0,0,3
1.815,1,815,Jartsa~,Jarts,jharts,झर्त्स्,CVCCC,5,1,3.0,CV1CCC,no,0,0,0,0,1
1.816,1,816,pisf~,pisf,pisṛ,पिसृ,CVCV,4,2,3.0,CV1CV1,no,0,0,0,0,1
1.817,1,817,pesf~,pesf,pesṛ,पेसृ,CVCV,4,2,4.0,CV2CV1,no,0,0,0,0,1
1.818,1,818,visa~,vis,vis,विस्,CVC,3,1,2.0,CV1C,no,0,0,0,0,2
1.819,1,819,vesa~,ves,ves,वेस्,CVC,3,1,3.0,CV2C,no,0,0,0,0,1
1.820,1,820,bisa~,bis,bis,बिस्,CVC,3,1,2.0,CV1C,no,0,0,0,0,1
1.821,1,821,besa~,bes,bes,बेस्,CVC,3,1,3.0,CV2C,no,0,0,0,0,1
1.822,1,822,hase~,hase,hase,हसे,CVCV,4,2,4.0,CV1CV2,no,0,0,0,0,1
1.823,1,823,RiSa~,RiS,ṇiś,णिश्,CVC,3,1,2.0,CV1C,no,0,0,0,0,1
1.824,1,824,miSa~,miS,miś,मिश्,CVC,3,1,2.0,CV1C,no,0,0,0,0,1
1.825,1,825,maSa~,maS,maś,मश्,CVC,3,1,2.0,CV1C,no,0,0,0,0,1
1.826,1,826,Sava~,Sav,śav,शव्,CVC,3,1,2.0,CV1C,no,0,0,0,0,1
1.827,1,827,SaSa~,SaS,śaś,शश्,CVC,3,1,2.0,CV1C,no,0,0,0,0,1
1.828,1,828,Sasu~,Sas,śas,शस्,CVC,3,1,2.0,CV1C,yes,10,19,2,8,1
1.829,1,829,SaMsu~,SaMs,śaṃs,शं्स्,CVCC,4,1,2.5,CV1CC,yes,85,3408,20,17,1
1.830,1,830,caha~,cah,cah,चह्,CVC,3,1,2.0,CV1C,no,0,0,0,0,3
1.831,1,831,maha~,mah,mah,मह्,CVC,3,1,2.0,CV1C,yes,11,64,3,9,4
1.832,1,832,raha~,rah,rah,रह्,CVC,3,1,2.0,CV1C,yes,4,49,2,2,5
1.833,1,833,rahi~,rah,rah,रह्,CVC,3,1,2.0,CV1C,yes,4,49,2,2,5
1.834,1,834,dfha~,dfh,dṛh,दृह्,CVC,3,1,2.0,CV1C,yes,11,279,3,9,2
1.835,1,835,dfhi~,dfh,dṛh,दृह्,CVC,3,1,2.0,CV1C,yes,11,279,3,9,2
1.836,1,836,bfha~,bfh,bṛh,बृह्,CVC,3,1,2.0,CV1C,no,0,0,0,0,3
1.837,1,837,bfhi~,bfh,bṛh,बृह्,CVC,3,1,2.0,CV1C,no,0,0,0,0,3
1.838,1,838,tuhi~r,tuhir,tuhir,तुहिर्,CVCVC,5,2,3.5,CV1CV1C,no,0,0,0,0,1
1.839,1,839,duhi~r,duhir,duhir,दुहिर्,CVCVC,5,2,3.5,CV1CV1C,no,0,0,0,0,1
1.840,1,840,uhi~r,uhir,uhir,उहिर्,VCVC,4,2,3.0,V1CV1C,no,0,0,0,0,1
1.841,1,841,arha~,arh,arh,अर्ह्,VCC,3,1,2.0,V1CC,yes,11,2382,2,9,3
1.842,1,842,dyuta~\,dyut,dyut,द्युत्,CCVC,4,1,2.5,CCV1C,yes,15,129,5,8,1
1.843,1,843,SvitA~,SvitA,śvitā,श्विता,CCVCV,5,2,4.5,CCV1CV2,no,0,0,0,0,1
1.844,1,844,YimidA~\,midA,midā,मिदा,CVCV,4,2,4.0,CV1CV2,no,0,0,0,0,2
1.845,1,845,YizvidA~\,zvidA,ṣvidā,ष्विदा,CCVCV,5,2,4.5,CCV1CV2,no,0,0,0,0,2
1.846,1,846,YikzvidA~,kzvidA,kṣvidā,क्ष्विदा,CCCVCV,6,2,5.0,CCCV1CV2,no,0,0,0,0,3
1.847,1,847,ruca~\,ruc,ruc,रुच्,CVC,3,1,2.0,CV1C,yes,30,659,9,13,1
1.848,1,848,Guwa~\,Guw,ghuṭ,घुट्,CVC,3,1,2.0,CV1C,no,0,0,0,0,2
1.849,1,849,ruwa~\,ruw,ruṭ,रुट्,CVC,3,1,2.0,CV1C,no,0,0,0,0,4
1.850,1,850,luwa~\,luw,luṭ,लुट्,CVC,3,1,2.0,CV1C,no,0,0,0,0,6
1.851,1,851,luWa~\,luW,luṭh,लुठ्,CVC,3,1,2.0,CV1C,yes,6,28,3,5,6
1.852,1,852,uWa~\,uW,uṭh,उठ्,VC,2,1,1.5,V1C,no,0,0,0,0,2
1.853,1,853,SuBa~\,SuB,śubh,शुभ्,CVC,3,1,2.0,CV1C,yes,15,557,6,10,3
1.854,1,854,kzuBa~\,kzuB,kṣubh,क्षुभ्,CCVC,4,1,2.5,CCV1C,yes,24,290,6,9,3
1.855,1,855,RaBa~\,RaB,ṇabh,णभ्,CVC,3,1,2.0,CV1C,no,0,0,0,0,3
1.856,1,856,tuBa~\,tuB,tubh,तुभ्,CVC,3,1,2.0,CV1C,no,0,0,0,0,3
1.857,1,857,sraMsu~\,sraMs,sraṃs,स्रं्स्,CCVCC,5,1,3.0,CCV1CC,yes,22,252,6,11,1
1.858,1,858,DvaMsu~\,DvaMs,dhvaṃs,ध्वं्स्,CCVCC,5,1,3.0,CCV1CC,yes,28,288,16,8,1
1.859,1,859,BraMsu~\,BraMs,bhraṃs,भ्रं्स्,CCVCC,5,1,3.0,CCV1CC,no,0,0,0,0,1
1.860,1,860,BraMSu~,BraMS,bhraṃś,भ्रं्श्,CCVCC,5,1,3.0,CCV1CC,yes,30,520,8,10,2
1.861,1,861,sramBu~\,sramB,srambh,स्रम्भ्,CCVCC,5,1,3.0,CCV1CC,yes,4,37,2,3,2
1.862,1,862,vftu~\,vft,vṛt,वृत्,CVC,3,1,2.0,CV1C,yes,293,8572,60,20,3
1.863,1,863,vfDu~\,vfD,vṛdh,वृध्,CVC,3,1,2.0,CV1C,yes,59,2321,15,18,2
1.864,1,864,SfDu~\,SfD,śṛdh,शृध्,CVC,3,1,2.0,CV1C,yes,3,23,1,3,3
1.865,1,865,syandU~\,syandU,syandū,स्यन्दू,CCVCCV,6,2,5.0,CCV1CCV2,no,0,0,0,0,1
1.866,1,866,kfpU~\,kfpU,kṛpū,कृपू,CVCV,4,2,4.0,CV1CV2,no,0,0,0,0,1
1.867,1,867,Gawa~\,Gaw,ghaṭ,घट्,CVC,3,1,2.0,CV1C,yes,18,134,6,12,4
1.868,1,868,vyaTa~\,vyaT,vyath,व्यथ्,CCVC,4,1,2.5,CCV1C,yes,19,426,4,12,1
1.869,1,869,praTa~\,praT,prath,प्रथ्,CCVC,4,1,2.5,CCV1C,yes,14,370,4,9,2
1.870,1,870,prasa~\,pras,pras,प्रस्,CCVC,4,1,2.5,CCV1C,no,0,0,0,0,1
1.871,1,871,mrada~\,mrad,mrad,म्रद्,CCVC,4,1,2.5,CCV1C,yes,2,2,2,2,1
1.872,1,872,sKada~\,sKad,skhad,स्खद्,CCVC,4,1,2.5,CCV1C,no,0,0,0,0,1
1.873,1,873,kzaji~\,kzaj,kṣaj,क्षज्,CCVC,4,1,2.5,CCV1C,no,0,0,0,0,2
1.874,1,874,dakza~\,dakz,dakṣ,दक्ष्,CVCC,4,1,2.5,CV1CC,yes,4,8,1,4,2
1.875,1,875,kfpa~\,kfp,kṛp,कृप्,CVC,3,1,2.0,CV1C,yes,6,14,1,6,2
1.876,1,876,krapa~\,krap,krap,क्रप्,CCVC,4,1,2.5,CCV1C,no,0,0,0,0,1
1.877,1,877,kapa~\,kap,kap,कप्,CVC,3,1,2.0,CV1C,no,0,0,0,0,2
1.878,1,878,kadi~\,kad,kad,कद्,CVC,3,1,2.0,CV1C,no,0,0,0,0,3
1.879,1,879,kradi~\,krad,krad,क्रद्,CCVC,4,1,2.5,CCV1C,no,0,0,0,0,3
1.880,1,880,kladi~\,klad,klad,क्लद्,CCVC,4,1,2.5,CCV1C,no,0,0,0,0,3
1.881,1,881,kada~\,kad,kad,कद्,CVC,3,1,2.0,CV1C,no,0,0,0,0,3
1.882,1,882,krada~\,krad,krad,क्रद्,CCVC,4,1,2.5,CCV1C,no,0,0,0,0,3
1.883,1,883,klada~\,klad,klad,क्लद्,CCVC,4,1,2.5,CCV1C,no,0,0,0,0,3
1.884,1,884,YitvarA~\,tvarA,tvarā,त्वरा,CCVCV,5,2,4.5,CCV1CV2,no,0,0,0,0,1
1.885,1,885,jvara~,jvar,jvar,ज्वर्,CCVC,4,1,2.5,CCV1C,yes,9,23,2,6,1
1.886,1,886,gaqa~,gaq,gaḍ,गड्,CVC,3,1,2.0,CV1C,no,0,0,0,0,3
1.887,1,887,heqa~,heq,heḍ,हेड्,CVC,3,1,3.0,CV2C,no,0,0,0,0,1
1.888,1,888,vawa~,vaw,vaṭ,वट्,CVC,3,1,2.0,CV1C,no,0,0,0,0,7
1.889,1,889,Bawa~,Baw,bhaṭ,भट्,CVC,3,1,2.0,CV1C,no,0,0,0,0,2
1.890,1,890,Rawa~,Raw,ṇaṭ,णट्,CVC,3,1,2.0,CV1C,no,0,0,0,0,2
1.891,1,891,zwaka~,zwak,ṣṭak,ष्टक्,CCVC,4,1,2.5,CCV1C,no,0,0,0,0,1
1.892,1,892,caka~,cak,cak,चक्,CVC,3,1,2.0,CV1C,yes,1,48,1,1,2
1.893,1,893,kaKe~,kaKe,kakhe,कखे,CVCV,4,2,4.0,CV1CV2,no,0,0,0,0,1
1.894,1,894,rage~,rage,rage,रगे,CVCV,4,2,4.0,CV1CV2,no,0,0,0,0,1
1.895,1,895,lage~,lage,lage,लगे,CVCV,4,2,4.0,CV1CV2,no,0,0,0,0,1
1.896,1,896,hrage~,hrage,hrage,ह्रगे,CCVCV,5,2,4.5,CCV1CV2,no,0,0,0,0,1
1.897,1,897,hlage~,hlage,hlage,ह्लगे,CCVCV,5,2,4.5,CCV1CV2,no,0,0,0,0,1
1.898,1,898,zage~,zage,ṣage,षगे,CVCV,4,2,4.0,CV1CV2,no,0,0,0,0,1
1.899,1,899,zWage~,zWage,ṣṭhage,ष्ठगे,CCVCV,5,2,4.5,CCV1CV2,no,0,0,0,0,1
1.900,1,900,kage~,kage,kage,कगे,CVCV,4,2,4.0,CV1CV2,no,0,0,0,0,1
1.901,1,901,aka~,ak,ak,अक्,VC,2,1,1.5,V1C,no,0,0,0,0,2
1.902,1,902,aga~,ag,ag,अग्,VC,2,1,1.5,V1C,no,0,0,0,0,2
1.903,1,903,kaRa~,kaR,kaṇ,कण्,CVC,3,1,2.0,CV1C,yes,2,3,1,2,3
1.904,1,904,raRa~,raR,raṇ,रण्,CVC,3,1,2.0,CV1C,yes,5,30,1,5,3
1.905,1,905,caRa~,caR,caṇ,चण्,CVC,3,1,2.0,CV1C,no,0,0,0,0,1
1.906,1,906,SaRa~,SaR,śaṇ,शण्,CVC,3,1,2.0,CV1C,no,0,0,0,0,1
1.907,1,907,SraRa~,SraR,śraṇ,श्रण्,CCVC,4,1,2.5,CCV1C,no,0,0,0,0,2
1.908,1,908,SraTa~,SraT,śrath,श्रथ्,CCVC,4,1,2.5,CCV1C,yes,7,20,2,6,5
1.909,1,909,SnaTa~,SnaT,śnath,श्नथ्,CCVC,4,1,2.5,CCV1C,yes,7,21,1,7,1
1.910,1,910,SlaTa~,SlaT,ślath,श्लथ्,CCVC,4,1,2.5,CCV1C,yes,1,2,1,1,1
1.911,1,911,knaTa~,knaT,knath,क्नथ्,CCVC,4,1,2.5,CCV1C,no,0,0,0,0,1
1.912,1,912,kraTa~,kraT,krath,क्रथ्,CCVC,4,1,2.5,CCV1C,no,0,0,0,0,1
1.913,1,913,klaTa~,klaT,klath,क्लथ्,CCVC,4,1,2.5,CCV1C,no,0,0,0,0,1
1.914,1,914,cana~,can,can,चन्,CVC,3,1,2.0,CV1C,yes,1,2,1,1,2
1.915,1,915,vanu~,van,van,वन्,CVC,3,1,2.0,CV1C,yes,17,230,4,16,5
1.916,1,916,jvala~,jval,jval,ज्वल्,CCVC,4,1,2.5,CCV1C,yes,32,1079,11,10,3
1.917,1,917,hvala~,hval,hval,ह्वल्,CCVC,4,1,2.5,CCV1C,yes,4,38,2,3,2
1.918,1,918,hmala~,hmal,hmal,ह्मल्,CCVC,4,1,2.5,CCV1C,no,0,0,0,0,2
1.919,1,919,smf,smf,smṛ,स्मृ,CCV,3,1,2.0,CCV1,yes,65,4689,12,14,3
1.920,1,920,dF,dF,dṝ,दॄ,CV,2,1,2.5,CV2,no,0,0,0,0,3
1.921,1,921,nF,nF,nṝ,नॄ,CV,2,1,2.5,CV2,no,0,0,0,0,2
1.922,1,922,SrA,SrA,śrā,श्रा,CCV,3,1,3.0,CCV2,no,0,0,0,0,2
1.924,1,924,kampa^ne,kampane,kampane,कम्पने,CVCCVCV,7,3,6.0,CV1CCV1CV2,no,0,0,0,0,1
1.925,1,925,cadir,cadir,cadir,चदिर्,CVCVC,5,2,3.5,CV1CV1C,no,0,0,0,0,1
1.927,1,927,madI~,madI,madī,मदी,CVCV,4,2,4.0,CV1CV2,no,0,0,0,0,2
1.928,1,928,Dvana~,Dvan,dhvan,ध्वन्,CCVC,4,1,2.5,CCV1C,yes,5,34,2,4,4
1.929,1,929,dali,dal,dal,दल्,CVC,3,1,2.0,CV1C,yes,5,46,3,3,3
1.930,1,930,vali,val,val,वल्,CVC,3,1,2.0,CV1C,yes,5,64,4,2,2
1.931,1,931,sKali,sKal,skhal,स्खल्,CCVC,4,1,2.5,CCV1C,yes,14,152,5,5,2
1.932,1,932,raRi,raR,raṇ,रण्,CVC,3,1,2.0,CV1C,yes,5,30,1,5,3
1.933,1,933,Dvani,Dvan,dhvan,ध्वन्,CCVC,4,1,2.5,CCV1C,yes,5,34,2,4,4
1.934,1,934,trapi,trap,trap,त्रप्,CCVC,4,1,2.5,CCV1C,yes,10,23,3,6,1
1.936,1,936,svana~,svan,svan,स्वन्,CCVC,4,1,2.5,CCV1C,yes,9,26,5,5,2
1.937,1,937,janI~,janI,janī,जनी,CVCV,4,2,4.0,CV1CV2,no,0,0,0,0,2
1.938,1,938,jFz,jF,jṝ,जॄ,CV,2,1,2.5,CV2,no,0,0,0,0,3
1.939,1,939,knasu~,knas,knas,क्नस्,CCVC,4,1,2.5,CCV1C,no,0,0,0,0,2
1.940,1,940,raYjo,raYjo,rañjo,रञ्जो,CVCCV,5,2,4.5,CV1CCV2,no,0,0,0,0,1
1.941,1,941,jvala~,jval,jval,ज्वल्,CCVC,4,1,2.5,CCV1C,yes,32,1079,11,10,3
1.942,1,942,hvala~,hval,hval,ह्वल्,CCVC,4,1,2.5,CCV1C,yes,4,38,2,3,2
1.943,1,943,hmala~,hmal,hmal,ह्मल्,CCVC,4,1,2.5,CCV1C,no,0,0,0,0,2
1.945,1,945,glA,glA,glā,ग्ला,CCV,3,1,3.0,CCV2,yes,10,92,4,7,1
1.946,1,946,snA,snA,snā,स्ना,CCV,3,1,3.0,CCV2,yes,23,1683,6,11,1
1.947,1,947,vanu~,van,van,वन्,CVC,3,1,2.0,CV1C,yes,17,230,4,16,5
1.948,1,948,vamAM^,vamAM,vamāṃ,वमां्,CVCVC,5,2,4.5,CV1CV2C,no,0,0,0,0,1
1.949,1,949,na,na,na,न,CV,2,1,1.5,CV1,no,0,0,0,0,1
1.950,1,950,ami,am,am,अम्,VC,2,1,1.5,V1C,yes,9,28,3,7,3
1.951,1,951,camA^m,camAm,camām,चमाम्,CVCVC,5,2,4.5,CV1CV2C,no,0,0,0,0,1
1.952,1,952,Samo,Samo,śamo,शमो,CVCV,4,2,4.0,CV1CV2,no,0,0,0,0,1
1.953,1,953,yamo,yamo,yamo,यमो,CVCV,4,2,4.0,CV1CV2,no,0,0,0,0,1
1.954,1,954,sKadir,sKadir,skhadir,स्खदिर्,CCVCVC,6,2,4.0,CCV1CV1C,no,0,0,0,0,1
1.955,1,955,PaRa~,PaR,phaṇ,फण्,CVC,3,1,2.0,CV1C,no,0,0,0,0,1
1.956,1,956,rAjf~^,rAjf,rājṛ,राजृ,CVCV,4,2,4.0,CV2CV1,no,0,0,0,0,1
1.957,1,957,wuBrAjf~\,BrAjf,bhrājṛ,भ्राजृ,CCVCV,5,2,4.5,CCV2CV1,no,0,0,0,0,2
1.958,1,958,wuBrASf~\,BrASf,bhrāśṛ,भ्राशृ,CCVCV,5,2,4.5,CCV2CV1,no,0,0,0,0,1
1.959,1,959,wuBlASf~\,BlASf,bhlāśṛ,भ्लाशृ,CCVCV,5,2,4.5,CCV2CV1,no,0,0,0,0,1
1.960,1,960,syamu~,syam,syam,स्यम्,CCVC,4,1,2.5,CCV1C,no,0,0,0,0,2
1.961,1,961,svana~,svan,svan,स्वन्,CCVC,4,1,2.5,CCV1C,yes,9,26,5,5,2
1.962,1,962,Dvana~,Dvan,dhvan,ध्वन्,CCVC,4,1,2.5,CCV1C,yes,5,34,2,4,4
1.963,1,963,zama~,zam,ṣam,षम्,CVC,3,1,2.0,CV1C,no,0,0,0,0,1
1.964,1,964,zwama~,zwam,ṣṭam,ष्टम्,CCVC,4,1,2.5,CCV1C,no,0,0,0,0,1
1.965,1,965,jvala~,jval,jval,ज्वल्,CCVC,4,1,2.5,CCV1C,yes,32,1079,11,10,3
1.966,1,966,cala~,cal,cal,चल्,CVC,3,1,2.0,CV1C,yes,36,722,8,8,3
1.967,1,967,jala~,jal,jal,जल्,CVC,3,1,2.0,CV1C,no,0,0,0,0,2
1.968,1,968,wala~,wal,ṭal,टल्,CVC,3,1,2.0,CV1C,no,0,0,0,0,1
1.969,1,969,wvala~,wval,ṭval,ट्वल्,CCVC,4,1,2.5,CCV1C,no,0,0,0,0,1
1.970,1,970,zWala~,zWal,ṣṭhal,ष्ठल्,CCVC,4,1,2.5,CCV1C,no,0,0,0,0,1
1.971,1,971,hala~,hal,hal,हल्,CVC,3,1,2.0,CV1C,no,0,0,0,0,1
1.972,1,972,Rala~,Ral,ṇal,णल्,CVC,3,1,2.0,CV1C,no,0,0,0,0,1
1.973,1,973,pala~,pal,pal,पल्,CVC,3,1,2.0,CV1C,no,0,0,0,0,2
1.974,1,974,bala~,bal,bal,बल्,CVC,3,1,2.0,CV1C,no,0,0,0,0,2
1.975,1,975,pula~,pul,pul,पुल्,CVC,3,1,2.0,CV1C,no,0,0,0,0,2
1.976,1,976,kula~,kul,kul,कुल्,CVC,3,1,2.0,CV1C,no,0,0,0,0,1
1.977,1,977,Sala~,Sal,śal,शल्,CVC,3,1,2.0,CV1C,no,0,0,0,0,2
1.978,1,978,hula~,hul,hul,हुल्,CVC,3,1,2.0,CV1C,no,0,0,0,0,2
1.979,1,979,patx~,patx,patḷ,पतॢ,CVCV,4,2,3.0,CV1CV1,no,0,0,0,0,1
1.980,1,980,hula~,hul,hul,हुल्,CVC,3,1,2.0,CV1C,no,0,0,0,0,2
1.981,1,981,kvaTe~,kvaTe,kvathe,क्वथे,CCVCV,5,2,4.5,CCV1CV2,no,0,0,0,0,1
1.982,1,982,paTe~,paTe,pathe,पथे,CVCV,4,2,4.0,CV1CV2,no,0,0,0,0,1
1.983,1,983,maTe~,maTe,mathe,मथे,CVCV,4,2,4.0,CV1CV2,no,0,0,0,0,1
1.984,1,984,wuvama~,vam,vam,वम्,CVC,3,1,2.0,CV1C,yes,21,245,7,9,1
1.985,1,985,Bramu~,Bram,bhram,भ्रम्,CCVC,4,1,2.5,CCV1C,yes,33,963,7,10,2
1.986,1,986,kzara~,kzar,kṣar,क्षर्,CCVC,4,1,2.5,CCV1C,yes,29,283,10,9,1
1.987,1,987,kzura~,kzur,kṣur,क्षुर्,CCVC,4,1,2.5,CCV1C,no,0,0,0,0,2
1.988,1,988,zaha~\,zah,ṣah,षह्,CVC,3,1,2.0,CV1C,yes,10,120,2,9,3
1.989,1,989,ra\mu~\,ram,ram,रम्,CVC,3,1,2.0,CV1C,yes,75,2367,16,16,1
1.990,1,990,za\dx~,zadx,ṣadḷ,षदॢ,CVCV,4,2,3.0,CV1CV1,no,0,0,0,0,2
1.991,1,991,Sa\dx~,Sadx,śadḷ,शदॢ,CVCV,4,2,3.0,CV1CV1,no,0,0,0,0,2
1.992,1,992,kru\Sa~,kruS,kruś,क्रुश्,CCVC,4,1,2.5,CCV1C,yes,72,540,20,11,1
1.993,1,993,kuca~,kuc,kuc,कुच्,CVC,3,1,2.0,CV1C,no,0,0,0,0,3
1.994,1,994,buDa~,buD,budh,बुध्,CVC,3,1,2.0,CV1C,yes,89,2409,19,16,2
1.995,1,995,ruH\a~,ruH,ruḥ,रुः्,CVC,3,1,2.0,CV1C,no,0,0,0,0,1
1.996,1,996,kasa~,kas,kas,कस्,CVC,3,1,2.0,CV1C,yes,7,95,4,4,3
1.997,1,997,hikka~^,hikk,hikk,हिक्क्,CVCC,4,1,2.5,CV1CC,yes,1,2,1,1,1
1.998,1,998,aYcu~^,aYc,añc,अञ्च्,VCC,3,1,2.0,V1CC,yes,8,38,3,5,3
1.999,1,999,acu~^,ac,ac,अच्,VC,2,1,1.5,V1C,no,0,0,0,0,2
1.1000,1,1000,aci~,ac,ac,अच्,VC,2,1,1.5,V1C,no,0,0,0,0,2
1.1001,1,1001,wuyAcf~^,yAcf,yācṛ,याचृ,CVCV,4,2,4.0,CV2CV1,no,0,0,0,0,1
1.1002,1,1002,rewf~^,rewf,reṭṛ,रेटृ,CVCV,4,2,4.0,CV2CV1,no,0,0,0,0,1
1.1003,1,1003,cate~^,cate,cate,चते,CVCV,4,2,4.0,CV1CV2,no,0,0,0,0,1
1.1004,1,1004,cade~^,cade,cade,चदे,CVCV,4,2,4.0,CV1CV2,no,0,0,0,0,1
1.1005,1,1005,proTf~^,proTf,prothṛ,प्रोथृ,CCVCV,5,2,4.5,CCV2CV1,no,0,0,0,0,1
1.1006,1,1006,midf~^,midf,midṛ,मिदृ,CVCV,4,2,3.0,CV1CV1,no,0,0,0,0,1
1.1007,1,1007,medf~^,medf,medṛ,मेदृ,CVCV,4,2,4.0,CV2CV1,no,0,0,0,0,1
1.1008,1,1008,miTf~^,miTf,mithṛ,मिथृ,CVCV,4,2,3.0,CV1CV1,no,0,0,0,0,1
1.1009,1,1009,meTf~^,meTf,methṛ,मेथृ,CVCV,4,2,4.0,CV2CV1,no,0,0,0,0,1
1.1010,1,1010,miDf~^,miDf,midhṛ,मिधृ,CVCV,4,2,3.0,CV1CV1,no,0,0,0,0,1
1.1011,1,1011,meDf~^,meDf,medhṛ,मेधृ,CVCV,4,2,4.0,CV2CV1,no,0,0,0,0,1
1.1012,1,1012,Ridf~^,Ridf,ṇidṛ,णिदृ,CVCV,4,2,3.0,CV1CV1,no,0,0,0,0,1
1.1013,1,1013,Redf~^,Redf,ṇedṛ,णेदृ,CVCV,4,2,4.0,CV2CV1,no,0,0,0,0,1
1.1014,1,1014,SfDu~^,SfD,śṛdh,शृध्,CVC,3,1,2.0,CV1C,yes,3,23,1,3,3
1.1015,1,1015,mfDu~^,mfD,mṛdh,मृध्,CVC,3,1,2.0,CV1C,yes,8,23,2,7,1
1.1016,1,1016,buDi~^r,buDir,budhir,बुधिर्,CVCVC,5,2,3.5,CV1CV1C,no,0,0,0,0,1
1.1017,1,1017,u~bundi~^r,ubundir,ubundir,उबुन्दिर्,VCVCCVC,7,3,5.0,V1CV1CCV1C,no,0,0,0,0,1
1.1018,1,1018,veRf~^,veRf,veṇṛ,वेणृ,CVCV,4,2,4.0,CV2CV1,no,0,0,0,0,1
1.1019,1,1019,venf~^,venf,venṛ,वेनृ,CVCV,4,2,4.0,CV2CV1,no,0,0,0,0,1
1.1020,1,1020,Kanu~^,Kan,khan,खन्,CVC,3,1,2.0,CV1C,yes,42,631,11,14,1
1.1021,1,1021,cIvf~^,cIvf,cīvṛ,चीवृ,CVCV,4,2,4.0,CV2CV1,no,0,0,0,0,1
1.1023,1,1023,cAyf~^,cAyf,cāyṛ,चायृ,CVCV,4,2,4.0,CV2CV1,no,0,0,0,0,1
1.1024,1,1024,vyaya~^,vyay,vyay,व्यय्,CCVC,4,1,2.5,CCV1C,no,0,0,0,0,3
1.1025,1,1025,dASf~^,dASf,dāśṛ,दाशृ,CVCV,4,2,4.0,CV2CV1,no,0,0,0,0,1
1.1026,1,1026,Bezf~^,Bezf,bheṣṛ,भेषृ,CVCV,4,2,4.0,CV2CV1,no,0,0,0,0,1
1.1027,1,1027,Brezf~^,Brezf,bhreṣṛ,भ्रेषृ,CCVCV,5,2,4.5,CCV2CV1,no,0,0,0,0,1
1.1028,1,1028,Blezf~^,Blezf,bhleṣṛ,भ्लेषृ,CCVCV,5,2,4.5,CCV2CV1,no,0,0,0,0,1
1.1029,1,1029,asa~^,as,as,अस्,VC,2,1,1.5,V1C,yes,75,36765,13,16,3
1.1030,1,1030,aza~^,az,aṣ,अष्,VC,2,1,1.5,V1C,no,0,0,0,0,1
1.1032,1,1032,spaSa~^,spaS,spaś,स्पश्,CCVC,4,1,2.5,CCV1C,no,0,0,0,0,2
1.1033,1,1033,laza~^,laz,laṣ,लष्,CVC,3,1,2.0,CV1C,yes,10,149,2,8,1
1.1034,1,1034,caza~^,caz,caṣ,चष्,CVC,3,1,2.0,CV1C,no,0,0,0,0,2
1.1035,1,1035,caza~^,caz,caṣ,चष्,CVC,3,1,2.0,CV1C,no,0,0,0,0,2
1.1036,1,1036,Jaza~^,Jaz,jhaṣ,झष्,CVC,3,1,2.0,CV1C,no,0,0,0,0,2
1.1037,1,1037,Brakza~^,Brakz,bhrakṣ,भ्रक्ष्,CCVCC,5,1,3.0,CCV1CC,no,0,0,0,0,1
1.1038,1,1038,Blakza~^,Blakz,bhlakṣ,भ्लक्ष्,CCVCC,5,1,3.0,CCV1CC,no,0,0,0,0,1
1.1039,1,1039,Bakza~^,Bakz,bhakṣ,भक्ष्,CVCC,4,1,2.5,CV1CC,yes,16,173,4,13,2
1.1040,1,1040,plakza~^,plakz,plakṣ,प्लक्ष्,CCVCC,5,1,3.0,CCV1CC,no,0,0,0,0,1
1.1041,1,1041,dAsf~^,dAsf,dāsṛ,दासृ,CVCV,4,2,4.0,CV2CV1,no,0,0,0,0,1
1.1042,1,1042,mAhf~^,mAhf,māhṛ,माहृ,CVCV,4,2,4.0,CV2CV1,no,0,0,0,0,1
1.1043,1,1043,guhU~^,guhU,guhū,गुहू,CVCV,4,2,4.0,CV1CV2,no,0,0,0,0,1
1.1044,1,1044,SriY,Sri,śri,श्रि,CCV,3,1,2.0,CCV1,yes,108,2792,31,18,1
1.1045,1,1045,Bf\Y,Bf,bhṛ,भृ,CV,2,1,1.5,CV1,yes,72,2737,16,22,2
1.1046,1,1046,hf\Y,hf,hṛ,हृ,CV,2,1,1.5,CV1,yes,368,9296,77,19,2
1.1047,1,1047,Df\Y,Df,dhṛ,धृ,CV,2,1,1.5,CV1,yes,48,1506,14,17,3
1.1049,1,1049,RI\Y,RI,ṇī,णी,CV,2,1,2.5,CV2,yes,54,799,13,16,1
1.1050,1,1050,De\w,De,dhe,धे,CV,2,1,2.5,CV2,yes,4,15,1,4,1
1.1051,1,1051,glE\,glE,glai,ग्लै,CCV,3,1,3.0,CCV2,no,0,0,0,0,1
1.1052,1,1052,mlE\,mlE,mlai,म्लै,CCV,3,1,3.0,CCV2,no,0,0,0,0,1
1.1053,1,1053,dyE\,dyE,dyai,द्यै,CCV,3,1,3.0,CCV2,no,0,0,0,0,1
1.1054,1,1054,drE\,drE,drai,द्रै,CCV,3,1,3.0,CCV2,no,0,0,0,0,1
1.1055,1,1055,DrE\,DrE,dhrai,ध्रै,CCV,3,1,3.0,CCV2,no,0,0,0,0,1
1.1056,1,1056,DyE\,DyE,dhyai,ध्यै,CCV,3,1,3.0,CCV2,yes,9,73,3,7,1
1.1057,1,1057,rE\,rE,rai,रै,CV,2,1,2.5,CV2,no,0,0,0,0,1
1.1058,1,1058,styE\,styE,styai,स्त्यै,CCCV,4,1,3.5,CCCV2,yes,3,20,2,2,1
1.1059,1,1059,zwyE\,zwyE,ṣṭyai,ष्ट्यै,CCCV,4,1,3.5,CCCV2,yes,2,4,1,2,1
1.1060,1,1060,KE\,KE,khai,खै,CV,2,1,2.5,CV2,no,0,0,0,0,1
1.1061,1,1061,kzE\,kzE,kṣai,क्षै,CCV,3,1,3.0,CCV2,no,0,0,0,0,1
1.1062,1,1062,jE\,jE,jai,जै,CV,2,1,2.5,CV2,no,0,0,0,0,1
1.1063,1,1063,zE\,zE,ṣai,षै,CV,2,1,2.5,CV2,no,0,0,0,0,1
1.1064,1,1064,kE\,kE,kai,कै,CV,2,1,2.5,CV2,no,0,0,0,0,1
1.1065,1,1065,gE\,gE,gai,गै,CV,2,1,2.5,CV2,yes,1,1,1,1,1
1.1066,1,1066,SE\,SE,śai,शै,CV,2,1,2.5,CV2,no,0,0,0,0,1
1.1067,1,1067,SrE\,SrE,śrai,श्रै,CCV,3,1,3.0,CCV2,no,0,0,0,0,1
1.1068,1,1068,srE\,srE,srai,स्रै,CCV,3,1,3.0,CCV2,no,0,0,0,0,1
1.1069,1,1069,pE\,pE,pai,पै,CV,2,1,2.5,CV2,no,0,0,0,0,1
1.1070,1,1070,o~vE,ovE,ovai,ओवै,VCV,3,2,4.5,V2CV2,no,0,0,0,0,1
1.1071,1,1071,zwE\,zwE,ṣṭai,ष्टै,CCV,3,1,3.0,CCV2,no,0,0,0,0,1
1.1072,1,1072,zRE\,zRE,ṣṇai,ष्णै,CCV,3,1,3.0,CCV2,no,0,0,0,0,1
1.1073,1,1073,dE\p,dEp,daip,दैप्,CVC,3,1,3.0,CV2C,no,0,0,0,0,1
1.1074,1,1074,pA\,pA,pā,पा,CV,2,1,2.5,CV2,yes,79,5661,17,22,2
1.1075,1,1075,GrA\,GrA,ghrā,घ्रा,CCV,3,1,3.0,CCV2,yes,53,437,16,10,1
1.1076,1,1076,DmA\,DmA,dhmā,ध्मा,CCV,3,1,3.0,CCV2,no,0,0,0,0,1
1.1077,1,1077,zWA\,zWA,ṣṭhā,ष्ठा,CCV,3,1,3.0,CCV2,yes,77,2822,18,16,1
1.1078,1,1078,mnA\,mnA,mnā,म्ना,CCV,3,1,3.0,CCV2,yes,11,198,3,7,1
1.1079,1,1079,dA\R,dAR,dāṇ,दाण्,CVC,3,1,3.0,CV2C,no,0,0,0,0,1
1.1080,1,1080,hvf\,hvf,hvṛ,ह्वृ,CCV,3,1,2.0,CCV1,yes,10,74,3,7,2
1.1081,1,1081,svf\,svf,svṛ,स्वृ,CCV,3,1,2.0,CCV1,no,0,0,0,0,1
1.1082,1,1082,smf\,smf,smṛ,स्मृ,CCV,3,1,2.0,CCV1,yes,65,4689,12,14,3
1.1083,1,1083,dvf\,dvf,dvṛ,द्वृ,CCV,3,1,2.0,CCV1,no,0,0,0,0,1
1.1084,1,1084,hvf\,hvf,hvṛ,ह्वृ,CCV,3,1,2.0,CCV1,yes,10,74,3,7,2
1.1085,1,1085,sf\,sf,sṛ,सृ,CV,2,1,1.5,CV1,yes,112,1356,34,15,2
1.1086,1,1086,f\,f,ṛ,ऋ,V,1,1,1.0,V1,no,0,0,0,0,3
1.1087,1,1087,gf\,gf,gṛ,गृ,CV,2,1,1.5,CV1,yes,43,552,13,14,1
1.1088,1,1088,Gf\,Gf,ghṛ,घृ,CV,2,1,1.5,CV1,yes,6,38,3,3,3
1.1089,1,1089,Dvf\,Dvf,dhvṛ,ध्वृ,CCV,3,1,2.0,CCV1,yes,5,12,1,5,1
1.1090,1,1090,sru\,sru,sru,स्रु,CCV,3,1,2.0,CCV1,yes,60,768,21,10,1
1.1091,1,1091,zu\,zu,ṣu,षु,CV,2,1,1.5,CV1,yes,11,159,1,11,3
1.1092,1,1092,Sru\,Sru,śru,श्रु,CCV,3,1,2.0,CCV1,yes,78,11586,13,24,1
1.1093,1,1093,Dru\,Dru,dhru,ध्रु,CCV,3,1,2.0,CCV1,no,0,0,0,0,2
1.1094,1,1094,du\,du,du,दु,CV,2,1,1.5,CV1,yes,14,104,6,7,2
1.1095,1,1095,dru\,dru,dru,द्रु,CCV,3,1,2.0,CCV1,yes,105,2765,38,12,1
1.1096,1,1096,ji\,ji,ji,जि,CV,2,1,1.5,CV1,yes,100,5666,16,21,3
1.1097,1,1097,jri\,jri,jri,ज्रि,CCV,3,1,2.0,CCV1,yes,1,1,1,1,2
1.1098,1,1098,ju\,ju,ju,जु,CV,2,1,1.5,CV1,no,0,0,0,0,2
1.1099,1,1099,zmi\N,zmi,ṣmi,ष्मि,CCV,3,1,2.0,CCV1,no,0,0,0,0,2
1.1100,1,1100,gu\N,gu,gu,गु,CV,2,1,1.5,CV1,no,0,0,0,0,3
1.1101,1,1101,gA\N,gA,gā,गा,CV,2,1,2.5,CV2,yes,124,2915,31,22,2
1.1102,1,1102,u\N,u,u,उ,V,1,1,1.0,V1,yes,1,1,1,1,1
1.1103,1,1103,ku\N,ku,ku,कु,CV,2,1,1.5,CV1,no,0,0,0,0,3
1.1104,1,1104,Ku\N,Ku,khu,खु,CV,2,1,1.5,CV1,no,0,0,0,0,1
1.1105,1,1105,gu\N,gu,gu,गु,CV,2,1,1.5,CV1,no,0,0,0,0,3
1.1106,1,1106,Gu\N,Gu,ghu,घु,CV,2,1,1.5,CV1,no,0,0,0,0,1
1.1107,1,1107,NuN,Nu,ṅu,ङु,CV,2,1,1.5,CV1,no,0,0,0,0,1
1.1108,1,1108,cyu\N,cyu,cyu,च्यु,CCV,3,1,2.0,CCV1,yes,37,923,11,15,2
1.1109,1,1109,jyu\N,jyu,jyu,ज्यु,CCV,3,1,2.0,CCV1,no,0,0,0,0,1
1.1110,1,1110,ju\N,ju,ju,जु,CV,2,1,1.5,CV1,no,0,0,0,0,2
1.1111,1,1111,pru\N,pru,pru,प्रु,CCV,3,1,2.0,CCV1,yes,7,11,4,5,1
1.1112,1,1112,plu\N,plu,plu,प्लु,CCV,3,1,2.0,CCV1,yes,68,1028,25,8,1
1.1113,1,1113,klu\N,klu,klu,क्लु,CCV,3,1,2.0,CCV1,no,0,0,0,0,1
1.1114,1,1114,ru\N,ru,ru,रु,CV,2,1,1.5,CV1,yes,19,134,6,9,2
1.1115,1,1115,Df\N,Df,dhṛ,धृ,CV,2,1,1.5,CV1,yes,48,1506,14,17,3
1.1116,1,1116,me\N,me,me,मे,CV,2,1,2.5,CV2,no,0,0,0,0,1
1.1117,1,1117,de\N,de,de,दे,CV,2,1,2.5,CV2,no,0,0,0,0,1
1.1118,1,1118,SyE\N,SyE,śyai,श्यै,CCV,3,1,3.0,CCV2,no,0,0,0,0,1
1.1119,1,1119,pyE\N,pyE,pyai,प्यै,CCV,3,1,3.0,CCV2,yes,2,7,1,2,1
1.1120,1,1120,trE\N,trE,trai,त्रै,CCV,3,1,3.0,CCV2,no,0,0,0,0,1
1.1121,1,1121,pUN,pU,pū,पू,CV,2,1,2.5,CV2,yes,45,2430,15,12,2
1.1122,1,1122,mUN,mU,mū,मू,CV,2,1,2.5,CV2,no,0,0,0,0,2
1.1123,1,1123,qIN,qI,ḍī,डी,CV,2,1,2.5,CV2,yes,1,1,1,1,2
1.1124,1,1124,tF,tF,tṝ,तॄ,CV,2,1,2.5,CV2,no,0,0,0,0,1
1.1125,1,1125,gupa~\,gup,gup,गुप्,CVC,3,1,2.0,CV1C,yes,19,636,9,8,3
1.1126,1,1126,tija~\,tij,tij,तिज्,CVC,3,1,2.0,CV1C,yes,4,8,2,4,2
1.1127,1,1127,mAna~\,mAn,mān,मान्,CVC,3,1,3.0,CV2C,no,0,0,0,0,3
1.1128,1,1128,baDa~\,baD,badh,बध्,CVC,3,1,2.0,CV1C,yes,1,1,1,1,2
1.1129,1,1129,ra\Ba~\,raB,rabh,रभ्,CVC,3,1,2.0,CV1C,yes,70,1847,15,17,2
1.1130,1,1130,qula\Ba~\z,laB,labh,लभ्,CVC,3,1,2.0,CV1C,yes,100,5263,18,17,2
1.1131,1,1131,zva\Yja~\,zvaYj,ṣvañj,ष्वञ्ज्,CCVCC,5,1,3.0,CCV1CC,yes,1,1,1,1,1
1.1132,1,1132,ha\da~\,had,had,हद्,CVC,3,1,2.0,CV1C,no,0,0,0,0,1
1.1133,1,1133,YikzvidA~,kzvidA,kṣvidā,क्ष्विदा,CCCVCV,6,2,5.0,CCCV1CV2,no,0,0,0,0,3
1.1134,1,1134,ska\ndi~r,skandir,skandir,स्कन्दिर्,CCVCCVC,7,2,4.5,CCV1CCV1C,no,0,0,0,0,1
1.1135,1,1135,ya\Ba~,yaB,yabh,यभ्,CVC,3,1,2.0,CV1C,yes,1,1,1,1,1
1.1136,1,1136,Ra\ma~,Ram,ṇam,णम्,CVC,3,1,2.0,CV1C,yes,23,1136,8,9,1
1.1137,1,1137,ga\mx~,gamx,gamḷ,गमॢ,CVCV,4,2,3.0,CV1CV1,no,0,0,0,0,1
1.1138,1,1138,sf\px~,sfpx,sṛpḷ,सृपॢ,CVCV,4,2,3.0,CV1CV1,no,0,0,0,0,1
1.1139,1,1139,ya\ma~,yam,yam,यम्,CVC,3,1,2.0,CV1C,yes,146,5299,35,21,2
1.1140,1,1140,ta\pa~,tap,tap,तप्,CVC,3,1,2.0,CV1C,yes,96,3111,20,20,3
1.1141,1,1141,tya\ja~,tyaj,tyaj,त्यज्,CCVC,4,1,2.5,CCV1C,yes,48,3337,9,15,1
1.1142,1,1142,za\Yja~,zaYj,ṣañj,षञ्ज्,CVCC,4,1,2.5,CV1CC,yes,30,264,10,12,1
1.1143,1,1143,df\Si~r,dfSir,dṛśir,दृशिर्,CVCVC,5,2,3.5,CV1CV1C,no,0,0,0,0,1
1.1144,1,1144,daM\Sa~,daMS,daṃś,दं्श्,CVCC,4,1,2.5,CV1CC,yes,23,369,7,13,1
1.1145,1,1145,kf\za~,kfz,kṛṣ,कृष्,CVC,3,1,2.0,CV1C,yes,132,1336,28,17,2
1.1146,1,1146,da\ha~,dah,dah,दह्,CVC,3,1,2.0,CV1C,yes,100,2965,20,18,1
1.1147,1,1147,mih\a~,mih,mih,मिह्,CVC,3,1,2.0,CV1C,yes,21,110,8,10,1
1.1148,1,1148,kita~,kit,kit,कित्,CVC,3,1,2.0,CV1C,no,0,0,0,0,1
1.1149,1,1149,dAna~^,dAn,dān,दान्,CVC,3,1,3.0,CV2C,no,0,0,0,0,1
1.1150,1,1150,SAna~^,SAn,śān,शान्,CVC,3,1,3.0,CV2C,no,0,0,0,0,1
1.1151,1,1151,qupa\ca~^z,pac,pac,पच्,CVC,3,1,2.0,CV1C,yes,37,2238,8,19,3
1.1152,1,1152,zaca~^,zac,ṣac,षच्,CVC,3,1,2.0,CV1C,yes,3,12,1,3,2
1.1153,1,1153,Ba\ja~^,Baj,bhaj,भज्,CVC,3,1,2.0,CV1C,yes,80,2054,15,19,3
1.1154,1,1154,ra\Yja~^,raYj,rañj,रञ्ज्,CVCC,4,1,2.5,CV1CC,yes,32,705,10,10,2
1.1155,1,1155,Sa\pa~^,Sap,śap,शप्,CVC,3,1,2.0,CV1C,yes,24,515,8,12,2
1.1156,1,1156,tvi\za~^,tviz,tviṣ,त्विष्,CCVC,4,1,2.5,CCV1C,yes,4,17,2,4,1
1.1157,1,1157,ya\ja~^,yaj,yaj,यज्,CVC,3,1,2.0,CV1C,yes,65,7015,15,18,1
1.1158,1,1158,quva\pa~^,vap,vap,वप्,CVC,3,1,2.0,CV1C,yes,107,2188,24,17,1
1.1159,1,1159,vah\a~^,vah,vah,वह्,CVC,3,1,2.0,CV1C,yes,133,2676,32,20,1
1.1160,1,1160,va\sa~,vas,vas,वस्,CVC,3,1,2.0,CV1C,yes,128,4122,27,16,5
1.1161,1,1161,ve\Y,ve,ve,वे,CV,2,1,2.5,CV2,yes,22,214,9,9,1
1.1162,1,1162,vye\Y,vye,vye,व्ये,CCV,3,1,3.0,CCV2,yes,26,299,11,10,1
1.1163,1,1163,hve\Y,hve,hve,ह्वे,CCV,3,1,3.0,CCV2,yes,8,23,5,4,1
1.1164,1,1164,vada~,vad,vad,वद्,CVC,3,1,2.0,CV1C,yes,125,4785,28,18,3
1.1165,1,1165,wvo~Svi,wvoSv,ṭvośv,ट्वोश्व्,CCVCC,5,1,4.0,CCV2CC,no,0,0,0,0,1
2.1,2,1,a\da~,ad,ad,अद्,VC,2,1,1.5,V1C,yes,17,703,2,16,2
2.2,2,2,ha\na~,han,han,हन्,CVC,3,1,2.0,CV1C,yes,216,14364,43,20,1
2.3,2,3,dvi\za~^,dviz,dviṣ,द्विष्,CCVC,4,1,2.5,CCV1C,yes,20,1414,6,9,1
2.4,2,4,duH\a~^,duH,duḥ,दुः्,CVC,3,1,2.0,CV1C,no,0,0,0,0,1
2.5,2,5,diH\a~^,diH,diḥ,दिः्,CVC,3,1,2.0,CV1C,no,0,0,0,0,1
2.6,2,6,liH\a~^,liH,liḥ,लिः्,CVC,3,1,2.0,CV1C,no,0,0,0,0,1
2.7,2,7,ca\kzi~\N,cakz,cakṣ,चक्ष्,CVCC,4,1,2.5,CV1CC,yes,67,1563,18,13,1
2.8,2,8,Ira~\,Ir,īr,ईर्,VC,2,1,2.5,V2C,yes,13,118,5,7,2
2.9,2,9,Iqa~\,Iq,īḍ,ईड्,VC,2,1,2.5,V2C,yes,10,353,2,9,2
2.10,2,10,ISa~\,IS,īś,ईश्,VC,2,1,2.5,V2C,yes,10,425,1,10,1
2.11,2,11,Asa~\,As,ās,आस्,VC,2,1,2.5,V2C,yes,28,2061,4,15,1
2.12,2,12,ANaH\,ANaH,āṅaḥ,आङः्,VCVC,4,2,4.0,V2CV1C,no,0,0,0,0,4
2.13,2,13,vasa~\,vas,vas,वस्,CVC,3,1,2.0,CV1C,yes,128,4122,27,16,5
2.14,2,14,kasi~\,kas,kas,कस्,CVC,3,1,2.0,CV1C,yes,7,95,4,4,3
2.15,2,15,kasa~\,kas,kas,कस्,CVC,3,1,2.0,CV1C,yes,7,95,4,4,3
2.16,2,16,kaSa~\,kaS,kaś,कश्,CVC,3,1,2.0,CV1C,no,0,0,0,0,1
2.17,2,17,Risi~\,Ris,ṇis,णिस्,CVC,3,1,2.0,CV1C,no,0,0,0,0,1
2.18,2,18,Riji~\,Rij,ṇij,णिज्,CVC,3,1,2.0,CV1C,yes,4,57,2,3,1
2.19,2,19,Siji~\,Sij,śij,शिज्,CVC,3,1,2.0,CV1C,no,0,0,0,0,1
2.20,2,20,piji~\,pij,pij,पिज्,CVC,3,1,2.0,CV1C,no,0,0,0,0,4
2.21,2,21,pfji~\,pfj,pṛj,पृज्,CVC,3,1,2.0,CV1C,no,0,0,0,0,1
2.22,2,22,vfjI~\,vfjI,vṛjī,वृजी,CVCV,4,2,4.0,CV1CV2,no,0,0,0,0,3
2.23,2,23,vfji~\,vfj,vṛj,वृज्,CVC,3,1,2.0,CV1C,yes,67,494,16,19,1
2.24,2,24,pfcI~\,pfcI,pṛcī,पृची,CVCV,4,2,4.0,CV1CV2,no,0,0,0,0,2
2.25,2,25,zUN,zU,ṣū,षू,CV,2,1,2.5,CV2,yes,11,35,4,7,3
2.26,2,26,SIN,SI,śī,शी,CV,2,1,2.5,CV2,yes,56,1336,15,14,1
2.27,2,27,yu,yu,yu,यु,CV,2,1,1.5,CV1,yes,50,393,15,15,3
2.28,2,28,ru,ru,ru,रु,CV,2,1,1.5,CV1,yes,19,134,6,9,2
2.29,2,29,tu,tu,tu,तु,CV,2,1,1.5,CV1,yes,3,5,1,3,1
2.30,2,30,Ru,Ru,ṇu,णु,CV,2,1,1.5,CV1,yes,1,2,1,1,1
2.31,2,31,wukzu,kzu,kṣu,क्षु,CCV,3,1,2.0,CCV1,yes,6,28,3,4,1
2.32,2,32,kzRu,kzRu,kṣṇu,क्ष्णु,CCCV,4,1,2.5,CCCV1,yes,3,10,2,2,1
2.33,2,33,zRu,zRu,ṣṇu,ष्णु,CCV,3,1,2.0,CCV1,no,0,0,0,0,1
2.34,2,34,UrRuY,UrR,ūrṇ,ऊर्ण्,VCC,3,1,3.0,V2CC,no,0,0,0,0,1
2.35,2,35,dyu\,dyu,dyu,द्यु,CCV,3,1,2.0,CCV1,no,0,0,0,0,1
2.36,2,36,zu\,zu,ṣu,षु,CV,2,1,1.5,CV1,yes,11,159,1,11,3
2.37,2,37,ku\,ku,ku,कु,CV,2,1,1.5,CV1,no,0,0,0,0,3
2.38,2,38,zwu\Y,zwu,ṣṭu,ष्टु,CCV,3,1,2.0,CCV1,yes,19,201,7,9,1
2.39,2,39,brUY,brU,brū,ब्रू,CCV,3,1,3.0,CCV2,yes,54,10603,17,8,1
2.40,2,40,i\R,iR,iṇ,इण्,VC,2,1,1.5,V1C,no,0,0,0,0,1
2.41,2,41,i\N,i,i,इ,V,1,1,1.0,V1,yes,59,4271,10,17,1
2.42,2,42,i\k,ik,ik,इक्,VC,2,1,1.5,V1C,no,0,0,0,0,1
2.43,2,43,vI\,vI,vī,वी,CV,2,1,2.5,CV2,yes,21,774,5,12,1
2.44,2,44,yA\,yA,yā,या,CV,2,1,2.5,CV2,yes,205,10316,52,15,1
2.45,2,45,vA\,vA,vā,वा,CV,2,1,2.5,CV2,yes,50,487,14,9,1
2.46,2,46,BA\,BA,bhā,भा,CV,2,1,2.5,CV2,yes,46,1450,20,7,1
2.47,2,47,zRA\,zRA,ṣṇā,ष्णा,CCV,3,1,3.0,CCV2,yes,1,1,1,1,1
2.48,2,48,SrA\,SrA,śrā,श्रा,CCV,3,1,3.0,CCV2,no,0,0,0,0,2
2.49,2,49,drA\,drA,drā,द्रा,CCV,3,1,3.0,CCV2,yes,7,29,3,5,1
2.50,2,50,psA\,psA,psā,प्सा,CCV,3,1,3.0,CCV2,yes,5,7,2,5,1
2.51,2,51,pA\,pA,pā,पा,CV,2,1,2.5,CV2,yes,79,5661,17,22,2
2.52,2,52,rA\,rA,rā,रा,CV,2,1,2.5,CV2,yes,12,233,2,11,1
2.53,2,53,lA\,lA,lā,ला,CV,2,1,2.5,CV2,no,0,0,0,0,1
2.54,2,54,dA\p,dAp,dāp,दाप्,CVC,3,1,3.0,CV2C,no,0,0,0,0,1
2.55,2,55,KyA\,KyA,khyā,ख्या,CCV,3,1,3.0,CCV2,yes,94,4255,24,16,1
2.56,2,56,prA\,prA,prā,प्रा,CCV,3,1,3.0,CCV2,yes,6,60,2,5,1
2.57,2,57,mA\,mA,mā,मा,CV,2,1,2.5,CV2,yes,85,2734,14,19,3
2.58,2,58,va\ca~,vac,vac,वच्,CVC,3,1,2.0,CV1C,yes,98,38480,22,19,2
2.59,2,59,vida~,vid,vid,विद्,CVC,3,1,2.0,CV1C,yes,69,11773,14,23,4
2.60,2,60,asa~,as,as,अस्,VC,2,1,1.5,V1C,yes,75,36765,13,16,3
2.61,2,61,mfjU~,mfjU,mṛjū,मृजू,CVCV,4,2,4.0,CV1CV2,no,0,0,0,0,2
2.62,2,62,rudi~r,rudir,rudir,रुदिर्,CVCVC,5,2,3.5,CV1CV1C,no,0,0,0,0,1
2.63,2,63,Yizva\pa~,zvap,ṣvap,ष्वप्,CCVC,4,1,2.5,CCV1C,yes,1,2,1,1,1
2.64,2,64,Svasa~,Svas,śvas,श्वस्,CCVC,4,1,2.5,CCV1C,yes,63,852,19,12,1
2.65,2,65,ana~,an,an,अन्,VC,2,1,1.5,V1C,yes,16,35,5,7,2
2.66,2,66,jakza~,jakz,jakṣ,जक्ष्,CVCC,4,1,2.5,CV1CC,yes,7,118,3,5,1
2.67,2,67,jAgf,jAgf,jāgṛ,जागृ,CVCV,4,2,4.0,CV2CV1,yes,17,346,5,11,1
2.68,2,68,daridrA,daridrA,daridrā,दरिद्रा,CVCVCCV,7,3,6.0,CV1CV1CCV2,no,0,0,0,0,1
2.69,2,69,cakAsf~,cakAsf,cakāsṛ,चकासृ,CVCVCV,6,3,5.5,CV1CV2CV1,no,0,0,0,0,1
2.70,2,70,SAsu~,SAs,śās,शास्,CVC,3,1,3.0,CV2C,yes,60,1295,12,17,1
2.71,2,71,dIDIN,dIDI,dīdhī,दीधी,CVCV,4,2,5.0,CV2CV2,no,0,0,0,0,1
2.72,2,72,vevIN,vevI,vevī,वेवी,CVCV,4,2,5.0,CV2CV2,no,0,0,0,0,1
2.73,2,73,zasa~,zas,ṣas,षस्,CVC,3,1,2.0,CV1C,no,0,0,0,0,1
2.74,2,74,zasti~,zast,ṣast,षस्त्,CVCC,4,1,2.5,CV1CC,no,0,0,0,0,1
2.75,2,75,vaSa~,vaS,vaś,वश्,CVC,3,1,2.0,CV1C,yes,8,302,1,8,1
2.76,2,76,hnu\N,hnu,hnu,ह्नु,CCV,3,1,2.0,CCV1,yes,16,95,5,8,1
3.1,3,1,hu\,hu,hu,हु,CV,2,1,1.5,CV1,yes,47,6881,10,20,1
3.2,3,2,YiBI\,BI,bhī,भी,CV,2,1,2.5,CV2,yes,15,1387,3,12,1
3.3,3,3,hrI\,hrI,hrī,ह्री,CCV,3,1,3.0,CCV2,yes,5,28,1,5,1
3.4,3,4,pF\,pF,pṝ,पॄ,CV,2,1,2.5,CV2,no,0,0,0,0,3
3.5,3,5,pf\,pf,pṛ,पृ,CV,2,1,1.5,CV1,yes,39,2105,11,18,3
3.6,3,6,quBf\Y,Bf,bhṛ,भृ,CV,2,1,1.5,CV1,yes,72,2737,16,22,2
3.7,3,7,mA\N,mA,mā,मा,CV,2,1,2.5,CV2,yes,85,2734,14,19,3
3.8,3,8,o~hA\N,ohA,ohā,ओहा,VCV,3,2,4.5,V2CV2,no,0,0,0,0,1
3.9,3,9,o~hA\k,ohAk,ohāk,ओहाक्,VCVC,4,2,5.0,V2CV2C,no,0,0,0,0,1
3.10,3,10,qudA\Y,dA,dā,दा,CV,2,1,2.5,CV2,yes,176,17897,38,22,1
3.11,3,11,quDA\Y,DA,dhā,धा,CV,2,1,2.5,CV2,yes,386,17082,70,24,1
3.12,3,12,Ri\ji~^r,Rijir,ṇijir,णिजिर्,CVCVC,5,2,3.5,CV1CV1C,no,0,0,0,0,1
3.13,3,13,vi\ji~^r,vijir,vijir,विजिर्,CVCVC,5,2,3.5,CV1CV1C,no,0,0,0,0,1
3.14,3,14,vi\zx~^,vizx,viṣḷ,विषॢ,CVCV,4,2,3.0,CV1CV1,no,0,0,0,0,1
3.15,3,15,Gf\,Gf,ghṛ,घृ,CV,2,1,1.5,CV1,yes,6,38,3,3,3
3.16,3,16,hf\,hf,hṛ,हृ,CV,2,1,1.5,CV1,yes,368,9296,77,19,2
3.17,3,17,f\,f,ṛ,ऋ,V,1,1,1.0,V1,no,0,0,0,0,3
3.18,3,18,sf\,sf,sṛ,सृ,CV,2,1,1.5,CV1,yes,112,1356,34,15,2
3.19,3,19,Basa~,Bas,bhas,भस्,CVC,3,1,2.0,CV1C,yes,6,27,2,5,2
3.20,3,20,ki\,ki,ki,कि,CV,2,1,1.5,CV1,no,0,0,0,0,1
3.22,3,22,tura~,tur,tur,तुर्,CVC,3,1,2.0,CV1C,yes,5,16,1,5,1
3.23,3,23,Diza~,Diz,dhiṣ,धिष्,CVC,3,1,2.0,CV1C,no,0,0,0,0,1
3.24,3,24,Dana~,Dan,dhan,धन्,CVC,3,1,2.0,CV1C,yes,3,17,2,3,1
3.25,3,25,jana~,jan,jan,जन्,CVC,3,1,2.0,CV1C,yes,108,11478,24,21,1
3.26,3,26,gA\,gA,gā,गा,CV,2,1,2.5,CV2,yes,124,2915,31,22,2
4.1,4,1,divu~,div,div,दिव्,CVC,3,1,2.0,CV1C,yes,2,2,1,2,3
4.2,4,2,zivu~,ziv,ṣiv,षिव्,CVC,3,1,2.0,CV1C,no,0,0,0,0,2
4.3,4,3,srivu~,sriv,sriv,स्रिव्,CCVC,4,1,2.5,CCV1C,yes,1,1,1,1,1
4.4,4,4,zWivu~,zWiv,ṣṭhiv,ष्ठिव्,CCVC,4,1,2.5,CCV1C,yes,1,1,1,1,2
4.5,4,5,zRusu~,zRus,ṣṇus,ष्णुस्,CCVC,4,1,2.5,CCV1C,no,0,0,0,0,1
4.6,4,6,zRasu~,zRas,ṣṇas,ष्णस्,CCVC,4,1,2.5,CCV1C,no,0,0,0,0,1
4.7,4,7,knasu~,knas,knas,क्नस्,CCVC,4,1,2.5,CCV1C,no,0,0,0,0,2
4.8,4,8,vyuza~,vyuz,vyuṣ,व्युष्,CCVC,4,1,2.5,CCV1C,no,0,0,0,0,2
4.9,4,9,pluza~,pluz,pluṣ,प्लुष्,CCVC,4,1,2.5,CCV1C,yes,4,23,3,2,4
4.10,4,10,nftI~,nftI,nṛtī,नृती,CVCV,4,2,4.0,CV1CV2,no,0,0,0,0,1
4.11,4,11,trasI~,trasI,trasī,त्रसी,CCVCV,5,2,4.5,CCV1CV2,no,0,0,0,0,1
4.12,4,12,kuTa~,kuT,kuth,कुथ्,CVC,3,1,2.0,CV1C,no,0,0,0,0,2
4.13,4,13,puTa~,puT,puth,पुथ्,CVC,3,1,2.0,CV1C,no,0,0,0,0,3
4.14,4,14,guDa~,guD,gudh,गुध्,CVC,3,1,2.0,CV1C,no,0,0,0,0,2
4.15,4,15,kzi\pa~,kzip,kṣip,क्षिप्,CCVC,4,1,2.5,CCV1C,yes,154,4955,35,16,2
4.16,4,16,puzpa~,puzp,puṣp,पुष्प्,CVCC,4,1,2.5,CV1CC,yes,1,3,1,1,1
4.17,4,17,tima~,tim,tim,तिम्,CVC,3,1,2.0,CV1C,yes,1,7,1,1,1
4.18,4,18,tIma~,tIm,tīm,तीम्,CVC,3,1,3.0,CV2C,no,0,0,0,0,1
4.19,4,19,zwima~,zwim,ṣṭim,ष्टिम्,CCVC,4,1,2.5,CCV1C,no,0,0,0,0,1
4.20,4,20,zwIma~,zwIm,ṣṭīm,ष्टीम्,CCVC,4,1,3.5,CCV2C,no,0,0,0,0,1
4.21,4,21,vrIqa~,vrIq,vrīḍ,व्रीड्,CCVC,4,1,3.5,CCV2C,yes,2,84,1,2,1
4.23,4,23,zaha~,zah,ṣah,षह्,CVC,3,1,2.0,CV1C,yes,10,120,2,9,3
4.24,4,24,zuha~,zuh,ṣuh,षुह्,CVC,3,1,2.0,CV1C,no,0,0,0,0,1
4.25,4,25,jFz,jF,jṝ,जॄ,CV,2,1,2.5,CV2,no,0,0,0,0,3
4.26,4,26,JFz,JF,jhṝ,झॄ,CV,2,1,2.5,CV2,no,0,0,0,0,2
4.27,4,27,zUN,zU,ṣū,षू,CV,2,1,2.5,CV2,yes,11,35,4,7,3
4.28,4,28,dUN,dU,dū,दू,CV,2,1,2.5,CV2,no,0,0,0,0,1
4.29,4,29,dIN,dI,dī,दी,CV,2,1,2.5,CV2,yes,8,16,2,6,1
4.30,4,30,qI\N,qI,ḍī,डी,CV,2,1,2.5,CV2,yes,1,1,1,1,2
4.31,4,31,DI\N,DI,dhī,धी,CV,2,1,2.5,CV2,yes,13,76,5,6,1
4.32,4,32,mI\N,mI,mī,मी,CV,2,1,2.5,CV2,yes,25,222,3,14,3
4.33,4,33,rI\N,rI,rī,री,CV,2,1,2.5,CV2,yes,2,4,1,2,2
4.34,4,34,lI\N,lI,lī,ली,CV,2,1,2.5,CV2,yes,59,717,21,8,3
4.35,4,35,vrI\N,vrI,vrī,व्री,CCV,3,1,3.0,CCV2,no,0,0,0,0,2
4.36,4,36,pI\N,pI,pī,पी,CV,2,1,2.5,CV2,yes,3,8,2,2,1
4.37,4,37,mA\N,mA,mā,मा,CV,2,1,2.5,CV2,yes,85,2734,14,19,3
4.38,4,38,I\N,I,ī,ई,V,1,1,2.0,V2,yes,3,193,2,2,1
4.39,4,39,prI\N,prI,prī,प्री,CCV,3,1,3.0,CCV2,yes,28,1847,6,16,3
4.40,4,40,So\,So,śo,शो,CV,2,1,2.5,CV2,no,0,0,0,0,1
4.41,4,41,co\,co,co,चो,CV,2,1,2.5,CV2,no,0,0,0,0,1
4.42,4,42,zo\,zo,ṣo,षो,CV,2,1,2.5,CV2,no,0,0,0,0,1
4.43,4,43,do\,do,do,दो,CV,2,1,2.5,CV2,yes,24,584,10,7,1
4.44,4,44,janI~\,janI,janī,जनी,CVCV,4,2,4.0,CV1CV2,no,0,0,0,0,2
4.45,4,45,dIpI~\,dIpI,dīpī,दीपी,CVCV,4,2,5.0,CV2CV2,no,0,0,0,0,1
4.46,4,46,pUrI~\,pUrI,pūrī,पूरी,CVCV,4,2,5.0,CV2CV2,no,0,0,0,0,2
4.47,4,47,tUrI~\,tUrI,tūrī,तूरी,CVCV,4,2,5.0,CV2CV2,no,0,0,0,0,1
4.48,4,48,DUrI\,DUrI,dhūrī,धूरी,CVCV,4,2,5.0,CV2CV2,no,0,0,0,0,1
4.49,4,49,gUrI~\,gUrI,gūrī,गूरी,CVCV,4,2,5.0,CV2CV2,no,0,0,0,0,1
4.50,4,50,GUrI\,GUrI,ghūrī,घूरी,CVCV,4,2,5.0,CV2CV2,no,0,0,0,0,1
4.51,4,51,jUrI~\,jUrI,jūrī,जूरी,CVCV,4,2,5.0,CV2CV2,no,0,0,0,0,1
4.52,4,52,SUrI~\,SUrI,śūrī,शूरी,CVCV,4,2,5.0,CV2CV2,no,0,0,0,0,1
4.53,4,53,cUrI~\,cUrI,cūrī,चूरी,CVCV,4,2,5.0,CV2CV2,no,0,0,0,0,1
4.54,4,54,ta\pa~\,tap,tap,तप्,CVC,3,1,2.0,CV1C,yes,96,3111,20,20,3
4.55,4,55,vftu~\,vft,vṛt,वृत्,CVC,3,1,2.0,CV1C,yes,293,8572,60,20,3
4.56,4,56,vAvftu~\,vAvft,vāvṛt,वावृत्,CVCVC,5,2,4.5,CV2CV1C,no,0,0,0,0,1
4.57,4,57,kliSa~\,kliS,kliś,क्लिश्,CCVC,4,1,2.5,CCV1C,yes,20,326,6,9,1
4.58,4,58,kASf~\,kASf,kāśṛ,काशृ,CVCV,4,2,4.0,CV2CV1,no,0,0,0,0,2
4.59,4,59,vASf~\,vASf,vāśṛ,वाशृ,CVCV,4,2,4.0,CV2CV1,no,0,0,0,0,1
4.60,4,60,mfza~^,mfz,mṛṣ,मृष्,CVC,3,1,2.0,CV1C,yes,22,165,6,11,3
4.61,4,61,I~Suci~^r,ISucir,īśucir,ईशुचिर्,VCVCVC,6,3,5.5,V2CV1CV1C,no,0,0,0,0,1
4.62,4,62,Rah\a~^,Rah,ṇah,णह्,CVC,3,1,2.0,CV1C,yes,6,20,2,4,1
4.63,4,63,ra\Yja~^,raYj,rañj,रञ्ज्,CVCC,4,1,2.5,CV1CC,yes,32,705,10,10,2
4.64,4,64,Sa\pa~^,Sap,śap,शप्,CVC,3,1,2.0,CV1C,yes,24,515,8,12,2
4.65,4,65,pa\da~\,pad,pad,पद्,CVC,3,1,2.0,CV1C,yes,207,7629,41,19,2
4.66,4,66,Ki\da~\,Kid,khid,खिद्,CVC,3,1,2.0,CV1C,yes,25,218,7,10,3
4.67,4,67,vi\da~\,vid,vid,विद्,CVC,3,1,2.0,CV1C,yes,69,11773,14,23,4
4.68,4,68,bu\Da~\,buD,budh,बुध्,CVC,3,1,2.0,CV1C,yes,89,2409,19,16,2
4.69,4,69,yu\Da~\,yuD,yudh,युध्,CVC,3,1,2.0,CV1C,yes,46,1409,9,16,1
4.70,4,70,anoru\Da~\,anoruD,anorudh,अनोरुध्,VCVCVC,6,3,5.5,V1CV2CV1C,no,0,0,0,0,1
4.71,4,71,aRa~\,aR,aṇ,अण्,VC,2,1,1.5,V1C,no,0,0,0,0,2
4.72,4,72,ana~\,an,an,अन्,VC,2,1,1.5,V1C,yes,16,35,5,7,2
4.73,4,73,ma\na~\,man,man,मन्,CVC,3,1,2.0,CV1C,yes,74,6008,16,17,3
4.74,4,74,yu\ja~\,yuj,yuj,युज्,CVC,3,1,2.0,CV1C,yes,172,10312,29,20,2
4.75,4,75,sf\ja~\,sfj,sṛj,सृज्,CVC,3,1,2.0,CV1C,yes,182,6260,44,22,2
4.76,4,76,li\Sa~\,liS,liś,लिश्,CVC,3,1,2.0,CV1C,yes,3,7,1,3,2
4.77,4,77,rA\Do,rADo,rādho,राधो,CVCV,4,2,5.0,CV2CV2,no,0,0,0,0,1
4.78,4,78,vya\Da~,vyaD,vyadh,व्यध्,CCVC,4,1,2.5,CCV1C,yes,83,2304,23,16,1
4.79,4,79,pu\za~,puz,puṣ,पुष्,CVC,3,1,2.0,CV1C,yes,19,452,6,14,4
4.80,4,80,Su\za~,Suz,śuṣ,शुष्,CVC,3,1,2.0,CV1C,yes,31,240,10,11,1
4.81,4,81,tu\za~,tuz,tuṣ,तुष्,CVC,3,1,2.0,CV1C,yes,27,1104,8,11,1
4.82,4,82,du\za~,duz,duṣ,दुष्,CVC,3,1,2.0,CV1C,yes,23,954,10,7,1
4.83,4,83,Sli\za~,Sliz,śliṣ,श्लिष्,CCVC,4,1,2.5,CCV1C,yes,30,278,9,9,3
4.84,4,84,Sa\ka~^,Sak,śak,शक्,CVC,3,1,2.0,CV1C,yes,24,1961,7,17,2
4.85,4,85,zvi\dA~,zvidA,ṣvidā,ष्विदा,CCVCV,5,2,4.5,CCV1CV2,no,0,0,0,0,2
4.86,4,86,kru\Da~,kruD,krudh,क्रुध्,CCVC,4,1,2.5,CCV1C,yes,26,2250,7,13,1
4.87,4,87,kzu\Da~,kzuD,kṣudh,क्षुध्,CCVC,4,1,2.5,CCV1C,yes,4,100,2,3,1
4.88,4,88,Su\Da~,SuD,śudh,शुध्,CVC,3,1,2.0,CV1C,yes,20,3171,5,9,1
4.89,4,89,zi\Du~,ziD,ṣidh,षिध्,CVC,3,1,2.0,CV1C,yes,30,305,6,13,2
4.90,4,90,ra\Da~,raD,radh,रध्,CVC,3,1,2.0,CV1C,yes,7,45,1,7,1
4.91,4,91,Ra\Sa~,RaS,ṇaś,णश्,CVC,3,1,2.0,CV1C,yes,18,331,5,12,1
4.92,4,92,tf\pa~,tfp,tṛp,तृप्,CVC,3,1,2.0,CV1C,yes,25,751,7,13,5
4.93,4,93,df\pa~,dfp,dṛp,दृप्,CVC,3,1,2.0,CV1C,yes,5,107,2,4,3
4.94,4,94,druh\a~,druh,druh,द्रुह्,CCVC,4,1,2.5,CCV1C,yes,20,114,3,11,1
4.95,4,95,muh\a~,muh,muh,मुह्,CVC,3,1,2.0,CV1C,yes,34,1308,10,10,1
4.96,4,96,zRuh\a~,zRuh,ṣṇuh,ष्णुह्,CCVC,4,1,2.5,CCV1C,no,0,0,0,0,1
4.97,4,97,zRih\a~,zRih,ṣṇih,ष्णिह्,CCVC,4,1,2.5,CCV1C,no,0,0,0,0,1
4.98,4,98,Samu~,Sam,śam,शम्,CVC,3,1,2.0,CV1C,yes,51,1651,13,15,2
4.99,4,99,tamu~,tam,tam,तम्,CVC,3,1,2.0,CV1C,yes,19,123,8,9,1
4.100,4,100,damu~,dam,dam,दम्,CVC,3,1,2.0,CV1C,yes,7,342,1,7,1
4.101,4,101,Sramu~,Sram,śram,श्रम्,CCVC,4,1,2.5,CCV1C,yes,31,778,11,12,1
4.102,4,102,Bramu~,Bram,bhram,भ्रम्,CCVC,4,1,2.5,CCV1C,yes,33,963,7,10,2
4.103,4,103,kzamU~,kzamU,kṣamū,क्षमू,CCVCV,5,2,4.5,CCV1CV2,no,0,0,0,0,2
4.104,4,104,klamu~,klam,klam,क्लम्,CCVC,4,1,2.5,CCV1C,yes,3,92,2,2,1
4.105,4,105,madI~,madI,madī,मदी,CVCV,4,2,4.0,CV1CV2,no,0,0,0,0,2
4.106,4,106,asu~,as,as,अस्,VC,2,1,1.5,V1C,yes,75,36765,13,16,3
4.107,4,107,yasu~,yas,yas,यस्,CVC,3,1,2.0,CV1C,yes,7,48,5,5,1
4.108,4,108,jasu~,jas,jas,जस्,CVC,3,1,2.0,CV1C,yes,5,10,2,5,4
4.109,4,109,tasu~,tas,tas,तस्,CVC,3,1,2.0,CV1C,no,0,0,0,0,3
4.110,4,110,dasu~,das,das,दस्,CVC,3,1,2.0,CV1C,yes,15,76,4,7,4
4.111,4,111,vasu~,vas,vas,वस्,CVC,3,1,2.0,CV1C,yes,128,4122,27,16,5
4.112,4,112,basu~,bas,bas,बस्,CVC,3,1,2.0,CV1C,no,0,0,0,0,1
4.113,4,113,Basu~,Bas,bhas,भस्,CVC,3,1,2.0,CV1C,yes,6,27,2,5,2
4.114,4,114,vyuza~,vyuz,vyuṣ,व्युष्,CCVC,4,1,2.5,CCV1C,no,0,0,0,0,2
4.115,4,115,vyusa~,vyus,vyus,व्युस्,CCVC,4,1,2.5,CCV1C,no,0,0,0,0,2
4.116,4,116,byusa~,byus,byus,ब्युस्,CCVC,4,1,2.5,CCV1C,no,0,0,0,0,1
4.117,4,117,busa~,bus,bus,बुस्,CVC,3,1,2.0,CV1C,no,0,0,0,0,2
4.118,4,118,vusa~,vus,vus,वुस्,CVC,3,1,2.0,CV1C,no,0,0,0,0,1
4.122,4,122,pluza~,pluz,pluṣ,प्लुष्,CCVC,4,1,2.5,CCV1C,yes,4,23,3,2,4
4.123,4,123,visa~,vis,vis,विस्,CVC,3,1,2.0,CV1C,no,0,0,0,0,2
4.125,4,125,kusa~,kus,kus,कुस्,CVC,3,1,2.0,CV1C,no,0,0,0,0,2
4.129,4,129,busa~,bus,bus,बुस्,CVC,3,1,2.0,CV1C,no,0,0,0,0,2
4.130,4,130,musa~,mus,mus,मुस्,CVC,3,1,2.0,CV1C,no,0,0,0,0,1
4.131,4,131,masI~,masI,masī,मसी,CVCV,4,2,4.0,CV1CV2,no,0,0,0,0,1
4.132,4,132,samI~,samI,samī,समी,CVCV,4,2,4.0,CV1CV2,no,0,0,0,0,1
4.133,4,133,luwa~,luw,luṭ,लुट्,CVC,3,1,2.0,CV1C,no,0,0,0,0,6
4.135,4,135,uca~,uc,uc,उच्,VC,2,1,1.5,V1C,yes,6,53,3,4,3
4.136,4,136,BfSu~,BfS,bhṛś,भृश्,CVC,3,1,2.0,CV1C,no,0,0,0,0,2
4.137,4,137,BfMSu~,BfMS,bhṛṃś,भृं्श्,CVCC,4,1,2.5,CV1CC,no,0,0,0,0,1
4.138,4,138,BraMSu~,BraMS,bhraṃś,भ्रं्श्,CCVCC,5,1,3.0,CCV1CC,yes,30,520,8,10,2
4.139,4,139,vfSa~,vfS,vṛś,वृश्,CVC,3,1,2.0,CV1C,no,0,0,0,0,1
4.140,4,140,kfSa~,kfS,kṛś,कृश्,CVC,3,1,2.0,CV1C,yes,7,11,3,5,1
4.141,4,141,Yitfza~,tfz,tṛṣ,तृष्,CVC,3,1,2.0,CV1C,yes,13,71,5,7,1
4.142,4,142,hfza~,hfz,hṛṣ,हृष्,CVC,3,1,2.0,CV1C,yes,38,1950,10,12,2
4.143,4,143,ruza~,ruz,ruṣ,रुष्,CVC,3,1,2.0,CV1C,yes,5,103,2,4,3
4.144,4,144,riza~,riz,riṣ,रिष्,CVC,3,1,2.0,CV1C,yes,19,302,4,13,2
4.145,4,145,qipa~,qip,ḍip,डिप्,CVC,3,1,2.0,CV1C,no,0,0,0,0,4
4.146,4,146,kupa~,kup,kup,कुप्,CVC,3,1,2.0,CV1C,yes,25,698,7,11,2
4.147,4,147,gupa~,gup,gup,गुप्,CVC,3,1,2.0,CV1C,yes,19,636,9,8,3
4.148,4,148,yupa~,yup,yup,युप्,CVC,3,1,2.0,CV1C,yes,3,11,1,3,1
4.149,4,149,rupa~,rup,rup,रुप्,CVC,3,1,2.0,CV1C,yes,3,6,1,3,1
4.150,4,150,lupa~,lup,lup,लुप्,CVC,3,1,2.0,CV1C,yes,52,241,17,12,1
4.151,4,151,zwupa~,zwup,ṣṭup,ष्टुप्,CCVC,4,1,2.5,CCV1C,no,0,0,0,0,2
4.153,4,153,luBa~,luB,lubh,लुभ्,CVC,3,1,2.0,CV1C,yes,8,335,4,6,2
4.154,4,154,kzuBa~,kzuB,kṣubh,क्षुभ्,CCVC,4,1,2.5,CCV1C,yes,24,290,6,9,3
4.155,4,155,RaBa~,RaB,ṇabh,णभ्,CVC,3,1,2.0,CV1C,no,0,0,0,0,3
4.156,4,156,tuBa~,tuB,tubh,तुभ्,CVC,3,1,2.0,CV1C,no,0,0,0,0,3
4.157,4,157,klidU~,klidU,klidū,क्लिदू,CCVCV,5,2,4.5,CCV1CV2,no,0,0,0,0,1
4.158,4,158,YimidA~,midA,midā,मिदा,CVCV,4,2,4.0,CV1CV2,no,0,0,0,0,2
4.159,4,159,YikzvidA~,kzvidA,kṣvidā,क्ष्विदा,CCCVCV,6,2,5.0,CCCV1CV2,no,0,0,0,0,3
4.160,4,160,fDu~,fD,ṛdh,ऋध्,VC,2,1,1.5,V1C,yes,34,1072,3,18,2
4.161,4,161,gfDu~,gfD,gṛdh,गृध्,CVC,3,1,2.0,CV1C,yes,12,70,6,7,1
5.1,5,1,zu\Y,zu,ṣu,षु,CV,2,1,1.5,CV1,yes,11,159,1,11,3
5.2,5,2,zi\Y,zi,ṣi,षि,CV,2,1,1.5,CV1,no,0,0,0,0,2
5.3,5,3,Si\Y,Si,śi,शि,CV,2,1,1.5,CV1,no,0,0,0,0,1
5.4,5,4,qu\mi\Y,mi,mi,मि,CV,2,1,1.5,CV1,yes,32,179,10,9,1
5.5,5,5,ci\Y,ci,ci,चि,CV,2,1,1.5,CV1,yes,88,1768,22,17,3
5.6,5,6,stf\Y,stf,stṛ,स्तृ,CCV,3,1,2.0,CCV1,yes,84,1586,25,18,1
5.7,5,7,kf\Y,kf,kṛ,कृ,CV,2,1,1.5,CV1,yes,1062,50155,491,25,2
5.8,5,8,vfY,vf,vṛ,वृ,CV,2,1,1.5,CV1,yes,121,5094,25,21,3
5.9,5,9,Du\Y,Du,dhu,धु,CV,2,1,1.5,CV1,no,0,0,0,0,1
5.10,5,10,DUY,DU,dhū,धू,CV,2,1,2.5,CV2,yes,60,712,16,16,3
5.11,5,11,wudu\,du,du,दु,CV,2,1,1.5,CV1,yes,14,104,6,7,2
5.12,5,12,hi\,hi,hi,हि,CV,2,1,1.5,CV1,yes,27,666,8,13,1
5.13,5,13,pf\,pf,pṛ,पृ,CV,2,1,1.5,CV1,yes,39,2105,11,18,3
5.14,5,14,spf\,spf,spṛ,स्पृ,CCV,3,1,2.0,CCV1,yes,15,166,4,11,1
5.15,5,15,smf\,smf,smṛ,स्मृ,CCV,3,1,2.0,CCV1,yes,65,4689,12,14,3
5.16,5,16,A\px~,Apx,āpḷ,आपॢ,VCV,3,2,3.5,V2CV1,no,0,0,0,0,2
5.17,5,17,Sa\kx~,Sakx,śakḷ,शकॢ,CVCV,4,2,3.0,CV1CV1,no,0,0,0,0,1
5.18,5,18,rA\Da~,rAD,rādh,राध्,CVC,3,1,3.0,CV2C,yes,34,388,8,16,1
5.19,5,19,sA\Da~,sAD,sādh,साध्,CVC,3,1,3.0,CV2C,yes,10,86,1,10,1
5.20,5,20,aSU~\,aSU,aśū,अशू,VCV,3,2,3.5,V1CV2,no,0,0,0,0,1
5.21,5,21,zwiGa~\,zwiG,ṣṭigh,ष्टिघ्,CCVC,4,1,2.5,CCV1C,no,0,0,0,0,1
5.22,5,22,tika~,tik,tik,तिक्,CVC,3,1,2.0,CV1C,no,0,0,0,0,1
5.23,5,23,tiga~,tig,tig,तिग्,CVC,3,1,2.0,CV1C,no,0,0,0,0,1
5.24,5,24,zaGa~,zaG,ṣagh,षघ्,CVC,3,1,2.0,CV1C,no,0,0,0,0,1
5.25,5,25,YiDfzA~,DfzA,dhṛṣā,धृषा,CVCV,4,2,4.0,CV1CV2,no,0,0,0,0,1
5.26,5,26,damBu~,damB,dambh,दम्भ्,CVCC,4,1,2.5,CV1CC,no,0,0,0,0,1
5.27,5,27,fDu~,fD,ṛdh,ऋध्,VC,2,1,1.5,V1C,yes,34,1072,3,18,2
5.28,5,28,tfpa~,tfp,tṛp,तृप्,CVC,3,1,2.0,CV1C,yes,25,751,7,13,5
5.29,5,29,aha~,ah,ah,अह्,VC,2,1,1.5,V1C,yes,5,9590,5,1,3
5.30,5,30,daGa~,daG,dagh,दघ्,CVC,3,1,2.0,CV1C,yes,10,25,5,7,2
5.31,5,31,camu~,cam,cam,चम्,CVC,3,1,2.0,CV1C,yes,14,476,4,8,3
5.32,5,32,ri,ri,ri,रि,CV,2,1,1.5,CV1,yes,10,69,4,6,2
5.33,5,33,kzi,kzi,kṣi,क्षि,CCV,3,1,2.0,CCV1,yes,49,1400,12,17,3
5.34,5,34,ciri,cir,cir,चिर्,CVC,3,1,2.0,CV1C,no,0,0,0,0,1
5.35,5,35,jiri,jir,jir,जिर्,CVC,3,1,2.0,CV1C,no,0,0,0,0,1
5.36,5,36,dASa~,dAS,dāś,दाश्,CVC,3,1,3.0,CV2C,yes,8,290,1,8,1
5.37,5,37,dF,dF,dṝ,दॄ,CV,2,1,2.5,CV2,no,0,0,0,0,3
5.38,5,38,f,f,ṛ,ऋ,V,1,1,1.0,V1,no,0,0,0,0,3
5.39,5,39,kzI,kzI,kṣī,क्षी,CCV,3,1,3.0,CCV2,no,0,0,0,0,2
6.1,6,1,tu\da~^,tud,tud,तुद्,CVC,3,1,2.0,CV1C,yes,26,159,10,9,1
6.2,6,2,Ru\da~^,Rud,ṇud,णुद्,CVC,3,1,2.0,CV1C,yes,26,194,9,12,2
6.3,6,3,di\Sa~^,diS,diś,दिश्,CVC,3,1,2.0,CV1C,yes,136,2654,27,17,1
6.4,6,4,Bra\sja~^,Brasj,bhrasj,भ्रस्ज्,CCVCC,5,1,3.0,CCV1CC,no,0,0,0,0,1
6.5,6,5,kzi\pa~^,kzip,kṣip,क्षिप्,CCVC,4,1,2.5,CCV1C,yes,154,4955,35,16,2
6.6,6,6,kf\za~^,kfz,kṛṣ,कृष्,CVC,3,1,2.0,CV1C,yes,132,1336,28,17,2
6.7,6,7,fzI~,fzI,ṛṣī,ऋषी,VCV,3,2,3.5,V1CV2,no,0,0,0,0,1
6.8,6,8,juzI~\,juzI,juṣī,जुषी,CVCV,4,2,4.0,CV1CV2,no,0,0,0,0,1
6.9,6,9,o~vijI~\,ovijI,ovijī,ओविजी,VCVCV,5,3,6.0,V2CV1CV2,no,0,0,0,0,2
6.10,6,10,o~lajI~\,olajI,olajī,ओलजी,VCVCV,5,3,6.0,V2CV1CV2,no,0,0,0,0,1
6.11,6,11,o~lasjI~\,olasjI,olasjī,ओलस्जी,VCVCCV,6,3,6.5,V2CV1CCV2,no,0,0,0,0,1
6.12,6,12,o~vraScU~,ovraScU,ovraścū,ओव्रश्चू,VCCVCCV,7,3,7.0,V2CCV1CCV2,no,0,0,0,0,1
6.13,6,13,vyaca~,vyac,vyac,व्यच्,CCVC,4,1,2.5,CCV1C,yes,7,21,2,6,1
6.14,6,14,uci~,uc,uc,उच्,VC,2,1,1.5,V1C,yes,6,53,3,4,3
6.15,6,15,ucI~,ucI,ucī,उची,VCV,3,2,3.5,V1CV2,no,0,0,0,0,2
6.16,6,16,fca~,fc,ṛc,ऋच्,VC,2,1,1.5,V1C,no,0,0,0,0,2
6.17,6,17,mica~,mic,mic,मिच्,CVC,3,1,2.0,CV1C,no,0,0,0,0,1
6.18,6,18,jarja~,jarj,jarj,जर्ज्,CVCC,4,1,2.5,CV1CC,no,0,0,0,0,1
6.19,6,19,carca~,carc,carc,चर्च्,CVCC,4,1,2.5,CV1CC,no,0,0,0,0,3
6.20,6,20,JarJa~,JarJ,jharjh,झर्झ्,CVCC,4,1,2.5,CV1CC,no,0,0,0,0,1
6.21,6,21,tvaca~,tvac,tvac,त्वच्,CCVC,4,1,2.5,CCV1C,no,0,0,0,0,1
6.22,6,22,fca~,fc,ṛc,ऋच्,VC,2,1,1.5,V1C,no,0,0,0,0,2
6.23,6,23,ubja~,ubj,ubj,उब्ज्,VCC,3,1,2.0,V1CC,yes,8,21,3,5,1
6.24,6,24,ujJa~,ujJ,ujjh,उज्झ्,VCC,3,1,2.0,V1CC,no,0,0,0,0,1
6.25,6,25,luBa~,luB,lubh,लुभ्,CVC,3,1,2.0,CV1C,yes,8,335,4,6,2
6.26,6,26,riPa~,riP,riph,रिफ्,CVC,3,1,2.0,CV1C,yes,1,1,1,1,1
6.27,6,27,riha~,rih,rih,रिह्,CVC,3,1,2.0,CV1C,yes,4,50,3,2,1
6.28,6,28,tfpa~,tfp,tṛp,तृप्,CVC,3,1,2.0,CV1C,yes,25,751,7,13,5
6.29,6,29,tfmpa~,tfmp,tṛmp,तृम्प्,CVCC,4,1,2.5,CV1CC,no,0,0,0,0,1
6.30,6,30,tfPa~,tfP,tṛph,तृफ्,CVC,3,1,2.0,CV1C,no,0,0,0,0,1
6.31,6,31,tfmPa~,tfmP,tṛmph,तृम्फ्,CVCC,4,1,2.5,CV1CC,no,0,0,0,0,1
6.32,6,32,tupa~,tup,tup,तुप्,CVC,3,1,2.0,CV1C,yes,1,1,1,1,2
6.33,6,33,tumpa~,tump,tump,तुम्प्,CVCC,4,1,2.5,CV1CC,no,0,0,0,0,2
6.34,6,34,tuPa~,tuP,tuph,तुफ्,CVC,3,1,2.0,CV1C,no,0,0,0,0,2
6.35,6,35,tumPa~,tumP,tumph,तुम्फ्,CVCC,4,1,2.5,CV1CC,no,0,0,0,0,2
6.36,6,36,dfpa~,dfp,dṛp,दृप्,CVC,3,1,2.0,CV1C,yes,5,107,2,4,3
6.37,6,37,dfmpa~,dfmp,dṛmp,दृम्प्,CVCC,4,1,2.5,CV1CC,no,0,0,0,0,1
6.38,6,38,dfPa~,dfP,dṛph,दृफ्,CVC,3,1,2.0,CV1C,no,0,0,0,0,1
6.39,6,39,dfmPa~,dfmP,dṛmph,दृम्फ्,CVCC,4,1,2.5,CV1CC,no,0,0,0,0,1
6.40,6,40,fPa~,fP,ṛph,ऋफ्,VC,2,1,1.5,V1C,no,0,0,0,0,1
6.41,6,41,fmPa~,fmP,ṛmph,ऋम्फ्,VCC,3,1,2.0,V1CC,no,0,0,0,0,1
6.42,6,42,guPa~,guP,guph,गुफ्,CVC,3,1,2.0,CV1C,no,0,0,0,0,1
6.43,6,43,gumPa~,gumP,gumph,गुम्फ्,CVCC,4,1,2.5,CV1CC,yes,1,7,1,1,1
6.44,6,44,uBa~,uB,ubh,उभ्,VC,2,1,1.5,V1C,yes,4,6,2,3,1
6.45,6,45,umBa~,umB,umbh,उम्भ्,VCC,3,1,2.0,V1CC,no,0,0,0,0,1
6.46,6,46,SuBa~,SuB,śubh,शुभ्,CVC,3,1,2.0,CV1C,yes,15,557,6,10,3
6.47,6,47,SumBa~,SumB,śumbh,शुम्भ्,CVCC,4,1,2.5,CV1CC,no,0,0,0,0,2
6.48,6,48,dfBI~,dfBI,dṛbhī,दृभी,CVCV,4,2,4.0,CV1CV2,no,0,0,0,0,2
6.49,6,49,cftI~,cftI,cṛtī,चृती,CVCV,4,2,4.0,CV1CV2,no,0,0,0,0,1
6.50,6,50,viDa~,viD,vidh,विध्,CVC,3,1,2.0,CV1C,yes,7,209,1,7,1
6.51,6,51,juqa~,juq,juḍ,जुड्,CVC,3,1,2.0,CV1C,no,0,0,0,0,3
6.52,6,52,juna~,jun,jun,जुन्,CVC,3,1,2.0,CV1C,no,0,0,0,0,1
6.53,6,53,mfqa~,mfq,mṛḍ,मृड्,CVC,3,1,2.0,CV1C,yes,6,131,1,6,2
6.54,6,54,pfqa~,pfq,pṛḍ,पृड्,CVC,3,1,2.0,CV1C,no,0,0,0,0,1
6.55,6,55,pfRa~,pfR,pṛṇ,पृण्,CVC,3,1,2.0,CV1C,yes,13,141,2,8,1
6.56,6,56,vfRa~,vfR,vṛṇ,वृण्,CVC,3,1,2.0,CV1C,no,0,0,0,0,1
6.57,6,57,mfRa~,mfR,mṛṇ,मृण्,CVC,3,1,2.0,CV1C,yes,7,30,2,6,1
6.58,6,58,tuRa~,tuR,tuṇ,तुण्,CVC,3,1,2.0,CV1C,no,0,0,0,0,1
6.59,6,59,puRa~,puR,puṇ,पुण्,CVC,3,1,2.0,CV1C,no,0,0,0,0,2
6.60,6,60,muRa~,muR,muṇ,मुण्,CVC,3,1,2.0,CV1C,no,0,0,0,0,1
6.61,6,61,kuRa~,kuR,kuṇ,कुण्,CVC,3,1,2.0,CV1C,no,0,0,0,0,2
6.62,6,62,Suna~,Sun,śun,शुन्,CVC,3,1,2.0,CV1C,no,0,0,0,0,1
6.63,6,63,druRa~,druR,druṇ,द्रुण्,CCVC,4,1,2.5,CCV1C,no,0,0,0,0,1
6.64,6,64,GuRa~,GuR,ghuṇ,घुण्,CVC,3,1,2.0,CV1C,no,0,0,0,0,3
6.65,6,65,GUrRa~,GUrR,ghūrṇ,घूर्ण्,CVCC,4,1,3.5,CV2CC,yes,12,100,6,4,2
6.66,6,66,zura~,zur,ṣur,षुर्,CVC,3,1,2.0,CV1C,no,0,0,0,0,1
6.67,6,67,kura~,kur,kur,कुर्,CVC,3,1,2.0,CV1C,no,0,0,0,0,1
6.68,6,68,Kura~,Kur,khur,खुर्,CVC,3,1,2.0,CV1C,no,0,0,0,0,1
6.69,6,69,mura~,mur,mur,मुर्,CVC,3,1,2.0,CV1C,yes,1,1,1,1,1
6.70,6,70,kzura~,kzur,kṣur,क्षुर्,CCVC,4,1,2.5,CCV1C,no,0,0,0,0,2
6.71,6,71,Gura~,Gur,ghur,घुर्,CVC,3,1,2.0,CV1C,no,0,0,0,0,1
6.72,6,72,pura~,pur,pur,पुर्,CVC,3,1,2.0,CV1C,no,0,0,0,0,1
6.73,6,73,vfhU~,vfhU,vṛhū,वृहू,CVCV,4,2,4.0,CV1CV2,no,0,0,0,0,1
6.74,6,74,bfhU~,bfhU,bṛhū,बृहू,CVCV,4,2,4.0,CV1CV2,no,0,0,0,0,1
6.75,6,75,tfhU~,tfhU,tṛhū,तृहू,CVCV,4,2,4.0,CV1CV2,no,0,0,0,0,1
6.76,6,76,stfhU~,stfhU,stṛhū,स्तृहू,CCVCV,5,2,4.5,CCV1CV2,no,0,0,0,0,1
6.77,6,77,tfMhU~,tfMhU,tṛṃhū,तृं्हू,CVCCV,5,2,4.5,CV1CCV2,no,0,0,0,0,1
6.78,6,78,izu~,iz,iṣ,इष्,VC,2,1,1.5,V1C,yes,16,4844,2,15,2
6.79,6,79,miza~,miz,miṣ,मिष्,CVC,3,1,2.0,CV1C,yes,5,111,2,3,2
6.80,6,80,kila~,kil,kil,किल्,CVC,3,1,2.0,CV1C,no,0,0,0,0,1
6.81,6,81,tila~,til,til,तिल्,CVC,3,1,2.0,CV1C,no,0,0,0,0,3
6.82,6,82,cila~,cil,cil,चिल्,CVC,3,1,2.0,CV1C,no,0,0,0,0,1
6.83,6,83,cala~,cal,cal,चल्,CVC,3,1,2.0,CV1C,yes,36,722,8,8,3
6.84,6,84,ila~,il,il,इल्,VC,2,1,1.5,V1C,no,0,0,0,0,2
6.85,6,85,vila~,vil,vil,विल्,CVC,3,1,2.0,CV1C,no,0,0,0,0,2
6.86,6,86,bila~,bil,bil,बिल्,CVC,3,1,2.0,CV1C,no,0,0,0,0,2
6.87,6,87,Rila~,Ril,ṇil,णिल्,CVC,3,1,2.0,CV1C,no,0,0,0,0,1
6.88,6,88,hila~,hil,hil,हिल्,CVC,3,1,2.0,CV1C,no,0,0,0,0,1
6.89,6,89,Sila~,Sil,śil,शिल्,CVC,3,1,2.0,CV1C,no,0,0,0,0,1
6.90,6,90,zila~,zil,ṣil,षिल्,CVC,3,1,2.0,CV1C,no,0,0,0,0,1
6.91,6,91,mila~,mil,mil,मिल्,CVC,3,1,2.0,CV1C,yes,9,358,3,5,2
6.92,6,92,liKa~,liK,likh,लिख्,CVC,3,1,2.0,CV1C,yes,60,867,13,15,3
6.93,6,93,kuwa~,kuw,kuṭ,कुट्,CVC,3,1,2.0,CV1C,yes,7,9,5,3,3
6.94,6,94,puwa~,puw,puṭ,पुट्,CVC,3,1,2.0,CV1C,yes,9,448,3,5,5
6.95,6,95,kuca~,kuc,kuc,कुच्,CVC,3,1,2.0,CV1C,no,0,0,0,0,3
6.96,6,96,guja~,guj,guj,गुज्,CVC,3,1,2.0,CV1C,no,0,0,0,0,3
6.97,6,97,guqa~,guq,guḍ,गुड्,CVC,3,1,2.0,CV1C,no,0,0,0,0,2
6.98,6,98,qipa~,qip,ḍip,डिप्,CVC,3,1,2.0,CV1C,no,0,0,0,0,4
6.100,6,100,sPuwa~,sPuw,sphuṭ,स्फुट्,CCVC,4,1,2.5,CCV1C,yes,14,166,5,7,5
6.101,6,101,muwa~,muw,muṭ,मुट्,CVC,3,1,2.0,CV1C,no,0,0,0,0,3
6.102,6,102,truwa~,truw,truṭ,त्रुट्,CCVC,4,1,2.5,CCV1C,yes,5,29,2,4,2
6.103,6,103,tuwa~,tuw,tuṭ,तुट्,CVC,3,1,2.0,CV1C,no,0,0,0,0,1
6.104,6,104,cuwa~,cuw,cuṭ,चुट्,CVC,3,1,2.0,CV1C,no,0,0,0,0,4
6.105,6,105,cuwa~,cuw,cuṭ,चुट्,CVC,3,1,2.0,CV1C,no,0,0,0,0,4
6.106,6,106,juqa~,juq,juḍ,जुड्,CVC,3,1,2.0,CV1C,no,0,0,0,0,3
6.107,6,107,juwa~,juw,juṭ,जुट्,CVC,3,1,2.0,CV1C,no,0,0,0,0,1
6.108,6,108,kaqa~,kaq,kaḍ,कड्,CVC,3,1,2.0,CV1C,no,0,0,0,0,5
6.109,6,109,luwa~,luw,luṭ,लुट्,CVC,3,1,2.0,CV1C,no,0,0,0,0,6
6.110,6,110,luWa~,luW,luṭh,लुठ्,CVC,3,1,2.0,CV1C,yes,6,28,3,5,6
6.111,6,111,luqa~,luq,luḍ,लुड्,CVC,3,1,2.0,CV1C,yes,2,2,2,1,3
6.112,6,112,kfqa~,kfq,kṛḍ,कृड्,CVC,3,1,2.0,CV1C,no,0,0,0,0,1
6.113,6,113,kuqa~,kuq,kuḍ,कुड्,CVC,3,1,2.0,CV1C,yes,1,1,1,1,5
6.114,6,114,puqa~,puq,puḍ,पुड्,CVC,3,1,2.0,CV1C,no,0,0,0,0,3
6.115,6,115,Guwa~,Guw,ghuṭ,घुट्,CVC,3,1,2.0,CV1C,no,0,0,0,0,2
6.116,6,116,tuqa~,tuq,tuḍ,तुड्,CVC,3,1,2.0,CV1C,no,0,0,0,0,2
6.117,6,117,Tuqa~,Tuq,thuḍ,थुड्,CVC,3,1,2.0,CV1C,no,0,0,0,0,1
6.118,6,118,sTuqa~,sTuq,sthuḍ,स्थुड्,CCVC,4,1,2.5,CCV1C,no,0,0,0,0,1
6.119,6,119,Kuqa~,Kuq,khuḍ,खुड्,CVC,3,1,2.0,CV1C,no,0,0,0,0,2
6.120,6,120,cuqa~,cuq,cuḍ,चुड्,CVC,3,1,2.0,CV1C,no,0,0,0,0,3
6.121,6,121,sPura~,sPur,sphur,स्फुर्,CCVC,4,1,2.5,CCV1C,yes,27,471,6,11,1
6.122,6,122,sPula~,sPul,sphul,स्फुल्,CCVC,4,1,2.5,CCV1C,no,0,0,0,0,1
6.123,6,123,sPara~,sPar,sphar,स्फर्,CCVC,4,1,2.5,CCV1C,yes,1,1,1,1,1
6.124,6,124,sPala~,sPal,sphal,स्फल्,CCVC,4,1,2.5,CCV1C,no,0,0,0,0,1
6.125,6,125,sPuqa~,sPuq,sphuḍ,स्फुड्,CCVC,4,1,2.5,CCV1C,no,0,0,0,0,2
6.126,6,126,cuqa~,cuq,cuḍ,चुड्,CVC,3,1,2.0,CV1C,no,0,0,0,0,3
6.127,6,127,vruqa~,vruq,vruḍ,व्रुड्,CCVC,4,1,2.5,CCV1C,no,0,0,0,0,1
6.128,6,128,kruqa~,kruq,kruḍ,क्रुड्,CCVC,4,1,2.5,CCV1C,no,0,0,0,0,1
6.129,6,129,Bfqa~,Bfq,bhṛḍ,भृड्,CVC,3,1,2.0,CV1C,no,0,0,0,0,1
6.131,6,131,gurI~\,gurI,gurī,गुरी,CVCV,4,2,4.0,CV1CV2,no,0,0,0,0,1
6.132,6,132,RU,RU,ṇū,णू,CV,2,1,2.5,CV2,yes,6,26,2,5,1
6.133,6,133,DU,DU,dhū,धू,CV,2,1,2.5,CV2,yes,60,712,16,16,3
6.134,6,134,gu\,gu,gu,गु,CV,2,1,1.5,CV1,no,0,0,0,0,3
6.135,6,135,Dru\,Dru,dhru,ध्रु,CCV,3,1,2.0,CCV1,no,0,0,0,0,2
6.136,6,136,kuN,ku,ku,कु,CV,2,1,1.5,CV1,no,0,0,0,0,3
6.137,6,137,kUN,kU,kū,कू,CV,2,1,2.5,CV2,yes,4,5,2,3,1
6.138,6,138,pf\N,pf,pṛ,पृ,CV,2,1,1.5,CV1,yes,39,2105,11,18,3
6.139,6,139,mf\N,mf,mṛ,मृ,CV,2,1,1.5,CV1,yes,28,2665,8,17,1
6.140,6,140,ri\,ri,ri,रि,CV,2,1,1.5,CV1,yes,10,69,4,6,2
6.141,6,141,pi\,pi,pi,पि,CV,2,1,1.5,CV1,no,0,0,0,0,1
6.142,6,142,Di\,Di,dhi,धि,CV,2,1,1.5,CV1,yes,7,33,2,5,1
6.143,6,143,kzi\,kzi,kṣi,क्षि,CCV,3,1,2.0,CCV1,yes,49,1400,12,17,3
6.144,6,144,zU,zU,ṣū,षू,CV,2,1,2.5,CV2,yes,11,35,4,7,3
6.145,6,145,kF,kF,kṝ,कॄ,CV,2,1,2.5,CV2,yes,5,11,3,3,3
6.146,6,146,gF,gF,gṝ,गॄ,CV,2,1,2.5,CV2,no,0,0,0,0,3
6.147,6,147,df\N,df,dṛ,दृ,CV,2,1,1.5,CV1,yes,44,586,12,16,1
6.148,6,148,Df\N,Df,dhṛ,धृ,CV,2,1,1.5,CV1,yes,48,1506,14,17,3
6.149,6,149,pra\ca~,prac,prac,प्रच्,CCVC,4,1,2.5,CCV1C,no,0,0,0,0,1
6.150,6,150,sf\ja~,sfj,sṛj,सृज्,CVC,3,1,2.0,CV1C,yes,182,6260,44,22,2
6.151,6,151,wuma\sjo~,masjo,masjo,मस्जो,CVCCV,5,2,4.5,CV1CCV2,no,0,0,0,0,1
6.152,6,152,ru\jo~,rujo,rujo,रुजो,CVCV,4,2,4.0,CV1CV2,no,0,0,0,0,1
6.153,6,153,Bu\jo~,Bujo,bhujo,भुजो,CVCV,4,2,4.0,CV1CV2,no,0,0,0,0,1
6.154,6,154,cu\pa~,cup,cup,चुप्,CVC,3,1,2.0,CV1C,yes,1,4,1,1,2
6.155,6,155,ru\Sa~,ruS,ruś,रुश्,CVC,3,1,2.0,CV1C,no,0,0,0,0,2
6.156,6,156,ri\Sa~,riS,riś,रिश्,CVC,3,1,2.0,CV1C,yes,3,3,2,3,1
6.157,6,157,li\Sa~,liS,liś,लिश्,CVC,3,1,2.0,CV1C,yes,3,7,1,3,2
6.158,6,158,spf\Sa~,spfS,spṛś,स्पृश्,CCVC,4,1,2.5,CCV1C,yes,55,2031,12,17,1
6.159,6,159,vicCa~,vicC,vicch,विच्छ्,CVCC,4,1,2.5,CV1CC,no,0,0,0,0,1
6.160,6,160,vi\Sa~,viS,viś,विश्,CVC,3,1,2.0,CV1C,yes,163,7095,36,18,1
6.161,6,161,mf\Sa~,mfS,mṛś,मृश्,CVC,3,1,2.0,CV1C,yes,80,985,21,13,1
6.162,6,162,Ru\da~,Rud,ṇud,णुद्,CVC,3,1,2.0,CV1C,yes,26,194,9,12,2
6.163,6,163,za\dx~,zadx,ṣadḷ,षदॢ,CVCV,4,2,3.0,CV1CV1,no,0,0,0,0,2
6.164,6,164,Sa\dx~,Sadx,śadḷ,शदॢ,CVCV,4,2,3.0,CV1CV1,no,0,0,0,0,2
6.165,6,165,mila~^,mil,mil,मिल्,CVC,3,1,2.0,CV1C,yes,9,358,3,5,2
6.166,6,166,mu\cx~^,mucx,mucḷ,मुचॢ,CVCV,4,2,3.0,CV1CV1,no,0,0,0,0,1
6.167,6,167,lu\px~^,lupx,lupḷ,लुपॢ,CVCV,4,2,3.0,CV1CV1,no,0,0,0,0,1
6.168,6,168,vidx~^,vidx,vidḷ,विदॢ,CVCV,4,2,3.0,CV1CV1,no,0,0,0,0,1
6.169,6,169,li\pa~^,lip,lip,लिप्,CVC,3,1,2.0,CV1C,yes,60,1333,17,10,1
6.170,6,170,zi\ca~^,zic,ṣic,षिच्,CVC,3,1,2.0,CV1C,yes,53,1189,14,17,1
6.171,6,171,kftI~,kftI,kṛtī,कृती,CVCV,4,2,4.0,CV1CV2,no,0,0,0,0,2
6.172,6,172,Ki\da~,Kid,khid,खिद्,CVC,3,1,2.0,CV1C,yes,25,218,7,10,3
6.173,6,173,piSa~,piS,piś,पिश्,CVC,3,1,2.0,CV1C,yes,6,37,2,5,1
7.1,7,1,ru\Di~^r,ruDir,rudhir,रुधिर्,CVCVC,5,2,3.5,CV1CV1C,no,0,0,0,0,1
7.2,7,2,Bi\di~^r,Bidir,bhidir,भिदिर्,CVCVC,5,2,3.5,CV1CV1C,no,0,0,0,0,1
7.3,7,3,ci\di~^r,cidir,cidir,चिदिर्,CVCVC,5,2,3.5,CV1CV1C,no,0,0,0,0,1
7.4,7,4,ri\ci~^r,ricir,ricir,रिचिर्,CVCVC,5,2,3.5,CV1CV1C,no,0,0,0,0,1
7.5,7,5,vi\ci~^r,vicir,vicir,विचिर्,CVCVC,5,2,3.5,CV1CV1C,no,0,0,0,0,1
7.6,7,6,kzu\di~^r,kzudir,kṣudir,क्षुदिर्,CCVCVC,6,2,4.0,CCV1CV1C,no,0,0,0,0,1
7.7,7,7,yu\ji~^r,yujir,yujir,युजिर्,CVCVC,5,2,3.5,CV1CV1C,no,0,0,0,0,1
7.8,7,8,u~cfdi~^r,ucfdir,ucṛdir,उचृदिर्,VCVCVC,6,3,4.5,V1CV1CV1C,no,0,0,0,0,1
7.9,7,9,u~tfdi~^r,utfdir,utṛdir,उतृदिर्,VCVCVC,6,3,4.5,V1CV1CV1C,no,0,0,0,0,1
7.10,7,10,kftI~,kftI,kṛtī,कृती,CVCV,4,2,4.0,CV1CV2,no,0,0,0,0,2
7.11,7,11,YiinDI~\,inDI,indhī,इन्धी,VCCV,4,2,4.0,V1CCV2,no,0,0,0,0,1
7.12,7,12,Ki\da~\,Kid,khid,खिद्,CVC,3,1,2.0,CV1C,yes,25,218,7,10,3
7.13,7,13,vi\da~\,vid,vid,विद्,CVC,3,1,2.0,CV1C,yes,69,11773,14,23,4
7.14,7,14,Si\zx~,Sizx,śiṣḷ,शिषॢ,CVCV,4,2,3.0,CV1CV1,no,0,0,0,0,1
7.15,7,15,pi\zx~,pizx,piṣḷ,पिषॢ,CVCV,4,2,3.0,CV1CV1,no,0,0,0,0,1
7.16,7,16,Ba\Yjo~,BaYjo,bhañjo,भञ्जो,CVCCV,5,2,4.5,CV1CCV2,no,0,0,0,0,1
7.17,7,17,Bu\ja~,Buj,bhuj,भुज्,CVC,3,1,2.0,CV1C,yes,80,3076,20,19,1
7.18,7,18,tfha~,tfh,tṛh,तृह्,CVC,3,1,2.0,CV1C,yes,10,21,3,8,1
7.19,7,19,hisi~,his,his,हिस्,CVC,3,1,2.0,CV1C,no,0,0,0,0,1
7.20,7,20,undI~,undI,undī,उन्दी,VCCV,4,2,4.0,V1CCV2,no,0,0,0,0,1
7.21,7,21,aYjU~,aYjU,añjū,अञ्जू,VCCV,4,2,4.0,V1CCV2,no,0,0,0,0,1
7.22,7,22,taYcU~,taYcU,tañcū,तञ्चू,CVCCV,5,2,4.5,CV1CCV2,no,0,0,0,0,1
7.23,7,23,o~vijI~,ovijI,ovijī,ओविजी,VCVCV,5,3,6.0,V2CV1CV2,no,0,0,0,0,2
7.24,7,24,vfjI~,vfjI,vṛjī,वृजी,CVCV,4,2,4.0,CV1CV2,no,0,0,0,0,3
7.25,7,25,pfcI~,pfcI,pṛcī,पृची,CVCV,4,2,4.0,CV1CV2,no,0,0,0,0,2
8.1,8,1,tanu~^,tan,tan,तन्,CVC,3,1,2.0,CV1C,yes,78,1677,20,20,2
8.2,8,2,zanu~^,zan,ṣan,षन्,CVC,3,1,2.0,CV1C,yes,1,1,1,1,2
8.3,8,3,kzaRu~^,kzaR,kṣaṇ,क्षण्,CCVC,4,1,2.5,CCV1C,no,0,0,0,0,1
8.4,8,4,kziRu~^,kziR,kṣiṇ,क्षिण्,CCVC,4,1,2.5,CCV1C,no,0,0,0,0,1
8.5,8,5,fRu~^,fR,ṛṇ,ऋण्,VC,2,1,1.5,V1C,no,0,0,0,0,1
8.6,8,6,tfRu~^,tfR,tṛṇ,तृण्,CVC,3,1,2.0,CV1C,no,0,0,0,0,1
8.7,8,7,GfRu~^,GfR,ghṛṇ,घृण्,CVC,3,1,2.0,CV1C,no,0,0,0,0,2
8.8,8,8,vanu~\,van,van,वन्,CVC,3,1,2.0,CV1C,yes,17,230,4,16,5
8.9,8,9,manu~\,man,man,मन्,CVC,3,1,2.0,CV1C,yes,74,6008,16,17,3
8.10,8,10,qukf\Y,kf,kṛ,कृ,CV,2,1,1.5,CV1,yes,1062,50155,491,25,2
9.1,9,1,qukrI\Y,krI,krī,क्री,CCV,3,1,3.0,CCV2,yes,39,668,11,13,1
9.2,9,2,prI\Y,prI,prī,प्री,CCV,3,1,3.0,CCV2,yes,28,1847,6,16,3
9.3,9,3,SrI\Y,SrI,śrī,श्री,CCV,3,1,3.0,CCV2,yes,15,655,6,9,1
9.4,9,4,mI\Y,mI,mī,मी,CV,2,1,2.5,CV2,yes,25,222,3,14,3
9.5,9,5,zi\Y,zi,ṣi,षि,CV,2,1,1.5,CV1,no,0,0,0,0,2
9.6,9,6,sku\Y,sku,sku,स्कु,CCV,3,1,2.0,CCV1,yes,2,5,2,2,1
9.7,9,7,sta\mBu~,stamB,stambh,स्तम्भ्,CCVCC,5,1,3.0,CCV1CC,yes,25,367,6,10,1
9.8,9,8,stu\mBu~,stumB,stumbh,स्तुम्भ्,CCVCC,5,1,3.0,CCV1CC,no,0,0,0,0,1
9.9,9,9,ska\mBu~,skamB,skambh,स्कम्भ्,CCVCC,5,1,3.0,CCV1CC,yes,4,20,1,4,1
9.10,9,10,sku\mBu~,skumB,skumbh,स्कुम्भ्,CCVCC,5,1,3.0,CCV1CC,no,0,0,0,0,1
9.11,9,11,yu\Y,yu,yu,यु,CV,2,1,1.5,CV1,yes,50,393,15,15,3
9.12,9,12,knUY,knU,knū,क्नू,CCV,3,1,3.0,CCV2,no,0,0,0,0,1
9.13,9,13,drUY,drU,drū,द्रू,CCV,3,1,3.0,CCV2,yes,1,3,1,1,1
9.14,9,14,pUY,pU,pū,पू,CV,2,1,2.5,CV2,yes,45,2430,15,12,2
9.15,9,15,mUY,mU,mū,मू,CV,2,1,2.5,CV2,no,0,0,0,0,2
9.16,9,16,lUY,lU,lū,लू,CV,2,1,2.5,CV2,yes,12,96,6,6,1
9.17,9,17,stFY,stF,stṝ,स्तॄ,CCV,3,1,3.0,CCV2,no,0,0,0,0,1
9.18,9,18,kFY,kF,kṝ,कॄ,CV,2,1,2.5,CV2,yes,5,11,3,3,3
9.19,9,19,vFY,vF,vṝ,वॄ,CV,2,1,2.5,CV2,no,0,0,0,0,2
9.20,9,20,DUY,DU,dhū,धू,CV,2,1,2.5,CV2,yes,60,712,16,16,3
9.21,9,21,SF,SF,śṝ,शॄ,CV,2,1,2.5,CV2,no,0,0,0,0,1
9.22,9,22,pF,pF,pṝ,पॄ,CV,2,1,2.5,CV2,no,0,0,0,0,3
9.23,9,23,vF,vF,vṝ,वॄ,CV,2,1,2.5,CV2,no,0,0,0,0,2
9.24,9,24,BF,BF,bhṝ,भॄ,CV,2,1,2.5,CV2,no,0,0,0,0,1
9.25,9,25,mF,mF,mṝ,मॄ,CV,2,1,2.5,CV2,no,0,0,0,0,1
9.26,9,26,dF,dF,dṝ,दॄ,CV,2,1,2.5,CV2,no,0,0,0,0,3
9.27,9,27,jF,jF,jṝ,जॄ,CV,2,1,2.5,CV2,no,0,0,0,0,3
9.28,9,28,JF,JF,jhṝ,झॄ,CV,2,1,2.5,CV2,no,0,0,0,0,2
9.29,9,29,DF,DF,dhṝ,धॄ,CV,2,1,2.5,CV2,no,0,0,0,0,1
9.30,9,30,nF,nF,nṝ,नॄ,CV,2,1,2.5,CV2,no,0,0,0,0,2
9.31,9,31,kF,kF,kṝ,कॄ,CV,2,1,2.5,CV2,yes,5,11,3,3,3
9.32,9,32,F,F,ṝ,ॠ,V,1,1,2.0,V2,no,0,0,0,0,1
9.33,9,33,gF,gF,gṝ,गॄ,CV,2,1,2.5,CV2,no,0,0,0,0,3
9.34,9,34,jyA\,jyA,jyā,ज्या,CCV,3,1,3.0,CCV2,yes,9,93,1,9,1
9.35,9,35,rI\,rI,rī,री,CV,2,1,2.5,CV2,yes,2,4,1,2,2
9.36,9,36,lI\,lI,lī,ली,CV,2,1,2.5,CV2,yes,59,717,21,8,3
9.37,9,37,vlI\,vlI,vlī,व्ली,CCV,3,1,3.0,CCV2,yes,15,31,3,12,1
9.39,9,39,plI\,plI,plī,प्ली,CCV,3,1,3.0,CCV2,no,0,0,0,0,1
9.40,9,40,vrI\,vrI,vrī,व्री,CCV,3,1,3.0,CCV2,no,0,0,0,0,2
9.41,9,41,BrI\,BrI,bhrī,भ्री,CCV,3,1,3.0,CCV2,yes,1,1,1,1,1
9.42,9,42,kzI\z,kzI,kṣī,क्षी,CCV,3,1,3.0,CCV2,no,0,0,0,0,2
9.43,9,43,jYA\,jYA,jñā,ज्ञा,CCV,3,1,3.0,CCV2,yes,176,9816,34,20,2
9.44,9,44,ba\nDa~,banD,bandh,बन्ध्,CVCC,4,1,2.5,CV1CC,yes,104,3539,21,16,2
9.45,9,45,vfN,vf,vṛ,वृ,CV,2,1,1.5,CV1,yes,121,5094,25,21,3
9.46,9,46,SranTa~,SranT,śranth,श्रन्थ्,CCVCC,5,1,3.0,CCV1CC,no,0,0,0,0,3
9.47,9,47,manTa~,manT,manth,मन्थ्,CVCC,4,1,2.5,CV1CC,yes,6,13,2,5,2
9.48,9,48,SranTa~,SranT,śranth,श्रन्थ्,CCVCC,5,1,3.0,CCV1CC,no,0,0,0,0,3
9.49,9,49,granTa~,granT,granth,ग्रन्थ्,CCVCC,5,1,3.0,CCV1CC,yes,16,178,5,6,3
9.50,9,50,kunTa~,kunT,kunth,कुन्थ्,CVCC,4,1,2.5,CV1CC,no,0,0,0,0,1
9.51,9,51,mfda~,mfd,mṛd,मृद्,CVC,3,1,2.0,CV1C,yes,57,833,12,14,1
9.52,9,52,mfqa~,mfq,mṛḍ,मृड्,CVC,3,1,2.0,CV1C,yes,6,131,1,6,2
9.53,9,53,guDa~,guD,gudh,गुध्,CVC,3,1,2.0,CV1C,no,0,0,0,0,2
9.54,9,54,kuza~,kuz,kuṣ,कुष्,CVC,3,1,2.0,CV1C,yes,4,7,3,2,1
9.55,9,55,kzuBa~,kzuB,kṣubh,क्षुभ्,CCVC,4,1,2.5,CCV1C,yes,24,290,6,9,3
9.56,9,56,RaBa~,RaB,ṇabh,णभ्,CVC,3,1,2.0,CV1C,no,0,0,0,0,3
9.57,9,57,tuBa~,tuB,tubh,तुभ्,CVC,3,1,2.0,CV1C,no,0,0,0,0,3
9.58,9,58,kliSU~,kliSU,kliśū,क्लिशू,CCVCV,5,2,4.5,CCV1CV2,no,0,0,0,0,1
9.59,9,59,aSa~,aS,aś,अश्,VC,2,1,1.5,V1C,yes,44,2164,8,17,1
9.60,9,60,u~Dra\sa~,uDras,udhras,उध्रस्,VCCVC,5,2,3.5,V1CCV1C,no,0,0,0,0,2
9.61,9,61,iza~,iz,iṣ,इष्,VC,2,1,1.5,V1C,yes,16,4844,2,15,2
9.62,9,62,vi\za~,viz,viṣ,विष्,CVC,3,1,2.0,CV1C,yes,17,93,4,14,2
9.63,9,63,pruza~,pruz,pruṣ,प्रुष्,CCVC,4,1,2.5,CCV1C,yes,5,15,2,4,2
9.64,9,64,pluza~,pluz,pluṣ,प्लुष्,CCVC,4,1,2.5,CCV1C,yes,4,23,3,2,4
9.65,9,65,puza~,puz,puṣ,पुष्,CVC,3,1,2.0,CV1C,yes,19,452,6,14,4
9.66,9,66,muza~,muz,muṣ,मुष्,CVC,3,1,2.0,CV1C,yes,24,196,8,13,1
9.67,9,67,Kaca~,Kac,khac,खच्,CVC,3,1,2.0,CV1C,yes,1,18,1,1,1
9.68,9,68,Kava~,Kav,khav,खव्,CVC,3,1,2.0,CV1C,no,0,0,0,0,1
9.69,9,69,heWa~,heW,heṭh,हेठ्,CVC,3,1,3.0,CV2C,no,0,0,0,0,2
9.71,9,71,graha~^,grah,grah,ग्रह्,CCVC,4,1,2.5,CCV1C,yes,182,10607,34,23,1
10.1,10,1,cura~,cur,cur,चुर्,CVC,3,1,2.0,CV1C,no,0,0,0,0,1
10.2,10,2,citi~,cit,cit,चित्,CVC,3,1,2.0,CV1C,yes,16,274,5,12,2
10.3,10,3,yatri~,yatr,yatr,यत्र्,CVCC,4,1,2.5,CV1CC,no,0,0,0,0,1
10.4,10,4,sPuqi~,sPuq,sphuḍ,स्फुड्,CCVC,4,1,2.5,CCV1C,no,0,0,0,0,2
10.5,10,5,sPuwi~,sPuw,sphuṭ,स्फुट्,CCVC,4,1,2.5,CCV1C,yes,14,166,5,7,5
10.6,10,6,lakza~,lakz,lakṣ,लक्ष्,CVCC,4,1,2.5,CV1CC,yes,8,52,4,5,2
10.7,10,7,kudri~,kudr,kudr,कुद्र्,CVCC,4,1,2.5,CV1CC,no,0,0,0,0,1
10.8,10,8,kudf~,kudf,kudṛ,कुदृ,CVCV,4,2,3.0,CV1CV1,no,0,0,0,0,1
10.9,10,9,kuqi~,kuq,kuḍ,कुड्,CVC,3,1,2.0,CV1C,yes,1,1,1,1,5
10.10,10,10,laqa~,laq,laḍ,लड्,CVC,3,1,2.0,CV1C,yes,1,7,1,1,3
10.11,10,11,midi~,mid,mid,मिद्,CVC,3,1,2.0,CV1C,no,0,0,0,0,2
10.12,10,12,mida~,mid,mid,मिद्,CVC,3,1,2.0,CV1C,no,0,0,0,0,2
10.13,10,13,o~laqi~,olaq,olaḍ,ओलड्,VCVC,4,2,4.0,V2CV1C,no,0,0,0,0,2
10.14,10,14,olaqi~,olaq,olaḍ,ओलड्,VCVC,4,2,4.0,V2CV1C,no,0,0,0,0,2
10.15,10,15,jala~,jal,jal,जल्,CVC,3,1,2.0,CV1C,no,0,0,0,0,2
10.16,10,16,laja~,laj,laj,लज्,CVC,3,1,2.0,CV1C,no,0,0,0,0,7
10.17,10,17,pIqa~,pIq,pīḍ,पीड्,CVC,3,1,3.0,CV2C,yes,1,2,1,1,1
10.18,10,18,nawa~,naw,naṭ,नट्,CVC,3,1,2.0,CV1C,yes,3,6,1,3,2
10.19,10,19,SraTa~,SraT,śrath,श्रथ्,CCVC,4,1,2.5,CCV1C,yes,7,20,2,6,5
10.20,10,20,baDa~,baD,badh,बध्,CVC,3,1,2.0,CV1C,yes,1,1,1,1,2
10.21,10,21,banDa~,banD,bandh,बन्ध्,CVCC,4,1,2.5,CV1CC,yes,104,3539,21,16,2
10.22,10,22,pF~,pF,pṝ,पॄ,CV,2,1,2.5,CV2,no,0,0,0,0,3
10.23,10,23,Urja~,Urj,ūrj,ऊर्ज्,VCC,3,1,3.0,V2CC,no,0,0,0,0,1
10.24,10,24,pakza~,pakz,pakṣ,पक्ष्,CVCC,4,1,2.5,CV1CC,yes,1,1,1,1,2
10.25,10,25,varRa~,varR,varṇ,वर्ण्,CVCC,4,1,2.5,CV1CC,no,0,0,0,0,2
10.26,10,26,cUrRa~,cUrR,cūrṇ,चूर्ण्,CVCC,4,1,3.5,CV2CC,no,0,0,0,0,2
10.27,10,27,praTa~,praT,prath,प्रथ्,CCVC,4,1,2.5,CCV1C,yes,14,370,4,9,2
10.28,10,28,pfTa~,pfT,pṛth,पृथ्,CVC,3,1,2.0,CV1C,no,0,0,0,0,1
10.29,10,29,paTa~,paT,path,पथ्,CVC,3,1,2.0,CV1C,no,0,0,0,0,2
10.30,10,30,zamba~,zamb,ṣamb,षम्ब्,CVCC,4,1,2.5,CV1CC,no,0,0,0,0,1
10.31,10,31,Samba~,Samb,śamb,शम्ब्,CVCC,4,1,2.5,CV1CC,no,0,0,0,0,1
10.32,10,32,sAmba~,sAmb,sāmb,साम्ब्,CVCC,4,1,3.5,CV2CC,no,0,0,0,0,1
10.33,10,33,Bakza~,Bakz,bhakṣ,भक्ष्,CVCC,4,1,2.5,CV1CC,yes,16,173,4,13,2
10.34,10,34,kuwwa~,kuww,kuṭṭ,कुट्ट्,CVCC,4,1,2.5,CV1CC,yes,1,4,1,1,2
10.35,10,35,puwwa~,puww,puṭṭ,पुट्ट्,CVCC,4,1,2.5,CV1CC,no,0,0,0,0,1
10.36,10,36,cuwwa~,cuww,cuṭṭ,चुट्ट्,CVCC,4,1,2.5,CV1CC,no,0,0,0,0,1
10.37,10,37,awwa~,aww,aṭṭ,अट्ट्,VCC,3,1,2.0,V1CC,no,0,0,0,0,2
10.38,10,38,zuwwa~,zuww,ṣuṭṭ,षुट्ट्,CVCC,4,1,2.5,CV1CC,no,0,0,0,0,1
10.39,10,39,luRwa~,luRw,luṇṭ,लुण्ट्,CVCC,4,1,2.5,CV1CC,no,0,0,0,0,1
10.40,10,40,luRWa~,luRW,luṇṭh,लुण्ठ्,CVCC,4,1,2.5,CV1CC,yes,5,10,3,3,1
10.41,10,41,SaWa~,SaW,śaṭh,शठ्,CVC,3,1,2.0,CV1C,no,0,0,0,0,4
10.42,10,42,SvaWa~,SvaW,śvaṭh,श्वठ्,CCVC,4,1,2.5,CCV1C,no,0,0,0,0,3
10.43,10,43,SvaWi~,SvaW,śvaṭh,श्वठ्,CCVC,4,1,2.5,CCV1C,no,0,0,0,0,3
10.44,10,44,tuja~,tuj,tuj,तुज्,CVC,3,1,2.0,CV1C,yes,6,36,2,5,5
10.45,10,45,tuji~,tuj,tuj,तुज्,CVC,3,1,2.0,CV1C,yes,6,36,2,5,5
10.46,10,46,pija~,pij,pij,पिज्,CVC,3,1,2.0,CV1C,no,0,0,0,0,4
10.47,10,47,piji~,pij,pij,पिज्,CVC,3,1,2.0,CV1C,no,0,0,0,0,4
10.48,10,48,laji~,laj,laj,लज्,CVC,3,1,2.0,CV1C,no,0,0,0,0,7
10.49,10,49,luji~,luj,luj,लुज्,CVC,3,1,2.0,CV1C,yes,2,8,2,1,2
10.50,10,50,pisa~,pis,pis,पिस्,CVC,3,1,2.0,CV1C,no,0,0,0,0,2
10.51,10,51,zAntva~,zAntv,ṣāntv,षान्त्व्,CVCCC,5,1,4.0,CV2CCC,no,0,0,0,0,1
10.53,10,53,Svalka~,Svalk,śvalk,श्वल्क्,CCVCC,5,1,3.0,CCV1CC,no,0,0,0,0,1
10.54,10,54,valka~,valk,valk,वल्क्,CVCC,4,1,2.5,CV1CC,no,0,0,0,0,1
10.56,10,56,sPiwa~,sPiw,sphiṭ,स्फिट्,CCVC,4,1,2.5,CCV1C,no,0,0,0,0,1
10.57,10,57,smiwa~,smiw,smiṭ,स्मिट्,CCVC,4,1,2.5,CCV1C,no,0,0,0,0,1
10.58,10,58,zmiN,zmi,ṣmi,ष्मि,CCV,3,1,2.0,CCV1,no,0,0,0,0,2
10.59,10,59,Sliza~,Sliz,śliṣ,श्लिष्,CCVC,4,1,2.5,CCV1C,yes,30,278,9,9,3
10.60,10,60,paTi~,paT,path,पथ्,CVC,3,1,2.0,CV1C,no,0,0,0,0,2
10.61,10,61,pica~,pic,pic,पिच्,CVC,3,1,2.0,CV1C,no,0,0,0,0,1
10.62,10,62,cadi~,cad,cad,चद्,CVC,3,1,2.0,CV1C,no,0,0,0,0,5
10.63,10,63,SraRa~,SraR,śraṇ,श्रण्,CCVC,4,1,2.5,CCV1C,no,0,0,0,0,2
10.64,10,64,taqa~,taq,taḍ,तड्,CVC,3,1,2.0,CV1C,yes,1,1,1,1,3
10.65,10,65,Kaqa~,Kaq,khaḍ,खड्,CVC,3,1,2.0,CV1C,no,0,0,0,0,3
10.66,10,66,Kaqi~,Kaq,khaḍ,खड्,CVC,3,1,2.0,CV1C,no,0,0,0,0,3
10.67,10,67,kaqi~,kaq,kaḍ,कड्,CVC,3,1,2.0,CV1C,no,0,0,0,0,5
10.68,10,68,kuqi~,kuq,kuḍ,कुड्,CVC,3,1,2.0,CV1C,yes,1,1,1,1,5
10.69,10,69,guqi~,guq,guḍ,गुड्,CVC,3,1,2.0,CV1C,no,0,0,0,0,2
10.70,10,70,kuWi~,kuW,kuṭh,कुठ्,CVC,3,1,2.0,CV1C,no,0,0,0,0,2
10.71,10,71,guWi~,guW,guṭh,गुठ्,CVC,3,1,2.0,CV1C,no,0,0,0,0,1
10.72,10,72,Kuqi~,Kuq,khuḍ,खुड्,CVC,3,1,2.0,CV1C,no,0,0,0,0,2
10.73,10,73,vawi~,vaw,vaṭ,वट्,CVC,3,1,2.0,CV1C,no,0,0,0,0,7
10.74,10,74,vaqi~,vaq,vaḍ,वड्,CVC,3,1,2.0,CV1C,no,0,0,0,0,2
10.75,10,75,caqi~,caq,caḍ,चड्,CVC,3,1,2.0,CV1C,no,0,0,0,0,2
10.76,10,76,maqi~,maq,maḍ,मड्,CVC,3,1,2.0,CV1C,no,0,0,0,0,3
10.77,10,77,Baqi~,Baq,bhaḍ,भड्,CVC,3,1,2.0,CV1C,no,0,0,0,0,2
10.78,10,78,carda,card,card,चर्द्,CVCC,4,1,2.5,CV1CC,no,0,0,0,0,1
10.79,10,79,pusta~,pust,pust,पुस्त्,CVCC,4,1,2.5,CV1CC,no,0,0,0,0,1
10.80,10,80,busta~,bust,bust,बुस्त्,CVCC,4,1,2.5,CV1CC,no,0,0,0,0,1
10.81,10,81,cuda~,cud,cud,चुद्,CVC,3,1,2.0,CV1C,yes,9,37,3,6,1
10.82,10,82,nakka~,nakk,nakk,नक्क्,CVCC,4,1,2.5,CV1CC,no,0,0,0,0,1
10.83,10,83,Dakka~,Dakk,dhakk,धक्क्,CVCC,4,1,2.5,CV1CC,no,0,0,0,0,1
10.84,10,84,cakka~,cakk,cakk,चक्क्,CVCC,4,1,2.5,CV1CC,no,0,0,0,0,1
10.85,10,85,cukka~,cukk,cukk,चुक्क्,CVCC,4,1,2.5,CV1CC,no,0,0,0,0,1
10.86,10,86,kzala~,kzal,kṣal,क्षल्,CCVC,4,1,2.5,CCV1C,no,0,0,0,0,1
10.87,10,87,tala~,tal,tal,तल्,CVC,3,1,2.0,CV1C,no,0,0,0,0,1
10.88,10,88,tula~,tul,tul,तुल्,CVC,3,1,2.0,CV1C,no,0,0,0,0,1
10.89,10,89,dula~,dul,dul,दुल्,CVC,3,1,2.0,CV1C,no,0,0,0,0,1
10.90,10,90,pula~,pul,pul,पुल्,CVC,3,1,2.0,CV1C,no,0,0,0,0,2
10.91,10,91,cula~,cul,cul,चुल्,CVC,3,1,2.0,CV1C,no,0,0,0,0,1
10.92,10,92,mUla~,mUl,mūl,मूल्,CVC,3,1,3.0,CV2C,no,0,0,0,0,2
10.93,10,93,kala~,kal,kal,कल्,CVC,3,1,2.0,CV1C,yes,3,5,3,3,3
10.94,10,94,vila~,vil,vil,विल्,CVC,3,1,2.0,CV1C,no,0,0,0,0,2
10.95,10,95,bila~,bil,bil,बिल्,CVC,3,1,2.0,CV1C,no,0,0,0,0,2
10.96,10,96,tila~,til,til,तिल्,CVC,3,1,2.0,CV1C,no,0,0,0,0,3
10.97,10,97,cala~,cal,cal,चल्,CVC,3,1,2.0,CV1C,yes,36,722,8,8,3
10.98,10,98,pAla~,pAl,pāl,पाल्,CVC,3,1,3.0,CV2C,no,0,0,0,0,1
10.99,10,99,pala~,pal,pal,पल्,CVC,3,1,2.0,CV1C,no,0,0,0,0,2
10.100,10,100,lUza~,lUz,lūṣ,लूष्,CVC,3,1,3.0,CV2C,no,0,0,0,0,2
10.101,10,101,Sulba~,Sulb,śulb,शुल्ब्,CVCC,4,1,2.5,CV1CC,no,0,0,0,0,1
10.102,10,102,SUrpa~,SUrp,śūrp,शूर्प्,CVCC,4,1,3.5,CV2CC,no,0,0,0,0,1
10.103,10,103,cuwa~,cuw,cuṭ,चुट्,CVC,3,1,2.0,CV1C,no,0,0,0,0,4
10.104,10,104,muwa~,muw,muṭ,मुट्,CVC,3,1,2.0,CV1C,no,0,0,0,0,3
10.106,10,106,paqi~,paq,paḍ,पड्,CVC,3,1,2.0,CV1C,no,0,0,0,0,2
10.107,10,107,pasi~,pas,pas,पस्,CVC,3,1,2.0,CV1C,no,0,0,0,0,1
10.109,10,109,vraja~,vraj,vraj,व्रज्,CCVC,4,1,2.5,CCV1C,yes,77,1749,22,11,2
10.110,10,110,Sulka~,Sulk,śulk,शुल्क्,CVCC,4,1,2.5,CV1CC,no,0,0,0,0,1
10.111,10,111,capi~,cap,cap,चप्,CVC,3,1,2.0,CV1C,no,0,0,0,0,3
10.112,10,112,kzapi~,kzap,kṣap,क्षप्,CCVC,4,1,2.5,CCV1C,yes,6,17,2,5,2
10.113,10,113,kzaji~,kzaj,kṣaj,क्षज्,CCVC,4,1,2.5,CCV1C,no,0,0,0,0,2
10.115,10,115,Svarta~,Svart,śvart,श्वर्त्,CCVCC,5,1,3.0,CCV1CC,no,0,0,0,0,1
10.117,10,117,SvaBra~,SvaBr,śvabhr,श्वभ्र्,CCVCC,5,1,3.0,CCV1CC,no,0,0,0,0,1
10.118,10,118,jYapa~,jYap,jñap,ज्ञप्,CCVC,4,1,2.5,CCV1C,no,0,0,0,0,1
10.119,10,119,yama~,yam,yam,यम्,CVC,3,1,2.0,CV1C,yes,146,5299,35,21,2
10.120,10,120,caha~,cah,cah,चह्,CVC,3,1,2.0,CV1C,no,0,0,0,0,3
10.121,10,121,capa~,cap,cap,चप्,CVC,3,1,2.0,CV1C,no,0,0,0,0,3
10.122,10,122,raha~,rah,rah,रह्,CVC,3,1,2.0,CV1C,yes,4,49,2,2,5
10.123,10,123,bala~,bal,bal,बल्,CVC,3,1,2.0,CV1C,no,0,0,0,0,2
10.124,10,124,ciY,ci,ci,चि,CV,2,1,1.5,CV1,yes,88,1768,22,17,3
10.125,10,125,Gawwa~,Gaww,ghaṭṭ,घट्ट्,CVCC,4,1,2.5,CV1CC,yes,5,6,4,4,2
10.126,10,126,musta~,must,must,मुस्त्,CVCC,4,1,2.5,CV1CC,no,0,0,0,0,1
10.127,10,127,Kawwa~,Kaww,khaṭṭ,खट्ट्,CVCC,4,1,2.5,CV1CC,no,0,0,0,0,1
10.128,10,128,zawwa~,zaww,ṣaṭṭ,षट्ट्,CVCC,4,1,2.5,CV1CC,no,0,0,0,0,1
10.129,10,129,sPiwwa~,sPiww,sphiṭṭ,स्फिट्ट्,CCVCC,5,1,3.0,CCV1CC,no,0,0,0,0,1
10.130,10,130,cubi~,cub,cub,चुब्,CVC,3,1,2.0,CV1C,no,0,0,0,0,2
10.131,10,131,pUla~,pUl,pūl,पूल्,CVC,3,1,3.0,CV2C,no,0,0,0,0,2
10.132,10,132,pUrRa~,pUrR,pūrṇ,पूर्ण्,CVCC,4,1,3.5,CV2CC,no,0,0,0,0,1
10.133,10,133,puRa~,puR,puṇ,पुण्,CVC,3,1,2.0,CV1C,no,0,0,0,0,2
10.134,10,134,puMsa~,puMs,puṃs,पुं्स्,CVCC,4,1,2.5,CV1CC,no,0,0,0,0,1
10.135,10,135,waki~,wak,ṭak,टक्,CVC,3,1,2.0,CV1C,no,0,0,0,0,1
10.136,10,136,vyapa~,vyap,vyap,व्यप्,CCVC,4,1,2.5,CCV1C,no,0,0,0,0,1
10.137,10,137,vyaya~,vyay,vyay,व्यय्,CCVC,4,1,2.5,CCV1C,no,0,0,0,0,3
10.138,10,138,vipa~,vip,vip,विप्,CVC,3,1,2.0,CV1C,yes,20,206,7,8,1
10.139,10,139,DUsa~,DUs,dhūs,धूस्,CVC,3,1,3.0,CV2C,no,0,0,0,0,1
10.140,10,140,DUza~,DUz,dhūṣ,धूष्,CVC,3,1,3.0,CV2C,no,0,0,0,0,1
10.141,10,141,DUSa~,DUS,dhūś,धूश्,CVC,3,1,3.0,CV2C,no,0,0,0,0,1
10.142,10,142,kIwa~,kIw,kīṭ,कीट्,CVC,3,1,3.0,CV2C,no,0,0,0,0,1
10.143,10,143,cUrRa~,cUrR,cūrṇ,चूर्ण्,CVCC,4,1,3.5,CV2CC,no,0,0,0,0,2
10.144,10,144,pUja~,pUj,pūj,पूज्,CVC,3,1,3.0,CV2C,no,0,0,0,0,1
10.145,10,145,arka~,ark,ark,अर्क्,VCC,3,1,2.0,V1CC,no,0,0,0,0,1
10.146,10,146,SuWa~,SuW,śuṭh,शुठ्,CVC,3,1,2.0,CV1C,no,0,0,0,0,5
10.147,10,147,SuWi~,SuW,śuṭh,शुठ्,CVC,3,1,2.0,CV1C,no,0,0,0,0,5
10.148,10,148,juqa~,juq,juḍ,जुड्,CVC,3,1,2.0,CV1C,no,0,0,0,0,3
10.149,10,149,gaja~,gaj,gaj,गज्,CVC,3,1,2.0,CV1C,no,0,0,0,0,3
10.150,10,150,mArja~,mArj,mārj,मार्ज्,CVCC,4,1,3.5,CV2CC,no,0,0,0,0,1
10.151,10,151,marca~,marc,marc,मर्च्,CVCC,4,1,2.5,CV1CC,no,0,0,0,0,1
10.152,10,152,Gf,Gf,ghṛ,घृ,CV,2,1,1.5,CV1,yes,6,38,3,3,3
10.153,10,153,paci~,pac,pac,पच्,CVC,3,1,2.0,CV1C,yes,37,2238,8,19,3
10.154,10,154,tija~,tij,tij,तिज्,CVC,3,1,2.0,CV1C,yes,4,8,2,4,2
10.155,10,155,kFta~,kFt,kṝt,कॄत्,CVC,3,1,3.0,CV2C,no,0,0,0,0,1
10.156,10,156,varDa~,varD,vardh,वर्ध्,CVCC,4,1,2.5,CV1CC,no,0,0,0,0,1
10.157,10,157,kubi~,kub,kub,कुब्,CVC,3,1,2.0,CV1C,no,0,0,0,0,2
10.158,10,158,kuBi~,kuB,kubh,कुभ्,CVC,3,1,2.0,CV1C,no,0,0,0,0,1
10.159,10,159,lubi~,lub,lub,लुब्,CVC,3,1,2.0,CV1C,no,0,0,0,0,2
10.160,10,160,tubi~,tub,tub,तुब्,CVC,3,1,2.0,CV1C,no,0,0,0,0,2
10.161,10,161,hlapa~,hlap,hlap,ह्लप्,CCVC,4,1,2.5,CCV1C,no,0,0,0,0,1
10.162,10,162,klapa~,klap,klap,क्लप्,CCVC,4,1,2.5,CCV1C,no,0,0,0,0,1
10.163,10,163,hrapa~,hrap,hrap,ह्रप्,CCVC,4,1,2.5,CCV1C,no,0,0,0,0,1
10.164,10,164,cuwi~,cuw,cuṭ,चुट्,CVC,3,1,2.0,CV1C,no,0,0,0,0,4
10.167,10,167,ila~,il,il,इल्,VC,2,1,1.5,V1C,no,0,0,0,0,2
10.168,10,168,mrakza~,mrakz,mrakṣ,म्रक्ष्,CCVCC,5,1,3.0,CCV1CC,no,0,0,0,0,3
10.170,10,170,mleca~,mlec,mlec,म्लेच्,CCVC,4,1,3.5,CCV2C,no,0,0,0,0,2
10.171,10,171,mrakza~,mrakz,mrakṣ,म्रक्ष्,CCVCC,5,1,3.0,CCV1CC,no,0,0,0,0,3
10.172,10,172,brUsa~,brUs,brūs,ब्रूस्,CCVC,4,1,3.5,CCV2C,no,0,0,0,0,1
10.173,10,173,barha~,barh,barh,बर्ह्,CVCC,4,1,2.5,CV1CC,no,0,0,0,0,3
10.176,10,176,vrUza~,vrUz,vrūṣ,व्रूष्,CCVC,4,1,3.5,CCV2C,no,0,0,0,0,1
10.177,10,177,garja~,garj,garj,गर्ज्,CVCC,4,1,2.5,CV1CC,yes,18,223,8,7,2
10.178,10,178,garda~,gard,gard,गर्द्,CVCC,4,1,2.5,CV1CC,yes,1,1,1,1,2
10.179,10,179,garDa~,garD,gardh,गर्ध्,CVCC,4,1,2.5,CV1CC,no,0,0,0,0,1
10.180,10,180,gurda~,gurd,gurd,गुर्द्,CVCC,4,1,2.5,CV1CC,no,0,0,0,0,2
10.181,10,181,pUrva~,pUrv,pūrv,पूर्व्,CVCC,4,1,3.5,CV2CC,no,0,0,0,0,1
10.182,10,182,jasi~,jas,jas,जस्,CVC,3,1,2.0,CV1C,yes,5,10,2,5,4
10.183,10,183,Iqa~,Iq,īḍ,ईड्,VC,2,1,2.5,V2C,yes,10,353,2,9,2
10.184,10,184,jasu~,jas,jas,जस्,CVC,3,1,2.0,CV1C,yes,5,10,2,5,4
10.185,10,185,piqi~,piq,piḍ,पिड्,CVC,3,1,2.0,CV1C,no,0,0,0,0,2
10.187,10,187,ruza~,ruz,ruṣ,रुष्,CVC,3,1,2.0,CV1C,yes,5,103,2,4,3
10.188,10,188,ruwa~,ruw,ruṭ,रुट्,CVC,3,1,2.0,CV1C,no,0,0,0,0,4
10.189,10,189,qipa~,qip,ḍip,डिप्,CVC,3,1,2.0,CV1C,no,0,0,0,0,4
10.190,10,190,zwupa~,zwup,ṣṭup,ष्टुप्,CCVC,4,1,2.5,CCV1C,no,0,0,0,0,2
10.192,10,192,cita~\,cit,cit,चित्,CVC,3,1,2.0,CV1C,yes,16,274,5,12,2
10.193,10,193,daSi~\,daS,daś,दश्,CVC,3,1,2.0,CV1C,no,0,0,0,0,2
10.194,10,194,dasi~\,das,das,दस्,CVC,3,1,2.0,CV1C,yes,15,76,4,7,4
10.195,10,195,dasa~\,das,das,दस्,CVC,3,1,2.0,CV1C,yes,15,76,4,7,4
10.196,10,196,qapa~\,qap,ḍap,डप्,CVC,3,1,2.0,CV1C,no,0,0,0,0,1
10.197,10,197,qipa~\,qip,ḍip,डिप्,CVC,3,1,2.0,CV1C,no,0,0,0,0,4
10.198,10,198,tatri~\,tatr,tatr,तत्र्,CVCC,4,1,2.5,CV1CC,no,0,0,0,0,1
10.199,10,199,matri~\,matr,matr,मत्र्,CVCC,4,1,2.5,CV1CC,no,0,0,0,0,1
10.200,10,200,spaSa~\,spaS,spaś,स्पश्,CCVC,4,1,2.5,CCV1C,no,0,0,0,0,2
10.201,10,201,tarja~\,tarj,tarj,तर्ज्,CVCC,4,1,2.5,CV1CC,yes,2,10,2,2,2
10.202,10,202,Bartsa~\,Barts,bharts,भर्त्स्,CVCCC,5,1,3.0,CV1CCC,yes,5,11,3,3,1
10.203,10,203,basta~\,bast,bast,बस्त्,CVCC,4,1,2.5,CV1CC,no,0,0,0,0,1
10.204,10,204,ganDa~\,ganD,gandh,गन्ध्,CVCC,4,1,2.5,CV1CC,no,0,0,0,0,1
10.207,10,207,vizka~\,vizk,viṣk,विष्क्,CVCC,4,1,2.5,CV1CC,no,0,0,0,0,2
10.208,10,208,hizka~\,hizk,hiṣk,हिष्क्,CVCC,4,1,2.5,CV1CC,no,0,0,0,0,1
10.209,10,209,nizka~\,nizk,niṣk,निष्क्,CVCC,4,1,2.5,CV1CC,no,0,0,0,0,1
10.210,10,210,lala~\,lal,lal,लल्,CVC,3,1,2.0,CV1C,yes,4,102,2,3,2
10.211,10,211,kURa~\,kUR,kūṇ,कूण्,CVC,3,1,3.0,CV2C,no,0,0,0,0,2
10.212,10,212,tURa~\,tUR,tūṇ,तूण्,CVC,3,1,3.0,CV2C,no,0,0,0,0,1
10.213,10,213,BrURa~\,BrUR,bhrūṇ,भ्रूण्,CCVC,4,1,3.5,CCV2C,no,0,0,0,0,1
10.214,10,214,SaWa~\,SaW,śaṭh,शठ्,CVC,3,1,2.0,CV1C,no,0,0,0,0,4
10.215,10,215,yakza~\,yakz,yakṣ,यक्ष्,CVCC,4,1,2.5,CV1CC,yes,3,4,2,3,1
10.216,10,216,syama~\,syam,syam,स्यम्,CCVC,4,1,2.5,CCV1C,no,0,0,0,0,2
10.217,10,217,gUra~\,gUr,gūr,गूर्,CVC,3,1,3.0,CV2C,no,0,0,0,0,1
10.218,10,218,Sama~\,Sam,śam,शम्,CVC,3,1,2.0,CV1C,yes,51,1651,13,15,2
10.219,10,219,lakza~\,lakz,lakṣ,लक्ष्,CVCC,4,1,2.5,CV1CC,yes,8,52,4,5,2
10.220,10,220,kutsa~\,kuts,kuts,कुत्स्,CVCC,4,1,2.5,CV1CC,yes,2,2,1,2,1
10.221,10,221,truwa~\,truw,truṭ,त्रुट्,CCVC,4,1,2.5,CCV1C,yes,5,29,2,4,2
10.222,10,222,kuwa~\,kuw,kuṭ,कुट्,CVC,3,1,2.0,CV1C,yes,7,9,5,3,3
10.223,10,223,gala~\,gal,gal,गल्,CVC,3,1,2.0,CV1C,yes,18,292,10,7,2
10.224,10,224,Bala~\,Bal,bhal,भल्,CVC,3,1,2.0,CV1C,no,0,0,0,0,2
10.225,10,225,kUwa~\,kUw,kūṭ,कूट्,CVC,3,1,3.0,CV2C,no,0,0,0,0,2
10.226,10,226,kuwwa~\,kuww,kuṭṭ,कुट्ट्,CVCC,4,1,2.5,CV1CC,yes,1,4,1,1,2
10.227,10,227,vaYcu~\,vaYc,vañc,वञ्च्,CVCC,4,1,2.5,CV1CC,yes,11,34,5,7,2
10.228,10,228,vfza~\,vfz,vṛṣ,वृष्,CVC,3,1,2.0,CV1C,yes,37,807,12,11,2
10.229,10,229,mada~\,mad,mad,मद्,CVC,3,1,2.0,CV1C,yes,42,1392,13,15,2
10.230,10,230,divu~\,div,div,दिव्,CVC,3,1,2.0,CV1C,yes,2,2,1,2,3
10.231,10,231,gF,gF,gṝ,गॄ,CV,2,1,2.5,CV2,no,0,0,0,0,3
10.232,10,232,vida~\,vid,vid,विद्,CVC,3,1,2.0,CV1C,yes,69,11773,14,23,4
10.233,10,233,mana~\,man,man,मन्,CVC,3,1,2.0,CV1C,yes,74,6008,16,17,3
10.234,10,234,mAna~\,mAn,mān,मान्,CVC,3,1,3.0,CV2C,no,0,0,0,0,3
10.235,10,235,yu,yu,yu,यु,CV,2,1,1.5,CV1,yes,50,393,15,15,3
10.236,10,236,kusma~\,kusm,kusm,कुस्म्,CVCC,4,1,2.5,CV1CC,no,0,0,0,0,1
10.237,10,237,carca~,carc,carc,चर्च्,CVCC,4,1,2.5,CV1CC,no,0,0,0,0,3
10.238,10,238,bukka~,bukk,bukk,बुक्क्,CVCC,4,1,2.5,CV1CC,no,0,0,0,0,2
10.239,10,239,Sabda~,Sabd,śabd,शब्द्,CVCC,4,1,2.5,CV1CC,yes,1,1,1,1,1
10.240,10,240,kaRa~,kaR,kaṇ,कण्,CVC,3,1,2.0,CV1C,yes,2,3,1,2,3
10.241,10,241,jaBi~,jaB,jabh,जभ्,CVC,3,1,2.0,CV1C,yes,3,4,1,3,1
10.242,10,242,zUda~,zUd,ṣūd,षूद्,CVC,3,1,3.0,CV2C,no,0,0,0,0,2
10.243,10,243,jasu~,jas,jas,जस्,CVC,3,1,2.0,CV1C,yes,5,10,2,5,4
10.244,10,244,paSa~,paS,paś,पश्,CVC,3,1,2.0,CV1C,yes,73,5473,20,10,1
10.245,10,245,ama~,am,am,अम्,VC,2,1,1.5,V1C,yes,9,28,3,7,3
10.246,10,246,cawa~,caw,caṭ,चट्,CVC,3,1,2.0,CV1C,yes,2,4,2,1,1
10.247,10,247,sPuwa~,sPuw,sphuṭ,स्फुट्,CCVC,4,1,2.5,CCV1C,yes,14,166,5,7,5
10.248,10,248,Gawa~,Gaw,ghaṭ,घट्,CVC,3,1,2.0,CV1C,yes,18,134,6,12,4
10.250,10,250,arja~,arj,arj,अर्ज्,VCC,3,1,2.0,V1CC,no,0,0,0,0,2
10.251,10,251,Guzi~r,Guzir,ghuṣir,घुषिर्,CVCVC,5,2,3.5,CV1CV1C,no,0,0,0,0,2
10.252,10,252,ANaH^,ANaH,āṅaḥ,आङः्,VCVC,4,2,4.0,V2CV1C,no,0,0,0,0,4
10.253,10,253,lasa~,las,las,लस्,CVC,3,1,2.0,CV1C,yes,8,147,3,4,2
10.254,10,254,tasi~,tas,tas,तस्,CVC,3,1,2.0,CV1C,no,0,0,0,0,3
10.255,10,255,BUza~,BUz,bhūṣ,भूष्,CVC,3,1,3.0,CV2C,yes,21,69,6,8,2
10.256,10,256,mokza~,mokz,mokṣ,मोक्ष्,CVCC,4,1,3.5,CV2CC,yes,2,5,2,2,1
10.257,10,257,arha~,arh,arh,अर्ह्,VCC,3,1,2.0,V1CC,yes,11,2382,2,9,3
10.258,10,258,jYA,jYA,jñā,ज्ञा,CCV,3,1,3.0,CCV2,yes,176,9816,34,20,2
10.259,10,259,Baja~,Baj,bhaj,भज्,CVC,3,1,2.0,CV1C,yes,80,2054,15,19,3
10.260,10,260,SfDu~,SfD,śṛdh,शृध्,CVC,3,1,2.0,CV1C,yes,3,23,1,3,3
10.261,10,261,yata~,yat,yat,यत्,CVC,3,1,2.0,CV1C,yes,35,1010,11,11,1
10.262,10,262,raka~,rak,rak,रक्,CVC,3,1,2.0,CV1C,no,0,0,0,0,1
10.263,10,263,laga~,lag,lag,लग्,CVC,3,1,2.0,CV1C,yes,12,291,7,5,2
10.264,10,264,raGa~,raG,ragh,रघ्,CVC,3,1,2.0,CV1C,no,0,0,0,0,3
10.265,10,265,raga~,rag,rag,रग्,CVC,3,1,2.0,CV1C,no,0,0,0,0,2
10.266,10,266,aYcu~,aYc,añc,अञ्च्,VCC,3,1,2.0,V1CC,yes,8,38,3,5,3
10.267,10,267,ligi~,lig,lig,लिग्,CVC,3,1,2.0,CV1C,no,0,0,0,0,2
10.268,10,268,muda~,mud,mud,मुद्,CVC,3,1,2.0,CV1C,yes,27,845,6,10,2
10.269,10,269,trasa~,tras,tras,त्रस्,CCVC,4,1,2.5,CCV1C,yes,30,524,8,10,2
10.270,10,270,u~Drasa~,uDras,udhras,उध्रस्,VCCVC,5,2,3.5,V1CCV1C,no,0,0,0,0,2
10.271,10,271,uGrasa~,uGras,ughras,उघ्रस्,VCCVC,5,2,3.5,V1CCV1C,no,0,0,0,0,1
10.272,10,272,muca~,muc,muc,मुच्,CVC,3,1,2.0,CV1C,yes,135,6170,22,24,2
10.273,10,273,vasa~,vas,vas,वस्,CVC,3,1,2.0,CV1C,yes,128,4122,27,16,5
10.275,10,275,cyu,cyu,cyu,च्यु,CCV,3,1,2.0,CCV1,yes,37,923,11,15,2
10.276,10,276,vyusa~,vyus,vyus,व्युस्,CCVC,4,1,2.5,CCV1C,no,0,0,0,0,2
10.277,10,277,Bu\vo,Buvo,bhuvo,भुवो,CVCV,4,2,4.0,CV1CV2,no,0,0,0,0,1
10.278,10,278,kf\peSca^,kfpeSc,kṛpeśc,कृपेश्च्,CVCVCC,6,2,5.0,CV1CV2CC,no,0,0,0,0,1
10.279,10,279,grasa~,gras,gras,ग्रस्,CCVC,4,1,2.5,CCV1C,yes,19,525,6,14,2
10.280,10,280,puza~,puz,puṣ,पुष्,CVC,3,1,2.0,CV1C,yes,19,452,6,14,4
10.281,10,281,dala~,dal,dal,दल्,CVC,3,1,2.0,CV1C,yes,5,46,3,3,3
10.282,10,282,pawa~,paw,paṭ,पट्,CVC,3,1,2.0,CV1C,no,0,0,0,0,3
10.283,10,283,puwa~,puw,puṭ,पुट्,CVC,3,1,2.0,CV1C,yes,9,448,3,5,5
10.284,10,284,luwa~,luw,luṭ,लुट्,CVC,3,1,2.0,CV1C,no,0,0,0,0,6
10.285,10,285,tuji~,tuj,tuj,तुज्,CVC,3,1,2.0,CV1C,yes,6,36,2,5,5
10.286,10,286,miji~,mij,mij,मिज्,CVC,3,1,2.0,CV1C,no,0,0,0,0,1
10.287,10,287,piji~,pij,pij,पिज्,CVC,3,1,2.0,CV1C,no,0,0,0,0,4
10.288,10,288,liji~,lij,lij,लिज्,CVC,3,1,2.0,CV1C,no,0,0,0,0,1
10.289,10,289,luji~,luj,luj,लुज्,CVC,3,1,2.0,CV1C,yes,2,8,2,1,2
10.290,10,290,Baji~,Baj,bhaj,भज्,CVC,3,1,2.0,CV1C,yes,80,2054,15,19,3
10.291,10,291,laGi~,laG,lagh,लघ्,CVC,3,1,2.0,CV1C,no,0,0,0,0,4
10.292,10,292,trasi~,tras,tras,त्रस्,CCVC,4,1,2.5,CCV1C,yes,30,524,8,10,2
10.293,10,293,pisi~,pis,pis,पिस्,CVC,3,1,2.0,CV1C,no,0,0,0,0,2
10.294,10,294,kusi~,kus,kus,कुस्,CVC,3,1,2.0,CV1C,no,0,0,0,0,2
10.295,10,295,daSi~,daS,daś,दश्,CVC,3,1,2.0,CV1C,no,0,0,0,0,2
10.296,10,296,kuSi~,kuS,kuś,कुश्,CVC,3,1,2.0,CV1C,no,0,0,0,0,1
10.297,10,297,Gawa~,Gaw,ghaṭ,घट्,CVC,3,1,2.0,CV1C,yes,18,134,6,12,4
10.298,10,298,Gawi~,Gaw,ghaṭ,घट्,CVC,3,1,2.0,CV1C,yes,18,134,6,12,4
10.299,10,299,bfhi~,bfh,bṛh,बृह्,CVC,3,1,2.0,CV1C,no,0,0,0,0,3
10.300,10,300,barha~,barh,barh,बर्ह्,CVCC,4,1,2.5,CV1CC,no,0,0,0,0,3
10.301,10,301,balha~,balh,balh,बल्ह्,CVCC,4,1,2.5,CV1CC,no,0,0,0,0,2
10.302,10,302,gupa~,gup,gup,गुप्,CVC,3,1,2.0,CV1C,yes,19,636,9,8,3
10.303,10,303,DUpa~,DUp,dhūp,धूप्,CVC,3,1,3.0,CV2C,no,0,0,0,0,2
10.304,10,304,vica~,vic,vic,विच्,CVC,3,1,2.0,CV1C,yes,21,178,7,10,1
10.305,10,305,cIva~,cIv,cīv,चीव्,CVC,3,1,3.0,CV2C,no,0,0,0,0,1
10.306,10,306,puTa~,puT,puth,पुथ्,CVC,3,1,2.0,CV1C,no,0,0,0,0,3
10.307,10,307,lokf~,lokf,lokṛ,लोकृ,CVCV,4,2,4.0,CV2CV1,no,0,0,0,0,2
10.308,10,308,locf~,locf,locṛ,लोचृ,CVCV,4,2,4.0,CV2CV1,no,0,0,0,0,2
10.309,10,309,Raqa~,Raq,ṇaḍ,णड्,CVC,3,1,2.0,CV1C,no,0,0,0,0,1
10.310,10,310,kupa~,kup,kup,कुप्,CVC,3,1,2.0,CV1C,yes,25,698,7,11,2
10.311,10,311,tarka~,tark,tark,तर्क्,CVCC,4,1,2.5,CV1CC,no,0,0,0,0,1
10.312,10,312,vftu~,vft,vṛt,वृत्,CVC,3,1,2.0,CV1C,yes,293,8572,60,20,3
10.313,10,313,vfDu~,vfD,vṛdh,वृध्,CVC,3,1,2.0,CV1C,yes,59,2321,15,18,2
10.314,10,314,ruwa~,ruw,ruṭ,रुट्,CVC,3,1,2.0,CV1C,no,0,0,0,0,4
10.315,10,315,laji~,laj,laj,लज्,CVC,3,1,2.0,CV1C,no,0,0,0,0,7
10.316,10,316,aji~,aj,aj,अज्,VC,2,1,1.5,V1C,yes,11,61,4,7,2
10.317,10,317,dasi~,das,das,दस्,CVC,3,1,2.0,CV1C,yes,15,76,4,7,4
10.318,10,318,BfSi~,BfS,bhṛś,भृश्,CVC,3,1,2.0,CV1C,no,0,0,0,0,2
10.319,10,319,ruSi~,ruS,ruś,रुश्,CVC,3,1,2.0,CV1C,no,0,0,0,0,2
10.320,10,320,SIka~,SIk,śīk,शीक्,CVC,3,1,3.0,CV2C,no,0,0,0,0,2
10.321,10,321,rusi~,rus,rus,रुस्,CVC,3,1,2.0,CV1C,no,0,0,0,0,1
10.322,10,322,nawa~,naw,naṭ,नट्,CVC,3,1,2.0,CV1C,yes,3,6,1,3,2
10.323,10,323,puwi~,puw,puṭ,पुट्,CVC,3,1,2.0,CV1C,yes,9,448,3,5,5
10.324,10,324,ji,ji,ji,जि,CV,2,1,1.5,CV1,yes,100,5666,16,21,3
10.325,10,325,ci,ci,ci,चि,CV,2,1,1.5,CV1,yes,88,1768,22,17,3
10.326,10,326,raGi~,raG,ragh,रघ्,CVC,3,1,2.0,CV1C,no,0,0,0,0,3
10.327,10,327,laGi~,laG,lagh,लघ्,CVC,3,1,2.0,CV1C,no,0,0,0,0,4
10.328,10,328,ahi~,ah,ah,अह्,VC,2,1,1.5,V1C,yes,5,9590,5,1,3
10.329,10,329,rahi~,rah,rah,रह्,CVC,3,1,2.0,CV1C,yes,4,49,2,2,5
10.330,10,330,mahi~,mah,mah,मह्,CVC,3,1,2.0,CV1C,yes,11,64,3,9,4
10.331,10,331,laqi~,laq,laḍ,लड्,CVC,3,1,2.0,CV1C,yes,1,7,1,1,3
10.332,10,332,taqa~,taq,taḍ,तड्,CVC,3,1,2.0,CV1C,yes,1,1,1,1,3
10.333,10,333,nala~,nal,nal,नल्,CVC,3,1,2.0,CV1C,no,0,0,0,0,1
10.334,10,334,pUrI~,pUrI,pūrī,पूरी,CVCV,4,2,5.0,CV2CV2,no,0,0,0,0,2
10.335,10,335,ruja~,ruj,ruj,रुज्,CVC,3,1,2.0,CV1C,yes,33,208,9,13,1
10.336,10,336,zvada~,zvad,ṣvad,ष्वद्,CCVC,4,1,2.5,CCV1C,no,0,0,0,0,2
10.337,10,337,svAda~,svAd,svād,स्वाद्,CCVC,4,1,3.5,CCV2C,yes,1,1,1,1,2
10.338,10,338,yuja~,yuj,yuj,युज्,CVC,3,1,2.0,CV1C,yes,172,10312,29,20,2
10.339,10,339,pfca~,pfc,pṛc,पृच्,CVC,3,1,2.0,CV1C,yes,32,229,9,12,1
10.340,10,340,arca~,arc,arc,अर्च्,VCC,3,1,2.0,V1CC,yes,29,638,4,14,2
10.341,10,341,zaha~,zah,ṣah,षह्,CVC,3,1,2.0,CV1C,yes,10,120,2,9,3
10.342,10,342,Ira~,Ir,īr,ईर्,VC,2,1,2.5,V2C,yes,13,118,5,7,2
10.343,10,343,lI,lI,lī,ली,CV,2,1,2.5,CV2,yes,59,717,21,8,3
10.344,10,344,vfjI~,vfjI,vṛjī,वृजी,CVCV,4,2,4.0,CV1CV2,no,0,0,0,0,3
10.345,10,345,vfY,vf,vṛ,वृ,CV,2,1,1.5,CV1,yes,121,5094,25,21,3
10.347,10,347,jri,jri,jri,ज्रि,CCV,3,1,2.0,CCV1,yes,1,1,1,1,2
10.348,10,348,rica~,ric,ric,रिच्,CVC,3,1,2.0,CV1C,yes,38,901,11,18,1
10.349,10,349,Siza~,Siz,śiṣ,शिष्,CVC,3,1,2.0,CV1C,yes,47,1286,10,13,2
10.350,10,350,tapa~,tap,tap,तप्,CVC,3,1,2.0,CV1C,yes,96,3111,20,20,3
10.351,10,351,tfpa~,tfp,tṛp,तृप्,CVC,3,1,2.0,CV1C,yes,25,751,7,13,5
10.352,10,352,cfdI~,cfdI,cṛdī,चृदी,CVCV,4,2,4.0,CV1CV2,no,0,0,0,0,1
10.353,10,353,cfpa~,cfp,cṛp,चृप्,CVC,3,1,2.0,CV1C,no,0,0,0,0,2
10.354,10,354,cfpa~,cfp,cṛp,चृप्,CVC,3,1,2.0,CV1C,no,0,0,0,0,2
10.355,10,355,tfpa~,tfp,tṛp,तृप्,CVC,3,1,2.0,CV1C,yes,25,751,7,13,5
10.356,10,356,dfpa~,dfp,dṛp,दृप्,CVC,3,1,2.0,CV1C,yes,5,107,2,4,3
10.357,10,357,dfBI~,dfBI,dṛbhī,दृभी,CVCV,4,2,4.0,CV1CV2,no,0,0,0,0,2
10.358,10,358,dfBa~,dfB,dṛbh,दृभ्,CVC,3,1,2.0,CV1C,yes,4,7,4,1,1
10.359,10,359,cada~,cad,cad,चद्,CVC,3,1,2.0,CV1C,no,0,0,0,0,5
10.360,10,360,SraTa~,SraT,śrath,श्रथ्,CCVC,4,1,2.5,CCV1C,yes,7,20,2,6,5
10.361,10,361,mI,mI,mī,मी,CV,2,1,2.5,CV2,yes,25,222,3,14,3
10.362,10,362,granTa~,granT,granth,ग्रन्थ्,CCVCC,5,1,3.0,CCV1CC,yes,16,178,5,6,3
10.363,10,363,SIka~,SIk,śīk,शीक्,CVC,3,1,3.0,CV2C,no,0,0,0,0,2
10.364,10,364,cIka~,cIk,cīk,चीक्,CVC,3,1,3.0,CV2C,no,0,0,0,0,1
10.365,10,365,arda~,ard,ard,अर्द्,VCC,3,1,2.0,V1CC,no,0,0,0,0,2
10.367,10,367,arha~,arh,arh,अर्ह्,VCC,3,1,2.0,V1CC,yes,11,2382,2,9,3
10.368,10,368,A\NaH,ANaH,āṅaḥ,आङः्,VCVC,4,2,4.0,V2CV1C,no,0,0,0,0,4
10.369,10,369,SunDa~,SunD,śundh,शुन्ध्,CVCC,4,1,2.5,CV1CC,no,0,0,0,0,2
10.370,10,370,cada~,cad,cad,चद्,CVC,3,1,2.0,CV1C,no,0,0,0,0,5
10.371,10,371,juza~,juz,juṣ,जुष्,CVC,3,1,2.0,CV1C,yes,17,1236,6,12,1
10.373,10,373,prIY,prI,prī,प्री,CCV,3,1,3.0,CCV2,yes,28,1847,6,16,3
10.374,10,374,SranTa~,SranT,śranth,श्रन्थ्,CCVCC,5,1,3.0,CCV1CC,no,0,0,0,0,3
10.375,10,375,granTa~,granT,granth,ग्रन्थ्,CCVCC,5,1,3.0,CCV1CC,yes,16,178,5,6,3
10.376,10,376,Apx~,Apx,āpḷ,आपॢ,VCV,3,2,3.5,V2CV1,no,0,0,0,0,2
10.377,10,377,tanu~,tan,tan,तन्,CVC,3,1,2.0,CV1C,yes,78,1677,20,20,2
10.378,10,378,cana~,can,can,चन्,CVC,3,1,2.0,CV1C,yes,1,2,1,1,2
10.379,10,379,vada~^,vad,vad,वद्,CVC,3,1,2.0,CV1C,yes,125,4785,28,18,3
10.380,10,380,vaca~,vac,vac,वच्,CVC,3,1,2.0,CV1C,yes,98,38480,22,19,2
10.381,10,381,mAna~,mAn,mān,मान्,CVC,3,1,3.0,CV2C,no,0,0,0,0,3
10.383,10,383,garha~,garh,garh,गर्ह्,CVCC,4,1,2.5,CV1CC,yes,20,310,4,10,2
10.384,10,384,mArga~,mArg,mārg,मार्ग्,CVCC,4,1,3.5,CV2CC,yes,18,110,4,9,1
10.385,10,385,kaWi~,kaW,kaṭh,कठ्,CVC,3,1,2.0,CV1C,no,0,0,0,0,3
10.386,10,386,mfjU~,mfjU,mṛjū,मृजू,CVCV,4,2,4.0,CV1CV2,no,0,0,0,0,2
10.387,10,387,mfza~^,mfz,mṛṣ,मृष्,CVC,3,1,2.0,CV1C,yes,22,165,6,11,3
10.388,10,388,Dfza~,Dfz,dhṛṣ,धृष्,CVC,3,1,2.0,CV1C,yes,31,260,10,12,1
10.389,10,389,kaTa~,kaT,kath,कथ्,CVC,3,1,2.0,CV1C,yes,6,57,1,6,1
10.390,10,390,vara~,var,var,वर्,CVC,3,1,2.0,CV1C,no,0,0,0,0,1
10.391,10,391,gaRa~,gaR,gaṇ,गण्,CVC,3,1,2.0,CV1C,no,0,0,0,0,1
10.392,10,392,SaWa~,SaW,śaṭh,शठ्,CVC,3,1,2.0,CV1C,no,0,0,0,0,4
10.393,10,393,SvaWa~,SvaW,śvaṭh,श्वठ्,CCVC,4,1,2.5,CCV1C,no,0,0,0,0,3
10.394,10,394,pawa~,paw,paṭ,पट्,CVC,3,1,2.0,CV1C,no,0,0,0,0,3
10.395,10,395,vawa~,vaw,vaṭ,वट्,CVC,3,1,2.0,CV1C,no,0,0,0,0,7
10.396,10,396,raha~,rah,rah,रह्,CVC,3,1,2.0,CV1C,yes,4,49,2,2,5
10.397,10,397,raNga~,raNg,raṅg,रङ्ग्,CVCC,4,1,2.5,CV1CC,no,0,0,0,0,1
10.398,10,398,stana~,stan,stan,स्तन्,CCVC,4,1,2.5,CCV1C,yes,4,20,1,4,1
10.399,10,399,gadI~,gadI,gadī,गदी,CVCV,4,2,4.0,CV1CV2,no,0,0,0,0,1
10.400,10,400,pata~,pat,pat,पत्,CVC,3,1,2.0,CV1C,yes,164,6052,36,18,1
10.401,10,401,paza~,paz,paṣ,पष्,CVC,3,1,2.0,CV1C,no,0,0,0,0,1
10.402,10,402,svara~,svar,svar,स्वर्,CCVC,4,1,2.5,CCV1C,yes,15,56,5,7,1
10.403,10,403,raca~,rac,rac,रच्,CVC,3,1,2.0,CV1C,yes,2,2,2,2,1
10.404,10,404,kala~,kal,kal,कल्,CVC,3,1,2.0,CV1C,yes,3,5,3,3,3
10.405,10,405,caha~,cah,cah,चह्,CVC,3,1,2.0,CV1C,no,0,0,0,0,3
10.406,10,406,maha~,mah,mah,मह्,CVC,3,1,2.0,CV1C,yes,11,64,3,9,4
10.407,10,407,sAra,sAr,sār,सार्,CVC,3,1,3.0,CV2C,no,0,0,0,0,1
10.408,10,408,kfpa~,kfp,kṛp,कृप्,CVC,3,1,2.0,CV1C,yes,6,14,1,6,2
10.409,10,409,SraTa~,SraT,śrath,श्रथ्,CCVC,4,1,2.5,CCV1C,yes,7,20,2,6,5
10.410,10,410,spfha~,spfh,spṛh,स्पृह्,CCVC,4,1,2.5,CCV1C,yes,3,35,2,3,1
10.411,10,411,BAma~,BAm,bhām,भाम्,CVC,3,1,3.0,CV2C,no,0,0,0,0,2
10.412,10,412,sUca~,sUc,sūc,सूच्,CVC,3,1,3.0,CV2C,no,0,0,0,0,1
10.413,10,413,Kewa~,Kew,kheṭ,खेट्,CVC,3,1,3.0,CV2C,no,0,0,0,0,1
10.414,10,414,Keqa~,Keq,kheḍ,खेड्,CVC,3,1,3.0,CV2C,no,0,0,0,0,1
10.415,10,415,Kowa~,Kow,khoṭ,खोट्,CVC,3,1,3.0,CV2C,no,0,0,0,0,1
10.416,10,416,kzowa~,kzow,kṣoṭ,क्षोट्,CCVC,4,1,3.5,CCV2C,no,0,0,0,0,1
10.417,10,417,goma~,gom,gom,गोम्,CVC,3,1,3.0,CV2C,no,0,0,0,0,1
10.418,10,418,kumAra~,kumAr,kumār,कुमार्,CVCVC,5,2,4.5,CV1CV2C,no,0,0,0,0,1
10.419,10,419,SIla~,SIl,śīl,शील्,CVC,3,1,3.0,CV2C,no,0,0,0,0,2
10.420,10,420,sAma~,sAm,sām,साम्,CVC,3,1,3.0,CV2C,no,0,0,0,0,1
10.421,10,421,vela~,vel,vel,वेल्,CVC,3,1,3.0,CV2C,no,0,0,0,0,1
10.422,10,422,kAla~,kAl,kāl,काल्,CVC,3,1,3.0,CV2C,no,0,0,0,0,1
10.423,10,423,palyUla~,palyUl,palyūl,पल्यूल्,CVCCVC,6,2,5.0,CV1CCV2C,no,0,0,0,0,1
10.424,10,424,vAta~,vAt,vāt,वात्,CVC,3,1,3.0,CV2C,no,0,0,0,0,1
10.425,10,425,gaveza~,gavez,gaveṣ,गवेष्,CVCVC,5,2,4.5,CV1CV2C,yes,3,5,2,2,1
10.426,10,426,vAsa~,vAs,vās,वास्,CVC,3,1,3.0,CV2C,yes,1,1,1,1,1
10.427,10,427,nivAsa~,nivAs,nivās,निवास्,CVCVC,5,2,4.5,CV1CV2C,no,0,0,0,0,1
10.428,10,428,BAja~,BAj,bhāj,भाज्,CVC,3,1,3.0,CV2C,no,0,0,0,0,1
10.429,10,429,saBAja~,saBAj,sabhāj,सभाज्,CVCVC,5,2,4.5,CV1CV2C,no,0,0,0,0,1
10.430,10,430,Una~,Un,ūn,ऊन्,VC,2,1,2.5,V2C,no,0,0,0,0,1
10.431,10,431,Dvana~,Dvan,dhvan,ध्वन्,CCVC,4,1,2.5,CCV1C,yes,5,34,2,4,4
10.432,10,432,kUwa~,kUw,kūṭ,कूट्,CVC,3,1,3.0,CV2C,no,0,0,0,0,2
10.433,10,433,saNketa~,saNket,saṅket,सङ्केत्,CVCCVC,6,2,5.0,CV1CCV2C,no,0,0,0,0,1
10.434,10,434,grAma~,grAm,grām,ग्राम्,CCVC,4,1,3.5,CCV2C,no,0,0,0,0,1
10.435,10,435,kuRa~,kuR,kuṇ,कुण्,CVC,3,1,2.0,CV1C,no,0,0,0,0,2
10.436,10,436,guRa~,guR,guṇ,गुण्,CVC,3,1,2.0,CV1C,no,0,0,0,0,1
10.437,10,437,keta~,ket,ket,केत्,CVC,3,1,3.0,CV2C,no,0,0,0,0,1
10.438,10,438,kURa~,kUR,kūṇ,कूण्,CVC,3,1,3.0,CV2C,no,0,0,0,0,2
10.439,10,439,stena~,sten,sten,स्तेन्,CCVC,4,1,3.5,CCV2C,no,0,0,0,0,1
10.440,10,440,pada~\,pad,pad,पद्,CVC,3,1,2.0,CV1C,yes,207,7629,41,19,2
10.441,10,441,gfha~\,gfh,gṛh,गृह्,CVC,3,1,2.0,CV1C,no,0,0,0,0,1
10.442,10,442,mfga~\,mfg,mṛg,मृग्,CVC,3,1,2.0,CV1C,yes,2,2,2,1,1
10.443,10,443,kuha~\,kuh,kuh,कुह्,CVC,3,1,2.0,CV1C,no,0,0,0,0,1
10.444,10,444,SUra~\,SUr,śūr,शूर्,CVC,3,1,3.0,CV2C,no,0,0,0,0,1
10.445,10,445,vIra~\,vIr,vīr,वीर्,CVC,3,1,3.0,CV2C,no,0,0,0,0,1
10.446,10,446,sTUla~\,sTUl,sthūl,स्थूल्,CCVC,4,1,3.5,CCV2C,no,0,0,0,0,1
10.447,10,447,arTa~\,arT,arth,अर्थ्,VCC,3,1,2.0,V1CC,yes,2,3,1,2,1
10.448,10,448,satra~\,satr,satr,सत्र्,CVCC,4,1,2.5,CV1CC,no,0,0,0,0,1
10.449,10,449,garva~\,garv,garv,गर्व्,CVCC,4,1,2.5,CV1CC,yes,1,1,1,1,2
10.450,10,450,sUtra~,sUtr,sūtr,सूत्र्,CVCC,4,1,3.5,CV2CC,no,0,0,0,0,1
10.451,10,451,mUtra~,mUtr,mūtr,मूत्र्,CVCC,4,1,3.5,CV2CC,yes,2,7,1,2,1
10.452,10,452,rUkza~,rUkz,rūkṣ,रूक्ष्,CVCC,4,1,3.5,CV2CC,no,0,0,0,0,1
10.453,10,453,pAra~,pAr,pār,पार्,CVC,3,1,3.0,CV2C,no,0,0,0,0,1
10.454,10,454,tIra~,tIr,tīr,तीर्,CVC,3,1,3.0,CV2C,no,0,0,0,0,1
10.455,10,455,puwa~,puw,puṭ,पुट्,CVC,3,1,2.0,CV1C,yes,9,448,3,5,5
10.456,10,456,katra~,katr,katr,कत्र्,CVCC,4,1,2.5,CV1CC,no,0,0,0,0,1
10.457,10,457,karta~,kart,kart,कर्त्,CVCC,4,1,2.5,CV1CC,no,0,0,0,0,1
10.458,10,458,bazka~,bazk,baṣk,बष्क्,CVCC,4,1,2.5,CV1CC,no,0,0,0,0,1
10.459,10,459,citra~,citr,citr,चित्र्,CVCC,4,1,2.5,CV1CC,no,0,0,0,0,1
10.460,10,460,aMsa~,aMs,aṃs,अं्स्,VCC,3,1,2.0,V1CC,no,0,0,0,0,1
10.461,10,461,vawa~,vaw,vaṭ,वट्,CVC,3,1,2.0,CV1C,no,0,0,0,0,7
10.462,10,462,rawa~,raw,raṭ,रट्,CVC,3,1,2.0,CV1C,yes,7,19,2,5,3
10.463,10,463,laja~,laj,laj,लज्,CVC,3,1,2.0,CV1C,no,0,0,0,0,7
10.464,10,464,vawi~,vaw,vaṭ,वट्,CVC,3,1,2.0,CV1C,no,0,0,0,0,7
10.465,10,465,laji~,laj,laj,लज्,CVC,3,1,2.0,CV1C,no,0,0,0,0,7
10.466,10,466,miSra~,miSr,miśr,मिश्र्,CVCC,4,1,2.5,CV1CC,no,0,0,0,0,1
10.467,10,467,saNgrAma~\,saNgrAm,saṅgrām,सङ्ग्राम्,CVCCCVC,7,2,5.5,CV1CCCV2C,no,0,0,0,0,1
10.468,10,468,stoma~,stom,stom,स्तोम्,CCVC,4,1,3.5,CCV2C,no,0,0,0,0,1
10.469,10,469,cidra~,cidr,cidr,चिद्र्,CVCC,4,1,2.5,CV1CC,no,0,0,0,0,1
10.470,10,470,karRa~,karR,karṇ,कर्ण्,CVCC,4,1,2.5,CV1CC,no,0,0,0,0,1
10.471,10,471,anDa~,anD,andh,अन्ध्,VCC,3,1,2.0,V1CC,no,0,0,0,0,1
10.472,10,472,daRqa~,daRq,daṇḍ,दण्ड्,CVCC,4,1,2.5,CV1CC,no,0,0,0,0,1
10.473,10,473,aNka~,aNk,aṅk,अङ्क्,VCC,3,1,2.0,V1CC,no,0,0,0,0,1
10.474,10,474,aNga~,aNg,aṅg,अङ्ग्,VCC,3,1,2.0,V1CC,yes,1,4,1,1,1
10.475,10,475,suKa~,suK,sukh,सुख्,CVC,3,1,2.0,CV1C,no,0,0,0,0,1
10.476,10,476,duHKa~,duHK,duḥkh,दुः्ख्,CVCC,4,1,2.5,CV1CC,yes,1,2,1,1,1
10.477,10,477,rasa~,ras,ras,रस्,CVC,3,1,2.0,CV1C,yes,10,53,3,8,2
10.478,10,478,vyaya~,vyay,vyay,व्यय्,CCVC,4,1,2.5,CCV1C,no,0,0,0,0,3
10.479,10,479,rUpa~,rUp,rūp,रूप्,CVC,3,1,3.0,CV2C,no,0,0,0,0,1
10.480,10,480,ceda~,ced,ced,चेद्,CVC,3,1,3.0,CV2C,no,0,0,0,0,1
10.481,10,481,cada~,cad,cad,चद्,CVC,3,1,2.0,CV1C,no,0,0,0,0,5
10.482,10,482,lABa~,lAB,lābh,लाभ्,CVC,3,1,3.0,CV2C,no,0,0,0,0,1
10.483,10,483,vraRa~,vraR,vraṇ,व्रण्,CCVC,4,1,2.5,CCV1C,no,0,0,0,0,2
10.484,10,484,varRa~,varR,varṇ,वर्ण्,CVCC,4,1,2.5,CV1CC,no,0,0,0,0,2
10.485,10,485,parRa~,parR,parṇ,पर्ण्,CVCC,4,1,2.5,CV1CC,no,0,0,0,0,1
10.486,10,486,vizka~,vizk,viṣk,विष्क्,CVCC,4,1,2.5,CV1CC,no,0,0,0,0,2
10.487,10,487,kzapa~,kzap,kṣap,क्षप्,CCVC,4,1,2.5,CCV1C,yes,6,17,2,5,2
10.488,10,488,vasa~,vas,vas,वस्,CVC,3,1,2.0,CV1C,yes,128,4122,27,16,5
10.489,10,489,tutTa~,tutT,tutth,तुत्थ्,CVCC,4,1,2.5,CV1CC,no,0,0,0,0,1
